Protein.Group	Protein.Ids	Protein.Names	Genes	First.Protein.Description	D:\HFX\2023_08\HFX252_GLASGOW_PROTEOME_DIA_9.raw	D:\HFX\2023_08\HFX252_GLASGOW_PROTEOME_DIA_10.raw	D:\HFX\2023_08\HFX252_GLASGOW_PROTEOME_DIA_11.raw	D:\HFX\2023_08\HFX252_GLASGOW_PROTEOME_DIA_12.raw
A0A075B6H7;A0A0C4DH55;P01624	P01624;A0A075B6H7;A0A0C4DH55	KV315_HUMAN;KV37_HUMAN;KVD07_HUMAN	IGKV3-15;IGKV3-7;IGKV3D-7	Probable non-functional immunoglobulin kappa variable 3-7	1.09892e+07	1.7384e+07	1.85971e+07	3.69159e+07
A0A075B6H9	A0A075B6H9	LV469_HUMAN	IGLV4-69	Immunoglobulin lambda variable 4-69	484161	1.66731e+06	1.20714e+06	1.23805e+06
A0A075B6I0	A0A075B6I0	LV861_HUMAN	IGLV8-61	Immunoglobulin lambda variable 8-61	1.73786e+06	1.06658e+06	2.83923e+06	4.11918e+06
A0A075B6I1	A0A075B6I1	LV460_HUMAN	IGLV4-60	Immunoglobulin lambda variable 4-60	290960	149037	328771	349184
A0A075B6I4	A0A075B6I4	LVX54_HUMAN	IGLV10-54	Immunoglobulin lambda variable 10-54		63380.1		
A0A075B6J9	A0A075B6J9	LV218_HUMAN	IGLV2-18	Immunoglobulin lambda variable 2-18	301307	206369	334397	592887
A0A075B6K4	A0A075B6K4	LV310_HUMAN	IGLV3-10	Immunoglobulin lambda variable 3-10	2.42933e+06	3.85895e+06	4.3839e+06	6.75328e+06
A0A075B6K5	A0A075B6K5	LV39_HUMAN	IGLV3-9	Immunoglobulin lambda variable 3-9	1.30164e+06	4.76728e+06	2.40394e+06	9.68715e+06
A0A075B6R2	A0A075B6R2	HV404_HUMAN	IGHV4-4	Immunoglobulin heavy variable 4-4	1.3204e+06	6.65543e+06	2.82231e+06	4.59231e+06
A0A075B6R9;A0A0C4DH68	A0A075B6R9;A0A0C4DH68	KV224_HUMAN;KVD24_HUMAN	IGKV2-24;IGKV2D-24	Probable non-functional immunoglobulin kappa variable 2D-24	2.08455e+06	2.92145e+06	2.3487e+06	2.40324e+06
A0A087WSY6	A0A087WSY6	KVD15_HUMAN	IGKV3D-15	Immunoglobulin kappa variable 3D-15	1.21074e+06	3.33191e+06	2.25128e+06	3.81446e+06
A0A0A0MRZ8;P04433	P04433;A0A0A0MRZ8	KV311_HUMAN;KVD11_HUMAN	IGKV3-11;IGKV3D-11	Immunoglobulin kappa variable 3D-11	8.62585e+06	2.01219e+07	1.68456e+07	2.61294e+07
A0A0A0MS14	A0A0A0MS14	HV145_HUMAN	IGHV1-45	Immunoglobulin heavy variable 1-45	140857	412081		
A0A0A0MS15	A0A0A0MS15;A0A0B4J1V6	HV349_HUMAN	IGHV3-49	Immunoglobulin heavy variable 3-49	457838	930213	1.23016e+06	1.45528e+06
A0A0A0MT36	A0A0A0MT36;A0A0C4DH26	KVD21_HUMAN	IGKV6D-21	Immunoglobulin kappa variable 6D-21	419537	695793	694495	1.10806e+06
A0A0B4J1U3	A0A0B4J1U3	LV136_HUMAN	IGLV1-36	Immunoglobulin lambda variable 1-36	187587	218846	264503	401216
A0A0B4J1U7	A0A0B4J1U7	HV601_HUMAN	IGHV6-1	Immunoglobulin heavy variable 6-1	1.09174e+06	6.60686e+06	2.59923e+06	3.58134e+06
A0A0B4J1V0	A0A0B4J1V0	HV315_HUMAN	IGHV3-15	Immunoglobulin heavy variable 3-15	291429	659568	394307	573984
A0A0B4J1V2	A0A0B4J1V2	HV226_HUMAN	IGHV2-26	Immunoglobulin heavy variable 2-26	151144	382248	281396	537725
A0A0B4J1V6	A0A0B4J1V6	HV373_HUMAN	IGHV3-73	Immunoglobulin heavy variable 3-73				264693
A0A0B4J1X5	P01764;P01768;P01772;P01767;A0A0B4J1X5;A0A0C4DH42;P0DP02	HV374_HUMAN	IGHV3-74	Immunoglobulin heavy variable 3-74	7.12051e+06	1.79025e+07	1.18416e+07	2.49502e+07
A0A0B4J1X8	A0A0B4J1X8	HV343_HUMAN	IGHV3-43	Immunoglobulin heavy variable 3-43	154684	357615	388161	569921
A0A0B4J1Y8	A0A075B6H9;A0A075B6K6;A0A0B4J1Y8	LV949_HUMAN	IGLV9-49	Immunoglobulin lambda variable 9-49	1.09888e+06	2.94929e+06	2.16674e+06	2.25195e+06
A0A0B4J1Y9	A0A0B4J1Y9	HV372_HUMAN	IGHV3-72	Immunoglobulin heavy variable 3-72	5.67644e+06	1.92789e+07	1.16627e+07	1.61919e+07
A0A0B4J2D5;P0DPI2	A0A0B4J2D5;P0DPI2	GAL3A_HUMAN;GAL3B_HUMAN	GATD3;GATD3B	Putative glutamine amidotransferase-like class 1 domain-containing protein 3B, mitochondrial	1.83907e+06	2.64161e+06	2.38781e+06	1.9814e+06
A0A0C4DH25	A0A0C4DH25	KVD20_HUMAN	IGKV3D-20	Immunoglobulin kappa variable 3D-20	2.86901e+06	4.50082e+06	4.6119e+06	6.77563e+06
A0A0C4DH29	A0A0C4DH29	HV103_HUMAN	IGHV1-3	Immunoglobulin heavy variable 1-3	700785	690343	343110	466969
A0A0C4DH31	A0A0C4DH31	HV118_HUMAN	IGHV1-18	Immunoglobulin heavy variable 1-18	3.85729e+06	1.28962e+07	8.14954e+06	1.52124e+07
A0A0C4DH32	A0A0C4DH32	HV320_HUMAN	IGHV3-20	Immunoglobulin heavy variable 3-20		181171		
A0A0C4DH34	A0A0C4DH34	HV428_HUMAN	IGHV4-28	Immunoglobulin heavy variable 4-28	1.00012e+06	1.8335e+06	1.95385e+06	2.92668e+06
A0A0C4DH35	A0A0C4DH35	HV335_HUMAN	IGHV3-35	Probable non-functional immunoglobulin heavy variable 3-35	725562	1.78464e+06	1.2786e+06	1.87438e+06
A0A0C4DH36	A0A0C4DH36	HV338_HUMAN	IGHV3-38	Probable non-functional immunoglobulin heavy variable 3-38	651892	1.07239e+06	1.1117e+06	1.63177e+06
A0A0C4DH38	A0A0C4DH38	HV551_HUMAN	IGHV5-51	Immunoglobulin heavy variable 5-51	1.45195e+06	3.17915e+06	1.84705e+06	3.12072e+06
A0A0C4DH41;P01824;P01825;P06331;P0DP06;P0DP08	P01824;P01825;P06331;A0A0C4DH41;P0DP06;P0DP08	HV434_HUMAN;HV439_HUMAN;HV459_HUMAN;HV461_HUMAN;HVD34_HUMAN;HVD82_HUMAN	IGHV4-30-4;IGHV4-34;IGHV4-38-2;IGHV4-39;IGHV4-59;IGHV4-61	Immunoglobulin heavy variable 4-61	3.3828e+06	8.89315e+06	7.18505e+06	1.11751e+07
A0A0C4DH43	P01814;A0A0C4DH43	HV70D_HUMAN	IGHV2-70D	Immunoglobulin heavy variable 2-70D	113627	1.89984e+06	176425	184241
A0A0C4DH67;A0A0C4DH69	A0A075B6S5;A0A0C4DH67;A0A0C4DH69	KV108_HUMAN;KV109_HUMAN	IGKV1-8;IGKV1-9	Immunoglobulin kappa variable 1-8	779976	2.04701e+06	1.79424e+06	2.88843e+06
A0A0J9YX35	A0A0J9YX35	HV64D_HUMAN	IGHV3-64D	Immunoglobulin heavy variable 3-64D	886034	986093	1.50172e+06	2.11692e+06
A0A0J9YXX1	A0A0J9YXX1	HV5X1_HUMAN	IGHV5-10-1	Immunoglobulin heavy variable 5-10-1	465659	1.21249e+06	1.0896e+06	990125
A0A0U1RR37	A0A0U1RR37	CA232_HUMAN	C1orf232	Uncharacterized protein C1orf232	144899	150024	148482	84127.7
A0A1W2PQ73	A0A1W2PQ73	ERFL_HUMAN	ERFL	ETS domain-containing transcription factor ERF-like	1.22375e+06	3.28515e+06	2.70597e+06	4.17326e+06
A0AV96	A0AV96	RBM47_HUMAN	RBM47	RNA-binding protein 47	790131	755665	548687	361829
A0AVT1	A0AVT1	UBA6_HUMAN	UBA6	Ubiquitin-like modifier-activating enzyme 6	1.50853e+06	1.0747e+06	1.47745e+06	758165
A0FGR8	A0FGR8	ESYT2_HUMAN	ESYT2	Extended synaptotagmin-2	815999	730441	978374	744416
A0M8Q6	A0M8Q6	IGLC7_HUMAN	IGLC7	Immunoglobulin lambda constant 7	498001	1.87255e+06	994578	1.91478e+06
A0MZ66	A0MZ66	SHOT1_HUMAN	SHTN1	Shootin-1	276531	263283	177445	94660.8
A1L020	Q5U5Q3;Q6ZN04;Q86XN8;A1L020	MEX3A_HUMAN	MEX3A	RNA-binding protein MEX3A	824884	2.28288e+06	1.38331e+06	1.76898e+06
A1L0T0	A1L0T0	HACL2_HUMAN	ILVBL	2-hydroxyacyl-CoA lyase 2	218093	186935	231668	129848
A1X283	A1X283	SPD2B_HUMAN	SH3PXD2B	SH3 and PX domain-containing protein 2B	1.56753e+06	905206	1.84144e+06	869885
A2NJV5	A0A075B6S2;A2NJV5	KV229_HUMAN	IGKV2-29	Immunoglobulin kappa variable 2-29	2.65917e+06	4.58462e+06	4.93141e+06	7.38083e+06
A5YKK6	A5YKK6	CNOT1_HUMAN	CNOT1	CCR4-NOT transcription complex subunit 1	218524	146553	138135	77291.4
A6NC98	A6NC98	CC88B_HUMAN	CCDC88B	Coiled-coil domain-containing protein 88B	121339	263422	115729	273699
A6NCE7;Q9GZQ8	Q9GZQ8;Q9H492;A6NCE7	MLP3B_HUMAN;MP3B2_HUMAN	MAP1LC3B;MAP1LC3B2	Microtubule-associated proteins 1A/1B light chain 3 beta 2	1.37107e+06	1.53102e+06	916873	1.14215e+06
A6NDG6	A6NDG6	PGP_HUMAN	PGP	Glycerol-3-phosphate phosphatase	4.16726e+06	3.47388e+06	3.85578e+06	2.73824e+06
A6NHR9	A6NHR9	SMHD1_HUMAN	SMCHD1	Structural maintenance of chromosomes flexible hinge domain-containing protein 1	411762	389363	186518	397432
A6NI73	A6NI73	LIRA5_HUMAN	LILRA5	Leukocyte immunoglobulin-like receptor subfamily A member 5				101522
A6NIH7	A6NIH7;Q13432	U119B_HUMAN	UNC119B	Protein unc-119 homolog B	453960		357549	194682
A8K7I4	A8K7I4	CLCA1_HUMAN	CLCA1	Calcium-activated chloride channel regulator 1	532744	605258	950598	728198
A8MPP1;Q92771;Q96FC9	Q96FC9;A8MPP1;Q92771	D11L8_HUMAN;DDX11_HUMAN;DDX12_HUMAN	DDX11;DDX11L8;DDX12P	Putative ATP-dependent RNA helicase DDX11-like protein 8		2.685e+06	810008	602652
A8MVS5	A8MVS5	HIDE1_HUMAN	HIDE1	Protein HIDE1	323123	1.30399e+06	358431	1.58779e+06
A8MVU1	P14598;A6NI72;A8MVU1	NCF1C_HUMAN	NCF1C	Putative neutrophil cytosol factor 1C	5.48537e+06	9.73317e+06	3.84986e+06	1.17541e+07
A8MWD9;P62308	P62308;A8MWD9	RUXGL_HUMAN;RUXG_HUMAN	SNRPG;SNRPGP15	Putative small nuclear ribonucleoprotein G-like protein 15	7.37329e+06	4.77292e+06	4.08202e+06	5.84086e+06
A8MXE2	A8MXE2	B3GT9_HUMAN	B3GALT9	Beta-1,3-galactosyltransferase 9	183047	216207		286585
A8MXV4	A8MXV4	NUD19_HUMAN	NUDT19	Acyl-coenzyme A diphosphatase NUDT19	227360			
B0I1T2	B0I1T2	MYO1G_HUMAN	MYO1G	Unconventional myosin-Ig	120969	118275	376603	164546
B2RN74	B2RN74	O11HC_HUMAN	OR11H12	Olfactory receptor 11H12	1.60725e+06	1.17177e+07	2.3542e+07	9.70311e+06
B3EWG5	B3EWG5	FM25C_HUMAN	FAM25C	Protein FAM25C		290162		
B9A064	A0M8Q6;P0CG04;P0DOY2;P0DOY3;P0CF74;B9A064;P0DOX8	IGLL5_HUMAN	IGLL5	Immunoglobulin lambda-like polypeptide 5	9.77279e+07	2.10636e+08	2.0401e+08	2.96749e+08
C4AMC7;Q6VEQ5	C4AMC7;Q6VEQ5	WASH2_HUMAN;WASH3_HUMAN	WASH2P;WASH3P	Putative WAS protein family homolog 3	597338	421843	440789	160012
C9JLW8	C9JLW8	MCRI1_HUMAN	MCRIP1	Mapk-regulated corepressor-interacting protein 1	335385	83331.8	185861	
E9PAV3;Q13765	Q13765;E9PAV3	NACAM_HUMAN;NACA_HUMAN	NACA	Nascent polypeptide-associated complex subunit alpha, muscle-specific form	3.31768e+06	853833	1.79525e+06	918058
E9PQ53;O95298	O95298;E9PQ53	NDUC2_HUMAN;NDUCR_HUMAN	NDUFC2;NDUFC2-KCTD14	NADH dehydrogenase [ubiquinone] 1 subunit C2, isoform 2	739079	648361	544756	307930
G2XKQ0;P63165	G2XKQ0;P63165	SUMO1_HUMAN;SUMO5_HUMAN	SUMO1;SUMO1P1	Small ubiquitin-related modifier 5	2.77512e+06	2.01598e+06	1.59353e+06	2.32355e+06
G9CGD6;Q8WWN9	Q8WWN9;G9CGD6	CNIPF_HUMAN;ICEF1_HUMAN	CNK3/IPCEF1;IPCEF1	CNK3/IPCEF1 fusion protein	429215			841324
HLA:HLA00001	HLA:HLA00001	A*01:01:01:01	A*01:01:01:01		4.7043e+06	2.87048e+06	5.02646e+06	2.67641e+06
HLA:HLA00115	HLA:HLA00001;HLA:HLA00115;HLA:HLA00146;HLA:HLA04165	A*68:01:01:01	A*68:01:01:01		9.45222e+06	6.27972e+06	8.65494e+06	6.98773e+06
HLA:HLA00146	HLA:HLA00146	B*08:01:01:01	B*08:01:01:01		3.58895e+06	960237	2.81048e+06	2.88395e+06
HLA:HLA00436	HLA:HLA00436	C*07:04:01:01	C*07:04:01:01		1.96961e+06	716124	1.52671e+06	1.02771e+06
HLA:HLA00519	HLA:HLA00519	DPB1*02:02:01:01	DPB1*02:02:01:01		536475	517407	473269	687625
HLA:HLA00520	HLA:HLA00520	DPB1*03:01:01:01	DPB1*03:01:01:01		1.27163e+06	1.08446e+06	1.42074e+06	2.47055e+06
HLA:HLA00622	HLA:HLA00622	DQB1*02:01:01	DQB1*02:01:01		159767		1.0749e+06	698084
HLA:HLA00647	HLA:HLA00622;HLA:HLA00647	DQB1*06:03:01:01	DQB1*06:03:01:01		1.66591e+06	2.18659e+06	2.05172e+06	3.89429e+06
HLA:HLA00671	HLA:HLA00671	DRB1*03:01:01:01	DRB1*03:01:01:01		2.93929e+06	1.76239e+06	2.47685e+06	8.01953e+06
HLA:HLA00798	HLA:HLA00671;HLA:HLA00798	DRB1*13:02:01:01	DRB1*13:02:01:01		8.72177e+06	1.0413e+07	8.82709e+06	2.05183e+07
HLA:HLA00887	HLA:HLA00887	DRB3*01:01:02:01	DRB3*01:01:02:01		3.50816e+06	3.05545e+06	3.55237e+06	8.19424e+06
HLA:HLA02242	P01893;HLA:HLA02242	C*16:07:01	C*16:07:01		637940	712115	417489	375601
HLA:HLA04165	HLA:HLA00146;HLA:HLA04165	B*15:180	B*15:180		9.25061e+06	5.46378e+06	6.59869e+06	6.85445e+06
L0R6Q1	L0R6Q1	S35U4_HUMAN	SLC35A4	SLC35A4 upstream open reading frame protein	291881	587569	156387	248158
L0R8F8	L0R8F8	MIDUO_HUMAN	MIEF1	Mitochondrial ribosome and complex I assembly factor AltMIEF1	223552	90660.2	66481.9	
O00115	O00115	DNS2A_HUMAN	DNASE2	Deoxyribonuclease-2-alpha	164279	213111	133640	169325
O00116	O00116	ADAS_HUMAN	AGPS	Alkyldihydroxyacetonephosphate synthase, peroxisomal	990055	614094	851033	500737
O00139	O00139	KIF2A_HUMAN	KIF2A	Kinesin-like protein KIF2A	624650	267827	662441	364763
O00148	O00148	DX39A_HUMAN	DDX39A	ATP-dependent RNA helicase DDX39A	730178		413172	405996
O00151	O00151	PDLI1_HUMAN	PDLIM1	PDZ and LIM domain protein 1	2.54264e+06	2.23752e+06	2.628e+06	1.85078e+06
O00154	O00154	BACH_HUMAN	ACOT7	Cytosolic acyl coenzyme A thioester hydrolase	4.84533e+06	3.25453e+06	3.73078e+06	2.89467e+06
O00159	O00159	MYO1C_HUMAN	MYO1C	Unconventional myosin-Ic	716610	376502	998378	222061
O00160	O00160	MYO1F_HUMAN	MYO1F	Unconventional myosin-If	501598	648630	335957	651238
O00161	O00161	SNP23_HUMAN	SNAP23	Synaptosomal-associated protein 23	442201	1.16349e+06	640758	649674
O00170	O00170	AIP_HUMAN	AIP	AH receptor-interacting protein	1.31674e+06	712137	1.13807e+06	717096
O00178	O00178	GTPB1_HUMAN	GTPBP1	GTP-binding protein 1	826523	287756	664255	123023
O00182	O00182	LEG9_HUMAN	LGALS9	Galectin-9	714413	357137	553782	267819
O00186	O00186	STXB3_HUMAN	STXBP3	Syntaxin-binding protein 3	457874	226802	624879	273143
O00187	O00187	MASP2_HUMAN	MASP2	Mannan-binding lectin serine protease 2	127574	338301	249556	673259
O00193	O00193	SMAP_HUMAN	SMAP	Small acidic protein	1.18081e+06		1.42152e+06	682885
O00194	O00194	RB27B_HUMAN	RAB27B	Ras-related protein Rab-27B	336680	612954	1.33581e+06	580463
O00203	O00203	AP3B1_HUMAN	AP3B1	AP-3 complex subunit beta-1	920594	761215	997262	807329
O00204	O00204	ST2B1_HUMAN	SULT2B1	Sulfotransferase 2B1	233388		227990	
O00214	O00214	LEG8_HUMAN	LGALS8	Galectin-8	214002	158656	230656	192241
O00231	O00231	PSD11_HUMAN	PSMD11	26S proteasome non-ATPase regulatory subunit 11	8.72654e+06	5.70034e+06	6.64603e+06	2.32916e+06
O00232	O00232	PSD12_HUMAN	PSMD12	26S proteasome non-ATPase regulatory subunit 12	1.81525e+06	1.26016e+06	1.63356e+06	487431
O00233	O00233	PSMD9_HUMAN	PSMD9	26S proteasome non-ATPase regulatory subunit 9	1.8344e+06	1.95218e+06	2.23869e+06	1.57605e+06
O00241	O00241	SIRB1_HUMAN	SIRPB1	Signal-regulatory protein beta-1	53482.2	104276		240459
O00244	O00244	ATOX1_HUMAN	ATOX1	Copper transport protein ATOX1	1.42904e+06	1.1568e+06	1.05646e+06	973241
O00264	O00264	PGRC1_HUMAN	PGRMC1	Membrane-associated progesterone receptor component 1	3.30528e+06	3.52683e+06	2.15841e+06	2.58855e+06
O00267	O00267	SPT5H_HUMAN	SUPT5H	Transcription elongation factor SPT5	866577	589939	677240	675952
O00291	O00291	HIP1_HUMAN	HIP1	Huntingtin-interacting protein 1	363184	404958	346873	243994
O00299	O00299	CLIC1_HUMAN	CLIC1	Chloride intracellular channel protein 1	4.27261e+07	2.47529e+07	1.95437e+07	1.37972e+07
O00303	O00303	EIF3F_HUMAN	EIF3F	Eukaryotic translation initiation factor 3 subunit F	629581	478906	714663	197062
O00330	O00330	ODPX_HUMAN	PDHX	Pyruvate dehydrogenase protein X component, mitochondrial	561201	328992	366624	
O00391	O00391	QSOX1_HUMAN	QSOX1	Sulfhydryl oxidase 1	938785	1.14723e+06	824478	1.38902e+06
O00399	O00399	DCTN6_HUMAN	DCTN6	Dynactin subunit 6	445779	435383	347758	
O00401	O00401	WASL_HUMAN	WASL	Actin nucleation-promoting factor WASL	154104		148080	
O00410	O00410	IPO5_HUMAN	IPO5	Importin-5	568324	491711	304363	198088
O00422	O00422	SAP18_HUMAN	SAP18	Histone deacetylase complex subunit SAP18	604889	378219	256141	462218
O00423	O00423	EMAL1_HUMAN	EML1	Echinoderm microtubule-associated protein-like 1	311728	171603	364886	184706
O00429	O00429	DNM1L_HUMAN	DNM1L	Dynamin-1-like protein	129558	179022	202768	217249
O00442	O00442	RTCA_HUMAN	RTCA	RNA 3'-terminal phosphate cyclase	734050	482548	964304	618726
O00461	O00461	GOLI4_HUMAN	GOLIM4	Golgi integral membrane protein 4	669729	524952	640519	548865
O00462	O00462	MANBA_HUMAN	MANBA	Beta-mannosidase	940836	1.19481e+06	1.20945e+06	1.30746e+06
O00468	O00468	AGRIN_HUMAN	AGRN	Agrin	6.94976e+06	3.53578e+06	5.33131e+06	2.87199e+06
O00469	O00469	PLOD2_HUMAN	PLOD2	Procollagen-lysine,2-oxoglutarate 5-dioxygenase 2	3.83601e+06	2.00518e+06	2.1473e+06	3.18675e+06
O00478	O00478;O00481;P78410	BT3A3_HUMAN	BTN3A3	Butyrophilin subfamily 3 member A3	400080	305480	693726	196910
O00479	O00479	HMGN4_HUMAN	HMGN4	High mobility group nucleosome-binding domain-containing protein 4	619347	347531	1.27512e+06	348162
O00487	O00487	PSDE_HUMAN	PSMD14	26S proteasome non-ATPase regulatory subunit 14	807946	932917	787918	520300
O00499	O00499	BIN1_HUMAN	BIN1	Myc box-dependent-interacting protein 1	609705	379681	314128	
O00501	O00501	CLD5_HUMAN	CLDN5	Claudin-5	169767		91254.3	
O00505	O00505	IMA4_HUMAN	KPNA3	Importin subunit alpha-4	343403	195719	228991	
O00515	O00515	LAD1_HUMAN	LAD1	Ladinin-1	1.10147e+06	551203	412148	64845.1
O00534	O00534	VMA5A_HUMAN	VWA5A	von Willebrand factor A domain-containing protein 5A	1.02022e+06	640207	1.47735e+06	447508
O00560	O00560	SDCB1_HUMAN	SDCBP	Syntenin-1	1.44686e+06	2.08597e+06	815572	2.94361e+06
O00567	O00567	NOP56_HUMAN	NOP56	Nucleolar protein 56	372334	369180	368906	343846
O00571	O00571;O15523	DDX3X_HUMAN	DDX3X	ATP-dependent RNA helicase DDX3X	3.16469e+06	1.12226e+06	2.48263e+06	747211
O00584	O00584	RNT2_HUMAN	RNASET2	Ribonuclease T2	2.48175e+06	1.59126e+06	1.8216e+06	3.34982e+06
O00592	O00592	PODXL_HUMAN	PODXL	Podocalyxin	707410	213753	765654	181811
O00602	O00602	FCN1_HUMAN	FCN1	Ficolin-1	772510	477483	619553	1.8007e+06
O00622	O00622	CCN1_HUMAN	CCN1	CCN family member 1	61790.1	241818	156453	201374
O00625	O00625	PIR_HUMAN	PIR	Pirin	292438	293718	287131	268076
O00629	O00505;O00629	IMA3_HUMAN	KPNA4	Importin subunit alpha-3	670572	461655	537682	244423
O00743	O00743	PPP6_HUMAN	PPP6C	Serine/threonine-protein phosphatase 6 catalytic subunit	603116	577550	474545	550679
O00748	O00748	EST2_HUMAN	CES2	Cocaine esterase	516032	1.23209e+06	322876	96355.6
O00754	O00754	MA2B1_HUMAN	MAN2B1	Lysosomal alpha-mannosidase	1.48038e+06	1.45083e+06	1.65181e+06	2.9843e+06
O00757	O00757	F16P2_HUMAN	FBP2	Fructose-1,6-bisphosphatase isozyme 2	1.64939e+06	1.97046e+06	1.23637e+06	1.92987e+06
O00764	O00764	PDXK_HUMAN	PDXK	Pyridoxal kinase	2.25203e+06	1.75425e+06	2.24708e+06	2.76962e+06
O14493	O14493	CLD4_HUMAN	CLDN4	Claudin-4	37388.5			
O14494	O14494	PLPP1_HUMAN	PLPP1	Phospholipid phosphatase 1	454578	294566	737144	227517
O14495	O14495	PLPP3_HUMAN	PLPP3	Phospholipid phosphatase 3	84328.5		168920	33990.3
O14498	O14498	ISLR_HUMAN	ISLR	Immunoglobulin superfamily containing leucine-rich repeat protein	2.80338e+06	1.81586e+06	5.10498e+06	2.93034e+06
O14521	O14521	DHSD_HUMAN	SDHD	Succinate dehydrogenase [ubiquinone] cytochrome b small subunit, mitochondrial	86414.4	703493	324828	
O14530	O14530	TXND9_HUMAN	TXNDC9	Thioredoxin domain-containing protein 9	225909	78159.1	123376	22774.6
O14548	O14548	COX7R_HUMAN	COX7A2L	Cytochrome c oxidase subunit 7A-related protein, mitochondrial	383879	273905	255092	
O14562	O14562	UBFD1_HUMAN	UBFD1	Ubiquitin domain-containing protein UBFD1	934291	585806	1.10662e+06	434201
O14579	O14579	COPE_HUMAN	COPE	Coatomer subunit epsilon	1.56293e+06	1.61513e+06	1.53399e+06	411472
O14617	O14617	AP3D1_HUMAN	AP3D1	AP-3 complex subunit delta-1	736950	742017	652743	391838
O14618	O14618	CCS_HUMAN	CCS	Copper chaperone for superoxide dismutase	694141	837516	1.39151e+06	892852
O14639	O14639	ABLM1_HUMAN	ABLIM1	Actin-binding LIM protein 1	122807		76895	
O14653	O14653	GOSR2_HUMAN	GOSR2	Golgi SNAP receptor complex member 2	674805	623240	549243	483791
O14656	O14656	TOR1A_HUMAN	TOR1A	Torsin-1A	379381	257291	448472	451497
O14657	O14657	TOR1B_HUMAN	TOR1B	Torsin-1B	478357	194066	508873	403035
O14662	O14662	STX16_HUMAN	STX16	Syntaxin-16	172875	319187	154529	251633
O14672	O14672	ADA10_HUMAN	ADAM10	Disintegrin and metalloproteinase domain-containing protein 10	1.82424e+06	1.60379e+06	1.68744e+06	1.96305e+06
O14684	O14684	PTGES_HUMAN	PTGES	Prostaglandin E synthase	832034	596762	1.04661e+06	956281
O14686	O14686	KMT2D_HUMAN	KMT2D	Histone-lysine N-methyltransferase 2D		405133		
O14732	O14732	IMPA2_HUMAN	IMPA2	Inositol monophosphatase 2	322782	487766	265142	288099
O14734	O14734	ACOT8_HUMAN	ACOT8	Acyl-coenzyme A thioesterase 8	528797	805111	955465	298404
O14735	O14735	CDIPT_HUMAN	CDIPT	CDP-diacylglycerol--inositol 3-phosphatidyltransferase	538327	1.23264e+06	645173	813893
O14737	O14737	PDCD5_HUMAN	PDCD5	Programmed cell death protein 5	501447	1.22626e+06	790973	548401
O14744	O14744	ANM5_HUMAN	PRMT5	Protein arginine N-methyltransferase 5	2.22876e+06	1.33694e+06	1.91752e+06	1.07922e+06
O14745	O14745	NHRF1_HUMAN	NHERF1	Na(+)/H(+) exchange regulatory cofactor NHE-RF1	3.16039e+06	3.62771e+06	2.32518e+06	3.55613e+06
O14772	O14772	FPGT_HUMAN	FPGT	Fucose-1-phosphate guanylyltransferase	159904	138499		124915
O14773	O14773	TPP1_HUMAN	TPP1	Tripeptidyl-peptidase 1	3.65314e+06	3.40062e+06	4.65309e+06	4.22646e+06
O14776	O14776	TCRG1_HUMAN	TCERG1	Transcription elongation regulator 1	1.3452e+06	508743	818212	590287
O14786	O14786	NRP1_HUMAN	NRP1	Neuropilin-1	631924	404989	560337	235803
O14787	O14787	TNPO2_HUMAN	TNPO2	Transportin-2	258111	147229	220620	
O14791	O14791	APOL1_HUMAN	APOL1	Apolipoprotein L1	1.24364e+06	2.87416e+06	2.31613e+06	2.6725e+06
O14798	O14798	TR10C_HUMAN	TNFRSF10C	Tumor necrosis factor receptor superfamily member 10C	137871	672412	137217	844449
O14817	O14817	TSN4_HUMAN	TSPAN4	Tetraspanin-4	154042	157013	133305	64233.7
O14818	O14818	PSA7_HUMAN	PSMA7	Proteasome subunit alpha type-7	8.22937e+06	5.87045e+06	8.36724e+06	6.96998e+06
O14828	O14828	SCAM3_HUMAN	SCAMP3	Secretory carrier-associated membrane protein 3	595639	457852	562003	202884
O14841	O14841	OPLA_HUMAN	OPLAH	5-oxoprolinase	631724	157613	540582	
O14879	O14879	IFIT3_HUMAN	IFIT3	Interferon-induced protein with tetratricopeptide repeats 3	64024.4			
O14880	O14880	MGST3_HUMAN	MGST3	Glutathione S-transferase 3, mitochondrial	2.58537e+06	3.95246e+06	2.07083e+06	892231
O14907	O14907	TX1B3_HUMAN	TAX1BP3	Tax1-binding protein 3	2.26257e+06	947074	2.60636e+06	863410
O14908	O14908;Q8TF64	GIPC1_HUMAN	GIPC1	PDZ domain-containing protein GIPC1	429039		391848	
O14929	O14929	HAT1_HUMAN	HAT1	Histone acetyltransferase type B catalytic subunit	906766	824460	819158	
O14933	O14933	UB2L6_HUMAN	UBE2L6	Ubiquitin/ISG15-conjugating enzyme E2 L6	600263	448929	376661	324967
O14936	O14936	CSKP_HUMAN	CASK	Peripheral plasma membrane protein CASK	1.35116e+06	1.72673e+06	2.14784e+06	1.13968e+06
O14949	O14949	QCR8_HUMAN	UQCRQ	Cytochrome b-c1 complex subunit 8	1.68451e+06	2.92238e+06	1.36742e+06	1.13099e+06
O14950;P19105	O14950;P19105	ML12A_HUMAN;ML12B_HUMAN	MYL12A;MYL12B	Myosin regulatory light chain 12B	4.43071e+06	7.6475e+06	3.30838e+06	3.76214e+06
O14957	O14957	QCR10_HUMAN	UQCR11	Cytochrome b-c1 complex subunit 10	368081	933330	326967	299063
O14964	O14964	HGS_HUMAN	HGS	Hepatocyte growth factor-regulated tyrosine kinase substrate	1.44945e+06	998584	1.19555e+06	687255
O14966	O14966	RAB7L_HUMAN	RAB29	Ras-related protein Rab-7L1	84616.7		74530.6	
O14972	O14972	VP26C_HUMAN	VPS26C	Vacuolar protein sorting-associated protein 26C	163432	124760	179399	99768.2
O14974	O14974	MYPT1_HUMAN	PPP1R12A	Protein phosphatase 1 regulatory subunit 12A	1.64775e+06	1.25468e+06	1.59842e+06	1.32298e+06
O14976	O14976	GAK_HUMAN	GAK	Cyclin-G-associated kinase	72475.2	53300.9		44409.6
O14979	O14979	HNRDL_HUMAN	HNRNPDL	Heterogeneous nuclear ribonucleoprotein D-like	4.61891e+06	2.48834e+06	5.51103e+06	2.39422e+06
O14980	O14980	XPO1_HUMAN	XPO1	Exportin-1	1.25228e+06	1.18426e+06	1.15705e+06	560018
O15031	O15031	PLXB2_HUMAN	PLXNB2	Plexin-B2	698028	533807	1.03554e+06	481500
O15040	O15040	TCPR2_HUMAN	TECPR2	Tectonin beta-propeller repeat-containing protein 2	132245	196405		152020
O15042	O15042	SR140_HUMAN	U2SURP	U2 snRNP-associated SURP motif-containing protein	1.62294e+06	1.0908e+06	790184	1.03965e+06
O15066	O15066	KIF3B_HUMAN	KIF3B	Kinesin-like protein KIF3B	304383	388668		
O15067	O15067	PUR4_HUMAN	PFAS	Phosphoribosylformylglycinamidine synthase	1.6122e+06	884802	1.59982e+06	965386
O15075	O15075	DCLK1_HUMAN	DCLK1	Serine/threonine-protein kinase DCLK1	53449.8		62472.1	
O15084	O15084	ANR28_HUMAN	ANKRD28	Serine/threonine-protein phosphatase 6 regulatory ankyrin repeat subunit A	92998.5	387623	391643	
O15091	O15091	MRPP3_HUMAN	PRORP	Mitochondrial ribonuclease P catalytic subunit	61652.4			
O15111	O15111	IKKA_HUMAN	CHUK	Inhibitor of nuclear factor kappa-B kinase subunit alpha	59392.6	36513		570094
O15116	O15116	LSM1_HUMAN	LSM1	U6 snRNA-associated Sm-like protein LSm1	731872	619875	262833	422419
O15117	O15117	FYB1_HUMAN	FYB1	FYN-binding protein 1	1.09447e+06	1.31459e+06	1.27397e+06	1.47249e+06
O15118	O15118	NPC1_HUMAN	NPC1	NPC intracellular cholesterol transporter 1	774325	1.08111e+06	482162	1.27605e+06
O15126	O15126	SCAM1_HUMAN	SCAMP1	Secretory carrier-associated membrane protein 1	443192	365762	386007	239752
O15127	O15127	SCAM2_HUMAN	SCAMP2	Secretory carrier-associated membrane protein 2	1.69715e+06	2.04898e+06	1.49086e+06	1.20553e+06
O15143	O15143	ARC1B_HUMAN	ARPC1B	Actin-related protein 2/3 complex subunit 1B	7.09862e+06	1.01059e+07	7.3749e+06	6.86818e+06
O15144	O15144	ARPC2_HUMAN	ARPC2	Actin-related protein 2/3 complex subunit 2	8.21962e+06	8.86756e+06	7.43357e+06	4.55298e+06
O15145	O15145	ARPC3_HUMAN	ARPC3	Actin-related protein 2/3 complex subunit 3	1.4357e+07	1.93102e+07	1.44282e+07	9.81816e+06
O15155	O15155	BET1_HUMAN	BET1	BET1 homolog	555562	574215	986617	412030
O15160	O15160	RPAC1_HUMAN	POLR1C	DNA-directed RNA polymerases I and III subunit RPAC1	322739	141413	229260	120911
O15162	O15162	PLS1_HUMAN	PLSCR1	Phospholipid scramblase 1	1.00369e+06	2.04099e+06	951633	1.93713e+06
O15173	O15173	PGRC2_HUMAN	PGRMC2	Membrane-associated progesterone receptor component 2	3.52822e+06	2.88604e+06	4.23761e+06	4.62907e+06
O15204	O15204	ADEC1_HUMAN	ADAMDEC1	ADAM DEC1	55465.4		123778	
O15212	O15212	PFD6_HUMAN	PFDN6	Prefoldin subunit 6	2.5054e+06	2.31172e+06	1.22031e+06	2.11823e+06
O15230	O15230	LAMA5_HUMAN	LAMA5	Laminin subunit alpha-5	2.83571e+06	671424	2.18551e+06	1.03549e+06
O15243	O15243	OBRG_HUMAN	LEPROT	Leptin receptor gene-related protein	60553.9	113612	82296.6	41210.8
O15247	O15247	CLIC2_HUMAN	CLIC2	Chloride intracellular channel protein 2	121218	30298.4	237288	
O15258	O15258	RER1_HUMAN	RER1	Protein RER1	1.17943e+06	1.19008e+06	1.00029e+06	833725
O15260	O15260	SURF4_HUMAN	SURF4	Surfeit locus protein 4	969612	1.28861e+06	984372	629161
O15264	O15264	MK13_HUMAN	MAPK13	Mitogen-activated protein kinase 13	83963.2	67644.3		
O15269	O15269	SPTC1_HUMAN	SPTLC1	Serine palmitoyltransferase 1	130132		92561.3	
O15294	O15294	OGT1_HUMAN	OGT	UDP-N-acetylglucosamine--peptide N-acetylglucosaminyltransferase 110 kDa subunit	84850.3		34603.1	
O15297	O15297	PPM1D_HUMAN	PPM1D	Protein phosphatase 1D	166122	280173	201836	
O15305	O15305	PMM2_HUMAN	PMM2	Phosphomannomutase 2	2.13061e+06	671409	1.65726e+06	909453
O15347	O15347	HMGB3_HUMAN	HMGB3	High mobility group protein B3	2.62787e+06	1.54583e+06	1.35289e+06	1.74243e+06
O15355	O15355	PPM1G_HUMAN	PPM1G	Protein phosphatase 1G	1.27421e+06	730733	1.22135e+06	803375
O15357	O15357	SHIP2_HUMAN	INPPL1	Phosphatidylinositol 3,4,5-trisphosphate 5-phosphatase 2	180424	138947	175691	70312.7
O15371	O15371	EIF3D_HUMAN	EIF3D	Eukaryotic translation initiation factor 3 subunit D	1.84839e+06	620503	1.35656e+06	430305
O15372	O15372	EIF3H_HUMAN	EIF3H	Eukaryotic translation initiation factor 3 subunit H	1.50812e+06	951252	1.30706e+06	681370
O15379	O15379	HDAC3_HUMAN	HDAC3	Histone deacetylase 3	110836			
O15382	O15382	BCAT2_HUMAN	BCAT2	Branched-chain-amino-acid aminotransferase, mitochondrial	298821	303729	347661	196938
O15389	O15389;Q08ET2	SIGL5_HUMAN	SIGLEC5	Sialic acid-binding Ig-like lectin 5	335153	1.22335e+06	323802	1.5842e+06
O15397	O15397	IPO8_HUMAN	IPO8	Importin-8	622361	751430	525771	
O15400	O15400	STX7_HUMAN	STX7	Syntaxin-7	3.20843e+06	5.86399e+06	3.34319e+06	6.21888e+06
O15427	O15427	MOT4_HUMAN	SLC16A3	Monocarboxylate transporter 4	1.00107e+06	1.62996e+06	917894	1.25302e+06
O15439	O15439	MRP4_HUMAN	ABCC4	ATP-binding cassette sub-family C member 4	384742	122636	694120	
O15446	O15446	RPA34_HUMAN	POLR1G	DNA-directed RNA polymerase I subunit RPA34	532425	328155	240056	
O15460	O15460	P4HA2_HUMAN	P4HA2	Prolyl 4-hydroxylase subunit alpha-2	1.04404e+06	1.16469e+06	1.07998e+06	1.12279e+06
O15498	O15498	YKT6_HUMAN	YKT6	Synaptobrevin homolog YKT6	1.8662e+06	1.70394e+06	1.57274e+06	1.38905e+06
O15511	O15511	ARPC5_HUMAN	ARPC5	Actin-related protein 2/3 complex subunit 5	1.30299e+07	2.06689e+07	1.08053e+07	1.29085e+07
O15523	O15523	DDX3Y_HUMAN	DDX3Y	ATP-dependent RNA helicase DDX3Y	765263		621021	336228
O15530	O15530	PDPK1_HUMAN	PDPK1	3-phosphoinositide-dependent protein kinase 1	44387.6			
O15533	O15533	TPSN_HUMAN	TAPBP	Tapasin	2.20747e+06	1.83047e+06	2.19988e+06	932389
O15551	O14493;O15551;O95484;P56747	CLD3_HUMAN	CLDN3	Claudin-3	2.34687e+06	1.658e+06	810018	
O43143	O43143;O60231;Q14562	DHX15_HUMAN	DHX15	ATP-dependent RNA helicase DHX15	2.72144e+06	1.08989e+06	1.52623e+06	1.23879e+06
O43148	O43148	MCES_HUMAN	RNMT	mRNA cap guanine-N7 methyltransferase	615922	298385	678472	372579
O43169	O43169	CYB5B_HUMAN	CYB5B	Cytochrome b5 type B	2.24041e+06	1.98901e+06	1.49989e+06	810092
O43172	O43172	PRP4_HUMAN	PRPF4	U4/U6 small nuclear ribonucleoprotein Prp4	3.23905e+06	1.77854e+06	2.13337e+06	2.25908e+06
O43175	O43175	SERA_HUMAN	PHGDH	D-3-phosphoglycerate dehydrogenase	588866	346374	523854	339720
O43181	O43181	NDUS4_HUMAN	NDUFS4	NADH dehydrogenase [ubiquinone] iron-sulfur protein 4, mitochondrial	708121	792120	794655	366923
O43236	O43236	SEPT4_HUMAN	SEPTIN4	Septin-4	67565.5		47116	
O43237	O43237	DC1L2_HUMAN	DYNC1LI2	Cytoplasmic dynein 1 light intermediate chain 2	1.46984e+06	607259	1.09087e+06	669820
O43242	O43242	PSMD3_HUMAN	PSMD3	26S proteasome non-ATPase regulatory subunit 3	1.26328e+06	1.13257e+06	1.25797e+06	742012
O43251;Q9NWB1	O43251;Q9NWB1;A6NFN3	RFOX1_HUMAN;RFOX2_HUMAN	RBFOX1;RBFOX2	RNA binding protein fox-1 homolog 2	752879	331119	854027	467322
O43252	O43252	PAPS1_HUMAN	PAPSS1	Bifunctional 3'-phosphoadenosine 5'-phosphosulfate synthase 1	953409	705083	924378	531297
O43278	O43278	SPIT1_HUMAN	SPINT1	Kunitz-type protease inhibitor 1	359828	241490	202849	61444
O43290	O43290	SNUT1_HUMAN	SART1	U4/U6.U5 tri-snRNP-associated protein 1	89333.2	55192.1	75670.1	26754.9
O43291	O43291	SPIT2_HUMAN	SPINT2	Kunitz-type protease inhibitor 2	151921	163809	116139	
O43293	O43293	DAPK3_HUMAN	DAPK3	Death-associated protein kinase 3	273099	227971	230527	167814
O43294	O43294	TGFI1_HUMAN	TGFB1I1	Transforming growth factor beta-1-induced transcript 1 protein	1.71351e+06	725426	1.54566e+06	289753
O43301	O43301	HS12A_HUMAN	HSPA12A	Heat shock 70 kDa protein 12A	379447	549372	431039	555653
O43314	O43314	VIP2_HUMAN	PPIP5K2	Inositol hexakisphosphate and diphosphoinositol-pentakisphosphate kinase 2	312308		353448	284481
O43324	O43324	MCA3_HUMAN	EEF1E1	Eukaryotic translation elongation factor 1 epsilon-1	390607	666353	511835	410469
O43390	O43390	HNRPR_HUMAN	HNRNPR	Heterogeneous nuclear ribonucleoprotein R	8.87003e+06	3.49869e+06	6.81573e+06	3.30269e+06
O43395	O43395	PRPF3_HUMAN	PRPF3	U4/U6 small nuclear ribonucleoprotein Prp3	332053	339422	325326	282868
O43396	O43396	TXNL1_HUMAN	TXNL1	Thioredoxin-like protein 1	4.9462e+06	3.50575e+06	5.47115e+06	3.75839e+06
O43399	O43399	TPD54_HUMAN	TPD52L2	Tumor protein D54	1.0596e+06	1.02661e+06	1.617e+06	808140
O43402	O43402	EMC8_HUMAN	EMC8	ER membrane protein complex subunit 8	38324.2			
O43414	O43414	ERI3_HUMAN	ERI3	ERI1 exoribonuclease 3	6.08846e+06	5.29652e+06	7.94706e+06	4.1762e+06
O43426	O43426	SYNJ1_HUMAN	SYNJ1	Synaptojanin-1	64381.7	529181	33557.3	
O43432	O43432	IF4G3_HUMAN	EIF4G3	Eukaryotic translation initiation factor 4 gamma 3	140538	76222.9	193327	115865
O43447	O43447	PPIH_HUMAN	PPIH	Peptidyl-prolyl cis-trans isomerase H	1.30801e+06	981426	1.03843e+06	842393
O43451	O43451	MGA_HUMAN	MGAM	Maltase-glucoamylase	1.18629e+06	6.6942e+06	825184	6.3005e+06
O43464	O43464;P83110	HTRA2_HUMAN	HTRA2	Serine protease HTRA2, mitochondrial	369992	421660	438024	258112
O43488	O43488	ARK72_HUMAN	AKR7A2	Aflatoxin B1 aldehyde reductase member 2	3.35861e+06	2.42486e+06	4.3639e+06	2.78573e+06
O43491	O43491	E41L2_HUMAN	EPB41L2	Band 4.1-like protein 2	3.50101e+06	1.64211e+06	4.33832e+06	828754
O43493	O43493	TGON2_HUMAN	TGOLN2	Trans-Golgi network integral membrane protein 2	1.2227e+06	927860	1.42157e+06	729791
O43516	O43516	WIPF1_HUMAN	WIPF1	WAS/WASL-interacting protein family member 1	1.85212e+06	1.28719e+06	1.43234e+06	1.40345e+06
O43520	O43520	AT8B1_HUMAN	ATP8B1	Phospholipid-transporting ATPase IC	85362.7	88765.9	44532.9	
O43556	O43556	SGCE_HUMAN	SGCE	Epsilon-sarcoglycan	295163	131975	714043	174912
O43567	O43567	RNF13_HUMAN	RNF13	E3 ubiquitin-protein ligase RNF13	265283	398261	136239	588189
O43570	O43570	CAH12_HUMAN	CA12	Carbonic anhydrase 12	666102	890291	361024	850376
O43583	O43583	DENR_HUMAN	DENR	Density-regulated protein	530415	205917	714887	206333
O43586	O43586	PPIP1_HUMAN	PSTPIP1	Proline-serine-threonine phosphatase-interacting protein 1	210058	333089	162663	228468
O43592	O43592	XPOT_HUMAN	XPOT	Exportin-T	404629	305732	380630	200008
O43598	O43598	DNPH1_HUMAN	DNPH1	2'-deoxynucleoside 5'-phosphate N-hydrolase 1	897027	615995	638435	
O43615	O43615	TIM44_HUMAN	TIMM44	Mitochondrial import inner membrane translocase subunit TIM44	233311	136233	272847	190186
O43617	O43617	TPPC3_HUMAN	TRAPPC3	Trafficking protein particle complex subunit 3	612242	767941	370149	328694
O43633	O43633	CHM2A_HUMAN	CHMP2A	Charged multivesicular body protein 2a	1.26334e+06	937700	1.67501e+06	801610
O43639	O43639	NCK2_HUMAN	NCK2	Cytoplasmic protein NCK2	1.1064e+06	585324	800002	814834
O43657	O43657	TSN6_HUMAN	TSPAN6	Tetraspanin-6	226990	212076	178133	
O43660	O43660	PLRG1_HUMAN	PLRG1	Pleiotropic regulator 1	767301	606687	687901	693974
O43665	O43665	RGS10_HUMAN	RGS10	Regulator of G-protein signaling 10	1.7393e+06	1.48207e+06	2.3005e+06	1.62763e+06
O43670	O43670	ZN207_HUMAN	ZNF207	BUB3-interacting and GLEBS motif-containing protein ZNF207	1.56732e+06	564974	1.04464e+06	932572
O43676	O43676	NDUB3_HUMAN	NDUFB3	NADH dehydrogenase [ubiquinone] 1 beta subcomplex subunit 3	343618	926283	467490	
O43678	O43678	NDUA2_HUMAN	NDUFA2	NADH dehydrogenase [ubiquinone] 1 alpha subcomplex subunit 2	1.22787e+06	1.16979e+06	623973	482602
O43681	O43681	GET3_HUMAN	GET3	ATPase GET3	1.97262e+06	1.05321e+06	1.80644e+06	1.21448e+06
O43684	O43684	BUB3_HUMAN	BUB3	Mitotic checkpoint protein BUB3	2.34524e+06	1.41552e+06	1.45431e+06	1.58392e+06
O43688	O43688	PLPP2_HUMAN	PLPP2	Phospholipid phosphatase 2	216325			
O43707	O43707	ACTN4_HUMAN	ACTN4	Alpha-actinin-4	1.16924e+07	1.01763e+07	1.00064e+07	8.69368e+06
O43708	O43708	MAAI_HUMAN	GSTZ1	Maleylacetoacetate isomerase	34003.9			
O43719	O43719	HTSF1_HUMAN	HTATSF1	HIV Tat-specific factor 1	630315	251166	427557	222785
O43731	O43731	ERD23_HUMAN	KDELR3	ER lumen protein-retaining receptor 3	86212.8	227510	76618	
O43747	O43747	AP1G1_HUMAN	AP1G1	AP-1 complex subunit gamma-1	631229	807527	734731	389591
O43759	O43759	SNG1_HUMAN	SYNGR1	Synaptogyrin-1	274799	763868	309866	379247
O43760	O43760	SNG2_HUMAN	SYNGR2	Synaptogyrin-2	4.28794e+06	7.21256e+06	3.31796e+06	4.16617e+06
O43765	O43765	SGTA_HUMAN	SGTA	Small glutamine-rich tetratricopeptide repeat-containing protein alpha	998614	703768	410857	396352
O43768	O43768;P56211	ENSA_HUMAN	ENSA	Alpha-endosulfine	762664	270778	408410	201909
O43776	O43776	SYNC_HUMAN	NARS1	Asparagine--tRNA ligase, cytoplasmic	4.98859e+06	2.53251e+06	4.07136e+06	1.86105e+06
O43790;P78385;P78386;Q14533	O43790;P78385;P78386;Q14533;A6NCN2	KRT81_HUMAN;KRT83_HUMAN;KRT85_HUMAN;KRT86_HUMAN	KRT81;KRT83;KRT85;KRT86	Keratin, type II cuticular Hb6	27292.9	115502	253613	
O43795	O43795;Q9UBC5	MYO1B_HUMAN	MYO1B	Unconventional myosin-Ib	406817	277378	333493	184886
O43809	O43809	CPSF5_HUMAN	NUDT21	Cleavage and polyadenylation specificity factor subunit 5	2.39175e+06	1.3846e+06	1.54119e+06	1.76878e+06
O43813	O43813	LANC1_HUMAN	LANCL1	Glutathione S-transferase LANCL1	1.25575e+06	712139	1.47387e+06	750555
O43815	O43815	STRN_HUMAN	STRN	Striatin	235078	325501	215509	255072
O43818	O43818	U3IP2_HUMAN	RRP9	U3 small nucleolar RNA-interacting protein 2	256558			
O43819	O43819	SCO2_HUMAN	SCO2	Protein SCO2 homolog, mitochondrial	205441		202055	
O43837	O43837	IDH3B_HUMAN	IDH3B	Isocitrate dehydrogenase [NAD] subunit beta, mitochondrial	685536	409231	531050	382766
O43847	O43847	NRDC_HUMAN	NRDC	Nardilysin	723983	534327	690807	511680
O43852	O43852	CALU_HUMAN	CALU	Calumenin	4.00528e+06	3.66392e+06	2.33304e+06	2.20598e+06
O43854	O43854	EDIL3_HUMAN	EDIL3	EGF-like repeat and discoidin I-like domain-containing protein 3	215761	397770	113819	
O43865	O43865;Q96HN2	SAHH2_HUMAN	AHCYL1	S-adenosylhomocysteine hydrolase-like protein 1	1.1813e+06	632997	1.40556e+06	707995
O43866	O43866	CD5L_HUMAN	CD5L	CD5 antigen-like	314391	1.54956e+06	629149	1.1332e+06
O43920	O43920	NDUS5_HUMAN	NDUFS5	NADH dehydrogenase [ubiquinone] iron-sulfur protein 5	348485	248386	257807	51762.5
O43924	O43924	PDE6D_HUMAN	PDE6D	Retinal rod rhodopsin-sensitive cGMP 3',5'-cyclic phosphodiesterase subunit delta	585535	626636	697226	594798
O60216	O60216;Q9H4I0	RAD21_HUMAN	RAD21	Double-strand-break repair protein rad21 homolog	273893	253441	219250	281758
O60218	O60218	AK1BA_HUMAN	AKR1B10	Aldo-keto reductase family 1 member B10	211798	313550	118425	
O60231	O60231	DHX16_HUMAN	DHX16	Pre-mRNA-splicing factor ATP-dependent RNA helicase DHX16	244716		150341	
O60234	O60234	GMFG_HUMAN	GMFG	Glia maturation factor gamma	2.62038e+06	3.389e+06	2.01594e+06	2.51727e+06
O60237	O60237	MYPT2_HUMAN	PPP1R12B	Protein phosphatase 1 regulatory subunit 12B	348791	200585	317491	70197
O60245	O60245	PCDH7_HUMAN	PCDH7	Protocadherin-7	69375.6			
O60256	O60256	KPRB_HUMAN	PRPSAP2	Phosphoribosyl pyrophosphate synthase-associated protein 2	719972	695667	979328	645556
O60264	O60264;P28370	SMCA5_HUMAN	SMARCA5	SWI/SNF-related matrix-associated actin-dependent regulator of chromatin subfamily A member 5	1.03587e+06	624466	661831	673250
O60271	O60271	JIP4_HUMAN	SPAG9	C-Jun-amino-terminal kinase-interacting protein 4	754270	608145	675778	376835
O60282	O60282	KIF5C_HUMAN	KIF5C	Kinesin heavy chain isoform 5C	291293	277379	177265	250520
O60306	O60306	AQR_HUMAN	AQR	RNA helicase aquarius	196936	183307	371628	245746
O60333	O60333	KIF1B_HUMAN	KIF1B	Kinesin-like protein KIF1B	299025	161782	283133	
O60341	O60341	KDM1A_HUMAN	KDM1A	Lysine-specific histone demethylase 1A	694509	557067	447133	444281
O60359	O60359	CCG3_HUMAN	CACNG3	Voltage-dependent calcium channel gamma-3 subunit	924615	1.52124e+06	236955	2.30747e+06
O60437	O60437	PEPL_HUMAN	PPL	Periplakin	2.57066e+07	2.67995e+07	2.57794e+07	1.65126e+07
O60443	O60443	GSDME_HUMAN	GSDME	Gasdermin-E	300710	222835	406609	273917
O60449	O60449	LY75_HUMAN	LY75	Lymphocyte antigen 75	490000	1.05989e+06	465789	704061
O60462	O60462	NRP2_HUMAN	NRP2	Neuropilin-2	180807	209496	256283	150003
O60486	O60486	PLXC1_HUMAN	PLXNC1	Plexin-C1	374952	600500	459978	704861
O60488	O60488	ACSL4_HUMAN	ACSL4	Long-chain-fatty-acid--CoA ligase 4	1.12541e+06	851660	1.69033e+06	1.77793e+06
O60493	O60493	SNX3_HUMAN	SNX3	Sorting nexin-3	3.74326e+06	1.81672e+06	4.33536e+06	2.52078e+06
O60496	O60496	DOK2_HUMAN	DOK2	Docking protein 2	642782	334532	673865	399385
O60502	O60502	OGA_HUMAN	OGA	Protein O-GlcNAcase	183139		88477.1	62737.7
O60504	O60504	VINEX_HUMAN	SORBS3	Vinexin	3.41598e+06	2.99886e+06	4.60215e+06	2.29177e+06
O60506	O60506	HNRPQ_HUMAN	SYNCRIP	Heterogeneous nuclear ribonucleoprotein Q	1.31335e+07	5.34407e+06	8.9548e+06	4.22854e+06
O60507	O60507	TPST1_HUMAN	TPST1	Protein-tyrosine sulfotransferase 1	63518			
O60524	O60524	NEMF_HUMAN	NEMF	Ribosome quality control complex subunit NEMF	883774	708738	843503	751248
O60547	O60547	GMDS_HUMAN	GMDS	GDP-mannose 4,6 dehydratase	5.54339e+06	2.55011e+06	2.7065e+06	1.03317e+06
O60565	O60565	GREM1_HUMAN	GREM1	Gremlin-1	20631.2	24220.3	56362.1	
O60568	O60568	PLOD3_HUMAN	PLOD3	Multifunctional procollagen lysine hydroxylase and glycosyltransferase LH3	1.41913e+06	1.83903e+06	1.10336e+06	834668
O60573	O60573	IF4E2_HUMAN	EIF4E2	Eukaryotic translation initiation factor 4E type 2	205300	174128	218352	113335
O60610	O60610	DIAP1_HUMAN	DIAPH1	Protein diaphanous homolog 1	659422	711361	611088	599399
O60613	O60613	SEP15_HUMAN	SELENOF	Selenoprotein F	1.40626e+06	1.03947e+06	1.27217e+06	1.02318e+06
O60635	O60635	TSN1_HUMAN	TSPAN1	Tetraspanin-1	638765	618251	1.25951e+06	164733
O60636	O60636	TSN2_HUMAN	TSPAN2	Tetraspanin-2	100708	237960		565693
O60637	O60637	TSN3_HUMAN	TSPAN3	Tetraspanin-3	1.35981e+06	1.04859e+06	855008	1.19285e+06
O60664	O60664	PLIN3_HUMAN	PLIN3	Perilipin-3	6.58457e+06	5.62575e+06	6.06564e+06	3.40373e+06
O60671	O60671	RAD1_HUMAN	RAD1	Cell cycle checkpoint protein RAD1	209602	260759	173699	
O60684	O60684	IMA7_HUMAN	KPNA6	Importin subunit alpha-7	289435		199224	
O60701	O60701	UGDH_HUMAN	UGDH	UDP-glucose 6-dehydrogenase	5.48064e+06	2.46925e+06	5.65482e+06	1.84852e+06
O60716	O60716	CTND1_HUMAN	CTNND1	Catenin delta-1	740425	401949	651712	282377
O60739;P41567	P41567;O60739	EIF1B_HUMAN;EIF1_HUMAN	EIF1;EIF1B	Eukaryotic translation initiation factor 1b	1.55859e+06	780263	1.51479e+06	809762
O60749	O60749;Q13596	SNX2_HUMAN	SNX2	Sorting nexin-2	1.59696e+06	1.02787e+06	2.13472e+06	735736
O60760	O60760	HPGDS_HUMAN	HPGDS	Hematopoietic prostaglandin D synthase	64624.5		90528	
O60762	O60762	DPM1_HUMAN	DPM1	Dolichol-phosphate mannosyltransferase subunit 1	177624	259014	221148	151699
O60763	O60763	USO1_HUMAN	USO1	General vesicular transport factor p115	546139	621314	668853	259333
O60784	O60784	TOM1_HUMAN	TOM1	Target of Myb1 membrane trafficking protein	238279	333955	177583	179778
O60825	O60825	F262_HUMAN	PFKFB2	6-phosphofructo-2-kinase/fructose-2,6-bisphosphatase 2	536700	667513	398574	473207
O60826	O60826	CCD22_HUMAN	CCDC22	Coiled-coil domain-containing protein 22	208329	252490	231732	116369
O60831	O60831	PRAF2_HUMAN	PRAF2	PRA1 family protein 2	1.67045e+06	1.22791e+06	1.27659e+06	588715
O60832	O60832	DKC1_HUMAN	DKC1	H/ACA ribonucleoprotein complex subunit DKC1	483710	800841	386314	402568
O60841	O60841	IF2P_HUMAN	EIF5B	Eukaryotic translation initiation factor 5B	1.07864e+06	746763	795854	537871
O60844	O60844	ZG16_HUMAN	ZG16	Zymogen granule membrane protein 16	2.39735e+06	8.75574e+07	4.85817e+06	1.08783e+07
O60861	O60861	GAS7_HUMAN	GAS7	Growth arrest-specific protein 7	64503.3	41152.9	122032	
O60869	O60869	EDF1_HUMAN	EDF1	Endothelial differentiation-related factor 1	3.17469e+06	2.00321e+06	2.65893e+06	2.28766e+06
O60870	O60870	KIN17_HUMAN	KIN	DNA/RNA-binding protein KIN17	130117		84679	
O60879	O60879	DIAP2_HUMAN	DIAPH2	Protein diaphanous homolog 2	319247	322645	357084	407168
O60880	O60880	SH21A_HUMAN	SH2D1A	SH2 domain-containing protein 1A	55902.5			
O60884	O60884	DNJA2_HUMAN	DNAJA2	DnaJ homolog subfamily A member 2	626857	443492	685967	461319
O60885	O60885	BRD4_HUMAN	BRD4	Bromodomain-containing protein 4	211305	101603		
O60888	O60888	CUTA_HUMAN	CUTA	Protein CutA	694815	689602	682760	397905
O60925	O60925	PFD1_HUMAN	PFDN1	Prefoldin subunit 1	370270	601795		229432
O60927	O60927	PP1RB_HUMAN	PPP1R11	E3 ubiquitin-protein ligase PPP1R11	106584	125264	102560	
O60934	O60934	NBN_HUMAN	NBN	Nibrin	291281	272638	278018	201880
O60942	O60942	MCE1_HUMAN	RNGTT	mRNA-capping enzyme	39315.2		34950.4	
O75015	O75015;P08637	FCG3B_HUMAN	FCGR3B	Low affinity immunoglobulin gamma Fc region receptor III-B	1.50457e+06	3.32085e+06	1.1539e+06	6.07368e+06
O75083	O75083	WDR1_HUMAN	WDR1	WD repeat-containing protein 1	1.30312e+07	1.13677e+07	1.27625e+07	1.32798e+07
O75116	O75116	ROCK2_HUMAN	ROCK2	Rho-associated protein kinase 2	530327	428824	544970	428344
O75131	O75131	CPNE3_HUMAN	CPNE3	Copine-3	4.01876e+06	8.62368e+06	3.0713e+06	5.54726e+06
O75144	O75144	ICOSL_HUMAN	ICOSLG	ICOS ligand	117891	22392.2	235211	15825
O75150	O75150	BRE1B_HUMAN	RNF40	E3 ubiquitin-protein ligase BRE1B	241260		146471	158954
O75152	O75152;A0A1B0GTU1;P0DQW0	ZC11A_HUMAN	ZC3H11A	Zinc finger CCCH domain-containing protein 11A	377121	779678	290729	198978
O75165	O75165	DJC13_HUMAN	DNAJC13	DnaJ homolog subfamily C member 13	160400	240469	271910	159871
O75175	O75175	CNOT3_HUMAN	CNOT3	CCR4-NOT transcription complex subunit 3	544341	299526	375917	362877
O75179	O75179	ANR17_HUMAN	ANKRD17	Ankyrin repeat domain-containing protein 17	184545	110893	111735	107288
O75190	O75190	DNJB6_HUMAN	DNAJB6	DnaJ homolog subfamily B member 6	413350	315044	232797	419541
O75223	O75223	GGCT_HUMAN	GGCT	Gamma-glutamylcyclotransferase	3.19278e+06	2.88726e+06	3.59512e+06	2.15825e+06
O75264	O75264	SIM24_HUMAN	SMIM24	Small integral membrane protein 24	140287	500088		529033
O75298	O75298	RTN2_HUMAN	RTN2	Reticulon-2	229549	642714	232113	293222
O75306	O75306	NDUS2_HUMAN	NDUFS2	NADH dehydrogenase [ubiquinone] iron-sulfur protein 2, mitochondrial	92946.4			
O75312	O75312	ZPR1_HUMAN	ZPR1	Zinc finger protein ZPR1	544525	217012	269302	
O75323	O75323	NIPS2_HUMAN	NIPSNAP2	Protein NipSnap homolog 2	1.26148e+06	1.37001e+06	1.34375e+06	982755
O75326	O75326	SEM7A_HUMAN	SEMA7A	Semaphorin-7A	34833.8		56130.3	
O75340	O75340	PDCD6_HUMAN	PDCD6	Programmed cell death protein 6	2.14395e+06	3.33502e+06	1.5624e+06	2.78432e+06
O75342	O75342	LX12B_HUMAN	ALOX12B	Arachidonate 12-lipoxygenase, 12R-type	55167.9	174924	90266.2	
O75347	O75347	TBCA_HUMAN	TBCA	Tubulin-specific chaperone A	4.75656e+06	4.23974e+06	3.77489e+06	3.6553e+06
O75348	O75348	VATG1_HUMAN	ATP6V1G1	V-type proton ATPase subunit G 1	2.29036e+06	2.6892e+06	2.10361e+06	1.89556e+06
O75351	O75351	VPS4B_HUMAN	VPS4B	Vacuolar protein sorting-associated protein 4B	995178	761904	905422	721018
O75352	O75352	MPU1_HUMAN	MPDU1	Mannose-P-dolichol utilization defect 1 protein	780482	996275	914622	538723
O75367	O75367	H2AY_HUMAN	MACROH2A1	Core histone macro-H2A.1	3.52786e+06	8.28367e+06	3.55958e+06	8.69383e+06
O75368	O75368	SH3L1_HUMAN	SH3BGRL	Adapter SH3BGRL	7.57287e+06	6.62697e+06	4.81225e+06	6.87956e+06
O75369	O75369	FLNB_HUMAN	FLNB	Filamin-B	9.62914e+06	4.67103e+06	6.79731e+06	7.63301e+06
O75376;Q9Y618	O75376;Q9Y618	NCOR1_HUMAN;NCOR2_HUMAN	NCOR1;NCOR2	Nuclear receptor corepressor 1	129839			
O75379	O75379	VAMP4_HUMAN	VAMP4	Vesicle-associated membrane protein 4	175966	108208	186893	162455
O75380	O75380	NDUS6_HUMAN	NDUFS6	NADH dehydrogenase [ubiquinone] iron-sulfur protein 6, mitochondrial	178981	481965	229632	428497
O75381	O75381	PEX14_HUMAN	PEX14	Peroxisomal membrane protein PEX14	46361			13873.1
O75382	O75382	TRIM3_HUMAN	TRIM3	Tripartite motif-containing protein 3	35702.3			
O75390	O75390	CISY_HUMAN	CS	Citrate synthase, mitochondrial	1.10081e+06	1.37406e+06	1.44153e+06	848521
O75391	O75391	SPAG7_HUMAN	SPAG7	Sperm-associated antigen 7	308591	80036.4	216168	150479
O75396	O75396	SC22B_HUMAN	SEC22B	Vesicle-trafficking protein SEC22b	2.40537e+06	2.20601e+06	1.81194e+06	1.71004e+06
O75400	O75400	PR40A_HUMAN	PRPF40A	Pre-mRNA-processing factor 40 homolog A	242051	210042	84636	257550
O75410	O75410;O95359	TACC1_HUMAN	TACC1	Transforming acidic coiled-coil-containing protein 1	730452	708635	555447	583633
O75431	O75431	MTX2_HUMAN	MTX2	Metaxin-2	568313	700766	433248	
O75436	O75436	VP26A_HUMAN	VPS26A	Vacuolar protein sorting-associated protein 26A	3.64338e+06	4.14649e+06	3.65939e+06	4.68182e+06
O75475	O75475	PSIP1_HUMAN	PSIP1	PC4 and SFRS1-interacting protein	1.03858e+06	823341	873745	1.03768e+06
O75477;O94905	O75477;O94905	ERLN1_HUMAN;ERLN2_HUMAN	ERLIN1;ERLIN2	Erlin-1	144836	239008	151347	187049
O75487	O75487	GPC4_HUMAN	GPC4	Glypican-4	99001.9	45537.1	158735	
O75489	O75489	NDUS3_HUMAN	NDUFS3	NADH dehydrogenase [ubiquinone] iron-sulfur protein 3, mitochondrial	285972	180902	198406	
O75494	O75494	SRS10_HUMAN	SRSF10	Serine/arginine-rich splicing factor 10	1.01436e+06	402334	420486	545260
O75503	O75503	CLN5_HUMAN	CLN5	Ceroid-lipofuscinosis neuronal protein 5	239804	219363	257233	137233
O75521	O75521	ECI2_HUMAN	ECI2	Enoyl-CoA delta isomerase 2	235703	199089	412652	112472
O75525	O75525	KHDR3_HUMAN	KHDRBS3	KH domain-containing, RNA-binding, signal transduction-associated protein 3	424726	134964	344373	
O75530	O75530	EED_HUMAN	EED	Polycomb protein EED	99644.1		25648.2	
O75531	O75531	BAF_HUMAN	BANF1	Barrier-to-autointegration factor	1.47153e+06	1.58277e+06	1.16836e+06	1.5504e+06
O75533	O75533	SF3B1_HUMAN	SF3B1	Splicing factor 3B subunit 1	1.12517e+06	758837	756877	672177
O75534	O75534	CSDE1_HUMAN	CSDE1	Cold shock domain-containing protein E1	1.77276e+06	678944	1.36718e+06	885832
O75558	O75558	STX11_HUMAN	STX11	Syntaxin-11	103774	111601	214721	239733
O75563	O75563	SKAP2_HUMAN	SKAP2	Src kinase-associated phosphoprotein 2	791158	2.16434e+06	731737	2.24482e+06
O75569	O75569	PRKRA_HUMAN	PRKRA	Interferon-inducible double-stranded RNA-dependent protein kinase activator A	750700	307629	595499	250958
O75592	O75592	MYCB2_HUMAN	MYCBP2	E3 ubiquitin-protein ligase MYCBP2	433192	533215		
O75594	O75594	PGRP1_HUMAN	PGLYRP1	Peptidoglycan recognition protein 1	5.39756e+06	4.55127e+06	3.31738e+06	1.81042e+07
O75608	O75608	LYPA1_HUMAN	LYPLA1	Acyl-protein thioesterase 1	1.87442e+06	2.52919e+06	1.92376e+06	2.31885e+06
O75629	O75629	CREG1_HUMAN	CREG1	Protein CREG1	1.15423e+06	1.85897e+06	676565	3.12936e+06
O75636	O75636	FCN3_HUMAN	FCN3	Ficolin-3	425018	1.15187e+06	634947	1.11535e+06
O75643	O75643	U520_HUMAN	SNRNP200	U5 small nuclear ribonucleoprotein 200 kDa helicase	916112	715536	540937	627473
O75663	O75663	TIPRL_HUMAN	TIPRL	TIP41-like protein	930074	862111	811749	570726
O75688	O75688	PPM1B_HUMAN	PPM1B	Protein phosphatase 1B	775526	820006	547576	941858
O75691	O75691	UTP20_HUMAN	UTP20	Small subunit processome component 20 homolog	319514	160727	185439	99112.9
O75695	O75695	XRP2_HUMAN	RP2	Protein XRP2	552645	1.05331e+06	527765	687445
O75718	O75718	CRTAP_HUMAN	CRTAP	Cartilage-associated protein	6.64979e+06	5.59722e+06	8.18024e+06	2.47321e+06
O75791	O75791	GRAP2_HUMAN	GRAP2	GRB2-related adapter protein 2	188078	126840	218583	213111
O75794	O75794	CD123_HUMAN	CDC123	Cell division cycle protein 123 homolog	294454		318783	
O75817	O75817	POP7_HUMAN	POP7	Ribonuclease P protein subunit p20	116814	74848	96522.7	63644.2
O75818	O75818	RPP40_HUMAN	RPP40	Ribonuclease P protein subunit p40	202159		457354	
O75821	O75821	EIF3G_HUMAN	EIF3G	Eukaryotic translation initiation factor 3 subunit G	1.98419e+06	1.25983e+06	1.68929e+06	1.52102e+06
O75822	O75822	EIF3J_HUMAN	EIF3J	Eukaryotic translation initiation factor 3 subunit J	1.40169e+06	981048	1.5178e+06	891738
O75828	O75828	CBR3_HUMAN	CBR3	Carbonyl reductase [NADPH] 3	5.53093e+06	5.42779e+06	6.09779e+06	5.00192e+06
O75832	O75832	PSD10_HUMAN	PSMD10	26S proteasome non-ATPase regulatory subunit 10	980198	954986	958932	659256
O75843	O75843	AP1G2_HUMAN	AP1G2	AP-1 complex subunit gamma-like 2	236619	366235	198435	311049
O75844	O75844	FACE1_HUMAN	ZMPSTE24	CAAX prenyl protease 1 homolog	433484	412115	520876	212225
O75874	O75874	IDHC_HUMAN	IDH1	Isocitrate dehydrogenase [NADP] cytoplasmic	5.74357e+06	5.29357e+06	5.39396e+06	5.54087e+06
O75880	O75880	SCO1_HUMAN	SCO1	Protein SCO1 homolog, mitochondrial	847862	600136	831683	690264
O75882	O75882	ATRN_HUMAN	ATRN	Attractin	435026	866447	666821	867558
O75884	O75884	RBBP9_HUMAN	RBBP9	Serine hydrolase RBBP9	146912	270071	165608	158645
O75886	O75886	STAM2_HUMAN	STAM2	Signal transducing adapter molecule 2	299767	277422	290537	
O75891	O75891	AL1L1_HUMAN	ALDH1L1	Cytosolic 10-formyltetrahydrofolate dehydrogenase	425136		531368	
O75909	O75909	CCNK_HUMAN	CCNK	Cyclin-K	555667	235891	252430	266175
O75915	O75915	PRAF3_HUMAN	ARL6IP5	PRA1 family protein 3	8.64854e+06	5.22448e+06	1.21651e+07	6.47948e+06
O75923	O75923	DYSF_HUMAN	DYSF	Dysferlin	1.07748e+06	2.0561e+06	1.15439e+06	1.28763e+06
O75935	O75935	DCTN3_HUMAN	DCTN3	Dynactin subunit 3	679694	668263	635844	498164
O75937	O75937	DNJC8_HUMAN	DNAJC8	DnaJ homolog subfamily C member 8	2.44043e+06	1.29054e+06	2.13845e+06	1.42233e+06
O75947	O75947	ATP5H_HUMAN	ATP5PD	ATP synthase subunit d, mitochondrial	970257	1.21743e+06	800702	609406
O75954	O75954	TSN9_HUMAN	TSPAN9	Tetraspanin-9	506583	272353	807684	354944
O75955	O75955	FLOT1_HUMAN	FLOT1	Flotillin-1	577887	1.40937e+06	1.30684e+06	793812
O75962	O75962	TRIO_HUMAN	TRIO	Triple functional domain protein	527863		447598	456845
O75964	O75964	ATP5L_HUMAN	ATP5MG	ATP synthase subunit g, mitochondrial	1.61926e+06	3.02204e+06	2.18569e+06	860857
O75976	O75976	CBPD_HUMAN	CPD	Carboxypeptidase D	182445	268694	113646	176342
O75995	O75995	SASH3_HUMAN	SASH3	SAM and SH3 domain-containing protein 3	938218	1.24134e+06	1.09158e+06	1.17013e+06
O76003	O76003	GLRX3_HUMAN	GLRX3	Glutaredoxin-3	2.22631e+06	864583	1.71976e+06	536500
O76009	O76011;Q14525;Q14532;Q15323;Q92764;O76009	KT33A_HUMAN	KRT33A	Keratin, type I cuticular Ha3-I	38520.8	89497.6	211407	
O76021	O76021	RL1D1_HUMAN	RSL1D1	Ribosomal L1 domain-containing protein 1	666233	303789	453238	291551
O76031	O76031	CLPX_HUMAN	CLPX	ATP-dependent Clp protease ATP-binding subunit clpX-like, mitochondrial	145377		136408	
O76054	O76054	S14L2_HUMAN	SEC14L2	SEC14-like protein 2	150936	82663.8	292940	87820.6
O76071	O76071	CIAO1_HUMAN	CIAO1	Probable cytosolic iron-sulfur protein assembly protein CIAO1	631331	205760	486324	267068
O76094	O76094	SRP72_HUMAN	SRP72	Signal recognition particle subunit SRP72	800206	491795	575537	388145
O76095	O76095	JTB_HUMAN	JTB	Protein JTB	122935	118684		51248.8
O76096	O76096	CYTF_HUMAN	CST7	Cystatin-F	313152	319111	241477	771866
O94760	O94760	DDAH1_HUMAN	DDAH1	N(G),N(G)-dimethylarginine dimethylaminohydrolase 1	1.28674e+06	748144	1.0464e+06	750111
O94776	O94776	MTA2_HUMAN	MTA2	Metastasis-associated protein MTA2	1.58989e+06	904409	942386	983939
O94804	O94804	STK10_HUMAN	STK10	Serine/threonine-protein kinase 10	798060	606300	550465	825384
O94812	O94812	BAIP3_HUMAN	BAIAP3	BAI1-associated protein 3	428314	570921	837689	838957
O94819	O94819	KBTBB_HUMAN	KBTBD11	Kelch repeat and BTB domain-containing protein 11	120761	178556	100495	131183
O94826	O94826	TOM70_HUMAN	TOMM70	Mitochondrial import receptor subunit TOM70	1.26518e+06	723192	1.04695e+06	841533
O94832	O94832	MYO1D_HUMAN	MYO1D	Unconventional myosin-Id	165808	129653	288133	
O94842	O15405;O94842;O94900	TOX4_HUMAN	TOX4	TOX high mobility group box family member 4	149678			
O94851	O94851	MICA2_HUMAN	MICAL2	[F-actin]-monooxygenase MICAL2	205198	53937	128850	85282.2
O94855	O94855	SC24D_HUMAN	SEC24D	Protein transport protein Sec24D	126880	315628	250608	192828
O94874	O94874	UFL1_HUMAN	UFL1	E3 UFM1-protein ligase 1	1.36447e+06	950073	1.15436e+06	601587
O94875	O94875	SRBS2_HUMAN	SORBS2	Sorbin and SH3 domain-containing protein 2	182023		322943	177209
O94886	O94886	CSCL1_HUMAN	TMEM63A	CSC1-like protein 1	165663	474954	269739	287068
O94888	O94888	UBXN7_HUMAN	UBXN7	UBX domain-containing protein 7	240266	170082	209283	
O94903	O94903	PLPHP_HUMAN	PLPBP	Pyridoxal phosphate homeostasis protein	1.78779e+06	1.18657e+06	1.40224e+06	973095
O94906	O94906	PRP6_HUMAN	PRPF6	Pre-mRNA-processing factor 6	333063	224161	160532	110442
O94919	O94919	ENDD1_HUMAN	ENDOD1	Endonuclease domain-containing 1 protein	536978	334411	796646	230235
O94925	O94925	GLSK_HUMAN	GLS	Glutaminase kidney isoform, mitochondrial	729048	440543	452014	
O94966	O94966	UBP19_HUMAN	USP19	Ubiquitin carboxyl-terminal hydrolase 19	4.28259e+06	4.80299e+06	4.93094e+06	5.79575e+06
O94973	O94973	AP2A2_HUMAN	AP2A2	AP-2 complex subunit alpha-2	443136	264381	495571	392533
O94979	O94979	SC31A_HUMAN	SEC31A	Protein transport protein Sec31A	4.51918e+06	3.32477e+06	4.47923e+06	2.67799e+06
O94985	O94985	CSTN1_HUMAN	CLSTN1	Calsyntenin-1	286720	136467	192526	
O95059	O95059	RPP14_HUMAN	RPP14	Ribonuclease P protein subunit p14	176924			
O95071	O95071	UBR5_HUMAN	UBR5	E3 ubiquitin-protein ligase UBR5	31361.2			
O95081	O95081	AGFG2_HUMAN	AGFG2	Arf-GAP domain and FG repeat-containing protein 2	27512.9			
O95104	O95104;Q9UPN6	SCAF4_HUMAN	SCAF4	SR-related and CTD-associated factor 4	213023	216745	204387	132325
O95139	O95139	NDUB6_HUMAN	NDUFB6	NADH dehydrogenase [ubiquinone] 1 beta subcomplex subunit 6	398238	412553	216701	
O95149	O95149	SPN1_HUMAN	SNUPN	Snurportin-1	177179		134184	
O95154	O95154	ARK73_HUMAN	AKR7A3	Aflatoxin B1 aldehyde reductase member 3	295369	201865	131110	
O95163	O95163	ELP1_HUMAN	ELP1	Elongator complex protein 1	171103			
O95166	O95166;Q9H0R8	GBRAP_HUMAN	GABARAP	Gamma-aminobutyric acid receptor-associated protein	352618	346951	230559	278940
O95168	O95168	NDUB4_HUMAN	NDUFB4	NADH dehydrogenase [ubiquinone] 1 beta subcomplex subunit 4	608523	741244	628975	242808
O95182	O95182	NDUA7_HUMAN	NDUFA7	NADH dehydrogenase [ubiquinone] 1 alpha subcomplex subunit 7	166876	105617	171211	
O95183	O95183	VAMP5_HUMAN	VAMP5	Vesicle-associated membrane protein 5	452462	478084	415735	346522
O95197	O95197	RTN3_HUMAN	RTN3	Reticulon-3	6.20518e+06	1.58077e+07	7.93151e+06	1.08399e+07
O95202	O95202	LETM1_HUMAN	LETM1	Mitochondrial proton/calcium exchanger protein	594030	477124	606817	239882
O95208	O95208	EPN2_HUMAN	EPN2	Epsin-2	256595	108609	333372	201984
O95210	O95210	STBD1_HUMAN	STBD1	Starch-binding domain-containing protein 1	342803		347522	690538
O95218	O95218	ZRAB2_HUMAN	ZRANB2	Zinc finger Ran-binding domain-containing protein 2	134924	71472.6	178485	157012
O95219	O95219	SNX4_HUMAN	SNX4	Sorting nexin-4	253651	211344	347632	102476
O95232	O95232	LC7L3_HUMAN	LUC7L3	Luc7-like protein 3	420663		142862	217467
O95249	O95249	GOSR1_HUMAN	GOSR1	Golgi SNAP receptor complex member 1	288143	486330	352661	357344
O95260	O95260	ATE1_HUMAN	ATE1	Arginyl-tRNA--protein transferase 1	125478		196864	
O95292	O95292	VAPB_HUMAN	VAPB	Vesicle-associated membrane protein-associated protein B/C	2.5987e+07	1.31872e+07	2.18646e+07	1.22929e+07
O95295	O95295	SNAPN_HUMAN	SNAPIN	SNARE-associated protein Snapin	234454	411079	237579	158534
O95297	O95297	MPZL1_HUMAN	MPZL1	Myelin protein zero-like protein 1	1.08444e+06	1.78801e+06	1.64542e+06	1.34233e+06
O95299	O95299	NDUAA_HUMAN	NDUFA10	NADH dehydrogenase [ubiquinone] 1 alpha subcomplex subunit 10, mitochondrial	487059	159943	534824	
O95302	O95302	FKBP9_HUMAN	FKBP9	Peptidyl-prolyl cis-trans isomerase FKBP9	3.8924e+06	1.79025e+06	4.82446e+06	1.75045e+06
O95319	O95319	CELF2_HUMAN	CELF2	CUGBP Elav-like family member 2	988993	954480	937300	1.26535e+06
O95336	O95336	6PGL_HUMAN	PGLS	6-phosphogluconolactonase	489218	486315	583587	406104
O95340	O95340	PAPS2_HUMAN	PAPSS2	Bifunctional 3'-phosphoadenosine 5'-phosphosulfate synthase 2	1.49723e+06	522586	1.08331e+06	254530
O95347	O95347	SMC2_HUMAN	SMC2	Structural maintenance of chromosomes protein 2	257130	76638.7	234327	132946
O95352	O95352	ATG7_HUMAN	ATG7	Ubiquitin-like modifier-activating enzyme ATG7	319574	371783	351549	263123
O95361	O95361	TRI16_HUMAN	TRIM16	Tripartite motif-containing protein 16	405261		242622	
O95372	O95372	LYPA2_HUMAN	LYPLA2	Acyl-protein thioesterase 2	882734	961110	626315	725258
O95373	O95373	IPO7_HUMAN	IPO7	Importin-7	1.2152e+06	668073	794954	426065
O95376	O95376	ARI2_HUMAN	ARIH2	E3 ubiquitin-protein ligase ARIH2	256616		223047	216830
O95379	O95379	TFIP8_HUMAN	TNFAIP8	Tumor necrosis factor alpha-induced protein 8	562037	821008	530532	716526
O95394	O95394	AGM1_HUMAN	PGM3	Phosphoacetylglucosamine mutase	1.24717e+06	1.2464e+06	1.4161e+06	693018
O95395	O95395	GCNT3_HUMAN	GCNT3	Beta-1,3-galactosyl-O-glycosyl-glycoprotein beta-1,6-N-acetylglucosaminyltransferase 3	72112			42665.1
O95400	O95400	CD2B2_HUMAN	CD2BP2	CD2 antigen cytoplasmic tail-binding protein 2	390403			
O95425	O95425	SVIL_HUMAN	SVIL	Supervillin	1.93696e+06	1.00677e+06	1.82911e+06	1.17482e+06
O95433	O95433	AHSA1_HUMAN	AHSA1	Activator of 90 kDa heat shock protein ATPase homolog 1	1.9245e+06	940405	1.64175e+06	852568
O95445	O95445	APOM_HUMAN	APOM	Apolipoprotein M	1.13841e+06	3.92518e+06	1.61035e+06	2.92834e+06
O95453	O95453	PARN_HUMAN	PARN	Poly(A)-specific ribonuclease PARN	665426	392949	757902	1.75924e+06
O95456	O95456	PSMG1_HUMAN	PSMG1	Proteasome assembly chaperone 1	641526	399064	531902	253261
O95466	O95466;Q96PY5	FMNL1_HUMAN	FMNL1	Formin-like protein 1	756508	1.76085e+06	631829	1.44953e+06
O95470	O95470	SGPL1_HUMAN	SGPL1	Sphingosine-1-phosphate lyase 1	160513		73296.4	45108.8
O95471	O95471	CLD7_HUMAN	CLDN7	Claudin-7	287385	293485	125830	
O95479	O95479	G6PE_HUMAN	H6PD	GDH/6PGL endoplasmic bifunctional protein	1.10987e+06	1.37498e+06	1.06636e+06	1.58323e+06
O95490	O95490	AGRL2_HUMAN	ADGRL2	Adhesion G protein-coupled receptor L2	99009		86325.2	
O95497	O95497	VNN1_HUMAN	VNN1	Pantetheinase	159242	2.17703e+06	183666	971135
O95498	O95498	VNN2_HUMAN	VNN2	Pantetheine hydrolase VNN2	1.15374e+06	6.7699e+06	801217	6.35652e+06
O95528	O95528	GTR10_HUMAN	SLC2A10	Solute carrier family 2, facilitated glucose transporter member 10	33208.6		36337.3	
O95544	O95544	NADK_HUMAN	NADK	NAD kinase	469564	752638	442096	554136
O95551	O95551	TYDP2_HUMAN	TDP2	Tyrosyl-DNA phosphodiesterase 2	273772	662095	217441	92139.8
O95562	O95562	SFT2B_HUMAN	SFT2D2	Vesicle transport protein SFT2B	247777	225469	252908	106377
O95563	O95563	MPC2_HUMAN	MPC2	Mitochondrial pyruvate carrier 2	212550	396510	174879	73152.5
O95571	O95571	ETHE1_HUMAN	ETHE1	Persulfide dioxygenase ETHE1, mitochondrial	4.64352e+06	2.95962e+06	4.4e+06	3.12201e+06
O95573	O95573	ACSL3_HUMAN	ACSL3	Fatty acid CoA ligase Acsl3	585509	512279	556023	529305
O95619	O95619	YETS4_HUMAN	YEATS4	YEATS domain-containing protein 4	159431		132993	
O95628	O95628	CNOT4_HUMAN	CNOT4	CCR4-NOT transcription complex subunit 4	43079.6			
O95630	O95630	STABP_HUMAN	STAMBP	STAM-binding protein	901962	645243	1.22587e+06	746177
O95671	O95671	ASML_HUMAN	ASMTL	Probable bifunctional dTTP/UTP pyrophosphatase/methyltransferase protein	247820	278887	234902	
O95684	O95684	CEP43_HUMAN	CEP43	Centrosomal protein 43	118193			
O95716	O95716;P20336	RAB3D_HUMAN	RAB3D	Ras-related protein Rab-3D	3.74356e+06	2.88909e+06	3.18935e+06	3.08572e+06
O95721	O95721	SNP29_HUMAN	SNAP29	Synaptosomal-associated protein 29	726638	627363	590826	299781
O95747	O95747	OXSR1_HUMAN	OXSR1	Serine/threonine-protein kinase OSR1	1.50666e+06	2.6448e+06	1.3843e+06	2.40476e+06
O95757	O95757	HS74L_HUMAN	HSPA4L	Heat shock 70 kDa protein 4L	253109	381813	536000	314808
O95758	O95758	PTBP3_HUMAN	PTBP3	Polypyrimidine tract-binding protein 3	3.62605e+06	1.78562e+06	3.50563e+06	1.94531e+06
O95777	O95777	LSM8_HUMAN	LSM8	U6 snRNA-associated Sm-like protein LSm8	1.91314e+06	1.56069e+06	1.51188e+06	1.52187e+06
O95782	O95782	AP2A1_HUMAN	AP2A1	AP-2 complex subunit alpha-1	962065	1.0932e+06	1.10762e+06	909061
O95793	O95793	STAU1_HUMAN	STAU1	Double-stranded RNA-binding protein Staufen homolog 1	728031	440888	362217	536974
O95801	O95801	TTC4_HUMAN	TTC4	Tetratricopeptide repeat protein 4	268625			
O95810	O95810	CAVN2_HUMAN	CAVIN2	Caveolae-associated protein 2	221947	261402	1.07884e+06	238141
O95816	O95816	BAG2_HUMAN	BAG2	BAG family molecular chaperone regulator 2	528492	403419	478517	223908
O95817	O95817	BAG3_HUMAN	BAG3	BAG family molecular chaperone regulator 3	981853	707084	844151	617010
O95819	O95819	M4K4_HUMAN	MAP4K4	Mitogen-activated protein kinase kinase kinase kinase 4	348426	693239	984504	236284
O95825	O95825	QORL1_HUMAN	CRYZL1	Quinone oxidoreductase-like protein 1	213418	134953	219996	111561
O95831	O95831	AIFM1_HUMAN	AIFM1	Apoptosis-inducing factor 1, mitochondrial	414409	565529	504892	210963
O95834	O95834	EMAL2_HUMAN	EML2	Echinoderm microtubule-associated protein-like 2	898095	1.10113e+06	878170	738540
O95858	O95858	TSN15_HUMAN	TSPAN15	Tetraspanin-15	568423	238343	428181	156786
O95861	O95861	BPNT1_HUMAN	BPNT1	3'(2'),5'-bisphosphate nucleotidase 1	1.87728e+06	1.39655e+06	1.66535e+06	782942
O95865	O95865	DDAH2_HUMAN	DDAH2	N(G),N(G)-dimethylarginine dimethylaminohydrolase 2	602822	378230	928502	279872
O95866	O95866	G6B_HUMAN	MPIG6B	Megakaryocyte and platelet inhibitory receptor G6b		54768.3	502112	127324
O95881	O95881	TXD12_HUMAN	TXNDC12	Thioredoxin domain-containing protein 12	4.90332e+06	2.75502e+06	2.63816e+06	2.37428e+06
O95967	O95967	FBLN4_HUMAN	EFEMP2	EGF-containing fibulin-like extracellular matrix protein 2	913703	714684	1.32239e+06	667466
O95980	O95980	RECK_HUMAN	RECK	Reversion-inducing cysteine-rich protein with Kazal motifs	595953	1.02161e+06	1.13026e+06	887877
O95985	O95985	TOP3B_HUMAN	TOP3B	DNA topoisomerase 3-beta-1	57240.1		70715.1	
O95989	O95989	NUDT3_HUMAN	NUDT3	Diphosphoinositol polyphosphate phosphohydrolase 1	2.43624e+06	2.39545e+06	2.17121e+06	2.68003e+06
O95994	O95994	AGR2_HUMAN	AGR2	Anterior gradient protein 2 homolog	3.56142e+07	5.30972e+07	2.07667e+07	7.86144e+06
O95999	O95999	BCL10_HUMAN	BCL10	B-cell lymphoma/leukemia 10	365394		363672	302003
O96000	O96000	NDUBA_HUMAN	NDUFB10	NADH dehydrogenase [ubiquinone] 1 beta subcomplex subunit 10	867908	784846	630946	344556
O96005	O96005	CLPT1_HUMAN	CLPTM1	Putative lipid scramblase CLPTM1	335492	342947	344377	332503
O96007	O96007	MOC2B_HUMAN	MOCS2	Molybdopterin synthase catalytic subunit	311411		383137	244121
O96008	O96008	TOM40_HUMAN	TOMM40	Mitochondrial import receptor subunit TOM40 homolog	457335	561436	394480	
O96011	O96011	PX11B_HUMAN	PEX11B	Peroxisomal membrane protein 11B	136043	240207	168671	164427
O96013	O96013;Q9P286	PAK4_HUMAN	PAK4	Serine/threonine-protein kinase PAK 4	120216	74250.3	58436	
O96017	O96017	CHK2_HUMAN	CHEK2	Serine/threonine-protein kinase Chk2	98090.2			
O96019	O94805;O96019	ACL6A_HUMAN	ACTL6A	Actin-like protein 6A	3.01411e+06	1.40481e+06	1.86819e+06	1.76046e+06
P00167	P00167	CYB5_HUMAN	CYB5A	Cytochrome b5	403701	681623	538936	213466
P00325	P00325;P00326;P07327	ADH1B_HUMAN	ADH1B	All-trans-retinol dehydrogenase [NAD(+)] ADH1B	365002	459629		174598
P00326	P00325;P00326	ADH1G_HUMAN	ADH1C	Alcohol dehydrogenase 1C	220784	376729	304444	58641.5
P00338	P00338	LDHA_HUMAN	LDHA	L-lactate dehydrogenase A chain	2.72165e+07	3.34965e+07	3.07737e+07	1.44519e+07
P00352	P00352	AL1A1_HUMAN	ALDH1A1	Aldehyde dehydrogenase 1A1	2.41823e+06	3.8083e+06	9.20942e+06	4.27912e+06
P00367	P00367;P49448	DHE3_HUMAN	GLUD1	Glutamate dehydrogenase 1, mitochondrial	5.083e+06	2.58935e+06	4.56111e+06	3.16597e+06
P00374	P00374	DYR_HUMAN	DHFR	Dihydrofolate reductase	388728			
P00387	P00387	NB5R3_HUMAN	CYB5R3	NADH-cytochrome b5 reductase 3	2.39483e+06	1.49122e+06	3.18381e+06	2.02802e+06
P00390	P00390	GSHR_HUMAN	GSR	Glutathione reductase, mitochondrial	8.30153e+06	8.07244e+06	1.0025e+07	9.52084e+06
P00441	P00441	SODC_HUMAN	SOD1	Superoxide dismutase [Cu-Zn]	3.84293e+07	3.8101e+07	5.63743e+07	4.60574e+07
P00450	P00450	CERU_HUMAN	CP	Ceruloplasmin	5.37947e+06	2.70737e+07	6.98155e+06	1.76605e+07
P00488	P00488	F13A_HUMAN	F13A1	Coagulation factor XIII A chain	1.94664e+06	2.05111e+06	4.13381e+06	2.42604e+06
P00491	P00491	PNPH_HUMAN	PNP	Purine nucleoside phosphorylase	4.70625e+06	3.13547e+06	6.39372e+06	2.21482e+06
P00492	P00492	HPRT_HUMAN	HPRT1	Hypoxanthine-guanine phosphoribosyltransferase	2.29066e+06	2.51763e+06	3.04981e+06	2.79153e+06
P00505	P00505	AATM_HUMAN	GOT2	Aspartate aminotransferase, mitochondrial	716942	1.01828e+06	1.01036e+06	545659
P00533	P00533	EGFR_HUMAN	EGFR	Epidermal growth factor receptor	213853	227895	81066.1	92557.6
P00558	P00558	PGK1_HUMAN	PGK1	Phosphoglycerate kinase 1	3.03311e+07	3.38734e+07	2.5013e+07	4.61338e+07
P00568	P00568	KAD1_HUMAN	AK1	Adenylate kinase isoenzyme 1	3.22869e+06	2.43173e+06	7.43529e+06	1.82549e+06
P00734	P00734	THRB_HUMAN	F2	Prothrombin	3.20721e+06	1.48962e+07	8.96167e+06	1.9425e+07
P00736	P00736	C1R_HUMAN	C1R	Complement C1r subcomponent	1.99854e+06	2.87685e+06	2.57933e+06	3.4943e+06
P00738	P00738	HPT_HUMAN	HP	Haptoglobin	5.79267e+07	2.6059e+08	6.91831e+07	1.19758e+08
P00739	P00739	HPTR_HUMAN	HPR	Haptoglobin-related protein	788541	1.7424e+06	1.19908e+06	1.31813e+06
P00740	P00740	FA9_HUMAN	F9	Coagulation factor IX	412935	1.57189e+06	994137	1.32419e+06
P00742	P00742	FA10_HUMAN	F10	Coagulation factor X	416946	1.74465e+06	1.38588e+06	2.85795e+06
P00746	P00746	CFAD_HUMAN	CFD	Complement factor D	674608	2.55773e+06	983558	1.28531e+06
P00747	P00747;P08519	PLMN_HUMAN	PLG	Plasminogen	2.61493e+06	2.73766e+07	9.18058e+06	5.21698e+07
P00748	P00748	FA12_HUMAN	F12	Coagulation factor XII	708279	2.69953e+06	1.15019e+06	1.16308e+06
P00749	P00749	UROK_HUMAN	PLAU	Urokinase-type plasminogen activator	702807	931970	380627	1.22967e+06
P00750	P00750	TPA_HUMAN	PLAT	Tissue-type plasminogen activator	42873.1		120033	
P00751	P00751	CFAB_HUMAN	CFB	Complement factor B	4.3587e+06	1.23309e+07	6.11464e+06	8.18753e+06
P00813	P00813	ADA_HUMAN	ADA	Adenosine deaminase	832219	1.47343e+06	428746	633852
P00846	P00846	ATP6_HUMAN	MT-ATP6	ATP synthase subunit a	622123	560522	413903	496341
P00915	P00915	CAH1_HUMAN	CA1	Carbonic anhydrase 1	3.59779e+07	1.96628e+08	3.71934e+08	2.28001e+08
P00918	P00918	CAH2_HUMAN	CA2	Carbonic anhydrase 2	6.7071e+06	2.82242e+07	5.08752e+07	1.68437e+07
P00966	P00966	ASSY_HUMAN	ASS1	Argininosuccinate synthase	1.59012e+07	8.21628e+06	1.17106e+07	3.56634e+06
P01008	P01008	ANT3_HUMAN	SERPINC1	Antithrombin-III	4.26154e+06	1.88793e+07	7.71146e+06	1.47828e+07
P01009	P01009	A1AT_HUMAN	SERPINA1	Alpha-1-antitrypsin	5.08115e+07	3.79651e+08	8.53905e+07	1.54947e+08
P01011	P01011	AACT_HUMAN	SERPINA3	Alpha-1-antichymotrypsin	1.57832e+07	1.14775e+08	2.28348e+07	7.15702e+07
P01019	P01019	ANGT_HUMAN	AGT	Angiotensinogen	785389	2.82128e+06	1.22976e+06	922551
P01023	P01023	A2MG_HUMAN	A2M	Alpha-2-macroglobulin	1.48258e+07	3.11014e+07	2.50481e+07	2.66571e+07
P01024	P01024	CO3_HUMAN	C3	Complement C3	2.04256e+07	6.40828e+07	4.02596e+07	6.36619e+07
P01031	P01031	CO5_HUMAN	C5	Complement C5	1.3786e+06	6.59583e+06	2.60341e+06	5.63675e+06
P01033	P01033	TIMP1_HUMAN	TIMP1	Metalloproteinase inhibitor 1	2.85531e+06	7.33293e+06	2.99421e+06	5.6897e+06
P01034	P01034	CYTC_HUMAN	CST3	Cystatin-C	1.4187e+06	4.07459e+06	1.50602e+06	1.69718e+06
P01040	P01040	CYTA_HUMAN	CSTA	Cystatin-A	2.80559e+06	1.37267e+07	3.93015e+06	1.13942e+07
P01042	P01042	KNG1_HUMAN	KNG1	Kininogen-1	4.02136e+06	1.78287e+07	8.04493e+06	1.1945e+07
P01111	P01111;P01112	RASN_HUMAN	NRAS	GTPase NRas	2.82342e+06	2.12071e+06	2.49725e+06	2.22678e+06
P01116	P01116	RASK_HUMAN	KRAS	GTPase KRas	399322	368898	351493	235795
P01137	P01137	TGFB1_HUMAN	TGFB1	Transforming growth factor beta-1 proprotein	763127	1.28482e+06	1.23886e+06	1.56869e+06
P01344	P01344	IGF2_HUMAN	IGF2	Insulin-like growth factor II	49854	249305	111844	143308
P01584	P01584	IL1B_HUMAN	IL1B	Interleukin-1 beta	261226	1.21712e+06		658708
P01591	P01591	IGJ_HUMAN	JCHAIN	Immunoglobulin J chain	1.73344e+06	6.34855e+06	3.40894e+06	3.78885e+06
P01593	P01593	KVD33_HUMAN	IGKV1D-33	Immunoglobulin kappa variable 1D-33	1.39998e+06	2.78388e+06	2.62845e+06	4.12764e+06
P01597	P01597;P01611;A0A0C4DH72;A0A0C4DH73	KV139_HUMAN	IGKV1-39	Immunoglobulin kappa variable 1-39	903972	1.92927e+06	2.10324e+06	3.59157e+06
P01599	P01599	KV117_HUMAN	IGKV1-17	Immunoglobulin kappa variable 1-17	297429	1.1245e+06	748599	1.11691e+06
P01601	P01601	KVD16_HUMAN	IGKV1D-16	Immunoglobulin kappa variable 1D-16	354365	407321	383323	903649
P01602	P01602;P0DOX7	KV105_HUMAN	IGKV1-5	Immunoglobulin kappa variable 1-5	1.38149e+06	2.81995e+06	2.65492e+06	4.19439e+06
P01614	P01614	KVD40_HUMAN	IGKV2D-40	Immunoglobulin kappa variable 2D-40	7.81715e+06	1.54254e+07	1.69577e+07	2.15543e+07
P01615	P01615	KVD28_HUMAN	IGKV2D-28	Immunoglobulin kappa variable 2D-28	189915	956169	888400	1.03142e+06
P01619	P01619	KV320_HUMAN	IGKV3-20	Immunoglobulin kappa variable 3-20	7.78692e+06	2.29445e+07	1.64396e+07	2.48737e+07
P01700	P01700	LV147_HUMAN	IGLV1-47	Immunoglobulin lambda variable 1-47	5.74068e+06	1.1024e+07	1.07312e+07	1.57253e+07
P01701	P01701	LV151_HUMAN	IGLV1-51	Immunoglobulin lambda variable 1-51	1.34489e+06	8.03814e+06	2.7611e+06	4.66222e+06
P01703	P01703	LV140_HUMAN	IGLV1-40	Immunoglobulin lambda variable 1-40	836467	1.47917e+06	1.31505e+06	2.31438e+06
P01704	P01704	LV214_HUMAN	IGLV2-14	Immunoglobulin lambda variable 2-14		2.58675e+06		
P01705	P01705	LV223_HUMAN	IGLV2-23	Immunoglobulin lambda variable 2-23	344916	259196	471160	1.34341e+06
P01706	P01706	LV211_HUMAN	IGLV2-11	Immunoglobulin lambda variable 2-11	129337		273631	653977
P01709	P01706;P01709;P0DOX8	LV208_HUMAN	IGLV2-8	Immunoglobulin lambda variable 2-8	1.76993e+06	4.96805e+06	2.914e+06	4.51937e+06
P01714	P01714	LV319_HUMAN	IGLV3-19	Immunoglobulin lambda variable 3-19	731925	1.35508e+06	1.34392e+06	2.23844e+06
P01718	P01717;P01718	LV327_HUMAN	IGLV3-27	Immunoglobulin lambda variable 3-27	2.02344e+06	2.2728e+06	2.73072e+06	3.54934e+06
P01721	P01721	LV657_HUMAN	IGLV6-57	Immunoglobulin lambda variable 6-57	182230	1.00156e+06	578829	616196
P01742	P01742	HV169_HUMAN	IGHV1-69	Immunoglobulin heavy variable 1-69	1.0168e+06	5.18583e+06	2.51633e+06	2.78938e+06
P01743	P01743	HV146_HUMAN	IGHV1-46	Immunoglobulin heavy variable 1-46	348063	743909	527572	862737
P01766	P01766	HV313_HUMAN	IGHV3-13	Immunoglobulin heavy variable 3-13	276863	640280	485686	819312
P01768	P01768;P01772;P0DP02	HV330_HUMAN	IGHV3-30	Immunoglobulin heavy variable 3-30	2.46197e+06	5.10296e+06	4.76171e+06	7.74401e+06
P01780	P01780	HV307_HUMAN	IGHV3-7	Immunoglobulin heavy variable 3-7	1.07889e+07	2.79819e+07	1.87957e+07	3.24587e+07
P01782;P0DP04	P01782;P0DP04	HV309_HUMAN;HV43D_HUMAN	IGHV3-43D;IGHV3-9	Immunoglobulin heavy variable 3-9	552471	1.46928e+06	1.03603e+06	1.81883e+06
P01833	P01833	PIGR_HUMAN	PIGR	Polymeric immunoglobulin receptor	6.58202e+06	2.89206e+06	5.00187e+06	542026
P01834	P01834;P0DOX7	IGKC_HUMAN	IGKC	Immunoglobulin kappa constant	7.87711e+07	1.5502e+08	1.56372e+08	2.621e+08
P01854	P01854;P0DOX4	IGHE_HUMAN	IGHE	Immunoglobulin heavy constant epsilon	153104	176567	129596	326507
P01857	P01857;P0DOX5	IGHG1_HUMAN	IGHG1	Immunoglobulin heavy constant gamma 1	2.08063e+08	4.28548e+08	4.34889e+08	7.15471e+08
P01859	P01857;P01859;P0DOX5	IGHG2_HUMAN	IGHG2	Immunoglobulin heavy constant gamma 2	1.0692e+08	1.33237e+08	1.28504e+08	2.8502e+08
P01860	P01860	IGHG3_HUMAN	IGHG3	Immunoglobulin heavy constant gamma 3	2.16666e+08	3.83226e+08	3.86083e+08	6.1606e+08
P01861	P01861	IGHG4_HUMAN	IGHG4	Immunoglobulin heavy constant gamma 4	2.11158e+07	2.41572e+07	2.71927e+07	5.37899e+07
P01871	P01871;P0DOX6	IGHM_HUMAN	IGHM	Immunoglobulin heavy constant mu	5.89231e+06	2.49127e+07	9.17741e+06	1.87431e+07
P01876	P01876;P01877;P0DOX2	IGHA1_HUMAN	IGHA1	Immunoglobulin heavy constant alpha 1	5.25083e+07	8.98755e+07	9.90269e+07	1.38758e+08
P01877	P01877;P0DOX2	IGHA2_HUMAN	IGHA2	Immunoglobulin heavy constant alpha 2	1.65655e+06	8.95941e+06	2.90129e+06	5.05672e+06
P01880	P01880;P0DOX3	IGHD_HUMAN	IGHD	Immunoglobulin heavy constant delta	320048	129352	785949	618657
P01903	P01903;P01906	DRA_HUMAN	HLA-DRA	HLA class II histocompatibility antigen, DR alpha chain	4.95382e+06	6.72655e+06	5.84679e+06	1.30333e+07
P01906	P01906;P01909	DQA2_HUMAN	HLA-DQA2	HLA class II histocompatibility antigen, DQ alpha 2 chain	639973	1.41461e+06	750130	1.74212e+06
P01909	P01909	DQA1_HUMAN	HLA-DQA1	HLA class II histocompatibility antigen, DQ alpha 1 chain	117246		136692	198558
P02008	P02008	HBAZ_HUMAN	HBZ	Hemoglobin subunit zeta	129947	696626	170275	181570
P02042	P02042	HBD_HUMAN	HBD	Hemoglobin subunit delta	7.52145e+07	3.21762e+08	9.04769e+08	2.79207e+08
P02100	P02100	HBE_HUMAN	HBE1	Hemoglobin subunit epsilon		322590	792067	642911
P02452	P02452	CO1A1_HUMAN	COL1A1	Collagen alpha-1(I) chain	1.594e+07	1.72118e+07	2.80716e+07	1.25024e+07
P02458	P02458	CO2A1_HUMAN	COL2A1	Collagen alpha-1(II) chain			69715.4	
P02461	P02461	CO3A1_HUMAN	COL3A1	Collagen alpha-1(III) chain	4.96182e+06	3.6981e+06	6.16269e+06	4.53473e+06
P02462	P02462;P29400	CO4A1_HUMAN	COL4A1	Collagen alpha-1(IV) chain	3.25657e+06	2.6732e+06	1.82518e+06	2.46168e+06
P02511	P02511	CRYAB_HUMAN	CRYAB	Alpha-crystallin B chain	1.00316e+06	372446	1.15095e+06	762075
P02533	P02533	K1C14_HUMAN	KRT14	Keratin, type I cytoskeletal 14	6.90112e+06	2.31177e+07	3.34718e+07	2.05044e+07
P02538	P02538;P04259;P48668	K2C6A_HUMAN	KRT6A	Keratin, type II cytoskeletal 6A	3.13643e+06	1.01499e+07	1.09695e+07	8.14551e+06
P02545	P02545	LMNA_HUMAN	LMNA	Prelamin-A/C	1.0332e+07	6.60713e+06	8.68442e+06	7.1894e+06
P02549	P02549	SPTA1_HUMAN	SPTA1	Spectrin alpha chain, erythrocytic 1	1.02224e+06	3.94411e+06	1.3569e+07	5.53747e+06
P02647	P02647	APOA1_HUMAN	APOA1	Apolipoprotein A-I	6.88604e+07	3.17475e+08	6.99607e+07	1.10234e+08
P02649	P02649	APOE_HUMAN	APOE	Apolipoprotein E	4.50614e+06	6.62267e+06	9.65922e+06	6.42192e+06
P02652	P02652	APOA2_HUMAN	APOA2	Apolipoprotein A-II	1.00413e+06	7.65251e+06	1.44912e+06	4.83529e+06
P02654	P02654	APOC1_HUMAN	APOC1	Apolipoprotein C-I	2.05251e+06	3.61719e+07	4.537e+06	1.78767e+07
P02656	P02656	APOC3_HUMAN	APOC3	Apolipoprotein C-III	1.09553e+06	1.37038e+07	4.32165e+06	1.01024e+07
P02671	P02671	FIBA_HUMAN	FGA	Fibrinogen alpha chain	6.20465e+07	5.9792e+07	1.28149e+08	1.13722e+08
P02675	P02675	FIBB_HUMAN	FGB	Fibrinogen beta chain	5.72089e+07	3.46538e+07	1.17606e+08	1.12707e+08
P02679	P02679	FIBG_HUMAN	FGG	Fibrinogen gamma chain	3.42883e+07	2.4355e+07	6.67181e+07	5.87009e+07
P02730	P02730	B3AT_HUMAN	SLC4A1	Band 3 anion transport protein	2.03007e+06	5.50559e+06	3.06734e+07	1.859e+06
P02741	P02741	CRP_HUMAN	CRP	C-reactive protein	247673	7.66424e+06	158013	690133
P02743	P02743	SAMP_HUMAN	APCS	Serum amyloid P-component	8.04466e+06	2.03792e+07	1.42316e+07	2.90185e+07
P02745	P02745	C1QA_HUMAN	C1QA	Complement C1q subcomponent subunit A	3.25087e+06	4.91656e+06	4.43056e+06	8.11388e+06
P02746	P02746	C1QB_HUMAN	C1QB	Complement C1q subcomponent subunit B	4.5962e+06	8.7478e+06	5.88163e+06	1.08144e+07
P02747	P02747	C1QC_HUMAN	C1QC	Complement C1q subcomponent subunit C	5.46059e+06	9.53219e+06	6.53072e+06	1.03632e+07
P02748	P02748	CO9_HUMAN	C9	Complement component C9	3.23552e+06	1.74588e+07	4.2005e+06	1.56467e+07
P02749	P02749	APOH_HUMAN	APOH	Beta-2-glycoprotein 1	7.5877e+06	3.58751e+07	1.62012e+07	3.52842e+07
P02750	P02750	A2GL_HUMAN	LRG1	Leucine-rich alpha-2-glycoprotein	2.13546e+06	1.59063e+07	1.00266e+06	4.57113e+06
P02751	P02751	FINC_HUMAN	FN1	Fibronectin	1.07039e+07	2.87837e+07	7.22127e+06	4.176e+07
P02753	P02753	RET4_HUMAN	RBP4	Retinol-binding protein 4	1.13771e+06	6.20979e+06	1.9277e+06	4.37147e+06
P02760	P02760	AMBP_HUMAN	AMBP	Protein AMBP	1.61945e+06	7.48039e+06	3.78352e+06	5.1723e+06
P02763	P02763	A1AG1_HUMAN	ORM1	Alpha-1-acid glycoprotein 1	1.39199e+07	1.50843e+08	1.55031e+07	5.771e+07
P02765	P02765	FETUA_HUMAN	AHSG	Alpha-2-HS-glycoprotein	7.07401e+06	1.73995e+07	1.14208e+07	1.87851e+07
P02766	P02766	TTHY_HUMAN	TTR	Transthyretin	6.15486e+06	1.80648e+07	1.07336e+07	1.9175e+07
P02768	P02768	ALBU_HUMAN	ALB	Albumin	1.1244e+09	2.83807e+09	2.09908e+09	3.04715e+09
P02774	P02774	VTDB_HUMAN	GC	Vitamin D-binding protein	9.78098e+06	4.19995e+07	1.72405e+07	2.83692e+07
P02775	P02775	CXCL7_HUMAN	PPBP	Platelet basic protein	1.20742e+06	4.87429e+06	1.04133e+07	1.08907e+07
P02776	P02776;P10720	PLF4_HUMAN	PF4	Platelet factor 4	1.26024e+06	2.06119e+06	1.10477e+07	4.77816e+06
P02786	P02786	TFR1_HUMAN	TFRC	Transferrin receptor protein 1	2.16005e+06	1.76681e+06	1.47962e+06	1.42017e+06
P02787	P02787	TRFE_HUMAN	TF	Serotransferrin	4.53838e+07	1.15531e+08	8.30074e+07	1.21079e+08
P02788	P02788	TRFL_HUMAN	LTF	Lactotransferrin	8.54171e+07	9.35618e+07	6.96721e+07	2.41911e+08
P02790	P02790	HEMO_HUMAN	HPX	Hemopexin	2.01736e+07	7.27856e+07	3.28268e+07	4.63989e+07
P02792	P02792	FRIL_HUMAN	FTL	Ferritin light chain	4.73103e+07	9.32022e+07	3.80234e+07	1.66559e+08
P02794	P02794	FRIH_HUMAN	FTH1	Ferritin heavy chain	4.72979e+07	1.28656e+08	2.87286e+07	2.87697e+08
P02795	P02795;P04732;P13640;P80297;Q8N339	MT2_HUMAN	MT2A	Metallothionein-2	5.6227e+06	1.31848e+07	3.90148e+06	1.63558e+07
P03891	P03891	NU2M_HUMAN	MT-ND2	NADH-ubiquinone oxidoreductase chain 2	54830.4			
P03950	P03950	ANGI_HUMAN	ANG	Angiogenin	629680	694501	603671	632781
P03951	P03951	FA11_HUMAN	F11	Coagulation factor XI	279639	526143	357906	470825
P03952	P03952	KLKB1_HUMAN	KLKB1	Plasma kallikrein	983076	2.61504e+06	1.72813e+06	2.87615e+06
P03956	P03956	MMP1_HUMAN	MMP1	Interstitial collagenase	1.134e+06	4.46084e+06	796656	2.85488e+06
P04003	P04003	C4BPA_HUMAN	C4BPA	C4b-binding protein alpha chain	2.95638e+06	2.52566e+07	8.10144e+06	2.05022e+07
P04004	P04004	VTNC_HUMAN	VTN	Vitronectin	2.3657e+06	2.38197e+07	4.52465e+06	2.29555e+07
P04040	P04040	CATA_HUMAN	CAT	Catalase	1.47318e+07	4.35203e+07	4.30486e+07	4.67463e+07
P04054	P04054	PA21B_HUMAN	PLA2G1B	Phospholipase A2		370216	522458	1.41182e+06
P04062	P04062	GBA1_HUMAN	GBA1	Lysosomal acid glucosylceramidase	1.86305e+06	2.73222e+06	2.52571e+06	3.70249e+06
P04066	P04066	FUCO_HUMAN	FUCA1	Tissue alpha-L-fucosidase	2.40643e+06	4.177e+06	4.50274e+06	4.60373e+06
P04070	P04070	PROC_HUMAN	PROC	Vitamin K-dependent protein C	176671	579557	318571	1.06465e+06
P04075	P04075	ALDOA_HUMAN	ALDOA	Fructose-bisphosphate aldolase A	4.47859e+07	4.14393e+07	3.11772e+07	2.99178e+07
P04080	P04080	CYTB_HUMAN	CSTB	Cystatin-B	1.40016e+07	1.84946e+07	8.49476e+06	1.37509e+07
P04083	P04083	ANXA1_HUMAN	ANXA1	Annexin A1	3.16681e+07	6.57718e+07	3.22378e+07	6.46658e+07
P04114	P04114	APOB_HUMAN	APOB	Apolipoprotein B-100	3.09231e+07	3.48334e+07	5.13898e+07	4.8895e+07
P04156	P04156	PRIO_HUMAN	PRNP	Major prion protein	473771	467484	722170	726530
P04179	P04179	SODM_HUMAN	SOD2	Superoxide dismutase [Mn], mitochondrial	6.79428e+07	1.19915e+08	6.56562e+07	4.11078e+08
P04180	P04180	LCAT_HUMAN	LCAT	Phosphatidylcholine-sterol acyltransferase	138115	268768	122627	254474
P04181	P04181	OAT_HUMAN	OAT	Ornithine aminotransferase, mitochondrial	655560	954363	617636	821407
P04183	P04183	KITH_HUMAN	TK1	Thymidine kinase, cytosolic	335232			
P04196	P04196	HRG_HUMAN	HRG	Histidine-rich glycoprotein	3.27891e+06	1.48925e+07	4.78141e+06	1.28362e+07
P04211	P04211;A0A075B6I9	LV743_HUMAN	IGLV7-43	Immunoglobulin lambda variable 7-43	1.79848e+06	3.13174e+06	3.12659e+06	4.87972e+06
P04216	P04216	THY1_HUMAN	THY1	Thy-1 membrane glycoprotein	1.30988e+07	9.81198e+06	1.43274e+07	5.58258e+06
P04217	P04217	A1BG_HUMAN	A1BG	Alpha-1B-glycoprotein	5.2733e+06	2.03531e+07	8.77466e+06	1.46166e+07
P04233	P04233	HG2A_HUMAN	CD74	HLA class II histocompatibility antigen gamma chain	1.0277e+06	431343	1.16856e+06	441918
P04259	P04259;P48668	K2C6B_HUMAN	KRT6B	Keratin, type II cytoskeletal 6B	2.48411e+06	7.38885e+06	4.13056e+06	4.33542e+06
P04264	P04259;P04264	K2C1_HUMAN	KRT1	Keratin, type II cytoskeletal 1	9.25377e+07	3.16076e+08	3.66743e+08	1.55046e+08
P04275	P04275	VWF_HUMAN	VWF	von Willebrand factor	711017	657963	786221	619763
P04278	P04278	SHBG_HUMAN	SHBG	Sex hormone-binding globulin	34684.9	382527	42934.1	81986.7
P04350	P04350	TBB4A_HUMAN	TUBB4A	Tubulin beta-4A chain	5.03937e+06	3.21748e+06	5.62888e+06	2.48632e+06
P04406	P04406	G3P_HUMAN	GAPDH	Glyceraldehyde-3-phosphate dehydrogenase	2.98382e+08	1.62283e+08	1.89317e+08	2.08242e+08
P04424	P04424	ARLY_HUMAN	ASL	Argininosuccinate lyase	751023	869063	745902	729201
P04430	P04430	KV116_HUMAN	IGKV1-16	Immunoglobulin kappa variable 1-16	338058	612842	609746	716356
P04632	P04632;Q96L46	CPNS1_HUMAN	CAPNS1	Calpain small subunit 1	5.15101e+06	5.51745e+06	5.24128e+06	2.48031e+06
P04733	P04733	MT1F_HUMAN	MT1F	Metallothionein-1F	255842	122279	93546.9	102327
P04792	P04792	HSPB1_HUMAN	HSPB1	Heat shock protein beta-1	2.3548e+07	9.1067e+06	3.00606e+07	5.70879e+06
P04798	P04798	CP1A1_HUMAN	CYP1A1	Cytochrome P450 1A1	127109		150214	
P04839	P04839	CY24B_HUMAN	CYBB	Cytochrome b-245 heavy chain	4.18608e+06	1.28156e+07	4.26431e+06	1.24528e+07
P04843	P04843	RPN1_HUMAN	RPN1	Dolichyl-diphosphooligosaccharide--protein glycosyltransferase subunit 1	6.48847e+06	4.98134e+06	6.70528e+06	3.02913e+06
P04844	P04844	RPN2_HUMAN	RPN2	Dolichyl-diphosphooligosaccharide--protein glycosyltransferase subunit 2	1.40806e+06	1.87659e+06	1.69132e+06	882474
P04899	P04899	GNAI2_HUMAN	GNAI2	Guanine nucleotide-binding protein G(i) subunit alpha-2	4.57151e+06	6.79015e+06	5.55622e+06	4.91022e+06
P04908;Q7L7L0;Q93077	P04908;Q7L7L0;Q93077	H2A1B_HUMAN;H2A1C_HUMAN;H2A3_HUMAN	H2AC25;H2AC4;H2AC6	Histone H2A type 1-B/E	147134	775299		633313
P05023	P05023	AT1A1_HUMAN	ATP1A1	Sodium/potassium-transporting ATPase subunit alpha-1	8.48855e+07	8.23482e+07	8.95058e+07	2.71987e+07
P05026	P05026	AT1B1_HUMAN	ATP1B1	Sodium/potassium-transporting ATPase subunit beta-1	3.10816e+06	3.92428e+06	2.69263e+06	749900
P05067	P05067	A4_HUMAN	APP	Amyloid-beta precursor protein	762081	716502	802702	586774
P05089	P05089	ARGI1_HUMAN	ARG1	Arginase-1	1.81985e+06	4.88825e+06	2.46843e+06	7.0869e+06
P05090	P05090	APOD_HUMAN	APOD	Apolipoprotein D	6.46992e+06	2.20699e+07	5.36974e+06	1.96251e+07
P05091	O94788;P05091	ALDH2_HUMAN	ALDH2	Aldehyde dehydrogenase, mitochondrial	2.33245e+06	915500	3.44938e+06	1.22073e+06
P05106	P05106	ITB3_HUMAN	ITGB3	Integrin beta-3	2.28156e+06	5.6592e+06	9.76511e+06	7.15355e+06
P05107	P05107	ITB2_HUMAN	ITGB2	Integrin beta-2	4.838e+06	2.75182e+07	5.14553e+06	2.61304e+07
P05109	P05109	S10A8_HUMAN	S100A8	Protein S100-A8	1.27934e+08	1.04977e+09	1.00115e+08	7.93129e+08
P05114	P05114	HMGN1_HUMAN	HMGN1	Non-histone chromosomal protein HMG-14	2.89976e+06	3.65435e+06	2.85257e+06	2.39147e+06
P05120	P05120	PAI2_HUMAN	SERPINB2	Plasminogen activator inhibitor 2	54651.2	182642	70521.7	247485
P05121	P05121	PAI1_HUMAN	SERPINE1	Plasminogen activator inhibitor 1	1.36431e+06	1.32539e+07	688276	6.66415e+06
P05141	P05141;P12235;P12236;Q9H0C2	ADT2_HUMAN	SLC25A5	ADP/ATP translocase 2	2.67798e+07	2.5428e+07	2.79414e+07	1.21996e+07
P05154	P05154	IPSP_HUMAN	SERPINA5	Plasma serine protease inhibitor	1.84209e+06	3.55189e+06	2.29625e+06	4.48886e+06
P05155	P05155	IC1_HUMAN	SERPING1	Plasma protease C1 inhibitor	4.90664e+06	2.10376e+07	7.68766e+06	7.07911e+06
P05156	P05156	CFAI_HUMAN	CFI	Complement factor I	1.15747e+06	5.63483e+06	2.15096e+06	4.58531e+06
P05160	P05160	F13B_HUMAN	F13B	Coagulation factor XIII B chain	290893	3.93398e+06	1.33989e+06	5.35255e+06
P05161	P05161	ISG15_HUMAN	ISG15	Ubiquitin-like protein ISG15	1.42633e+06	729008	1.55947e+06	679122
P05164	P05164	PERM_HUMAN	MPO	Myeloperoxidase	8.11032e+07	2.05538e+08	6.33975e+07	1.96523e+08
P05166	P05166	PCCB_HUMAN	PCCB	Propionyl-CoA carboxylase beta chain, mitochondrial	284321	901174	305538	
P05186	P05186	PPBT_HUMAN	ALPL	Alkaline phosphatase, tissue-nonspecific isozyme	707161	1.81522e+06	274607	2.42045e+06
P05198	P05198	IF2A_HUMAN	EIF2S1	Eukaryotic translation initiation factor 2 subunit 1	3.03141e+06	1.37764e+06	2.44421e+06	1.23089e+06
P05204	P05204;O00479	HMGN2_HUMAN	HMGN2	Non-histone chromosomal protein HMG-17	3.21034e+06	5.00448e+06	2.46812e+06	3.87672e+06
P05231	P05231	IL6_HUMAN	IL6	Interleukin-6		355889		71105.7
P05362	P05362	ICAM1_HUMAN	ICAM1	Intercellular adhesion molecule 1	2.47734e+06	3.83225e+06	2.87876e+06	3.64054e+06
P05386	P05386	RLA1_HUMAN	RPLP1	Large ribosomal subunit protein P1	77773.5	356399	175289	121500
P05387	P05387	RLA2_HUMAN	RPLP2	Large ribosomal subunit protein P2	727382	2.17741e+06	464581	650104
P05388	P05388	RLA0_HUMAN	RPLP0	Large ribosomal subunit protein uL10	2.24599e+06	606592	2.00271e+06	231768
P05413	P05413	FABPH_HUMAN	FABP3	Fatty acid-binding protein, heart	1.93246e+06	990252	2.81088e+06	1.68312e+06
P05451	P05451	REG1A_HUMAN	REG1A	Lithostathine-1-alpha	2.61154e+06	6.04325e+06	537952	453173
P05452	P05452	TETN_HUMAN	CLEC3B	Tetranectin	2.78901e+06	4.30268e+06	5.35874e+06	5.40241e+06
P05455	P05455	LA_HUMAN	SSB	Lupus La protein	5.33704e+06	2.79156e+06	5.15141e+06	2.68603e+06
P05496;P48201;Q06055	P05496;P48201;Q06055	AT5G1_HUMAN;AT5G2_HUMAN;AT5G3_HUMAN	ATP5MC1;ATP5MC2;ATP5MC3	ATP synthase F(0) complex subunit C1, mitochondrial	222026	284199	151666	143013
P05543	P05543	THBG_HUMAN	SERPINA7	Thyroxine-binding globulin	303808	822110	479940	390719
P05546	P05546	HEP2_HUMAN	SERPIND1	Heparin cofactor 2	2.29476e+06	9.18917e+06	3.98977e+06	9.53916e+06
P05556	P05556	ITB1_HUMAN	ITGB1	Integrin beta-1	1.45619e+07	1.66583e+07	1.45455e+07	1.40332e+07
P05771	P05771	KPCB_HUMAN	PRKCB	Protein kinase C beta type	355238	388418	575739	758126
P05783	P05783	K1C18_HUMAN	KRT18	Keratin, type I cytoskeletal 18	6.36603e+06	1.38638e+07	5.21448e+06	2.4538e+06
P05787	P05787	K2C8_HUMAN	KRT8	Keratin, type II cytoskeletal 8	6.94289e+06	1.84823e+07	2.31456e+06	3.38103e+06
P05976;P08590	P05976;P08590	MYL1_HUMAN;MYL3_HUMAN	MYL1;MYL3	Myosin light chain 1/3, skeletal muscle isoform	116849	142607	87043.8	
P05997	P05997	CO5A2_HUMAN	COL5A2	Collagen alpha-2(V) chain	4.28372e+06	2.74089e+06	2.67938e+06	3.28029e+06
P06127	P06127	CD5_HUMAN	CD5	T-cell surface glycoprotein CD5	306683	197029	154495	186392
P06132	P06132	DCUP_HUMAN	UROD	Uroporphyrinogen decarboxylase	1.18162e+06	882417	2.03596e+06	759000
P06276	P06276	CHLE_HUMAN	BCHE	Cholinesterase	74148.6	187077	148810	102794
P06280	P06280	AGAL_HUMAN	GLA	Alpha-galactosidase A	784429	527512	753744	768947
P06310	P06310	KV230_HUMAN	IGKV2-30	Immunoglobulin kappa variable 2-30	4.007e+06	4.62368e+06	3.45903e+06	1.48266e+07
P06312	P06312	KV401_HUMAN	IGKV4-1	Immunoglobulin kappa variable 4-1	8.43242e+06	1.71189e+07	1.74169e+07	3.12425e+07
P06396	P06396	GELS_HUMAN	GSN	Gelsolin	4.81517e+07	8.36485e+07	7.63341e+07	1.03498e+08
P06400	P06400	RB_HUMAN	RB1	Retinoblastoma-associated protein	146529	43159.7		
P06454	P06454	PTMA_HUMAN	PTMA	Prothymosin alpha	758605	1.21943e+06	407117	426115
P06493	P06493	CDK1_HUMAN	CDK1	Cyclin-dependent kinase 1	305087	165787	158708	
P06576	P06576	ATPB_HUMAN	ATP5F1B	ATP synthase subunit beta, mitochondrial	9.55218e+06	7.22452e+06	1.22178e+07	2.69945e+06
P06681	P06681	CO2_HUMAN	C2	Complement C2	1.10994e+06	2.95021e+06	1.6517e+06	1.97547e+06
P06702	P06702	S10A9_HUMAN	S100A9	Protein S100-A9	7.42927e+07	8.49427e+08	9.00109e+07	6.16432e+08
P06703	P06703	S10A6_HUMAN	S100A6	Protein S100-A6	6.09101e+07	1.65813e+08	5.36768e+07	9.1465e+07
P06727	P06727	APOA4_HUMAN	APOA4	Apolipoprotein A-IV	1.72011e+06	8.46188e+06	1.9206e+06	5.05175e+06
P06730	P06730	IF4E_HUMAN	EIF4E	Eukaryotic translation initiation factor 4E	2.26404e+06	1.64701e+06	2.05371e+06	1.48974e+06
P06731	P06731	CEAM5_HUMAN	CEACAM5	Carcinoembryonic antigen-related cell adhesion molecule 5	2.20591e+07	3.99205e+07	1.24319e+07	1.32867e+06
P06733	P06733	ENOA_HUMAN	ENO1	Alpha-enolase	1.23765e+08	1.43612e+08	7.58625e+07	1.76769e+08
P06737	P06737;P11216;P11217	PYGL_HUMAN	PYGL	Glycogen phosphorylase, liver form	4.68756e+06	6.00531e+06	4.59691e+06	7.51603e+06
P06744	P06744	G6PI_HUMAN	GPI	Glucose-6-phosphate isomerase	6.43267e+06	7.7189e+06	9.61123e+06	1.51921e+07
P06746	P06746	DPOLB_HUMAN	POLB	DNA polymerase beta	353912	231604	281865	
P06748	P06748	NPM_HUMAN	NPM1	Nucleophosmin	1.54707e+07	1.37418e+07	1.33096e+07	1.39042e+07
P06753	P06753	TPM3_HUMAN	TPM3	Tropomyosin alpha-3 chain	1.45806e+07	2.14008e+07	1.45397e+07	2.82722e+07
P06756	P06756	ITAV_HUMAN	ITGAV	Integrin alpha-V	3.32747e+06	4.40204e+06	4.71752e+06	4.51112e+06
P06865	P06865	HEXA_HUMAN	HEXA	Beta-hexosaminidase subunit alpha	3.08181e+06	3.90603e+06	4.15417e+06	3.93502e+06
P07093	P07093	GDN_HUMAN	SERPINE2	Glia-derived nexin	425857	360182	1.19786e+06	1.94731e+06
P07099	P07099	HYEP_HUMAN	EPHX1	Epoxide hydrolase 1	492204	975555	795963	311876
P07108	P07108	ACBP_HUMAN	DBI	Acyl-CoA-binding protein	7.41881e+06	1.09262e+07	2.49595e+06	8.20212e+06
P07148	P07148	FABPL_HUMAN	FABP1	Fatty acid-binding protein, liver	3.6096e+07	4.15553e+07	3.05349e+07	5.03455e+06
P07195	P07195	LDHB_HUMAN	LDHB	L-lactate dehydrogenase B chain	1.60292e+07	1.34885e+07	2.12302e+07	7.74035e+06
P07203	P07203	GPX1_HUMAN	GPX1	Glutathione peroxidase 1	2.34572e+06	1.34627e+06	3.3587e+06	1.8049e+06
P07204	P07204	TRBM_HUMAN	THBD	Thrombomodulin	86514.4		97027.7	75552.7
P07205	P07205	PGK2_HUMAN	PGK2	Phosphoglycerate kinase 2	393492	726804	519093	720333
P07225	P07225	PROS_HUMAN	PROS1	Vitamin K-dependent protein S	1.23896e+06	7.78595e+06	3.61457e+06	9.26053e+06
P07237	P07237	PDIA1_HUMAN	P4HB	Protein disulfide-isomerase	2.57178e+07	2.1903e+07	2.18735e+07	2.24393e+07
P07305	P07305	H10_HUMAN	H1-0	Histone H1.0	1.93489e+06	7.66981e+06	2.0975e+06	1.338e+07
P07311	P07311	ACYP1_HUMAN	ACYP1	Acylphosphatase-1	2.77941e+06	3.70037e+06	3.50766e+06	3.41715e+06
P07339	P07339	CATD_HUMAN	CTSD	Cathepsin D	2.1265e+07	1.79258e+07	2.46281e+07	2.83118e+07
P07355	A6NMY6;P07355	ANXA2_HUMAN	ANXA2	Annexin A2	6.73441e+07	4.14193e+07	7.23246e+07	5.2315e+07
P07357	P07357	CO8A_HUMAN	C8A	Complement component C8 alpha chain	1.7564e+06	5.85531e+06	2.72968e+06	6.23489e+06
P07358	P07358	CO8B_HUMAN	C8B	Complement component C8 beta chain	1.35698e+06	4.32684e+06	2.12325e+06	4.48718e+06
P07359	P07359	GP1BA_HUMAN	GP1BA	Platelet glycoprotein Ib alpha chain	96616.5	423496	737518	373904
P07360	P07360	CO8G_HUMAN	C8G	Complement component C8 gamma chain	1.5046e+06	4.68935e+06	2.36706e+06	5.01715e+06
P07384	P07384	CAN1_HUMAN	CAPN1	Calpain-1 catalytic subunit	4.54172e+06	7.18731e+06	7.2549e+06	5.53042e+06
P07437	P04350;P07437;P68371	TBB5_HUMAN	TUBB	Tubulin beta chain	1.24554e+07	9.26193e+06	1.65993e+07	6.42443e+06
P07451	P07451	CAH3_HUMAN	CA3	Carbonic anhydrase 3	371823	3.94337e+06	3.00978e+06	1.76278e+06
P07477	P07477;Q9BYE2	TRY1_HUMAN	PRSS1	Serine protease 1	2.37911e+07	1.50866e+07	9.7624e+06	1.19621e+07
P07478	P07478	TRY2_HUMAN	PRSS2	Trypsin-2			625135	591607
P07585	P07585	PGS2_HUMAN	DCN	Decorin	1.02092e+07	1.5415e+07	2.53715e+07	2.0054e+07
P07602	P07602	SAP_HUMAN	PSAP	Prosaposin	1.018e+07	2.9395e+07	1.19569e+07	3.19903e+07
P07686	P07686	HEXB_HUMAN	HEXB	Beta-hexosaminidase subunit beta	4.58999e+06	5.31206e+06	6.03982e+06	5.07452e+06
P07711	P07711	CATL1_HUMAN	CTSL	Procathepsin L	3.13681e+06	3.66563e+06	3.21827e+06	5.72056e+06
P07737	P07737	PROF1_HUMAN	PFN1	Profilin-1	1.14748e+08	1.08538e+08	7.68278e+07	1.29254e+08
P07738	P07738	PMGE_HUMAN	BPGM	Bisphosphoglycerate mutase	1.90778e+06	4.90342e+06	1.3248e+07	3.24513e+06
P07741	P07741	APT_HUMAN	APRT	Adenine phosphoribosyltransferase	7.16014e+06	3.489e+06	5.7063e+06	1.91218e+06
P07814	P07814	SYEP_HUMAN	EPRS1	Bifunctional glutamate/proline--tRNA ligase	2.06566e+06	1.34521e+06	1.84338e+06	974047
P07858	P07858	CATB_HUMAN	CTSB	Cathepsin B	2.6551e+07	1.98602e+07	1.93903e+07	4.82738e+07
P07900	P07900	HS90A_HUMAN	HSP90AA1	Heat shock protein HSP 90-alpha	3.14389e+07	1.64876e+07	2.76395e+07	1.18911e+07
P07902	P07902	GALT_HUMAN	GALT	Galactose-1-phosphate uridylyltransferase	548081	481322	571565	563803
P07910	P07910	HNRPC_HUMAN	HNRNPC	Heterogeneous nuclear ribonucleoproteins C1/C2	3.26425e+07	2.04874e+07	2.33279e+07	2.45112e+07
P07919	P07919	QCR6_HUMAN	UQCRH	Cytochrome b-c1 complex subunit 6, mitochondrial	329182	1.02959e+06		598406
P07942	P07942	LAMB1_HUMAN	LAMB1	Laminin subunit beta-1	7.42959e+06	3.71305e+06	4.79077e+06	2.94666e+06
P07948	P07948	LYN_HUMAN	LYN	Tyrosine-protein kinase Lyn	594430	787437	707150	848440
P07951	P07951	TPM2_HUMAN	TPM2	Tropomyosin beta chain	1.23056e+07	1.33352e+07	9.68503e+06	7.18941e+06
P07954	P07954	FUMH_HUMAN	FH	Fumarate hydratase, mitochondrial	2.22872e+06	2.01978e+06	2.24147e+06	982059
P07996	P07996	TSP1_HUMAN	THBS1	Thrombospondin-1	5.44183e+06	2.06913e+07	1.09344e+07	1.34951e+07
P07998	P07998	RNAS1_HUMAN	RNASE1	Ribonuclease pancreatic	544184	719499	335053	452069
P08123	P08123	CO1A2_HUMAN	COL1A2	Collagen alpha-2(I) chain	6.9245e+06	9.97876e+06	1.05719e+07	5.34277e+06
P08133	P08133	ANXA6_HUMAN	ANXA6	Annexin A6	2.51846e+07	3.67528e+07	2.7013e+07	3.43292e+07
P08134	P08134	RHOC_HUMAN	RHOC	Rho-related GTP-binding protein RhoC	3.44906e+06	1.69897e+06	2.81177e+06	1.13916e+06
P08174	P08174	DAF_HUMAN	CD55	Complement decay-accelerating factor	1.089e+06	1.46665e+06	1.2089e+06	1.6421e+06
P08183	P08183;P21439	MDR1_HUMAN	ABCB1	ATP-dependent translocase ABCB1	152123		238002	
P08185	P08185	CBG_HUMAN	SERPINA6	Corticosteroid-binding globulin	621293	2.25268e+06	857074	822688
P08195	P08195	4F2_HUMAN	SLC3A2	Amino acid transporter heavy chain SLC3A2	886512	926760	819504	567143
P08236	P08236	BGLR_HUMAN	GUSB	Beta-glucuronidase	2.38459e+06	3.91152e+06	3.21391e+06	5.97255e+06
P08237	P08237	PFKAM_HUMAN	PFKM	ATP-dependent 6-phosphofructokinase, muscle type	920105	666003	1.02216e+06	420642
P08238	P08238	HS90B_HUMAN	HSP90AB1	Heat shock protein HSP 90-beta	1.67896e+07	8.49616e+06	1.29977e+07	4.11352e+06
P08240	P08240	SRPRA_HUMAN	SRPRA	Signal recognition particle receptor subunit alpha	233189	322207	289210	155532
P08243	P08243	ASNS_HUMAN	ASNS	Asparagine synthetase [glutamine-hydrolyzing]	110292	87703.2	63894.5	39461.6
P08246	P08246	ELNE_HUMAN	ELANE	Neutrophil elastase	2.63316e+07	1.74417e+08	2.34593e+07	9.79761e+07
P08253	P08253	MMP2_HUMAN	MMP2	72 kDa type IV collagenase	938803	1.66179e+06	1.89598e+06	1.5073e+06
P08254	P08254	MMP3_HUMAN	MMP3	Stromelysin-1	775950	5.52181e+06	875333	4.77802e+06
P08263;P09210	P08263;P09210	GSTA1_HUMAN;GSTA2_HUMAN	GSTA1;GSTA2	Glutathione S-transferase A1	250260	493645	267788	421855
P08294	P08294	SODE_HUMAN	SOD3	Extracellular superoxide dismutase [Cu-Zn]	1.69003e+06	1.01305e+06	1.84821e+06	632788
P08311	P08311	CATG_HUMAN	CTSG	Cathepsin G	2.24241e+07	2.73125e+07	1.48828e+07	2.15292e+07
P08397	P08397	HEM3_HUMAN	HMBS	Porphobilinogen deaminase	904569	960300	1.97297e+06	1.16929e+06
P08473	P08473	NEP_HUMAN	MME	Neprilysin	442112	1.31206e+06	336965	1.26388e+06
P08476	P08476	INHBA_HUMAN	INHBA	Inhibin beta A chain	239888	549370	136902	342851
P08514	P08514	ITA2B_HUMAN	ITGA2B	Integrin alpha-IIb	1.70441e+06	5.65045e+06	1.05955e+07	6.80395e+06
P08519	P08519	APOA_HUMAN	LPA	Apolipoprotein(a)	362813		517231	785962
P08559	P08559;P29803	ODPA_HUMAN	PDHA1	Pyruvate dehydrogenase E1 component subunit alpha, somatic form, mitochondrial	1.60014e+06	815763	1.70334e+06	425099
P08567	P08567	PLEK_HUMAN	PLEK	Pleckstrin	1.51071e+06	3.58275e+06	3.38578e+06	3.21485e+06
P08571	P08571	CD14_HUMAN	CD14	Monocyte differentiation antigen CD14	1.63345e+06	2.00573e+06	1.71829e+06	3.38231e+06
P08572	P08572	CO4A2_HUMAN	COL4A2	Collagen alpha-2(IV) chain	5.77789e+06	5.27179e+06	2.73016e+06	3.34945e+06
P08574	P08574	CY1_HUMAN	CYC1	Cytochrome c1, heme protein, mitochondrial	871534	844623	762544	308364
P08575	P08575	PTPRC_HUMAN	PTPRC	Receptor-type tyrosine-protein phosphatase C	2.94232e+06	7.30965e+06	2.99064e+06	8.44008e+06
P08579	P08579	RU2B_HUMAN	SNRPB2	U2 small nuclear ribonucleoprotein B''	497992	512846	470313	426555
P08582	P08582	TRFM_HUMAN	MELTF	Melanotransferrin	108803	251206		165795
P08603	P08603	CFAH_HUMAN	CFH	Complement factor H	8.02775e+06	2.30099e+07	1.49937e+07	3.18825e+07
P08621	P08621	RU17_HUMAN	SNRNP70	U1 small nuclear ribonucleoprotein 70 kDa	2.67842e+06	1.44884e+06	1.25371e+06	1.87878e+06
P08631	P08631	HCK_HUMAN	HCK	Tyrosine-protein kinase HCK	2.04615e+06	2.38678e+06	1.57107e+06	3.4902e+06
P08637	P08637	FCG3A_HUMAN	FCGR3A	Low affinity immunoglobulin gamma Fc region receptor III-A	1.62691e+06	3.42723e+06	1.17857e+06	6.23903e+06
P08648	P08648	ITA5_HUMAN	ITGA5	Integrin alpha-5	5.16084e+06	1.00788e+07	4.07539e+06	7.69117e+06
P08651	O00712;P08651;Q12857;Q14938	NFIC_HUMAN	NFIC	Nuclear factor 1 C-type	1.80628e+06		3.90198e+06	2.28799e+06
P08670	P08670	VIME_HUMAN	VIM	Vimentin	7.85952e+06	2.95003e+07	7.38662e+06	2.49237e+07
P08697	P08697	A2AP_HUMAN	SERPINF2	Alpha-2-antiplasmin	1.29751e+06	5.93917e+06	2.23174e+06	7.51199e+06
P08708	P08708	RS17_HUMAN	RPS17	Small ribosomal subunit protein eS17	3.25015e+06	1.35904e+06	2.80311e+06	881981
P08709	P08709	FA7_HUMAN	F7	Coagulation factor VII	441248	1.04968e+06	544324	767649
P08727	P08727;P13646	K1C19_HUMAN	KRT19	Keratin, type I cytoskeletal 19	1.53571e+06	8.52628e+06	1.204e+06	1.61959e+06
P08754	P08754	GNAI3_HUMAN	GNAI3	Guanine nucleotide-binding protein G(i) subunit alpha-3	1.26668e+06	1.29745e+06	1.61509e+06	918800
P08758	P08758	ANXA5_HUMAN	ANXA5	Annexin A5	7.02191e+07	7.65834e+07	9.62073e+07	1.00736e+08
P08779	P08779	K1C16_HUMAN	KRT16	Keratin, type I cytoskeletal 16	1.01399e+06	4.65017e+06	5.39276e+06	4.71833e+06
P08842	P08842	STS_HUMAN	STS	Steryl-sulfatase	86430.9		378035	138130
P08865	P08865;A0A8I5KQE6	RSSA_HUMAN	RPSA	Small ribosomal subunit protein uS2	1.67168e+07	5.96901e+06	7.1795e+06	4.23867e+06
P08962	P08962	CD63_HUMAN	CD63	CD63 antigen	7.77581e+06	1.72901e+07	1.01093e+07	2.07312e+07
P09012	P09012	SNRPA_HUMAN	SNRPA	U1 small nuclear ribonucleoprotein A	3.42903e+06	2.65858e+06	1.75825e+06	2.89473e+06
P09038	P09038	FGF2_HUMAN	FGF2	Fibroblast growth factor 2	702663	733158	1.0347e+06	4.49611e+06
P09093	P09093	CEL3A_HUMAN	CELA3A	Chymotrypsin-like elastase family member 3A	217211	2.3301e+06	2.58468e+06	5.38822e+06
P09104	P09104	ENOG_HUMAN	ENO2	Gamma-enolase	1.53703e+06	2.73026e+06	1.59167e+06	5.0438e+06
P09105	P09105	HBAT_HUMAN	HBQ1	Hemoglobin subunit theta-1		4.30879e+06	5.79756e+06	
P09110	P09110	THIK_HUMAN	ACAA1	3-ketoacyl-CoA thiolase, peroxisomal	1.63733e+06	842260	1.8501e+06	770830
P09132	P09132	SRP19_HUMAN	SRP19	Signal recognition particle 19 kDa protein	252674	201070	334937	225719
P09211	P09211	GSTP1_HUMAN	GSTP1	Glutathione S-transferase P	2.34884e+07	2.19864e+07	2.0725e+07	1.85505e+07
P09234	P09234	RU1C_HUMAN	SNRPC	U1 small nuclear ribonucleoprotein C	614351	480367	500148	429100
P09237	P09237	MMP7_HUMAN	MMP7	Matrilysin	735151	213261	675984	
P09238	P09238	MMP10_HUMAN	MMP10	Stromelysin-2				393996
P09326	P09326	CD48_HUMAN	CD48	CD48 antigen	335802	303639	197651	872602
P09327	P09327	VILI_HUMAN	VIL1	Villin-1	2.46534e+06	855507	1.18347e+06	330372
P09341	P09341;P19875;P19876	GROA_HUMAN	CXCL1	Growth-regulated alpha protein	169876	393187	164511	864466
P09382	P09382	LEG1_HUMAN	LGALS1	Galectin-1	3.06347e+07	3.48957e+07	3.69202e+07	1.96181e+07
P09417	P09417	DHPR_HUMAN	QDPR	Dihydropteridine reductase	1.52335e+06	1.7282e+06	1.81422e+06	1.61416e+06
P09429	P09429;B2RPK0	HMGB1_HUMAN	HMGB1	High mobility group protein B1	2.15186e+07	1.45875e+07	1.64813e+07	1.17378e+07
P09455	P09455	RET1_HUMAN	RBP1	Retinol-binding protein 1	690553	566779	704528	436533
P09467	O00757;P09467	F16P1_HUMAN	FBP1	Fructose-1,6-bisphosphatase 1	6.57217e+06	4.61604e+06	4.56603e+06	6.42379e+06
P09471	P09471	GNAO_HUMAN	GNAO1	Guanine nucleotide-binding protein G(o) subunit alpha	533719	314182	563329	322619
P09486	P09486	SPRC_HUMAN	SPARC	SPARC	5.79543e+06	2.72803e+06	5.34095e+06	2.64117e+06
P09493	P09493	TPM1_HUMAN	TPM1	Tropomyosin alpha-1 chain	3.37777e+07	3.71477e+07	3.41636e+07	1.51439e+07
P09496	P09496	CLCA_HUMAN	CLTA	Clathrin light chain A	871353	3.96894e+06	885396	2.20247e+06
P09497	P09497	CLCB_HUMAN	CLTB	Clathrin light chain B	670325	1.33659e+06	1.11832e+06	824287
P09525	P09525	ANXA4_HUMAN	ANXA4	Annexin A4	6.78444e+06	1.56907e+07	7.60292e+06	9.74838e+06
P09543	P09543	CN37_HUMAN	CNP	2',3'-cyclic-nucleotide 3'-phosphodiesterase	1.98851e+06	1.45347e+06	2.48762e+06	1.23391e+06
P09601	P09601	HMOX1_HUMAN	HMOX1	Heme oxygenase 1	1.83521e+06	1.87851e+06	1.76605e+06	1.96327e+06
P09619	P09619	PGFRB_HUMAN	PDGFRB	Platelet-derived growth factor receptor beta	725813	347879	629358	222360
P09622	P09622	DLDH_HUMAN	DLD	Dihydrolipoyl dehydrogenase, mitochondrial	3.35211e+06	2.94551e+06	3.54248e+06	2.61987e+06
P09651	P09651;A0A2R8Y4L2	ROA1_HUMAN	HNRNPA1	Heterogeneous nuclear ribonucleoprotein A1	3.71678e+07	1.96439e+07	2.94436e+07	2.27421e+07
P09661	P09661	RU2A_HUMAN	SNRPA1	U2 small nuclear ribonucleoprotein A'	2.26581e+06	1.5353e+06	1.47178e+06	1.60021e+06
P09668	P09668	CATH_HUMAN	CTSH	Pro-cathepsin H	1.84717e+06	595438	2.55013e+06	2.52354e+06
P09669	P09669	COX6C_HUMAN	COX6C	Cytochrome c oxidase subunit 6C	4.8616e+06	2.40357e+06	5.14199e+06	1.54272e+06
P09758	P09758	TACD2_HUMAN	TACSTD2	Tumor-associated calcium signal transducer 2	327641		184004	
P09769	P09769	FGR_HUMAN	FGR	Tyrosine-protein kinase Fgr	1.08704e+06	1.72258e+06	1.11548e+06	3.03445e+06
P09871	P09871	C1S_HUMAN	C1S	Complement C1s subcomponent	4.27109e+06	6.22081e+06	6.01093e+06	7.89952e+06
P09874	P09874	PARP1_HUMAN	PARP1	Poly [ADP-ribose] polymerase 1	1.31345e+06	656872	871607	740602
P09917	P09917	LOX5_HUMAN	ALOX5	Polyunsaturated fatty acid 5-lipoxygenase	376949	1.05411e+06	488958	1.29442e+06
P09936	P09936	UCHL1_HUMAN	UCHL1	Ubiquitin carboxyl-terminal hydrolase isozyme L1	512311	934103	653047	
P09960	P09960	LKHA4_HUMAN	LTA4H	Leukotriene A-4 hydrolase	2.06316e+06	5.36303e+06	2.84955e+06	3.5558e+06
P09972	P09972	ALDOC_HUMAN	ALDOC	Fructose-bisphosphate aldolase C	2.13671e+06	3.31888e+06	1.54702e+06	3.72896e+06
P0C0L4	P0C0L4	CO4A_HUMAN	C4A	Complement C4-A	1.30515e+06	6.96137e+06	1.66004e+06	5.10908e+06
P0C0L5	P0C0L4;P0C0L5	CO4B_HUMAN	C4B	Complement C4-B	4.25767e+06	1.82508e+07	7.03861e+06	1.14006e+07
P0C0S5;Q71UI9	P0C0S5;Q71UI9	H2AV_HUMAN;H2AZ_HUMAN	H2AZ1;H2AZ2	Histone H2A.Z	485592	1.01394e+06	432923	881883
P0C0S8;P20671;Q16777;Q6FI13;Q96KK5;Q99878;Q9BTM1	P04908;P0C0S8;P20671;Q16777;Q6FI13;Q7L7L0;Q93077;Q96KK5;Q99878;Q9BTM1	H2A1D_HUMAN;H2A1H_HUMAN;H2A1J_HUMAN;H2A1_HUMAN;H2A2A_HUMAN;H2A2C_HUMAN;H2AJ_HUMAN	H2AC11;H2AC12;H2AC14;H2AC18;H2AC20;H2AC7;H2AJ	Histone H2A type 1	766121	3.41257e+06	114167	2.65427e+06
P0DJI8	P0DJI8;P0DJI9	SAA1_HUMAN	SAA1	Serum amyloid A-1 protein	60314.2	665938	95279.1	297848
P0DMM9	P0DMM9;P50225;P50226	ST1A3_HUMAN	SULT1A3	Sulfotransferase 1A3	872878	622351	744297	
P0DMV8	P0DMV8;P34931	HS71A_HUMAN	HSPA1A	Heat shock 70 kDa protein 1A	2.1116e+07	3.18998e+07	1.95918e+07	3.62866e+07
P0DOX2	P0DOX2	IGA2_HUMAN		Immunoglobulin alpha-2 heavy chain	1.03502e+06	1.51979e+06	1.46301e+06	2.03104e+06
P0DOX3	P0DOX3	IGD_HUMAN		Immunoglobulin delta heavy chain	759202	962777	1.59907e+06	2.23537e+06
P0DOX5	P0DOX5	IGG1_HUMAN		Immunoglobulin gamma-1 heavy chain	5.08453e+06	2.7581e+07	1.74882e+07	1.57956e+07
P0DOX7	P0DOX7	IGK_HUMAN		Immunoglobulin kappa light chain	1.79628e+06	4.22796e+06	2.77262e+06	5.30832e+06
P0DOY2;P0DOY3	P0DOY2;P0DOY3	IGLC2_HUMAN;IGLC3_HUMAN	IGLC2;IGLC3	Immunoglobulin lambda constant 2	5.36e+07	1.21891e+08	9.1523e+07	1.24646e+08
P0DP01	P0DP01	HV108_HUMAN	IGHV1-8	Immunoglobulin heavy variable 1-8		532566	170898	
P0DP23	P0DP23	CALM1_HUMAN	CALM1	Calmodulin-1	972495	3.46543e+06	1.64062e+06	970682
P0DPH7;Q6PEY2	P0DPH7;Q6PEY2	TBA3C_HUMAN;TBA3E_HUMAN	TUBA3C;TUBA3E	Tubulin alpha-3C chain			334790	451075
P0DTE1	P0DTE1	HV383_HUMAN	IGHV3-38-3	Probable non-functional immunoglobulin heavy variable 3-38-3	238377	322334	220300	269566
P0DTE7	P04746;P0DTE7;P19961	AMY1B_HUMAN	AMY1B	Alpha-amylase 1B		273784	404517	162680
P0DTL6	P0DTL6	ZTRF1_HUMAN	ZFTRAF1	Zinc finger TRAF-type-containing protein 1	40416.1			
P10109	P10109	ADX_HUMAN	FDX1	Adrenodoxin, mitochondrial	447520	215135	304331	127333
P10114	P10114	RAP2A_HUMAN	RAP2A	Ras-related protein Rap-2a	53738.6	36604.8	80098.5	62838.3
P10145	P10145	IL8_HUMAN	CXCL8	Interleukin-8	1.19399e+06	1.25942e+07	3.86237e+06	4.70687e+06
P10153	P10153	RNAS2_HUMAN	RNASE2	Non-secretory ribonuclease	7.04092e+07	3.86818e+07	4.8399e+07	1.51148e+08
P10155	P10155	RO60_HUMAN	RO60	RNA-binding protein RO60	2.36238e+06	2.41756e+06	2.59019e+06	2.20511e+06
P10253	P10253	LYAG_HUMAN	GAA	Lysosomal alpha-glucosidase	1.72859e+06	1.91357e+06	2.0583e+06	3.01625e+06
P10301	P10301	RRAS_HUMAN	RRAS	Ras-related protein R-Ras	2.90951e+06	2.00621e+06	2.56659e+06	1.92779e+06
P10398	P04049;P10398;P15056	ARAF_HUMAN	ARAF	Serine/threonine-protein kinase A-Raf	132076	50940.5	198027	59481.9
P10412	P10412	H14_HUMAN	H1-4	Histone H1.4	603609	7.00101e+06	245392	1.26974e+06
P10415	P10415	BCL2_HUMAN	BCL2	Apoptosis regulator Bcl-2	49432.9	42802.9	43531.8	
P10515	P10515	ODP2_HUMAN	DLAT	Dihydrolipoyllysine-residue acetyltransferase component of pyruvate dehydrogenase complex, mitochondrial	280015	177975	267707	
P10523	P10523	ARRS_HUMAN	SAG	S-arrestin	402252	200607	271944	286338
P10599	P10599	THIO_HUMAN	TXN	Thioredoxin	3.52764e+07	3.48507e+07	2.92419e+07	3.4518e+07
P10606	P10606	COX5B_HUMAN	COX5B	Cytochrome c oxidase subunit 5B, mitochondrial	2.07732e+06	2.57996e+06	1.27493e+06	2.50569e+06
P10619	P10619	PPGB_HUMAN	CTSA	Lysosomal protective protein	1.85206e+06	1.51909e+06	1.95441e+06	1.78961e+06
P10620	P10620	MGST1_HUMAN	MGST1	Microsomal glutathione S-transferase 1	1.49022e+06	2.2044e+06	991016	1.26775e+06
P10643	P10643	CO7_HUMAN	C7	Complement component C7	847149	4.228e+06	1.55632e+06	3.36678e+06
P10644	P10644	KAP0_HUMAN	PRKAR1A	cAMP-dependent protein kinase type I-alpha regulatory subunit	2.88683e+06	2.1967e+06	2.73111e+06	2.33522e+06
P10645	P10645	CMGA_HUMAN	CHGA	Chromogranin-A		369305		
P10646	P10646	TFPI1_HUMAN	TFPI	Tissue factor pathway inhibitor	21656.7			
P10746	P10746	HEM4_HUMAN	UROS	Uroporphyrinogen-III synthase	298976			
P10768	P10768	ESTD_HUMAN	ESD	S-formylglutathione hydrolase	1.08953e+07	9.88072e+06	1.04952e+07	8.20548e+06
P10809	P10809	CH60_HUMAN	HSPD1	60 kDa heat shock protein, mitochondrial	5.73763e+06	5.7877e+06	4.53307e+06	1.68775e+06
P10909	P10909	CLUS_HUMAN	CLU	Clusterin	3.39719e+06	1.24468e+07	5.39287e+06	1.41777e+07
P11021	P11021	BIP_HUMAN	HSPA5	Endoplasmic reticulum chaperone BiP	3.4038e+07	2.98616e+07	3.09255e+07	3.56886e+07
P11047	P11047	LAMC1_HUMAN	LAMC1	Laminin subunit gamma-1	4.62992e+06	2.26145e+06	3.22669e+06	1.92553e+06
P11049	P11049	CD37_HUMAN	CD37	Leukocyte antigen CD37	133163		258890	112807
P11117	P11117	PPAL_HUMAN	ACP2	Lysosomal acid phosphatase	1.68248e+06	2.16544e+06	1.51169e+06	2.75365e+06
P11142	P11142;P54652	HSP7C_HUMAN	HSPA8	Heat shock cognate 71 kDa protein	6.76791e+07	3.88169e+07	5.29856e+07	5.00282e+07
P11166	P11166	GTR1_HUMAN	SLC2A1	Solute carrier family 2, facilitated glucose transporter member 1	975593	2.85565e+06	6.79921e+06	1.40895e+06
P11169	P11169;Q8TDB8	GTR3_HUMAN	SLC2A3	Solute carrier family 2, facilitated glucose transporter member 3	2.33325e+06	8.68271e+06	4.34144e+06	6.98563e+06
P11171	P11171;Q9H4G0;Q9Y2J2	EPB41_HUMAN	EPB41	Protein 4.1	265153	614512	1.91067e+06	530466
P11172	P11172	UMPS_HUMAN	UMPS	Uridine 5'-monophosphate synthase	1.30082e+07	8.83301e+06	1.11288e+07	1.14662e+07
P11177	P11177	ODPB_HUMAN	PDHB	Pyruvate dehydrogenase E1 component subunit beta, mitochondrial	696671	315664	758191	152624
P11182	P11182	ODB2_HUMAN	DBT	Lipoamide acyltransferase component of branched-chain alpha-keto acid dehydrogenase complex, mitochondrial	211853	289745	214113	137139
P11215	P11215	ITAM_HUMAN	ITGAM	Integrin alpha-M	3.23435e+06	2.37941e+07	2.99915e+06	1.97539e+07
P11216	P11216;P11217	PYGB_HUMAN	PYGB	Glycogen phosphorylase, brain form	2.2255e+06	3.43457e+06	2.50115e+06	1.39386e+06
P11226	P11226	MBL2_HUMAN	MBL2	Mannose-binding protein C	47359.4	487979		162466
P11233	P11233	RALA_HUMAN	RALA	Ras-related protein Ral-A	1.70043e+06	1.60423e+06	1.93222e+06	2.04167e+06
P11234	P11233;P11234	RALB_HUMAN	RALB	Ras-related protein Ral-B	3.09679e+06	4.37392e+06	3.58448e+06	5.15028e+06
P11277	P11277	SPTB1_HUMAN	SPTB	Spectrin beta chain, erythrocytic	665046	2.17775e+06	7.73861e+06	2.33106e+06
P11279	P11279	LAMP1_HUMAN	LAMP1	Lysosome-associated membrane glycoprotein 1	9.20098e+06	1.33561e+07	8.98728e+06	1.65265e+07
P11310	P11310	ACADM_HUMAN	ACADM	Medium-chain specific acyl-CoA dehydrogenase, mitochondrial	230560		659631	438976
P11387	P11387	TOP1_HUMAN	TOP1	DNA topoisomerase 1	778392	1.03176e+06	576216	800461
P11413	P11413	G6PD_HUMAN	G6PD	Glucose-6-phosphate 1-dehydrogenase	3.34687e+06	6.88688e+06	3.75292e+06	5.42533e+06
P11441	P11441	UBL4A_HUMAN	UBL4A	Ubiquitin-like protein 4A	417812	336825	226645	228966
P11586	P11586	C1TC_HUMAN	MTHFD1	C-1-tetrahydrofolate synthase, cytoplasmic	1.57172e+06	1.03506e+06	2.16577e+06	691919
P11678	P11678	PERE_HUMAN	EPX	Eosinophil peroxidase	1.19095e+07	4.47809e+06	1.292e+07	9.07223e+06
P11717	P11717	MPRI_HUMAN	IGF2R	Cation-independent mannose-6-phosphate receptor	1.3476e+06	1.22543e+06	1.59987e+06	1.57073e+06
P11766	P11766	ADHX_HUMAN	ADH5	Alcohol dehydrogenase class-3	3.63714e+06	2.94898e+06	4.79809e+06	2.01388e+06
P11908	P11908	PRPS2_HUMAN	PRPS2	Ribose-phosphate pyrophosphokinase 2	555561	588699	417095	262993
P11940	P11940;Q4VXU2	PABP1_HUMAN	PABPC1	Polyadenylate-binding protein 1	1.47845e+07	5.99619e+06	9.53116e+06	7.17968e+06
P12004	P12004	PCNA_HUMAN	PCNA	Proliferating cell nuclear antigen	1.07304e+06	509923	1.09822e+06	245835
P12081	P12081;P49590	HARS1_HUMAN	HARS1	Histidine--tRNA ligase, cytoplasmic	2.63592e+06	1.56387e+06	2.49605e+06	1.4314e+06
P12104	P12104	FABPI_HUMAN	FABP2	Fatty acid-binding protein, intestinal	267187	232626	212753	
P12107	P12107	COBA1_HUMAN	COL11A1	Collagen alpha-1(XI) chain	162110	162842		
P12109	P12109	CO6A1_HUMAN	COL6A1	Collagen alpha-1(VI) chain	2.15124e+06	1.345e+06	1.99465e+06	1.85641e+06
P12110	P12110	CO6A2_HUMAN	COL6A2	Collagen alpha-2(VI) chain	2.54236e+06	1.18271e+06	2.73756e+06	2.04911e+06
P12111	P12111	CO6A3_HUMAN	COL6A3	Collagen alpha-3(VI) chain	1.09793e+07	9.94739e+06	1.12373e+07	1.59851e+07
P12235	P12235	ADT1_HUMAN	SLC25A4	ADP/ATP translocase 1	54048.9	138680	93996.8	
P12236	P12236	ADT3_HUMAN	SLC25A6	ADP/ATP translocase 3	493738	251049	498415	
P12259	P12259	FA5_HUMAN	F5	Coagulation factor V	384840	2.2388e+06	1.20725e+06	3.69351e+06
P12268	P12268	IMDH2_HUMAN	IMPDH2	Inosine-5'-monophosphate dehydrogenase 2	3.17029e+06	1.36545e+06	3.33883e+06	1.59418e+06
P12270	P12270	TPR_HUMAN	TPR	Nucleoprotein TPR	1.93495e+06	1.40423e+06	1.49343e+06	1.6467e+06
P12273	P12273	PIP_HUMAN	PIP	Prolactin-inducible protein	1.38024e+06	5.66297e+06	5.7175e+06	2.67537e+06
P12277	P12277	KCRB_HUMAN	CKB	Creatine kinase B-type	5.16759e+06	6.97283e+06	4.30066e+06	2.86607e+06
P12314	P12314	FCGR1_HUMAN	FCGR1A	High affinity immunoglobulin gamma Fc receptor I	391756	1.11997e+06	478951	1.07578e+06
P12318;P31995	P12318;P31994;P31995	FCG2A_HUMAN;FCG2C_HUMAN	FCGR2A;FCGR2C	Low affinity immunoglobulin gamma Fc region receptor II-a	1.24428e+06	2.74221e+06	1.30403e+06	2.54634e+06
P12429	P12429	ANXA3_HUMAN	ANXA3	Annexin A3	1.16417e+07	4.40692e+07	8.30434e+06	5.24194e+07
P12532	P12532	KCRU_HUMAN	CKMT1A	Creatine kinase U-type, mitochondrial	3.25565e+06	2.55213e+06	1.96482e+06	373169
P12694	P12694	ODBA_HUMAN	BCKDHA	2-oxoisovalerate dehydrogenase subunit alpha, mitochondrial	311991		280235	
P12724	P12724	ECP_HUMAN	RNASE3	Eosinophil cationic protein	4.10453e+07	2.59311e+07	2.84062e+07	9.45479e+07
P12814	P12814	ACTN1_HUMAN	ACTN1	Alpha-actinin-1	3.02571e+07	3.97783e+07	3.11648e+07	3.53722e+07
P12821	P12821	ACE_HUMAN	ACE	Angiotensin-converting enzyme	339507	221050	579870	230807
P12830	P12830	CADH1_HUMAN	CDH1	Cadherin-1	629016	688107	491662	193322
P12838	P12838	DEF4_HUMAN	DEFA4	Defensin alpha 4	2.19004e+06	9.32351e+06	4.59597e+06	1.5807e+07
P12931	P12931	SRC_HUMAN	SRC	Proto-oncogene tyrosine-protein kinase Src	666381	323026	988524	449038
P12955	P12955	PEPD_HUMAN	PEPD	Xaa-Pro dipeptidase	2.27846e+06	1.66589e+06	3.3055e+06	2.0669e+06
P12956	P12956	XRCC6_HUMAN	XRCC6	X-ray repair cross-complementing protein 6	6.21708e+06	3.42799e+06	5.07047e+06	2.91547e+06
P13010	P13010	XRCC5_HUMAN	XRCC5	X-ray repair cross-complementing protein 5	4.77103e+06	2.56485e+06	3.29732e+06	1.5636e+06
P13073	P13073	COX41_HUMAN	COX4I1	Cytochrome c oxidase subunit 4 isoform 1, mitochondrial	7.14157e+06	4.34101e+06	5.66293e+06	3.58547e+06
P13164;Q01628;Q01629	P13164;Q01628;Q01629	IFM1_HUMAN;IFM2_HUMAN;IFM3_HUMAN	IFITM1;IFITM2;IFITM3	Interferon-induced transmembrane protein 1	4.1194e+06	5.64581e+06	2.11367e+06	6.45411e+06
P13224	P13224	GP1BB_HUMAN	GP1BB	Platelet glycoprotein Ib beta chain	486695	1.77206e+06	2.9999e+06	1.47519e+06
P13284	P13284	GILT_HUMAN	IFI30	Gamma-interferon-inducible lysosomal thiol reductase	1.96759e+06	2.44106e+06	705214	3.25245e+06
P13473	P13473	LAMP2_HUMAN	LAMP2	Lysosome-associated membrane glycoprotein 2	1.37867e+07	2.77528e+07	1.74937e+07	4.55995e+07
P13489	P13489	RINI_HUMAN	RNH1	Ribonuclease inhibitor	4.33424e+06	4.90427e+06	4.98993e+06	2.45251e+06
P13498	P13498	CY24A_HUMAN	CYBA	Cytochrome b-245 light chain	4.91273e+06	2.18858e+07	4.97121e+06	1.66581e+07
P13598	P13598	ICAM2_HUMAN	ICAM2	Intercellular adhesion molecule 2	423949		633367	
P13611	P13611	CSPG2_HUMAN	VCAN	Versican core protein	7.62839e+06	3.10226e+06	1.12382e+07	2.50661e+06
P13612	P13612	ITA4_HUMAN	ITGA4	Integrin alpha-4	366248	364707	389736	271411
P13639	P13639	EF2_HUMAN	EEF2	Elongation factor 2	2.64928e+07	1.18536e+07	2.04628e+07	1.03349e+07
P13645	P13645	K1C10_HUMAN	KRT10	Keratin, type I cytoskeletal 10	3.83138e+07	1.13887e+08	1.43277e+08	4.73709e+07
P13646	P13646;P19012;Q99456	K1C13_HUMAN	KRT13	Keratin, type I cytoskeletal 13	399463	2.05936e+06	1.04207e+07	
P13647	P13647	K2C5_HUMAN	KRT5	Keratin, type II cytoskeletal 5	7.85311e+06	2.45629e+07	3.06406e+07	1.66183e+07
P13667	P13667	PDIA4_HUMAN	PDIA4	Protein disulfide-isomerase A4	1.31154e+07	8.77712e+06	1.25285e+07	5.23653e+06
P13671	P13671	CO6_HUMAN	C6	Complement component C6	1.28475e+06	5.17751e+06	1.94578e+06	4.70869e+06
P13674	P13674	P4HA1_HUMAN	P4HA1	Prolyl 4-hydroxylase subunit alpha-1	1.7233e+06	951692	1.52052e+06	1.49142e+06
P13686	P13686	PPA5_HUMAN	ACP5	Tartrate-resistant acid phosphatase type 5	4.14877e+06	1.85367e+06	3.76293e+06	3.02289e+06
P13688	P13688	CEAM1_HUMAN	CEACAM1	Carcinoembryonic antigen-related cell adhesion molecule 1	1.89065e+06	5.83209e+06	1.35997e+06	7.50783e+06
P13693	P13693;Q9HAU6	TCTP_HUMAN	TPT1	Translationally-controlled tumor protein	6.94973e+06	3.96629e+06	4.53949e+06	3.13036e+06
P13716	P13716	HEM2_HUMAN	ALAD	Delta-aminolevulinic acid dehydratase	1.79026e+06	3.86125e+06	6.76001e+06	3.79122e+06
P13726	P13726	TF_HUMAN	F3	Tissue factor	139475	76120.1		63442.9
P13727	P13727	PRG2_HUMAN	PRG2	Bone marrow proteoglycan	4.67516e+06	1.34053e+06	7.71399e+06	5.78312e+06
P13796	P13796	PLSL_HUMAN	LCP1	Plastin-2	1.7889e+07	3.66484e+07	1.89276e+07	2.79398e+07
P13797	P13797	PLST_HUMAN	PLS3	Plastin-3	3.95445e+06	2.13643e+06	4.34075e+06	1.09255e+06
P13798	P13798	ACPH_HUMAN	APEH	Acylamino-acid-releasing enzyme	2.49335e+06	2.86192e+06	3.9912e+06	1.94004e+06
P13804	P13804	ETFA_HUMAN	ETFA	Electron transfer flavoprotein subunit alpha, mitochondrial	2.01865e+06	1.18302e+06	2.02659e+06	1.45826e+06
P13807	P13807	GYS1_HUMAN	GYS1	Glycogen [starch] synthase, muscle	638112	1.04971e+06	635930	1.13501e+06
P13861	P13861	KAP2_HUMAN	PRKAR2A	cAMP-dependent protein kinase type II-alpha regulatory subunit	2.55298e+06	1.68655e+06	2.68857e+06	1.57551e+06
P13929	P13929	ENOB_HUMAN	ENO3	Beta-enolase	455762	665613	192965	500244
P13984	P13984	T2FB_HUMAN	GTF2F2	General transcription factor IIF subunit 2	204177	204180	251308	150536
P13987	P13987	CD59_HUMAN	CD59	CD59 glycoprotein	4.33428e+06	8.48717e+06	4.57045e+06	9.20198e+06
P13995	P13995	MTDC_HUMAN	MTHFD2	Bifunctional methylenetetrahydrofolate dehydrogenase/cyclohydrolase, mitochondrial	224239	208890	230572	117770
P14151	P14151	LYAM1_HUMAN	SELL	L-selectin	252076	623342	232885	491615
P14174	P14174	MIF_HUMAN	MIF	Macrophage migration inhibitory factor	9.63812e+06	5.99503e+06	3.18484e+06	7.13556e+06
P14207	P14207	FOLR2_HUMAN	FOLR2	Folate receptor beta	121836		448566	161746
P14209	P14209	CD99_HUMAN	CD99	CD99 antigen	1.47794e+06	1.87685e+06	1.03402e+06	1.066e+06
P14314	P14314	GLU2B_HUMAN	PRKCSH	Glucosidase 2 subunit beta	9.73335e+06	1.10911e+07	8.96526e+06	1.0306e+07
P14317	P14317	HCLS1_HUMAN	HCLS1	Hematopoietic lineage cell-specific protein	1.60337e+06	2.36123e+06	1.37155e+06	2.36978e+06
P14324	P14324	FPPS_HUMAN	FDPS	Farnesyl pyrophosphate synthase	278701	319833	219949	57542.2
P14384	P14384	CBPM_HUMAN	CPM	Carboxypeptidase M	479469	793083	261585	693911
P14406	P14406	CX7A2_HUMAN	COX7A2	Cytochrome c oxidase subunit 7A2, mitochondrial	3.67227e+06	1.90098e+06	2.6417e+06	1.13496e+06
P14543	P14543	NID1_HUMAN	NID1	Nidogen-1	4.02596e+06	1.84149e+06	2.2555e+06	1.58832e+06
P14550	P14550	AK1A1_HUMAN	AKR1A1	Aldo-keto reductase family 1 member A1	6.34193e+06	4.95515e+06	7.10154e+06	4.51837e+06
P14555	P14555	PA2GA_HUMAN	PLA2G2A	Phospholipase A2, membrane associated		443827	322345	138632
P14598	P14598;A6NI72	NCF1_HUMAN	NCF1	Neutrophil cytosol factor 1	1.18733e+06	3.80479e+06	768902	3.07697e+06
P14618	P14618	KPYM_HUMAN	PKM	Pyruvate kinase PKM	6.20718e+07	4.74768e+07	7.58859e+07	5.40984e+07
P14621	P14621	ACYP2_HUMAN	ACYP2	Acylphosphatase-2	531931	435607	551233	360304
P14625	P14625	ENPL_HUMAN	HSP90B1	Endoplasmin	2.71078e+07	1.97527e+07	2.76847e+07	1.23941e+07
P14678;P63162	P14678;P63162	RSMB_HUMAN;RSMN_HUMAN	SNRPB;SNRPN	Small nuclear ribonucleoprotein-associated proteins B and B'	6.20887e+06	5.44487e+06	3.67174e+06	5.27693e+06
P14735	P14735	IDE_HUMAN	IDE	Insulin-degrading enzyme	843978	690986	1.05088e+06	561540
P14770	P14770	GPIX_HUMAN	GP9	Platelet glycoprotein IX	210973	564091	878283	323248
P14780	P14780	MMP9_HUMAN	MMP9	Matrix metalloproteinase-9	8.71128e+06	5.11885e+06	6.88405e+06	2.41496e+07
P14854	P14854	CX6B1_HUMAN	COX6B1	Cytochrome c oxidase subunit 6B1	1.44393e+06	1.21214e+06	817599	1.5576e+06
P14859	P14859	PO2F1_HUMAN	POU2F1	POU domain, class 2, transcription factor 1	137493	114963	101823	99466.8
P14866	P14866	HNRPL_HUMAN	HNRNPL	Heterogeneous nuclear ribonucleoprotein L	4.91898e+06	2.90288e+06	3.86228e+06	2.664e+06
P14868	P14868	SYDC_HUMAN	DARS1	Aspartate--tRNA ligase, cytoplasmic	4.80386e+06	2.72486e+06	4.57389e+06	2.57097e+06
P14923	P14923	PLAK_HUMAN	JUP	Junction plakoglobin	1.04582e+06	1.92366e+06	2.8781e+06	1.01099e+06
P14927	P14927	QCR7_HUMAN	UQCRB	Cytochrome b-c1 complex subunit 7	4.12408e+06	5.70481e+06	3.14943e+06	5.26103e+06
P15085	P15085;P15086	CBPA1_HUMAN	CPA1	Carboxypeptidase A1		116183	174052	686680
P15088	P15088	CBPA3_HUMAN	CPA3	Mast cell carboxypeptidase A	85085.9		178156	
P15090	P15090	FABP4_HUMAN	FABP4	Fatty acid-binding protein, adipocyte	400679	330375	599184	
P15104	P15104	GLNA_HUMAN	GLUL	Glutamine synthetase	1.74215e+06	1.24342e+06	1.42731e+06	1.66478e+06
P15121	P15121	ALDR_HUMAN	AKR1B1	Aldo-keto reductase family 1 member B1	6.70298e+06	6.93648e+06	1.10931e+07	2.02065e+07
P15144	P15144	AMPN_HUMAN	ANPEP	Aminopeptidase N	2.66375e+06	4.05265e+06	2.19777e+06	8.67969e+06
P15151	P15151	PVR_HUMAN	PVR	Poliovirus receptor	352580	700322	280664	577572
P15153	P15153	RAC2_HUMAN	RAC2	Ras-related C3 botulinum toxin substrate 2	7.60375e+06	9.51871e+06	5.79236e+06	1.17271e+07
P15169	P15169	CBPN_HUMAN	CPN1	Carboxypeptidase N catalytic chain	324289	627467	415590	633641
P15170	P15170;Q8IYD1	ERF3A_HUMAN	GSPT1	Eukaryotic peptide chain release factor GTP-binding subunit ERF3A	3.85912e+06	1.51858e+06	2.92978e+06	1.45247e+06
P15260	P15260	INGR1_HUMAN	IFNGR1	Interferon gamma receptor 1	86724.7			113070
P15289	P15289	ARSA_HUMAN	ARSA	Arylsulfatase A	797296	1.46792e+06	824225	1.33545e+06
P15291	P15291	B4GT1_HUMAN	B4GALT1	Beta-1,4-galactosyltransferase 1	1.02822e+06	1.17642e+06	823244	1.11075e+06
P15309	P15309	PPAP_HUMAN	ACP3	Prostatic acid phosphatase	135074		102117	134008
P15311	P15311	EZRI_HUMAN	EZR	Ezrin	7.76266e+06	3.66068e+06	4.18973e+06	2.84531e+06
P15374	P15374	UCHL3_HUMAN	UCHL3	Ubiquitin carboxyl-terminal hydrolase isozyme L3	661730	741881	512260	
P15428	P15428	PGDH_HUMAN	HPGD	15-hydroxyprostaglandin dehydrogenase [NAD(+)]	207829			
P15529	P15529	MCP_HUMAN	CD46	Membrane cofactor protein	817570	888912	1.02185e+06	826293
P15531	P15531	NDKA_HUMAN	NME1	Nucleoside diphosphate kinase A	5.88112e+06	5.44419e+06	7.97594e+06	3.90729e+06
P15559	P15559	NQO1_HUMAN	NQO1	NAD(P)H dehydrogenase [quinone] 1	397436	863147	528644	703037
P15586	P15586	GNS_HUMAN	GNS	N-acetylglucosamine-6-sulfatase	4.98821e+06	6.5451e+06	4.36345e+06	1.06619e+07
P15848	P15848	ARSB_HUMAN	ARSB	Arylsulfatase B	714356	1.09708e+06	721466	1.32848e+06
P15880	P15880	RS2_HUMAN	RPS2	Small ribosomal subunit protein uS5	8.61086e+06	2.20305e+06	6.73652e+06	1.30897e+06
P15924	P15924	DESP_HUMAN	DSP	Desmoplakin	3.47663e+06	8.61436e+06	1.18689e+07	5.62887e+06
P15927	P15927	RFA2_HUMAN	RPA2	Replication protein A 32 kDa subunit	914125	440132	651923	587420
P15941	P15941	MUC1_HUMAN	MUC1	Mucin-1	223830	340679	93846	
P15954	P15954	COX7C_HUMAN	COX7C	Cytochrome c oxidase subunit 7C, mitochondrial	91224.8	138086	231183	250969
P16035	P16035	TIMP2_HUMAN	TIMP2	Metalloproteinase inhibitor 2	1.34782e+06	1.31778e+06	1.22802e+06	2.11323e+06
P16050	P16050	LOX15_HUMAN	ALOX15	Polyunsaturated fatty acid lipoxygenase ALOX15	2.7113e+06		3.3693e+06	2.06845e+06
P16070	P16070	CD44_HUMAN	CD44	CD44 antigen	7.74561e+06	8.32714e+06	9.47148e+06	1.2261e+07
P16083	P16083	NQO2_HUMAN	NQO2	Ribosyldihydronicotinamide dehydrogenase [quinone]	1.39777e+06	2.06028e+06	1.16519e+06	2.44105e+06
P16104	P16104	H2AX_HUMAN	H2AX	Histone H2AX	1.44491e+07	6.5409e+07	1.23944e+07	5.16279e+07
P16109	P16109	LYAM3_HUMAN	SELP	P-selectin	88704	308526	657483	377782
P16112	P16112	PGCA_HUMAN	ACAN	Aggrecan core protein	1.02611e+06	296692	318070	
P16144	P16144	ITB4_HUMAN	ITGB4	Integrin beta-4	1.59419e+06	1.10444e+06	1.23398e+06	573509
P16150	P16150	LEUK_HUMAN	SPN	Leukosialin	920330	1.80112e+06	1.22419e+06	1.8841e+06
P16152	P16152	CBR1_HUMAN	CBR1	Carbonyl reductase [NADPH] 1	5.36062e+06	4.87972e+06	6.19529e+06	4.21014e+06
P16157	P16157	ANK1_HUMAN	ANK1	Ankyrin-1	716429	2.22553e+06	6.58306e+06	2.83446e+06
P16219	P16219	ACADS_HUMAN	ACADS	Short-chain specific acyl-CoA dehydrogenase, mitochondrial	432905		391822	287581
P16220;P18846	P16220;P18846	ATF1_HUMAN;CREB1_HUMAN	ATF1;CREB1	Cyclic AMP-responsive element-binding protein 1	310319	159039	208727	229725
P16233	P16233	LIPP_HUMAN	PNLIP	Pancreatic triacylglycerol lipase		167517	58284.5	93969.1
P16278	P16278	BGAL_HUMAN	GLB1	Beta-galactosidase	4.2659e+06	4.63965e+06	4.5948e+06	3.83446e+06
P16284	P16284	PECA1_HUMAN	PECAM1	Platelet endothelial cell adhesion molecule	3.88526e+06	2.27854e+06	3.91193e+06	2.93649e+06
P16298	P16298	PP2BB_HUMAN	PPP3CB	Serine/threonine-protein phosphatase 2B catalytic subunit beta isoform	555592	503354	404208	467986
P16333	P16333	NCK1_HUMAN	NCK1	Cytoplasmic protein NCK1	3.3472e+06	2.41025e+06	3.47622e+06	2.79192e+06
P16401	P16401	H15_HUMAN	H1-5	Histone H1.5	3.79827e+06	2.24701e+07	3.67672e+06	3.03393e+07
P16402	P16402	H13_HUMAN	H1-3	Histone H1.3		310393		362376
P16403	P10412;P16402;P16403	H12_HUMAN	H1-2	Histone H1.2	7.73851e+06	4.76916e+07	9.37448e+06	6.35356e+07
P16422	P16422	EPCAM_HUMAN	EPCAM	Epithelial cell adhesion molecule	3.10614e+06	2.93075e+06	1.88282e+06	480100
P16435	P16435	NCPR_HUMAN	POR	NADPH--cytochrome P450 reductase	1.01834e+06	968235	938635	759834
P16442	P16442	BGAT_HUMAN	ABO	Histo-blood group ABO system transferase	315400			
P16444	P16444	DPEP1_HUMAN	DPEP1	Dipeptidase 1	867038	1.92501e+06	1.44721e+06	456423
P16452	P16452	EPB42_HUMAN	EPB42	Protein 4.2	1.22336e+06	3.17238e+06	1.23189e+07	2.77554e+06
P16615	O14983;P16615	AT2A2_HUMAN	ATP2A2	Sarcoplasmic/endoplasmic reticulum calcium ATPase 2	1.20504e+06	809932	1.31219e+06	751128
P16671	P16671	CD36_HUMAN	CD36	Platelet glycoprotein 4	1.20711e+06	1.57661e+06	2.76123e+06	1.94999e+06
P16885	P16885	PLCG2_HUMAN	PLCG2	1-phosphatidylinositol 4,5-bisphosphate phosphodiesterase gamma-2	568679	749823	710825	589157
P16930	P16930	FAAA_HUMAN	FAH	Fumarylacetoacetase	1.22262e+06	1.94974e+06	2.17767e+06	3.02844e+06
P16949	P16949	STMN1_HUMAN	STMN1	Stathmin	6.58528e+06	6.36576e+06	2.79601e+06	4.50557e+06
P16989	P16989	YBOX3_HUMAN	YBX3	Y-box-binding protein 3	2.05679e+06	677446	3.0649e+06	405169
P17050	P17050	NAGAB_HUMAN	NAGA	Alpha-N-acetylgalactosaminidase	1.69198e+06	1.87158e+06	2.43182e+06	1.97813e+06
P17066;P48741	P17066;P48741	HSP76_HUMAN;HSP77_HUMAN	HSPA6;HSPA7	Heat shock 70 kDa protein 6	5.63291e+07	6.21626e+07	5.36861e+07	6.22325e+07
P17096	P17096	HMGA1_HUMAN	HMGA1	High mobility group protein HMG-I/HMG-Y	715126	1.66021e+06	1.56811e+06	2.89517e+06
P17174	P17174	AATC_HUMAN	GOT1	Aspartate aminotransferase, cytoplasmic	1.56468e+06	1.53665e+06	2.10872e+06	1.17896e+06
P17213	P17213	BPI_HUMAN	BPI	Bactericidal permeability-increasing protein	7.43589e+06	1.74827e+07	4.56671e+06	1.77121e+07
P17252	P17252	KPCA_HUMAN	PRKCA	Protein kinase C alpha type	100245	172895	328054	197305
P17301	P17301	ITA2_HUMAN	ITGA2	Integrin alpha-2	2.69973e+06	2.77079e+06	2.78636e+06	3.07149e+06
P17405	P17405	ASM_HUMAN	SMPD1	Sphingomyelin phosphodiesterase	106805	133647	126194	
P17480	P17480	UBF1_HUMAN	UBTF	Nucleolar transcription factor 1	495784	265307	401047	328879
P17538;Q6GPI1	P17538;Q6GPI1	CTRB1_HUMAN;CTRB2_HUMAN	CTRB1;CTRB2	Chymotrypsinogen B			106913	121604
P17540	P17540	KCRS_HUMAN	CKMT2	Creatine kinase S-type, mitochondrial	349302		154730	
P17612	P17612;P22612;P22694	KAPCA_HUMAN	PRKACA	cAMP-dependent protein kinase catalytic subunit alpha	2.00294e+06	2.06059e+06	2.97564e+06	1.76092e+06
P17655	P17655	CAN2_HUMAN	CAPN2	Calpain-2 catalytic subunit	1.06154e+06	1.02504e+06	1.55175e+06	598088
P17661	P17661	DESM_HUMAN	DES	Desmin		948832		
P17676	P17676	CEBPB_HUMAN	CEBPB	CCAAT/enhancer-binding protein beta	217150	208157	109784	232560
P17693	P01893;P17693;HLA:HLA00001;HLA:HLA00146;HLA:HLA04165;HLA:HLA02242;HLA:HLA00934	HLAG_HUMAN	HLA-G	HLA class I histocompatibility antigen, alpha chain G	2.08135e+07	1.01296e+07	2.20689e+07	1.61764e+07
P17706	P17706	PTN2_HUMAN	PTPN2	Tyrosine-protein phosphatase non-receptor type 2	178332		279535	
P17707	P17707	DCAM_HUMAN	AMD1	S-adenosylmethionine decarboxylase proenzyme		127368		
P17812	P17812;Q9NRF8	PYRG1_HUMAN	CTPS1	CTP synthase 1	646564	299681	465677	185767
P17813	P17813	EGLN_HUMAN	ENG	Endoglin	2.45983e+06	619422	1.85098e+06	796951
P17844	P17844	DDX5_HUMAN	DDX5	Probable ATP-dependent RNA helicase DDX5	2.60332e+06	496062	1.85995e+06	669408
P17858	P08237;P17858	PFKAL_HUMAN	PFKL	ATP-dependent 6-phosphofructokinase, liver type	6.85927e+06	6.04324e+06	8.60582e+06	3.96527e+06
P17900	P17900	SAP3_HUMAN	GM2A	Ganglioside GM2 activator	1.98108e+06	2.96938e+06	2.37302e+06	4.67315e+06
P17927	P17927	CR1_HUMAN	CR1	Complement receptor type 1	1.10887e+06	1.83647e+06	645081	2.40386e+06
P17931	P17931	LEG3_HUMAN	LGALS3	Galectin-3	2.11388e+07	1.67842e+07	1.49581e+07	1.46978e+07
P17948	P17948	VGFR1_HUMAN	FLT1	Vascular endothelial growth factor receptor 1	47518.2	89610.4		
P17980	P17980	PRS6A_HUMAN	PSMC3	26S proteasome regulatory subunit 6A	7.28372e+06	3.59205e+06	6.91468e+06	2.76343e+06
P17987	P17987	TCPA_HUMAN	TCP1	T-complex protein 1 subunit alpha	3.6648e+06	2.00048e+06	4.19584e+06	1.06541e+06
P18031	P18031	PTN1_HUMAN	PTPN1	Tyrosine-protein phosphatase non-receptor type 1	1.73982e+06	1.3862e+06	1.81545e+06	1.2442e+06
P18065	P18065	IBP2_HUMAN	IGFBP2	Insulin-like growth factor-binding protein 2		300760		353876
P18077	P18077	RL35A_HUMAN	RPL35A	Large ribosomal subunit protein eL33	4.93667e+06	1.49834e+06	2.69932e+06	628043
P18084	P18084	ITB5_HUMAN	ITGB5	Integrin beta-5	977531	792956	1.94241e+06	832004
P18085	P18085	ARF4_HUMAN	ARF4	ADP-ribosylation factor 4	9.42339e+06	7.08487e+06	1.28318e+07	4.66587e+06
P18124	P18124	RL7_HUMAN	RPL7	Large ribosomal subunit protein uL30	6.93062e+06	2.04794e+06	4.67605e+06	789407
P18206	P18206	VINC_HUMAN	VCL	Vinculin	2.96578e+07	2.5599e+07	3.10556e+07	2.14212e+07
P18283	P18283	GPX2_HUMAN	GPX2	Glutathione peroxidase 2	346207	566336	562420	
P18428	P18428	LBP_HUMAN	LBP	Lipopolysaccharide-binding protein	268209	2.33154e+06	405390	500604
P18433	P18433	PTPRA_HUMAN	PTPRA	Receptor-type tyrosine-protein phosphatase alpha	618080		691615	
P18440	P18440	ARY1_HUMAN	NAT1	Arylamine N-acetyltransferase 1	112922		75418.9	
P18510	P18510	IL1RA_HUMAN	IL1RN	Interleukin-1 receptor antagonist protein	355745	659941	316721	836300
P18577;Q02161	P18577;Q02161	RHCE_HUMAN;RHD_HUMAN	RHCE;RHD	Blood group Rh(CE) polypeptide	29098.9	121400	458617	45679.6
P18615	P18615	NELFE_HUMAN	NELFE	Negative elongation factor E	112919		67708.8	55476
P18621	P18621	RL17_HUMAN	RPL17	Large ribosomal subunit protein uL22	531176	450701	533970	
P18669	P18669	PGAM1_HUMAN	PGAM1	Phosphoglycerate mutase 1	2.93976e+07	2.84858e+07	2.01473e+07	3.47769e+07
P18754	P18754	RCC1_HUMAN	RCC1	Regulator of chromosome condensation	3.30926e+06	3.24922e+06	3.29008e+06	2.66649e+06
P18827	P18827	SDC1_HUMAN	SDC1	Syndecan-1	274666		183653	
P18858	P18858	DNLI1_HUMAN	LIG1	DNA ligase 1	130578			
P18859	P18859	ATP5J_HUMAN	ATP5PF	ATP synthase-coupling factor 6, mitochondrial	179348	472584	120162	327824
P18887	P18887	XRCC1_HUMAN	XRCC1	DNA repair protein XRCC1	545402	238948	310803	363352
P19012	P19012	K1C15_HUMAN	KRT15	Keratin, type I cytoskeletal 15	21263.3	67560.8	131443	
P19013	P19013;Q3SY84;Q86Y46	K2C4_HUMAN	KRT4	Keratin, type II cytoskeletal 4	100435	554409	4.87844e+06	104119
P19075	P19075	TSN8_HUMAN	TSPAN8	Tetraspanin-8	2.68702e+06	3.99398e+06	2.67652e+06	573780
P19174	P19174	PLCG1_HUMAN	PLCG1	1-phosphatidylinositol 4,5-bisphosphate phosphodiesterase gamma-1	959882		629047	428537
P19256	P19256	LFA3_HUMAN	CD58	Lymphocyte function-associated antigen 3	483865	709549	411344	823374
P19320	P19320	VCAM1_HUMAN	VCAM1	Vascular cell adhesion protein 1	754147	639686	1.04947e+06	658127
P19338	P19338	NUCL_HUMAN	NCL	Nucleolin	2.20473e+07	9.1511e+06	1.702e+07	9.3631e+06
P19367	P19367	HXK1_HUMAN	HK1	Hexokinase-1	3.62783e+06	3.05827e+06	4.3721e+06	2.45388e+06
P19387	P19387	RPB3_HUMAN	POLR2C	DNA-directed RNA polymerase II subunit RPB3	83114.1		72166.4	
P19388	P19388	RPAB1_HUMAN	POLR2E	DNA-directed RNA polymerases I, II, and III subunit RPABC1	881193	551004	651943	509601
P19397	P19397	CD53_HUMAN	CD53	Leukocyte surface antigen CD53	3.29715e+06	8.13077e+06	3.32249e+06	6.72715e+06
P19404	P19404	NDUV2_HUMAN	NDUFV2	NADH dehydrogenase [ubiquinone] flavoprotein 2, mitochondrial	2.07618e+06	2.47172e+06	1.76471e+06	1.14666e+06
P19440	A6NGU5;P19440;Q14390;B5MD39	GGT1_HUMAN	GGT1	Glutathione hydrolase 1 proenzyme	471894	1.36904e+06	1.08304e+06	1.20425e+06
P19474	P19474	RO52_HUMAN	TRIM21	E3 ubiquitin-protein ligase TRIM21	601118	436342	615225	385017
P19525	P19525	E2AK2_HUMAN	EIF2AK2	Interferon-induced, double-stranded RNA-activated protein kinase	731735	613081	632864	800781
P19623	P19623	SPEE_HUMAN	SRM	Spermidine synthase	2.99583e+06	1.40058e+06	2.61008e+06	840076
P19634;Q9UBY0	P19634;Q9UBY0	SL9A1_HUMAN;SL9A2_HUMAN	SLC9A1;SLC9A2	Sodium/hydrogen exchanger 1	170769	191442	191875	
P19652	P19652	A1AG2_HUMAN	ORM2	Alpha-1-acid glycoprotein 2	3.84546e+06	3.582e+07	3.0399e+06	1.12852e+07
P19784	P19784	CSK22_HUMAN	CSNK2A2	Casein kinase II subunit alpha'	91883.6	104790	75103.7	47088.1
P19793	P19793	RXRA_HUMAN	RXRA	Retinoic acid receptor RXR-alpha	137310		109178	59682.6
P19801	P19801	AOC1_HUMAN	AOC1	Amiloride-sensitive amine oxidase [copper-containing]	106756	308235	151794	
P19823	P19823	ITIH2_HUMAN	ITIH2	Inter-alpha-trypsin inhibitor heavy chain H2	5.50104e+06	1.49578e+07	8.95905e+06	8.9642e+06
P19827	P19827	ITIH1_HUMAN	ITIH1	Inter-alpha-trypsin inhibitor heavy chain H1	4.81589e+06	1.08459e+07	6.06556e+06	6.75938e+06
P19838	P19838	NFKB1_HUMAN	NFKB1	Nuclear factor NF-kappa-B p105 subunit	2.00515e+06	1.61404e+06	1.81927e+06	1.17552e+06
P19878	P19878	NCF2_HUMAN	NCF2	Neutrophil cytosol factor 2	2.45001e+06	3.98193e+06	2.4582e+06	6.63727e+06
P19971	P19971	TYPH_HUMAN	TYMP	Thymidine phosphorylase	1.27219e+06	1.93581e+06	1.7339e+06	1.82919e+06
P20020	P20020	AT2B1_HUMAN	ATP2B1	Plasma membrane calcium-transporting ATPase 1	588337	602450	1.35998e+06	386825
P20036	P20036	DPA1_HUMAN	HLA-DPA1	HLA class II histocompatibility antigen, DP alpha 1 chain	1.24526e+06	1.81126e+06	1.60477e+06	2.401e+06
P20042	P20042	IF2B_HUMAN	EIF2S2	Eukaryotic translation initiation factor 2 subunit 2	1.14522e+06	825062	1.01997e+06	685678
P20061	P20061	TCO1_HUMAN	TCN1	Transcobalamin-1	566788	862715	607588	1.80195e+06
P20073	P20073	ANXA7_HUMAN	ANXA7	Annexin A7	3.05169e+06	5.49764e+06	4.02606e+06	4.15026e+06
P20160	P20160	CAP7_HUMAN	AZU1	Azurocidin	6.38399e+07	1.55518e+08	5.03894e+07	1.61331e+08
P20226;Q6SJ96	P20226;Q6SJ96	TBPL2_HUMAN;TBP_HUMAN	TBP;TBPL2	TATA-box-binding protein	133136			
P20231;Q15661	P20231;Q15661	TRYB1_HUMAN;TRYB2_HUMAN	TPSAB1;TPSB2	Tryptase beta-2	4.05673e+06	2.96452e+06	8.45225e+06	3.80639e+06
P20290	P20290	BTF3_HUMAN	BTF3	Transcription factor BTF3	1.41238e+06	494662	692249	487601
P20292	P20292	AL5AP_HUMAN	ALOX5AP	Arachidonate 5-lipoxygenase-activating protein	4.89053e+06	1.37539e+07	4.97668e+06	1.04002e+07
P20336	P20336	RAB3A_HUMAN	RAB3A	Ras-related protein Rab-3A	849473	1.02309e+06	813903	1.08928e+06
P20338	P20338	RAB4A_HUMAN	RAB4A	Ras-related protein Rab-4A	1.74652e+06	1.19934e+06	1.63541e+06	874886
P20339	P20339	RAB5A_HUMAN	RAB5A	Ras-related protein Rab-5A	3.83135e+06	2.17317e+06	2.70571e+06	1.79453e+06
P20340	P20340;Q9H0N0;Q9NRW1	RAB6A_HUMAN	RAB6A	Ras-related protein Rab-6A	4.75482e+07	4.39321e+07	5.21988e+07	4.83839e+07
P20591	P20591;P20592	MX1_HUMAN	MX1	Interferon-induced GTP-binding protein Mx1	908172		1.40614e+06	
P20618	P20618	PSB1_HUMAN	PSMB1	Proteasome subunit beta type-1	8.87971e+06	6.38385e+06	8.98055e+06	7.17213e+06
P20645	P20645	MPRD_HUMAN	M6PR	Cation-dependent mannose-6-phosphate receptor	1.62283e+06	2.25328e+06	2.3006e+06	2.96707e+06
P20674	P20674	COX5A_HUMAN	COX5A	Cytochrome c oxidase subunit 5A, mitochondrial	1.19708e+06	1.21228e+06	899273	481716
P20700	P20700	LMNB1_HUMAN	LMNB1	Lamin-B1	2.39869e+06	5.01445e+06	1.51757e+06	4.8288e+06
P20701	P20701	ITAL_HUMAN	ITGAL	Integrin alpha-L	468175	910289	355135	924623
P20702	P20702	ITAX_HUMAN	ITGAX	Integrin alpha-X	1.26093e+06	2.59721e+06	1.07279e+06	3.29502e+06
P20742	P20742	PZP_HUMAN	PZP	Pregnancy zone protein	255806	670257	525295	523487
P20774	P20774	MIME_HUMAN	OGN	Mimecan	914050	3.4149e+06	2.9725e+06	3.29819e+06
P20810	P20810	ICAL_HUMAN	CAST	Calpastatin	3.40547e+06	2.49029e+06	2.44022e+06	1.67234e+06
P20839	P20839	IMDH1_HUMAN	IMPDH1	Inosine-5'-monophosphate dehydrogenase 1	854132	336871	608170	400421
P20851	P20851	C4BPB_HUMAN	C4BPB	C4b-binding protein beta chain	299988	2.05173e+06	633959	1.85114e+06
P20908	P20908	CO5A1_HUMAN	COL5A1	Collagen alpha-1(V) chain	870278	726184	752248	706534
P20930	P20930	FILA_HUMAN	FLG	Filaggrin	375185	1.82727e+06	2.70549e+06	385508
P20933	P20933	ASPG_HUMAN	AGA	N(4)-(beta-N-acetylglucosaminyl)-L-asparaginase	695608	1.16674e+06	847295	1.76723e+06
P20936	P20936	RASA1_HUMAN	RASA1	Ras GTPase-activating protein 1	259120		202005	123592
P20962	P20962	PTMS_HUMAN	PTMS	Parathymosin	6.8122e+06	1.96165e+06	3.32671e+06	1.09816e+06
P21127;Q9UQ88	P21127;Q13882;Q9UQ88	CD11A_HUMAN;CD11B_HUMAN	CDK11A;CDK11B	Cyclin-dependent kinase 11B	340599	152948	249823	265552
P21217;P51993;Q11128	P21217;P51993;Q11128	FUT3_HUMAN;FUT5_HUMAN;FUT6_HUMAN	FUT3;FUT5;FUT6	3-galactosyl-N-acetylglucosaminide 4-alpha-L-fucosyltransferase FUT3	92946.3	269545	105265	
P21266	P21266	GSTM3_HUMAN	GSTM3	Glutathione S-transferase Mu 3	2.65437e+06	1.93143e+06	3.28669e+06	1.88943e+06
P21281	P21281	VATB2_HUMAN	ATP6V1B2	V-type proton ATPase subunit B, brain isoform	3.11327e+06	3.92428e+06	3.39073e+06	3.0017e+06
P21283	P21283	VATC1_HUMAN	ATP6V1C1	V-type proton ATPase subunit C 1	1.10103e+06	1.74061e+06	1.35358e+06	1.01377e+06
P21291	P21291	CSRP1_HUMAN	CSRP1	Cysteine and glycine-rich protein 1	1.16961e+07	1.19054e+07	1.39278e+07	7.66053e+06
P21333	P21333	FLNA_HUMAN	FLNA	Filamin-A	3.31174e+07	3.05466e+07	3.45228e+07	2.58376e+07
P21397	P21397	AOFA_HUMAN	MAOA	Amine oxidase [flavin-containing] A	1.63487e+06	1.58562e+06	1.73223e+06	666119
P21399	P21399	ACOHC_HUMAN	ACO1	Cytoplasmic aconitate hydratase	1.68424e+06	1.16144e+06	1.73792e+06	1.16936e+06
P21462	P21462	FPR1_HUMAN	FPR1	fMet-Leu-Phe receptor	116022	733941	38483	465419
P21589	P21589	5NTD_HUMAN	NT5E	5'-nucleotidase	1.3711e+06	1.84274e+06	1.25532e+06	3.78412e+06
P21730	P21730	C5AR1_HUMAN	C5AR1	C5a anaphylatoxin chemotactic receptor 1	102327	399595	136377	369483
P21741	P21741	MK_HUMAN	MDK	Midkine	458622	262962	628787	412366
P21757	P21757	MSRE_HUMAN	MSR1	Macrophage scavenger receptor types I and II	80800.4	138519	131751	91282.6
P21796	P21796	VDAC1_HUMAN	VDAC1	Voltage-dependent anion-selective channel protein 1	1.1503e+07	1.67003e+07	9.3215e+06	7.01472e+06
P21810	P21810	PGS1_HUMAN	BGN	Biglycan	5.24782e+06	3.4734e+06	6.0399e+06	2.01614e+06
P21912	P21912	SDHB_HUMAN	SDHB	Succinate dehydrogenase [ubiquinone] iron-sulfur subunit, mitochondrial	3.36396e+06	3.33557e+06	2.52929e+06	2.19806e+06
P21926	P21926	CD9_HUMAN	CD9	CD9 antigen	3.53411e+06	5.16651e+06	5.84021e+06	3.05132e+06
P21964	P21964	COMT_HUMAN	COMT	Catechol O-methyltransferase	1.62814e+06	853296	2.11019e+06	627678
P21980	P21980;P49221	TGM2_HUMAN	TGM2	Protein-glutamine gamma-glutamyltransferase 2	2.48487e+06	1.0699e+06	1.83764e+06	1.50251e+06
P22033	P22033	MUTA_HUMAN	MMUT	Methylmalonyl-CoA mutase, mitochondrial	271595	77843.7	263521	79497.6
P22059	P22059	OSBP1_HUMAN	OSBP	Oxysterol-binding protein 1	1.30228e+06	954179	942412	668425
P22061	P22061	PIMT_HUMAN	PCMT1	Protein-L-isoaspartate(D-aspartate) O-methyltransferase	7.53489e+06	7.86093e+06	1.07419e+07	9.73517e+06
P22087	P22087	FBRL_HUMAN	FBL	rRNA 2'-O-methyltransferase fibrillarin	2.38541e+06	1.59461e+06	3.06058e+06	992042
P22090	P22090;Q8TD47	RS4Y1_HUMAN	RPS4Y1	Small ribosomal subunit protein eS4, Y isoform 1	573102		547883	
P22102	P22102	PUR2_HUMAN	GART	Trifunctional purine biosynthetic protein adenosine-3	2.60179e+06	1.10669e+06	2.01672e+06	1.12723e+06
P22105	P22105	TENX_HUMAN	TNXB	Tenascin-X	265798	308541	423842	457173
P22234	P22234	PUR6_HUMAN	PAICS	Bifunctional phosphoribosylaminoimidazole carboxylase/phosphoribosylaminoimidazole succinocarboxamide synthetase	2.86173e+06	1.60368e+06	2.15674e+06	1.31873e+06
P22307	P22307	SCP2_HUMAN	SCP2	Sterol carrier protein 2	4.8289e+06	3.62953e+06	4.75303e+06	3.97526e+06
P22314	P22314	UBA1_HUMAN	UBA1	Ubiquitin-like modifier-activating enzyme 1	8.54147e+06	5.70021e+06	7.98033e+06	5.11218e+06
P22352	P22352	GPX3_HUMAN	GPX3	Glutathione peroxidase 3	870157	2.04514e+06	1.40978e+06	4.15997e+06
P22392	P22392;O60361	NDKB_HUMAN	NME2	Nucleoside diphosphate kinase B	3.0489e+07	2.09242e+07	3.06647e+07	1.44398e+07
P22413	P22413	ENPP1_HUMAN	ENPP1	Ectonucleotide pyrophosphatase/phosphodiesterase family member 1	104001	123175	53182.4	
P22570	P22570	ADRO_HUMAN	FDXR	NADPH:adrenodoxin oxidoreductase, mitochondrial			462437	
P22612	P22612	KAPCG_HUMAN	PRKACG	cAMP-dependent protein kinase catalytic subunit gamma	218327	265637	289116	
P22626	P22626	ROA2_HUMAN	HNRNPA2B1	Heterogeneous nuclear ribonucleoproteins A2/B1	2.73693e+07	1.30717e+07	2.30225e+07	1.97427e+07
P22676	P22676	CALB2_HUMAN	CALB2	Calretinin	480164	109714	107994	147174
P22681	P22681	CBL_HUMAN	CBL	E3 ubiquitin-protein ligase CBL	426590	495847	221493	333169
P22692	P22692	IBP4_HUMAN	IGFBP4	Insulin-like growth factor-binding protein 4	452620	505801	375613	1.1687e+06
P22694	P22694	KAPCB_HUMAN	PRKACB	cAMP-dependent protein kinase catalytic subunit beta	186115	139225	226595	
P22695	P22695	QCR2_HUMAN	UQCRC2	Cytochrome b-c1 complex subunit 2, mitochondrial	1.99184e+06	2.2005e+06	2.18084e+06	388014
P22735	P22735	TGM1_HUMAN	TGM1	Protein-glutamine gamma-glutamyltransferase K	121103	453064	469444	164744
P22748	P22748	CAH4_HUMAN	CA4	Carbonic anhydrase 4	352828	2.12402e+06	206364	2.01633e+06
P22792	P22792	CPN2_HUMAN	CPN2	Carboxypeptidase N subunit 2	1.16799e+06	3.04579e+06	2.3602e+06	3.04038e+06
P22830	P22830	HEMH_HUMAN	FECH	Ferrochelatase, mitochondrial	181700		227846	
P22891	P22891	PROZ_HUMAN	PROZ	Vitamin K-dependent protein Z		251445		354636
P22894	P22894	MMP8_HUMAN	MMP8	Neutrophil collagenase	3.88638e+06	4.99367e+06	3.19565e+06	1.61551e+07
P22897	P22897	MRC1_HUMAN	MRC1	Macrophage mannose receptor 1	953670	969433	1.12613e+06	1.65418e+06
P23083	P23083	HV102_HUMAN	IGHV1-2	Immunoglobulin heavy variable 1-2	276475	312763	612286	1.10554e+06
P23141	P23141	EST1_HUMAN	CES1	Liver carboxylesterase 1	854629	2.65432e+06	983515	2.77421e+06
P23142	P23142	FBLN1_HUMAN	FBLN1	Fibulin-1	2.00807e+07	3.19394e+07	5.38747e+07	3.96066e+07
P23193	P23193;Q15560	TCEA1_HUMAN	TCEA1	Transcription elongation factor A protein 1	1.36264e+06	763616	1.26065e+06	705791
P23219	P23219	PGH1_HUMAN	PTGS1	Prostaglandin G/H synthase 1	2.11592e+06	2.58824e+06	4.06214e+06	3.84257e+06
P23229	P23229	ITA6_HUMAN	ITGA6	Integrin alpha-6	1.62859e+06	1.81872e+06	2.32375e+06	1.19163e+06
P23246	P23246	SFPQ_HUMAN	SFPQ	Splicing factor, proline- and glutamine-rich	1.28944e+07	7.27511e+06	8.69215e+06	9.1749e+06
P23284	P23284	PPIB_HUMAN	PPIB	Peptidyl-prolyl cis-trans isomerase B	5.6347e+07	2.7545e+07	4.9448e+07	1.66395e+07
P23368	P23368	MAOM_HUMAN	ME2	NAD-dependent malic enzyme, mitochondrial	401789	340538	326334	273986
P23381	P23381	SYWC_HUMAN	WARS1	Tryptophan--tRNA ligase, cytoplasmic	5.99684e+06	3.37248e+06	5.96447e+06	1.55174e+06
P23396	P23396	RS3_HUMAN	RPS3	Small ribosomal subunit protein uS3	1.89055e+07	7.16405e+06	1.48001e+07	5.22609e+06
P23443	P23443	KS6B1_HUMAN	RPS6KB1	Ribosomal protein S6 kinase beta-1	71424.6			
P23458	P23458	JAK1_HUMAN	JAK1	Tyrosine-protein kinase JAK1	112396	182679	147994	
P23469	P23469	PTPRE_HUMAN	PTPRE	Receptor-type tyrosine-protein phosphatase epsilon	206791	132413	216583	166133
P23470	P23470	PTPRG_HUMAN	PTPRG	Receptor-type tyrosine-protein phosphatase gamma	349191		169480	
P23490	P23490	LORI_HUMAN	LORICRIN	Loricrin	111733	643641	312228	
P23497	P23497;Q9H930	SP100_HUMAN	SP100	Nuclear autoantigen Sp-100	183811	365750		610232
P23526	P23526	SAHH_HUMAN	AHCY	Adenosylhomocysteinase	8.28721e+06	6.68948e+06	8.50104e+06	5.50705e+06
P23528	P23528;Q9Y281	COF1_HUMAN	CFL1	Cofilin-1	4.68422e+07	4.29036e+07	5.96493e+07	3.42952e+07
P23588	P23588	IF4B_HUMAN	EIF4B	Eukaryotic translation initiation factor 4B	3.51251e+06	1.66412e+06	2.05314e+06	1.58228e+06
P23634	P20020;P23634	AT2B4_HUMAN	ATP2B4	Plasma membrane calcium-transporting ATPase 4	1.09219e+06	788973	1.57624e+06	635460
P23743	P23743	DGKA_HUMAN	DGKA	Diacylglycerol kinase alpha	611224	603201	708513	504664
P23919	P23919	KTHY_HUMAN	DTYMK	Thymidylate kinase	1.38183e+06	779661	1.15194e+06	705588
P23921	P23921	RIR1_HUMAN	RRM1	Ribonucleoside-diphosphate reductase large subunit	544851	219610	171146	
P24043	P24043	LAMA2_HUMAN	LAMA2	Laminin subunit alpha-2	163694	147745	190985	163916
P24071	P24071	FCAR_HUMAN	FCAR	Immunoglobulin alpha Fc receptor	941744	4.87462e+06	487537	4.69198e+06
P24158	P24158	PRTN3_HUMAN	PRTN3	Myeloblastin	4.79053e+07	1.05232e+08	4.85675e+07	3.00229e+08
P24311	P24311	COX7B_HUMAN	COX7B	Cytochrome c oxidase subunit 7B, mitochondrial	984446	781489	937601	580257
P24390	P24390	ERD21_HUMAN	KDELR1	ER lumen protein-retaining receptor 1	555266	615209	628562	334654
P24534	P24534	EF1B_HUMAN	EEF1B2	Elongation factor 1-beta	2.53432e+06	2.15355e+06	1.64439e+06	2.04891e+06
P24539	P24539	AT5F1_HUMAN	ATP5PB	ATP synthase F(0) complex subunit B1, mitochondrial	1.75182e+06	1.73077e+06	1.44225e+06	491475
P24557	P24557	THAS_HUMAN	TBXAS1	Thromboxane-A synthase	136017	324252	300943	160076
P24593	P24593	IBP5_HUMAN	IGFBP5	Insulin-like growth factor-binding protein 5	811747	876327	1.27875e+06	1.32963e+06
P24666	P24666	PPAC_HUMAN	ACP1	Low molecular weight phosphotyrosine protein phosphatase	3.05937e+06	1.97149e+06	4.48812e+06	2.84189e+06
P24752	P24752	THIL_HUMAN	ACAT1	Acetyl-CoA acetyltransferase, mitochondrial	1.47928e+06	511458	1.39297e+06	587180
P24821	P24821	TENA_HUMAN	TNC	Tenascin	9.41027e+06	1.55251e+07	8.95021e+06	1.10299e+08
P24844	O14950;P19105;P24844	MYL9_HUMAN	MYL9	Myosin regulatory light polypeptide 9	7.93208e+06	1.05422e+07	9.30325e+06	4.81536e+06
P24855	P24855	DNAS1_HUMAN	DNASE1	Deoxyribonuclease-1	157333			271159
P24928	P24928	RPB1_HUMAN	POLR2A	DNA-directed RNA polymerase II subunit RPB1	21105.9			
P24941;Q00526	P24941;Q00526	CDK2_HUMAN;CDK3_HUMAN	CDK2;CDK3	Cyclin-dependent kinase 2	106345	72950.9	79539.7	
P25024	P25024	CXCR1_HUMAN	CXCR1	C-X-C chemokine receptor type 1	169294	482728	191570	461767
P25025	P25024;P25025	CXCR2_HUMAN	CXCR2	C-X-C chemokine receptor type 2	95411.6	493703	157860	299010
P25090	P25090	FPR2_HUMAN	FPR2	N-formyl peptide receptor 2		1.27708e+06		597573
P25098	P25098;P35626	ARBK1_HUMAN	GRK2	Beta-adrenergic receptor kinase 1	640462	769081	497959	553442
P25101	P25101	EDNRA_HUMAN	EDNRA	Endothelin-1 receptor	648923	437561	485468	
P25205	P25205	MCM3_HUMAN	MCM3	DNA replication licensing factor MCM3	868821	126201	292480	34524.9
P25311	P25311	ZA2G_HUMAN	AZGP1	Zinc-alpha-2-glycoprotein	3.59184e+06	1.73774e+07	6.59186e+06	9.21971e+06
P25325	P25325	THTM_HUMAN	MPST	3-mercaptopyruvate sulfurtransferase	2.6049e+06	3.01733e+06	2.85066e+06	2.30952e+06
P25398	P25398	RS12_HUMAN	RPS12	Small ribosomal subunit protein eS12	8.60898e+06	4.4227e+06	8.08533e+06	2.70934e+06
P25440	P25440	BRD2_HUMAN	BRD2	Bromodomain-containing protein 2	110560		64785.1	93231.4
P25445	P25445	TNR6_HUMAN	FAS	Tumor necrosis factor receptor superfamily member 6	169141	186867	345688	115069
P25490	O15391;P25490	TYY1_HUMAN	YY1	Transcriptional repressor protein YY1	290142	109364	202604	119577
P25685	P25685	DNJB1_HUMAN	DNAJB1	DnaJ homolog subfamily B member 1	1.20247e+06	868605	1.14471e+06	852745
P25686	O75190;P25686;Q8NHS0	DNJB2_HUMAN	DNAJB2	DnaJ homolog subfamily B member 2	182257	249707	278605	286027
P25705	P25705	ATPA_HUMAN	ATP5F1A	ATP synthase subunit alpha, mitochondrial	4.69089e+06	3.11847e+06	6.30632e+06	1.45806e+06
P25774	P25774	CATS_HUMAN	CTSS	Cathepsin S	4.41272e+06	4.70937e+06	3.87363e+06	9.42195e+06
P25786	P25786	PSA1_HUMAN	PSMA1	Proteasome subunit alpha type-1	8.70964e+06	5.67201e+06	8.02996e+06	6.61837e+06
P25787	P25787	PSA2_HUMAN	PSMA2	Proteasome subunit alpha type-2	5.40902e+06	3.49687e+06	3.87876e+06	3.82884e+06
P25788	P25788	PSA3_HUMAN	PSMA3	Proteasome subunit alpha type-3	8.63969e+06	6.29398e+06	7.78671e+06	6.49745e+06
P25789	P25789	PSA4_HUMAN	PSMA4	Proteasome subunit alpha type-4	8.77842e+06	5.98775e+06	8.18024e+06	6.34124e+06
P25815	P25815	S100P_HUMAN	S100P	Protein S100-P	9.58753e+06	3.45621e+07	5.62992e+06	3.01631e+07
P25940	P25940	CO5A3_HUMAN	COL5A3	Collagen alpha-3(V) chain	222694		131801	141326
P25942	P25942	TNR5_HUMAN	CD40	Tumor necrosis factor receptor superfamily member 5	418410	442440	549954	630797
P26006	P26006	ITA3_HUMAN	ITGA3	Integrin alpha-3	501274	459615	309907	453028
P26022	P26022	PTX3_HUMAN	PTX3	Pentraxin-related protein PTX3	627998	1.36268e+06	541096	2.81629e+06
P26038	P26038	MOES_HUMAN	MSN	Moesin	3.20146e+07	2.39588e+07	2.27453e+07	2.76313e+07
P26196	P26196	DDX6_HUMAN	DDX6	Probable ATP-dependent RNA helicase DDX6	2.92691e+06	1.23943e+06	2.04989e+06	1.25995e+06
P26358	P26358	DNMT1_HUMAN	DNMT1	DNA (cytosine-5)-methyltransferase 1	559685		236963	180435
P26368	P26368	U2AF2_HUMAN	U2AF2	Splicing factor U2AF 65 kDa subunit	1.5144e+06	1.19224e+06	1.27144e+06	1.3299e+06
P26373	P26373	RL13_HUMAN	RPL13	Large ribosomal subunit protein eL13	2.56448e+06	1.89883e+06	1.5986e+06	935815
P26440	P26440	IVD_HUMAN	IVD	Isovaleryl-CoA dehydrogenase, mitochondrial	2.13288e+06	453499	2.20253e+06	1.51108e+06
P26447	P26447	S10A4_HUMAN	S100A4	Protein S100-A4	4.11537e+07	3.86294e+07	3.79886e+07	5.6505e+07
P26572	P26572	MGAT1_HUMAN	MGAT1	Alpha-1,3-mannosyl-glycoprotein 2-beta-N-acetylglucosaminyltransferase	135066	78440	120383	76680.4
P26583	P09429;P26583	HMGB2_HUMAN	HMGB2	High mobility group protein B2	7.44028e+06	1.59793e+07	4.53205e+06	1.52068e+07
P26599	P26599	PTBP1_HUMAN	PTBP1	Polypyrimidine tract-binding protein 1	1.36937e+07	6.65371e+06	9.76931e+06	7.36489e+06
P26639	A2RTX5;P26639	SYTC_HUMAN	TARS1	Threonine--tRNA ligase 1, cytoplasmic	4.59424e+06	2.22908e+06	3.71031e+06	2.203e+06
P26640	P26640	SYVC_HUMAN	VARS1	Valine--tRNA ligase	1.92244e+06	1.1e+06	1.77307e+06	811221
P26641	P26641	EF1G_HUMAN	EEF1G	Elongation factor 1-gamma	9.67284e+06	7.60924e+06	9.84253e+06	5.83054e+06
P26885	P26885	FKBP2_HUMAN	FKBP2	Peptidyl-prolyl cis-trans isomerase FKBP2	4.66862e+06	5.13789e+06	6.72209e+06	6.09698e+06
P26927	P26927;Q2TV78	HGFL_HUMAN	MST1	Hepatocyte growth factor-like protein	282287	1.57142e+06	543418	912205
P26951	P26951	IL3RA_HUMAN	IL3RA	Interleukin-3 receptor subunit alpha	194767		93653.9	242952
P27105	P27105	STOM_HUMAN	STOM	Stomatin	1.2684e+07	2.36929e+07	2.36693e+07	2.36565e+07
P27169	P27169	PON1_HUMAN	PON1	Serum paraoxonase/arylesterase 1	937199	1.41585e+06	1.5768e+06	1.19098e+06
P27338	P27338	AOFB_HUMAN	MAOB	Amine oxidase [flavin-containing] B	162045	599198	289117	
P27348	P27348	1433T_HUMAN	YWHAQ	14-3-3 protein theta	5.06516e+06	5.6426e+06	5.19815e+06	2.19001e+06
P27361	P27361	MK03_HUMAN	MAPK3	Mitogen-activated protein kinase 3	701291	387815	690166	357461
P27449	P27449	VATL_HUMAN	ATP6V0C	V-type proton ATPase 16 kDa proteolipid subunit c	3.94876e+06	6.70754e+06	4.88257e+06	4.8444e+06
P27487	P27487	DPP4_HUMAN	DPP4	Dipeptidyl peptidase 4	907071	2.36064e+06	1.84482e+06	5.19569e+06
P27635	P27635	RL10_HUMAN	RPL10	Large ribosomal subunit protein uL16	571745	340464	504737	229228
P27658	P27658	CO8A1_HUMAN	COL8A1	Collagen alpha-1(VIII) chain	356244	1.84711e+06	442906	1.64844e+06
P27694	P27694	RFA1_HUMAN	RPA1	Replication protein A 70 kDa DNA-binding subunit	1.24773e+06	610709	1.0306e+06	785673
P27695	P27695	APEX1_HUMAN	APEX1	DNA-(apurinic or apyrimidinic site) endonuclease	4.31434e+06	3.61971e+06	4.63955e+06	3.69577e+06
P27701	P27701	CD82_HUMAN	CD82	CD82 antigen	2.03502e+06	3.22833e+06	2.24958e+06	3.34094e+06
P27708	P27708	PYR1_HUMAN	CAD	CAD protein	382312	143192	368444	117542
P27797	P27797	CALR_HUMAN	CALR	Calreticulin	4.98969e+07	5.19019e+07	5.49159e+07	5.4297e+07
P27816	P27816	MAP4_HUMAN	MAP4	Microtubule-associated protein 4	4.86197e+06	1.60858e+06	4.41742e+06	2.03027e+06
P27824	P27824	CALX_HUMAN	CANX	Calnexin	1.51962e+07	1.20038e+07	2.08666e+07	2.1665e+07
P27918	P27918	PROP_HUMAN	CFP	Properdin	505896	609126	603879	2.43128e+06
P27986	P27986	P85A_HUMAN	PIK3R1	Phosphatidylinositol 3-kinase regulatory subunit alpha	266506	357980		358256
P28039	P28039	AOAH_HUMAN	AOAH	Acyloxyacyl hydrolase	72218.2			
P28062	P28062	PSB8_HUMAN	PSMB8	Proteasome subunit beta type-8	6.47924e+06	4.61844e+06	4.5689e+06	4.42694e+06
P28065	P28065	PSB9_HUMAN	PSMB9	Proteasome subunit beta type-9	3.89226e+06	3.37449e+06	3.44935e+06	3.02731e+06
P28066	P28066	PSA5_HUMAN	PSMA5	Proteasome subunit alpha type-5	3.34924e+06	2.36884e+06	2.66978e+06	2.34591e+06
P28067	P28067	DMA_HUMAN	HLA-DMA	HLA class II histocompatibility antigen, DM alpha chain	123793		157806	377293
P28068	P28068	DMB_HUMAN	HLA-DMB	HLA class II histocompatibility antigen, DM beta chain	677636	613616	885512	1.72158e+06
P28070	P28070	PSB4_HUMAN	PSMB4	Proteasome subunit beta type-4	5.12219e+06	3.52194e+06	4.86844e+06	4.80237e+06
P28072	P28072	PSB6_HUMAN	PSMB6	Proteasome subunit beta type-6	6.87741e+06	3.89498e+06	6.87045e+06	5.79712e+06
P28074	P28074	PSB5_HUMAN	PSMB5	Proteasome subunit beta type-5	1.09954e+07	7.04362e+06	1.41118e+07	1.06863e+07
P28161	P28161	GSTM2_HUMAN	GSTM2	Glutathione S-transferase Mu 2	349375	146478	309472	144508
P28289	P28289	TMOD1_HUMAN	TMOD1	Tropomodulin-1	235628	655037	741792	568706
P28331	P28331	NDUS1_HUMAN	NDUFS1	NADH-ubiquinone oxidoreductase 75 kDa subunit, mitochondrial	505668	386501	398956	226135
P28340	P28340	DPOD1_HUMAN	POLD1	DNA polymerase delta catalytic subunit	80802.3			
P28482	P27361;P28482;P31152;Q16659	MK01_HUMAN	MAPK1	Mitogen-activated protein kinase 1	3.57073e+06	3.01122e+06	3.54525e+06	2.27129e+06
P28676	P28676	GRAN_HUMAN	GCA	Grancalcin	4.02839e+06	1.71642e+07	3.27971e+06	8.013e+06
P28702	P19793;P28702	RXRB_HUMAN	RXRB	Retinoic acid receptor RXR-beta	171695		63206.8	
P28799	P28799	GRN_HUMAN	GRN	Progranulin	2.03959e+06	4.21906e+06	3.4247e+06	7.38731e+06
P28838	P28838	AMPL_HUMAN	LAP3	Cytosol aminopeptidase	1.49115e+07	9.63078e+06	1.33802e+07	7.94204e+06
P28845	P28845	DHI1_HUMAN	HSD11B1	11-beta-hydroxysteroid dehydrogenase 1	572517	1.84861e+06	321000	456281
P28906	P28906	CD34_HUMAN	CD34	Hematopoietic progenitor cell antigen CD34	580211		347696	
P28907	P28907	CD38_HUMAN	CD38	ADP-ribosyl cyclase/cyclic ADP-ribose hydrolase 1	257428	189573	784440	708982
P29144	P29144	TPP2_HUMAN	TPP2	Tripeptidyl-peptidase 2	2.54238e+06	2.57088e+06	2.68356e+06	1.9426e+06
P29218	P29218	IMPA1_HUMAN	IMPA1	Inositol monophosphatase 1	1.88744e+06	1.91453e+06	2.16832e+06	2.33161e+06
P29279	P29279	CCN2_HUMAN	CCN2	CCN family member 2	349883	826354	271099	620365
P29317	P29317	EPHA2_HUMAN	EPHA2	Ephrin type-A receptor 2	99647.2		93238.1	104957
P29350	P29350	PTN6_HUMAN	PTPN6	Tyrosine-protein phosphatase non-receptor type 6	2.5624e+06	2.99652e+06	2.28337e+06	3.06249e+06
P29353	P29353	SHC1_HUMAN	SHC1	SHC-transforming protein 1	282009	135627	100229	
P29372	P29372	3MG_HUMAN	MPG	DNA-3-methyladenine glycosylase	926295	715761	658523	805637
P29373	P29373	RABP2_HUMAN	CRABP2	Cellular retinoic acid-binding protein 2	784705	1.03839e+06	1.60252e+06	1.56314e+06
P29401	P29401	TKT_HUMAN	TKT	Transketolase	4.15966e+07	5.07326e+07	3.10836e+07	8.52396e+07
P29466	P29466	CASP1_HUMAN	CASP1	Caspase-1	439524	471633	664218	544001
P29508	P29508	SPB3_HUMAN	SERPINB3	Serpin B3	487032	1.81471e+06	1.92936e+06	642093
P29536	P29536	LMOD1_HUMAN	LMOD1	Leiomodin-1	2.42554e+06	1.31942e+06	1.97006e+06	567306
P29558	P29558	RBMS1_HUMAN	RBMS1	RNA-binding motif, single-stranded-interacting protein 1	517988	354822	398917	
P29590	P29590	PML_HUMAN	PML	Protein PML	1.83818e+06	1.1992e+06	1.54111e+06	753748
P29622	P29622	KAIN_HUMAN	SERPINA4	Kallistatin	841653	1.38344e+06	1.23365e+06	1.67568e+06
P29692	P29692	EF1D_HUMAN	EEF1D	Elongation factor 1-delta	1.10374e+07	8.40174e+06	6.98614e+06	8.17061e+06
P29728	P29728	OAS2_HUMAN	OAS2	2'-5'-oligoadenylate synthase 2	36871.1			
P29966	P29966	MARCS_HUMAN	MARCKS	Myristoylated alanine-rich C-kinase substrate	8.12697e+06	2.80818e+06	5.75709e+06	2.02676e+06
P29972	P29972	AQP1_HUMAN	AQP1	Aquaporin-1	165582		52510.5	
P29992	P29992	GNA11_HUMAN	GNA11	Guanine nucleotide-binding protein subunit alpha-11	319170	552068	545748	
P30038	P30038	AL4A1_HUMAN	ALDH4A1	Delta-1-pyrroline-5-carboxylate dehydrogenase, mitochondrial	799183	723773	938608	764171
P30040	P30040	ERP29_HUMAN	ERP29	Endoplasmic reticulum resident protein 29	8.17033e+06	8.63483e+06	7.2906e+06	8.22104e+06
P30041	P30041	PRDX6_HUMAN	PRDX6	Peroxiredoxin-6	2.95605e+07	2.98593e+07	5.54466e+07	2.85875e+07
P30043	P30043	BLVRB_HUMAN	BLVRB	Flavin reductase (NADPH)	8.45907e+06	2.34635e+07	5.89557e+07	2.45689e+07
P30044	P30044	PRDX5_HUMAN	PRDX5	Peroxiredoxin-5, mitochondrial	1.35453e+07	1.50731e+07	1.29171e+07	8.86134e+06
P30046	P30046;A6NHG4	DOPD_HUMAN	DDT	D-dopachrome decarboxylase	6.36075e+06	6.68705e+06	6.0927e+06	5.50311e+06
P30048	P30048	PRDX3_HUMAN	PRDX3	Thioredoxin-dependent peroxide reductase, mitochondrial	1.19513e+07	1.66215e+07	1.07365e+07	1.31815e+07
P30049	P30049	ATPD_HUMAN	ATP5F1D	ATP synthase subunit delta, mitochondrial	460310	358006	648998	156034
P30050	P30050	RL12_HUMAN	RPL12	Large ribosomal subunit protein uL11	1.69328e+07	4.50674e+06	1.14303e+07	3.80532e+06
P30084	P30084	ECHM_HUMAN	ECHS1	Enoyl-CoA hydratase, mitochondrial	2.51825e+06	2.33206e+06	2.90325e+06	1.21375e+06
P30085	P30085	KCY_HUMAN	CMPK1	UMP-CMP kinase	5.39951e+06	3.48686e+06	4.55817e+06	1.52041e+06
P30086	P30086	PEBP1_HUMAN	PEBP1	Phosphatidylethanolamine-binding protein 1	1.67451e+07	1.54108e+07	2.26102e+07	1.47136e+07
P30101	P30101	PDIA3_HUMAN	PDIA3	Protein disulfide-isomerase A3	2.87513e+07	1.82313e+07	2.4245e+07	1.15236e+07
P30153	P30153	2AAA_HUMAN	PPP2R1A	Serine/threonine-protein phosphatase 2A 65 kDa regulatory subunit A alpha isoform	1.12395e+06	1.13838e+06	1.04632e+06	543107
P30260	P30260	CDC27_HUMAN	CDC27	Cell division cycle protein 27 homolog	39771	14238.6		
P30273	P30273	FCERG_HUMAN	FCER1G	High affinity immunoglobulin epsilon receptor subunit gamma	276555	1.27095e+06	447564	377226
P30405	P30405	PPIF_HUMAN	PPIF	Peptidyl-prolyl cis-trans isomerase F, mitochondrial	1.62611e+06	1.81413e+06	1.71797e+06	2.77142e+06
P30408	P30408	T4S1_HUMAN	TM4SF1	Transmembrane 4 L6 family member 1	1.30858e+06	1.10627e+06	820413	409363
P30419	O60551;P30419	NMT1_HUMAN	NMT1	Glycylpeptide N-tetradecanoyltransferase 1	1.67203e+06	1.30104e+06	1.6269e+06	1.11541e+06
P30511	P30511	HLAF_HUMAN	HLA-F	HLA class I histocompatibility antigen, alpha chain F	227527		260000	188670
P30519	P30519	HMOX2_HUMAN	HMOX2	Heme oxygenase 2	388898	159771	243650	66534.3
P30520	P30520	PURA2_HUMAN	ADSS2	Adenylosuccinate synthetase isozyme 2	2.50768e+06	3.86911e+06	1.78305e+06	3.52099e+06
P30530	P30530	UFO_HUMAN	AXL	Tyrosine-protein kinase receptor UFO	146036		127806	
P30533	P30533	AMRP_HUMAN	LRPAP1	Alpha-2-macroglobulin receptor-associated protein	1.83365e+06	1.40934e+06	2.07053e+06	1.41925e+06
P30536	P30536	TSPO_HUMAN	TSPO	Translocator protein	1.23168e+06	4.11419e+06	1.19295e+06	1.35564e+06
P30566	P30566	PUR8_HUMAN	ADSL	Adenylosuccinate lyase	401747	311360	607263	212240
P30613	P30613	KPYR_HUMAN	PKLR	Pyruvate kinase PKLR	194848	672455	1.03997e+06	544278
P30622	P30622	CLIP1_HUMAN	CLIP1	CAP-Gly domain-containing linker protein 1	1.06206e+06	966416	1.057e+06	904929
P30626	P30626	SORCN_HUMAN	SRI	Sorcin	6.61789e+06	9.65006e+06	3.7332e+06	3.62912e+06
P30711	P30711	GSTT1_HUMAN	GSTT1	Glutathione S-transferase theta-1	472510	779187	833482	567969
P30740	P30740	ILEU_HUMAN	SERPINB1	Leukocyte elastase inhibitor	1.46893e+07	3.87949e+07	1.06332e+07	3.50437e+07
P30837	P30837	AL1B1_HUMAN	ALDH1B1	Aldehyde dehydrogenase X, mitochondrial	3.24548e+06	1.3866e+06	3.38897e+06	804229
P30838	P30838	AL3A1_HUMAN	ALDH3A1	Aldehyde dehydrogenase, dimeric NADP-preferring		98020.4	292074	
P30876	P30876	RPB2_HUMAN	POLR2B	DNA-directed RNA polymerase II subunit RPB2	532675	724718	707238	581639
P31025	P31025	LCN1_HUMAN	LCN1	Lipocalin-1	261396	860753	621984	858439
P31040	P31040	SDHA_HUMAN	SDHA	Succinate dehydrogenase [ubiquinone] flavoprotein subunit, mitochondrial	3.29158e+06	3.88256e+06	3.14274e+06	2.91017e+06
P31146	P31146	COR1A_HUMAN	CORO1A	Coronin-1A	4.93198e+06	8.67514e+06	5.19451e+06	9.60482e+06
P31150	P31150	GDIA_HUMAN	GDI1	Rab GDP dissociation inhibitor alpha	2.02529e+06	2.12595e+06	2.7039e+06	1.80526e+06
P31151	P31151;Q86SG5	S10A7_HUMAN	S100A7	Protein S100-A7	568323	2.51837e+06	3.11018e+06	221946
P31153	P31153	METK2_HUMAN	MAT2A	S-adenosylmethionine synthase isoform type-2	4.71884e+06	2.91407e+06	3.55413e+06	2.87585e+06
P31213	P31213	S5A2_HUMAN	SRD5A2	3-oxo-5-alpha-steroid 4-dehydrogenase 2	113441		71284.6	
P31323	P31323	KAP3_HUMAN	PRKAR2B	cAMP-dependent protein kinase type II-beta regulatory subunit	1.48565e+06	2.16806e+06	2.45511e+06	1.06483e+06
P31350	P31350	RIR2_HUMAN	RRM2	Ribonucleoside-diphosphate reductase subunit M2	527453			
P31431	P31431	SDC4_HUMAN	SDC4	Syndecan-4	80073.4	115447		
P31483	P31483	TIA1_HUMAN	TIA1	Cytotoxic granule associated RNA binding protein TIA1	1.46924e+06	615744	865731	509320
P31689	P31689	DNJA1_HUMAN	DNAJA1	DnaJ homolog subfamily A member 1	1.2849e+06	565964	953772	588303
P31749	P31749	AKT1_HUMAN	AKT1	RAC-alpha serine/threonine-protein kinase	321676	118570	425255	
P31751	P31751	AKT2_HUMAN	AKT2	RAC-beta serine/threonine-protein kinase	150004	54075.3	132540	
P31930	P31930	QCR1_HUMAN	UQCRC1	Cytochrome b-c1 complex subunit 1, mitochondrial	2.43945e+06	4.43657e+06	2.88781e+06	1.5193e+06
P31937	P31937	3HIDH_HUMAN	HIBADH	3-hydroxyisobutyrate dehydrogenase, mitochondrial	2.72233e+06	2.94497e+06	3.15494e+06	2.55195e+06
P31939	P31939	PUR9_HUMAN	ATIC	Bifunctional purine biosynthesis protein ATIC	2.36361e+06	1.63935e+06	2.6933e+06	1.24547e+06
P31942	P31942	HNRH3_HUMAN	HNRNPH3	Heterogeneous nuclear ribonucleoprotein H3	3.39972e+06	1.48502e+06	2.27593e+06	2.3791e+06
P31943	P31943	HNRH1_HUMAN	HNRNPH1	Heterogeneous nuclear ribonucleoprotein H	1.17191e+07	5.48574e+06	7.41449e+06	6.43732e+06
P31944	P31944	CASPE_HUMAN	CASP14	Caspase-14	304360	2.09983e+06	2.34281e+06	425454
P31946	P31946	1433B_HUMAN	YWHAB	14-3-3 protein beta/alpha	1.29219e+07	1.00739e+07	7.99717e+06	8.97319e+06
P31947	P31947	1433S_HUMAN	SFN	14-3-3 protein sigma	1.31906e+06	998587	494567	117927
P31948	P31948	STIP1_HUMAN	STIP1	Stress-induced-phosphoprotein 1	9.4893e+06	9.61412e+06	1.05929e+07	8.79905e+06
P31949	P31949	S10AB_HUMAN	S100A11	Protein S100-A11	1.16038e+07	3.82565e+07	8.32279e+06	2.56428e+07
P31997	P06731;P13688;P31997	CEAM8_HUMAN	CEACAM8	Carcinoembryonic antigen-related cell adhesion molecule 8	1.04314e+07	6.44548e+07	5.84804e+06	5.94324e+07
P32119	P32119	PRDX2_HUMAN	PRDX2	Peroxiredoxin-2	3.3005e+07	7.80647e+07	1.95857e+08	8.98471e+07
P32121	P32121	ARRB2_HUMAN	ARRB2	Beta-arrestin-2	962568	1.10492e+06	563651	1.20857e+06
P32189	P32189;Q14409	GLPK_HUMAN	GK	Glycerol kinase	900570	1.20174e+06	863534	1.47375e+06
P32249	P32249	GP183_HUMAN	GPR183	G-protein coupled receptor 183	91140.9			
P32320	P32320	CDD_HUMAN	CDA	Cytidine deaminase	1.15205e+06	4.28296e+06	1.22016e+06	3.35583e+06
P32321	P32321	DCTD_HUMAN	DCTD	Deoxycytidylate deaminase	1.18743e+06	672578	965411	349307
P32418	P32418	NAC1_HUMAN	SLC8A1	Sodium/calcium exchanger 1	50228.4		198409	
P32455	P32455;Q9H0R5	GBP1_HUMAN	GBP1	Guanylate-binding protein 1	3.35021e+06	2.57061e+06	2.09557e+06	1.10947e+06
P32456	P32456;Q9H0R5	GBP2_HUMAN	GBP2	Guanylate-binding protein 2	1.94593e+06	1.79253e+06	1.83207e+06	1.13906e+06
P32856	P32856	STX2_HUMAN	STX2	Syntaxin-2	128380	84622.4	192645	56816.9
P32942	P32942	ICAM3_HUMAN	ICAM3	Intercellular adhesion molecule 3	1.55999e+06	5.77175e+06	1.5292e+06	9.09165e+06
P32969	P32969	RL9_HUMAN	RPL9	Large ribosomal subunit protein uL6	6.60534e+06	2.20465e+06	4.30544e+06	802966
P33121	P33121	ACSL1_HUMAN	ACSL1	Long-chain-fatty-acid--CoA ligase 1	726720	1.7658e+06	776165	1.26128e+06
P33151	P33151	CADH5_HUMAN	CDH5	Cadherin-5	842071	594181	775518	551398
P33176	O60282;P33176;Q12840	KINH_HUMAN	KIF5B	Kinesin-1 heavy chain	3.30986e+06	2.06652e+06	3.11221e+06	1.8291e+06
P33241	P33241	LSP1_HUMAN	LSP1	Lymphocyte-specific protein 1	1.43987e+06	2.81694e+06	1.35848e+06	2.9096e+06
P33316	P33316	DUT_HUMAN	DUT	Deoxyuridine 5'-triphosphate nucleotidohydrolase, mitochondrial	1.68496e+06	804919	1.19393e+06	752849
P33527	P33527	MRP1_HUMAN	ABCC1	Multidrug resistance-associated protein 1	260648	276632	376021	198973
P33947	P33947	ERD22_HUMAN	KDELR2	ER lumen protein-retaining receptor 2	36099.8	116929	78910.7	
P33991	P33991	MCM4_HUMAN	MCM4	DNA replication licensing factor MCM4	620732	72043.7	154257	
P33992	P33992	MCM5_HUMAN	MCM5	DNA replication licensing factor MCM5	1.08768e+06		389513	1.19598e+06
P33993	P33993	MCM7_HUMAN	MCM7	DNA replication licensing factor MCM7	827285			
P34059	P34059	GALNS_HUMAN	GALNS	N-acetylgalactosamine-6-sulfatase	1.03554e+06	1.78437e+06	898111	2.20737e+06
P34096	P34096	RNAS4_HUMAN	RNASE4	Ribonuclease 4	215678	261520	214544	104908
P34741	P34741	SDC2_HUMAN	SDC2	Syndecan-2	467968	138458	579475	253414
P34810	P34810	CD68_HUMAN	CD68	Macrosialin	1.18496e+06	1.9467e+06	1.43309e+06	2.23583e+06
P34896	P34896	GLYC_HUMAN	SHMT1	Serine hydroxymethyltransferase, cytosolic	242562	210644		100940
P34897	P34897	GLYM_HUMAN	SHMT2	Serine hydroxymethyltransferase, mitochondrial	1.13186e+06	467674	678746	387574
P34913	P34913	HYES_HUMAN	EPHX2	Bifunctional epoxide hydrolase 2	282847		292169	
P34932	P34932	HSP74_HUMAN	HSPA4	Heat shock 70 kDa protein 4	2.94683e+06	2.20595e+06	2.85915e+06	2.10301e+06
P34949	P34949	MPI_HUMAN	MPI	Mannose-6-phosphate isomerase	40209.5			
P35030	P35030	TRY3_HUMAN	PRSS3	Trypsin-3	3.49114e+06	8.49295e+06	3.34846e+06	6.28036e+06
P35052	P35052	GPC1_HUMAN	GPC1	Glypican-1	606724	140555	1.33988e+06	173310
P35080	P35080	PROF2_HUMAN	PFN2	Profilin-2	1.05525e+06	794690	1.9335e+06	877204
P35221	P35221	CTNA1_HUMAN	CTNNA1	Catenin alpha-1	2.68742e+06	1.34037e+06	2.02672e+06	463007
P35222	P35222	CTNB1_HUMAN	CTNNB1	Catenin beta-1	2.32131e+06	1.14633e+06	1.84494e+06	557255
P35232	P35232	PHB1_HUMAN	PHB1	Prohibitin 1			350528	
P35237	P35237	SPB6_HUMAN	SERPINB6	Serpin B6	7.64452e+06	6.6954e+06	6.71577e+06	4.74141e+06
P35240	P35240	MERL_HUMAN	NF2	Merlin	297812	1.79617e+06	227784	1.60515e+06
P35241	P35241	RADI_HUMAN	RDX	Radixin	1.32276e+06	716068	1.23308e+06	843664
P35244	P35244	RFA3_HUMAN	RPA3	Replication protein A 14 kDa subunit	196758	77552.5		
P35249	P35249	RFC4_HUMAN	RFC4	Replication factor C subunit 4	439197	242997	220452	105032
P35251	P35251	RFC1_HUMAN	RFC1	Replication factor C subunit 1	3.93239e+06	2.38794e+06	1.49795e+06	
P35268	P35268	RL22_HUMAN	RPL22	Large ribosomal subunit protein eL22	1.39071e+07	5.49384e+06	9.98899e+06	3.1609e+06
P35269	P35269	T2FA_HUMAN	GTF2F1	General transcription factor IIF subunit 1	194842		174327	
P35270	P35270	SPRE_HUMAN	SPR	Sepiapterin reductase	264517	216920	205021	130092
P35354	P35354	PGH2_HUMAN	PTGS2	Prostaglandin G/H synthase 2	681539	3.83891e+06	1.70004e+06	1.26431e+07
P35414	P35414	APJ_HUMAN	APLNR	Apelin receptor	297717		137720	
P35442	P35442	TSP2_HUMAN	THBS2	Thrombospondin-2	3.42101e+06	4.45024e+06	2.74697e+06	2.12935e+06
P35475	P35475	IDUA_HUMAN	IDUA	Alpha-L-iduronidase	388014	599018	774700	522779
P35527	P35527	K1C9_HUMAN	KRT9	Keratin, type I cytoskeletal 9	3.41927e+07	1.32089e+08	1.60804e+08	7.94922e+07
P35542	P35542	SAA4_HUMAN	SAA4	Serum amyloid A-4 protein	2.00572e+06	9.73702e+06	3.88834e+06	5.64074e+06
P35555	P35555	FBN1_HUMAN	FBN1	Fibrillin-1	1.81644e+06	2.89045e+06	3.29484e+06	3.61975e+06
P35556	P35556	FBN2_HUMAN	FBN2	Fibrillin-2	96232.8	111624	208971	145529
P35573	P35573	GDE_HUMAN	AGL	Glycogen debranching enzyme	509101	605650	531101	673874
P35579	P35579	MYH9_HUMAN	MYH9	Myosin-9	6.02958e+06	9.87128e+06	6.82872e+06	7.54988e+06
P35580	P35580	MYH10_HUMAN	MYH10	Myosin-10	376448	591117	427574	304882
P35606	P35606	COPB2_HUMAN	COPB2	Coatomer subunit beta'	4.00997e+06	3.41715e+06	3.65043e+06	2.16087e+06
P35609	P35609	ACTN2_HUMAN	ACTN2	Alpha-actinin-2	179086	238086	149751	217312
P35611	P35611	ADDA_HUMAN	ADD1	Alpha-adducin	1.1677e+06	1.04592e+06	2.06995e+06	1.09603e+06
P35612	P35612	ADDB_HUMAN	ADD2	Beta-adducin			434167	150133
P35613	P35613	BASI_HUMAN	BSG	Basigin	9.34568e+06	1.14991e+07	8.35095e+06	1.68139e+07
P35625	P35625	TIMP3_HUMAN	TIMP3	Metalloproteinase inhibitor 3	266098		449733	140555
P35637	P35637	FUS_HUMAN	FUS	RNA-binding protein FUS	7.59956e+06	3.05372e+06	5.61461e+06	2.25054e+06
P35659	P35659	DEK_HUMAN	DEK	Protein DEK	2.53012e+06	2.77313e+06	1.70919e+06	2.33352e+06
P35749	P35749	MYH11_HUMAN	MYH11	Myosin-11	2.41661e+06	5.24919e+06	2.96175e+06	2.12533e+06
P35754	P35754	GLRX1_HUMAN	GLRX	Glutaredoxin-1	1.46461e+06	3.16593e+06	1.29366e+06	3.33416e+06
P35813	O75688;P35813	PPM1A_HUMAN	PPM1A	Protein phosphatase 1A	792703	658039	1.11506e+06	795555
P35858	P35858	ALS_HUMAN	IGFALS	Insulin-like growth factor-binding protein complex acid labile subunit	559730	1.47727e+06	660037	910625
P35900	P35900	K1C20_HUMAN	KRT20	Keratin, type I cytoskeletal 20	135065	617159	132459	107680
P35908	P35908	K22E_HUMAN	KRT2	Keratin, type II cytoskeletal 2 epidermal	2.64993e+07	6.26783e+07	7.20727e+07	3.45176e+07
P35914	P35914	HMGCL_HUMAN	HMGCL	Hydroxymethylglutaryl-CoA lyase, mitochondrial	411755	451808	496279	334258
P35998	P35998	PRS7_HUMAN	PSMC2	26S proteasome regulatory subunit 7	846949	484053	814007	321817
P36222	P36222	CH3L1_HUMAN	CHI3L1	Chitinase-3-like protein 1	1.64498e+06	3.18536e+06	1.62077e+06	5.73378e+06
P36269	P36269	GGT5_HUMAN	GGT5	Glutathione hydrolase 5 proenzyme	1.74481e+06	1.19379e+06	1.59913e+06	496868
P36404	P36404	ARL2_HUMAN	ARL2	ADP-ribosylation factor-like protein 2	527504	432142	861762	428701
P36405	P36405	ARL3_HUMAN	ARL3	ADP-ribosylation factor-like protein 3	2.2892e+06	1.59021e+06	2.04408e+06	2.01425e+06
P36507	P36507	MP2K2_HUMAN	MAP2K2	Dual specificity mitogen-activated protein kinase kinase 2	870051	788932	1.01559e+06	935562
P36542	P36542	ATPG_HUMAN	ATP5F1C	ATP synthase subunit gamma, mitochondrial	282222		489051	
P36543	P36543;Q96A05	VATE1_HUMAN	ATP6V1E1	V-type proton ATPase subunit E 1	1.96512e+06	2.65613e+06	1.86218e+06	1.38273e+06
P36551	P36551	HEM6_HUMAN	CPOX	Oxygen-dependent coproporphyrinogen-III oxidase, mitochondrial	534718	548198	591462	432827
P36575	P36575	ARRC_HUMAN	ARR3	Arrestin-C	1.17151e+06	408501	766279	496985
P36578	P36578	RL4_HUMAN	RPL4	Large ribosomal subunit protein uL4	2.05299e+06	1.10653e+06	2.25693e+06	157862
P36639	P36639	8ODP_HUMAN	NUDT1	Oxidized purine nucleoside triphosphate hydrolase	351497	278958	298766	151250
P36776	P36776	LONM_HUMAN	LONP1	Lon protease homolog, mitochondrial	234166		200848	
P36871	P36871	PGM1_HUMAN	PGM1	Phosphoglucomutase-1	4.13921e+06	3.94554e+06	5.15335e+06	3.90862e+06
P36873	P36873	PP1G_HUMAN	PPP1CC	Serine/threonine-protein phosphatase PP1-gamma catalytic subunit	1.94582e+06	741060	1.44554e+06	1.13299e+06
P36915	P36915	GNL1_HUMAN	GNL1	Guanine nucleotide-binding protein-like 1	164318		237933	
P36952	P36952	SPB5_HUMAN	SERPINB5	Serpin B5	95249.4	673652	148369	
P36955	P36955	PEDF_HUMAN	SERPINF1	Pigment epithelium-derived factor	7.29473e+06	7.95809e+06	9.19981e+06	5.83995e+06
P36957	P36957	ODO2_HUMAN	DLST	Dihydrolipoyllysine-residue succinyltransferase component of 2-oxoglutarate dehydrogenase complex, mitochondrial	3.91097e+06	4.53842e+06	4.75787e+06	4.54418e+06
P36959	P36959	GMPR1_HUMAN	GMPR	GMP reductase 1	125193	307172	787926	206940
P36969	P36969	GPX4_HUMAN	GPX4	Phospholipid hydroperoxide glutathione peroxidase	1.56125e+06	919884	1.65227e+06	1.67772e+06
P36980	P36980	FHR2_HUMAN	CFHR2	Complement factor H-related protein 2	629790	2.89429e+06	1.10647e+06	4.0654e+06
P37108	P37108	SRP14_HUMAN	SRP14	Signal recognition particle 14 kDa protein	2.34998e+06	1.07277e+06	1.57449e+06	1.05509e+06
P37198	P37198	NUP62_HUMAN	NUP62	Nuclear pore glycoprotein p62	141089	210008	186489	99894.2
P37235	P37235	HPCL1_HUMAN	HPCAL1	Hippocalcin-like protein 1	1.23408e+06	1.52365e+06	937927	1.89463e+06
P37268	P37268	FDFT_HUMAN	FDFT1	Squalene synthase	83706.6		55931.9	
P37802	P37802	TAGL2_HUMAN	TAGLN2	Transgelin-2	5.13213e+07	3.98518e+07	2.73705e+07	2.83154e+07
P37837	P37837	TALDO_HUMAN	TALDO1	Transaldolase	2.68227e+07	3.94564e+07	2.28618e+07	3.63438e+07
P37840	P37840	SYUA_HUMAN	SNCA	Alpha-synuclein	1.1648e+06	5.49973e+06	1.06502e+07	4.04406e+06
P38117	P38117	ETFB_HUMAN	ETFB	Electron transfer flavoprotein subunit beta	2.72974e+06	1.51671e+06	3.25521e+06	2.19368e+06
P38159	P38159;Q96E39	RBMX_HUMAN	RBMX	RNA-binding motif protein, X chromosome	1.01184e+07	5.53785e+06	7.83032e+06	7.57826e+06
P38571	P38571	LICH_HUMAN	LIPA	Lysosomal acid lipase/cholesteryl ester hydrolase	533571	364337	835013	338902
P38606	P38606	VATA_HUMAN	ATP6V1A	V-type proton ATPase catalytic subunit A	2.84971e+06	4.23439e+06	3.56034e+06	2.49258e+06
P38646	P38646	GRP75_HUMAN	HSPA9	Stress-70 protein, mitochondrial	1.05177e+07	4.2702e+06	9.97997e+06	8.23753e+06
P38919	P38919	IF4A3_HUMAN	EIF4A3	Eukaryotic initiation factor 4A-III	1.41473e+06	831613	1.11586e+06	555740
P39019	P39019	RS19_HUMAN	RPS19	Small ribosomal subunit protein eS19	2.87794e+06	1.54625e+06	2.49836e+06	552688
P39023	P39023	RL3_HUMAN	RPL3	Large ribosomal subunit protein uL3	2.35626e+06	687535	2.29186e+06	352838
P39059	P39059	COFA1_HUMAN	COL15A1	Collagen alpha-1(XV) chain	5.40795e+06	2.10813e+06	2.60965e+06	2.24011e+06
P39060	P39060	COIA1_HUMAN	COL18A1	Collagen alpha-1(XVIII) chain	5.67934e+06	2.81551e+06	4.17043e+06	3.17096e+06
P39656	P39656	OST48_HUMAN	DDOST	Dolichyl-diphosphooligosaccharide--protein glycosyltransferase 48 kDa subunit	4.28558e+06	3.94521e+06	3.75282e+06	2.39958e+06
P39687	P39687;O43423	AN32A_HUMAN	ANP32A	Acidic leucine-rich nuclear phosphoprotein 32 family member A	1.2463e+07	1.30134e+07	7.12926e+06	1.1663e+07
P39748	P39748	FEN1_HUMAN	FEN1	Flap endonuclease 1	264156	217694	118647	194717
P39880;Q13948	P39880;Q13948	CASP_HUMAN;CUX1_HUMAN	CUX1	Homeobox protein cut-like 1	207084	208940	167800	251407
P39900	P39900	MMP12_HUMAN	MMP12	Macrophage metalloelastase	489196	280853	334130	544927
P40121	P40121	CAPG_HUMAN	CAPG	Macrophage-capping protein	1.36049e+07	1.33372e+07	1.24891e+07	1.9604e+07
P40123	P40123	CAP2_HUMAN	CAP2	Adenylyl cyclase-associated protein 2	168366	60573.3	71145.9	
P40199	P40199	CEAM6_HUMAN	CEACAM6	Carcinoembryonic antigen-related cell adhesion molecule 6	7.09721e+06	2.52338e+07	6.03071e+06	2.50529e+07
P40222	P40222	TXLNA_HUMAN	TXLNA	Alpha-taxilin	708883	267928	626279	147196
P40227	P40227;Q92526	TCPZ_HUMAN	CCT6A	T-complex protein 1 subunit zeta	6.50124e+06	3.05444e+06	6.09272e+06	2.03108e+06
P40261	P40261	NNMT_HUMAN	NNMT	Nicotinamide N-methyltransferase	1.05231e+07	1.01168e+07	8.87563e+06	3.66879e+06
P40306	P40306	PSB10_HUMAN	PSMB10	Proteasome subunit beta type-10	1.30479e+06	1.17255e+06	1.15077e+06	917056
P40429	P40429;Q6NVV1	RL13A_HUMAN	RPL13A	Large ribosomal subunit protein uL13	830578	372366	987650	83826.2
P40616	P40616	ARL1_HUMAN	ARL1	ADP-ribosylation factor-like protein 1	5.25539e+06	2.88554e+06	5.871e+06	3.08167e+06
P40763	P40763	STAT3_HUMAN	STAT3	Signal transducer and activator of transcription 3	1.31546e+06	1.37607e+06	1.67058e+06	1.12563e+06
P40818	P40818	UBP8_HUMAN	USP8	Ubiquitin carboxyl-terminal hydrolase 8	309347	269911	383892	
P40925	P40925	MDHC_HUMAN	MDH1	Malate dehydrogenase, cytoplasmic	7.97071e+06	6.01586e+06	1.13063e+07	4.53971e+06
P40926	P40926	MDHM_HUMAN	MDH2	Malate dehydrogenase, mitochondrial	1.27157e+07	1.16217e+07	1.46045e+07	1.58248e+07
P40937	P40937	RFC5_HUMAN	RFC5	Replication factor C subunit 5	499620		333163	
P40938	P40938	RFC3_HUMAN	RFC3	Replication factor C subunit 3	106766		24700.6	
P40939	P40939	ECHA_HUMAN	HADHA	Trifunctional enzyme subunit alpha, mitochondrial	791003	726340	923362	672164
P40967	P40967	PMEL_HUMAN	PMEL	Melanocyte protein PMEL	68727.5	154660	176256	275450
P41091	P41091	IF2G_HUMAN	EIF2S3	Eukaryotic translation initiation factor 2 subunit 3	2.11141e+06	950792	1.65493e+06	811273
P41208	P41208	CETN2_HUMAN	CETN2	Centrin-2	229303	171688	309223	200430
P41212	P41212	ETV6_HUMAN	ETV6	Transcription factor ETV6	339154	64451.2	140637	125727
P41218	P41218	MNDA_HUMAN	MNDA	Myeloid cell nuclear differentiation antigen	1.47184e+07	4.3103e+07	1.06433e+07	4.4384e+07
P41221	P41221	WNT5A_HUMAN	WNT5A	Protein Wnt-5a	100777	160936	127645	172013
P41222	P41222	PTGDS_HUMAN	PTGDS	Prostaglandin-H2 D-isomerase		699909	390304	667033
P41223	P41223	BUD31_HUMAN	BUD31	Protein BUD31 homolog	231007	67386.3	122713	
P41226	P41226	UBA7_HUMAN	UBA7	Ubiquitin-like modifier-activating enzyme 7	501561	318239	431212	223140
P41227	P41227;Q9BSU3	NAA10_HUMAN	NAA10	N-alpha-acetyltransferase 10	1.31635e+06	477949	693938	407357
P41236	P41236;Q6NXS1	IPP2_HUMAN	PPP1R2	Protein phosphatase inhibitor 2	270715	100981		83621.3
P41240	P41240	CSK_HUMAN	CSK	Tyrosine-protein kinase CSK	759736	535746	796387	619751
P41250	P41250	GARS_HUMAN	GARS1	Glycine--tRNA ligase	1.89593e+06	1.25677e+06	1.77784e+06	702066
P41252	P41252	SYIC_HUMAN	IARS1	Isoleucine--tRNA ligase, cytoplasmic	1.77159e+07	1.25911e+07	1.51946e+07	8.01238e+06
P41743	P41743	KPCI_HUMAN	PRKCI	Protein kinase C iota type	366013	440280		
P42025	P42025	ACTY_HUMAN	ACTR1B	Beta-centractin	267989		138870	
P42126	P42126	ECI1_HUMAN	ECI1	Enoyl-CoA delta isomerase 1, mitochondrial	651639	603853	440009	406676
P42167	P42167	LAP2B_HUMAN	TMPO	Lamina-associated polypeptide 2, isoforms beta/gamma	8.78404e+06	5.16398e+06	7.63132e+06	5.62143e+06
P42224	P42224	STAT1_HUMAN	STAT1	Signal transducer and activator of transcription 1-alpha/beta	686460	863454	869078	400647
P42226	P42226	STAT6_HUMAN	STAT6	Signal transducer and activator of transcription 6	266081	139088	213562	221802
P42285	P42285	MTREX_HUMAN	MTREX	Exosome RNA helicase MTR4	108757		156220	39564.8
P42330	P42330	AK1C3_HUMAN	AKR1C3	Aldo-keto reductase family 1 member C3	2.80351e+06	2.75505e+06	3.37331e+06	2.71925e+06
P42331	P42331	RHG25_HUMAN	ARHGAP25	Rho GTPase-activating protein 25	376432	681617	287616	626653
P42357	P42357	HUTH_HUMAN	HAL	Histidine ammonia-lyase	56417.2	397807	318510	71747.4
P42566	P42566	EPS15_HUMAN	EPS15	Epidermal growth factor receptor substrate 15	479448	597760	495853	390958
P42574	P42574	CASP3_HUMAN	CASP3	Caspase-3	1.81042e+06	1.63473e+06	1.89864e+06	1.36211e+06
P42677	P42677;Q71UM5	RS27_HUMAN	RPS27	Small ribosomal subunit protein eS27	3.45864e+06	1.75709e+06	3.08697e+06	1.91394e+06
P42704	P42704	LPPRC_HUMAN	LRPPRC	Leucine-rich PPR motif-containing protein, mitochondrial	1.05026e+06	405797	576222	43195.3
P42765	P42765	THIM_HUMAN	ACAA2	3-ketoacyl-CoA thiolase, mitochondrial	385592	349917	706327	216933
P42766	P42766	RL35_HUMAN	RPL35	Large ribosomal subunit protein uL29	390990	153213	307215	72290.5
P42768	P42768	WASP_HUMAN	WAS	Actin nucleation-promoting factor WAS	1.25379e+06	2.06883e+06	1.08217e+06	2.05691e+06
P42785	P42785	PCP_HUMAN	PRCP	Lysosomal Pro-X carboxypeptidase	2.29953e+06	2.59215e+06	2.42673e+06	3.61853e+06
P42830	P42830	CXCL5_HUMAN	CXCL5	C-X-C motif chemokine 5	146058	1.09418e+06	299353	2.43084e+06
P42858	P42858	HD_HUMAN	HTT	Huntingtin	100162		100783	
P42892	P42892	ECE1_HUMAN	ECE1	Endothelin-converting enzyme 1	671679	364025	508861	207635
P43003	P43003	EAA1_HUMAN	SLC1A3	Excitatory amino acid transporter 1	35681.5	45706.9		
P43007	P43007	SATT_HUMAN	SLC1A4	Neutral amino acid transporter A	282203	90902.6	162877	163651
P43034	P43034	LIS1_HUMAN	PAFAH1B1	Platelet-activating factor acetylhydrolase IB subunit beta	3.26727e+06	3.4556e+06	3.61629e+06	3.59351e+06
P43121	P43121	MUC18_HUMAN	MCAM	Cell surface glycoprotein MUC18	8.20575e+06	3.01684e+06	6.4102e+06	3.17888e+06
P43155	P43155	CACP_HUMAN	CRAT	Carnitine O-acetyltransferase	366294	316764	445794	308939
P43235	P43235	CATK_HUMAN	CTSK	Cathepsin K	953764	500109	1.15176e+06	593218
P43243	P43243	MATR3_HUMAN	MATR3	Matrin-3	2.41031e+06	1.0061e+06	1.66575e+06	1.27965e+06
P43246	P43246	MSH2_HUMAN	MSH2	DNA mismatch repair protein Msh2	297538	196227	221067	253832
P43251	P43251	BTD_HUMAN	BTD	Biotinidase	368241	813423	390723	526175
P43304	P43304	GPDM_HUMAN	GPD2	Glycerol-3-phosphate dehydrogenase, mitochondrial	490277	448206	522096	
P43307	P43307	SSRA_HUMAN	SSR1	Translocon-associated protein subunit alpha	8.04349e+06	5.54054e+06	8.75441e+06	5.39436e+06
P43353	P43353	AL3B1_HUMAN	ALDH3B1	Aldehyde dehydrogenase family 3 member B1	245727	594154	396033	696011
P43378	P43378	PTN9_HUMAN	PTPN9	Tyrosine-protein phosphatase non-receptor type 9	129956	83981	148714	38172.7
P43405	P43405	KSYK_HUMAN	SYK	Tyrosine-protein kinase SYK	1.41216e+06	1.70068e+06	1.37884e+06	1.80104e+06
P43487	P43487	RANG_HUMAN	RANBP1	Ran-specific GTPase-activating protein	2.34413e+06	1.48272e+06	2.38737e+06	1.43386e+06
P43490	P43490	NAMPT_HUMAN	NAMPT	Nicotinamide phosphoribosyltransferase	5.56685e+06	1.49934e+07	7.24026e+06	2.05919e+07
P43652	P43652	AFAM_HUMAN	AFM	Afamin	1.61199e+06	3.48487e+06	2.61247e+06	4.00594e+06
P43686	P43686	PRS6B_HUMAN	PSMC4	26S proteasome regulatory subunit 6B	822825	463535	783547	155346
P43897	P43897	EFTS_HUMAN	TSFM	Elongation factor Ts, mitochondrial	474516		375240	143555
P45877	P45877	PPIC_HUMAN	PPIC	Peptidyl-prolyl cis-trans isomerase C	1.9119e+06	1.91436e+06	2.65643e+06	1.33952e+06
P45880	P45880	VDAC2_HUMAN	VDAC2	Voltage-dependent anion-selective channel protein 2	8.35512e+06	5.27184e+06	5.62064e+06	2.41067e+06
P45954	P45954	ACDSB_HUMAN	ACADSB	Short/branched chain specific acyl-CoA dehydrogenase, mitochondrial	184860		161308	120335
P45973	P45973	CBX5_HUMAN	CBX5	Chromobox protein homolog 5	1.16786e+06	255738	659015	234555
P45974	P45974	UBP5_HUMAN	USP5	Ubiquitin carboxyl-terminal hydrolase 5	4.4043e+06	2.4623e+06	5.81321e+06	1.99539e+06
P45984;P53779	P45984;P53779	MK09_HUMAN;MK10_HUMAN	MAPK10;MAPK9	Mitogen-activated protein kinase 9	168174	22868.5	174655	
P45985	P45985	MP2K4_HUMAN	MAP2K4	Dual specificity mitogen-activated protein kinase kinase 4	92262.9			
P46013	P46013	KI67_HUMAN	MKI67	Proliferation marker protein Ki-67	547902	485181	1.00787e+06	
P46060	P46060	RAGP1_HUMAN	RANGAP1	Ran GTPase-activating protein 1	377829	304297	351676	
P46063	P46063	RECQ1_HUMAN	RECQL	ATP-dependent DNA helicase Q1	2.03524e+06	1.04865e+06	1.88365e+06	1.01873e+06
P46087	P46087	NOP2_HUMAN	NOP2	Probable 28S rRNA (cytosine(4447)-C(5))-methyltransferase	214184		212060	105675
P46100	P46100	ATRX_HUMAN	ATRX	Transcriptional regulator ATRX	104981		110317	
P46108	P46108	CRK_HUMAN	CRK	Adapter molecule crk	2.42565e+06	1.33134e+06	2.15766e+06	1.22392e+06
P46109	P46109	CRKL_HUMAN	CRKL	Crk-like protein	2.32698e+06	1.83318e+06	2.09752e+06	2.10024e+06
P46379	P46379	BAG6_HUMAN	BAG6	Large proline-rich protein BAG6	1.86422e+06	1.83299e+06	1.94692e+06	2.28283e+06
P46459	P46459	NSF_HUMAN	NSF	Vesicle-fusing ATPase	657142	623867	1.02815e+06	481469
P46734	P46734	MP2K3_HUMAN	MAP2K3	Dual specificity mitogen-activated protein kinase kinase 3	337594	324662	364692	241138
P46736	P46736	BRCC3_HUMAN	BRCC3	Lys-63-specific deubiquitinase BRCC36	59454.8	81307.9	83527.3	
P46776	P46776	RL27A_HUMAN	RPL27A	Large ribosomal subunit protein uL15	5.82008e+06	2.50886e+06	5.91911e+06	1.62522e+06
P46777	P46777	RL5_HUMAN	RPL5	Large ribosomal subunit protein uL18	7.57403e+06	2.52943e+06	4.36943e+06	919444
P46778	P46778	RL21_HUMAN	RPL21	Large ribosomal subunit protein eL21	888425	705674	806800	382033
P46779	P46779	RL28_HUMAN	RPL28	Large ribosomal subunit protein eL28	1.26752e+06	445731	1.34985e+06	133869
P46781	P46781	RS9_HUMAN	RPS9	Small ribosomal subunit protein uS4	1.5409e+07	3.43205e+06	1.05199e+07	2.0657e+06
P46782	P46782	RS5_HUMAN	RPS5	Small ribosomal subunit protein uS7	4.11112e+06	1.8444e+06	3.63444e+06	770263
P46783	P46783;Q9NQ39	RS10_HUMAN	RPS10	Small ribosomal subunit protein eS10	2.82295e+06	1.27505e+06	2.13189e+06	544867
P46821	P46821	MAP1B_HUMAN	MAP1B	Microtubule-associated protein 1B	275955	189798	134216	115264
P46926	P46926;Q8TDQ7	GNPI1_HUMAN	GNPDA1	Glucosamine-6-phosphate isomerase 1	1.72765e+06	1.82596e+06	1.89043e+06	1.86565e+06
P46934	P46934	NEDD4_HUMAN	NEDD4	E3 ubiquitin-protein ligase NEDD4	619621	503631	530745	476528
P46939	P46939	UTRN_HUMAN	UTRN	Utrophin	2.09637e+06	1.45798e+06	2.16314e+06	1.2182e+06
P46940	P46940	IQGA1_HUMAN	IQGAP1	Ras GTPase-activating-like protein IQGAP1	5.66771e+06	5.72393e+06	5.13666e+06	5.70052e+06
P46952	P46952	3HAO_HUMAN	HAAO	3-hydroxyanthranilate 3,4-dioxygenase	336290	227933	690595	149549
P46976	P46976	GLYG_HUMAN	GYG1	Glycogenin-1	1.40904e+07	3.78047e+07	1.29779e+07	2.84342e+07
P46977	P46977	STT3A_HUMAN	STT3A	Dolichyl-diphosphooligosaccharide--protein glycosyltransferase subunit STT3A	1.21252e+06	803790	927052	190898
P47224	P47224	MSS4_HUMAN	RABIF	Guanine nucleotide exchange factor MSS4	959104	588522	612658	764966
P47712	P47712	PA24A_HUMAN	PLA2G4A	Cytosolic phospholipase A2	161333	165666	154597	229603
P47755	P47755	CAZA2_HUMAN	CAPZA2	F-actin-capping protein subunit alpha-2	3.02206e+06	3.00767e+06	3.88933e+06	2.67206e+06
P47756	P47756	CAPZB_HUMAN	CAPZB	F-actin-capping protein subunit beta	1.29859e+07	1.48139e+07	1.27473e+07	1.39769e+07
P47813	P47813;O14602	IF1AX_HUMAN	EIF1AX	Eukaryotic translation initiation factor 1A, X-chromosomal	498340	659463	875484	740545
P47895	P47895	AL1A3_HUMAN	ALDH1A3	Retinaldehyde dehydrogenase 3	121531		365660	
P47897	P47897	SYQ_HUMAN	QARS1	Glutamine--tRNA ligase	1.41547e+06	866399	1.17731e+06	662423
P47914	P47914	RL29_HUMAN	RPL29	Large ribosomal subunit protein eL29	986768	547907	858552	200122
P47929	P47929	LEG7_HUMAN	LGALS7	Galectin-7	705288	1.73265e+06	3.1573e+06	1.13494e+06
P47974	P47974	TISD_HUMAN	ZFP36L2	mRNA decay activator protein ZFP36L2	193520			
P47985	P47985;P0C7P4	UCRI_HUMAN	UQCRFS1	Cytochrome b-c1 complex subunit Rieske, mitochondrial	4.83252e+06	5.98904e+06	4.8154e+06	4.02616e+06
P47989	P47989	XDH_HUMAN	XDH	Xanthine dehydrogenase/oxidase	28549.1	58404.8		
P48047	P48047	ATPO_HUMAN	ATP5PO	ATP synthase subunit O, mitochondrial	2.09702e+07	2.00751e+07	2.32672e+07	9.92146e+06
P48059	P48059	LIMS1_HUMAN	LIMS1	LIM and senescent cell antigen-like-containing domain protein 1	1.50668e+06	1.46785e+06	2.63151e+06	1.1531e+06
P48147	P48147	PPCE_HUMAN	PREP	Prolyl endopeptidase	4.69338e+06	3.06875e+06	3.69033e+06	3.23689e+06
P48304	P48304	REG1B_HUMAN	REG1B	Lithostathine-1-beta		51677.5		
P48307	P48307	TFPI2_HUMAN	TFPI2	Tissue factor pathway inhibitor 2	19409	225012	152766	1.16972e+06
P48426	P48426;P78356	PI42A_HUMAN	PIP4K2A	Phosphatidylinositol 5-phosphate 4-kinase type-2 alpha	687996	469095	1.24985e+06	418129
P48444	P48444	COPD_HUMAN	ARCN1	Coatomer subunit delta	2.02076e+06	1.34064e+06	2.12362e+06	1.34685e+06
P48449	P48449	LSS_HUMAN	LSS	Lanosterol synthase	95322.9	155727		
P48454	P48454	PP2BC_HUMAN	PPP3CC	Serine/threonine-protein phosphatase 2B catalytic subunit gamma isoform	364572			240337
P48506	P48506	GSH1_HUMAN	GCLC	Glutamate--cysteine ligase catalytic subunit	2.75744e+06	2.71402e+06	8.14529e+06	1.97618e+06
P48507	P48507	GSH0_HUMAN	GCLM	Glutamate--cysteine ligase regulatory subunit	626089	814910	1.91258e+06	976825
P48509	P48509	CD151_HUMAN	CD151	CD151 antigen	866765	1.0351e+06	1.06446e+06	303854
P48556	P48556	PSMD8_HUMAN	PSMD8	26S proteasome non-ATPase regulatory subunit 8	2.55947e+06	3.32783e+06	2.16481e+06	1.57924e+06
P48595	P48595	SPB10_HUMAN	SERPINB10	Serpin B10	2.0441e+06	3.39719e+06	1.78578e+06	3.56801e+06
P48634	P48634	PRC2A_HUMAN	PRRC2A	Protein PRRC2A	150181			
P48637	P48637	GSHB_HUMAN	GSS	Glutathione synthetase	3.50598e+06	2.99286e+06	4.38879e+06	2.81618e+06
P48643	P48643	TCPE_HUMAN	CCT5	T-complex protein 1 subunit epsilon	4.44055e+06	2.59317e+06	4.18312e+06	1.6013e+06
P48651	P48651	PTSS1_HUMAN	PTDSS1	Phosphatidylserine synthase 1	167194	153543	158742	
P48723	P48723	HSP13_HUMAN	HSPA13	Heat shock 70 kDa protein 13	542455	376452	598710	795145
P48729	P48729;Q8N752	KC1A_HUMAN	CSNK1A1	Casein kinase I isoform alpha	1.27353e+06	747075	1.02337e+06	613232
P48730;P49674	P48730;P49674	KC1D_HUMAN;KC1E_HUMAN	CSNK1D;CSNK1E	Casein kinase I isoform delta	355613		400333	202965
P48735	P48735	IDHP_HUMAN	IDH2	Isocitrate dehydrogenase [NADP], mitochondrial	5.54406e+06	3.00942e+06	5.19904e+06	3.87463e+06
P48739	P48739	PIPNB_HUMAN	PITPNB	Phosphatidylinositol transfer protein beta isoform	1.6141e+06	1.08411e+06	1.61122e+06	1.28642e+06
P48740	P48740	MASP1_HUMAN	MASP1	Mannan-binding lectin serine protease 1	110092	293406	199143	570855
P48960	P48960	AGRE5_HUMAN	ADGRE5	Adhesion G protein-coupled receptor E5	1.99588e+06	3.05495e+06	2.23257e+06	3.03429e+06
P49006	P49006	MRP_HUMAN	MARCKSL1	MARCKS-related protein	2.81837e+06	641489	1.1938e+06	448650
P49023	P49023	PAXI_HUMAN	PXN	Paxillin	438080	234183	409315	251586
P49137	P49137	MAPK2_HUMAN	MAPKAPK2	MAP kinase-activated protein kinase 2	553374	532868	601776	520831
P49189	P49189	AL9A1_HUMAN	ALDH9A1	4-trimethylaminobutyraldehyde dehydrogenase	3.98198e+06	3.75727e+06	5.82958e+06	2.47919e+06
P49207	P49207	RL34_HUMAN	RPL34	Large ribosomal subunit protein eL34	734559	576929	693697	455700
P49247	P49247	RPIA_HUMAN	RPIA	Ribose-5-phosphate isomerase	1.27399e+06	2.62457e+06	2.11885e+06	1.97609e+06
P49257	P49257	LMAN1_HUMAN	LMAN1	Protein ERGIC-53	4.23238e+06	3.00711e+06	4.58992e+06	4.04295e+06
P49321	P49321	NASP_HUMAN	NASP	Nuclear autoantigenic sperm protein	616768	399224	460244	264811
P49327	P49327	FAS_HUMAN	FASN	Fatty acid synthase	964929	756808	960816	504084
P49354	P49354	FNTA_HUMAN	FNTA	Protein farnesyltransferase/geranylgeranyltransferase type-1 subunit alpha	621743	506250	663647	337822
P49356	P49356	FNTB_HUMAN	FNTB	Protein farnesyltransferase subunit beta	384326	242957	350881	248654
P49366	P49366	DHYS_HUMAN	DHPS	Deoxyhypusine synthase	76994.9	181131		
P49368	P49368	TCPG_HUMAN	CCT3	T-complex protein 1 subunit gamma	3.30255e+06	2.80328e+06	4.02899e+06	1.36694e+06
P49407	P49407	ARRB1_HUMAN	ARRB1	Beta-arrestin-1	2.02239e+06	822848	1.22955e+06	918275
P49411	P49411	EFTU_HUMAN	TUFM	Elongation factor Tu, mitochondrial	2.86556e+06	1.13819e+06	3.74833e+06	938011
P49419	P49419	AL7A1_HUMAN	ALDH7A1	Alpha-aminoadipic semialdehyde dehydrogenase	2.12776e+06	1.62798e+06	2.67532e+06	979887
P49441	P49441	INPP_HUMAN	INPP1	Inositol polyphosphate 1-phosphatase	144871		85083	
P49458	P49458	SRP09_HUMAN	SRP9	Signal recognition particle 9 kDa protein	4.02788e+06	2.13627e+06	2.54164e+06	1.80434e+06
P49459	P49459	UBE2A_HUMAN	UBE2A	Ubiquitin-conjugating enzyme E2 A	228625	192143		
P49585	P49585	PCY1A_HUMAN	PCYT1A	Choline-phosphate cytidylyltransferase A	3.25648e+06	1.8109e+06	2.81092e+06	2.05234e+06
P49588	P49588	SYAC_HUMAN	AARS1	Alanine--tRNA ligase, cytoplasmic	1.22013e+06	788051	1.26594e+06	626718
P49589	P49589	SYCC_HUMAN	CARS1	Cysteine--tRNA ligase, cytoplasmic	1.26527e+06	1.0643e+06	1.28178e+06	674696
P49590	P49590	SYHM_HUMAN	HARS2	Histidine--tRNA ligase, mitochondrial	84850.1		96155	
P49591	P49591	SYSC_HUMAN	SARS1	Serine--tRNA ligase, cytoplasmic	3.13276e+06	2.00151e+06	3.08195e+06	938193
P49593	P49593	PPM1F_HUMAN	PPM1F	Protein phosphatase 1F	400079	183726	453596	110718
P49641	P49641	MA2A2_HUMAN	MAN2A2	Alpha-mannosidase 2x	39844.4		10364.9	11941.6
P49643	P49643	PRI2_HUMAN	PRIM2	DNA primase large subunit	59380	599662	58861.8	391627
P49662	P49662	CASP4_HUMAN	CASP4	Caspase-4	440047	512839	239828	359486
P49711;Q8NI51	P49711;Q8NI51	CTCFL_HUMAN;CTCF_HUMAN	CTCF;CTCFL	Transcriptional repressor CTCF	40232.8			
P49720	P49720	PSB3_HUMAN	PSMB3	Proteasome subunit beta type-3	3.11443e+06	2.31024e+06	2.80637e+06	2.41007e+06
P49721	P49721	PSB2_HUMAN	PSMB2	Proteasome subunit beta type-2	5.28825e+06	3.6246e+06	3.73972e+06	3.84863e+06
P49736	P49736	MCM2_HUMAN	MCM2	DNA replication licensing factor MCM2	1.67742e+06	1.84287e+06	921624	
P49747	P49747	COMP_HUMAN	COMP	Cartilage oligomeric matrix protein	981796	638823	2.6808e+06	485568
P49748	P49748	ACADV_HUMAN	ACADVL	Very long-chain specific acyl-CoA dehydrogenase, mitochondrial	2.5705e+06	2.9607e+06	4.87059e+06	3.61515e+06
P49750	P49750	YLPM1_HUMAN	YLPM1	YLP motif-containing protein 1	247989	61060.1	101813	49156.8
P49753;Q86TX2	P49753;Q86TX2	ACOT1_HUMAN;ACOT2_HUMAN	ACOT1;ACOT2	Acyl-coenzyme A thioesterase 2, mitochondrial	323149		410976	
P49755	P49755	TMEDA_HUMAN	TMED10	Transmembrane emp24 domain-containing protein 10	6.63854e+06	5.3048e+06	6.25337e+06	3.68944e+06
P49756	P49756	RBM25_HUMAN	RBM25	RNA-binding protein 25	891319	448270	462057	485165
P49757	P49757	NUMB_HUMAN	NUMB	Protein numb homolog	229760	323171	175072	92100.9
P49770	P49770	EI2BB_HUMAN	EIF2B2	Translation initiation factor eIF-2B subunit beta	216825	310441	415870	
P49773	P49773	HINT1_HUMAN	HINT1	Adenosine 5'-monophosphoramidase HINT1	3.77784e+06	2.91375e+06	3.40478e+06	2.902e+06
P49789	P49789	FHIT_HUMAN	FHIT	Bis(5'-adenosyl)-triphosphatase	200543	321602	238065	265554
P49790	P49790	NU153_HUMAN	NUP153	Nuclear pore complex protein Nup153	536898	269284	246030	204148
P49792	P49792	RBP2_HUMAN	RANBP2	E3 SUMO-protein ligase RanBP2	808066	341870	542500	555156
P49796	P49796	RGS3_HUMAN	RGS3	Regulator of G-protein signaling 3	53695.4			
P49821	P49821	NDUV1_HUMAN	NDUFV1	NADH dehydrogenase [ubiquinone] flavoprotein 1, mitochondrial	1.06704e+06	1.00455e+06	955180	446598
P49840	P49840;P49841	GSK3A_HUMAN	GSK3A	Glycogen synthase kinase-3 alpha	249577	137492	261402	167463
P49841	P49841	GSK3B_HUMAN	GSK3B	Glycogen synthase kinase-3 beta	94078	35027.5	85412	26774
P49902	P49902	5NTC_HUMAN	NT5C2	Cytosolic purine 5'-nucleotidase	2.15077e+06	2.25764e+06	1.87544e+06	2.11609e+06
P49903	P49903	SPS1_HUMAN	SEPHS1	Selenide, water dikinase 1	827129	457006	563981	378259
P49908	P49908	SEPP1_HUMAN	SELENOP	Selenoprotein P	246819	447344	469033	807841
P49913	P49913	CAMP_HUMAN	CAMP	Cathelicidin antimicrobial peptide	3.66747e+07	6.62942e+07	3.79672e+07	2.27063e+08
P49914	P49914	MTHFS_HUMAN	MTHFS	5-formyltetrahydrofolate cyclo-ligase	360304	247013	320891	389599
P49915	P49915	GUAA_HUMAN	GMPS	GMP synthase [glutamine-hydrolyzing]	3.05278e+06	1.27919e+06	2.50172e+06	1.00765e+06
P49916	P49916	DNLI3_HUMAN	LIG3	DNA ligase 3	165382	159281	154625	129298
P49959	P49959	MRE11_HUMAN	MRE11	Double-strand break repair protein MRE11	1.89034e+06	685722	1.37377e+06	1.03704e+06
P49961	P49961	ENTP1_HUMAN	ENTPD1	Ectonucleoside triphosphate diphosphohydrolase 1	4.51496e+06	2.05138e+06	5.1885e+06	1.67101e+06
P50135	P50135	HNMT_HUMAN	HNMT	Histamine N-methyltransferase	1.55501e+06	934965	1.24731e+06	728570
P50148	P50148	GNAQ_HUMAN	GNAQ	Guanine nucleotide-binding protein G(q) subunit alpha	896054	907799	1.43418e+06	707777
P50213	P50213	IDH3A_HUMAN	IDH3A	Isocitrate dehydrogenase [NAD] subunit alpha, mitochondrial	364273	296226	495769	120091
P50225	P50225;P50226	ST1A1_HUMAN	SULT1A1	Sulfotransferase 1A1	138918	308053	162149	178325
P50238	P50238	CRIP1_HUMAN	CRIP1	Cysteine-rich protein 1	2.61557e+07	3.49952e+06	1.21516e+07	3.17544e+06
P50281	P50281	MMP14_HUMAN	MMP14	Matrix metalloproteinase-14	4.33936e+06	3.35146e+06	3.06541e+06	4.03565e+06
P50395	P50395	GDIB_HUMAN	GDI2	Rab GDP dissociation inhibitor beta	1.29399e+07	1.22852e+07	1.61508e+07	1.06892e+07
P50402	P50402	EMD_HUMAN	EMD	Emerin	884557	721942	1.01771e+06	571243
P50416	P50416	CPT1A_HUMAN	CPT1A	Carnitine O-palmitoyltransferase 1, liver isoform	987268	1.21689e+06	981980	362865
P50452	P50452	SPB8_HUMAN	SERPINB8	Serpin B8	770067	1.14491e+06	665374	800332
P50453	P50453	SPB9_HUMAN	SERPINB9	Serpin B9	3.13419e+06	1.25777e+06	2.24583e+06	1.98047e+06
P50454	P50454	SERPH_HUMAN	SERPINH1	Serpin H1	3.30165e+07	1.25147e+07	2.17509e+07	7.24424e+06
P50479	P50479	PDLI4_HUMAN	PDLIM4	PDZ and LIM domain protein 4	896042	1.09406e+06	730925	1.92401e+06
P50502	P50502;Q8NFI4	F10A1_HUMAN	ST13	Hsc70-interacting protein	7.98585e+06	5.90802e+06	8.73205e+06	5.0659e+06
P50552	P50552	VASP_HUMAN	VASP	Vasodilator-stimulated phosphoprotein	6.42009e+06	6.85707e+06	4.31052e+06	6.54021e+06
P50570	P50570;Q9UQ16	DYN2_HUMAN	DNM2	Dynamin-2	687626	902451	753814	896844
P50579	P50579	MAP2_HUMAN	METAP2	Methionine aminopeptidase 2	8.77772e+06	4.26263e+06	5.70662e+06	6.83617e+06
P50613;Q9C098	P50613;Q9C098	CDK7_HUMAN;DCLK3_HUMAN	CDK7;DCLK3	Cyclin-dependent kinase 7	619970	1.09828e+06		2.472e+06
P50747	P50747	BPL1_HUMAN	HLCS	Biotin--protein ligase	40753.8		23669.1	
P50749	P50749;Q9H2L5	RASF2_HUMAN	RASSF2	Ras association domain-containing protein 2	328671	150763	204153	254985
P50750	P50750	CDK9_HUMAN	CDK9	Cyclin-dependent kinase 9	112534			
P50851	P50851	LRBA_HUMAN	LRBA	Lipopolysaccharide-responsive and beige-like anchor protein	146278	162603	173358	70518.5
P50895	P50895	BCAM_HUMAN	BCAM	Basal cell adhesion molecule	2.9968e+06	2.11943e+06	3.09727e+06	1.70539e+06
P50897	P50897	PPT1_HUMAN	PPT1	Palmitoyl-protein thioesterase 1	1.70133e+06	1.17797e+06	1.66049e+06	1.28884e+06
P50914	P50914	RL14_HUMAN	RPL14	Large ribosomal subunit protein eL14	1.56085e+06	831333	1.57725e+06	223838
P50990	P50990	TCPQ_HUMAN	CCT8	T-complex protein 1 subunit theta	6.68463e+06	4.8974e+06	5.58991e+06	2.54316e+06
P50991	P50991	TCPD_HUMAN	CCT4	T-complex protein 1 subunit delta	5.42861e+06	3.6416e+06	5.14474e+06	2.51387e+06
P50995	P50995	ANX11_HUMAN	ANXA11	Annexin A11	8.13346e+06	1.69266e+07	8.58158e+06	1.51267e+07
P51003	P51003;Q9NRJ5	PAPOA_HUMAN	PAPOLA	Poly(A) polymerase alpha	265452		174305	148483
P51114	P51114	FXR1_HUMAN	FXR1	RNA-binding protein FXR1	1.68101e+06	784396	1.22109e+06	772456
P51116	P51116	FXR2_HUMAN	FXR2	RNA-binding protein FXR2	88024.6		73719.4	26600.9
P51148	P20339;P51148;P61020	RAB5C_HUMAN	RAB5C	Ras-related protein Rab-5C	1.57576e+07	1.32307e+07	1.36052e+07	1.13768e+07
P51149	P51149	RAB7A_HUMAN	RAB7A	Ras-related protein Rab-7a	1.01135e+07	1.21973e+07	9.09647e+06	1.63015e+07
P51151	P51151;Q9NP90	RAB9A_HUMAN	RAB9A	Ras-related protein Rab-9A	433762	268184	432864	185513
P51153	P51153	RAB13_HUMAN	RAB13	Ras-related protein Rab-13	1.52507e+06	1.11885e+06	1.5586e+06	1.26774e+06
P51159	P51159	RB27A_HUMAN	RAB27A	Ras-related protein Rab-27A	3.22241e+06	4.13123e+06	3.62583e+06	5.72663e+06
P51178	P51178	PLCD1_HUMAN	PLCD1	1-phosphatidylinositol 4,5-bisphosphate phosphodiesterase delta-1	332732	294788	550570	371133
P51397	P51397	DAP1_HUMAN	DAP	Death-associated protein 1	458087	133222	385301	
P51452	P51452	DUS3_HUMAN	DUSP3	Dual specificity protein phosphatase 3	1.85815e+06	1.42641e+06	1.99029e+06	664326
P51532	P51531;P51532	SMCA4_HUMAN	SMARCA4	Transcription activator BRG1	537337	287945	370214	379998
P51553	P51553	IDH3G_HUMAN	IDH3G	Isocitrate dehydrogenase [NAD] subunit gamma, mitochondrial	678505	390446	802925	345975
P51570	P51570	GALK1_HUMAN	GALK1	Galactokinase	564250	312690	534568	265078
P51571	P51571	SSRD_HUMAN	SSR4	Translocon-associated protein subunit delta	4.87617e+06	4.72488e+06	4.54727e+06	1.47498e+06
P51572	P51572	BAP31_HUMAN	BCAP31	B-cell receptor-associated protein 31	3.79825e+06	3.48636e+06	3.28064e+06	3.05899e+06
P51575	P51575	P2RX1_HUMAN	P2RX1	P2X purinoceptor 1		37099.6	44886.4	35193.6
P51580	P51580	TPMT_HUMAN	TPMT	Thiopurine S-methyltransferase	1.14934e+06	433093	782742	487443
P51606	P51606	RENBP_HUMAN	RENBP	N-acylglucosamine 2-epimerase	535792	389990	556263	525530
P51608	P51608	MECP2_HUMAN	MECP2	Methyl-CpG-binding protein 2	207619	125599	286891	183228
P51610	P51610	HCFC1_HUMAN	HCFC1	Host cell factor 1	2.59526e+06	1.74785e+06	2.07196e+06	2.16683e+06
P51636	P51636	CAV2_HUMAN	CAV2	Caveolin-2	2.1455e+06		2.2867e+06	1.79169e+06
P51648	P51648	AL3A2_HUMAN	ALDH3A2	Aldehyde dehydrogenase family 3 member A2	214192	169993	331574	221430
P51649	P51649	SSDH_HUMAN	ALDH5A1	Succinate-semialdehyde dehydrogenase, mitochondrial	62531.2	189413	178949	
P51659	P51659	DHB4_HUMAN	HSD17B4	Peroxisomal multifunctional enzyme type 2	2.76549e+06	2.45816e+06	3.47416e+06	3.52993e+06
P51665	P51665	PSMD7_HUMAN	PSMD7	26S proteasome non-ATPase regulatory subunit 7	1.97809e+06	1.80574e+06	1.64769e+06	941414
P51668;Q9Y2X8	P51668;Q9Y2X8	UB2D1_HUMAN;UB2D4_HUMAN	UBE2D1;UBE2D4	Ubiquitin-conjugating enzyme E2 D1	436723			495659
P51687	P51687	SUOX_HUMAN	SUOX	Sulfite oxidase, mitochondrial	438227		579315	138176
P51688	P51688	SPHM_HUMAN	SGSH	N-sulphoglucosamine sulphohydrolase	1.18405e+06	992746	1.08557e+06	987128
P51690	P51690	ARSL_HUMAN	ARSL	Arylsulfatase L	613884	479720	431983	
P51692	P51692	STA5B_HUMAN	STAT5B	Signal transducer and activator of transcription 5B	410598	431832	657085	521289
P51784	P51784	UBP11_HUMAN	USP11	Ubiquitin carboxyl-terminal hydrolase 11	174892		107548	
P51790	P51790	CLCN3_HUMAN	CLCN3	H(+)/Cl(-) exchange transporter 3	134866	97364.6	159871	68753.8
P51808	P51808	DYLT3_HUMAN	DYNLT3	Dynein light chain Tctex-type 3	88688			
P51809	P51809	VAMP7_HUMAN	VAMP7	Vesicle-associated membrane protein 7	303784	385263	308041	366562
P51812	P51812	KS6A3_HUMAN	RPS6KA3	Ribosomal protein S6 kinase alpha-3	583756	401950	668395	271886
P51858	P51858	HDGF_HUMAN	HDGF	Hepatoma-derived growth factor	7.87727e+06	8.09796e+06	7.7364e+06	6.97597e+06
P51884	P51884	LUM_HUMAN	LUM	Lumican	1.73865e+07	2.3486e+07	1.87233e+07	2.96455e+07
P51888	P51888	PRELP_HUMAN	PRELP	Prolargin	1.59609e+06	8.80034e+06	3.11788e+06	1.85182e+06
P51911	P51911	CNN1_HUMAN	CNN1	Calponin-1	1.83383e+07	2.20772e+07	2.21259e+07	1.58371e+07
P51948	P51948	MAT1_HUMAN	MNAT1	CDK-activating kinase assembly factor MAT1	53846			
P51965;Q969T4;Q96LR5	P51965;Q969T4;Q96LR5	UB2E1_HUMAN;UB2E2_HUMAN;UB2E3_HUMAN	UBE2E1;UBE2E2;UBE2E3	Ubiquitin-conjugating enzyme E2 E1	347654	216477	309954	163231
P51970	P51970	NDUA8_HUMAN	NDUFA8	NADH dehydrogenase [ubiquinone] 1 alpha subcomplex subunit 8	212003	202191	110452	122140
P51991	P51991	ROA3_HUMAN	HNRNPA3	Heterogeneous nuclear ribonucleoprotein A3	4.54802e+07	2.32543e+07	4.42073e+07	2.62221e+07
P52209	P52209	6PGD_HUMAN	PGD	6-phosphogluconate dehydrogenase, decarboxylating	1.28813e+07	2.05983e+07	1.29432e+07	2.29557e+07
P52272	P52272	HNRPM_HUMAN	HNRNPM	Heterogeneous nuclear ribonucleoprotein M	8.08231e+06	4.08124e+06	5.17821e+06	4.93008e+06
P52292	P52292	IMA1_HUMAN	KPNA2	Importin subunit alpha-1	218920		75568.5	
P52294	P52294	IMA5_HUMAN	KPNA1	Importin subunit alpha-5	284612	226595	336994	
P52298	P52298	NCBP2_HUMAN	NCBP2	Nuclear cap-binding protein subunit 2	468115	372341	438648	330808
P52306	P52306	GDS1_HUMAN	RAP1GDS1	Rap1 GTPase-GDP dissociation stimulator 1	340396	210750	311184	
P52434	P52434	RPAB3_HUMAN	POLR2H	DNA-directed RNA polymerases I, II, and III subunit RPABC3	1.31257e+06	967687	1.11024e+06	582887
P52565	P52565	GDIR1_HUMAN	ARHGDIA	Rho GDP-dissociation inhibitor 1	2.36184e+07	2.1098e+07	1.78534e+07	2.27372e+07
P52566	P52566	GDIR2_HUMAN	ARHGDIB	Rho GDP-dissociation inhibitor 2	4.29515e+07	7.82072e+07	2.9132e+07	8.44417e+07
P52594	P52594;O95081	AGFG1_HUMAN	AGFG1	Arf-GAP domain and FG repeat-containing protein 1	580448	508087	535746	447939
P52597	P52597	HNRPF_HUMAN	HNRNPF	Heterogeneous nuclear ribonucleoprotein F	4.27436e+06	1.968e+06	2.45596e+06	2.96736e+06
P52630	P52630	STAT2_HUMAN	STAT2	Signal transducer and activator of transcription 2	309111		386254	
P52701	P52701	MSH6_HUMAN	MSH6	DNA mismatch repair protein Msh6	272534			
P52735	P52735	VAV2_HUMAN	VAV2	Guanine nucleotide exchange factor VAV2	251722	463092	392601	702536
P52756	P52756	RBM5_HUMAN	RBM5	RNA-binding protein 5	211860	487118	291809	327845
P52758	P52758	RIDA_HUMAN	RIDA	2-iminobutanoate/2-iminopropanoate deaminase	325978	382043	299764	
P52788	P52788	SPSY_HUMAN	SMS	Spermine synthase	677433	339427	596764	279752
P52789	P52789	HXK2_HUMAN	HK2	Hexokinase-2	144047		159837	56201.6
P52790	P52790	HXK3_HUMAN	HK3	Hexokinase-3	2.85496e+06	7.29975e+06	3.61089e+06	5.19325e+06
P52815	P52815	RM12_HUMAN	MRPL12	Large ribosomal subunit protein bL12m	624563	1.37128e+06	396276	563347
P52888	P52888	THOP1_HUMAN	THOP1	Thimet oligopeptidase	327257	159980	477131	
P52907	P52907	CAZA1_HUMAN	CAPZA1	F-actin-capping protein subunit alpha-1	1.3538e+07	1.70369e+07	1.22885e+07	1.44415e+07
P52943	P52943	CRIP2_HUMAN	CRIP2	Cysteine-rich protein 2	5.22068e+06	1.16019e+06	4.26844e+06	921308
P52948	P52948	NUP98_HUMAN	NUP98	Nuclear pore complex protein Nup98-Nup96	356465	306982	367246	355947
P53004	P53004	BIEA_HUMAN	BLVRA	Biliverdin reductase A	5.01705e+06	3.68951e+06	6.4078e+06	3.91165e+06
P53041	P53041	PPP5_HUMAN	PPP5C	Serine/threonine-protein phosphatase 5	1.7086e+06	1.03154e+06	1.41606e+06	924166
P53365	P53365	ARFP2_HUMAN	ARFIP2	Arfaptin-2	507095	820954	637447	384118
P53367	P53367	ARFP1_HUMAN	ARFIP1	Arfaptin-1	934481	746713	801581	755662
P53384	P53384	NUBP1_HUMAN	NUBP1	Cytosolic Fe-S cluster assembly factor NUBP1	681546	321630	572191	175448
P53396	P53396	ACLY_HUMAN	ACLY	ATP-citrate synthase	2.1638e+06	2.47984e+06	3.33957e+06	1.63915e+06
P53582	P53582	MAP11_HUMAN	METAP1	Methionine aminopeptidase 1	697687	210390	413669	237471
P53597	P53597	SUCA_HUMAN	SUCLG1	Succinate--CoA ligase [ADP/GDP-forming] subunit alpha, mitochondrial	1.18906e+06	668660	1.23833e+06	544456
P53602	P53602	MVD1_HUMAN	MVD	Diphosphomevalonate decarboxylase	815208	652039	649886	255403
P53609	P53609	PGTB1_HUMAN	PGGT1B	Geranylgeranyl transferase type-1 subunit beta	16186.9	20598.3	10689.4	6385.46
P53618	P53618	COPB_HUMAN	COPB1	Coatomer subunit beta	905605	1.36566e+06	1.26332e+06	561987
P53621	P53621	COPA_HUMAN	COPA	Coatomer subunit alpha	801718	1.18676e+06	1.45715e+06	777859
P53634	P53634	CATC_HUMAN	CTSC	Dipeptidyl peptidase 1	6.1234e+06	8.95347e+06	6.41961e+06	9.82005e+06
P53680	P53680	AP2S1_HUMAN	AP2S1	AP-2 complex subunit sigma	1.47561e+06	1.84134e+06	1.84626e+06	1.13806e+06
P53701	P53701	CCHL_HUMAN	HCCS	Holocytochrome c-type synthase	578823	225771	450375	194089
P53801	P53801	PTTG_HUMAN	PTTG1IP	Pituitary tumor-transforming gene 1 protein-interacting protein	1.25008e+06	3.44197e+06	2.15716e+06	4.1452e+06
P53814	P53814	SMTN_HUMAN	SMTN	Smoothelin	768822	585610	744997	475495
P53985	P53985	MOT1_HUMAN	SLC16A1	Monocarboxylate transporter 1	1.40926e+06	906452	1.73241e+06	695286
P53990	P53990	IST1_HUMAN	IST1	IST1 homolog	1.13856e+06	1.28868e+06	1.14256e+06	463802
P53992	P53992	SC24C_HUMAN	SEC24C	Protein transport protein Sec24C	115575	154597	129181	73180.2
P53999	P53999	TCP4_HUMAN	SUB1	Activated RNA polymerase II transcriptional coactivator p15	2.76654e+06	2.26889e+06	3.71874e+06	2.95036e+06
P54105	P54105	ICLN_HUMAN	CLNS1A	Methylosome subunit pICln	81077.3		25128.3	
P54108	P54108	CRIS3_HUMAN	CRISP3	Cysteine-rich secretory protein 3	663179	701567	614724	3.59445e+06
P54136	P54136	SYRC_HUMAN	RARS1	Arginine--tRNA ligase, cytoplasmic	1.9893e+06	1.43011e+06	2.06388e+06	835767
P54259	P54259	ATN1_HUMAN	ATN1	Atrophin-1	99051.3			
P54289	P54289	CA2D1_HUMAN	CACNA2D1	Voltage-dependent calcium channel subunit alpha-2/delta-1	705067	502002	1.09915e+06	474188
P54577	P54577	SYYC_HUMAN	YARS1	Tyrosine--tRNA ligase, cytoplasmic	1.59271e+06	1.32841e+06	1.35329e+06	895479
P54578	P54578	UBP14_HUMAN	USP14	Ubiquitin carboxyl-terminal hydrolase 14	2.74912e+06	2.13868e+06	4.62481e+06	1.84625e+06
P54619	P54619	AAKG1_HUMAN	PRKAG1	5'-AMP-activated protein kinase subunit gamma-1	518612	418890	598997	277078
P54652	P54652	HSP72_HUMAN	HSPA2	Heat shock-related 70 kDa protein 2	2.69998e+06	1.10885e+06	1.92346e+06	4.13543e+06
P54687	P54687	BCAT1_HUMAN	BCAT1	Branched-chain-amino-acid aminotransferase, cytosolic	1.28718e+06	848556	923538	2.49428e+06
P54709	P54709	AT1B3_HUMAN	ATP1B3	Sodium/potassium-transporting ATPase subunit beta-3	3.78307e+06	3.25494e+06	3.50278e+06	2.64205e+06
P54725	P54725	RD23A_HUMAN	RAD23A	UV excision repair protein RAD23 homolog A	1.30058e+06	1.4228e+06	1.23726e+06	1.75883e+06
P54727	P54727	RD23B_HUMAN	RAD23B	UV excision repair protein RAD23 homolog B	5.11971e+06	4.03893e+06	4.38595e+06	4.7455e+06
P54753	P54753;P54760	EPHB3_HUMAN	EPHB3	Ephrin type-B receptor 3	548976	645500	794241	313671
P54802	P54802	ANAG_HUMAN	NAGLU	Alpha-N-acetylglucosaminidase	456072	620267	602801	523397
P54803	P54803	GALC_HUMAN	GALC	Galactocerebrosidase	147489	323291	176526	251996
P54819	P54819	KAD2_HUMAN	AK2	Adenylate kinase 2, mitochondrial	5.30967e+06	4.61173e+06	4.37821e+06	4.36865e+06
P54821;Q99811	P54821;Q99811	PRRX1_HUMAN;PRRX2_HUMAN	PRRX1;PRRX2	Paired mesoderm homeobox protein 1	263246		197016	
P54852	P54852	EMP3_HUMAN	EMP3	Epithelial membrane protein 3	541440	761962	822483	572975
P54868	P54868	HMCS2_HUMAN	HMGCS2	Hydroxymethylglutaryl-CoA synthase, mitochondrial	967636	686036	2.51525e+06	194505
P54886	P54886	P5CS_HUMAN	ALDH18A1	Delta-1-pyrroline-5-carboxylate synthase	96433.3		67565.9	
P54920	P54920	SNAA_HUMAN	NAPA	Alpha-soluble NSF attachment protein	2.24012e+06	5.14097e+06	2.30421e+06	2.52e+06
P54922	P54922	ADPRH_HUMAN	ADPRH	ADP-ribosylhydrolase ARH1	316951		373740	141942
P55008	P55008	AIF1_HUMAN	AIF1	Allograft inflammatory factor 1	1.11954e+06	1.77281e+06	1.44732e+06	3.04595e+06
P55010	P55010	IF5_HUMAN	EIF5	Eukaryotic translation initiation factor 5	1.04145e+06	269586	919861	139926
P55011	P55011	S12A2_HUMAN	SLC12A2	Solute carrier family 12 member 2	2.1715e+06	385336	1.44471e+06	64384
P55036	P55036	PSMD4_HUMAN	PSMD4	26S proteasome non-ATPase regulatory subunit 4	981865	499762	1.12384e+06	601225
P55039	P55039	DRG2_HUMAN	DRG2	Developmentally-regulated GTP-binding protein 2	826749	641050	867368	437504
P55056	P55056	APOC4_HUMAN	APOC4	Apolipoprotein C-IV		431109	186485	293782
P55058	P55058	PLTP_HUMAN	PLTP	Phospholipid transfer protein	569154	1.27504e+06	864543	845330
P55060	P55060	XPO2_HUMAN	CSE1L	Exportin-2	1.87104e+06	1.26317e+06	1.24856e+06	644319
P55061	P55061	BI1_HUMAN	TMBIM6	Bax inhibitor 1	217962	304353	249084	156593
P55072	P55072	TERA_HUMAN	VCP	Transitional endoplasmic reticulum ATPase	1.36113e+07	8.63354e+06	1.42978e+07	9.636e+06
P55083	P55083	MFAP4_HUMAN	MFAP4	Microfibril-associated glycoprotein 4	2.11768e+06	4.39705e+06	4.44098e+06	3.81688e+06
P55084	P55084	ECHB_HUMAN	HADHB	Trifunctional enzyme subunit beta, mitochondrial	1.3579e+06	1.4515e+06	2.26806e+06	1.13091e+06
P55145	P55145	MANF_HUMAN	MANF	Mesencephalic astrocyte-derived neurotrophic factor	2.23146e+06	1.95387e+06	2.22578e+06	1.68387e+06
P55157	P55157	MTP_HUMAN	MTTP	Microsomal triglyceride transfer protein large subunit	427343	372441	354383	345478
P55160	P55160	NCKPL_HUMAN	NCKAP1L	Nck-associated protein 1-like	478201	1.32132e+06	620169	371542
P55196	P55196	AFAD_HUMAN	AFDN	Afadin	2.4597e+06	1.3871e+06	1.75379e+06	1.26334e+06
P55199	P55199	ELL_HUMAN	ELL	RNA polymerase II elongation factor ELL	143248			
P55209	P55209	NP1L1_HUMAN	NAP1L1	Nucleosome assembly protein 1-like 1	1.61159e+06	566506	1.06858e+06	211307
P55210	P55210	CASP7_HUMAN	CASP7	Caspase-7	3.34157e+06	1.15872e+06	2.46979e+06	1.2408e+06
P55212	P55212	CASP6_HUMAN	CASP6	Caspase-6	1.18162e+06	720069	960202	830999
P55259	P55259	GP2_HUMAN	GP2	Pancreatic secretory granule membrane major glycoprotein GP2			61216.8	96592.9
P55263	P55263	ADK_HUMAN	ADK	Adenosine kinase	2.2191e+06	2.97001e+06	2.31346e+06	1.85435e+06
P55265	P55265	DSRAD_HUMAN	ADAR	Double-stranded RNA-specific adenosine deaminase	1.53617e+06	812461	1.24058e+06	1.03158e+06
P55268	P55268	LAMB2_HUMAN	LAMB2	Laminin subunit beta-2	642848	257361	605731	303086
P55286;P55289	P55286;P55289	CAD12_HUMAN;CADH8_HUMAN	CDH12;CDH8	Cadherin-8	270731	993784	263542	813059
P55287	P55287	CAD11_HUMAN	CDH11	Cadherin-11	186392	138687	238955	
P55290	P55290	CAD13_HUMAN	CDH13	Cadherin-13	2.77001e+06	3.54571e+06	4.44598e+06	3.73467e+06
P55327	P55327	TPD52_HUMAN	TPD52	Tumor protein D52	1.34479e+06	756591	2.04687e+06	567562
P55735	P55735	SEC13_HUMAN	SEC13	Protein SEC13 homolog	2.44575e+06	2.00326e+06	1.81961e+06	1.82845e+06
P55769	P55769	NH2L1_HUMAN	SNU13	NHP2-like protein 1	1.68377e+06	1.33652e+06	1.66071e+06	1.30074e+06
P55774	P55774	CCL18_HUMAN	CCL18	C-C motif chemokine 18	101704	305865		409682
P55786	P55786	PSA_HUMAN	NPEPPS	Puromycin-sensitive aminopeptidase	1.39582e+06	1.44462e+06	1.64197e+06	819347
P55789	P55789	ALR_HUMAN	GFER	FAD-linked sulfhydryl oxidase ALR	79153.6			
P55795	P55795	HNRH2_HUMAN	HNRNPH2	Heterogeneous nuclear ribonucleoprotein H2	1.56496e+06	970793	2.25779e+06	1.42917e+06
P55809	P55809	SCOT1_HUMAN	OXCT1	Succinyl-CoA:3-ketoacid coenzyme A transferase 1, mitochondrial	705921	313657	736280	247771
P55854	P55854	SUMO3_HUMAN	SUMO3	Small ubiquitin-related modifier 3	123978	67323.4	70306.8	47358.7
P55884	P55884	EIF3B_HUMAN	EIF3B	Eukaryotic translation initiation factor 3 subunit B	2.52522e+06	1.18223e+06	1.76806e+06	1.36769e+06
P55899	P55899	FCGRN_HUMAN	FCGRT	IgG receptor FcRn large subunit p51	1.20013e+07	1.37013e+07	2.64964e+07	1.35753e+07
P55957	P55957	BID_HUMAN	BID	BH3-interacting domain death agonist	576252	1.00098e+06	215024	346597
P56134	P56134	ATPK_HUMAN	ATP5MF	ATP synthase subunit f, mitochondrial	2.94993e+06	4.08382e+06	3.36798e+06	2.399e+06
P56182	P56182	RRP1_HUMAN	RRP1	Ribosomal RNA processing protein 1 homolog A	128410			
P56192	P56192	SYMC_HUMAN	MARS1	Methionine--tRNA ligase, cytoplasmic	374336	342574	389440	310250
P56199	P56199	ITA1_HUMAN	ITGA1	Integrin alpha-1	5.59639e+06	2.75272e+06	5.56223e+06	1.69256e+06
P56211	P56211	ARP19_HUMAN	ARPP19	cAMP-regulated phosphoprotein 19	333500		186157	
P56277	P56277	CMC4_HUMAN	CMC4	Cx9C motif-containing protein 4	161942	237446	147341	377095
P56377	P56377	AP1S2_HUMAN	AP1S2	AP-1 complex subunit sigma-2	278469	568204	259870	496375
P56378	P56378	ATP68_HUMAN	ATP5MJ	ATP synthase subunit ATP5MJ, mitochondrial	924607	2.02888e+06	916019	1.23995e+06
P56381;Q5VTU8	P56381;Q5VTU8	AT5EL_HUMAN;ATP5E_HUMAN	ATP5F1E;ATP5F1EP2	ATP synthase subunit epsilon, mitochondrial	2.81154e+06	3.44176e+06	3.04656e+06	1.4953e+06
P56385	P56385	ATP5I_HUMAN	ATP5ME	ATP synthase subunit e, mitochondrial	570728	1.13924e+06	521993	1.05106e+06
P56470	P56470	LEG4_HUMAN	LGALS4	Galectin-4	1.27067e+07	9.75592e+06	6.52966e+06	1.67079e+06
P56537	P56537	IF6_HUMAN	EIF6	Eukaryotic translation initiation factor 6	5.14713e+06	3.99848e+06	3.93699e+06	3.16555e+06
P56545	P56545	CTBP2_HUMAN	CTBP2	C-terminal-binding protein 2	655489	195922	502088	125160
P56556	P56556	NDUA6_HUMAN	NDUFA6	NADH dehydrogenase [ubiquinone] 1 alpha subcomplex subunit 6	447125	268384	467139	
P56750	P56750	CLD17_HUMAN	CLDN17	Claudin-17	170264	73495.7	94648	199152
P56945	P56945	BCAR1_HUMAN	BCAR1	Breast cancer anti-estrogen resistance protein 1	200303		67578.8	
P56962	P56962	STX17_HUMAN	STX17	Syntaxin-17	236988		346571	
P57053	O60814;P06899;P23527;P33778;P57053;P58876;P62807;Q16778;Q5QNW6;Q8N257;Q93079;Q96A08;Q99877;Q99879;Q99880	H2BFS_HUMAN	H2BC12L	Histone H2B type F-S	1.31857e+07	7.82691e+07	1.1379e+07	4.39769e+07
P57081	P57081	WDR4_HUMAN	WDR4	tRNA (guanine-N(7)-)-methyltransferase non-catalytic subunit WDR4	357969		98057.3	
P57087	P57087	JAM2_HUMAN	JAM2	Junctional adhesion molecule B	86368.4		56125	
P57088	P57088	TMM33_HUMAN	TMEM33	Transmembrane protein 33	648915	672069	466580	344097
P57105	P57105	SYJ2B_HUMAN	SYNJ2BP	Synaptojanin-2-binding protein	1.00052e+06	726810	969713	586943
P57735	P57735	RAB25_HUMAN	RAB25	Ras-related protein Rab-25	851710	769516	849638	264894
P57737	P57737	CORO7_HUMAN	CORO7	Coronin-7	562860	542990	605155	810865
P57772	P57772	SELB_HUMAN	EEFSEC	Selenocysteine-specific elongation factor	488173	252066	463136	144273
P58107	P58107	EPIPL_HUMAN	EPPK1	Epiplakin	124398	139564	98358.1	
P58335	P58335	ANTR2_HUMAN	ANTXR2	Anthrax toxin receptor 2	504138	642731	511136	653386
P58499	P58499	FAM3B_HUMAN	FAM3B	Protein FAM3B	212975			
P58546	P58546	MTPN_HUMAN	MTPN	Myotrophin	1.09882e+06	2.28907e+06	731290	1.65953e+06
P59665	P59665;P59666	DEF1_HUMAN	DEFA1	Neutrophil defensin 1	1.67478e+08	7.20103e+08	1.45328e+08	1.00932e+09
P59666	P59666	DEF3_HUMAN	DEFA3	Neutrophil defensin 3	117197	542729	134597	1.06924e+06
P59998	P59998	ARPC4_HUMAN	ARPC4	Actin-related protein 2/3 complex subunit 4	1.37256e+07	1.46938e+07	9.32168e+06	7.42108e+06
P60033	P60033	CD81_HUMAN	CD81	CD81 antigen	1.60785e+06	1.19269e+06	2.22782e+06	1.35437e+06
P60059	P60059	SC61G_HUMAN	SEC61G	Protein transport protein Sec61 subunit gamma	2.76496e+06	1.73743e+06	2.27106e+06	1.25672e+06
P60174	P60174	TPIS_HUMAN	TPI1	Triosephosphate isomerase	4.98772e+07	5.55701e+07	4.34433e+07	5.95358e+07
P60228	P60228	EIF3E_HUMAN	EIF3E	Eukaryotic translation initiation factor 3 subunit E	1.07816e+06	913659	778510	269874
P60468	P60468	SC61B_HUMAN	SEC61B	Protein transport protein Sec61 subunit beta	6.11122e+06	3.14135e+06	4.57091e+06	1.7346e+06
P60484	P60484	PTEN_HUMAN	PTEN	Phosphatidylinositol 3,4,5-trisphosphate 3-phosphatase and dual-specificity protein phosphatase PTEN	102468		387681	
P60510	P60510	PP4C_HUMAN	PPP4C	Serine/threonine-protein phosphatase 4 catalytic subunit	1.11716e+06	773383	916787	762489
P60520	P60520	GBRL2_HUMAN	GABARAPL2	Gamma-aminobutyric acid receptor-associated protein-like 2	1.24615e+06	1.90236e+06	1.292e+06	1.54071e+06
P60602	P60602	ROMO1_HUMAN	ROMO1	Reactive oxygen species modulator 1	429188	416993	278073	246392
P60660	P60660	MYL6_HUMAN	MYL6	Myosin light polypeptide 6	4.62477e+06	6.05634e+06	3.24603e+06	2.17518e+06
P60673	P60673	PROF3_HUMAN	PFN3	Profilin-3	210332	134757	198587	223698
P60842	P60842	IF4A1_HUMAN	EIF4A1	Eukaryotic initiation factor 4A-I	1.49516e+07	5.29277e+06	1.12835e+07	2.873e+06
P60866	P60866	RS20_HUMAN	RPS20	Small ribosomal subunit protein uS10	3.00723e+06	891067	3.07214e+06	592842
P60891	P11908;P21108;P60891	PRPS1_HUMAN	PRPS1	Ribose-phosphate pyrophosphokinase 1	2.59346e+06	2.63759e+06	5.19342e+06	2.1657e+06
P60900	P60900	PSA6_HUMAN	PSMA6	Proteasome subunit alpha type-6	9.79424e+06	7.93887e+06	8.67729e+06	8.1999e+06
P60903	P60903	S10AA_HUMAN	S100A10	Protein S100-A10	3.00721e+06	3.06611e+06	3.65911e+06	2.63808e+06
P60953	P60953	CDC42_HUMAN	CDC42	Cell division control protein 42 homolog	7.69819e+06	1.11714e+07	9.18023e+06	1.11533e+07
P60981	P60981	DEST_HUMAN	DSTN	Destrin	1.84189e+06	1.30028e+06	2.18656e+06	974752
P60983	P60983	GMFB_HUMAN	GMFB	Glia maturation factor beta	1.49779e+06	1.12318e+06	1.23502e+06	1.06884e+06
P61006	P61006;Q92930	RAB8A_HUMAN	RAB8A	Ras-related protein Rab-8A	1.0754e+07	8.69873e+06	1.16858e+07	1.25496e+07
P61009	P61009	SPCS3_HUMAN	SPCS3	Signal peptidase complex subunit 3	968988	1.07408e+06	2.04388e+06	698124
P61011	P61011	SRP54_HUMAN	SRP54	Signal recognition particle subunit SRP54	1.51836e+06	999421	1.39797e+06	1.01312e+06
P61018	P61018	RAB4B_HUMAN	RAB4B	Ras-related protein Rab-4B	1.0732e+06	1.45977e+06	1.19614e+06	1.41097e+06
P61019	P61019;Q8WUD1	RAB2A_HUMAN	RAB2A	Ras-related protein Rab-2A	5.38622e+06	5.6019e+06	5.30235e+06	5.64232e+06
P61020	P61020	RAB5B_HUMAN	RAB5B	Ras-related protein Rab-5B	1.80643e+06	1.45703e+06	1.8272e+06	1.50081e+06
P61024	P61024	CKS1_HUMAN	CKS1B	Cyclin-dependent kinases regulatory subunit 1	154439			
P61026	P61026	RAB10_HUMAN	RAB10	Ras-related protein Rab-10	4.07988e+07	3.33468e+07	3.49902e+07	4.42521e+07
P61081	P61081	UBC12_HUMAN	UBE2M	NEDD8-conjugating enzyme Ubc12	1.67867e+06	1.23307e+06	1.81499e+06	1.0215e+06
P61086	P61086	UBE2K_HUMAN	UBE2K	Ubiquitin-conjugating enzyme E2 K	2.12822e+06	2.02582e+06	1.86204e+06	1.68307e+06
P61088	P61088	UBE2N_HUMAN	UBE2N	Ubiquitin-conjugating enzyme E2 N	1.41257e+07	1.36811e+07	1.32435e+07	1.16042e+07
P61106	P61106	RAB14_HUMAN	RAB14	Ras-related protein Rab-14	5.27329e+06	4.31271e+06	5.13233e+06	4.01543e+06
P61158	P61158	ARP3_HUMAN	ACTR3	Actin-related protein 3	5.22206e+06	6.65278e+06	4.88055e+06	2.51353e+06
P61160	P61160	ARP2_HUMAN	ACTR2	Actin-related protein 2	6.30761e+06	6.59391e+06	6.2351e+06	3.60924e+06
P61163	P42025;P61163	ACTZ_HUMAN	ACTR1A	Alpha-centractin	1.82664e+06	1.54997e+06	1.8545e+06	784381
P61201	P61201	CSN2_HUMAN	COPS2	COP9 signalosome complex subunit 2	1.12808e+06	864230	1.23481e+06	705298
P61204;P84077	P61204;P84077	ARF1_HUMAN;ARF3_HUMAN	ARF1;ARF3	ADP-ribosylation factor 3	1.73209e+07	1.80714e+07	1.80331e+07	1.84652e+07
P61221	P61221	ABCE1_HUMAN	ABCE1	ATP-binding cassette sub-family E member 1	1.91195e+06	856798	1.49799e+06	705041
P61224	P61224;P62834	RAP1B_HUMAN	RAP1B	Ras-related protein Rap-1b	3.74091e+07	4.26435e+07	4.6769e+07	4.92507e+07
P61225	P10114;P61225;Q9Y3L5	RAP2B_HUMAN	RAP2B	Ras-related protein Rap-2b	1.75026e+06	2.2727e+06	2.81761e+06	3.31325e+06
P61244	P61244	MAX_HUMAN	MAX	Protein max	112638			
P61247	P61247	RS3A_HUMAN	RPS3A	Small ribosomal subunit protein eS1	1.29375e+07	5.58824e+06	1.10964e+07	3.33763e+06
P61254	P61254;Q9UNX3	RL26_HUMAN	RPL26	Large ribosomal subunit protein uL24	1.66154e+06	2.2518e+06	2.01009e+06	701704
P61289	P61289	PSME3_HUMAN	PSME3	Proteasome activator complex subunit 3	941319	504632	704739	340094
P61313	P61313	RL15_HUMAN	RPL15	Large ribosomal subunit protein eL15	2.72594e+06	937561	2.33315e+06	
P61326	P61326;Q96A72	MGN_HUMAN	MAGOH	Protein mago nashi homolog	2.37756e+06	1.36685e+06	1.68152e+06	1.19791e+06
P61353	P61353	RL27_HUMAN	RPL27	Large ribosomal subunit protein eL27	2.55037e+06	2.3103e+06	4.27496e+06	480204
P61457	P61457	PHS_HUMAN	PCBD1	Pterin-4-alpha-carbinolamine dehydratase	3.6336e+06	2.52563e+06	2.15099e+06	1.95866e+06
P61513	P61513;A6NKH3	RL37A_HUMAN	RPL37A	Large ribosomal subunit protein eL43	1.01239e+06	295187	579048	237211
P61586	P08134;P61586;P62745	RHOA_HUMAN	RHOA	Transforming protein RhoA	1.34155e+07	1.95247e+07	1.69823e+07	2.05228e+07
P61587	P61587	RND3_HUMAN	RND3	Rho-related GTP-binding protein RhoE	50479.7	60044.8		50772.2
P61601	P61601	NCALD_HUMAN	NCALD	Neurocalcin-delta	397665	244730	435340	
P61604	P61604	CH10_HUMAN	HSPE1	10 kDa heat shock protein, mitochondrial	4.49126e+07	3.7631e+07	3.60693e+07	3.30261e+07
P61619	P61619;Q9H9S3	S61A1_HUMAN	SEC61A1	Protein transport protein Sec61 subunit alpha isoform 1	762487	374736	717157	
P61626	P61626	LYSC_HUMAN	LYZ	Lysozyme C	2.0925e+08	6.4997e+08	1.94723e+08	1.13287e+09
P61758	P61758	PFD3_HUMAN	VBP1	Prefoldin subunit 3	1.07535e+06	594120	738150	508974
P61769	P61769	B2MG_HUMAN	B2M	Beta-2-microglobulin	8.86122e+06	9.64378e+06	5.61723e+06	7.47605e+06
P61803	P61803	DAD1_HUMAN	DAD1	Dolichyl-diphosphooligosaccharide--protein glycosyltransferase subunit DAD1	1.99871e+06	4.72865e+06	2.05008e+06	2.77547e+06
P61916	P61916	NPC2_HUMAN	NPC2	NPC intracellular cholesterol transporter 2	4.22791e+06	5.49838e+06	4.18659e+06	8.77159e+06
P61923	P61923	COPZ1_HUMAN	COPZ1	Coatomer subunit zeta-1	201380	205230	154455	109442
P61956	P55854;P61956;Q6EEV6	SUMO2_HUMAN	SUMO2	Small ubiquitin-related modifier 2	9.32375e+06	5.99036e+06	7.48289e+06	6.46617e+06
P61960	P61960	UFM1_HUMAN	UFM1	Ubiquitin-fold modifier 1	7.55664e+06	8.31296e+06	9.0268e+06	8.1634e+06
P61962	P61962	DCAF7_HUMAN	DCAF7	DDB1- and CUL4-associated factor 7	293969	115402	152386	
P61964	P61964	WDR5_HUMAN	WDR5	WD repeat-containing protein 5	737563	547749	467598	569215
P61966	P61966	AP1S1_HUMAN	AP1S1	AP-1 complex subunit sigma-1A	539522	452085	314426	170994
P61970	P61970	NTF2_HUMAN	NUTF2	Nuclear transport factor 2	2.58755e+06	3.15642e+06	2.36446e+06	1.13989e+06
P61978	P61978	HNRPK_HUMAN	HNRNPK	Heterogeneous nuclear ribonucleoprotein K	1.54838e+07	9.00272e+06	1.19293e+07	9.15986e+06
P61981	P61981	1433G_HUMAN	YWHAG	14-3-3 protein gamma	2.49801e+07	2.08013e+07	1.87413e+07	2.0054e+07
P62070	P62070	RRAS2_HUMAN	RRAS2	Ras-related protein R-Ras2	235554	181753	229149	217485
P62072	P62072	TIM10_HUMAN	TIMM10	Mitochondrial import inner membrane translocase subunit Tim10	191686	361383	157426	294330
P62081	P62081	RS7_HUMAN	RPS7	Small ribosomal subunit protein eS7	3.87696e+06	1.0812e+06	4.78069e+06	709836
P62136	P36873;P62136;P62140	PP1A_HUMAN	PPP1CA	Serine/threonine-protein phosphatase PP1-alpha catalytic subunit	3.56736e+06	2.78994e+06	2.86237e+06	2.93084e+06
P62140	P62140	PP1B_HUMAN	PPP1CB	Serine/threonine-protein phosphatase PP1-beta catalytic subunit	2.76154e+06	2.11742e+06	2.41216e+06	2.24686e+06
P62166	P62166	NCS1_HUMAN	NCS1	Neuronal calcium sensor 1	135314	106176	171232	104897
P62191	P62191	PRS4_HUMAN	PSMC1	26S proteasome regulatory subunit 4	780989	618786	952995	282842
P62195	P62195	PRS8_HUMAN	PSMC5	26S proteasome regulatory subunit 8	1.12796e+06	897204	1.09873e+06	639851
P62241	P62241	RS8_HUMAN	RPS8	Small ribosomal subunit protein eS8	3.13416e+06	1.52445e+06	3.00553e+06	772111
P62244	P62244	RS15A_HUMAN	RPS15A	Small ribosomal subunit protein uS8	1.73124e+07	3.40813e+06	9.82021e+06	2.30493e+06
P62249	P62249	RS16_HUMAN	RPS16	Small ribosomal subunit protein uS9	8.97682e+06	3.07508e+06	6.67398e+06	1.91977e+06
P62253	P62253	UB2G1_HUMAN	UBE2G1	Ubiquitin-conjugating enzyme E2 G1	522558	595313	617871	
P62256	P62256	UBE2H_HUMAN	UBE2H	Ubiquitin-conjugating enzyme E2 H	526604	361709	443542	240332
P62258	P62258	1433E_HUMAN	YWHAE	14-3-3 protein epsilon	1.04481e+07	1.2311e+07	6.83008e+06	8.90293e+06
P62263	P62263	RS14_HUMAN	RPS14	Small ribosomal subunit protein uS11	1.44864e+06	540288	1.50225e+06	374240
P62266	P62266	RS23_HUMAN	RPS23	Small ribosomal subunit protein uS12	2.39061e+07	1.21965e+07	1.54904e+07	1.66132e+07
P62269	P62269	RS18_HUMAN	RPS18	Small ribosomal subunit protein uS13	9.11789e+06	5.68772e+06	9.71212e+06	646036
P62273	P62273	RS29_HUMAN	RPS29	Small ribosomal subunit protein uS14	386850	130315	424990	72107.1
P62277	P62277	RS13_HUMAN	RPS13	Small ribosomal subunit protein uS15	1.71853e+07	4.76516e+06	1.25465e+07	3.21714e+06
P62280	P62280	RS11_HUMAN	RPS11	Small ribosomal subunit protein uS17	4.60402e+06	3.21438e+06	4.04757e+06	1.92418e+06
P62304	P62304	RUXE_HUMAN	SNRPE	Small nuclear ribonucleoprotein E	7.51898e+06	6.00152e+06	4.05777e+06	5.26096e+06
P62306	P62306	RUXF_HUMAN	SNRPF	Small nuclear ribonucleoprotein F	957409	1.02308e+06	503456	1.18276e+06
P62310	P62310	LSM3_HUMAN	LSM3	U6 snRNA-associated Sm-like protein LSm3	1.08782e+06	1.04993e+06	557789	557811
P62312	P62312	LSM6_HUMAN	LSM6	U6 snRNA-associated Sm-like protein LSm6	3.10051e+06	2.39632e+06	2.22625e+06	2.61248e+06
P62314	P62314	SMD1_HUMAN	SNRPD1	Small nuclear ribonucleoprotein Sm D1	5.21599e+06	3.2535e+06	2.70728e+06	4.0897e+06
P62316	P62316	SMD2_HUMAN	SNRPD2	Small nuclear ribonucleoprotein Sm D2	7.51638e+06	6.22098e+06	5.77425e+06	6.37615e+06
P62318	P62318	SMD3_HUMAN	SNRPD3	Small nuclear ribonucleoprotein Sm D3	1.10488e+07	8.74161e+06	6.81555e+06	9.24529e+06
P62328	P62328	TYB4_HUMAN	TMSB4X	Thymosin beta-4	1.50038e+06	9.61974e+06	1.42746e+06	4.973e+06
P62330	P62330	ARF6_HUMAN	ARF6	ADP-ribosylation factor 6	3.51047e+06	2.52662e+06	4.02768e+06	3.61366e+06
P62333	P62333	PRS10_HUMAN	PSMC6	26S proteasome regulatory subunit 10B	785015	519042	756134	438772
P62341	P62341	SELT_HUMAN	SELENOT	Thioredoxin reductase-like selenoprotein T	726295	649251	684588	
P62424	P62424	RL7A_HUMAN	RPL7A	Large ribosomal subunit protein eL8	5.63879e+06	2.58855e+06	4.23551e+06	2.64627e+06
P62487	P62487	RPB7_HUMAN	POLR2G	DNA-directed RNA polymerase II subunit RPB7	171133	42730.9		117474
P62495	P62495	ERF1_HUMAN	ETF1	Eukaryotic peptide chain release factor subunit 1	2.5987e+06	1.36205e+06	1.51583e+06	1.12022e+06
P62633	P62633	CNBP_HUMAN	CNBP	CCHC-type zinc finger nucleic acid binding protein	1.29194e+06	324871	1.62555e+06	683100
P62699	P62699	YPEL5_HUMAN	YPEL5	Protein yippee-like 5	207327	198366	183066	167696
P62701	P62701;Q8TD47	RS4X_HUMAN	RPS4X	Small ribosomal subunit protein eS4, X isoform	1.56624e+07	6.90355e+06	1.10848e+07	5.32165e+06
P62736	P62736;P63267;P68032;P68133	ACTA_HUMAN	ACTA2	Actin, aortic smooth muscle	5.99121e+07	3.92858e+07	5.47202e+07	1.68777e+07
P62745	P62745	RHOB_HUMAN	RHOB	Rho-related GTP-binding protein RhoB	106688	222351	130791	186891
P62750	P62750	RL23A_HUMAN	RPL23A	Large ribosomal subunit protein uL23	2.19366e+06	1.38182e+06	1.59821e+06	771551
P62753	P62753	RS6_HUMAN	RPS6	Small ribosomal subunit protein eS6	1.07513e+06	507697	1.27786e+06	380078
P62760	P62760	VISL1_HUMAN	VSNL1	Visinin-like protein 1	222385	445928	205290	
P62805	P62805	H4_HUMAN	H4C1	Histone H4	5.63251e+06	6.1663e+07	5.62118e+06	2.54412e+07
P62820	P62820;Q9H0U4	RAB1A_HUMAN	RAB1A	Ras-related protein Rab-1A	1.98802e+07	1.65745e+07	2.23685e+07	1.8333e+07
P62826	P62826	RAN_HUMAN	RAN	GTP-binding nuclear protein Ran	4.13247e+07	2.52441e+07	3.834e+07	3.00979e+07
P62829	P62829	RL23_HUMAN	RPL23	Large ribosomal subunit protein uL14	2.045e+06	1.00204e+06	2.5635e+06	
P62834	P62834	RAP1A_HUMAN	RAP1A	Ras-related protein Rap-1A	652771	967757	797760	712641
P62837	P61077;P62837	UB2D2_HUMAN	UBE2D2	Ubiquitin-conjugating enzyme E2 D2	2.64912e+06	1.95565e+06	2.22967e+06	1.5038e+06
P62841	P62841	RS15_HUMAN	RPS15	Small ribosomal subunit protein uS19	1.35669e+06	588376	1.87234e+06	411154
P62847	P62847	RS24_HUMAN	RPS24	Small ribosomal subunit protein eS24	2.04705e+06	606087	1.62914e+06	559930
P62851	P62851	RS25_HUMAN	RPS25	Small ribosomal subunit protein eS25	2.00849e+06	2.22211e+06	3.49583e+06	1.07854e+06
P62854	P62854;Q5JNZ5	RS26_HUMAN	RPS26	Small ribosomal subunit protein eS26	766033	603503	1.31008e+06	670586
P62857	P62857	RS28_HUMAN	RPS28	Small ribosomal subunit protein eS28	1.23355e+07	4.10823e+06	8.97884e+06	2.50472e+06
P62873	P62873;P62879	GBB1_HUMAN	GNB1	Guanine nucleotide-binding protein G(I)/G(S)/G(T) subunit beta-1	1.11109e+07	1.69828e+07	1.46031e+07	1.7095e+07
P62877	P62877	RBX1_HUMAN	RBX1	E3 ubiquitin-protein ligase RBX1	103127	275996	209593	152839
P62879	P62879	GBB2_HUMAN	GNB2	Guanine nucleotide-binding protein G(I)/G(S)/G(T) subunit beta-2	637828	1.30885e+06	1.29522e+06	1.06546e+06
P62888	P62888	RL30_HUMAN	RPL30	Large ribosomal subunit protein eL30	6.20628e+06	2.6016e+06	3.61433e+06	798727
P62899	P62899	RL31_HUMAN	RPL31	Large ribosomal subunit protein eL31	738369	635533	383933	205284
P62906	P62906	RL10A_HUMAN	RPL10A	Large ribosomal subunit protein uL1	6.31836e+06	1.92343e+06	4.15658e+06	799047
P62910	P62910	RL32_HUMAN	RPL32	Large ribosomal subunit protein eL32	827301	491443	1.34993e+06	376886
P62913	P62913	RL11_HUMAN	RPL11	Large ribosomal subunit protein uL5	5.16033e+06	1.68238e+06	3.41978e+06	1.05954e+06
P62917	P62917	RL8_HUMAN	RPL8	Large ribosomal subunit protein uL2	4.12314e+06	1.3079e+06	4.48912e+06	290360
P62937	P62937	PPIA_HUMAN	PPIA	Peptidyl-prolyl cis-trans isomerase A	6.86137e+07	6.6673e+07	6.68613e+07	6.78906e+07
P62942	P62942	FKB1A_HUMAN	FKBP1A	Peptidyl-prolyl cis-trans isomerase FKBP1A	2.80742e+07	3.65635e+07	3.15843e+07	4.7228e+07
P62979	P0CG47;P0CG48;P62979;P62987	RS27A_HUMAN	RPS27A	Ubiquitin-ribosomal protein eS31 fusion protein	3.98023e+07	4.86875e+07	5.40376e+07	5.39633e+07
P62993	P62993	GRB2_HUMAN	GRB2	Growth factor receptor-bound protein 2	2.97631e+06	4.40704e+06	2.6116e+06	5.06826e+06
P62995	P62995	TRA2B_HUMAN	TRA2B	Transformer-2 protein homolog beta	1.41728e+06	1.34649e+06	833970	907219
P63000	P15153;P60763;P63000	RAC1_HUMAN	RAC1	Ras-related C3 botulinum toxin substrate 1	1.66246e+07	1.48361e+07	1.66253e+07	1.70966e+07
P63010	P63010	AP2B1_HUMAN	AP2B1	AP-2 complex subunit beta	1.04611e+06	1.20936e+06	1.42986e+06	792953
P63092;Q5JWF2	P63092;Q5JWF2	GNAS1_HUMAN;GNAS2_HUMAN	GNAS	Guanine nucleotide-binding protein G(s) subunit alpha isoforms short	496514	597442	863669	339198
P63096	P63096	GNAI1_HUMAN	GNAI1	Guanine nucleotide-binding protein G(i) subunit alpha-1	502317	475054	952616	350246
P63098	P63098	CANB1_HUMAN	PPP3R1	Calcineurin subunit B type 1	93097.8	116984	218999	75548.2
P63104	P63104	1433Z_HUMAN	YWHAZ	14-3-3 protein zeta/delta	5.14426e+07	4.18361e+07	3.3797e+07	3.46759e+07
P63151	P63151	2ABA_HUMAN	PPP2R2A	Serine/threonine-protein phosphatase 2A 55 kDa regulatory subunit B alpha isoform	1.19995e+06	702629	1.21349e+06	646973
P63167	P63167;Q96FJ2	DYL1_HUMAN	DYNLL1	Dynein light chain 1, cytoplasmic	3.15103e+06	3.00278e+06	2.84968e+06	1.40798e+06
P63172	P63172	DYLT1_HUMAN	DYNLT1	Dynein light chain Tctex-type 1	265213	144648	163207	
P63173	P63173	RL38_HUMAN	RPL38	Large ribosomal subunit protein eL38	241258	138838	171405	
P63208	P63208	SKP1_HUMAN	SKP1	S-phase kinase-associated protein 1	1.27965e+06	1.90434e+06	1.61839e+06	1.60322e+06
P63220	P63220	RS21_HUMAN	RPS21	Small ribosomal subunit protein eS21	6.96471e+06	2.80564e+06	4.4188e+06	2.18717e+06
P63241	P63241;Q9GZV4;Q6IS14	IF5A1_HUMAN	EIF5A	Eukaryotic translation initiation factor 5A-1	1.65065e+07	7.77141e+06	1.3714e+07	6.24647e+06
P63244	P63244	RACK1_HUMAN	RACK1	Small ribosomal subunit protein RACK1	9.75049e+06	6.6197e+06	9.23004e+06	3.88241e+06
P63261	P60709;P63261	ACTG_HUMAN	ACTG1	Actin, cytoplasmic 2	3.72912e+08	3.566e+08	3.62392e+08	3.58941e+08
P63272	P63272	SPT4H_HUMAN	SUPT4H1	Transcription elongation factor SPT4	422450	382440	1.48186e+06	190299
P63279	P63279	UBC9_HUMAN	UBE2I	SUMO-conjugating enzyme UBC9	3.19641e+06	2.54093e+06	2.38674e+06	2.16225e+06
P63302	P63302	SELW_HUMAN	SELENOW	Selenoprotein W	63904.2	23282.1	66838.7	
P63313	P63313	TYB10_HUMAN	TMSB10	Thymosin beta-10	2.10898e+06	2.78262e+06	655481	2.33184e+06
P67775	P62714;P67775	PP2AA_HUMAN	PPP2CA	Serine/threonine-protein phosphatase 2A catalytic subunit alpha isoform	8.5313e+06	6.37355e+06	6.98721e+06	7.37761e+06
P67809	P67809	YBOX1_HUMAN	YBX1	Y-box-binding protein 1	9.46379e+06	3.36231e+06	7.30572e+06	2.98227e+06
P67812	P67812	SC11A_HUMAN	SEC11A	Signal peptidase complex catalytic subunit SEC11A	3.51838e+06	3.83941e+06	5.19579e+06	2.68981e+06
P67870	P67870	CSK2B_HUMAN	CSNK2B	Casein kinase II subunit beta	94973.3	117817	86478.2	
P67936	P06753;P07951;P09493;P67936	TPM4_HUMAN	TPM4	Tropomyosin alpha-4 chain	1.57181e+08	1.59699e+08	1.60153e+08	1.50442e+08
P68036	P68036;A0A1B0GUS4	UB2L3_HUMAN	UBE2L3	Ubiquitin-conjugating enzyme E2 L3	6.18964e+06	4.09821e+06	5.12202e+06	3.50618e+06
P68104;Q5VTE0	P68104;Q5VTE0	EF1A1_HUMAN;EF1A3_HUMAN	EEF1A1;EEF1A1P5	Elongation factor 1-alpha 1	2.13104e+08	7.71226e+07	1.37538e+08	7.63034e+07
P68366	A6NHL2;P68363;P68366;Q71U36;Q9BQE3	TBA4A_HUMAN	TUBA4A	Tubulin alpha-4A chain	8.46971e+06	6.87193e+06	1.37657e+07	4.2571e+06
P68371	P68371	TBB4B_HUMAN	TUBB4B	Tubulin beta-4B chain			367914	
P68400	P68400	CSK21_HUMAN	CSNK2A1	Casein kinase II subunit alpha	1.27346e+06	890703	1.06577e+06	424026
P68402	P68402	PA1B2_HUMAN	PAFAH1B2	Platelet-activating factor acetylhydrolase IB subunit alpha2	7.35962e+06	5.57912e+06	8.45342e+06	6.83027e+06
P68871	P02042;P68871	HBB_HUMAN	HBB	Hemoglobin subunit beta	1.37018e+09	7.04983e+09	1.28702e+10	4.35719e+09
P69849;Q15155;Q5JPE7	P69849;Q15155;Q5JPE7	NOMO1_HUMAN;NOMO2_HUMAN;NOMO3_HUMAN	NOMO1;NOMO2;NOMO3	BOS complex subunit NOMO3	1.98861e+06	1.76325e+06	1.79811e+06	1.47189e+06
P69891	P69891;P69892	HBG1_HUMAN	HBG1	Hemoglobin subunit gamma-1	4.39079e+06	1.74968e+07	5.38929e+07	1.62009e+07
P69892	P69892	HBG2_HUMAN	HBG2	Hemoglobin subunit gamma-2	1.35923e+06	1.46449e+06	1.6322e+07	3.70657e+06
P69905	P69905	HBA_HUMAN	HBA1	Hemoglobin subunit alpha	7.32162e+08	3.41903e+09	4.81211e+09	1.51619e+09
P78310	P78310	CXAR_HUMAN	CXADR	Coxsackievirus and adenovirus receptor	556096	1.05964e+06	272602	
P78312	P78312	F193A_HUMAN	FAM193A	Protein FAM193A	557879	160959	320494	
P78314	P78314	3BP2_HUMAN	SH3BP2	SH3 domain-binding protein 2	165090		38811.8	71382
P78318	P78318	IGBP1_HUMAN	IGBP1	Immunoglobulin-binding protein 1	358205	243369	343390	319389
P78324	P78324;Q9P1W8;Q5TFQ8	SHPS1_HUMAN	SIRPA	Tyrosine-protein phosphatase non-receptor type substrate 1	1.15328e+06	3.01146e+06	1.3904e+06	5.05488e+06
P78325	P78325	ADAM8_HUMAN	ADAM8	Disintegrin and metalloproteinase domain-containing protein 8	103041	125801	114466	406234
P78330	P78330	SERB_HUMAN	PSPH	Phosphoserine phosphatase	727027	459745	511077	302028
P78344	P78344	IF4G2_HUMAN	EIF4G2	Eukaryotic translation initiation factor 4 gamma 2	2.49897e+06	1.05671e+06	1.83438e+06	928524
P78346	P78346	RPP30_HUMAN	RPP30	Ribonuclease P protein subunit p30	233589		213886	17294.4
P78347	P78347	GTF2I_HUMAN	GTF2I	General transcription factor II-I	1.32669e+06	501150	1.01647e+06	368553
P78356	P78356	PI42B_HUMAN	PIP4K2B	Phosphatidylinositol 5-phosphate 4-kinase type-2 beta	234460	258384	253489	
P78357	P78357	CNTP1_HUMAN	CNTNAP1	Contactin-associated protein 1	193425		210570	105491
P78362	P78362	SRPK2_HUMAN	SRPK2	SRSF protein kinase 2	867838	758261	637082	592957
P78371	P78371	TCPB_HUMAN	CCT2	T-complex protein 1 subunit beta	4.59729e+06	2.25574e+06	3.79515e+06	1.04376e+06
P78380	P78380	OLR1_HUMAN	OLR1	Oxidized low-density lipoprotein receptor 1	706721	1.78311e+06	584316	3.53658e+06
P78406	P78406	RAE1L_HUMAN	RAE1	mRNA export factor RAE1	609469	529740	488292	706435
P78417	P78417	GSTO1_HUMAN	GSTO1	Glutathione S-transferase omega-1	1.45501e+07	1.78249e+07	1.77364e+07	1.1674e+07
P78527	P78527	PRKDC_HUMAN	PRKDC	DNA-dependent protein kinase catalytic subunit	2.22754e+06	1.66023e+06	1.57446e+06	923208
P78536	P78536	ADA17_HUMAN	ADAM17	Disintegrin and metalloproteinase domain-containing protein 17	214699	138728	224888	125952
P78556	P78556	CCL20_HUMAN	CCL20	C-C motif chemokine 20	154403	911659		2.37105e+06
P78559	P78559	MAP1A_HUMAN	MAP1A	Microtubule-associated protein 1A	253205	282729	282935	59838.5
P78560	P78560	CRADD_HUMAN	CRADD	Death domain-containing protein CRADD	34743.9			
P78563	P78563	RED1_HUMAN	ADARB1	Double-stranded RNA-specific editase 1	579982	356761	831882	1.71925e+06
P80108	P80108	PHLD_HUMAN	GPLD1	Phosphatidylinositol-glycan-specific phospholipase D	415575	766439	686324	725804
P80162	P80162	CXCL6_HUMAN	CXCL6	C-X-C motif chemokine 6		861872		1.30266e+06
P80188	P80188	NGAL_HUMAN	LCN2	Neutrophil gelatinase-associated lipocalin	2.57279e+07	3.46951e+07	1.79991e+07	9.8468e+07
P80217	P80217	IN35_HUMAN	IFI35	Interferon-induced 35 kDa protein	859615	927633	578390	759753
P80303	P80303	NUCB2_HUMAN	NUCB2	Nucleobindin-2	1.51664e+06	1.37284e+06	1.48136e+06	1.3134e+06
P80404	P80404	GABT_HUMAN	ABAT	4-aminobutyrate aminotransferase, mitochondrial	66217.6	100291	76584.5	79695.2
P80511	P80511	S10AC_HUMAN	S100A12	Protein S100-A12	1.36889e+07	1.11301e+08	8.04307e+06	7.52569e+07
P80723	P80723	BASP1_HUMAN	BASP1	Brain acid soluble protein 1	4.53636e+06	9.45748e+06	5.9474e+06	8.36104e+06
P80748	P80748	LV321_HUMAN	IGLV3-21	Immunoglobulin lambda variable 3-21	214584	672540	543536	1.13361e+06
P81605	P81605	DCD_HUMAN	DCD	Dermcidin	1.21825e+06	6.77093e+06	2.26871e+06	2.06437e+06
P82094	P82094	TMF1_HUMAN	TMF1	TATA element modulatory factor	196617	448470	242538	273502
P82673	P82673	RT35_HUMAN	MRPS35	Small ribosomal subunit protein mS35	37554			
P82909	P82909	KGD4_HUMAN	MRPS36	Alpha-ketoglutarate dehydrogenase component 4	190797	193032	217533	
P82979	P82979	SARNP_HUMAN	SARNP	SAP domain-containing ribonucleoprotein	1.10535e+06	500456	1.19542e+06	764301
P83111	P83111	LACTB_HUMAN	LACTB	Serine beta-lactamase-like protein LACTB, mitochondrial	247107	285852	216253	233615
P83731	P83731	RL24_HUMAN	RPL24	Large ribosomal subunit protein eL24	304093	319344	371355	206382
P83876	P83876	TXN4A_HUMAN	TXNL4A	Thioredoxin-like protein 4A	328135	309710	284215	255902
P83881;Q969Q0	P83881;Q969Q0	RL36A_HUMAN;RL36L_HUMAN	RPL36A;RPL36AL	Large ribosomal subunit protein eL42	661393	546301	634437	379515
P83916	P83916	CBX1_HUMAN	CBX1	Chromobox protein homolog 1	1.11095e+06	1.06529e+06	1.12463e+06	1.26601e+06
P84085	P84085	ARF5_HUMAN	ARF5	ADP-ribosylation factor 5	3.10913e+07	2.4954e+07	3.15455e+07	2.49954e+07
P84090	P84090	ERH_HUMAN	ERH	Enhancer of rudimentary homolog	1.64341e+06	2.02294e+06	668716	1.38754e+06
P84095	P84095	RHOG_HUMAN	RHOG	Rho-related GTP-binding protein RhoG	3.39674e+06	3.90289e+06	3.38344e+06	3.93281e+06
P84098	P84098	RL19_HUMAN	RPL19	Large ribosomal subunit protein eL19	531187	361134	828481	192026
P84101	P84101	SERF2_HUMAN	SERF2	Small EDRK-rich factor 2	1.38394e+06	362350	773015	466528
P84103	P84103	SRSF3_HUMAN	SRSF3	Serine/arginine-rich splicing factor 3	3.02062e+06	1.73328e+06	1.66176e+06	1.36128e+06
P84157	P84157	MXRA7_HUMAN	MXRA7	Matrix-remodeling-associated protein 7	299145	429755	459626	334564
P84243	P68431;P84243;Q16695;Q6NXT2;Q71DI3;Q5TEC6	H33_HUMAN	H3-3A	Histone H3.3	5.48553e+06	5.17077e+07	5.00761e+06	1.71062e+07
P85037	P85037	FOXK1_HUMAN	FOXK1	Forkhead box protein K1	682914	299724	435905	306395
P98066	P98066	TSG6_HUMAN	TNFAIP6	Tumor necrosis factor-inducible gene 6 protein	198484	644840		284992
P98082	P98082	DAB2_HUMAN	DAB2	Disabled homolog 2	968923	344555	1.13059e+06	391919
P98095	P98095	FBLN2_HUMAN	FBLN2	Fibulin-2	2.0173e+06	3.23164e+06	3.20672e+06	2.42496e+06
P98160	P98160	PGBM_HUMAN	HSPG2	Basement membrane-specific heparan sulfate proteoglycan core protein	9.43408e+06	3.59262e+06	5.17732e+06	2.96981e+06
P98170	P98170	XIAP_HUMAN	XIAP	E3 ubiquitin-protein ligase XIAP	109258	117248	86840.2	
P98172	P98172	EFNB1_HUMAN	EFNB1	Ephrin-B1	144535		117215	
P98175	P98175	RBM10_HUMAN	RBM10	RNA-binding protein 10	402217	257518	245264	226585
P98179	P98179	RBM3_HUMAN	RBM3	RNA-binding protein 3	5.44863e+06	989138	2.99873e+06	1.78794e+06
P99999	P99999	CYC_HUMAN	CYCS	Cytochrome c	1.92104e+07	9.86338e+06	1.04448e+07	9.82811e+06
Q00013	Q00013	EM55_HUMAN	MPP1	55 kDa erythrocyte membrane protein	317344	256178	1.38678e+06	358998
Q00059	Q00059	TFAM_HUMAN	TFAM	Transcription factor A, mitochondrial	273593	621996	293825	362063
Q00169	Q00169	PIPNA_HUMAN	PITPNA	Phosphatidylinositol transfer protein alpha isoform	1.90699e+06	1.78288e+06	2.27984e+06	2.17504e+06
Q00325	Q00325	S25A3_HUMAN	SLC25A3	Solute carrier family 25 member 3	1.43358e+06	1.94752e+06	1.2837e+06	1.01032e+06
Q00341	Q00341	VIGLN_HUMAN	HDLBP	Vigilin	3.64254e+06	1.24956e+06	3.8575e+06	1.24327e+06
Q00534	Q00534	CDK6_HUMAN	CDK6	Cyclin-dependent kinase 6	54817.3		40099	
Q00535	Q00535	CDK5_HUMAN	CDK5	Cyclin-dependent kinase 5	234192		232669	160901
Q00577	Q00577	PURA_HUMAN	PURA	Transcriptional activator protein Pur-alpha	2.28411e+06	1.81917e+06	2.82795e+06	1.635e+06
Q00610	Q00610	CLH1_HUMAN	CLTC	Clathrin heavy chain 1	585159	1.25644e+06	1.40594e+06	786257
Q00613	Q00613;Q03933;Q9ULV5	HSF1_HUMAN	HSF1	Heat shock factor protein 1	74159		96342.1	
Q00653	Q00653	NFKB2_HUMAN	NFKB2	Nuclear factor NF-kappa-B p100 subunit	2.34965e+06	2.06767e+06	2.99221e+06	1.93808e+06
Q00688	Q00688	FKBP3_HUMAN	FKBP3	Peptidyl-prolyl cis-trans isomerase FKBP3	4.3088e+06	2.88819e+06	3.87806e+06	3.03062e+06
Q00722	Q00722	PLCB2_HUMAN	PLCB2	1-phosphatidylinositol 4,5-bisphosphate phosphodiesterase beta-2	369579	691709	320585	906101
Q00765	Q00765	REEP5_HUMAN	REEP5	Receptor expression-enhancing protein 5	1.34376e+06	1.72103e+06	1.72719e+06	883778
Q00796	Q00796	DHSO_HUMAN	SORD	Sorbitol dehydrogenase	2.92233e+06	1.50387e+06	2.57215e+06	930123
Q00839	Q00839	HNRPU_HUMAN	HNRNPU	Heterogeneous nuclear ribonucleoprotein U	1.51592e+07	5.32077e+06	1.29325e+07	7.14508e+06
Q01081	Q01081	U2AF1_HUMAN	U2AF1	Splicing factor U2AF 35 kDa subunit	6.00578e+06	2.00997e+06	4.84015e+06	1.69639e+06
Q01082	Q01082	SPTB2_HUMAN	SPTBN1	Spectrin beta chain, non-erythrocytic 1	2.25102e+06	2.23224e+06	2.30271e+06	2.09245e+06
Q01085	P31483;Q01085	TIAR_HUMAN	TIAL1	Nucleolysin TIAR	3.53994e+06	1.88903e+06	2.61111e+06	1.86948e+06
Q01105	P0DME0;Q01105	SET_HUMAN	SET	Protein SET	1.6202e+07	7.50245e+06	1.19731e+07	7.77942e+06
Q01130	Q01130	SRSF2_HUMAN	SRSF2	Serine/arginine-rich splicing factor 2	5.9048e+06	3.86168e+06	3.24727e+06	3.10561e+06
Q01415	Q01415	GALK2_HUMAN	GALK2	N-acetylgalactosamine kinase	130880		140016	
Q01432	Q01432	AMPD3_HUMAN	AMPD3	AMP deaminase 3	979578	1.39866e+06	741141	1.03891e+06
Q01433	Q01433	AMPD2_HUMAN	AMPD2	AMP deaminase 2	1.82823e+06	1.211e+06	1.38198e+06	689944
Q01459	Q01459	DIAC_HUMAN	CTBS	Di-N-acetylchitobiase	682825	1.57081e+06	906553	2.61479e+06
Q01469	Q01469	FABP5_HUMAN	FABP5	Fatty acid-binding protein 5	1.78279e+07	1.5865e+07	1.33219e+07	1.21746e+07
Q01484	Q01484	ANK2_HUMAN	ANK2	Ankyrin-2	137558	129548	136763	68547.5
Q01518	Q01518	CAP1_HUMAN	CAP1	Adenylyl cyclase-associated protein 1	4.3731e+07	3.94116e+07	2.82362e+07	3.37666e+07
Q01523	Q01523	DEF5_HUMAN	DEFA5	Defensin alpha 5			493403	257783
Q01546	Q01546	K22O_HUMAN	KRT76	Keratin, type II cytoskeletal 2 oral		480596	234794	228236
Q01581	Q01581	HMCS1_HUMAN	HMGCS1	Hydroxymethylglutaryl-CoA synthase, cytoplasmic	1.30771e+06	1.0862e+06		1.05269e+06
Q01658	Q01658	NC2B_HUMAN	DR1	Protein Dr1	1.0879e+06	756620	1.01274e+06	
Q01780	Q01780	EXOSX_HUMAN	EXOSC10	Exosome component 10	419524	82440.2	110772	
Q01813	Q01813	PFKAP_HUMAN	PFKP	ATP-dependent 6-phosphofructokinase, platelet type	2.17561e+06	1.89146e+06	1.87242e+06	1.71154e+06
Q01844	Q01844	EWS_HUMAN	EWSR1	RNA-binding protein EWS	5.97653e+06	5.20439e+06	5.61557e+06	5.32128e+06
Q01970	Q01970	PLCB3_HUMAN	PLCB3	1-phosphatidylinositol 4,5-bisphosphate phosphodiesterase beta-3	458252	321597	324935	228645
Q01974	Q01973;Q01974	ROR2_HUMAN	ROR2	Tyrosine-protein kinase transmembrane receptor ROR2	64127.5	49523.5	130711	
Q01995	Q01995	TAGL_HUMAN	TAGLN	Transgelin	7.2992e+07	6.93461e+07	4.68605e+07	2.26808e+07
Q02040	Q02040	AK17A_HUMAN	AKAP17A	A-kinase anchor protein 17A	2.17241e+07	1.30607e+07	1.50182e+07	4.93214e+06
Q02083	Q02083	NAAA_HUMAN	NAAA	N-acylethanolamine-hydrolyzing acid amidase	645612	591352	700165	630756
Q02094	Q02094	RHAG_HUMAN	RHAG	Ammonium transporter Rh type A	138592	598322	1.46935e+06	
Q02108	Q02108	GCYA1_HUMAN	GUCY1A1	Guanylate cyclase soluble subunit alpha-1	167527		193025	
Q02127	Q02127	PYRD_HUMAN	DHODH	Dihydroorotate dehydrogenase (quinone), mitochondrial	532039	1.28373e+06	506992	647421
Q02153	Q02153	GCYB1_HUMAN	GUCY1B1	Guanylate cyclase soluble subunit beta-1	283262	135716	219187	79434.1
Q02218	Q02218	ODO1_HUMAN	OGDH	2-oxoglutarate dehydrogenase complex component E1	640098	451090	1.05555e+06	549267
Q02252	Q02252	MMSA_HUMAN	ALDH6A1	Methylmalonate-semialdehyde dehydrogenase [acylating], mitochondrial	6.63541e+06	4.53118e+06	1.18979e+07	7.05387e+06
Q02338	Q02338	BDH_HUMAN	BDH1	D-beta-hydroxybutyrate dehydrogenase, mitochondrial	423154	342459	630549	
Q02388	Q02388	CO7A1_HUMAN	COL7A1	Collagen alpha-1(VII) chain	810904	619685	460250	1.03147e+06
Q02413	Q02413	DSG1_HUMAN	DSG1	Desmoglein-1	743543	2.07214e+06	2.42039e+06	1.29235e+06
Q02543	Q02543	RL18A_HUMAN	RPL18A	Large ribosomal subunit protein eL20	3.51647e+06	1.00125e+06	2.86743e+06	303739
Q02750	Q02750	MP2K1_HUMAN	MAP2K1	Dual specificity mitogen-activated protein kinase kinase 1	6.97617e+06	6.16561e+06	7.64127e+06	6.51175e+06
Q02790	Q02790	FKBP4_HUMAN	FKBP4	Peptidyl-prolyl cis-trans isomerase FKBP4	4.01786e+06	1.9922e+06	2.36545e+06	1.68318e+06
Q02809	Q02809	PLOD1_HUMAN	PLOD1	Procollagen-lysine,2-oxoglutarate 5-dioxygenase 1	3.9281e+06	2.38972e+06	2.45993e+06	2.53022e+06
Q02817	Q02817	MUC2_HUMAN	MUC2	Mucin-2	2.14983e+06	7.28666e+06	2.99342e+06	974088
Q02818	Q02818	NUCB1_HUMAN	NUCB1	Nucleobindin-1	2.4656e+07	1.96721e+07	1.08413e+07	1.58631e+07
Q02878	Q02878	RL6_HUMAN	RPL6	Large ribosomal subunit protein eL6	6.44819e+06	1.56611e+06	3.55675e+06	551456
Q02880	Q02880	TOP2B_HUMAN	TOP2B	DNA topoisomerase 2-beta	538275	521773	280417	755553
Q02952	Q02952	AKA12_HUMAN	AKAP12	A-kinase anchor protein 12	288320	220418	502994	134620
Q02978	Q02978	M2OM_HUMAN	SLC25A11	Mitochondrial 2-oxoglutarate/malate carrier protein	88969.5	226528	169501	63141.9
Q02985	Q02985	FHR3_HUMAN	CFHR3	Complement factor H-related protein 3	54643.1	1.51057e+06	130207	229212
Q03111	Q03111	ENL_HUMAN	MLLT1	Protein ENL	256318	126326	178992	223528
Q03135	Q03135	CAV1_HUMAN	CAV1	Caveolin-1	9.02523e+06	5.28392e+06	1.38994e+07	6.83868e+06
Q03154	Q03154	ACY1_HUMAN	ACY1	Aminoacylase-1	2.07085e+06	966383	1.49487e+06	521777
Q03169	Q03169	TNAP2_HUMAN	TNFAIP2	Tumor necrosis factor alpha-induced protein 2	98972.5	148262	209502	117201
Q03252	Q03252	LMNB2_HUMAN	LMNB2	Lamin-B2	1.99315e+06	2.62534e+06	1.53875e+06	3.12116e+06
Q03405	Q03405	UPAR_HUMAN	PLAUR	Urokinase plasminogen activator surface receptor	547762	1.63303e+06	698009	2.37805e+06
Q03591	P36980;Q03591	FHR1_HUMAN	CFHR1	Complement factor H-related protein 1	1.68821e+06	1.05205e+07	2.83445e+06	1.22424e+07
Q03692	Q03692	COAA1_HUMAN	COL10A1	Collagen alpha-1(X) chain	584166	1.36926e+06	835400	
Q04206	Q04206	TF65_HUMAN	RELA	Transcription factor p65	898102	362726	866827	434091
Q04323	Q04323	UBXN1_HUMAN	UBXN1	UBX domain-containing protein 1	1.07365e+06	542799	1.10116e+06	772942
Q04446	Q04446	GLGB_HUMAN	GBE1	1,4-alpha-glucan-branching enzyme	5.31287e+06	7.49085e+06	4.53127e+06	1.06859e+07
Q04637	Q04637	IF4G1_HUMAN	EIF4G1	Eukaryotic translation initiation factor 4 gamma 1	1.61069e+06	708223	1.24143e+06	696580
Q04695	Q04695	K1C17_HUMAN	KRT17	Keratin, type I cytoskeletal 17	454234	1.38151e+06	1.81948e+06	1.10523e+06
Q04726	Q04724;Q04725;Q04726;Q04727	TLE3_HUMAN	TLE3	Transducin-like enhancer protein 3	250538	226004	139654	162612
Q04756	Q04756	HGFA_HUMAN	HGFAC	Hepatocyte growth factor activator	178032	587526	194791	240120
Q04760	Q04760	LGUL_HUMAN	GLO1	Lactoylglutathione lyase	7.83844e+06	6.68242e+06	7.4091e+06	6.31538e+06
Q04837	Q04837	SSBP_HUMAN	SSBP1	Single-stranded DNA-binding protein, mitochondrial	4.25793e+06	4.23363e+06	3.19799e+06	3.0714e+06
Q04864	Q04864	REL_HUMAN	REL	Proto-oncogene c-Rel	191446	143876	102930	154814
Q04917	Q04917	1433F_HUMAN	YWHAH	14-3-3 protein eta	5.41314e+06	2.85191e+06	4.27124e+06	1.65782e+06
Q04941	Q04941	PLP2_HUMAN	PLP2	Proteolipid protein 2	3.05749e+06	1.47823e+06	3.27491e+06	1.351e+06
Q05048	Q05048	CSTF1_HUMAN	CSTF1	Cleavage stimulation factor subunit 1	514326	339810	375242	378740
Q05086	Q05086	UBE3A_HUMAN	UBE3A	Ubiquitin-protein ligase E3A	219224		126009	
Q05209	Q05209	PTN12_HUMAN	PTPN12	Tyrosine-protein phosphatase non-receptor type 12	434190	332074	359834	316877
Q05315	Q05315	LEG10_HUMAN	CLC	Galectin-10	1.5087e+08	8.84074e+07	1.29584e+08	1.9964e+08
Q05397	Q05397	FAK1_HUMAN	PTK2	Focal adhesion kinase 1	410489	319208	338854	305547
Q05519	Q05519	SRS11_HUMAN	SRSF11	Serine/arginine-rich splicing factor 11	159722	176882		
Q05639	Q05639	EF1A2_HUMAN	EEF1A2	Elongation factor 1-alpha 2	1.11858e+06	1.63809e+06	1.94235e+06	2.31375e+06
Q05655	Q05655	KPCD_HUMAN	PRKCD	Protein kinase C delta type	991002	1.73092e+06	917432	2.2414e+06
Q05682	Q05682	CALD1_HUMAN	CALD1	Caldesmon	4.05064e+07	2.2263e+07	3.73893e+07	1.1266e+07
Q05707	Q05707	COEA1_HUMAN	COL14A1	Collagen alpha-1(XIV) chain	3.56697e+06	3.03798e+06	9.26505e+06	3.76493e+06
Q06033	Q06033	ITIH3_HUMAN	ITIH3	Inter-alpha-trypsin inhibitor heavy chain H3	859149	3.74606e+06	988540	1.87461e+06
Q06124	Q06124	PTN11_HUMAN	PTPN11	Tyrosine-protein phosphatase non-receptor type 11	1.48779e+06	1.09206e+06	1.42865e+06	1.10456e+06
Q06136	Q06136	KDSR_HUMAN	KDSR	3-ketodihydrosphingosine reductase	127113	163403	138676	
Q06141	Q06141	REG3A_HUMAN	REG3A	Regenerating islet-derived protein 3-alpha	30570	235453	99239.6	2.95961e+06
Q06187	Q06187	BTK_HUMAN	BTK	Tyrosine-protein kinase BTK	79751.3		83895.1	68460.1
Q06203	Q06203	PUR1_HUMAN	PPAT	Amidophosphoribosyltransferase	1.09952e+06	757354	666598	446206
Q06210	Q06210	GFPT1_HUMAN	GFPT1	Glutamine--fructose-6-phosphate aminotransferase [isomerizing] 1	2.55532e+06	831801	1.80625e+06	476465
Q06265	Q06265	EXOS9_HUMAN	EXOSC9	Exosome complex component RRP45	777419	357996	483365	311215
Q06278	Q06278	AOXA_HUMAN	AOX1	Aldehyde oxidase	144342		336605	255025
Q06323	Q06323	PSME1_HUMAN	PSME1	Proteasome activator complex subunit 1	1.82737e+07	1.34237e+07	1.68814e+07	1.1081e+07
Q06330	Q06330	SUH_HUMAN	RBPJ	Recombining binding protein suppressor of hairless	202458	106484	71764.2	
Q06481	Q06481	APLP2_HUMAN	APLP2	Amyloid beta precursor like protein 2	182168	299657		257224
Q06546	Q06546	GABPA_HUMAN	GABPA	GA-binding protein alpha chain	100892	39585.8		
Q06787	Q06787	FMR1_HUMAN	FMR1	Fragile X messenger ribonucleoprotein 1	175443	40069.4	137420	48611.3
Q06828	Q06828	FMOD_HUMAN	FMOD	Fibromodulin	2.82615e+06	6.45626e+06	3.63586e+06	6.49967e+06
Q06830	Q06830	PRDX1_HUMAN	PRDX1	Peroxiredoxin-1	2.1676e+08	1.26545e+08	2.2763e+08	1.49164e+08
Q07020	Q07020	RL18_HUMAN	RPL18	Large ribosomal subunit protein eL18	3.85046e+06	993572	2.69681e+06	360282
Q07021	Q07021	C1QBP_HUMAN	C1QBP	Complement component 1 Q subcomponent-binding protein, mitochondrial	1.34693e+06	1.92838e+06	2.49424e+06	1.36656e+06
Q07065	Q07065	CKAP4_HUMAN	CKAP4	Cytoskeleton-associated protein 4	3.81526e+06	2.03657e+06	2.86656e+06	1.20908e+06
Q07075	Q07075	AMPE_HUMAN	ENPEP	Glutamyl aminopeptidase	851075	300384	489429	
Q07092	Q07092	COGA1_HUMAN	COL16A1	Collagen alpha-1(XVI) chain	442939		689401	
Q07157	Q07157	ZO1_HUMAN	TJP1	Tight junction protein ZO-1	872183	381638	698196	397312
Q07507	Q07507	DERM_HUMAN	DPT	Dermatopontin		1.83312e+06	869030	2.58073e+06
Q07666	O75525;Q07666;Q5VWX1	KHDR1_HUMAN	KHDRBS1	KH domain-containing, RNA-binding, signal transduction-associated protein 1	3.95815e+06	2.10943e+06	2.94102e+06	2.70982e+06
Q07812	Q07812	BAX_HUMAN	BAX	Apoptosis regulator BAX	2.33578e+06	2.84807e+06	3.48732e+06	1.56276e+06
Q07817	Q07817	B2CL1_HUMAN	BCL2L1	Bcl-2-like protein 1	249691	374944	382100	224797
Q07866	Q07866	KLC1_HUMAN	KLC1	Kinesin light chain 1	622226	432063	507261	386123
Q07954	Q07954	LRP1_HUMAN	LRP1	Prolow-density lipoprotein receptor-related protein 1	2.7614e+06	1.83016e+06	3.92751e+06	2.84845e+06
Q07955	Q07955	SRSF1_HUMAN	SRSF1	Serine/arginine-rich splicing factor 1	4.47167e+06	2.16797e+06	2.14122e+06	1.46479e+06
Q07960	Q07960	RHG01_HUMAN	ARHGAP1	Rho GTPase-activating protein 1	4.02093e+06	3.38315e+06	4.72185e+06	2.39603e+06
Q08043	P35609;Q08043	ACTN3_HUMAN	ACTN3	Alpha-actinin-3	70962.6	80365.7		40078.5
Q08170	Q08170	SRSF4_HUMAN	SRSF4	Serine/arginine-rich splicing factor 4	316097			
Q08174	Q08174	PCDH1_HUMAN	PCDH1	Protocadherin-1	159224			
Q08188	Q08188	TGM3_HUMAN	TGM3	Protein-glutamine gamma-glutamyltransferase E	921182	2.49696e+06	2.95073e+06	2.84471e+06
Q08209	P16298;P48454;Q08209	PP2BA_HUMAN	PPP3CA	Protein phosphatase 3 catalytic subunit alpha	1.40844e+06	1.14765e+06	1.34047e+06	1.27912e+06
Q08211	Q08211	DHX9_HUMAN	DHX9	ATP-dependent RNA helicase A	3.27203e+06	2.36763e+06	2.39032e+06	2.32111e+06
Q08257	Q08257	QOR_HUMAN	CRYZ	Quinone oxidoreductase	2.43102e+06	1.54878e+06	3.11714e+06	1.27417e+06
Q08378	Q08378	GOGA3_HUMAN	GOLGA3	Golgin subfamily A member 3	3.46973e+06	2.362e+06	3.48208e+06	2.82683e+06
Q08379	Q08379	GOGA2_HUMAN	GOLGA2	Golgin subfamily A member 2	431918		463180	
Q08380	Q08380	LG3BP_HUMAN	LGALS3BP	Galectin-3-binding protein	4.12234e+06	5.00489e+06	4.10594e+06	2.64532e+06
Q08431	Q08431	MFGM_HUMAN	MFGE8	Lactadherin	1.16755e+06	3.82523e+06	1.25508e+06	4.123e+06
Q08477	Q08477	CP4F3_HUMAN	CYP4F3	Cytochrome P450 4F3	268165	965191	187292	685186
Q08495	Q08495	DEMA_HUMAN	DMTN	Dematin	325717	1.14616e+06	1.9209e+06	1.39012e+06
Q08554	Q08554	DSC1_HUMAN	DSC1	Desmocollin-1	341373	1.05204e+06	1.16484e+06	649117
Q08722	Q08722	CD47_HUMAN	CD47	Leukocyte surface antigen CD47	3.99946e+06	7.87198e+06	6.43357e+06	8.71396e+06
Q08752	Q08752	PPID_HUMAN	PPID	Peptidyl-prolyl cis-trans isomerase D	918253	805063	1.11981e+06	692047
Q08945	Q08945	SSRP1_HUMAN	SSRP1	FACT complex subunit SSRP1	1.05551e+06	708388	582411	697273
Q08AD1	Q08AD1	CAMP2_HUMAN	CAMSAP2	Calmodulin-regulated spectrin-associated protein 2	84195.2		48700.2	15167.5
Q08AF3	Q08AF3	SLFN5_HUMAN	SLFN5	Schlafen family member 5	393413	94848.9	366958	134547
Q08AM6	Q08AM6	VAC14_HUMAN	VAC14	Protein VAC14 homolog	255230	282848	242074	201298
Q08ET2	Q08ET2	SIG14_HUMAN	SIGLEC14	Sialic acid-binding Ig-like lectin 14	33704.2		23251.4	262680
Q08J23	Q08J23	NSUN2_HUMAN	NSUN2	RNA cytosine C(5)-methyltransferase NSUN2	575483	312829	293829	
Q09028	Q09028	RBBP4_HUMAN	RBBP4	Histone-binding protein RBBP4	2.2602e+06	945314	1.14422e+06	1.32163e+06
Q09161	Q09161	NCBP1_HUMAN	NCBP1	Nuclear cap-binding protein subunit 1	311400	219150	264204	119172
Q09328	Q09328	MGT5A_HUMAN	MGAT5	Alpha-1,6-mannosylglycoprotein 6-beta-N-acetylglucosaminyltransferase A	41002.5	32654.5		
Q09472	Q09472;Q92793	EP300_HUMAN	EP300	Histone acetyltransferase p300	348403	110873	186580	
Q09666	Q09666	AHNK_HUMAN	AHNAK	Neuroblast differentiation-associated protein AHNAK	2.2891e+07	9.6013e+06	2.68175e+07	1.25324e+07
Q0JRZ9	Q0JRZ9	FCHO2_HUMAN	FCHO2	F-BAR domain only protein 2	232953		170477	21813.8
Q0VD83	Q0VD83	APOBR_HUMAN	APOBR	Apolipoprotein B receptor	434770	526429	399213	441935
Q0VDF9	Q0VDF9	HSP7E_HUMAN	HSPA14	Heat shock 70 kDa protein 14	378544	196462	258700	
Q0VDG4	Q0VDG4	SCRN3_HUMAN	SCRN3	Secernin-3	74276.5	116898	108514	51681.4
Q0VG06	Q0VG06	FP100_HUMAN	FAAP100	Fanconi anemia core complex-associated protein 100	3.84709e+06	6.19328e+06	4.98971e+06	2.23133e+07
Q0VGL1	Q0VGL1	LTOR4_HUMAN	LAMTOR4	Ragulator complex protein LAMTOR4	1.43023e+06		118504	1.51018e+06
Q0ZGT2	Q0ZGT2	NEXN_HUMAN	NEXN	Nexilin	796919	928298	1.1387e+06	614833
Q10469	Q10469	MGAT2_HUMAN	MGAT2	Alpha-1,6-mannosyl-glycoprotein 2-beta-N-acetylglucosaminyltransferase	275836	302717	467078	299610
Q10471	Q10471	GALT2_HUMAN	GALNT2	Polypeptide N-acetylgalactosaminyltransferase 2	947926	921736	947458	975637
Q10472	Q10472	GALT1_HUMAN	GALNT1	Polypeptide N-acetylgalactosaminyltransferase 1	389916	309355	350309	320200
Q10567	Q10567	AP1B1_HUMAN	AP1B1	AP-1 complex subunit beta-1	1.05639e+06	1.2614e+06	1.1017e+06	1.20349e+06
Q10570	Q10570	CPSF1_HUMAN	CPSF1	Cleavage and polyadenylation specificity factor subunit 1	1.35202e+06	626404	842476	505306
Q10588	Q10588	BST1_HUMAN	BST1	ADP-ribosyl cyclase/cyclic ADP-ribose hydrolase 2	1.77828e+06	1.17848e+07	1.53501e+06	7.261e+06
Q10589	Q10589	BST2_HUMAN	BST2	Bone marrow stromal antigen 2	761994	803926	766900	812684
Q10713	Q10713	MPPA_HUMAN	PMPCA	Mitochondrial-processing peptidase subunit alpha	352256	256129	347498	367251
Q11201	Q11201	SIA4A_HUMAN	ST3GAL1	CMP-N-acetylneuraminate-beta-galactosamide-alpha-2,3-sialyltransferase 1	77467		53214.9	
Q12765	Q12765	SCRN1_HUMAN	SCRN1	Secernin-1	608480	476016	591774	279792
Q12768	Q12768	WASC5_HUMAN	WASHC5	WASH complex subunit 5	260579	472508	321626	278976
Q12788	Q12788	TBL3_HUMAN	TBL3	Transducin beta-like protein 3	128255			
Q12792	Q12792	TWF1_HUMAN	TWF1	Twinfilin-1	2.11099e+06	839856	1.98581e+06	680797
Q12797	Q12797	ASPH_HUMAN	ASPH	Aspartyl/asparaginyl beta-hydroxylase	3.55366e+06	3.24862e+06	2.94038e+06	2.87415e+06
Q12805	Q12805	FBLN3_HUMAN	EFEMP1	EGF-containing fibulin-like extracellular matrix protein 1	3.02169e+06	6.30528e+06	9.11042e+06	6.29521e+06
Q12824	Q12824	SNF5_HUMAN	SMARCB1	SWI/SNF-related matrix-associated actin-dependent regulator of chromatin subfamily B member 1	833668	402327	473206	650572
Q12841	Q12841	FSTL1_HUMAN	FSTL1	Follistatin-related protein 1	383677	339263	307556	200216
Q12846	Q12846	STX4_HUMAN	STX4	Syntaxin-4	746737	699733	765236	585876
Q12849	Q12849	GRSF1_HUMAN	GRSF1	G-rich sequence factor 1	508762	216670	202183	163372
Q12864	Q12864	CAD17_HUMAN	CDH17	Cadherin-17	1.67577e+06	1.51274e+06	1.72446e+06	298219
Q12866	Q12866	MERTK_HUMAN	MERTK	Tyrosine-protein kinase Mer	483021	399930	343169	378136
Q12874	Q12874	SF3A3_HUMAN	SF3A3	Splicing factor 3A subunit 3	6.25832e+06	3.7579e+06	4.40659e+06	2.85128e+06
Q12882	Q12882	DPYD_HUMAN	DPYD	Dihydropyrimidine dehydrogenase [NADP(+)]	1.4629e+06	1.26244e+06	1.11967e+06	1.54158e+06
Q12884	Q12884	SEPR_HUMAN	FAP	Prolyl endopeptidase FAP	2.66889e+06	6.28495e+06	3.93113e+06	6.20055e+06
Q12888	Q12888	TP53B_HUMAN	TP53BP1	TP53-binding protein 1	634093	814688	515277	1.10578e+06
Q12899	Q12899	TRI26_HUMAN	TRIM26	Tripartite motif-containing protein 26	245079		213227	89362.3
Q12904	Q12904	AIMP1_HUMAN	AIMP1	Aminoacyl tRNA synthase complex-interacting multifunctional protein 1	1.25041e+06	823099	1.15719e+06	642261
Q12905	Q12905	ILF2_HUMAN	ILF2	Interleukin enhancer-binding factor 2	5.1147e+06	2.84419e+06	4.58807e+06	1.94448e+06
Q12906	Q12906;Q96SI9	ILF3_HUMAN	ILF3	Interleukin enhancer-binding factor 3	4.6654e+06	2.82722e+06	3.29391e+06	3.30601e+06
Q12907	Q12907	LMAN2_HUMAN	LMAN2	Vesicular integral-membrane protein VIP36	1.28851e+07	1.33169e+07	1.25812e+07	1.41869e+07
Q12913	Q12913	PTPRJ_HUMAN	PTPRJ	Receptor-type tyrosine-protein phosphatase eta	802721	2.80453e+06	870380	2.97594e+06
Q12929	Q12929	EPS8_HUMAN	EPS8	Epidermal growth factor receptor kinase substrate 8	2.1832e+06		2.23464e+06	3.22184e+06
Q12931	Q12931	TRAP1_HUMAN	TRAP1	Heat shock protein 75 kDa, mitochondrial	289825	297172	166872	
Q12959	Q12959;Q15700	DLG1_HUMAN	DLG1	Disks large homolog 1	886031	572101	972764	474001
Q12965	Q12965	MYO1E_HUMAN	MYO1E	Unconventional myosin-Ie	91565.5		122806	
Q12972	Q12972	PP1R8_HUMAN	PPP1R8	Nuclear inhibitor of protein phosphatase 1	693699		948681	221243
Q12979	Q12979	ABR_HUMAN	ABR	Active breakpoint cluster region-related protein	233575	80434.6	140668	96852.7
Q12982	Q12982	BNIP2_HUMAN	BNIP2	BCL2/adenovirus E1B 19 kDa protein-interacting protein 2	66999.5	125961	80323.4	97947.3
Q12996	Q12996	CSTF3_HUMAN	CSTF3	Cleavage stimulation factor subunit 3	734328	521375	611935	395221
Q12999	P35240;Q12999	TSN31_HUMAN	TSPAN31	Tetraspanin-31	54515	34783.9	108593	
Q13011	Q13011	ECH1_HUMAN	ECH1	Delta(3,5)-Delta(2,4)-dienoyl-CoA isomerase, mitochondrial	4.88947e+06	7.34725e+06	5.64733e+06	7.61851e+06
Q13033	Q13033	STRN3_HUMAN	STRN3	Striatin-3	952406	596803	726794	873232
Q13043	Q13043;Q13188	STK4_HUMAN	STK4	Serine/threonine-protein kinase 4	201878	202791	114811	316817
Q13045	Q13045	FLII_HUMAN	FLII	Protein flightless-1 homolog	1.03391e+06	803358	747583	998758
Q13057	Q13057	COASY_HUMAN	COASY	Bifunctional coenzyme A synthase	581650	525655	729170	293644
Q13077	Q13077	TRAF1_HUMAN	TRAF1	TNF receptor-associated factor 1	175320		198608	
Q13094	Q13094	LCP2_HUMAN	LCP2	Lymphocyte cytosolic protein 2	939627	804097	508465	885410
Q13098	Q13098	CSN1_HUMAN	GPS1	COP9 signalosome complex subunit 1	895116	472522	847112	196519
Q13103	Q13103	SPP24_HUMAN	SPP2	Secreted phosphoprotein 24	9274.2	219236		248913
Q13107	Q13107	UBP4_HUMAN	USP4	Ubiquitin carboxyl-terminal hydrolase 4	412073	884157		278616
Q13123	Q13123	RED_HUMAN	IK	Protein Red	528646	920526	785843	497805
Q13126	Q13126	MTAP_HUMAN	MTAP	S-methyl-5'-thioadenosine phosphorylase	5.52716e+06	5.54935e+06	6.32244e+06	6.06894e+06
Q13131	Q13131	AAPK1_HUMAN	PRKAA1	5'-AMP-activated protein kinase catalytic subunit alpha-1	784997	566970	882419	487949
Q13136	Q13136	LIPA1_HUMAN	PPFIA1	Liprin-alpha-1	249760	349540	175977	386568
Q13144	Q13144	EI2BE_HUMAN	EIF2B5	Translation initiation factor eIF-2B subunit epsilon	557855	478736	493607	291465
Q13148	Q13148	TADBP_HUMAN	TARDBP	TAR DNA-binding protein 43	2.64322e+06	802240	2.14482e+06	899935
Q13151	Q13151	ROA0_HUMAN	HNRNPA0	Heterogeneous nuclear ribonucleoprotein A0	4.02784e+06	1.80444e+06	4.55169e+06	1.37982e+06
Q13153	Q13153	PAK1_HUMAN	PAK1	Serine/threonine-protein kinase PAK 1	320947	332660	302646	152515
Q13155	Q13155	AIMP2_HUMAN	AIMP2	Aminoacyl tRNA synthase complex-interacting multifunctional protein 2	474761	288573	225952	164734
Q13162	Q13162	PRDX4_HUMAN	PRDX4	Peroxiredoxin-4	6.25197e+06	4.92875e+06	7.71448e+06	2.9447e+06
Q13177	Q13177	PAK2_HUMAN	PAK2	Serine/threonine-protein kinase PAK 2	963928	836186	947112	564768
Q13185	Q13185	CBX3_HUMAN	CBX3	Chromobox protein homolog 3	2.00335e+06	1.28238e+06	1.45886e+06	1.45307e+06
Q13188	Q13188	STK3_HUMAN	STK3	Serine/threonine-protein kinase 3	37007.9		44274.7	
Q13190	Q13190	STX5_HUMAN	STX5	Syntaxin-5	547077	686849	1.11853e+06	839528
Q13191	Q13191	CBLB_HUMAN	CBLB	E3 ubiquitin-protein ligase CBL-B	203223	275033		131095
Q13200	Q13200	PSMD2_HUMAN	PSMD2	26S proteasome non-ATPase regulatory subunit 2	7.33018e+06	8.26026e+06	8.74107e+06	3.25996e+06
Q13201	Q13201	MMRN1_HUMAN	MMRN1	Multimerin-1	280802	385067	766839	1.17476e+06
Q13206	Q13206	DDX10_HUMAN	DDX10	Probable ATP-dependent RNA helicase DDX10	30692.5			
Q13217	Q13217	DNJC3_HUMAN	DNAJC3	DnaJ homolog subfamily C member 3	6.36489e+06	4.23418e+06	5.96035e+06	3.78063e+06
Q13219	Q13219	PAPP1_HUMAN	PAPPA	Pappalysin-1		61951.6	239798	172885
Q13228	Q13228	SBP1_HUMAN	SELENBP1	Methanethiol oxidase	4.99471e+06	6.95686e+06	1.25425e+07	6.96616e+06
Q13231	Q13231	CHIT1_HUMAN	CHIT1	Chitotriosidase-1	2.36851e+06	1.35864e+06	1.94904e+06	9.50506e+06
Q13232	Q13232	NDK3_HUMAN	NME3	Nucleoside diphosphate kinase 3	1.0713e+06	899268	1.77063e+06	691061
Q13242	Q13242	SRSF9_HUMAN	SRSF9	Serine/arginine-rich splicing factor 9	785219	436535	358783	419780
Q13247	Q08170;Q13247	SRSF6_HUMAN	SRSF6	Serine/arginine-rich splicing factor 6	1.97265e+06	890919	1.18283e+06	1.22589e+06
Q13257	Q13257	MD2L1_HUMAN	MAD2L1	Mitotic spindle assembly checkpoint protein MAD2A	653404		209928	
Q13263	Q13263	TIF1B_HUMAN	TRIM28	Transcription intermediary factor 1-beta	2.90717e+06	986203	1.71967e+06	563884
Q13277	Q13277	STX3_HUMAN	STX3	Syntaxin-3	574982	1.33571e+06	488766	1.80003e+06
Q13283	Q13283;Q9UN86	G3BP1_HUMAN	G3BP1	Ras GTPase-activating protein-binding protein 1	2.49213e+06	1.19823e+06	1.78436e+06	793118
Q13287	Q13287	NMI_HUMAN	NMI	N-myc-interactor	885984	1.11343e+06	657453	1.07498e+06
Q13303	Q13303	KCAB2_HUMAN	KCNAB2	Voltage-gated potassium channel subunit beta-2	2.47489e+06	4.93423e+06	2.05084e+06	6.26105e+06
Q13308	Q13308	PTK7_HUMAN	PTK7	Inactive tyrosine-protein kinase 7	2.19363e+06	1.27082e+06	2.50234e+06	1.36089e+06
Q13310	Q13310	PABP4_HUMAN	PABPC4	Polyadenylate-binding protein 4	8.97905e+06	4.07585e+06	7.91391e+06	4.18102e+06
Q13330	Q13330;Q9BTC8	MTA1_HUMAN	MTA1	Metastasis-associated protein MTA1	126643		95984.7	55676.2
Q13347	Q13347	EIF3I_HUMAN	EIF3I	Eukaryotic translation initiation factor 3 subunit I	1.95115e+06	913095	1.37774e+06	1.15321e+06
Q13362	Q13362	2A5G_HUMAN	PPP2R5C	Serine/threonine-protein phosphatase 2A 56 kDa regulatory subunit gamma isoform	281929	206200	87827.3	
Q13363	P56545;Q13363	CTBP1_HUMAN	CTBP1	C-terminal-binding protein 1	584237	410066	817580	313344
Q13404	Q13404	UB2V1_HUMAN	UBE2V1	Ubiquitin-conjugating enzyme E2 variant 1	6.07013e+06	6.13987e+06	6.16078e+06	6.11493e+06
Q13405	Q13405	RM49_HUMAN	MRPL49	Large ribosomal subunit protein mL49	51913.4	18660.3		
Q13409	Q13409	DC1I2_HUMAN	DYNC1I2	Cytoplasmic dynein 1 intermediate chain 2	1.29282e+06	937592	1.21861e+06	553792
Q13418	Q13418	ILK_HUMAN	ILK	Integrin-linked protein kinase	1.44248e+06	859579	2.00647e+06	754662
Q13423	Q13423	NNTM_HUMAN	NNT	NAD(P) transhydrogenase, mitochondrial	52061.8			
Q13425	Q13425	SNTB2_HUMAN	SNTB2	Beta-2-syntrophin	912690	492524	1.14113e+06	518696
Q13427	Q13427	PPIG_HUMAN	PPIG	Peptidyl-prolyl cis-trans isomerase G	33224.4			
Q13428	Q13428	TCOF_HUMAN	TCOF1	Treacle protein	569238	256872	476774	256571
Q13435	Q13435	SF3B2_HUMAN	SF3B2	Splicing factor 3B subunit 2	983585	674353	723030	501225
Q13442	Q13442	HAP28_HUMAN	PDAP1	28 kDa heat- and acid-stable phosphoprotein	2.12996e+06	977832	1.55199e+06	1.23784e+06
Q13443	Q13443	ADAM9_HUMAN	ADAM9	Disintegrin and metalloproteinase domain-containing protein 9	416054	593522	564697	561797
Q13445	Q13445	TMED1_HUMAN	TMED1	Transmembrane emp24 domain-containing protein 1	47413.9			
Q13449	Q13449	LSAMP_HUMAN	LSAMP	Limbic system-associated membrane protein	571466	380180	1.08909e+06	468502
Q13451	Q13451	FKBP5_HUMAN	FKBP5	Peptidyl-prolyl cis-trans isomerase FKBP5	602048	544263	592531	493682
Q13459	Q13459	MYO9B_HUMAN	MYO9B	Unconventional myosin-IXb	114557	61048	75241.4	41890.5
Q13464	Q13464	ROCK1_HUMAN	ROCK1	Rho-associated protein kinase 1	421929	540227	418571	425268
Q13485	Q13485	SMAD4_HUMAN	SMAD4	Mothers against decapentaplegic homolog 4	139243			
Q13488	Q13488	VPP3_HUMAN	TCIRG1	V-type proton ATPase 116 kDa subunit a 3	347714	1.05268e+06	424238	637494
Q13492	Q13492	PICAL_HUMAN	PICALM	Phosphatidylinositol-binding clathrin assembly protein	1.4701e+06	1.46279e+06	1.168e+06	912865
Q13496	Q13496	MTM1_HUMAN	MTM1	Myotubularin	149626	148752	178526	
Q13501	Q13501	SQSTM_HUMAN	SQSTM1	Sequestosome-1	319224	721310	308340	605104
Q13505	Q13505	MTX1_HUMAN	MTX1	Metaxin-1	152435			23183.2
Q13510	Q13510	ASAH1_HUMAN	ASAH1	Acid ceramidase	5.21865e+06	6.16316e+06	7.52638e+06	1.0678e+07
Q13523	Q13523	PRP4B_HUMAN	PRPF4B	Serine/threonine-protein kinase PRP4 homolog	240453	86518.8	176748	58151.5
Q13526	Q13526	PIN1_HUMAN	PIN1	Peptidyl-prolyl cis-trans isomerase NIMA-interacting 1	1.6642e+06	547093	2.31407e+06	627857
Q13546	Q13546	RIPK1_HUMAN	RIPK1	Receptor-interacting serine/threonine-protein kinase 1	228289		252215	278984
Q13547	Q13547	HDAC1_HUMAN	HDAC1	Histone deacetylase 1	4.06576e+06	2.13385e+06	2.05422e+06	1.92346e+06
Q13555	Q13555	KCC2G_HUMAN	CAMK2G	Calcium/calmodulin-dependent protein kinase type II subunit gamma	234648	379507	231462	367835
Q13557	Q13557	KCC2D_HUMAN	CAMK2D	Calcium/calmodulin-dependent protein kinase type II subunit delta	324300	275094	311492	
Q13561	Q13561	DCTN2_HUMAN	DCTN2	Dynactin subunit 2	2.0428e+06	1.95712e+06	2.08761e+06	1.18202e+06
Q13564	Q13564	ULA1_HUMAN	NAE1	NEDD8-activating enzyme E1 regulatory subunit	447811	256605	405847	63543.9
Q13573	Q13573	SNW1_HUMAN	SNW1	SNW domain-containing protein 1	286680			
Q13576	Q13576	IQGA2_HUMAN	IQGAP2	Ras GTPase-activating-like protein IQGAP2	877001	1.16784e+06	1.14363e+06	913409
Q13586	Q13586	STIM1_HUMAN	STIM1	Stromal interaction molecule 1	560745	397088	501110	379477
Q13595	Q13595	TRA2A_HUMAN	TRA2A	Transformer-2 protein homolog alpha	667608	412416	403978	312805
Q13596	Q13596	SNX1_HUMAN	SNX1	Sorting nexin-1	1.66196e+06	1.27945e+06	2.28056e+06	1.05642e+06
Q13610	Q13610	PWP1_HUMAN	PWP1	Periodic tryptophan protein 1 homolog	92288.9			
Q13616	Q13616	CUL1_HUMAN	CUL1	Cullin-1	404570	337288	724738	325350
Q13617	Q13617	CUL2_HUMAN	CUL2	Cullin-2	694958	468984	867066	314413
Q13618	Q13618	CUL3_HUMAN	CUL3	Cullin-3	1.23198e+06	829734	1.22528e+06	561938
Q13619	Q13619	CUL4A_HUMAN	CUL4A	Cullin-4A	226250	139089	221752	
Q13620	Q13620	CUL4B_HUMAN	CUL4B	Cullin-4B	412259	281389	441521	236815
Q13627;Q9Y463	Q13627;Q9Y463	DYR1A_HUMAN;DYR1B_HUMAN	DYRK1A;DYRK1B	Dual specificity tyrosine-phosphorylation-regulated kinase 1A	40024.1			
Q13630	Q13630	FCL_HUMAN	GFUS	GDP-L-fucose synthase	4.35593e+06	3.07953e+06	5.81498e+06	2.84702e+06
Q13636	Q13636;Q9UL26	RAB31_HUMAN	RAB31	Ras-related protein Rab-31	3.7301e+06	2.1158e+06	2.76856e+06	3.49071e+06
Q13637	Q13637	RAB32_HUMAN	RAB32	Ras-related protein Rab-32	1.89592e+06	2.18409e+06	2.38403e+06	3.22906e+06
Q13641	Q13641	TPBG_HUMAN	TPBG	Trophoblast glycoprotein	843875	661420	929964	1.25512e+06
Q13642	Q13642	FHL1_HUMAN	FHL1	Four and a half LIM domains protein 1	1.98505e+06	1.71273e+06	4.44381e+06	1.21626e+06
Q13643	Q13643	FHL3_HUMAN	FHL3	Four and a half LIM domains protein 3	2.09525e+06	938500	2.20327e+06	778271
Q13683	Q13683	ITA7_HUMAN	ITGA7	Integrin alpha-7	292640	279250	280122	258138
Q13685	Q13685	AAMP_HUMAN	AAMP	Angio-associated migratory cell protein	387724	269777	339330	248886
Q13724	Q13724	MOGS_HUMAN	MOGS	Mannosyl-oligosaccharide glucosidase	3.65492e+06	3.12571e+06	5.76044e+06	3.19447e+06
Q13740	Q13740	CD166_HUMAN	ALCAM	CD166 antigen	577376	448273	851433	601127
Q13753	Q13753	LAMC2_HUMAN	LAMC2	Laminin subunit gamma-2	73575.7			
Q13813	Q13813	SPTN1_HUMAN	SPTAN1	Spectrin alpha chain, non-erythrocytic 1	3.23636e+06	3.25428e+06	3.0717e+06	3.36785e+06
Q13825	Q13825	AUHM_HUMAN	AUH	Methylglutaconyl-CoA hydratase, mitochondrial	798403	608621	938574	501338
Q13835	Q13835	PKP1_HUMAN	PKP1	Plakophilin-1	121835	315715	459410	160267
Q13838	O00148;Q13838	DX39B_HUMAN	DDX39B	Spliceosome RNA helicase DDX39B	1.40466e+07	6.16127e+06	1.1922e+07	6.87871e+06
Q13867	Q13867	BLMH_HUMAN	BLMH	Bleomycin hydrolase	3.21706e+06	3.88077e+06	5.24915e+06	2.75304e+06
Q13868	Q13868	EXOS2_HUMAN	EXOSC2	Exosome complex component RRP4	795148	428377	445890	361910
Q13884	Q13884	SNTB1_HUMAN	SNTB1	Beta-1-syntrophin	308699	180472	245392	160359
Q13885;Q9BVA1	Q13885;Q9BVA1	TBB2A_HUMAN;TBB2B_HUMAN	TUBB2A;TUBB2B	Tubulin beta-2A chain	653266	643568	1.03043e+06	791291
Q13895	Q13895	BYST_HUMAN	BYSL	Bystin	158595		115200	
Q13901	Q13901	C1D_HUMAN	C1D	Nuclear nucleic acid-binding protein C1D	389411		275353	
Q13905	Q13905	RPGF1_HUMAN	RAPGEF1	Rap guanine nucleotide exchange factor 1	172080	194721		
Q13907	Q13907	IDI1_HUMAN	IDI1	Isopentenyl-diphosphate Delta-isomerase 1	693141	485596	414558	591331
Q13951	Q13951	PEBB_HUMAN	CBFB	Core-binding factor subunit beta	1.97339e+06	1.49394e+06	1.4558e+06	1.3878e+06
Q13952	Q13952	NFYC_HUMAN	NFYC	Nuclear transcription factor Y subunit gamma	194590	176518	179437	200665
Q13976	Q13976	KGP1_HUMAN	PRKG1	cGMP-dependent protein kinase 1	1.00366e+06	401559	854499	267504
Q14002	Q14002	CEAM7_HUMAN	CEACAM7	Carcinoembryonic antigen-related cell adhesion molecule 7	189802	797625	350264	334439
Q14005	Q14005	IL16_HUMAN	IL16	Pro-interleukin-16	1.12484e+06	1.34919e+06	922656	1.61273e+06
Q14008	Q14008	CKAP5_HUMAN	CKAP5	Cytoskeleton-associated protein 5	389795	380934	406254	353825
Q14011	Q14011	CIRBP_HUMAN	CIRBP	Cold-inducible RNA-binding protein	1.46866e+06	868094	1.49e+06	885590
Q14019	Q14019	COTL1_HUMAN	COTL1	Coactosin-like protein	1.57923e+07	1.30213e+07	1.1304e+07	1.50163e+07
Q14103	Q14103	HNRPD_HUMAN	HNRNPD	Heterogeneous nuclear ribonucleoprotein D0	3.44941e+07	2.26577e+07	2.91475e+07	2.54879e+07
Q14108	Q14108	SCRB2_HUMAN	SCARB2	Lysosome membrane protein 2	4.77715e+06	6.49633e+06	6.16251e+06	7.80241e+06
Q14112	Q14112	NID2_HUMAN	NID2	Nidogen-2	3.91325e+06	2.07351e+06	2.60624e+06	1.62747e+06
Q14116	Q14116	IL18_HUMAN	IL18	Interleukin-18	1.06339e+06	1.10698e+06	750691	834456
Q14118	Q14118	DAG1_HUMAN	DAG1	Dystroglycan 1	662418	547516	953765	540392
Q14126	Q14126	DSG2_HUMAN	DSG2	Desmoglein-2	256396	468303	210050	
Q14141	Q14141	SEPT6_HUMAN	SEPTIN6	Septin-6	803286	842241	873311	886102
Q14145	Q14145	KEAP1_HUMAN	KEAP1	Kelch-like ECH-associated protein 1	101789			
Q14149	Q14149	MORC3_HUMAN	MORC3	MORC family CW-type zinc finger protein 3	751592		387672	
Q14151	Q14151	SAFB2_HUMAN	SAFB2	Scaffold attachment factor B2	198812		275600	408028
Q14152	Q14152	EIF3A_HUMAN	EIF3A	Eukaryotic translation initiation factor 3 subunit A	2.94196e+06	1.46184e+06	1.95825e+06	1.70069e+06
Q14155	Q14155	ARHG7_HUMAN	ARHGEF7	Rho guanine nucleotide exchange factor 7	165811	280431	284515	324572
Q14160	Q14160	SCRIB_HUMAN	SCRIB	Protein scribble homolog	680354	840098	700833	452852
Q14161	Q14161	GIT2_HUMAN	GIT2	ARF GTPase-activating protein GIT2	501265	356939	384257	295223
Q14165	Q14165	MLEC_HUMAN	MLEC	Malectin	3.39772e+06	2.83493e+06	3.02303e+06	2.44904e+06
Q14166	Q14166	TTL12_HUMAN	TTLL12	Tubulin--tyrosine ligase-like protein 12	1.29027e+06	504467	1.10897e+06	687046
Q14185	Q14185	DOCK1_HUMAN	DOCK1	Dedicator of cytokinesis protein 1	244468	78118.5	209777	
Q14192	Q14192	FHL2_HUMAN	FHL2	Four and a half LIM domains protein 2	1.7529e+06	1.10059e+06	2.7208e+06	695754
Q14195	Q14195	DPYL3_HUMAN	DPYSL3	Dihydropyrimidinase-related protein 3	5.74185e+06	3.57133e+06	8.37832e+06	2.56974e+06
Q14203	Q14203	DCTN1_HUMAN	DCTN1	Dynactin subunit 1	599721	657955	658558	580535
Q14204	Q14204	DYHC1_HUMAN	DYNC1H1	Cytoplasmic dynein 1 heavy chain 1	1.20539e+06	1.21001e+06	1.61107e+06	776981
Q14232	Q14232	EI2BA_HUMAN	EIF2B1	Translation initiation factor eIF-2B subunit alpha	976694	742874	949328	478434
Q14240	Q14240	IF4A2_HUMAN	EIF4A2	Eukaryotic initiation factor 4A-II	1.76346e+06	1.21109e+06	2.13336e+06	658658
Q14244	Q14244	MAP7_HUMAN	MAP7	Ensconsin	341383	132221	181488	
Q14247	Q14247	SRC8_HUMAN	CTTN	Src substrate cortactin	2.01276e+06	1.24922e+06	2.19779e+06	998481
Q14249	Q14249	NUCG_HUMAN	ENDOG	Endonuclease G, mitochondrial	469850		259878	125645
Q14254	Q14254	FLOT2_HUMAN	FLOT2	Flotillin-2	606905	1.63821e+06	766736	791767
Q14258	Q14258	TRI25_HUMAN	TRIM25	E3 ubiquitin/ISG15 ligase TRIM25	971130	507287	848047	541555
Q14314	Q14314	FGL2_HUMAN	FGL2	Fibroleukin	2.29376e+06	2.34187e+06	2.17569e+06	3.89189e+06
Q14315	Q14315	FLNC_HUMAN	FLNC	Filamin-C	2.22837e+06	5.70225e+06	2.73458e+06	4.87221e+06
Q14318	Q14318	FKBP8_HUMAN	FKBP8	Peptidyl-prolyl cis-trans isomerase FKBP8	836297	328538	767342	246800
Q14320	Q14320	FA50A_HUMAN	FAM50A	Protein FAM50A	452515	346434	363231	229057
Q14331	Q14331	FRG1_HUMAN	FRG1	Protein FRG1	354964		103476	
Q14344	Q14344	GNA13_HUMAN	GNA13	Guanine nucleotide-binding protein subunit alpha-13	9.71716e+06	8.43756e+06	1.32056e+07	8.47693e+06
Q14376	Q14376	GALE_HUMAN	GALE	UDP-glucose 4-epimerase	1.21397e+06	2.19005e+06	2.23122e+06	1.32795e+06
Q14392	Q14392	LRC32_HUMAN	LRRC32	Transforming growth factor beta activator LRRC32	201812		178569	
Q14393	Q14393	GAS6_HUMAN	GAS6	Growth arrest-specific protein 6		164285	218631	142393
Q14432	Q13370;Q14432	PDE3A_HUMAN	PDE3A	cGMP-inhibited 3',5'-cyclic phosphodiesterase 3A	281063	62336	168518	
Q14435	Q14435	GALT3_HUMAN	GALNT3	Polypeptide N-acetylgalactosaminyltransferase 3	104861	88332.3	102608	
Q14444	Q14444	CAPR1_HUMAN	CAPRIN1	Caprin-1	4.05109e+06	1.46295e+06	2.34397e+06	1.2745e+06
Q14457	Q14457	BECN1_HUMAN	BECN1	Beclin-1	106691	130774	591772	
Q14498	Q14498	RBM39_HUMAN	RBM39	RNA-binding protein 39	1.65288e+06	643439	721085	721600
Q14520	Q14520	HABP2_HUMAN	HABP2	Hyaluronan-binding protein 2		320041	193519	308770
Q14554	Q14554	PDIA5_HUMAN	PDIA5	Protein disulfide-isomerase A5	1.43928e+06	1.10719e+06	1.45287e+06	538942
Q14558	Q14558	KPRA_HUMAN	PRPSAP1	Phosphoribosyl pyrophosphate synthase-associated protein 1	510072	608668	525583	396632
Q14562	Q14562	DHX8_HUMAN	DHX8	ATP-dependent RNA helicase DHX8	168701	75034.3	91434.8	104698
Q14566	Q14566	MCM6_HUMAN	MCM6	DNA replication licensing factor MCM6	473062	105341	93752.6	
Q14574	Q14574	DSC3_HUMAN	DSC3	Desmocollin-3	90513.1	349491	479440	154089
Q14624	Q14624	ITIH4_HUMAN	ITIH4	Inter-alpha-trypsin inhibitor heavy chain H4	3.41578e+06	1.45444e+07	6.21396e+06	9.74823e+06
Q14644	Q14644	RASA3_HUMAN	RASA3	Ras GTPase-activating protein 3	156353	125367	125113	
Q14651	Q14651	PLSI_HUMAN	PLS1	Plastin-1	990193	918714	858025	1.20279e+06
Q14653	Q14653	IRF3_HUMAN	IRF3	Interferon regulatory factor 3	131099		178450	
Q14669	Q14669	TRIPC_HUMAN	TRIP12	E3 ubiquitin-protein ligase TRIP12	183479	88938.7	69321.4	73051
Q14677	Q14677	EPN4_HUMAN	CLINT1	Clathrin interactor 1	965930	1.12429e+06	1.03362e+06	1.21272e+06
Q14683	Q14683	SMC1A_HUMAN	SMC1A	Structural maintenance of chromosomes protein 1A	724257	820479	648781	800303
Q14684	Q14684	RRP1B_HUMAN	RRP1B	Ribosomal RNA processing protein 1 homolog B	405007		281516	
Q14690	Q14690	RRP5_HUMAN	PDCD11	Protein RRP5 homolog	349333	143341	123627	71400.2
Q14694	Q14694	UBP10_HUMAN	USP10	Ubiquitin carboxyl-terminal hydrolase 10	197445	153373	116565	228216
Q14696	Q14696	MESD_HUMAN	MESD	LRP chaperone MESD	5.78059e+06	3.45572e+06	7.12166e+06	2.78169e+06
Q14697	Q14697	GANAB_HUMAN	GANAB	Neutral alpha-glucosidase AB	2.09192e+07	2.07381e+07	2.00345e+07	1.95367e+07
Q14699	Q14699	RFTN1_HUMAN	RFTN1	Raftlin	701084	280126	772735	
Q14728	Q14728	MFS10_HUMAN	MFSD10	Major facilitator superfamily domain-containing protein 10	157253	183974	191092	91232.4
Q14738	Q14738	2A5D_HUMAN	PPP2R5D	Serine/threonine-protein phosphatase 2A 56 kDa regulatory subunit delta isoform	312708	233393	320606	155872
Q14739	Q14739	LBR_HUMAN	LBR	Delta(14)-sterol reductase LBR	1.36338e+06	3.27226e+06	1.31877e+06	3.978e+06
Q14764	Q14764	MVP_HUMAN	MVP	Major vault protein	7.19363e+06	5.78171e+06	7.0539e+06	3.99579e+06
Q14766	Q14766	LTBP1_HUMAN	LTBP1	Latent-transforming growth factor beta-binding protein 1	306930	311907	588044	748892
Q14767	Q14767	LTBP2_HUMAN	LTBP2	Latent-transforming growth factor beta-binding protein 2	889201	656663	1.57771e+06	624694
Q14790	Q14790	CASP8_HUMAN	CASP8	Caspase-8	169332			103406
Q14802	Q14802	FXYD3_HUMAN	FXYD3	FXYD domain-containing ion transport regulator 3	314805	278154		
Q14807	Q14807	KIF22_HUMAN	KIF22	Kinesin-like protein KIF22	246189	372232	384532	
Q14814	Q02078;Q06413;Q14814	MEF2D_HUMAN	MEF2D	Myocyte-specific enhancer factor 2D	331564	207572	229647	184690
Q14839	Q14839	CHD4_HUMAN	CHD4	Chromodomain-helicase-DNA-binding protein 4	1.18544e+06	522807	641639	713195
Q14847	Q14847	LASP1_HUMAN	LASP1	LIM and SH3 domain protein 1	1.68856e+07	9.565e+06	1.34464e+07	7.45999e+06
Q14914	Q14914	PTGR1_HUMAN	PTGR1	Prostaglandin reductase 1	1.95701e+06	1.41083e+06	2.00197e+06	1.96646e+06
Q14919	Q14919	NC2A_HUMAN	DRAP1	Dr1-associated corepressor	894889	1.22396e+06	1.50729e+06	1.179e+06
Q14956	Q14956	GPNMB_HUMAN	GPNMB	Transmembrane glycoprotein NMB	4.11885e+06	4.70643e+06	4.73675e+06	7.53721e+06
Q14966	Q14966	ZN638_HUMAN	ZNF638	Zinc finger protein 638	204583			
Q14974	Q14974	IMB1_HUMAN	KPNB1	Importin subunit beta-1	1.57873e+06	1.16038e+06	893579	527016
Q14978	Q14978	NOLC1_HUMAN	NOLC1	Nucleolar and coiled-body phosphoprotein 1	846942	375097	417222	283230
Q14980	Q14980	NUMA1_HUMAN	NUMA1	Nuclear mitotic apparatus protein 1	2.68175e+06	1.80008e+06	2.12973e+06	2.02978e+06
Q14997	Q14997	PSME4_HUMAN	PSME4	Proteasome activator complex subunit 4	49772.3			
Q14BN4	Q14BN4	SLMAP_HUMAN	SLMAP	Sarcolemmal membrane-associated protein	809173	792558	502128	427441
Q14C86	Q14C86	GAPD1_HUMAN	GAPVD1	GTPase-activating protein and VPS9 domain-containing protein 1	244806	206489	246796	126183
Q14CN4	Q14CN4	K2C72_HUMAN	KRT72	Keratin, type II cytoskeletal 72	172243	613686	807233	350288
Q14CX7	Q14CX7	NAA25_HUMAN	NAA25	N-alpha-acetyltransferase 25, NatB auxiliary subunit	104424	69107.8	47417.4	
Q15005	Q15005	SPCS2_HUMAN	SPCS2	Signal peptidase complex subunit 2	4.27864e+06	4.06011e+06	5.1207e+06	2.16883e+06
Q15006	Q15006	EMC2_HUMAN	EMC2	ER membrane protein complex subunit 2	697347	704677	594989	411789
Q15007	Q15007	FL2D_HUMAN	WTAP	Pre-mRNA-splicing regulator WTAP	109400	15641.9	61635.3	
Q15008	Q15008	PSMD6_HUMAN	PSMD6	26S proteasome non-ATPase regulatory subunit 6	1.50291e+07	1.86821e+07	1.25856e+07	7.35561e+06
Q15018	Q15018	ABRX2_HUMAN	ABRAXAS2	BRISC complex subunit Abraxas 2	416799	353299	406119	157694
Q15019	Q15019	SEPT2_HUMAN	SEPTIN2	Septin-2	4.90214e+06	2.31662e+06	5.78911e+06	2.33592e+06
Q15020	Q15020	SART3_HUMAN	SART3	Squamous cell carcinoma antigen recognized by T-cells 3	1.66296e+06	1.26868e+06	2.02964e+06	907848
Q15021	Q15021	CND1_HUMAN	NCAPD2	Condensin complex subunit 1	106339			
Q15024	Q15024	EXOS7_HUMAN	EXOSC7	Exosome complex component RRP42	676595	424591	623705	437650
Q15025	Q15025	TNIP1_HUMAN	TNIP1	TNFAIP3-interacting protein 1	107816		114602	
Q15029	Q15029	U5S1_HUMAN	EFTUD2	116 kDa U5 small nuclear ribonucleoprotein component	903528	677043	524908	609294
Q15031	Q15031	SYLM_HUMAN	LARS2	Leucine--tRNA ligase, mitochondrial	98124.5			
Q15036	Q15036	SNX17_HUMAN	SNX17	Sorting nexin-17	1.67036e+06	1.05118e+06	2.27015e+06	1.14568e+06
Q15041	Q15041	AR6P1_HUMAN	ARL6IP1	ADP-ribosylation factor-like protein 6-interacting protein 1	886379	821306	669252	518731
Q15042	Q15042	RB3GP_HUMAN	RAB3GAP1	Rab3 GTPase-activating protein catalytic subunit	167374		227498	
Q15043	Q15043	S39AE_HUMAN	SLC39A14	Metal cation symporter ZIP14	508757	556730	336490	142107
Q15046	Q15046	SYK_HUMAN	KARS1	Lysine--tRNA ligase	2.62869e+06	1.02223e+06	1.70841e+06	655770
Q15056	Q15056	IF4H_HUMAN	EIF4H	Eukaryotic translation initiation factor 4H	6.82449e+06	3.93959e+06	5.47491e+06	2.83718e+06
Q15057	Q15057	ACAP2_HUMAN	ACAP2	Arf-GAP with coiled-coil, ANK repeat and PH domain-containing protein 2	308672	289803	225215	378156
Q15061	Q15061	WDR43_HUMAN	WDR43	WD repeat-containing protein 43	126908	39900.6	55525.4	
Q15063	Q15063	POSTN_HUMAN	POSTN	Periostin	2.42986e+07	3.0511e+07	1.9622e+07	2.8667e+07
Q15067	Q15067	ACOX1_HUMAN	ACOX1	Peroxisomal acyl-coenzyme A oxidase 1	624354	873018	531737	790619
Q15075	Q15075	EEA1_HUMAN	EEA1	Early endosome antigen 1	3.32817e+06	2.35215e+06	4.80792e+06	2.05916e+06
Q15080	Q15080	NCF4_HUMAN	NCF4	Neutrophil cytosol factor 4	1.91793e+06	3.18449e+06	1.84153e+06	6.53429e+06
Q15084	Q15084	PDIA6_HUMAN	PDIA6	Protein disulfide-isomerase A6	1.34489e+07	9.59067e+06	1.24892e+07	8.63288e+06
Q15102	Q15102	PA1B3_HUMAN	PAFAH1B3	Platelet-activating factor acetylhydrolase IB subunit alpha1	2.67941e+06	1.87849e+06	2.66137e+06	1.70434e+06
Q15113	Q15113	PCOC1_HUMAN	PCOLCE	Procollagen C-endopeptidase enhancer 1	3.55458e+06	2.4731e+06	6.89487e+06	3.5257e+06
Q15121	Q15121	PEA15_HUMAN	PEA15	Astrocytic phosphoprotein PEA-15	1.96362e+06	1.17593e+06	961771	577605
Q15124	Q15124	PGM5_HUMAN	PGM5	Phosphoglucomutase-like protein 5	268671		325886	113998
Q15125	Q15125	EBP_HUMAN	EBP	3-beta-hydroxysteroid-Delta(8),Delta(7)-isomerase	1.25599e+06	1.07782e+06	928010	870725
Q15126	Q15126	PMVK_HUMAN	PMVK	Phosphomevalonate kinase	573336	213632	424141	64942
Q15149	Q15149	PLEC_HUMAN	PLEC	Plectin	1.20393e+07	1.326e+07	1.39977e+07	1.62004e+07
Q15154	Q15154	PCM1_HUMAN	PCM1	Pericentriolar material 1 protein	183841	73241.5		
Q15165	Q15165	PON2_HUMAN	PON2	Serum paraoxonase/arylesterase 2	692879	274838	481348	132702
Q15166	Q15166	PON3_HUMAN	PON3	Serum paraoxonase/lactonase 3	774830	1.21985e+06	1.4348e+06	1.17058e+06
Q15172	Q15172;Q16537	2A5A_HUMAN	PPP2R5A	Serine/threonine-protein phosphatase 2A 56 kDa regulatory subunit alpha isoform	435984	518164	443177	386764
Q15181	Q15181	IPYR_HUMAN	PPA1	Inorganic pyrophosphatase	4.43795e+06	3.41121e+06	4.35517e+06	2.17875e+06
Q15185	Q15185	TEBP_HUMAN	PTGES3	Prostaglandin E synthase 3	2.65896e+06	1.94486e+06	2.78557e+06	1.48402e+06
Q15208	Q15208	STK38_HUMAN	STK38	Serine/threonine-protein kinase 38	202415	122810	196677	66533.7
Q15233	Q15233	NONO_HUMAN	NONO	Non-POU domain-containing octamer-binding protein	6.3056e+06	2.86147e+06	3.89895e+06	4.16063e+06
Q15257	Q15257	PTPA_HUMAN	PTPA	Serine/threonine-protein phosphatase 2A activator	1.15662e+06	1.68971e+06	1.71988e+06	1.12071e+06
Q15262	Q15262	PTPRK_HUMAN	PTPRK	Receptor-type tyrosine-protein phosphatase kappa	398323	384983	367097	369079
Q15269	Q15269	PWP2_HUMAN	PWP2	Periodic tryptophan protein 2 homolog	72599.3			
Q15274	Q15274	NADC_HUMAN	QPRT	Nicotinate-nucleotide pyrophosphorylase [carboxylating]	127058	105529	150600	15886.8
Q15276	Q15276	RABE1_HUMAN	RABEP1	Rab GTPase-binding effector protein 1	394593	159435	277626	177031
Q15286	Q15286	RAB35_HUMAN	RAB35	Ras-related protein Rab-35	2.63516e+06	2.14659e+06	2.7852e+06	2.83068e+06
Q15287	Q15287	RNPS1_HUMAN	RNPS1	RNA-binding protein with serine-rich domain 1	795607	561628	521058	502367
Q15291	Q15291	RBBP5_HUMAN	RBBP5	Retinoblastoma-binding protein 5	152864	190749	77923.3	143288
Q15293	Q15293	RCN1_HUMAN	RCN1	Reticulocalbin-1	5.28792e+06	4.86499e+06	8.83694e+06	4.26091e+06
Q15363	Q15363	TMED2_HUMAN	TMED2	Transmembrane emp24 domain-containing protein 2	3.79708e+06	4.65212e+06	3.86584e+06	3.03982e+06
Q15365	Q15365	PCBP1_HUMAN	PCBP1	Poly(rC)-binding protein 1	1.45691e+07	6.66669e+06	1.13256e+07	6.76218e+06
Q15366	Q15366	PCBP2_HUMAN	PCBP2	Poly(rC)-binding protein 2	7.07335e+06	3.6553e+06	6.64657e+06	2.81896e+06
Q15369	Q15369	ELOC_HUMAN	ELOC	Elongin-C	639797	620578	373676	378686
Q15370	Q15370	ELOB_HUMAN	ELOB	Elongin-B	1.35301e+06	1.24487e+06	870104	979422
Q15382	Q15382	RHEB_HUMAN	RHEB	GTP-binding protein Rheb	1.2077e+06	966420	1.13097e+06	858590
Q15388	Q15388	TOM20_HUMAN	TOMM20	Mitochondrial import receptor subunit TOM20 homolog	1.43604e+06	765199	941319	
Q15393	Q15393	SF3B3_HUMAN	SF3B3	Splicing factor 3B subunit 3	3.67677e+06	2.44468e+06	2.47136e+06	2.58302e+06
Q15397	Q15397	PUM3_HUMAN	PUM3	Pumilio homolog 3	151836	169512	129423	
Q15404	Q15404	RSU1_HUMAN	RSU1	Ras suppressor protein 1	4.46814e+06	3.29606e+06	5.82105e+06	2.61998e+06
Q15417	Q15417	CNN3_HUMAN	CNN3	Calponin-3	1.84706e+06	1.92302e+06	3.08196e+06	1.47604e+06
Q15418	Q15418	KS6A1_HUMAN	RPS6KA1	Ribosomal protein S6 kinase alpha-1	139767	71786.5	68923.4	58436.2
Q15424	Q15424	SAFB1_HUMAN	SAFB	Scaffold attachment factor B1	850514	520160	512409	620146
Q15427	Q15427	SF3B4_HUMAN	SF3B4	Splicing factor 3B subunit 4	1.58654e+06	904979	867082	993964
Q15428	Q15428	SF3A2_HUMAN	SF3A2	Splicing factor 3A subunit 2	821656	421352	471188	524270
Q15434	Q15434	RBMS2_HUMAN	RBMS2	RNA-binding motif, single-stranded-interacting protein 2	1.34472e+06	1.20505e+06	1.85628e+06	1.15583e+06
Q15435	Q15435	PP1R7_HUMAN	PPP1R7	Protein phosphatase 1 regulatory subunit 7	1.58981e+06	1.4164e+06	1.51711e+06	833911
Q15436	Q15436	SC23A_HUMAN	SEC23A	Protein transport protein Sec23A	503878	707617	709634	531076
Q15438	O43739;Q15438;Q99418;Q9UIA0	CYH1_HUMAN	CYTH1	Cytohesin-1	524355	818498	477811	476045
Q15459	Q15459	SF3A1_HUMAN	SF3A1	Splicing factor 3A subunit 1	2.03392e+06	1.67718e+06	1.84602e+06	1.82407e+06
Q15477	Q15477	SKI2_HUMAN	SKIC2	Superkiller complex protein 2	80988.4	120645	135017	
Q15485	Q15485	FCN2_HUMAN	FCN2	Ficolin-2	388548	949502	569644	1.17719e+06
Q15517	Q15517	CDSN_HUMAN	CDSN	Corneodesmosin	296495	800679	1.29512e+06	459637
Q15542	Q15542	TAF5_HUMAN	TAF5	Transcription initiation factor TFIID subunit 5	159728		220251	
Q15554	Q15554	TERF2_HUMAN	TERF2	Telomeric repeat-binding factor 2	282218		287731	425064
Q15555	Q15555	MARE2_HUMAN	MAPRE2	Microtubule-associated protein RP/EB family member 2	351173	176010	297881	144933
Q15582	Q15582	BGH3_HUMAN	TGFBI	Transforming growth factor-beta-induced protein ig-h3	1.18692e+07	1.23823e+07	8.95054e+06	4.23451e+07
Q15599	Q15599	NHRF2_HUMAN	NHERF2	Na(+)/H(+) exchange regulatory cofactor NHE-RF2	513664	155812	416221	202705
Q15628	Q15628	TRADD_HUMAN	TRADD	Tumor necrosis factor receptor type 1-associated DEATH domain protein	147929	215526	167124	
Q15629	Q15629	TRAM1_HUMAN	TRAM1	Translocating chain-associated membrane protein 1	812162	520263	713246	208957
Q15631	Q15631	TSN_HUMAN	TSN	Translin	946921	1.02216e+06	777904	521091
Q15637	Q15637	SF01_HUMAN	SF1	Splicing factor 1	1.37861e+06	895596	1.31044e+06	1.03051e+06
Q15642	Q15642	CIP4_HUMAN	TRIP10	Cdc42-interacting protein 4	303503	270517	261343	165855
Q15643	Q15643	TRIPB_HUMAN	TRIP11	Thyroid receptor-interacting protein 11	126295		96016	33175.5
Q15645	Q15645	PCH2_HUMAN	TRIP13	Pachytene checkpoint protein 2 homolog	95014.5			
Q15648	Q15648	MED1_HUMAN	MED1	Mediator of RNA polymerase II transcription subunit 1	236415		136568	
Q15650	Q15650	TRIP4_HUMAN	TRIP4	Activating signal cointegrator 1	175407			
Q15654	Q15654	TRIP6_HUMAN	TRIP6	Thyroid receptor-interacting protein 6	446609	267588	557929	131501
Q15691	Q15691	MARE1_HUMAN	MAPRE1	Microtubule-associated protein RP/EB family member 1	4.12069e+06	3.75916e+06	3.16774e+06	2.90475e+06
Q15717	Q15717	ELAV1_HUMAN	ELAVL1	ELAV-like protein 1	7.45746e+06	3.23538e+06	5.64278e+06	4.01007e+06
Q15722	Q15722	LT4R1_HUMAN	LTB4R	Leukotriene B4 receptor 1	98157.5	549696		460075
Q15738	Q15738	NSDHL_HUMAN	NSDHL	Sterol-4-alpha-carboxylate 3-dehydrogenase, decarboxylating	325188		255236	208713
Q15742	Q15742	NAB2_HUMAN	NAB2	NGFI-A-binding protein 2	60788.1			
Q15746	Q15746	MYLK_HUMAN	MYLK	Myosin light chain kinase, smooth muscle	2.97735e+06	2.17649e+06	2.66559e+06	1.25076e+06
Q15750	Q15750	TAB1_HUMAN	TAB1	TGF-beta-activated kinase 1 and MAP3K7-binding protein 1	409448	596099	407794	394217
Q15758	Q15758	AAAT_HUMAN	SLC1A5	Neutral amino acid transporter B(0)	494121	340306	438235	118837
Q15771	Q15771	RAB30_HUMAN	RAB30	Ras-related protein Rab-30	147248	81566.4	233692	
Q15785	Q15785	TOM34_HUMAN	TOMM34	Mitochondrial import receptor subunit TOM34	525245	425194	337055	106269
Q15796	O15198;P84022;Q15796	SMAD2_HUMAN	SMAD2	Mothers against decapentaplegic homolog 2	155757		193694	
Q15797;Q99717	Q15797;Q99717	SMAD1_HUMAN;SMAD5_HUMAN	SMAD1;SMAD5	Mothers against decapentaplegic homolog 1	125614		73704.3	
Q15800	Q15800	MSMO1_HUMAN	MSMO1	Methylsterol monooxygenase 1	43675.7			
Q15811	Q15811	ITSN1_HUMAN	ITSN1	Intersectin-1	940256	960126	1.16106e+06	977046
Q15813	Q15813	TBCE_HUMAN	TBCE	Tubulin-specific chaperone E	82564.1		117340	
Q15814	Q15814	TBCC_HUMAN	TBCC	Tubulin-specific chaperone C	595921	505137	665834	456576
Q15819	Q15819	UB2V2_HUMAN	UBE2V2	Ubiquitin-conjugating enzyme E2 variant 2	1.7869e+07	1.64319e+07	1.50474e+07	1.82151e+07
Q15833	Q15833	STXB2_HUMAN	STXBP2	Syntaxin-binding protein 2	416514	724749	454176	494565
Q15834;Q9BRZ2	Q15834;Q9BRZ2	CC85B_HUMAN;TRI56_HUMAN	CCDC85B;TRIM56	Coiled-coil domain-containing protein 85B	484340		542785	412512
Q15836	P23763;P63027;Q15836	VAMP3_HUMAN	VAMP3	Vesicle-associated membrane protein 3	3.56945e+06	4.68861e+06	3.8754e+06	4.08529e+06
Q15843	Q15843	NEDD8_HUMAN	NEDD8	NEDD8	2.86103e+06	3.82883e+06	1.95732e+06	3.27021e+06
Q15848	Q15848	ADIPO_HUMAN	ADIPOQ	Adiponectin	633505	805452	600296	572738
Q15904	Q15904	VAS1_HUMAN	ATP6AP1	V-type proton ATPase subunit S1	1.41602e+06	4.03971e+06	1.62374e+06	3.80712e+06
Q15907	P62491;Q15907	RB11B_HUMAN	RAB11B	Ras-related protein Rab-11B	1.81852e+07	1.79379e+07	1.85812e+07	1.74761e+07
Q15942	Q15942	ZYX_HUMAN	ZYX	Zyxin	2.2964e+06	1.16169e+06	2.21688e+06	1.10902e+06
Q16181	Q16181	SEPT7_HUMAN	SEPTIN7	Septin-7	4.07979e+06	2.1606e+06	4.99762e+06	2.20371e+06
Q16186	Q16186	ADRM1_HUMAN	ADRM1	Proteasomal ubiquitin receptor ADRM1	653036	609544	579632	444615
Q16204	Q16204	CCDC6_HUMAN	CCDC6	Coiled-coil domain-containing protein 6	761556	380194	604602	266231
Q16222	Q16222;Q3KQV9	UAP1_HUMAN	UAP1	UDP-N-acetylhexosamine pyrophosphorylase	1.11827e+06	607885	788577	508940
Q16270	Q16270	IBP7_HUMAN	IGFBP7	Insulin-like growth factor-binding protein 7	5.79422e+06	2.54897e+06	3.80386e+06	1.54237e+06
Q16363	Q16363	LAMA4_HUMAN	LAMA4	Laminin subunit alpha-4	4.16834e+06	1.84371e+06	2.26237e+06	1.35696e+06
Q16401	Q16401	PSMD5_HUMAN	PSMD5	26S proteasome non-ATPase regulatory subunit 5	468662	500129	708987	184014
Q16512	Q16512	PKN1_HUMAN	PKN1	Serine/threonine-protein kinase N1	754530	1.086e+06	754862	202321
Q16527	Q16527	CSRP2_HUMAN	CSRP2	Cysteine and glycine-rich protein 2	1.47183e+06	1.97945e+06	1.97632e+06	1.78381e+06
Q16531	Q16531	DDB1_HUMAN	DDB1	DNA damage-binding protein 1	1.94894e+06	1.45954e+06	2.92648e+06	1.05042e+06
Q16537	Q16537	2A5E_HUMAN	PPP2R5E	Serine/threonine-protein phosphatase 2A 56 kDa regulatory subunit epsilon isoform	224288		188207	71035.3
Q16539	Q16539	MK14_HUMAN	MAPK14	Mitogen-activated protein kinase 14	1.87515e+06	1.34848e+06	1.44607e+06	1.31637e+06
Q16543	Q16543	CDC37_HUMAN	CDC37	Hsp90 co-chaperone Cdc37	5.76513e+06	3.91326e+06	4.15864e+06	2.92488e+06
Q16555	Q16555	DPYL2_HUMAN	DPYSL2	Dihydropyrimidinase-related protein 2	4.50681e+06	3.12928e+06	6.43869e+06	2.7536e+06
Q16563	Q16563	SYPL1_HUMAN	SYPL1	Synaptophysin-like protein 1	2.8413e+06	4.80892e+06	2.99807e+06	1.50424e+06
Q16576	Q16576	RBBP7_HUMAN	RBBP7	Histone-binding protein RBBP7	5.23062e+06	2.34741e+06	2.78691e+06	2.78637e+06
Q16581	Q16581	C3AR_HUMAN	C3AR1	C3a anaphylatoxin chemotactic receptor	33926.2	94221.3		49042.2
Q16585	Q16585	SGCB_HUMAN	SGCB	Beta-sarcoglycan	394437		928685	
Q16595	Q16595	FRDA_HUMAN	FXN	Frataxin, mitochondrial	186000	438313	313675	
Q16610	Q16610	ECM1_HUMAN	ECM1	Extracellular matrix protein 1	977396	1.97464e+06	2.00329e+06	2.92311e+06
Q16611	Q16611	BAK_HUMAN	BAK1	Bcl-2 homologous antagonist/killer	362460	511578	588644	355875
Q16625	Q16625	OCLN_HUMAN	OCLN	Occludin	47232.4			
Q16629	Q16629	SRSF7_HUMAN	SRSF7	Serine/arginine-rich splicing factor 7	3.19152e+06	1.90131e+06	1.20727e+06	1.31461e+06
Q16630	Q16630	CPSF6_HUMAN	CPSF6	Cleavage and polyadenylation specificity factor subunit 6	2.11973e+06	1.36856e+06	1.40348e+06	1.52772e+06
Q16643	Q16643	DREB_HUMAN	DBN1	Drebrin	159687	259134	165105	139890
Q16644	Q16644	MAPK3_HUMAN	MAPKAPK3	MAP kinase-activated protein kinase 3	366804	323223	287751	316954
Q16647	Q16647	PTGIS_HUMAN	PTGIS	Prostacyclin synthase	305432		289439	
Q16651	Q16651	PRSS8_HUMAN	PRSS8	Prostasin	85997.9	149180		
Q16656	Q16656	NRF1_HUMAN	NRF1	Nuclear respiratory factor 1	447090	424905	424636	
Q16658	Q16658	FSCN1_HUMAN	FSCN1	Fascin	6.93333e+06	2.59153e+06	5.25453e+06	2.50585e+06
Q16666	Q16666	IF16_HUMAN	IFI16	Gamma-interferon-inducible protein 16	1.78768e+06	857932	1.56052e+06	1.21161e+06
Q16698	Q16698	DECR_HUMAN	DECR1	2,4-dienoyl-CoA reductase [(3E)-enoyl-CoA-producing], mitochondrial	1.91801e+06	1.63365e+06	2.5109e+06	1.76692e+06
Q16706	Q16706	MA2A1_HUMAN	MAN2A1	Alpha-mannosidase 2	606114	455531	643311	419580
Q16719	Q16719	KYNU_HUMAN	KYNU	Kynureninase	125478	126214	161155	213807
Q16740	Q16740	CLPP_HUMAN	CLPP	ATP-dependent Clp protease proteolytic subunit, mitochondrial	442707	570803	439713	604356
Q16762	Q16762	THTR_HUMAN	TST	Thiosulfate sulfurtransferase	2.07098e+06	2.06989e+06	1.50973e+06	1.09652e+06
Q16769	Q16769	QPCT_HUMAN	QPCT	Glutaminyl-peptide cyclotransferase	811181	1.41194e+06	570193	3.35483e+06
Q16774	Q16774	KGUA_HUMAN	GUK1	Guanylate kinase	750410	450152	763040	402171
Q16775	Q16775	GLO2_HUMAN	HAGH	Hydroxyacylglutathione hydrolase, mitochondrial	1.07238e+06	2.0614e+06	3.04424e+06	1.8956e+06
Q16795	Q16795	NDUA9_HUMAN	NDUFA9	NADH dehydrogenase [ubiquinone] 1 alpha subcomplex subunit 9, mitochondrial	192456	206082	209228	80708.3
Q16799	Q16799	RTN1_HUMAN	RTN1	Reticulon-1	119968	279517	146858	
Q16831	Q16831	UPP1_HUMAN	UPP1	Uridine phosphorylase 1	323754	362465	531319	352966
Q16836	Q16836	HCDH_HUMAN	HADH	Hydroxyacyl-coenzyme A dehydrogenase, mitochondrial	2.36468e+06	2.56767e+06	1.92614e+06	1.67194e+06
Q16851	Q16851	UGPA_HUMAN	UGP2	UTP--glucose-1-phosphate uridylyltransferase	2.47136e+06	2.96167e+06	2.38666e+06	1.76644e+06
Q16853	Q16853	AOC3_HUMAN	AOC3	Membrane primary amine oxidase	2.37262e+06	3.4618e+06	2.61595e+06	1.6169e+06
Q16873	Q16873	LTC4S_HUMAN	LTC4S	Leukotriene C4 synthase	598869		556867	357905
Q16875	Q16875	F263_HUMAN	PFKFB3	6-phosphofructo-2-kinase/fructose-2,6-bisphosphatase 3	608483	617375	575285	716981
Q16881	Q16881;Q9NNW7	TRXR1_HUMAN	TXNRD1	Thioredoxin reductase 1, cytoplasmic	1.55669e+06	1.79205e+06	1.59748e+06	2.36146e+06
Q16891	Q16891	MIC60_HUMAN	IMMT	MICOS complex subunit MIC60	322006	290818		283416
Q1KMD3	Q1KMD3	HNRL2_HUMAN	HNRNPUL2	Heterogeneous nuclear ribonucleoprotein U-like protein 2	3.70711e+06	2.82633e+06	3.59089e+06	3.17732e+06
Q24JP5	Q24JP5	T132A_HUMAN	TMEM132A	Transmembrane protein 132A		46357.5		
Q27J81	Q27J81	INF2_HUMAN	INF2	Inverted formin-2	543709	349904	437125	274203
Q29RF7	Q29RF7	PDS5A_HUMAN	PDS5A	Sister chromatid cohesion protein PDS5 homolog A	328722	197228	193685	212814
Q2M2I8	Q2M2I8	AAK1_HUMAN	AAK1	AP2-associated protein kinase 1	496457	432106	409784	455424
Q2M389	Q2M389	WASC4_HUMAN	WASHC4	WASH complex subunit 4	26646.3	107377		
Q2NL82	Q2NL82	TSR1_HUMAN	TSR1	Pre-rRNA-processing protein TSR1 homolog	338593			
Q2TAA2	Q2TAA2	IAH1_HUMAN	IAH1	Isoamyl acetate-hydrolyzing esterase 1 homolog	381810	699411	433090	179566
Q2TAL8	Q2TAL8	QRIC1_HUMAN	QRICH1	Transcriptional regulator QRICH1	130106		137184	
Q2TAY7	Q2TAY7	SMU1_HUMAN	SMU1	WD40 repeat-containing protein SMU1	207667	186601	138643	388569
Q32MZ4	Q32MZ4	LRRF1_HUMAN	LRRFIP1	Leucine-rich repeat flightless-interacting protein 1	1.37444e+06	1.26149e+06	967839	1.13058e+06
Q32P28	Q32P28	P3H1_HUMAN	P3H1	Prolyl 3-hydroxylase 1	2.15385e+06	1.66153e+06	2.07635e+06	1.26495e+06
Q32P41	Q32P41	TRM5_HUMAN	TRMT5	tRNA (guanine(37)-N1)-methyltransferase	144659		88173.8	
Q32P44	Q32P44	EMAL3_HUMAN	EML3	Echinoderm microtubule-associated protein-like 3	1.36173e+06		1.58001e+06	
Q38SD2	Q38SD2	LRRK1_HUMAN	LRRK1	Leucine-rich repeat serine/threonine-protein kinase 1	2.40228e+06	1.24577e+06	1.8692e+06	1.28605e+06
Q3B7J2;Q9NXC2	Q9NXC2;Q3B7J2	GFOD1_HUMAN;GFOD2_HUMAN	GFOD1;GFOD2	Glucose-fructose oxidoreductase domain-containing protein 2	137306	119181	122326	55951.6
Q3KQU3	Q3KQU3	MA7D1_HUMAN	MAP7D1	MAP7 domain-containing protein 1	105521		190385	
Q3KQV9	Q3KQV9	UAP1L_HUMAN	UAP1L1	UDP-N-acetylhexosamine pyrophosphorylase-like protein 1	175047	129931	234818	
Q3LXA3	Q3LXA3	TKFC_HUMAN	TKFC	Triokinase/FMN cyclase	1.01484e+06	2.23653e+06	1.42788e+06	1.20523e+06
Q3MHD2	Q3MHD2	LSM12_HUMAN	LSM12	Protein LSM12	948019	381080	611557	362863
Q3SY69	Q3SY69	AL1L2_HUMAN	ALDH1L2	Mitochondrial 10-formyltetrahydrofolate dehydrogenase	538260	205967	820920	209785
Q3YBM2	Q3YBM2	T176B_HUMAN	TMEM176B	Transmembrane protein 176B	1.18956e+06	678378	877293	387487
Q3YEC7	Q3YEC7	RABL6_HUMAN	RABL6	Rab-like protein 6	332885	387610	354607	259628
Q3ZCW2	Q3ZCW2	LEGL_HUMAN	LGALSL	Galectin-related protein	455340	509289	816392	504444
Q460N5	Q460N5	PAR14_HUMAN	PARP14	Protein mono-ADP-ribosyltransferase PARP14	49591.2			
Q495W5	Q495W5	FUT11_HUMAN	FUT11	Alpha-(1,3)-fucosyltransferase 11	326990		277310	115924
Q49A26	Q49A26	GLYR1_HUMAN	GLYR1	Cytokine-like nuclear factor N-PAC	978589	1.40849e+06	845926	1.24478e+06
Q49AR2	Q49AR2	CE022_HUMAN	C5orf22	UPF0489 protein C5orf22	172056	84959.3	72892	
Q4G0F5	Q4G0F5	VP26B_HUMAN	VPS26B	Vacuolar protein sorting-associated protein 26B	538053	596176	419396	413694
Q4G0J3	Q4G0J3	LARP7_HUMAN	LARP7	La-related protein 7	290485	78816.5	254350	67146.4
Q4G0N4	Q4G0N4	NAKD2_HUMAN	NADK2	NAD kinase 2, mitochondrial	403895	372535	498737	319600
Q4G0X4;Q719H9	Q4G0X4;Q719H9	KCD21_HUMAN;KCTD1_HUMAN	KCTD1;KCTD21	BTB/POZ domain-containing protein KCTD21	83278.1			
Q4J6C6	Q4J6C6	PPCEL_HUMAN	PREPL	Prolyl endopeptidase-like	49757.7		59597.3	
Q4KMQ2	Q4KMQ2	ANO6_HUMAN	ANO6	Anoctamin-6	276558	413586	402908	166427
Q4L180	Q4L180	FIL1L_HUMAN	FILIP1L	Filamin A-interacting protein 1-like	1.38694e+06	430676	652710	525580
Q4V328	Q4V328	GRAP1_HUMAN	GRIPAP1	GRIP1-associated protein 1	755299	483566	731148	574984
Q4V9L6	Q4V9L6	TM119_HUMAN	TMEM119	Transmembrane protein 119	680181			
Q4VC05;Q8WUZ0;Q9BQE9	Q9BQE9;Q4VC05;Q8WUZ0	BCL7A_HUMAN;BCL7B_HUMAN;BCL7C_HUMAN	BCL7A;BCL7B;BCL7C	B-cell CLL/lymphoma 7 protein family member A	216292		207285	83802.6
Q4VC31	Q4VC31	MIX23_HUMAN	MIX23	Protein MIX23	2.14975e+06	1.66587e+06	1.67883e+06	1.52447e+06
Q4ZHG4	Q4ZHG4	FNDC1_HUMAN	FNDC1	Fibronectin type III domain-containing protein 1	699114	540107	311032	
Q502W7	Q502W7	CCD38_HUMAN	CCDC38	Coiled-coil domain-containing protein 38	125880		81220.5	
Q52LJ0	Q52LJ0	FA98B_HUMAN	FAM98B	Protein FAM98B	1.04079e+06	1.10828e+06	1.1777e+06	714589
Q53EL6	Q53EL6	PDCD4_HUMAN	PDCD4	Programmed cell death protein 4	647489	192677	601996	
Q53EP0	Q53EP0	FND3B_HUMAN	FNDC3B	Fibronectin type III domain-containing protein 3B	319817		200630	137102
Q53F19	Q53F19	NCBP3_HUMAN	NCBP3	Nuclear cap-binding protein subunit 3	208743	106118	151199	
Q53FA7	Q53FA7	QORX_HUMAN	TP53I3	Quinone oxidoreductase PIG3	3.49966e+06	2.34063e+06	3.82723e+06	1.81732e+06
Q53FT3	Q53FT3	HIKES_HUMAN	HIKESHI	Protein Hikeshi	301799	150821	293102	
Q53FV1;Q9P0S3	Q53FV1;Q8N138;Q9P0S3	ORML1_HUMAN;ORML2_HUMAN	ORMDL1;ORMDL2	ORM1-like protein 2	139907	221137	94328.7	
Q53GD3	Q53GD3	CTL4_HUMAN	SLC44A4	Choline transporter-like protein 4	217942	322204	119997	
Q53GG5	Q53GG5	PDLI3_HUMAN	PDLIM3	PDZ and LIM domain protein 3	1.4161e+06	1.13624e+06	1.17165e+06	595062
Q53GL7	Q53GL7	PAR10_HUMAN	PARP10	Protein mono-ADP-ribosyltransferase PARP10	82510.5		80677.6	
Q53GQ0	Q53GQ0	DHB12_HUMAN	HSD17B12	Very-long-chain 3-oxoacyl-CoA reductase	508314	973001	1.03021e+06	
Q53GS9	Q53GS9	UBP39_HUMAN	USP39	Ubiquitin carboxyl-terminal hydrolase 39	1.05817e+06	640406	677013	548902
Q53H82	Q53H82	LACB2_HUMAN	LACTB2	Endoribonuclease LACTB2	723730	737149	549814	430198
Q53HC9	Q53HC9	EIPR1_HUMAN	EIPR1	EARP and GARP complex-interacting protein 1	98644.9		89147.1	
Q53RT3	Q53RT3	APRV1_HUMAN	ASPRV1	Retroviral-like aspartic protease 1	127207	619434	907998	172674
Q53S08;Q9H0N0	Q9H0N0;Q53S08	RAB6C_HUMAN;RAB6D_HUMAN	RAB6C;RAB6D	Ras-related protein Rab-6D	1.47646e+06	1.16101e+06	1.35127e+06	1.49267e+06
Q53T59	Q53T59	H1BP3_HUMAN	HS1BP3	HCLS1-binding protein 3	834830	505750	984364	604694
Q53TN4	Q53TN4	CYBR1_HUMAN	CYBRD1	Plasma membrane ascorbate-dependent reductase CYBRD1	1.02014e+06	1.42505e+06	3.11252e+06	854211
Q567U6	Q567U6	CCD93_HUMAN	CCDC93	Coiled-coil domain-containing protein 93	161324			
Q56VL3	Q56VL3	OCAD2_HUMAN	OCIAD2	OCIA domain-containing protein 2	1.20317e+07	7.42616e+06	1.00959e+07	1.25714e+07
Q58FF6	Q58FF6	H90B4_HUMAN	HSP90AB4P	Putative heat shock protein HSP 90-beta 4	1.08841e+06		1.3152e+06	
Q5BJD5	Q5BJD5	TM41B_HUMAN	TMEM41B	Transmembrane protein 41B	149260	145956		
Q5BJF2	Q5BJF2	SGMR2_HUMAN	TMEM97	Sigma intracellular receptor 2	293372	274269	195576	
Q5D862	Q5D862	FILA2_HUMAN	FLG2	Filaggrin-2	449708	1.78546e+06	1.83797e+06	674865
Q5EBL8	Q5EBL8	PDZ11_HUMAN	PDZD11	PDZ domain-containing protein 11	425298	391139	390192	174622
Q5EG05	Q5EG05	CAR16_HUMAN	CARD16	Caspase recruitment domain-containing protein 16	114168	325085	129388	158290
Q5F1R6	Q5F1R6	DJC21_HUMAN	DNAJC21	DnaJ homolog subfamily C member 21	423266		400679	
Q5GLZ8	Q5GLZ8	HERC4_HUMAN	HERC4	Probable E3 ubiquitin-protein ligase HERC4	29864.9	79960.8	70897.5	
Q5HYI8	Q5HYI8	RABL3_HUMAN	RABL3	Rab-like protein 3	205256	226982	226138	212584
Q5HYK7	Q5HYK7	SH319_HUMAN	SH3D19	SH3 domain-containing protein 19	75474.3		149680	
Q5JRA6	Q5JRA6	TGO1_HUMAN	MIA3	Transport and Golgi organization protein 1 homolog	671006	398874	686209	349430
Q5JRX3	Q5JRX3	PREP_HUMAN	PITRM1	Presequence protease, mitochondrial	194766	199193	291053	185049
Q5JS37	Q5JS37	NHLC3_HUMAN	NHLRC3	NHL repeat-containing protein 3	713226	893564	594771	1.03777e+06
Q5JSH3	Q5JSH3	WDR44_HUMAN	WDR44	WD repeat-containing protein 44	573192	658927	621862	546877
Q5JSZ5	Q5JSZ5	PRC2B_HUMAN	PRRC2B	Protein PRRC2B	60195.6			
Q5JTD0	Q5JTD0	TJAP1_HUMAN	TJAP1	Tight junction-associated protein 1	211266		292342	
Q5JTH9	Q5JTH9	RRP12_HUMAN	RRP12	RRP12-like protein	262522		204025	
Q5JTJ3	Q5JTJ3	COA6_HUMAN	COA6	Cytochrome c oxidase assembly factor 6 homolog	447187	448053	490550	339617
Q5JTV8	Q5JTV8	TOIP1_HUMAN	TOR1AIP1	Torsin-1A-interacting protein 1	1.81121e+06	1.66103e+06	1.75028e+06	1.77847e+06
Q5JU69;Q8N2E6	Q8N2E6;Q5JU69	TOR2A_HUMAN;TOR2X_HUMAN	TOR2A	Torsin-2A	97120			177558
Q5JU85	Q5JU85;Q6DN90	IQEC2_HUMAN	IQSEC2	IQ motif and SEC7 domain-containing protein 2	183624	128038	118523	
Q5JVF3	Q5JVF3	PCID2_HUMAN	PCID2	PCI domain-containing protein 2	39044.2			
Q5KU26	Q5KU26	COL12_HUMAN	COLEC12	Collectin-12	66111.6		75241.5	
Q5M775	Q5M775	CYTSB_HUMAN	SPECC1	Cytospin-B	385218	314178	370276	324110
Q5MNZ6	Q5MNZ6	WIPI3_HUMAN	WDR45B	WD repeat domain phosphoinositide-interacting protein 3	306053	541915	451062	550402
Q5NDL2	Q5NDL2	EOGT_HUMAN	EOGT	EGF domain-specific O-linked N-acetylglucosamine transferase	628075	301114	433981	328141
Q5QGZ9	Q5QGZ9	CL12A_HUMAN	CLEC12A	C-type lectin domain family 12 member A	304455	1.49855e+06	303745	1.57097e+06
Q5QJ74	Q5QJ74	TBCEL_HUMAN	TBCEL	Tubulin-specific chaperone cofactor E-like protein	389492	342255	410592	290458
Q5R372	Q5R372	RBG1L_HUMAN	RABGAP1L	Rab GTPase-activating protein 1-like	111900	155139	118746	119391
Q5RI15	Q5RI15	COX20_HUMAN	COX20	Cytochrome c oxidase assembly protein COX20, mitochondrial	222920		243368	
Q5RKV6	Q5RKV6	EXOS6_HUMAN	EXOSC6	Exosome complex component MTR3	146824	46753.1	60770.2	
Q5SGD2	Q5SGD2	PPM1L_HUMAN	PPM1L	Protein phosphatase 1L	37579.5		51299.2	
Q5SQ64	Q5SQ64	LY66F_HUMAN	LY6G6F	Lymphocyte antigen 6 complex locus protein G6f		285913	405799	466095
Q5SRE7	Q5SRE7	PHYD1_HUMAN	PHYHD1	Phytanoyl-CoA dioxygenase domain-containing protein 1	184289		305709	
Q5SSJ5	Q5SSJ5	HP1B3_HUMAN	HP1BP3	Heterochromatin protein 1-binding protein 3	1.12802e+06	1.55295e+06	1.01943e+06	1.32142e+06
Q5SW79	Q5SW79	CE170_HUMAN	CEP170	Centrosomal protein of 170 kDa	131705	70797.7	181476	123109
Q5SWX8	Q5SWX8	ODR4_HUMAN	ODR4	Protein odr-4 homolog	118107			
Q5SXM8	Q5SXM8	DNLZ_HUMAN	DNLZ	DNL-type zinc finger protein	199720		152569	64621.9
Q5SYB0	Q5SYB0	FRPD1_HUMAN	FRMPD1	FERM and PDZ domain-containing protein 1	3.51786e+06	2.97397e+06	8.87783e+06	6.1837e+06
Q5T013	Q5T013	HYI_HUMAN	HYI	Putative hydroxypyruvate isomerase	146460		62379.5	66618
Q5T0F9	Q5T0F9	C2D1B_HUMAN	CC2D1B	Coiled-coil and C2 domain-containing protein 1B	248988		364579	
Q5T0N5	Q5T0N5	FBP1L_HUMAN	FNBP1L	Formin-binding protein 1-like	146379	107952	105901	
Q5T1C6	Q5T1C6	THEM4_HUMAN	THEM4	Acyl-coenzyme A thioesterase THEM4	25213	17318.2		
Q5T1M5	Q5T1M5	FKB15_HUMAN	FKBP15	FK506-binding protein 15	343416	259291	283526	471740
Q5T440	Q5T440	CAF17_HUMAN	IBA57	Putative transferase CAF17, mitochondrial	268714		347156	
Q5T4B2	Q5T4B2	GT253_HUMAN	CERCAM	Inactive glycosyltransferase 25 family member 3	37432.8		64458.8	
Q5T4S7	Q5T4S7	UBR4_HUMAN	UBR4	E3 ubiquitin-protein ligase UBR4	262610	336878	413419	196441
Q5T5C0	Q5T5C0;Q9Y2K9	STXB5_HUMAN	STXBP5	Syntaxin-binding protein 5	184030	239473	209115	196332
Q5T5P2	Q5T5P2	SKT_HUMAN	KIAA1217	Sickle tail protein homolog	588359	298482	726389	108055
Q5T6V5	Q5T6V5	QNG1_HUMAN	QNG1	Queuosine 5'-phosphate N-glycosylase/hydrolase	180186	104159	217813	
Q5T749	Q5T749	KPRP_HUMAN	KPRP	Keratinocyte proline-rich protein	479041	1.18834e+06	1.57908e+06	681809
Q5T750	Q5T750	KPLCE_HUMAN	KPLCE	Protein KPLCE	1.39075e+06	2.11692e+06	1.85172e+06	2.4936e+06
Q5T7N2	Q5T7N2	LITD1_HUMAN	L1TD1	LINE-1 type transposase domain-containing protein 1	341063			
Q5T8P6	Q5T8P6	RBM26_HUMAN	RBM26	RNA-binding protein 26	208926	72779.1	171245	107621
Q5T9L3	Q5T9L3	WLS_HUMAN	WLS	Protein wntless homolog	304924	230411	350497	185531
Q5TA45	Q5TA45	INT11_HUMAN	INTS11	Integrator complex subunit 11	104670	46249.1	33324.8	
Q5TAQ9	Q5TAQ9	DCAF8_HUMAN	DCAF8	DDB1- and CUL4-associated factor 8	151361	272869	104477	362944
Q5TBB1	Q5TBB1	RNH2B_HUMAN	RNASEH2B	Ribonuclease H2 subunit B	98662.9			
Q5TC12	Q5TC12	ATPF1_HUMAN	ATPAF1	ATP synthase mitochondrial F1 complex assembly factor 1	71818.7		69503.1	
Q5TCZ1	Q5TCZ1	SPD2A_HUMAN	SH3PXD2A	SH3 and PX domain-containing protein 2A	88478.7		84056.8	
Q5TDH0	Q5TDH0	DDI2_HUMAN	DDI2	Protein DDI1 homolog 2	805976	823254	2.08437e+06	836243
Q5TEC6	P68431;Q16695;Q71DI3;Q5TEC6	H37_HUMAN	H3-7	Histone H3-7	148865	2.95361e+06	199153	996962
Q5TEJ8	Q5TEJ8	THMS2_HUMAN	THEMIS2	Protein THEMIS2	106653	33213.9	48065.8	62054.9
Q5TFE4	Q5TFE4	NT5D1_HUMAN	NT5DC1	5'-nucleotidase domain-containing protein 1	587384	413777	603338	502055
Q5TFQ8	Q5TFQ8	SIRBL_HUMAN	SIRPB1	Signal-regulatory protein beta-1 isoform 3	48370.8	60733.7	54741.3	199633
Q5TGZ0	Q5TGZ0	MIC10_HUMAN	MICOS10	MICOS complex subunit MIC10	649398	701862	436399	381583
Q5U5X0	Q5U5X0	LYRM7_HUMAN	LYRM7	Complex III assembly factor LYRM7	358038	91429.4	331249	
Q5UCC4	Q5UCC4	EMC10_HUMAN	EMC10	ER membrane protein complex subunit 10	574496	955750	709586	453001
Q5VTL8	Q5VTL8	PR38B_HUMAN	PRPF38B	Pre-mRNA-splicing factor 38B	269576	180476	82819.6	113288
Q5VTQ0	Q5VTQ0	TT39B_HUMAN	TTC39B	Tetratricopeptide repeat protein 39B	84907.6	623871		
Q5VTR2	Q5VTR2	BRE1A_HUMAN	RNF20	E3 ubiquitin-protein ligase BRE1A	422169	136793	295999	178817
Q5VW32	Q5VW32	BROX_HUMAN	BROX	BRO1 domain-containing protein BROX	537664	517072	540692	427893
Q5VWZ2	Q5VWZ2	LYPL1_HUMAN	LYPLAL1	Lysophospholipase-like protein 1	389591	228807	402888	258014
Q5VYK3	Q5VYK3	ECM29_HUMAN	ECPAS	Proteasome adapter and scaffold protein ECM29	540554	236107	299881	
Q5VYS8	Q5VYS8	TUT7_HUMAN	TUT7	Terminal uridylyltransferase 7	81154.6		71916.1	
Q5VYY1	Q5VYY1	ANR22_HUMAN	ANKRD22	Ankyrin repeat domain-containing protein 22	317101	623488	167711	330967
Q5VZK9	Q5VZK9	CARL1_HUMAN	CARMIL1	F-actin-uncapping protein LRRC16A	73040.2			
Q5W111	Q5W111	SPRY7_HUMAN	SPRYD7	SPRY domain-containing protein 7	530092	371662	501938	406861
Q5XPI4	Q5XPI4	RN123_HUMAN	RNF123	E3 ubiquitin-protein ligase RNF123	71851.1	164053	554442	253496
Q5ZPR3	Q5ZPR3	CD276_HUMAN	CD276	CD276 antigen	3.36089e+06	2.38511e+06	2.99207e+06	1.94787e+06
Q629K1	Q629K1	TRIQK_HUMAN	TRIQK	Triple QxxK/R motif-containing protein	466444	296433	858519	291372
Q63HQ2	Q63HQ2	EGFLA_HUMAN	EGFLAM	Pikachurin	308811		169169	
Q63HR2	Q63HR2	TENS2_HUMAN	TNS2	Tensin-2	134447		158582	
Q63ZY3	Q63ZY3	KANK2_HUMAN	KANK2	KN motif and ankyrin repeat domain-containing protein 2	297163	110706	357214	
Q641Q2	Q641Q2;Q9Y4E1	WAC2A_HUMAN	WASHC2A	WASH complex subunit 2A	493423	369407	551383	487956
Q66K14;Q6ZT07	Q66K14;Q6ZT07	TBC9B_HUMAN;TBCD9_HUMAN	TBC1D9;TBC1D9B	TBC1 domain family member 9B	16067		20490.7	
Q66K74	Q66K74	MAP1S_HUMAN	MAP1S	Microtubule-associated protein 1S	116497	80684.2	213701	
Q66K79	Q66K79	CBPZ_HUMAN	CPZ	Carboxypeptidase Z	61685.2	74899	57660.5	
Q66LE6	Q66LE6	2ABD_HUMAN	PPP2R2D	Serine/threonine-protein phosphatase 2A 55 kDa regulatory subunit B delta isoform	214584		250503	
Q684P5	Q684P5	RPGP2_HUMAN	RAP1GAP2	Rap1 GTPase-activating protein 2	342489	544348	530582	342359
Q687X5	Q687X5	STEA4_HUMAN	STEAP4	Metalloreductase STEAP4	302237	573418	257665	518828
Q68BL7	Q68BL7	OLM2A_HUMAN	OLFML2A	Olfactomedin-like protein 2A	56146.7			
Q68CP9	Q68CP9	ARID2_HUMAN	ARID2	AT-rich interactive domain-containing protein 2	88263.1	67335.7	63238.8	
Q68CQ4	Q68CQ4	UTP25_HUMAN	UTP25	U3 small nucleolar RNA-associated protein 25 homolog	67017.4		65340.1	
Q68CQ7	Q68CQ7	GL8D1_HUMAN	GLT8D1	Glycosyltransferase 8 domain-containing protein 1	180880	107322	213768	123907
Q68CZ2	Q68CZ2	TENS3_HUMAN	TNS3	Tensin-3	1.18684e+06	691276	1.02164e+06	
Q68D91	Q68D91	MBLC2_HUMAN	MBLAC2	Acyl-coenzyme A thioesterase MBLAC2	48728.5	93703	107578	76983.1
Q68DL7	Q68DL7	CR063_HUMAN	C18orf63	Uncharacterized protein C18orf63	1.66146e+06	2.88616e+06	3.46476e+06	4.41537e+06
Q68E01	Q68E01	INT3_HUMAN	INTS3	Integrator complex subunit 3	117112			
Q68EM7	Q68EM7	RHG17_HUMAN	ARHGAP17	Rho GTPase-activating protein 17	181357		224158	61144.9
Q69YN2	Q69YN2	C19L1_HUMAN	CWF19L1	CWF19-like protein 1	169274	61404.5	122551	60566.3
Q69YQ0	Q69YQ0	CYTSA_HUMAN	SPECC1L	Cytospin-A	49582.2			
Q6BCY4	Q6BCY4	NB5R2_HUMAN	CYB5R2	NADH-cytochrome b5 reductase 2	1.30743e+06	1.16955e+06	1.30451e+06	1.07141e+06
Q6DD88	Q6DD88	ATLA3_HUMAN	ATL3	Atlastin-3	1.06684e+06	812445	1.16313e+06	588835
Q6DKJ4	Q6DKJ4	NXN_HUMAN	NXN	Nucleoredoxin	535655	419621	487486	310501
Q6EMK4	Q6EMK4	VASN_HUMAN	VASN	Vasorin	734370	600052	754614	285749
Q6FHJ7	Q6FHJ7	SFRP4_HUMAN	SFRP4	Secreted frizzled-related protein 4	2.16151e+06	974628	4.88461e+06	
Q6FI81	Q6FI81	CPIN1_HUMAN	CIAPIN1	Anamorsin	222005	196340	174688	144571
Q6FIF0	Q6FIF0	ZFAN6_HUMAN	ZFAND6	AN1-type zinc finger protein 6	101918		48318.4	
Q6GMV2	Q6GMV2	SMYD5_HUMAN	SMYD5	Histone-lysine N-trimethyltransferase SMYD5	447006	161160	287877	99015
Q6GMV3	Q6GMV3	PTRD1_HUMAN	PTRHD1	Putative peptidyl-tRNA hydrolase PTRHD1	119399		74138.6	63129.9
Q6IA69	Q6IA69	NADE_HUMAN	NADSYN1	Glutamine-dependent NAD(+) synthetase	945316	799436	926052	1.10417e+06
Q6IA86	Q6IA86	ELP2_HUMAN	ELP2	Elongator complex protein 2	80429.5		85188.4	
Q6IAA8	Q6IAA8	LTOR1_HUMAN	LAMTOR1	Ragulator complex protein LAMTOR1	144754	495347		325650
Q6IAN0	Q6IAN0	DRS7B_HUMAN	DHRS7B	Dehydrogenase/reductase SDR family member 7B	198303		249798	
Q6IBS0	Q12792;Q6IBS0	TWF2_HUMAN	TWF2	Twinfilin-2	2.55864e+06	2.04551e+06	2.61056e+06	2.60142e+06
Q6ICB4	Q6ICB4	SESQ2_HUMAN	PHETA2	Sesquipedalian-2	85207			
Q6ICG6	Q6ICG6	K0930_HUMAN	KIAA0930	Uncharacterized protein KIAA0930	112337		47398.4	37415.5
Q6ICL3	Q6ICL3	TNG2_HUMAN	TANGO2	Transport and Golgi organization protein 2 homolog	239581	285387	657320	286930
Q6IN85	Q6IN85	P4R3A_HUMAN	PPP4R3A	Serine/threonine-protein phosphatase 4 regulatory subunit 3A	209097	150819	235497	109206
Q6IPR1	Q6IPR1	ETFR1_HUMAN	ETFRF1	Electron transfer flavoprotein regulatory factor 1	28672.4	147487	57026.2	
Q6IQ22	Q6IQ22	RAB12_HUMAN	RAB12	Ras-related protein Rab-12	1.86769e+06	1.16708e+06	1.88984e+06	1.37776e+06
Q6JBY9	Q6JBY9	CPZIP_HUMAN	RCSD1	CapZ-interacting protein	1.8766e+06	2.58491e+06	1.64125e+06	1.9843e+06
Q6KB66	Q6KB66	K2C80_HUMAN	KRT80	Keratin, type II cytoskeletal 80	1.54418e+07	4.28328e+07	4.99779e+07	3.11079e+07
Q6KC79	Q6KC79	NIPBL_HUMAN	NIPBL	Nipped-B-like protein	100679			
Q6L8Q7	Q6L8Q7	PDE12_HUMAN	PDE12	2',5'-phosphodiesterase 12	609944	283078	635715	151069
Q6NSJ5;Q8TDW0	Q6NSJ5;Q8TDW0	LRC8C_HUMAN;LRC8E_HUMAN	LRRC8C;LRRC8E	Volume-regulated anion channel subunit LRRC8E	10534			
Q6NUK1	Q6NUK1	SCMC1_HUMAN	SLC25A24	Mitochondrial adenyl nucleotide antiporter SLC25A24	201356	247226	223537	122968
Q6NUK4	Q6NUK4	REEP3_HUMAN	REEP3	Receptor expression-enhancing protein 3	215705		177975	
Q6NUM9	Q6NUM9	RETST_HUMAN	RETSAT	All-trans-retinol 13,14-reductase	76972.7		52460.1	
Q6NUQ4	Q6NUQ4	TM214_HUMAN	TMEM214	Transmembrane protein 214	1.42849e+06	579829	1.14657e+06	
Q6NVY1	Q6NVY1	HIBCH_HUMAN	HIBCH	3-hydroxyisobutyryl-CoA hydrolase, mitochondrial	390289	392563	415375	132651
Q6NXG1	Q6NXG1	ESRP1_HUMAN	ESRP1	Epithelial splicing regulatory protein 1	223097	163328	156836	
Q6NYC1	Q6NYC1	JMJD6_HUMAN	JMJD6	Bifunctional arginine demethylase and lysyl-hydroxylase JMJD6	161854	73158.2	77027	153342
Q6NYC8	Q6NYC8	PPR18_HUMAN	PPP1R18	Phostensin	1.95354e+06	1.69331e+06	830073	
Q6NZI2	Q6NZI2	CAVN1_HUMAN	CAVIN1	Caveolae-associated protein 1	2.85372e+06	1.02482e+06	4.47079e+06	1.39421e+06
Q6NZY4	Q6NZY4	ZCHC8_HUMAN	ZCCHC8	Zinc finger CCHC domain-containing protein 8	143696			
Q6P179	Q6P179	ERAP2_HUMAN	ERAP2	Endoplasmic reticulum aminopeptidase 2		1.1634e+06		
Q6P1J9	Q6P1J9	CDC73_HUMAN	CDC73	Parafibromin	400007	618739	399488	446294
Q6P1M0	Q6P1M0	S27A4_HUMAN	SLC27A4	Long-chain fatty acid transport protein 4	143181	99716.5	130041	
Q6P1N0	Q6P1N0	C2D1A_HUMAN	CC2D1A	Coiled-coil and C2 domain-containing protein 1A	739269	409910	528235	288626
Q6P1N9	Q6P1N9	TATD1_HUMAN	TATDN1	Deoxyribonuclease TATDN1	463703	429830	529162	303924
Q6P1R3	Q6P1R3	MSD2_HUMAN	MSANTD2	Myb/SANT-like DNA-binding domain-containing protein 2	147887		174571	
Q6P1X6	Q6P1X6	CH082_HUMAN	C8orf82	UPF0598 protein C8orf82	531895	311345	416164	213088
Q6P2E9	Q6P2E9	EDC4_HUMAN	EDC4	Enhancer of mRNA-decapping protein 4	582387		145116	168541
Q6P2Q9	Q6P2Q9	PRP8_HUMAN	PRPF8	Pre-mRNA-processing-splicing factor 8	943051	650176	452870	610650
Q6P4A8	Q6P4A8	PLBL1_HUMAN	PLBD1	Phospholipase B-like 1	3.93251e+06	1.16429e+07	3.68158e+06	1.37056e+07
Q6P4E1	Q6P4E1	GOLM2_HUMAN	GOLM2	Protein GOLM2	288194		431113	224932
Q6P587	Q6P587	FAHD1_HUMAN	FAHD1	Acylpyruvase FAHD1, mitochondrial	1.11667e+06	1.17153e+06	1.20929e+06	1.20701e+06
Q6P589	Q6P589	TP8L2_HUMAN	TNFAIP8L2	Tumor necrosis factor alpha-induced protein 8-like protein 2	311513	160771	58727.2	101139
Q6P6C2	Q6P6C2	ALKB5_HUMAN	ALKBH5	RNA demethylase ALKBH5	414792		236458	
Q6P9B6	Q6P9B6	MEAK7_HUMAN	MEAK7	MTOR-associated protein MEAK7	236826	203268	280467	175568
Q6PCB0	Q6PCB0	VWA1_HUMAN	VWA1	von Willebrand factor A domain-containing protein 1	1.32528e+06	670627	918229	690874
Q6PCB8	Q6PCB8	EMB_HUMAN	EMB	Embigin	743609	1.17633e+06	563416	1.55835e+06
Q6PCE3	Q6PCE3	PGM2L_HUMAN	PGM2L1	Glucose 1,6-bisphosphate synthase	414870	309608	645894	291633
Q6PD62	Q6PD62	CTR9_HUMAN	CTR9	RNA polymerase-associated protein CTR9 homolog	169349	166482	95188.4	
Q6PGP7	Q6PGP7	SKI3_HUMAN	SKIC3	Superkiller complex protein 3	31194.5	14308.9	36343.3	
Q6PI26	Q6PI26	SHQ1_HUMAN	SHQ1	Protein SHQ1 homolog	839978	487782	584760	707526
Q6PI48	Q6PI48	SYDM_HUMAN	DARS2	Aspartate--tRNA ligase, mitochondrial	4.16427e+06	2.89532e+06	3.3177e+06	2.10445e+06
Q6PI73	Q6PI73	LIRA6_HUMAN	LILRA6	Leukocyte immunoglobulin-like receptor subfamily A member 6	376835	671709	342659	1.70487e+06
Q6PI78	Q6PI78	TMM65_HUMAN	TMEM65	Transmembrane protein 65	332031	407044	303492	291211
Q6PIU2	Q6PIU2	NCEH1_HUMAN	NCEH1	Neutral cholesterol ester hydrolase 1	750465	1.28106e+06	612226	660685
Q6PJG6	Q6PJG6	BRAT1_HUMAN	BRAT1	BRCA1-associated ATM activator 1	56761			
Q6PJT7	Q6PJT7	ZC3HE_HUMAN	ZC3H14	Zinc finger CCCH domain-containing protein 14	224385		176747	
Q6PK18	Q6PK18	OGFD3_HUMAN	OGFOD3	2-oxoglutarate and iron-dependent oxygenase domain-containing protein 3	125350		184244	
Q6PKG0	Q659C4;Q6PKG0	LARP1_HUMAN	LARP1	La-related protein 1	441870	307680	330296	262160
Q6PL24	Q6PL24	TMED8_HUMAN	TMED8	Protein TMED8	219891	89675.3	173717	173213
Q6QEF8	Q6QEF8	CORO6_HUMAN	CORO6	Coronin-6	428727	454678		496102
Q6RW13	Q6RW13	ATRAP_HUMAN	AGTRAP	Type-1 angiotensin II receptor-associated protein	758917	3.07644e+06	807697	1.90379e+06
Q6UB35	Q6UB35	C1TM_HUMAN	MTHFD1L	Monofunctional C1-tetrahydrofolate synthase, mitochondrial	93525.9		98778.6	
Q6UB99	Q6UB99	ANR11_HUMAN	ANKRD11	Ankyrin repeat domain-containing protein 11	98195.9		43117.7	93503.9
Q6UVK1	Q6UVK1	CSPG4_HUMAN	CSPG4	Chondroitin sulfate proteoglycan 4	3.8693e+06	905443	2.49568e+06	1.07388e+06
Q6UVY6	Q6UVY6	MOXD1_HUMAN	MOXD1	DBH-like monooxygenase protein 1	1.53174e+06	1.40995e+06	5.12079e+06	1.21673e+06
Q6UW63	Q6UW63	PLGT2_HUMAN	POGLUT2	Protein O-glucosyltransferase 2	1.15835e+06	111570	866900	245203
Q6UWP7	Q6UWP7	LCLT1_HUMAN	LCLAT1	Lysocardiolipin acyltransferase 1	66814.8	97316.4	81353.9	28350.5
Q6UWP8	Q6UWP8	SBSN_HUMAN	SBSN	Suprabasin	61183.2	237184	274696	138372
Q6UWY5	Q6UWY5	OLFL1_HUMAN	OLFML1	Olfactomedin-like protein 1	566613	326439	695110	419086
Q6UX06	Q6UX06	OLFM4_HUMAN	OLFM4	Olfactomedin-4	3.47221e+06	7.1659e+06	3.35834e+06	2.74802e+07
Q6UX71	Q6UX71	PXDC2_HUMAN	PLXDC2	Plexin domain-containing protein 2	2.61725e+06	1.11186e+06	4.56581e+06	1.11643e+06
Q6UXH1	Q6UXH1	CREL2_HUMAN	CRELD2	Protein disulfide isomerase CRELD2	1.08957e+06	624273	1.53769e+06	875368
Q6UXN9	Q6UXN9	WDR82_HUMAN	WDR82	WD repeat-containing protein 82	692894	460218	613952	365915
Q6UXV4	Q6UXV4	MIC27_HUMAN	APOOL	MICOS complex subunit MIC27	348878	358903	428212	173221
Q6V1X1	Q6V1X1	DPP8_HUMAN	DPP8	Dipeptidyl peptidase 8	122545			
Q6VN20	Q6VN20	RBP10_HUMAN	RANBP10	Ran-binding protein 10	73299.7			
Q6VY07	Q6VY07	PACS1_HUMAN	PACS1	Phosphofurin acidic cluster sorting protein 1	148618	195049	236347	56217.8
Q6WCQ1	Q6WCQ1	MPRIP_HUMAN	MPRIP	Myosin phosphatase Rho-interacting protein	342431	233119	348111	267440
Q6WKZ4	Q6WKZ4	RFIP1_HUMAN	RAB11FIP1	Rab11 family-interacting protein 1	459300	714775	243331	660254
Q6XQN6	Q6XQN6	PNCB_HUMAN	NAPRT	Nicotinate phosphoribosyltransferase	606678	1.51739e+06	809962	451750
Q6Y288	Q6Y288	B3GLT_HUMAN	B3GLCT	Beta-1,3-glucosyltransferase	156752		145224	
Q6Y7W6	Q6Y7W6	GGYF2_HUMAN	GIGYF2	GRB10-interacting GYF protein 2	126114		129510	
Q6YHK3	Q6YHK3	CD109_HUMAN	CD109	CD109 antigen	886026	233782	2.05515e+06	495107
Q6YN16	Q6YN16	HSDL2_HUMAN	HSDL2	Hydroxysteroid dehydrogenase-like protein 2	904246	1.1089e+06	833454	750421
Q6ZMD2	Q6ZMD2	SPNS3_HUMAN	SPNS3	Protein spinster homolog 3	21440.9			131676
Q6ZMI0	Q6ZMI0	PPR21_HUMAN	PPP1R21	Protein phosphatase 1 regulatory subunit 21	57211.4			2.35625e+06
Q6ZMP0	Q6ZMP0	THSD4_HUMAN	THSD4	Thrombospondin type-1 domain-containing protein 4	209278		509108	
Q6ZMT4	Q6ZMT4	KDM7A_HUMAN	KDM7A	Lysine-specific demethylase 7A	233429			
Q6ZMW3	Q6ZMW3	EMAL6_HUMAN	EML6	Echinoderm microtubule-associated protein-like 6	4.82546e+06	4.65677e+06	5.13449e+06	1.77188e+06
Q6ZNG2	Q6ZNG2	DBX2_HUMAN	DBX2	Homeobox protein DBX2	538112	129409	424605	
Q6ZRP7	Q6ZRP7	QSOX2_HUMAN	QSOX2	Sulfhydryl oxidase 2	334977		288110	
Q6ZS17	Q6ZS17	RIPR1_HUMAN	RIPOR1	Rho family-interacting cell polarization regulator 1	107243		48890.4	45027.2
Q6ZSR9	Q6ZSR9	YJ005_HUMAN		Uncharacterized protein FLJ45252	76397.6		86678.9	
Q6ZT62;Q9Y3L3	Q6ZT62;Q9Y3L3	3BP1_HUMAN;BGIN_HUMAN	BARGIN;SH3BP1	Bargin	174896	154214	95798.2	
Q6ZUX7	Q6ZUX7	LHPL2_HUMAN	LHFPL2	LHFPL tetraspan subfamily member 2 protein	216612	497956	256959	
Q6ZVM7	Q6ZVM7	TM1L2_HUMAN	TOM1L2	TOM1-like protein 2	71374.1		153827	
Q6ZVX7	Q6ZVX7	FBX50_HUMAN	NCCRP1	F-box only protein 50	185729	378920	575595	
Q6ZXV5	Q6ZXV5	TMTC3_HUMAN	TMTC3	Protein O-mannosyl-transferase TMTC3	251937	241336	140126	113690
Q709C8	Q709C8	VP13C_HUMAN	VPS13C	Intermembrane lipid transfer protein VPS13C	1.10164e+06	762903	1.38755e+06	537737
Q70E73	Q70E73	RAPH1_HUMAN	RAPH1	Ras-associated and pleckstrin homology domains-containing protein 1	173988		201107	
Q70J99	Q70J99	UN13D_HUMAN	UNC13D	Protein unc-13 homolog D	545977	759398	734965	1.25728e+06
Q70UQ0	Q70UQ0	IKIP_HUMAN	IKBIP	Inhibitor of nuclear factor kappa-B kinase-interacting protein	4.09186e+06	1.88873e+06	3.7009e+06	1.2226e+06
Q712K3	Q712K3	UB2R2_HUMAN	UBE2R2	Ubiquitin-conjugating enzyme E2 R2	889281	611466	644828	682678
Q71U36	P0DPH7;Q6PEY2;Q71U36;Q9BQE3;Q9NY65	TBA1A_HUMAN	TUBA1A	Tubulin alpha-1A chain	7.14886e+06	5.11642e+06	1.35706e+07	2.88716e+06
Q71UM5	Q71UM5	RS27L_HUMAN	RPS27L	Ribosomal protein eS27-like	1.70907e+06	1.96014e+06	3.51226e+06	1.76852e+06
Q76M96	Q76M96	CCD80_HUMAN	CCDC80	Coiled-coil domain-containing protein 80	98861.6	90983.7	72340.4	18032.6
Q7KYR7	Q7KYR7;Q8WVV5	BT2A1_HUMAN	BTN2A1	Butyrophilin subfamily 2 member A1	89664.2	79392.1		
Q7KZ85	Q7KZ85	SPT6H_HUMAN	SUPT6H	Transcription elongation factor SPT6	238806		226055	
Q7KZF4	Q7KZF4	SND1_HUMAN	SND1	Staphylococcal nuclease domain-containing protein 1	5.77435e+06	3.6843e+06	5.57908e+06	4.06765e+06
Q7KZI7	Q7KZI7	MARK2_HUMAN	MARK2	Serine/threonine-protein kinase MARK2	440572	527777	417656	401413
Q7L014	Q7L014	DDX46_HUMAN	DDX46	Probable ATP-dependent RNA helicase DDX46	3.05759e+06	1.7192e+06	2.16898e+06	2.36085e+06
Q7L0Y3	Q7L0Y3	TM10C_HUMAN	TRMT10C	tRNA methyltransferase 10 homolog C	163116		194211	28984.9
Q7L1Q6	Q7L1Q6	5MP2_HUMAN	BZW1	eIF5-mimic protein 2	3.9666e+06	2.27998e+06	2.76386e+06	1.34108e+06
Q7L1T6	Q7L1T6	NB5R4_HUMAN	CYB5R4	Cytochrome b5 reductase 4	36704.2	52115.1	16206.5	71203.9
Q7L211	Q7L211	ABHDD_HUMAN	ABHD13	Protein ABHD13	81072.5	92151.4	67866.9	61344.7
Q7L266	Q7L266	ASGL1_HUMAN	ASRGL1	Isoaspartyl peptidase/L-asparaginase	503166	521519	288838	884402
Q7L2E3	Q7L2E3	DHX30_HUMAN	DHX30	ATP-dependent RNA helicase DHX30	170346		203395	
Q7L2H7	Q7L2H7	EIF3M_HUMAN	EIF3M	Eukaryotic translation initiation factor 3 subunit M	305577	231871	194765	145031
Q7L523	Q5VZM2;Q7L523	RRAGA_HUMAN	RRAGA	Ras-related GTP-binding protein A	548881	635052	752024	563600
Q7L576	Q7L576	CYFP1_HUMAN	CYFIP1	Cytoplasmic FMR1-interacting protein 1	764260	755363	999914	504911
Q7L591	Q7L591	DOK3_HUMAN	DOK3	Docking protein 3	366837	426283	235631	587194
Q7L5D6	Q7L5D6	GET4_HUMAN	GET4	Golgi to ER traffic protein 4 homolog	216508	206564	246048	87483.8
Q7L5L3	Q7L5L3	GDPD3_HUMAN	GDPD3	Lysophospholipase D GDPD3	207736	161895	278268	94146.2
Q7L5N1	Q7L5N1	CSN6_HUMAN	COPS6	COP9 signalosome complex subunit 6	480458	452155	524285	211512
Q7L5N7	Q7L5N7	PCAT2_HUMAN	LPCAT2	Lysophosphatidylcholine acyltransferase 2	573547	1.29913e+06	498207	1.75906e+06
Q7L5Y1	Q7L5Y1	ENOF1_HUMAN	ENOSF1	Mitochondrial enolase superfamily member 1	503145		419801	1.0519e+06
Q7L7X3;Q9H2K8	Q7L7X3;Q9H2K8	TAOK1_HUMAN;TAOK3_HUMAN	TAOK1;TAOK3	Serine/threonine-protein kinase TAO1	159047		109528	
Q7L9B9	Q7L9B9	EEPD1_HUMAN	EEPD1	Endonuclease/exonuclease/phosphatase family domain-containing protein 1	226098	145145	198038	
Q7L9L4;Q9H8S9	Q7L9L4;Q9H8S9	MOB1A_HUMAN;MOB1B_HUMAN	MOB1A;MOB1B	MOB kinase activator 1B	2.47737e+06	1.66759e+06	1.43823e+06	1.20374e+06
Q7LBC6	Q7LBC6	KDM3B_HUMAN	KDM3B	Lysine-specific demethylase 3B	237761			
Q7LBR1	Q7LBR1	CHM1B_HUMAN	CHMP1B	Charged multivesicular body protein 1b	2.69416e+06	2.43019e+06	2.50663e+06	2.83436e+06
Q7LDG7	Q7LDG7	GRP2_HUMAN	RASGRP2	RAS guanyl-releasing protein 2	62394.8	40024.4	83169.3	119000
Q7LG56	P31350;Q7LG56	RIR2B_HUMAN	RRM2B	Ribonucleoside-diphosphate reductase subunit M2 B	234008	371469	308937	192603
Q7LGA3	Q7LGA3	HS2ST_HUMAN	HS2ST1	Heparan sulfate 2-O-sulfotransferase 1	244986	270816	364343	480528
Q7RTV0	Q7RTV0	PHF5A_HUMAN	PHF5A	PHD finger-like domain-containing protein 5A	2.72592e+06	2.26067e+06	1.98301e+06	2.17693e+06
Q7Z2H8	Q7Z2H8	S36A1_HUMAN	SLC36A1	Proton-coupled amino acid transporter 1	45130.9	46994.9	48735.9	34191.7
Q7Z2K6	Q7Z2K6	ERMP1_HUMAN	ERMP1	Endoplasmic reticulum metallopeptidase 1	66177.2	56720	68010.7	
Q7Z2W4	Q7Z2W4	ZCCHV_HUMAN	ZC3HAV1	Zinc finger CCCH-type antiviral protein 1	2.19897e+06	1.08979e+06	1.75121e+06	1.32797e+06
Q7Z2W9	Q7Z2W9	RM21_HUMAN	MRPL21	Large ribosomal subunit protein bL21m	29517.5		16139.9	
Q7Z2Z2	Q7Z2Z2	EFL1_HUMAN	EFL1	Elongation factor-like GTPase 1	120863	112232	74200.3	50881.9
Q7Z3B1	Q7Z3B1	NEGR1_HUMAN	NEGR1	Neuronal growth regulator 1	160635		237252	
Q7Z3B4	Q7Z3B4	NUP54_HUMAN	NUP54	Nucleoporin p54	662054	409522	535975	276711
Q7Z3C6	Q7Z3C6	ATG9A_HUMAN	ATG9A	Autophagy-related protein 9A	40754.2	163759	162567	
Q7Z3E2	Q7Z3E2	CC186_HUMAN	CCDC186	Coiled-coil domain-containing protein 186	184994		355140	
Q7Z3J2	Q7Z3J2	VP35L_HUMAN	VPS35L	VPS35 endosomal protein-sorting factor-like	296364	381609	148022	
Q7Z3K3	Q7Z3K3	POGZ_HUMAN	POGZ	Pogo transposable element with ZNF domain	60170.4		19508	
Q7Z3T8	Q7Z3T8	ZFY16_HUMAN	ZFYVE16	Zinc finger FYVE domain-containing protein 16	142643		136094	27980.7
Q7Z3Y8	Q7Z3Y8	K1C27_HUMAN	KRT27	Keratin, type I cytoskeletal 27		409096		
Q7Z417	Q7Z417	NUFP2_HUMAN	NUFIP2	FMR1-interacting protein NUFIP2	266972		163451	95918
Q7Z460	Q7Z460	CLAP1_HUMAN	CLASP1	CLIP-associating protein 1	264194	292737	202635	233443
Q7Z478	Q7Z478	DHX29_HUMAN	DHX29	ATP-dependent RNA helicase DHX29	60151.4		50028.6	25827.8
Q7Z4G1	Q7Z4G1	COMD6_HUMAN	COMMD6	COMM domain-containing protein 6	94936.3	91885.9	29919.5	
Q7Z4H3	Q7Z4H3	HDDC2_HUMAN	HDDC2	5'-deoxynucleotidase HDDC2	149929	206055	131086	133947
Q7Z4H8	Q7Z4H8	PLGT3_HUMAN	POGLUT3	Protein O-glucosyltransferase 3	1.60523e+06	684697	1.62416e+06	732983
Q7Z4V5	Q7Z4V5;Q9Y3E1	HDGR2_HUMAN	HDGFL2	Hepatoma-derived growth factor-related protein 2	338259	148114	230376	76474.8
Q7Z4W1	Q7Z4W1	DCXR_HUMAN	DCXR	L-xylulose reductase	1.50925e+06	2.28741e+06	2.15061e+06	2.44461e+06
Q7Z5K2	Q7Z5K2	WAPL_HUMAN	WAPL	Wings apart-like protein homolog	42053.5			
Q7Z5L9	Q7Z5L9	I2BP2_HUMAN	IRF2BP2	Interferon regulatory factor 2-binding protein 2	94498.3		70714.9	
Q7Z5N4	Q7Z5N4	SDK1_HUMAN	SDK1	Protein sidekick-1	179192	231514	219988	197085
Q7Z5R6	Q7Z5R6	AB1IP_HUMAN	APBB1IP	Amyloid beta A4 precursor protein-binding family B member 1-interacting protein	274912	448502	122203	359527
Q7Z6B0	Q7Z6B0	CCD91_HUMAN	CCDC91	Coiled-coil domain-containing protein 91	53951.9	1.87291e+06		
Q7Z6K5	Q7Z6K5	ARPIN_HUMAN	ARPIN	Arpin	2.08126e+06	643630	2.1457e+06	714395
Q7Z6M1	Q7Z6M1	RABEK_HUMAN	RABEPK	Rab9 effector protein with kelch motifs	224384		200200	48903.5
Q7Z6P3	Q7Z6P3	RAB44_HUMAN	RAB44	Ras-related protein Rab-44	94851.6	55219		109290
Q7Z6Z7	Q7Z6Z7	HUWE1_HUMAN	HUWE1	E3 ubiquitin-protein ligase HUWE1	327352	295004	469895	245313
Q7Z739	Q7Z739;Q9BYJ9;Q9Y5A9	YTHD3_HUMAN	YTHDF3	YTH domain-containing family protein 3	1.22977e+06	458064	883403	740074
Q7Z794	Q7Z794	K2C1B_HUMAN	KRT77	Keratin, type II cytoskeletal 1b	430369	1.79554e+06	2.13324e+06	945322
Q7Z7E8	Q7Z7E8	UB2Q1_HUMAN	UBE2Q1	Ubiquitin-conjugating enzyme E2 Q1	201371		84959.4	
Q7Z7F7	Q7Z7F7	RM55_HUMAN	MRPL55	Large ribosomal subunit protein mL55	51917.3	186045	8820.23	
Q7Z7H5	Q7Z7H5	TMED4_HUMAN	TMED4	Transmembrane emp24 domain-containing protein 4	3.70351e+06	4.09798e+06	3.82152e+06	3.47716e+06
Q7Z7K0	Q7Z7K0	COXM1_HUMAN	CMC1	COX assembly mitochondrial protein homolog	225024			412139
Q7Z7K6	Q7Z7K6	CENPV_HUMAN	CENPV	Centromere protein V	585549	1.00356e+06		759854
Q7Z7M9	Q7Z7M9	GALT5_HUMAN	GALNT5	Polypeptide N-acetylgalactosaminyltransferase 5	86418.3	159177	159026	44720
Q86SE5	Q86SE5	RALYL_HUMAN	RALYL	RNA-binding Raly-like protein	4.28451e+06	2.10468e+06	3.09471e+06	3.23254e+06
Q86SF2	Q86SF2	GALT7_HUMAN	GALNT7	N-acetylgalactosaminyltransferase 7	636559	971046	553380	539878
Q86SQ0	Q86SQ0	PHLB2_HUMAN	PHLDB2	Pleckstrin homology-like domain family B member 2	79409.2			
Q86SZ2	Q86SZ2	TPC6B_HUMAN	TRAPPC6B	Trafficking protein particle complex subunit 6B	1.04514e+06	2.2486e+06	1.34762e+06	
Q86T03	Q86T03	PP4P1_HUMAN	PIP4P1	Type 1 phosphatidylinositol 4,5-bisphosphate 4-phosphatase	46287.8	161631	134590	189777
Q86T13	Q86T13	CLC14_HUMAN	CLEC14A	C-type lectin domain family 14 member A	257653			
Q86TB9	Q86TB9	PATL1_HUMAN	PATL1	Protein PAT1 homolog 1	136938	36361.3	158301	
Q86TI2	Q86TI2	DPP9_HUMAN	DPP9	Dipeptidyl peptidase 9	644549	469083	656880	390469
Q86TJ2	Q86TJ2	TAD2B_HUMAN	TADA2B	Transcriptional adapter 2-beta	385802	2.21372e+06	5.05156e+06	1.31595e+06
Q86TU7	Q86TU7	SETD3_HUMAN	SETD3	Actin-histidine N-methyltransferase	360472	556724	371881	
Q86U28	Q86U28	ISCA2_HUMAN	ISCA2	Iron-sulfur cluster assembly 2 homolog, mitochondrial	113764			
Q86U38	Q86U38	NOP9_HUMAN	NOP9	Nucleolar protein 9	323365		166434	
Q86U42	Q86U42	PABP2_HUMAN	PABPN1	Polyadenylate-binding protein 2	2.23933e+06	1.96486e+06	2.17602e+06	2.27834e+06
Q86U44	Q86U44	MTA70_HUMAN	METTL3	N6-adenosine-methyltransferase catalytic subunit	459595	376170	244756	251287
Q86U86	Q86U86	PB1_HUMAN	PBRM1	Protein polybromo-1	239905	81727.5	201695	133204
Q86U90	Q86U90	YRDC_HUMAN	YRDC	Threonylcarbamoyl-AMP synthase	549392	589459	518406	401277
Q86UE4	Q86UE4	LYRIC_HUMAN	MTDH	Protein LYRIC	1.32609e+06	931847	1.55867e+06	821861
Q86UK7	Q86UK7	ZN598_HUMAN	ZNF598	E3 ubiquitin-protein ligase ZNF598	203331		104870	
Q86UP2	Q86UP2	KTN1_HUMAN	KTN1	Kinectin	2.43268e+06	1.19575e+06	2.41133e+06	1.70889e+06
Q86UU1	Q86UU1	PHLB1_HUMAN	PHLDB1	Pleckstrin homology-like domain family B member 1	980702	653660	992535	
Q86UV5	Q86UV5	UBP48_HUMAN	USP48	Ubiquitin carboxyl-terminal hydrolase 48	27705.4		11958.3	
Q86UX2	Q86UX2	ITIH5_HUMAN	ITIH5	Inter-alpha-trypsin inhibitor heavy chain H5	204968	59619.3	248641	110197
Q86UX7	Q86UX7	URP2_HUMAN	FERMT3	Fermitin family homolog 3	1.07569e+06	2.09468e+06	2.7929e+06	2.03404e+06
Q86UY8	Q86UY8	NT5D3_HUMAN	NT5DC3	5'-nucleotidase domain-containing protein 3	220359	172693	242551	
Q86V21	Q86V21	AACS_HUMAN	AACS	Acetoacetyl-CoA synthetase	176345	215593	59198.7	
Q86V48	Q86V48	LUZP1_HUMAN	LUZP1	Leucine zipper protein 1	417422	207107	336188	221222
Q86V81	Q86V81	THOC4_HUMAN	ALYREF	THO complex subunit 4	5.67165e+06	2.91525e+06	3.45688e+06	3.99784e+06
Q86V88	Q86V88	MGDP1_HUMAN	MDP1	Magnesium-dependent phosphatase 1	651740	832566	764459	907094
Q86VB7	Q86VB7	C163A_HUMAN	CD163	Scavenger receptor cysteine-rich type 1 protein M130	801274	633158	893249	845370
Q86VN1	Q86VN1	VPS36_HUMAN	VPS36	Vacuolar protein-sorting-associated protein 36	278067	206593	267833	295555
Q86VP6	Q86VP6	CAND1_HUMAN	CAND1	Cullin-associated NEDD8-dissociated protein 1	1.23279e+06	1.19503e+06	1.5708e+06	517451
Q86VR2	Q86VR2	RETR3_HUMAN	RETREG3	Reticulophagy regulator 3	881184	553020	709507	
Q86VS8	Q86VS8	HOOK3_HUMAN	HOOK3	Protein Hook homolog 3	2.37244e+06	1.33479e+06	2.12976e+06	1.298e+06
Q86VX2	Q86VX2	COMD7_HUMAN	COMMD7	COMM domain-containing protein 7	500347	751371	501097	266239
Q86W42	Q86W42	THOC6_HUMAN	THOC6	THO complex subunit 6 homolog	577120		319395	189640
Q86W92	Q86W92;Q8ND30	LIPB1_HUMAN	PPFIBP1	Liprin-beta-1	947383	356711	738461	213757
Q86WN1	Q86WN1	FCSD1_HUMAN	FCHSD1	F-BAR and double SH3 domains protein 1	158934		123090	
Q86WQ0	Q86WQ0	NR2CA_HUMAN	NR2C2AP	Nuclear receptor 2C2-associated protein	502546	320342	422395	156388
Q86WR0	Q86WR0	CCD25_HUMAN	CCDC25	Coiled-coil domain-containing protein 25	541897	438662	540457	704555
Q86WV6	Q86WV6	STING_HUMAN	STING1	Stimulator of interferon genes protein	448084		533891	283930
Q86X29	Q86X29	LSR_HUMAN	LSR	Lipolysis-stimulated lipoprotein receptor	357525	211154	276198	
Q86X55	Q86X55	CARM1_HUMAN	CARM1	Histone-arginine methyltransferase CARM1	1.25752e+06	588619	1.26439e+06	498838
Q86X76	Q86X76	NIT1_HUMAN	NIT1	Deaminated glutathione amidase	1.50012e+06	1.71446e+06	1.31202e+06	1.45756e+06
Q86X83	Q86X83	COMD2_HUMAN	COMMD2	COMM domain-containing protein 2	284798	252336	189361	69496
Q86XP3	Q86XP3	DDX42_HUMAN	DDX42	ATP-dependent RNA helicase DDX42	1.36558e+06	655284	1.27283e+06	660407
Q86XS8	Q86XS8	GOLI_HUMAN	RNF130	E3 ubiquitin-protein ligase RNF130	45891.9	99138.6	54357.6	102343
Q86XZ4	Q86XZ4	SPAS2_HUMAN	SPATS2	Spermatogenesis-associated serine-rich protein 2	119734		85254.4	
Q86Y34	Q86Y34	AGRG3_HUMAN	ADGRG3	Adhesion G protein-coupled receptor G3	95673.5	348832	50709.5	661466
Q86Y39	Q86Y39	NDUAB_HUMAN	NDUFA11	NADH dehydrogenase [ubiquinone] 1 alpha subcomplex subunit 11	487247	713603	496949	385010
Q86Y82	Q86Y82	STX12_HUMAN	STX12	Syntaxin-12	1.85971e+06	1.83944e+06	1.31035e+06	1.51707e+06
Q86YB8	Q86YB8	ERO1B_HUMAN	ERO1B	ERO1-like protein beta	75960.4	86248.7	101135	54510.6
Q86YL7	Q86YL7	PDPN_HUMAN	PDPN	Podoplanin	44982.8	130003	68803.9	
Q86YP4	Q86YP4	P66A_HUMAN	GATAD2A	Transcriptional repressor p66-alpha	168759		81565.8	
Q86YQ8	Q8IYJ1;Q9HCH3;Q86YQ8	CPNE8_HUMAN	CPNE8	Copine-8	65416.5	42215.6	48473.5	
Q86YS6	Q86YS6	RAB43_HUMAN	RAB43	Ras-related protein Rab-43	700412	516702	492352	731430
Q86YT9	Q86YT9	JAML_HUMAN	JAML	Junctional adhesion molecule-like	120258	210015	129909	225424
Q86YW5	Q86YW5	TRML1_HUMAN	TREML1	Trem-like transcript 1 protein		474348	746807	803212
Q86YZ3	Q86YZ3	HORN_HUMAN	HRNR	Hornerin	4.21277e+06	1.44056e+07	1.13796e+07	9.10558e+06
Q8IU85	Q8IU85	KCC1D_HUMAN	CAMK1D	Calcium/calmodulin-dependent protein kinase type 1D	348286	118728	287010	276747
Q8IUD2	Q8IUD2	RB6I2_HUMAN	ERC1	ELKS/Rab6-interacting/CAST family member 1	1.30164e+06	1.03955e+06	1.44939e+06	856066
Q8IUE6	Q8IUE6	H2A2B_HUMAN	H2AC21	Histone H2A type 2-B	272426	2.45497e+06	153696	1.42672e+06
Q8IUF8	Q8IUF8	RIOX2_HUMAN	RIOX2	Ribosomal oxygenase 2	14843.5			
Q8IUH3	Q8IUH3	RBM45_HUMAN	RBM45	RNA-binding protein 45	194285		310295	96777.4
Q8IUI8	Q8IUI8	CRLF3_HUMAN	CRLF3	Cytokine receptor-like factor 3	394596	724563	686188	597544
Q8IUR0	Q8IUR0	TPPC5_HUMAN	TRAPPC5	Trafficking protein particle complex subunit 5	629512	902029	640496	605082
Q8IUR7	Q8IUR7	ARMC8_HUMAN	ARMC8	Armadillo repeat-containing protein 8	172528	212689	217180	156210
Q8IUX7	Q8IUX7	AEBP1_HUMAN	AEBP1	Adipocyte enhancer-binding protein 1	3.25144e+06	4.47705e+06	3.49776e+06	4.1401e+06
Q8IV08	Q8IV08	PLD3_HUMAN	PLD3	5'-3' exonuclease PLD3	3.96776e+06	2.35399e+06	4.91761e+06	6.20855e+06
Q8IV20	Q8IV20	LACC1_HUMAN	LACC1	Purine nucleoside phosphorylase LACC1	82394.6		47410.4	
Q8IV32	Q8IV32	CCD71_HUMAN	CCDC71	Coiled-coil domain-containing protein 71	86406.5		70130.9	
Q8IV48	Q8IV48	ERI1_HUMAN	ERI1	3'-5' exoribonuclease 1	282177	853901	439525	
Q8IV50	Q8IV50	LYSM2_HUMAN	LYSMD2	LysM and putative peptidoglycan-binding domain-containing protein 2	340168		270046	215505
Q8IVD9	Q8IVD9	NUDC3_HUMAN	NUDCD3	NudC domain-containing protein 3	349123	155375	366233	214987
Q8IVF2	Q8IVF2	AHNK2_HUMAN	AHNAK2	Protein AHNAK2	579566	688031	1.99036e+06	467012
Q8IVF7;Q96PY5	Q8IVF7;Q96PY5	FMNL2_HUMAN;FMNL3_HUMAN	FMNL2;FMNL3	Formin-like protein 3	173615			
Q8IVH4	Q8IVH4	MMAA_HUMAN	MMAA	Methylmalonic aciduria type A protein, mitochondrial	208274		281284	
Q8IVL6	Q8IVL6	P3H3_HUMAN	P3H3	Prolyl 3-hydroxylase 3	903742	529723	1.13969e+06	441559
Q8IVM0	Q8IVM0	CCD50_HUMAN	CCDC50	Coiled-coil domain-containing protein 50	439294	93487.2	268397	
Q8IVS2	Q8IVS2	FABD_HUMAN	MCAT	Malonyl-CoA-acyl carrier protein transacylase, mitochondrial	614453		691632	504288
Q8IVT2	Q8IVT2	MISP_HUMAN	MISP	Mitotic interactor and substrate of PLK1	116769	81097.9	123791	
Q8IVW6;Q99856	Q8IVW6;Q99856	ARI3A_HUMAN;ARI3B_HUMAN	ARID3A;ARID3B	AT-rich interactive domain-containing protein 3B	284675	393811	260298	457949
Q8IW45	Q8IW45	NNRD_HUMAN	NAXD	ATP-dependent (S)-NAD(P)H-hydrate dehydratase	140062	114059	236966	
Q8IW52	Q8IW52	SLIK4_HUMAN	SLITRK4	SLIT and NTRK-like protein 4	1.09559e+07	1.23684e+07	1.03146e+07	9.01235e+06
Q8IWA5	Q8IWA5	CTL2_HUMAN	SLC44A2	Choline transporter-like protein 2	2.28679e+06	3.61919e+06	1.92113e+06	3.33191e+06
Q8IWB7	Q8IWB7	WDFY1_HUMAN	WDFY1	WD repeat and FYVE domain-containing protein 1	284052	239789	493719	213703
Q8IWE2	Q8IWE2	NXP20_HUMAN	FAM114A1	Protein NOXP20	637281	521279	565057	520431
Q8IWJ2	Q8IWJ2	GCC2_HUMAN	GCC2	GRIP and coiled-coil domain-containing protein 2	170503	216753	184917	
Q8IWR0	Q8IWR0	Z3H7A_HUMAN	ZC3H7A	Zinc finger CCCH domain-containing protein 7A	158858		84557.1	
Q8IWS0	Q8IWS0	PHF6_HUMAN	PHF6	PHD finger protein 6	225970		70191.4	
Q8IWT0	Q8IWT0	ARCH_HUMAN	ZBTB8OS	Protein archease	144159	105323		142247
Q8IWT6	Q8IWT6	LRC8A_HUMAN	LRRC8A	Volume-regulated anion channel subunit LRRC8A	39967.5			
Q8IWU6	Q8IWU6	SULF1_HUMAN	SULF1	Extracellular sulfatase Sulf-1	501818	259672	220294	106199
Q8IWZ8	Q8IWZ8	SUGP1_HUMAN	SUGP1	SURP and G-patch domain-containing protein 1	125646			
Q8IX04	Q8IX04	UEVLD_HUMAN	UEVLD	Ubiquitin-conjugating enzyme E2 variant 3	31189.3			
Q8IX05	Q8IX05	CD302_HUMAN	CD302	CD302 antigen	61573.7		116796	
Q8IX12	Q8IX12	CCAR1_HUMAN	CCAR1	Cell division cycle and apoptosis regulator protein 1	775468	708563	541602	648013
Q8IX19	Q8IX19	MCEM1_HUMAN	MCEMP1	Mast cell-expressed membrane protein 1	969402	6.15286e+06	1.05911e+06	6.01098e+06
Q8IXB1	Q8IXB1	DJC10_HUMAN	DNAJC10	DnaJ homolog subfamily C member 10	433001	360535	328738	252222
Q8IXH7	Q8IXH7	NELFD_HUMAN	NELFCD	Negative elongation factor C/D	145807		138395	
Q8IXI1	Q8IXI1	MIRO2_HUMAN	RHOT2	Mitochondrial Rho GTPase 2	239955	136553	365160	230130
Q8IXI2	Q8IXI2	MIRO1_HUMAN	RHOT1	Mitochondrial Rho GTPase 1	156347	126492	183814	120417
Q8IXJ6	Q8IXJ6	SIR2_HUMAN	SIRT2	NAD-dependent protein deacetylase sirtuin-2	137474	78374.1	144276	99214.2
Q8IXL7	Q8IXL7	MSRB3_HUMAN	MSRB3	Methionine-R-sulfoxide reductase B3	1.34494e+06	1.10217e+06		
Q8IXM2	Q8IXM2	BAP18_HUMAN	BAP18	Chromatin complexes subunit BAP18	1.94111e+06	1.53609e+06	1.49876e+06	1.15898e+06
Q8IXM6	Q8IXM6	NRM_HUMAN	NRM	Nurim	130810	36060	117288	39058.1
Q8IXQ4	Q8IXQ4	GPAM1_HUMAN	GPALPP1	GPALPP motifs-containing protein 1	38113.9			
Q8IXQ6	Q8IXQ6	PARP9_HUMAN	PARP9	Protein mono-ADP-ribosyltransferase PARP9	160212		89479.8	
Q8IXS6	Q8IXS6	PALM2_HUMAN	PALM2	Paralemmin-2	68094.8		62327.4	
Q8IXT5	Q8IXT5	RB12B_HUMAN	RBM12B	RNA-binding protein 12B	103353	69028.9		
Q8IY18	Q8IY18	SMC5_HUMAN	SMC5	Structural maintenance of chromosomes protein 5	50607.4	62476.9	70283.9	
Q8IY34	Q8IY34	S15A3_HUMAN	SLC15A3	Solute carrier family 15 member 3	153845	160035	129411	129139
Q8IY67	Q8IY67	RAVR1_HUMAN	RAVER1	Ribonucleoprotein PTB-binding 1	833781	183870	520070	304196
Q8IY81	Q8IY81	SPB1_HUMAN	FTSJ3	pre-rRNA 2'-O-ribose RNA methyltransferase FTSJ3	344297	429473	225006	
Q8IYB3	Q8IYB3	SRRM1_HUMAN	SRRM1	Serine/arginine repetitive matrix protein 1	206834	298913		290090
Q8IYB5	Q8IYB5	SMAP1_HUMAN	SMAP1	Stromal membrane-associated protein 1	1.81579e+06		2.71209e+06	5.37907e+06
Q8IYB7	Q8IYB7	DI3L2_HUMAN	DIS3L2	DIS3-like exonuclease 2	320149	237843	233913	
Q8IYB8	Q8IYB8	SUV3_HUMAN	SUPV3L1	ATP-dependent RNA helicase SUPV3L1, mitochondrial	286363	674807	188900	377329
Q8IYD1	Q8IYD1	ERF3B_HUMAN	GSPT2	Eukaryotic peptide chain release factor GTP-binding subunit ERF3B	208814		406250	
Q8IYE1	Q8IYE1	CCD13_HUMAN	CCDC13	Coiled-coil domain-containing protein 13	225989	1.09915e+06	362829	555753
Q8IYI6	Q8IYI6	EXOC8_HUMAN	EXOC8	Exocyst complex component 8	228988	203668	220158	202818
Q8IYJ2	Q8IYJ2	CJ067_HUMAN	C10orf67	Uncharacterized protein C10orf67, mitochondrial	2.21305e+06	3.66668e+06	2.21748e+06	1.23871e+06
Q8IYJ3	Q8IYJ3	SYTL1_HUMAN	SYTL1	Synaptotagmin-like protein 1	1.75277e+06	5.56329e+06	2.79265e+06	3.8457e+06
Q8IYK8	Q8IYK8	REM2_HUMAN	REM2	GTP-binding protein REM 2	1.08825e+06			
Q8IYL3	Q8IYL3	CA174_HUMAN	C1orf174	UPF0688 protein C1orf174	64456.1			
Q8IYM9	Q8IYM9	TRI22_HUMAN	TRIM22	E3 ubiquitin-protein ligase TRIM22	171339	128298	396010	106333
Q8IYS5	Q8IYS5	OSCAR_HUMAN	OSCAR	Osteoclast-associated immunoglobulin-like receptor	323736	681945		790145
Q8IZ07	Q8IZ07	AN13A_HUMAN	ANKRD13A	Ankyrin repeat domain-containing protein 13A	506515	819709	576488	497921
Q8IZ69	Q8IZ69	TRM2A_HUMAN	TRMT2A	tRNA (uracil-5-)-methyltransferase homolog A	14991.5		67748.1	
Q8IZ73	Q8IZ73	RUSD2_HUMAN	RPUSD2	Pseudouridylate synthase RPUSD2	96753.6			
Q8IZ81	Q8IZ81	ELMD2_HUMAN	ELMOD2	ELMO domain-containing protein 2	376834	348327	317510	172903
Q8IZ83	Q8IZ83	A16A1_HUMAN	ALDH16A1	Aldehyde dehydrogenase family 16 member A1	295749	424747	666956	
Q8IZA0	Q8IZA0	K319L_HUMAN	KIAA0319L	Dyslexia-associated protein KIAA0319-like protein	111008	110207		
Q8IZF2	Q8IZF2	AGRF5_HUMAN	ADGRF5	Adhesion G protein-coupled receptor F5	115195		92150.9	
Q8IZH2	Q8IZH2	XRN1_HUMAN	XRN1	5'-3' exoribonuclease 1	111643	106756	65552.4	23994.4
Q8IZL8	Q8IZL8	PELP1_HUMAN	PELP1	Proline-, glutamic acid- and leucine-rich protein 1	246788	172374	117122	
Q8IZQ5	Q8IZQ5	SELH_HUMAN	SELENOH	Selenoprotein H	374178	119036	465519	
Q8IZU2	Q8IZU2	WDR17_HUMAN	WDR17	WD repeat-containing protein 17	1.83781e+06	1.03105e+06	2.14416e+06	352912
Q8N0S2	Q8N0S2	SYCE1_HUMAN	SYCE1	Synaptonemal complex central element protein 1	137482		144151	
Q8N0U8	Q8N0U8	VKORL_HUMAN	VKORC1L1	Vitamin K epoxide reductase complex subunit 1-like protein 1	237815	254828	234780	144368
Q8N0X4	Q8N0X4	CLYBL_HUMAN	CLYBL	Citramalyl-CoA lyase, mitochondrial		393642		125162
Q8N0X7	Q8N0X7	SPART_HUMAN	SPART	Spartin	348164	208943	400103	207999
Q8N108	Q8N108	MIER1_HUMAN	MIER1	Mesoderm induction early response protein 1	170893			
Q8N122	Q8N122	RPTOR_HUMAN	RPTOR	Regulatory-associated protein of mTOR	32621	30590.6	48677.8	
Q8N129	Q8N129	CNPY4_HUMAN	CNPY4	Protein canopy homolog 4	597218	179469	488171	206759
Q8N149	Q8N149	LIRA2_HUMAN	LILRA2	Leukocyte immunoglobulin-like receptor subfamily A member 2	62268.1	65497.3	57458.8	167324
Q8N163	Q8N163	CCAR2_HUMAN	CCAR2	Cell cycle and apoptosis regulator protein 2	1.4346e+06	959895	1.19297e+06	938575
Q8N183	Q8N183	NDUF2_HUMAN	NDUFAF2	NADH dehydrogenase [ubiquinone] 1 alpha subcomplex assembly factor 2	216414	312426	263956	187432
Q8N1F7	Q8N1F7	NUP93_HUMAN	NUP93	Nuclear pore complex protein Nup93	26023.1			
Q8N1G2	Q8N1G2	CMTR1_HUMAN	CMTR1	Cap-specific mRNA (nucleoside-2'-O-)-methyltransferase 1	247240	151134	265364	128966
Q8N1G4	Q8N1G4	LRC47_HUMAN	LRRC47	Leucine-rich repeat-containing protein 47	556462	252612	489131	291902
Q8N1N4	Q8N1N4	K2C78_HUMAN	KRT78	Keratin, type II cytoskeletal 78	373641	1.29712e+06	1.72923e+06	580467
Q8N257	O60814;P06899;P23527;P33778;P58876;P62807;Q16778;Q5QNW6;Q6DN03;Q6DRA6;Q8N257;Q93079;Q99877;Q99879;Q99880	H2B3B_HUMAN	H2BC26	Histone H2B type 3-B	513379	3.1718e+06	351181	1.5995e+06
Q8N2S1	Q8N2S1	LTBP4_HUMAN	LTBP4	Latent-transforming growth factor beta-binding protein 4	346334	169813	465069	212649
Q8N335	Q8N335	GPD1L_HUMAN	GPD1L	Glycerol-3-phosphate dehydrogenase 1-like protein	390331	314716	344546	116896
Q8N357	Q8N357	S35F6_HUMAN	SLC35F6	Solute carrier family 35 member F6	138262	240432	201043	107064
Q8N386	Q8N386	LRC25_HUMAN	LRRC25	Leucine-rich repeat-containing protein 25	268073	854862	224131	691875
Q8N392	Q8N392	RHG18_HUMAN	ARHGAP18	Rho GTPase-activating protein 18	475235	304720	531632	207702
Q8N3D4	Q8N3D4	EH1L1_HUMAN	EHBP1L1	EH domain-binding protein 1-like protein 1	109629		119113	
Q8N3F8	Q8N3F8	MILK1_HUMAN	MICALL1	MICAL-like protein 1	329641			
Q8N3U4	Q8N3U4	STAG2_HUMAN	STAG2	Cohesin subunit SA-2	374776	557016	356080	286236
Q8N3X1	Q8N3X1	FNBP4_HUMAN	FNBP4	Formin-binding protein 4	150381	72630.5	80250.3	32664.9
Q8N423	O75022;P59901;Q8N423;Q8N6C8;Q6PI73	LIRB2_HUMAN	LILRB2	Leukocyte immunoglobulin-like receptor subfamily B member 2	852579	2.01361e+06	814882	3.37158e+06
Q8N4A0	Q8N4A0	GALT4_HUMAN	GALNT4	Polypeptide N-acetylgalactosaminyltransferase 4	533206			
Q8N4Q0	Q8N4Q0	PTGR3_HUMAN	PTGR3	Prostaglandin reductase 3	53672.6			
Q8N4T8	Q8N4T8	CBR4_HUMAN	CBR4	3-oxoacyl-[acyl-carrier-protein] reductase	122778		106902	46234.1
Q8N4X5	Q8N4X5	AF1L2_HUMAN	AFAP1L2	Actin filament-associated protein 1-like 2	255377		228180	
Q8N543	Q8N543	OGFD1_HUMAN	OGFOD1	Prolyl 3-hydroxylase OGFOD1	74016.5		26670.9	
Q8N556	Q8N556	AFAP1_HUMAN	AFAP1	Actin filament-associated protein 1	348909	369818	439621	309457
Q8N573	Q8N573	OXR1_HUMAN	OXR1	Oxidation resistance protein 1	380896	450678	331021	315542
Q8N5A5	Q8N5A5	ZGPAT_HUMAN	ZGPAT	Zinc finger CCCH-type with G patch domain-containing protein	46383.6		23590.3	
Q8N5C1	Q8N5C1	CAHM5_HUMAN	CALHM5	Calcium homeostasis modulator protein 5	454943	378102	467185	215995
Q8N5I2	Q8N5I2	ARRD1_HUMAN	ARRDC1	Arrestin domain-containing protein 1	7.11057e+06	9.57954e+06	5.82755e+06	8.30664e+06
Q8N5J2	Q8N5J2	MINY1_HUMAN	MINDY1	Ubiquitin carboxyl-terminal hydrolase MINDY-1	30927.2	61190.2	29105.2	
Q8N5K1	Q8N5K1	CISD2_HUMAN	CISD2	CDGSH iron-sulfur domain-containing protein 2	2.55708e+06	2.20092e+06	2.32053e+06	1.70273e+06
Q8N5L8	Q8N5L8	RP25L_HUMAN	RPP25L	Ribonuclease P protein subunit p25-like protein	119953		142133	97213.1
Q8N5M4	Q8N5M4	TTC9C_HUMAN	TTC9C	Tetratricopeptide repeat protein 9C	459663	224695	246003	121045
Q8N5M9	Q8N5M9	JAGN1_HUMAN	JAGN1	Protein jagunal homolog 1	206874	187746	184644	
Q8N668	Q8N668	COMD1_HUMAN	COMMD1	COMM domain-containing protein 1	228518	225626	210163	166405
Q8N684	Q8N684	CPSF7_HUMAN	CPSF7	Cleavage and polyadenylation specificity factor subunit 7	460387	287787	351073	354461
Q8N697	Q8N697	S15A4_HUMAN	SLC15A4	Solute carrier family 15 member 4	654290	1.3344e+06	656776	1.1734e+06
Q8N6C8	Q8N6C8;Q8NHL6	LIRA3_HUMAN	LILRA3	Leukocyte immunoglobulin-like receptor subfamily A member 3	587514	642285	799129	1.6927e+06
Q8N6G5	Q8N6G5	CGAT2_HUMAN	CSGALNACT2	Chondroitin sulfate N-acetylgalactosaminyltransferase 2	81766.8	138188	94528.6	122514
Q8N6H7	Q8N6H7	ARFG2_HUMAN	ARFGAP2	ADP-ribosylation factor GTPase-activating protein 2	650163	259987	530296	231664
Q8N6L1	Q8N6L1	KTAP2_HUMAN	KRTCAP2	Keratinocyte-associated protein 2	432068	220744	297354	
Q8N6M0	Q8N6M0	OTU6B_HUMAN	OTUD6B	Deubiquitinase OTUD6B	137544			
Q8N6Q3	Q8N6Q3	CD177_HUMAN	CD177	CD177 antigen	2.82199e+06	6.32266e+06	2.93804e+06	2.1582e+07
Q8N6R0	Q8N6R0	EFNMT_HUMAN	METTL13	eEF1A lysine and N-terminal methyltransferase	48282.2			
Q8N6T3	Q8N6T3	ARFG1_HUMAN	ARFGAP1	ADP-ribosylation factor GTPase-activating protein 1	1.70191e+06	839698	1.55279e+06	680611
Q8N6T7	Q8N6T7	SIR6_HUMAN	SIRT6	NAD-dependent protein deacylase sirtuin-6	128913			
Q8N766	Q8N766	EMC1_HUMAN	EMC1	ER membrane protein complex subunit 1	982338	874695	968985	574410
Q8N7H5	Q8N7H5	PAF1_HUMAN	PAF1	RNA polymerase II-associated factor 1 homolog	247208	141143	126276	128212
Q8N806	Q8N806	UBR7_HUMAN	UBR7	Putative E3 ubiquitin-protein ligase UBR7	338629		189670	187101
Q8N8J7	Q8N8J7	F241A_HUMAN	FAM241A	Uncharacterized protein FAM241A	173186	224281		140734
Q8N8N7	Q8N8N7	PTGR2_HUMAN	PTGR2	Prostaglandin reductase 2	155849	105473	145151	103577
Q8N8S7	Q8N8S7	ENAH_HUMAN	ENAH	Protein enabled homolog	1.62665e+06	1.17259e+06	1.16805e+06	887630
Q8N8Z6	Q8N8Z6	DCBD1_HUMAN	DCBLD1	Discoidin, CUB and LCCL domain-containing protein 1	257246	338541	206511	567302
Q8N954	Q8N954	GPT11_HUMAN	GPATCH11	G patch domain-containing protein 11	70097.1		132493	
Q8N983	Q8N983	RM43_HUMAN	MRPL43	Large ribosomal subunit protein mL43	125526			
Q8N9A8	Q8N9A8	NEPR1_HUMAN	CNEP1R1	Nuclear envelope phosphatase-regulatory subunit 1	147296			
Q8N9N2	Q8N9N2	ASCC1_HUMAN	ASCC1	Activating signal cointegrator 1 complex subunit 1	79671.7	30686.3	67064.5	
Q8N9N8	Q8N9N8	EIF1A_HUMAN	EIF1AD	Probable RNA-binding protein EIF1AD	155401		111834	
Q8NB16	Q8NB16	MLKL_HUMAN	MLKL	Mixed lineage kinase domain-like protein	312567	325585	214097	208985
Q8NB37	Q8NB37	GALD1_HUMAN	GATD1	Glutamine amidotransferase-like class 1 domain-containing protein 1	377745	280958	382318	176273
Q8NBF2	Q8NBF2	NHLC2_HUMAN	NHLRC2	NHL repeat-containing protein 2	575647	505126	535588	340012
Q8NBI5	Q8NBI5	S43A3_HUMAN	SLC43A3	Equilibrative nucleobase transporter 1	393000	845240	235065	380322
Q8NBI6	Q8NBI6	XXLT1_HUMAN	XXYLT1	Xyloside xylosyltransferase 1	173298		112154	16144
Q8NBJ4	Q8NBJ4	GOLM1_HUMAN	GOLM1	Golgi membrane protein 1	484298	715547	360220	
Q8NBJ5	Q8NBJ5	GT251_HUMAN	COLGALT1	Procollagen galactosyltransferase 1	3.18703e+06	1.35616e+06	2.42246e+06	2.19565e+06
Q8NBJ7	Q8NBJ7	SUMF2_HUMAN	SUMF2	Inactive C-alpha-formylglycine-generating enzyme 2	1.4293e+06	904830	1.57271e+06	1.4093e+06
Q8NBJ9	Q8NBJ9	SIDT2_HUMAN	SIDT2	SID1 transmembrane family member 2	134512	150489	140004	128981
Q8NBK3	Q8NBK3	SUMF1_HUMAN	SUMF1	Formylglycine-generating enzyme	799702	578193	859766	723007
Q8NBL1	Q8NBL1	PGLT1_HUMAN	POGLUT1	Protein O-glucosyltransferase 1	919027	510190	800655	393083
Q8NBM8	Q8NBM8	PCYXL_HUMAN	PCYOX1L	Prenylcysteine oxidase-like	202091	527150	340325	325605
Q8NBN3	Q8NBN3	TM87A_HUMAN	TMEM87A	Transmembrane protein 87A	464106	184740	475637	55710.9
Q8NBQ5	Q8NBQ5	DHB11_HUMAN	HSD17B11	Estradiol 17-beta-dehydrogenase 11	311712	468076	360338	398411
Q8NBS9	Q8NBS9	TXND5_HUMAN	TXNDC5	Thioredoxin domain-containing protein 5	9.4932e+06	6.4233e+06	1.07645e+07	4.53374e+06
Q8NBX0	Q8NBX0	SCPDL_HUMAN	SCCPDH	Saccharopine dehydrogenase-like oxidoreductase	526868	584385	673987	451495
Q8NC42	Q8NC42	RN149_HUMAN	RNF149	E3 ubiquitin-protein ligase RNF149	136541	181757	127736	279925
Q8NC51	Q8NC51	SERB1_HUMAN	SERBP1	SERPINE1 mRNA-binding protein 1	3.91724e+06	2.17187e+06	2.53178e+06	1.80314e+06
Q8NC56	Q8NC56	LEMD2_HUMAN	LEMD2	LEM domain-containing protein 2	664752	668669	1.10597e+06	382643
Q8NC96	Q8NC96	NECP1_HUMAN	NECAP1	Adaptin ear-binding coat-associated protein 1	206264	155303	264942	
Q8NCA5	Q8NCA5	FA98A_HUMAN	FAM98A	Protein FAM98A	491171	499299	475937	149979
Q8NCC3	Q8NCC3	PAG15_HUMAN	PLA2G15	Phospholipase A2 group XV	125986		134198	
Q8NCE2	Q8NCE2	MTMRE_HUMAN	MTMR14	Myotubularin-related protein 14	63375.4		36565.9	
Q8NCF5	Q8NCF5	NF2IP_HUMAN	NFATC2IP	NFATC2-interacting protein	103349		54826.3	
Q8NCG7	Q8NCG7	DGLB_HUMAN	DAGLB	Diacylglycerol lipase-beta	237808	327931	259110	305607
Q8NCH0	Q8NCH0	CHSTE_HUMAN	CHST14	Carbohydrate sulfotransferase 14	141922		207296	
Q8NCL4	Q8NCL4	GALT6_HUMAN	GALNT6	Polypeptide N-acetylgalactosaminyltransferase 6	105386			
Q8NCN5	Q8NCN5	PDPR_HUMAN	PDPR	Pyruvate dehydrogenase phosphatase regulatory subunit, mitochondrial	557264	343046	627099	478302
Q8NCR9	Q8NCR9	CLRN3_HUMAN	CLRN3	Clarin-3	225251	254857	72873.4	
Q8ND24	Q8ND24	RN214_HUMAN	RNF214	RING finger protein 214	437735	196398	372925	253682
Q8ND56	Q8ND56	LS14A_HUMAN	LSM14A	Protein LSM14 homolog A	239198	216686	207131	
Q8ND71	Q8ND71	GIMA8_HUMAN	GIMAP8	GTPase IMAP family member 8	631618		593066	
Q8ND76	Q8ND76	CCNY_HUMAN	CCNY	Cyclin-Y	99425.4	105294	176513	22253.4
Q8NDH2	Q8NDH2	CC168_HUMAN	CCDC168	Leucine-rich repeat transmembrane protein CCDC168	2.57261e+06	7.60113e+06	2.03411e+06	7.34175e+06
Q8NDH3	Q8NDH3	PEPL1_HUMAN	NPEPL1	Probable aminopeptidase NPEPL1	613122	559221	852643	466353
Q8NE71	Q8NE71	ABCF1_HUMAN	ABCF1	ATP-binding cassette sub-family F member 1	864312	1.00284e+06	965597	917090
Q8NEP3	Q8NEP3	DAAF1_HUMAN	DNAAF1	Dynein axonemal assembly factor 1	31251.6	184312	189624	541484
Q8NET5	Q8NET5	NFAM1_HUMAN	NFAM1	NFAT activation molecule 1	122073	184660		121199
Q8NEW0	Q8NEW0	ZNT7_HUMAN	SLC30A7	Zinc transporter 7	249688	317692	155878	70903.7
Q8NEZ5	Q8NEZ5	FBX22_HUMAN	FBXO22	F-box only protein 22	654262	338228	1.12404e+06	249726
Q8NF50	Q8NF50	DOCK8_HUMAN	DOCK8	Dedicator of cytokinesis protein 8	137694	202482	156611	266596
Q8NFC6	Q8NFC6	BD1L1_HUMAN	BOD1L1	Biorientation of chromosomes in cell division protein 1-like 1	76857.6			38268.4
Q8NFD5	Q8NFD5	ARI1B_HUMAN	ARID1B	AT-rich interactive domain-containing protein 1B	139679		105685	
Q8NFF5	Q8NFF5	FAD1_HUMAN	FLAD1	FAD synthase	62322.2		17355.9	
Q8NFH3	Q8NFH3	NUP43_HUMAN	NUP43	Nucleoporin Nup43	299766	127248	175931	108270
Q8NFH4	Q8NFH4	NUP37_HUMAN	NUP37	Nucleoporin Nup37	740549	1.39882e+06	691778	920498
Q8NFJ5	Q8NFJ5	RAI3_HUMAN	GPRC5A	Retinoic acid-induced protein 3	1.33574e+06	1.61631e+06	984194	760249
Q8NFT2	Q8NFT2	STEA2_HUMAN	STEAP2	Metalloreductase STEAP2		225892	156396	
Q8NFU3	Q8NFU3	TSTD1_HUMAN	TSTD1	Thiosulfate:glutathione sulfurtransferase		415471		
Q8NFV4	Q8NFV4	ABHDB_HUMAN	ABHD11	Protein ABHD11	576083	570748	415486	
Q8NFW8	Q8NFW8	NEUA_HUMAN	CMAS	N-acylneuraminate cytidylyltransferase	926395	699221	1.06726e+06	587093
Q8NG11	Q8NG11	TSN14_HUMAN	TSPAN14	Tetraspanin-14	311454	491495	304331	414005
Q8NGA1	Q8NGA1	OR1M1_HUMAN	OR1M1	Olfactory receptor 1M1	6.04447e+06	8.05277e+06	9.94167e+06	9.77057e+06
Q8NHG7	Q8NHG7;A0A1B0GVG4	SVIP_HUMAN	SVIP	Small VCP/p97-interacting protein	101662	690189		600069
Q8NHH9	Q8NHH9	ATLA2_HUMAN	ATL2	Atlastin-2	84236.4			
Q8NHP6	Q8NHP6	MSPD2_HUMAN	MOSPD2	Motile sperm domain-containing protein 2	223954	397347	265545	520914
Q8NHP8	Q8NHP8	PLBL2_HUMAN	PLBD2	Putative phospholipase B-like 2	1.27635e+06	1.95026e+06	1.22913e+06	2.33454e+06
Q8NHQ9	Q8NHQ9	DDX55_HUMAN	DDX55	ATP-dependent RNA helicase DDX55	4.59673e+06	1.56216e+07	8.87954e+06	1.20616e+07
Q8NHV1	Q8NHV1	GIMA7_HUMAN	GIMAP7	GTPase IMAP family member 7	208274	168899		160339
Q8NI27	Q8NI27	THOC2_HUMAN	THOC2	THO complex subunit 2	64147.3			
Q8NI36	Q8NI36	WDR36_HUMAN	WDR36	WD repeat-containing protein 36	97059.5	87197.1	47840.4	
Q8TAC1	Q8TAC1	RFESD_HUMAN	RFESD	Rieske domain-containing protein			115979	
Q8TAF3	Q8TAF3	WDR48_HUMAN	WDR48	WD repeat-containing protein 48	156339	53893.6	161369	
Q8TAL6	Q8TAL6	FIBIN_HUMAN	FIBIN	Fin bud initiation factor homolog	48488.9	384158	83793.6	394077
Q8TAQ2	Q8TAQ2	SMRC2_HUMAN	SMARCC2	SWI/SNF complex subunit SMARCC2	1.14413e+06	716728	791113	621726
Q8TAT6	Q8TAT6	NPL4_HUMAN	NPLOC4	Nuclear protein localization protein 4 homolog	1.05582e+06	685290	939330	579700
Q8TAV4	Q8TAV4	STML3_HUMAN	STOML3	Stomatin-like protein 3	1.23564e+07	2.14244e+07	2.68428e+07	2.80868e+07
Q8TB03	Q8TB03	CX038_HUMAN	CXorf38	Uncharacterized protein CXorf38	185277	459947	432007	165222
Q8TB24	Q8TB24	RIN3_HUMAN	RIN3	Ras and Rab interactor 3	68857.2		12719.9	94494.1
Q8TB72	Q8TB72	PUM2_HUMAN	PUM2	Pumilio homolog 2	105094	35208.8	65110.9	
Q8TBA6	Q8TBA6	GOGA5_HUMAN	GOLGA5	Golgin subfamily A member 5	166241	342937	561898	
Q8TBC4	Q8TBC4	UBA3_HUMAN	UBA3	NEDD8-activating enzyme E1 catalytic subunit	379839	466807	359915	
Q8TBQ9	Q8TBQ9	KISHA_HUMAN	TMEM167A	Protein kish-A	1.14203e+06	1.86751e+06	1.35431e+06	1.12047e+06
Q8TBX8	Q8TBX8	PI42C_HUMAN	PIP4K2C	Phosphatidylinositol 5-phosphate 4-kinase type-2 gamma	197214	82581.2	136566	56207.5
Q8TBY9	Q8TBY9	CF251_HUMAN	CFAP251	Cilia- and flagella-associated protein 251			5.15839e+06	
Q8TC07	Q8TC07	TBC15_HUMAN	TBC1D15	TBC1 domain family member 15	387318	145923	355829	146317
Q8TC12	Q8TC12	RDH11_HUMAN	RDH11	Retinol dehydrogenase 11	658686	409881	621823	310132
Q8TCA0	Q8TCA0	LRC20_HUMAN	LRRC20	Leucine-rich repeat-containing protein 20	58014.1	92166.8		
Q8TCD1	Q8TCD1	CR032_HUMAN	C18orf32	UPF0729 protein C18orf32	187158	291685	331909	256109
Q8TCG2	Q8TCG2	P4K2B_HUMAN	PI4K2B	Phosphatidylinositol 4-kinase type 2-beta	36316.2			
Q8TCJ2	Q8TCJ2	STT3B_HUMAN	STT3B	Dolichyl-diphosphooligosaccharide--protein glycosyltransferase subunit STT3B	505265	727120	932412	689586
Q8TCS8	Q8TCS8	PNPT1_HUMAN	PNPT1	Polyribonucleotide nucleotidyltransferase 1, mitochondrial	945289	591416	721721	283587
Q8TCT8	Q8TCT8	SPP2A_HUMAN	SPPL2A	Signal peptide peptidase-like 2A	213565	475394	252444	485247
Q8TCT9	Q8TCT9	HM13_HUMAN	HM13	Minor histocompatibility antigen H13	645475	384426	491839	190341
Q8TCU6	Q8TCU6	PREX1_HUMAN	PREX1	Phosphatidylinositol 3,4,5-trisphosphate-dependent Rac exchanger 1 protein	270957	288777	226458	237080
Q8TD06	Q8TD06	AGR3_HUMAN	AGR3	Anterior gradient protein 3	1.03994e+06	763548	594270	170902
Q8TD08	Q8TD08	MK15_HUMAN	MAPK15	Mitogen-activated protein kinase 15	1.34617e+06	1.56099e+06	1.93007e+06	724939
Q8TD16	Q8TD16	BICD2_HUMAN	BICD2	Protein bicaudal D homolog 2	223759	264995	162175	258439
Q8TD19	Q8TD19	NEK9_HUMAN	NEK9	Serine/threonine-protein kinase Nek9	1.40156e+06	1.962e+06	982839	3.22514e+06
Q8TD46	Q8TD46	MO2R1_HUMAN	CD200R1	Cell surface glycoprotein CD200 receptor 1	121666	498754	97958.1	644852
Q8TD55	Q8TD55	PKHO2_HUMAN	PLEKHO2	Pleckstrin homology domain-containing family O member 2	1.14242e+06	824885	1.04116e+06	1.21666e+06
Q8TDB6	Q8TDB6	DTX3L_HUMAN	DTX3L	E3 ubiquitin-protein ligase DTX3L	120617		133301	
Q8TDN6	Q8TDN6	BRX1_HUMAN	BRIX1	Ribosome biogenesis protein BRX1 homolog	120181		31625.1	
Q8TDP1	Q8TDP1	RNH2C_HUMAN	RNASEH2C	Ribonuclease H2 subunit C	192421			
Q8TDQ1	Q8TDQ1	CLM1_HUMAN	CD300LF	CMRF35-like molecule 1		255133	169050	584510
Q8TDQ7	Q8TDQ7	GNPI2_HUMAN	GNPDA2	Glucosamine-6-phosphate isomerase 2	520235	479870	614067	432603
Q8TDX7	Q8TDX7	NEK7_HUMAN	NEK7	Serine/threonine-protein kinase Nek7	565702	492635	545587	
Q8TDZ2	Q8TDZ2	MICA1_HUMAN	MICAL1	[F-actin]-monooxygenase MICAL1	189269	242620	206716	252691
Q8TE67	Q8TE67	ES8L3_HUMAN	EPS8L3	Epidermal growth factor receptor kinase substrate 8-like protein 3	381445	249982	157807	
Q8TE99	Q8TE99	PXYP1_HUMAN	PXYLP1	2-phosphoxylose phosphatase 1	163277	526119	317451	310205
Q8TEA8	Q8TEA8	DTD1_HUMAN	DTD1	D-aminoacyl-tRNA deacylase 1	636887	752014	1.05847e+06	523179
Q8TED1	Q8TED1	GPX8_HUMAN	GPX8	Probable glutathione peroxidase 8	897690	344635	871192	271241
Q8TEQ6	Q8TEQ6	GEMI5_HUMAN	GEMIN5	Gem-associated protein 5	247171		102757	
Q8TET4	Q8TET4	GANC_HUMAN	GANC	Neutral alpha-glucosidase C	159142		141284	71467.5
Q8TEU7	Q8TEU7	RPGF6_HUMAN	RAPGEF6	Rap guanine nucleotide exchange factor 6	16950.5			
Q8TEW0	Q8TEW0	PARD3_HUMAN	PARD3	Partitioning defective 3 homolog	180923		222936	
Q8TEX9	Q8TEX9	IPO4_HUMAN	IPO4	Importin-4	115069			
Q8TF66	Q8TF66	LRC15_HUMAN	LRRC15	Leucine-rich repeat-containing protein 15	544642	377946	1.09491e+06	108317
Q8WTS1	Q8WTS1	ABHD5_HUMAN	ABHD5	1-acylglycerol-3-phosphate O-acyltransferase ABHD5	93419.5			204496
Q8WTS6	Q8WTS6	SETD7_HUMAN	SETD7	Histone-lysine N-methyltransferase SETD7	444614	360494	563494	368506
Q8WTV0	Q8WTV0	SCRB1_HUMAN	SCARB1	Scavenger receptor class B member 1	355840	236614	205886	
Q8WU39	Q8WU39	MZB1_HUMAN	MZB1	Marginal zone B- and B1-cell-specific protein	4.26749e+06	782800	1.50088e+07	7.15434e+06
Q8WU79	Q8WU79	SMAP2_HUMAN	SMAP2	Stromal membrane-associated protein 2	1.03544e+06	635214	747474	1.10722e+06
Q8WU90	Q8WU90	ZC3HF_HUMAN	ZC3H15	Zinc finger CCCH domain-containing protein 15	401417	227430	297291	151482
Q8WUA2	Q8WUA2	PPIL4_HUMAN	PPIL4	Peptidyl-prolyl cis-trans isomerase-like 4	334328	210775	301748	192710
Q8WUA4	Q8WUA4	TF3C2_HUMAN	GTF3C2	General transcription factor 3C polypeptide 2	362968		272345	
Q8WUD1	Q8WUD1	RAB2B_HUMAN	RAB2B	Ras-related protein Rab-2B	224328	116560	298642	184690
Q8WUF5	Q8WUF5	IASPP_HUMAN	PPP1R13L	RelA-associated inhibitor	541242	645902		789141
Q8WUF8	Q8WUF8	F172A_HUMAN	FAM172A	Cotranscriptional regulator FAM172A	145910		92563.2	
Q8WUH6	Q8WUH6	TM263_HUMAN	TMEM263	Transmembrane protein 263	685077		1.49768e+06	615390
Q8WUJ3	Q8WUJ3	CEMIP_HUMAN	CEMIP	Cell migration-inducing and hyaluronan-binding protein	184516		321559	340234
Q8WUM4	Q8WUM4	PDC6I_HUMAN	PDCD6IP	Programmed cell death 6-interacting protein	4.44424e+06	4.32138e+06	4.55622e+06	2.60313e+06
Q8WUN7	Q9HAC8;Q8WUN7	UBTD2_HUMAN	UBTD2	Ubiquitin domain-containing protein 2	107139		44343.1	
Q8WUP2	Q8WUP2	FBLI1_HUMAN	FBLIM1	Filamin-binding LIM protein 1	858884	319559	668844	239993
Q8WUX9	Q8WUX9	CHMP7_HUMAN	CHMP7	Charged multivesicular body protein 7	358336	261835	243516	469365
Q8WUY3	Q8WUY3	PRUN2_HUMAN	PRUNE2	Protein prune homolog 2	63247.7	43102.9		70686.8
Q8WV19	Q8WV19	SFT2A_HUMAN	SFT2D1	Vesicle transport protein SFT2A	447957		184485	
Q8WV74	Q8WV74	NUDT8_HUMAN	NUDT8	Mitochondrial coenzyme A diphosphatase NUDT8	65317.7			
Q8WVC0	Q8WVC0	LEO1_HUMAN	LEO1	RNA polymerase-associated protein LEO1	170035		171341	
Q8WVC6	Q8WVC6	DCAKD_HUMAN	DCAKD	Dephospho-CoA kinase domain-containing protein	188633	91123.3	251205	
Q8WVJ2	Q8WVJ2	NUDC2_HUMAN	NUDCD2	NudC domain-containing protein 2	596669	473149	589465	535539
Q8WVL7	Q8WVL7	ANR49_HUMAN	ANKRD49	Ankyrin repeat domain-containing protein 49	34610.3			
Q8WVM0	Q8WVM0	TFB1M_HUMAN	TFB1M	Dimethyladenosine transferase 1, mitochondrial	71628.3			
Q8WVM7	Q8WVM7	STAG1_HUMAN	STAG1	Cohesin subunit SA-1	58555.1	61596.8		
Q8WVM8	Q8WVM8	SCFD1_HUMAN	SCFD1	Sec1 family domain-containing protein 1	159438	13360.1	129731	47188.5
Q8WVP5	Q8WVP5	TP8L1_HUMAN	TNFAIP8L1	Tumor necrosis factor alpha-induced protein 8-like protein 1	160329			
Q8WVQ1	Q8WVQ1	CANT1_HUMAN	CANT1	Soluble calcium-activated nucleotidase 1	451790	586506	448225	452809
Q8WVT3	Q8WVT3	TPC12_HUMAN	TRAPPC12	Trafficking protein particle complex subunit 12	107608	187947	86916.3	
Q8WVV4	Q8WVV4	POF1B_HUMAN	POF1B	Protein POF1B	152470	368384	362850	146074
Q8WVV9	Q8WVV9	HNRLL_HUMAN	HNRNPLL	Heterogeneous nuclear ribonucleoprotein L-like	464666	149358	355421	279079
Q8WVY7	Q8WVY7	UBCP1_HUMAN	UBLCP1	Ubiquitin-like domain-containing CTD phosphatase 1	1.37572e+06	949224	1.36554e+06	985551
Q8WW12	Q8WW12	PCNP_HUMAN	PCNP	PEST proteolytic signal-containing nuclear protein	771832	506808	1.25398e+06	426134
Q8WW43	Q8WW43	APH1B_HUMAN	APH1B	Gamma-secretase subunit APH-1B	105256	162304	136482	204424
Q8WW59	Q8WW59	SPRY4_HUMAN	SPRYD4	SPRY domain-containing protein 4	366569	200110	573398	104086
Q8WWA0	Q8WWA0	ITLN1_HUMAN	ITLN1	Intelectin-1	2.39446e+06	1.26293e+07	4.13791e+06	6.09406e+06
Q8WWH5	Q8WWH5	TRUB1_HUMAN	TRUB1	Pseudouridylate synthase TRUB1	226048		227803	
Q8WWI1	Q8WWI1	LMO7_HUMAN	LMO7	LIM domain only protein 7	543036	551830	514184	323441
Q8WWI5	Q8WWI5	CTL1_HUMAN	SLC44A1	Choline transporter-like protein 1	819045	1.08928e+06	824964	631130
Q8WWM7	Q8WWM7	ATX2L_HUMAN	ATXN2L	Ataxin-2-like protein	574754	337175	516849	447627
Q8WWM9	Q8WWM9	CYGB_HUMAN	CYGB	Cytoglobin	2.32374e+06	322245	2.4599e+06	417329
Q8WWP7	Q8WWP7	GIMA1_HUMAN	GIMAP1	GTPase IMAP family member 1	150371		56722.4	
Q8WWQ0	Q8WWQ0	PHIP_HUMAN	PHIP	PH-interacting protein	77008.2	31005	56449.4	70213.8
Q8WWW0	Q8WWW0	RASF5_HUMAN	RASSF5	Ras association domain-containing protein 5	137195	127349		177132
Q8WWX9	Q8WWX9	SELM_HUMAN	SELENOM	Selenoprotein M	402503	594996	273685	327186
Q8WWY3	Q8WWY3	PRP31_HUMAN	PRPF31	U4/U6 small nuclear ribonucleoprotein Prp31	221680		253753	
Q8WX92	Q8WX92	NELFB_HUMAN	NELFB	Negative elongation factor B	73420.7	30380.2	40590.7	
Q8WX93	Q8WX93	PALLD_HUMAN	PALLD	Palladin	6.77528e+06	4.34511e+06	4.21784e+06	1.9865e+06
Q8WXF1	Q8WXF1	PSPC1_HUMAN	PSPC1	Paraspeckle component 1	1.72959e+06	941885	1.05314e+06	884077
Q8WXH0	Q8WXH0	SYNE2_HUMAN	SYNE2	Nesprin-2	66010.5			
Q8WXI4	Q8WXI4	ACO11_HUMAN	ACOT11	Acyl-coenzyme A thioesterase 11	278423		167789	
Q8WXI8	Q8WXI8	CLC4D_HUMAN	CLEC4D	C-type lectin domain family 4 member D	75902.5	171928		178229
Q8WXR4	Q8WXR4	MYO3B_HUMAN	MYO3B	Myosin-IIIb	321237	885668	235927	1.90454e+06
Q8WXX5	Q8WXX5	DNJC9_HUMAN	DNAJC9	DnaJ homolog subfamily C member 9	42677.8	63331		
Q8WY22	Q8WY22	BRI3B_HUMAN	BRI3BP	BRI3-binding protein	378777	376213	366402	359446
Q8WYA6	Q8WYA6	CTBL1_HUMAN	CTNNBL1	Beta-catenin-like protein 1	612585	262440	433242	168334
Q8WZ82	Q8WZ82	OVCA2_HUMAN	OVCA2	Esterase OVCA2	98807	82588.1	40972.2	
Q8WZA0	Q8WZA0	LZIC_HUMAN	LZIC	Protein LZIC	343087	655338	468916	524775
Q8WZA9	Q8WZA9	IRGQ_HUMAN	IRGQ	Immunity-related GTPase family Q protein	215376		89577	
Q92466	Q92466	DDB2_HUMAN	DDB2	DNA damage-binding protein 2			955580	
Q92478	Q92478	CLC2B_HUMAN	CLEC2B	C-type lectin domain family 2 member B	117095	77833.1	53915.5	180303
Q92484	Q92484	ASM3A_HUMAN	SMPDL3A	Acid sphingomyelinase-like phosphodiesterase 3a	200674	139792	373431	102379
Q92485	Q92485	ASM3B_HUMAN	SMPDL3B	Acid sphingomyelinase-like phosphodiesterase 3b	67051.4		144897	
Q92496	Q02985;Q92496	FHR4_HUMAN	CFHR4	Complement factor H-related protein 4	790965	1.16712e+07	2.13768e+06	9.09861e+06
Q92499	Q92499	DDX1_HUMAN	DDX1	ATP-dependent RNA helicase DDX1	1.81787e+06	1.23403e+06	2.45321e+06	1.47464e+06
Q92506	Q92506	DHB8_HUMAN	HSD17B8	(3R)-3-hydroxyacyl-CoA dehydrogenase	230511	169345	240935	131982
Q92508	Q92508	PIEZ1_HUMAN	PIEZO1	Piezo-type mechanosensitive ion channel component 1	74858	193493	241483	201936
Q92520	Q92520	FAM3C_HUMAN	FAM3C	Protein FAM3C	890401	921305	970412	778881
Q92522	Q92522	H1X_HUMAN	H1-10	Histone H1.10	1.17256e+06	1.62334e+06	914244	1.59243e+06
Q92523	Q92523	CPT1B_HUMAN	CPT1B	Carnitine O-palmitoyltransferase 1, muscle isoform	416686	816844	548010	806531
Q92530	Q92530	PSMF1_HUMAN	PSMF1	Proteasome inhibitor PI31 subunit	355191	723833	1.00147e+06	606793
Q92536	Q01650;Q92536;Q9UM01	YLAT2_HUMAN	SLC7A6	Y+L amino acid transporter 2	601434	349245	411133	
Q92538	Q92538	GBF1_HUMAN	GBF1	Golgi-specific brefeldin A-resistance guanine nucleotide exchange factor 1	68465.4		51126.9	
Q92541	Q92541	RTF1_HUMAN	RTF1	RNA polymerase-associated protein RTF1 homolog	576075	370365	408261	319512
Q92542	Q92542	NICA_HUMAN	NCSTN	Nicastrin	2.29302e+06	2.78166e+06	2.03393e+06	3.77085e+06
Q92544	Q92544	TM9S4_HUMAN	TM9SF4	Transmembrane 9 superfamily member 4	196813	239550	227428	69963.9
Q92551	Q92551	IP6K1_HUMAN	IP6K1	Inositol hexakisphosphate kinase 1	67459.1		73831.3	
Q92552	Q92552	RT27_HUMAN	MRPS27	Small ribosomal subunit protein mS27	242301		273212	
Q92556	Q92556	ELMO1_HUMAN	ELMO1	Engulfment and cell motility protein 1	1.9191e+06	1.84313e+06	2.39818e+06	1.21804e+06
Q92572	Q92572	AP3S1_HUMAN	AP3S1	AP-3 complex subunit sigma-1	140112	91146.8	148841	
Q92575	Q92575	UBXN4_HUMAN	UBXN4	UBX domain-containing protein 4	432048	577443	441447	348231
Q92597	Q92597	NDRG1_HUMAN	NDRG1	Protein NDRG1	854149	650841	516590	623913
Q92598	Q92598	HS105_HUMAN	HSPH1	Heat shock protein 105 kDa	5.41973e+06	4.21825e+06	4.40012e+06	1.69346e+06
Q92599	Q92599	SEPT8_HUMAN	SEPTIN8	Septin-8	1.6965e+06	578029	1.51214e+06	471451
Q92600	Q92600	CNOT9_HUMAN	CNOT9	CCR4-NOT transcription complex subunit 9	294779	258850	217721	
Q92608	Q92608	DOCK2_HUMAN	DOCK2	Dedicator of cytokinesis protein 2	434263	603971	363249	886770
Q92615	Q92615	LAR4B_HUMAN	LARP4B	La-related protein 4B	55806.8		215110	
Q92616	Q92616	GCN1_HUMAN	GCN1	Stalled ribosome sensor GCN1	533817	297022	410366	188710
Q92619	Q92619	HMHA1_HUMAN	ARHGAP45	Rho GTPase-activating protein 45	242156	290584	252657	263973
Q92620	Q92620	PRP16_HUMAN	DHX38	Pre-mRNA-splicing factor ATP-dependent RNA helicase PRP16	736734		892045	1.26703e+06
Q92621	Q92621	NU205_HUMAN	NUP205	Nuclear pore complex protein Nup205		74119.7		
Q92623	Q92623	TTC9A_HUMAN	TTC9	Tetratricopeptide repeat protein 9A	168196			306950
Q92625	Q92625	ANS1A_HUMAN	ANKS1A	Ankyrin repeat and SAM domain-containing protein 1A	196700	334894	228570	
Q92626	Q92626	PXDN_HUMAN	PXDN	Peroxidasin homolog	944192	1.41303e+06	635970	949918
Q92629	Q92629	SGCD_HUMAN	SGCD	Delta-sarcoglycan	283528	214920	520808	153407
Q92633	Q92633	LPAR1_HUMAN	LPAR1	Lysophosphatidic acid receptor 1	182977	169887	294838	97639.9
Q92665	Q92665	RT31_HUMAN	MRPS31	Small ribosomal subunit protein mS31	121373	47860.2	101338	71316.1
Q92673	Q92673	SORL_HUMAN	SORL1	Sortilin-related receptor	304005	855535	334477	930816
Q92688	Q92688	AN32B_HUMAN	ANP32B	Acidic leucine-rich nuclear phosphoprotein 32 family member B	8.13139e+06	7.92901e+06	5.85616e+06	5.70345e+06
Q92692	Q92692	NECT2_HUMAN	NECTIN2	Nectin-2	983920	629202	889327	726251
Q92696	Q92696	PGTA_HUMAN	RABGGTA	Geranylgeranyl transferase type-2 subunit alpha	125452	117678	223921	93563.1
Q92733	Q92733	PRCC_HUMAN	PRCC	Proline-rich protein PRCC	421973	138022	197320	107159
Q92734	Q92734	TFG_HUMAN	TFG	Protein TFG	3.34232e+06	2.22313e+06	2.77925e+06	1.23604e+06
Q92743	Q92743	HTRA1_HUMAN	HTRA1	Serine protease HTRA1	232788	288607	681305	198332
Q92747	Q92747	ARC1A_HUMAN	ARPC1A	Actin-related protein 2/3 complex subunit 1A	1.9918e+06	1.63838e+06	1.71838e+06	1.036e+06
Q92769	Q92769	HDAC2_HUMAN	HDAC2	Histone deacetylase 2	414047	242074	259679	189146
Q92783	Q92783	STAM1_HUMAN	STAM	Signal transducing adapter molecule 1	442784	422532	236849	142675
Q92791	Q92791	SC65_HUMAN	P3H4	Endoplasmic reticulum protein SC65	629004	278451	637288	228390
Q92796	Q92796	DLG3_HUMAN	DLG3	Disks large homolog 3	145937		26701.1	
Q92797	Q92797	SYMPK_HUMAN	SYMPK	Symplekin	263768	196519	265707	170570
Q92804	Q92804	RBP56_HUMAN	TAF15	TATA-binding protein-associated factor 2N	331465	224045	317468	223669
Q92805	Q92805	GOGA1_HUMAN	GOLGA1	Golgin subfamily A member 1	139037		49933.9	
Q92817	Q92817	EVPL_HUMAN	EVPL	Envoplakin	162631	223168	218802	315417
Q92820	Q92820	GGH_HUMAN	GGH	Gamma-glutamyl hydrolase	3.43963e+06	5.82077e+06	3.59371e+06	4.1347e+06
Q92835	Q92835	SHIP1_HUMAN	INPP5D	Phosphatidylinositol 3,4,5-trisphosphate 5-phosphatase 1	406466	668533	384577	568307
Q92841	Q92841	DDX17_HUMAN	DDX17	Probable ATP-dependent RNA helicase DDX17	5.57015e+06	2.0299e+06	3.84743e+06	2.55352e+06
Q92854	Q92854	SEM4D_HUMAN	SEMA4D	Semaphorin-4D	40786.9			53559.6
Q92859	Q92859	NEO1_HUMAN	NEO1	Neogenin	195412			
Q92878	Q92878	RAD50_HUMAN	RAD50	DNA repair protein RAD50	1.71841e+06	750310	1.426e+06	655243
Q92879	Q92879	CELF1_HUMAN	CELF1	CUGBP Elav-like family member 1	822611	310918	373739	414228
Q92882	Q92882	OSTF1_HUMAN	OSTF1	Osteoclast-stimulating factor 1	5.71611e+06	7.30506e+06	3.96432e+06	7.13223e+06
Q92888	Q92888	ARHG1_HUMAN	ARHGEF1	Rho guanine nucleotide exchange factor 1	338750	400874	347129	249930
Q92890	Q92890	UFD1_HUMAN	UFD1	Ubiquitin recognition factor in ER-associated degradation protein 1	1.52034e+06	1.22001e+06	1.46117e+06	1.46379e+06
Q92896	Q92896	GSLG1_HUMAN	GLG1	Golgi apparatus protein 1	2.83843e+06	1.52037e+06	3.1588e+06	2.02451e+06
Q92900	Q92900	RENT1_HUMAN	UPF1	Regulator of nonsense transcripts 1	1.51237e+06	680997	1.16099e+06	676667
Q92905	Q92905	CSN5_HUMAN	COPS5	COP9 signalosome complex subunit 5	1.64103e+06	1.46676e+06	1.46114e+06	1.09785e+06
Q92922	Q92922	SMRC1_HUMAN	SMARCC1	SWI/SNF complex subunit SMARCC1	389562	130645	194012	138513
Q92925	Q92925	SMRD2_HUMAN	SMARCD2	SWI/SNF-related matrix-associated actin-dependent regulator of chromatin subfamily D member 2	317333		295385	263711
Q92930	Q92930	RAB8B_HUMAN	RAB8B	Ras-related protein Rab-8B	2.82882e+06	3.86859e+06	2.81595e+06	5.08485e+06
Q92945	Q92945	FUBP2_HUMAN	KHSRP	Far upstream element-binding protein 2	3.90663e+06	1.57911e+06	3.59644e+06	984125
Q92947	Q92947	GCDH_HUMAN	GCDH	Glutaryl-CoA dehydrogenase, mitochondrial	163844	62630.7	248449	67462.4
Q92954	Q92954	PRG4_HUMAN	PRG4	Proteoglycan 4	129502	428156	342995	703245
Q92959	Q92959	SO2A1_HUMAN	SLCO2A1	Solute carrier organic anion transporter family member 2A1	87021.3		81262.3	
Q92963	Q92963	RIT1_HUMAN	RIT1	GTP-binding protein Rit1	47443.5			
Q92973	Q92973	TNPO1_HUMAN	TNPO1	Transportin-1	1.33473e+06	1.09645e+06	1.2853e+06	641783
Q92974	Q92974	ARHG2_HUMAN	ARHGEF2	Rho guanine nucleotide exchange factor 2	230715	187264	370013	169107
Q92979	Q92979	NEP1_HUMAN	EMG1	Ribosomal RNA small subunit methyltransferase NEP1	558729	287481	408411	250953
Q92989	Q92989	CLP1_HUMAN	CLP1	Polyribonucleotide 5'-hydroxyl-kinase Clp1	133890		83116.6	
Q92990	Q92990	GLMN_HUMAN	GLMN	Glomulin	353278		432812	
Q93008	Q93008	USP9X_HUMAN	USP9X	Probable ubiquitin carboxyl-terminal hydrolase FAF-X	232641	279914	305252	132992
Q93009	Q93009	UBP7_HUMAN	USP7	Ubiquitin carboxyl-terminal hydrolase 7	1.07177e+06	636380	826198	473393
Q93033	Q93033	IGSF2_HUMAN	CD101	Immunoglobulin superfamily member 2	306928	1.167e+06	513946	1.03755e+06
Q93034	Q93034	CUL5_HUMAN	CUL5	Cullin-5	378270	415767	475898	171623
Q93045	Q93045	STMN2_HUMAN	STMN2	Stathmin-2	3.02855e+06	2.9644e+06	1.41601e+06	2.19043e+06
Q93050	Q93050	VPP1_HUMAN	ATP6V0A1	V-type proton ATPase 116 kDa subunit a 1	276787	622347	442694	375301
Q93052	Q93052	LPP_HUMAN	LPP	Lipoma-preferred partner	2.91848e+06	1.31275e+06	2.6201e+06	857426
Q93062	Q93062	RBPMS_HUMAN	RBPMS	RNA-binding protein with multiple splicing	1.42769e+06	603522	861089	531346
Q93084	Q93084	AT2A3_HUMAN	ATP2A3	Sarcoplasmic/endoplasmic reticulum calcium ATPase 3	190627	392262	345040	247031
Q93091	Q93091	RNAS6_HUMAN	RNASE6	Ribonuclease K6	431777	339988	521963	532361
Q93096	Q93096	TP4A1_HUMAN	PTP4A1	Protein tyrosine phosphatase type IVA 1	578413	330647	395032	334727
Q93099	Q93099	HGD_HUMAN	HGD	Homogentisate 1,2-dioxygenase	44977.4	69934.4	41244	
Q969E2	Q969E2	SCAM4_HUMAN	SCAMP4	Secretory carrier-associated membrane protein 4	25877.2	30926.3		
Q969E4	Q5H9L2;Q969E4	TCAL3_HUMAN	TCEAL3	Transcription elongation factor A protein-like 3	790825	544425	535569	168369
Q969G3	Q969G3	SMCE1_HUMAN	SMARCE1	SWI/SNF-related matrix-associated actin-dependent regulator of chromatin subfamily E member 1	393687	303392	334125	357860
Q969G5	Q969G5	CAVN3_HUMAN	CAVIN3	Caveolae-associated protein 3	2.23442e+06	745600	2.02056e+06	612559
Q969G6	Q969G6	RIFK_HUMAN	RFK	Riboflavin kinase	168545			
Q969H6	Q969H6	POP5_HUMAN	POP5	Ribonuclease P/MRP protein subunit POP5	60102.2			
Q969H8	Q969H8	MYDGF_HUMAN	MYDGF	Myeloid-derived growth factor	7.03658e+06	7.10189e+06	6.25025e+06	8.26423e+06
Q969J3	Q969J3	BORC5_HUMAN	BORCS5	BLOC-1-related complex subunit 5	133670	309736	193805	185230
Q969L2	Q969L2	MAL2_HUMAN	MAL2	Protein MAL2	516875	1.4842e+06	543149	68089.2
Q969P0	Q969P0	IGSF8_HUMAN	IGSF8	Immunoglobulin superfamily member 8	275913	333172	197857	433042
Q969Q5	Q969Q5	RAB24_HUMAN	RAB24	Ras-related protein Rab-24	479941	554139	376779	1.13607e+06
Q969S3	Q969S3	ZN622_HUMAN	ZNF622	Cytoplasmic 60S subunit biogenesis factor ZNF622	81585.4		25067.5	
Q969T9	Q969T9	WBP2_HUMAN	WBP2	WW domain-binding protein 2	1.1335e+06	2.68058e+06	1.87541e+06	2.84283e+06
Q969U7	Q969U7	PSMG2_HUMAN	PSMG2	Proteasome assembly chaperone 2	742191	492804	657042	400521
Q969V3	Q969V3	NCLN_HUMAN	NCLN	BOS complex subunit NCLN	202976	246405	291009	151607
Q969X1	Q969X1	LFG3_HUMAN	TMBIM1	Protein lifeguard 3	758543	1.62451e+06	1.13497e+06	890885
Q969X5	Q969X5	ERGI1_HUMAN	ERGIC1	Endoplasmic reticulum-Golgi intermediate compartment protein 1	842114	898060	938211	616447
Q969Z3	Q969Z3	MARC2_HUMAN	MTARC2	Mitochondrial amidoxime reducing component 2	250553	191915	269046	128641
Q96A26	Q96A26	F162A_HUMAN	FAM162A	Protein FAM162A	2.82307e+06	3.11493e+06	2.56328e+06	3.08064e+06
Q96A33	Q96A33	CCD47_HUMAN	CCDC47	PAT complex subunit CCDC47	348814	220785	282162	162852
Q96A35	Q96A35	RM24_HUMAN	MRPL24	Large ribosomal subunit protein uL24m	136021	119816	246373	
Q96A49	Q96A49	SYAP1_HUMAN	SYAP1	Synapse-associated protein 1	688011	381300	484427	
Q96A57	Q96A57	TM230_HUMAN	TMEM230	Transmembrane protein 230	315842	426534	256388	167322
Q96A58	Q96A58	RERG_HUMAN	RERG	Ras-related and estrogen-regulated growth inhibitor	101972		116283	
Q96AB3	Q96AB3	ISOC2_HUMAN	ISOC2	Isochorismatase domain-containing protein 2	103419		72000.9	41734.4
Q96AB6	Q96AB6	NTAN1_HUMAN	NTAN1	Protein N-terminal asparagine amidohydrolase	128699		128261	
Q96AC1	Q96AC1;Q9BQL6	FERM2_HUMAN	FERMT2	Fermitin family homolog 2	918146	834078	1.05246e+06	524565
Q96AE4	Q96AE4	FUBP1_HUMAN	FUBP1	Far upstream element-binding protein 1	6.50938e+06	3.66884e+06	6.11222e+06	4.57526e+06
Q96AG4	Q96AG4	LRC59_HUMAN	LRRC59	Leucine-rich repeat-containing protein 59	9.53232e+06	5.28478e+06	1.06008e+07	3.17725e+06
Q96AH8	Q96AH8	RAB7B_HUMAN	RAB7B	Ras-related protein Rab-7b	53025.4	17619.8	92688.3	56212.7
Q96AJ9	Q96AJ9	VTI1A_HUMAN	VTI1A	Vesicle transport through interaction with t-SNAREs homolog 1A	115680	105995		100418
Q96AM1	Q96AM1	MRGRF_HUMAN	MRGPRF	Mas-related G-protein coupled receptor member F	135777	36507.6	359735	64902.5
Q96AP7	Q96AP7	ESAM_HUMAN	ESAM	Endothelial cell-selective adhesion molecule	988794	265349	880368	323565
Q96AQ6	Q96AQ6	PBIP1_HUMAN	PBXIP1	Pre-B-cell leukemia transcription factor-interacting protein 1	168285			
Q96AX2	Q96AX2	RAB37_HUMAN	RAB37	Ras-related protein Rab-37	745989	806305	907783	1.31992e+06
Q96AY3	Q96AY3	FKB10_HUMAN	FKBP10	Peptidyl-prolyl cis-trans isomerase FKBP10	8.66876e+06	4.12727e+06	7.97929e+06	4.70161e+06
Q96AZ6	Q96AZ6	ISG20_HUMAN	ISG20	Interferon-stimulated gene 20 kDa protein	330760	352458	181812	178817
Q96B26	Q96B26	EXOS8_HUMAN	EXOSC8	Exosome complex component RRP43	366148	170712	304818	
Q96B97	Q96B97	SH3K1_HUMAN	SH3KBP1	SH3 domain-containing kinase-binding protein 1	858067	908545	756487	1.00155e+06
Q96BJ3	Q96BJ3	AIDA_HUMAN	AIDA	Axin interactor, dorsalization-associated protein	536443		762804	146771
Q96BM9	Q96BM9	ARL8A_HUMAN	ARL8A	ADP-ribosylation factor-like protein 8A	387627	496443	556361	790704
Q96BN8	Q96BN8	OTUL_HUMAN	OTULIN	Ubiquitin thioesterase otulin	105619	238399	95035.5	
Q96BP3	Q96BP3	PPWD1_HUMAN	PPWD1	Peptidylprolyl isomerase domain and WD repeat-containing protein 1	856274	701100	635038	738859
Q96BQ1	Q96BQ1	FAM3D_HUMAN	FAM3D	Protein FAM3D	338443	817142	257608	173146
Q96BR5	Q96BR5	COA7_HUMAN	COA7	Cytochrome c oxidase assembly factor 7	513444	318433	449910	197040
Q96BW5	Q96BW5	PTER_HUMAN	PTER	Phosphotriesterase-related protein	452231	680908	403784	321339
Q96BX8	Q96BX8	MOB3A_HUMAN	MOB3A	MOB kinase activator 3A	374517	317671	326902	503593
Q96BY7	Q96BY7	ATG2B_HUMAN	ATG2B	Autophagy-related protein 2 homolog B	37466.6			
Q96C01	Q96C01	F136A_HUMAN	FAM136A	Protein FAM136A	568957	457801	399216	340203
Q96C19	Q96C19	EFHD2_HUMAN	EFHD2	EF-hand domain-containing protein D2	6.36853e+06	8.9903e+06	5.02977e+06	9.74421e+06
Q96C23	Q96C23	GALM_HUMAN	GALM	Galactose mutarotase	1.78807e+06	1.37746e+06	1.56463e+06	1.30751e+06
Q96C24	Q96C24	SYTL4_HUMAN	SYTL4	Synaptotagmin-like protein 4			204376	
Q96C86	Q96C86	DCPS_HUMAN	DCPS	m7GpppX diphosphatase	913861	737993	815025	743674
Q96C90	Q96C90	PP14B_HUMAN	PPP1R14B	Protein phosphatase 1 regulatory subunit 14B	2.3719e+06	3.91176e+06	5.67568e+06	2.31102e+06
Q96CB8	Q96CB8	INT12_HUMAN	INTS12	Integrator complex subunit 12	39012.8			
Q96CD2	Q96CD2	COAC_HUMAN	PPCDC	Phosphopantothenoylcysteine decarboxylase	127020	242826	194533	163509
Q96CG8	Q96CG8	CTHR1_HUMAN	CTHRC1	Collagen triple helix repeat-containing protein 1	2.66281e+06	4.96968e+06	3.12458e+06	3.08719e+06
Q96CM8	Q96CM8	ACSF2_HUMAN	ACSF2	Medium-chain acyl-CoA ligase ACSF2, mitochondrial	46259.3		22043.3	
Q96CN7	Q96CN7	ISOC1_HUMAN	ISOC1	Isochorismatase domain-containing protein 1	1.67922e+06	1.29747e+06	1.50109e+06	1.01978e+06
Q96CN9	Q96CN9	GCC1_HUMAN	GCC1	GRIP and coiled-coil domain-containing protein 1	152743	78233.8	231852	
Q96CP2	Q96CP2	FWCH2_HUMAN	FLYWCH2	FLYWCH family member 2	321218	132051	121361	112201
Q96CS3	Q96CS3	FAF2_HUMAN	FAF2	FAS-associated factor 2	65423.2		43163.3	
Q96CT7	Q96CT7	CC124_HUMAN	CCDC124	Coiled-coil domain-containing protein 124	573926	501387	348662	412571
Q96CV9	Q96CV9	OPTN_HUMAN	OPTN	Optineurin	272205	168002	345098	115456
Q96CW1	Q96CW1	AP2M1_HUMAN	AP2M1	AP-2 complex subunit mu	457047	769547	803261	499710
Q96CX2	Q96CX2;Q68DU8	KCD12_HUMAN	KCTD12	BTB/POZ domain-containing protein KCTD12	2.1789e+06	2.2005e+06	1.97477e+06	1.69776e+06
Q96D15	Q96D15	RCN3_HUMAN	RCN3	Reticulocalbin-3	609935	376553	1.37236e+06	438668
Q96D96	Q96D96	HVCN1_HUMAN	HVCN1	Voltage-gated hydrogen channel 1	1.50105e+06	1.90667e+06	1.82e+06	4.00357e+06
Q96DA0	Q96DA0	ZG16B_HUMAN	ZG16B	Zymogen granule protein 16 homolog B		304554	352809	
Q96DA6	Q96DA6	TIM14_HUMAN	DNAJC19	Mitochondrial import inner membrane translocase subunit TIM14	445396	406023	325384	376121
Q96DB5	Q96DB5	RMD1_HUMAN	RMDN1	Regulator of microtubule dynamics protein 1	720463	826300	675565	679976
Q96DD7	Q96DD7	SHSA4_HUMAN	SHISA4	Protein shisa-4	64336.6		128856	66848.7
Q96DE0	Q96DE0	NUD16_HUMAN	NUDT16	U8 snoRNA-decapping enzyme	492481	619149	404211	499810
Q96DG6	Q96DG6	CMBL_HUMAN	CMBL	Carboxymethylenebutenolidase homolog	626244	706778	806155	131847
Q96DH6	Q96DH6	MSI2H_HUMAN	MSI2	RNA-binding protein Musashi homolog 2	419400	295097	556276	339006
Q96DI7	Q96DI7	SNR40_HUMAN	SNRNP40	U5 small nuclear ribonucleoprotein 40 kDa protein	473507	352686	327661	480924
Q96DV4	Q96DV4	RM38_HUMAN	MRPL38	Large ribosomal subunit protein mL38	99280.7		58905.1	
Q96DZ1	Q96DZ1	ERLEC_HUMAN	ERLEC1	Endoplasmic reticulum lectin 1	724331	668430	747713	691811
Q96E11	Q96E11	RRFM_HUMAN	MRRF	Ribosome-recycling factor, mitochondrial	1.33046e+06	765156	1.28978e+06	295037
Q96E39	Q96E39	RMXL1_HUMAN	RBMXL1	RNA binding motif protein, X-linked-like-1	509361	434150	498150	608898
Q96EB1	Q96EB1	ELP4_HUMAN	ELP4	Elongator complex protein 4	54508.8			
Q96ED9	Q96ED9	HOOK2_HUMAN	HOOK2	Protein Hook homolog 2	58128.6			27075.3
Q96EE3	Q96EE3	SEH1_HUMAN	SEH1L	Nucleoporin SEH1	964833	1.06254e+06	812221	1.02353e+06
Q96EE4	Q96EE4	CC126_HUMAN	CCDC126	Coiled-coil domain-containing protein 126		13589.1		
Q96EK6	Q96EK6	GNA1_HUMAN	GNPNAT1	Glucosamine 6-phosphate N-acetyltransferase	989080	547380	676524	147598
Q96EL2	Q96EL2	RT24_HUMAN	MRPS24	Small ribosomal subunit protein uS3m	127008			
Q96EM0	Q96EM0	T3HPD_HUMAN	L3HYPDH	Trans-3-hydroxy-L-proline dehydratase	335566		324039	173379
Q96EP5	Q96EP5	DAZP1_HUMAN	DAZAP1	DAZ-associated protein 1	2.0569e+06	1.3429e+06	1.99585e+06	1.33845e+06
Q96EQ0	Q96EQ0	SGTB_HUMAN	SGTB	Small glutamine-rich tetratricopeptide repeat-containing protein beta	296303	455169	146138	489311
Q96EY1	Q96EY1	DNJA3_HUMAN	DNAJA3	DnaJ homolog subfamily A member 3, mitochondrial	184959	433105	341546	353774
Q96EY5	Q96EY5	MB12A_HUMAN	MVB12A	Multivesicular body subunit 12A	347835	341297	381278	287160
Q96EY7	Q96EY7	PTCD3_HUMAN	PTCD3	Small ribosomal subunit protein mS39	389084			
Q96EY8	Q96EY8	MMAB_HUMAN	MMAB	Corrinoid adenosyltransferase MMAB	350003		233585	
Q96F07	Q96F07	CYFP2_HUMAN	CYFIP2	Cytoplasmic FMR1-interacting protein 2	41894.6	108175	74744.7	82310.4
Q96F15	Q96F15	GIMA5_HUMAN	GIMAP5	GTPase IMAP family member 5	99172.4		108204	
Q96F24	Q96F24	NRBF2_HUMAN	NRBF2	Nuclear receptor-binding factor 2	415683	890500		753597
Q96F85	Q96F85	CNRP1_HUMAN	CNRIP1	CB1 cannabinoid receptor-interacting protein 1	763320	613288	1.11635e+06	593740
Q96FJ0	Q96FJ0	STALP_HUMAN	STAMBPL1	AMSH-like protease	249849		818459	
Q96FJ2	Q96FJ2	DYL2_HUMAN	DYNLL2	Dynein light chain 2, cytoplasmic	594260	1.11912e+06	751834	739938
Q96FN4	Q96FN4	CPNE2_HUMAN	CPNE2	Copine-2	334649	664764	189900	375692
Q96FQ6	Q96FQ6	S10AG_HUMAN	S100A16	Protein S100-A16	886398	608723	840739	258180
Q96FS4	Q96FS4	SIPA1_HUMAN	SIPA1	Signal-induced proliferation-associated protein 1	614581	343653	504832	805249
Q96FV2	Q96FV2	SCRN2_HUMAN	SCRN2	Secernin-2	157017	557555	218610	98948.3
Q96FV9	Q96FV9	THOC1_HUMAN	THOC1	THO complex subunit 1	314123	212717	202868	114386
Q96FW1	Q96FW1	OTUB1_HUMAN	OTUB1	Ubiquitin thioesterase OTUB1	958590	843983	1.04087e+06	339127
Q96FZ7	Q96FZ7	CHMP6_HUMAN	CHMP6	Charged multivesicular body protein 6	605800	508872	628455	442396
Q96G03	Q96G03	PGM2_HUMAN	PGM2	Phosphopentomutase	2.05026e+06	1.62155e+06	2.32761e+06	1.40111e+06
Q96G21	Q96G21	IMP4_HUMAN	IMP4	U3 small nucleolar ribonucleoprotein protein IMP4	162865		89621	
Q96G23	Q96G23	CERS2_HUMAN	CERS2	Ceramide synthase 2	335536	134657	171229	90947
Q96GD0	Q96GD0	PLPP_HUMAN	PDXP	Chronophin	638816	1.04438e+06	1.21757e+06	860842
Q96GG9	Q6PH85;Q96GG9	DCNL1_HUMAN	DCUN1D1	DCN1-like protein 1	1.72608e+06	1.73659e+06	2.08313e+06	1.88508e+06
Q96GK7	Q96GK7	FAH2A_HUMAN	FAHD2A	Fumarylacetoacetate hydrolase domain-containing protein 2A	612869	584698	652104	544276
Q96GM5	Q96GM5	SMRD1_HUMAN	SMARCD1	SWI/SNF-related matrix-associated actin-dependent regulator of chromatin subfamily D member 1	75820.9			
Q96GM8	Q96GM8	TOE1_HUMAN	TOE1	Target of EGR1 protein 1	63324.1			
Q96GP6	Q96GP6	SREC2_HUMAN	SCARF2	Scavenger receptor class F member 2	438705		524173	
Q96GQ7	Q96GQ7	DDX27_HUMAN	DDX27	Probable ATP-dependent RNA helicase DDX27	180952		77603.4	
Q96GX9	Q96GX9	MTNB_HUMAN	APIP	Methylthioribulose-1-phosphate dehydratase	543767	326193	449559	422693
Q96GY0	Q96GY0	ZC21A_HUMAN	ZC2HC1A	Zinc finger C2HC domain-containing protein 1A	71481.1	8918.14	57416.1	
Q96H79	Q96H79	ZCCHL_HUMAN	ZC3HAV1L	Zinc finger CCCH-type antiviral protein 1-like	369345	265836	200006	
Q96HC4	Q96HC4	PDLI5_HUMAN	PDLIM5	PDZ and LIM domain protein 5	4.4572e+06	3.33163e+06	3.39395e+06	1.75383e+06
Q96HD1	Q96HD1	CREL1_HUMAN	CRELD1	Protein disulfide isomerase CRELD1	136534	185057	180262	241811
Q96HE7	Q96HE7	ERO1A_HUMAN	ERO1A	ERO1-like protein alpha	5.5047e+06	6.33553e+06	3.86392e+06	8.49628e+06
Q96HF1	Q96HF1	SFRP2_HUMAN	SFRP2	Secreted frizzled-related protein 2	166216		86626.5	33860.1
Q96HL8	Q96HL8	SH3Y1_HUMAN	SH3YL1	SH3 domain-containing YSC84-like protein 1	32803.6			
Q96HN2	Q96HN2	SAHH3_HUMAN	AHCYL2	Adenosylhomocysteinase 3	933918	625680	445817	271889
Q96HP8	Q96HP8	T176A_HUMAN	TMEM176A	Transmembrane protein 176A	195297	161683	171663	
Q96HR9	Q96HR9	REEP6_HUMAN	REEP6	Receptor expression-enhancing protein 6		71973.9		
Q96HV5	Q96HV5	TM41A_HUMAN	TMEM41A	Transmembrane protein 41A	102697	58646.4		
Q96HY6	Q96HY6	DDRGK_HUMAN	DDRGK1	DDRGK domain-containing protein 1	549802	355997	455293	61897.1
Q96I15	Q96I15	SCLY_HUMAN	SCLY	Selenocysteine lyase	631560	511160	766029	458221
Q96I24	Q96I24	FUBP3_HUMAN	FUBP3	Far upstream element-binding protein 3	3.31096e+06	995607	3.34295e+06	1.03435e+06
Q96I25	Q96I25	SPF45_HUMAN	RBM17	Splicing factor 45	798452	535816	423629	589403
Q96I51	Q96I51	RCC1L_HUMAN	RCC1L	RCC1-like G exchanging factor-like protein	64343.3		30761.5	
Q96I59	Q96I59	SYNM_HUMAN	NARS2	Probable asparagine--tRNA ligase, mitochondrial	281659	105512	229491	93850.8
Q96I99	Q96I99	SUCB2_HUMAN	SUCLG2	Succinate--CoA ligase [GDP-forming] subunit beta, mitochondrial	459770	417407	869703	135524
Q96IJ6	Q96IJ6	GMPPA_HUMAN	GMPPA	Mannose-1-phosphate guanyltransferase alpha	675506	416602	925286	412351
Q96IU4	Q96IU4	ABHEB_HUMAN	ABHD14B	Putative protein-lysine deacylase ABHD14B	1.09027e+06	1.44491e+06	1.37654e+06	919655
Q96IX5	Q96IX5	ATPMK_HUMAN	ATP5MK	ATP synthase membrane subunit K, mitochondrial	3.40071e+06	3.54965e+06	2.18391e+06	2.96683e+06
Q96IY4	Q96IY4	CBPB2_HUMAN	CPB2	Carboxypeptidase B2	650129	2.21748e+06	1.22421e+06	3.67213e+06
Q96IZ0	Q96IZ0	PAWR_HUMAN	PAWR	PRKC apoptosis WT1 regulator protein	270450	239469	388613	88390.3
Q96J01	Q96J01	THOC3_HUMAN	THOC3	THO complex subunit 3	232770		160011	
Q96J02	Q96J02	ITCH_HUMAN	ITCH	E3 ubiquitin-protein ligase Itchy homolog	68995.5			
Q96J84	Q96J84	KIRR1_HUMAN	KIRREL1	Kin of IRRE-like protein 1	177012		263731	137494
Q96JB5	Q96JB5	CK5P3_HUMAN	CDK5RAP3	CDK5 regulatory subunit-associated protein 3	122871	152403	129383	
Q96JD6	Q96JD6	AKCL2_HUMAN	AKR1E2	1,5-anhydro-D-fructose reductase	6.60534e+06	5.37265e+06	7.69594e+06	5.05746e+06
Q96JH7	Q96JH7	VCIP1_HUMAN	VCPIP1	Deubiquitinating protein VCPIP1	73518.9		46104.9	49893.8
Q96JJ3	Q96JJ3	ELMO2_HUMAN	ELMO2	Engulfment and cell motility protein 2	148666		134085	74768.3
Q96JJ7	Q96JJ7	TMX3_HUMAN	TMX3	Protein disulfide-isomerase TMX3	894485	681304	909198	
Q96JM3	Q96JM3	CHAP1_HUMAN	CHAMP1	Chromosome alignment-maintaining phosphoprotein 1	124929		62925.7	
Q96JY6	Q96JY6	PDLI2_HUMAN	PDLIM2	PDZ and LIM domain protein 2	335420	373136	352401	255074
Q96K17	Q96K17	BT3L4_HUMAN	BTF3L4	Transcription factor BTF3 homolog 4	1.66438e+06	1.16636e+06	1.18372e+06	496437
Q96K21	Q96K21	ANCHR_HUMAN	ZFYVE19	Abscission/NoCut checkpoint regulator	161767	125044	333894	761386
Q96KC8	Q96KC8	DNJC1_HUMAN	DNAJC1	DnaJ homolog subfamily C member 1	372198	368171	369978	351181
Q96KP1	Q96KP1	EXOC2_HUMAN	EXOC2	Exocyst complex component 2	394249	420275	381116	354485
Q96KP4	Q96KP4	CNDP2_HUMAN	CNDP2	Cytosolic non-specific dipeptidase	8.24172e+06	5.13709e+06	6.2433e+06	4.47483e+06
Q96KR1	Q96KR1	ZFR_HUMAN	ZFR	Zinc finger RNA-binding protein	224953	79960.2	163846	36815.2
Q96KR6	Q96KR6	F210B_HUMAN	FAM210B	Protein FAM210B, mitochondrial	77142.7	156858	125478	37178
Q96L92	Q96L92	SNX27_HUMAN	SNX27	Sorting nexin-27	501372	546011	500209	573414
Q96LD4	Q96LD4	TRI47_HUMAN	TRIM47	E3 ubiquitin-protein ligase TRIM47	483327		425581	522146
Q96M27	Q96M27	PRRC1_HUMAN	PRRC1	Protein PRRC1	808497	1.03257e+06	727714	730897
Q96MC5	Q96MC5	MERB1_HUMAN	BMERB1	bMERB domain-containing protein 1	2.874e+06	2.72635e+06	2.20731e+06	
Q96MM6	Q96MM6	HS12B_HUMAN	HSPA12B	Heat shock 70 kDa protein 12B	16646.6		47140.6	
Q96MU7	Q96MU7	YTDC1_HUMAN	YTHDC1	YTH domain-containing protein 1	42723.4	22790.5		
Q96MW1	Q96MW1	CCD43_HUMAN	CCDC43	Coiled-coil domain-containing protein 43	342364		231929	265107
Q96MW5	Q96MW5	COG8_HUMAN	COG8	Conserved oligomeric Golgi complex subunit 8	80652	81089.8	61699.3	
Q96MY7	Q96MY7	F161B_HUMAN	FAM161B	Protein FAM161B	115852	274639	209639	242006
Q96N66	Q96N66	MBOA7_HUMAN	MBOAT7	Lysophospholipid acyltransferase 7	168703		122643	
Q96NC0	Q96NC0	ZMAT2_HUMAN	ZMAT2	Zinc finger matrin-type protein 2	83013.5			
Q96P16	Q96P16	RPR1A_HUMAN	RPRD1A	Regulation of nuclear pre-mRNA domain-containing protein 1A	654835			
Q96P47	Q96P47;Q9UPQ3	AGAP3_HUMAN	AGAP3	Arf-GAP with GTPase, ANK repeat and PH domain-containing protein 3	130384		252013	
Q96P48	Q96P48	ARAP1_HUMAN	ARAP1	Arf-GAP with Rho-GAP domain, ANK repeat and PH domain-containing protein 1	321386	249332	323910	352113
Q96P63	Q96P63	SPB12_HUMAN	SERPINB12	Serpin B12	552999	1.64888e+06	1.97691e+06	536720
Q96P70	Q96P70	IPO9_HUMAN	IPO9	Importin-9	510389	419939	433585	290913
Q96PC5	Q96PC5	MIA2_HUMAN	MIA2	Melanoma inhibitory activity protein 2	93975.4	34357	50833.7	
Q96PD5	Q96PD5	PGRP2_HUMAN	PGLYRP2	N-acetylmuramoyl-L-alanine amidase	1.04183e+06	2.76068e+06	1.98561e+06	2.62654e+06
Q96PE2	Q96PE2	ARHGH_HUMAN	ARHGEF17	Rho guanine nucleotide exchange factor 17	264291		166309	
Q96PE7	Q96PE7	MCEE_HUMAN	MCEE	Methylmalonyl-CoA epimerase, mitochondrial	442750	275524	480673	238296
Q96PK6	Q96PK6	RBM14_HUMAN	RBM14	RNA-binding protein 14	1.17691e+06	586287	1.27972e+06	895260
Q96PP9	Q96PP9	GBP4_HUMAN	GBP4	Guanylate-binding protein 4	96246.3	19681.4	41689.6	14603.8
Q96PQ0	Q96PQ0	SORC2_HUMAN	SORCS2	VPS10 domain-containing receptor SorCS2	13957.4		49438.6	
Q96PU8	Q96PU8	QKI_HUMAN	QKI	KH domain-containing RNA-binding protein QKI	2.04823e+06	725975	1.72978e+06	1.40764e+06
Q96PZ0	Q96PZ0	PUS7_HUMAN	PUS7	Pseudouridylate synthase 7 homolog	826432		507780	
Q96Q11	Q96Q11	TRNT1_HUMAN	TRNT1	CCA tRNA nucleotidyltransferase 1, mitochondrial	465584	475905	307055	296120
Q96QA5	Q96QA5	GSDMA_HUMAN	GSDMA	Gasdermin-A	125796	254243	317154	105864
Q96QC0	Q96QC0	PP1RA_HUMAN	PPP1R10	Serine/threonine-protein phosphatase 1 regulatory subunit 10	265953	290676	291613	257878
Q96QH2	Q96QH2	PRAM_HUMAN	PRAM1	PML-RARA-regulated adapter molecule 1	532933	1.63064e+06	416326	1.52857e+06
Q96QK1	Q96QK1	VPS35_HUMAN	VPS35	Vacuolar protein sorting-associated protein 35	1.86213e+06	2.33758e+06	2.04108e+06	1.35049e+06
Q96QR8	Q96QR8	PURB_HUMAN	PURB	Transcriptional activator protein Pur-beta	1.10261e+06	724729	1.06646e+06	543269
Q96R05	Q96R05	RET7_HUMAN	RBP7	Retinoid-binding protein 7	73551.6	200021	101129	464336
Q96RE7	Q96BF6;Q96RE7	NACC1_HUMAN	NACC1	Nucleus accumbens-associated protein 1	137730	40666.5	81383.9	39254.3
Q96RN5	Q96RN5	MED15_HUMAN	MED15	Mediator of RNA polymerase II transcription subunit 15	81636.4		64478.8	
Q96RP9	Q96RP9	EFGM_HUMAN	GFM1	Elongation factor G, mitochondrial	1.54072e+06	535701	994785	348235
Q96RQ1	Q96RQ1	ERGI2_HUMAN	ERGIC2	Endoplasmic reticulum-Golgi intermediate compartment protein 2	141513		68868.4	
Q96RQ9	Q96RQ9	OXLA_HUMAN	IL4I1	L-amino-acid oxidase	301948	374967	475674	553041
Q96RS6	Q96RS6	NUDC1_HUMAN	NUDCD1	NudC domain-containing protein 1	2.07692e+06	1.01375e+06	1.82351e+06	
Q96RU3	Q96RU3	FNBP1_HUMAN	FNBP1	Formin-binding protein 1	511859	496618	331231	439542
Q96RW7	Q96RW7	HMCN1_HUMAN	HMCN1	Hemicentin-1	156028		237780	
Q96S19	Q96S19	MTL26_HUMAN	METTL26	Methyltransferase-like 26	1.35815e+06	1.17388e+06	1.20697e+06	949347
Q96S59	Q96S59	RANB9_HUMAN	RANBP9	Ran-binding protein 9	140972			
Q96S86	Q96S86	HPLN3_HUMAN	HAPLN3	Hyaluronan and proteoglycan link protein 3	298221		413117	
Q96S97	Q96S97	MYADM_HUMAN	MYADM	Myeloid-associated differentiation marker	1.08101e+07	1.07469e+07	1.01561e+07	7.57288e+06
Q96S99	Q96S99	PKHF1_HUMAN	PLEKHF1	Pleckstrin homology domain-containing family F member 1	729322	340026	733293	325113
Q96SB3	Q96SB3	NEB2_HUMAN	PPP1R9B	Neurabin-2	134504	99405	123763	243508
Q96SB4	Q96SB4	SRPK1_HUMAN	SRPK1	SRSF protein kinase 1	59365.4			
Q96SI9	Q96SI9	STRBP_HUMAN	STRBP	Spermatid perinuclear RNA-binding protein	132803			
Q96SL4	Q96SL4	GPX7_HUMAN	GPX7	Glutathione peroxidase 7	461700	339024	505654	287403
Q96SM3	Q96SM3	CPXM1_HUMAN	CPXM1	Probable carboxypeptidase X1	1.38202e+07	1.05513e+07	1.57196e+07	1.02463e+07
Q96ST2	Q96ST2	IWS1_HUMAN	IWS1	Protein IWS1 homolog	669907	321671	580396	211440
Q96ST3	Q96ST3	SIN3A_HUMAN	SIN3A	Paired amphipathic helix protein Sin3a	330019		152221	150114
Q96SU4	Q96SU4	OSBL9_HUMAN	OSBPL9	Oxysterol-binding protein-related protein 9	2.01326e+06	1.17859e+06	1.49768e+06	838819
Q96SZ5	Q96SZ5	AEDO_HUMAN	ADO	2-aminoethanethiol dioxygenase	569634	319569	426614	310751
Q96T37	Q96T37	RBM15_HUMAN	RBM15	RNA-binding protein 15	666518	486701	532213	562517
Q96T51	Q96T51	RUFY1_HUMAN	RUFY1	RUN and FYVE domain-containing protein 1	455049	297853	403366	234540
Q96T58	Q96T58	MINT_HUMAN	SPEN	Msx2-interacting protein	592828		686071	270124
Q96T60	Q96T60	PNKP_HUMAN	PNKP	Bifunctional polynucleotide phosphatase/kinase	839858	1.36136e+06	993350	794577
Q96T88	Q96T88	UHRF1_HUMAN	UHRF1	E3 ubiquitin-protein ligase UHRF1	47184.8			
Q96TA1	Q96TA1	NIBA2_HUMAN	NIBAN2	Protein Niban 2	1.07853e+06	535186	1.11486e+06	305132
Q96TC7	Q96TC7	RMD3_HUMAN	RMDN3	Regulator of microtubule dynamics protein 3	183864	128628	145884	170415
Q99417	Q99417	MYCBP_HUMAN	MYCBP	c-Myc-binding protein	432617	746734	704987	526012
Q99426	Q99426	TBCB_HUMAN	TBCB	Tubulin-folding cofactor B	1.60157e+06	914737	1.05693e+06	858069
Q99436	Q99436	PSB7_HUMAN	PSMB7	Proteasome subunit beta type-7	3.49128e+06	2.20694e+06	3.6543e+06	2.79517e+06
Q99439	Q99439	CNN2_HUMAN	CNN2	Calponin-2	1.79584e+07	1.76568e+07	1.68221e+07	1.35837e+07
Q99442	Q99442	SEC62_HUMAN	SEC62	Translocation protein SEC62	1.06768e+06	588721	743632	472417
Q99447	Q99447	PCY2_HUMAN	PCYT2	Ethanolamine-phosphate cytidylyltransferase	395054	365076	604430	262087
Q99459	Q99459	CDC5L_HUMAN	CDC5L	Cell division cycle 5-like protein	351099	177586	298000	241596
Q99460	Q99460	PSMD1_HUMAN	PSMD1	26S proteasome non-ATPase regulatory subunit 1	1.09458e+06	1.26073e+06	973222	455809
Q99467	Q99467	CD180_HUMAN	CD180	CD180 antigen	91425.2	167966	109731	310785
Q99470	Q99470	SDF2_HUMAN	SDF2	Stromal cell-derived factor 2	794370	564729	667804	731363
Q99471	Q99471	PFD5_HUMAN	PFDN5	Prefoldin subunit 5	979568	1.23174e+06	483574	784990
Q99487	Q99487	PAFA2_HUMAN	PAFAH2	Platelet-activating factor acetylhydrolase 2, cytoplasmic	146001	113570	115375	
Q99496	Q06587;Q99496	RING2_HUMAN	RNF2	E3 ubiquitin-protein ligase RING2	235666	110871	192288	
Q99497	Q99497	PARK7_HUMAN	PARK7	Parkinson disease protein 7	1.70589e+07	1.42767e+07	2.12614e+07	1.15552e+07
Q99519	Q99519	NEUR1_HUMAN	NEU1	Sialidase-1	572442	639657	747932	440354
Q99523	Q99523	SORT_HUMAN	SORT1	Sortilin	154795		185230	433763
Q99536	Q99536	VAT1_HUMAN	VAT1	Synaptic vesicle membrane protein VAT-1 homolog	1.1846e+07	2.15289e+07	1.45914e+07	2.52404e+07
Q99538	Q99538	LGMN_HUMAN	LGMN	Legumain	3.20142e+06	683569	2.57871e+06	1.28e+06
Q99541	Q99541	PLIN2_HUMAN	PLIN2	Perilipin-2	747338	1.1531e+06	871837	1.2083e+06
Q99543	Q99543	DNJC2_HUMAN	DNAJC2	DnaJ homolog subfamily C member 2	434423	682620	433325	406101
Q99571	Q99571	P2RX4_HUMAN	P2RX4	P2X purinoceptor 4	335709	548120	334603	818032
Q99575	Q99575	POP1_HUMAN	POP1	Ribonucleases P/MRP protein subunit POP1	133994	82979.9	107081	
Q99584	Q99584	S10AD_HUMAN	S100A13	Protein S100-A13	1.98619e+06	1.53435e+06	3.43529e+06	1.09092e+06
Q99590	Q99590	SCAFB_HUMAN	SCAF11	Protein SCAF11	85955.7			
Q99598	Q99598	TSNAX_HUMAN	TSNAX	Translin-associated protein X	608801	468565	206696	
Q99611	Q99611	SPS2_HUMAN	SEPHS2	Selenide, water dikinase 2	543660	380169	705541	411242
Q99613	Q99613;B5ME19	EIF3C_HUMAN	EIF3C	Eukaryotic translation initiation factor 3 subunit C	1.30631e+06	865562	942748	831215
Q99614	Q99614	TTC1_HUMAN	TTC1	Tetratricopeptide repeat protein 1	2.07941e+06	1.35904e+06	1.69359e+06	1.22151e+06
Q99615	Q99615	DNJC7_HUMAN	DNAJC7	DnaJ homolog subfamily C member 7	422976	392240	413743	184215
Q99623	Q99623	PHB2_HUMAN	PHB2	Prohibitin-2	209103	307094	319882	
Q99626	O14627;P47902;Q99626	CDX2_HUMAN	CDX2	Homeobox protein CDX-2			551378	
Q99627	Q99627	CSN8_HUMAN	COPS8	COP9 signalosome complex subunit 8	609894	991353	675222	465590
Q99633	Q99633	PRP18_HUMAN	PRPF18	Pre-mRNA-splicing factor 18	56527.3			
Q99650	Q99650	OSMR_HUMAN	OSMR	Oncostatin-M-specific receptor subunit beta	35024.2			
Q99653	Q99653	CHP1_HUMAN	CHP1	Calcineurin B homologous protein 1	1.71084e+06	4.01486e+06	1.20144e+06	3.35576e+06
Q99661	Q99661	KIF2C_HUMAN	KIF2C	Kinesin-like protein KIF2C	39385.6			
Q99685	Q99685	MGLL_HUMAN	MGLL	Monoglyceride lipase	493562	423429	547432	492014
Q99700	Q99700	ATX2_HUMAN	ATXN2	Ataxin-2	132227		101280	
Q99714	Q99714	HCD2_HUMAN	HSD17B10	3-hydroxyacyl-CoA dehydrogenase type-2	4.73792e+06	2.11887e+06	4.88469e+06	2.32524e+06
Q99715	Q99715	COCA1_HUMAN	COL12A1	Collagen alpha-1(XII) chain	1.0571e+07	1.71234e+07	8.14033e+06	2.59335e+07
Q99719	Q99719	SEPT5_HUMAN	SEPTIN5	Septin-5	515663	465846	590052	418241
Q99720	Q99720	SGMR1_HUMAN	SIGMAR1	Sigma non-opioid intracellular receptor 1	1.02157e+06	1.11559e+06	645299	927009
Q99729	Q99729	ROAA_HUMAN	HNRNPAB	Heterogeneous nuclear ribonucleoprotein A/B	4.58456e+06	2.73106e+06	3.23626e+06	2.18473e+06
Q99732	Q99732	LITAF_HUMAN	LITAF	Lipopolysaccharide-induced tumor necrosis factor-alpha factor	2.52441e+06	3.93261e+06	2.94448e+06	4.63908e+06
Q99733	Q99733	NP1L4_HUMAN	NAP1L4	Nucleosome assembly protein 1-like 4	624216	323613	368893	
Q99735	Q99735	MGST2_HUMAN	MGST2	Microsomal glutathione S-transferase 2	6.67374e+06	3.59492e+06	3.7845e+06	3.22088e+06
Q99747	Q99747	SNAG_HUMAN	NAPG	Gamma-soluble NSF attachment protein	388205	510864	371852	484172
Q99795	Q99795	GPA33_HUMAN	GPA33	Cell surface A33 antigen	1.22472e+06	937146	659437	188690
Q99798	Q99798	ACON_HUMAN	ACO2	Aconitate hydratase, mitochondrial	4.04639e+06	1.77271e+06	4.26036e+06	2.8274e+06
Q99805	Q99805	TM9S2_HUMAN	TM9SF2	Transmembrane 9 superfamily member 2	388786	590557	464383	283723
Q99808	Q99808	S29A1_HUMAN	SLC29A1	Equilibrative nucleoside transporter 1	193799	140714	253624	90358.8
Q99816	Q99816	TS101_HUMAN	TSG101	Tumor susceptibility gene 101 protein	316864	306583	304238	119521
Q99829	Q99829	CPNE1_HUMAN	CPNE1	Copine-1	3.03854e+06	2.97158e+06	3.40934e+06	3.8591e+06
Q99832	Q99832	TCPH_HUMAN	CCT7	T-complex protein 1 subunit eta	3.82167e+06	2.42815e+06	2.96895e+06	1.22321e+06
Q99873	Q99873	ANM1_HUMAN	PRMT1	Protein arginine N-methyltransferase 1	5.90168e+06	2.93045e+06	4.3199e+06	3.29233e+06
Q99895	Q99895	CTRC_HUMAN	CTRC	Chymotrypsin-C		231056	501834	395790
Q99933	Q99933	BAG1_HUMAN	BAG1	BAG family molecular chaperone regulator 1	256269	257071	308176	265191
Q99961	Q99961;Q99962	SH3G1_HUMAN	SH3GL1	Endophilin-A2	2.6224e+06	1.43238e+06	2.35619e+06	806715
Q99969	Q99969	RARR2_HUMAN	RARRES2	Retinoic acid receptor responder protein 2	736216	899467	937248	655684
Q99983	Q99983	OMD_HUMAN	OMD	Osteomodulin	141498	134324	287914	511652
Q99986	Q99986	VRK1_HUMAN	VRK1	Serine/threonine-protein kinase VRK1	656470	497330	316460	768928
Q99988	Q99988	GDF15_HUMAN	GDF15	Growth/differentiation factor 15		169317		83666.4
Q9BPV8	Q9BPV8	P2Y13_HUMAN	P2RY13	P2Y purinoceptor 13		161496		238709
Q9BPW8	Q9BPW8	NIPS1_HUMAN	NIPSNAP1	Protein NipSnap homolog 1	600762	363779	535183	168610
Q9BPX5	Q9BPX5	ARP5L_HUMAN	ARPC5L	Actin-related protein 2/3 complex subunit 5-like protein	3.04763e+06	2.30624e+06	2.77771e+06	830053
Q9BPX7	Q9BPX7	CG025_HUMAN	C7orf25	UPF0415 protein C7orf25	1.34074e+06	2.09333e+06	1.03335e+06	1.15519e+06
Q9BQ52	Q9BQ52	RNZ2_HUMAN	ELAC2	Zinc phosphodiesterase ELAC protein 2	216823		168891	77499.8
Q9BQ61	Q9BQ61	TRIR_HUMAN	TRIR	Telomerase RNA component interacting RNase	243324	144624	250152	115415
Q9BQ67	Q9BQ67	GRWD1_HUMAN	GRWD1	Glutamate-rich WD repeat-containing protein 1	547787	697389	383243	196765
Q9BQ70	Q9BQ70	TCF25_HUMAN	TCF25	Ribosome quality control complex subunit TCF25	70819.3			
Q9BQ89	Q9BQ89	F110A_HUMAN	FAM110A	Protein FAM110A	756840		1.59552e+06	2.83636e+06
Q9BQA1	Q9BQA1	MEP50_HUMAN	WDR77	Methylosome protein WDR77	1.38173e+06	886426	1.40799e+06	613561
Q9BQA9	Q9BQA9	CYBC1_HUMAN	CYBC1	Cytochrome b-245 chaperone 1	359765	341956	386573	223092
Q9BQE4	Q9BQE4	SELS_HUMAN	SELENOS	Selenoprotein S	175972		169653	
Q9BQE5	Q9BQE5	APOL2_HUMAN	APOL2	Apolipoprotein L2	207105	407121	309730	237116
Q9BQG0	Q9BQG0	MBB1A_HUMAN	MYBBP1A	Myb-binding protein 1A	495887	756992	327558	264732
Q9BQP7	Q9BQP7	MGME1_HUMAN	MGME1	Mitochondrial genome maintenance exonuclease 1	102378			
Q9BQQ3	Q9BQQ3	GORS1_HUMAN	GORASP1	Golgi reassembly-stacking protein 1	63804.8			
Q9BQS7	Q9BQS7	HEPH_HUMAN	HEPH	Hephaestin	3.16678e+06	1.30003e+06	3.35938e+06	1.01687e+06
Q9BR76	Q9BR76	COR1B_HUMAN	CORO1B	Coronin-1B	1.03709e+06	733523	1.12547e+06	424944
Q9BRA2	Q9BRA2	TXD17_HUMAN	TXNDC17	Thioredoxin domain-containing protein 17	3.14244e+06	2.42269e+06	2.23469e+06	1.63882e+06
Q9BRF8	Q9BRF8	CPPED_HUMAN	CPPED1	Serine/threonine-protein phosphatase CPPED1	3.20753e+06	4.21066e+06	3.2078e+06	5.25736e+06
Q9BRG1	Q9BRG1	VPS25_HUMAN	VPS25	Vacuolar protein-sorting-associated protein 25	987368	1.36714e+06	1.12648e+06	934714
Q9BRJ6	Q9BRJ6	CG050_HUMAN	C7orf50	Uncharacterized protein C7orf50	274105		155566	
Q9BRJ7	Q9BRJ7	TIRR_HUMAN	NUDT16L1	Tudor-interacting repair regulator protein	183643	122630	154523	
Q9BRK3	Q9BRK3	MXRA8_HUMAN	MXRA8	Matrix remodeling-associated protein 8	532042	256810	545897	335218
Q9BRP4	Q9BRP4	PAAF1_HUMAN	PAAF1	Proteasomal ATPase-associated factor 1	291075	235721	334453	283024
Q9BRP8	Q9BRP8	PYM1_HUMAN	PYM1	Partner of Y14 and mago	1.37383e+06	729562	1.02622e+06	1.00133e+06
Q9BRR6	Q9BRR6	ADPGK_HUMAN	ADPGK	ADP-dependent glucokinase	355058	515605	345862	521833
Q9BRX2	Q9BRX2	PELO_HUMAN	PELO	Protein pelota homolog	383138		203892	
Q9BRX8	Q9BRX8	PXL2A_HUMAN	PRXL2A	Peroxiredoxin-like 2A	264052	354155	454266	131819
Q9BS26	Q9BS26	ERP44_HUMAN	ERP44	Endoplasmic reticulum resident protein 44	6.12116e+06	6.14182e+06	6.90881e+06	5.82895e+06
Q9BS40	Q9BS40	LXN_HUMAN	LXN	Latexin	1.55807e+06	1.1233e+06	3.6002e+06	1.22437e+06
Q9BSE5	Q9BSE5	GDAH_HUMAN	AGMAT	Guanidino acid hydrolase, mitochondrial	301635	258894	126696	
Q9BSH4	Q9BSH4	TACO1_HUMAN	TACO1	Translational activator of cytochrome c oxidase 1	433950	91655	329649	
Q9BSH5	Q9BSH5	HDHD3_HUMAN	HDHD3	Haloacid dehalogenase-like hydrolase domain-containing protein 3	173236	293667	148970	
Q9BSJ5	Q9BSJ5	CQ080_HUMAN	C17orf80	Uncharacterized protein C17orf80	269777	244894	235352	204735
Q9BSJ8	Q9BSJ8	ESYT1_HUMAN	ESYT1	Extended synaptotagmin-1	2.01726e+07	9.33045e+06	1.92761e+07	1.10826e+07
Q9BSK0	Q9BSK0	MALD1_HUMAN	MARVELD1	MARVEL domain-containing protein 1	160529		78965.1	
Q9BSV6	Q9BSV6	SEN34_HUMAN	TSEN34	tRNA-splicing endonuclease subunit Sen34	65209.4			
Q9BT09	Q9BT09	CNPY3_HUMAN	CNPY3	Protein canopy homolog 3	782028	1.04851e+06	594586	947416
Q9BT23	Q9BT23	LIMD2_HUMAN	LIMD2	LIM domain-containing protein 2	435558	822361	293115	498111
Q9BT40	Q9BT40	INP5K_HUMAN	INPP5K	Inositol polyphosphate 5-phosphatase K	119699	112359	152720	79993.5
Q9BT78	Q9BT78	CSN4_HUMAN	COPS4	COP9 signalosome complex subunit 4	716000	582773	703258	229256
Q9BTC0	Q9BTC0	DIDO1_HUMAN	DIDO1	Death-inducer obliterator 1	196315		105662	
Q9BTD8	Q9BTD8	RBM42_HUMAN	RBM42	RNA-binding protein 42	257618	81983.9	38473.9	
Q9BTE1	Q9BTE1	DCTN5_HUMAN	DCTN5	Dynactin subunit 5	481137	284855	674554	299850
Q9BTE3	Q9BTE3	MCMBP_HUMAN	MCMBP	Mini-chromosome maintenance complex-binding protein	178833	44015.1	60846.8	
Q9BTE6	Q9BTE6	AASD1_HUMAN	AARSD1	Alanyl-tRNA editing protein Aarsd1	444798			
Q9BTE7	Q9BTE7	DCNL5_HUMAN	DCUN1D5	DCN1-like protein 5	43923.3	52275.7	59171.9	
Q9BTT0	Q9BTT0	AN32E_HUMAN	ANP32E	Acidic leucine-rich nuclear phosphoprotein 32 family member E	773597	645805	323461	632515
Q9BTU6	Q9BTU6	P4K2A_HUMAN	PI4K2A	Phosphatidylinositol 4-kinase type 2-alpha	789463	758705	1.14811e+06	879366
Q9BTV4	Q9BTV4	TMM43_HUMAN	TMEM43	Transmembrane protein 43	1.76116e+06	986872	1.79414e+06	930076
Q9BTW9	Q9BTW9	TBCD_HUMAN	TBCD	Tubulin-specific chaperone D	26669.1		33502.7	
Q9BTY2	Q9BTY2	FUCO2_HUMAN	FUCA2	Plasma alpha-L-fucosidase	690681	1.0002e+06	616273	395318
Q9BTZ2	Q9BTZ2;P0CG22	DHRS4_HUMAN	DHRS4	Dehydrogenase/reductase SDR family member 4	1.06961e+06		1.3181e+06	
Q9BU61	Q9BU61	NDUF3_HUMAN	NDUFAF3	NADH dehydrogenase [ubiquinone] 1 alpha subcomplex assembly factor 3	533182		164210	398631
Q9BUD6	Q9BUD6	SPON2_HUMAN	SPON2	Spondin-2	220945	107144	147343	155468
Q9BUE6	Q9BUE6	ISCA1_HUMAN	ISCA1	Iron-sulfur cluster assembly 1 homolog, mitochondrial	76967.6	107038	76798.4	
Q9BUF5	Q13509;Q9BUF5	TBB6_HUMAN	TUBB6	Tubulin beta-6 chain	553272	586451	1.00033e+06	200418
Q9BUH6	Q9BUH6	PAXX_HUMAN	PAXX	Protein PAXX	570952	603718	758733	210609
Q9BUI4	Q9BUI4	RPC3_HUMAN	POLR3C	DNA-directed RNA polymerase III subunit RPC3	856490		263780	
Q9BUJ2	Q9BUJ2	HNRL1_HUMAN	HNRNPUL1	Heterogeneous nuclear ribonucleoprotein U-like protein 1	2.47672e+06	1.1296e+06	1.84025e+06	1.71593e+06
Q9BUK0	Q9BUK0	CHCH7_HUMAN	CHCHD7	Coiled-coil-helix-coiled-coil-helix domain-containing protein 7	257639	123392	171568	244821
Q9BUL8	Q9BUL8	PDC10_HUMAN	PDCD10	Programmed cell death protein 10	2.52273e+06	3.2642e+06	2.58728e+06	2.06168e+06
Q9BUL9	Q9BUL9	RPP25_HUMAN	RPP25	Ribonuclease P protein subunit p25	179526		153483	
Q9BUP3	Q9BUP3	HTAI2_HUMAN	HTATIP2	Oxidoreductase HTATIP2	1.8175e+06	1.56938e+06	1.46829e+06	1.65659e+06
Q9BUQ8	Q9BUQ8	DDX23_HUMAN	DDX23	Probable ATP-dependent RNA helicase DDX23	892236	395425	532671	359549
Q9BUR5	Q9BUR5	MIC26_HUMAN	APOO	MICOS complex subunit MIC26	958518	1.03284e+06	1.00959e+06	655834
Q9BUT1	Q9BUT1	DHRS6_HUMAN	BDH2	Dehydrogenase/reductase SDR family member 6	1.0505e+06	544981	1.37558e+06	587715
Q9BV20	Q9BV20	MTNA_HUMAN	MRI1	Methylthioribose-1-phosphate isomerase	63511.1	101276	50435.6	
Q9BV38	Q9BV38	WDR18_HUMAN	WDR18	WD repeat-containing protein 18	525912	333674	361043	312069
Q9BV40	Q9BV40	VAMP8_HUMAN	VAMP8	Vesicle-associated membrane protein 8	1.47879e+06	2.92129e+06	1.40018e+06	2.27214e+06
Q9BV44	Q9BV44	THUM3_HUMAN	THUMPD3	tRNA (guanine(6)-N2)-methyltransferase THUMP3	112679		73473.2	
Q9BV57	Q9BV57	MTND_HUMAN	ADI1	Acireductone dioxygenase	400412	272230	225537	127973
Q9BV79	Q9BV79	MECR_HUMAN	MECR	Enoyl-[acyl-carrier-protein] reductase, mitochondrial	545278	362320	501512	532028
Q9BV86	Q9BV86	NTM1A_HUMAN	NTMT1	N-terminal Xaa-Pro-Lys N-methyltransferase 1	566313	140080	373389	118067
Q9BVC6	Q9BVC6	TM109_HUMAN	TMEM109	Transmembrane protein 109	8.09608e+06	7.55832e+06	8.96054e+06	5.30249e+06
Q9BVG4	Q9BVG4	PBDC1_HUMAN	PBDC1	Protein PBDC1	698409	368836	555661	224216
Q9BVJ7	Q9BVJ7	DUS23_HUMAN	DUSP23	Dual specificity protein phosphatase 23	278905	226446	213120	95618.5
Q9BVK6	Q9BVK6	TMED9_HUMAN	TMED9	Transmembrane emp24 domain-containing protein 9	6.24849e+06	6.63872e+06	6.79627e+06	6.15166e+06
Q9BVL2	Q9BVL2	NUP58_HUMAN	NUP58	Nucleoporin p58/p45	317336	236794	330028	129433
Q9BVL4	Q9BVL4	SELO_HUMAN	SELENOO	Protein adenylyltransferase SelO, mitochondrial	35287.6		130987	
Q9BVM4	Q9BVM4	GGACT_HUMAN	GGACT	Gamma-glutamylaminecyclotransferase	416664	963428	550894	517438
Q9BVP2	Q9BVP2	GNL3_HUMAN	GNL3	Guanine nucleotide-binding protein-like 3	97003		137541	
Q9BW30	Q9BW30	TPPP3_HUMAN	TPPP3	Tubulin polymerization-promoting protein family member 3	1.81486e+06	598004	1.10588e+06	491996
Q9BW60	Q9BW60	ELOV1_HUMAN	ELOVL1	Elongation of very long chain fatty acids protein 1	147328		157905	34079.4
Q9BW83	Q9BW83	IFT27_HUMAN	IFT27	Intraflagellar transport protein 27 homolog	572884	445342	430044	371574
Q9BW85	Q9BW85	YJU2_HUMAN	YJU2	Splicing factor YJU2	104585			
Q9BW91	Q9BW91	NUDT9_HUMAN	NUDT9	ADP-ribose pyrophosphatase, mitochondrial	954759	510450	829429	639880
Q9BWD1	Q9BWD1	THIC_HUMAN	ACAT2	Acetyl-CoA acetyltransferase, cytosolic	1.16353e+06	653666	1.37525e+06	903493
Q9BWF3	Q9BWF3	RBM4_HUMAN	RBM4	RNA-binding protein 4	1.88464e+06	880617	1.58567e+06	989106
Q9BWH2	Q9BWH2	FUND2_HUMAN	FUNDC2	FUN14 domain-containing protein 2	525901	310659	654007	231884
Q9BWS9	Q9BWS9	CHID1_HUMAN	CHID1	Chitinase domain-containing protein 1	811110	680720	1.0729e+06	339926
Q9BX66	Q9BX66	SRBS1_HUMAN	SORBS1	Sorbin and SH3 domain-containing protein 1	215024	338135	173911	292140
Q9BX67	Q9BX67	JAM3_HUMAN	JAM3	Junctional adhesion molecule C	261460	256212	460582	133837
Q9BX68	Q9BX68	HINT2_HUMAN	HINT2	Adenosine 5'-monophosphoramidase HINT2	538569	811094	260366	469559
Q9BX97	Q9BX97	PLVAP_HUMAN	PLVAP	Plasmalemma vesicle-associated protein	977181	176624	709823	161696
Q9BXB4	Q9BXB4;Q9BXB5	OSB11_HUMAN	OSBPL11	Oxysterol-binding protein-related protein 11	180150	66734.7	96765.5	64442.3
Q9BXD5	Q9BXD5	NPL_HUMAN	NPL	N-acetylneuraminate lyase	22206	32051.2	57167.4	
Q9BXF6	Q9BXF6	RFIP5_HUMAN	RAB11FIP5	Rab11 family-interacting protein 5	124150		62653.5	98483
Q9BXI6	Q9BXI6	TB10A_HUMAN	TBC1D10A	TBC1 domain family member 10A	105930		107356	60133.3
Q9BXI9	Q9BXI9	C1QT6_HUMAN	C1QTNF6	Complement C1q tumor necrosis factor-related protein 6	352181		201967	
Q9BXJ0	Q9BXJ0	C1QT5_HUMAN	C1QTNF5	Complement C1q tumor necrosis factor-related protein 5	719554	448083	541587	198691
Q9BXJ4	Q9BXJ4	C1QT3_HUMAN	C1QTNF3	Complement C1q tumor necrosis factor-related protein 3				41452.6
Q9BXJ9	Q9BXJ9	NAA15_HUMAN	NAA15	N-alpha-acetyltransferase 15, NatA auxiliary subunit	688241	278704	295711	126011
Q9BXN1	Q9BXN1	ASPN_HUMAN	ASPN	Asporin	409657	890598	929231	
Q9BXP5	Q9BXP5	SRRT_HUMAN	SRRT	Serrate RNA effector molecule homolog	685292	494572	580637	392641
Q9BXR0	Q9BXR0	TGT_HUMAN	QTRT1	Queuine tRNA-ribosyltransferase catalytic subunit 1	1.02837e+06	330597	658723	
Q9BXR6	Q9BXR6	FHR5_HUMAN	CFHR5	Complement factor H-related protein 5	530097	1.93839e+06	1.31238e+06	5.05104e+06
Q9BXS5	Q9BXS5	AP1M1_HUMAN	AP1M1	AP-1 complex subunit mu-1	439355	701706	485299	562097
Q9BXW6	Q9BXW6	OSBL1_HUMAN	OSBPL1A	Oxysterol-binding protein-related protein 1	15075.7	16290.4	33896	
Q9BXX2;Q9BXX3	Q9BXX2;Q9BXX3	AN30A_HUMAN;AN30B_HUMAN	ANKRD30A;ANKRD30B	Ankyrin repeat domain-containing protein 30B	318379	328788	308803	
Q9BY15	Q9BY15	AGRE3_HUMAN	ADGRE3	Adhesion G protein-coupled receptor E3	218177	421544	223449	783446
Q9BY32	Q9BY32	ITPA_HUMAN	ITPA	Inosine triphosphate pyrophosphatase	310685	215427	461591	
Q9BY42	Q9BY42	RTF2_HUMAN	RTF2	Replication termination factor 2	184039	64988.9	120654	92590.5
Q9BY43	Q9BY43	CHM4A_HUMAN	CHMP4A	Charged multivesicular body protein 4a	669369	512251	670798	496994
Q9BY44	Q9BY44	EIF2A_HUMAN	EIF2A	Eukaryotic translation initiation factor 2A	569452	254174	472999	238468
Q9BY50	Q9BY50	SC11C_HUMAN	SEC11C	Signal peptidase complex catalytic subunit SEC11C	617479	450337	3.51165e+06	769312
Q9BYB4	Q9BYB4	GNB1L_HUMAN	GNB1L	Guanine nucleotide-binding protein subunit beta-like protein 1	62766.8			
Q9BYD2	Q9BYD2	RM09_HUMAN	MRPL9	Large ribosomal subunit protein bL9m	72102.2			
Q9BYD6	Q9BYD6	RM01_HUMAN	MRPL1	Large ribosomal subunit protein uL1m	111721		22368.7	
Q9BYG4;Q9BYG5;Q9NPB6	Q9BYG4;Q9BYG5;Q9NPB6	PAR6A_HUMAN;PAR6B_HUMAN;PAR6G_HUMAN	PARD6A;PARD6B;PARD6G	Partitioning defective 6 homolog gamma	226436	130180	137063	
Q9BYJ9	Q9BYJ9	YTHD1_HUMAN	YTHDF1	YTH domain-containing family protein 1	83748.6	300406	735796	
Q9BYN0	Q9BYN0	SRXN1_HUMAN	SRXN1	Sulfiredoxin-1		283412		287198
Q9BYV8	Q9BYV8	CEP41_HUMAN	CEP41	Centrosomal protein of 41 kDa	19403.2			
Q9BYX2	Q9BYX2	TBD2A_HUMAN	TBC1D2	TBC1 domain family member 2A	118721		197110	
Q9BYX4	Q9BYX4	IFIH1_HUMAN	IFIH1	Interferon-induced helicase C domain-containing protein 1	53873.2	13085.9	11796.2	
Q9BYX7	A5A3E0;Q6S8J3;Q9BYX7;P0CG38;P0CG39	ACTBM_HUMAN	POTEKP	Putative beta-actin-like protein 3		1.11972e+06	1.00064e+06	647113
Q9BYZ8	Q9BYZ8	REG4_HUMAN	REG4	Regenerating islet-derived protein 4	1.11707e+06	2.95932e+06	917960	612157
Q9BZ23	Q9BZ23;Q9H999	PANK2_HUMAN	PANK2	Pantothenate kinase 2, mitochondrial	169587		169958	
Q9BZD2	Q9BZD2	S29A3_HUMAN	SLC29A3	Equilibrative nucleoside transporter 3	40360.1		37424	
Q9BZE1	Q9BZE1	RM37_HUMAN	MRPL37	Large ribosomal subunit protein mL37	154269		55170.6	
Q9BZE4	Q9BZE4	GTPB4_HUMAN	GTPBP4	GTP-binding protein 4	265655	365699	201702	151139
Q9BZE9	Q9BZE9	ASPC1_HUMAN	ASPSCR1	Tether containing UBX domain for GLUT4	219241	100303	192914	82629.5
Q9BZF1	Q9BZF1	OSBL8_HUMAN	OSBPL8	Oxysterol-binding protein-related protein 8	474070	691376	400426	691277
Q9BZF9	Q9BZF9	UACA_HUMAN	UACA	Uveal autoantigen with coiled-coil domains and ankyrin repeats	182883			
Q9BZG1	Q9BZG1	RAB34_HUMAN	RAB34	Ras-related protein Rab-34	2.27486e+06		379096	1.81269e+06
Q9BZI7	Q9BZI7	REN3B_HUMAN	UPF3B	Regulator of nonsense transcripts 3B	208853			
Q9BZJ0	Q9BZJ0	CRNL1_HUMAN	CRNKL1	Crooked neck-like protein 1	94093.7		56488.2	
Q9BZK7	O60907;Q9BQ87;Q9BZK7	TBL1R_HUMAN	TBL1XR1	F-box-like/WD repeat-containing protein TBL1XR1	656782	468309	444373	430894
Q9BZL1	Q9BZL1	UBL5_HUMAN	UBL5	Ubiquitin-like protein 5	2.04336e+06	598713	1.01932e+06	1.54913e+06
Q9BZL4	Q9BZL4	PP12C_HUMAN	PPP1R12C	Protein phosphatase 1 regulatory subunit 12C	138391		209170	95805
Q9BZQ6	Q9BZQ6	EDEM3_HUMAN	EDEM3	ER degradation-enhancing alpha-mannosidase-like protein 3	206557		139306	
Q9BZQ8	Q9BZQ8	NIBA1_HUMAN	NIBAN1	Protein Niban 1	226817	202982	216049	302044
Q9BZV1	Q9BZV1	UBXN6_HUMAN	UBXN6	UBX domain-containing protein 6	545496	387549	551511	362994
Q9BZX2	Q9BZX2;Q9HA47	UCK2_HUMAN	UCK2	Uridine-cytidine kinase 2	582742	429424		
Q9BZZ5	Q9BZZ5	API5_HUMAN	API5	Apoptosis inhibitor 5	2.21161e+06	1.12463e+06	2.65348e+06	933837
Q9C075	Q9C075	K1C23_HUMAN	KRT23	Keratin, type I cytoskeletal 23	126854	269473	258575	105756
Q9C0B1	Q9C0B1	FTO_HUMAN	FTO	Alpha-ketoglutarate-dependent dioxygenase FTO	637952	390572	568498	411500
Q9C0B5	Q9C0B5	ZDHC5_HUMAN	ZDHHC5	Palmitoyltransferase ZDHHC5	190880		106380	
Q9C0C2	Q9C0C2	TB182_HUMAN	TNKS1BP1	182 kDa tankyrase-1-binding protein	619337	194472	392922	172248
Q9C0C9	Q9C0C9	UBE2O_HUMAN	UBE2O	(E3-independent) E2 ubiquitin-conjugating enzyme	410513	308679	865549	387551
Q9C0E8	Q9C0E8	LNP_HUMAN	LNPK	Endoplasmic reticulum junction formation protein lunapark	308005	436863	386479	342888
Q9C0H2	Q9C0H2	TTYH3_HUMAN	TTYH3	Protein tweety homolog 3	249186	335125	402415	338438
Q9C0J8	Q9C0J8	WDR33_HUMAN	WDR33	pre-mRNA 3' end processing protein WDR33	174830			
Q9GZM8	Q9GZM8;Q9NXR1	NDEL1_HUMAN	NDEL1	Nuclear distribution protein nudE-like 1	75364.4	136073		
Q9GZN8	Q9GZN8	ADSSP_HUMAN	ADISSP	Adipose-secreted signaling protein	1.0013e+06	1.97392e+06	988885	1.65392e+06
Q9GZP4	Q9GZP4	PITH1_HUMAN	PITHD1	PITH domain-containing protein 1	1.41312e+06	1.871e+06	2.80046e+06	1.94773e+06
Q9GZP8	Q9GZP8	IMUP_HUMAN	IMUP	Immortalization up-regulated protein	459796	89277.5	193599	155857
Q9GZQ3	Q9GZQ3	COMD5_HUMAN	COMMD5	COMM domain-containing protein 5	94973.2	141532	43536.9	65591.5
Q9GZS1	Q9GZS1	RPA49_HUMAN	POLR1E	DNA-directed RNA polymerase I subunit RPA49	166305			
Q9GZS3	Q9GZS3	SKI8_HUMAN	SKIC8	Superkiller complex protein 8	553211	537769	630803	516278
Q9GZT8	Q9GZT8	NIF3L_HUMAN	NIF3L1	NIF3-like protein 1	1.16032e+06	796123	1.49424e+06	718057
Q9GZT9	Q9GZT9	EGLN1_HUMAN	EGLN1	Egl nine homolog 1	114968	65884.2	95136.5	131490
Q9GZU7	Q9GZU7	CTDS1_HUMAN	CTDSP1	Carboxy-terminal domain RNA polymerase II polypeptide A small phosphatase 1	75770.2	130740	85352.9	166122
Q9GZU8	Q9GZU8	PIP30_HUMAN	PSME3IP1	PSME3-interacting protein	171432		160894	
Q9GZZ1	Q9GZZ1	NAA50_HUMAN	NAA50	N-alpha-acetyltransferase 50	756685	381456	493515	394682
Q9GZZ9	Q9GZZ9	UBA5_HUMAN	UBA5	Ubiquitin-like modifier-activating enzyme 5	1.12603e+06	467324	1.16408e+06	376868
Q9H000	Q9H000	MKRN2_HUMAN	MKRN2	E3 ubiquitin-protein ligase makorin-2	115101			
Q9H008	Q9H008	LHPP_HUMAN	LHPP	Phospholysine phosphohistidine inorganic pyrophosphate phosphatase	379048	405965	564998	446468
Q9H074	Q9H074	PAIP1_HUMAN	PAIP1	Polyadenylate-binding protein-interacting protein 1	985379	675160	704051	456083
Q9H078	Q9H078	CLPB_HUMAN	CLPB	Mitochondrial disaggregase	243530	110254	213847	
Q9H082	Q9H082	RB33B_HUMAN	RAB33B	Ras-related protein Rab-33B	389263	573409	510983	662759
Q9H089	Q9H089	LSG1_HUMAN	LSG1	Large subunit GTPase 1 homolog	371739		358264	
Q9H098	Q9H098	F107B_HUMAN	FAM107B	Protein FAM107B	406554	496989	269233	548648
Q9H0A0	Q9H0A0	NAT10_HUMAN	NAT10	RNA cytidine acetyltransferase	206581	54631.4	93661.9	
Q9H0A8	Q9H0A8	COMD4_HUMAN	COMMD4	COMM domain-containing protein 4	151649	96756.6	57756.6	
Q9H0B6	Q9H0B6	KLC2_HUMAN	KLC2	Kinesin light chain 2	124093		51006.3	
Q9H0C8	Q9H0C8	ILKAP_HUMAN	ILKAP	Integrin-linked kinase-associated serine/threonine phosphatase 2C	607499	254782	402173	169179
Q9H0D6	Q9H0D6	XRN2_HUMAN	XRN2	5'-3' exoribonuclease 2	636613	447661	617307	378973
Q9H0E2	Q9H0E2	TOLIP_HUMAN	TOLLIP	Toll-interacting protein	1.08788e+06	1.175e+06	985030	1.23876e+06
Q9H0F7	Q9H0F7	ARL6_HUMAN	ARL6	ADP-ribosylation factor-like protein 6			25307.4	
Q9H0J9	Q9H0J9	PAR12_HUMAN	PARP12	Protein mono-ADP-ribosyltransferase PARP12	79170.7	44657.4	20909.5	
Q9H0Q0	Q9H0Q0	CYRIA_HUMAN	CYRIA	CYFIP-related Rac1 interactor A	89776.7	45062	104846	66358.6
Q9H0R4	Q9H0R4	HDHD2_HUMAN	HDHD2	Haloacid dehalogenase-like hydrolase domain-containing protein 2	456580	1.33125e+06	494145	637129
Q9H0U3	Q9H0U3	MAGT1_HUMAN	MAGT1	Magnesium transporter protein 1	190471	143843	233425	97219
Q9H0U4	Q9H0U4;Q92928	RAB1B_HUMAN	RAB1B	Ras-related protein Rab-1B	3.05642e+06	2.60357e+06	2.62449e+06	2.46158e+06
Q9H0V9	Q9H0V9	LMA2L_HUMAN	LMAN2L	VIP36-like protein	280872	364787	267521	287203
Q9H0W9	Q9H0W9	CK054_HUMAN	C11orf54	Ester hydrolase C11orf54	754120	964000	780178	680515
Q9H0X9	Q9H0X9	OSBL5_HUMAN	OSBPL5	Oxysterol-binding protein-related protein 5	390021	394009	259642	233744
Q9H173	Q9H173	SIL1_HUMAN	SIL1	Nucleotide exchange factor SIL1	439914	314347	392721	392909
Q9H1B7	Q9H1B7	I2BPL_HUMAN	IRF2BPL	Probable E3 ubiquitin-protein ligase IRF2BPL	158666		114168	
Q9H1D9	Q9H1D9	RPC6_HUMAN	POLR3F	DNA-directed RNA polymerase III subunit RPC6	102627		80532.1	
Q9H1E3	Q9H1E3	NUCKS_HUMAN	NUCKS1	Nuclear ubiquitous casein and cyclin-dependent kinase substrate 1	728768	362895	2.14914e+06	356958
Q9H1E5	Q9H1E5	TMX4_HUMAN	TMX4	Thioredoxin-related transmembrane protein 4	901970	796035	1.18424e+06	885889
Q9H1K1	Q9H1K1	ISCU_HUMAN	ISCU	Iron-sulfur cluster assembly enzyme ISCU	116618	77457.8	132378	
Q9H1P3	Q9H1P3	OSBL2_HUMAN	OSBPL2	Oxysterol-binding protein-related protein 2	1.29361e+06	1.05614e+06	934003	836918
Q9H1Y0	Q9H1Y0	ATG5_HUMAN	ATG5	Autophagy protein 5	159160	431385	247968	365211
Q9H1Z4	Q9H1Z4	WDR13_HUMAN	WDR13	WD repeat-containing protein 13	418646	398081	405242	263081
Q9H223	Q9H223;Q9NZN3	EHD4_HUMAN	EHD4	EH domain-containing protein 4	1.79552e+06	850663	1.27657e+06	778383
Q9H299	Q9H299	SH3L3_HUMAN	SH3BGRL3	SH3 domain-binding glutamic acid-rich-like protein 3	7.41198e+06	9.48691e+06	3.86965e+06	6.01516e+06
Q9H2D6	Q9H2D6	TARA_HUMAN	TRIOBP	TRIO and F-actin-binding protein	3.13465e+06	1.77339e+06	2.98487e+06	1.57566e+06
Q9H2G2	Q9H2G2	SLK_HUMAN	SLK	STE20-like serine/threonine-protein kinase	677452	522681	608648	444436
Q9H2H8	Q9H2H8	PPIL3_HUMAN	PPIL3	Peptidyl-prolyl cis-trans isomerase-like 3	1.27637e+06	1.3214e+06	987477	1.23017e+06
Q9H2H9	Q9H2H9	S38A1_HUMAN	SLC38A1	Sodium-coupled neutral amino acid symporter 1	119043		36772.7	
Q9H2J4	Q9H2J4	PDCL3_HUMAN	PDCL3	Phosducin-like protein 3	228258	230151	196317	
Q9H2K2	Q9H2K2	TNKS2_HUMAN	TNKS2	Poly [ADP-ribose] polymerase tankyrase-2	181066	546372	1.51799e+06	775786
Q9H2P0	Q9H2P0	ADNP_HUMAN	ADNP	Activity-dependent neuroprotector homeobox protein	184088		72930.5	
Q9H2U1	Q9H2U1	DHX36_HUMAN	DHX36	ATP-dependent DNA/RNA helicase DHX36	252572	238027	232998	171551
Q9H2U2	Q9H2U2	IPYR2_HUMAN	PPA2	Inorganic pyrophosphatase 2, mitochondrial	3.16705e+06	2.84129e+06	3.42531e+06	1.80161e+06
Q9H2V7	Q9H2V7	SPNS1_HUMAN	SPNS1	Protein spinster homolog 1		188046	177216	
Q9H2W6	Q9H2W6	RM46_HUMAN	MRPL46	Large ribosomal subunit protein mL46	277520		183078	
Q9H2X3;Q9NNX6	Q9H2X3;Q9NNX6	CD209_HUMAN;CLC4M_HUMAN	CD209;CLEC4M	C-type lectin domain family 4 member M	290768	183802	435321	140538
Q9H3G5	Q9H3G5	CPVL_HUMAN	CPVL	Probable serine carboxypeptidase CPVL	2.17488e+06	1.5521e+06	2.66458e+06	1.92498e+06
Q9H3H3	Q9H3H3	CK068_HUMAN	C11orf68	UPF0696 protein C11orf68	1.35014e+06	837762	1.60588e+06	941466
Q9H3H5	Q9H3H5	GPT_HUMAN	DPAGT1	UDP-N-acetylglucosamine--dolichyl-phosphate N-acetylglucosaminephosphotransferase	732504	463573	848799	343797
Q9H3K2	Q9H3K2	GHITM_HUMAN	GHITM	Growth hormone-inducible transmembrane protein	248946	481806	330961	217358
Q9H3K6	Q9H3K6	BOLA2_HUMAN	BOLA2	BolA-like protein 2	1.24076e+06	1.09738e+06	1.16203e+06	805032
Q9H3M7	Q9H3M7	TXNIP_HUMAN	TXNIP	Thioredoxin-interacting protein	266354		127659	150981
Q9H3N1	Q9H3N1	TMX1_HUMAN	TMX1	Thioredoxin-related transmembrane protein 1	2.64864e+06	1.73873e+06	2.33796e+06	1.12656e+06
Q9H3P2	Q9H3P2	NELFA_HUMAN	NELFA	Negative elongation factor A	347677	129515	231812	142099
Q9H3P7	Q9H3P7	GCP60_HUMAN	ACBD3	Golgi resident protein GCP60	1.74752e+06	985010	1.33002e+06	696462
Q9H3R2	Q9H3R2	MUC13_HUMAN	MUC13	Mucin-13	989388	2.81546e+06	1.00546e+06	
Q9H3S4	Q9H3S4	TPK1_HUMAN	TPK1	Thiamin pyrophosphokinase 1	59764.9		136514	
Q9H3S7	Q9H3S7	PTN23_HUMAN	PTPN23	Tyrosine-protein phosphatase non-receptor type 23	175867	285811	211873	413141
Q9H3U1	Q9H3U1	UN45A_HUMAN	UNC45A	Protein unc-45 homolog A	1.45201e+06	1.86883e+06	1.77563e+06	2.04409e+06
Q9H3U5	Q9H3U5	MFSD1_HUMAN	MFSD1	Major facilitator superfamily domain-containing protein 1	551343	1.37409e+06		
Q9H3Z4	Q9H3Z4	DNJC5_HUMAN	DNAJC5	DnaJ homolog subfamily C member 5	552424	1.89456e+06	683049	1.71596e+06
Q9H425	Q9H425	CA198_HUMAN	C1orf198	Uncharacterized protein C1orf198	322282		146984	
Q9H444	Q9H444	CHM4B_HUMAN	CHMP4B	Charged multivesicular body protein 4b	1.43385e+06	618581	1.87663e+06	601868
Q9H446	Q9H446	RWDD1_HUMAN	RWDD1	RWD domain-containing protein 1	108694	124185	138071	17396.8
Q9H477	Q9H477	RBSK_HUMAN	RBKS	Ribokinase	247006	214790	233989	285363
Q9H479	Q9H479	FN3K_HUMAN	FN3K	Fructosamine-3-kinase		142259	201508	368644
Q9H488	Q9H488	OFUT1_HUMAN	POFUT1	GDP-fucose protein O-fucosyltransferase 1	270299	290045	221036	147437
Q9H4A3	Q9H4A3	WNK1_HUMAN	WNK1	Serine/threonine-protein kinase WNK1	475004	367597	802641	465751
Q9H4A4	Q9H4A4	AMPB_HUMAN	RNPEP	Aminopeptidase B	1.27102e+06	1.33814e+06	1.56e+06	911395
Q9H4B7	Q9H4B7	TBB1_HUMAN	TUBB1	Tubulin beta-1 chain	2.15772e+06		1.83631e+06	1.60678e+06
Q9H4E7	Q9H4E7	DEFI6_HUMAN	DEF6	Differentially expressed in FDCP 6 homolog	362097	323751	225914	593883
Q9H4G0	Q9H4G0	E41L1_HUMAN	EPB41L1	Band 4.1-like protein 1	129362		177135	
Q9H4G4	Q9H4G4	GAPR1_HUMAN	GLIPR2	Golgi-associated plant pathogenesis-related protein 1	4.04705e+06	4.88694e+06	4.01123e+06	8.65194e+06
Q9H4I9	Q9H4I9	EMRE_HUMAN	SMDT1	Essential MCU regulator, mitochondrial	191020	356031	274773	289061
Q9H4M9	Q9H4M9;Q9NZN3	EHD1_HUMAN	EHD1	EH domain-containing protein 1	2.18044e+06	2.26113e+06	2.31111e+06	2.23153e+06
Q9H4Z3	Q9H4Z3	CAPAM_HUMAN	PCIF1	mRNA (2'-O-methyladenosine-N(6)-)-methyltransferase	228206			
Q9H583	Q9H583	HEAT1_HUMAN	HEATR1	HEAT repeat-containing protein 1	85366.3	141263	94117.3	82475.6
Q9H5V8	Q9H5V8	CDCP1_HUMAN	CDCP1	CUB domain-containing protein 1	636548	712109	393953	772020
Q9H694	Q9H694	BICC1_HUMAN	BICC1	Protein bicaudal C homolog 1	142436			127215
Q9H6B4	Q9H6B4	CLMP_HUMAN	CLMP	CXADR-like membrane protein	207775		355420	241427
Q9H6E4	Q9H6E4	CC134_HUMAN	CCDC134	Coiled-coil domain-containing protein 134	472703	478098	986306	314214
Q9H6S3	Q9H6S3	ES8L2_HUMAN	EPS8L2	Epidermal growth factor receptor kinase substrate 8-like protein 2	2.07328e+06	966994	2.96368e+06	
Q9H6T3	Q9H6T3	RPAP3_HUMAN	RPAP3	RNA polymerase II-associated protein 3	301313	91999.1	162953	
Q9H6X2	Q9H6X2	ANTR1_HUMAN	ANTXR1	Anthrax toxin receptor 1	956592	535159	1.03864e+06	317060
Q9H6Z4	Q9H6Z4	RANB3_HUMAN	RANBP3	Ran-binding protein 3	1.222e+06	583401	735625	616956
Q9H773	Q9H773	DCTP1_HUMAN	DCTPP1	dCTP pyrophosphatase 1	194389	70220.5		
Q9H7B2	Q9H7B2	RPF2_HUMAN	RPF2	Ribosome production factor 2 homolog	125977	16731.6	58383.7	
Q9H7C9	Q9H7C9	AAMDC_HUMAN	AAMDC	Mth938 domain-containing protein	759257	516423	476710	300843
Q9H7D0	Q9H7D0	DOCK5_HUMAN	DOCK5	Dedicator of cytokinesis protein 5	21610.8			
Q9H7D7	Q9H7D7	WDR26_HUMAN	WDR26	WD repeat-containing protein 26	318033	366233	379159	205450
Q9H7M9	Q9H7M9	VISTA_HUMAN	VSIR	V-type immunoglobulin domain-containing suppressor of T-cell activation	750299	1.72532e+06	766698	3.2802e+06
Q9H7Z7	Q9H7Z7	PGES2_HUMAN	PTGES2	Prostaglandin E synthase 2	325362	288832	597551	118572
Q9H814	Q9H814	PHAX_HUMAN	PHAX	Phosphorylated adapter RNA export protein	425888	663745	254543	
Q9H832	Q9H832	UBE2Z_HUMAN	UBE2Z	Ubiquitin-conjugating enzyme E2 Z	390340	265352	320250	110238
Q9H845	Q9H845	ACAD9_HUMAN	ACAD9	Complex I assembly factor ACAD9, mitochondrial	197847	165285	179344	
Q9H857	Q9H857	NT5D2_HUMAN	NT5DC2	5'-nucleotidase domain-containing protein 2	330827	302106	217608	361517
Q9H8H3	Q9H8H3	TMT1A_HUMAN	TMT1A	N6-adenosine-methyltransferase TMT1A	1.42216e+06	1.5552e+06	2.76047e+06	1.10474e+06
Q9H8L6	Q9H8L6	MMRN2_HUMAN	MMRN2	Multimerin-2	147201		131726	
Q9H8M7	Q9H8M7	MINY3_HUMAN	MINDY3	Ubiquitin carboxyl-terminal hydrolase MINDY-3	77667.7		126158	
Q9H8W4	Q9H8W4	PKHF2_HUMAN	PLEKHF2	Pleckstrin homology domain-containing family F member 2	349228		296265	
Q9H8Y5	Q9H8Y5	ANKZ1_HUMAN	ANKZF1	tRNA endonuclease ANKZF1	100690			
Q9H8Y8	Q9H8Y8	GORS2_HUMAN	GORASP2	Golgi reassembly-stacking protein 2	1.70642e+06	1.36946e+06	1.90085e+06	1.34671e+06
Q9H910	Q9H910	JUPI2_HUMAN	JPT2	Jupiter microtubule associated homolog 2	279765			
Q9H939	Q9H939	PPIP2_HUMAN	PSTPIP2	Proline-serine-threonine phosphatase-interacting protein 2	408420	661634	472014	523759
Q9H944	Q9H944	MED20_HUMAN	MED20	Mediator of RNA polymerase II transcription subunit 20	86420.6			
Q9H993	Q9H993	ARMT1_HUMAN	ARMT1	Damage-control phosphatase ARMT1	6.23672e+06	1.61826e+07	7.68376e+06	1.09689e+07
Q9H9A6	Q9H9A6	LRC40_HUMAN	LRRC40	Leucine-rich repeat-containing protein 40	75349.2		71949.8	
Q9H9B4	Q9H9B4	SFXN1_HUMAN	SFXN1	Sideroflexin-1	60648.9	210847	48092.1	
Q9H9G7	Q9H9G7	AGO3_HUMAN	AGO3	Protein argonaute-3	376885	395312	375091	79168.9
Q9H9H4	Q9H9H4	VP37B_HUMAN	VPS37B	Vacuolar protein sorting-associated protein 37B	30284.2			
Q9H9L7	Q9H9L7	AKIR1_HUMAN	AKIRIN1	Akirin-1	122275			129453
Q9H9P8	Q9H9P8	L2HDH_HUMAN	L2HGDH	L-2-hydroxyglutarate dehydrogenase, mitochondrial	145697	67300.3	66349.5	
Q9H9S4	Q9H9S4	CB39L_HUMAN	CAB39L	Calcium-binding protein 39-like	150556		117287	
Q9H9Y6	Q9H9Y6	RPA2_HUMAN	POLR1B	DNA-directed RNA polymerase I subunit RPA2	119576			
Q9HA64	Q9HA64	KT3K_HUMAN	FN3KRP	Ketosamine-3-kinase	459044	256372	707837	311470
Q9HA77	Q9HA77	SYCM_HUMAN	CARS2	Probable cysteine--tRNA ligase, mitochondrial	411119	585674	312370	270044
Q9HAB8	Q9HAB8	PPCS_HUMAN	PPCS	Phosphopantothenate--cysteine ligase	891791	662157	903329	641162
Q9HAN9	Q9HAN9	NMNA1_HUMAN	NMNAT1	Nicotinamide/nicotinic acid mononucleotide adenylyltransferase 1	141068		154638	
Q9HAT2	Q9HAT2	SIAE_HUMAN	SIAE	Sialate O-acetylesterase	1.32619e+06	1.95738e+06	1.92638e+06	877455
Q9HAU5	Q9HAU5	RENT2_HUMAN	UPF2	Regulator of nonsense transcripts 2	113271	79817		
Q9HAV0	Q9HAV0	GBB4_HUMAN	GNB4	Guanine nucleotide-binding protein subunit beta-4	603361	861762	1.07549e+06	991325
Q9HAV4	Q9HAV4	XPO5_HUMAN	XPO5	Exportin-5	211831	82282.8	120445	
Q9HAV7	Q9HAV7	GRPE1_HUMAN	GRPEL1	GrpE protein homolog 1, mitochondrial	180466	171078	46304.8	59313.6
Q9HB07	Q9HB07	MYG1_HUMAN	MYG1	MYG1 exonuclease	2.37014e+06	1.66588e+06	2.09137e+06	1.59131e+06
Q9HB19	Q9HB19	PKHA2_HUMAN	PLEKHA2	Pleckstrin homology domain-containing family A member 2	175618	136975	179848	96868.2
Q9HB21	Q9HB21	PKHA1_HUMAN	PLEKHA1	Pleckstrin homology domain-containing family A member 1	320048		173040	
Q9HB40	Q9HB40	RISC_HUMAN	SCPEP1	Retinoid-inducible serine carboxypeptidase	590019	534625	726210	686938
Q9HB71	Q9HB71	CYBP_HUMAN	CACYBP	Calcyclin-binding protein	2.03476e+06	1.52024e+06	1.52526e+06	1.10053e+06
Q9HB90	Q9HB90;Q9NQL2	RRAGC_HUMAN	RRAGC	Ras-related GTP-binding protein C	590588	496353	555576	383303
Q9HBF4	Q9HBF4	ZFYV1_HUMAN	ZFYVE1	Zinc finger FYVE domain-containing protein 1	88189.9		84547.2	
Q9HBH5	Q9HBH5	RDH14_HUMAN	RDH14	Retinol dehydrogenase 14	500874	279012	589278	406147
Q9HBI1	Q9HBI1	PARVB_HUMAN	PARVB	Beta-parvin	117558	114566	545012	213228
Q9HBL0	Q9HBL0	TENS1_HUMAN	TNS1	Tensin-1	2.89211e+06	1.2407e+06	2.3116e+06	1.1422e+06
Q9HBM1	Q9HBM1	SPC25_HUMAN	SPC25	Kinetochore protein Spc25	83262.6			
Q9HBW1;Q9HCJ2;Q9NT99	Q9HBW1;Q9HCJ2;Q9NT99	LRC4B_HUMAN;LRC4C_HUMAN;LRRC4_HUMAN	LRRC4;LRRC4B;LRRC4C	Leucine-rich repeat-containing protein 4		744483		121057
Q9HBW9	Q9HBW9	AGRL4_HUMAN	ADGRL4	Adhesion G protein-coupled receptor L4	32835			
Q9HC07	Q9HC07	TM165_HUMAN	TMEM165	Transmembrane protein 165	214453	191033	134775	126456
Q9HC35	Q9HC35	EMAL4_HUMAN	EML4	Echinoderm microtubule-associated protein-like 4	959822	686046	812068	487552
Q9HC38	Q9HC38	GLOD4_HUMAN	GLOD4	Glyoxalase domain-containing protein 4	2.70937e+06	2.55789e+06	3.2388e+06	1.62904e+06
Q9HC77	Q9HC77	CENPJ_HUMAN	CENPJ	Centromere protein J	65962.8	76528		39382.3
Q9HCB6	Q9HCB6	SPON1_HUMAN	SPON1	Spondin-1	250385	160236	528795	177309
Q9HCC0	Q9HCC0	MCCB_HUMAN	MCCC2	Methylcrotonoyl-CoA carboxylase beta chain, mitochondrial	529025	592766	491340	310636
Q9HCD5	Q9HCD5	NCOA5_HUMAN	NCOA5	Nuclear receptor coactivator 5	734893	418521	455735	686994
Q9HCE1	Q9HCE1	MOV10_HUMAN	MOV10	Helicase MOV-10	483721	82728.6	363595	134869
Q9HCE5	Q9HCE5	MET14_HUMAN	METTL14	N6-adenosine-methyltransferase non-catalytic subunit	199214	149577	147109	133465
Q9HCH5	Q9HCH5	SYTL2_HUMAN	SYTL2	Synaptotagmin-like protein 2	198245		117420	
Q9HCJ3	Q9HCJ3	RAVR2_HUMAN	RAVER2	Ribonucleoprotein PTB-binding 2	45721.9			
Q9HCN6	Q9HCN6	GPVI_HUMAN	GP6	Platelet glycoprotein VI			226303	87325.5
Q9HCN8	Q9HCN8	SDF2L_HUMAN	SDF2L1	Stromal cell-derived factor 2-like protein 1	1.55698e+06	1.31145e+06	2.17535e+06	1.74995e+06
Q9HCU0	Q9HCU0	CD248_HUMAN	CD248	Endosialin	2.84104e+06	564710	2.17977e+06	662609
Q9HCU5	Q9HCU5	PREB_HUMAN	PREB	Prolactin regulatory element-binding protein	507065	299798	489518	185512
Q9HCU9	Q9HCU9	BRMS1_HUMAN	BRMS1	Breast cancer metastasis-suppressor 1	368020	1.51844e+06	246219	727424
Q9HCY8	Q9HCY8	S10AE_HUMAN	S100A14	Protein S100-A14	63438.7	274510	292528	
Q9HD15	Q9HD15	SRA1_HUMAN	SRA1	Steroid receptor RNA activator 1	185853	212483	173861	
Q9HD20	Q9HD20	AT131_HUMAN	ATP13A1	Endoplasmic reticulum transmembrane helix translocase	85864.8		63879.9	
Q9HD26	Q9HD26	GOPC_HUMAN	GOPC	Golgi-associated PDZ and coiled-coil motif-containing protein	1.14341e+06	598253	1.00924e+06	530100
Q9HD34	Q9HD34	LYRM4_HUMAN	LYRM4	LYR motif-containing protein 4	198497	119050	182015	
Q9HD42	Q9HD42	CHM1A_HUMAN	CHMP1A	Charged multivesicular body protein 1a	632016	752206	703185	488278
Q9HD45	Q9HD45	TM9S3_HUMAN	TM9SF3	Transmembrane 9 superfamily member 3	257828	378083	199958	219633
Q9HD89	Q9HD89	RETN_HUMAN	RETN	Resistin	4.53374e+06	9.30744e+06	2.70895e+06	9.02877e+06
Q9HDC9	Q9HDC9	APMAP_HUMAN	APMAP	Adipocyte plasma membrane-associated protein	6.05235e+06	2.29488e+07	7.12281e+06	2.21992e+07
Q9NNW5	Q9NNW5	WDR6_HUMAN	WDR6	tRNA (34-2'-O)-methyltransferase regulator WDR6	143184			
Q9NNW7	Q9NNW7	TRXR2_HUMAN	TXNRD2	Thioredoxin reductase 2, mitochondrial	484708	157006	545547	475569
Q9NP55	Q9NP55	BPIA1_HUMAN	BPIFA1	BPI fold-containing family A member 1	61936.7			
Q9NP58	Q2M3G0;Q9NP58	ABCB6_HUMAN	ABCB6	ATP-binding cassette sub-family B member 6	1.37858e+07	2.0208e+07	2.02915e+07	1.58406e+07
Q9NP61	Q9NP61	ARFG3_HUMAN	ARFGAP3	ADP-ribosylation factor GTPase-activating protein 3	2.1644e+06	1.16391e+06	2.35514e+06	1.36614e+06
Q9NP72	Q9NP72	RAB18_HUMAN	RAB18	Ras-related protein Rab-18	2.05279e+06	1.61055e+06	1.76923e+06	1.66576e+06
Q9NP73	Q9NP73	ALG13_HUMAN	ALG13	Putative bifunctional UDP-N-acetylglucosamine transferase and deubiquitinase ALG13	800174		1.20869e+06	
Q9NP77	Q9NP77	SSU72_HUMAN	SSU72	RNA polymerase II subunit A C-terminal domain phosphatase SSU72	379129	283638	372112	205932
Q9NP79	Q9NP79	VTA1_HUMAN	VTA1	Vacuolar protein sorting-associated protein VTA1 homolog	708433	631662	491461	304340
Q9NP80	Q9NP80	PLPL8_HUMAN	PNPLA8	Calcium-independent phospholipase A2-gamma	555135	1.28504e+06	664551	1.0349e+06
Q9NP81	Q9NP81	SYSM_HUMAN	SARS2	Serine--tRNA ligase, mitochondrial	635408	411502	543441	330726
Q9NP97	Q9NP97	DLRB1_HUMAN	DYNLRB1	Dynein light chain roadblock-type 1	504925	742390	615376	
Q9NP99	Q9NP99	TREM1_HUMAN	TREM1	Triggering receptor expressed on myeloid cells 1	164118	466580	129517	758332
Q9NPA0	Q9NPA0	EMC7_HUMAN	EMC7	ER membrane protein complex subunit 7	483441	506152	545898	336443
Q9NPA2	Q9NPA2	MMP25_HUMAN	MMP25	Matrix metalloproteinase-25	335106	780404	138266	1.0655e+06
Q9NPA8	Q9NPA8	ENY2_HUMAN	ENY2	Transcription and mRNA export factor ENY2	642927	477632	465073	432474
Q9NPD3	Q9NPD3	EXOS4_HUMAN	EXOSC4	Exosome complex component RRP41	614064	395677	461038	
Q9NPF4	Q9NPF4	OSGEP_HUMAN	OSGEP	tRNA N6-adenosine threonylcarbamoyltransferase	867691	491278	753357	549840
Q9NPH2	Q9NPH2	INO1_HUMAN	ISYNA1	Inositol-3-phosphate synthase 1	1.50074e+06	955434	2.01472e+06	747221
Q9NPH3	Q9NPH3	IL1AP_HUMAN	IL1RAP	Interleukin-1 receptor accessory protein	89948.6	148239	80061.5	105083
Q9NPJ3	Q9NPJ3	ACO13_HUMAN	ACOT13	Acyl-coenzyme A thioesterase 13	1.6768e+06	2.31389e+06	2.51638e+06	2.20015e+06
Q9NPJ6	Q9NPJ6	MED4_HUMAN	MED4	Mediator of RNA polymerase II transcription subunit 4	50902			
Q9NPQ8	Q9NPQ8	RIC8A_HUMAN	RIC8A	Synembryn-A	68688.5	59346.1	108954	67703.4
Q9NPR2	Q9NPR2	SEM4B_HUMAN	SEMA4B	Semaphorin-4B	405178			
Q9NPY3	Q9NPY3	C1QR1_HUMAN	CD93	Complement component C1q receptor	1.10385e+06	661992	879764	892945
Q9NQ29	Q9NQ29	LUC7L_HUMAN	LUC7L	Putative RNA-binding protein Luc7-like 1	277620	208572	188640	143711
Q9NQ48	Q9NQ48	LZTL1_HUMAN	LZTFL1	Leucine zipper transcription factor-like protein 1	224364	239819	251844	96033.1
Q9NQ79	Q9NQ79	CRAC1_HUMAN	CRTAC1	Cartilage acidic protein 1	74210.8	257669	113998	301758
Q9NQ88	Q9NQ88	TIGAR_HUMAN	TIGAR	Fructose-2,6-bisphosphatase TIGAR	1.08409e+06	723822	1.38867e+06	812302
Q9NQA3	Q9NQA3	WASH6_HUMAN	WASH6P	WAS protein family homolog 6	77359.7		51391.4	
Q9NQC3	Q9NQC3	RTN4_HUMAN	RTN4	Reticulon-4	7.13974e+06	8.13472e+06	6.88125e+06	3.90708e+06
Q9NQE9	Q9NQE9	HINT3_HUMAN	HINT3	Adenosine 5'-monophosphoramidase HINT3	384019	397995	429625	212547
Q9NQG1	Q9NQG1	MANBL_HUMAN	MANBAL	Protein MANBAL	129045	69031.1	82451.3	56877.8
Q9NQG5	Q9NQG5	RPR1B_HUMAN	RPRD1B	Regulation of nuclear pre-mRNA domain-containing protein 1B	2.12419e+06	1.1998e+06	1.51138e+06	1.01197e+06
Q9NQH7	Q9NQH7	XPP3_HUMAN	XPNPEP3	Xaa-Pro aminopeptidase 3	1.88126e+07	1.14381e+07	1.55053e+07	8.77545e+06
Q9NQP4	Q9NQP4	PFD4_HUMAN	PFDN4	Prefoldin subunit 4	73019.7	160141		71313.2
Q9NQR4	Q9NQR4	NIT2_HUMAN	NIT2	Omega-amidase NIT2	2.87697e+06	3.10418e+06	2.4002e+06	2.42534e+06
Q9NQS5	Q9NQS5	GPR84_HUMAN	GPR84	G-protein coupled receptor 84	184356	751696	147277	525851
Q9NQT4	Q9NQT4	EXOS5_HUMAN	EXOSC5	Exosome complex component RRP46	367193	192754	213956	197753
Q9NQT5	Q9NQT5	EXOS3_HUMAN	EXOSC3	Exosome complex component RRP40	322872	219793	324916	199947
Q9NQT8	Q9NQT8	KI13B_HUMAN	KIF13B	Kinesin-like protein KIF13B	448380	429498	534731	449009
Q9NQW7	Q9NQW7	XPP1_HUMAN	XPNPEP1	Xaa-Pro aminopeptidase 1	1.13258e+06	787401	1.04854e+06	629593
Q9NQX3	Q9NQX3	GEPH_HUMAN	GPHN	Gephyrin	458027	148471	188821	
Q9NQY0	Q9NQY0	BIN3_HUMAN	BIN3	Bridging integrator 3	103724		89995.1	
Q9NQZ5	Q9NQZ5	STAR7_HUMAN	STARD7	StAR-related lipid transfer protein 7, mitochondrial	268123		278502	
Q9NR09	Q9NR09	BIRC6_HUMAN	BIRC6	Baculoviral IAP repeat-containing protein 6	62472.4			
Q9NR12	Q9NR12	PDLI7_HUMAN	PDLIM7	PDZ and LIM domain protein 7	5.4086e+06	3.8139e+06	5.35173e+06	2.59856e+06
Q9NR19	Q9NR19	ACSA_HUMAN	ACSS2	Acetyl-coenzyme A synthetase, cytoplasmic	434099	368267	279094	256001
Q9NR28	Q9NR28	DBLOH_HUMAN	DIABLO	Diablo IAP-binding mitochondrial protein	692442	1.10037e+06	458433	848084
Q9NR30	Q9NR30	DDX21_HUMAN	DDX21	Nucleolar RNA helicase 2	2.37008e+06	1.03687e+06	925610	1.05182e+06
Q9NR31	Q9NR31	SAR1A_HUMAN	SAR1A	GTP-binding protein SAR1a	9.54191e+06	5.35401e+06	8.47582e+06	6.24002e+06
Q9NR45	Q9NR45	SIAS_HUMAN	NANS	Sialic acid synthase	5.83765e+06	4.06714e+06	6.20476e+06	4.1098e+06
Q9NR46	Q9NR46	SHLB2_HUMAN	SH3GLB2	Endophilin-B2	534377	446061	651867	331616
Q9NR50	Q9NR50	EI2BG_HUMAN	EIF2B3	Translation initiation factor eIF-2B subunit gamma	315974	64176.3	242778	165337
Q9NR56	Q9NR56;Q9NUK0	MBNL1_HUMAN	MBNL1	Muscleblind-like protein 1	930704	423494	628177	471973
Q9NR71	Q9NR71	ASAH2_HUMAN	ASAH2	Neutral ceramidase		129427	64401	263247
Q9NR99	Q9NR99	MXRA5_HUMAN	MXRA5	Matrix-remodeling-associated protein 5	1.06368e+06	1.52601e+06	1.00534e+06	752553
Q9NRA2	Q9NRA2	S17A5_HUMAN	SLC17A5	Sialin	128896	175468	153119	214701
Q9NRD8	Q9NRD8	DUOX2_HUMAN	DUOX2	Dual oxidase 2	40021.9		9624.72	
Q9NRF8	Q9NRF8	PYRG2_HUMAN	CTPS2	CTP synthase 2	1.58821e+06	969410	1.67009e+06	
Q9NRF9	Q9NRF9	DPOE3_HUMAN	POLE3	DNA polymerase epsilon subunit 3	53775.3			50114.6
Q9NRL2	Q9NRL2	BAZ1A_HUMAN	BAZ1A	Bromodomain adjacent to zinc finger domain protein 1A	70605.2			27408.7
Q9NRN5	Q9NRN5	OLFL3_HUMAN	OLFML3	Olfactomedin-like protein 3	1.0975e+06	926255	1.99371e+06	567029
Q9NRN7	Q9NRN7	ADPPT_HUMAN	AASDHPPT	L-aminoadipate-semialdehyde dehydrogenase-phosphopantetheinyl transferase	465645	352015	521247	329214
Q9NRN9	Q9NRN9	METL5_HUMAN	METTL5	rRNA N6-adenosine-methyltransferase METTL5	84284.2		58531.1	
Q9NRP0	Q9NRP0	OSTC_HUMAN	OSTC	Oligosaccharyltransferase complex subunit OSTC	602409	644166	564472	175259
Q9NRP2	Q9NRP2	COXM2_HUMAN	CMC2	COX assembly mitochondrial protein 2 homolog	313939			
Q9NRQ2	Q9NRQ2	PLS4_HUMAN	PLSCR4	Phospholipid scramblase 4	481166	322912	700708	296148
Q9NRR5	Q9NRR5	UBQL4_HUMAN	UBQLN4	Ubiquilin-4	361745	337351	378168	349077
Q9NRS6	Q9NRS6	SNX15_HUMAN	SNX15	Sorting nexin-15	388353	261069	452335	214501
Q9NRV9	Q9NRV9	HEBP1_HUMAN	HEBP1	Heme-binding protein 1	1.75189e+06	1.91103e+06	2.56892e+06	1.57724e+06
Q9NRW1	Q9NRW1	RAB6B_HUMAN	RAB6B	Ras-related protein Rab-6B	348520	341371	846156	579580
Q9NRW3	Q9NRW3	ABC3C_HUMAN	APOBEC3C	DNA dC->dU-editing enzyme APOBEC-3C	91632.9		191090	
Q9NRW7	Q9NRW7	VPS45_HUMAN	VPS45	Vacuolar protein sorting-associated protein 45	215839	197310	228917	
Q9NRX1	Q9NRX1	PNO1_HUMAN	PNO1	RNA-binding protein PNO1	770223		1.18215e+06	
Q9NRX2	Q9NRX2	RM17_HUMAN	MRPL17	Large ribosomal subunit protein bL17m	114763		124212	
Q9NRX4	Q9NRX4	PHP14_HUMAN	PHPT1	14 kDa phosphohistidine phosphatase	965186	1.0567e+06	1.59297e+06	790495
Q9NRX5	Q9NRX5	SERC1_HUMAN	SERINC1	Serine incorporator 1	280388	246258	288914	235249
Q9NRY5	Q9NRY5	F1142_HUMAN	FAM114A2	Protein FAM114A2	20499.6	32017.6		
Q9NRY6	Q9NRY6	PLS3_HUMAN	PLSCR3	Phospholipid scramblase 3	653407	354299	849135	213624
Q9NRZ9	Q9NRZ9	HELLS_HUMAN	HELLS	Lymphoid-specific helicase	151172	222392	218081	218225
Q9NS61;Q9NZI2	Q9NS61;Q9NZI2	KCIP1_HUMAN;KCIP2_HUMAN	KCNIP1;KCNIP2	Kv channel-interacting protein 2	191718	509339	324509	488199
Q9NS86	Q9NS86	LANC2_HUMAN	LANCL2	LanC-like protein 2	370658	181863	413561	111781
Q9NSC5	Q9NSC5	HOME3_HUMAN	HOMER3	Homer protein homolog 3	90176.9		55425.4	
Q9NSC7	Q9NSC7	SIA7A_HUMAN	ST6GALNAC1	Alpha-N-acetylgalactosaminide alpha-2,6-sialyltransferase 1	67833.3	99161.9		
Q9NSD9	Q9NSD9	SYFB_HUMAN	FARSB	Phenylalanine--tRNA ligase beta subunit	1.76045e+06	797002	1.55516e+06	399202
Q9NSE4	Q9NSE4	SYIM_HUMAN	IARS2	Isoleucine--tRNA ligase, mitochondrial	20391.1			
Q9NSI8	O94885;Q9NSI8	SAMN1_HUMAN	SAMSN1	SAM domain-containing protein SAMSN-1	389837	256867	222165	353001
Q9NSK0	Q9NSK0	KLC4_HUMAN	KLC4	Kinesin light chain 4	304416		353638	
Q9NSK7	Q9NSK7	CS012_HUMAN	C19orf12	Protein C19orf12	206181	175920	121112	
Q9NSY2	Q9NSY2	STAR5_HUMAN	STARD5	StAR-related lipid transfer protein 5	46268.1		29307	19513.6
Q9NT62	Q9NT62	ATG3_HUMAN	ATG3	Ubiquitin-like-conjugating enzyme ATG3	438939	359081	300162	256592
Q9NTI5	Q9NTI5	PDS5B_HUMAN	PDS5B	Sister chromatid cohesion protein PDS5 homolog B	257424	246490	199961	234273
Q9NTJ3	Q9NTJ3	SMC4_HUMAN	SMC4	Structural maintenance of chromosomes protein 4	343361	218485		34284
Q9NTJ4	Q9NTJ4	MA2C1_HUMAN	MAN2C1	Alpha-mannosidase 2C1	241713	175502	322514	172272
Q9NTJ5	Q9NTJ5	SAC1_HUMAN	SACM1L	Phosphatidylinositol-3-phosphatase SAC1	478678	627445	712939	342843
Q9NTK5	Q9NTK5	OLA1_HUMAN	OLA1	Obg-like ATPase 1	5.10114e+06	3.72279e+06	5.38166e+06	3.04778e+06
Q9NTM9	Q9NTM9	CUTC_HUMAN	CUTC	Copper homeostasis protein cutC homolog	391137	214642		399413
Q9NTX5	Q9NTX5	ECHD1_HUMAN	ECHDC1	Ethylmalonyl-CoA decarboxylase	653333	631199	554744	
Q9NTZ6	Q9NTZ6	RBM12_HUMAN	RBM12	RNA-binding protein 12	4.43674e+06	2.50386e+06	3.63085e+06	2.55723e+06
Q9NU23	Q9NU23	LYRM2_HUMAN	LYRM2	LYR motif-containing protein 2	237664		290872	225221
Q9NUB1	Q9NUB1	ACS2L_HUMAN	ACSS1	Acetyl-coenzyme A synthetase 2-like, mitochondrial	276352	461789	317324	214185
Q9NUG6	Q9NUG6	PDRG1_HUMAN	PDRG1	p53 and DNA damage-regulated protein 1	328244		220427	
Q9NUJ1	Q9NUJ1	ABHDA_HUMAN	ABHD10	Palmitoyl-protein thioesterase ABHD10, mitochondrial	213358	245815	238715	115040
Q9NUL3	Q9NUL3	STAU2_HUMAN	STAU2	Double-stranded RNA-binding protein Staufen homolog 2	21910.4		19843.3	
Q9NUL5	Q9NUL5	SHFL_HUMAN	SHFL	Shiftless antiviral inhibitor of ribosomal frameshifting protein	935163	503652	1.02709e+06	612360
Q9NUM4	Q9NUM4	T106B_HUMAN	TMEM106B	Transmembrane protein 106B	506924	643172	659180	414277
Q9NUN5	Q9NUN5	LMBD1_HUMAN	LMBRD1	Lysosomal cobalamin transport escort protein LMBD1	208181	311897	254482	399489
Q9NUP9	Q9NUP9	LIN7C_HUMAN	LIN7C	Protein lin-7 homolog C	840013	795288	1.1028e+06	693660
Q9NUQ3	Q9NUQ3	TXLNG_HUMAN	TXLNG	Gamma-taxilin	131194	54035.8	98586.6	
Q9NUQ8	Q9NUQ8	ABCF3_HUMAN	ABCF3	ATP-binding cassette sub-family F member 3	263906	57847.3	270718	67793
Q9NUQ9	Q9NUQ9;Q9H0Q0	CYRIB_HUMAN	CYRIB	CYFIP-related Rac1 interactor B	2.95565e+06	5.15459e+06	2.36806e+06	3.00693e+06
Q9NUU7	Q9NUU7;Q9UMR2	DD19A_HUMAN	DDX19A	ATP-dependent RNA helicase DDX19A	837773	452258	860788	192302
Q9NUV9	Q9NUV9	GIMA4_HUMAN	GIMAP4	GTPase IMAP family member 4	1.79088e+06	1.90293e+06	1.3956e+06	1.76663e+06
Q9NUW8	Q9NUW8	TYDP1_HUMAN	TDP1	Tyrosyl-DNA phosphodiesterase 1	909717	950937	559112	737411
Q9NUY8	Q9NUY8	TBC23_HUMAN	TBC1D23	TBC1 domain family member 23	418091	163084	243509	323297
Q9NV96	Q3MIR4;Q9NV96	CC50A_HUMAN	TMEM30A	Cell cycle control protein 50A	1.03539e+06	2.39896e+06	1.08125e+06	2.06679e+06
Q9NVA1	Q9NVA1	UQCC1_HUMAN	UQCC1	Ubiquinol-cytochrome-c reductase complex assembly factor 1	112650	41714.9		
Q9NVA2	Q14141;Q92599;Q9NVA2	SEP11_HUMAN	SEPTIN11	Septin-11	1.04228e+07	4.42703e+06	1.35677e+07	4.2599e+06
Q9NVD7	Q9NVD7	PARVA_HUMAN	PARVA	Alpha-parvin	1.73579e+06	1.20359e+06	1.75198e+06	519811
Q9NVE7	Q9NVE7	PANK4_HUMAN	PANK4	4'-phosphopantetheine phosphatase	200217	108641	179056	54681.7
Q9NVH1	Q9NVH1	DJC11_HUMAN	DNAJC11	DnaJ homolog subfamily C member 11	104857			
Q9NVH6	Q9NVH6	TMLH_HUMAN	TMLHE	Trimethyllysine dioxygenase, mitochondrial	150739		96440.1	
Q9NVJ2	Q96BM9;Q9NVJ2	ARL8B_HUMAN	ARL8B	ADP-ribosylation factor-like protein 8B	3.72738e+06	3.53525e+06	4.58957e+06	9.01949e+06
Q9NVM6	Q9NVM6	DJC17_HUMAN	DNAJC17	DnaJ homolog subfamily C member 17	117104		57454.8	
Q9NVM9	Q9NVM9	INT13_HUMAN	INTS13	Integrator complex subunit 13	126098	301120	47880.4	
Q9NVP1	Q9NVP1	DDX18_HUMAN	DDX18	ATP-dependent RNA helicase DDX18	336092	246544	268849	178106
Q9NVS9	Q9NVS9	PNPO_HUMAN	PNPO	Pyridoxine-5'-phosphate oxidase	605484	635811	731511	475234
Q9NVT9	Q9NVT9	ARMC1_HUMAN	ARMC1	Armadillo repeat-containing protein 1	137188	115365	56350.4	
Q9NVX2	Q9NVX2	NLE1_HUMAN	NLE1	Notchless protein homolog 1	596700		510869	
Q9NVZ3	Q9NVZ3	NECP2_HUMAN	NECAP2	Adaptin ear-binding coat-associated protein 2	954022	553902	1.15023e+06	793327
Q9NW13	Q9NW13	RBM28_HUMAN	RBM28	RNA-binding protein 28	115620	151643	64847.5	74771
Q9NW64	Q9NW64	RBM22_HUMAN	RBM22	Pre-mRNA-splicing factor RBM22	373848		252511	285335
Q9NW82	Q9NW82	WDR70_HUMAN	WDR70	WD repeat-containing protein 70	269724		191952	
Q9NWB6	Q9NWB6	ARGL1_HUMAN	ARGLU1	Arginine and glutamate-rich protein 1	938580	584431	461742	710335
Q9NWH9	Q9NWH9	SLTM_HUMAN	SLTM	SAFB-like transcription modulator	1.04098e+06	1.04108e+06	999910	1.05017e+06
Q9NWM8	Q9NWM8	FKB14_HUMAN	FKBP14	Peptidyl-prolyl cis-trans isomerase FKBP14	261042	144786	246648	148226
Q9NWQ8	Q9NWQ8	PHAG1_HUMAN	PAG1	Phosphoprotein associated with glycosphingolipid-enriched microdomains 1	68992.1	77207.7		19354.3
Q9NWS1	Q9NWS1	PARI_HUMAN	PARPBP	PCNA-interacting partner	2.5842e+06	1.95116e+06	1.83188e+06	1.6719e+06
Q9NWS6	Q9NWS6	F118A_HUMAN	FAM118A	Protein FAM118A	54773.8		27008	
Q9NWT1	Q9NWT1	PK1IP_HUMAN	PAK1IP1	p21-activated protein kinase-interacting protein 1	393366	237615	381904	289709
Q9NWT6	Q9NWT6	HIF1N_HUMAN	HIF1AN	Hypoxia-inducible factor 1-alpha inhibitor	205084	267055	209952	
Q9NWV4	Q9NWV4	CZIB_HUMAN	CZIB	CXXC motif containing zinc binding protein	1.55135e+06	1.18287e+06	1.64627e+06	1.08594e+06
Q9NWV8	Q9NWV8	BABA1_HUMAN	BABAM1	BRISC and BRCA1-A complex member 1	294738	269839	277041	199664
Q9NWX6	Q9NWX6	THG1_HUMAN	THG1L	Probable tRNA(His) guanylyltransferase	305645	162695	343282	126965
Q9NWY4	Q9NWY4	HPF1_HUMAN	HPF1	Histone PARylation factor 1	376505	584237	333752	
Q9NX40	Q9NX40	OCAD1_HUMAN	OCIAD1	OCIA domain-containing protein 1	1.29265e+06	1.17072e+06	1.12526e+06	740413
Q9NX46	Q9NX46	ADPRS_HUMAN	ADPRS	ADP-ribosylhydrolase ARH3	809069	562675	851517	971610
Q9NX55	Q9NX55	HYPK_HUMAN	HYPK	Huntingtin-interacting protein K	112037		46597.8	
Q9NX57	Q9NX57	RAB20_HUMAN	RAB20	Ras-related protein Rab-20	115075			
Q9NX58	Q9NX58	LYAR_HUMAN	LYAR	Cell growth-regulating nucleolar protein	704620	159865	460177	314298
Q9NX62	Q9NX62	IMPA3_HUMAN	BPNT2	Golgi-resident adenosine 3',5'-bisphosphate 3'-phosphatase	565628	387656	559966	380863
Q9NX63	Q9NX63	MIC19_HUMAN	CHCHD3	MICOS complex subunit MIC19	651450	1.2925e+06	787284	
Q9NX74	Q9NX74	DUS2L_HUMAN	DUS2	tRNA-dihydrouridine(20) synthase [NAD(P)+]-like	59135.1			
Q9NX76	Q9NX76	CKLF6_HUMAN	CMTM6	CKLF-like MARVEL transmembrane domain-containing protein 6	336358	415892	404925	318971
Q9NXA8	Q9NXA8	SIR5_HUMAN	SIRT5	NAD-dependent protein deacylase sirtuin-5, mitochondrial	328281	454869	329464	
Q9NXC5	Q9NXC5	MIO_HUMAN	MIOS	GATOR complex protein MIOS	289131	382524	185896	379434
Q9NXG2	Q9NXG2	THUM1_HUMAN	THUMPD1	THUMP domain-containing protein 1	899922	365003	790929	207449
Q9NXH9	Q9NXH9	TRM1_HUMAN	TRMT1	tRNA (guanine(26)-N(2))-dimethyltransferase	205543	406345	157627	
Q9NXN4	Q9NXN4	GDAP2_HUMAN	GDAP2	Ganglioside-induced differentiation-associated protein 2	39272	40880.1	25132.3	17414.7
Q9NXR7	Q9NXR7	BABA2_HUMAN	BABAM2	BRISC and BRCA1-A complex member 2	120558			
Q9NXV2	Q9NXV2	KCTD5_HUMAN	KCTD5	BTB/POZ domain-containing protein KCTD5	169400			
Q9NXV6	Q9NXV6	CARF_HUMAN	CDKN2AIP	CDKN2A-interacting protein	330084	133320	318989	163490
Q9NY12	Q9NY12	GAR1_HUMAN	GAR1	H/ACA ribonucleoprotein complex subunit 1	350333	216525	227019	46611.4
Q9NY15	Q9NY15	STAB1_HUMAN	STAB1	Stabilin-1	102462	73328.4	137399	
Q9NY25	Q9NY25	CLC5A_HUMAN	CLEC5A	C-type lectin domain family 5 member A	123278	567795	81441.7	552413
Q9NY27	Q9NY27	PP4R2_HUMAN	PPP4R2	Serine/threonine-protein phosphatase 4 regulatory subunit 2	414804			
Q9NY33	Q9NY33	DPP3_HUMAN	DPP3	Dipeptidyl peptidase 3	1.25195e+06	875644	1.67447e+06	1.44256e+06
Q9NY35	Q9NY35	CLDN1_HUMAN	CLDND1	Claudin domain-containing protein 1	177975		151406	
Q9NYA1	Q9NYA1	SPHK1_HUMAN	SPHK1	Sphingosine kinase 1	248159	98520.8	185761	
Q9NYB0	Q9NYB0	TE2IP_HUMAN	TERF2IP	Telomeric repeat-binding factor 2-interacting protein 1	533164	261199	220047	350213
Q9NYF8	Q9NYF8	BCLF1_HUMAN	BCLAF1	Bcl-2-associated transcription factor 1	1.79318e+06	656118	1.0246e+06	638296
Q9NYJ8	Q9NYJ8	TAB2_HUMAN	TAB2	TGF-beta-activated kinase 1 and MAP3K7-binding protein 2	107120		96312.4	37523.6
Q9NYK5	Q9NYK5	RM39_HUMAN	MRPL39	Large ribosomal subunit protein mL39	110032	76347.2		
Q9NYL4	Q9NYL4	FKB11_HUMAN	FKBP11	Peptidyl-prolyl cis-trans isomerase FKBP11	1.2244e+06	971158	2.03256e+06	728766
Q9NYL9	Q9NYL9	TMOD3_HUMAN	TMOD3	Tropomodulin-3	2.68848e+06	3.34296e+06	2.29816e+06	3.04523e+06
Q9NYP7	Q9NYP7	ELOV5_HUMAN	ELOVL5	Elongation of very long chain fatty acids protein 5	79434.5	93123.9	37625.6	
Q9NYT0	Q9NYT0	PLEK2_HUMAN	PLEK2	Pleckstrin-2	24917.8			
Q9NYU2	Q9NYU2	UGGG1_HUMAN	UGGT1	UDP-glucose:glycoprotein glucosyltransferase 1	1.49219e+06	1.69633e+06	1.76135e+06	1.45141e+06
Q9NZ01	Q9NZ01	TECR_HUMAN	TECR	Very-long-chain enoyl-CoA reductase	327816	230797	479577	141915
Q9NZ08	Q9NZ08	ERAP1_HUMAN	ERAP1	Endoplasmic reticulum aminopeptidase 1	3.26918e+06	1.91531e+06	3.76939e+06	2.02503e+06
Q9NZ32	Q9NZ32	ARP10_HUMAN	ACTR10	Actin-related protein 10	435221	301727	481850	221241
Q9NZ43	Q9NZ43	USE1_HUMAN	USE1	Vesicle transport protein USE1	62883.1		64953.4	
Q9NZ45	Q9NZ45	CISD1_HUMAN	CISD1	CDGSH iron-sulfur domain-containing protein 1	1.12211e+06	1.34886e+06	1.53366e+06	975811
Q9NZB2	Q9NZB2	F120A_HUMAN	FAM120A	Constitutive coactivator of PPAR-gamma-like protein 1	1.76486e+06	794628	1.62446e+06	1.03112e+06
Q9NZC3	Q9NZC3	GDE1_HUMAN	GDE1	Glycerophosphodiester phosphodiesterase 1	412637	273423	444756	404895
Q9NZD2	Q9NZD2	GLTP_HUMAN	GLTP	Glycolipid transfer protein	3.48533e+06	3.40465e+06	3.31829e+06	3.14295e+06
Q9NZI7	Q9NZI7	UBIP1_HUMAN	UBP1	Upstream-binding protein 1	515630	241085	247738	186338
Q9NZJ9	Q9NZJ9;A0A024RBG1	NUDT4_HUMAN	NUDT4	Diphosphoinositol polyphosphate phosphohydrolase 2	790068	425173	669035	430035
Q9NZK5	Q9NZK5	ADA2_HUMAN	ADA2	Adenosine deaminase 2	481114	549478	472304	1.40484e+06
Q9NZL4	Q9NZL4	HPBP1_HUMAN	HSPBP1	Hsp70-binding protein 1	376507	176102	230592	65906.6
Q9NZL9	Q9NZL9	MAT2B_HUMAN	MAT2B	Methionine adenosyltransferase 2 subunit beta	1.61635e+06	865685	1.37776e+06	1.10247e+06
Q9NZM1	Q9NZM1	MYOF_HUMAN	MYOF	Myoferlin	4.13094e+06	2.56292e+06	5.3405e+06	1.21976e+06
Q9NZM3	Q9NZM3	ITSN2_HUMAN	ITSN2	Intersectin-2	416349	387245	555672	357198
Q9NZN3	Q9NZN3	EHD3_HUMAN	EHD3	EH domain-containing protein 3	256793	1.09677e+06	778527	
Q9NZN4	Q9NZN4	EHD2_HUMAN	EHD2	EH domain-containing protein 2	5.12537e+06	1.61714e+06	5.99049e+06	2.18063e+06
Q9NZP8	Q9NZP8	C1RL_HUMAN	C1RL	Complement C1r subcomponent-like protein	195923	387326	210088	263326
Q9NZT1	Q9NZT1	CALL5_HUMAN	CALML5	Calmodulin-like protein 5	283446	1.30857e+06	1.67786e+06	847589
Q9NZT2	Q9NZT2	OGFR_HUMAN	OGFR	Opioid growth factor receptor	270005	176978	226013	99349.8
Q9NZU5	Q9NZU5	LMCD1_HUMAN	LMCD1	LIM and cysteine-rich domains protein 1	2.1054e+06	1.91733e+06	1.33112e+06	1.22016e+06
Q9NZZ3	Q9NZZ3	CHMP5_HUMAN	CHMP5	Charged multivesicular body protein 5	343662	188016	285031	275868
Q9P000	Q9P000	COMD9_HUMAN	COMMD9	COMM domain-containing protein 9	96543.1			
Q9P013	Q9P013	CWC15_HUMAN	CWC15	Spliceosome-associated protein CWC15 homolog	493966		702908	274432
Q9P016	Q9P016	THYN1_HUMAN	THYN1	Thymocyte nuclear protein 1	1.09512e+06	1.14342e+06	1.09234e+06	1.41429e+06
Q9P035	Q9P035	HACD3_HUMAN	HACD3	Very-long-chain (3R)-3-hydroxyacyl-CoA dehydratase 3	303741	98384	374563	155673
Q9P0I2	Q9P0I2	EMC3_HUMAN	EMC3	ER membrane protein complex subunit 3	347800	410355	368963	112733
Q9P0J1	Q9P0J1	PDP1_HUMAN	PDP1	[Pyruvate dehydrogenase [acetyl-transferring]]-phosphatase 1, mitochondrial	1.13472e+06	1.27714e+06	1.32726e+06	801845
Q9P0K7	Q9P0K7	RAI14_HUMAN	RAI14	Ankycorbin	627658	289049	520898	306429
Q9P0L0	Q9P0L0	VAPA_HUMAN	VAPA	Vesicle-associated membrane protein-associated protein A	3.18491e+06	2.44816e+06	2.72309e+06	2.43084e+06
Q9P0L2	P27448;Q9P0L2	MARK1_HUMAN	MARK1	Serine/threonine-protein kinase MARK1	110948	149841	87946.2	114488
Q9P0P8	Q9P0P8	MRES1_HUMAN	MTRES1	Mitochondrial transcription rescue factor 1	105733		88336.2	
Q9P0S9	Q9P0S9	TM14C_HUMAN	TMEM14C	Transmembrane protein 14C	608819	946889	624938	454607
Q9P0V9	Q9P0V9	SEP10_HUMAN	SEPTIN10	Septin-10	576252	219315	380524	136275
Q9P107	Q9P107	GMIP_HUMAN	GMIP	GEM-interacting protein	149849	172880		185716
Q9P121	Q9P121	NTRI_HUMAN	NTM	Neurotrimin	504046	131650	522761	261676
Q9P1F3	Q9P1F3	ABRAL_HUMAN	ABRACL	Costars family protein ABRACL	4.8382e+06	5.77168e+06	2.05619e+06	5.04583e+06
Q9P258	Q9P258	RCC2_HUMAN	RCC2	Protein RCC2	4.59607e+06	3.25207e+06	4.2104e+06	2.91539e+06
Q9P265	Q9P265	DIP2B_HUMAN	DIP2B	Disco-interacting protein 2 homolog B	77031.5	73504.1	33540.4	40140.1
Q9P287	Q9P287	BCCIP_HUMAN	BCCIP	BRCA2 and CDKN1A-interacting protein	279036		112127	
Q9P289	Q9P289	STK26_HUMAN	STK26	Serine/threonine-protein kinase 26	195544			245618
Q9P2B2	Q9P2B2	FPRP_HUMAN	PTGFRN	Prostaglandin F2 receptor negative regulator	1.08257e+06	1.09045e+06	2.41896e+06	834126
Q9P2B4	Q9P2B4	CT2NL_HUMAN	CTTNBP2NL	CTTNBP2 N-terminal-like protein	84036.2		49801.8	
Q9P2E9	Q9P2E9	RRBP1_HUMAN	RRBP1	Ribosome-binding protein 1	9.42595e+06	4.33815e+06	9.83403e+06	4.38939e+06
Q9P2I0	Q9P2I0	CPSF2_HUMAN	CPSF2	Cleavage and polyadenylation specificity factor subunit 2	130714	42388	101408	
Q9P2J5	Q9P2J5	SYLC_HUMAN	LARS1	Leucine--tRNA ligase, cytoplasmic	1.10803e+06	681659	910218	475975
Q9P2K3	Q9P2K3	RCOR3_HUMAN	RCOR3	REST corepressor 3	22471			80230.6
Q9P2M7	Q9P2M7	CING_HUMAN	CGN	Cingulin	77018.1	44127.3	32484	
Q9P2N5	Q9P2N5	RBM27_HUMAN	RBM27	RNA-binding protein 27	273504	295417	198526	183468
Q9P2R3	Q9P2R3	ANFY1_HUMAN	ANKFY1	Rabankyrin-5	180664	137606	256456	107250
Q9P2R7	Q9P2R7	SUCB1_HUMAN	SUCLA2	Succinate--CoA ligase [ADP-forming] subunit beta, mitochondrial	648634	467450	884244	247850
Q9P2S5	Q9P2S5	WRP73_HUMAN	WRAP73	WD repeat-containing protein WRAP73		3.58795e+06		
Q9P2T1	Q9P2T1	GMPR2_HUMAN	GMPR2	GMP reductase 2	1.34096e+06	1.04704e+06	2.04121e+06	1.23945e+06
Q9P2X0	Q9P2X0	DPM3_HUMAN	DPM3	Dolichol-phosphate mannosyltransferase subunit 3	114761	240833		
Q9P2X3	Q9P2X3	IMPCT_HUMAN	IMPACT	Protein IMPACT	120941		120932	63513.9
Q9UBB4	Q9UBB4	ATX10_HUMAN	ATXN10	Ataxin-10	144835		159562	
Q9UBB6	Q9UBB6	NCDN_HUMAN	NCDN	Neurochondrin	74984.1		11585.7	
Q9UBB9	Q9UBB9	TFP11_HUMAN	TFIP11	Tuftelin-interacting protein 11	155267	211636	205479	183168
Q9UBC2	Q9UBC2	EP15R_HUMAN	EPS15L1	Epidermal growth factor receptor substrate 15-like 1	1.03457e+06	902485	1.19122e+06	870288
Q9UBC9	Q9UBC9	SPRR3_HUMAN	SPRR3	Small proline-rich protein 3		6.1696e+06	7.14445e+06	
Q9UBE0	Q9UBE0	SAE1_HUMAN	SAE1	SUMO-activating enzyme subunit 1	930370	448061	783534	322536
Q9UBG0	Q9UBG0	MRC2_HUMAN	MRC2	C-type mannose receptor 2	2.70649e+06	1.41382e+06	3.92169e+06	1.94455e+06
Q9UBG3	Q9UBG3	CRNN_HUMAN	CRNN	Cornulin			263172	
Q9UBI1	Q9UBI1	COMD3_HUMAN	COMMD3	COMM domain-containing protein 3	114918	140938	206219	
Q9UBI6	Q9UBI6	GBG12_HUMAN	GNG12	Guanine nucleotide-binding protein G(I)/G(S)/G(O) subunit gamma-12	377564	538567	563044	256431
Q9UBK9	Q9UBK9	UXT_HUMAN	UXT	Protein UXT	156044		1.7129e+06	
Q9UBL3	Q9UBL3	ASH2L_HUMAN	ASH2L	Set1/Ash2 histone methyltransferase complex subunit ASH2	1.26991e+06	425023	466232	381795
Q9UBN4	Q9UBN4	TRPC4_HUMAN	TRPC4	Short transient receptor potential channel 4	26923	63323	72957.3	143610
Q9UBN7	Q9UBN7	HDAC6_HUMAN	HDAC6	Histone deacetylase 6	172649	197776	191870	89166.3
Q9UBP6	Q9UBP6	TRMB_HUMAN	METTL1	tRNA (guanine-N(7)-)-methyltransferase	246440	30885.5	134971	
Q9UBQ0	Q9UBQ0	VPS29_HUMAN	VPS29	Vacuolar protein sorting-associated protein 29	3.2993e+06	2.6285e+06	3.88856e+06	3.33427e+06
Q9UBQ5	Q9UBQ5	EIF3K_HUMAN	EIF3K	Eukaryotic translation initiation factor 3 subunit K	115657		26132.2	
Q9UBQ6	Q9UBQ6	EXTL2_HUMAN	EXTL2	Exostosin-like 2	107419		58572.9	68301.5
Q9UBQ7	Q9UBQ7	GRHPR_HUMAN	GRHPR	Glyoxylate reductase/hydroxypyruvate reductase	1.76482e+06	1.88577e+06	2.49334e+06	2.32456e+06
Q9UBR2	Q9UBR2	CATZ_HUMAN	CTSZ	Cathepsin Z	1.20297e+07	9.97365e+06	1.25927e+07	1.86661e+07
Q9UBS4	Q9UBS4	DJB11_HUMAN	DNAJB11	DnaJ homolog subfamily B member 11	1.9994e+06	2.17818e+06	2.34977e+06	2.56779e+06
Q9UBS8	Q9UBS8	RNF14_HUMAN	RNF14	E3 ubiquitin-protein ligase RNF14	152555	166848		257057
Q9UBT2	Q9UBT2	SAE2_HUMAN	UBA2	SUMO-activating enzyme subunit 2	1.27843e+06	694638	1.2539e+06	587463
Q9UBU7	Q9UBU7	DBF4A_HUMAN	DBF4	Protein DBF4 homolog A	1.38565e+06	7.67447e+06	1.21355e+06	4.50181e+06
Q9UBU8	Q9UBU8	MO4L1_HUMAN	MORF4L1	Mortality factor 4-like protein 1	60379.8			
Q9UBU9	Q9UBU9	NXF1_HUMAN	NXF1	Nuclear RNA export factor 1	718788	406241	589710	388570
Q9UBV2	Q9UBV2	SE1L1_HUMAN	SEL1L	Protein sel-1 homolog 1	318727		352910	
Q9UBV7	Q9UBV7	B4GT7_HUMAN	B4GALT7	Beta-1,4-galactosyltransferase 7	104188	56596.8	67256.6	22665.2
Q9UBV8	Q9UBV8	PEF1_HUMAN	PEF1	Peflin	649701	840240	692779	379175
Q9UBW5	Q9UBW5	BIN2_HUMAN	BIN2	Bridging integrator 2	1.31359e+06	2.78299e+06	1.62627e+06	1.749e+06
Q9UBX5	Q9UBX5	FBLN5_HUMAN	FBLN5	Fibulin-5	1.59915e+06	2.83319e+06	2.41459e+06	1.80684e+06
Q9UDT6	Q9UDT6	CLIP2_HUMAN	CLIP2	CAP-Gly domain-containing linker protein 2	1.10942e+06	549786	856416	602976
Q9UDW1	Q9UDW1	QCR9_HUMAN	UQCR10	Cytochrome b-c1 complex subunit 9	1.50974e+06	2.24523e+06	1.22429e+06	630492
Q9UDX3	Q9UDX3	S14L4_HUMAN	SEC14L4	SEC14-like protein 4	5706.87	31699.5	109567	
Q9UDY2	Q9UDY2	ZO2_HUMAN	TJP2	Tight junction protein ZO-2	750395	238818	613379	179855
Q9UDY4	Q9UDY4	DNJB4_HUMAN	DNAJB4	DnaJ homolog subfamily B member 4	287920	207296	255850	165176
Q9UEE9	Q9UEE9	CFDP1_HUMAN	CFDP1	Craniofacial development protein 1	451926	304254	477500	362151
Q9UEU0	Q9UEU0	VTI1B_HUMAN	VTI1B	Vesicle transport through interaction with t-SNAREs homolog 1B	391358	592072	350990	602726
Q9UEY8	Q9UEY8	ADDG_HUMAN	ADD3	Gamma-adducin	1.08104e+06	1.185e+06	1.13917e+06	805319
Q9UFC0	Q9UFC0	LRWD1_HUMAN	LRWD1	Leucine-rich repeat and WD repeat-containing protein 1	85280.6			
Q9UFN0	Q9UFN0;Q9BS92	NPS3A_HUMAN	NIPSNAP3A	Protein NipSnap homolog 3A	1.80076e+06	1.96162e+06	1.64363e+06	2.02769e+06
Q9UFW8	Q9UFW8	CGBP1_HUMAN	CGGBP1	CGG triplet repeat-binding protein 1	243385	84091.1	178451	208152
Q9UG63	Q9UG63	ABCF2_HUMAN	ABCF2	ATP-binding cassette sub-family F member 2	297064	19269.7	193765	49067.7
Q9UGI8	Q9UGI8	TES_HUMAN	TES	Testin	3.61672e+06	1.92307e+06	2.73233e+06	1.4137e+06
Q9UGM3	Q9UGM3	DMBT1_HUMAN	DMBT1	Deleted in malignant brain tumors 1 protein		769326	198488	311669
Q9UGM5	Q9UGM5	FETUB_HUMAN	FETUB	Fetuin-B	252390	669111	387843	815736
Q9UGM6	Q9UGM6	SYWM_HUMAN	WARS2	Tryptophan--tRNA ligase, mitochondrial	138764		84761	
Q9UGN4	Q9UGN4	CLM8_HUMAN	CD300A	CMRF35-like molecule 8	322384	579498	612079	900407
Q9UGP8	Q9UGP8	SEC63_HUMAN	SEC63	Translocation protein SEC63 homolog	370762	246414	312860	
Q9UGR2	Q9UGR2	Z3H7B_HUMAN	ZC3H7B	Zinc finger CCCH domain-containing protein 7B	146811		67656.9	
Q9UGT4	Q9UGT4	SUSD2_HUMAN	SUSD2	Sushi domain-containing protein 2	943708	299376	827902	
Q9UH62	Q9UH62	ARMX3_HUMAN	ARMCX3	Armadillo repeat-containing X-linked protein 3	233402		246578	119168
Q9UH65	Q9UH65	SWP70_HUMAN	SWAP70	Switch-associated protein 70	901820	623789	846760	565104
Q9UH99	Q9UH99	SUN2_HUMAN	SUN2	SUN domain-containing protein 2	346333	550318	242554	217139
Q9UHA4	Q9UHA4	LTOR3_HUMAN	LAMTOR3	Ragulator complex protein LAMTOR3	1.91721e+06	3.28251e+06	1.82214e+06	3.12409e+06
Q9UHB6	Q9UHB6	LIMA1_HUMAN	LIMA1	LIM domain and actin-binding protein 1	2.04803e+06	668060	1.58442e+06	391069
Q9UHB9	Q9UHB9	SRP68_HUMAN	SRP68	Signal recognition particle subunit SRP68	560393	365328	452794	236308
Q9UHD1	Q9UHD1	CHRD1_HUMAN	CHORDC1	Cysteine and histidine-rich domain-containing protein 1	446070	271137	433456	239995
Q9UHD8	Q9UHD8	SEPT9_HUMAN	SEPTIN9	Septin-9	1.19453e+06	854104	1.41798e+06	520146
Q9UHD9	Q9UHD9	UBQL2_HUMAN	UBQLN2	Ubiquilin-2	523464	386708	488568	447752
Q9UHE8	Q9UHE8;Q6NZ63	STEA1_HUMAN	STEAP1	Metalloreductase STEAP1	185150	184602	148207	
Q9UHG3	Q9UHG3	PCYOX_HUMAN	PCYOX1	Prenylcysteine oxidase 1	3.09572e+06	5.46286e+06	3.91968e+06	3.33059e+06
Q9UHI6	Q9UHI6	DDX20_HUMAN	DDX20	Probable ATP-dependent RNA helicase DDX20	82411			
Q9UHJ6	Q9UHJ6	SHPK_HUMAN	SHPK	Sedoheptulokinase	73330.7		134527	
Q9UHK6	Q9UHK6	AMACR_HUMAN	AMACR	Alpha-methylacyl-CoA racemase	205512		462008	159506
Q9UHL4	Q9UHL4	DPP2_HUMAN	DPP7	Dipeptidyl peptidase 2	1.88785e+06	1.62188e+06	2.56145e+06	2.02782e+06
Q9UHN6	Q9UHN6	CEIP2_HUMAN	CEMIP2	Inactive cell surface hyaluronidase CEMIP2	482597	460523	384168	547790
Q9UHQ4	Q9UHQ4	BAP29_HUMAN	BCAP29	B-cell receptor-associated protein 29	83818.9	68601.3	67247.2	
Q9UHQ9	Q9UHQ9	NB5R1_HUMAN	CYB5R1	NADH-cytochrome b5 reductase 1	1.43763e+06	1.02101e+06	2.09049e+06	2.68027e+06
Q9UHR4	Q9UHR4	BI2L1_HUMAN	BAIAP2L1	Brain-specific angiogenesis inhibitor 1-associated protein 2-like protein 1	77129.6	130564	56646.1	
Q9UHV9	Q9UHV9	PFD2_HUMAN	PFDN2	Prefoldin subunit 2	2.59666e+06	2.08847e+06	992394	1.5388e+06
Q9UHX1	Q9UHX1	PUF60_HUMAN	PUF60	Poly(U)-binding-splicing factor PUF60	3.83285e+06	2.36355e+06	2.11313e+06	2.53563e+06
Q9UHX3	Q9UHX3	AGRE2_HUMAN	ADGRE2	Adhesion G protein-coupled receptor E2	18864.4			
Q9UHY1	Q9UHY1	NRBP_HUMAN	NRBP1	Nuclear receptor-binding protein	364016	247377	239968	111479
Q9UHY7	Q9UHY7	ENOPH_HUMAN	ENOPH1	Enolase-phosphatase E1	854836	720429	793337	455740
Q9UI08	Q9UI08	EVL_HUMAN	EVL	Ena/VASP-like protein	838334	641078	545721	485466
Q9UI09	Q9UI09	NDUAC_HUMAN	NDUFA12	NADH dehydrogenase [ubiquinone] 1 alpha subcomplex subunit 12	32212	44594.7		
Q9UI10	Q9UI10	EI2BD_HUMAN	EIF2B4	Translation initiation factor eIF-2B subunit delta	577664	731939	513972	207459
Q9UI12	Q9UI12	VATH_HUMAN	ATP6V1H	V-type proton ATPase subunit H	624374	1.07321e+06	593532	598365
Q9UI14	Q9UI14	PRAF1_HUMAN	RABAC1	Prenylated Rab acceptor protein 1	339690	556205	290766	211400
Q9UI30	Q9UI30	TR112_HUMAN	TRMT112	Multifunctional methyltransferase subunit TRM112-like protein	190777		185822	
Q9UI42	Q9UI42	CBPA4_HUMAN	CPA4	Carboxypeptidase A4		223819	180512	
Q9UIA9	Q9UIA9	XPO7_HUMAN	XPO7	Exportin-7	693492	897346	1.27373e+06	555525
Q9UIB8	Q9UIB8	SLAF5_HUMAN	CD84	SLAM family member 5	123674		192233	199344
Q9UIC8	Q9UIC8	LCMT1_HUMAN	LCMT1	Leucine carboxyl methyltransferase 1	287676	150583	236517	93443.9
Q9UIG0	Q9UIG0	BAZ1B_HUMAN	BAZ1B	Tyrosine-protein kinase BAZ1B	273512	407466	223779	475866
Q9UIG8	Q9UIG8	SO3A1_HUMAN	SLCO3A1	Solute carrier organic anion transporter family member 3A1	69789.5		184140	
Q9UII2	Q9UII2	ATIF1_HUMAN	ATP5IF1	ATPase inhibitor, mitochondrial	3.33681e+06	2.34983e+06	2.84478e+06	1.8581e+06
Q9UIJ7	Q9UIJ7	KAD3_HUMAN	AK3	GTP:AMP phosphotransferase AK3, mitochondrial	1.62172e+06	1.6041e+06	2.47832e+06	891556
Q9UIQ6	Q9UIQ6	LCAP_HUMAN	LNPEP	Leucyl-cystinyl aminopeptidase	615150	791135	682453	555706
Q9UIV1	Q9UIV1	CNOT7_HUMAN	CNOT7	CCR4-NOT transcription complex subunit 7	33216.3	47111.7	31754.5	
Q9UIW2	Q9UIW2	PLXA1_HUMAN	PLXNA1	Plexin-A1	197825		135421	
Q9UJ41	Q9UJ41	RABX5_HUMAN	RABGEF1	Rab5 GDP/GTP exchange factor	129337	127692	154939	
Q9UJ68	Q9UJ68	MSRA_HUMAN	MSRA	Mitochondrial peptide methionine sulfoxide reductase	563449	861471	365982	1.11127e+06
Q9UJ70	Q9UJ70	NAGK_HUMAN	NAGK	N-acetyl-D-glucosamine kinase	1.81159e+06	1.97841e+06	1.6526e+06	1.97241e+06
Q9UJA5	Q9UJA5	TRM6_HUMAN	TRMT6	tRNA (adenine(58)-N(1))-methyltransferase non-catalytic subunit TRM6	243793	244854	189801	
Q9UJC5	Q9UJC5	SH3L2_HUMAN	SH3BGRL2	SH3 domain-binding glutamic acid-rich-like protein 2	1.102e+06	900100	1.28867e+06	433932
Q9UJU6	Q9UJU6	DBNL_HUMAN	DBNL	Drebrin-like protein	3.04751e+06	2.38852e+06	3.14184e+06	1.82098e+06
Q9UJW0	Q9UJW0	DCTN4_HUMAN	DCTN4	Dynactin subunit 4	413823	284193	478796	183989
Q9UJX3	Q9UJX3	APC7_HUMAN	ANAPC7	Anaphase-promoting complex subunit 7	55539.2		52415.6	
Q9UJX6	Q9UJX6	ANC2_HUMAN	ANAPC2	Anaphase-promoting complex subunit 2	70268.4			
Q9UJY4	Q9UJY4	GGA2_HUMAN	GGA2	ADP-ribosylation factor-binding protein GGA2	109994		199396	
Q9UJY5	Q9UJY5	GGA1_HUMAN	GGA1	ADP-ribosylation factor-binding protein GGA1	370206	283252	240876	384228
Q9UJZ1	Q9UJZ1	STML2_HUMAN	STOML2	Stomatin-like protein 2, mitochondrial	833853	1.16897e+06	630113	359898
Q9UK41	Q9UK41	VPS28_HUMAN	VPS28	Vacuolar protein sorting-associated protein 28 homolog	127716	134366	108552	74442.1
Q9UK45	Q9UK45	LSM7_HUMAN	LSM7	U6 snRNA-associated Sm-like protein LSm7	2.94561e+06	2.94825e+06	2.49784e+06	2.91655e+06
Q9UK55	Q9UK55	ZPI_HUMAN	SERPINA10	Protein Z-dependent protease inhibitor	108159	638698	171719	495587
Q9UK59	Q9UK59	DBR1_HUMAN	DBR1	Lariat debranching enzyme	119539		90056.7	
Q9UK61	Q9UK61	TASOR_HUMAN	TASOR	Protein TASOR	139755		71037.9	133542
Q9UK76	Q9UK76	JUPI1_HUMAN	JPT1	Jupiter microtubule associated homolog 1	459708	445054	89373.6	345327
Q9UKA9	Q9UKA9	PTBP2_HUMAN	PTBP2	Polypyrimidine tract-binding protein 2	6.74965e+06	3.82757e+06	4.61105e+06	4.89976e+06
Q9UKD2	Q9UKD2	MRT4_HUMAN	MRTO4	mRNA turnover protein 4 homolog	187365		73647.2	
Q9UKF6	Q9UKF6	CPSF3_HUMAN	CPSF3	Cleavage and polyadenylation specificity factor subunit 3	540882	122701	221299	106536
Q9UKF7	Q9UKF7	PITC1_HUMAN	PITPNC1	Cytoplasmic phosphatidylinositol transfer protein 1	363286	114747	263931	190884
Q9UKG1	Q9UKG1	DP13A_HUMAN	APPL1	DCC-interacting protein 13-alpha	1.10333e+06	918973	1.12479e+06	874888
Q9UKJ1	Q9UKJ1	PILRA_HUMAN	PILRA	Paired immunoglobulin-like type 2 receptor alpha		205247		316699
Q9UKK3	Q9UKK3	PARP4_HUMAN	PARP4	Protein mono-ADP-ribosyltransferase PARP4	546150	414932	428727	241758
Q9UKK9	Q9UKK9	NUDT5_HUMAN	NUDT5	ADP-sugar pyrophosphatase	3.23886e+06	2.244e+06	2.25389e+06	2.47059e+06
Q9UKL0	Q9UKL0	RCOR1_HUMAN	RCOR1	REST corepressor 1	341860			298600
Q9UKL6	Q9UKL6	PPCT_HUMAN	PCTP	Phosphatidylcholine transfer protein	1.62656e+06	2.72554e+06	2.10826e+06	1.67178e+06
Q9UKM7	Q9UKM7	MA1B1_HUMAN	MAN1B1	Endoplasmic reticulum mannosyl-oligosaccharide 1,2-alpha-mannosidase	60069.1	43491.6	56875.2	
Q9UKM9	Q9UKM9	RALY_HUMAN	RALY	RNA-binding protein Raly	4.10029e+06	1.99586e+06	3.21854e+06	2.63229e+06
Q9UKN8	Q9UKN8	TF3C4_HUMAN	GTF3C4	General transcription factor 3C polypeptide 4	114369	53282	76402.7	127925
Q9UKR5	Q9UKR5	ERG28_HUMAN	ERG28	Ergosterol biosynthetic protein 28 homolog	81856.2	72589.4		
Q9UKU7	Q9UKU7	ACAD8_HUMAN	ACAD8	Isobutyryl-CoA dehydrogenase, mitochondrial	33219.6		65032.7	
Q9UKU9	Q8NI99;Q9UKU9	ANGL2_HUMAN	ANGPTL2	Angiopoietin-related protein 2	980511	1.45984e+06	886234	3.0417e+06
Q9UKV3	Q9UKV3	ACINU_HUMAN	ACIN1	Apoptotic chromatin condensation inducer in the nucleus	654916	417557	407000	520325
Q9UKV8	Q9H9G7;Q9UKV8;Q9UL18	AGO2_HUMAN	AGO2	Protein argonaute-2	1.00398e+06	986619	1.61875e+06	947712
Q9UKX5	Q9UKX5	ITA11_HUMAN	ITGA11	Integrin alpha-11	398863	277645	732601	
Q9UKX7	Q9UKX7	NUP50_HUMAN	NUP50	Nuclear pore complex protein Nup50	1.25202e+06	791201	1.0106e+06	803474
Q9UKY3	Q9UKY3	CES1P_HUMAN	CES1P1	Putative inactive carboxylesterase 4	793411	2.24273e+06	861934	2.39257e+06
Q9UKY7	Q9UKY7	CDV3_HUMAN	CDV3	Protein CDV3 homolog	3.18468e+06	1.50234e+06	1.64033e+06	1.92166e+06
Q9UL03	Q9UL03	INT6_HUMAN	INTS6	Integrator complex subunit 6	920418	619698		614261
Q9UL15	Q9UL15	BAG5_HUMAN	BAG5	BAG family molecular chaperone regulator 5	236651	250097	212712	
Q9UL18	Q9UL18	AGO1_HUMAN	AGO1	Protein argonaute-1	517074	537812	569869	311244
Q9UL25	Q9UL25	RAB21_HUMAN	RAB21	Ras-related protein Rab-21	2.85825e+06	3.7192e+06	2.69513e+06	3.8615e+06
Q9UL26	Q9UL26	RB22A_HUMAN	RAB22A	Ras-related protein Rab-22A	297110	183066	444953	351436
Q9UL33	Q9UL33	TPC2L_HUMAN	TRAPPC2L	Trafficking protein particle complex subunit 2-like protein	107788	91079	84575.2	
Q9UL46	Q9UL46	PSME2_HUMAN	PSME2	Proteasome activator complex subunit 2	6.43212e+06	4.15315e+06	3.49105e+06	1.40063e+06
Q9UL63	Q9UL63	MKLN1_HUMAN	MKLN1	Muskelin	24263.1			
Q9ULA0	Q9ULA0	DNPEP_HUMAN	DNPEP	Aspartyl aminopeptidase	1.01574e+06	862830	1.04786e+06	983672
Q9ULC3	Q9ULC3	RAB23_HUMAN	RAB23	Ras-related protein Rab-23	2.42714e+06	1.61576e+06	3.66823e+06	1.70401e+06
Q9ULC4	Q9ULC4;A0A3B3IRV3	MCTS1_HUMAN	MCTS1	Malignant T-cell-amplified sequence 1	3.27808e+06	1.49793e+06	2.35769e+06	1.88551e+06
Q9ULC5	Q9UKU0;Q9ULC5	ACSL5_HUMAN	ACSL5	Long-chain-fatty-acid--CoA ligase 5	205893	163805	162140	
Q9ULD8	Q9ULD8	KCNH3_HUMAN	KCNH3	Potassium voltage-gated channel subfamily H member 3	11312			
Q9ULF5	Q9ULF5	S39AA_HUMAN	SLC39A10	Zinc transporter ZIP10	38519.8		39252.3	
Q9ULH1	Q9ULH1	ASAP1_HUMAN	ASAP1	Arf-GAP with SH3 domain, ANK repeat and PH domain-containing protein 1	140343	160732	169150	152222
Q9ULJ6	Q8NF64;Q9ULJ6	ZMIZ1_HUMAN	ZMIZ1	Zinc finger MIZ domain-containing protein 1	298992	73727.1	210296	92256.3
Q9ULP9	Q9ULP9	TBC24_HUMAN	TBC1D24	TBC1 domain family member 24	489896	353182	321899	177447
Q9ULV4	Q9ULV4	COR1C_HUMAN	CORO1C	Coronin-1C	1.84169e+06	1.67601e+06	2.2621e+06	1.60707e+06
Q9ULX6	Q9ULX6	AKP8L_HUMAN	AKAP8L	A-kinase anchor protein 8-like	190470			151081
Q9ULZ3	Q9ULZ3	ASC_HUMAN	PYCARD	Apoptosis-associated speck-like protein containing a CARD	2.30944e+06	3.9492e+06	1.88982e+06	3.19258e+06
Q9UM00	Q9UM00	TMCO1_HUMAN	TMCO1	Calcium load-activated calcium channel	1.22589e+06	1.75145e+06	1.04505e+06	376389
Q9UM07	Q9UM07	PADI4_HUMAN	PADI4	Protein-arginine deiminase type-4	4.02187e+06	1.12742e+07	2.95236e+06	9.84491e+06
Q9UM22	Q9UM22	EPDR1_HUMAN	EPDR1	Mammalian ependymin-related protein 1	690410	1.53486e+06	725930	807565
Q9UM47	Q9UM47	NOTC3_HUMAN	NOTCH3	Neurogenic locus notch homolog protein 3	279572		111331	20335.8
Q9UM54	Q9UM54	MYO6_HUMAN	MYO6	Unconventional myosin-VI	775777	1.02673e+06	820325	
Q9UMS0	Q9UMS0	NFU1_HUMAN	NFU1	NFU1 iron-sulfur cluster scaffold homolog, mitochondrial	156021		61295.9	
Q9UMS4	Q9UMS4	PRP19_HUMAN	PRPF19	Pre-mRNA-processing factor 19	5.1027e+06	3.1258e+06	4.26452e+06	3.91466e+06
Q9UMX0	Q9UMX0	UBQL1_HUMAN	UBQLN1	Ubiquilin-1	392131	428705	367895	401147
Q9UMX5	Q9UMX5	NENF_HUMAN	NENF	Neudesin	1.12821e+06	1.07964e+06	770424	954928
Q9UMY1	Q9UMY1	NOL7_HUMAN	NOL7	Nucleolar protein 7	115967			
Q9UMY4	Q9UMY4	SNX12_HUMAN	SNX12	Sorting nexin-12	1.43559e+06	854068	1.56898e+06	889015
Q9UN36	Q9UN36	NDRG2_HUMAN	NDRG2	Protein NDRG2	152472	116156	179023	
Q9UN37	Q9UN37	VPS4A_HUMAN	VPS4A	Vacuolar protein sorting-associated protein 4A	355799	764802	569691	121208
Q9UN86	Q9UN86	G3BP2_HUMAN	G3BP2	Ras GTPase-activating protein-binding protein 2	7.92397e+06	5.33357e+06	6.63857e+06	2.93829e+06
Q9UNE7	Q9UNE7	CHIP_HUMAN	STUB1	E3 ubiquitin-protein ligase CHIP	1.31736e+06	807767	1.41386e+06	299781
Q9UNF0	Q9UNF0	PACN2_HUMAN	PACSIN2	Protein kinase C and casein kinase substrate in neurons protein 2	1.16009e+06	1.13675e+06	835069	658599
Q9UNF1	Q9UNF1	MAGD2_HUMAN	MAGED2	Melanoma-associated antigen D2	760212	398573	694601	263248
Q9UNH6	Q9UNH6	SNX7_HUMAN	SNX7	Sorting nexin-7	285563	161932	162322	
Q9UNH7	Q9UNH7	SNX6_HUMAN	SNX6	Sorting nexin-6	1.3834e+06	947576	1.6726e+06	846647
Q9UNI6	Q9UNI6	DUS12_HUMAN	DUSP12	Dual specificity protein phosphatase 12	82902.7	85694.6	68942.9	
Q9UNK0	Q9UNK0	STX8_HUMAN	STX8	Syntaxin-8	127005	360059	144562	354600
Q9UNL2	Q9UNL2	SSRG_HUMAN	SSR3	Translocon-associated protein subunit gamma	1.59591e+06	1.58986e+06	1.40852e+06	596990
Q9UNM6	Q9UNM6	PSD13_HUMAN	PSMD13	26S proteasome non-ATPase regulatory subunit 13	1.00808e+06	835913	831382	297378
Q9UNN5	Q9UNN5	FAF1_HUMAN	FAF1	FAS-associated factor 1	563903	323685	453710	262916
Q9UNN8	Q9UNN8	EPCR_HUMAN	PROCR	Endothelial protein C receptor	2.22055e+06	814269	2.83347e+06	1.16701e+06
Q9UNP9	Q9UNP9	PPIE_HUMAN	PPIE	Peptidyl-prolyl cis-trans isomerase E	251893	221097	155605	382499
Q9UNS2	Q9UNS2	CSN3_HUMAN	COPS3	COP9 signalosome complex subunit 3	659468	570183	758663	317740
Q9UNW1	Q9UNW1	MINP1_HUMAN	MINPP1	Multiple inositol polyphosphate phosphatase 1	536004	470370	449460	216654
Q9UNW9	P51513;Q9UNW9	NOVA2_HUMAN	NOVA2	RNA-binding protein Nova-2	116276			
Q9UNX4	Q9UNX4	WDR3_HUMAN	WDR3	WD repeat-containing protein 3	271769		210221	
Q9UNZ2	Q9UNZ2	NSF1C_HUMAN	NSFL1C	NSFL1 cofactor p47	2.27028e+06	2.40298e+06	3.09797e+06	2.49425e+06
Q9UP38	Q9UP38	FZD1_HUMAN	FZD1	Frizzled-1	88482		98848.6	
Q9UP95	Q9UHW9;Q9UP95	S12A4_HUMAN	SLC12A4	Solute carrier family 12 member 4	286748	234581	333805	181764
Q9UPN3	Q9UPN3	MACF1_HUMAN	MACF1	Microtubule-actin cross-linking factor 1, isoforms 1/2/3/4/5	783052	490515	579576	461347
Q9UPN9	Q9UPN9	TRI33_HUMAN	TRIM33	E3 ubiquitin-protein ligase TRIM33	149970			
Q9UPQ3	Q9UPQ3	AGAP1_HUMAN	AGAP1	Arf-GAP with GTPase, ANK repeat and PH domain-containing protein 1	110275			
Q9UPT5	Q9UPT5	EXOC7_HUMAN	EXOC7	Exocyst complex component 7	204168		724607	
Q9UPU7	Q9UPU7	TBD2B_HUMAN	TBC1D2B	TBC1 domain family member 2B	109076	387047	295112	
Q9UQ13	Q9UQ13	SHOC2_HUMAN	SHOC2	Leucine-rich repeat protein SHOC-2	185962	199808	206754	236608
Q9UQ16	Q9UQ16	DYN3_HUMAN	DNM3	Dynamin-3	125549	59686.9	400945	
Q9UQ35	Q9UQ35	SRRM2_HUMAN	SRRM2	Serine/arginine repetitive matrix protein 2	191319		92591.6	
Q9UQ80	Q9UQ80	PA2G4_HUMAN	PA2G4	Proliferation-associated protein 2G4	6.8928e+06	3.11388e+06	4.72662e+06	3.06472e+06
Q9UQ90	Q9UQ90	SPG7_HUMAN	SPG7	Paraplegin	191314	433464	419103	418018
Q9UQB8	Q9UQB8	BAIP2_HUMAN	BAIAP2	Brain-specific angiogenesis inhibitor 1-associated protein 2	84833.9	97527.1	167329	
Q9UQE7	Q9UQE7	SMC3_HUMAN	SMC3	Structural maintenance of chromosomes protein 3	766139	769382	645319	781908
Q9UQN3	Q9UQN3	CHM2B_HUMAN	CHMP2B	Charged multivesicular body protein 2b	215552	238034	465390	
Q9Y221	Q9Y221	NIP7_HUMAN	NIP7	60S ribosome subunit biogenesis protein NIP7 homolog	156207	93927.3		
Q9Y224	Q9Y224	RTRAF_HUMAN	RTRAF	RNA transcription, translation and transport factor protein	1.20898e+06	958447	808647	475318
Q9Y230	Q9Y230	RUVB2_HUMAN	RUVBL2	RuvB-like 2	1.51518e+06	1.05431e+06	1.67014e+06	755835
Q9Y232	Q9Y232	CDYL_HUMAN	CDYL	Chromodomain Y-like protein	78249.9			
Q9Y237	Q9Y237	PIN4_HUMAN	PIN4	Peptidyl-prolyl cis-trans isomerase NIMA-interacting 4	1.16161e+06	456972	495075	859100
Q9Y240	Q9Y240	CLC11_HUMAN	CLEC11A	C-type lectin domain family 11 member A	66220.3	106178	48353.7	27550.1
Q9Y243	Q9Y243	AKT3_HUMAN	AKT3	RAC-gamma serine/threonine-protein kinase	145837	94105.4	126101	
Q9Y259	Q9Y259	CHKB_HUMAN	CHKB	Choline/ethanolamine kinase	406947	788080	649279	419782
Q9Y262	Q9Y262	EIF3L_HUMAN	EIF3L	Eukaryotic translation initiation factor 3 subunit L	907495	804384	601959	398103
Q9Y263	Q9Y263	PLAP_HUMAN	PLAA	Phospholipase A-2-activating protein	409612	250050	532676	346800
Q9Y265	Q9Y265	RUVB1_HUMAN	RUVBL1	RuvB-like 1	2.64475e+06	1.75198e+06	2.55861e+06	1.05058e+06
Q9Y266	Q9Y266	NUDC_HUMAN	NUDC	Nuclear migration protein nudC	2.26659e+06	1.22159e+06	1.63619e+06	1.00144e+06
Q9Y275	Q9Y275	TN13B_HUMAN	TNFSF13B	Tumor necrosis factor ligand superfamily member 13B	396740	448125	133399	195164
Q9Y277	Q9Y277	VDAC3_HUMAN	VDAC3	Voltage-dependent anion-selective channel protein 3	1.18718e+07	8.84117e+06	8.6453e+06	4.49071e+06
Q9Y281	Q9Y281	COF2_HUMAN	CFL2	Cofilin-2	649562	447557	527022	376650
Q9Y282	Q9Y282	ERGI3_HUMAN	ERGIC3	Endoplasmic reticulum-Golgi intermediate compartment protein 3	280598	342562	338199	279563
Q9Y285	Q9Y285	SYFA_HUMAN	FARSA	Phenylalanine--tRNA ligase alpha subunit	1.19554e+06	704670	970977	712039
Q9Y294	Q9NVP2;Q9Y294	ASF1A_HUMAN	ASF1A	Histone chaperone ASF1A	738095	210676	419776	307595
Q9Y295	Q9Y295	DRG1_HUMAN	DRG1	Developmentally-regulated GTP-binding protein 1	2.23202e+06	1.11645e+06	1.3241e+06	940878
Q9Y296	Q9Y296	TPPC4_HUMAN	TRAPPC4	Trafficking protein particle complex subunit 4	503569	551442	535900	280285
Q9Y2A7	Q9Y2A7	NCKP1_HUMAN	NCKAP1	Nck-associated protein 1	143292	133394	226507	55559.9
Q9Y2A9	Q9Y2A9	B3GN3_HUMAN	B3GNT3	N-acetyllactosaminide beta-1,3-N-acetylglucosaminyltransferase 3	95234.5			
Q9Y2B0	Q9Y2B0	CNPY2_HUMAN	CNPY2	Protein canopy homolog 2	9.07507e+06	8.64438e+06	8.96416e+06	8.69339e+06
Q9Y2C4	Q9Y2C4	EXOG_HUMAN	EXOG	Nuclease EXOG, mitochondrial	255744	137539	158681	113437
Q9Y2D5	Q9Y2D5	AKAP2_HUMAN	AKAP2	A-kinase anchor protein 2	887381	526560	686037	438972
Q9Y2E5	Q9Y2E5	MA2B2_HUMAN	MAN2B2	Epididymis-specific alpha-mannosidase	189320	189594	244559	232740
Q9Y2G3	Q9Y2G3	AT11B_HUMAN	ATP11B	Phospholipid-transporting ATPase IF	187215	390243	214325	282599
Q9Y2G5	Q9Y2G5	OFUT2_HUMAN	POFUT2	GDP-fucose protein O-fucosyltransferase 2	182585	520346	155680	66470.6
Q9Y2H0	Q9Y2H0	DLGP4_HUMAN	DLGAP4	Disks large-associated protein 4	539548	283752	399281	160586
Q9Y2H1	Q9Y2H1	ST38L_HUMAN	STK38L	Serine/threonine-protein kinase 38-like	121967	77269.4	101141	
Q9Y2H5	Q9Y2H5	PKHA6_HUMAN	PLEKHA6	Pleckstrin homology domain-containing family A member 6	59068.4		23947.7	
Q9Y2H6	Q9Y2H6	FND3A_HUMAN	FNDC3A	Fibronectin type-III domain-containing protein 3A	235736		364563	130324
Q9Y2I8	Q9Y2I8	WDR37_HUMAN	WDR37	WD repeat-containing protein 37	63824.4		98057.1	
Q9Y2J2	Q9Y2J2	E41L3_HUMAN	EPB41L3	Band 4.1-like protein 3	245202	153347	193856	179079
Q9Y2J8	Q9Y2J8	PADI2_HUMAN	PADI2	Protein-arginine deiminase type-2	1.18291e+06	5.24612e+06	1.24298e+06	3.07606e+06
Q9Y2K7	Q9Y2K7	KDM2A_HUMAN	KDM2A	Lysine-specific demethylase 2A	106792			
Q9Y2L1	Q9Y2L1	RRP44_HUMAN	DIS3	Exosome complex exonuclease RRP44	246364		192889	167763
Q9Y2P8	Q9Y2P8	RCL1_HUMAN	RCL1	RNA 3'-terminal phosphate cyclase-like protein	142388		84060.3	24103.7
Q9Y2Q0	Q9Y2Q0	AT8A1_HUMAN	ATP8A1	Phospholipid-transporting ATPase IA	71827	528448	182999	429780
Q9Y2Q3	Q9Y2Q3	GSTK1_HUMAN	GSTK1	Glutathione S-transferase kappa 1	1.77634e+06	1.5183e+06	1.42157e+06	955829
Q9Y2Q5	Q9Y2Q5	LTOR2_HUMAN	LAMTOR2	Ragulator complex protein LAMTOR2	1.019e+06	1.20345e+06	576976	1.25028e+06
Q9Y2R0	Q9Y2R0	COA3_HUMAN	COA3	Cytochrome c oxidase assembly factor 3 homolog, mitochondrial	378923	370253	216239	268244
Q9Y2S2	Q9Y2S2	CRYL1_HUMAN	CRYL1	Lambda-crystallin homolog	419454	649766	451997	
Q9Y2S6	Q9Y2S6;A0A024R1R8	TMA7_HUMAN	TMA7	Translation machinery-associated protein 7	3.67696e+06	3.2415e+06	2.55113e+06	3.52021e+06
Q9Y2S7	Q9Y2S7	PDIP2_HUMAN	POLDIP2	Polymerase delta-interacting protein 2	687983	523260	523897	377073
Q9Y2T2	Q9Y2T2	AP3M1_HUMAN	AP3M1	AP-3 complex subunit mu-1	595779	515382	593924	522522
Q9Y2T3	Q9Y2T3	GUAD_HUMAN	GDA	Guanine deaminase	393368	385238	401306	222149
Q9Y2U8	Q9Y2U8	MAN1_HUMAN	LEMD3	Inner nuclear membrane protein Man1	366792		381648	
Q9Y2V2	Q9Y2V2	CHSP1_HUMAN	CARHSP1	Calcium-regulated heat-stable protein 1	2.26955e+06	1.52339e+06	2.32498e+06	1.85357e+06
Q9Y2W1	Q9Y2W1	TR150_HUMAN	THRAP3	Thyroid hormone receptor-associated protein 3	1.39215e+06	686978	760002	965228
Q9Y2W2	Q9Y2W2	WBP11_HUMAN	WBP11	WW domain-binding protein 11	338894		186415	496786
Q9Y2X3	Q9Y2X3	NOP58_HUMAN	NOP58	Nucleolar protein 58	314583	199155	228482	225550
Q9Y2Y8	Q9Y2Y8	PRG3_HUMAN	PRG3	Proteoglycan 3	3.35762e+06	541567	4.98159e+06	4.12969e+06
Q9Y2Z0	Q9Y2Z0	SGT1_HUMAN	SUGT1	Protein SGT1 homolog	1.40723e+06	1.02657e+06	1.0748e+06	584981
Q9Y303	Q9Y303	NAGA_HUMAN	AMDHD2	N-acetylglucosamine-6-phosphate deacetylase	425180	372448	404600	297191
Q9Y305	Q9Y305	ACOT9_HUMAN	ACOT9	Acyl-coenzyme A thioesterase 9, mitochondrial	1.43614e+06	343524	1.38955e+06	300978
Q9Y315	Q9Y315	DEOC_HUMAN	DERA	Deoxyribose-phosphate aldolase	358508	467669	482557	264957
Q9Y316	Q9Y316	MEMO1_HUMAN	MEMO1	Protein MEMO1	728122	577146	541726	557844
Q9Y320	Q9Y320	TMX2_HUMAN	TMX2	Thioredoxin-related transmembrane protein 2	361383	353521	391846	
Q9Y333	Q9Y333	LSM2_HUMAN	LSM2	U6 snRNA-associated Sm-like protein LSm2	2.29141e+06	2.32081e+06	1.82329e+06	2.32279e+06
Q9Y336	Q9Y336	SIGL9_HUMAN	SIGLEC9	Sialic acid-binding Ig-like lectin 9	103004	458773	104304	586745
Q9Y365	Q9Y365	STA10_HUMAN	STARD10	START domain-containing protein 10	1.39447e+06	944481	1.40168e+06	1.08774e+06
Q9Y371	Q9Y371	SHLB1_HUMAN	SH3GLB1	Endophilin-B1	1.59265e+06	780734	1.42009e+06	770788
Q9Y376	Q9Y376	CAB39_HUMAN	CAB39	Calcium-binding protein 39	4.83505e+06	5.95416e+06	4.21525e+06	4.77142e+06
Q9Y383	Q9NQ29;Q9Y383	LC7L2_HUMAN	LUC7L2	Putative RNA-binding protein Luc7-like 2	902560	381256	687914	342580
Q9Y385	Q9Y385	UB2J1_HUMAN	UBE2J1	Ubiquitin-conjugating enzyme E2 J1	296777	249499	301312	314170
Q9Y394	Q9Y394	DHRS7_HUMAN	DHRS7	Dehydrogenase/reductase SDR family member 7	790826	1.53128e+06	1.16436e+06	873904
Q9Y3A3	Q9Y3A3	PHOCN_HUMAN	MOB4	MOB-like protein phocein	397486	320431	400000	484084
Q9Y3A5	Q9Y3A5	SBDS_HUMAN	SBDS	Ribosome maturation protein SBDS	4.12743e+06	1.63712e+06	2.67112e+06	1.09674e+06
Q9Y3A6	Q9Y3A6	TMED5_HUMAN	TMED5	Transmembrane emp24 domain-containing protein 5	1.1822e+06	1.57446e+06	1.71029e+06	931968
Q9Y3B2	Q9Y3B2	EXOS1_HUMAN	EXOSC1	Exosome complex component CSL4	990085	331793	871084	
Q9Y3B3	Q9Y3B3	TMED7_HUMAN	TMED7	Transmembrane emp24 domain-containing protein 7	1.63772e+06	1.839e+06	1.36874e+06	1.09688e+06
Q9Y3B4	Q9Y3B4	SF3B6_HUMAN	SF3B6	Splicing factor 3B subunit 6	733167	528817	424042	604626
Q9Y3B8	Q9Y3B8	ORN_HUMAN	REXO2	Oligoribonuclease, mitochondrial	2.22957e+06	1.31457e+06	2.07408e+06	1.38013e+06
Q9Y3C1	Q9Y3C1	NOP16_HUMAN	NOP16	Nucleolar protein 16	268395	233427		
Q9Y3C4	Q9Y3C4	TPRKB_HUMAN	TPRKB	EKC/KEOPS complex subunit TPRKB	192950	108996	266980	66886.4
Q9Y3C6	Q9Y3C6	PPIL1_HUMAN	PPIL1	Peptidyl-prolyl cis-trans isomerase-like 1	1.88943e+06	1.05709e+06	1.45953e+06	1.63739e+06
Q9Y3C8	Q9Y3C8	UFC1_HUMAN	UFC1	Ubiquitin-fold modifier-conjugating enzyme 1	1.6639e+06	1.4732e+06	1.7146e+06	1.59538e+06
Q9Y3D2	Q9Y3D2	MSRB2_HUMAN	MSRB2	Methionine-R-sulfoxide reductase B2, mitochondrial	392878	381989	312114	304073
Q9Y3D6	Q9Y3D6	FIS1_HUMAN	FIS1	Mitochondrial fission 1 protein	3.16596e+06	3.33655e+06	3.5958e+06	2.82432e+06
Q9Y3D9	Q9Y3D9	RT23_HUMAN	MRPS23	Small ribosomal subunit protein mS23	246264	88635.8	74962.2	
Q9Y3E0	Q9Y3E0	GOT1B_HUMAN	GOLT1B	Vesicle transport protein GOT1B	223629	196564	139182	41803.1
Q9Y3E1	Q9Y3E1	HDGR3_HUMAN	HDGFL3	Hepatoma-derived growth factor-related protein 3	877323	412598	1.13922e+06	495760
Q9Y3E5	Q9Y3E5	PTH2_HUMAN	PTRH2	Peptidyl-tRNA hydrolase 2, mitochondrial	657755	1.18784e+06	755726	
Q9Y3E7	Q9Y3E7	CHMP3_HUMAN	CHMP3	Charged multivesicular body protein 3	1.11972e+06	513246	1.37355e+06	426644
Q9Y3F4	Q9Y3F4	STRAP_HUMAN	STRAP	Serine-threonine kinase receptor-associated protein	1.58766e+06	893931	1.27173e+06	915557
Q9Y3I0	Q9Y3I0	RTCB_HUMAN	RTCB	RNA-splicing ligase RtcB homolog	2.58022e+06	1.53445e+06	2.83521e+06	1.06304e+06
Q9Y3I1	Q9Y3I1	FBX7_HUMAN	FBXO7	F-box only protein 7	310937	522090	1.99296e+06	574856
Q9Y3L5	Q9Y3L5	RAP2C_HUMAN	RAP2C	Ras-related protein Rap-2c	65883.2	49289.8	76446.8	203087
Q9Y3P9	Q9Y3P9	RBGP1_HUMAN	RABGAP1	Rab GTPase-activating protein 1	180032	214332	220136	
Q9Y3Q3	Q9Y3Q3	TMED3_HUMAN	TMED3	Transmembrane emp24 domain-containing protein 3	415119	340094	358069	316602
Q9Y3T9	Q9Y3T9	NOC2L_HUMAN	NOC2L	Nucleolar complex protein 2 homolog	250342	91567.1	98932	37850
Q9Y3U8	Q9Y3U8	RL36_HUMAN	RPL36	Large ribosomal subunit protein eL36	196859		393880	
Q9Y3Y2	Q9Y3Y2	CHTOP_HUMAN	CHTOP	Chromatin target of PRMT1 protein	18848			
Q9Y3Z3	Q9Y3Z3	SAMH1_HUMAN	SAMHD1	Deoxynucleoside triphosphate triphosphohydrolase SAMHD1	2.89451e+06	973554	2.48274e+06	1.11169e+06
Q9Y446	Q9Y446	PKP3_HUMAN	PKP3	Plakophilin-3	122745	143298	157525	
Q9Y450	Q9Y450	HBS1L_HUMAN	HBS1L	HBS1-like protein	300484	113334	250115	63086.8
Q9Y478	Q9Y478	AAKB1_HUMAN	PRKAB1	5'-AMP-activated protein kinase subunit beta-1	238003	225012	197638	
Q9Y484	Q9Y484	WIPI4_HUMAN	WDR45	WD repeat domain phosphoinositide-interacting protein 4	284254		1.06442e+06	
Q9Y490	Q9Y490	TLN1_HUMAN	TLN1	Talin-1	1.403e+07	1.18004e+07	1.60578e+07	9.32663e+06
Q9Y496	Q9Y496	KIF3A_HUMAN	KIF3A	Kinesin-like protein KIF3A	90884.6		40029.2	
Q9Y4B6	Q9Y4B6	DCAF1_HUMAN	DCAF1	DDB1- and CUL4-associated factor 1	104143		98848.7	
Q9Y4C2	Q9Y4C2	TCAF1_HUMAN	TCAF1	TRPM8 channel-associated factor 1	70475.8		20536.9	
Q9Y4C8	Q9Y4C8	RBM19_HUMAN	RBM19	Probable RNA-binding protein 19	62695.4		40912.2	
Q9Y4D7	Q9Y4D7	PLXD1_HUMAN	PLXND1	Plexin-D1	109327		77941	
Q9Y4E8	Q9Y4E8	UBP15_HUMAN	USP15	Ubiquitin carboxyl-terminal hydrolase 15	514239	586606	813896	607251
Q9Y4F1	Q9Y4F1	FARP1_HUMAN	FARP1	FERM, ARHGEF and pleckstrin domain-containing protein 1	298133	154322	407292	
Q9Y4G6	Q9Y4G6	TLN2_HUMAN	TLN2	Talin-2	676510	555644	761255	440644
Q9Y4G8	Q9Y4G8	RPGF2_HUMAN	RAPGEF2	Rap guanine nucleotide exchange factor 2	90769.3			
Q9Y4K0	Q9Y4K0	LOXL2_HUMAN	LOXL2	Lysyl oxidase homolog 2	2.22962e+06	1.9198e+06	1.52088e+06	2.93693e+06
Q9Y4K1	Q9Y4K1	CRBG1_HUMAN	CRYBG1	Beta/gamma crystallin domain-containing protein 1	153943	48221.1	47165.7	140592
Q9Y4L1	Q9Y4L1	HYOU1_HUMAN	HYOU1	Hypoxia up-regulated protein 1	5.86806e+06	4.00536e+06	5.16357e+06	3.26011e+06
Q9Y4P3	Q9Y4P3	TBL2_HUMAN	TBL2	Transducin beta-like protein 2	258589	204514	313168	132331
Q9Y4X5	Q9Y4X5	ARI1_HUMAN	ARIH1	E3 ubiquitin-protein ligase ARIH1	488103	277384	346960	
Q9Y4Z0	Q9Y4Z0	LSM4_HUMAN	LSM4	U6 snRNA-associated Sm-like protein LSm4	690916	547566	742453	452009
Q9Y508	Q9Y508	RN114_HUMAN	RNF114	E3 ubiquitin-protein ligase RNF114	518790	370504	453023	385030
Q9Y520	Q9Y520	PRC2C_HUMAN	PRRC2C	Protein PRRC2C	708773	370303	622531	598025
Q9Y530	Q9Y530	OARD1_HUMAN	OARD1	ADP-ribose glycohydrolase OARD1	296451			215637
Q9Y547	Q9Y547	IFT25_HUMAN	IFT25	Intraflagellar transport protein 25 homolog	687688	864114	1.83091e+06	931014
Q9Y570	Q9Y570	PPME1_HUMAN	PPME1	Protein phosphatase methylesterase 1	624938	555640	776420	367780
Q9Y580	Q9Y580	RBM7_HUMAN	RBM7	RNA-binding protein 7	38080.3			
Q9Y5A7	Q9Y5A7	NUB1_HUMAN	NUB1	NEDD8 ultimate buster 1	252017	70273.8	138950	83403.6
Q9Y5A9	Q9Y5A9	YTHD2_HUMAN	YTHDF2	YTH domain-containing family protein 2	284804		106795	
Q9Y5B0	Q9Y5B0	CTDP1_HUMAN	CTDP1	RNA polymerase II subunit A C-terminal domain phosphatase	107485		62258.4	
Q9Y5B8	Q9Y5B8	NDK7_HUMAN	NME7	Nucleoside diphosphate kinase 7	524600	582159	390971	
Q9Y5B9	Q9Y5B9	SP16H_HUMAN	SUPT16H	FACT complex subunit SPT16	762531	491402	565224	594456
Q9Y5H2	Q9Y5H2	PCDGB_HUMAN	PCDHGA11	Protocadherin gamma-A11	167955	258521	186283	231156
Q9Y5J5	Q9Y5J5	PHLA3_HUMAN	PHLDA3	Pleckstrin homology-like domain family A member 3	90959	308715	355332	
Q9Y5K5	Q9Y5K5	UCHL5_HUMAN	UCHL5	Ubiquitin carboxyl-terminal hydrolase isozyme L5	287233	190479	171460	
Q9Y5K6	Q9Y5K6	CD2AP_HUMAN	CD2AP	CD2-associated protein	1.5395e+06	1.04064e+06	1.28293e+06	724023
Q9Y5K8	Q9Y5K8	VATD_HUMAN	ATP6V1D	V-type proton ATPase subunit D	175952	260548	240902	218286
Q9Y5L0	Q9Y5L0	TNPO3_HUMAN	TNPO3	Transportin-3	428689	368724	487607	
Q9Y5L4	Q9Y5L4	TIM13_HUMAN	TIMM13	Mitochondrial import inner membrane translocase subunit Tim13	591285	794886	774010	143955
Q9Y5M8	Q9Y5M8	SRPRB_HUMAN	SRPRB	Signal recognition particle receptor subunit beta	1.6127e+06	1.11496e+06	1.99088e+06	610332
Q9Y5P4	Q9Y5P4	CERT_HUMAN	CERT1	Ceramide transfer protein	502768	494302	489410	619515
Q9Y5P6	Q9Y5P6	GMPPB_HUMAN	GMPPB	Mannose-1-phosphate guanyltransferase beta	2.0987e+06	1.12101e+06	2.09961e+06	1.10736e+06
Q9Y5Q8	Q9Y5Q8	TF3C5_HUMAN	GTF3C5	General transcription factor 3C polypeptide 5	88378.9			
Q9Y5R8	Q9Y5R8	TPPC1_HUMAN	TRAPPC1	Trafficking protein particle complex subunit 1	456900	453778	333515	536557
Q9Y5S2	Q9Y5S2	MRCKB_HUMAN	CDC42BPB	Serine/threonine-protein kinase MRCK beta	708686	1.2605e+06	1.16043e+06	493179
Q9Y5S9	Q9Y5S9	RBM8A_HUMAN	RBM8A	RNA-binding protein 8A	2.60907e+06	1.04433e+06	1.30267e+06	961639
Q9Y5U9	Q9Y5U9	IR3IP_HUMAN	IER3IP1	Immediate early response 3-interacting protein 1	391443	894951		642854
Q9Y5X1	Q9Y5X1	SNX9_HUMAN	SNX9	Sorting nexin-9	311361	135335	316574	168841
Q9Y5X2	Q9Y5X2	SNX8_HUMAN	SNX8	Sorting nexin-8	78149.7		152932	
Q9Y5X3	Q9Y5X3	SNX5_HUMAN	SNX5	Sorting nexin-5	1.3435e+06	1.12334e+06	1.14528e+06	1.2232e+06
Q9Y5Y6	Q9Y5Y6	ST14_HUMAN	ST14	Suppressor of tumorigenicity 14 protein	483158	201097	305579	73889.7
Q9Y5Y7	Q9Y5Y7	LYVE1_HUMAN	LYVE1	Lymphatic vessel endothelial hyaluronic acid receptor 1	62896.4	99649	31319.6	54748.7
Q9Y5Z4	Q9Y5Z4	HEBP2_HUMAN	HEBP2	Heme-binding protein 2	2.94946e+06	2.85085e+06	2.23893e+06	3.12633e+06
Q9Y605	Q9Y605	MOFA1_HUMAN	MRFAP1	MORF4 family-associated protein 1	41486.6		80906.8	
Q9Y606	Q9Y606	PUS1_HUMAN	PUS1	Pseudouridylate synthase 1 homolog	992447	459403	707973	224086
Q9Y608	Q9Y608	LRRF2_HUMAN	LRRFIP2	Leucine-rich repeat flightless-interacting protein 2	322783	411125	398415	535278
Q9Y613	Q9Y613	FHOD1_HUMAN	FHOD1	FH1/FH2 domain-containing protein 1	316067	412658	419146	245858
Q9Y617	Q9Y617	SERC_HUMAN	PSAT1	Phosphoserine aminotransferase	204306	190656	165093	108492
Q9Y624	Q9Y624	JAM1_HUMAN	F11R	Junctional adhesion molecule A	1.28622e+06	2.04338e+06	1.71495e+06	2.00894e+06
Q9Y625	Q9Y625	GPC6_HUMAN	GPC6	Glypican-6	366972	302024	654641	
Q9Y639	Q9Y639	NPTN_HUMAN	NPTN	Neuroplastin	4.63476e+06	3.88235e+06	3.70113e+06	5.76822e+06
Q9Y646	Q9Y646	CBPQ_HUMAN	CPQ	Carboxypeptidase Q	1.22362e+06	715474	1.98326e+06	1.02511e+06
Q9Y653	Q9Y653	AGRG1_HUMAN	ADGRG1	Adhesion G-protein coupled receptor G1	344633	125071		
Q9Y666	Q9Y666	S12A7_HUMAN	SLC12A7	Solute carrier family 12 member 7	269825	155427	437108	
Q9Y673	Q9Y673	ALG5_HUMAN	ALG5	Dolichyl-phosphate beta-glucosyltransferase	277972	231941	378124	
Q9Y678	Q9Y678	COPG1_HUMAN	COPG1	Coatomer subunit gamma-1	953001	703123	903195	435937
Q9Y680	Q9Y680	FKBP7_HUMAN	FKBP7	Peptidyl-prolyl cis-trans isomerase FKBP7	1.81059e+06	1.2359e+06	2.27e+06	1.18237e+06
Q9Y689	Q96KC2;Q9Y689	ARL5A_HUMAN	ARL5A	ADP-ribosylation factor-like protein 5A	3.33892e+06	3.32496e+06	3.71583e+06	2.93202e+06
Q9Y696	Q9Y696	CLIC4_HUMAN	CLIC4	Chloride intracellular channel protein 4	6.82113e+06	2.73524e+06	4.94421e+06	2.15745e+06
Q9Y697	Q9Y697	NFS1_HUMAN	NFS1	Cysteine desulfurase	65975.5		109582	
Q9Y6A4	Q9Y6A4	CFA20_HUMAN	CFAP20	Cilia- and flagella-associated protein 20	917332	312612	588018	436637
Q9Y6A5	Q9Y6A5	TACC3_HUMAN	TACC3	Transforming acidic coiled-coil-containing protein 3	1.22669e+06			1.0796e+06
Q9Y6B6	Q9Y6B6	SAR1B_HUMAN	SAR1B	GTP-binding protein SAR1b	1.2569e+06	756294	1.51457e+06	1.01142e+06
Q9Y6C2	Q9Y6C2	EMIL1_HUMAN	EMILIN1	EMILIN-1	644923	753981	682449	755745
Q9Y6C9	Q9Y6C9	MTCH2_HUMAN	MTCH2	Mitochondrial carrier homolog 2	61211.2	102360		
Q9Y6D5	Q9Y6D5	BIG2_HUMAN	ARFGEF2	Brefeldin A-inhibited guanine nucleotide-exchange protein 2	316253	249430	304569	200479
Q9Y6D6	Q9Y6D6	BIG1_HUMAN	ARFGEF1	Brefeldin A-inhibited guanine nucleotide-exchange protein 1	39682.3	24540.9		
Q9Y6D9	Q9Y6D9	MD1L1_HUMAN	MAD1L1	Mitotic spindle assembly checkpoint protein MAD1	357326		274706	120689
Q9Y6E0	Q9Y6E0	STK24_HUMAN	STK24	Serine/threonine-protein kinase 24	298595	274122	318443	171490
Q9Y6E2	Q9Y6E2	5MP1_HUMAN	BZW2	eIF5-mimic protein 1	1.6901e+06	1.06573e+06	1.11755e+06	570411
Q9Y6F6	Q9Y6F6	IRAG1_HUMAN	IRAG1	Inositol 1,4,5-triphosphate receptor associated 1	154567	116266	238170	
Q9Y6G5	Q9Y6G5	COMDA_HUMAN	COMMD10	COMM domain-containing protein 10	328375	407070	316403	220511
Q9Y6G9	Q9Y6G9	DC1L1_HUMAN	DYNC1LI1	Cytoplasmic dynein 1 light intermediate chain 1	430378	379164	267255	213621
Q9Y6I3	Q9H201;Q9Y6I3	EPN1_HUMAN	EPN1	Epsin-1	223294	191481	268805	99811.6
Q9Y6I4	Q9Y6I4	UBP3_HUMAN	USP3	Ubiquitin carboxyl-terminal hydrolase 3	673455	4.47809e+06	4.81195e+06	6.09831e+06
Q9Y6I8	Q9Y6I8	PXMP4_HUMAN	PXMP4	Peroxisomal membrane protein 4	97502.3	99783.8	90395	
Q9Y6K5	Q9Y6K5	OAS3_HUMAN	OAS3	2'-5'-oligoadenylate synthase 3	149191	265373	209422	123618
Q9Y6K9	Q9Y6K9	NEMO_HUMAN	IKBKG	NF-kappa-B essential modulator	395894	465887	563982	243556
Q9Y6M1	Q9Y6M1	IF2B2_HUMAN	IGF2BP2	Insulin-like growth factor 2 mRNA-binding protein 2	1.09438e+06	711450	1.31381e+06	800928
Q9Y6M5	Q9Y6M5	ZNT1_HUMAN	SLC30A1	Proton-coupled zinc antiporter SLC30A1	237091	278814	412826	
Q9Y6M9	Q9Y6M9	NDUB9_HUMAN	NDUFB9	NADH dehydrogenase [ubiquinone] 1 beta subcomplex subunit 9	247360	144015	109144	
Q9Y6N5	Q9Y6N5	SQOR_HUMAN	SQOR	Sulfide:quinone oxidoreductase, mitochondrial	723262	546040	829995	644388
Q9Y6N7	Q9Y6N7	ROBO1_HUMAN	ROBO1	Roundabout homolog 1	234243	83126.3	277344	159139
Q9Y6Q2	Q9Y6Q2	STON1_HUMAN	STON1	Stonin-1	600381		611407	545981
Q9Y6R4	Q9Y6R4	M3K4_HUMAN	MAP3K4	Mitogen-activated protein kinase kinase kinase 4	573751	2.69247e+06	731579	724627
Q9Y6R7	Q9Y6R7	FCGBP_HUMAN	FCGBP	IgGFc-binding protein	6.90571e+06	1.34073e+07	7.43396e+06	1.8871e+06
Q9Y6U3	Q9Y6U3	SCIN_HUMAN	SCIN	Scinderin	164120		118960	
Q9Y6W3	Q9Y6W3	CAN7_HUMAN	CAPN7	Calpain-7	132610	196826	258386	
Q9Y6X3	Q9Y6X3	SCC4_HUMAN	MAU2	MAU2 chromatid cohesion factor homolog	77741.9	40189.3	66849.4	
Q9Y6X5	Q9Y6X5	ENPP4_HUMAN	ENPP4	Bis(5'-adenosyl)-triphosphatase ENPP4	329745	729792	439591	836426
Q9Y6Y8	Q9Y6Y8	S23IP_HUMAN	SEC23IP	SEC23-interacting protein	431089	350679	285292	107201
