Protein.Group	Protein.Ids	Protein.Names	Genes	First.Protein.Description	D:\HFX\2023_08\HFX252_GLASGOW_PROTEOME_DIA_5.raw	D:\HFX\2023_08\HFX252_GLASGOW_PROTEOME_DIA_6.raw	D:\HFX\2023_08\HFX252_GLASGOW_PROTEOME_DIA_7.raw	D:\HFX\2023_08\HFX252_GLASGOW_PROTEOME_DIA_8.raw
A0A024RBG1	A0A024RBG1	NUD4B_HUMAN	NUDT4B	Diphosphoinositol polyphosphate phosphohydrolase NUDT4B	508845		433190	472606
A0A075B6H9	A0A075B6H9;A0A075B6K6;A0A0B4J1Y8	LV469_HUMAN	IGLV4-69	Immunoglobulin lambda variable 4-69	464084		2.56194e+06	662261
A0A075B6I0	A0A075B6I0	LV861_HUMAN	IGLV8-61	Immunoglobulin lambda variable 8-61	445426		1.98839e+06	927764
A0A075B6I1	A0A075B6I1	LV460_HUMAN	IGLV4-60	Immunoglobulin lambda variable 4-60			1.01879e+06	274978
A0A075B6I4	A0A075B6I4	LVX54_HUMAN	IGLV10-54	Immunoglobulin lambda variable 10-54			125682	37298.2
A0A075B6I9;P04211	P04211;A0A075B6I9	LV743_HUMAN;LV746_HUMAN	IGLV7-43;IGLV7-46	Immunoglobulin lambda variable 7-46	2.88458e+06		5.83981e+06	1.72417e+06
A0A075B6K4	A0A075B6K4	LV310_HUMAN	IGLV3-10	Immunoglobulin lambda variable 3-10	4.98018e+06		9.72059e+06	2.82578e+06
A0A075B6K5	A0A075B6K5	LV39_HUMAN	IGLV3-9	Immunoglobulin lambda variable 3-9	2.92142e+06		9.66467e+06	3.10471e+06
A0A075B6Q5	A0A075B6Q5	HV364_HUMAN	IGHV3-64	Immunoglobulin heavy variable 3-64	1.13382e+06		671965	180324
A0A075B6R2	A0A075B6R2	HV404_HUMAN	IGHV4-4	Immunoglobulin heavy variable 4-4	1.41412e+06		4.28175e+06	2.08868e+06
A0A075B6R9;A0A0C4DH68	A0A075B6R9;A0A0C4DH68	KV224_HUMAN;KVD24_HUMAN	IGKV2-24;IGKV2D-24	Probable non-functional immunoglobulin kappa variable 2D-24	271640		1.65872e+06	725637
A0A087WSY4	A0A087WSY4	HV432_HUMAN	IGHV4-30-2	Immunoglobulin heavy variable 4-30-2				1.09956e+06
A0A087WSY6	A0A087WSY6	KVD15_HUMAN	IGKV3D-15	Immunoglobulin kappa variable 3D-15	1.44285e+06		2.98514e+06	1.05211e+06
A0A0A0MRZ8;P04433	P04433;A0A0A0MRZ8	KV311_HUMAN;KVD11_HUMAN	IGKV3-11;IGKV3D-11	Immunoglobulin kappa variable 3D-11	1.95656e+07		1.425e+07	5.49456e+06
A0A0A0MS15	A0A0A0MS15;A0A0B4J1V6	HV349_HUMAN	IGHV3-49	Immunoglobulin heavy variable 3-49	1.63175e+06		3.21347e+06	1.77623e+06
A0A0A0MT36	A0A0A0MT36;A0A0C4DH26	KVD21_HUMAN	IGKV6D-21	Immunoglobulin kappa variable 6D-21	389218		1.58678e+06	518329
A0A0B4J1U3	A0A0B4J1U3	LV136_HUMAN	IGLV1-36	Immunoglobulin lambda variable 1-36			506965	330660
A0A0B4J1U7	A0A0B4J1U7	HV601_HUMAN	IGHV6-1	Immunoglobulin heavy variable 6-1	977131		4.74759e+06	2.0783e+06
A0A0B4J1V0	A0A0B4J1V0	HV315_HUMAN	IGHV3-15	Immunoglobulin heavy variable 3-15			1.6983e+06	985091
A0A0B4J1V2	A0A0B4J1V2	HV226_HUMAN	IGHV2-26	Immunoglobulin heavy variable 2-26	290617		674233	328279
A0A0B4J1X5	P01764;P01768;P01772;P01767;A0A0B4J1X5;A0A0C4DH42;P0DP02	HV374_HUMAN	IGHV3-74	Immunoglobulin heavy variable 3-74	2.43518e+07		1.9138e+07	9.93485e+06
A0A0B4J1X8	A0A0B4J1X8	HV343_HUMAN	IGHV3-43	Immunoglobulin heavy variable 3-43			401304	183141
A0A0B4J1Y8	A0A0B4J1Y8	LV949_HUMAN	IGLV9-49	Immunoglobulin lambda variable 9-49			604857	
A0A0B4J1Y9	A0A0B4J1Y9	HV372_HUMAN	IGHV3-72	Immunoglobulin heavy variable 3-72	1.18385e+07		3.02006e+07	8.9241e+06
A0A0B4J2D5;P0DPI2	A0A0B4J2D5;P0DPI2	GAL3A_HUMAN;GAL3B_HUMAN	GATD3;GATD3B	Putative glutamine amidotransferase-like class 1 domain-containing protein 3B, mitochondrial	2.33902e+07		2.13647e+07	1.64858e+07
A0A0C4DH25	A0A0C4DH25	KVD20_HUMAN	IGKV3D-20	Immunoglobulin kappa variable 3D-20	3.62254e+06		4.83845e+06	1.91214e+06
A0A0C4DH29	A0A0C4DH29	HV103_HUMAN	IGHV1-3	Immunoglobulin heavy variable 1-3	502586		855119	325665
A0A0C4DH31	A0A0C4DH31	HV118_HUMAN	IGHV1-18	Immunoglobulin heavy variable 1-18	714741		2.00016e+06	767178
A0A0C4DH34	A0A0C4DH34	HV428_HUMAN	IGHV4-28	Immunoglobulin heavy variable 4-28			2.54873e+06	1.14383e+06
A0A0C4DH35	A0A0C4DH35	HV335_HUMAN	IGHV3-35	Probable non-functional immunoglobulin heavy variable 3-35	476104		1.49519e+06	603451
A0A0C4DH36	A0A0C4DH36	HV338_HUMAN	IGHV3-38	Probable non-functional immunoglobulin heavy variable 3-38	374409		1.54157e+06	721798
A0A0C4DH38	A0A0C4DH38	HV551_HUMAN	IGHV5-51	Immunoglobulin heavy variable 5-51	3.31266e+06		5.54769e+06	1.56835e+06
A0A0C4DH41;P01824;P01825;P06331;P0DP06;P0DP08	P01824;P01825;P06331;A0A0C4DH41;P0DP06;P0DP08	HV434_HUMAN;HV439_HUMAN;HV459_HUMAN;HV461_HUMAN;HVD34_HUMAN;HVD82_HUMAN	IGHV4-30-4;IGHV4-34;IGHV4-38-2;IGHV4-39;IGHV4-59;IGHV4-61	Immunoglobulin heavy variable 4-61	6.59901e+06		2.21367e+07	1.16739e+07
A0A0C4DH43	P01814;A0A0C4DH43	HV70D_HUMAN	IGHV2-70D	Immunoglobulin heavy variable 2-70D	956319		3.88056e+06	1.8573e+06
A0A0C4DH55	P01624;A0A075B6H7;A0A0C4DH55	KVD07_HUMAN	IGKV3D-7	Immunoglobulin kappa variable 3D-7	1.14358e+07		5.90299e+07	1.62399e+07
A0A0C4DH67;A0A0C4DH69	A0A075B6S5;A0A0C4DH67;A0A0C4DH69	KV108_HUMAN;KV109_HUMAN	IGKV1-8;IGKV1-9	Immunoglobulin kappa variable 1-8	708280		2.72558e+06	1.11348e+06
A0A0J9YX35	A0A0J9YX35	HV64D_HUMAN	IGHV3-64D	Immunoglobulin heavy variable 3-64D	839305		2.71161e+06	1.08568e+06
A0A0J9YXX1	A0A0J9YXX1	HV5X1_HUMAN	IGHV5-10-1	Immunoglobulin heavy variable 5-10-1	1.92617e+06		1.9931e+07	5.61869e+06
A0A1W2PQ73	A0A1W2PQ73	ERFL_HUMAN	ERFL	ETS domain-containing transcription factor ERF-like	670615		2.94838e+06	1.25097e+06
A0AV96	A0AV96	RBM47_HUMAN	RBM47	RNA-binding protein 47	1.84903e+06		1.34284e+06	1.6947e+06
A0AVI2	A0AVI2	FR1L5_HUMAN	FER1L5	Fer-1-like protein 5	65237.1		114837	
A0AVT1	A0AVT1	UBA6_HUMAN	UBA6	Ubiquitin-like modifier-activating enzyme 6	1.02996e+06		903686	4.60077e+06
A0FGR8	A0FGR8	ESYT2_HUMAN	ESYT2	Extended synaptotagmin-2	927929		1.23433e+06	2.37073e+06
A0M8Q6	A0M8Q6	IGLC7_HUMAN	IGLC7	Immunoglobulin lambda constant 7			434932	304001
A0MZ66	A0MZ66	SHOT1_HUMAN	SHTN1	Shootin-1	2.22115e+06		1.12079e+06	935031
A0PJW6	A0PJW6	TM223_HUMAN	TMEM223	Transmembrane protein 223				429582
A1A5B4	A1A5B4	ANO9_HUMAN	ANO9	Anoctamin-9				432092
A1L0T0	A1L0T0	HACL2_HUMAN	ILVBL	2-hydroxyacyl-CoA lyase 2				2.72067e+06
A1L188	A1L188	NDUF8_HUMAN	NDUFAF8	NADH dehydrogenase [ubiquinone] 1 alpha subcomplex assembly factor 8	120519		49766.8	49423.4
A1X283	A1X283	SPD2B_HUMAN	SH3PXD2B	SH3 and PX domain-containing protein 2B	587093		253564	563623
A2NJV5	A0A075B6S2;A2NJV5	KV229_HUMAN	IGKV2-29	Immunoglobulin kappa variable 2-29	2.39961e+06	2.73447e+07	1.10999e+07	3.08502e+06
A2RRP1	A2RRP1	NBAS_HUMAN	NBAS	NBAS subunit of NRZ tethering complex				1.0544e+06
A2RTX5	A2RTX5	SYTC2_HUMAN	TARS3	Threonine--tRNA ligase 2, cytoplasmic				2.16829e+06
A3KMH1	A3KMH1	VWA8_HUMAN	VWA8	von Willebrand factor A domain-containing protein 8				851950
A3KN83	A3KN83	SBNO1_HUMAN	SBNO1	Protein strawberry notch homolog 1				411845
A4D1E9	A4D1E9	GTPBA_HUMAN	GTPBP10	GTP-binding protein 10	412164		392595	353862
A4D1P6	A4D1P6	WDR91_HUMAN	WDR91	WD repeat-containing protein 91				413899
A4D1S5	A4D1S5	RAB19_HUMAN	RAB19	Ras-related protein Rab-19	859751		665614	600765
A4D1U4	A4D1U4	DEN11_HUMAN	DENND11	DENN domain-containing protein 11				465539
A4FU01	A4FU01	MTMRB_HUMAN	MTMR11	Myotubularin-related protein 11	305026			2.59943e+06
A4FU69	A4FU69	EFCB5_HUMAN	EFCAB5	EF-hand calcium-binding domain-containing protein 5	100031		141700	3.67655e+06
A5D8V6	A5D8V6	VP37C_HUMAN	VPS37C	Vacuolar protein sorting-associated protein 37C	711458			
A5PLL7	A5PLL7	PDES1_HUMAN	PEDS1	Plasmanylethanolamine desaturase 1				45718.7
A5PLN9	A5PLN9	TPC13_HUMAN	TRAPPC13	Trafficking protein particle complex subunit 13			1.1667e+06	445810
A5YKK6	A5YKK6	CNOT1_HUMAN	CNOT1	CCR4-NOT transcription complex subunit 1	584821			646963
A6NC98	A6NC98	CC88B_HUMAN	CCDC88B	Coiled-coil domain-containing protein 88B				192847
A6NCE7;Q9GZQ8	Q9GZQ8;Q9H492;A6NCE7	MLP3B_HUMAN;MP3B2_HUMAN	MAP1LC3B;MAP1LC3B2	Microtubule-associated proteins 1A/1B light chain 3 beta 2	790121		773853	896928
A6ND36	A6ND36	FA83G_HUMAN	FAM83G	Protein FAM83G				126802
A6NDG6	A6NDG6	PGP_HUMAN	PGP	Glycerol-3-phosphate phosphatase	1.76146e+06		699793	1.75326e+06
A6NDU8	A6NDU8	RIMC1_HUMAN	RIMOC1	RAB7A-interacting MON1-CCZ1 complex subunit 1				134120
A6NHL2	A6NHL2	TBAL3_HUMAN	TUBAL3	Tubulin alpha chain-like 3				265327
A6NHR9	A6NHR9	SMHD1_HUMAN	SMCHD1	Structural maintenance of chromosomes flexible hinge domain-containing protein 1				3.92295e+06
A6NHX0	A6NHX0	CAST2_HUMAN	CASTOR2	Cytosolic arginine sensor for mTORC1 subunit 2				154694
A6NI72;P14598	P14598;A6NI72;A8MVU1	NCF1B_HUMAN;NCF1_HUMAN	NCF1;NCF1B	Putative neutrophil cytosol factor 1B	1.22564e+06		989751	1.52546e+06
A6NIH7	A6NIH7;Q13432	U119B_HUMAN	UNC119B	Protein unc-119 homolog B	1.06734e+06		814888	912777
A6NJ78	A6NJ78	MET15_HUMAN	METTL15	12S rRNA N4-methylcytidine (m4C) methyltransferase				132327
A6NK44	A6NK44	GLOD5_HUMAN	GLOD5	Glyoxalase domain-containing protein 5			225332	237560
A7E2V4	A7E2V4	ZSWM8_HUMAN	ZSWIM8	Zinc finger SWIM domain-containing protein 8				48187.3
A7KAX9	A7KAX9	RHG32_HUMAN	ARHGAP32	Rho GTPase-activating protein 32				448711
A8K7I4	A8K7I4	CLCA1_HUMAN	CLCA1	Calcium-activated chloride channel regulator 1	751108		9.64949e+06	655257
A8MTT3	A8MTT3	CEBOS_HUMAN	CEBPZOS	Protein CEBPZOS	2.0507e+06		2.72285e+06	1.53225e+06
A8MV81;Q9Y241	Q9Y241;A8MV81	HIG1A_HUMAN;HIG1C_HUMAN	HIGD1A;HIGD1C	HIG1 domain family member 1C	262043		654420	3.54418e+06
A8MWD9;P62308	P62308;A8MWD9	RUXGL_HUMAN;RUXG_HUMAN	SNRPG;SNRPGP15	Putative small nuclear ribonucleoprotein G-like protein 15	1.55103e+07		1.67973e+07	8.25341e+06
A8MXV4	A8MXV4	NUD19_HUMAN	NUDT19	Acyl-coenzyme A diphosphatase NUDT19				1.49051e+06
A9UHW6	A9UHW6	MI4GD_HUMAN	MIF4GD	MIF4G domain-containing protein				34949.9
B0I1T2	B0I1T2	MYO1G_HUMAN	MYO1G	Unconventional myosin-Ig				477093
B1AK53	B1AK53	ESPN_HUMAN	ESPN	Espin	341242		392797	
B2RPK0	B2RPK0	HGB1A_HUMAN	HMGB1P1	Putative high mobility group protein B1-like 1	1.39123e+06			
B7ZAQ6	B7ZAQ6	GPHRA_HUMAN	GPR89A	Golgi pH regulator A	818138			932468
B9A064	A0M8Q6;P0CG04;P0DOY2;P0DOY3;P0CF74;B9A064;P0DOX8	IGLL5_HUMAN	IGLL5	Immunoglobulin lambda-like polypeptide 5	5.10676e+07	3.99682e+08	2.03699e+08	5.73826e+07
C4AMC7;Q6VEQ5	A8K0Z3;C4AMC7;Q6VEQ5;A8MWX3	WASH2_HUMAN;WASH3_HUMAN	WASH2P;WASH3P	Putative WAS protein family homolog 3	1.58124e+06		1.22293e+06	1.16885e+06
C9JI98	C9JI98	TM238_HUMAN	TMEM238	Transmembrane protein 238	562899		231001	322042
C9JLW8	C9JLW8	MCRI1_HUMAN	MCRIP1	Mapk-regulated corepressor-interacting protein 1	1.25614e+06		497310	528026
C9JN71	P17024;Q08AG5;Q14584;Q15973;Q68EA5;Q8IYI8;Q8NDP4;Q8TBZ8;Q96BR6;Q96I27;Q9BS34;Q9BUY5;Q9ULM2;P15621;P17030;P52737;P58317;Q08ER8;Q0D2J5;Q15935;Q32M78;Q86UE3;Q86YE8;Q8N7K0;Q8N8L2;Q8N8Z8;Q8NHY6;Q96SR6;Q9BR84;Q9H7R0;Q9Y2A4;P16415;P17017;Q147U1;Q3KP31;Q6ZMS4;Q7L945;Q7Z3V5;Q8N972;Q8NDW4;Q8TA94;Q96GE5;Q96MU6;Q9BY31;Q9H0M5;A8MT65;C9JN71	ZN878_HUMAN	ZNF878	Zinc finger protein 878	315329		287199	146627
E9PAV3;Q13765	Q13765;E9PAV3	NACAM_HUMAN;NACA_HUMAN	NACA	Nascent polypeptide-associated complex subunit alpha, muscle-specific form	1.99298e+07		1.3863e+07	7.57452e+06
E9PRG8	E9PRG8	CK098_HUMAN	C11orf98	Uncharacterized protein C11orf98	572317		236743	207300
G9CGD6;Q8WWN9	Q8WWN9;G9CGD6	CNIPF_HUMAN;ICEF1_HUMAN	CNK3/IPCEF1;IPCEF1	CNK3/IPCEF1 fusion protein	428367		488625	242907
HLA:HLA00005	HLA:HLA00005;HLA:HLA00157;HLA:HLA00318	A*02:01:01:01	A*02:01:01:01		3.92386e+07		2.69382e+07	2.14535e+07
HLA:HLA00157	HLA:HLA00157	B*14:01:01:01	B*14:01:01:01		4.21721e+07		2.71443e+07	2.17286e+07
HLA:HLA00318	HLA:HLA00318	B*44:02:01:01	B*44:02:01:01		5.0448e+06		3.72944e+06	3.36356e+06
HLA:HLA00427;HLA:HLA00446	HLA:HLA00427;HLA:HLA00446	C*05:01:01:01;C*08:02:01:01	C*05:01:01:01;C*08:02:01:01		2.09272e+06		2.07083e+06	1.93856e+06
HLA:HLA00522	HLA:HLA00522	DPB1*04:02:01:01	DPB1*04:02:01:01		1.64547e+06		2.68954e+06	1.33902e+06
HLA:HLA00622	HLA:HLA00622	DQB1*02:01:01	DQB1*02:01:01		1.55051e+06		1.59558e+06	689194
HLA:HLA00625	HLA:HLA00625	DQB1*03:01:01:01	DQB1*03:01:01:01		3.22364e+06		3.98941e+06	1.45793e+06
HLA:HLA00719	HLA:HLA00719	DRB1*07:01:01:01	DRB1*07:01:01:01		6.82796e+06		9.30007e+06	4.07331e+06
HLA:HLA00751	HLA:HLA00751	DRB1*11:01:01:01	DRB1*11:01:01:01		1.39857e+07		2.16568e+07	7.28869e+06
HLA:HLA00887	HLA:HLA00887	DRB3*01:01:02:01	DRB3*01:01:02:01		879486		828895	536015
HLA:HLA00905	HLA:HLA00905	DRB4*01:01:01:01	DRB4*01:01:01:01		1.03751e+06		1.65051e+06	435817
HLA:HLA00934	HLA:HLA00934	E*01:01:01:01	E*01:01:01:01		182659			189788
L0R6Q1	L0R6Q1	S35U4_HUMAN	SLC35A4	SLC35A4 upstream open reading frame protein	1.35419e+06		450971	520472
L0R819	L0R819	ASURF_HUMAN	ASDURF	ASNSD1 upstream open reading frame protein	282217			122886
L0R8F8	L0R8F8	MIDUO_HUMAN	MIEF1	Mitochondrial ribosome and complex I assembly factor AltMIEF1	859888		524850	585369
O00115	O00115	DNS2A_HUMAN	DNASE2	Deoxyribonuclease-2-alpha	3.87837e+06		2.80529e+06	1.32638e+06
O00116	O00116	ADAS_HUMAN	AGPS	Alkyldihydroxyacetonephosphate synthase, peroxisomal	1.37052e+06		269161	2.04192e+06
O00139	O00139	KIF2A_HUMAN	KIF2A	Kinesin-like protein KIF2A	1.02826e+06		691606	948318
O00142	O00142	KITM_HUMAN	TK2	Thymidine kinase 2, mitochondrial				221751
O00148	O00148	DX39A_HUMAN	DDX39A	ATP-dependent RNA helicase DDX39A	2.17644e+06		828210	1.09717e+06
O00151	O00151	PDLI1_HUMAN	PDLIM1	PDZ and LIM domain protein 1	2.76801e+07		1.19984e+07	7.84338e+06
O00154	O00154	BACH_HUMAN	ACOT7	Cytosolic acyl coenzyme A thioester hydrolase	4.79629e+06		2.03458e+06	1.77151e+06
O00159	O00159	MYO1C_HUMAN	MYO1C	Unconventional myosin-Ic	74435		198710	3.01402e+06
O00160	O00160	MYO1F_HUMAN	MYO1F	Unconventional myosin-If	435879		273624	424445
O00161	O00161	SNP23_HUMAN	SNAP23	Synaptosomal-associated protein 23	5.16518e+06		3.66397e+06	1.13334e+06
O00165	O00165	HAX1_HUMAN	HAX1	HCLS1-associated protein X-1				432318
O00168	O00168	PLM_HUMAN	FXYD1	Phospholemman	213186		406537	176608
O00170	O00170	AIP_HUMAN	AIP	AH receptor-interacting protein	6.80937e+06		4.08734e+06	2.19604e+06
O00175	O00175	CCL24_HUMAN	CCL24	C-C motif chemokine 24	3.11356e+06		2.74936e+06	855726
O00178	O00178	GTPB1_HUMAN	GTPBP1	GTP-binding protein 1	1.50501e+06		1.26218e+06	1.31537e+06
O00182	O00182	LEG9_HUMAN	LGALS9	Galectin-9	3.30903e+06		3.97249e+06	3.0492e+06
O00186	O00186	STXB3_HUMAN	STXBP3	Syntaxin-binding protein 3	579904		239991	1.48071e+06
O00187	O00187	MASP2_HUMAN	MASP2	Mannan-binding lectin serine protease 2			251314	110515
O00192	O00192	ARVC_HUMAN	ARVCF	Splicing regulator ARVCF	597532		679407	141129
O00193	O00193	SMAP_HUMAN	SMAP	Small acidic protein	1.05129e+07		6.22177e+06	1.48527e+06
O00194	O00194	RB27B_HUMAN	RAB27B	Ras-related protein Rab-27B	792211		1.62508e+06	637416
O00203	O00203;Q13367	AP3B1_HUMAN	AP3B1	AP-3 complex subunit beta-1	639801		717093	2.6836e+06
O00204	O00204	ST2B1_HUMAN	SULT2B1	Sulfotransferase 2B1	1.21202e+06		1.03318e+06	2.82797e+06
O00214	O00214	LEG8_HUMAN	LGALS8	Galectin-8	438281		445532	251023
O00217	O00217	NDUS8_HUMAN	NDUFS8	NADH dehydrogenase [ubiquinone] iron-sulfur protein 8, mitochondrial	694947			1.95328e+06
O00231	O00231	PSD11_HUMAN	PSMD11	26S proteasome non-ATPase regulatory subunit 11	2.46447e+06		569240	4.39212e+06
O00232	O00232	PSD12_HUMAN	PSMD12	26S proteasome non-ATPase regulatory subunit 12	3.72485e+06		1.49672e+06	9.26146e+06
O00233	O00233	PSMD9_HUMAN	PSMD9	26S proteasome non-ATPase regulatory subunit 9	4.58961e+06		3.4901e+06	1.86788e+06
O00244	O00244	ATOX1_HUMAN	ATOX1	Copper transport protein ATOX1	6.25143e+06		4.98288e+06	3.32317e+06
O00255	O00255	MEN1_HUMAN	MEN1	Menin	1.60113e+06		892264	1.57785e+06
O00258	O00258	GET1_HUMAN	GET1	Guided entry of tail-anchored proteins factor 1				405952
O00264	O00264	PGRC1_HUMAN	PGRMC1	Membrane-associated progesterone receptor component 1	1.85469e+07		1.07486e+07	8.81833e+06
O00267	O00267	SPT5H_HUMAN	SUPT5H	Transcription elongation factor SPT5	1.35676e+06		838164	1.34808e+06
O00268	O00268	TAF4_HUMAN	TAF4	Transcription initiation factor TFIID subunit 4	796378		160428	
O00273	O00273	DFFA_HUMAN	DFFA	DNA fragmentation factor subunit alpha	1.72573e+06		132862	1.00889e+06
O00291	O00291	HIP1_HUMAN	HIP1	Huntingtin-interacting protein 1	373924			677185
O00299	O00299	CLIC1_HUMAN	CLIC1	Chloride intracellular channel protein 1	3.25779e+07		1.28416e+07	5.16471e+07
O00303	O00303	EIF3F_HUMAN	EIF3F	Eukaryotic translation initiation factor 3 subunit F	1.75459e+06		538573	3.58044e+06
O00308	O00308	WWP2_HUMAN	WWP2	NEDD4-like E3 ubiquitin-protein ligase WWP2				50138.4
O00330	O00330	ODPX_HUMAN	PDHX	Pyruvate dehydrogenase protein X component, mitochondrial	866985		379626	2.51564e+06
O00339	O00339	MATN2_HUMAN	MATN2	Matrilin-2				259764
O00391	O00391	QSOX1_HUMAN	QSOX1	Sulfhydryl oxidase 1	789199		2.60729e+06	1.19308e+06
O00399	O00399	DCTN6_HUMAN	DCTN6	Dynactin subunit 6	815235		991810	243153
O00400	O00400	ACATN_HUMAN	SLC33A1	Acetyl-coenzyme A transporter 1				644342
O00401	O00401	WASL_HUMAN	WASL	Actin nucleation-promoting factor WASL	968113		251656	862367
O00410	O00410	IPO5_HUMAN	IPO5	Importin-5	994380		133687	2.16548e+06
O00422	O00422	SAP18_HUMAN	SAP18	Histone deacetylase complex subunit SAP18	1.45917e+06		1.09765e+06	540539
O00423	O00423	EMAL1_HUMAN	EML1	Echinoderm microtubule-associated protein-like 1				369940
O00425	O00425	IF2B3_HUMAN	IGF2BP3	Insulin-like growth factor 2 mRNA-binding protein 3	596217			422128
O00429	O00429	DNM1L_HUMAN	DNM1L	Dynamin-1-like protein	299227			4.41064e+06
O00442	O00442	RTCA_HUMAN	RTCA	RNA 3'-terminal phosphate cyclase	1.28829e+06		1.73357e+06	1.99475e+06
O00443	O00443	P3C2A_HUMAN	PIK3C2A	Phosphatidylinositol 4-phosphate 3-kinase C2 domain-containing subunit alpha				57793.1
O00459	O00459	P85B_HUMAN	PIK3R2	Phosphatidylinositol 3-kinase regulatory subunit beta				184365
O00461	O00461	GOLI4_HUMAN	GOLIM4	Golgi integral membrane protein 4	2.35458e+06		2.45941e+06	2.95033e+06
O00462	O00462	MANBA_HUMAN	MANBA	Beta-mannosidase	1.08975e+06		1.56405e+06	1.059e+06
O00463	O00463	TRAF5_HUMAN	TRAF5	TNF receptor-associated factor 5				51631.1
O00468	O00468	AGRIN_HUMAN	AGRN	Agrin	845422		1.74035e+06	1.60005e+06
O00469	O00469	PLOD2_HUMAN	PLOD2	Procollagen-lysine,2-oxoglutarate 5-dioxygenase 2	602683		161529	668048
O00471	O00471	EXOC5_HUMAN	EXOC5	Exocyst complex component 5				781444
O00478	O00478;O00481;P78410	BT3A3_HUMAN	BTN3A3	Butyrophilin subfamily 3 member A3	1.26647e+06			1.01402e+06
O00479	O00479	HMGN4_HUMAN	HMGN4	High mobility group nucleosome-binding domain-containing protein 4	4.69482e+06		2.70661e+06	678329
O00483	O00483	NDUA4_HUMAN	NDUFA4	Cytochrome c oxidase subunit NDUFA4	2.62666e+06		690937	7.97684e+06
O00487	O00487	PSDE_HUMAN	PSMD14	26S proteasome non-ATPase regulatory subunit 14	3.36983e+06		751923	5.50497e+06
O00499	O00499	BIN1_HUMAN	BIN1	Myc box-dependent-interacting protein 1	2.84998e+06		1.03587e+06	1.6691e+06
O00505	O00505;O00629	IMA4_HUMAN	KPNA3	Importin subunit alpha-4	595188		275210	2.22601e+06
O00506	O00506	STK25_HUMAN	STK25	Serine/threonine-protein kinase 25				180790
O00507	O00507	USP9Y_HUMAN	USP9Y	Probable ubiquitin carboxyl-terminal hydrolase FAF-Y				122176
O00515	O00515	LAD1_HUMAN	LAD1	Ladinin-1	8.1299e+06		4.82843e+06	1.72898e+06
O00519	O00519	FAAH1_HUMAN	FAAH	Fatty-acid amide hydrolase 1				489281
O00522	O00522	KRIT1_HUMAN	KRIT1	Krev interaction trapped protein 1				9384.05
O00533	O00533	NCHL1_HUMAN	CHL1	Neural cell adhesion molecule L1-like protein	573005		593831	519815
O00534	O00534	VMA5A_HUMAN	VWA5A	von Willebrand factor A domain-containing protein 5A	2.81672e+06		1.97521e+06	3.64683e+06
O00541	O00541	PESC_HUMAN	PES1	Pescadillo homolog	338964		228592	475500
O00559	O00559	RCAS1_HUMAN	EBAG9	Receptor-binding cancer antigen expressed on SiSo cells	235449			
O00560	O00560	SDCB1_HUMAN	SDCBP	Syntenin-1	992638		917324	832061
O00562	O00562	PITM1_HUMAN	PITPNM1	Membrane-associated phosphatidylinositol transfer protein 1				311282
O00566	O00566	MPP10_HUMAN	MPHOSPH10	U3 small nucleolar ribonucleoprotein protein MPP10	235146		235651	218681
O00567	O00567	NOP56_HUMAN	NOP56	Nucleolar protein 56	971667		2.16435e+06	4.32111e+06
O00571	O00571;O15523	DDX3X_HUMAN	DDX3X	ATP-dependent RNA helicase DDX3X	1.91454e+06		1.52494e+06	7.00722e+06
O00584	O00584	RNT2_HUMAN	RNASET2	Ribonuclease T2	8.36751e+06		1.6253e+07	5.22351e+06
O00592	O00592	PODXL_HUMAN	PODXL	Podocalyxin	1.31046e+06		833888	860723
O00602	O00602	FCN1_HUMAN	FCN1	Ficolin-1	388180		765153	764369
O00625	O00625	PIR_HUMAN	PIR	Pirin	1.22818e+06		671750	500571
O00629	O00629	IMA3_HUMAN	KPNA4	Importin subunit alpha-3	421002			534691
O00635	O00635	TRI38_HUMAN	TRIM38	E3 ubiquitin-protein ligase TRIM38				253212
O00712;P08651;Q12857;Q14938	O00712;P08651;Q12857;Q14938	NFIA_HUMAN;NFIB_HUMAN;NFIC_HUMAN;NFIX_HUMAN	NFIA;NFIB;NFIC;NFIX	Nuclear factor 1 B-type	2.2147e+07		1.20474e+07	7.6884e+06
O00743	O00743	PPP6_HUMAN	PPP6C	Serine/threonine-protein phosphatase 6 catalytic subunit	2.78476e+06		2.1714e+06	1.24577e+06
O00748	O00748	EST2_HUMAN	CES2	Cocaine esterase	726071		391827	1.74471e+06
O00750	O00750	P3C2B_HUMAN	PIK3C2B	Phosphatidylinositol 4-phosphate 3-kinase C2 domain-containing subunit beta				254338
O00754	O00754	MA2B1_HUMAN	MAN2B1	Lysosomal alpha-mannosidase	2.73023e+06		3.49029e+06	1.75669e+06
O00757	O00757	F16P2_HUMAN	FBP2	Fructose-1,6-bisphosphatase isozyme 2	7.59091e+06		1.06714e+07	3.7068e+06
O00762	O00762	UBE2C_HUMAN	UBE2C	Ubiquitin-conjugating enzyme E2 C	525132		424022	
O00764	O00764	PDXK_HUMAN	PDXK	Pyridoxal kinase	7.08633e+06		8.07872e+06	3.03386e+06
O00767	O00767	SCD_HUMAN	SCD	Stearoyl-CoA desaturase				825774
O14493	O14493	CLD4_HUMAN	CLDN4	Claudin-4	400493		169774	417294
O14494	O14494	PLPP1_HUMAN	PLPP1	Phospholipid phosphatase 1	631184		866913	368633
O14495	O14495	PLPP3_HUMAN	PLPP3	Phospholipid phosphatase 3	640592		1.14466e+06	469085
O14497	O14497	ARI1A_HUMAN	ARID1A	AT-rich interactive domain-containing protein 1A	117125		176386	219714
O14498	O14498	ISLR_HUMAN	ISLR	Immunoglobulin superfamily containing leucine-rich repeat protein	1.43827e+06		5.58354e+06	2.09444e+06
O14519	O14519	CDKA1_HUMAN	CDK2AP1	Cyclin-dependent kinase 2-associated protein 1	107419		97900.9	90444.3
O14521	O14521	DHSD_HUMAN	SDHD	Succinate dehydrogenase [ubiquinone] cytochrome b small subunit, mitochondrial	589164		454613	1.49247e+06
O14523	O14523	C2C2L_HUMAN	C2CD2L	Phospholipid transfer protein C2CD2L				27595.5
O14524	O14524	NEMP1_HUMAN	NEMP1	Nuclear envelope integral membrane protein 1				333318
O14530	O14530	TXND9_HUMAN	TXNDC9	Thioredoxin domain-containing protein 9	803458		358468	421456
O14545	O14545	TRAD1_HUMAN	TRAFD1	TRAF-type zinc finger domain-containing protein 1	2.246e+06			214325
O14548	O14548	COX7R_HUMAN	COX7A2L	Cytochrome c oxidase subunit 7A-related protein, mitochondrial	745693		419615	875401
O14558	O14558	HSPB6_HUMAN	HSPB6	Heat shock protein beta-6			2.71996e+07	3.88469e+07
O14562	O14562	UBFD1_HUMAN	UBFD1	Ubiquitin domain-containing protein UBFD1	2.10846e+06		1.72836e+06	1.67526e+06
O14569	O14569	C56D2_HUMAN	CYB561D2	Transmembrane reductase CYB561D2				518241
O14579	O14579	COPE_HUMAN	COPE	Coatomer subunit epsilon	5.4213e+06		2.49266e+06	5.99329e+06
O14617	O14617	AP3D1_HUMAN	AP3D1	AP-3 complex subunit delta-1			393405	1.72577e+06
O14618	O14618	CCS_HUMAN	CCS	Copper chaperone for superoxide dismutase	2.49975e+06		1.89782e+06	1.08183e+06
O14639	O14639	ABLM1_HUMAN	ABLIM1	Actin-binding LIM protein 1	1.5236e+06		1.38153e+06	1.11557e+06
O14646	O14646;O14647	CHD1_HUMAN	CHD1	Chromodomain-helicase-DNA-binding protein 1	245086			405612
O14647	O14647	CHD2_HUMAN	CHD2	Chromodomain-helicase-DNA-binding protein 2				245998
O14653	O14653	GOSR2_HUMAN	GOSR2	Golgi SNAP receptor complex member 2	920807		675999	682575
O14656	O14656	TOR1A_HUMAN	TOR1A	Torsin-1A	249926		236936	713876
O14657	O14657	TOR1B_HUMAN	TOR1B	Torsin-1B	887520		495143	1.46914e+06
O14662	O14662	STX16_HUMAN	STX16	Syntaxin-16	310380		224504	302378
O14672	O14672	ADA10_HUMAN	ADAM10	Disintegrin and metalloproteinase domain-containing protein 10	3.94658e+06		5.43523e+06	2.66954e+06
O14681	O14681	EI24_HUMAN	EI24	Etoposide-induced protein 2.4 homolog				817937
O14682	O14682	ENC1_HUMAN	ENC1	Ectoderm-neural cortex protein 1				156581
O14683	O14683	P5I11_HUMAN	TP53I11	Tumor protein p53-inducible protein 11	993314			936355
O14684	O14684	PTGES_HUMAN	PTGES	Prostaglandin E synthase	417318		209605	2.00028e+06
O14686	O14686	KMT2D_HUMAN	KMT2D	Histone-lysine N-methyltransferase 2D				19918
O14727	O14727	APAF_HUMAN	APAF1	Apoptotic protease-activating factor 1			404764	430632
O14732	O14732	IMPA2_HUMAN	IMPA2	Inositol monophosphatase 2	911650		778505	342111
O14733	O14733	MP2K7_HUMAN	MAP2K7	Dual specificity mitogen-activated protein kinase kinase 7			427345	210763
O14734	O14734	ACOT8_HUMAN	ACOT8	Acyl-coenzyme A thioesterase 8	1.50401e+06		1.00007e+06	1.94105e+06
O14735	O14735	CDIPT_HUMAN	CDIPT	CDP-diacylglycerol--inositol 3-phosphatidyltransferase				2.60953e+06
O14737	O14737	PDCD5_HUMAN	PDCD5	Programmed cell death protein 5	1.07871e+07		5.13575e+06	1.79964e+06
O14744	O14744	ANM5_HUMAN	PRMT5	Protein arginine N-methyltransferase 5	2.8849e+06		2.12117e+06	2.17291e+06
O14745	O14745	NHRF1_HUMAN	NHERF1	Na(+)/H(+) exchange regulatory cofactor NHE-RF1	1.20319e+07		1.07352e+07	3.18286e+06
O14756	O14756	H17B6_HUMAN	HSD17B6	17-beta-hydroxysteroid dehydrogenase type 6				484244
O14763	O14763	TR10B_HUMAN	TNFRSF10B	Tumor necrosis factor receptor superfamily member 10B	303109		112982	194764
O14772	O14772	FPGT_HUMAN	FPGT	Fucose-1-phosphate guanylyltransferase				212097
O14773	O14773	TPP1_HUMAN	TPP1	Tripeptidyl-peptidase 1	1.05752e+07		7.0378e+06	1.28903e+07
O14776	O14776	TCRG1_HUMAN	TCERG1	Transcription elongation regulator 1	4.70975e+06		3.54127e+06	2.50064e+06
O14786	O14786	NRP1_HUMAN	NRP1	Neuropilin-1	597479		606384	586502
O14787	O14787	TNPO2_HUMAN	TNPO2	Transportin-2	288803			899053
O14791	O14791	APOL1_HUMAN	APOL1	Apolipoprotein L1	362548		469872	830831
O14795	O14795	UN13B_HUMAN	UNC13B	Protein unc-13 homolog B				98965.6
O14798	O14798	TR10C_HUMAN	TNFRSF10C	Tumor necrosis factor receptor superfamily member 10C			384312	153535
O14802	O14802	RPC1_HUMAN	POLR3A	DNA-directed RNA polymerase III subunit RPC1				401277
O14818	O14818	PSA7_HUMAN	PSMA7	Proteasome subunit alpha type-7	1.6977e+07	2.37788e+08	1.88947e+07	1.1735e+07
O14828	O14828	SCAM3_HUMAN	SCAMP3	Secretory carrier-associated membrane protein 3	615245			2.29791e+06
O14841	O14841	OPLA_HUMAN	OPLAH	5-oxoprolinase	788116		457419	1.02153e+06
O14874	O14874	BCKD_HUMAN	BCKDK	[3-methyl-2-oxobutanoate dehydrogenase [lipoamide]] kinase, mitochondrial				165574
O14879	O14879	IFIT3_HUMAN	IFIT3	Interferon-induced protein with tetratricopeptide repeats 3			668909	
O14880	O14880	MGST3_HUMAN	MGST3	Glutathione S-transferase 3, mitochondrial	1.40188e+06		1.9094e+06	4.27295e+06
O14896	O14896	IRF6_HUMAN	IRF6	Interferon regulatory factor 6	101896		375605	573211
O14907	O14907	TX1B3_HUMAN	TAX1BP3	Tax1-binding protein 3	7.58754e+06		8.30376e+06	2.8075e+06
O14908	O14908;Q8TF64	GIPC1_HUMAN	GIPC1	PDZ domain-containing protein GIPC1	1.89472e+06		1.09397e+06	1.53151e+06
O14920	O14920	IKKB_HUMAN	IKBKB	Inhibitor of nuclear factor kappa-B kinase subunit beta				1.91194e+06
O14925	O14925;Q5SRD1	TIM23_HUMAN	TIMM23	Mitochondrial import inner membrane translocase subunit Tim23				1.19343e+06
O14929	O14929	HAT1_HUMAN	HAT1	Histone acetyltransferase type B catalytic subunit	870830		289917	412965
O14933	O14933	UB2L6_HUMAN	UBE2L6	Ubiquitin/ISG15-conjugating enzyme E2 L6	1.2075e+06		557055	823813
O14936	O14936	CSKP_HUMAN	CASK	Peripheral plasma membrane protein CASK	860875		679244	3.25285e+06
O14939	O14939	PLD2_HUMAN	PLD2	Phospholipase D2	940049		857324	531677
O14948;O75030;P19484;P19532	O14948;O75030;P19484;P19532	MITF_HUMAN;TFE3_HUMAN;TFEB_HUMAN;TFEC_HUMAN	MITF;TFE3;TFEB;TFEC	Transcription factor EC	182971			48682.5
O14949	O14949	QCR8_HUMAN	UQCRQ	Cytochrome b-c1 complex subunit 8	2.62361e+06		1.73491e+06	1.10424e+07
O14950;P19105	O14950;P19105	ML12A_HUMAN;ML12B_HUMAN	MYL12A;MYL12B	Myosin regulatory light chain 12B	1.28358e+07		2.16166e+06	6.83855e+06
O14957	O14957	QCR10_HUMAN	UQCR11	Cytochrome b-c1 complex subunit 10	2.47032e+06		1.22596e+06	1.10814e+06
O14964	O14964	HGS_HUMAN	HGS	Hepatocyte growth factor-regulated tyrosine kinase substrate	2.3655e+06		1.60224e+06	1.80517e+06
O14966	O14966	RAB7L_HUMAN	RAB29	Ras-related protein Rab-7L1	543073			494198
O14972	O14972	VP26C_HUMAN	VPS26C	Vacuolar protein sorting-associated protein 26C	1.59084e+06		922570	1.7062e+06
O14974	O14974	MYPT1_HUMAN	PPP1R12A	Protein phosphatase 1 regulatory subunit 12A	2.26093e+06		2.18721e+06	1.48268e+06
O14975	O14975	S27A2_HUMAN	SLC27A2	Long-chain fatty acid transport protein 2				697804
O14976	O14976	GAK_HUMAN	GAK	Cyclin-G-associated kinase	316312		210956	626746
O14979	O14979	HNRDL_HUMAN	HNRNPDL	Heterogeneous nuclear ribonucleoprotein D-like	1.379e+07		1.10674e+07	7.86958e+06
O14980	O14980	XPO1_HUMAN	XPO1	Exportin-1	928960		662614	7.11057e+06
O14981	O14981	BTAF1_HUMAN	BTAF1	TATA-binding protein-associated factor 172				387481
O15020	O15020	SPTN2_HUMAN	SPTBN2	Spectrin beta chain, non-erythrocytic 2				444364
O15027	O15027	SC16A_HUMAN	SEC16A	Protein transport protein Sec16A	502446			668857
O15031	O15031	PLXB2_HUMAN	PLXNB2	Plexin-B2	1.16809e+06		1.38377e+06	2.13762e+06
O15042	O15042	SR140_HUMAN	U2SURP	U2 snRNP-associated SURP motif-containing protein	3.07507e+06		2.69084e+06	4.05533e+06
O15047	O15047	SET1A_HUMAN	SETD1A	Histone-lysine N-methyltransferase SETD1A				196380
O15061	O15061	SYNEM_HUMAN	SYNM	Synemin				72537.6
O15066	O15066;Q9Y496	KIF3B_HUMAN	KIF3B	Kinesin-like protein KIF3B			264043	216816
O15067	O15067	PUR4_HUMAN	PFAS	Phosphoribosylformylglycinamidine synthase	3.239e+06		3.33005e+06	1.60462e+06
O15075	O15075	DCLK1_HUMAN	DCLK1	Serine/threonine-protein kinase DCLK1			31415.2	126185
O15084	O15084	ANR28_HUMAN	ANKRD28	Serine/threonine-protein phosphatase 6 regulatory ankyrin repeat subunit A				125905
O15085	O15085	ARHGB_HUMAN	ARHGEF11	Rho guanine nucleotide exchange factor 11				159578
O15091	O15091	MRPP3_HUMAN	PRORP	Mitochondrial ribonuclease P catalytic subunit				133718
O15111	O15111	IKKA_HUMAN	CHUK	Inhibitor of nuclear factor kappa-B kinase subunit alpha				259483
O15116	O15116	LSM1_HUMAN	LSM1	U6 snRNA-associated Sm-like protein LSm1	3.38122e+06		2.13086e+06	597296
O15117	O15117	FYB1_HUMAN	FYB1	FYN-binding protein 1	2.68164e+06		1.30066e+06	1.4348e+06
O15118	O15118	NPC1_HUMAN	NPC1	NPC intracellular cholesterol transporter 1	282209		220193	651869
O15120	O15120	PLCB_HUMAN	AGPAT2	1-acyl-sn-glycerol-3-phosphate acyltransferase beta				1.0287e+06
O15126	O15126	SCAM1_HUMAN	SCAMP1	Secretory carrier-associated membrane protein 1	224922		102486	761841
O15127	O15127	SCAM2_HUMAN	SCAMP2	Secretory carrier-associated membrane protein 2	1.79334e+06		658775	3.9596e+06
O15143	O15143	ARC1B_HUMAN	ARPC1B	Actin-related protein 2/3 complex subunit 1B	4.20406e+06		2.65948e+06	7.92861e+06
O15144	O15144	ARPC2_HUMAN	ARPC2	Actin-related protein 2/3 complex subunit 2	6.84463e+06		4.21376e+06	1.50004e+07
O15145	O15145	ARPC3_HUMAN	ARPC3	Actin-related protein 2/3 complex subunit 3	2.96972e+07		1.47087e+07	2.17588e+07
O15155	O15155	BET1_HUMAN	BET1	BET1 homolog	944533		384974	789353
O15160	O15160	RPAC1_HUMAN	POLR1C	DNA-directed RNA polymerases I and III subunit RPAC1	690474		394479	1.56084e+06
O15162	O15162	PLS1_HUMAN	PLSCR1	Phospholipid scramblase 1	1.57398e+06		2.99542e+06	735850
O15164	O15164	TIF1A_HUMAN	TRIM24	Transcription intermediary factor 1-alpha				94579.6
O15173	O15173	PGRC2_HUMAN	PGRMC2	Membrane-associated progesterone receptor component 2	8.53013e+06		7.84879e+06	6.84297e+06
O15195	O15195	VILL_HUMAN	VILL	Villin-like protein	545589		463565	1.00238e+06
O15204	O15204	ADEC1_HUMAN	ADAMDEC1	ADAM DEC1			300874	
O15211	O15211	RGL2_HUMAN	RGL2	Ral guanine nucleotide dissociation stimulator-like 2				176649
O15212	O15212	PFD6_HUMAN	PFDN6	Prefoldin subunit 6	8.53665e+06		3.99306e+06	752302
O15226	O15226	NKRF_HUMAN	NKRF	NF-kappa-B-repressing factor	594371		414543	695896
O15228	O15228	GNPAT_HUMAN	GNPAT	Dihydroxyacetone phosphate acyltransferase				506485
O15230	O15230	LAMA5_HUMAN	LAMA5	Laminin subunit alpha-5	351530		333891	495981
O15231	O15231	ZN185_HUMAN	ZNF185	Zinc finger protein 185	767257		323354	433139
O15234	O15234	CASC3_HUMAN	CASC3	Protein CASC3	22248.7			19037.6
O15235	O15235	RT12_HUMAN	MRPS12	Small ribosomal subunit protein uS12m	506163			746365
O15239	O15239	NDUA1_HUMAN	NDUFA1	NADH dehydrogenase [ubiquinone] 1 alpha subcomplex subunit 1				107285
O15243	O15243	OBRG_HUMAN	LEPROT	Leptin receptor gene-related protein				64006.1
O15247	O15247	CLIC2_HUMAN	CLIC2	Chloride intracellular channel protein 2	998835		834982	772196
O15254	O15254	ACOX3_HUMAN	ACOX3	Peroxisomal acyl-coenzyme A oxidase 3				728284
O15258	O15258	RER1_HUMAN	RER1	Protein RER1	1.5426e+06		1.47668e+06	4.56435e+06
O15260	O15260	SURF4_HUMAN	SURF4	Surfeit locus protein 4	784761		436674	1.19147e+07
O15264	O15264	MK13_HUMAN	MAPK13	Mitogen-activated protein kinase 13	297136		73702.8	1.55744e+06
O15269	O15269	SPTC1_HUMAN	SPTLC1	Serine palmitoyltransferase 1				2.60843e+06
O15270	O15270	SPTC2_HUMAN	SPTLC2	Serine palmitoyltransferase 2			448520	291826
O15294	O15294	OGT1_HUMAN	OGT	UDP-N-acetylglucosamine--peptide N-acetylglucosaminyltransferase 110 kDa subunit				670758
O15305	O15305	PMM2_HUMAN	PMM2	Phosphomannomutase 2	1.26163e+07		1.57915e+07	6.01477e+06
O15321	O15321	TM9S1_HUMAN	TM9SF1	Transmembrane 9 superfamily member 1				675907
O15327	O15327	INP4B_HUMAN	INPP4B	Inositol polyphosphate 4-phosphatase type II	96147.7		107369	908302
O15344	O15344	TRI18_HUMAN	MID1	E3 ubiquitin-protein ligase Midline-1				133867
O15347	O15347	HMGB3_HUMAN	HMGB3	High mobility group protein B3	8.22039e+06		4.43451e+06	2.32554e+06
O15355	O15355	PPM1G_HUMAN	PPM1G	Protein phosphatase 1G	5.14446e+06		3.39227e+06	2.31608e+06
O15357	O15357	SHIP2_HUMAN	INPPL1	Phosphatidylinositol 3,4,5-trisphosphate 5-phosphatase 2	103083			309909
O15371	O15371	EIF3D_HUMAN	EIF3D	Eukaryotic translation initiation factor 3 subunit D	1.24729e+06		604242	2.84797e+06
O15372	O15372	EIF3H_HUMAN	EIF3H	Eukaryotic translation initiation factor 3 subunit H	2.79256e+06		1.56645e+06	1.56025e+06
O15379	O15379	HDAC3_HUMAN	HDAC3	Histone deacetylase 3	268216			172157
O15382	O15382	BCAT2_HUMAN	BCAT2	Branched-chain-amino-acid aminotransferase, mitochondrial	457265		507399	1.67424e+06
O15389	O15389	SIGL5_HUMAN	SIGLEC5	Sialic acid-binding Ig-like lectin 5			83950.9	
O15393	O15393	TMPS2_HUMAN	TMPRSS2	Transmembrane protease serine 2	225316		302151	327904
O15397	O15397	IPO8_HUMAN	IPO8	Importin-8	995025			1.23351e+06
O15400	O15400	STX7_HUMAN	STX7	Syntaxin-7	7.90966e+06		8.15232e+06	2.6449e+06
O15427	O15427	MOT4_HUMAN	SLC16A3	Monocarboxylate transporter 4	165911		216127	1.21641e+06
O15431	O15431	COPT1_HUMAN	SLC31A1	High affinity copper uptake protein 1				393706
O15438	O15438	MRP3_HUMAN	ABCC3	ATP-binding cassette sub-family C member 3				1.82178e+06
O15439	O15439	MRP4_HUMAN	ABCC4	ATP-binding cassette sub-family C member 4			19992	576872
O15446	O15446	RPA34_HUMAN	POLR1G	DNA-directed RNA polymerase I subunit RPA34	1.06435e+06		864865	727005
O15455	O15455	TLR3_HUMAN	TLR3	Toll-like receptor 3			66158.2	301783
O15460	O15460	P4HA2_HUMAN	P4HA2	Prolyl 4-hydroxylase subunit alpha-2	340289		398749	903546
O15484	O15484	CAN5_HUMAN	CAPN5	Calpain-5	479625		138909	517503
O15498	O15498	YKT6_HUMAN	YKT6	Synaptobrevin homolog YKT6	3.02869e+06		1.49401e+06	2.60638e+06
O15511	O15511	ARPC5_HUMAN	ARPC5	Actin-related protein 2/3 complex subunit 5	1.6761e+07		1.33134e+07	9.36207e+06
O15522;O95096	O15522;O95096	NKX22_HUMAN;NKX28_HUMAN	NKX2-2;NKX2-8	Homeobox protein Nkx-2.8				727520
O15530	O15530;Q6A1A2	PDPK1_HUMAN	PDPK1	3-phosphoinositide-dependent protein kinase 1				710360
O15533	O15533	TPSN_HUMAN	TAPBP	Tapasin	1.21889e+07		5.31395e+06	1.12418e+07
O15541	O15541	R113A_HUMAN	RNF113A	E3 ubiquitin-protein ligase RNF113A	885690		226119	219065
O15550	O14607;O15550	KDM6A_HUMAN	KDM6A	Lysine-specific demethylase 6A				89450.9
O15551	O14493;O15551;O95484;P56747	CLD3_HUMAN	CLDN3	Claudin-3	1.09799e+07		4.45052e+06	7.23151e+06
O15554	O15554	KCNN4_HUMAN	KCNN4	Intermediate conductance calcium-activated potassium channel protein 4				380916
O43143	O43143	DHX15_HUMAN	DHX15	ATP-dependent RNA helicase DHX15	1.36266e+06		1.10372e+06	4.06608e+06
O43148	O43148	MCES_HUMAN	RNMT	mRNA cap guanine-N7 methyltransferase	1.45379e+06		1.16295e+06	1.47722e+06
O43149	O43149	ZZEF1_HUMAN	ZZEF1	Zinc finger ZZ-type and EF-hand domain-containing protein 1				258197
O43150	O43150	ASAP2_HUMAN	ASAP2	Arf-GAP with SH3 domain, ANK repeat and PH domain-containing protein 2				178618
O43156	O43156	TTI1_HUMAN	TTI1	TELO2-interacting protein 1 homolog				95959.3
O43157	O43157	PLXB1_HUMAN	PLXNB1	Plexin-B1				191884
O43159	O43159	RRP8_HUMAN	RRP8	Ribosomal RNA-processing protein 8				380837
O43169	O43169	CYB5B_HUMAN	CYB5B	Cytochrome b5 type B	4.22318e+06		4.88736e+06	9.42644e+06
O43172	O43172	PRP4_HUMAN	PRPF4	U4/U6 small nuclear ribonucleoprotein Prp4	1.87703e+06		1.03962e+06	1.37643e+06
O43175	O43175	SERA_HUMAN	PHGDH	D-3-phosphoglycerate dehydrogenase	624733		406953	1.10831e+06
O43181	O43181	NDUS4_HUMAN	NDUFS4	NADH dehydrogenase [ubiquinone] iron-sulfur protein 4, mitochondrial	4.06652e+06		4.63381e+06	2.75286e+06
O43236	O43236	SEPT4_HUMAN	SEPTIN4	Septin-4	86101.6			120245
O43237	O43237	DC1L2_HUMAN	DYNC1LI2	Cytoplasmic dynein 1 light intermediate chain 2	1.24789e+06		812398	1.35991e+06
O43240	O43240	KLK10_HUMAN	KLK10	Kallikrein-10			404689	515182
O43242	O43242	PSMD3_HUMAN	PSMD3	26S proteasome non-ATPase regulatory subunit 3	587686		390294	4.90717e+06
O43251;Q9NWB1	O43251;Q9NWB1;A6NFN3	RFOX1_HUMAN;RFOX2_HUMAN	RBFOX1;RBFOX2	RNA binding protein fox-1 homolog 2	910131		766107	569101
O43252	O43252	PAPS1_HUMAN	PAPSS1	Bifunctional 3'-phosphoadenosine 5'-phosphosulfate synthase 1	432893		355025	2.01511e+06
O43264	O43264	ZW10_HUMAN	ZW10	Centromere/kinetochore protein zw10 homolog				448500
O43272	O43272	PROD_HUMAN	PRODH	Proline dehydrogenase 1, mitochondrial				207199
O43278	O43278	SPIT1_HUMAN	SPINT1	Kunitz-type protease inhibitor 1	2.09928e+06		3.0667e+06	1.30262e+06
O43290	O43290	SNUT1_HUMAN	SART1	U4/U6.U5 tri-snRNP-associated protein 1	630040		523034	323446
O43291	O43291	SPIT2_HUMAN	SPINT2	Kunitz-type protease inhibitor 2	830484		1.12406e+06	893966
O43292	O43292	GPAA1_HUMAN	GPAA1	Glycosylphosphatidylinositol anchor attachment 1 protein				1.82975e+06
O43293	O43293	DAPK3_HUMAN	DAPK3	Death-associated protein kinase 3				615024
O43294	O43294	TGFI1_HUMAN	TGFB1I1	Transforming growth factor beta-1-induced transcript 1 protein	1.82015e+06		927101	1.01646e+06
O43299	O43299	AP5Z1_HUMAN	AP5Z1	AP-5 complex subunit zeta-1				475386
O43301	O43301;Q96MM6	HS12A_HUMAN	HSPA12A	Heat shock 70 kDa protein 12A	383307			3.08483e+06
O43314	O43314;Q6PFW1	VIP2_HUMAN	PPIP5K2	Inositol hexakisphosphate and diphosphoinositol-pentakisphosphate kinase 2				363609
O43318	O43318	M3K7_HUMAN	MAP3K7	Mitogen-activated protein kinase kinase kinase 7	929930			926302
O43324	O43324	MCA3_HUMAN	EEF1E1	Eukaryotic translation elongation factor 1 epsilon-1	1.0447e+06		348754	1.23063e+06
O43325	O43325	LYRM1_HUMAN	LYRM1	LYR motif-containing protein 1			390630	349478
O43390	O43390	HNRPR_HUMAN	HNRNPR	Heterogeneous nuclear ribonucleoprotein R	6.56294e+06		4.25675e+06	6.70995e+06
O43395	O43395	PRPF3_HUMAN	PRPF3	U4/U6 small nuclear ribonucleoprotein Prp3	1.04422e+06		364629	846722
O43396	O43396	TXNL1_HUMAN	TXNL1	Thioredoxin-like protein 1	1.5415e+07		1.52826e+07	7.14573e+06
O43399	O43399	TPD54_HUMAN	TPD52L2	Tumor protein D54	1.35825e+07		9.39089e+06	4.36622e+06
O43402	O43402	EMC8_HUMAN	EMC8	ER membrane protein complex subunit 8	258335			627505
O43414	O43414	ERI3_HUMAN	ERI3	ERI1 exoribonuclease 3	2.64109e+06		3.52275e+06	1.90154e+06
O43426	O43426	SYNJ1_HUMAN	SYNJ1	Synaptojanin-1				32670.2
O43427	O43427	FIBP_HUMAN	FIBP	Acidic fibroblast growth factor intracellular-binding protein				91796.2
O43432	O43432	IF4G3_HUMAN	EIF4G3	Eukaryotic translation initiation factor 4 gamma 3	222913		42584.5	201976
O43447	O43447	PPIH_HUMAN	PPIH	Peptidyl-prolyl cis-trans isomerase H	9.16923e+06		6.81959e+06	3.03126e+06
O43464	O43464;P83110	HTRA2_HUMAN	HTRA2	Serine protease HTRA2, mitochondrial			136522	928657
O43488	O43488	ARK72_HUMAN	AKR7A2	Aflatoxin B1 aldehyde reductase member 2	2.02486e+06		1.56409e+06	4.5895e+06
O43490	O43490	PROM1_HUMAN	PROM1	Prominin-1	1.38035e+06		2.65895e+06	2.45785e+06
O43491	O43491	E41L2_HUMAN	EPB41L2	Band 4.1-like protein 2	4.62272e+06		3.69829e+06	2.86825e+06
O43493	O43493	TGON2_HUMAN	TGOLN2	Trans-Golgi network integral membrane protein 2	2.51526e+06		4.58601e+06	2.03079e+06
O43504	O43504	LTOR5_HUMAN	LAMTOR5	Ragulator complex protein LAMTOR5	5.0146e+06			2.4374e+06
O43505	O43505	B4GA1_HUMAN	B4GAT1	Beta-1,4-glucuronyltransferase 1	391936		367312	280296
O43516	O43516	WIPF1_HUMAN	WIPF1	WAS/WASL-interacting protein family member 1	4.02957e+06		1.89237e+06	405337
O43520	O43520	AT8B1_HUMAN	ATP8B1	Phospholipid-transporting ATPase IC				385274
O43524	O43524	FOXO3_HUMAN	FOXO3	Forkhead box protein O3	1.87313e+06		1.83612e+06	1.32167e+06
O43556	O43556	SGCE_HUMAN	SGCE	Epsilon-sarcoglycan	613511		971147	631004
O43566	O43566	RGS14_HUMAN	RGS14	Regulator of G-protein signaling 14	376496			151179
O43567	O43567	RNF13_HUMAN	RNF13	E3 ubiquitin-protein ligase RNF13	681512		1.03578e+06	883266
O43570	O43570	CAH12_HUMAN	CA12	Carbonic anhydrase 12	910820		1.96836e+06	609276
O43583	O43583	DENR_HUMAN	DENR	Density-regulated protein	3.57969e+06		1.40935e+06	1.22508e+06
O43592	O43592	XPOT_HUMAN	XPOT	Exportin-T	193958			1.451e+06
O43598	O43598	DNPH1_HUMAN	DNPH1	2'-deoxynucleoside 5'-phosphate N-hydrolase 1	6.30871e+06		3.06835e+06	3.79648e+06
O43615	O43615	TIM44_HUMAN	TIMM44	Mitochondrial import inner membrane translocase subunit TIM44	589997		420118	3.27854e+06
O43617	O43617	TPPC3_HUMAN	TRAPPC3	Trafficking protein particle complex subunit 3	2.14718e+06		536403	943052
O43633	O43633	CHM2A_HUMAN	CHMP2A	Charged multivesicular body protein 2a	5.41046e+06		5.38505e+06	1.13846e+06
O43639	O43639	NCK2_HUMAN	NCK2	Cytoplasmic protein NCK2	1.76971e+06		1.67171e+06	1.29198e+06
O43657	O43657	TSN6_HUMAN	TSPAN6	Tetraspanin-6	863360		1.13921e+06	555233
O43660	O43660	PLRG1_HUMAN	PLRG1	Pleiotropic regulator 1	1.97721e+06		2.38565e+06	850334
O43665	O43665	RGS10_HUMAN	RGS10	Regulator of G-protein signaling 10	2.6712e+06		1.56195e+06	812912
O43670	O43670	ZN207_HUMAN	ZNF207	BUB3-interacting and GLEBS motif-containing protein ZNF207	4.88737e+06		4.40667e+06	1.99488e+06
O43674	O43674	NDUB5_HUMAN	NDUFB5	NADH dehydrogenase [ubiquinone] 1 beta subcomplex subunit 5, mitochondrial	632717			2.46429e+06
O43676	O43676	NDUB3_HUMAN	NDUFB3	NADH dehydrogenase [ubiquinone] 1 beta subcomplex subunit 3	1.87147e+06		1.28146e+06	1.87967e+06
O43678	O43678	NDUA2_HUMAN	NDUFA2	NADH dehydrogenase [ubiquinone] 1 alpha subcomplex subunit 2	5.59014e+06		4.60257e+06	1.66492e+06
O43681	O43681	GET3_HUMAN	GET3	ATPase GET3	3.10355e+06		1.00338e+06	5.37156e+06
O43684	O43684	BUB3_HUMAN	BUB3	Mitotic checkpoint protein BUB3	7.5734e+06		6.67063e+06	4.45906e+06
O43688	O43688	PLPP2_HUMAN	PLPP2	Phospholipid phosphatase 2	853402		471028	371845
O43704	O43704	ST1B1_HUMAN	SULT1B1	Sulfotransferase 1B1	1.14924e+06		614561	3.363e+06
O43707	O43707	ACTN4_HUMAN	ACTN4	Alpha-actinin-4	1.48058e+07		1.52419e+07	4.02975e+07
O43708	O43708	MAAI_HUMAN	GSTZ1	Maleylacetoacetate isomerase	1.43495e+06		2.10095e+06	1.53168e+06
O43709	O43709	BUD23_HUMAN	BUD23	Probable 18S rRNA (guanine-N(7))-methyltransferase	2.34313e+06		1.10828e+06	967349
O43715	O43715	TRIA1_HUMAN	TRIAP1	TP53-regulated inhibitor of apoptosis 1	1.07118e+06		547476	
O43716	O43716	GATC_HUMAN	GATC	Glutamyl-tRNA(Gln) amidotransferase subunit C, mitochondrial	392674			238753
O43719	O43719	HTSF1_HUMAN	HTATSF1	HIV Tat-specific factor 1	2.65363e+06		1.02914e+06	1.89634e+06
O43731	O43731	ERD23_HUMAN	KDELR3	ER lumen protein-retaining receptor 3				722621
O43741	O43741	AAKB2_HUMAN	PRKAB2	5'-AMP-activated protein kinase subunit beta-2				46511.1
O43747	O43747	AP1G1_HUMAN	AP1G1	AP-1 complex subunit gamma-1	210618		256327	2.51452e+06
O43752	O43752	STX6_HUMAN	STX6	Syntaxin-6	722450		134339	346149
O43759	O43759	SNG1_HUMAN	SYNGR1	Synaptogyrin-1	481988			781760
O43760	O43760	SNG2_HUMAN	SYNGR2	Synaptogyrin-2	9.04645e+06		6.53129e+06	1.51508e+07
O43765	O43765	SGTA_HUMAN	SGTA	Small glutamine-rich tetratricopeptide repeat-containing protein alpha	3.34463e+06		1.2999e+06	1.19886e+06
O43768	O43768	ENSA_HUMAN	ENSA	Alpha-endosulfine	4.2864e+06		1.21843e+06	400292
O43772	O43772	MCAT_HUMAN	SLC25A20	Mitochondrial carnitine/acylcarnitine carrier protein				3.98719e+06
O43776	O43776	SYNC_HUMAN	NARS1	Asparagine--tRNA ligase, cytoplasmic	9.08068e+06		8.1793e+06	6.36725e+06
O43790	O43790;A6NCN2	KRT86_HUMAN	KRT86	Keratin, type II cuticular Hb6	587591		2.43608e+06	
O43795	O43795	MYO1B_HUMAN	MYO1B	Unconventional myosin-Ib			520247	8.1782e+06
O43805	O43805	SSNA1_HUMAN	SSNA1	Microtubule nucleation factor SSNA1	636304			
O43808	O43808	PM34_HUMAN	SLC25A17	Peroxisomal membrane protein PMP34				80234.4
O43809	O43809	CPSF5_HUMAN	NUDT21	Cleavage and polyadenylation specificity factor subunit 5	4.86654e+06		5.27552e+06	2.57406e+06
O43813	O43813	LANC1_HUMAN	LANCL1	Glutathione S-transferase LANCL1	2.58295e+06		1.83091e+06	1.88281e+06
O43815	O43815	STRN_HUMAN	STRN	Striatin				1.23972e+06
O43818	O43818	U3IP2_HUMAN	RRP9	U3 small nucleolar RNA-interacting protein 2	1.70731e+06		2.43947e+06	1.65311e+06
O43819	O43819	SCO2_HUMAN	SCO2	Protein SCO2 homolog, mitochondrial	505823		153179	734334
O43823	O43823	AKAP8_HUMAN	AKAP8	A-kinase anchor protein 8	220147		315756	268454
O43824	O43824	GTPB6_HUMAN	GTPBP6	Putative GTP-binding protein 6				351084
O43826	O43826	G6PT1_HUMAN	SLC37A4	Glucose-6-phosphate exchanger SLC37A4				458138
O43837	O43837	IDH3B_HUMAN	IDH3B	Isocitrate dehydrogenase [NAD] subunit beta, mitochondrial	1.16345e+06		405256	4.04494e+06
O43847	O43847	NRDC_HUMAN	NRDC	Nardilysin	188056		286466	1.69656e+06
O43852	O43852	CALU_HUMAN	CALU	Calumenin	1.59253e+07		1.49166e+07	9.05464e+06
O43854	O43854	EDIL3_HUMAN	EDIL3	EGF-like repeat and discoidin I-like domain-containing protein 3	344480		337776	252515
O43865	O43865	SAHH2_HUMAN	AHCYL1	S-adenosylhomocysteine hydrolase-like protein 1	889220		723304	818220
O43866	O43866	CD5L_HUMAN	CD5L	CD5 antigen-like	207844		3.2518e+06	1.14623e+06
O43896	O43896;O60333;Q12756	KIF1C_HUMAN	KIF1C	Kinesin-like protein KIF1C	84858.9			214147
O43903	O43903	GAS2_HUMAN	GAS2	Growth arrest-specific protein 2				42189
O43913	O43913	ORC5_HUMAN	ORC5	Origin recognition complex subunit 5				175894
O43920	O43920	NDUS5_HUMAN	NDUFS5	NADH dehydrogenase [ubiquinone] iron-sulfur protein 5	2.91596e+06		1.1819e+06	2.07495e+06
O43924	O43924	PDE6D_HUMAN	PDE6D	Retinal rod rhodopsin-sensitive cGMP 3',5'-cyclic phosphodiesterase subunit delta	2.26109e+06		2.23452e+06	921995
O43929	O43929	ORC4_HUMAN	ORC4	Origin recognition complex subunit 4				271088
O60216	O60216;Q9H4I0	RAD21_HUMAN	RAD21	Double-strand-break repair protein rad21 homolog	192835		81950.6	331039
O60218	O60218	AK1BA_HUMAN	AKR1B10	Aldo-keto reductase family 1 member B10	6.96091e+06		6.58332e+06	4.37431e+06
O60220	O60220	TIM8A_HUMAN	TIMM8A	Mitochondrial import inner membrane translocase subunit Tim8 A	1.54769e+06			144030
O60229	O60229	KALRN_HUMAN	KALRN	Kalirin				138599
O60231	O60231	DHX16_HUMAN	DHX16	Pre-mRNA-splicing factor ATP-dependent RNA helicase DHX16	703539		645341	652834
O60232	O60232	ZNRD2_HUMAN	ZNRD2	Protein ZNRD2	597742		695912	323350
O60234	O60234	GMFG_HUMAN	GMFG	Glia maturation factor gamma	4.02922e+06		1.73613e+06	2.14631e+06
O60237	O60237	MYPT2_HUMAN	PPP1R12B	Protein phosphatase 1 regulatory subunit 12B	739675		1.39624e+06	588963
O60238;Q12983	O60238;Q12983	BNI3L_HUMAN;BNIP3_HUMAN	BNIP3;BNIP3L	BCL2/adenovirus E1B 19 kDa protein-interacting protein 3-like	74090.8			133950
O60244	O60244	MED14_HUMAN	MED14	Mediator of RNA polymerase II transcription subunit 14				102075
O60245	O60245	PCDH7_HUMAN	PCDH7	Protocadherin-7	26153.6		53667.7	109610
O60256	O60256	KPRB_HUMAN	PRPSAP2	Phosphoribosyl pyrophosphate synthase-associated protein 2	2.55014e+06		1.60062e+06	1.8375e+06
O60264	O60264;P28370	SMCA5_HUMAN	SMARCA5	SWI/SNF-related matrix-associated actin-dependent regulator of chromatin subfamily A member 5	778677		659993	1.69928e+06
O60271	O60271	JIP4_HUMAN	SPAG9	C-Jun-amino-terminal kinase-interacting protein 4	1.01669e+06		651068	985055
O60287	O60287	NPA1P_HUMAN	URB1	Nucleolar pre-ribosomal-associated protein 1				394801
O60293	O60293	ZC3H1_HUMAN	ZFC3H1	Zinc finger C3H1 domain-containing protein				138795
O60306	O60306	AQR_HUMAN	AQR	RNA helicase aquarius			124228	124401
O60313	O60313	OPA1_HUMAN	OPA1	Dynamin-like 120 kDa protein, mitochondrial				2.75214e+06
O60318	O60318	GANP_HUMAN	MCM3AP	Germinal-center associated nuclear protein				319660
O60333	O60333	KIF1B_HUMAN	KIF1B	Kinesin-like protein KIF1B			51086.6	129396
O60337	O60337	MARH6_HUMAN	MARCHF6	E3 ubiquitin-protein ligase MARCHF6				109842
O60341	O60341	KDM1A_HUMAN	KDM1A	Lysine-specific histone demethylase 1A	619172		262155	577963
O60343	O60343	TBCD4_HUMAN	TBC1D4	TBC1 domain family member 4				62220.1
O60361	O60361	NDK8_HUMAN	NME2P1	Putative nucleoside diphosphate kinase			678238	
O60437	O60437	PEPL_HUMAN	PPL	Periplakin	1.32176e+07	1.2204e+10	1.2835e+07	2.00927e+07
O60443	O60443	GSDME_HUMAN	GSDME	Gasdermin-E				280494
O60449	O60449	LY75_HUMAN	LY75	Lymphocyte antigen 75	4.67431e+06		3.16975e+06	5.27792e+06
O60462	O60462	NRP2_HUMAN	NRP2	Neuropilin-2	267148			150041
O60476	O60476	MA1A2_HUMAN	MAN1A2	Mannosyl-oligosaccharide 1,2-alpha-mannosidase IB				378113
O60487	O60487	MPZL2_HUMAN	MPZL2	Myelin protein zero-like protein 2	600416		684556	294531
O60488	O60488	ACSL4_HUMAN	ACSL4	Long-chain-fatty-acid--CoA ligase 4	886937			1.32775e+06
O60493	O60493	SNX3_HUMAN	SNX3	Sorting nexin-3	4.72932e+06		3.41151e+06	3.99898e+06
O60496	O60496	DOK2_HUMAN	DOK2	Docking protein 2	830233		249363	555605
O60499	O60499	STX10_HUMAN	STX10	Syntaxin-10	18858.9			19785.1
O60502	O60502	OGA_HUMAN	OGA	Protein O-GlcNAcase	80072.9			784910
O60504	O60504	VINEX_HUMAN	SORBS3	Vinexin	2.91027e+06		3.37525e+06	2.37132e+06
O60506	O60506	HNRPQ_HUMAN	SYNCRIP	Heterogeneous nuclear ribonucleoprotein Q	1.86387e+07		1.2762e+07	1.50108e+07
O60507	O60507	TPST1_HUMAN	TPST1	Protein-tyrosine sulfotransferase 1				43040.5
O60513	O60513	B4GT4_HUMAN	B4GALT4	Beta-1,4-galactosyltransferase 4	522434			625389
O60518	O60518	RNBP6_HUMAN	RANBP6	Ran-binding protein 6	245617			296423
O60524	O60524	NEMF_HUMAN	NEMF	Ribosome quality control complex subunit NEMF	317792		98514.9	410421
O60547	O60547	GMDS_HUMAN	GMDS	GDP-mannose 4,6 dehydratase	2.67427e+07		2.96437e+07	1.01935e+07
O60565	O60565	GREM1_HUMAN	GREM1	Gremlin-1			47470.2	24508.4
O60568	O60568	PLOD3_HUMAN	PLOD3	Multifunctional procollagen lysine hydroxylase and glycosyltransferase LH3	1.32802e+06		952505	2.76813e+06
O60573	O60573	IF4E2_HUMAN	EIF4E2	Eukaryotic translation initiation factor 4E type 2	354645		164920	489889
O60575	O60575	ISK4_HUMAN	SPINK4	Serine protease inhibitor Kazal-type 4	1.70219e+06		2.46519e+06	
O60603	O60603	TLR2_HUMAN	TLR2	Toll-like receptor 2				30335.1
O60610	O60610	DIAP1_HUMAN	DIAPH1	Protein diaphanous homolog 1	413170		458019	1.58498e+06
O60613	O60613	SEP15_HUMAN	SELENOF	Selenoprotein F	558794		389065	1.56923e+06
O60635	O60635	TSN1_HUMAN	TSPAN1	Tetraspanin-1	1.80016e+06		3.31754e+06	1.59361e+06
O60637	O60637	TSN3_HUMAN	TSPAN3	Tetraspanin-3	2.49777e+06		3.02795e+06	2.3462e+06
O60645	O60645	EXOC3_HUMAN	EXOC3	Exocyst complex component 3				652281
O60664	O60664	PLIN3_HUMAN	PLIN3	Perilipin-3	1.06581e+07		5.2311e+06	6.23502e+06
O60669	O60669	MOT2_HUMAN	SLC16A7	Monocarboxylate transporter 2				34942.7
O60671	O60671	RAD1_HUMAN	RAD1	Cell cycle checkpoint protein RAD1	1.1208e+06		626293	375233
O60678	O60678	ANM3_HUMAN	PRMT3	Protein arginine N-methyltransferase 3				260042
O60684	O60684	IMA7_HUMAN	KPNA6	Importin subunit alpha-7	687181			1.89979e+06
O60687	O60687	SRPX2_HUMAN	SRPX2	Sushi repeat-containing protein SRPX2	81885.4			171062
O60701	O60701	UGDH_HUMAN	UGDH	UDP-glucose 6-dehydrogenase	9.33106e+06		7.74145e+06	3.01831e+06
O60711	O60711	LPXN_HUMAN	LPXN	Leupaxin	519577			373875
O60716	O60716	CTND1_HUMAN	CTNND1	Catenin delta-1	1.72373e+06		819967	4.58257e+06
O60725	O60725	ICMT_HUMAN	ICMT	Protein-S-isoprenylcysteine O-methyltransferase				276036
O60749	O60749;Q13596	SNX2_HUMAN	SNX2	Sorting nexin-2	2.05901e+06		1.88927e+06	4.41787e+06
O60760	O60760	HPGDS_HUMAN	HPGDS	Hematopoietic prostaglandin D synthase	992419		1.68415e+06	594011
O60762	O60762	DPM1_HUMAN	DPM1	Dolichol-phosphate mannosyltransferase subunit 1	575434			4.96733e+06
O60763	O60763	USO1_HUMAN	USO1	General vesicular transport factor p115	201119		275824	4.15709e+06
O60783	O60783	RT14_HUMAN	MRPS14	Small ribosomal subunit protein uS14m				2.60023e+06
O60784	O60784	TOM1_HUMAN	TOM1	Target of Myb1 membrane trafficking protein	1.01298e+06		382319	689353
O60814;P58876;P62807;Q5QNW6;Q93079;Q99877;Q99879	O60814;P06899;P23527;P33778;P57053;P58876;P62807;Q16778;Q5QNW6;Q8N257;Q93079;Q96A08;Q99877;Q99879;Q99880	H2B1C_HUMAN;H2B1D_HUMAN;H2B1H_HUMAN;H2B1K_HUMAN;H2B1M_HUMAN;H2B1N_HUMAN;H2B2F_HUMAN	H2BC12;H2BC14;H2BC15;H2BC18;H2BC4;H2BC5;H2BC9	Histone H2B type 1-K	1.04609e+08	1.11116e+09	3.40812e+07	2.45173e+07
O60825	O60825	F262_HUMAN	PFKFB2	6-phosphofructo-2-kinase/fructose-2,6-bisphosphatase 2	2.73283e+06		2.92205e+06	1.30215e+06
O60826	O60826	CCD22_HUMAN	CCDC22	Coiled-coil domain-containing protein 22				1.56988e+06
O60828	O60828	PQBP1_HUMAN	PQBP1	Polyglutamine-binding protein 1	1.18052e+06		1.27826e+06	604598
O60830	O60830	TI17B_HUMAN	TIMM17B	Mitochondrial import inner membrane translocase subunit Tim17-B	212094			1.12904e+06
O60831	O60831	PRAF2_HUMAN	PRAF2	PRA1 family protein 2	1.47595e+06		611901	2.37434e+06
O60832	O60832	DKC1_HUMAN	DKC1	H/ACA ribonucleoprotein complex subunit DKC1	2.93774e+06		3.99709e+06	4.83093e+06
O60841	O60841	IF2P_HUMAN	EIF5B	Eukaryotic translation initiation factor 5B	855477		744811	1.32611e+06
O60844	O60844	ZG16_HUMAN	ZG16	Zymogen granule membrane protein 16	6.70686e+06		1.54265e+07	719004
O60858	O60858	TRI13_HUMAN	TRIM13	E3 ubiquitin-protein ligase TRIM13				49928.1
O60869	O60869	EDF1_HUMAN	EDF1	Endothelial differentiation-related factor 1	1.10185e+07		8.59229e+06	3.21789e+06
O60870	O60870	KIN17_HUMAN	KIN	DNA/RNA-binding protein KIN17	277962		431140	175939
O60879	O60879	DIAP2_HUMAN	DIAPH2	Protein diaphanous homolog 2	190785		382848	465228
O60880	O60880	SH21A_HUMAN	SH2D1A	SH2 domain-containing protein 1A	1.22086e+06			
O60884	O60884	DNJA2_HUMAN	DNAJA2	DnaJ homolog subfamily A member 2	2.33529e+06		1.37053e+06	1.79889e+06
O60885	O60885	BRD4_HUMAN	BRD4	Bromodomain-containing protein 4	481452		238097	135962
O60888	O60888	CUTA_HUMAN	CUTA	Protein CutA	6.41581e+06		2.26601e+06	1.18995e+06
O60906	O60906	NSMA_HUMAN	SMPD2	Sphingomyelin phosphodiesterase 2	555616		871124	226075
O60911	O60911	CATL2_HUMAN	CTSV	Cathepsin L2			41316.3	21329.1
O60925	O60925	PFD1_HUMAN	PFDN1	Prefoldin subunit 1	7.3405e+06		1.29252e+06	133323
O60927	O60927	PP1RB_HUMAN	PPP1R11	E3 ubiquitin-protein ligase PPP1R11	424740		349975	65264
O60934	O60934	NBN_HUMAN	NBN	Nibrin				287893
O60941;Q9Y4J8	O60941;Q9Y4J8	DTNA_HUMAN;DTNB_HUMAN	DTNA;DTNB	Dystrobrevin beta				246702
O75015	O75015	FCG3B_HUMAN	FCGR3B	Low affinity immunoglobulin gamma Fc region receptor III-B			1.00475e+06	639995
O75023	O75023	LIRB5_HUMAN	LILRB5	Leukocyte immunoglobulin-like receptor subfamily B member 5			34518.7	
O75027	O75027	ABCB7_HUMAN	ABCB7	Iron-sulfur clusters transporter ABCB7, mitochondrial				2.20495e+06
O75044	O75044;Q7Z6B7	SRGP2_HUMAN	SRGAP2	SLIT-ROBO Rho GTPase-activating protein 2				85000.7
O75051	O75051;Q9HCM2	PLXA2_HUMAN	PLXNA2	Plexin-A2				71096.2
O75063	O75063	XYLK_HUMAN	FAM20B	Glycosaminoglycan xylosylkinase				109222
O75064	O75064	DEN4B_HUMAN	DENND4B	DENN domain-containing protein 4B				23096.1
O75071	O75071	EFC14_HUMAN	EFCAB14	EF-hand calcium-binding domain-containing protein 14				192564
O75083	O75083	WDR1_HUMAN	WDR1	WD repeat-containing protein 1	1.1253e+07	4.59953e+07	1.55967e+07	2.6341e+07
O75110	O75110	ATP9A_HUMAN	ATP9A	Probable phospholipid-transporting ATPase IIA			226793	952623
O75116	O75116	ROCK2_HUMAN	ROCK2	Rho-associated protein kinase 2	366259		336597	2.65068e+06
O75122	O75122	CLAP2_HUMAN	CLASP2	CLIP-associating protein 2				405287
O75127	O75127	PTCD1_HUMAN	PTCD1	Pentatricopeptide repeat-containing protein 1, mitochondrial	155848			182760
O75131	O75131	CPNE3_HUMAN	CPNE3	Copine-3	1.24946e+07		4.35202e+06	3.77782e+06
O75144	O75144	ICOSL_HUMAN	ICOSLG	ICOS ligand	131069		470535	268376
O75146	O75146	HIP1R_HUMAN	HIP1R	Huntingtin-interacting protein 1-related protein			519563	572063
O75150	O75150	BRE1B_HUMAN	RNF40	E3 ubiquitin-protein ligase BRE1B	211404			214292
O75152	O75152;A0A1B0GTU1;P0DQW0	ZC11A_HUMAN	ZC3H11A	Zinc finger CCCH domain-containing protein 11A	873229		472452	511511
O75153	O75153	CLU_HUMAN	CLUH	Clustered mitochondria protein homolog	88423.3			592847
O75165	O75165	DJC13_HUMAN	DNAJC13	DnaJ homolog subfamily C member 13				3.18435e+06
O75167	O75167	PHAR2_HUMAN	PHACTR2	Phosphatase and actin regulator 2	122591		115820	80311.7
O75170	O75170	PP6R2_HUMAN	PPP6R2	Serine/threonine-protein phosphatase 6 regulatory subunit 2	7.36531e+06	4.77657e+09	4.04932e+07	1.03152e+07
O75175	O75175	CNOT3_HUMAN	CNOT3	CCR4-NOT transcription complex subunit 3	722888		915928	607600
O75179	O75179	ANR17_HUMAN	ANKRD17	Ankyrin repeat domain-containing protein 17	885268		950759	779888
O75190	O75190	DNJB6_HUMAN	DNAJB6	DnaJ homolog subfamily B member 6	775762		505630	914643
O75191	O75191	XYLB_HUMAN	XYLB	Xylulose kinase	30682.3		55180.3	109843
O75208	O75208	COQ9_HUMAN	COQ9	Ubiquinone biosynthesis protein COQ9, mitochondrial	810541		464031	1.34074e+06
O75223	O75223	GGCT_HUMAN	GGCT	Gamma-glutamylcyclotransferase	1.43857e+07	3.53476e+08	1.13646e+07	8.61924e+06
O75251	O75251	NDUS7_HUMAN	NDUFS7	NADH dehydrogenase [ubiquinone] iron-sulfur protein 7, mitochondrial	472710			3.77483e+06
O75264	O75264	SIM24_HUMAN	SMIM24	Small integral membrane protein 24	90698.5			
O75298	O75298	RTN2_HUMAN	RTN2	Reticulon-2	310176			743266
O75306	O75306	NDUS2_HUMAN	NDUFS2	NADH dehydrogenase [ubiquinone] iron-sulfur protein 2, mitochondrial	381762			2.48475e+06
O75312	O75312	ZPR1_HUMAN	ZPR1	Zinc finger protein ZPR1	2.32065e+06		1.68983e+06	937301
O75317;P62068	O75317;P62068	UBP12_HUMAN;UBP46_HUMAN	USP12;USP46	Ubiquitin carboxyl-terminal hydrolase 12				301095
O75323	O75323	NIPS2_HUMAN	NIPSNAP2	Protein NipSnap homolog 2	2.95562e+06		2.87602e+06	4.4597e+06
O75340	O75340	PDCD6_HUMAN	PDCD6	Programmed cell death protein 6	6.44086e+06		4.84296e+06	3.98373e+06
O75342	O75342	LX12B_HUMAN	ALOX12B	Arachidonate 12-lipoxygenase, 12R-type			308726	27669
O75347	O75347	TBCA_HUMAN	TBCA	Tubulin-specific chaperone A	1.60774e+07		1.69842e+07	6.12896e+06
O75348	O75348	VATG1_HUMAN	ATP6V1G1	V-type proton ATPase subunit G 1	5.46145e+06		3.58306e+06	2.41017e+06
O75351	O75351	VPS4B_HUMAN	VPS4B	Vacuolar protein sorting-associated protein 4B	2.13325e+06		1.08046e+06	2.72154e+06
O75352	O75352	MPU1_HUMAN	MPDU1	Mannose-P-dolichol utilization defect 1 protein	300653		128325	1.3843e+06
O75356	O75356	ENTP5_HUMAN	ENTPD5	Nucleoside diphosphate phosphatase ENTPD5			99320.9	488382
O75363	O75363	BCAS1_HUMAN	BCAS1	Breast carcinoma-amplified sequence 1	2.5795e+06		3.51222e+06	820307
O75367	O75367	H2AY_HUMAN	MACROH2A1	Core histone macro-H2A.1	3.97695e+06		3.91867e+06	3.65499e+06
O75368	O75368	SH3L1_HUMAN	SH3BGRL	Adapter SH3BGRL	2.17957e+07		2.1641e+07	6.6633e+06
O75369	O75369	FLNB_HUMAN	FLNB	Filamin-B	8.50237e+06		4.81394e+06	9.27501e+06
O75379	O75379	VAMP4_HUMAN	VAMP4	Vesicle-associated membrane protein 4	370204		321771	326455
O75380	O75380	NDUS6_HUMAN	NDUFS6	NADH dehydrogenase [ubiquinone] iron-sulfur protein 6, mitochondrial	3.76591e+06		1.37158e+06	1.69934e+06
O75381	O75381	PEX14_HUMAN	PEX14	Peroxisomal membrane protein PEX14	310744			247845
O75382	O75382	TRIM3_HUMAN	TRIM3	Tripartite motif-containing protein 3				393420
O75390	O75390	CISY_HUMAN	CS	Citrate synthase, mitochondrial	1.4855e+06		553162	2.4693e+07
O75391	O75391	SPAG7_HUMAN	SPAG7	Sperm-associated antigen 7	933034		724694	268900
O75396	O75396	SC22B_HUMAN	SEC22B	Vesicle-trafficking protein SEC22b	5.89565e+06		2.52927e+06	1.05305e+07
O75400	O75400	PR40A_HUMAN	PRPF40A	Pre-mRNA-processing factor 40 homolog A	663410		476962	1.24167e+06
O75410	O75410;O95359	TACC1_HUMAN	TACC1	Transforming acidic coiled-coil-containing protein 1	1.22735e+06		1.05277e+06	935791
O75414	O75414	NDK6_HUMAN	NME6	Nucleoside diphosphate kinase 6	128561			255781
O75420	O75420	GGYF1_HUMAN	GIGYF1	GRB10-interacting GYF protein 1				92354.7
O75427	O75427	LRCH4_HUMAN	LRCH4	Leucine-rich repeat and calponin homology domain-containing protein 4				738734
O75431	O75431	MTX2_HUMAN	MTX2	Metaxin-2	597735		215780	1.03297e+06
O75436	O75436;Q4G0F5	VP26A_HUMAN	VPS26A	Vacuolar protein sorting-associated protein 26A	6.4909e+06		8.26491e+06	1.12129e+07
O75438	O75438	NDUB1_HUMAN	NDUFB1	NADH dehydrogenase [ubiquinone] 1 beta subcomplex subunit 1	1.75958e+06		210929	256225
O75439	O75439	MPPB_HUMAN	PMPCB	Mitochondrial-processing peptidase subunit beta			711947	4.6709e+06
O75448	O75448	MED24_HUMAN	MED24	Mediator of RNA polymerase II transcription subunit 24				207911
O75449	O75449;Q9BW62	KTNA1_HUMAN	KATNA1	Katanin p60 ATPase-containing subunit A1				166638
O75475	O75475	PSIP1_HUMAN	PSIP1	PC4 and SFRS1-interacting protein	2.5336e+06		2.22942e+06	959916
O75477	O75477	ERLN1_HUMAN	ERLIN1	Erlin-1				2.04531e+06
O75486	O75486	SUPT3_HUMAN	SUPT3H	Transcription initiation protein SPT3 homolog				45300
O75487	O75487	GPC4_HUMAN	GPC4	Glypican-4	340573		160986	197453
O75489	O75489	NDUS3_HUMAN	NDUFS3	NADH dehydrogenase [ubiquinone] iron-sulfur protein 3, mitochondrial	1.14395e+06		360436	4.83401e+06
O75494	O75494	SRS10_HUMAN	SRSF10	Serine/arginine-rich splicing factor 10	452732		943762	816652
O75503	O75503	CLN5_HUMAN	CLN5	Ceroid-lipofuscinosis neuronal protein 5	1.12157e+06		1.49763e+06	1.13609e+06
O75521	O75521	ECI2_HUMAN	ECI2	Enoyl-CoA delta isomerase 2	1.39752e+06		741459	1.38926e+06
O75525	O75525	KHDR3_HUMAN	KHDRBS3	KH domain-containing, RNA-binding, signal transduction-associated protein 3	471303		59363.9	224329
O75530	O75530	EED_HUMAN	EED	Polycomb protein EED	326558		191269	174060
O75531	O75531	BAF_HUMAN	BANF1	Barrier-to-autointegration factor	4.91843e+06		2.79984e+06	161075
O75533	O75533	SF3B1_HUMAN	SF3B1	Splicing factor 3B subunit 1	1.0396e+06		655806	1.39892e+06
O75534	O75534	CSDE1_HUMAN	CSDE1	Cold shock domain-containing protein E1	4.23797e+06		3.11609e+06	1.89941e+06
O75554	O75554	WBP4_HUMAN	WBP4	WW domain-binding protein 4	435157		338810	159903
O75558	O75558	STX11_HUMAN	STX11	Syntaxin-11	82436.7			126241
O75563	O75563	SKAP2_HUMAN	SKAP2	Src kinase-associated phosphoprotein 2	291119		305426	270356
O75569	O75569	PRKRA_HUMAN	PRKRA	Interferon-inducible double-stranded RNA-dependent protein kinase activator A	703974		475595	829463
O75575	O75575	RPC9_HUMAN	CRCP	DNA-directed RNA polymerase III subunit RPC9	495685		316490	351368
O75586	O75586	MED6_HUMAN	MED6	Mediator of RNA polymerase II transcription subunit 6	72286.6			84304.4
O75592	O75592	MYCB2_HUMAN	MYCBP2	E3 ubiquitin-protein ligase MYCBP2				218207
O75594	O75594	PGRP1_HUMAN	PGLYRP1	Peptidoglycan recognition protein 1	6.20314e+06		5.64147e+06	5.0507e+06
O75607	O75607	NPM3_HUMAN	NPM3	Nucleoplasmin-3	2.24813e+06		915191	1.79924e+06
O75608	O75608	LYPA1_HUMAN	LYPLA1	Acyl-protein thioesterase 1	8.60052e+06		5.0759e+06	9.18091e+06
O75616	O75616	ERAL1_HUMAN	ERAL1	GTPase Era, mitochondrial				379852
O75629	O75629	CREG1_HUMAN	CREG1	Protein CREG1	1.01377e+06		1.0454e+06	1.09147e+06
O75636	O75636	FCN3_HUMAN	FCN3	Ficolin-3			453886	198506
O75643	O75643	U520_HUMAN	SNRNP200	U5 small nuclear ribonucleoprotein 200 kDa helicase	942727		478199	2.25049e+06
O75648	O75648	MTU1_HUMAN	TRMU	Mitochondrial tRNA-specific 2-thiouridylase 1	477600		317338	506682
O75663	O75663	TIPRL_HUMAN	TIPRL	TIP41-like protein	2.36479e+06		1.5358e+06	1.97998e+06
O75674	O75674	TM1L1_HUMAN	TOM1L1	TOM1-like protein 1	820541		534828	519993
O75676	O75676	KS6A4_HUMAN	RPS6KA4	Ribosomal protein S6 kinase alpha-4	96947.2			432863
O75683	O75683	SURF6_HUMAN	SURF6	Surfeit locus protein 6	122961			230951
O75688	O75688	PPM1B_HUMAN	PPM1B	Protein phosphatase 1B	2.34549e+06		2.15841e+06	1.14658e+06
O75689	O75689	ADAP1_HUMAN	ADAP1	Arf-GAP with dual PH domain-containing protein 1	610474		416313	1.03696e+06
O75691	O75691	UTP20_HUMAN	UTP20	Small subunit processome component 20 homolog				638097
O75694	O75694	NU155_HUMAN	NUP155	Nuclear pore complex protein Nup155				1.16438e+06
O75695	O75695	XRP2_HUMAN	RP2	Protein XRP2	1.23709e+06		659253	1.53063e+06
O75718	O75718	CRTAP_HUMAN	CRTAP	Cartilage-associated protein	643900		298804	1.68997e+06
O75746	O75746	S2512_HUMAN	SLC25A12	Electrogenic aspartate/glutamate antiporter SLC25A12, mitochondrial				2.40059e+06
O75762	O75762	TRPA1_HUMAN	TRPA1	Transient receptor potential cation channel subfamily A member 1				249438
O75764	O75764	TCEA3_HUMAN	TCEA3	Transcription elongation factor A protein 3	248303		220980	114026
O75781	O75781	PALM_HUMAN	PALM	Paralemmin-1	66126.7		230916	152093
O75787	O75787	RENR_HUMAN	ATP6AP2	Renin receptor	579174			156584
O75791	O75791	GRAP2_HUMAN	GRAP2	GRB2-related adapter protein 2	763988		263969	326578
O75792	O75792	RNH2A_HUMAN	RNASEH2A	Ribonuclease H2 subunit A	87541.2			280938
O75794	O75794	CD123_HUMAN	CDC123	Cell division cycle protein 123 homolog	592769		364904	518805
O75817	O75817	POP7_HUMAN	POP7	Ribonuclease P protein subunit p20	1.1233e+06		905145	810148
O75818	O75818	RPP40_HUMAN	RPP40	Ribonuclease P protein subunit p40	1.17211e+06		507745	905303
O75821	O75821	EIF3G_HUMAN	EIF3G	Eukaryotic translation initiation factor 3 subunit G	3.36963e+06		2.99877e+06	2.94812e+06
O75822	O75822	EIF3J_HUMAN	EIF3J	Eukaryotic translation initiation factor 3 subunit J	9.38128e+06		6.95938e+06	2.88926e+06
O75828	O75828	CBR3_HUMAN	CBR3	Carbonyl reductase [NADPH] 3	2.44983e+07		2.34319e+07	1.6649e+07
O75832	O75832	PSD10_HUMAN	PSMD10	26S proteasome non-ATPase regulatory subunit 10	2.22255e+06		1.17305e+06	3.11262e+06
O75843	O75843	AP1G2_HUMAN	AP1G2	AP-1 complex subunit gamma-like 2			275192	1.11773e+06
O75844	O75844	FACE1_HUMAN	ZMPSTE24	CAAX prenyl protease 1 homolog				4.58531e+06
O75874	O75874	IDHC_HUMAN	IDH1	Isocitrate dehydrogenase [NADP] cytoplasmic	5.83097e+07	3.279e+08	7.21872e+07	2.54432e+07
O75879	O75879	GATB_HUMAN	GATB	Glutamyl-tRNA(Gln) amidotransferase subunit B, mitochondrial				774585
O75880	O75880	SCO1_HUMAN	SCO1	Protein SCO1 homolog, mitochondrial	1.95897e+06		3.02634e+06	1.97773e+06
O75881	O75881	CP7B1_HUMAN	CYP7B1	Cytochrome P450 7B1				328857
O75882	O75882	ATRN_HUMAN	ATRN	Attractin	472839		1.66321e+06	789303
O75884	O75884	RBBP9_HUMAN	RBBP9	Serine hydrolase RBBP9	530759		211203	1.01905e+06
O75886	O75886	STAM2_HUMAN	STAM2	Signal transducing adapter molecule 2	925589		375816	680089
O75891	O75891	AL1L1_HUMAN	ALDH1L1	Cytosolic 10-formyltetrahydrofolate dehydrogenase	644426		567787	549643
O75896	O75896	TUSC2_HUMAN	TUSC2	Tumor suppressor candidate 2				678178
O75907	O75907	DGAT1_HUMAN	DGAT1	Diacylglycerol O-acyltransferase 1				651327
O75909	O75909	CCNK_HUMAN	CCNK	Cyclin-K	1.18096e+06		424438	1.25737e+06
O75911	O75911	DHRS3_HUMAN	DHRS3	Short-chain dehydrogenase/reductase 3				1.28025e+06
O75915	O75915	PRAF3_HUMAN	ARL6IP5	PRA1 family protein 3	1.35869e+07		7.37796e+06	1.20888e+07
O75923	O75923	DYSF_HUMAN	DYSF	Dysferlin	608058		588239	889864
O75925;O75928	O75925;O75928	PIAS1_HUMAN;PIAS2_HUMAN	PIAS1;PIAS2	E3 SUMO-protein ligase PIAS1				324519
O75934	O75934	SPF27_HUMAN	BCAS2	Pre-mRNA-splicing factor SPF27	188827			203135
O75935	O75935	DCTN3_HUMAN	DCTN3	Dynactin subunit 3	2.24569e+06		1.26403e+06	850556
O75937	O75937	DNJC8_HUMAN	DNAJC8	DnaJ homolog subfamily C member 8	6.29045e+06		5.68967e+06	2.78564e+06
O75940	O75940	SPF30_HUMAN	SMNDC1	Survival of motor neuron-related-splicing factor 30	461407			189193
O75947	O75947	ATP5H_HUMAN	ATP5PD	ATP synthase subunit d, mitochondrial	3.92573e+06		1.11328e+06	2.2514e+06
O75954	O75954	TSN9_HUMAN	TSPAN9	Tetraspanin-9	389646		361568	379364
O75955	O75955	FLOT1_HUMAN	FLOT1	Flotillin-1	1.18833e+06		546378	1.38456e+06
O75962	O75962	TRIO_HUMAN	TRIO	Triple functional domain protein				82543.9
O75964	O75964	ATP5L_HUMAN	ATP5MG	ATP synthase subunit g, mitochondrial	1.23201e+07		4.51962e+06	2.61653e+07
O75976	O75976	CBPD_HUMAN	CPD	Carboxypeptidase D	1.07162e+07		4.82521e+06	1.02667e+07
O75995	O75995	SASH3_HUMAN	SASH3	SAM and SH3 domain-containing protein 3	3.61289e+06		2.08721e+06	1.00205e+06
O76003	O76003	GLRX3_HUMAN	GLRX3	Glutaredoxin-3	4.42931e+06		2.17085e+06	5.04981e+06
O76011	O76011	KRT34_HUMAN	KRT34	Keratin, type I cuticular Ha4	228763		1.15304e+06	
O76013	O76013	KRT36_HUMAN	KRT36	Keratin, type I cuticular Ha6			794618	
O76021	O76021	RL1D1_HUMAN	RSL1D1	Ribosomal L1 domain-containing protein 1	1.00752e+06		1.36634e+06	2.32748e+06
O76024	O76024	WFS1_HUMAN	WFS1	Wolframin			334446	1.91788e+06
O76031	O76031	CLPX_HUMAN	CLPX	ATP-dependent Clp protease ATP-binding subunit clpX-like, mitochondrial	872083		35601.2	1.01677e+06
O76038	O76038	SEGN_HUMAN	SCGN	Secretagogin			581545	200229
O76041	O76041;P20929	NEBL_HUMAN	NEBL	Nebulette	1.48349e+06		480791	566769
O76062	O76062	ERG24_HUMAN	TM7SF2	Delta(14)-sterol reductase TM7SF2				1.22342e+06
O76070	O76070;Q16143	SYUG_HUMAN	SNCG	Gamma-synuclein	447805		558317	
O76071	O76071	CIAO1_HUMAN	CIAO1	Probable cytosolic iron-sulfur protein assembly protein CIAO1	2.79413e+06		2.51036e+06	1.33564e+06
O76074	O76074	PDE5A_HUMAN	PDE5A	cGMP-specific 3',5'-cyclic phosphodiesterase				232778
O76075	O76075	DFFB_HUMAN	DFFB	DNA fragmentation factor subunit beta	475744			183660
O76080	O76080	ZFAN5_HUMAN	ZFAND5	AN1-type zinc finger protein 5	122829		86470.2	34034.1
O76094	O76094	SRP72_HUMAN	SRP72	Signal recognition particle subunit SRP72	3.05089e+06		1.51498e+06	4.25725e+06
O76095	O76095	JTB_HUMAN	JTB	Protein JTB	527311		790828	723379
O76096	O76096	CYTF_HUMAN	CST7	Cystatin-F	246618		246524	143345
O94760	O94760	DDAH1_HUMAN	DDAH1	N(G),N(G)-dimethylarginine dimethylaminohydrolase 1	1.58378e+07		2.29526e+07	1.38945e+07
O94763	O94763	RMP_HUMAN	URI1	Unconventional prefoldin RPB5 interactor 1	511316		437592	433199
O94766	O94766	B3GA3_HUMAN	B3GAT3	Galactosylgalactosylxylosylprotein 3-beta-glucuronosyltransferase 3				410558
O94776	O94776	MTA2_HUMAN	MTA2	Metastasis-associated protein MTA2	3.60456e+06		2.10028e+06	2.10715e+06
O94804	O94804	STK10_HUMAN	STK10	Serine/threonine-protein kinase 10	496724		408025	516682
O94811	O94811	TPPP_HUMAN	TPPP	Tubulin polymerization-promoting protein			86250.8	196247
O94812	O94812	BAIP3_HUMAN	BAIAP3	BAI1-associated protein 3			268900	185137
O94818;Q96MY1	O94818;Q96MY1	NOL4L_HUMAN;NOL4_HUMAN	NOL4;NOL4L	Nucleolar protein 4	551565		513310	415761
O94819	O94819	KBTBB_HUMAN	KBTBD11	Kelch repeat and BTB domain-containing protein 11				843060
O94822	O94822	LTN1_HUMAN	LTN1	E3 ubiquitin-protein ligase listerin				268745
O94823	O94823	AT10B_HUMAN	ATP10B	Phospholipid-transporting ATPase VB			320619	202323
O94826	O94826	TOM70_HUMAN	TOMM70	Mitochondrial import receptor subunit TOM70	4.79836e+06		2.12281e+06	1.05954e+07
O94832	O94832	MYO1D_HUMAN	MYO1D	Unconventional myosin-Id			167862	1.59415e+06
O94842	O94842	TOX4_HUMAN	TOX4	TOX high mobility group box family member 4	366627		295559	213977
O94851	O94851	MICA2_HUMAN	MICAL2	[F-actin]-monooxygenase MICAL2				391215
O94855	O94855	SC24D_HUMAN	SEC24D	Protein transport protein Sec24D			100791	948355
O94874	O94874;Q92845	UFL1_HUMAN	UFL1	E3 UFM1-protein ligase 1	854494		784372	3.05138e+06
O94875	O94875	SRBS2_HUMAN	SORBS2	Sorbin and SH3 domain-containing protein 2	968276		1.65229e+06	559314
O94880	O94880	PHF14_HUMAN	PHF14	PHD finger protein 14	126517		233217	186992
O94885	O94885;Q9NSI8	SASH1_HUMAN	SASH1	SAM and SH3 domain-containing protein 1				201181
O94886	O94886	CSCL1_HUMAN	TMEM63A	CSC1-like protein 1	314492		261450	2.9011e+06
O94887	O94887	FARP2_HUMAN	FARP2	FERM, ARHGEF and pleckstrin domain-containing protein 2			455149	184242
O94888	O94888	UBXN7_HUMAN	UBXN7	UBX domain-containing protein 7	1.08205e+06		486223	787636
O94901	O94901	SUN1_HUMAN	SUN1	SUN domain-containing protein 1				120827
O94903	O94903	PLPHP_HUMAN	PLPBP	Pyridoxal phosphate homeostasis protein	3.56821e+06		2.29671e+06	3.25017e+06
O94905	O75477;O94905	ERLN2_HUMAN	ERLIN2	Erlin-2	311955		186981	4.83277e+06
O94906	O94906	PRP6_HUMAN	PRPF6	Pre-mRNA-processing factor 6	262423		87218.1	558835
O94911	O94911	ABCA8_HUMAN	ABCA8	ABC-type organic anion transporter ABCA8				320236
O94915	O94915	FRYL_HUMAN	FRYL	Protein furry homolog-like			249850	375491
O94919	O94919	ENDD1_HUMAN	ENDOD1	Endonuclease domain-containing 1 protein	622129		483946	1.66543e+06
O94923	O94923	GLCE_HUMAN	GLCE	D-glucuronyl C5-epimerase				1.14008e+06
O94925	O94925	GLSK_HUMAN	GLS	Glutaminase kidney isoform, mitochondrial	396351			6.82177e+06
O94956	O94956	SO2B1_HUMAN	SLCO2B1	Solute carrier organic anion transporter family member 2B1				352862
O94966	O94966	UBP19_HUMAN	USP19	Ubiquitin carboxyl-terminal hydrolase 19	32789.1			285709
O94973	O94973	AP2A2_HUMAN	AP2A2	AP-2 complex subunit alpha-2				1.41867e+06
O94979	O94979	SC31A_HUMAN	SEC31A	Protein transport protein Sec31A	1.08149e+06		1.1523e+06	5.20873e+06
O94992	O94992	HEXI1_HUMAN	HEXIM1	Protein HEXIM1	178086			83894.4
O95049	O95049	ZO3_HUMAN	TJP3	Tight junction protein ZO-3	524330		439087	423599
O95059	O95059	RPP14_HUMAN	RPP14	Ribonuclease P protein subunit p14	569453		322990	506394
O95070	O95070	YIF1A_HUMAN	YIF1A	Protein YIF1A				1.31693e+06
O95071	O95071	UBR5_HUMAN	UBR5	E3 ubiquitin-protein ligase UBR5			19045.9	190533
O95081	O95081	AGFG2_HUMAN	AGFG2	Arf-GAP domain and FG repeat-containing protein 2	267566		134212	145099
O95104	O95104;Q9UPN6	SCAF4_HUMAN	SCAF4	SR-related and CTD-associated factor 4	1.02126e+06		434910	1.25248e+06
O95139	O95139	NDUB6_HUMAN	NDUFB6	NADH dehydrogenase [ubiquinone] 1 beta subcomplex subunit 6	930192		867227	1.48485e+06
O95140	O95140	MFN2_HUMAN	MFN2	Mitofusin-2				1.40996e+06
O95149	O95149	SPN1_HUMAN	SNUPN	Snurportin-1				385031
O95154	O95154	ARK73_HUMAN	AKR7A3	Aflatoxin B1 aldehyde reductase member 3	433590		312778	983946
O95155	O95155	UBE4B_HUMAN	UBE4B	Ubiquitin conjugation factor E4 B				107016
O95159	O95159	ZFPL1_HUMAN	ZFPL1	Zinc finger protein-like 1				503064
O95163	O95163	ELP1_HUMAN	ELP1	Elongator complex protein 1				495067
O95164	O95164	UBL3_HUMAN	UBL3	Ubiquitin-like protein 3	597401		370184	321592
O95166	O95166;Q9H0R8	GBRAP_HUMAN	GABARAP	Gamma-aminobutyric acid receptor-associated protein	1.03283e+06		484433	535433
O95168	O95168	NDUB4_HUMAN	NDUFB4	NADH dehydrogenase [ubiquinone] 1 beta subcomplex subunit 4	1.41698e+06		484316	4.27308e+06
O95169	O95169	NDUB8_HUMAN	NDUFB8	NADH dehydrogenase [ubiquinone] 1 beta subcomplex subunit 8, mitochondrial	719590			908879
O95182	O95182	NDUA7_HUMAN	NDUFA7	NADH dehydrogenase [ubiquinone] 1 alpha subcomplex subunit 7	1.4663e+06		698293	1.1583e+06
O95183	O95183	VAMP5_HUMAN	VAMP5	Vesicle-associated membrane protein 5	670438		727581	271933
O95197	O95197	RTN3_HUMAN	RTN3	Reticulon-3	2.88973e+06		1.82895e+06	1.17195e+07
O95202	O95202	LETM1_HUMAN	LETM1	Mitochondrial proton/calcium exchanger protein	2.41519e+06		1.51218e+06	8.12909e+06
O95208	O95208	EPN2_HUMAN	EPN2	Epsin-2	345580		157727	267173
O95210	O95210	STBD1_HUMAN	STBD1	Starch-binding domain-containing protein 1	690335		745493	764132
O95218	O95218	ZRAB2_HUMAN	ZRANB2	Zinc finger Ran-binding domain-containing protein 2	1.71943e+06		1.83691e+06	747231
O95219	O95219	SNX4_HUMAN	SNX4	Sorting nexin-4	168260		39798	839462
O95232	O95232	LC7L3_HUMAN	LUC7L3	Luc7-like protein 3	1.18578e+06		483285	991163
O95236	O95236	APOL3_HUMAN	APOL3	Apolipoprotein L3	479021			174873
O95248	O95248	MTMR5_HUMAN	SBF1	Myotubularin-related protein 5			341528	381349
O95249	O95249	GOSR1_HUMAN	GOSR1	Golgi SNAP receptor complex member 1	1.01009e+06		466934	951830
O95251	O95251	KAT7_HUMAN	KAT7	Histone acetyltransferase KAT7				34421.1
O95260	O95260	ATE1_HUMAN	ATE1	Arginyl-tRNA--protein transferase 1				317475
O95292	O95292	VAPB_HUMAN	VAPB	Vesicle-associated membrane protein-associated protein B/C	2.69663e+06		1.32801e+06	3.29402e+06
O95294	O95294	RASL1_HUMAN	RASAL1	RasGAP-activating-like protein 1	84706.7		40766.9	213672
O95295	O95295	SNAPN_HUMAN	SNAPIN	SNARE-associated protein Snapin	1.7282e+06		731826	233450
O95297	O95297	MPZL1_HUMAN	MPZL1	Myelin protein zero-like protein 1	1.62455e+06		1.57509e+06	752328
O95298	O95298	NDUC2_HUMAN	NDUFC2	NADH dehydrogenase [ubiquinone] 1 subunit C2	2.84939e+06		1.04392e+06	2.14575e+06
O95299	O95299	NDUAA_HUMAN	NDUFA10	NADH dehydrogenase [ubiquinone] 1 alpha subcomplex subunit 10, mitochondrial	665949			3.92568e+06
O95302	O95302	FKBP9_HUMAN	FKBP9	Peptidyl-prolyl cis-trans isomerase FKBP9	4.15997e+06		3.71008e+06	4.23956e+06
O95319	O95319	CELF2_HUMAN	CELF2	CUGBP Elav-like family member 2	2.87733e+06		1.50709e+06	1.96156e+06
O95336	O95336	6PGL_HUMAN	PGLS	6-phosphogluconolactonase	2.13375e+06		555418	4.77087e+06
O95340	O95340	PAPS2_HUMAN	PAPSS2	Bifunctional 3'-phosphoadenosine 5'-phosphosulfate synthase 2	733817		520772	1.99239e+06
O95347	O95347	SMC2_HUMAN	SMC2	Structural maintenance of chromosomes protein 2				73386.6
O95352	O95352	ATG7_HUMAN	ATG7	Ubiquitin-like modifier-activating enzyme ATG7				971255
O95359	O95359	TACC2_HUMAN	TACC2	Transforming acidic coiled-coil-containing protein 2	330226		327528	319775
O95363	O95363	SYFM_HUMAN	FARS2	Phenylalanine--tRNA ligase, mitochondrial			26598.8	612937
O95372	O95372	LYPA2_HUMAN	LYPLA2	Acyl-protein thioesterase 2	3.49426e+06		1.64884e+06	3.53447e+06
O95373	O95373	IPO7_HUMAN	IPO7	Importin-7	1.43297e+06		680039	3.13966e+06
O95376	O95376	ARI2_HUMAN	ARIH2	E3 ubiquitin-protein ligase ARIH2				335816
O95379	O95379	TFIP8_HUMAN	TNFAIP8	Tumor necrosis factor alpha-induced protein 8	1.71973e+06		388436	772775
O95394	O95394	AGM1_HUMAN	PGM3	Phosphoacetylglucosamine mutase	416894		440144	1.30751e+06
O95395	O95395	GCNT3_HUMAN	GCNT3	Beta-1,3-galactosyl-O-glycosyl-glycoprotein beta-1,6-N-acetylglucosaminyltransferase 3	530687		77297.1	244651
O95396	O95396	MOCS3_HUMAN	MOCS3	Adenylyltransferase and sulfurtransferase MOCS3	163467			1.09795e+06
O95400	O95400	CD2B2_HUMAN	CD2BP2	CD2 antigen cytoplasmic tail-binding protein 2	1.74608e+06		917776	687478
O95425	O95425	SVIL_HUMAN	SVIL	Supervillin	204572		319553	349643
O95427	O95427	PIGN_HUMAN	PIGN	GPI ethanolamine phosphate transferase 1				355661
O95433	O95433	AHSA1_HUMAN	AHSA1	Activator of 90 kDa heat shock protein ATPase homolog 1	1.57212e+06		883339	3.78745e+06
O95445	O95445	APOM_HUMAN	APOM	Apolipoprotein M	751938		4.56539e+06	1.49193e+06
O95453	O95453	PARN_HUMAN	PARN	Poly(A)-specific ribonuclease PARN	237471			581714
O95455	O95455	TGDS_HUMAN	TGDS	dTDP-D-glucose 4,6-dehydratase				378405
O95456	O95456	PSMG1_HUMAN	PSMG1	Proteasome assembly chaperone 1	1.32102e+06		907437	2.21008e+06
O95466	O95466;Q96PY5	FMNL1_HUMAN	FMNL1	Formin-like protein 1	1.52819e+06		6.35974e+06	4.52319e+06
O95470	O95470	SGPL1_HUMAN	SGPL1	Sphingosine-1-phosphate lyase 1	194993		245934	977679
O95471	O95471	CLD7_HUMAN	CLDN7	Claudin-7	3.98716e+06		1.89749e+06	1.42884e+06
O95476	O95476	CNEP1_HUMAN	CTDNEP1	CTD nuclear envelope phosphatase 1				167957
O95477	O95477	ABCA1_HUMAN	ABCA1	Phospholipid-transporting ATPase ABCA1			296121	87545
O95478	O95478	NSA2_HUMAN	NSA2	Ribosome biogenesis protein NSA2 homolog			71518.7	103999
O95479	O95479	G6PE_HUMAN	H6PD	GDH/6PGL endoplasmic bifunctional protein	342504			1.1811e+06
O95486	O95486	SC24A_HUMAN	SEC24A	Protein transport protein Sec24A				1.09601e+06
O95487	O95487	SC24B_HUMAN	SEC24B	Protein transport protein Sec24B				730095
O95490	O95490	AGRL2_HUMAN	ADGRL2	Adhesion G protein-coupled receptor L2	111816		51024.2	150794
O95528	O95528	GTR10_HUMAN	SLC2A10	Solute carrier family 2, facilitated glucose transporter member 10	420782			46054.5
O95544	O95544	NADK_HUMAN	NADK	NAD kinase				239786
O95551	O95551	TYDP2_HUMAN	TDP2	Tyrosyl-DNA phosphodiesterase 2	1.49687e+06		797509	526966
O95562	O95562	SFT2B_HUMAN	SFT2D2	Vesicle transport protein SFT2B	495930		256135	889883
O95563	O95563	MPC2_HUMAN	MPC2	Mitochondrial pyruvate carrier 2	314308		249667	1.476e+06
O95571	O95571	ETHE1_HUMAN	ETHE1	Persulfide dioxygenase ETHE1, mitochondrial	6.15378e+07		6.54893e+07	4.47047e+07
O95573	O95573	ACSL3_HUMAN	ACSL3	Fatty acid CoA ligase Acsl3	820813		8.27899e+06	2.45889e+06
O95602	O95602	RPA1_HUMAN	POLR1A	DNA-directed RNA polymerase I subunit RPA1				893677
O95619	O95619	YETS4_HUMAN	YEATS4	YEATS domain-containing protein 4	684256		489046	262342
O95630	O95630	STABP_HUMAN	STAMBP	STAM-binding protein	2.20252e+06		2.02799e+06	1.06352e+06
O95639	O95639	CPSF4_HUMAN	CPSF4	Cleavage and polyadenylation specificity factor subunit 4	182528			214353
O95671	O95671	ASML_HUMAN	ASMTL	Probable bifunctional dTTP/UTP pyrophosphatase/methyltransferase protein				1.08214e+06
O95674	O95674	CDS2_HUMAN	CDS2	Phosphatidate cytidylyltransferase 2				1.59421e+06
O95678	O95678	K2C75_HUMAN	KRT75	Keratin, type II cytoskeletal 75			361524	
O95684	O95684	CEP43_HUMAN	CEP43	Centrosomal protein 43	382981		351706	162143
O95685	O95685	PPR3D_HUMAN	PPP1R3D	Protein phosphatase 1 regulatory subunit 3D	79702.3			
O95696	O95696	BRD1_HUMAN	BRD1	Bromodomain-containing protein 1				44586.9
O95707	O95707	RPP29_HUMAN	POP4	Ribonuclease P protein subunit p29	773010		341583	347714
O95714	O95714	HERC2_HUMAN	HERC2	E3 ubiquitin-protein ligase HERC2	163301		115086	36656.5
O95715	O95715	CXL14_HUMAN	CXCL14	C-X-C motif chemokine 14	348002		223299	703850
O95716	O95716;P20336	RAB3D_HUMAN	RAB3D	Ras-related protein Rab-3D	4.5438e+06		6.31022e+06	1.7257e+06
O95721	O95721	SNP29_HUMAN	SNAP29	Synaptosomal-associated protein 29	4.29806e+06		2.2922e+06	1.18446e+06
O95747	O95747;Q9UEW8	OXSR1_HUMAN	OXSR1	Serine/threonine-protein kinase OSR1	1.95411e+06		2.15943e+06	4.23666e+06
O95749	O95749	GGPPS_HUMAN	GGPS1	Geranylgeranyl pyrophosphate synthase	465045			816707
O95757	O95757	HS74L_HUMAN	HSPA4L	Heat shock 70 kDa protein 4L	788675		1.87418e+06	3.31477e+06
O95758	O95758	PTBP3_HUMAN	PTBP3	Polypyrimidine tract-binding protein 3	1.57483e+06		1.12198e+06	2.96147e+06
O95759	O95759	TBCD8_HUMAN	TBC1D8	TBC1 domain family member 8				32025.1
O95760	O95760	IL33_HUMAN	IL33	Interleukin-33	723020		38461	457562
O95772	O95772	STR3N_HUMAN	STARD3NL	STARD3 N-terminal-like protein				226507
O95777	O95777	LSM8_HUMAN	LSM8	U6 snRNA-associated Sm-like protein LSm8	1.11149e+07		1.0831e+07	5.32852e+06
O95782	O95782	AP2A1_HUMAN	AP2A1	AP-2 complex subunit alpha-1	237921		383340	4.48295e+06
O95786	O95786	RIGI_HUMAN	RIGI	Antiviral innate immune response receptor RIG-I	25422.6		79928.4	444365
O95793	O95793	STAU1_HUMAN	STAU1	Double-stranded RNA-binding protein Staufen homolog 1	928581		970897	1.01697e+06
O95801	O95801	TTC4_HUMAN	TTC4	Tetratricopeptide repeat protein 4				355754
O95810	O95810	CAVN2_HUMAN	CAVIN2	Caveolae-associated protein 2	886581		1.79905e+06	2.35802e+06
O95816	O95816	BAG2_HUMAN	BAG2	BAG family molecular chaperone regulator 2	498774		246905	497560
O95817	O95817	BAG3_HUMAN	BAG3	BAG family molecular chaperone regulator 3	1.89088e+06		1.23448e+06	775475
O95819	O95819	M4K4_HUMAN	MAP4K4	Mitogen-activated protein kinase kinase kinase kinase 4	190630		135407	624300
O95822	O95822	DCMC_HUMAN	MLYCD	Malonyl-CoA decarboxylase, mitochondrial				475434
O95825	O95825	QORL1_HUMAN	CRYZL1	Quinone oxidoreductase-like protein 1	383546		170318	682222
O95831	O95831	AIFM1_HUMAN	AIFM1	Apoptosis-inducing factor 1, mitochondrial	1.45395e+06		876761	2.36317e+07
O95832	O95832	CLD1_HUMAN	CLDN1	Claudin-1	1.08554e+06		920400	820435
O95834	O95834	EMAL2_HUMAN	EML2	Echinoderm microtubule-associated protein-like 2	607669		842678	3.84116e+06
O95837	O95837	GNA14_HUMAN	GNA14	Guanine nucleotide-binding protein subunit alpha-14				138443
O95848	O95848	NUD14_HUMAN	NUDT14	Uridine diphosphate glucose pyrophosphatase NUDT14	433748		565865	240285
O95858	O95858	TSN15_HUMAN	TSPAN15	Tetraspanin-15	727274		772408	761979
O95861	O95861	BPNT1_HUMAN	BPNT1	3'(2'),5'-bisphosphate nucleotidase 1	3.22588e+06		3.7305e+06	4.94308e+06
O95865	O95865	DDAH2_HUMAN	DDAH2	N(G),N(G)-dimethylarginine dimethylaminohydrolase 2	980777		379665	2.49807e+06
O95870	O95870	ABHGA_HUMAN	ABHD16A	Phosphatidylserine lipase ABHD16A				2.6628e+06
O95881	O95881	TXD12_HUMAN	TXNDC12	Thioredoxin domain-containing protein 12	1.54981e+07		1.15245e+07	1.06218e+07
O95900	O95900	TRUB2_HUMAN	TRUB2	Pseudouridylate synthase TRUB2, mitochondrial				578008
O95926	O95926	SYF2_HUMAN	SYF2	Pre-mRNA-splicing factor SYF2	323964			
O95967	O95967	FBLN4_HUMAN	EFEMP2	EGF-containing fibulin-like extracellular matrix protein 2	501062		891218	641648
O95980	O95980	RECK_HUMAN	RECK	Reversion-inducing cysteine-rich protein with Kazal motifs	121527		198442	185507
O95983	O95983	MBD3_HUMAN	MBD3	Methyl-CpG-binding domain protein 3	74407.7			102482
O95985	O95985	TOP3B_HUMAN	TOP3B	DNA topoisomerase 3-beta-1				181810
O95989	O95989	NUDT3_HUMAN	NUDT3	Diphosphoinositol polyphosphate phosphohydrolase 1	2.84486e+06		1.7578e+06	1.91979e+06
O95994	O95994	AGR2_HUMAN	AGR2	Anterior gradient protein 2 homolog	2.95429e+08		5.05338e+08	1.03519e+08
O95999	O95999	BCL10_HUMAN	BCL10	B-cell lymphoma/leukemia 10	1.49951e+06		798087	508631
O96000	O96000	NDUBA_HUMAN	NDUFB10	NADH dehydrogenase [ubiquinone] 1 beta subcomplex subunit 10	2.8873e+06		1.30632e+06	3.13662e+06
O96005	O96005	CLPT1_HUMAN	CLPTM1	Putative lipid scramblase CLPTM1	291163			1.62189e+06
O96006	O96006	ZBED1_HUMAN	ZBED1	E3 SUMO-protein ligase ZBED1				293261
O96007	O96007	MOC2B_HUMAN	MOCS2	Molybdopterin synthase catalytic subunit	524000		420182	319394
O96008	O96008	TOM40_HUMAN	TOMM40	Mitochondrial import receptor subunit TOM40 homolog	1.26108e+06		363351	1.20094e+06
O96011	O96011	PX11B_HUMAN	PEX11B	Peroxisomal membrane protein 11B	628498		601410	2.11051e+06
O96013	O96013;Q9P286	PAK4_HUMAN	PAK4	Serine/threonine-protein kinase PAK 4				294396
O96017	O96017	CHK2_HUMAN	CHEK2	Serine/threonine-protein kinase Chk2	843513			596108
O96019	O96019	ACL6A_HUMAN	ACTL6A	Actin-like protein 6A	339818		340431	1.26574e+06
P00156	P00156	CYB_HUMAN	MT-CYB	Cytochrome b				2.58968e+06
P00167	P00167	CYB5_HUMAN	CYB5A	Cytochrome b5	4.17248e+06		2.58645e+06	1.38378e+06
P00325	P00325;P00326	ADH1B_HUMAN	ADH1B	All-trans-retinol dehydrogenase [NAD(+)] ADH1B	3.19343e+06		1.00161e+07	8.28035e+06
P00326	P00326;P07327	ADH1G_HUMAN	ADH1C	Alcohol dehydrogenase 1C	1.58726e+06		2.46835e+06	204405
P00338	P00338	LDHA_HUMAN	LDHA	L-lactate dehydrogenase A chain	1.45233e+07	1.76625e+08	8.58408e+06	6.96256e+07
P00352	P00352	AL1A1_HUMAN	ALDH1A1	Aldehyde dehydrogenase 1A1	2.5171e+06		6.89091e+06	4.79104e+06
P00367	P00367;P49448	DHE3_HUMAN	GLUD1	Glutamate dehydrogenase 1, mitochondrial	1.12427e+07		7.89316e+06	1.43431e+07
P00387	P00387	NB5R3_HUMAN	CYB5R3	NADH-cytochrome b5 reductase 3	1.56256e+06		1.38635e+06	1.58884e+07
P00390	P00390	GSHR_HUMAN	GSR	Glutathione reductase, mitochondrial	2.61524e+07		4.08073e+07	1.90382e+07
P00395	P00395	COX1_HUMAN	MT-CO1	Cytochrome c oxidase subunit 1				3.53867e+06
P00403	P00403	COX2_HUMAN	MT-CO2	Cytochrome c oxidase subunit 2				1.60793e+07
P00414	P00414	COX3_HUMAN	MT-CO3	Cytochrome c oxidase subunit 3				1.19352e+06
P00441	P00441	SODC_HUMAN	SOD1	Superoxide dismutase [Cu-Zn]	1.04932e+08	3.27917e+08	1.05446e+08	4.72127e+07
P00450	P00450	CERU_HUMAN	CP	Ceruloplasmin	6.46732e+06		2.90837e+07	8.04342e+06
P00488	P00488	F13A_HUMAN	F13A1	Coagulation factor XIII A chain	723046		975714	1.29012e+06
P00491	P00491	PNPH_HUMAN	PNP	Purine nucleoside phosphorylase	1.90586e+06		1.69648e+06	8.16401e+06
P00492	P00492	HPRT_HUMAN	HPRT1	Hypoxanthine-guanine phosphoribosyltransferase	5.38724e+06		3.32178e+06	1.72586e+06
P00505	P00505	AATM_HUMAN	GOT2	Aspartate aminotransferase, mitochondrial	812655		7.4069e+06	3.42722e+07
P00533	P00533	EGFR_HUMAN	EGFR	Epidermal growth factor receptor	252079		115987	437968
P00558	P00558	PGK1_HUMAN	PGK1	Phosphoglycerate kinase 1	9.79828e+07	1.20465e+08	9.22243e+07	6.68798e+07
P00568	P00568	KAD1_HUMAN	AK1	Adenylate kinase isoenzyme 1	3.06012e+06		5.32379e+06	1.10709e+07
P00734	P00734	THRB_HUMAN	F2	Prothrombin	2.23428e+06		6.66204e+06	4.84401e+06
P00736	P00736	C1R_HUMAN	C1R	Complement C1r subcomponent	566331		1.35705e+06	1.47823e+06
P00738	P00738	HPT_HUMAN	HP	Haptoglobin	2.50837e+07		1.47948e+08	4.38198e+07
P00739	P00739	HPTR_HUMAN	HPR	Haptoglobin-related protein	312247		3.2452e+06	773598
P00740	P00740	FA9_HUMAN	F9	Coagulation factor IX	315209		473592	383134
P00742	P00742	FA10_HUMAN	F10	Coagulation factor X	428573		1.39495e+06	632947
P00746	P00746	CFAD_HUMAN	CFD	Complement factor D	334527		1.68326e+06	743700
P00747	P00747;P08519	PLMN_HUMAN	PLG	Plasminogen	1.10925e+06		4.76909e+06	2.39826e+06
P00748	P00748	FA12_HUMAN	F12	Coagulation factor XII	556014		1.8587e+06	1.5573e+06
P00749	P00749	UROK_HUMAN	PLAU	Urokinase-type plasminogen activator	337294		346297	152754
P00750	P00750	TPA_HUMAN	PLAT	Tissue-type plasminogen activator			109894	145802
P00751	P00751	CFAB_HUMAN	CFB	Complement factor B	1.63899e+06		6.26004e+06	5.9411e+06
P00813	P00813	ADA_HUMAN	ADA	Adenosine deaminase	268160		16998.8	474933
P00846	P00846	ATP6_HUMAN	MT-ATP6	ATP synthase subunit a	282343		359455	5.73331e+06
P00915	P00915	CAH1_HUMAN	CA1	Carbonic anhydrase 1	2.87892e+07		2.78716e+08	7.25572e+07
P00918	P00918	CAH2_HUMAN	CA2	Carbonic anhydrase 2	5.62108e+06		1.90691e+07	1.59414e+07
P00966	P00966	ASSY_HUMAN	ASS1	Argininosuccinate synthase	2.89865e+06		6.00962e+06	1.3348e+07
P00973	P00973	OAS1_HUMAN	OAS1	2'-5'-oligoadenylate synthase 1				98250.4
P00995	P00995	ISK1_HUMAN	SPINK1	Serine protease inhibitor Kazal-type 1	3.5281e+06		3.07209e+06	387140
P01008	P01008	ANT3_HUMAN	SERPINC1	Antithrombin-III	5.86057e+06		1.83902e+07	7.229e+06
P01009	P01009	A1AT_HUMAN	SERPINA1	Alpha-1-antitrypsin	3.09122e+07		9.6274e+07	1.00369e+08
P01011	P01011	AACT_HUMAN	SERPINA3	Alpha-1-antichymotrypsin	8.55147e+06		4.10487e+07	2.34626e+07
P01019	P01019	ANGT_HUMAN	AGT	Angiotensinogen	449980		752046	1.50712e+06
P01023	P01023	A2MG_HUMAN	A2M	Alpha-2-macroglobulin	2.82726e+06		1.35145e+07	1.27781e+07
P01024	P01024	CO3_HUMAN	C3	Complement C3	3.7762e+06		1.64645e+07	2.3839e+07
P01031	P01031	CO5_HUMAN	C5	Complement C5	354014		1.17197e+06	2.96233e+06
P01033	P01033	TIMP1_HUMAN	TIMP1	Metalloproteinase inhibitor 1	2.67891e+06		5.87405e+06	2.33186e+06
P01034	P01034	CYTC_HUMAN	CST3	Cystatin-C	6.14829e+06		1.66766e+07	6.38942e+06
P01036	P01036;P09228	CYTS_HUMAN	CST4	Cystatin-S		1.03685e+09	44382.1	20592.5
P01037	P01037	CYTN_HUMAN	CST1	Cystatin-SN	240171	1.0195e+09	142075	96231.7
P01040	P01040	CYTA_HUMAN	CSTA	Cystatin-A	4.51803e+06	6.90655e+08	7.02746e+06	1.65468e+06
P01042	P01042	KNG1_HUMAN	KNG1	Kininogen-1	4.22906e+06		2.355e+07	8.20397e+06
P01111	P01111;P01112	RASN_HUMAN	NRAS	GTPase NRas	6.1227e+06		4.82572e+06	1.77133e+06
P01112	P01112	RASH_HUMAN	HRAS	GTPase HRas	560487		1.11567e+06	249171
P01116	P01116	RASK_HUMAN	KRAS	GTPase KRas	9.92517e+06		1.49987e+07	5.44562e+06
P01137	P01137	TGFB1_HUMAN	TGFB1	Transforming growth factor beta-1 proprotein	789765		736938	640528
P01275	P01275	GLUC_HUMAN	GCG	Pro-glucagon	268690		315270	
P01591	P01591	IGJ_HUMAN	JCHAIN	Immunoglobulin J chain	1.72051e+07	5.12683e+08	1.86752e+07	5.41424e+06
P01593	P01593	KVD33_HUMAN	IGKV1D-33	Immunoglobulin kappa variable 1D-33	1.27785e+06		4.65773e+06	1.40785e+06
P01597	P01597;P01611;A0A0C4DH72;A0A0C4DH73	KV139_HUMAN	IGKV1-39	Immunoglobulin kappa variable 1-39	871430		2.22776e+06	842095
P01599	P01599;A0A0C4DH72	KV117_HUMAN	IGKV1-17	Immunoglobulin kappa variable 1-17	289966		1.28221e+06	371065
P01601	P01601	KVD16_HUMAN	IGKV1D-16	Immunoglobulin kappa variable 1D-16			601913	273809
P01602	P01602;P0DOX7	KV105_HUMAN	IGKV1-5	Immunoglobulin kappa variable 1-5	4.62856e+06		3.70601e+06	1.77283e+06
P01614	P01614	KVD40_HUMAN	IGKV2D-40	Immunoglobulin kappa variable 2D-40			370537	119697
P01615	P01615	KVD28_HUMAN	IGKV2D-28	Immunoglobulin kappa variable 2D-28	4.46259e+06	6.14389e+08	1.77466e+07	4.86039e+06
P01619	P01619	KV320_HUMAN	IGKV3-20	Immunoglobulin kappa variable 3-20	8.76267e+06	1.13105e+09	3.87234e+07	1.71556e+07
P01699	P01699	LV144_HUMAN	IGLV1-44	Immunoglobulin lambda variable 1-44	1.25994e+06			
P01700	P01700	LV147_HUMAN	IGLV1-47	Immunoglobulin lambda variable 1-47	7.68328e+06		1.41912e+07	5.47547e+06
P01701	P01701	LV151_HUMAN	IGLV1-51	Immunoglobulin lambda variable 1-51	2.43775e+06		6.59499e+06	1.67789e+06
P01703	P01703	LV140_HUMAN	IGLV1-40	Immunoglobulin lambda variable 1-40	387610		3.04248e+06	1.20111e+06
P01704	P01704	LV214_HUMAN	IGLV2-14	Immunoglobulin lambda variable 2-14	1.25052e+06		7.9041e+06	3.35075e+06
P01705	P01705	LV223_HUMAN	IGLV2-23	Immunoglobulin lambda variable 2-23			1.0342e+06	318075
P01706	P01706	LV211_HUMAN	IGLV2-11	Immunoglobulin lambda variable 2-11	295179		1.00906e+06	385291
P01709	P01706;P01709;P0DOX8	LV208_HUMAN	IGLV2-8	Immunoglobulin lambda variable 2-8	5.40374e+07		7.3094e+06	4.44709e+06
P01714	P01714	LV319_HUMAN	IGLV3-19	Immunoglobulin lambda variable 3-19	963269		2.86004e+06	865170
P01718	P01717;P01718	LV327_HUMAN	IGLV3-27	Immunoglobulin lambda variable 3-27	571769		1.87791e+06	390702
P01721	P01721	LV657_HUMAN	IGLV6-57	Immunoglobulin lambda variable 6-57			727635	841136
P01730	P01730	CD4_HUMAN	CD4	T-cell surface glycoprotein CD4	50571.4			91735
P01742	P01742	HV169_HUMAN	IGHV1-69	Immunoglobulin heavy variable 1-69	1.78751e+06		6.38002e+06	2.05085e+06
P01743	P01743	HV146_HUMAN	IGHV1-46	Immunoglobulin heavy variable 1-46	295876		1.4804e+06	474615
P01766	P01766	HV313_HUMAN	IGHV3-13	Immunoglobulin heavy variable 3-13	180120		541162	206200
P01768	P01768;P01772;P0DP02	HV330_HUMAN	IGHV3-30	Immunoglobulin heavy variable 3-30	1.54698e+07		9.7948e+06	5.15482e+06
P01780	P01780	HV307_HUMAN	IGHV3-7	Immunoglobulin heavy variable 3-7	2.02136e+07		4.70303e+07	1.92176e+07
P01782;P0DP04	P01782;P0DP04	HV309_HUMAN;HV43D_HUMAN	IGHV3-43D;IGHV3-9	Immunoglobulin heavy variable 3-9	506143		907427	515545
P01833	P01833	PIGR_HUMAN	PIGR	Polymeric immunoglobulin receptor	1.87766e+07	3.18498e+08	4.35043e+06	3.73102e+06
P01834	P01834;P0DOX7	IGKC_HUMAN	IGKC	Immunoglobulin kappa constant	4.34711e+07	4.64672e+08	1.57082e+08	4.41438e+07
P01857	P01857;P01859;P0DOX5	IGHG1_HUMAN	IGHG1	Immunoglobulin heavy constant gamma 1	1.95354e+08	2.58018e+08	8.86884e+08	2.67304e+08
P01859	P01859	IGHG2_HUMAN	IGHG2	Immunoglobulin heavy constant gamma 2	1.94936e+07	1.72711e+07	9.97933e+07	2.90436e+07
P01860	P01860	IGHG3_HUMAN	IGHG3	Immunoglobulin heavy constant gamma 3	1.10469e+08	1.32987e+09	4.78981e+08	1.80387e+08
P01861	P01861	IGHG4_HUMAN	IGHG4	Immunoglobulin heavy constant gamma 4			124587	297928
P01871	P01871;P0DOX6	IGHM_HUMAN	IGHM	Immunoglobulin heavy constant mu	2.93471e+07	2.18382e+08	3.25793e+07	1.40546e+07
P01876	P01876;P01877;P0DOX2	IGHA1_HUMAN	IGHA1	Immunoglobulin heavy constant alpha 1	1.01423e+08	2.78938e+09	1.95247e+08	1.01087e+08
P01877	P01877;P0DOX2	IGHA2_HUMAN	IGHA2	Immunoglobulin heavy constant alpha 2	3.27967e+07	2.36056e+08	5.81058e+06	2.24894e+06
P01880	P01880;P0DOX3	IGHD_HUMAN	IGHD	Immunoglobulin heavy constant delta	116225		331502	145902
P01893	P01893;HLA:HLA00427;HLA:HLA00446	HLAH_HUMAN	HLA-H	Putative HLA class I histocompatibility antigen, alpha chain H	1.2179e+06		1.33308e+06	1.18791e+06
P01903	P01903;P01906	DRA_HUMAN	HLA-DRA	HLA class II histocompatibility antigen, DR alpha chain	8.63089e+06		1.20339e+07	3.86477e+06
P01906	P01906	DQA2_HUMAN	HLA-DQA2	HLA class II histocompatibility antigen, DQ alpha 2 chain	458054		489991	
P01909	P01909	DQA1_HUMAN	HLA-DQA1	HLA class II histocompatibility antigen, DQ alpha 1 chain	2.25504e+06		2.11386e+06	863248
P02042	P02042	HBD_HUMAN	HBD	Hemoglobin subunit delta	1.10129e+08		3.00833e+08	1.74524e+08
P02452	P02452	CO1A1_HUMAN	COL1A1	Collagen alpha-1(I) chain	6.32492e+06	6.24042e+09	1.83059e+07	8.77122e+06
P02461	P02461	CO3A1_HUMAN	COL3A1	Collagen alpha-1(III) chain	424972		1.81583e+06	905947
P02462	P02462;P29400	CO4A1_HUMAN	COL4A1	Collagen alpha-1(IV) chain	928308		3.51385e+06	2.05015e+06
P02511	P02511	CRYAB_HUMAN	CRYAB	Alpha-crystallin B chain	616732		557672	988486
P02533	P02533	K1C14_HUMAN	KRT14	Keratin, type I cytoskeletal 14	2.48564e+07	9.39791e+09	1.04501e+08	4.10398e+07
P02538	P02538;P04259;P48668	K2C6A_HUMAN	KRT6A	Keratin, type II cytoskeletal 6A	3.95061e+06	1.64105e+09	1.62973e+07	9.81973e+06
P02545	P02545	LMNA_HUMAN	LMNA	Prelamin-A/C	2.46021e+07	1.01388e+08	4.18938e+07	1.75905e+07
P02549	P02549	SPTA1_HUMAN	SPTA1	Spectrin alpha chain, erythrocytic 1	1.84115e+06		1.79995e+06	3.34029e+06
P02647	P02647	APOA1_HUMAN	APOA1	Apolipoprotein A-I	6.75696e+07		1.27386e+08	3.35821e+07
P02649	P02649	APOE_HUMAN	APOE	Apolipoprotein E	2.59435e+06		6.92013e+06	2.93482e+06
P02652	P02652	APOA2_HUMAN	APOA2	Apolipoprotein A-II	6.34187e+06		4.93519e+06	956486
P02654	P02654	APOC1_HUMAN	APOC1	Apolipoprotein C-I	2.59079e+06		9.06744e+06	1.32961e+06
P02656	P02656	APOC3_HUMAN	APOC3	Apolipoprotein C-III	4.07737e+06		3.9371e+06	697048
P02671	P02671	FIBA_HUMAN	FGA	Fibrinogen alpha chain	1.10442e+07		4.84504e+07	1.55752e+07
P02675	P02675	FIBB_HUMAN	FGB	Fibrinogen beta chain	9.17579e+06		4.75104e+07	1.38862e+07
P02679	P02679	FIBG_HUMAN	FGG	Fibrinogen gamma chain	1.12235e+07		5.68216e+07	1.56645e+07
P02686	P02686	MBP_HUMAN	MBP	Myelin basic protein	270932			
P02730	P02730	B3AT_HUMAN	SLC4A1	Band 3 anion transport protein	82182		466057	5.8385e+06
P02741	P02741	CRP_HUMAN	CRP	C-reactive protein	179105		422366	402088
P02743	P02743	SAMP_HUMAN	APCS	Serum amyloid P-component	3.95312e+06		7.91634e+06	4.98176e+06
P02745	P02745	C1QA_HUMAN	C1QA	Complement C1q subcomponent subunit A	445194		1.4968e+06	1.32717e+06
P02746	P02746	C1QB_HUMAN	C1QB	Complement C1q subcomponent subunit B	1.46476e+06		3.71879e+06	2.8165e+06
P02747	P02747	C1QC_HUMAN	C1QC	Complement C1q subcomponent subunit C	1.18391e+06		3.40111e+06	3.40874e+06
P02748	P02748	CO9_HUMAN	C9	Complement component C9	1.33486e+06		4.38477e+06	3.75519e+06
P02749	P02749	APOH_HUMAN	APOH	Beta-2-glycoprotein 1	6.72143e+06		3.11521e+07	1.13507e+07
P02750	P02750	A2GL_HUMAN	LRG1	Leucine-rich alpha-2-glycoprotein	1.23555e+06		3.5566e+06	990412
P02751	P02751	FINC_HUMAN	FN1	Fibronectin	3.68151e+06		1.37841e+07	1.30574e+07
P02753	P02753	RET4_HUMAN	RBP4	Retinol-binding protein 4	1.44934e+06		6.76965e+06	2.07644e+06
P02760	P02760	AMBP_HUMAN	AMBP	Protein AMBP	1.23893e+06		5.38031e+06	2.69963e+06
P02763	P02763	A1AG1_HUMAN	ORM1	Alpha-1-acid glycoprotein 1	1.21777e+07		9.09711e+07	1.14534e+07
P02765	P02765	FETUA_HUMAN	AHSG	Alpha-2-HS-glycoprotein	4.66297e+06		2.97132e+07	1.02681e+07
P02766	P02766	TTHY_HUMAN	TTR	Transthyretin	1.2843e+07		5.10821e+07	1.73958e+07
P02768	P02768	ALBU_HUMAN	ALB	Albumin	6.41622e+08	6.98822e+08	3.39861e+09	9.63239e+08
P02774	P02774	VTDB_HUMAN	GC	Vitamin D-binding protein	7.19546e+06		4.28006e+07	1.19054e+07
P02775	P02775	CXCL7_HUMAN	PPBP	Platelet basic protein	1.39378e+06		5.7574e+06	1.6038e+06
P02776	P02776;P10720	PLF4_HUMAN	PF4	Platelet factor 4	1.6196e+06		1.9523e+06	1.90745e+06
P02786	P02786	TFR1_HUMAN	TFRC	Transferrin receptor protein 1	966962		734805	3.41688e+06
P02787	P02787	TRFE_HUMAN	TF	Serotransferrin	4.12204e+07		2.10293e+08	7.48673e+07
P02788	P02788	TRFL_HUMAN	LTF	Lactotransferrin	1.10856e+07	9.14907e+08	2.03284e+07	1.59429e+07
P02790	P02790	HEMO_HUMAN	HPX	Hemopexin	1.80652e+07		1.24236e+08	3.04519e+07
P02792	P02792	FRIL_HUMAN	FTL	Ferritin light chain	2.87186e+07		2.79055e+07	1.22837e+07
P02794	P02794	FRIH_HUMAN	FTH1	Ferritin heavy chain	2.6162e+07		2.02741e+07	8.11091e+06
P02795	P02795;P04732;P13640;P80297;Q8N339	MT2_HUMAN	MT2A	Metallothionein-2	2.21897e+06		1.62422e+06	774129
P03886	P03886	NU1M_HUMAN	MT-ND1	NADH-ubiquinone oxidoreductase chain 1				1.96786e+06
P03891	P03891	NU2M_HUMAN	MT-ND2	NADH-ubiquinone oxidoreductase chain 2				1.0985e+06
P03897	P03897	NU3M_HUMAN	MT-ND3	NADH-ubiquinone oxidoreductase chain 3				131494
P03905	P03905	NU4M_HUMAN	MT-ND4	NADH-ubiquinone oxidoreductase chain 4				2.29448e+06
P03915	P03915	NU5M_HUMAN	MT-ND5	NADH-ubiquinone oxidoreductase chain 5				1.02744e+06
P03950	P03950	ANGI_HUMAN	ANG	Angiogenin	291491		730246	379245
P03952	P03952	KLKB1_HUMAN	KLKB1	Plasma kallikrein	1.88882e+06		5.0069e+06	1.99126e+06
P04003	P04003	C4BPA_HUMAN	C4BPA	C4b-binding protein alpha chain	480021		2.18872e+06	2.46888e+06
P04004	P04004	VTNC_HUMAN	VTN	Vitronectin	1.68494e+06		5.57853e+06	4.77112e+06
P04040	P04040	CATA_HUMAN	CAT	Catalase	2.09012e+07	1.25378e+08	3.90727e+07	1.4524e+07
P04054	P04054	PA21B_HUMAN	PLA2G1B	Phospholipase A2	272651		1.05496e+06	262054
P04062	P04062	GBA1_HUMAN	GBA1	Lysosomal acid glucosylceramidase	4.34823e+06		5.0474e+06	3.10299e+06
P04066	P04066	FUCO_HUMAN	FUCA1	Tissue alpha-L-fucosidase	2.57286e+07		3.75757e+07	1.28556e+07
P04070	P04070	PROC_HUMAN	PROC	Vitamin K-dependent protein C	366766		373511	473106
P04075	P04075	ALDOA_HUMAN	ALDOA	Fructose-bisphosphate aldolase A	3.0812e+07	1.07301e+08	1.23913e+07	3.58732e+07
P04080	P04080	CYTB_HUMAN	CSTB	Cystatin-B	9.84577e+07		8.81038e+07	4.01269e+07
P04083	P04083	ANXA1_HUMAN	ANXA1	Annexin A1	2.33256e+07	2.58126e+08	1.98657e+07	2.64397e+07
P04114	P04114	APOB_HUMAN	APOB	Apolipoprotein B-100	1.88677e+06		7.55931e+06	9.17517e+06
P04156	P04156	PRIO_HUMAN	PRNP	Major prion protein	1.30127e+06		2.31801e+06	428637
P04179	P04179	SODM_HUMAN	SOD2	Superoxide dismutase [Mn], mitochondrial	7.71877e+07		1.03516e+08	6.73589e+07
P04180	P04180	LCAT_HUMAN	LCAT	Phosphatidylcholine-sterol acyltransferase			358657	91234.8
P04181	P04181	OAT_HUMAN	OAT	Ornithine aminotransferase, mitochondrial	2.35371e+06		500500	2.44194e+06
P04183	P04183	KITH_HUMAN	TK1	Thymidine kinase, cytosolic	398927			
P04196	P04196	HRG_HUMAN	HRG	Histidine-rich glycoprotein	1.61894e+06		6.83755e+06	3.82248e+06
P04216	P04216	THY1_HUMAN	THY1	Thy-1 membrane glycoprotein	1.68074e+07		1.43026e+07	3.79853e+06
P04217	P04217	A1BG_HUMAN	A1BG	Alpha-1B-glycoprotein	4.31742e+06		2.33819e+07	6.73095e+06
P04233	P04233	HG2A_HUMAN	CD74	HLA class II histocompatibility antigen gamma chain	6.21401e+06		1.97165e+06	1.54479e+06
P04234	P04234	CD3D_HUMAN	CD3D	T-cell surface glycoprotein CD3 delta chain	492527			59361.4
P04259	P04259;P48668	K2C6B_HUMAN	KRT6B	Keratin, type II cytoskeletal 6B	3.35962e+06		1.4809e+07	8.9736e+06
P04264	P04259;P04264	K2C1_HUMAN	KRT1	Keratin, type II cytoskeletal 1	1.35754e+08	8.75834e+10	6.6308e+08	1.72899e+08
P04275	P04275	VWF_HUMAN	VWF	von Willebrand factor	921854		827321	690425
P04278	P04278	SHBG_HUMAN	SHBG	Sex hormone-binding globulin			561838	303558
P04350	P04350	TBB4A_HUMAN	TUBB4A	Tubulin beta-4A chain	987864		2.07776e+06	1.16784e+07
P04406	P04406	G3P_HUMAN	GAPDH	Glyceraldehyde-3-phosphate dehydrogenase	4.7379e+08	4.45506e+09	4.85841e+08	2.74338e+08
P04424	P04424	ARLY_HUMAN	ASL	Argininosuccinate lyase	4.52808e+06		2.34078e+06	1.34843e+07
P04430	P04430	KV116_HUMAN	IGKV1-16	Immunoglobulin kappa variable 1-16			1.01838e+06	929788
P04626	P04626	ERBB2_HUMAN	ERBB2	Receptor tyrosine-protein kinase erbB-2	200796			1.05424e+06
P04632	P04632;Q96L46	CPNS1_HUMAN	CAPNS1	Calpain small subunit 1	9.7859e+06		9.37872e+06	1.10646e+07
P04792	P04792	HSPB1_HUMAN	HSPB1	Heat shock protein beta-1	3.38879e+07	4.54044e+08	2.11214e+07	2.18586e+07
P04839	P04839	CY24B_HUMAN	CYBB	Cytochrome b-245 heavy chain	1.18862e+06		1.59609e+06	3.65057e+06
P04843	P04843	RPN1_HUMAN	RPN1	Dolichyl-diphosphooligosaccharide--protein glycosyltransferase subunit 1	7.94724e+06		2.62198e+06	2.8271e+07
P04844	P04844	RPN2_HUMAN	RPN2	Dolichyl-diphosphooligosaccharide--protein glycosyltransferase subunit 2	2.97417e+06		1.82815e+06	4.64522e+07
P04899	P04899	GNAI2_HUMAN	GNAI2	Guanine nucleotide-binding protein G(i) subunit alpha-2	2.35622e+06		1.95455e+06	1.12593e+07
P04908;Q7L7L0;Q93077	P04908;P0C0S8;P20671;Q16777;Q6FI13;Q7L7L0;Q93077;Q96KK5;Q99878;Q9BTM1	H2A1B_HUMAN;H2A1C_HUMAN;H2A3_HUMAN	H2AC25;H2AC4;H2AC6	Histone H2A type 1-B/E	2.67036e+07		1.31892e+07	5.42456e+06
P04920	P04920	B3A2_HUMAN	SLC4A2	Anion exchange protein 2				175449
P05023	P05023	AT1A1_HUMAN	ATP1A1	Sodium/potassium-transporting ATPase subunit alpha-1	2.40478e+07		2.00737e+07	1.8133e+08
P05026	P05026	AT1B1_HUMAN	ATP1B1	Sodium/potassium-transporting ATPase subunit beta-1	1.33418e+07		1.67959e+07	2.4232e+07
P05060	P05060	SCG1_HUMAN	CHGB	Secretogranin-1			735741	
P05062	P05062	ALDOB_HUMAN	ALDOB	Fructose-bisphosphate aldolase B	769312		1.98787e+06	1.22922e+06
P05067	P05067	A4_HUMAN	APP	Amyloid-beta precursor protein	558527		695859	652575
P05089	P05089	ARGI1_HUMAN	ARG1	Arginase-1	783557	3.37016e+08	3.05474e+06	1.06873e+06
P05090	P05090	APOD_HUMAN	APOD	Apolipoprotein D	6.30919e+06		1.90017e+07	5.31474e+06
P05091	P05091	ALDH2_HUMAN	ALDH2	Aldehyde dehydrogenase, mitochondrial	7.40053e+06		4.33885e+06	4.74473e+07
P05106	P05106	ITB3_HUMAN	ITGB3	Integrin beta-3	1.47994e+06		2.50487e+06	2.22493e+06
P05107	P05107	ITB2_HUMAN	ITGB2	Integrin beta-2	5.99476e+06		6.58888e+06	3.7258e+06
P05109	P05109	S10A8_HUMAN	S100A8	Protein S100-A8	6.29222e+07	7.61193e+08	9.19868e+07	2.43924e+07
P05114	P05114	HMGN1_HUMAN	HMGN1	Non-histone chromosomal protein HMG-14	6.89267e+06		7.23662e+06	990125
P05120	P05120	PAI2_HUMAN	SERPINB2	Plasminogen activator inhibitor 2				204354
P05141	P05141;P12235;P12236;Q9H0C2	ADT2_HUMAN	SLC25A5	ADP/ATP translocase 2	1.4397e+06	3.13007e+08	1.23154e+06	1.32086e+08
P05154	P05154	IPSP_HUMAN	SERPINA5	Plasma serine protease inhibitor	398859		1.13972e+06	1.24164e+06
P05155	P05155	IC1_HUMAN	SERPING1	Plasma protease C1 inhibitor	2.44987e+06		7.65423e+06	7.5876e+06
P05156	P05156	CFAI_HUMAN	CFI	Complement factor I	953171		2.21668e+06	1.22308e+06
P05160	P05160	F13B_HUMAN	F13B	Coagulation factor XIII B chain	370854		560901	395404
P05161	P05161	ISG15_HUMAN	ISG15	Ubiquitin-like protein ISG15	1.33135e+06		1.40601e+06	2.80129e+06
P05162	P05162	LEG2_HUMAN	LGALS2	Galectin-2	471888			
P05164	P05164	PERM_HUMAN	MPO	Myeloperoxidase	6.84648e+07		1.17752e+08	7.21995e+07
P05165	P05165	PCCA_HUMAN	PCCA	Propionyl-CoA carboxylase alpha chain, mitochondrial	1.07516e+06			1.84765e+06
P05166	P05166	PCCB_HUMAN	PCCB	Propionyl-CoA carboxylase beta chain, mitochondrial	1.9104e+06		1.07973e+06	2.31049e+06
P05186	P05186	PPBT_HUMAN	ALPL	Alkaline phosphatase, tissue-nonspecific isozyme	512119		793744	336398
P05198	P05198	IF2A_HUMAN	EIF2S1	Eukaryotic translation initiation factor 2 subunit 1	2.0651e+06		1.28772e+06	3.19688e+06
P05204	P05204;O00479	HMGN2_HUMAN	HMGN2	Non-histone chromosomal protein HMG-17	2.65594e+06		2.2693e+06	459254
P05362	P05362	ICAM1_HUMAN	ICAM1	Intercellular adhesion molecule 1	4.60495e+06		5.59688e+06	1.76454e+06
P05386	P05386	RLA1_HUMAN	RPLP1	Large ribosomal subunit protein P1	1.83372e+07		321487	864340
P05387	P05387	RLA2_HUMAN	RPLP2	Large ribosomal subunit protein P2	3.19964e+07		4.66309e+06	4.37073e+06
P05388	P05388	RLA0_HUMAN	RPLP0	Large ribosomal subunit protein uL10	5.45936e+06		2.99995e+06	8.14195e+06
P05413	P05413	FABPH_HUMAN	FABP3	Fatty acid-binding protein, heart	2.27909e+06		8.58217e+06	3.52873e+06
P05423	P05423	RPC4_HUMAN	POLR3D	DNA-directed RNA polymerase III subunit RPC4	257507		162055	408736
P05451	P05451	REG1A_HUMAN	REG1A	Lithostathine-1-alpha	9.79999e+06		2.56669e+06	6.85186e+06
P05452	P05452	TETN_HUMAN	CLEC3B	Tetranectin	789495		2.24945e+06	1.11684e+06
P05455	P05455	LA_HUMAN	SSB	Lupus La protein	1.62226e+07		1.75655e+07	1.42232e+07
P05496;P48201;Q06055	P05496;P48201;Q06055	AT5G1_HUMAN;AT5G2_HUMAN;AT5G3_HUMAN	ATP5MC1;ATP5MC2;ATP5MC3	ATP synthase F(0) complex subunit C1, mitochondrial	497436	2.41792e+07	274821	127333
P05543	P05543	THBG_HUMAN	SERPINA7	Thyroxine-binding globulin	121894		540951	658612
P05546	P05546	HEP2_HUMAN	SERPIND1	Heparin cofactor 2	661781		2.68295e+06	2.6191e+06
P05556	P05556	ITB1_HUMAN	ITGB1	Integrin beta-1	2.13027e+07		2.28874e+07	1.20499e+07
P05771	P05771	KPCB_HUMAN	PRKCB	Protein kinase C beta type	755732			824243
P05783	P05783	K1C18_HUMAN	KRT18	Keratin, type I cytoskeletal 18	4.72302e+07	6.04187e+07	5.82328e+07	2.06054e+08
P05787	P05787	K2C8_HUMAN	KRT8	Keratin, type II cytoskeletal 8	5.99248e+07	2.648e+09	3.57072e+07	1.32555e+08
P05976	P05976;P08590	MYL1_HUMAN	MYL1	Myosin light chain 1/3, skeletal muscle isoform	3.22194e+07		2.65163e+06	3.16964e+06
P06127	P06127	CD5_HUMAN	CD5	T-cell surface glycoprotein CD5	1.62693e+06		661379	393747
P06132	P06132	DCUP_HUMAN	UROD	Uroporphyrinogen decarboxylase	684657		753523	1.76582e+06
P06213	P06213	INSR_HUMAN	INSR	Insulin receptor				281388
P06239	P06239	LCK_HUMAN	LCK	Tyrosine-protein kinase Lck				72421.7
P06241	P06241;P07947	FYN_HUMAN	FYN	Tyrosine-protein kinase Fyn				540678
P06280	P06280	AGAL_HUMAN	GLA	Alpha-galactosidase A	4.66823e+06		4.69447e+06	5.47234e+06
P06310	P06310	KV230_HUMAN	IGKV2-30	Immunoglobulin kappa variable 2-30	3.12027e+06		8.32888e+06	3.17309e+06
P06312	P06312	KV401_HUMAN	IGKV4-1	Immunoglobulin kappa variable 4-1	8.88954e+06		3.12379e+07	9.07394e+06
P06340	P06340	DOA_HUMAN	HLA-DOA	HLA class II histocompatibility antigen, DO alpha chain	799916			
P06396	P06396	GELS_HUMAN	GSN	Gelsolin	2.85305e+07	1.81386e+08	7.1806e+07	3.80955e+07
P06400	P06400	RB_HUMAN	RB1	Retinoblastoma-associated protein	835850		235661	515655
P06454	P06454	PTMA_HUMAN	PTMA	Prothymosin alpha	1.62128e+08	2.30351e+08	1.92735e+07	3.93704e+06
P06493	P06493	CDK1_HUMAN	CDK1	Cyclin-dependent kinase 1	855315			162951
P06576	P06576	ATPB_HUMAN	ATP5F1B	ATP synthase subunit beta, mitochondrial	3.4471e+07		1.93954e+06	7.81007e+07
P06681	P06681	CO2_HUMAN	C2	Complement C2	614576		1.10025e+06	1.43604e+06
P06702	P06702	S10A9_HUMAN	S100A9	Protein S100-A9	6.69675e+07		1.11697e+08	3.13098e+07
P06703	P06703	S10A6_HUMAN	S100A6	Protein S100-A6	9.59322e+08	1.72126e+08	3.42319e+08	5.59593e+07
P06727	P06727	APOA4_HUMAN	APOA4	Apolipoprotein A-IV	5.31303e+06		6.76331e+06	1.41404e+06
P06729	P06729	CD2_HUMAN	CD2	T-cell surface antigen CD2	609216		165746	111435
P06730	P06730	IF4E_HUMAN	EIF4E	Eukaryotic translation initiation factor 4E	6.00723e+06		3.6453e+06	3.98451e+06
P06731	P06731	CEAM5_HUMAN	CEACAM5	Carcinoembryonic antigen-related cell adhesion molecule 5	8.35855e+07		2.07975e+08	6.50033e+07
P06732	P06732	KCRM_HUMAN	CKM	Creatine kinase M-type	1.1893e+06		2.91539e+06	871148
P06733	P06733	ENOA_HUMAN	ENO1	Alpha-enolase	2.57857e+08	6.90247e+08	2.32537e+08	7.24243e+07
P06737	P06737	PYGL_HUMAN	PYGL	Glycogen phosphorylase, liver form	1.04349e+06		2.13199e+06	1.73967e+06
P06744	P06744	G6PI_HUMAN	GPI	Glucose-6-phosphate isomerase	4.59696e+06	1.53476e+08	6.08853e+06	2.82675e+07
P06746	P06746	DPOLB_HUMAN	POLB	DNA polymerase beta	1.20592e+06		1.26537e+06	1.15397e+06
P06748	P06748	NPM_HUMAN	NPM1	Nucleophosmin	1.02191e+08		1.09231e+08	1.09632e+08
P06753	P06753	TPM3_HUMAN	TPM3	Tropomyosin alpha-3 chain	4.28123e+07		5.05678e+07	7.39739e+06
P06756	P06756	ITAV_HUMAN	ITGAV	Integrin alpha-V	3.93573e+06		5.12962e+06	2.47726e+06
P06865	P06865	HEXA_HUMAN	HEXA	Beta-hexosaminidase subunit alpha	5.50153e+06		7.23829e+06	5.47454e+06
P07093	P07093	GDN_HUMAN	SERPINE2	Glia-derived nexin	581127		683627	620717
P07099	P07099	HYEP_HUMAN	EPHX1	Epoxide hydrolase 1	66251		70255	2.72662e+06
P07108	P07108	ACBP_HUMAN	DBI	Acyl-CoA-binding protein	1.01719e+08	1.87081e+08	4.1558e+07	4.17789e+06
P07148	P07148	FABPL_HUMAN	FABP1	Fatty acid-binding protein, liver	2.98391e+08	3.57969e+09	5.65648e+08	1.09614e+08
P07195	P07195	LDHB_HUMAN	LDHB	L-lactate dehydrogenase B chain	1.61179e+07		6.23594e+06	7.30651e+07
P07203	P07203	GPX1_HUMAN	GPX1	Glutathione peroxidase 1	7.91803e+06		1.69704e+07	1.15546e+07
P07204	P07204	TRBM_HUMAN	THBD	Thrombomodulin				112461
P07205	P07205	PGK2_HUMAN	PGK2	Phosphoglycerate kinase 2			1.2996e+06	729097
P07225	P07225	PROS_HUMAN	PROS1	Vitamin K-dependent protein S	604886		1.2183e+06	1.10975e+06
P07237	P07237	PDIA1_HUMAN	P4HB	Protein disulfide-isomerase	1.76758e+07	9.80835e+07	9.37356e+06	3.10486e+07
P07305	P07305	H10_HUMAN	H1-0	Histone H1.0	839181		2.91325e+06	1.4939e+06
P07311	P07311	ACYP1_HUMAN	ACYP1	Acylphosphatase-1	2.01591e+06		2.12046e+06	731164
P07339	P07339	CATD_HUMAN	CTSD	Cathepsin D	1.25463e+08	9.16181e+08	1.70826e+08	7.26008e+07
P07355	A6NMY6;P07355	ANXA2_HUMAN	ANXA2	Annexin A2	7.56037e+07	3.24878e+08	4.03179e+07	4.20999e+07
P07357	P07357	CO8A_HUMAN	C8A	Complement component C8 alpha chain	705083		2.65286e+06	1.8541e+06
P07358	P07358	CO8B_HUMAN	C8B	Complement component C8 beta chain	395724		1.29383e+06	1.28938e+06
P07359	P07359	GP1BA_HUMAN	GP1BA	Platelet glycoprotein Ib alpha chain				806336
P07360	P07360	CO8G_HUMAN	C8G	Complement component C8 gamma chain	484645		1.29454e+06	1.45583e+06
P07384	P07384	CAN1_HUMAN	CAPN1	Calpain-1 catalytic subunit	5.3438e+06		1.01757e+07	1.75478e+07
P07437	P07437;Q13509;Q13885;Q9BVA1	TBB5_HUMAN	TUBB	Tubulin beta chain	6.06924e+06		4.41249e+06	3.12478e+07
P07451	P07451	CAH3_HUMAN	CA3	Carbonic anhydrase 3	1.49796e+06		2.2145e+06	1.44899e+06
P07477;Q9BYE2	P07477;Q9BYE2	TMPSD_HUMAN;TRY1_HUMAN	PRSS1;TMPRSS13	Serine protease 1	9.0103e+06	1.08087e+10	4.94693e+07	1.35908e+07
P07478	P07478	TRY2_HUMAN	PRSS2	Trypsin-2			798848	4.72778e+06
P07585	P07585	PGS2_HUMAN	DCN	Decorin	4.55483e+06	2.65104e+08	2.53803e+07	7.44115e+06
P07602	P07602	SAP_HUMAN	PSAP	Prosaposin	5.36998e+07		3.79767e+07	1.32997e+07
P07686	P07686	HEXB_HUMAN	HEXB	Beta-hexosaminidase subunit beta	1.09854e+07		1.45404e+07	1.06141e+07
P07711	P07711	CATL1_HUMAN	CTSL	Procathepsin L	5.79955e+06	3.05533e+07	6.931e+06	2.0883e+06
P07737	P07737	PROF1_HUMAN	PFN1	Profilin-1	1.84521e+08		1.21409e+08	9.78428e+07
P07738	P07738	PMGE_HUMAN	BPGM	Bisphosphoglycerate mutase	896159		1.86022e+06	3.58052e+06
P07741	P07741	APT_HUMAN	APRT	Adenine phosphoribosyltransferase	2.65668e+07		9.77848e+06	1.81844e+07
P07766	P07766	CD3E_HUMAN	CD3E	T-cell surface glycoprotein CD3 epsilon chain	709206		272150	
P07814	P07814	SYEP_HUMAN	EPRS1	Bifunctional glutamate/proline--tRNA ligase	1.51043e+06		2.07086e+06	5.47658e+06
P07858	P07858	CATB_HUMAN	CTSB	Cathepsin B	4.7978e+07		5.66293e+07	3.50256e+07
P07900	P07900	HS90A_HUMAN	HSP90AA1	Heat shock protein HSP 90-alpha	4.04256e+06	1.03228e+08	4.41634e+06	2.94912e+07
P07902	P07902	GALT_HUMAN	GALT	Galactose-1-phosphate uridylyltransferase	1.08095e+06		1.47371e+06	772482
P07910	P07910	HNRPC_HUMAN	HNRNPC	Heterogeneous nuclear ribonucleoproteins C1/C2	5.46068e+07		5.77634e+07	3.20263e+07
P07919	P07919	QCR6_HUMAN	UQCRH	Cytochrome b-c1 complex subunit 6, mitochondrial	6.52816e+06		2.08113e+06	382752
P07942	P07942	LAMB1_HUMAN	LAMB1	Laminin subunit beta-1	4.7505e+06		5.8649e+06	7.19003e+06
P07948	P07948	LYN_HUMAN	LYN	Tyrosine-protein kinase Lyn	706639		570628	2.47682e+06
P07951	P07951	TPM2_HUMAN	TPM2	Tropomyosin beta chain	1.09936e+07		1.97665e+07	4.69545e+06
P07954	P07954	FUMH_HUMAN	FH	Fumarate hydratase, mitochondrial	2.61323e+06		1.08628e+06	1.54824e+07
P07996	P07996	TSP1_HUMAN	THBS1	Thrombospondin-1	1.38073e+06		2.12063e+06	3.52718e+06
P07998	P07998	RNAS1_HUMAN	RNASE1	Ribonuclease pancreatic	256326		586455	107612
P08034	P08034	CXB1_HUMAN	GJB1	Gap junction beta-1 protein				1.51985e+06
P08047	P08047	SP1_HUMAN	SP1	Transcription factor Sp1	1.10305e+06			
P08069	P08069	IGF1R_HUMAN	IGF1R	Insulin-like growth factor 1 receptor				212652
P08123	P08123	CO1A2_HUMAN	COL1A2	Collagen alpha-2(I) chain	1.19483e+06	6.38625e+08	3.6804e+06	1.88094e+06
P08133	P08133	ANXA6_HUMAN	ANXA6	Annexin A6	1.3519e+07		5.30585e+06	1.06861e+07
P08134	P08134	RHOC_HUMAN	RHOC	Rho-related GTP-binding protein RhoC	8.04094e+06		5.16908e+06	4.06661e+06
P08174	P08174	DAF_HUMAN	CD55	Complement decay-accelerating factor	1.91484e+06		3.27586e+06	1.08829e+06
P08183	P08183	MDR1_HUMAN	ABCB1	ATP-dependent translocase ABCB1			167077	1.27488e+06
P08185	P08185	CBG_HUMAN	SERPINA6	Corticosteroid-binding globulin	837885		1.4319e+06	2.05515e+06
P08195	P08195	4F2_HUMAN	SLC3A2	Amino acid transporter heavy chain SLC3A2	1.03539e+06		592128	2.97245e+06
P08236	P08236	BGLR_HUMAN	GUSB	Beta-glucuronidase	7.12157e+06		1.9724e+07	1.25462e+07
P08237	P08237	PFKAM_HUMAN	PFKM	ATP-dependent 6-phosphofructokinase, muscle type	1.38296e+06		1.10321e+06	3.23895e+06
P08238	P07900;P08238;Q14568;Q58FF8	HS90B_HUMAN	HSP90AB1	Heat shock protein HSP 90-beta	1.53029e+07	4.08751e+08	1.22624e+07	1.40159e+08
P08240	P08240	SRPRA_HUMAN	SRPRA	Signal recognition particle receptor subunit alpha				2.18627e+06
P08243	P08243	ASNS_HUMAN	ASNS	Asparagine synthetase [glutamine-hydrolyzing]	254112		55746.6	382288
P08246	P08246	ELNE_HUMAN	ELANE	Neutrophil elastase	3.06331e+06		7.83071e+06	1.18604e+07
P08253	P08253	MMP2_HUMAN	MMP2	72 kDa type IV collagenase	986767		2.30409e+06	1.00256e+06
P08254	P08254	MMP3_HUMAN	MMP3	Stromelysin-1	689514		708242	396242
P08263;P09210	P08263;P09210	GSTA1_HUMAN;GSTA2_HUMAN	GSTA1;GSTA2	Glutathione S-transferase A1	296311		400560	73873.2
P08294	P08294	SODE_HUMAN	SOD3	Extracellular superoxide dismutase [Cu-Zn]	5.15348e+06		7.1665e+06	2.22528e+06
P08311	P08311	CATG_HUMAN	CTSG	Cathepsin G	3.86117e+06		9.24051e+06	7.61476e+06
P08397	P08397	HEM3_HUMAN	HMBS	Porphobilinogen deaminase	2.5406e+06		2.84388e+06	2.25174e+06
P08473	P08473	NEP_HUMAN	MME	Neprilysin	119221		86107.5	264454
P08514	P08514	ITA2B_HUMAN	ITGA2B	Integrin alpha-IIb	767835		2.06837e+06	2.03657e+06
P08519	P08519	APOA_HUMAN	LPA	Apolipoprotein(a)	294244		609729	698787
P08559	P08559;P29803	ODPA_HUMAN	PDHA1	Pyruvate dehydrogenase E1 component subunit alpha, somatic form, mitochondrial	784144		277719	1.298e+07
P08567	P08567	PLEK_HUMAN	PLEK	Pleckstrin	2.14708e+06		1.6957e+06	1.3546e+06
P08571	P08571	CD14_HUMAN	CD14	Monocyte differentiation antigen CD14	3.00633e+06		3.07078e+06	1.37385e+06
P08572	P08572	CO4A2_HUMAN	COL4A2	Collagen alpha-2(IV) chain	915247		1.03027e+06	832428
P08574	P08574	CY1_HUMAN	CYC1	Cytochrome c1, heme protein, mitochondrial	51528.2			2.57791e+06
P08575	P08575	PTPRC_HUMAN	PTPRC	Receptor-type tyrosine-protein phosphatase C	5.00278e+06		3.14424e+06	5.19814e+06
P08579	P08579	RU2B_HUMAN	SNRPB2	U2 small nuclear ribonucleoprotein B''	6.1704e+06		4.74135e+06	2.54101e+06
P08581	P08581	MET_HUMAN	MET	Hepatocyte growth factor receptor			279618	486882
P08582	P08582	TRFM_HUMAN	MELTF	Melanotransferrin	975307		1.22077e+06	548593
P08603	P08603	CFAH_HUMAN	CFH	Complement factor H	3.00273e+06		1.29823e+07	5.63936e+06
P08621	P08621	RU17_HUMAN	SNRNP70	U1 small nuclear ribonucleoprotein 70 kDa	3.27721e+06		4.80924e+06	3.72905e+06
P08631	P08631	HCK_HUMAN	HCK	Tyrosine-protein kinase HCK				542845
P08637	O75015;P08637	FCG3A_HUMAN	FCGR3A	Low affinity immunoglobulin gamma Fc region receptor III-A	530183		1.27883e+06	929883
P08648	P08648	ITA5_HUMAN	ITGA5	Integrin alpha-5	3.15718e+06		3.40211e+06	2.02503e+06
P08670	P08670	VIME_HUMAN	VIM	Vimentin	1.0645e+07		6.2081e+06	2.35576e+07
P08697	P08697	A2AP_HUMAN	SERPINF2	Alpha-2-antiplasmin	1.06127e+06		1.88649e+06	4.21649e+06
P08708	P08708	RS17_HUMAN	RPS17	Small ribosomal subunit protein eS17	7.9862e+06		4.92765e+06	5.18205e+06
P08709	P08709	FA7_HUMAN	F7	Coagulation factor VII			127299	78284.5
P08727	P08727;P13646	K1C19_HUMAN	KRT19	Keratin, type I cytoskeletal 19	1.87716e+07	1.10215e+09	1.4979e+07	4.08603e+07
P08729	P08729	K2C7_HUMAN	KRT7	Keratin, type II cytoskeletal 7	593499		531306	924811
P08754	P08754	GNAI3_HUMAN	GNAI3	Guanine nucleotide-binding protein G(i) subunit alpha-3	725378		434553	2.6255e+06
P08758	P08758	ANXA5_HUMAN	ANXA5	Annexin A5	5.83505e+07		5.36573e+07	6.1656e+07
P08779	P08779	K1C16_HUMAN	KRT16	Keratin, type I cytoskeletal 16	2.43041e+06	1.39343e+09	1.30157e+07	6.78015e+06
P08842	P08842	STS_HUMAN	STS	Steryl-sulfatase	1.51209e+06		2.57512e+06	1.36097e+06
P08865	P08865;A0A8I5KQE6	RSSA_HUMAN	RPSA	Small ribosomal subunit protein uS2	5.16584e+07		2.23695e+07	1.83048e+07
P08910	P08910	ABHD2_HUMAN	ABHD2	Monoacylglycerol lipase ABHD2			366759	534294
P08962	P08962	CD63_HUMAN	CD63	CD63 antigen	3.0173e+07		6.18411e+07	2.48395e+07
P09001	P09001	RM03_HUMAN	MRPL3	Large ribosomal subunit protein uL3m	234533		145364	1.61607e+06
P09012	P09012	SNRPA_HUMAN	SNRPA	U1 small nuclear ribonucleoprotein A	2.33867e+06		2.33015e+06	1.92264e+06
P09038	P09038	FGF2_HUMAN	FGF2	Fibroblast growth factor 2	1.64034e+06		1.12974e+06	711591
P09093	P09093	CEL3A_HUMAN	CELA3A	Chymotrypsin-like elastase family member 3A	1.1261e+06		6.75079e+06	1.24852e+06
P09104	P09104	ENOG_HUMAN	ENO2	Gamma-enolase	3.6058e+06		4.23097e+06	1.17303e+06
P09110	P09110	THIK_HUMAN	ACAA1	3-ketoacyl-CoA thiolase, peroxisomal	2.82299e+06		2.85089e+06	4.43646e+06
P09132	P09132	SRP19_HUMAN	SRP19	Signal recognition particle 19 kDa protein	505039		469191	508261
P09211	P09211	GSTP1_HUMAN	GSTP1	Glutathione S-transferase P	4.94049e+07	2.02491e+08	1.78613e+08	1.03316e+08
P09234	P09234	RU1C_HUMAN	SNRPC	U1 small nuclear ribonucleoprotein C	2.29128e+06		2.36427e+06	570672
P09237	P09237	MMP7_HUMAN	MMP7	Matrilysin	458003		2.14048e+06	589158
P09326	P09326	CD48_HUMAN	CD48	CD48 antigen	2.27727e+06		1.28099e+06	317358
P09327	P09327	VILI_HUMAN	VIL1	Villin-1	4.14424e+06	1.07055e+09	4.54068e+06	1.51633e+07
P09341;P19875;P19876	P09341;P19875;P19876	CXCL2_HUMAN;CXCL3_HUMAN;GROA_HUMAN	CXCL1;CXCL2;CXCL3	Growth-regulated alpha protein	70561.7		181473	8615.67
P09382	P09382	LEG1_HUMAN	LGALS1	Galectin-1	9.66117e+07		6.56377e+07	3.6004e+07
P09417	P09417	DHPR_HUMAN	QDPR	Dihydropteridine reductase	4.70872e+06		7.93245e+06	3.15658e+06
P09429	P09429;P26583	HMGB1_HUMAN	HMGB1	High mobility group protein B1	8.83342e+07		1.02259e+08	3.25717e+07
P09455	P09455	RET1_HUMAN	RBP1	Retinol-binding protein 1	5.90131e+06		7.1028e+06	3.56128e+06
P09467	O00757;P09467	F16P1_HUMAN	FBP1	Fructose-1,6-bisphosphatase 1	1.14111e+07		1.77555e+07	7.16969e+06
P09471	P09471	GNAO_HUMAN	GNAO1	Guanine nucleotide-binding protein G(o) subunit alpha	1.23691e+06		702689	2.48814e+06
P09486	P09486	SPRC_HUMAN	SPARC	SPARC	2.6871e+06		2.1318e+06	1.60766e+06
P09493	P09493	TPM1_HUMAN	TPM1	Tropomyosin alpha-1 chain	2.74469e+07		6.50929e+07	1.11168e+07
P09496	P09496	CLCA_HUMAN	CLTA	Clathrin light chain A	1.94812e+07		4.15851e+06	2.46952e+06
P09497	P09497	CLCB_HUMAN	CLTB	Clathrin light chain B	1.06859e+07		1.13644e+07	848733
P09525	P09525	ANXA4_HUMAN	ANXA4	Annexin A4	2.33531e+07		1.76713e+07	1.16337e+07
P09543	P09543	CN37_HUMAN	CNP	2',3'-cyclic-nucleotide 3'-phosphodiesterase	574197		469330	2.8648e+06
P09564	P09564	CD7_HUMAN	CD7	T-cell antigen CD7	388723			34567.6
P09601	P09601	HMOX1_HUMAN	HMOX1	Heme oxygenase 1	1.03551e+06		309783	644738
P09619	P09619	PGFRB_HUMAN	PDGFRB	Platelet-derived growth factor receptor beta	123237			345377
P09622	P09622	DLDH_HUMAN	DLD	Dihydrolipoyl dehydrogenase, mitochondrial	1.12542e+07		1.39266e+07	1.46994e+07
P09651	P09651;A0A2R8Y4L2	ROA1_HUMAN	HNRNPA1	Heterogeneous nuclear ribonucleoprotein A1	1.02283e+08		1.00111e+08	4.3169e+07
P09661	P09661	RU2A_HUMAN	SNRPA1	U2 small nuclear ribonucleoprotein A'	7.38653e+06		4.64359e+06	2.52793e+06
P09668	P09668	CATH_HUMAN	CTSH	Pro-cathepsin H	8.03456e+06		9.91731e+06	4.07298e+06
P09669	P09669	COX6C_HUMAN	COX6C	Cytochrome c oxidase subunit 6C	1.40545e+07		2.03469e+07	1.07535e+07
P09758	P09758	TACD2_HUMAN	TACSTD2	Tumor-associated calcium signal transducer 2	263435		303200	341335
P09871	P09871	C1S_HUMAN	C1S	Complement C1s subcomponent	1.52825e+06		2.7499e+06	3.69485e+06
P09874	P09874	PARP1_HUMAN	PARP1	Poly [ADP-ribose] polymerase 1	5.07757e+06		3.118e+06	7.52355e+06
P09884	P09884	DPOLA_HUMAN	POLA1	DNA polymerase alpha catalytic subunit				31100.7
P09914	P09914	IFIT1_HUMAN	IFIT1	Interferon-induced protein with tetratricopeptide repeats 1			184265	226179
P09917	P09917	LOX5_HUMAN	ALOX5	Polyunsaturated fatty acid 5-lipoxygenase			72098.7	626541
P09936	P09936	UCHL1_HUMAN	UCHL1	Ubiquitin carboxyl-terminal hydrolase isozyme L1			363990	1.73243e+06
P09960	P09960	LKHA4_HUMAN	LTA4H	Leukotriene A-4 hydrolase	988861		987796	3.8683e+06
P09972	P09972	ALDOC_HUMAN	ALDOC	Fructose-bisphosphate aldolase C	3.56107e+06		1.55013e+06	1.7592e+06
P0C024	P0C024	NUDT7_HUMAN	NUDT7	Peroxisomal coenzyme A diphosphatase NUDT7				42084.5
P0C0L4	P0C0L4	CO4A_HUMAN	C4A	Complement C4-A	410984		1.45968e+06	2.71608e+06
P0C0L5	P0C0L4;P0C0L5	CO4B_HUMAN	C4B	Complement C4-B	1.42403e+06		5.64047e+06	8.78631e+06
P0C0S5;Q71UI9	P0C0S5;Q71UI9	H2AV_HUMAN;H2AZ_HUMAN	H2AZ1;H2AZ2	Histone H2A.Z	6.05567e+06		1.24941e+06	407396
P0C0S8;P20671;Q16777;Q6FI13;Q96KK5;Q99878;Q9BTM1	P0C0S8;P20671;Q16777;Q6FI13;Q96KK5;Q99878;Q9BTM1	H2A1D_HUMAN;H2A1H_HUMAN;H2A1J_HUMAN;H2A1_HUMAN;H2A2A_HUMAN;H2A2C_HUMAN;H2AJ_HUMAN	H2AC11;H2AC12;H2AC14;H2AC18;H2AC20;H2AC7;H2AJ	Histone H2A type 1	6.62328e+06		1.0737e+06	1.52505e+06
P0C7P0	P0C7P0	CISD3_HUMAN	CISD3	CDGSH iron-sulfur domain-containing protein 3, mitochondrial				450280
P0CAP2	P0CAP2	GRL1A_HUMAN	POLR2M	DNA-directed RNA polymerase II subunit GRINL1A	242138		151916	144909
P0CG40	P0CG40	SP9_HUMAN	SP9	Transcription factor Sp9	963670		1.92944e+06	927864
P0DI81	P0DI81	TPC2A_HUMAN	TRAPPC2	Trafficking protein particle complex subunit 2				38385.9
P0DJI8	P0DJI8;P0DJI9	SAA1_HUMAN	SAA1	Serum amyloid A-1 protein			120038	549015
P0DMM9	P0DMM9	ST1A3_HUMAN	SULT1A3	Sulfotransferase 1A3	2.62252e+06		673334	4.42727e+06
P0DMV8	P0DMV8;P34931	HS71A_HUMAN	HSPA1A	Heat shock 70 kDa protein 1A	3.44503e+07	3.15625e+08	7.20825e+07	3.53851e+07
P0DOX2	P0DOX2	IGA2_HUMAN		Immunoglobulin alpha-2 heavy chain	3.10168e+06		7.51354e+06	5.50466e+06
P0DOX3	P0DOX3	IGD_HUMAN		Immunoglobulin delta heavy chain			4.42695e+06	490920
P0DOX5	P0DOX5	IGG1_HUMAN		Immunoglobulin gamma-1 heavy chain	2.67826e+07		9.09878e+06	5.72299e+06
P0DOX7	P0DOX7	IGK_HUMAN		Immunoglobulin kappa light chain	4.13274e+07		6.94453e+07	2.01497e+07
P0DOY2;P0DOY3	P0DOY2;P0DOY3	IGLC2_HUMAN;IGLC3_HUMAN	IGLC2;IGLC3	Immunoglobulin lambda constant 2	1.24088e+08	6.84697e+08	2.12978e+08	1.09089e+08
P0DP23	P0DP23	CALM1_HUMAN	CALM1	Calmodulin-1	3.36015e+07	6.25188e+08	2.7276e+06	431385
P0DP91;Q03468	P0DP91;Q03468	ERCC6_HUMAN;ERPG3_HUMAN	ERCC6	Chimeric ERCC6-PGBD3 protein	281832		394607	159359
P0DPB6	P0DPB6	RPAC2_HUMAN	POLR1D	DNA-directed RNA polymerases I and III subunit RPAC2	496902		721738	1.53354e+06
P0DPD7;P0DPD8	P0DPD7;P0DPD8	EFCE2_HUMAN;EFMT4_HUMAN	EEF1AKMT4;EEF1AKMT4-ECE2	EEF1A lysine methyltransferase 4	134211			336601
P0DSE2	P01850;P0DSE2;P0DTU4;A0A5B9	TRBR1_HUMAN	TRB	M1-specific T cell receptor beta chain	625835		243929	168294
P0DTE1	P0DTE1	HV383_HUMAN	IGHV3-38-3	Probable non-functional immunoglobulin heavy variable 3-38-3			503750	265649
P0DTE7	P04746;P0DTE7;P19961	AMY1B_HUMAN	AMY1B	Alpha-amylase 1B		8.23339e+08	372895	68086.7
P0DTL6	P0DTL6	ZTRF1_HUMAN	ZFTRAF1	Zinc finger TRAF-type-containing protein 1				120776
P10109	P10109	ADX_HUMAN	FDX1	Adrenodoxin, mitochondrial	1.11409e+06		916846	1.13233e+06
P10114	P10114	RAP2A_HUMAN	RAP2A	Ras-related protein Rap-2a	414853		465262	171049
P10153	P10153	RNAS2_HUMAN	RNASE2	Non-secretory ribonuclease	7.17735e+07		1.95414e+08	5.23422e+07
P10155	P10155	RO60_HUMAN	RO60	RNA-binding protein RO60	844552		2.33393e+06	4.18789e+06
P10253	P10253	LYAG_HUMAN	GAA	Lysosomal alpha-glucosidase	4.51406e+06		6.52489e+06	3.99477e+06
P10301	P10301	RRAS_HUMAN	RRAS	Ras-related protein R-Ras	7.11406e+06		1.02534e+07	2.88897e+06
P10398	P04049;P10398;P15056	ARAF_HUMAN	ARAF	Serine/threonine-protein kinase A-Raf				976372
P10412	P10412	H14_HUMAN	H1-4	Histone H1.4	7.42605e+06	3.95264e+07	466823	359479
P10415	P10415	BCL2_HUMAN	BCL2	Apoptosis regulator Bcl-2	104021			143450
P10515	P10515	ODP2_HUMAN	DLAT	Dihydrolipoyllysine-residue acetyltransferase component of pyruvate dehydrogenase complex, mitochondrial	624369		440267	8.99982e+06
P10523	P10523	ARRS_HUMAN	SAG	S-arrestin	1.07919e+06		1.00007e+06	497865
P10599	P10599	THIO_HUMAN	TXN	Thioredoxin	1.33359e+08	7.3856e+08	1.77946e+08	1.02138e+08
P10606	P10606	COX5B_HUMAN	COX5B	Cytochrome c oxidase subunit 5B, mitochondrial	4.29753e+07		2.35337e+07	2.39277e+06
P10619	P10619	PPGB_HUMAN	CTSA	Lysosomal protective protein	4.15106e+06		7.05327e+06	5.55089e+06
P10620	P10620	MGST1_HUMAN	MGST1	Microsomal glutathione S-transferase 1	2.60823e+06		3.3515e+06	9.81578e+06
P10643	P10643	CO7_HUMAN	C7	Complement component C7	227390		824523	599150
P10644	P10644	KAP0_HUMAN	PRKAR1A	cAMP-dependent protein kinase type I-alpha regulatory subunit	3.04366e+06		1.20013e+06	2.99757e+06
P10645	P10645	CMGA_HUMAN	CHGA	Chromogranin-A	780236		1.90066e+06	68436.6
P10646	P10646	TFPI1_HUMAN	TFPI	Tissue factor pathway inhibitor			34634	26120.6
P10746	P10746	HEM4_HUMAN	UROS	Uroporphyrinogen-III synthase				654734
P10768	P10768	ESTD_HUMAN	ESD	S-formylglutathione hydrolase	3.68541e+07		2.76259e+07	1.83793e+07
P10809	P10809	CH60_HUMAN	HSPD1	60 kDa heat shock protein, mitochondrial	7.4207e+07	1.8922e+08	1.62746e+07	8.81989e+07
P10909	P10909	CLUS_HUMAN	CLU	Clusterin	2.10788e+06	7.18236e+07	5.6376e+06	3.24182e+06
P10915	P10915	HPLN1_HUMAN	HAPLN1	Hyaluronan and proteoglycan link protein 1	5.53166e+06		2.26514e+06	433950
P11021	P11021	BIP_HUMAN	HSPA5	Endoplasmic reticulum chaperone BiP	1.19537e+08	2.71712e+08	1.29888e+08	7.68656e+07
P11047	P11047	LAMC1_HUMAN	LAMC1	Laminin subunit gamma-1	1.46722e+06		1.96786e+06	2.58267e+06
P11049	P11049	CD37_HUMAN	CD37	Leukocyte antigen CD37	1.03314e+06		224932	268310
P11117	P11117	PPAL_HUMAN	ACP2	Lysosomal acid phosphatase	4.44867e+06		3.40548e+06	1.8421e+06
P11142	P11142	HSP7C_HUMAN	HSPA8	Heat shock cognate 71 kDa protein	1.39003e+08	4.27374e+08	1.91946e+08	1.39105e+08
P11166	P11166	GTR1_HUMAN	SLC2A1	Solute carrier family 2, facilitated glucose transporter member 1	238453		542260	4.06225e+06
P11169	P11169;Q8TDB8	GTR3_HUMAN	SLC2A3	Solute carrier family 2, facilitated glucose transporter member 3	198339		157988	1.3664e+06
P11171	P11171	EPB41_HUMAN	EPB41	Protein 4.1	526419		448329	688704
P11172	P11172	UMPS_HUMAN	UMPS	Uridine 5'-monophosphate synthase	649505		455922	2.10599e+06
P11177	P11177	ODPB_HUMAN	PDHB	Pyruvate dehydrogenase E1 component subunit beta, mitochondrial	2.00193e+06		346397	8.29591e+06
P11182	P11182	ODB2_HUMAN	DBT	Lipoamide acyltransferase component of branched-chain alpha-keto acid dehydrogenase complex, mitochondrial	137345		155797	2.05475e+06
P11215	P11215	ITAM_HUMAN	ITGAM	Integrin alpha-M	6.14859e+06		1.20833e+07	6.14836e+06
P11216	P06737;P11216;P11217	PYGB_HUMAN	PYGB	Glycogen phosphorylase, brain form	8.33091e+06		1.79249e+07	1.03979e+07
P11226	P11226	MBL2_HUMAN	MBL2	Mannose-binding protein C			43392.4	91945.1
P11233	P11233	RALA_HUMAN	RALA	Ras-related protein Ral-A	5.5636e+06		6.93006e+06	2.56899e+06
P11234	P11233;P11234	RALB_HUMAN	RALB	Ras-related protein Ral-B	1.31709e+07		1.99218e+07	8.65116e+06
P11245	P11245	ARY2_HUMAN	NAT2	Arylamine N-acetyltransferase 2	79788.8		158343	256737
P11274	P11274	BCR_HUMAN	BCR	Breakpoint cluster region protein				243980
P11277	P11277	SPTB1_HUMAN	SPTB	Spectrin beta chain, erythrocytic	1.52661e+06		298841	1.74683e+06
P11279	P11279	LAMP1_HUMAN	LAMP1	Lysosome-associated membrane glycoprotein 1	2.85723e+07		4.50924e+07	1.60812e+07
P11310	P11310	ACADM_HUMAN	ACADM	Medium-chain specific acyl-CoA dehydrogenase, mitochondrial	463252		582621	2.99462e+06
P11387	P11387	TOP1_HUMAN	TOP1	DNA topoisomerase 1	1.62326e+06		1.01777e+06	951792
P11413	P11413	G6PD_HUMAN	G6PD	Glucose-6-phosphate 1-dehydrogenase	941941		948259	5.12996e+06
P11441	P11441	UBL4A_HUMAN	UBL4A	Ubiquitin-like protein 4A	3.20166e+06		1.50382e+06	1.38703e+06
P11498	P11498	PYC_HUMAN	PC	Pyruvate carboxylase, mitochondrial			356774	654183
P11532	P11532	DMD_HUMAN	DMD	Dystrophin				311156
P11586	P11586	C1TC_HUMAN	MTHFD1	C-1-tetrahydrofolate synthase, cytoplasmic	1.67501e+06		1.00011e+06	4.75309e+06
P11678	P11678	PERE_HUMAN	EPX	Eosinophil peroxidase	8.19594e+06		2.73996e+07	1.53196e+07
P11717	P11717	MPRI_HUMAN	IGF2R	Cation-independent mannose-6-phosphate receptor	5.15442e+06		3.74054e+06	8.9789e+06
P11766	P11766	ADHX_HUMAN	ADH5	Alcohol dehydrogenase class-3	7.43472e+06		4.96652e+06	1.16074e+07
P11802	P11802	CDK4_HUMAN	CDK4	Cyclin-dependent kinase 4	1.26512e+06		591455	3.94662e+06
P11836	P11836	CD20_HUMAN	MS4A1	B-lymphocyte antigen CD20	1.00108e+06			277395
P11908	P11908	PRPS2_HUMAN	PRPS2	Ribose-phosphate pyrophosphokinase 2	6.09507e+06		1.63873e+06	1.40336e+06
P11940	P11940;Q4VXU2	PABP1_HUMAN	PABPC1	Polyadenylate-binding protein 1	1.12332e+07		6.9367e+06	1.11134e+07
P12004	P12004	PCNA_HUMAN	PCNA	Proliferating cell nuclear antigen	1.2967e+07		2.71563e+06	6.01745e+06
P12081	P12081;P49590	HARS1_HUMAN	HARS1	Histidine--tRNA ligase, cytoplasmic	7.37367e+06		8.05015e+06	1.18989e+07
P12104	P12104	FABPI_HUMAN	FABP2	Fatty acid-binding protein, intestinal	583689		1.47415e+06	95195.8
P12109	P12109	CO6A1_HUMAN	COL6A1	Collagen alpha-1(VI) chain	836638		1.88491e+06	2.73656e+06
P12110	P12110	CO6A2_HUMAN	COL6A2	Collagen alpha-2(VI) chain	516952		1.52306e+06	2.48401e+06
P12111	P12111	CO6A3_HUMAN	COL6A3	Collagen alpha-3(VI) chain	2.95817e+07		5.30225e+07	7.77138e+07
P12235	P12235	ADT1_HUMAN	SLC25A4	ADP/ATP translocase 1				3.77816e+06
P12236	P12235;P12236	ADT3_HUMAN	SLC25A6	ADP/ATP translocase 3	412016			1.82881e+07
P12259	P12259	FA5_HUMAN	F5	Coagulation factor V			451196	287600
P12268	P12268	IMDH2_HUMAN	IMPDH2	Inosine-5'-monophosphate dehydrogenase 2	8.87182e+06		6.49809e+06	4.81268e+06
P12270	P12270	TPR_HUMAN	TPR	Nucleoprotein TPR	2.55827e+06		1.95289e+06	2.69388e+06
P12273	P12273	PIP_HUMAN	PIP	Prolactin-inducible protein		7.29629e+08	1.57268e+06	1.11741e+06
P12277	P12277	KCRB_HUMAN	CKB	Creatine kinase B-type	7.52879e+07		2.90111e+08	2.75591e+07
P12314	P12314	FCGR1_HUMAN	FCGR1A	High affinity immunoglobulin gamma Fc receptor I	499525		919012	447374
P12429	P12429	ANXA3_HUMAN	ANXA3	Annexin A3	1.09578e+07		1.28752e+07	2.08543e+07
P12524;P12525	P12524;P12525	MYCL_HUMAN;MYCP1_HUMAN	MYCL;MYCLP1	Protein L-Myc	2.63861e+06			1.01861e+06
P12532	P12532	KCRU_HUMAN	CKMT1A	Creatine kinase U-type, mitochondrial	1.32437e+07		2.23938e+07	1.3678e+07
P12544	P12544	GRAA_HUMAN	GZMA	Granzyme A	235151			
P12694	P12694	ODBA_HUMAN	BCKDHA	2-oxoisovalerate dehydrogenase subunit alpha, mitochondrial	951192		907271	2.19382e+06
P12724	P12724	ECP_HUMAN	RNASE3	Eosinophil cationic protein	1.06503e+07		2.43316e+07	1.84418e+07
P12814	P12814	ACTN1_HUMAN	ACTN1	Alpha-actinin-1	6.36133e+06		5.94578e+06	1.80335e+07
P12821	P12821	ACE_HUMAN	ACE	Angiotensin-converting enzyme	371151		143318	338326
P12830	P12830	CADH1_HUMAN	CDH1	Cadherin-1	2.37157e+07		3.60879e+07	1.55263e+07
P12931	P06241;P07947;P12931	SRC_HUMAN	SRC	Proto-oncogene tyrosine-protein kinase Src	596467		422945	2.44594e+06
P12955	P12955	PEPD_HUMAN	PEPD	Xaa-Pro dipeptidase	2.56607e+06		1.0262e+07	5.00603e+06
P12956	P12956	XRCC6_HUMAN	XRCC6	X-ray repair cross-complementing protein 6	1.98708e+06		1.25834e+06	7.92212e+06
P13010	P13010	XRCC5_HUMAN	XRCC5	X-ray repair cross-complementing protein 5	2.74228e+06		1.52367e+06	9.80918e+06
P13051	P13051	UNG_HUMAN	UNG	Uracil-DNA glycosylase				7.22742e+06
P13073	P13073	COX41_HUMAN	COX4I1	Cytochrome c oxidase subunit 4 isoform 1, mitochondrial	2.26232e+07		1.57296e+07	1.92362e+07
P13224	P13224	GP1BB_HUMAN	GP1BB	Platelet glycoprotein Ib beta chain				1.08617e+06
P13284	P13284	GILT_HUMAN	IFI30	Gamma-interferon-inducible lysosomal thiol reductase	9.09164e+06		5.62077e+06	1.57751e+06
P13473	P13473	LAMP2_HUMAN	LAMP2	Lysosome-associated membrane glycoprotein 2	3.02751e+07		4.72111e+07	2.69317e+07
P13489	P13489	RINI_HUMAN	RNH1	Ribonuclease inhibitor	3.22191e+06		3.36931e+06	9.2943e+06
P13498	P13498	CY24A_HUMAN	CYBA	Cytochrome b-245 light chain	1.45204e+06		1.29231e+06	3.78657e+06
P13591	P13591	NCAM1_HUMAN	NCAM1	Neural cell adhesion molecule 1	1.28112e+06		3.35561e+06	1.09142e+06
P13598	P13598	ICAM2_HUMAN	ICAM2	Intercellular adhesion molecule 2	1.35023e+06		764679	700940
P13611	P13611	CSPG2_HUMAN	VCAN	Versican core protein	3.81406e+06		1.16624e+07	7.62629e+06
P13612	P13612	ITA4_HUMAN	ITGA4	Integrin alpha-4	1.94517e+06		1.31298e+06	773879
P13639	P13639	EF2_HUMAN	EEF2	Elongation factor 2	3.96148e+07	2.4053e+08	2.77669e+07	5.19172e+07
P13645	P13645	K1C10_HUMAN	KRT10	Keratin, type I cytoskeletal 10	6.47047e+07	4.16168e+10	2.74538e+08	9.65402e+07
P13646	P13646;P19012	K1C13_HUMAN	KRT13	Keratin, type I cytoskeletal 13	879163	1.72119e+09	1.14644e+06	2.12988e+06
P13647	P13647	K2C5_HUMAN	KRT5	Keratin, type II cytoskeletal 5	1.71595e+07	5.4384e+09	7.69635e+07	1.90957e+07
P13667	P13667	PDIA4_HUMAN	PDIA4	Protein disulfide-isomerase A4	1.52635e+07		6.90209e+06	3.50643e+07
P13671	P13671	CO6_HUMAN	C6	Complement component C6	764373		3.07229e+06	1.63054e+06
P13674	P13674	P4HA1_HUMAN	P4HA1	Prolyl 4-hydroxylase subunit alpha-1	508664		266153	863855
P13686	P13686	PPA5_HUMAN	ACP5	Tartrate-resistant acid phosphatase type 5	1.50446e+06		1.43324e+06	775057
P13688	P13688	CEAM1_HUMAN	CEACAM1	Carcinoembryonic antigen-related cell adhesion molecule 1	7.26017e+06		1.2507e+07	3.85411e+06
P13693	P13693;Q9HAU6	TCTP_HUMAN	TPT1	Translationally-controlled tumor protein	9.37302e+06		5.44809e+06	9.26939e+06
P13716	P13716	HEM2_HUMAN	ALAD	Delta-aminolevulinic acid dehydratase	2.33625e+06		2.35783e+06	2.92873e+06
P13726	P13726	TF_HUMAN	F3	Tissue factor	1.20556e+06		1.43577e+06	659044
P13727	P13727	PRG2_HUMAN	PRG2	Bone marrow proteoglycan	3.01655e+06		9.2234e+06	6.74109e+06
P13765	P13765	DOB_HUMAN	HLA-DOB	HLA class II histocompatibility antigen, DO beta chain	486820			
P13796	P13796	PLSL_HUMAN	LCP1	Plastin-2	2.21435e+07		1.03487e+07	2.05159e+07
P13797	P13797	PLST_HUMAN	PLS3	Plastin-3	2.97468e+06		1.46228e+06	4.77788e+06
P13798	P13798	ACPH_HUMAN	APEH	Acylamino-acid-releasing enzyme	1.76564e+06		1.42948e+06	5.04576e+06
P13804	P13804	ETFA_HUMAN	ETFA	Electron transfer flavoprotein subunit alpha, mitochondrial	4.03619e+06		2.18247e+06	1.10649e+07
P13807	P13807	GYS1_HUMAN	GYS1	Glycogen [starch] synthase, muscle	770888		472922	904554
P13861	P13861	KAP2_HUMAN	PRKAR2A	cAMP-dependent protein kinase type II-alpha regulatory subunit	7.72533e+06		7.62045e+06	5.02474e+06
P13866	P13866	SC5A1_HUMAN	SLC5A1	Sodium/glucose cotransporter 1	290106		199501	893923
P13942	P12107;P13942	COBA2_HUMAN	COL11A2	Collagen alpha-2(XI) chain	160258		913427	198848
P13984	P13984	T2FB_HUMAN	GTF2F2	General transcription factor IIF subunit 2	2.72054e+06		3.03829e+06	2.07752e+06
P13987	P13987	CD59_HUMAN	CD59	CD59 glycoprotein	1.2599e+07		1.32346e+07	2.0565e+06
P13995	P13995	MTDC_HUMAN	MTHFD2	Bifunctional methylenetetrahydrofolate dehydrogenase/cyclohydrolase, mitochondrial	2.48867e+06		1.10167e+06	635194
P14060;P26439	P14060;P26439	3BHS1_HUMAN;3BHS2_HUMAN	HSD3B1;HSD3B2	3 beta-hydroxysteroid dehydrogenase/Delta 5-->4-isomerase type 1				208657
P14091	P14091	CATE_HUMAN	CTSE	Cathepsin E	2.88299e+06		5.37866e+06	1.35698e+06
P14151	P14151	LYAM1_HUMAN	SELL	L-selectin	517426		786319	310236
P14174	P14174	MIF_HUMAN	MIF	Macrophage migration inhibitory factor	2.22742e+07		8.16903e+07	2.95299e+07
P14207	P14207	FOLR2_HUMAN	FOLR2	Folate receptor beta	363654		1.88646e+06	434796
P14209	P14209	CD99_HUMAN	CD99	CD99 antigen	3.29136e+06		1.0189e+06	
P14314	P14314	GLU2B_HUMAN	PRKCSH	Glucosidase 2 subunit beta	2.92462e+07		3.6268e+07	1.7083e+07
P14317	P14317	HCLS1_HUMAN	HCLS1	Hematopoietic lineage cell-specific protein	8.82348e+06		2.12126e+06	955345
P14324	P14324	FPPS_HUMAN	FDPS	Farnesyl pyrophosphate synthase	1.25282e+06		376315	2.40388e+06
P14384	P14384	CBPM_HUMAN	CPM	Carboxypeptidase M	687307		994995	252813
P14406	P14406	CX7A2_HUMAN	COX7A2	Cytochrome c oxidase subunit 7A2, mitochondrial	1.30596e+07		5.25057e+06	1.07124e+07
P14410	P14410	SUIS_HUMAN	SI	Sucrase-isomaltase, intestinal	1.0442e+06		1.0787e+06	334756
P14543	P14543	NID1_HUMAN	NID1	Nidogen-1	1.10885e+06		1.40569e+06	2.03569e+06
P14550	P14550	AK1A1_HUMAN	AKR1A1	Aldo-keto reductase family 1 member A1	6.81836e+06		3.95042e+06	1.27772e+07
P14555	P14555	PA2GA_HUMAN	PLA2G2A	Phospholipase A2, membrane associated	842560		1.4234e+06	
P14618	P14618	KPYM_HUMAN	PKM	Pyruvate kinase PKM	2.63016e+08	5.52931e+08	1.82097e+08	1.29016e+08
P14621	P14621	ACYP2_HUMAN	ACYP2	Acylphosphatase-2	2.33515e+06		3.0584e+06	1.37769e+06
P14625	P14625	ENPL_HUMAN	HSP90B1	Endoplasmin	4.58319e+07		1.4505e+07	1.19773e+08
P14649	P14649	MYL6B_HUMAN	MYL6B	Myosin light chain 6B	219980		52768.3	107345
P14678	P14678	RSMB_HUMAN	SNRPB	Small nuclear ribonucleoprotein-associated proteins B and B'	1.92079e+07		1.91414e+07	9.01752e+06
P14735	P14735	IDE_HUMAN	IDE	Insulin-degrading enzyme	1.33248e+06		2.50557e+06	3.38778e+06
P14770	P14770	GPIX_HUMAN	GP9	Platelet glycoprotein IX			115636	294246
P14780	P14780	MMP9_HUMAN	MMP9	Matrix metalloproteinase-9	2.13368e+06		4.07926e+06	2.48047e+06
P14854	P14854	CX6B1_HUMAN	COX6B1	Cytochrome c oxidase subunit 6B1	2.23538e+07		2.56065e+07	3.22958e+06
P14859	P14859	PO2F1_HUMAN	POU2F1	POU domain, class 2, transcription factor 1	814379		487808	469967
P14866	P14866	HNRPL_HUMAN	HNRNPL	Heterogeneous nuclear ribonucleoprotein L	9.41071e+06		6.77982e+06	9.5967e+06
P14868	P14868	SYDC_HUMAN	DARS1	Aspartate--tRNA ligase, cytoplasmic	7.519e+06		3.907e+06	9.11233e+06
P14923	P14923	PLAK_HUMAN	JUP	Junction plakoglobin	2.83738e+06	6.56121e+08	5.96332e+06	6.5557e+06
P14927	P14927	QCR7_HUMAN	UQCRB	Cytochrome b-c1 complex subunit 7	1.51946e+07		2.38138e+07	5.46015e+06
P15088	P15088	CBPA3_HUMAN	CPA3	Mast cell carboxypeptidase A	672057		1.75938e+06	880331
P15090	P02689;P15090	FABP4_HUMAN	FABP4	Fatty acid-binding protein, adipocyte	959120		1.65989e+06	476916
P15104	P15104	GLNA_HUMAN	GLUL	Glutamine synthetase	2.79278e+06	6.75838e+07	4.53992e+06	1.86121e+06
P15121	P15121	ALDR_HUMAN	AKR1B1	Aldo-keto reductase family 1 member B1	9.46347e+06		7.62201e+06	8.94834e+06
P15144	P15144	AMPN_HUMAN	ANPEP	Aminopeptidase N	941821		943398	1.48451e+06
P15151	P15151	PVR_HUMAN	PVR	Poliovirus receptor	906842		1.05431e+06	597618
P15153	P15153	RAC2_HUMAN	RAC2	Ras-related C3 botulinum toxin substrate 2	2.12001e+07		1.45737e+07	5.43019e+06
P15169	P15169	CBPN_HUMAN	CPN1	Carboxypeptidase N catalytic chain			292825	576450
P15170	P15170;Q8IYD1	ERF3A_HUMAN	GSPT1	Eukaryotic peptide chain release factor GTP-binding subunit ERF3A	7.70338e+06		5.14632e+06	5.25316e+06
P15260	P15260	INGR1_HUMAN	IFNGR1	Interferon gamma receptor 1	663938		352075	348829
P15289	P15289	ARSA_HUMAN	ARSA	Arylsulfatase A	302673		1.06906e+06	339232
P15291	P15291	B4GT1_HUMAN	B4GALT1	Beta-1,4-galactosyltransferase 1	1.74019e+06		524964	1.25915e+06
P15309	P15309	PPAP_HUMAN	ACP3	Prostatic acid phosphatase	138758		156747	186448
P15311	P15311	EZRI_HUMAN	EZR	Ezrin	2.06347e+07	1.49185e+08	2.22199e+07	1.12382e+07
P15374	P15374	UCHL3_HUMAN	UCHL3	Ubiquitin carboxyl-terminal hydrolase isozyme L3	1.84934e+06		815612	4.21214e+06
P15428	P15428	PGDH_HUMAN	HPGD	15-hydroxyprostaglandin dehydrogenase [NAD(+)]	1.37076e+06			769863
P15498	P15498	VAV_HUMAN	VAV1	Proto-oncogene vav				390406
P15514	P15514	AREG_HUMAN	AREG	Amphiregulin				50274.8
P15529	P15529	MCP_HUMAN	CD46	Membrane cofactor protein	3.75174e+06		6.21827e+06	2.04207e+06
P15531	P15531	NDKA_HUMAN	NME1	Nucleoside diphosphate kinase A	2.80841e+07		2.66947e+07	1.59706e+07
P15559	P15559	NQO1_HUMAN	NQO1	NAD(P)H dehydrogenase [quinone] 1	475962		697834	1.88545e+06
P15586	P15586	GNS_HUMAN	GNS	N-acetylglucosamine-6-sulfatase	7.6153e+06		1.1369e+07	4.04643e+06
P15735	P15735	PHKG2_HUMAN	PHKG2	Phosphorylase b kinase gamma catalytic chain, liver/testis isoform	226959			193201
P15848	P15848	ARSB_HUMAN	ARSB	Arylsulfatase B	769526		1.8114e+06	501508
P15880	P15880	RS2_HUMAN	RPS2	Small ribosomal subunit protein uS5	1.6822e+07	1.01739e+08	1.58515e+07	1.74282e+07
P15907	P15907	SIAT1_HUMAN	ST6GAL1	Beta-galactoside alpha-2,6-sialyltransferase 1	995970		762085	1.52375e+06
P15924	P15924	DESP_HUMAN	DSP	Desmoplakin	2.02899e+06	1.12372e+09	6.99719e+06	2.69938e+06
P15927	P15927	RFA2_HUMAN	RPA2	Replication protein A 32 kDa subunit	1.87128e+06		872512	1.09752e+06
P15941	P15941	MUC1_HUMAN	MUC1	Mucin-1	648839		517712	280106
P15954	P15954	COX7C_HUMAN	COX7C	Cytochrome c oxidase subunit 7C, mitochondrial	1.30978e+06		943393	993157
P16035	P16035	TIMP2_HUMAN	TIMP2	Metalloproteinase inhibitor 2	877524		1.66395e+06	566412
P16050	P16050	LOX15_HUMAN	ALOX15	Polyunsaturated fatty acid lipoxygenase ALOX15			769031	4.14502e+06
P16070	P16070	CD44_HUMAN	CD44	CD44 antigen	2.4507e+07		1.50135e+07	6.56849e+06
P16083	P16083	NQO2_HUMAN	NQO2	Ribosyldihydronicotinamide dehydrogenase [quinone]	1.51707e+06		1.41768e+06	1.61941e+06
P16104	P16104	H2AX_HUMAN	H2AX	Histone H2AX	1.18543e+08	4.51394e+08	3.94575e+07	2.27874e+07
P16112	P16112	PGCA_HUMAN	ACAN	Aggrecan core protein	123253		329345	2.30476e+06
P16144	P16144	ITB4_HUMAN	ITGB4	Integrin beta-4	2.88263e+06		3.23236e+06	3.55936e+06
P16150	P16150	LEUK_HUMAN	SPN	Leukosialin	1.65919e+06		435410	225827
P16152	P16152	CBR1_HUMAN	CBR1	Carbonyl reductase [NADPH] 1	2.31529e+07		2.0428e+07	1.3146e+07
P16157	P16157	ANK1_HUMAN	ANK1	Ankyrin-1	601334		689195	1.85843e+06
P16219	P16219	ACADS_HUMAN	ACADS	Short-chain specific acyl-CoA dehydrogenase, mitochondrial	601826		668635	1.85557e+06
P16220	P16220	CREB1_HUMAN	CREB1	Cyclic AMP-responsive element-binding protein 1	1.6448e+06		276889	542861
P16233	P16233	LIPP_HUMAN	PNLIP	Pancreatic triacylglycerol lipase			296785	
P16278	P16278	BGAL_HUMAN	GLB1	Beta-galactosidase	1.37848e+07		2.08978e+07	1.19133e+07
P16284	P16284	PECA1_HUMAN	PECAM1	Platelet endothelial cell adhesion molecule	4.80031e+06		4.11982e+06	1.77052e+06
P16298	P16298	PP2BB_HUMAN	PPP3CB	Serine/threonine-protein phosphatase 2B catalytic subunit beta isoform	2.56109e+06		740648	2.07214e+06
P16333	P16333	NCK1_HUMAN	NCK1	Cytoplasmic protein NCK1	2.71993e+06		1.92196e+06	1.33788e+06
P16401	P16401	H15_HUMAN	H1-5	Histone H1.5	1.30633e+07		5.61275e+06	3.97682e+06
P16402	P16402	H13_HUMAN	H1-3	Histone H1.3	4.32494e+06		766032	
P16403	P10412;P16402;P16403	H12_HUMAN	H1-2	Histone H1.2	5.34454e+07	2.82034e+08	2.12918e+07	1.33136e+07
P16422	P16422	EPCAM_HUMAN	EPCAM	Epithelial cell adhesion molecule	1.24954e+07		1.40683e+07	4.98138e+06
P16435	P16435	NCPR_HUMAN	POR	NADPH--cytochrome P450 reductase	996086		4.91628e+06	1.1152e+07
P16442	P16442	BGAT_HUMAN	ABO	Histo-blood group ABO system transferase	818145		1.18239e+06	688596
P16444	P16444	DPEP1_HUMAN	DPEP1	Dipeptidase 1	1.20856e+07		2.01599e+07	8.8654e+06
P16452	P16452	EPB42_HUMAN	EPB42	Protein 4.2			59744.7	444442
P16455	P16455	MGMT_HUMAN	MGMT	Methylated-DNA--protein-cysteine methyltransferase	1.04349e+06		379438	549104
P16615	P16615	AT2A2_HUMAN	ATP2A2	Sarcoplasmic/endoplasmic reticulum calcium ATPase 2	126286		183507	7.2743e+06
P16671	P16671	CD36_HUMAN	CD36	Platelet glycoprotein 4	874786		1.94125e+06	706578
P16870	P16870	CBPE_HUMAN	CPE	Carboxypeptidase E	233042		708237	268120
P16885	P16885	PLCG2_HUMAN	PLCG2	1-phosphatidylinositol 4,5-bisphosphate phosphodiesterase gamma-2	995937		175788	1.3781e+06
P16930	P16930	FAAA_HUMAN	FAH	Fumarylacetoacetase	3.07051e+06		4.81571e+06	3.03999e+06
P16949	P16949	STMN1_HUMAN	STMN1	Stathmin	2.12296e+07		8.05437e+06	1.66537e+06
P16989	P16989	YBOX3_HUMAN	YBX3	Y-box-binding protein 3	6.39159e+06		6.8889e+06	1.27553e+06
P17029	P17029	ZKSC1_HUMAN	ZKSCAN1	Zinc finger protein with KRAB and SCAN domains 1				47078.8
P17050	P17050	NAGAB_HUMAN	NAGA	Alpha-N-acetylgalactosaminidase	5.52093e+06		7.22765e+06	4.49791e+06
P17096	P17096	HMGA1_HUMAN	HMGA1	High mobility group protein HMG-I/HMG-Y	3.18282e+06		4.17159e+06	887006
P17152	P17152	TMM11_HUMAN	TMEM11	Transmembrane protein 11, mitochondrial	115502			1.28186e+06
P17174	P17174	AATC_HUMAN	GOT1	Aspartate aminotransferase, cytoplasmic	2.83329e+06		3.35179e+06	4.46686e+06
P17213	P17213	BPI_HUMAN	BPI	Bactericidal permeability-increasing protein	1.11378e+06		1.3844e+06	2.04514e+06
P17252	P17252	KPCA_HUMAN	PRKCA	Protein kinase C alpha type	500620		466081	1.40544e+06
P17275	P17275	JUNB_HUMAN	JUNB	Transcription factor JunB	122340			
P17301	P17301	ITA2_HUMAN	ITGA2	Integrin alpha-2	9.47119e+06		7.94374e+06	5.19606e+06
P17405	P17405	ASM_HUMAN	SMPD1	Sphingomyelin phosphodiesterase	431475		247623	493624
P17480	P17480	UBF1_HUMAN	UBTF	Nucleolar transcription factor 1	3.63065e+06		3.63917e+06	2.90715e+06
P17516	P17516	AK1C4_HUMAN	AKR1C4	Aldo-keto reductase family 1 member C4				479696
P17540	P17540	KCRS_HUMAN	CKMT2	Creatine kinase S-type, mitochondrial	75767.2			38290.3
P17568	P17568	NDUB7_HUMAN	NDUFB7	NADH dehydrogenase [ubiquinone] 1 beta subcomplex subunit 7	334553		443268	601045
P17612	P17612;P22694	KAPCA_HUMAN	PRKACA	cAMP-dependent protein kinase catalytic subunit alpha	1.77515e+06		1.57669e+06	6.8949e+06
P17655	P17655	CAN2_HUMAN	CAPN2	Calpain-2 catalytic subunit	546991		2.12296e+06	1.01482e+07
P17661	P17661	DESM_HUMAN	DES	Desmin	577595		197786	725794
P17677	P17677	NEUM_HUMAN	GAP43	Neuromodulin			83734.5	
P17693	P17693	HLAG_HUMAN	HLA-G	HLA class I histocompatibility antigen, alpha chain G	296129		636412	
P17706	P17706	PTN2_HUMAN	PTPN2	Tyrosine-protein phosphatase non-receptor type 2	906075		785453	655402
P17812	P17812	PYRG1_HUMAN	CTPS1	CTP synthase 1	4.1547e+06		2.21814e+06	2.21042e+06
P17813	P17813	EGLN_HUMAN	ENG	Endoglin	1.6462e+06		926261	817166
P17844	P17844	DDX5_HUMAN	DDX5	Probable ATP-dependent RNA helicase DDX5	5.26756e+06		3.22863e+06	7.71441e+06
P17858	P08237;P17858	PFKAL_HUMAN	PFKL	ATP-dependent 6-phosphofructokinase, liver type	3.86918e+06		5.95432e+06	6.82561e+06
P17900	P17900	SAP3_HUMAN	GM2A	Ganglioside GM2 activator	5.92993e+06	1.30296e+08	9.61852e+06	2.90128e+06
P17927	P17927	CR1_HUMAN	CR1	Complement receptor type 1	592944		102813	186396
P17931	P17931	LEG3_HUMAN	LGALS3	Galectin-3	1.33021e+08		1.39511e+08	3.05267e+07
P17936	P17936	IBP3_HUMAN	IGFBP3	Insulin-like growth factor-binding protein 3			518034	222714
P17948	P17948	VGFR1_HUMAN	FLT1	Vascular endothelial growth factor receptor 1			65474.7	53281.8
P17980	P17980	PRS6A_HUMAN	PSMC3	26S proteasome regulatory subunit 6A	1.3663e+06		398594	4.09024e+06
P17987	P17987	TCPA_HUMAN	TCP1	T-complex protein 1 subunit alpha	3.96485e+06		737378	1.15151e+07
P18031	P18031	PTN1_HUMAN	PTPN1	Tyrosine-protein phosphatase non-receptor type 1	2.71175e+06		1.32929e+06	3.00296e+06
P18065	P18065	IBP2_HUMAN	IGFBP2	Insulin-like growth factor-binding protein 2	711287		988239	
P18074	P18074	ERCC2_HUMAN	ERCC2	General transcription and DNA repair factor IIH helicase subunit XPD				337089
P18077	P18077	RL35A_HUMAN	RPL35A	Large ribosomal subunit protein eL33	9.6285e+06		9.69266e+06	1.13386e+07
P18084	P18084	ITB5_HUMAN	ITGB5	Integrin beta-5	2.94012e+06		3.33477e+06	2.80907e+06
P18085	P18085	ARF4_HUMAN	ARF4	ADP-ribosylation factor 4	3.98331e+07		4.10746e+07	1.85118e+07
P18124	P18124	RL7_HUMAN	RPL7	Large ribosomal subunit protein uL30	1.32457e+07		1.33183e+07	1.68171e+07
P18206	P18206	VINC_HUMAN	VCL	Vinculin	2.41702e+07		2.23167e+07	2.37355e+07
P18283	P18283	GPX2_HUMAN	GPX2	Glutathione peroxidase 2	1.14846e+07		1.60745e+07	1.09722e+07
P18428	P18428	LBP_HUMAN	LBP	Lipopolysaccharide-binding protein	204743		698136	1.21786e+06
P18433	P18433	PTPRA_HUMAN	PTPRA	Receptor-type tyrosine-protein phosphatase alpha	1.50331e+06			1.86388e+06
P18440	P18440	ARY1_HUMAN	NAT1	Arylamine N-acetyltransferase 1	67779.9		123954	762273
P18510	P18510	IL1RA_HUMAN	IL1RN	Interleukin-1 receptor antagonist protein	1.55493e+06		1.3579e+06	437560
P18564	P18564	ITB6_HUMAN	ITGB6	Integrin beta-6	2.75044e+06		8.02494e+06	3.60425e+06
P18577;Q02161	P18577;Q02161	RHCE_HUMAN;RHD_HUMAN	RHCE;RHD	Blood group Rh(CE) polypeptide				65476.1
P18615	P18615	NELFE_HUMAN	NELFE	Negative elongation factor E	260959		192262	367658
P18621	P18621	RL17_HUMAN	RPL17	Large ribosomal subunit protein uL22	3.0772e+06		2.8624e+06	3.91223e+06
P18669	P18669	PGAM1_HUMAN	PGAM1	Phosphoglycerate mutase 1	3.1927e+07		4.78344e+07	3.73584e+07
P18754	P18754	RCC1_HUMAN	RCC1	Regulator of chromosome condensation	4.06909e+06		2.64929e+06	2.99185e+06
P18827	P18827	SDC1_HUMAN	SDC1	Syndecan-1	7.64462e+06		4.0473e+06	1.10737e+06
P18846	P16220;P18846	ATF1_HUMAN	ATF1	Cyclic AMP-dependent transcription factor ATF-1	1.99112e+06		698440	432149
P18858	P18858	DNLI1_HUMAN	LIG1	DNA ligase 1	219801			282045
P18859	P18859	ATP5J_HUMAN	ATP5PF	ATP synthase-coupling factor 6, mitochondrial	4.1763e+06		1.44897e+06	121517
P18887	P18887	XRCC1_HUMAN	XRCC1	DNA repair protein XRCC1	831080		549761	767603
P19012	P13646;P19012	K1C15_HUMAN	KRT15	Keratin, type I cytoskeletal 15	286860		352753	230633
P19013	P19013	K2C4_HUMAN	KRT4	Keratin, type II cytoskeletal 4	903950	1.62814e+09	555193	201919
P19021	P19021	AMD_HUMAN	PAM	Peptidyl-glycine alpha-amidating monooxygenase	419189		656659	506562
P19075	P19075	TSN8_HUMAN	TSPAN8	Tetraspanin-8	2.2142e+07		6.26736e+07	3.52226e+07
P19174	P19174	PLCG1_HUMAN	PLCG1	1-phosphatidylinositol 4,5-bisphosphate phosphodiesterase gamma-1	514561			677962
P19256	P19256	LFA3_HUMAN	CD58	Lymphocyte function-associated antigen 3	3.8979e+06		5.11078e+06	2.32431e+06
P19320	P19320	VCAM1_HUMAN	VCAM1	Vascular cell adhesion protein 1	2.17297e+06		1.925e+06	901225
P19338	P19338	NUCL_HUMAN	NCL	Nucleolin	1.00206e+08		1.0616e+08	5.65835e+07
P19367	P19367	HXK1_HUMAN	HK1	Hexokinase-1	717361		532630	1.23927e+07
P19387	P19387	RPB3_HUMAN	POLR2C	DNA-directed RNA polymerase II subunit RPB3	95329.6		29772.6	240974
P19388	P19388	RPAB1_HUMAN	POLR2E	DNA-directed RNA polymerases I, II, and III subunit RPABC1	1.51552e+06		789736	1.55474e+06
P19397	P19397	CD53_HUMAN	CD53	Leukocyte surface antigen CD53	7.45074e+06		5.05216e+06	2.01999e+06
P19404	P19404	NDUV2_HUMAN	NDUFV2	NADH dehydrogenase [ubiquinone] flavoprotein 2, mitochondrial	1.39879e+07		1.48389e+07	6.53409e+06
P19440	A6NGU5;P19440	GGT1_HUMAN	GGT1	Glutathione hydrolase 1 proenzyme	2.41627e+06		3.98369e+06	4.36869e+06
P19447	P19447	ERCC3_HUMAN	ERCC3	General transcription and DNA repair factor IIH helicase subunit XPB				211044
P19474	P19474	RO52_HUMAN	TRIM21	E3 ubiquitin-protein ligase TRIM21	1.1108e+06		1.00271e+06	2.14548e+06
P19525	P19525	E2AK2_HUMAN	EIF2AK2	Interferon-induced, double-stranded RNA-activated protein kinase	474808		667641	916293
P19623	P19623	SPEE_HUMAN	SRM	Spermidine synthase	7.08006e+06		4.38106e+06	5.68597e+06
P19634	P19634	SL9A1_HUMAN	SLC9A1	Sodium/hydrogen exchanger 1				300838
P19652	P19652	A1AG2_HUMAN	ORM2	Alpha-1-acid glycoprotein 2	3.59262e+06		2.5534e+07	4.07198e+06
P19784	P19784	CSK22_HUMAN	CSNK2A2	Casein kinase II subunit alpha'	426569			1.02341e+06
P19793	P19793	RXRA_HUMAN	RXRA	Retinoic acid receptor RXR-alpha	471947		211050	404114
P19801	P19801	AOC1_HUMAN	AOC1	Amiloride-sensitive amine oxidase [copper-containing]	2.20639e+06		2.93067e+06	4.05932e+06
P19823	P19823	ITIH2_HUMAN	ITIH2	Inter-alpha-trypsin inhibitor heavy chain H2	1.35494e+06		5.22889e+06	4.35957e+06
P19827	P19827	ITIH1_HUMAN	ITIH1	Inter-alpha-trypsin inhibitor heavy chain H1	1.13042e+06		6.25242e+06	3.8955e+06
P19835	P19835	CEL_HUMAN	CEL	Bile salt-activated lipase			215356	260112
P19838	P19838	NFKB1_HUMAN	NFKB1	Nuclear factor NF-kappa-B p105 subunit	418472		225984	920861
P19878	P19878	NCF2_HUMAN	NCF2	Neutrophil cytosol factor 2	971766		1.27474e+06	2.16054e+06
P19957	P19957	ELAF_HUMAN	PI3	Elafin	1.35946e+06		624275	
P19971	P19971	TYPH_HUMAN	TYMP	Thymidine phosphorylase	1.63864e+07		2.11146e+06	8.73162e+06
P20020	P20020;P23634	AT2B1_HUMAN	ATP2B1	Plasma membrane calcium-transporting ATPase 1	390703		239344	2.28347e+06
P20023	P20023	CR2_HUMAN	CR2	Complement receptor type 2	1.04637e+06		116006	
P20036	P20036	DPA1_HUMAN	HLA-DPA1	HLA class II histocompatibility antigen, DP alpha 1 chain	2.4417e+06		3.39329e+06	1.27583e+06
P20042	P20042	IF2B_HUMAN	EIF2S2	Eukaryotic translation initiation factor 2 subunit 2	1.49382e+06		1.24108e+06	1.92409e+06
P20061	P20061	TCO1_HUMAN	TCN1	Transcobalamin-1				54924.8
P20073	P20073	ANXA7_HUMAN	ANXA7	Annexin A7	3.79944e+06		2.51769e+06	5.47269e+06
P20160	P20160	CAP7_HUMAN	AZU1	Azurocidin	4.39316e+06		7.1756e+06	8.1312e+06
P20231;Q15661	P20231;Q15661	TRYB1_HUMAN;TRYB2_HUMAN	TPSAB1;TPSB2	Tryptase beta-2	4.59173e+07		7.62589e+07	1.55309e+07
P20290	P20290	BTF3_HUMAN	BTF3	Transcription factor BTF3	6.32866e+06		3.93298e+06	2.183e+06
P20292	P20292	AL5AP_HUMAN	ALOX5AP	Arachidonate 5-lipoxygenase-activating protein	2.10042e+06		1.50913e+06	6.14406e+06
P20336	P20336	RAB3A_HUMAN	RAB3A	Ras-related protein Rab-3A	1.36079e+06		2.21569e+06	478500
P20338	P20338	RAB4A_HUMAN	RAB4A	Ras-related protein Rab-4A	3.40031e+06		3.89902e+06	1.75549e+06
P20339	P20339	RAB5A_HUMAN	RAB5A	Ras-related protein Rab-5A	8.98176e+06		9.92185e+06	3.58626e+06
P20340	P20340;Q9H0N0;Q9NRW1	RAB6A_HUMAN	RAB6A	Ras-related protein Rab-6A	1.49997e+08		1.49173e+08	7.37083e+07
P20585	P20585	MSH3_HUMAN	MSH3	DNA mismatch repair protein Msh3				243526
P20591	P20591	MX1_HUMAN	MX1	Interferon-induced GTP-binding protein Mx1			299312	777758
P20592	P20592	MX2_HUMAN	MX2	Interferon-induced GTP-binding protein Mx2				572247
P20618	P20618	PSB1_HUMAN	PSMB1	Proteasome subunit beta type-1	1.53733e+07		1.59495e+07	9.21171e+06
P20645	P20645	MPRD_HUMAN	M6PR	Cation-dependent mannose-6-phosphate receptor	6.03485e+06		9.59061e+06	4.33383e+06
P20674	P20674	COX5A_HUMAN	COX5A	Cytochrome c oxidase subunit 5A, mitochondrial	1.54847e+07		2.68845e+06	2.32503e+06
P20700	P20700	LMNB1_HUMAN	LMNB1	Lamin-B1	1.24763e+07		7.09573e+06	4.3498e+06
P20701	P20701	ITAL_HUMAN	ITGAL	Integrin alpha-L	1.20927e+06		534940	777761
P20702	P20702	ITAX_HUMAN	ITGAX	Integrin alpha-X	2.17415e+06		2.21851e+06	1.27045e+06
P20711	P20711	DDC_HUMAN	DDC	Aromatic-L-amino-acid decarboxylase				554949
P20742	P20742	PZP_HUMAN	PZP	Pregnancy zone protein				23422.8
P20774	P20774	MIME_HUMAN	OGN	Mimecan	918632		7.27702e+06	1.14109e+06
P20810	P20810	ICAL_HUMAN	CAST	Calpastatin	1.14206e+07		1.17489e+07	3.58809e+06
P20815	P08684;P20815;P24462	CP3A5_HUMAN	CYP3A5	Cytochrome P450 3A5				370669
P20823	P20823;P35680;Q6NT76	HNF1A_HUMAN	HNF1A	Hepatocyte nuclear factor 1-alpha	254031			255588
P20839	P20839	IMDH1_HUMAN	IMPDH1	Inosine-5'-monophosphate dehydrogenase 1	1.64026e+06		778835	768370
P20908	P20908	CO5A1_HUMAN	COL5A1	Collagen alpha-1(V) chain	212631		309693	153094
P20930	P20930	FILA_HUMAN	FLG	Filaggrin	666212	1.38902e+09	2.26894e+06	653800
P20933	P20933	ASPG_HUMAN	AGA	N(4)-(beta-N-acetylglucosaminyl)-L-asparaginase	3.9198e+06		7.11996e+06	2.60232e+06
P20936	P20936	RASA1_HUMAN	RASA1	Ras GTPase-activating protein 1				728700
P20962	P20962	PTMS_HUMAN	PTMS	Parathymosin	2.17327e+07		2.31577e+07	4.546e+06
P21127;Q9UQ88	P21127;Q9UQ88	CD11A_HUMAN;CD11B_HUMAN	CDK11A;CDK11B	Cyclin-dependent kinase 11B	215566			575742
P21217;Q11128	P21217;Q11128	FUT3_HUMAN;FUT5_HUMAN	FUT3;FUT5	3-galactosyl-N-acetylglucosaminide 4-alpha-L-fucosyltransferase FUT3	383656		577185	467014
P21266	P21266	GSTM3_HUMAN	GSTM3	Glutathione S-transferase Mu 3	1.60664e+06		1.25641e+06	2.74657e+06
P21281	P21281	VATB2_HUMAN	ATP6V1B2	V-type proton ATPase subunit B, brain isoform	6.65204e+06		2.62323e+06	6.16493e+06
P21283	P21283	VATC1_HUMAN	ATP6V1C1	V-type proton ATPase subunit C 1	568434		356558	1.61095e+06
P21291	P21291	CSRP1_HUMAN	CSRP1	Cysteine and glycine-rich protein 1	1.74037e+07		2.57355e+07	6.94332e+06
P21333	P21333	FLNA_HUMAN	FLNA	Filamin-A	1.06658e+07		1.29058e+07	3.88949e+07
P21359	P21359	NF1_HUMAN	NF1	Neurofibromin				207349
P21397	P21397	AOFA_HUMAN	MAOA	Amine oxidase [flavin-containing] A	659104		688598	3.16203e+06
P21399	P21399	ACOHC_HUMAN	ACO1	Cytoplasmic aconitate hydratase	1.17675e+06		883735	4.98747e+06
P21583	P21583	SCF_HUMAN	KITLG	Kit ligand	150639		344568	94162.2
P21589	P21589	5NTD_HUMAN	NT5E	5'-nucleotidase	1.97132e+06		3.29123e+06	531877
P21695	P21695	GPDA_HUMAN	GPD1	Glycerol-3-phosphate dehydrogenase [NAD(+)], cytoplasmic				36290
P21741	P21741	MK_HUMAN	MDK	Midkine	127217		332204	81551.3
P21757	P21757	MSRE_HUMAN	MSR1	Macrophage scavenger receptor types I and II			80310.1	146434
P21796	P21796	VDAC1_HUMAN	VDAC1	Voltage-dependent anion-selective channel protein 1	4.50362e+07	6.83716e+07	4.04539e+07	1.72996e+07
P21810	P21810	PGS1_HUMAN	BGN	Biglycan	5.887e+06		1.02015e+07	5.23234e+06
P21854	P21854	CD72_HUMAN	CD72	B-cell differentiation antigen CD72	634264			
P21912	P21912	SDHB_HUMAN	SDHB	Succinate dehydrogenase [ubiquinone] iron-sulfur subunit, mitochondrial	1.02299e+07		9.11638e+06	7.90981e+06
P21926	P21926	CD9_HUMAN	CD9	CD9 antigen	1.9044e+07		2.62229e+07	8.30503e+06
P21953	P21953	ODBB_HUMAN	BCKDHB	2-oxoisovalerate dehydrogenase subunit beta, mitochondrial	664812		685178	1.39073e+06
P21964	P21964	COMT_HUMAN	COMT	Catechol O-methyltransferase	5.918e+06		3.5303e+06	1.48671e+07
P21980	P21980	TGM2_HUMAN	TGM2	Protein-glutamine gamma-glutamyltransferase 2	6.35693e+06		3.29156e+06	1.06951e+06
P22033	P22033	MUTA_HUMAN	MMUT	Methylmalonyl-CoA mutase, mitochondrial	156846		193343	1.81181e+06
P22059	P22059	OSBP1_HUMAN	OSBP	Oxysterol-binding protein 1	2.08942e+06		1.80907e+06	1.74198e+06
P22061	P22061	PIMT_HUMAN	PCMT1	Protein-L-isoaspartate(D-aspartate) O-methyltransferase	1.52658e+07		1.28753e+07	8.82807e+06
P22087	P22087	FBRL_HUMAN	FBL	rRNA 2'-O-methyltransferase fibrillarin	8.03217e+06	9.25324e+08	9.3154e+06	1.94269e+07
P22102	P22102	PUR2_HUMAN	GART	Trifunctional purine biosynthetic protein adenosine-3	6.5846e+06		5.35853e+06	6.85696e+06
P22105	P22105	TENX_HUMAN	TNXB	Tenascin-X	356060		1.13109e+06	783025
P22223	P22223	CADH3_HUMAN	CDH3	Cadherin-3				185055
P22234	P22234	PUR6_HUMAN	PAICS	Bifunctional phosphoribosylaminoimidazole carboxylase/phosphoribosylaminoimidazole succinocarboxamide synthetase	1.06071e+07		7.17446e+06	5.64671e+06
P22304	P22304	IDS_HUMAN	IDS	Iduronate 2-sulfatase	350662		360014	155945
P22307	P22307	SCP2_HUMAN	SCP2	Sterol carrier protein 2	1.67298e+07		1.74681e+07	9.49243e+06
P22314	P22314	UBA1_HUMAN	UBA1	Ubiquitin-like modifier-activating enzyme 1	2.1159e+07		9.46299e+06	6.79183e+07
P22352	P22352	GPX3_HUMAN	GPX3	Glutathione peroxidase 3	1.81945e+06		4.03957e+06	1.11126e+06
P22392	P22392;O60361	NDKB_HUMAN	NME2	Nucleoside diphosphate kinase B	6.58822e+07		6.02978e+07	3.796e+07
P22413	P22413	ENPP1_HUMAN	ENPP1	Ectonucleotide pyrophosphatase/phosphodiesterase family member 1				187172
P22455	P22455	FGFR4_HUMAN	FGFR4	Fibroblast growth factor receptor 4				19095.7
P22570	P22570	ADRO_HUMAN	FDXR	NADPH:adrenodoxin oxidoreductase, mitochondrial			549625	6.07642e+06
P22612	P22612	KAPCG_HUMAN	PRKACG	cAMP-dependent protein kinase catalytic subunit gamma				691338
P22626	P22626	ROA2_HUMAN	HNRNPA2B1	Heterogeneous nuclear ribonucleoproteins A2/B1	8.46592e+07		7.08035e+07	3.98984e+07
P22670	P22670	RFX1_HUMAN	RFX1	MHC class II regulatory factor RFX1	98365			77490.4
P22676	P22676	CALB2_HUMAN	CALB2	Calretinin	247057		1.23702e+06	230732
P22681	P22681	CBL_HUMAN	CBL	E3 ubiquitin-protein ligase CBL				258301
P22692	P22692	IBP4_HUMAN	IGFBP4	Insulin-like growth factor-binding protein 4	575382		1.04174e+06	257089
P22694	P22694	KAPCB_HUMAN	PRKACB	cAMP-dependent protein kinase catalytic subunit beta	541915		218629	2.23247e+06
P22695	P22695	QCR2_HUMAN	UQCRC2	Cytochrome b-c1 complex subunit 2, mitochondrial	1.11157e+07	5.28217e+07	4.60624e+06	9.37085e+06
P22735	P22735	TGM1_HUMAN	TGM1	Protein-glutamine gamma-glutamyltransferase K	377455	2.62359e+08	924613	323813
P22748	P22748	CAH4_HUMAN	CA4	Carbonic anhydrase 4	453804		1.48499e+06	
P22792	P22792	CPN2_HUMAN	CPN2	Carboxypeptidase N subunit 2			939179	715396
P22830	P22830	HEMH_HUMAN	FECH	Ferrochelatase, mitochondrial	323920			631342
P22891	P22891	PROZ_HUMAN	PROZ	Vitamin K-dependent protein Z			139616	181133
P22894	P22894	MMP8_HUMAN	MMP8	Neutrophil collagenase	701070		1.67092e+06	1.28713e+06
P22897	P22897	MRC1_HUMAN	MRC1	Macrophage mannose receptor 1	418036		401743	538778
P23083	P23083	HV102_HUMAN	IGHV1-2	Immunoglobulin heavy variable 1-2			636011	623576
P23141	P23141	EST1_HUMAN	CES1	Liver carboxylesterase 1	1.08927e+06		1.92168e+06	3.43776e+06
P23142	P23142	FBLN1_HUMAN	FBLN1	Fibulin-1	4.02001e+06		1.68517e+07	1.85305e+07
P23193	P23193;Q15560	TCEA1_HUMAN	TCEA1	Transcription elongation factor A protein 1	5.41749e+06		3.60352e+06	1.79302e+06
P23219	P23219	PGH1_HUMAN	PTGS1	Prostaglandin G/H synthase 1	1.32307e+06		1.8514e+06	1.77864e+06
P23229	P23229	ITA6_HUMAN	ITGA6	Integrin alpha-6	6.18233e+06		7.10458e+06	5.68941e+06
P23246	P23246	SFPQ_HUMAN	SFPQ	Splicing factor, proline- and glutamine-rich	2.09719e+07		2.43733e+07	1.03266e+07
P23258	P23258;Q9NRH3	TBG1_HUMAN	TUBG1	Tubulin gamma-1 chain				829082
P23284	P23284	PPIB_HUMAN	PPIB	Peptidyl-prolyl cis-trans isomerase B	6.25528e+07		7.45275e+07	2.32421e+07
P23368	P23368	MAOM_HUMAN	ME2	NAD-dependent malic enzyme, mitochondrial				3.17867e+06
P23381	P23381	SYWC_HUMAN	WARS1	Tryptophan--tRNA ligase, cytoplasmic	8.00799e+06		3.74431e+06	1.58525e+07
P23396	P23396	RS3_HUMAN	RPS3	Small ribosomal subunit protein uS3	4.42354e+07	1.80351e+08	2.77209e+07	2.55366e+07
P23434	P23434	GCSH_HUMAN	GCSH	Glycine cleavage system H protein, mitochondrial	1.999e+06		709731	267430
P23458	P23458	JAK1_HUMAN	JAK1	Tyrosine-protein kinase JAK1				299606
P23469	P23469	PTPRE_HUMAN	PTPRE	Receptor-type tyrosine-protein phosphatase epsilon	180148		101432	410178
P23470	P23470	PTPRG_HUMAN	PTPRG	Receptor-type tyrosine-protein phosphatase gamma			330049	239694
P23490	P23490	LORI_HUMAN	LORICRIN	Loricrin	172353	2.29393e+08	1.28103e+06	307034
P23497	P23497;Q9H930	SP100_HUMAN	SP100	Nuclear autoantigen Sp-100	707318		130525	195558
P23526	P23526	SAHH_HUMAN	AHCY	Adenosylhomocysteinase	4.04449e+07		3.41206e+07	2.68904e+07
P23528	P23528;Q9Y281	COF1_HUMAN	CFL1	Cofilin-1	1.25217e+08	3.03657e+08	1.22797e+08	9.14153e+07
P23588	P23588	IF4B_HUMAN	EIF4B	Eukaryotic translation initiation factor 4B	9.63303e+06		8.31e+06	3.05499e+06
P23610	P23610	HAP40_HUMAN	F8A1	40-kDa huntingtin-associated protein				155542
P23634	P23634	AT2B4_HUMAN	ATP2B4	Plasma membrane calcium-transporting ATPase 4	83908.3		110942	510424
P23743	P23743	DGKA_HUMAN	DGKA	Diacylglycerol kinase alpha	936639		1.29763e+06	2.84233e+06
P23759;P23760	P23759;P23760	PAX3_HUMAN;PAX7_HUMAN	PAX3;PAX7	Paired box protein Pax-7	100447		52215.5	103371
P23786	P23786	CPT2_HUMAN	CPT2	Carnitine O-palmitoyltransferase 2, mitochondrial			501919	4.45118e+06
P23919	P23919	KTHY_HUMAN	DTYMK	Thymidylate kinase	1.88799e+06		693703	3.04212e+06
P23921	P23921	RIR1_HUMAN	RRM1	Ribonucleoside-diphosphate reductase large subunit	1.24309e+06		298697	461711
P23946	P23946	CMA1_HUMAN	CMA1	Chymase	190497		761177	286077
P24001	P24001	IL32_HUMAN	IL32	Interleukin-32	320377		201406	118870
P24043	P24043	LAMA2_HUMAN	LAMA2	Laminin subunit alpha-2			233637	446118
P24158	P24158	PRTN3_HUMAN	PRTN3	Myeloblastin	9.15229e+06		1.41397e+07	1.42851e+07
P24311	P24311	COX7B_HUMAN	COX7B	Cytochrome c oxidase subunit 7B, mitochondrial	3.71982e+06		2.53782e+06	4.38711e+06
P24347	P24347	MMP11_HUMAN	MMP11	Stromelysin-3	193372		701856	201654
P24386	P24386;P26374	RAE1_HUMAN	CHM	Rab proteins geranylgeranyltransferase component A 1				276183
P24390	P24390	ERD21_HUMAN	KDELR1	ER lumen protein-retaining receptor 1			52654	1.98107e+06
P24534	P24534	EF1B_HUMAN	EEF1B2	Elongation factor 1-beta	1.15808e+07		8.1201e+06	1.56825e+07
P24539	P24539	AT5F1_HUMAN	ATP5PB	ATP synthase F(0) complex subunit B1, mitochondrial	2.07616e+06		607027	1.20067e+07
P24557	P24557	THAS_HUMAN	TBXAS1	Thromboxane-A synthase	193951			1.57076e+06
P24593	P24593	IBP5_HUMAN	IGFBP5	Insulin-like growth factor-binding protein 5	387247		778690	251596
P24666	P24666	PPAC_HUMAN	ACP1	Low molecular weight phosphotyrosine protein phosphatase	1.43328e+07		9.08594e+06	1.21579e+07
P24723	P24723	KPCL_HUMAN	PRKCH	Protein kinase C eta type				66077.4
P24752	P24752	THIL_HUMAN	ACAT1	Acetyl-CoA acetyltransferase, mitochondrial	7.38486e+06		2.67634e+06	1.09606e+07
P24821	P24821	TENA_HUMAN	TNC	Tenascin	3.27637e+06		1.88028e+06	2.52338e+06
P24844	O14950;P19105;P24844	MYL9_HUMAN	MYL9	Myosin regulatory light polypeptide 9	4.80736e+07		1.21599e+07	6.65781e+06
P24855	P24855	DNAS1_HUMAN	DNASE1	Deoxyribonuclease-1			388759	74078.9
P24928	P24928	RPB1_HUMAN	POLR2A	DNA-directed RNA polymerase II subunit RPB1				1.03555e+06
P24941	P24941	CDK2_HUMAN	CDK2	Cyclin-dependent kinase 2	308303			135180
P25092	O75343;P16066;P20594;P25092;P51841;Q02846	GUC2C_HUMAN	GUCY2C	Guanylyl cyclase C			40710.6	351048
P25098	P25098	ARBK1_HUMAN	GRK2	Beta-adrenergic receptor kinase 1	601332		312482	1.34889e+06
P25205	P25205	MCM3_HUMAN	MCM3	DNA replication licensing factor MCM3	811111		86564	363112
P25208	P25208	NFYB_HUMAN	NFYB	Nuclear transcription factor Y subunit beta	1.51097e+06		854449	411996
P25311	P25311	ZA2G_HUMAN	AZGP1	Zinc-alpha-2-glycoprotein	3.63005e+06	3.94476e+08	1.86849e+07	5.87529e+06
P25325	P25325	THTM_HUMAN	MPST	3-mercaptopyruvate sulfurtransferase	9.10976e+06		8.04657e+06	7.58238e+06
P25398	P25398	RS12_HUMAN	RPS12	Small ribosomal subunit protein eS12	3.60861e+07	1.75937e+08	1.23508e+07	1.15658e+07
P25445	P25445	TNR6_HUMAN	FAS	Tumor necrosis factor receptor superfamily member 6	720541		1.44933e+06	822426
P25490	O15391;P25490	TYY1_HUMAN	YY1	Transcriptional repressor protein YY1	445681		348924	254352
P25685	P25685	DNJB1_HUMAN	DNAJB1	DnaJ homolog subfamily B member 1	6.49866e+06		6.37763e+06	4.08423e+06
P25686	O75190;P25686;Q8NHS0	DNJB2_HUMAN	DNAJB2	DnaJ homolog subfamily B member 2	475315		338765	296744
P25705	P25705	ATPA_HUMAN	ATP5F1A	ATP synthase subunit alpha, mitochondrial	4.56665e+06		988357	8.45141e+07
P25774	P25774	CATS_HUMAN	CTSS	Cathepsin S	1.28923e+07		1.77949e+07	6.3737e+06
P25786	P25786	PSA1_HUMAN	PSMA1	Proteasome subunit alpha type-1	2.00947e+07	2.0117e+08	1.89034e+07	1.15633e+07
P25787	P25787	PSA2_HUMAN	PSMA2	Proteasome subunit alpha type-2	8.82409e+06		9.22742e+06	6.86502e+06
P25788	P25788	PSA3_HUMAN	PSMA3	Proteasome subunit alpha type-3	1.91626e+07	1.55033e+08	2.00109e+07	1.02872e+07
P25789	P25789	PSA4_HUMAN	PSMA4	Proteasome subunit alpha type-4	1.67467e+07		1.62873e+07	1.02386e+07
P25815	P25815	S100P_HUMAN	S100P	Protein S100-P	3.95306e+07		3.78032e+07	5.57759e+06
P25942	P25942	TNR5_HUMAN	CD40	Tumor necrosis factor receptor superfamily member 5	943376		817431	260404
P26006	P26006	ITA3_HUMAN	ITGA3	Integrin alpha-3	1.80627e+06		2.07417e+06	1.04406e+06
P26010	P26010	ITB7_HUMAN	ITGB7	Integrin beta-7	401459			138138
P26022	P26022	PTX3_HUMAN	PTX3	Pentraxin-related protein PTX3	265707		287730	284914
P26038	P26038	MOES_HUMAN	MSN	Moesin	3.31307e+07		4.08174e+07	2.10317e+07
P26045	P26045	PTN3_HUMAN	PTPN3	Tyrosine-protein phosphatase non-receptor type 3				349832
P26196	P26196	DDX6_HUMAN	DDX6	Probable ATP-dependent RNA helicase DDX6	5.42789e+06		3.00327e+06	5.33453e+06
P26232	P26232	CTNA2_HUMAN	CTNNA2	Catenin alpha-2			673733	2.27783e+06
P26358	P26358	DNMT1_HUMAN	DNMT1	DNA (cytosine-5)-methyltransferase 1	860172		423287	386567
P26368	P26368	U2AF2_HUMAN	U2AF2	Splicing factor U2AF 65 kDa subunit	2.23956e+06		2.11739e+06	1.5125e+06
P26373	P26373	RL13_HUMAN	RPL13	Large ribosomal subunit protein eL13	1.03295e+07		5.18609e+06	9.49272e+06
P26440	P26440	IVD_HUMAN	IVD	Isovaleryl-CoA dehydrogenase, mitochondrial	2.76951e+06		4.75333e+06	6.74537e+06
P26447	P26447	S10A4_HUMAN	S100A4	Protein S100-A4	6.2761e+07		3.73905e+07	2.36204e+07
P26572	P26572	MGAT1_HUMAN	MGAT1	Alpha-1,3-mannosyl-glycoprotein 2-beta-N-acetylglucosaminyltransferase				780874
P26583	P26583	HMGB2_HUMAN	HMGB2	High mobility group protein B2	1.47327e+07		1.40779e+07	3.44325e+06
P26599	P26599	PTBP1_HUMAN	PTBP1	Polypyrimidine tract-binding protein 1	2.19185e+07		1.39265e+07	2.06491e+07
P26639	A2RTX5;P26639	SYTC_HUMAN	TARS1	Threonine--tRNA ligase 1, cytoplasmic	5.05104e+06		5.74753e+06	6.20174e+06
P26640	P26640	SYVC_HUMAN	VARS1	Valine--tRNA ligase	1.36634e+06		1.16222e+06	1.02841e+07
P26641	P26641	EF1G_HUMAN	EEF1G	Elongation factor 1-gamma	5.50544e+06		5.06187e+06	3.78498e+07
P26885	P26885	FKBP2_HUMAN	FKBP2	Peptidyl-prolyl cis-trans isomerase FKBP2	2.57604e+07		3.57597e+07	1.02494e+07
P26927	P26927;Q2TV78	HGFL_HUMAN	MST1	Hepatocyte growth factor-like protein	110156		480081	185831
P27105	P27105	STOM_HUMAN	STOM	Stomatin	5.07148e+06		3.21485e+06	1.28971e+07
P27144	P27144	KAD4_HUMAN	AK4	Adenylate kinase 4, mitochondrial	290576		130829	1.56847e+06
P27169	P27169	PON1_HUMAN	PON1	Serum paraoxonase/arylesterase 1	463751		1.21915e+06	1.52166e+06
P27216	P27216	ANX13_HUMAN	ANXA13	Annexin A13	986508		2.11146e+06	1.1598e+06
P27338	P27338	AOFB_HUMAN	MAOB	Amine oxidase [flavin-containing] B	614506		585010	3.52462e+06
P27348	P27348	1433T_HUMAN	YWHAQ	14-3-3 protein theta	4.03879e+07		1.40267e+07	2.90196e+07
P27361	P27361	MK03_HUMAN	MAPK3	Mitogen-activated protein kinase 3	1.06271e+06		783064	3.23387e+06
P27449	P27449	VATL_HUMAN	ATP6V0C	V-type proton ATPase 16 kDa proteolipid subunit c	647837		937070	1.85198e+06
P27487	P27487	DPP4_HUMAN	DPP4	Dipeptidyl peptidase 4	1.00872e+06		1.65549e+06	1.05534e+06
P27635	P27635;Q96L21	RL10_HUMAN	RPL10	Large ribosomal subunit protein uL16	6.37719e+06		4.60159e+06	9.47893e+06
P27658	P27658	CO8A1_HUMAN	COL8A1	Collagen alpha-1(VIII) chain	47230.6		96625.9	72459
P27694	P27694	RFA1_HUMAN	RPA1	Replication protein A 70 kDa DNA-binding subunit	1.34439e+06		440274	1.50006e+06
P27695	P27695	APEX1_HUMAN	APEX1	DNA-(apurinic or apyrimidinic site) endonuclease	1.18161e+07		1.59361e+07	7.07678e+06
P27701	P27701	CD82_HUMAN	CD82	CD82 antigen	2.65032e+06		2.65689e+06	1.26495e+06
P27707	P27707	DCK_HUMAN	DCK	Deoxycytidine kinase	455757		95228.4	621395
P27708	P27708	PYR1_HUMAN	CAD	CAD protein	160713		215493	1.55317e+06
P27797	P27797	CALR_HUMAN	CALR	Calreticulin	1.411e+08		1.53541e+08	5.5656e+07
P27816	P27816	MAP4_HUMAN	MAP4	Microtubule-associated protein 4	5.41414e+06	4.31504e+09	2.52023e+06	1.40153e+06
P27824	P27824	CALX_HUMAN	CANX	Calnexin	4.3968e+07		4.66037e+07	3.0854e+07
P27918	P27918	PROP_HUMAN	CFP	Properdin	1.19159e+06		2.73654e+06	1.35176e+06
P27986	P27986	P85A_HUMAN	PIK3R1	Phosphatidylinositol 3-kinase regulatory subunit alpha	352207		251257	579991
P28039	P28039	AOAH_HUMAN	AOAH	Acyloxyacyl hydrolase	350897		246190	119289
P28062	P28062	PSB8_HUMAN	PSMB8	Proteasome subunit beta type-8	1.1014e+07	4.58644e+07	1.04823e+07	6.77165e+06
P28065	P28065	PSB9_HUMAN	PSMB9	Proteasome subunit beta type-9	1.04266e+07		9.19482e+06	5.03356e+06
P28066	P28066	PSA5_HUMAN	PSMA5	Proteasome subunit alpha type-5	9.13319e+06		8.26286e+06	5.52578e+06
P28067	P28067	DMA_HUMAN	HLA-DMA	HLA class II histocompatibility antigen, DM alpha chain	1.01531e+06		1.90259e+06	397824
P28068	P28068	DMB_HUMAN	HLA-DMB	HLA class II histocompatibility antigen, DM beta chain	1.94417e+06		3.83055e+06	927917
P28070	P28070	PSB4_HUMAN	PSMB4	Proteasome subunit beta type-4	6.41908e+06		7.62195e+06	4.53966e+06
P28072	P28072	PSB6_HUMAN	PSMB6	Proteasome subunit beta type-6	7.78049e+06	2.06162e+08	1.28643e+07	6.62433e+06
P28074	P28074	PSB5_HUMAN	PSMB5	Proteasome subunit beta type-5	1.85786e+06		2.91215e+06	1.67353e+06
P28161	P09488;P28161;P46439;Q03013	GSTM2_HUMAN	GSTM2	Glutathione S-transferase Mu 2	765670		829553	949054
P28288	P28288	ABCD3_HUMAN	ABCD3	ATP-binding cassette sub-family D member 3				3.02546e+06
P28289	P28289	TMOD1_HUMAN	TMOD1	Tropomodulin-1			837564	997606
P28331	P28331	NDUS1_HUMAN	NDUFS1	NADH-ubiquinone oxidoreductase 75 kDa subunit, mitochondrial	1.51748e+06		1.36126e+06	6.90161e+06
P28340	P28340	DPOD1_HUMAN	POLD1	DNA polymerase delta catalytic subunit				3.08849e+06
P28347;Q15561;Q15562;Q99594	P28347;Q15561;Q15562;Q99594	TEAD1_HUMAN;TEAD2_HUMAN;TEAD3_HUMAN;TEAD4_HUMAN	TEAD1;TEAD2;TEAD3;TEAD4	Transcriptional enhancer factor TEF-1	498699			201787
P28482	P27361;P28482;P31152;Q16659	MK01_HUMAN	MAPK1	Mitogen-activated protein kinase 1	2.32653e+06		1.11396e+06	5.32819e+06
P28676	P28676	GRAN_HUMAN	GCA	Grancalcin	4.45984e+06		3.3542e+06	1.77236e+06
P28702	P19793;P28702	RXRB_HUMAN	RXRB	Retinoic acid receptor RXR-beta	297804			240446
P28715	P28715	ERCC5_HUMAN	ERCC5	DNA excision repair protein ERCC-5				75901.8
P28799	P28799	GRN_HUMAN	GRN	Progranulin	2.62806e+06		5.41337e+06	2.22287e+06
P28838	P28838	AMPL_HUMAN	LAP3	Cytosol aminopeptidase	2.99449e+07		3.45758e+07	1.14909e+07
P28845	P28845	DHI1_HUMAN	HSD11B1	11-beta-hydroxysteroid dehydrogenase 1				266387
P28906	P28906	CD34_HUMAN	CD34	Hematopoietic progenitor cell antigen CD34	1.44712e+06		1.44339e+06	616160
P28907	P28907	CD38_HUMAN	CD38	ADP-ribosyl cyclase/cyclic ADP-ribose hydrolase 1	4.75011e+06		3.72447e+06	1.0446e+06
P29017	P29017	CD1C_HUMAN	CD1C	T-cell surface glycoprotein CD1c	60810.5		24056.9	29916.1
P29034	P29034	S10A2_HUMAN	S100A2	Protein S100-A2	102495		258324	89802.4
P29083	P29083	T2EA_HUMAN	GTF2E1	General transcription factor IIE subunit 1	1.07593e+06		383876	609167
P29084	P29084	T2EB_HUMAN	GTF2E2	Transcription initiation factor IIE subunit beta	209218		28252.5	244501
P29120	P29120	NEC1_HUMAN	PCSK1	Neuroendocrine convertase 1	60536.7		182950	
P29144	P29144	TPP2_HUMAN	TPP2	Tripeptidyl-peptidase 2	3.25469e+06		1.57296e+06	4.27677e+06
P29218	P29218	IMPA1_HUMAN	IMPA1	Inositol monophosphatase 1	4.4279e+06		6.87988e+06	2.37396e+06
P29317	P29317	EPHA2_HUMAN	EPHA2	Ephrin type-A receptor 2				129700
P29323	P29323	EPHB2_HUMAN	EPHB2	Ephrin type-B receptor 2	308084		160189	420600
P29350	P29350	PTN6_HUMAN	PTPN6	Tyrosine-protein phosphatase non-receptor type 6	1.43297e+06		978922	4.37266e+06
P29353	P29353	SHC1_HUMAN	SHC1	SHC-transforming protein 1	440977		201180	340067
P29372	P29372	3MG_HUMAN	MPG	DNA-3-methyladenine glycosylase	797979		760168	732422
P29373	P29373	RABP2_HUMAN	CRABP2	Cellular retinoic acid-binding protein 2	305978	1.19289e+08	586325	206696
P29401	P29401	TKT_HUMAN	TKT	Transketolase	1.11373e+08	2.35638e+08	1.38457e+08	8.2775e+07
P29466	P29466	CASP1_HUMAN	CASP1	Caspase-1	1.78473e+06		727856	1.67201e+06
P29474	P29474	NOS3_HUMAN	NOS3	Nitric oxide synthase 3				51258.5
P29508	P29508	SPB3_HUMAN	SERPINB3	Serpin B3	617409	1.20732e+09	2.21089e+06	689959
P29536	P29536	LMOD1_HUMAN	LMOD1	Leiomodin-1	1.92147e+06		2.31462e+06	1.6632e+06
P29558	P29558;Q6XE24	RBMS1_HUMAN	RBMS1	RNA-binding motif, single-stranded-interacting protein 1	981659		435072	409406
P29590	P29590	PML_HUMAN	PML	Protein PML	1.58861e+06		693971	2.58895e+06
P29622	P29622	KAIN_HUMAN	SERPINA4	Kallistatin	480191		1.27341e+06	1.26777e+06
P29692	P29692	EF1D_HUMAN	EEF1D	Elongation factor 1-delta	3.21669e+07	4.58644e+07	9.4237e+06	2.79273e+07
P29728	P29728	OAS2_HUMAN	OAS2	2'-5'-oligoadenylate synthase 2	120268		83364.9	355947
P29966	P29966	MARCS_HUMAN	MARCKS	Myristoylated alanine-rich C-kinase substrate	9.18951e+06		3.02426e+06	661622
P29972	P29972	AQP1_HUMAN	AQP1	Aquaporin-1				160044
P29992	P29992	GNA11_HUMAN	GNA11	Guanine nucleotide-binding protein subunit alpha-11	636618		608497	3.64722e+06
P30038	P30038	AL4A1_HUMAN	ALDH4A1	Delta-1-pyrroline-5-carboxylate dehydrogenase, mitochondrial	1.14022e+06		1.74788e+06	5.89092e+06
P30039	P30039	PBLD_HUMAN	PBLD	Phenazine biosynthesis-like domain-containing protein	1.40545e+06		1.27519e+06	712699
P30040	P30040	ERP29_HUMAN	ERP29	Endoplasmic reticulum resident protein 29	2.69226e+07		2.39334e+07	1.90432e+07
P30041	P30041	PRDX6_HUMAN	PRDX6	Peroxiredoxin-6	4.17739e+07		3.97187e+07	3.52607e+07
P30043	P30043	BLVRB_HUMAN	BLVRB	Flavin reductase (NADPH)	8.3773e+06		1.57448e+07	1.71825e+07
P30044	P30044	PRDX5_HUMAN	PRDX5	Peroxiredoxin-5, mitochondrial	2.26491e+07		4.34498e+07	4.16413e+07
P30046	P30046;A6NHG4	DOPD_HUMAN	DDT	D-dopachrome decarboxylase	3.14228e+07		4.23401e+07	1.29135e+07
P30047	P30047	GFRP_HUMAN	GCHFR	GTP cyclohydrolase 1 feedback regulatory protein	1.33997e+06		1.18343e+06	434145
P30048	P30048	PRDX3_HUMAN	PRDX3	Thioredoxin-dependent peroxide reductase, mitochondrial	2.10611e+07		1.91506e+07	2.51576e+07
P30049	P30049	ATPD_HUMAN	ATP5F1D	ATP synthase subunit delta, mitochondrial	7.96687e+06		1.23721e+06	6.14683e+06
P30050	P30050	RL12_HUMAN	RPL12	Large ribosomal subunit protein uL11	2.11014e+07		2.01186e+07	1.50659e+07
P30084	P30084	ECHM_HUMAN	ECHS1	Enoyl-CoA hydratase, mitochondrial	1.16245e+07		5.6275e+06	1.04146e+07
P30085	P30085	KCY_HUMAN	CMPK1	UMP-CMP kinase	1.98509e+07		2.83137e+07	3.7377e+07
P30086	P30086	PEBP1_HUMAN	PEBP1	Phosphatidylethanolamine-binding protein 1	4.53634e+07		7.30147e+07	2.54641e+07
P30101	P30101	PDIA3_HUMAN	PDIA3	Protein disulfide-isomerase A3	3.10204e+07		1.85202e+07	8.45797e+07
P30153	P30153	2AAA_HUMAN	PPP2R1A	Serine/threonine-protein phosphatase 2A 65 kDa regulatory subunit A alpha isoform	4.75541e+06		1.62877e+06	1.36981e+07
P30154	P30154	2AAB_HUMAN	PPP2R1B	Serine/threonine-protein phosphatase 2A 65 kDa regulatory subunit A beta isoform				307237
P30203	P30203	CD6_HUMAN	CD6	T-cell differentiation antigen CD6	437987		267785	
P30260	P30260	CDC27_HUMAN	CDC27	Cell division cycle protein 27 homolog				263818
P30273	P30273	FCERG_HUMAN	FCER1G	High affinity immunoglobulin epsilon receptor subunit gamma	1.64083e+06			929520
P30279	P30279	CCND2_HUMAN	CCND2	G1/S-specific cyclin-D2				300069
P30405	P30405	PPIF_HUMAN	PPIF	Peptidyl-prolyl cis-trans isomerase F, mitochondrial	7.26758e+06		8.11486e+06	3.72775e+06
P30408	P30408	T4S1_HUMAN	TM4SF1	Transmembrane 4 L6 family member 1	545794		982564	510320
P30419	O60551;P30419	NMT1_HUMAN	NMT1	Glycylpeptide N-tetradecanoyltransferase 1	1.49465e+06		1.43135e+06	2.47174e+06
P30511	P01893;P30511;HLA:HLA00005;HLA:HLA00318	HLAF_HUMAN	HLA-F	HLA class I histocompatibility antigen, alpha chain F	6.04455e+06		3.50561e+06	2.69215e+06
P30519	P30519	HMOX2_HUMAN	HMOX2	Heme oxygenase 2	908579		360930	1.48272e+06
P30520	P30520	PURA2_HUMAN	ADSS2	Adenylosuccinate synthetase isozyme 2	6.23847e+06		5.4249e+06	2.69414e+06
P30533	P30533	AMRP_HUMAN	LRPAP1	Alpha-2-macroglobulin receptor-associated protein	2.51327e+06		3.56186e+06	2.64998e+06
P30536	P30536	TSPO_HUMAN	TSPO	Translocator protein	1.17324e+06		927764	1.82912e+07
P30566	P30566	PUR8_HUMAN	ADSL	Adenylosuccinate lyase	695441		693179	2.03155e+06
P30613	P30613	KPYR_HUMAN	PKLR	Pyruvate kinase PKLR	144741		165769	175484
P30622	P30622	CLIP1_HUMAN	CLIP1	CAP-Gly domain-containing linker protein 1	1.08758e+06		757081	606118
P30626	P30626	SORCN_HUMAN	SRI	Sorcin	3.59049e+07		1.91721e+07	9.80476e+06
P30711	P30711	GSTT1_HUMAN	GSTT1	Glutathione S-transferase theta-1	1.19587e+06		638554	4.03073e+06
P30740	P30740	ILEU_HUMAN	SERPINB1	Leukocyte elastase inhibitor	9.37288e+06		1.29248e+07	1.74356e+07
P30825	P30825	CTR1_HUMAN	SLC7A1	High affinity cationic amino acid transporter 1				188333
P30837	P30837	AL1B1_HUMAN	ALDH1B1	Aldehyde dehydrogenase X, mitochondrial	2.14272e+06		582215	2.39906e+07
P30838	P30838	AL3A1_HUMAN	ALDH3A1	Aldehyde dehydrogenase, dimeric NADP-preferring			194689	429371
P30876	P30876	RPB2_HUMAN	POLR2B	DNA-directed RNA polymerase II subunit RPB2			478873	671763
P31025	P31025	LCN1_HUMAN	LCN1	Lipocalin-1	721359	6.23833e+07	1.91159e+06	3.00162e+06
P31040	P31040	SDHA_HUMAN	SDHA	Succinate dehydrogenase [ubiquinone] flavoprotein subunit, mitochondrial	9.72277e+06		8.89005e+06	7.13674e+06
P31146	P31146	COR1A_HUMAN	CORO1A	Coronin-1A	3.00287e+06		2.54923e+06	1.16544e+07
P31150	P31150	GDIA_HUMAN	GDI1	Rab GDP dissociation inhibitor alpha	1.02886e+06		788583	3.98918e+06
P31151	P31151;Q86SG5	S10A7_HUMAN	S100A7	Protein S100-A7	355638	7.328e+08	1.54083e+06	1.01683e+06
P31153	P31153	METK2_HUMAN	MAT2A	S-adenosylmethionine synthase isoform type-2	1.59297e+07		1.46569e+07	6.50375e+06
P31321	P31321	KAP1_HUMAN	PRKAR1B	cAMP-dependent protein kinase type I-beta regulatory subunit	330934			305662
P31323	P31323	KAP3_HUMAN	PRKAR2B	cAMP-dependent protein kinase type II-beta regulatory subunit	2.68115e+06		1.05646e+06	1.92806e+06
P31350	P31350	RIR2_HUMAN	RRM2	Ribonucleoside-diphosphate reductase subunit M2	591850			
P31431	P31431	SDC4_HUMAN	SDC4	Syndecan-4	2.66717e+06		2.7663e+06	904051
P31483	P31483	TIA1_HUMAN	TIA1	Cytotoxic granule associated RNA binding protein TIA1	1.12945e+06		830800	581676
P31513	P31513	FMO3_HUMAN	FMO3	Flavin-containing monooxygenase 3				118386
P31689	P31689	DNJA1_HUMAN	DNAJA1	DnaJ homolog subfamily A member 1	3.18408e+06		3.04044e+06	2.4101e+06
P31749	P31749	AKT1_HUMAN	AKT1	RAC-alpha serine/threonine-protein kinase	155858		86183.8	926242
P31751	P31751	AKT2_HUMAN	AKT2	RAC-beta serine/threonine-protein kinase	119505			569710
P31930	P31930	QCR1_HUMAN	UQCRC1	Cytochrome b-c1 complex subunit 1, mitochondrial	2.40347e+06		1.3524e+06	1.19901e+07
P31937	P31937	3HIDH_HUMAN	HIBADH	3-hydroxyisobutyrate dehydrogenase, mitochondrial	7.93741e+06		7.13178e+06	8.40775e+06
P31939	P31939	PUR9_HUMAN	ATIC	Bifunctional purine biosynthesis protein ATIC	4.45e+06		6.46478e+06	1.3312e+07
P31942	P31942	HNRH3_HUMAN	HNRNPH3	Heterogeneous nuclear ribonucleoprotein H3	6.16485e+06		4.01438e+06	3.62335e+06
P31943	P31943	HNRH1_HUMAN	HNRNPH1	Heterogeneous nuclear ribonucleoprotein H	2.80531e+07		1.308e+07	1.38844e+07
P31944	P31944	CASPE_HUMAN	CASP14	Caspase-14	579269	2.41466e+08	3.25825e+06	769887
P31946	P31946	1433B_HUMAN	YWHAB	14-3-3 protein beta/alpha	3.46285e+07		2.43261e+07	2.32564e+07
P31947	P31947	1433S_HUMAN	SFN	14-3-3 protein sigma	7.11384e+06	1.58672e+08	8.20962e+06	4.71134e+06
P31948	P31948	STIP1_HUMAN	STIP1	Stress-induced-phosphoprotein 1	3.99696e+07		2.57898e+07	1.53845e+07
P31949	P31949	S10AB_HUMAN	S100A11	Protein S100-A11	2.13079e+08	2.4653e+08	8.3832e+07	1.70631e+07
P31994	P12318;P31994;P31995	FCG2B_HUMAN	FCGR2B	Low affinity immunoglobulin gamma Fc region receptor II-b	1.85024e+06		1.69493e+06	681815
P31997	P31997	CEAM8_HUMAN	CEACAM8	Carcinoembryonic antigen-related cell adhesion molecule 8	1.12389e+06		1.8405e+06	585309
P32004	P32004	L1CAM_HUMAN	L1CAM	Neural cell adhesion molecule L1			423363	92315.7
P32019	P32019	I5P2_HUMAN	INPP5B	Type II inositol 1,4,5-trisphosphate 5-phosphatase				109072
P32119	P32119	PRDX2_HUMAN	PRDX2	Peroxiredoxin-2	5.76669e+07	1.87929e+08	8.0079e+07	6.32897e+07
P32121	P32121	ARRB2_HUMAN	ARRB2	Beta-arrestin-2	1.07893e+06		347331	453921
P32189	P32189;Q14409	GLPK_HUMAN	GK	Glycerol kinase	1.22384e+06		620659	1.34206e+06
P32246	P32246	CCR1_HUMAN	CCR1	C-C chemokine receptor type 1	88650.4			132522
P32298;P34947;P43250	P32298;P34947;P43250	GRK4_HUMAN;GRK5_HUMAN;GRK6_HUMAN	GRK4;GRK5;GRK6	G protein-coupled receptor kinase 4				272121
P32320	P32320	CDD_HUMAN	CDA	Cytidine deaminase	602598		437587	184582
P32321	P32321	DCTD_HUMAN	DCTD	Deoxycytidylate deaminase	3.77412e+06		3.3006e+06	1.50593e+06
P32322	P32322	P5CR1_HUMAN	PYCR1	Pyrroline-5-carboxylate reductase 1, mitochondrial	31140.8			1.27859e+06
P32418	P32418	NAC1_HUMAN	SLC8A1	Sodium/calcium exchanger 1				196820
P32455	P32455;Q9H0R5	GBP1_HUMAN	GBP1	Guanylate-binding protein 1	830444		809578	2.41217e+06
P32456	P32456;Q9H0R5	GBP2_HUMAN	GBP2	Guanylate-binding protein 2	1.03323e+06		943469	2.37348e+06
P32519	P32519	ELF1_HUMAN	ELF1	ETS-related transcription factor Elf-1	853881		209941	338408
P32780	P32780	TF2H1_HUMAN	GTF2H1	General transcription factor IIH subunit 1	397748		182969	287542
P32856	P32856	STX2_HUMAN	STX2	Syntaxin-2	139189		146876	78710.5
P32929	P32929	CGL_HUMAN	CTH	Cystathionine gamma-lyase	242401		351558	246907
P32942	P32942	ICAM3_HUMAN	ICAM3	Intercellular adhesion molecule 3	2.27958e+06		2.11906e+06	1.03119e+06
P32969	P32969	RL9_HUMAN	RPL9	Large ribosomal subunit protein uL6	8.14124e+06		6.97467e+06	9.18755e+06
P33121	P33121	ACSL1_HUMAN	ACSL1	Long-chain-fatty-acid--CoA ligase 1				1.45447e+06
P33151	P33151	CADH5_HUMAN	CDH5	Cadherin-5	234332		264078	185379
P33176	O60282;P33176;Q12840	KINH_HUMAN	KIF5B	Kinesin-1 heavy chain	2.07527e+06		1.48654e+06	4.42863e+06
P33240	P33240	CSTF2_HUMAN	CSTF2	Cleavage stimulation factor subunit 2	1.11134e+06		217641	217264
P33241	P33241	LSP1_HUMAN	LSP1	Lymphocyte-specific protein 1	6.51162e+06		2.01739e+06	861639
P33316	P33316	DUT_HUMAN	DUT	Deoxyuridine 5'-triphosphate nucleotidohydrolase, mitochondrial	6.051e+06		1.73099e+06	1.32234e+06
P33527	P33527	MRP1_HUMAN	ABCC1	Multidrug resistance-associated protein 1	118914			982217
P33897	P33897	ABCD1_HUMAN	ABCD1	ATP-binding cassette sub-family D member 1				732277
P33908	P33908	MA1A1_HUMAN	MAN1A1	Mannosyl-oligosaccharide 1,2-alpha-mannosidase IA				122589
P33947	P33947	ERD22_HUMAN	KDELR2	ER lumen protein-retaining receptor 2			287244	812549
P33991	P33991	MCM4_HUMAN	MCM4	DNA replication licensing factor MCM4	59365.1			72954.2
P33992	P33992	MCM5_HUMAN	MCM5	DNA replication licensing factor MCM5	501411			292016
P33993	P33993	MCM7_HUMAN	MCM7	DNA replication licensing factor MCM7	415149			352076
P34059	P34059	GALNS_HUMAN	GALNS	N-acetylgalactosamine-6-sulfatase	1.77732e+06		3.55709e+06	1.66708e+06
P34096	P34096	RNAS4_HUMAN	RNASE4	Ribonuclease 4			450478	93855.9
P34741	P34741	SDC2_HUMAN	SDC2	Syndecan-2	778690		1.07879e+06	442481
P34810	P34810	CD68_HUMAN	CD68	Macrosialin	2.23849e+06		2.35448e+06	586968
P34896	P34896	GLYC_HUMAN	SHMT1	Serine hydroxymethyltransferase, cytosolic	471047		251164	258776
P34897	P34897	GLYM_HUMAN	SHMT2	Serine hydroxymethyltransferase, mitochondrial	308019		368216	5.76164e+06
P34910	P34910	EVI2B_HUMAN	EVI2B	Protein EVI2B	522506			139086
P34913	P34913	HYES_HUMAN	EPHX2	Bifunctional epoxide hydrolase 2	2.21887e+06		1.01783e+06	1.28633e+07
P34932	P34932	HSP74_HUMAN	HSPA4	Heat shock 70 kDa protein 4	3.58409e+06		3.67995e+06	7.61281e+06
P34949	P34949	MPI_HUMAN	MPI	Mannose-6-phosphate isomerase	1.65825e+06			1.34002e+06
P35030	P35030	TRY3_HUMAN	PRSS3	Trypsin-3	3.43325e+06		4.41584e+06	1.03912e+06
P35052	P35052	GPC1_HUMAN	GPC1	Glypican-1	345574		813495	646842
P35070	P35070	BTC_HUMAN	BTC	Probetacellulin	112619		235269	17402.1
P35080	P35080	PROF2_HUMAN	PFN2	Profilin-2	893708		1.25632e+06	2.59405e+06
P35221	P26232;P35221	CTNA1_HUMAN	CTNNA1	Catenin alpha-1	5.69006e+06		3.85536e+06	6.51602e+06
P35222	P35222	CTNB1_HUMAN	CTNNB1	Catenin beta-1	3.0796e+06		2.07798e+06	8.89486e+06
P35226;P35227	P35226;P35227	BMI1_HUMAN;PCGF2_HUMAN	BMI1;PCGF2	Polycomb complex protein BMI-1				46639.8
P35232	P35232	PHB1_HUMAN	PHB1	Prohibitin 1	564208		95845.2	1.08887e+07
P35236	P35236	PTN7_HUMAN	PTPN7	Tyrosine-protein phosphatase non-receptor type 7				137825
P35237	P35237	SPB6_HUMAN	SERPINB6	Serpin B6	8.97618e+06		9.70287e+06	1.23928e+07
P35240	P35240	MERL_HUMAN	NF2	Merlin	126137			98364.3
P35241	P35241	RADI_HUMAN	RDX	Radixin	1.14005e+06		1.51636e+06	785815
P35244	P35244	RFA3_HUMAN	RPA3	Replication protein A 14 kDa subunit	1.91471e+06		362011	609719
P35249	P35249	RFC4_HUMAN	RFC4	Replication factor C subunit 4	758611			486315
P35250	P35250	RFC2_HUMAN	RFC2	Replication factor C subunit 2	384259			382180
P35251	P35251	RFC1_HUMAN	RFC1	Replication factor C subunit 1	111986		92108.5	60905.6
P35268	P35268	RL22_HUMAN	RPL22	Large ribosomal subunit protein eL22	3.31318e+07		1.93221e+07	2.54942e+07
P35269	P35269	T2FA_HUMAN	GTF2F1	General transcription factor IIF subunit 1	979597		1.17886e+06	776504
P35270	P35270	SPRE_HUMAN	SPR	Sepiapterin reductase	820647		469734	3.48649e+06
P35442	P35442	TSP2_HUMAN	THBS2	Thrombospondin-2			228730	350254
P35475	P35475	IDUA_HUMAN	IDUA	Alpha-L-iduronidase	701415		1.10954e+06	994543
P35527	P35527	K1C9_HUMAN	KRT9	Keratin, type I cytoskeletal 9	5.77657e+07	3.80606e+10	2.60725e+08	4.83936e+07
P35542	P35542	SAA4_HUMAN	SAA4	Serum amyloid A-4 protein	1.64833e+06		8.22435e+06	3.56026e+06
P35555	P35555	FBN1_HUMAN	FBN1	Fibrillin-1	738918		2.38606e+06	6.18978e+06
P35556	P35556	FBN2_HUMAN	FBN2	Fibrillin-2			378254	774065
P35573	P35573	GDE_HUMAN	AGL	Glycogen debranching enzyme	1.14829e+06		1.23327e+06	1.79555e+06
P35579	P35579	MYH9_HUMAN	MYH9	Myosin-9	7.54828e+06		1.46608e+07	3.0315e+07
P35580	P35580	MYH10_HUMAN	MYH10	Myosin-10				524120
P35606	P35606	COPB2_HUMAN	COPB2	Coatomer subunit beta'	6.4572e+06		2.32075e+06	8.72762e+06
P35609	P35609	ACTN2_HUMAN	ACTN2	Alpha-actinin-2	143644		332571	213913
P35610	P35610	SOAT1_HUMAN	SOAT1	Sterol O-acyltransferase 1				515194
P35611	P35611	ADDA_HUMAN	ADD1	Alpha-adducin	1.18282e+06		934665	2.4927e+06
P35612	P35612	ADDB_HUMAN	ADD2	Beta-adducin				106682
P35613	P35613	BASI_HUMAN	BSG	Basigin	1.52519e+07		1.55396e+07	6.62199e+06
P35637	P35637	FUS_HUMAN	FUS	RNA-binding protein FUS	1.43018e+07		1.32995e+07	3.01392e+06
P35658	P35658	NU214_HUMAN	NUP214	Nuclear pore complex protein Nup214				693317
P35659	P35659	DEK_HUMAN	DEK	Protein DEK	6.40083e+06		4.47858e+06	2.53425e+06
P35749	P35749	MYH11_HUMAN	MYH11	Myosin-11	570599		1.4745e+06	4.22612e+06
P35754	P35754	GLRX1_HUMAN	GLRX	Glutaredoxin-1	8.87159e+06		4.67902e+06	2.58112e+06
P35813	O75688;P35813	PPM1A_HUMAN	PPM1A	Protein phosphatase 1A	3.7142e+06		4.44473e+06	1.52939e+06
P35858	P35858	ALS_HUMAN	IGFALS	Insulin-like growth factor-binding protein complex acid labile subunit	378375		396074	835695
P35869	P35869	AHR_HUMAN	AHR	Aryl hydrocarbon receptor				253973
P35900	P35900	K1C20_HUMAN	KRT20	Keratin, type I cytoskeletal 20	3.5804e+06	1.18102e+09	3.52499e+06	6.68107e+06
P35908	P35908	K22E_HUMAN	KRT2	Keratin, type II cytoskeletal 2 epidermal	3.56312e+07	2.20198e+10	1.27495e+08	5.06833e+07
P35914	P35914	HMGCL_HUMAN	HMGCL	Hydroxymethylglutaryl-CoA lyase, mitochondrial	3.55244e+06		2.81626e+06	4.91043e+06
P35998	P35998	PRS7_HUMAN	PSMC2	26S proteasome regulatory subunit 7	1.67606e+06		436034	3.24653e+06
P36222	P36222	CH3L1_HUMAN	CHI3L1	Chitinase-3-like protein 1	1.03954e+06		1.70979e+06	928238
P36269	P36269	GGT5_HUMAN	GGT5	Glutathione hydrolase 5 proenzyme	2.37783e+06		880118	4.05449e+06
P36404	P36404	ARL2_HUMAN	ARL2	ADP-ribosylation factor-like protein 2	2.59601e+06		2.6544e+06	1.28649e+06
P36405	P36405	ARL3_HUMAN	ARL3	ADP-ribosylation factor-like protein 3	5.86615e+06		5.44471e+06	2.82521e+06
P36507	P36507	MP2K2_HUMAN	MAP2K2	Dual specificity mitogen-activated protein kinase kinase 2	869704		345448	3.01354e+06
P36542	P36542	ATPG_HUMAN	ATP5F1C	ATP synthase subunit gamma, mitochondrial	256928			9.04767e+06
P36543	P36543;Q96A05	VATE1_HUMAN	ATP6V1E1	V-type proton ATPase subunit E 1	4.88692e+06		2.34069e+06	2.58869e+06
P36551	P36551	HEM6_HUMAN	CPOX	Oxygen-dependent coproporphyrinogen-III oxidase, mitochondrial	534306		393252	2.77087e+06
P36575	P36575	ARRC_HUMAN	ARR3	Arrestin-C	2.34777e+06		2.06073e+06	1.54142e+06
P36578	P36578	RL4_HUMAN	RPL4	Large ribosomal subunit protein uL4	6.77862e+06		6.52873e+06	1.07966e+07
P36639	P36639	8ODP_HUMAN	NUDT1	Oxidized purine nucleoside triphosphate hydrolase	1.0868e+06		480726	283875
P36776	P36776	LONM_HUMAN	LONP1	Lon protease homolog, mitochondrial	1.22884e+06		560509	1.4942e+07
P36871	P36871	PGM1_HUMAN	PGM1	Phosphoglucomutase-1	2.46281e+06		4.24451e+06	4.854e+06
P36873	P36873	PP1G_HUMAN	PPP1CC	Serine/threonine-protein phosphatase PP1-gamma catalytic subunit	7.31403e+06		5.0353e+06	2.64762e+06
P36897	P36897	TGFR1_HUMAN	TGFBR1	TGF-beta receptor type-1				165425
P36915	P36915	GNL1_HUMAN	GNL1	Guanine nucleotide-binding protein-like 1	559933		230590	1.18205e+06
P36952	P36952	SPB5_HUMAN	SERPINB5	Serpin B5	9.1651e+06		9.36649e+06	1.98611e+07
P36954	P36954	RPB9_HUMAN	POLR2I	DNA-directed RNA polymerase II subunit RPB9	893381			214167
P36955	P36955	PEDF_HUMAN	SERPINF1	Pigment epithelium-derived factor	1.15014e+06		1.7539e+06	2.629e+06
P36957	P36957	ODO2_HUMAN	DLST	Dihydrolipoyllysine-residue succinyltransferase component of 2-oxoglutarate dehydrogenase complex, mitochondrial	7.42205e+06		7.83436e+06	1.03288e+07
P36959	P36959	GMPR1_HUMAN	GMPR	GMP reductase 1	459211		912607	599086
P36969	P36969	GPX4_HUMAN	GPX4	Phospholipid hydroperoxide glutathione peroxidase	2.83071e+06		3.95392e+06	1.53943e+06
P36980	P36980	FHR2_HUMAN	CFHR2	Complement factor H-related protein 2	540474		1.46201e+06	468097
P37059	P37059	DHB2_HUMAN	HSD17B2	17-beta-hydroxysteroid dehydrogenase type 2	229137			1.29424e+06
P37108	P37108	SRP14_HUMAN	SRP14	Signal recognition particle 14 kDa protein	8.20625e+06		4.82411e+06	6.3317e+06
P37198	P37198	NUP62_HUMAN	NUP62	Nuclear pore glycoprotein p62	463052			343217
P37235	P37235	HPCL1_HUMAN	HPCAL1	Hippocalcin-like protein 1	6.86812e+06		8.87069e+06	2.15332e+06
P37268	P37268	FDFT_HUMAN	FDFT1	Squalene synthase	244887			857041
P37802	P37802	TAGL2_HUMAN	TAGLN2	Transgelin-2	9.98346e+07	3.39679e+07	4.51335e+07	3.03162e+07
P37837	P37837	TALDO_HUMAN	TALDO1	Transaldolase	2.57017e+07	4.5683e+08	1.72795e+07	3.56195e+07
P37840	P37840	SYUA_HUMAN	SNCA	Alpha-synuclein	2.52297e+06		7.17111e+06	2.39791e+06
P38117	P38117	ETFB_HUMAN	ETFB	Electron transfer flavoprotein subunit beta	3.31493e+07		1.55432e+07	3.08063e+07
P38159	P38159;Q96E39	RBMX_HUMAN	RBMX	RNA-binding motif protein, X chromosome	2.10762e+07		2.6994e+07	1.66701e+07
P38435	P38435	VKGC_HUMAN	GGCX	Vitamin K-dependent gamma-carboxylase				646296
P38570	P38570	ITAE_HUMAN	ITGAE	Integrin alpha-E	1.30963e+06		212241	1.49269e+06
P38571	P38571	LICH_HUMAN	LIPA	Lysosomal acid lipase/cholesteryl ester hydrolase	1.75955e+06		3.18541e+06	2.44507e+06
P38606	P38606	VATA_HUMAN	ATP6V1A	V-type proton ATPase catalytic subunit A	5.9472e+06		2.72136e+06	6.38574e+06
P38646	P38646	GRP75_HUMAN	HSPA9	Stress-70 protein, mitochondrial	4.36744e+07	3.90959e+08	6.49486e+07	4.9844e+07
P38919	P38919	IF4A3_HUMAN	EIF4A3	Eukaryotic initiation factor 4A-III	4.4541e+06		3.98145e+06	4.62465e+06
P38936	P38936	CDN1A_HUMAN	CDKN1A	Cyclin-dependent kinase inhibitor 1				683008
P39019	P39019	RS19_HUMAN	RPS19	Small ribosomal subunit protein eS19	1.77401e+07		2.84987e+06	9.23226e+06
P39023	P39023	RL3_HUMAN	RPL3	Large ribosomal subunit protein uL3	6.4527e+06		3.84169e+06	7.11851e+06
P39059	P39059	COFA1_HUMAN	COL15A1	Collagen alpha-1(XV) chain	1.35899e+06		1.89256e+06	2.04961e+06
P39060	P39060	COIA1_HUMAN	COL18A1	Collagen alpha-1(XVIII) chain	3.23925e+06		4.77533e+06	2.65656e+06
P39210	P39210	MPV17_HUMAN	MPV17	Protein Mpv17				326011
P39656	P39656	OST48_HUMAN	DDOST	Dolichyl-diphosphooligosaccharide--protein glycosyltransferase 48 kDa subunit	3.27889e+06		1.12812e+06	2.03311e+07
P39687	P39687;O43423	AN32A_HUMAN	ANP32A	Acidic leucine-rich nuclear phosphoprotein 32 family member A	5.02558e+07		4.37985e+07	1.99493e+07
P39748	P39748	FEN1_HUMAN	FEN1	Flap endonuclease 1	999581		172880	702501
P39900	P39900	MMP12_HUMAN	MMP12	Macrophage metalloelastase	441997		1.4403e+06	
P40121	P40121	CAPG_HUMAN	CAPG	Macrophage-capping protein	2.11371e+07		2.00882e+07	1.26455e+07
P40123	P40123	CAP2_HUMAN	CAP2	Adenylyl cyclase-associated protein 2			226521	221022
P40197	P40197	GPV_HUMAN	GP5	Platelet glycoprotein V				144383
P40199	P40199	CEAM6_HUMAN	CEACAM6	Carcinoembryonic antigen-related cell adhesion molecule 6	1.99815e+07		7.89868e+07	3.64919e+07
P40222	P40222	TXLNA_HUMAN	TXLNA	Alpha-taxilin	1.62081e+06		1.32864e+06	994147
P40227	P40227	TCPZ_HUMAN	CCT6A	T-complex protein 1 subunit zeta	3.22832e+06		1.52759e+06	1.48198e+07
P40259	P40259	CD79B_HUMAN	CD79B	B-cell antigen receptor complex-associated protein beta chain	386494			
P40261	P40261	NNMT_HUMAN	NNMT	Nicotinamide N-methyltransferase	2.88036e+06		1.85035e+06	3.76914e+06
P40306	P40306	PSB10_HUMAN	PSMB10	Proteasome subunit beta type-10	5.63735e+06		4.77799e+06	1.91059e+06
P40429	P40429;Q6NVV1	RL13A_HUMAN	RPL13A	Large ribosomal subunit protein uL13	4.09324e+06		4.09155e+06	4.95819e+06
P40616	P40616	ARL1_HUMAN	ARL1	ADP-ribosylation factor-like protein 1	1.2611e+07		1.63448e+07	1.00496e+07
P40763	P40763	STAT3_HUMAN	STAT3	Signal transducer and activator of transcription 3	1.07159e+06		525910	2.97562e+06
P40818	P40818	UBP8_HUMAN	USP8	Ubiquitin carboxyl-terminal hydrolase 8			81151.5	700456
P40879	P40879	S26A3_HUMAN	SLC26A3	Chloride anion exchanger	82154.2		163005	160735
P40925	P40925	MDHC_HUMAN	MDH1	Malate dehydrogenase, cytoplasmic	1.45552e+07		1.04421e+07	2.47465e+07
P40926	P40926	MDHM_HUMAN	MDH2	Malate dehydrogenase, mitochondrial	1.50882e+08	3.56653e+08	2.31851e+08	1.1679e+08
P40937	P40937	RFC5_HUMAN	RFC5	Replication factor C subunit 5	218961			407001
P40938	P40938	RFC3_HUMAN	RFC3	Replication factor C subunit 3	99230.1			199364
P40939	P40939	ECHA_HUMAN	HADHA	Trifunctional enzyme subunit alpha, mitochondrial				1.24575e+07
P40967	P40967	PMEL_HUMAN	PMEL	Melanocyte protein PMEL	68038.4		304872	124843
P41091	P41091	IF2G_HUMAN	EIF2S3	Eukaryotic translation initiation factor 2 subunit 3	2.95231e+06		2.14678e+06	4.11037e+06
P41134	P41134	ID1_HUMAN	ID1	DNA-binding protein inhibitor ID-1	64310.8			
P41208	P41208	CETN2_HUMAN	CETN2	Centrin-2	1.26799e+06		2.25251e+06	1.35221e+06
P41214	P41214	EIF2D_HUMAN	EIF2D	Eukaryotic translation initiation factor 2D	74528.7			255294
P41218	P41218	MNDA_HUMAN	MNDA	Myeloid cell nuclear differentiation antigen	4.2421e+06		5.44068e+06	3.66051e+06
P41221;Q9H1J7	P41221;Q9H1J7	WNT5A_HUMAN;WNT5B_HUMAN	WNT5A;WNT5B	Protein Wnt-5a				66195.6
P41222	P41222	PTGDS_HUMAN	PTGDS	Prostaglandin-H2 D-isomerase	1.08008e+06		1.1802e+06	626105
P41223	P41223	BUD31_HUMAN	BUD31	Protein BUD31 homolog	648681		679592	377015
P41226	P41226	UBA7_HUMAN	UBA7	Ubiquitin-like modifier-activating enzyme 7				514429
P41227	P41227;Q9BSU3	NAA10_HUMAN	NAA10	N-alpha-acetyltransferase 10	2.62878e+06		1.36771e+06	3.00463e+06
P41229	P41229;Q9BY66	KDM5C_HUMAN	KDM5C	Lysine-specific demethylase 5C	1.15236e+06		1.01901e+06	321449
P41235	P41235	HNF4A_HUMAN	HNF4A	Hepatocyte nuclear factor 4-alpha	269813			178475
P41236	P41236;Q6NXS1	IPP2_HUMAN	PPP1R2	Protein phosphatase inhibitor 2	1.90539e+06		630723	373781
P41240	P41240	CSK_HUMAN	CSK	Tyrosine-protein kinase CSK	750622		419659	3.09682e+06
P41247	P41247	PLPL4_HUMAN	PNPLA4	Patatin-like phospholipase domain-containing protein 4				1.76561e+06
P41250	P41250	GARS_HUMAN	GARS1	Glycine--tRNA ligase	6.62379e+06		2.94486e+06	7.53593e+06
P41252	P41252	SYIC_HUMAN	IARS1	Isoleucine--tRNA ligase, cytoplasmic	591300		463014	6.58028e+06
P41271	P41271	NBL1_HUMAN	NBL1	Neuroblastoma suppressor of tumorigenicity 1	513404		413764	77653.7
P41439	P41439	FOLR3_HUMAN	FOLR3	Folate receptor gamma	724503		1.35187e+06	495026
P41567	P41567;O60739	EIF1_HUMAN	EIF1	Eukaryotic translation initiation factor 1	3.15528e+06		2.72058e+06	1.34485e+06
P41732	P41732	TSN7_HUMAN	TSPAN7	Tetraspanin-7	130526		150333	153432
P41743	P41743	KPCI_HUMAN	PRKCI	Protein kinase C iota type	553744		449562	649182
P42025	P42025	ACTY_HUMAN	ACTR1B	Beta-centractin				1.75607e+06
P42126	P42126	ECI1_HUMAN	ECI1	Enoyl-CoA delta isomerase 1, mitochondrial	3.09916e+06		3.5102e+06	3.55206e+06
P42166	P42166	LAP2A_HUMAN	TMPO	Lamina-associated polypeptide 2, isoform alpha	584120			358635
P42167	P42167	LAP2B_HUMAN	TMPO	Lamina-associated polypeptide 2, isoforms beta/gamma	3.73956e+07		1.9556e+07	1.17111e+07
P42224	P42224	STAT1_HUMAN	STAT1	Signal transducer and activator of transcription 1-alpha/beta	883403		668176	4.18453e+06
P42226	P42226	STAT6_HUMAN	STAT6	Signal transducer and activator of transcription 6	342179		341429	1.77502e+06
P42229	P42229	STA5A_HUMAN	STAT5A	Signal transducer and activator of transcription 5A				310160
P42285	P42285	MTREX_HUMAN	MTREX	Exosome RNA helicase MTR4				1.83297e+06
P42330	P42330	AK1C3_HUMAN	AKR1C3	Aldo-keto reductase family 1 member C3	4.67719e+06	4.79e+08	2.83766e+06	1.21817e+07
P42331	P42331	RHG25_HUMAN	ARHGAP25	Rho GTPase-activating protein 25	373958		333351	416860
P42336	P42336	PK3CA_HUMAN	PIK3CA	Phosphatidylinositol 4,5-bisphosphate 3-kinase catalytic subunit alpha isoform				35210
P42338	P42338	PK3CB_HUMAN	PIK3CB	Phosphatidylinositol 4,5-bisphosphate 3-kinase catalytic subunit beta isoform				88793
P42345	P42345	MTOR_HUMAN	MTOR	Serine/threonine-protein kinase mTOR				605055
P42356	P42356	PI4KA_HUMAN	PI4KA	Phosphatidylinositol 4-kinase alpha				277481
P42357	P42357	HUTH_HUMAN	HAL	Histidine ammonia-lyase	154380		511266	118507
P42566	P42566	EPS15_HUMAN	EPS15	Epidermal growth factor receptor substrate 15	1.72049e+06		699699	2.51607e+06
P42574	P42574	CASP3_HUMAN	CASP3	Caspase-3	6.88748e+06		6.12156e+06	2.2781e+06
P42677	P42677;Q71UM5	RS27_HUMAN	RPS27	Small ribosomal subunit protein eS27	5.51541e+06		4.27478e+06	6.21729e+06
P42685	P42685	FRK_HUMAN	FRK	Tyrosine-protein kinase FRK				229377
P42704	P42704	LPPRC_HUMAN	LRPPRC	Leucine-rich PPR motif-containing protein, mitochondrial	249693		143303	1.37193e+07
P42765	P42765	THIM_HUMAN	ACAA2	3-ketoacyl-CoA thiolase, mitochondrial	787990		839479	1.08822e+07
P42766	P42766	RL35_HUMAN	RPL35	Large ribosomal subunit protein uL29	5.82224e+06		1.12514e+06	3.96435e+06
P42768	P42768	WASP_HUMAN	WAS	Actin nucleation-promoting factor WAS	2.65084e+06		885281	1.0195e+06
P42771	P42771;P42772	CDN2A_HUMAN	CDKN2A	Cyclin-dependent kinase inhibitor 2A	21902.8			86818.9
P42785	P42785	PCP_HUMAN	PRCP	Lysosomal Pro-X carboxypeptidase	2.62133e+06		2.08254e+06	1.52331e+06
P42858	P42858	HD_HUMAN	HTT	Huntingtin				658850
P42892	P42892	ECE1_HUMAN	ECE1	Endothelin-converting enzyme 1	602684		277515	539314
P43007	P43007	SATT_HUMAN	SLC1A4	Neutral amino acid transporter A	259876		109625	376499
P43034	P43034	LIS1_HUMAN	PAFAH1B1	Platelet-activating factor acetylhydrolase IB subunit beta	9.9646e+06		9.60995e+06	4.98834e+06
P43121	P43121	MUC18_HUMAN	MCAM	Cell surface glycoprotein MUC18	4.75328e+06		4.7935e+06	2.08784e+06
P43155	P43155	CACP_HUMAN	CRAT	Carnitine O-acetyltransferase	307658		562135	1.24674e+06
P43234	P43234	CATO_HUMAN	CTSO	Cathepsin O	566789		447352	
P43235	P43235	CATK_HUMAN	CTSK	Cathepsin K	588089		593343	365311
P43243	P43243	MATR3_HUMAN	MATR3	Matrin-3	3.92246e+06		2.37691e+06	4.1309e+06
P43246	P43246	MSH2_HUMAN	MSH2	DNA mismatch repair protein Msh2				506824
P43251	P43251	BTD_HUMAN	BTD	Biotinidase	293392		418479	738716
P43304	P43304	GPDM_HUMAN	GPD2	Glycerol-3-phosphate dehydrogenase, mitochondrial				3.52305e+06
P43307	P43307	SSRA_HUMAN	SSR1	Translocon-associated protein subunit alpha	1.94687e+07		1.16139e+07	9.88816e+06
P43353	P43353	AL3B1_HUMAN	ALDH3B1	Aldehyde dehydrogenase family 3 member B1			1.28421e+07	2.20842e+07
P43378	P43378	PTN9_HUMAN	PTPN9	Tyrosine-protein phosphatase non-receptor type 9				780714
P43403	P43403	ZAP70_HUMAN	ZAP70	Tyrosine-protein kinase ZAP-70			236801	84047.5
P43405	P43405	KSYK_HUMAN	SYK	Tyrosine-protein kinase SYK	471762		507482	2.88925e+06
P43487	P43487	RANG_HUMAN	RANBP1	Ran-specific GTPase-activating protein	1.58639e+07		1.11384e+07	5.36984e+06
P43490	P43490	NAMPT_HUMAN	NAMPT	Nicotinamide phosphoribosyltransferase	2.46949e+07		6.38271e+06	1.16238e+07
P43652	P43652	AFAM_HUMAN	AFM	Afamin	1.48697e+06		5.56372e+06	1.68273e+06
P43686	P43686	PRS6B_HUMAN	PSMC4	26S proteasome regulatory subunit 6B	645924		421942	3.82034e+06
P43897	P43897	EFTS_HUMAN	TSFM	Elongation factor Ts, mitochondrial	547771		317997	2.26689e+06
P45381	P45381	ACY2_HUMAN	ASPA	Aspartoacylase			369454	131506
P45877	P45877	PPIC_HUMAN	PPIC	Peptidyl-prolyl cis-trans isomerase C	2.29003e+06		3.22286e+06	1.33496e+06
P45880	P45880	VDAC2_HUMAN	VDAC2	Voltage-dependent anion-selective channel protein 2	1.46681e+07	5.03789e+07	9.12474e+06	8.85568e+06
P45954	P45954	ACDSB_HUMAN	ACADSB	Short/branched chain specific acyl-CoA dehydrogenase, mitochondrial				1.69323e+06
P45973	P45973	CBX5_HUMAN	CBX5	Chromobox protein homolog 5	1.76072e+06		1.40361e+06	791179
P45974	P45974	UBP5_HUMAN	USP5	Ubiquitin carboxyl-terminal hydrolase 5	2.84272e+06		1.98968e+06	6.26233e+06
P45983	P45983	MK08_HUMAN	MAPK8	Mitogen-activated protein kinase 8				224505
P45984	P45984	MK09_HUMAN	MAPK9	Mitogen-activated protein kinase 9	77816.3			792037
P45985	P45985	MP2K4_HUMAN	MAP2K4	Dual specificity mitogen-activated protein kinase kinase 4				277490
P46013	P46013	KI67_HUMAN	MKI67	Proliferation marker protein Ki-67	3.12689e+06		650876	371362
P46019	P46019	KPB2_HUMAN	PHKA2	Phosphorylase b kinase regulatory subunit alpha, liver isoform	1.8894e+06		1.91159e+06	1.99469e+06
P46020	P46020	KPB1_HUMAN	PHKA1	Phosphorylase b kinase regulatory subunit alpha, skeletal muscle isoform				125345
P46060	P46060	RAGP1_HUMAN	RANGAP1	Ran GTPase-activating protein 1	701656			2.64877e+06
P46063	P46063	RECQ1_HUMAN	RECQL	ATP-dependent DNA helicase Q1	486322		378245	2.53253e+06
P46087	P46087	NOP2_HUMAN	NOP2	Probable 28S rRNA (cytosine(4447)-C(5))-methyltransferase	1.32741e+06		1.81188e+06	1.63807e+06
P46100	P46100	ATRX_HUMAN	ATRX	Transcriptional regulator ATRX	118416		53399.6	125733
P46108	P46108	CRK_HUMAN	CRK	Adapter molecule crk	5.45206e+06		5.1494e+06	2.95892e+06
P46109	P46109	CRKL_HUMAN	CRKL	Crk-like protein	6.35601e+06		5.26143e+06	2.99715e+06
P46199	P46199	IF2M_HUMAN	MTIF2	Translation initiation factor IF-2, mitochondrial	598329		640625	887855
P46379	P46379	BAG6_HUMAN	BAG6	Large proline-rich protein BAG6	569266			1.3345e+06
P46459	P46459	NSF_HUMAN	NSF	Vesicle-fusing ATPase	396368		398006	4.9935e+06
P46527	P46527	CDN1B_HUMAN	CDKN1B	Cyclin-dependent kinase inhibitor 1B	486817		218979	
P46734	P46734	MP2K3_HUMAN	MAP2K3	Dual specificity mitogen-activated protein kinase kinase 3	432327		736873	1.01746e+06
P46736	P46736	BRCC3_HUMAN	BRCC3	Lys-63-specific deubiquitinase BRCC36	600127		250737	469875
P46776	P46776	RL27A_HUMAN	RPL27A	Large ribosomal subunit protein uL15	1.6535e+07		8.29528e+06	1.73631e+07
P46777	P46777	RL5_HUMAN	RPL5	Large ribosomal subunit protein uL18	7.36024e+06		6.43319e+06	6.92236e+06
P46778	P46778	RL21_HUMAN	RPL21	Large ribosomal subunit protein eL21	3.52955e+06		2.97598e+06	3.56725e+06
P46779	P46779	RL28_HUMAN	RPL28	Large ribosomal subunit protein eL28	7.65812e+06	3.37744e+07	6.65532e+06	1.03635e+07
P46781	P46781	RS9_HUMAN	RPS9	Small ribosomal subunit protein uS4	3.45864e+07		3.03232e+07	2.88868e+07
P46782	P46782	RS5_HUMAN	RPS5	Small ribosomal subunit protein uS7	2.32227e+07		1.24383e+07	1.41941e+07
P46783	P46783	RS10_HUMAN	RPS10	Small ribosomal subunit protein eS10	1.38771e+07		2.01267e+06	4.16702e+06
P46821	P46821	MAP1B_HUMAN	MAP1B	Microtubule-associated protein 1B	64432.1		19158	291552
P46926	P46926;Q8TDQ7	GNPI1_HUMAN	GNPDA1	Glucosamine-6-phosphate isomerase 1	8.10181e+06		1.07819e+07	5.13106e+06
P46934	P46934	NEDD4_HUMAN	NEDD4	E3 ubiquitin-protein ligase NEDD4				136649
P46937	P46937	YAP1_HUMAN	YAP1	Transcriptional coactivator YAP1	1.611e+06		617442	373952
P46939	P46939	UTRN_HUMAN	UTRN	Utrophin	212883		355696	1.23284e+06
P46940	P46940	IQGA1_HUMAN	IQGAP1	Ras GTPase-activating-like protein IQGAP1	2.31791e+06		2.68597e+06	1.25773e+07
P46952	P46952	3HAO_HUMAN	HAAO	3-hydroxyanthranilate 3,4-dioxygenase	730186		1.11308e+06	2.22942e+06
P46976	P46976	GLYG_HUMAN	GYG1	Glycogenin-1	9.23541e+06		8.55267e+06	6.8599e+06
P46977	P46977	STT3A_HUMAN	STT3A	Dolichyl-diphosphooligosaccharide--protein glycosyltransferase subunit STT3A	237616		119459	4.4973e+06
P47224	P47224	MSS4_HUMAN	RABIF	Guanine nucleotide exchange factor MSS4	4.37339e+06		2.96342e+06	1.05208e+06
P47712	P47712	PA24A_HUMAN	PLA2G4A	Cytosolic phospholipase A2				318734
P47755	P47755	CAZA2_HUMAN	CAPZA2	F-actin-capping protein subunit alpha-2	4.33994e+06		2.97925e+06	3.87695e+06
P47756	P47756	CAPZB_HUMAN	CAPZB	F-actin-capping protein subunit beta	1.67074e+07		1.23483e+07	1.11985e+07
P47813	P47813;O14602	IF1AX_HUMAN	EIF1AX	Eukaryotic translation initiation factor 1A, X-chromosomal	2.52464e+06		1.8379e+06	1.76647e+06
P47895	P47895	AL1A3_HUMAN	ALDH1A3	Retinaldehyde dehydrogenase 3	1.82422e+06		921861	895494
P47897	P47897	SYQ_HUMAN	QARS1	Glutamine--tRNA ligase	707923		576879	4.08046e+06
P47914	P47914	RL29_HUMAN	RPL29	Large ribosomal subunit protein eL29	5.17984e+06		1.08503e+06	4.01408e+06
P47929	P47929	LEG7_HUMAN	LGALS7	Galectin-7	1.34095e+06	4.61262e+08	3.45432e+06	1.93582e+06
P47974	P47974;Q07352	TISD_HUMAN	ZFP36L2	mRNA decay activator protein ZFP36L2	1.22937e+06		621549	521326
P47985	P47985;P0C7P4	UCRI_HUMAN	UQCRFS1	Cytochrome b-c1 complex subunit Rieske, mitochondrial	8.40055e+06		6.77146e+06	1.28696e+07
P47989	P47989	XDH_HUMAN	XDH	Xanthine dehydrogenase/oxidase				38041.3
P48047	P48047	ATPO_HUMAN	ATP5PO	ATP synthase subunit O, mitochondrial	8.83524e+06		1.77864e+06	1.80132e+07
P48059	P48059	LIMS1_HUMAN	LIMS1	LIM and senescent cell antigen-like-containing domain protein 1	2.34457e+06		1.90751e+06	3.02544e+06
P48147	P48147	PPCE_HUMAN	PREP	Prolyl endopeptidase	1.09364e+07		1.70576e+07	5.10952e+06
P48163	P48163	MAOX_HUMAN	ME1	NADP-dependent malic enzyme	473933		638847	1.5486e+06
P48200	P48200	IREB2_HUMAN	IREB2	Iron-responsive element-binding protein 2	3.3464e+06		2.67489e+06	1.88979e+06
P48304	P48304	REG1B_HUMAN	REG1B	Lithostathine-1-beta	167224			157773
P48382	P48382	RFX5_HUMAN	RFX5	DNA-binding protein RFX5	251703		182868	162677
P48426	P48426	PI42A_HUMAN	PIP4K2A	Phosphatidylinositol 5-phosphate 4-kinase type-2 alpha	421378		210491	557751
P48436	P35713;P48436;P57073;Q9H6I2	SOX9_HUMAN	SOX9	Transcription factor SOX-9	351596		311858	139276
P48444	P48444	COPD_HUMAN	ARCN1	Coatomer subunit delta	669957		737904	6.88636e+06
P48449	P48449	LSS_HUMAN	LSS	Lanosterol synthase				1.03331e+06
P48454	P48454	PP2BC_HUMAN	PPP3CC	Serine/threonine-protein phosphatase 2B catalytic subunit gamma isoform			327479	302369
P48506	P48506	GSH1_HUMAN	GCLC	Glutamate--cysteine ligase catalytic subunit	928192		944336	2.89447e+06
P48507	P48507	GSH0_HUMAN	GCLM	Glutamate--cysteine ligase regulatory subunit	923124		496530	929555
P48509	P48509	CD151_HUMAN	CD151	CD151 antigen	2.22171e+06		2.22925e+06	1.35297e+06
P48539	P48539	PCP4_HUMAN	PCP4	Calmodulin regulator protein PCP4	529698		935756	
P48553	P48553	TPC10_HUMAN	TRAPPC10	Trafficking protein particle complex subunit 10				401215
P48556	P48556	PSMD8_HUMAN	PSMD8	26S proteasome non-ATPase regulatory subunit 8	4.42076e+06		1.80611e+06	5.36635e+06
P48595	P48595	SPB10_HUMAN	SERPINB10	Serpin B10				304109
P48634	P48634	PRC2A_HUMAN	PRRC2A	Protein PRRC2A	791503		701336	406168
P48637	P48637	GSHB_HUMAN	GSS	Glutathione synthetase	1.2052e+07		1.82838e+07	6.90572e+06
P48643	P48643	TCPE_HUMAN	CCT5	T-complex protein 1 subunit epsilon	3.66817e+06		1.05862e+06	5.78093e+06
P48651	P48651	PTSS1_HUMAN	PTDSS1	Phosphatidylserine synthase 1				898209
P48681	P48681	NEST_HUMAN	NES	Nestin	746585		183628	193309
P48723	P48723	HSP13_HUMAN	HSPA13	Heat shock 70 kDa protein 13	899248			937200
P48728	P48728	GCST_HUMAN	AMT	Aminomethyltransferase, mitochondrial	478523		1.08236e+06	289621
P48729	P48729;Q8N752	KC1A_HUMAN	CSNK1A1	Casein kinase I isoform alpha	2.32044e+06		1.7557e+06	1.81493e+06
P48730	P48730;P49674	KC1D_HUMAN	CSNK1D	Casein kinase I isoform delta	380844		481704	477805
P48735	P48735	IDHP_HUMAN	IDH2	Isocitrate dehydrogenase [NADP], mitochondrial	1.84203e+07		2.00068e+07	1.62138e+07
P48736	P48736	PK3CG_HUMAN	PIK3CG	Phosphatidylinositol 4,5-bisphosphate 3-kinase catalytic subunit gamma isoform				169124
P48739	P48739	PIPNB_HUMAN	PITPNB	Phosphatidylinositol transfer protein beta isoform	7.11368e+06		8.13331e+06	3.07218e+06
P48741	P17066;P48741	HSP77_HUMAN	HSPA7	Putative heat shock 70 kDa protein 7	2.88548e+08	2.03556e+08	3.23222e+08	1.65996e+08
P48960	P48960	AGRE5_HUMAN	ADGRE5	Adhesion G protein-coupled receptor E5	2.38279e+06		1.16133e+06	1.23956e+06
P49005	P49005	DPOD2_HUMAN	POLD2	DNA polymerase delta subunit 2				211066
P49006	P49006	MRP_HUMAN	MARCKSL1	MARCKS-related protein	8.26089e+06		2.23768e+06	1.10182e+06
P49023	P49023	PAXI_HUMAN	PXN	Paxillin	5.10254e+06		2.83699e+06	1.66605e+06
P49137	P49137	MAPK2_HUMAN	MAPKAPK2	MAP kinase-activated protein kinase 2	812777		877226	817871
P49189	P49189	AL9A1_HUMAN	ALDH9A1	4-trimethylaminobutyraldehyde dehydrogenase	1.03538e+07	3.21088e+07	5.40646e+06	1.37646e+07
P49207	P49207	RL34_HUMAN	RPL34	Large ribosomal subunit protein eL34	2.26765e+06		652962	1.58927e+06
P49247	P49247	RPIA_HUMAN	RPIA	Ribose-5-phosphate isomerase	5.31889e+06		6.3558e+06	3.50383e+06
P49257	P49257	LMAN1_HUMAN	LMAN1	Protein ERGIC-53	5.31444e+06		1.61288e+06	8.80686e+06
P49281	P49281	NRAM2_HUMAN	SLC11A2	Natural resistance-associated macrophage protein 2				467259
P49321	P49321	NASP_HUMAN	NASP	Nuclear autoantigenic sperm protein	7.24414e+06		873481	1.41508e+06
P49327	P49327	FAS_HUMAN	FASN	Fatty acid synthase	350148		337049	3.22416e+06
P49354	P49354	FNTA_HUMAN	FNTA	Protein farnesyltransferase/geranylgeranyltransferase type-1 subunit alpha	742828		479656	1.25481e+06
P49356	P49356	FNTB_HUMAN	FNTB	Protein farnesyltransferase subunit beta	270373		78782.2	323313
P49366	P49366	DHYS_HUMAN	DHPS	Deoxyhypusine synthase	634402		349475	258952
P49368	P49368	TCPG_HUMAN	CCT3	T-complex protein 1 subunit gamma	2.97312e+06		808867	9.46486e+06
P49406	P49406	RM19_HUMAN	MRPL19	Large ribosomal subunit protein bL19m	497348		553320	2.85778e+06
P49407	P10523;P49407	ARRB1_HUMAN	ARRB1	Beta-arrestin-1	4.04196e+06		2.83274e+06	1.80938e+06
P49411	P49411	EFTU_HUMAN	TUFM	Elongation factor Tu, mitochondrial	2.4289e+07		2.11897e+07	4.26367e+07
P49419	P49419	AL7A1_HUMAN	ALDH7A1	Alpha-aminoadipic semialdehyde dehydrogenase	5.01435e+06		6.08115e+06	3.93822e+06
P49427	P49427	UB2R1_HUMAN	CDC34	Ubiquitin-conjugating enzyme E2 R1	609928		439565	988816
P49441	P49441	INPP_HUMAN	INPP1	Inositol polyphosphate 1-phosphatase	906394		390368	1.53541e+06
P49447	P49447	CY561_HUMAN	CYB561	Transmembrane ascorbate-dependent reductase CYB561	409899		239714	590997
P49458	P49458	SRP09_HUMAN	SRP9	Signal recognition particle 9 kDa protein	1.55181e+07		1.09808e+07	9.54518e+06
P49459	P49459	UBE2A_HUMAN	UBE2A	Ubiquitin-conjugating enzyme E2 A	1.30585e+06		1.10035e+06	707377
P49585	P49585	PCY1A_HUMAN	PCYT1A	Choline-phosphate cytidylyltransferase A	3.89319e+06		3.29248e+06	3.57242e+06
P49588	P49588	SYAC_HUMAN	AARS1	Alanine--tRNA ligase, cytoplasmic	1.56143e+06		833191	2.4885e+06
P49589	P49589	SYCC_HUMAN	CARS1	Cysteine--tRNA ligase, cytoplasmic	4.22405e+06		3.63952e+06	1.80836e+06
P49590	P49590	SYHM_HUMAN	HARS2	Histidine--tRNA ligase, mitochondrial	168084		76997.6	334456
P49591	P49591	SYSC_HUMAN	SARS1	Serine--tRNA ligase, cytoplasmic	9.71567e+06	2.07317e+08	8.34285e+06	6.01093e+06
P49593	P49593	PPM1F_HUMAN	PPM1F	Protein phosphatase 1F	1.23986e+06		539977	1.44383e+06
P49641	P49641	MA2A2_HUMAN	MAN2A2	Alpha-mannosidase 2x				81518.2
P49643	P49643	PRI2_HUMAN	PRIM2	DNA primase large subunit				39983.4
P49662	P49662	CASP4_HUMAN	CASP4	Caspase-4	2.01122e+06		1.1941e+06	671313
P49711;Q8NI51	P49711;Q8NI51	CTCFL_HUMAN;CTCF_HUMAN	CTCF;CTCFL	Transcriptional repressor CTCF	95334.6			
P49720	P49720	PSB3_HUMAN	PSMB3	Proteasome subunit beta type-3	7.13894e+06		6.97388e+06	3.68213e+06
P49721	P49721	PSB2_HUMAN	PSMB2	Proteasome subunit beta type-2	1.28324e+07		1.16759e+07	8.41006e+06
P49736	P49736	MCM2_HUMAN	MCM2	DNA replication licensing factor MCM2	3.29133e+06			1.48848e+06
P49748	P49748	ACADV_HUMAN	ACADVL	Very long-chain specific acyl-CoA dehydrogenase, mitochondrial	269954		3.71043e+06	1.01001e+07
P49750	P49750	YLPM1_HUMAN	YLPM1	YLP motif-containing protein 1	803710		578108	342784
P49753	P49753;Q86TX2	ACOT2_HUMAN	ACOT2	Acyl-coenzyme A thioesterase 2, mitochondrial				1.99974e+06
P49754	P49754	VPS41_HUMAN	VPS41	Vacuolar protein sorting-associated protein 41 homolog				178517
P49755	P49755	TMEDA_HUMAN	TMED10	Transmembrane emp24 domain-containing protein 10	1.19646e+07		7.71774e+06	1.46127e+07
P49756	P49756	RBM25_HUMAN	RBM25	RNA-binding protein 25	502254		404740	1.06292e+06
P49757	P49757	NUMB_HUMAN	NUMB	Protein numb homolog	231365		129750	265149
P49768	P49768;P49810	PSN1_HUMAN	PSEN1	Presenilin-1				456618
P49770	P49770	EI2BB_HUMAN	EIF2B2	Translation initiation factor eIF-2B subunit beta	222110		89580.1	691351
P49773	P49773	HINT1_HUMAN	HINT1	Adenosine 5'-monophosphoramidase HINT1	2.04118e+07		1.32975e+07	1.06929e+07
P49789	P49789	FHIT_HUMAN	FHIT	Bis(5'-adenosyl)-triphosphatase	1.15913e+06		1.91679e+06	982643
P49790	P49790	NU153_HUMAN	NUP153	Nuclear pore complex protein Nup153	557915		388680	581446
P49792	P49792	RBP2_HUMAN	RANBP2	E3 SUMO-protein ligase RanBP2	348364		551643	1.86163e+06
P49796	P49796	RGS3_HUMAN	RGS3	Regulator of G-protein signaling 3	96556.8		62674.3	184841
P49821	P49821	NDUV1_HUMAN	NDUFV1	NADH dehydrogenase [ubiquinone] flavoprotein 1, mitochondrial	4.75497e+06		4.76628e+06	3.43754e+06
P49840	P49840	GSK3A_HUMAN	GSK3A	Glycogen synthase kinase-3 alpha	313078		149421	592668
P49841	P49840;P49841	GSK3B_HUMAN	GSK3B	Glycogen synthase kinase-3 beta	770022		460504	1.20276e+06
P49848	P49848	TAF6_HUMAN	TAF6	Transcription initiation factor TFIID subunit 6	57340.7			46755.8
P49863	P49863	GRAK_HUMAN	GZMK	Granzyme K	1.70831e+06		427538	145937
P49902	P49902	5NTC_HUMAN	NT5C2	Cytosolic purine 5'-nucleotidase	4.78815e+06		4.97492e+06	4.58264e+06
P49903	P49903	SPS1_HUMAN	SEPHS1	Selenide, water dikinase 1	1.49494e+06		870175	1.51662e+06
P49908	P49908	SEPP1_HUMAN	SELENOP	Selenoprotein P	201451		790980	187608
P49913	P49913	CAMP_HUMAN	CAMP	Cathelicidin antimicrobial peptide	5.01772e+06		1.03767e+07	4.99196e+06
P49914	P49914	MTHFS_HUMAN	MTHFS	5-formyltetrahydrofolate cyclo-ligase	1.93702e+06		1.44942e+06	1.09411e+06
P49915	P49915	GUAA_HUMAN	GMPS	GMP synthase [glutamine-hydrolyzing]	3.41421e+06		1.8178e+06	2.38774e+06
P49916	P49916	DNLI3_HUMAN	LIG3	DNA ligase 3	94806.1		107101	169523
P49917	P49917	DNLI4_HUMAN	LIG4	DNA ligase 4				275570
P49959	P49959	MRE11_HUMAN	MRE11	Double-strand break repair protein MRE11	1.36449e+06		577302	2.15924e+06
P49961	P49961	ENTP1_HUMAN	ENTPD1	Ectonucleoside triphosphate diphosphohydrolase 1	4.65073e+06		3.18382e+06	2.68846e+06
P50120	P50120	RET2_HUMAN	RBP2	Retinol-binding protein 2	2.76322e+06		681861	
P50135	P50135	HNMT_HUMAN	HNMT	Histamine N-methyltransferase	2.62766e+06		2.31892e+06	6.832e+06
P50148	P50148	GNAQ_HUMAN	GNAQ	Guanine nucleotide-binding protein G(q) subunit alpha				1.36555e+06
P50213	P50213	IDH3A_HUMAN	IDH3A	Isocitrate dehydrogenase [NAD] subunit alpha, mitochondrial	6.92008e+06		894095	8.76181e+06
P50225	P50225;P50226	ST1A1_HUMAN	SULT1A1	Sulfotransferase 1A1	760800		431326	2.41949e+06
P50238	P50238	CRIP1_HUMAN	CRIP1	Cysteine-rich protein 1	5.13561e+06		2.9619e+06	994084
P50281	P50281	MMP14_HUMAN	MMP14	Matrix metalloproteinase-14	1.34002e+06		1.17315e+06	1.10159e+06
P50336	P50336	PPOX_HUMAN	PPOX	Protoporphyrinogen oxidase				289844
P50395	P50395	GDIB_HUMAN	GDI2	Rab GDP dissociation inhibitor beta	8.7431e+06		5.43177e+06	2.39061e+07
P50402	P50402	EMD_HUMAN	EMD	Emerin	2.55006e+06		479512	1.62357e+06
P50416	P50416	CPT1A_HUMAN	CPT1A	Carnitine O-palmitoyltransferase 1, liver isoform				3.33558e+06
P50440	P50440	GATM_HUMAN	GATM	Glycine amidinotransferase, mitochondrial				601716
P50443	P50443	S26A2_HUMAN	SLC26A2	Sulfate transporter			23906.5	234990
P50452	P50452	SPB8_HUMAN	SERPINB8	Serpin B8	1.84795e+06		3.21982e+06	2.9953e+06
P50453	P50453	SPB9_HUMAN	SERPINB9	Serpin B9	2.57617e+06		1.43481e+06	3.51463e+06
P50454	P50454	SERPH_HUMAN	SERPINH1	Serpin H1	4.36945e+06		2.37713e+06	1.37422e+07
P50479	P50479	PDLI4_HUMAN	PDLIM4	PDZ and LIM domain protein 4	2.94266e+06		1.74433e+06	857023
P50502	P50502;Q8NFI4	F10A1_HUMAN	ST13	Hsc70-interacting protein	2.47479e+07		2.04441e+07	1.1976e+07
P50542	P50542	PEX5_HUMAN	PEX5	Peroxisomal targeting signal 1 receptor				94591
P50552	P50552	VASP_HUMAN	VASP	Vasodilator-stimulated phosphoprotein	6.39547e+06		5.09494e+06	6.05621e+06
P50570	P50570;Q9UQ16	DYN2_HUMAN	DNM2	Dynamin-2	985229		809952	7.94387e+06
P50579	P50579	MAP2_HUMAN	METAP2	Methionine aminopeptidase 2	1.44821e+06		1.76473e+06	935454
P50583	P50583	AP4A_HUMAN	NUDT2	Bis(5'-nucleosyl)-tetraphosphatase [asymmetrical]	645345		231240	799883
P50613	P50613	CDK7_HUMAN	CDK7	Cyclin-dependent kinase 7				433397
P50747	P50747	BPL1_HUMAN	HLCS	Biotin--protein ligase				109739
P50749	P50749;Q9H2L5	RASF2_HUMAN	RASSF2	Ras association domain-containing protein 2				375137
P50750	P50750	CDK9_HUMAN	CDK9	Cyclin-dependent kinase 9				562467
P50851	P50851	LRBA_HUMAN	LRBA	Lipopolysaccharide-responsive and beige-like anchor protein				2.33395e+06
P50895	P50895	BCAM_HUMAN	BCAM	Basal cell adhesion molecule	704965		1.11047e+06	485980
P50897	P50897	PPT1_HUMAN	PPT1	Palmitoyl-protein thioesterase 1	8.21167e+06		3.62132e+06	5.85598e+06
P50914	P50914	RL14_HUMAN	RPL14	Large ribosomal subunit protein eL14	8.40966e+06		7.5701e+06	1.31984e+07
P50990	P50990	TCPQ_HUMAN	CCT8	T-complex protein 1 subunit theta	7.73206e+06		1.36998e+06	1.22836e+07
P50991	P50991	TCPD_HUMAN	CCT4	T-complex protein 1 subunit delta	5.34024e+06		1.79133e+06	1.04957e+07
P50995	P50995	ANX11_HUMAN	ANXA11	Annexin A11	7.88005e+06		6.47041e+06	8.37854e+06
P51003	P51003;Q9NRJ5	PAPOA_HUMAN	PAPOLA	Poly(A) polymerase alpha	634845			1.49235e+06
P51114	P51114	FXR1_HUMAN	FXR1	RNA-binding protein FXR1	1.59767e+06		836423	1.26135e+06
P51116	P51116	FXR2_HUMAN	FXR2	RNA-binding protein FXR2	147898		59990.2	91697.4
P51148	P20339;P51148;P61020	RAB5C_HUMAN	RAB5C	Ras-related protein Rab-5C	4.57443e+07		4.79066e+07	1.81142e+07
P51149	P51149	RAB7A_HUMAN	RAB7A	Ras-related protein Rab-7a	3.18769e+07		3.4885e+07	1.44184e+07
P51151	P51151	RAB9A_HUMAN	RAB9A	Ras-related protein Rab-9A	2.65584e+06		1.40125e+06	1.7138e+06
P51153	P51153	RAB13_HUMAN	RAB13	Ras-related protein Rab-13	3.2257e+06		2.40573e+06	2.07154e+06
P51157	P51157	RAB28_HUMAN	RAB28	Ras-related protein Rab-28	188565			129883
P51159	P51159	RB27A_HUMAN	RAB27A	Ras-related protein Rab-27A	4.76614e+06		5.07013e+06	2.59574e+06
P51161	P51161	FABP6_HUMAN	FABP6	Gastrotropin	953538		3.25576e+06	1.63141e+06
P51178	P51178	PLCD1_HUMAN	PLCD1	1-phosphatidylinositol 4,5-bisphosphate phosphodiesterase delta-1	738030		710734	598023
P51397	P51397	DAP1_HUMAN	DAP	Death-associated protein 1	4.28076e+06		1.20049e+06	400368
P51398	P51398	RT29_HUMAN	DAP3	Small ribosomal subunit protein mS29	182151		133093	1.49763e+06
P51452	P51452	DUS3_HUMAN	DUSP3	Dual specificity protein phosphatase 3	1.56859e+06		1.16531e+06	2.30627e+06
P51530	P51530	DNA2_HUMAN	DNA2	DNA replication ATP-dependent helicase/nuclease DNA2	178368			135181
P51531	P51531	SMCA2_HUMAN	SMARCA2	Probable global transcription activator SNF2L2				411338
P51532	P51531;P51532	SMCA4_HUMAN	SMARCA4	Transcription activator BRG1	421538		692220	820560
P51553	P51553	IDH3G_HUMAN	IDH3G	Isocitrate dehydrogenase [NAD] subunit gamma, mitochondrial	467870		193602	4.9672e+06
P51570	P51570	GALK1_HUMAN	GALK1	Galactokinase	254257		397986	1.75656e+06
P51571	P51571	SSRD_HUMAN	SSR4	Translocon-associated protein subunit delta	7.75977e+06		4.34526e+06	6.3975e+06
P51572	P51572	BAP31_HUMAN	BCAP31	B-cell receptor-associated protein 31	6.0372e+06		3.66521e+06	2.62658e+07
P51575	P51575	P2RX1_HUMAN	P2RX1	P2X purinoceptor 1				195374
P51580	P51580	TPMT_HUMAN	TPMT	Thiopurine S-methyltransferase	1.45567e+06		1.31756e+06	2.5434e+06
P51606	P51606	RENBP_HUMAN	RENBP	N-acylglucosamine 2-epimerase	1.4236e+06		1.19171e+06	629772
P51608	P51608	MECP2_HUMAN	MECP2	Methyl-CpG-binding protein 2	743941		710799	443515
P51610	P51610	HCFC1_HUMAN	HCFC1	Host cell factor 1	2.87262e+06		1.39819e+06	2.41752e+06
P51617	P51617	IRAK1_HUMAN	IRAK1	Interleukin-1 receptor-associated kinase 1				351185
P51636	P51636	CAV2_HUMAN	CAV2	Caveolin-2	4.41801e+06		6.19674e+06	5.49079e+06
P51648	P51648	AL3A2_HUMAN	ALDH3A2	Aldehyde dehydrogenase family 3 member A2	664735		1.42936e+06	6.56308e+06
P51649	P51649	SSDH_HUMAN	ALDH5A1	Succinate-semialdehyde dehydrogenase, mitochondrial	494092		333977	895864
P51659	P51659	DHB4_HUMAN	HSD17B4	Peroxisomal multifunctional enzyme type 2	1.06319e+07		7.50964e+06	1.70634e+07
P51665	P51665	PSMD7_HUMAN	PSMD7	26S proteasome non-ATPase regulatory subunit 7	2.38325e+06		1.38297e+06	5.48293e+06
P51668;Q9Y2X8	P51668;Q9Y2X8	UB2D1_HUMAN;UB2D4_HUMAN	UBE2D1;UBE2D4	Ubiquitin-conjugating enzyme E2 D1	520682			756558
P51687	P51687	SUOX_HUMAN	SUOX	Sulfite oxidase, mitochondrial	1.50096e+06		1.91974e+06	1.44371e+06
P51688	P51688	SPHM_HUMAN	SGSH	N-sulphoglucosamine sulphohydrolase	4.1954e+06		1.08956e+07	4.92522e+06
P51689	P51689	ARSD_HUMAN	ARSD	Arylsulfatase D				707321
P51690	P51690	ARSL_HUMAN	ARSL	Arylsulfatase L	3.3338e+06		2.17475e+06	2.33657e+06
P51692	P51692	STA5B_HUMAN	STAT5B	Signal transducer and activator of transcription 5B	504802		588915	1.69545e+06
P51784	P51784	UBP11_HUMAN	USP11	Ubiquitin carboxyl-terminal hydrolase 11	564468			633458
P51790	P51790	CLCN3_HUMAN	CLCN3	H(+)/Cl(-) exchange transporter 3			52345.6	593701
P51798	P51798	CLCN7_HUMAN	CLCN7	H(+)/Cl(-) exchange transporter 7				676176
P51808	P51808	DYLT3_HUMAN	DYNLT3	Dynein light chain Tctex-type 3	42412.6			201441
P51809	P51809	VAMP7_HUMAN	VAMP7	Vesicle-associated membrane protein 7	962998		622804	1.19173e+06
P51812	P51812	KS6A3_HUMAN	RPS6KA3	Ribosomal protein S6 kinase alpha-3	533881		429218	1.9769e+06
P51858	P51858	HDGF_HUMAN	HDGF	Hepatoma-derived growth factor	1.67998e+07		2.83365e+07	1.12257e+07
P51884	P51884	LUM_HUMAN	LUM	Lumican	9.39909e+06		3.55359e+07	1.33919e+07
P51888	P51888	PRELP_HUMAN	PRELP	Prolargin	1.3995e+06		2.45709e+06	1.33986e+06
P51911	P51911	CNN1_HUMAN	CNN1	Calponin-1	1.71658e+07		3.33333e+07	1.10529e+07
P51946	P51946	CCNH_HUMAN	CCNH	Cyclin-H				191220
P51948	P51948	MAT1_HUMAN	MNAT1	CDK-activating kinase assembly factor MAT1			122393	154787
P51956	P51956	NEK3_HUMAN	NEK3	Serine/threonine-protein kinase Nek3				193130
P51965	P51965;Q969T4;Q96LR5	UB2E1_HUMAN	UBE2E1	Ubiquitin-conjugating enzyme E2 E1	859494		852516	751650
P51970	P51970	NDUA8_HUMAN	NDUFA8	NADH dehydrogenase [ubiquinone] 1 alpha subcomplex subunit 8	1.42142e+06		1.07665e+06	2.76285e+06
P51991	P51991	ROA3_HUMAN	HNRNPA3	Heterogeneous nuclear ribonucleoprotein A3	2.31032e+07		2.31925e+07	1.20036e+07
P51993	P21217;P51993;Q11128	FUT6_HUMAN	FUT6	4-galactosyl-N-acetylglucosaminide 3-alpha-L-fucosyltransferase FUT6	704447		1.26134e+06	1.08635e+06
P52209	P52209	6PGD_HUMAN	PGD	6-phosphogluconate dehydrogenase, decarboxylating	9.64147e+06		6.76068e+06	1.91643e+07
P52272	P52272	HNRPM_HUMAN	HNRNPM	Heterogeneous nuclear ribonucleoprotein M	1.04954e+07		7.7432e+06	1.47615e+07
P52292	P52292	IMA1_HUMAN	KPNA2	Importin subunit alpha-1	584275			760608
P52294	O15131;P52294	IMA5_HUMAN	KPNA1	Importin subunit alpha-5				1.0948e+06
P52298	P52298	NCBP2_HUMAN	NCBP2	Nuclear cap-binding protein subunit 2	2.27459e+06		1.37301e+06	1.37665e+06
P52306	P52306	GDS1_HUMAN	RAP1GDS1	Rap1 GTPase-GDP dissociation stimulator 1	558787		137279	1.4547e+06
P52434	P52434	RPAB3_HUMAN	POLR2H	DNA-directed RNA polymerases I, II, and III subunit RPABC3	1.17469e+06		838584	1.11096e+06
P52564	P52564	MP2K6_HUMAN	MAP2K6	Dual specificity mitogen-activated protein kinase kinase 6				190083
P52565	P52565	GDIR1_HUMAN	ARHGDIA	Rho GDP-dissociation inhibitor 1	8.65184e+07		9.81538e+07	3.30295e+07
P52566	P52566	GDIR2_HUMAN	ARHGDIB	Rho GDP-dissociation inhibitor 2	1.11134e+08		7.89875e+07	2.19757e+07
P52594	P52594;O95081	AGFG1_HUMAN	AGFG1	Arf-GAP domain and FG repeat-containing protein 1	836128		397586	973253
P52597	P52597	HNRPF_HUMAN	HNRNPF	Heterogeneous nuclear ribonucleoprotein F	1.23132e+07		5.48028e+06	5.57799e+06
P52630	P52630	STAT2_HUMAN	STAT2	Signal transducer and activator of transcription 2				655994
P52657	P52657	T2AG_HUMAN	GTF2A2	Transcription initiation factor IIA subunit 2	1.05783e+06		308201	344885
P52701	P52701	MSH6_HUMAN	MSH6	DNA mismatch repair protein Msh6			125094	209110
P52735	P52735	VAV2_HUMAN	VAV2	Guanine nucleotide exchange factor VAV2			225183	503555
P52756	P52756	RBM5_HUMAN	RBM5	RNA-binding protein 5				645588
P52758	P52758	RIDA_HUMAN	RIDA	2-iminobutanoate/2-iminopropanoate deaminase	3.5772e+06		784640	5.64328e+06
P52788	P52788	SPSY_HUMAN	SMS	Spermine synthase	3.09399e+06		1.22941e+06	5.32618e+06
P52789	P52789	HXK2_HUMAN	HK2	Hexokinase-2	623313		466787	1.53284e+06
P52790	P52790	HXK3_HUMAN	HK3	Hexokinase-3			1.71576e+06	7.04536e+06
P52799	P52799	EFNB2_HUMAN	EFNB2	Ephrin-B2	151469		175051	70006.8
P52815	P52815	RM12_HUMAN	MRPL12	Large ribosomal subunit protein bL12m	6.31055e+06		3.07554e+06	677005
P52824	P52824	DGKQ_HUMAN	DGKQ	Diacylglycerol kinase theta				151387
P52888	P52888	THOP1_HUMAN	THOP1	Thimet oligopeptidase	522955		334865	2.16567e+06
P52895	P52895	AK1C2_HUMAN	AKR1C2	Aldo-keto reductase family 1 member C2				945460
P52907	P52907	CAZA1_HUMAN	CAPZA1	F-actin-capping protein subunit alpha-1	2.62941e+07		1.71941e+07	1.63105e+07
P52943	P52943	CRIP2_HUMAN	CRIP2	Cysteine-rich protein 2	7.61229e+06		4.25142e+06	2.43977e+06
P52948	P52948	NUP98_HUMAN	NUP98	Nuclear pore complex protein Nup98-Nup96	837794		419605	1.15447e+06
P53004	P53004	BIEA_HUMAN	BLVRA	Biliverdin reductase A	2.58965e+06		1.40929e+06	4.60085e+06
P53007	P53007	TXTP_HUMAN	SLC25A1	Tricarboxylate transport protein, mitochondrial				5.34443e+06
P53041	P53041	PPP5_HUMAN	PPP5C	Serine/threonine-protein phosphatase 5	4.24826e+06		2.43682e+06	1.47637e+06
P53365	P53365	ARFP2_HUMAN	ARFIP2	Arfaptin-2	2.47004e+06		854350	1.33001e+06
P53367	P53367	ARFP1_HUMAN	ARFIP1	Arfaptin-1	3.03991e+06		1.50718e+06	2.21031e+06
P53370	P53370	NUDT6_HUMAN	NUDT6	Nucleoside diphosphate-linked moiety X motif 6	95890.2			118926
P53384	P53384	NUBP1_HUMAN	NUBP1	Cytosolic Fe-S cluster assembly factor NUBP1	2.96253e+06		786467	1.49277e+06
P53396	P53396	ACLY_HUMAN	ACLY	ATP-citrate synthase	371606		470977	4.81864e+06
P53582	P53582	MAP11_HUMAN	METAP1	Methionine aminopeptidase 1	1.90531e+06		1.65917e+06	1.46753e+06
P53597	P53597	SUCA_HUMAN	SUCLG1	Succinate--CoA ligase [ADP/GDP-forming] subunit alpha, mitochondrial	7.60049e+06		5.7741e+06	8.74504e+06
P53602	P53602	MVD1_HUMAN	MVD	Diphosphomevalonate decarboxylase	2.55108e+06		658420	831557
P53609	P53609	PGTB1_HUMAN	PGGT1B	Geranylgeranyl transferase type-1 subunit beta	298558		240682	831309
P53611	P53611	PGTB2_HUMAN	RABGGTB	Geranylgeranyl transferase type-2 subunit beta	159029			504956
P53618	P53618	COPB_HUMAN	COPB1	Coatomer subunit beta	256998		246652	7.86372e+06
P53621	P53621	COPA_HUMAN	COPA	Coatomer subunit alpha	424905		399852	8.99982e+06
P53634	P53634	CATC_HUMAN	CTSC	Dipeptidyl peptidase 1	2.25627e+07		2.75293e+07	1.65282e+07
P53667	P53667	LIMK1_HUMAN	LIMK1	LIM domain kinase 1				181763
P53671	P53671	LIMK2_HUMAN	LIMK2	LIM domain kinase 2				181266
P53680	P53680	AP2S1_HUMAN	AP2S1	AP-2 complex subunit sigma	1.08108e+06		626443	6.24006e+06
P53701	P53701	CCHL_HUMAN	HCCS	Holocytochrome c-type synthase	940011		595875	2.00712e+06
P53801	P53801	PTTG_HUMAN	PTTG1IP	Pituitary tumor-transforming gene 1 protein-interacting protein	1.02356e+06		1.82622e+06	599776
P53803	P53803	RPAB4_HUMAN	POLR2K	DNA-directed RNA polymerases I, II, and III subunit RPABC4				465293
P53814	P53814	SMTN_HUMAN	SMTN	Smoothelin	1.27493e+06		616088	593870
P53985	P53985	MOT1_HUMAN	SLC16A1	Monocarboxylate transporter 1	847334		331829	2.36871e+06
P53990	P53990	IST1_HUMAN	IST1	IST1 homolog	2.65648e+06		790365	2.10058e+06
P53992	P53992	SC24C_HUMAN	SEC24C	Protein transport protein Sec24C				5.25604e+06
P53999	P53999	TCP4_HUMAN	SUB1	Activated RNA polymerase II transcriptional coactivator p15	2.17242e+07		1.7307e+07	6.18716e+06
P54105	P54105	ICLN_HUMAN	CLNS1A	Methylosome subunit pICln	2.73201e+06		691739	1.78768e+06
P54108	P54108	CRIS3_HUMAN	CRISP3	Cysteine-rich secretory protein 3	56972.3		269094	125606
P54136	P54136	SYRC_HUMAN	RARS1	Arginine--tRNA ligase, cytoplasmic	1.53477e+06		865510	9.60681e+06
P54198	P54198	HIRA_HUMAN	HIRA	Protein HIRA				146271
P54252	P54252	ATX3_HUMAN	ATXN3	Ataxin-3				364918
P54289	P54289	CA2D1_HUMAN	CACNA2D1	Voltage-dependent calcium channel subunit alpha-2/delta-1	740557		979473	593583
P54577	P54577	SYYC_HUMAN	YARS1	Tyrosine--tRNA ligase, cytoplasmic	1.92103e+06		1.29725e+06	3.30918e+06
P54578	P54578	UBP14_HUMAN	USP14	Ubiquitin carboxyl-terminal hydrolase 14	2.30311e+06		1.44647e+06	3.85999e+06
P54619	P54619	AAKG1_HUMAN	PRKAG1	5'-AMP-activated protein kinase subunit gamma-1	376360		155793	1.80919e+06
P54652	P54652	HSP72_HUMAN	HSPA2	Heat shock-related 70 kDa protein 2	6.75415e+06		9.09879e+06	4.53238e+06
P54709	P54709	AT1B3_HUMAN	ATP1B3	Sodium/potassium-transporting ATPase subunit beta-3	6.26661e+06		3.38395e+06	4.35836e+06
P54725	P54725	RD23A_HUMAN	RAD23A	UV excision repair protein RAD23 homolog A	5.51368e+06		2.78064e+06	2.45434e+06
P54727	P54727	RD23B_HUMAN	RAD23B	UV excision repair protein RAD23 homolog B	1.7409e+07		1.44514e+07	8.8548e+06
P54753	P54753;P54762;P54764;Q9UF33	EPHB3_HUMAN	EPHB3	Ephrin type-B receptor 3	5.10746e+06			3.91601e+06
P54760	P29322;P54756;P54760	EPHB4_HUMAN	EPHB4	Ephrin type-B receptor 4	54813.6		171671	157738
P54802	P54802	ANAG_HUMAN	NAGLU	Alpha-N-acetylglucosaminidase	1.3963e+06		2.18548e+06	1.32634e+06
P54803	P54803	GALC_HUMAN	GALC	Galactocerebrosidase	1.60118e+06		1.98351e+06	1.0879e+06
P54819	P54819	KAD2_HUMAN	AK2	Adenylate kinase 2, mitochondrial	1.48635e+07		1.69818e+07	2.97701e+07
P54852	P54852	EMP3_HUMAN	EMP3	Epithelial membrane protein 3	919271		808199	351223
P54868	P54868	HMCS2_HUMAN	HMGCS2	Hydroxymethylglutaryl-CoA synthase, mitochondrial	1.74828e+06		9.85645e+06	9.14485e+06
P54886	P54886	P5CS_HUMAN	ALDH18A1	Delta-1-pyrroline-5-carboxylate synthase				8.94872e+06
P54920	P54920	SNAA_HUMAN	NAPA	Alpha-soluble NSF attachment protein	4.6429e+06		1.77208e+06	6.29011e+06
P54922	P54922	ADPRH_HUMAN	ADPRH	ADP-ribosylhydrolase ARH1	585189		376712	552862
P55001	P55001	MFAP2_HUMAN	MFAP2	Microfibrillar-associated protein 2				534935
P55008	P55008	AIF1_HUMAN	AIF1	Allograft inflammatory factor 1	2.47142e+06		4.17942e+06	889393
P55010	P55010	IF5_HUMAN	EIF5	Eukaryotic translation initiation factor 5	2.30886e+06		1.43049e+06	2.21291e+06
P55011	P55011	S12A2_HUMAN	SLC12A2	Solute carrier family 12 member 2	1.83019e+06		1.03715e+06	1.14531e+07
P55036	P55036	PSMD4_HUMAN	PSMD4	26S proteasome non-ATPase regulatory subunit 4	2.16777e+06		1.06095e+06	2.20997e+06
P55039	P55039	DRG2_HUMAN	DRG2	Developmentally-regulated GTP-binding protein 2	1.01066e+06		409466	1.18894e+06
P55042	P55042	RAD_HUMAN	RRAD	GTP-binding protein RAD	195960		433294	
P55056	P55056	APOC4_HUMAN	APOC4	Apolipoprotein C-IV			43772.5	53781.9
P55058	P55058	PLTP_HUMAN	PLTP	Phospholipid transfer protein	279779		762074	423191
P55060	P55060	XPO2_HUMAN	CSE1L	Exportin-2	2.00965e+06		908634	4.86161e+06
P55061	P55061	BI1_HUMAN	TMBIM6	Bax inhibitor 1	340469		328593	1.0131e+06
P55072	P55072	TERA_HUMAN	VCP	Transitional endoplasmic reticulum ATPase	2.81299e+07	7.7856e+07	1.50212e+07	2.91753e+07
P55081	P55081	MFAP1_HUMAN	MFAP1	Microfibrillar-associated protein 1	3.28242e+06		1.62528e+06	72305.5
P55083	P55083	MFAP4_HUMAN	MFAP4	Microfibril-associated glycoprotein 4	6.41203e+06		1.6823e+07	6.50937e+06
P55084	P55084	ECHB_HUMAN	HADHB	Trifunctional enzyme subunit beta, mitochondrial	881473		3.29551e+06	7.71075e+06
P55145	P55145	MANF_HUMAN	MANF	Mesencephalic astrocyte-derived neurotrophic factor	7.5299e+06		6.89453e+06	2.41231e+06
P55160	P55160	NCKPL_HUMAN	NCKAP1L	Nck-associated protein 1-like			246650	344576
P55196	P55196	AFAD_HUMAN	AFDN	Afadin	837032		851224	911037
P55209	P55209	NP1L1_HUMAN	NAP1L1	Nucleosome assembly protein 1-like 1	5.271e+06		1.43452e+06	2.49111e+06
P55210	P55210	CASP7_HUMAN	CASP7	Caspase-7	1.76344e+06		1.32423e+06	921645
P55212	P55212	CASP6_HUMAN	CASP6	Caspase-6	2.56781e+06		2.31651e+06	1.39688e+06
P55263	P55263	ADK_HUMAN	ADK	Adenosine kinase	1.46101e+07		1.34036e+07	1.29729e+07
P55265	P55265	DSRAD_HUMAN	ADAR	Double-stranded RNA-specific adenosine deaminase	2.38025e+06		2.41038e+06	2.00869e+06
P55268	P55268	LAMB2_HUMAN	LAMB2	Laminin subunit beta-2			327564	677109
P55285	P55285	CADH6_HUMAN	CDH6	Cadherin-6			89273.3	274639
P55287	P55287	CAD11_HUMAN	CDH11	Cadherin-11	460985		635291	526495
P55290	P55290	CAD13_HUMAN	CDH13	Cadherin-13	4.12219e+06		3.77931e+06	1.12454e+06
P55327	P55327	TPD52_HUMAN	TPD52	Tumor protein D52	1.30414e+07		6.65463e+06	2.38834e+06
P55735	P55735	SEC13_HUMAN	SEC13	Protein SEC13 homolog	3.4447e+06		2.86008e+06	1.88226e+06
P55769	P55769	NH2L1_HUMAN	SNU13	NHP2-like protein 1	1.14772e+07		1.08947e+07	1.17416e+07
P55786	P55786;A6NEC2	PSA_HUMAN	NPEPPS	Puromycin-sensitive aminopeptidase	1.04664e+06		826979	6.31393e+06
P55789	P55789	ALR_HUMAN	GFER	FAD-linked sulfhydryl oxidase ALR	441966		636810	476717
P55795	P55795	HNRH2_HUMAN	HNRNPH2	Heterogeneous nuclear ribonucleoprotein H2	6.4964e+06		2.8519e+06	5.0157e+06
P55809	P55809;Q9BYC2	SCOT1_HUMAN	OXCT1	Succinyl-CoA:3-ketoacid coenzyme A transferase 1, mitochondrial	802506		311480	1.14992e+06
P55854	P55854	SUMO3_HUMAN	SUMO3	Small ubiquitin-related modifier 3	499539		308081	279113
P55884	P55884	EIF3B_HUMAN	EIF3B	Eukaryotic translation initiation factor 3 subunit B	1.72888e+06		1.28495e+06	6.10018e+06
P55899	P55899	FCGRN_HUMAN	FCGRT	IgG receptor FcRn large subunit p51	1.07522e+06		1.05454e+06	912176
P55957	P55957	BID_HUMAN	BID	BH3-interacting domain death agonist	6.35519e+06		2.67826e+06	1.89333e+06
P56134	P56134	ATPK_HUMAN	ATP5MF	ATP synthase subunit f, mitochondrial	4.50994e+06		2.2544e+06	1.04716e+07
P56181	P56181	NDUV3_HUMAN	NDUFV3	NADH dehydrogenase [ubiquinone] flavoprotein 3, mitochondrial	1.47182e+06		498917	1.07647e+06
P56182	P56182	RRP1_HUMAN	RRP1	Ribosomal RNA processing protein 1 homolog A	327158		282368	351354
P56192	P56192	SYMC_HUMAN	MARS1	Methionine--tRNA ligase, cytoplasmic	653079		344741	4.11321e+06
P56199	P56199	ITA1_HUMAN	ITGA1	Integrin alpha-1	5.74519e+06		8.08451e+06	3.97918e+06
P56211	P56211	ARP19_HUMAN	ARPP19	cAMP-regulated phosphoprotein 19	5.00038e+06		1.04961e+06	
P56277	P56277	CMC4_HUMAN	CMC4	Cx9C motif-containing protein 4	461226		457989	185388
P56279	P56279	TCL1A_HUMAN	TCL1A	T-cell leukemia/lymphoma protein 1A	1.54707e+06			
P56377	P56377	AP1S2_HUMAN	AP1S2	AP-1 complex subunit sigma-2	1.53769e+06		2.3813e+06	1.50348e+06
P56378	P56378	ATP68_HUMAN	ATP5MJ	ATP synthase subunit ATP5MJ, mitochondrial	2.16792e+06		1.93092e+06	2.29994e+06
P56381	P56381;Q5VTU8	ATP5E_HUMAN	ATP5F1E	ATP synthase subunit epsilon, mitochondrial	1.28368e+07		7.00911e+06	1.02402e+07
P56385	P56385	ATP5I_HUMAN	ATP5ME	ATP synthase subunit e, mitochondrial	7.81592e+06		3.73919e+06	3.04885e+06
P56470	P56470	LEG4_HUMAN	LGALS4	Galectin-4	6.87277e+07		1.0956e+08	2.6283e+07
P56524	P56524	HDAC4_HUMAN	HDAC4	Histone deacetylase 4		9.91454e+07		22194.7
P56537	P56537	IF6_HUMAN	EIF6	Eukaryotic translation initiation factor 6	2.17055e+07		2.342e+07	1.84965e+07
P56545	P56545	CTBP2_HUMAN	CTBP2	C-terminal-binding protein 2	7.9622e+06		2.40922e+06	5.35484e+06
P56556	P56556	NDUA6_HUMAN	NDUFA6	NADH dehydrogenase [ubiquinone] 1 alpha subcomplex subunit 6	1.7841e+06		614228	2.67728e+06
P56589	P56589	PEX3_HUMAN	PEX3	Peroxisomal biogenesis factor 3				746577
P56937	P56937	DHB7_HUMAN	HSD17B7	3-keto-steroid reductase/17-beta-hydroxysteroid dehydrogenase 7				1.11979e+06
P56945	P56945	BCAR1_HUMAN	BCAR1	Breast cancer anti-estrogen resistance protein 1	529659			567163
P56962	P56962	STX17_HUMAN	STX17	Syntaxin-17	714217		305947	696999
P57076	P57076	CF298_HUMAN	CFAP298	Cilia- and flagella-associated protein 298	356505		258530	180027
P57081	P57081	WDR4_HUMAN	WDR4	tRNA (guanine-N(7)-)-methyltransferase non-catalytic subunit WDR4	1.13996e+06		623083	1.15525e+06
P57087	P57087	JAM2_HUMAN	JAM2	Junctional adhesion molecule B			278539	193007
P57088	P57088	TMM33_HUMAN	TMEM33	Transmembrane protein 33	322456		237142	7.48713e+06
P57105	P57105	SYJ2B_HUMAN	SYNJ2BP	Synaptojanin-2-binding protein	2.5826e+06		1.50535e+06	1.70584e+06
P57678	P57678	GEMI4_HUMAN	GEMIN4	Gem-associated protein 4	6.63312e+06		5.29794e+06	7.33205e+06
P57721	P57721	PCBP3_HUMAN	PCBP3	Poly(rC)-binding protein 3	565644		201270	262851
P57723	P57723	PCBP4_HUMAN	PCBP4	Poly(rC)-binding protein 4	78083.8			39957.5
P57735	P57735	RAB25_HUMAN	RAB25	Ras-related protein Rab-25	2.90267e+06		6.61928e+06	5.04098e+06
P57737	P57737	CORO7_HUMAN	CORO7	Coronin-7	476754		346056	1.60616e+06
P57740	P57740	NU107_HUMAN	NUP107	Nuclear pore complex protein Nup107				805933
P57764	P57764	GSDMD_HUMAN	GSDMD	Gasdermin-D	280076		271163	1.58176e+06
P57772	P57772	SELB_HUMAN	EEFSEC	Selenocysteine-specific elongation factor	577338		386222	810353
P58107	P58107	EPIPL_HUMAN	EPPK1	Epiplakin			157866	284416
P58335	P58335	ANTR2_HUMAN	ANTXR2	Anthrax toxin receptor 2	108710		125859	86099.5
P58546	P58546	MTPN_HUMAN	MTPN	Myotrophin	1.00897e+07		2.60611e+06	1.17481e+06
P59665	P59665;P59666	DEF1_HUMAN	DEFA1	Neutrophil defensin 1	1.57206e+07		2.05464e+07	6.81753e+07
P59998	P59998	ARPC4_HUMAN	ARPC4	Actin-related protein 2/3 complex subunit 4	1.84732e+07		4.71577e+06	3.5882e+07
P60033	P60033	CD81_HUMAN	CD81	CD81 antigen	3.39846e+06		4.73169e+06	1.55492e+06
P60059	P60059	SC61G_HUMAN	SEC61G	Protein transport protein Sec61 subunit gamma	9.29149e+06		3.98075e+06	2.36811e+06
P60174	P60174	TPIS_HUMAN	TPI1	Triosephosphate isomerase	1.71691e+08	4.48906e+08	2.31678e+08	6.7664e+07
P60228	P60228	EIF3E_HUMAN	EIF3E	Eukaryotic translation initiation factor 3 subunit E	2.88805e+06		670981	5.77166e+06
P60468	P60468	SC61B_HUMAN	SEC61B	Protein transport protein Sec61 subunit beta	8.47499e+06		4.3384e+06	5.5677e+06
P60484	P60484	PTEN_HUMAN	PTEN	Phosphatidylinositol 3,4,5-trisphosphate 3-phosphatase and dual-specificity protein phosphatase PTEN				337262
P60510	P60510	PP4C_HUMAN	PPP4C	Serine/threonine-protein phosphatase 4 catalytic subunit	3.92205e+06		2.44311e+06	1.00048e+06
P60520	P60520	GBRL2_HUMAN	GABARAPL2	Gamma-aminobutyric acid receptor-associated protein-like 2	2.07319e+06		1.04831e+06	700499
P60602	P60602	ROMO1_HUMAN	ROMO1	Reactive oxygen species modulator 1	1.20802e+06		1.6737e+06	2.56975e+06
P60604	P60604	UB2G2_HUMAN	UBE2G2	Ubiquitin-conjugating enzyme E2 G2	118170			209730
P60660	P60660	MYL6_HUMAN	MYL6	Myosin light polypeptide 6	6.09377e+07		4.52988e+06	6.65144e+06
P60709	P60709	ACTB_HUMAN	ACTB	Actin, cytoplasmic 1	4.51387e+08		1.0204e+08	1.48967e+08
P60842	P60842	IF4A1_HUMAN	EIF4A1	Eukaryotic initiation factor 4A-I	2.26864e+07	8.83018e+07	8.27765e+06	4.26829e+07
P60866	P60866	RS20_HUMAN	RPS20	Small ribosomal subunit protein uS10	1.75448e+07		5.81269e+06	8.71522e+06
P60891	P11908;P21108;P60891	PRPS1_HUMAN	PRPS1	Ribose-phosphate pyrophosphokinase 1	8.87598e+06		4.66286e+06	4.11512e+06
P60900	P60900	PSA6_HUMAN	PSMA6	Proteasome subunit alpha type-6	1.79374e+07	8.81112e+07	1.91869e+07	1.00759e+07
P60903	P60903	S10AA_HUMAN	S100A10	Protein S100-A10	1.39794e+07		8.77491e+06	3.61475e+06
P60953	P60953	CDC42_HUMAN	CDC42	Cell division control protein 42 homolog	1.95561e+07		2.39919e+07	7.94311e+06
P60981	P60981	DEST_HUMAN	DSTN	Destrin	4.79432e+06		4.94558e+06	7.4188e+06
P60983	P60983	GMFB_HUMAN	GMFB	Glia maturation factor beta	2.56018e+06		2.00513e+06	1.6653e+06
P61006	P61006;Q92930	RAB8A_HUMAN	RAB8A	Ras-related protein Rab-8A	1.60496e+07		2.02281e+07	7.42856e+06
P61009	P61009	SPCS3_HUMAN	SPCS3	Signal peptidase complex subunit 3	8.35031e+06		2.98423e+06	1.00339e+07
P61011	P61011	SRP54_HUMAN	SRP54	Signal recognition particle subunit SRP54	2.97037e+06		1.19934e+06	2.65218e+06
P61018	P61018	RAB4B_HUMAN	RAB4B	Ras-related protein Rab-4B	2.08295e+06		1.97571e+06	839637
P61019	P61019;Q8WUD1	RAB2A_HUMAN	RAB2A	Ras-related protein Rab-2A	1.13923e+07		1.25902e+07	7.77729e+06
P61020	P61020	RAB5B_HUMAN	RAB5B	Ras-related protein Rab-5B	3.30491e+06		3.83295e+06	1.65386e+06
P61024	P61024	CKS1_HUMAN	CKS1B	Cyclin-dependent kinases regulatory subunit 1	621704		321373	195378
P61026	P61026	RAB10_HUMAN	RAB10	Ras-related protein Rab-10	1.31305e+07		1.66042e+07	9.22926e+06
P61077	P61077;P62837	UB2D3_HUMAN	UBE2D3	Ubiquitin-conjugating enzyme E2 D3	5.24231e+06		3.48459e+06	5.4305e+06
P61081	P61081	UBC12_HUMAN	UBE2M	NEDD8-conjugating enzyme Ubc12	2.94711e+06		2.16112e+06	3.45174e+06
P61086	P61086	UBE2K_HUMAN	UBE2K	Ubiquitin-conjugating enzyme E2 K	4.55025e+06		3.13311e+06	3.83388e+06
P61088	P61088	UBE2N_HUMAN	UBE2N	Ubiquitin-conjugating enzyme E2 N	2.98784e+07		2.43563e+07	2.46749e+07
P61106	P61106	RAB14_HUMAN	RAB14	Ras-related protein Rab-14	1.25056e+07		1.47938e+07	7.98039e+06
P61158	P61158	ARP3_HUMAN	ACTR3	Actin-related protein 3	4.68712e+06		2.35378e+06	1.34444e+07
P61160	P61160	ARP2_HUMAN	ACTR2	Actin-related protein 2	9.92739e+06		4.69641e+06	1.43275e+07
P61163	P42025;P61163	ACTZ_HUMAN	ACTR1A	Alpha-centractin	1.42604e+06		362540	7.22635e+06
P61165	P61165	TM258_HUMAN	TMEM258	Transmembrane protein 258	446836			612628
P61201	P61201	CSN2_HUMAN	COPS2	COP9 signalosome complex subunit 2	2.15625e+06		987940	2.65253e+06
P61218	P61218	RPAB2_HUMAN	POLR2F	DNA-directed RNA polymerases I, II, and III subunit RPABC2	2.73045e+06		1.11606e+06	1.05587e+06
P61221	P61221	ABCE1_HUMAN	ABCE1	ATP-binding cassette sub-family E member 1	3.82277e+06		3.20356e+06	4.54801e+06
P61224	P61224;P62834	RAP1B_HUMAN	RAP1B	Ras-related protein Rap-1b	7.73326e+07		9.18848e+07	3.40439e+07
P61225	P10114;P61225;Q9Y3L5	RAP2B_HUMAN	RAP2B	Ras-related protein Rap-2b	7.90713e+06		1.09314e+07	3.77006e+06
P61244	P61244	MAX_HUMAN	MAX	Protein max	336680		259965	121677
P61247	P61247	RS3A_HUMAN	RPS3A	Small ribosomal subunit protein eS1	3.40982e+07		8.41565e+06	1.59552e+07
P61254	P61254;Q9UNX3	RL26_HUMAN	RPL26	Large ribosomal subunit protein uL24	1.0927e+07		7.11205e+06	1.0693e+07
P61289	P61289	PSME3_HUMAN	PSME3	Proteasome activator complex subunit 3	4.43058e+06		1.71726e+06	3.48399e+06
P61313	P61313	RL15_HUMAN	RPL15	Large ribosomal subunit protein eL15	7.54761e+06		7.43208e+06	1.12469e+07
P61326	P61326;Q96A72	MGN_HUMAN	MAGOH	Protein mago nashi homolog	8.15285e+06		1.06725e+07	5.73243e+06
P61353	P61353	RL27_HUMAN	RPL27	Large ribosomal subunit protein eL27	1.22163e+07		5.43101e+06	9.70321e+06
P61421	P61421	VA0D1_HUMAN	ATP6V0D1	V-type proton ATPase subunit d 1				2.39713e+06
P61457	P61457	PHS_HUMAN	PCBD1	Pterin-4-alpha-carbinolamine dehydratase	1.85246e+07		1.51261e+07	1.07547e+07
P61513	P61513;A6NKH3	RL37A_HUMAN	RPL37A	Large ribosomal subunit protein eL43	2.14157e+06		1.79139e+06	1.008e+06
P61586	P08134;P61586;P62745	RHOA_HUMAN	RHOA	Transforming protein RhoA	6.37509e+07		5.50595e+07	2.59532e+07
P61599	P61599	NAA20_HUMAN	NAA20	N-alpha-acetyltransferase 20	243828		47687.2	252859
P61601	P61601	NCALD_HUMAN	NCALD	Neurocalcin-delta	889876		922486	282592
P61604	P61604	CH10_HUMAN	HSPE1	10 kDa heat shock protein, mitochondrial	2.50095e+08		3.09637e+08	1.44211e+08
P61619	P61619;Q9H9S3	S61A1_HUMAN	SEC61A1	Protein transport protein Sec61 subunit alpha isoform 1	308461			5.28578e+06
P61626	P61626	LYSC_HUMAN	LYZ	Lysozyme C	5.19011e+07	4.0927e+09	1.22375e+08	4.74659e+07
P61758	P61758	PFD3_HUMAN	VBP1	Prefoldin subunit 3	2.18371e+06		1.69272e+06	1.1276e+06
P61764	P61764	STXB1_HUMAN	STXBP1	Syntaxin-binding protein 1	625375			1.11777e+06
P61769	P61769	B2MG_HUMAN	B2M	Beta-2-microglobulin	3.49826e+07		2.78283e+07	7.86168e+06
P61803	P61803	DAD1_HUMAN	DAD1	Dolichyl-diphosphooligosaccharide--protein glycosyltransferase subunit DAD1	3.3349e+06		1.48074e+06	3.70076e+06
P61916	P61916	NPC2_HUMAN	NPC2	NPC intracellular cholesterol transporter 2	6.24886e+06		1.12433e+07	3.2646e+06
P61923	P61923	COPZ1_HUMAN	COPZ1	Coatomer subunit zeta-1	903275		166134	1.61041e+06
P61927	P61927	RL37_HUMAN	RPL37	Large ribosomal subunit protein eL37	1.22031e+06		263528	1.13633e+06
P61956	P55854;P61956;Q6EEV6	SUMO2_HUMAN	SUMO2	Small ubiquitin-related modifier 2	2.77907e+07		2.24515e+07	1.45345e+07
P61960	P61960	UFM1_HUMAN	UFM1	Ubiquitin-fold modifier 1	2.18776e+07		2.37856e+07	6.48347e+06
P61962	P61962	DCAF7_HUMAN	DCAF7	DDB1- and CUL4-associated factor 7	873047		336779	514444
P61964	P61964	WDR5_HUMAN	WDR5	WD repeat-containing protein 5	784711		854531	745388
P61966	P61966	AP1S1_HUMAN	AP1S1	AP-1 complex subunit sigma-1A	1.13285e+06		730683	2.26081e+06
P61970	P61970	NTF2_HUMAN	NUTF2	Nuclear transport factor 2	1.10746e+07		3.64824e+06	5.7795e+06
P61978	P61978	HNRPK_HUMAN	HNRNPK	Heterogeneous nuclear ribonucleoprotein K	7.27164e+07		3.71121e+07	2.47648e+07
P61981	P61981	1433G_HUMAN	YWHAG	14-3-3 protein gamma	2.2817e+07	7.62998e+08	1.40759e+07	2.8718e+07
P62070	P62070	RRAS2_HUMAN	RRAS2	Ras-related protein R-Ras2	339820		282797	355711
P62072	P62072	TIM10_HUMAN	TIMM10	Mitochondrial import inner membrane translocase subunit Tim10	3.46156e+06		1.43883e+06	206252
P62081	P62081	RS7_HUMAN	RPS7	Small ribosomal subunit protein eS7	1.4803e+07		1.16348e+07	1.84282e+07
P62136	P36873;P62136;P62140	PP1A_HUMAN	PPP1CA	Serine/threonine-protein phosphatase PP1-alpha catalytic subunit	9.27207e+06		7.58662e+06	4.04861e+06
P62140	P62140	PP1B_HUMAN	PPP1CB	Serine/threonine-protein phosphatase PP1-beta catalytic subunit	7.41502e+06		5.54785e+06	3.69239e+06
P62166	P62166	NCS1_HUMAN	NCS1	Neuronal calcium sensor 1	462634		421540	229206
P62191	P62191	PRS4_HUMAN	PSMC1	26S proteasome regulatory subunit 4	1.33792e+06		767500	3.5683e+06
P62195	P62195	PRS8_HUMAN	PSMC5	26S proteasome regulatory subunit 8	1.1558e+06		428717	4.13135e+06
P62241	P62241	RS8_HUMAN	RPS8	Small ribosomal subunit protein eS8	1.35767e+07		1.06773e+07	1.29536e+07
P62244	P62244	RS15A_HUMAN	RPS15A	Small ribosomal subunit protein uS8	8.32893e+06		8.72939e+06	1.05195e+07
P62249	P62249	RS16_HUMAN	RPS16	Small ribosomal subunit protein uS9	2.11235e+07		1.22868e+07	1.35445e+07
P62253	P62253	UB2G1_HUMAN	UBE2G1	Ubiquitin-conjugating enzyme E2 G1	715137		524417	713731
P62256	P62256	UBE2H_HUMAN	UBE2H	Ubiquitin-conjugating enzyme E2 H	1.03303e+06		766205	954388
P62258	P62258	1433E_HUMAN	YWHAE	14-3-3 protein epsilon	2.75025e+07		1.82314e+07	9.30674e+06
P62263	P62263	RS14_HUMAN	RPS14	Small ribosomal subunit protein uS11	1.66512e+07		4.42316e+06	8.25059e+06
P62266	P62266	RS23_HUMAN	RPS23	Small ribosomal subunit protein uS12	9.68102e+06		6.56388e+06	8.18142e+06
P62269	P62269	RS18_HUMAN	RPS18	Small ribosomal subunit protein uS13	5.15506e+07		2.0777e+07	2.71387e+07
P62273	P62273	RS29_HUMAN	RPS29	Small ribosomal subunit protein uS14	709303		678449	860982
P62277	P62277	RS13_HUMAN	RPS13	Small ribosomal subunit protein uS15	2.42292e+07		1.36734e+07	3.97141e+07
P62280	P62280	RS11_HUMAN	RPS11	Small ribosomal subunit protein uS17	1.53048e+07		9.49776e+06	1.16526e+07
P62304	P62304	RUXE_HUMAN	SNRPE	Small nuclear ribonucleoprotein E	3.34382e+07		2.17732e+07	1.02582e+07
P62306	P62306	RUXF_HUMAN	SNRPF	Small nuclear ribonucleoprotein F	8.07365e+06		4.95702e+06	2.52487e+06
P62310	P62310	LSM3_HUMAN	LSM3	U6 snRNA-associated Sm-like protein LSm3	9.71536e+06		3.9871e+06	1.94879e+06
P62312	P62312	LSM6_HUMAN	LSM6	U6 snRNA-associated Sm-like protein LSm6	1.36058e+07		1.23765e+07	6.65306e+06
P62314	P62314	SMD1_HUMAN	SNRPD1	Small nuclear ribonucleoprotein Sm D1	1.14369e+07		1.45065e+07	7.82908e+06
P62316	P62316	SMD2_HUMAN	SNRPD2	Small nuclear ribonucleoprotein Sm D2	2.68037e+07		2.61971e+07	1.06145e+07
P62318	P62318	SMD3_HUMAN	SNRPD3	Small nuclear ribonucleoprotein Sm D3	4.21702e+07		3.60823e+07	1.49793e+07
P62328	P62328	TYB4_HUMAN	TMSB4X	Thymosin beta-4	8.68395e+07		1.26071e+07	1.18718e+06
P62330	P62330	ARF6_HUMAN	ARF6	ADP-ribosylation factor 6	1.27116e+07		1.54451e+07	5.3496e+06
P62333	P62333	PRS10_HUMAN	PSMC6	26S proteasome regulatory subunit 10B	1.69166e+06		756043	5.87544e+06
P62341	P62341	SELT_HUMAN	SELENOT	Thioredoxin reductase-like selenoprotein T	1.04641e+06			1.3043e+06
P62380	P62380	TBPL1_HUMAN	TBPL1	TATA box-binding protein-like 1	101962			31473.9
P62424	P62424	RL7A_HUMAN	RPL7A	Large ribosomal subunit protein eL8	1.20559e+07		9.99299e+06	1.07767e+07
P62487	P62487	RPB7_HUMAN	POLR2G	DNA-directed RNA polymerase II subunit RPB7	123526			255235
P62495	P62495	ERF1_HUMAN	ETF1	Eukaryotic peptide chain release factor subunit 1	1.77774e+06		1.22359e+06	7.19892e+06
P62633	P62633	CNBP_HUMAN	CNBP	CCHC-type zinc finger nucleic acid binding protein	5.30419e+06		4.55034e+06	1.14672e+06
P62699	P62699	YPEL5_HUMAN	YPEL5	Protein yippee-like 5	665236		295004	349268
P62701	P62701;Q8TD47	RS4X_HUMAN	RPS4X	Small ribosomal subunit protein eS4, X isoform	2.43912e+07		2.41522e+07	2.52669e+07
P62714	P62714	PP2AB_HUMAN	PPP2CB	Serine/threonine-protein phosphatase 2A catalytic subunit beta isoform	1.52702e+06		2.08054e+06	660290
P62745	P62745	RHOB_HUMAN	RHOB	Rho-related GTP-binding protein RhoB	1.33816e+06		1.65719e+06	742607
P62750	P62750	RL23A_HUMAN	RPL23A	Large ribosomal subunit protein uL23	4.99565e+06		1.61154e+06	3.51146e+06
P62753	P62753	RS6_HUMAN	RPS6	Small ribosomal subunit protein eS6	9.91387e+06		5.69951e+06	8.66739e+06
P62760	P62760	VISL1_HUMAN	VSNL1	Visinin-like protein 1	1.24238e+06		1.11857e+06	358044
P62805	P62805	H4_HUMAN	H4C1	Histone H4	5.97293e+07	7.73593e+08	4.34055e+07	1.57321e+07
P62820	P62820;Q9H0U4	RAB1A_HUMAN	RAB1A	Ras-related protein Rab-1A	5.81522e+07		7.52314e+07	2.89248e+07
P62826	P62826	RAN_HUMAN	RAN	GTP-binding nuclear protein Ran	1.49826e+08		1.70996e+08	9.10448e+07
P62829	P62829	RL23_HUMAN	RPL23	Large ribosomal subunit protein uL14	1.02448e+07		2.6887e+06	8.53835e+06
P62834	P62834	RAP1A_HUMAN	RAP1A	Ras-related protein Rap-1A	4.26931e+06		2.8346e+06	864508
P62841	P62841	RS15_HUMAN	RPS15	Small ribosomal subunit protein uS19	6.64206e+06		3.40784e+06	3.96276e+06
P62847	P62847	RS24_HUMAN	RPS24	Small ribosomal subunit protein eS24	2.97033e+06		2.67857e+06	4.08375e+06
P62851	P62851	RS25_HUMAN	RPS25	Small ribosomal subunit protein eS25	1.88557e+07		5.47619e+06	1.11446e+07
P62854	P62854;Q5JNZ5	RS26_HUMAN	RPS26	Small ribosomal subunit protein eS26	1.18533e+07		3.99051e+06	1.80847e+07
P62857	P62857	RS28_HUMAN	RPS28	Small ribosomal subunit protein eS28	4.07645e+07		1.73389e+07	2.66933e+07
P62873	P62873	GBB1_HUMAN	GNB1	Guanine nucleotide-binding protein G(I)/G(S)/G(T) subunit beta-1	1.53317e+06		863638	1.75421e+06
P62875	P62875	RPAB5_HUMAN	POLR2L	DNA-directed RNA polymerases I, II, and III subunit RPABC5				51791.7
P62877	P62877	RBX1_HUMAN	RBX1	E3 ubiquitin-protein ligase RBX1	2.79828e+06		1.54101e+06	620239
P62879	P16520;P62873;P62879	GBB2_HUMAN	GNB2	Guanine nucleotide-binding protein G(I)/G(S)/G(T) subunit beta-2	8.75441e+06		5.05174e+06	2.45645e+07
P62888	P62888	RL30_HUMAN	RPL30	Large ribosomal subunit protein eL30	1.20655e+07		9.94788e+06	1.00153e+07
P62899	P62899	RL31_HUMAN	RPL31	Large ribosomal subunit protein eL31	8.34386e+06		3.4954e+06	7.64233e+06
P62906	P62906	RL10A_HUMAN	RPL10A	Large ribosomal subunit protein uL1	1.03911e+07		7.04232e+06	1.03616e+07
P62910	P62910	RL32_HUMAN	RPL32	Large ribosomal subunit protein eL32	7.99758e+06	2.42485e+07	6.40133e+06	1.11001e+07
P62913	P62913	RL11_HUMAN	RPL11	Large ribosomal subunit protein uL5	1.26512e+07		1.28965e+07	1.30571e+07
P62917	P62917	RL8_HUMAN	RPL8	Large ribosomal subunit protein uL2	1.09704e+07		5.52157e+06	1.4806e+07
P62937	P62937	PPIA_HUMAN	PPIA	Peptidyl-prolyl cis-trans isomerase A	3.43621e+08	7.9919e+08	2.7245e+08	1.25414e+08
P62942	P62942	FKB1A_HUMAN	FKBP1A	Peptidyl-prolyl cis-trans isomerase FKBP1A	7.51804e+07		7.83376e+07	3.0193e+07
P62979	P62979	RS27A_HUMAN	RPS27A	Ubiquitin-ribosomal protein eS31 fusion protein	1.9166e+08	5.7512e+08	8.76909e+07	5.66382e+07
P62987	P62987	RL40_HUMAN	UBA52	Ubiquitin-ribosomal protein eL40 fusion protein				115360
P62993	P62993	GRB2_HUMAN	GRB2	Growth factor receptor-bound protein 2	8.10419e+06		5.71632e+06	3.54126e+06
P62995	P62995	TRA2B_HUMAN	TRA2B	Transformer-2 protein homolog beta	1.13214e+06		857367	1.34806e+06
P63000	P15153;P60763;P63000	RAC1_HUMAN	RAC1	Ras-related C3 botulinum toxin substrate 1	2.84611e+07		3.56209e+07	1.2282e+07
P63010	P63010;Q10567	AP2B1_HUMAN	AP2B1	AP-2 complex subunit beta	335408		690425	3.81316e+06
P63027	P63027	VAMP2_HUMAN	VAMP2	Vesicle-associated membrane protein 2	1.20223e+06		441829	521055
P63092;Q5JWF2	P63092;Q5JWF2	GNAS1_HUMAN;GNAS2_HUMAN	GNAS	Guanine nucleotide-binding protein G(s) subunit alpha isoforms short	959319		543321	1.94913e+06
P63096	P63096	GNAI1_HUMAN	GNAI1	Guanine nucleotide-binding protein G(i) subunit alpha-1	242073			1.38559e+06
P63098	P63098	CANB1_HUMAN	PPP3R1	Calcineurin subunit B type 1	1.30458e+06		1.31634e+06	
P63104	P63104	1433Z_HUMAN	YWHAZ	14-3-3 protein zeta/delta	1.13642e+08	5.35533e+08	7.68066e+07	6.97912e+07
P63151	P63151	2ABA_HUMAN	PPP2R2A	Serine/threonine-protein phosphatase 2A 55 kDa regulatory subunit B alpha isoform	1.33858e+06		1.12426e+06	4.9185e+06
P63165	G2XKQ0;P63165	SUMO1_HUMAN	SUMO1	Small ubiquitin-related modifier 1	4.77662e+06		2.63875e+06	5.35699e+06
P63167	P63167;Q96FJ2	DYL1_HUMAN	DYNLL1	Dynein light chain 1, cytoplasmic	3.58979e+06		2.96699e+06	1.99279e+06
P63172	P63172	DYLT1_HUMAN	DYNLT1	Dynein light chain Tctex-type 1	331608		225440	254394
P63173	P63173	RL38_HUMAN	RPL38	Large ribosomal subunit protein eL38	1.59624e+06		231413	1.12987e+06
P63208	P63208	SKP1_HUMAN	SKP1	S-phase kinase-associated protein 1	1.17338e+07		7.66925e+06	3.24153e+06
P63218	P63218;A0A804HLA8	GBG5_HUMAN	GNG5	Guanine nucleotide-binding protein G(I)/G(S)/G(O) subunit gamma-5	498906			114528
P63220	P63220	RS21_HUMAN	RPS21	Small ribosomal subunit protein eS21	2.84752e+07		9.48241e+06	8.59062e+06
P63241	P63241;Q9GZV4;Q6IS14	IF5A1_HUMAN	EIF5A	Eukaryotic translation initiation factor 5A-1	3.05912e+07		2.65598e+07	1.50885e+07
P63244	P63244	RACK1_HUMAN	RACK1	Small ribosomal subunit protein RACK1	5.28133e+07	1.82237e+08	2.05276e+07	1.49356e+07
P63261	P60709;P63261	ACTG_HUMAN	ACTG1	Actin, cytoplasmic 2	2.28873e+09	1.69475e+09	9.67954e+08	1.03925e+09
P63267	P62736;P63267;P68032;P68133	ACTH_HUMAN	ACTG2	Actin, gamma-enteric smooth muscle	1.09014e+08		7.38879e+07	1.35296e+08
P63272	P63272	SPT4H_HUMAN	SUPT4H1	Transcription elongation factor SPT4	2.0611e+06		669958	1.06474e+06
P63279	P63279	UBC9_HUMAN	UBE2I	SUMO-conjugating enzyme UBC9	4.79114e+06		2.70161e+06	5.27218e+06
P63302	P63302	SELW_HUMAN	SELENOW	Selenoprotein W	1.14313e+06		1.69433e+06	853313
P63313	P63313	TYB10_HUMAN	TMSB10	Thymosin beta-10	5.53293e+07		1.21195e+07	2.01208e+06
P67775	P62714;P67775	PP2AA_HUMAN	PPP2CA	Serine/threonine-protein phosphatase 2A catalytic subunit alpha isoform	2.80758e+07		2.50206e+07	9.32655e+06
P67809	P67809	YBOX1_HUMAN	YBX1	Y-box-binding protein 1	3.71959e+07		2.24701e+07	1.09739e+07
P67812	P67812	SC11A_HUMAN	SEC11A	Signal peptidase complex catalytic subunit SEC11A	4.95816e+06		1.28595e+06	7.41008e+06
P67870	P67870	CSK2B_HUMAN	CSNK2B	Casein kinase II subunit beta	627419		485774	820454
P67936	P06753;P07951;P09493;P67936	TPM4_HUMAN	TPM4	Tropomyosin alpha-4 chain	3.35277e+08	9.04288e+07	3.40772e+08	8.6172e+07
P68036	P68036;A0A1B0GUS4	UB2L3_HUMAN	UBE2L3	Ubiquitin-conjugating enzyme E2 L3	1.1754e+07		1.00857e+07	6.25585e+06
P68104	P68104;Q5VTE0	EF1A1_HUMAN	EEF1A1	Elongation factor 1-alpha 1	9.31081e+08	7.57812e+08	5.55385e+08	4.34423e+08
P68133	P68032;P68133	ACTS_HUMAN	ACTA1	Actin, alpha skeletal muscle	4.80314e+07		2.74108e+07	4.25933e+07
P68366	A6NHL2;P68363;P68366;Q71U36;Q9BQE3	TBA4A_HUMAN	TUBA4A	Tubulin alpha-4A chain	1.03762e+07	1.83407e+08	1.18595e+07	8.61804e+07
P68371	P04350;P07437;P68371	TBB4B_HUMAN	TUBB4B	Tubulin beta-4B chain	6.70559e+06	9.80419e+07	7.29661e+06	6.67445e+07
P68400	P68400;Q8NEV1	CSK21_HUMAN	CSNK2A1	Casein kinase II subunit alpha	1.10317e+06		846423	1.59007e+06
P68402	P68402	PA1B2_HUMAN	PAFAH1B2	Platelet-activating factor acetylhydrolase IB subunit alpha2	2.2553e+07		3.67384e+07	1.26406e+07
P68543	P68543	UBX2A_HUMAN	UBXN2A	UBX domain-containing protein 2A				45395.5
P68871	P02042;P68871	HBB_HUMAN	HBB	Hemoglobin subunit beta	2.21677e+09	1.51848e+09	2.66717e+09	2.35038e+09
P69849;Q5JPE7	P69849;Q5JPE7	NOMO2_HUMAN;NOMO3_HUMAN	NOMO2;NOMO3	BOS complex subunit NOMO3	2.24271e+06		1.30064e+06	1.89014e+06
P69891	P69891;P69892	HBG1_HUMAN	HBG1	Hemoglobin subunit gamma-1	2.36159e+06		3.92188e+06	3.61164e+06
P69892	P69892	HBG2_HUMAN	HBG2	Hemoglobin subunit gamma-2	605375		631104	1.91981e+06
P69905	P69905	HBA_HUMAN	HBA1	Hemoglobin subunit alpha	1.38265e+09	1.0084e+09	8.75156e+08	2.17464e+09
P78310	P78310	CXAR_HUMAN	CXADR	Coxsackievirus and adenovirus receptor	1.32964e+06		1.52179e+06	613623
P78312	P78312	F193A_HUMAN	FAM193A	Protein FAM193A	456149		313571	495975
P78316	P78316	NOP14_HUMAN	NOP14	Nucleolar protein 14	101424		158950	243772
P78318	P78318	IGBP1_HUMAN	IGBP1	Immunoglobulin-binding protein 1	1.51462e+06		679952	1.01334e+06
P78324	P78324;Q9P1W8;Q5TFQ8	SHPS1_HUMAN	SIRPA	Tyrosine-protein phosphatase non-receptor type substrate 1	1.3271e+06		2.22219e+06	780315
P78330	P78330	SERB_HUMAN	PSPH	Phosphoserine phosphatase	1.30949e+06		1.49668e+06	814756
P78332	P78332	RBM6_HUMAN	RBM6	RNA-binding protein 6	73042		48407.4	39853.7
P78344	P78344	IF4G2_HUMAN	EIF4G2	Eukaryotic translation initiation factor 4 gamma 2	1.97264e+06		1.17764e+06	4.1288e+06
P78345	P78345	RPP38_HUMAN	RPP38	Ribonuclease P protein subunit p38	567586		297349	595772
P78346	P78346	RPP30_HUMAN	RPP30	Ribonuclease P protein subunit p30	830069		797739	796308
P78347	P78347	GTF2I_HUMAN	GTF2I	General transcription factor II-I	3.35864e+06		1.79557e+06	5.02917e+06
P78352	P78352	DLG4_HUMAN	DLG4	Disks large homolog 4	334335		343933	534844
P78356	P78356	PI42B_HUMAN	PIP4K2B	Phosphatidylinositol 5-phosphate 4-kinase type-2 beta	243231		128964	389177
P78357	P78357	CNTP1_HUMAN	CNTNAP1	Contactin-associated protein 1	147607		86086.5	178056
P78368;Q9Y6M4	P78368;Q9Y6M4	KC1G2_HUMAN;KC1G3_HUMAN	CSNK1G2;CSNK1G3	Casein kinase I isoform gamma-2				86100
P78371	P78371	TCPB_HUMAN	CCT2	T-complex protein 1 subunit beta	4.97332e+06		826758	1.09527e+07
P78382	P78382	S35A1_HUMAN	SLC35A1	CMP-sialic acid transporter				49731.8
P78386	P78386	KRT85_HUMAN	KRT85	Keratin, type II cuticular Hb5	324848		3.45011e+06	138864
P78406	P78406	RAE1L_HUMAN	RAE1	mRNA export factor RAE1	1.61033e+06		1.22318e+06	1.48834e+06
P78417	P78417	GSTO1_HUMAN	GSTO1	Glutathione S-transferase omega-1	1.27683e+07		1.04825e+07	1.82508e+07
P78527	P78527	PRKDC_HUMAN	PRKDC	DNA-dependent protein kinase catalytic subunit	420152		1.3944e+06	1.47252e+07
P78536	P78536	ADA17_HUMAN	ADAM17	Disintegrin and metalloproteinase domain-containing protein 17	615058		567865	230756
P78537	P78537	BL1S1_HUMAN	BLOC1S1	Biogenesis of lysosome-related organelles complex 1 subunit 1	733953			295296
P78549	P78549	NTH_HUMAN	NTHL1	Endonuclease III-like protein 1				213622
P78560	P78560	CRADD_HUMAN	CRADD	Death domain-containing protein CRADD	44657.8			43311.8
P80108	P80108	PHLD_HUMAN	GPLD1	Phosphatidylinositol-glycan-specific phospholipase D			334185	337437
P80188	P80188	NGAL_HUMAN	LCN2	Neutrophil gelatinase-associated lipocalin	1.2122e+07		2.91854e+07	1.36438e+07
P80217	P80217	IN35_HUMAN	IFI35	Interferon-induced 35 kDa protein	1.60686e+06		1.05215e+06	773489
P80303	P80303	NUCB2_HUMAN	NUCB2	Nucleobindin-2	5.04101e+06		6.06628e+06	1.5341e+06
P80365	P80365	DHI2_HUMAN	HSD11B2	11-beta-hydroxysteroid dehydrogenase type 2	858111		131938	1.96361e+06
P80404	P80404	GABT_HUMAN	ABAT	4-aminobutyrate aminotransferase, mitochondrial	594715		836688	2.7028e+06
P80511	P80511	S10AC_HUMAN	S100A12	Protein S100-A12	6.77691e+06		5.54089e+06	2.43319e+06
P80723	P80723	BASP1_HUMAN	BASP1	Brain acid soluble protein 1	7.04272e+06		6.67003e+06	1.68559e+06
P80748	P80748	LV321_HUMAN	IGLV3-21	Immunoglobulin lambda variable 3-21	366688		2.43382e+06	920083
P81605	P81605	DCD_HUMAN	DCD	Dermcidin	2.15457e+06	4.41437e+09	6.52828e+06	2.01879e+06
P82094	P82094	TMF1_HUMAN	TMF1	TATA element modulatory factor	81713.7			294790
P82650	P82650	RT22_HUMAN	MRPS22	Small ribosomal subunit protein mS22	117785		41319.3	1.29657e+06
P82663	P82663	RT25_HUMAN	MRPS25	Small ribosomal subunit protein mS25				1.14971e+06
P82664	P82664	RT10_HUMAN	MRPS10	Small ribosomal subunit protein uS10m	115980			214740
P82673	P82673	RT35_HUMAN	MRPS35	Small ribosomal subunit protein mS35	332566		89224.6	1.00016e+06
P82675	P82675	RT05_HUMAN	MRPS5	Small ribosomal subunit protein uS5m			523656	1.1228e+06
P82909	P82909	KGD4_HUMAN	MRPS36	Alpha-ketoglutarate dehydrogenase component 4	1.80462e+06		1.44861e+06	2.06314e+06
P82912	P82912	RT11_HUMAN	MRPS11	Small ribosomal subunit protein uS11m	383640		596175	1.77631e+06
P82914	P82914	RT15_HUMAN	MRPS15	Small ribosomal subunit protein uS15m	844604		560974	1.57019e+06
P82921	P82921	RT21_HUMAN	MRPS21	Small ribosomal subunit protein bS21m				559418
P82930	P82930	RT34_HUMAN	MRPS34	Small ribosomal subunit protein mS34	68067.1		120600	2.0136e+06
P82932	P82932	RT06_HUMAN	MRPS6	Small ribosomal subunit protein bS6m				673380
P82933	P82933	RT09_HUMAN	MRPS9	Small ribosomal subunit protein uS9m			21164.9	762466
P82970	P82970	HMGN5_HUMAN	HMGN5	High mobility group nucleosome-binding domain-containing protein 5	551156		376252	115432
P82979	P82979	SARNP_HUMAN	SARNP	SAP domain-containing ribonucleoprotein	1.62265e+07		3.95505e+06	1.73848e+06
P82980	P82980	RET5_HUMAN	RBP5	Retinol-binding protein 5	1.30955e+06		1.60152e+06	520490
P83111	P83111	LACTB_HUMAN	LACTB	Serine beta-lactamase-like protein LACTB, mitochondrial	234376			814792
P83436	P83436	COG7_HUMAN	COG7	Conserved oligomeric Golgi complex subunit 7				647757
P83731	P83731	RL24_HUMAN	RPL24	Large ribosomal subunit protein eL24	2.859e+06		1.72995e+06	3.97924e+06
P83876	P83876	TXN4A_HUMAN	TXNL4A	Thioredoxin-like protein 4A	1.37375e+06		401261	481456
P83881	P83881	RL36A_HUMAN	RPL36A	Large ribosomal subunit protein eL42	511662			99471.9
P83916	P83916	CBX1_HUMAN	CBX1	Chromobox protein homolog 1	3.747e+06		4.0396e+06	1.94988e+06
P84077	P61204;P84077	ARF1_HUMAN	ARF1	ADP-ribosylation factor 1	1.17091e+08		1.46485e+08	4.91326e+07
P84085	P84085	ARF5_HUMAN	ARF5	ADP-ribosylation factor 5	5.68574e+06		4.37285e+06	2.69614e+06
P84090	P84090	ERH_HUMAN	ERH	Enhancer of rudimentary homolog	7.10194e+06		3.99759e+06	1.76462e+06
P84095	P84095	RHOG_HUMAN	RHOG	Rho-related GTP-binding protein RhoG	9.47626e+06		9.17062e+06	3.57672e+06
P84098	P84098	RL19_HUMAN	RPL19	Large ribosomal subunit protein eL19	1.00609e+07		3.47683e+06	8.40913e+06
P84101	P84101	SERF2_HUMAN	SERF2	Small EDRK-rich factor 2	2.63432e+06		2.81327e+06	402622
P84103	P84103	SRSF3_HUMAN	SRSF3	Serine/arginine-rich splicing factor 3	6.44538e+06		5.18935e+06	5.42207e+06
P84157	P84157	MXRA7_HUMAN	MXRA7	Matrix-remodeling-associated protein 7	319210		304245	
P84243	P68431;P84243;Q16695;Q6NXT2;Q71DI3;Q5TEC6	H33_HUMAN	H3-3A	Histone H3.3	2.76797e+07	2.99246e+08	1.98031e+07	9.3964e+06
P85037	P85037	FOXK1_HUMAN	FOXK1	Forkhead box protein K1	1.82675e+06		871627	1.14592e+06
P85298	P85298	RHG08_HUMAN	ARHGAP8	Rho GTPase-activating protein 8				512601
P86791	P86791	CCZ1_HUMAN	CCZ1	Vacuolar fusion protein CCZ1 homolog				360367
P98082	P98082	DAB2_HUMAN	DAB2	Disabled homolog 2	790220		887156	878835
P98088	P98088	MUC5A_HUMAN	MUC5AC	Mucin-5AC	509457		1.03151e+06	296649
P98095	P98095	FBLN2_HUMAN	FBLN2	Fibulin-2	654111		1.12983e+06	1.00862e+06
P98160	P98160	PGBM_HUMAN	HSPG2	Basement membrane-specific heparan sulfate proteoglycan core protein	2.37274e+06		3.98265e+06	2.74333e+06
P98170	P98170	XIAP_HUMAN	XIAP	E3 ubiquitin-protein ligase XIAP	963346		421486	834070
P98171	P98171	RHG04_HUMAN	ARHGAP4	Rho GTPase-activating protein 4				131689
P98172	P98172	EFNB1_HUMAN	EFNB1	Ephrin-B1	1.05153e+06		817376	549709
P98173	P98173	FAM3A_HUMAN	FAM3A	Protein FAM3A				264219
P98175	P98175	RBM10_HUMAN	RBM10	RNA-binding protein 10	949147		921592	1.03504e+06
P98179	P98179	RBM3_HUMAN	RBM3	RNA-binding protein 3	1.42412e+07		1.07274e+07	7.80596e+06
P98194	P98194	AT2C1_HUMAN	ATP2C1	Calcium-transporting ATPase type 2C member 1				741551
P98196	P98196	AT11A_HUMAN	ATP11A	Phospholipid-transporting ATPase IH				403878
P99999	P99999	CYC_HUMAN	CYCS	Cytochrome c	6.67104e+07		1.69029e+08	9.09362e+07
Q00013	Q00013	EM55_HUMAN	MPP1	55 kDa erythrocyte membrane protein	347411			1.0477e+06
Q00059	Q00059	TFAM_HUMAN	TFAM	Transcription factor A, mitochondrial	1.04224e+06		1.13713e+06	1.05476e+06
Q00169	Q00169	PIPNA_HUMAN	PITPNA	Phosphatidylinositol transfer protein alpha isoform	2.72375e+06		3.02067e+06	1.12624e+06
Q00266	Q00266	METK1_HUMAN	MAT1A	S-adenosylmethionine synthase isoform type-1	207806		93570.7	178999
Q00325	Q00325	S25A3_HUMAN	SLC25A3	Solute carrier family 25 member 3	524987		452973	7.83517e+07
Q00341	Q00341	VIGLN_HUMAN	HDLBP	Vigilin	4.38494e+06		2.70192e+06	3.58691e+06
Q00403	Q00403	TF2B_HUMAN	GTF2B	Transcription initiation factor IIB	547272			319714
Q00534	Q00534	CDK6_HUMAN	CDK6	Cyclin-dependent kinase 6				565520
Q00535	Q00535	CDK5_HUMAN	CDK5	Cyclin-dependent kinase 5	633117			1.40335e+06
Q00577	Q00577	PURA_HUMAN	PURA	Transcriptional activator protein Pur-alpha	3.07304e+06		2.90257e+06	1.79186e+06
Q00610	P53675;Q00610	CLH1_HUMAN	CLTC	Clathrin heavy chain 1	542365		562601	1.14949e+07
Q00613	Q00613;Q03933;Q9ULV5	HSF1_HUMAN	HSF1	Heat shock factor protein 1	334433			99484.3
Q00653	Q00653	NFKB2_HUMAN	NFKB2	Nuclear factor NF-kappa-B p100 subunit	164709			531360
Q00688	Q00688	FKBP3_HUMAN	FKBP3	Peptidyl-prolyl cis-trans isomerase FKBP3	1.13283e+07		1.07834e+07	4.96774e+06
Q00722	Q00722	PLCB2_HUMAN	PLCB2	1-phosphatidylinositol 4,5-bisphosphate phosphodiesterase beta-2	1.0657e+06		1.02958e+06	595274
Q00765	Q00765	REEP5_HUMAN	REEP5	Receptor expression-enhancing protein 5	2.96977e+06		2.13718e+06	3.4973e+06
Q00796	Q00796	DHSO_HUMAN	SORD	Sorbitol dehydrogenase	6.01548e+06		7.92684e+06	8.32609e+06
Q00839	Q00839	HNRPU_HUMAN	HNRNPU	Heterogeneous nuclear ribonucleoprotein U	4.71563e+07		4.22773e+07	4.22414e+07
Q01081	Q01081	U2AF1_HUMAN	U2AF1	Splicing factor U2AF 35 kDa subunit	8.42952e+06		4.66034e+06	5.24243e+06
Q01082	Q01082	SPTB2_HUMAN	SPTBN1	Spectrin beta chain, non-erythrocytic 1	1.37918e+06		1.8153e+06	9.01803e+06
Q01085	P31483;Q01085	TIAR_HUMAN	TIAL1	Nucleolysin TIAR	4.72754e+06		2.35083e+06	3.23713e+06
Q01105	Q01105	SET_HUMAN	SET	Protein SET	5.88324e+07		6.4844e+07	2.62821e+07
Q01130	Q01130	SRSF2_HUMAN	SRSF2	Serine/arginine-rich splicing factor 2	1.86139e+07		1.38414e+07	7.39032e+06
Q01167	Q01167	FOXK2_HUMAN	FOXK2	Forkhead box protein K2	392594		178737	321945
Q01415	Q01415	GALK2_HUMAN	GALK2	N-acetylgalactosamine kinase	506463		298676	2.06775e+06
Q01432	Q01432	AMPD3_HUMAN	AMPD3	AMP deaminase 3	907157		500369	1.80797e+06
Q01433	Q01433	AMPD2_HUMAN	AMPD2	AMP deaminase 2	1.94639e+06		1.26622e+06	1.8814e+06
Q01459	Q01459	DIAC_HUMAN	CTBS	Di-N-acetylchitobiase	1.65426e+06		3.2326e+06	1.45912e+06
Q01469	Q01469	FABP5_HUMAN	FABP5	Fatty acid-binding protein 5	5.58306e+07	1.44558e+09	4.81073e+07	1.39743e+07
Q01484	Q01484	ANK2_HUMAN	ANK2	Ankyrin-2	170673		213500	143167
Q01518	Q01518	CAP1_HUMAN	CAP1	Adenylyl cyclase-associated protein 1	4.66745e+07	1.62116e+09	2.42775e+07	3.61734e+07
Q01524	Q01524	DEF6_HUMAN	DEFA6	Defensin-6			564879	30900.7
Q01546	Q01546	K22O_HUMAN	KRT76	Keratin, type II cytoskeletal 2 oral			623845	
Q01581	Q01581	HMCS1_HUMAN	HMGCS1	Hydroxymethylglutaryl-CoA synthase, cytoplasmic	3.29432e+06		1.30034e+06	684761
Q01628	P13164;Q01628;Q01629	IFM3_HUMAN	IFITM3	Interferon-induced transmembrane protein 3	2.72261e+06		1.90648e+06	1.21148e+06
Q01650	Q01650	LAT1_HUMAN	SLC7A5	Large neutral amino acids transporter small subunit 1				632941
Q01658	Q01658	NC2B_HUMAN	DR1	Protein Dr1	7.53604e+06		1.51907e+06	1.83807e+06
Q01780	Q01780	EXOSX_HUMAN	EXOSC10	Exosome component 10				260130
Q01804	Q01804	OTUD4_HUMAN	OTUD4	OTU domain-containing protein 4	200931		214485	137206
Q01813	Q01813	PFKAP_HUMAN	PFKP	ATP-dependent 6-phosphofructokinase, platelet type	1.88579e+06		2.64125e+06	1.67646e+06
Q01831	Q01831	XPC_HUMAN	XPC	DNA repair protein complementing XP-C cells				337573
Q01844	Q01844	EWS_HUMAN	EWSR1	RNA-binding protein EWS	2.39276e+07		3.20518e+07	8.48305e+06
Q01968	Q01968	OCRL_HUMAN	OCRL	Inositol polyphosphate 5-phosphatase OCRL				322558
Q01970	Q01970	PLCB3_HUMAN	PLCB3	1-phosphatidylinositol 4,5-bisphosphate phosphodiesterase beta-3	685711		485453	685018
Q01995	Q01995	TAGL_HUMAN	TAGLN	Transgelin	6.08363e+07		9.19517e+07	3.38209e+07
Q02040	Q02040	AK17A_HUMAN	AKAP17A	A-kinase anchor protein 17A	2.02507e+07		2.01415e+07	7.80345e+06
Q02083	Q02083	NAAA_HUMAN	NAAA	N-acylethanolamine-hydrolyzing acid amidase	5.55201e+06		1.16475e+07	4.53717e+06
Q02086	Q02086	SP2_HUMAN	SP2	Transcription factor Sp2	158037		91108	
Q02094	Q02094	RHAG_HUMAN	RHAG	Ammonium transporter Rh type A			120660	597965
Q02108	Q02108	GCYA1_HUMAN	GUCY1A1	Guanylate cyclase soluble subunit alpha-1				596214
Q02127	Q02127	PYRD_HUMAN	DHODH	Dihydroorotate dehydrogenase (quinone), mitochondrial	1.0667e+06		1.02325e+06	1.03019e+06
Q02153	Q02153	GCYB1_HUMAN	GUCY1B1	Guanylate cyclase soluble subunit beta-1				222477
Q02156	Q02156	KPCE_HUMAN	PRKCE	Protein kinase C epsilon type	593923		443613	792102
Q02218	Q02218	ODO1_HUMAN	OGDH	2-oxoglutarate dehydrogenase complex component E1			483347	5.27221e+06
Q02252	Q02252	MMSA_HUMAN	ALDH6A1	Methylmalonate-semialdehyde dehydrogenase [acylating], mitochondrial	3.58743e+06		2.64971e+06	2.64027e+06
Q02318	Q02318	CP27A_HUMAN	CYP27A1	Sterol 26-hydroxylase, mitochondrial				842726
Q02338	Q02338	BDH_HUMAN	BDH1	D-beta-hydroxybutyrate dehydrogenase, mitochondrial	309632		335482	5.13529e+06
Q02413	Q02413	DSG1_HUMAN	DSG1	Desmoglein-1	1.2724e+06	6.43739e+08	4.15915e+06	979772
Q02447	Q02447	SP3_HUMAN	SP3	Transcription factor Sp3				402207
Q02487	Q02487;Q14574	DSC2_HUMAN	DSC2	Desmocollin-2	1.92293e+06		2.35114e+06	2.44587e+06
Q02543	Q02543	RL18A_HUMAN	RPL18A	Large ribosomal subunit protein eL20	3.21047e+06		4.45774e+06	5.26813e+06
Q02556	Q02556	IRF8_HUMAN	IRF8	Interferon regulatory factor 8	343990			
Q02750	P36507;Q02750	MP2K1_HUMAN	MAP2K1	Dual specificity mitogen-activated protein kinase kinase 1	2.17509e+06		1.47407e+06	8.95445e+06
Q02790	Q02790	FKBP4_HUMAN	FKBP4	Peptidyl-prolyl cis-trans isomerase FKBP4	1.07592e+07		7.33342e+06	5.23223e+06
Q02809	Q02809	PLOD1_HUMAN	PLOD1	Procollagen-lysine,2-oxoglutarate 5-dioxygenase 1	716712		281552	1.48529e+06
Q02817	Q02817	MUC2_HUMAN	MUC2	Mucin-2	4.38668e+07		1.39766e+08	1.12811e+07
Q02818	Q02818	NUCB1_HUMAN	NUCB1	Nucleobindin-1	8.50722e+06		2.61385e+06	3.65519e+06
Q02878	Q02878	RL6_HUMAN	RPL6	Large ribosomal subunit protein eL6	1.1855e+07		1.40971e+07	1.59395e+07
Q02880	Q02880	TOP2B_HUMAN	TOP2B	DNA topoisomerase 2-beta	100618		207804	787390
Q02952	Q02952	AKA12_HUMAN	AKAP12	A-kinase anchor protein 12	1.25894e+07		1.00812e+07	1.15558e+07
Q02978	Q02978	M2OM_HUMAN	SLC25A11	Mitochondrial 2-oxoglutarate/malate carrier protein				3.79778e+06
Q02985	Q02985;Q92496	FHR3_HUMAN	CFHR3	Complement factor H-related protein 3	270246		712089	280577
Q03001	Q03001	DYST_HUMAN	DST	Dystonin	766867		782466	1.0324e+06
Q03111	Q03111	ENL_HUMAN	MLLT1	Protein ENL	324184		504197	293909
Q03135	Q03135	CAV1_HUMAN	CAV1	Caveolin-1	3.44708e+06		3.65908e+06	2.27725e+06
Q03154	Q03154	ACY1_HUMAN	ACY1	Aminoacylase-1	5.20989e+06		1.05182e+07	8.8453e+06
Q03169	Q03169	TNAP2_HUMAN	TNFAIP2	Tumor necrosis factor alpha-induced protein 2			102729	651584
Q03252	Q03252	LMNB2_HUMAN	LMNB2	Lamin-B2	8.54163e+06		9.01538e+06	5.84358e+06
Q03393	Q03393	PTPS_HUMAN	PTS	6-pyruvoyl tetrahydrobiopterin synthase	288360		251035	
Q03405	Q03405	UPAR_HUMAN	PLAUR	Urokinase plasminogen activator surface receptor	223522		539385	7883.97
Q03426	Q03426	KIME_HUMAN	MVK	Mevalonate kinase	160996			440391
Q03518	Q03518	TAP1_HUMAN	TAP1	Antigen peptide transporter 1				2.60826e+06
Q03519	Q03519	TAP2_HUMAN	TAP2	Antigen peptide transporter 2			24355.5	2.56911e+06
Q03591	P36980;Q03591	FHR1_HUMAN	CFHR1	Complement factor H-related protein 1	1.55985e+06		3.8952e+06	1.59307e+06
Q04206	Q04206	TF65_HUMAN	RELA	Transcription factor p65	1.48249e+06		809169	1.77059e+06
Q04323	Q04323	UBXN1_HUMAN	UBXN1	UBX domain-containing protein 1	3.7613e+06		3.36556e+06	1.28991e+06
Q04446	Q04446	GLGB_HUMAN	GBE1	1,4-alpha-glucan-branching enzyme	1.97786e+06		2.18372e+06	3.04791e+06
Q04637	Q04637	IF4G1_HUMAN	EIF4G1	Eukaryotic translation initiation factor 4 gamma 1	2.52326e+06		1.71193e+06	3.6747e+06
Q04656	Q04656	ATP7A_HUMAN	ATP7A	Copper-transporting ATPase 1				337703
Q04695	Q04695	K1C17_HUMAN	KRT17	Keratin, type I cytoskeletal 17	372379	2.98569e+08	2.47383e+06	1.18952e+06
Q04726	Q04724;Q04725;Q04726;Q04727	TLE3_HUMAN	TLE3	Transducin-like enhancer protein 3				718278
Q04756	Q04756	HGFA_HUMAN	HGFAC	Hepatocyte growth factor activator			346361	
Q04760	Q04760	LGUL_HUMAN	GLO1	Lactoylglutathione lyase	2.13011e+07		2.32352e+07	7.54775e+06
Q04837	Q04837	SSBP_HUMAN	SSBP1	Single-stranded DNA-binding protein, mitochondrial	3.41808e+07		2.4379e+07	3.37437e+07
Q04844	Q04844	ACHE_HUMAN	CHRNE	Acetylcholine receptor subunit epsilon	487185		580077	
Q04864	Q04864	REL_HUMAN	REL	Proto-oncogene c-Rel	327102		162776	340056
Q04912	Q04912	RON_HUMAN	MST1R	Macrophage-stimulating protein receptor			126652	310078
Q04917	Q04917	1433F_HUMAN	YWHAH	14-3-3 protein eta	8.14238e+06		4.5892e+06	8.52237e+06
Q04941	Q04941	PLP2_HUMAN	PLP2	Proteolipid protein 2	2.29463e+06		1.76426e+06	1.94509e+06
Q05048	Q05048	CSTF1_HUMAN	CSTF1	Cleavage stimulation factor subunit 1	1.39782e+06		1.43197e+06	1.38467e+06
Q05084	Q05084;Q8NDH6	ICA69_HUMAN	ICA1	Islet cell autoantigen 1	1.87488e+06		2.80856e+06	3.41502e+06
Q05086	Q05086	UBE3A_HUMAN	UBE3A	Ubiquitin-protein ligase E3A			494523	1.2132e+06
Q05193	Q05193	DYN1_HUMAN	DNM1	Dynamin-1				648807
Q05209	Q05209	PTN12_HUMAN	PTPN12	Tyrosine-protein phosphatase non-receptor type 12	358553		524773	838031
Q05315	Q05315	LEG10_HUMAN	CLC	Galectin-10	1.71174e+08		4.36997e+08	1.06141e+08
Q05397	Q05397	FAK1_HUMAN	PTK2	Focal adhesion kinase 1	1.21709e+06		669430	576085
Q05519	Q05519	SRS11_HUMAN	SRSF11	Serine/arginine-rich splicing factor 11	913222		207597	514292
Q05655	Q05655	KPCD_HUMAN	PRKCD	Protein kinase C delta type	318422		231308	1.01763e+06
Q05682	Q05682	CALD1_HUMAN	CALD1	Caldesmon	2.74486e+07		3.15519e+07	1.21833e+07
Q05707	Q05707	COEA1_HUMAN	COL14A1	Collagen alpha-1(XIV) chain	881974		2.03757e+07	5.39285e+06
Q05823	Q05823	RN5A_HUMAN	RNASEL	2-5A-dependent ribonuclease			39038	122254
Q05932	Q05932	FOLC_HUMAN	FPGS	Folylpolyglutamate synthase, mitochondrial				113774
Q05D32	Q05D32	CTSL2_HUMAN	CTDSPL2	CTD small phosphatase-like protein 2	101040			59137
Q06033	Q06033	ITIH3_HUMAN	ITIH3	Inter-alpha-trypsin inhibitor heavy chain H3	735727		1.66041e+06	1.18095e+06
Q06124	Q06124	PTN11_HUMAN	PTPN11	Tyrosine-protein phosphatase non-receptor type 11	1.17389e+06		807339	1.67507e+06
Q06136	Q06136	KDSR_HUMAN	KDSR	3-ketodihydrosphingosine reductase	76475.7		64243.2	783779
Q06141	Q06141	REG3A_HUMAN	REG3A	Regenerating islet-derived protein 3-alpha	399855		210371	664390
Q06203	Q06203	PUR1_HUMAN	PPAT	Amidophosphoribosyltransferase	3.62069e+06		2.61526e+06	1.54158e+06
Q06210	Q06210	GFPT1_HUMAN	GFPT1	Glutamine--fructose-6-phosphate aminotransferase [isomerizing] 1	1.04321e+07		1.2493e+07	6.31217e+06
Q06265	Q06265	EXOS9_HUMAN	EXOSC9	Exosome complex component RRP45	1.01151e+06		827481	499191
Q06323	Q06323	PSME1_HUMAN	PSME1	Proteasome activator complex subunit 1	8.03052e+07		4.66398e+07	2.37725e+07
Q06330	Q06330;Q9UBG7	SUH_HUMAN	RBPJ	Recombining binding protein suppressor of hairless	617804		582641	276341
Q06481	Q06481	APLP2_HUMAN	APLP2	Amyloid beta precursor like protein 2	293431		168855	187340
Q06546	Q06546	GABPA_HUMAN	GABPA	GA-binding protein alpha chain	413052		274546	337409
Q06547	Q06547	GABP1_HUMAN	GABPB1	GA-binding protein subunit beta-1	45061.3		50269.2	46557.2
Q06587	Q06587	RING1_HUMAN	RING1	E3 ubiquitin-protein ligase RING1	371701		160701	441769
Q06787	Q06787	FMR1_HUMAN	FMR1	Fragile X messenger ribonucleoprotein 1	420776		218506	521922
Q06828	Q06828	FMOD_HUMAN	FMOD	Fibromodulin	671788		924184	612675
Q06830	Q06830	PRDX1_HUMAN	PRDX1	Peroxiredoxin-1	2.73244e+08	8.6864e+08	2.97763e+08	1.94758e+08
Q07002	Q00536;Q00537;Q07002	CDK18_HUMAN	CDK18	Cyclin-dependent kinase 18				214676
Q07020	Q07020	RL18_HUMAN	RPL18	Large ribosomal subunit protein eL18	8.97988e+06		9.86471e+06	1.55574e+07
Q07021	Q07021	C1QBP_HUMAN	C1QBP	Complement component 1 Q subcomponent-binding protein, mitochondrial	4.33721e+06		4.73924e+06	4.27366e+06
Q07065	Q07065	CKAP4_HUMAN	CKAP4	Cytoskeleton-associated protein 4	2.16554e+06		1.40862e+06	5.84473e+06
Q07075	Q07075	AMPE_HUMAN	ENPEP	Glutamyl aminopeptidase	265316			176384
Q07108	Q07108	CD69_HUMAN	CD69	Early activation antigen CD69	72660.8		64815.1	
Q07157	Q07157	ZO1_HUMAN	TJP1	Tight junction protein ZO-1	1.01207e+06		1.18442e+06	933498
Q07617	Q07617	SPAG1_HUMAN	SPAG1	Sperm-associated antigen 1	1.09656e+06		808047	1.75518e+06
Q07666	Q07666	KHDR1_HUMAN	KHDRBS1	KH domain-containing, RNA-binding, signal transduction-associated protein 1	1.05733e+07		6.58924e+06	3.90411e+06
Q07812	Q07812	BAX_HUMAN	BAX	Apoptosis regulator BAX	6.15863e+06		7.91129e+06	9.93235e+06
Q07817	Q07817	B2CL1_HUMAN	BCL2L1	Bcl-2-like protein 1	1.41678e+06		1.28185e+06	1.83008e+06
Q07820	Q07820	MCL1_HUMAN	MCL1	Induced myeloid leukemia cell differentiation protein Mcl-1	210972			244798
Q07866	Q07866	KLC1_HUMAN	KLC1	Kinesin light chain 1	781826		303960	1.03131e+06
Q07954	Q07954	LRP1_HUMAN	LRP1	Prolow-density lipoprotein receptor-related protein 1	2.46397e+06		2.09192e+06	7.11799e+06
Q07955	Q07955	SRSF1_HUMAN	SRSF1	Serine/arginine-rich splicing factor 1	3.0469e+06		4.4225e+06	3.11633e+06
Q07960	Q07960	RHG01_HUMAN	ARHGAP1	Rho GTPase-activating protein 1	1.89272e+06		1.65457e+06	1.34892e+07
Q08043	Q08043	ACTN3_HUMAN	ACTN3	Alpha-actinin-3				424807
Q08170	Q08170	SRSF4_HUMAN	SRSF4	Serine/arginine-rich splicing factor 4	457659		825014	432838
Q08174	Q08174	PCDH1_HUMAN	PCDH1	Protocadherin-1	775722		554201	393427
Q08188	Q08188	TGM3_HUMAN	TGM3	Protein-glutamine gamma-glutamyltransferase E	1.80951e+06	5.64566e+08	3.41148e+06	2.41554e+06
Q08209	P16298;P48454;Q08209	PP2BA_HUMAN	PPP3CA	Protein phosphatase 3 catalytic subunit alpha	4.54937e+06		3.17955e+06	2.74736e+06
Q08211	Q08211	DHX9_HUMAN	DHX9	ATP-dependent RNA helicase A	2.82577e+06		1.69377e+06	5.44897e+06
Q08257	Q08257	QOR_HUMAN	CRYZ	Quinone oxidoreductase	3.43798e+06		3.16784e+06	9.08508e+06
Q08345	Q08345	DDR1_HUMAN	DDR1	Epithelial discoidin domain-containing receptor 1			236897	89856.6
Q08357	Q08357	S20A2_HUMAN	SLC20A2	Sodium-dependent phosphate transporter 2				842183
Q08378	Q08378	GOGA3_HUMAN	GOLGA3	Golgin subfamily A member 3	1.65876e+06	5.70568e+08	1.36853e+06	2.58939e+06
Q08379	Q08379	GOGA2_HUMAN	GOLGA2	Golgin subfamily A member 2	411022		824897	1.01614e+06
Q08380	Q08380	LG3BP_HUMAN	LGALS3BP	Galectin-3-binding protein	9.33949e+06		1.64341e+07	1.39921e+07
Q08426	Q08426	ECHP_HUMAN	EHHADH	Peroxisomal bifunctional enzyme			197005	951313
Q08431	Q08431	MFGM_HUMAN	MFGE8	Lactadherin	1.1228e+06		504356	634438
Q08477	Q08477	CP4F3_HUMAN	CYP4F3	Cytochrome P450 4F3				1.18825e+06
Q08495	Q08495	DEMA_HUMAN	DMTN	Dematin	994332		1.38471e+06	1.00825e+06
Q08554	Q08554	DSC1_HUMAN	DSC1	Desmocollin-1	1.07259e+06		2.36451e+06	606076
Q08623	Q08623	HDHD1_HUMAN	PUDP	Pseudouridine-5'-phosphatase	751614		390131	1.31683e+06
Q08722	Q08722	CD47_HUMAN	CD47	Leukocyte surface antigen CD47	6.62205e+06		6.76708e+06	3.68031e+06
Q08752	Q08752	PPID_HUMAN	PPID	Peptidyl-prolyl cis-trans isomerase D	3.3899e+06		1.94411e+06	1.98241e+06
Q08945	Q08945	SSRP1_HUMAN	SSRP1	FACT complex subunit SSRP1	301733		247445	575057
Q08AD1	Q08AD1	CAMP2_HUMAN	CAMSAP2	Calmodulin-regulated spectrin-associated protein 2	260878			47773.5
Q08AF3	Q08AF3	SLFN5_HUMAN	SLFN5	Schlafen family member 5	143699		38593.5	681541
Q08AI8	Q08AI8	MB214_HUMAN	MAB21L4	Protein mab-21-like 4				65904.3
Q08AM6	Q08AM6	VAC14_HUMAN	VAC14	Protein VAC14 homolog	123097			574038
Q08J23	Q08J23	NSUN2_HUMAN	NSUN2	RNA cytosine C(5)-methyltransferase NSUN2	347788		220165	3.42401e+06
Q09028	Q09028	RBBP4_HUMAN	RBBP4	Histone-binding protein RBBP4	8.26258e+06		7.61728e+06	2.72843e+06
Q09161	Q09161	NCBP1_HUMAN	NCBP1	Nuclear cap-binding protein subunit 1	407378		105639	1.37294e+06
Q09327	Q09327	MGAT3_HUMAN	MGAT3	Beta-1,4-mannosyl-glycoprotein 4-beta-N-acetylglucosaminyltransferase				221368
Q09328	Q09328	MGT5A_HUMAN	MGAT5	Alpha-1,6-mannosylglycoprotein 6-beta-N-acetylglucosaminyltransferase A				250478
Q09666	Q09666	AHNK_HUMAN	AHNAK	Neuroblast differentiation-associated protein AHNAK	5.34126e+07	7.42899e+08	3.70385e+07	1.82764e+07
Q0IIM8	Q0IIM8	TBC8B_HUMAN	TBC1D8B	TBC1 domain family member 8B				214658
Q0JRZ9	Q0JRZ9	FCHO2_HUMAN	FCHO2	F-BAR domain only protein 2	523029		372059	760118
Q0P6H9	Q0P6H9	TMM62_HUMAN	TMEM62	Transmembrane protein 62	208616			426985
Q0VD83	Q0VD83	APOBR_HUMAN	APOBR	Apolipoprotein B receptor	2.46166e+06		1.27595e+06	988234
Q0VDF9	Q0VDF9	HSP7E_HUMAN	HSPA14	Heat shock 70 kDa protein 14	1.14912e+06		269927	1.27628e+06
Q0VDG4	Q0VDG4	SCRN3_HUMAN	SCRN3	Secernin-3	83743.6		48593.5	224704
Q0VGL1	Q0VGL1	LTOR4_HUMAN	LAMTOR4	Ragulator complex protein LAMTOR4	2.35681e+06		1.91947e+06	3.11118e+06
Q0ZGT2	Q0ZGT2	NEXN_HUMAN	NEXN	Nexilin	978318		1.38693e+06	675991
Q10469	Q10469	MGAT2_HUMAN	MGAT2	Alpha-1,6-mannosyl-glycoprotein 2-beta-N-acetylglucosaminyltransferase	473316		110119	575361
Q10471	Q10471	GALT2_HUMAN	GALNT2	Polypeptide N-acetylgalactosaminyltransferase 2	2.19039e+06		1.19424e+06	2.82663e+06
Q10472	Q10472;Q8IUC8	GALT1_HUMAN	GALNT1	Polypeptide N-acetylgalactosaminyltransferase 1	792268		216351	1.00152e+06
Q10567	Q10567	AP1B1_HUMAN	AP1B1	AP-1 complex subunit beta-1	669956		426791	3.18319e+06
Q10570	Q10570	CPSF1_HUMAN	CPSF1	Cleavage and polyadenylation specificity factor subunit 1	264602		444377	689804
Q10588	Q10588	BST1_HUMAN	BST1	ADP-ribosyl cyclase/cyclic ADP-ribose hydrolase 2	1.90987e+06		2.97421e+06	697150
Q10589	Q10589	BST2_HUMAN	BST2	Bone marrow stromal antigen 2	2.45806e+06		2.78691e+06	328792
Q10713	Q10713	MPPA_HUMAN	PMPCA	Mitochondrial-processing peptidase subunit alpha	680057		473322	3.61233e+06
Q11201	Q11201	SIA4A_HUMAN	ST3GAL1	CMP-N-acetylneuraminate-beta-galactosamide-alpha-2,3-sialyltransferase 1				2.07159e+06
Q11206	Q11206	SIA4C_HUMAN	ST3GAL4	CMP-N-acetylneuraminate-beta-galactosamide-alpha-2,3-sialyltransferase 4	390475		500352	577347
Q12765	Q12765	SCRN1_HUMAN	SCRN1	Secernin-1	2.12924e+06		1.04182e+06	1.71957e+06
Q12768	Q12768	WASC5_HUMAN	WASHC5	WASH complex subunit 5				2.01397e+06
Q12769	Q12769	NU160_HUMAN	NUP160	Nuclear pore complex protein Nup160				701185
Q12774	Q12774	ARHG5_HUMAN	ARHGEF5	Rho guanine nucleotide exchange factor 5	1.09272e+06			261385
Q12788	Q12788	TBL3_HUMAN	TBL3	Transducin beta-like protein 3	561728			635430
Q12789	Q12789	TF3C1_HUMAN	GTF3C1	General transcription factor 3C polypeptide 1				294198
Q12792	Q12792	TWF1_HUMAN	TWF1	Twinfilin-1	1.61935e+06		1.60359e+06	5.72906e+06
Q12797	Q12797	ASPH_HUMAN	ASPH	Aspartyl/asparaginyl beta-hydroxylase	1.75175e+06		1.71372e+06	3.74673e+06
Q12800;Q9NZI7	Q12800;Q9NZI7	TFCP2_HUMAN;UBIP1_HUMAN	TFCP2;UBP1	Alpha-globin transcription factor CP2	451399		643974	480590
Q12802	Q12802	AKP13_HUMAN	AKAP13	A-kinase anchor protein 13				78851.8
Q12805	Q12805	FBLN3_HUMAN	EFEMP1	EGF-containing fibulin-like extracellular matrix protein 1	2.77864e+06		4.08006e+06	2.70024e+06
Q12824	Q12824	SNF5_HUMAN	SMARCB1	SWI/SNF-related matrix-associated actin-dependent regulator of chromatin subfamily B member 1	438814		383886	847460
Q12841	Q12841	FSTL1_HUMAN	FSTL1	Follistatin-related protein 1	294914		364048	154693
Q12846	Q12846	STX4_HUMAN	STX4	Syntaxin-4	2.04821e+06		1.97958e+06	1.55318e+06
Q12849	Q12849	GRSF1_HUMAN	GRSF1	G-rich sequence factor 1	970905		354442	1.08416e+06
Q12851	Q12851	M4K2_HUMAN	MAP4K2	Mitogen-activated protein kinase kinase kinase kinase 2				67208.5
Q12864	Q12864	CAD17_HUMAN	CDH17	Cadherin-17	1.83475e+07		2.68058e+07	1.72989e+07
Q12866	Q12866	MERTK_HUMAN	MERTK	Tyrosine-protein kinase Mer	1.14525e+06		865156	1.29893e+06
Q12874	Q12874	SF3A3_HUMAN	SF3A3	Splicing factor 3A subunit 3	3.62907e+06		1.60132e+06	1.63654e+06
Q12882	Q12882	DPYD_HUMAN	DPYD	Dihydropyrimidine dehydrogenase [NADP(+)]	123406		380910	303295
Q12884	Q12884	SEPR_HUMAN	FAP	Prolyl endopeptidase FAP	174113		209286	342307
Q12888	Q12888	TP53B_HUMAN	TP53BP1	TP53-binding protein 1	453403	1.66615e+10		1.07994e+06
Q12894	Q12894	IFRD2_HUMAN	IFRD2	Interferon-related developmental regulator 2	43779.3			93678.1
Q12899	Q12899	TRI26_HUMAN	TRIM26	Tripartite motif-containing protein 26	506037		311689	471475
Q12901;Q9NZL3;Q9UK13	Q9NZL3;Q12901;Q9UK13	ZN155_HUMAN;ZN221_HUMAN;ZN224_HUMAN	ZNF155;ZNF221;ZNF224	Zinc finger protein 155	491255			
Q12904	Q12904	AIMP1_HUMAN	AIMP1	Aminoacyl tRNA synthase complex-interacting multifunctional protein 1	1.9365e+06		2.86282e+06	4.52787e+06
Q12905	Q12905	ILF2_HUMAN	ILF2	Interleukin enhancer-binding factor 2	1.19804e+07		4.63951e+06	1.83629e+07
Q12906	Q12906;Q96SI9	ILF3_HUMAN	ILF3	Interleukin enhancer-binding factor 3	1.98636e+06		3.14892e+06	1.43347e+07
Q12907	Q12907	LMAN2_HUMAN	LMAN2	Vesicular integral-membrane protein VIP36	1.50867e+07		1.69553e+07	1.33083e+07
Q12913	Q12913	PTPRJ_HUMAN	PTPRJ	Receptor-type tyrosine-protein phosphatase eta	981297		1.05021e+06	1.12178e+06
Q12929	Q12929	EPS8_HUMAN	EPS8	Epidermal growth factor receptor kinase substrate 8	1.01269e+06		678648	1.17031e+06
Q12931	Q12931	TRAP1_HUMAN	TRAP1	Heat shock protein 75 kDa, mitochondrial	161510		1.47005e+06	3.69515e+06
Q12933	Q12933	TRAF2_HUMAN	TRAF2	TNF receptor-associated factor 2				613745
Q12955	Q12955	ANK3_HUMAN	ANK3	Ankyrin-3	770902		775374	655719
Q12959	Q12959	DLG1_HUMAN	DLG1	Disks large homolog 1	1.57119e+06		1.79059e+06	1.86604e+06
Q12962	Q12962	TAF10_HUMAN	TAF10	Transcription initiation factor TFIID subunit 10	279238			78275.3
Q12965	Q12965	MYO1E_HUMAN	MYO1E	Unconventional myosin-Ie			103534	639961
Q12972	Q12972	PP1R8_HUMAN	PPP1R8	Nuclear inhibitor of protein phosphatase 1	1.79524e+06		1.35406e+06	928083
Q12979	Q12979	ABR_HUMAN	ABR	Active breakpoint cluster region-related protein				963684
Q12981	Q12981	SEC20_HUMAN	BNIP1	Vesicle transport protein SEC20	468321		263401	354300
Q12982	Q12982	BNIP2_HUMAN	BNIP2	BCL2/adenovirus E1B 19 kDa protein-interacting protein 2	130204		172213	250886
Q12986	Q12986	NFX1_HUMAN	NFX1	Transcriptional repressor NF-X1			20048.1	250802
Q12996	Q12996	CSTF3_HUMAN	CSTF3	Cleavage stimulation factor subunit 3	664074		277038	1.565e+06
Q12999	P35240;Q12999	TSN31_HUMAN	TSPAN31	Tetraspanin-31			191338	500998
Q13011	Q13011	ECH1_HUMAN	ECH1	Delta(3,5)-Delta(2,4)-dienoyl-CoA isomerase, mitochondrial	1.7331e+07		1.59419e+07	1.09399e+07
Q13017	Q13017	RHG05_HUMAN	ARHGAP5	Rho GTPase-activating protein 5				165775
Q13033	Q13033	STRN3_HUMAN	STRN3	Striatin-3	643180		754293	1.1182e+06
Q13042	Q13042	CDC16_HUMAN	CDC16	Cell division cycle protein 16 homolog				416823
Q13043	Q13043;Q13188	STK4_HUMAN	STK4	Serine/threonine-protein kinase 4	415291		251549	969598
Q13045	Q13045	FLII_HUMAN	FLII	Protein flightless-1 homolog	1.36361e+06		1.27422e+06	7.35513e+06
Q13049	Q13049	TRI32_HUMAN	TRIM32	E3 ubiquitin-protein ligase TRIM32				82343.2
Q13057	Q13057	COASY_HUMAN	COASY	Bifunctional coenzyme A synthase	399319		148356	2.78557e+06
Q13084	Q13084	RM28_HUMAN	MRPL28	Large ribosomal subunit protein bL28m				1.44109e+06
Q13085	Q13085	ACACA_HUMAN	ACACA	Acetyl-CoA carboxylase 1				1.69296e+06
Q13094	Q13094	LCP2_HUMAN	LCP2	Lymphocyte cytosolic protein 2	838912		633813	598754
Q13098	Q13098	CSN1_HUMAN	GPS1	COP9 signalosome complex subunit 1	1.20728e+06		360786	2.89012e+06
Q13107	Q13107	UBP4_HUMAN	USP4	Ubiquitin carboxyl-terminal hydrolase 4				266705
Q13113	Q13113	PDZ1I_HUMAN	PDZK1IP1	PDZK1-interacting protein 1	157975			
Q13123	Q13123	RED_HUMAN	IK	Protein Red	551839		379707	478366
Q13126	Q13126	MTAP_HUMAN	MTAP	S-methyl-5'-thioadenosine phosphorylase	9.74824e+06		1.03656e+07	5.97182e+06
Q13131	Q13131	AAPK1_HUMAN	PRKAA1	5'-AMP-activated protein kinase catalytic subunit alpha-1	352593		277477	1.98765e+06
Q13136	Q13136	LIPA1_HUMAN	PPFIA1	Liprin-alpha-1			306163	390637
Q13144	Q13144	EI2BE_HUMAN	EIF2B5	Translation initiation factor eIF-2B subunit epsilon	439630		288298	972555
Q13148	Q13148	TADBP_HUMAN	TARDBP	TAR DNA-binding protein 43	5.10785e+06		2.33873e+06	4.54999e+06
Q13151	Q13151	ROA0_HUMAN	HNRNPA0	Heterogeneous nuclear ribonucleoprotein A0	4.39922e+07		1.70655e+07	6.74943e+06
Q13153	Q13153	PAK1_HUMAN	PAK1	Serine/threonine-protein kinase PAK 1	1.88261e+06		2.0302e+06	3.01178e+06
Q13155	Q13155	AIMP2_HUMAN	AIMP2	Aminoacyl tRNA synthase complex-interacting multifunctional protein 2	531538		214336	1.67784e+06
Q13158	Q13158	FADD_HUMAN	FADD	FAS-associated death domain protein	696208		145416	339068
Q13162	Q13162	PRDX4_HUMAN	PRDX4	Peroxiredoxin-4	1.21811e+07		9.57908e+06	1.09403e+07
Q13163	Q13163	MP2K5_HUMAN	MAP2K5	Dual specificity mitogen-activated protein kinase kinase 5	242237			158048
Q13177	Q13177	PAK2_HUMAN	PAK2	Serine/threonine-protein kinase PAK 2	1.18243e+06		736142	4.2829e+06
Q13185	Q13185	CBX3_HUMAN	CBX3	Chromobox protein homolog 3	4.34322e+06		3.73861e+06	1.76074e+06
Q13188	Q13188	STK3_HUMAN	STK3	Serine/threonine-protein kinase 3				245568
Q13190	Q13190	STX5_HUMAN	STX5	Syntaxin-5	310135			885308
Q13200	Q13200	PSMD2_HUMAN	PSMD2	26S proteasome non-ATPase regulatory subunit 2	378551		266972	4.05917e+06
Q13201	Q13201	MMRN1_HUMAN	MMRN1	Multimerin-1			48871.4	415065
Q13206	Q13206	DDX10_HUMAN	DDX10	Probable ATP-dependent RNA helicase DDX10			93637.7	88540.9
Q13217	Q13217	DNJC3_HUMAN	DNAJC3	DnaJ homolog subfamily C member 3	4.15545e+06		2.83251e+06	3.41153e+06
Q13219	Q13219	PAPP1_HUMAN	PAPPA	Pappalysin-1			487732	237116
Q13228	Q13228	SBP1_HUMAN	SELENBP1	Methanethiol oxidase	2.19868e+07		6.39254e+07	4.86856e+07
Q13231	Q13231	CHIT1_HUMAN	CHIT1	Chitotriosidase-1	651522		1.36093e+06	735256
Q13232	Q13232	NDK3_HUMAN	NME3	Nucleoside diphosphate kinase 3	2.23789e+06		2.90426e+06	2.24298e+06
Q13242	Q13242	SRSF9_HUMAN	SRSF9	Serine/arginine-rich splicing factor 9	1.44547e+06		1.60441e+06	1.22387e+06
Q13243	Q13243	SRSF5_HUMAN	SRSF5	Serine/arginine-rich splicing factor 5	798290		622220	525983
Q13247	Q08170;Q13247	SRSF6_HUMAN	SRSF6	Serine/arginine-rich splicing factor 6	4.17763e+06		5.22629e+06	4.40316e+06
Q13257	Q13257	MD2L1_HUMAN	MAD2L1	Mitotic spindle assembly checkpoint protein MAD2A	818888		233733	681938
Q13263	Q13263	TIF1B_HUMAN	TRIM28	Transcription intermediary factor 1-beta	4.75948e+06		2.08012e+06	8.8859e+06
Q13277	Q13277	STX3_HUMAN	STX3	Syntaxin-3	986219		1.77191e+06	1.13903e+06
Q13283	Q13283	G3BP1_HUMAN	G3BP1	Ras GTPase-activating protein-binding protein 1	7.76055e+06		4.16373e+06	5.5954e+06
Q13286	Q13286	CLN3_HUMAN	CLN3	Battenin				62401.1
Q13287	Q13287	NMI_HUMAN	NMI	N-myc-interactor	1.33656e+06		1.03194e+06	639889
Q13303	Q13303	KCAB2_HUMAN	KCNAB2	Voltage-gated potassium channel subunit beta-2	2.50847e+06		3.34046e+06	1.41337e+06
Q13308	Q13308	PTK7_HUMAN	PTK7	Inactive tyrosine-protein kinase 7	918225		2.22451e+06	3.41805e+06
Q13310	Q13310	PABP4_HUMAN	PABPC4	Polyadenylate-binding protein 4	2.82559e+06		2.44083e+06	4.7293e+06
Q13315	Q13315	ATM_HUMAN	ATM	Serine-protein kinase ATM				876471
Q13325	Q13325	IFIT5_HUMAN	IFIT5	Interferon-induced protein with tetratricopeptide repeats 5			125406	621705
Q13330	Q13330	MTA1_HUMAN	MTA1	Metastasis-associated protein MTA1	585377		554625	456548
Q13347	Q13347	EIF3I_HUMAN	EIF3I	Eukaryotic translation initiation factor 3 subunit I	2.85466e+06		2.45304e+06	3.54593e+06
Q13356	Q13356	PPIL2_HUMAN	PPIL2	RING-type E3 ubiquitin-protein ligase PPIL2			246361	104548
Q13361	Q13361	MFAP5_HUMAN	MFAP5	Microfibrillar-associated protein 5			248702	255785
Q13362	Q13362	2A5G_HUMAN	PPP2R5C	Serine/threonine-protein phosphatase 2A 56 kDa regulatory subunit gamma isoform	194406		63464.4	582946
Q13363	P56545;Q13363	CTBP1_HUMAN	CTBP1	C-terminal-binding protein 1	5.47816e+06		1.57221e+06	2.68288e+06
Q13371	Q13371	PHLP_HUMAN	PDCL	Phosducin-like protein				530987
Q13393	Q13393	PLD1_HUMAN	PLD1	Phospholipase D1				127436
Q13395	Q13395	TARB1_HUMAN	TARBP1	Probable methyltransferase TARBP1			929717	271430
Q13404	Q13404	UB2V1_HUMAN	UBE2V1	Ubiquitin-conjugating enzyme E2 variant 1	2.65882e+07		2.80848e+07	1.00466e+07
Q13405	Q13405	RM49_HUMAN	MRPL49	Large ribosomal subunit protein mL49	629543		389754	1.10626e+06
Q13409	Q13409	DC1I2_HUMAN	DYNC1I2	Cytoplasmic dynein 1 intermediate chain 2	666589		580716	1.66801e+06
Q13416	Q13416	ORC2_HUMAN	ORC2	Origin recognition complex subunit 2	241676			254600
Q13418	Q13418	ILK_HUMAN	ILK	Integrin-linked protein kinase	1.02679e+06		1.33335e+06	1.18286e+07
Q13421	Q13421	MSLN_HUMAN	MSLN	Mesothelin			826932	405061
Q13422;Q9H2S9;Q9UKS7;Q9UKT9	Q13422;Q9H2S9;Q9UKS7;Q9UKT9	IKZF1_HUMAN;IKZF2_HUMAN;IKZF3_HUMAN;IKZF4_HUMAN	IKZF1;IKZF2;IKZF3;IKZF4	DNA-binding protein Ikaros	716023			
Q13423	Q13423	NNTM_HUMAN	NNT	NAD(P) transhydrogenase, mitochondrial	145434			3.20192e+06
Q13425	Q13425	SNTB2_HUMAN	SNTB2	Beta-2-syntrophin	517959		390777	2.52377e+06
Q13426	Q13426	XRCC4_HUMAN	XRCC4	DNA repair protein XRCC4	152938			402669
Q13427	Q13427	PPIG_HUMAN	PPIG	Peptidyl-prolyl cis-trans isomerase G	41524.1		12822.5	90287.1
Q13428	Q13428	TCOF_HUMAN	TCOF1	Treacle protein	3.83615e+06		2.84235e+06	2.30105e+06
Q13435	Q13435	SF3B2_HUMAN	SF3B2	Splicing factor 3B subunit 2	3.1629e+06		1.15851e+06	1.93546e+06
Q13438	Q13438	OS9_HUMAN	OS9	Protein OS-9	96308			447179
Q13439	Q13439	GOGA4_HUMAN	GOLGA4	Golgin subfamily A member 4	385570			1.06957e+06
Q13442	Q13442	HAP28_HUMAN	PDAP1	28 kDa heat- and acid-stable phosphoprotein	9.00349e+06		5.03289e+06	2.76636e+06
Q13443	Q13443	ADAM9_HUMAN	ADAM9	Disintegrin and metalloproteinase domain-containing protein 9	772602		789810	625495
Q13445	Q13445	TMED1_HUMAN	TMED1	Transmembrane emp24 domain-containing protein 1	398401		54651.9	818832
Q13449	Q13449	LSAMP_HUMAN	LSAMP	Limbic system-associated membrane protein	1.0832e+06		1.40372e+06	203544
Q13451	Q13451	FKBP5_HUMAN	FKBP5	Peptidyl-prolyl cis-trans isomerase FKBP5	9.06492e+06		2.30859e+06	2.0105e+06
Q13459	Q13459	MYO9B_HUMAN	MYO9B	Unconventional myosin-IXb			79950.4	145149
Q13464	Q13464	ROCK1_HUMAN	ROCK1	Rho-associated protein kinase 1				615666
Q13469	Q13469	NFAC2_HUMAN	NFATC2	Nuclear factor of activated T-cells, cytoplasmic 2	290056			32686.8
Q13485	Q13485	SMAD4_HUMAN	SMAD4	Mothers against decapentaplegic homolog 4	267134		199150	182501
Q13488	Q13488	VPP3_HUMAN	TCIRG1	V-type proton ATPase 116 kDa subunit a 3	126462		770961	600924
Q13492	Q13492	PICAL_HUMAN	PICALM	Phosphatidylinositol-binding clathrin assembly protein	539636		578094	2.28605e+06
Q13496	Q13496	MTM1_HUMAN	MTM1	Myotubularin	200391			760376
Q13501	Q13501	SQSTM_HUMAN	SQSTM1	Sequestosome-1	388225			530309
Q13505	Q13505	MTX1_HUMAN	MTX1	Metaxin-1	318517			1.11703e+06
Q13509	Q13509	TBB3_HUMAN	TUBB3	Tubulin beta-3 chain				2.24623e+06
Q13510	Q13510	ASAH1_HUMAN	ASAH1	Acid ceramidase	1.60555e+07		4.8386e+07	1.65316e+07
Q13523	Q13523	PRP4B_HUMAN	PRPF4B	Serine/threonine-protein kinase PRP4 homolog				433457
Q13526	Q13526	PIN1_HUMAN	PIN1	Peptidyl-prolyl cis-trans isomerase NIMA-interacting 1	4.80952e+06		4.91541e+06	2.45346e+06
Q13530	Q13530	SERC3_HUMAN	SERINC3	Serine incorporator 3				75545.6
Q13535	Q13535	ATR_HUMAN	ATR	Serine/threonine-protein kinase ATR				148838
Q13546	Q13546	RIPK1_HUMAN	RIPK1	Receptor-interacting serine/threonine-protein kinase 1				438201
Q13547	Q13547	HDAC1_HUMAN	HDAC1	Histone deacetylase 1	4.04325e+06		1.83561e+06	5.95199e+06
Q13555	Q13555	KCC2G_HUMAN	CAMK2G	Calcium/calmodulin-dependent protein kinase type II subunit gamma				586628
Q13557	Q13557	KCC2D_HUMAN	CAMK2D	Calcium/calmodulin-dependent protein kinase type II subunit delta			484929	1.85952e+06
Q13561	Q13561	DCTN2_HUMAN	DCTN2	Dynactin subunit 2	5.08716e+06		1.13952e+06	4.63083e+06
Q13564	Q13564	ULA1_HUMAN	NAE1	NEDD8-activating enzyme E1 regulatory subunit	582506		308087	1.43631e+06
Q13572	Q13572	ITPK1_HUMAN	ITPK1	Inositol-tetrakisphosphate 1-kinase				317164
Q13573	Q13573	SNW1_HUMAN	SNW1	SNW domain-containing protein 1	622774		667325	340005
Q13576	Q13576	IQGA2_HUMAN	IQGAP2	Ras GTPase-activating-like protein IQGAP2	485192		83178.1	503850
Q13586	Q13586	STIM1_HUMAN	STIM1	Stromal interaction molecule 1	647682		765189	852699
Q13595	Q13595	TRA2A_HUMAN	TRA2A	Transformer-2 protein homolog alpha	542927		674260	957307
Q13596	Q13596	SNX1_HUMAN	SNX1	Sorting nexin-1	2.46415e+06		1.68975e+06	2.81567e+06
Q13601	Q13601	KRR1_HUMAN	KRR1	KRR1 small subunit processome component homolog	963293		679160	1.18401e+06
Q13610	Q13610	PWP1_HUMAN	PWP1	Periodic tryptophan protein 1 homolog	835298		1.30548e+06	644305
Q13613	Q13613	MTMR1_HUMAN	MTMR1	Myotubularin-related protein 1				529204
Q13614	Q13614	MTMR2_HUMAN	MTMR2	Myotubularin-related protein 2				164625
Q13615	Q13615	MTMR3_HUMAN	MTMR3	Myotubularin-related protein 3				1.36661e+06
Q13616	Q13616	CUL1_HUMAN	CUL1	Cullin-1				1.81955e+06
Q13617	Q13617	CUL2_HUMAN	CUL2	Cullin-2	100703		177290	841444
Q13618	Q13618	CUL3_HUMAN	CUL3	Cullin-3	549192		263504	1.77859e+06
Q13619	Q13619	CUL4A_HUMAN	CUL4A	Cullin-4A	1.6899e+06		1.69697e+06	6.242e+06
Q13620	Q13620	CUL4B_HUMAN	CUL4B	Cullin-4B	489141		311218	2.01264e+06
Q13630	Q13630	FCL_HUMAN	GFUS	GDP-L-fucose synthase	1.23159e+07		2.77813e+07	1.15123e+07
Q13636	Q13636	RAB31_HUMAN	RAB31	Ras-related protein Rab-31	782847		967456	550842
Q13637	Q13637	RAB32_HUMAN	RAB32	Ras-related protein Rab-32	4.07701e+06		3.32353e+06	1.78274e+06
Q13641	Q13641	TPBG_HUMAN	TPBG	Trophoblast glycoprotein	1.04569e+06		1.36991e+06	1.04033e+06
Q13642	Q13642	FHL1_HUMAN	FHL1	Four and a half LIM domains protein 1	1.80143e+07		3.29749e+07	1.38905e+07
Q13643	Q13643	FHL3_HUMAN	FHL3	Four and a half LIM domains protein 3	2.21684e+06		1.5027e+06	866367
Q13670	Q13670	PM2PB_HUMAN	PMS2P11	Putative postmeiotic segregation increased 2-like protein 11	61100			173546
Q13671	Q13671	RIN1_HUMAN	RIN1	Ras and Rab interactor 1				277564
Q13683	Q13683	ITA7_HUMAN	ITGA7	Integrin alpha-7	610365		954673	325572
Q13685	Q13685	AAMP_HUMAN	AAMP	Angio-associated migratory cell protein	1.3783e+06		1.05666e+06	620892
Q13724	Q13724	MOGS_HUMAN	MOGS	Mannosyl-oligosaccharide glucosidase	126074		358106	3.89132e+06
Q13740	Q13740	CD166_HUMAN	ALCAM	CD166 antigen	1.85885e+06		2.5361e+06	692545
Q13751	Q13751	LAMB3_HUMAN	LAMB3	Laminin subunit beta-3	600016		765036	764372
Q13753	Q13753	LAMC2_HUMAN	LAMC2	Laminin subunit gamma-2	568187		636644	558765
Q13769	Q13769	THOC5_HUMAN	THOC5	THO complex subunit 5 homolog	1.09017e+06			163241
Q13795	Q13795	ARFRP_HUMAN	ARFRP1	ADP-ribosylation factor-related protein 1	811866		1.16476e+06	524581
Q13797	Q13797	ITA9_HUMAN	ITGA9	Integrin alpha-9	297286		551022	332034
Q13813	Q13813	SPTN1_HUMAN	SPTAN1	Spectrin alpha chain, non-erythrocytic 1	2.46446e+06		3.25408e+06	9.06735e+06
Q13825	Q13825	AUHM_HUMAN	AUH	Methylglutaconyl-CoA hydratase, mitochondrial	2.63155e+06		3.78431e+06	3.84235e+06
Q13835	Q13835	PKP1_HUMAN	PKP1	Plakophilin-1	359675	1.78346e+08	986965	277244
Q13838	O00148;Q13838	DX39B_HUMAN	DDX39B	Spliceosome RNA helicase DDX39B	2.71941e+07		2.19861e+07	2.17846e+07
Q13867	Q13867	BLMH_HUMAN	BLMH	Bleomycin hydrolase	9.6816e+06	3.72028e+08	1.27813e+07	4.42153e+06
Q13868	Q13868	EXOS2_HUMAN	EXOSC2	Exosome complex component RRP4	1.56368e+06		994924	966028
Q13882	Q13882	PTK6_HUMAN	PTK6	Protein-tyrosine kinase 6				1.10061e+06
Q13884	Q13884	SNTB1_HUMAN	SNTB1	Beta-1-syntrophin	1.16001e+06		1.74838e+06	4.81719e+06
Q13885	Q13885;Q9BVA1	TBB2A_HUMAN	TUBB2A	Tubulin beta-2A chain			345238	2.11212e+06
Q13895	Q13895	BYST_HUMAN	BYSL	Bystin	2.16525e+06		949217	2.75457e+06
Q13901	Q13901	C1D_HUMAN	C1D	Nuclear nucleic acid-binding protein C1D	1.5342e+06			802638
Q13905	Q13905	RPGF1_HUMAN	RAPGEF1	Rap guanine nucleotide exchange factor 1				65638.1
Q13907	Q13907	IDI1_HUMAN	IDI1	Isopentenyl-diphosphate Delta-isomerase 1	4.49329e+06		2.55345e+06	1.58721e+06
Q13938	Q13938	CAYP1_HUMAN	CAPS	Calcyphosin	751355		3.00743e+06	1.66897e+06
Q13948	Q13948	CASP_HUMAN	CUX1	Protein CASP	371002		455551	776940
Q13951	Q13951	PEBB_HUMAN	CBFB	Core-binding factor subunit beta	3.95088e+06		2.14914e+06	1.60712e+06
Q13952	Q13952	NFYC_HUMAN	NFYC	Nuclear transcription factor Y subunit gamma	1.73715e+06		587589	700928
Q13976	Q13976	KGP1_HUMAN	PRKG1	cGMP-dependent protein kinase 1	236019			697139
Q14002	Q14002	CEAM7_HUMAN	CEACAM7	Carcinoembryonic antigen-related cell adhesion molecule 7	3.4646e+06		5.58399e+06	172830
Q14004	Q14004	CDK13_HUMAN	CDK13	Cyclin-dependent kinase 13				326498
Q14005	Q14005	IL16_HUMAN	IL16	Pro-interleukin-16	2.4765e+06		637151	510881
Q14008	Q14008	CKAP5_HUMAN	CKAP5	Cytoskeleton-associated protein 5	474703		407863	2.15432e+06
Q14011	Q14011	CIRBP_HUMAN	CIRBP	Cold-inducible RNA-binding protein	4.85904e+06		3.97128e+06	2.54321e+06
Q14012	Q14012	KCC1A_HUMAN	CAMK1	Calcium/calmodulin-dependent protein kinase type 1				103231
Q14019	Q14019	COTL1_HUMAN	COTL1	Coactosin-like protein	2.37707e+07		1.15916e+07	1.50904e+07
Q14103	Q14103	HNRPD_HUMAN	HNRNPD	Heterogeneous nuclear ribonucleoprotein D0	5.45447e+07		3.89881e+07	2.83859e+07
Q14108	Q14108	SCRB2_HUMAN	SCARB2	Lysosome membrane protein 2	1.28246e+07		2.52787e+07	9.72116e+06
Q14112	Q14112	NID2_HUMAN	NID2	Nidogen-2	1.43065e+06		1.18342e+06	1.26782e+06
Q14116	Q14116	IL18_HUMAN	IL18	Interleukin-18	3.20454e+06		2.27231e+06	2.58448e+06
Q14118	Q14118	DAG1_HUMAN	DAG1	Dystroglycan 1	1.70816e+06		2.67691e+06	815461
Q14126	Q14126	DSG2_HUMAN	DSG2	Desmoglein-2	3.4772e+06		4.08681e+06	5.16336e+06
Q14134	Q14134	TRI29_HUMAN	TRIM29	Tripartite motif-containing protein 29	1.05168e+06		790086	629607
Q14137	Q14137	BOP1_HUMAN	BOP1	Ribosome biogenesis protein BOP1	423425		317987	324191
Q14139	Q14139	UBE4A_HUMAN	UBE4A	Ubiquitin conjugation factor E4 A				1.54785e+06
Q14141	Q14141	SEPT6_HUMAN	SEPTIN6	Septin-6	943403		676787	835603
Q14142	Q14142	TRI14_HUMAN	TRIM14	Tripartite motif-containing protein 14				367432
Q14145	Q14145	KEAP1_HUMAN	KEAP1	Kelch-like ECH-associated protein 1				294192
Q14146	Q14146	URB2_HUMAN	URB2	Unhealthy ribosome biogenesis protein 2 homolog				315531
Q14149	Q14149	MORC3_HUMAN	MORC3	MORC family CW-type zinc finger protein 3			1.80847e+06	651885
Q14151	Q14151	SAFB2_HUMAN	SAFB2	Scaffold attachment factor B2	851531		1.2828e+06	949168
Q14152	Q14152	EIF3A_HUMAN	EIF3A	Eukaryotic translation initiation factor 3 subunit A	890679		967604	4.13557e+06
Q14155	Q14155;Q15052	ARHG7_HUMAN	ARHGEF7	Rho guanine nucleotide exchange factor 7	619694		868675	1.33499e+06
Q14156	Q14156	EFR3A_HUMAN	EFR3A	Protein EFR3 homolog A				192938
Q14157	Q14157	UBP2L_HUMAN	UBAP2L	Ubiquitin-associated protein 2-like	2.17682e+06		827512	359760
Q14160	Q14160	SCRIB_HUMAN	SCRIB	Protein scribble homolog	2.93741e+06		3.71556e+06	5.84812e+06
Q14161	Q14161	GIT2_HUMAN	GIT2	ARF GTPase-activating protein GIT2				472594
Q14165	Q14165	MLEC_HUMAN	MLEC	Malectin	8.19079e+06		9.78234e+06	9.72472e+06
Q14166	Q14166	TTL12_HUMAN	TTLL12	Tubulin--tyrosine ligase-like protein 12	2.04973e+06		1.39869e+06	6.64116e+06
Q14185	Q14185	DOCK1_HUMAN	DOCK1	Dedicator of cytokinesis protein 1	642870		130174	362451
Q14192	Q14192	FHL2_HUMAN	FHL2	Four and a half LIM domains protein 2	4.51422e+06		3.48358e+06	3.93425e+06
Q14194	Q14194	DPYL1_HUMAN	CRMP1	Dihydropyrimidinase-related protein 1	3.34714e+06		987815	3.16457e+06
Q14195	Q14195	DPYL3_HUMAN	DPYSL3	Dihydropyrimidinase-related protein 3	1.1785e+07		4.07371e+06	7.10691e+06
Q14197	Q14197	ICT1_HUMAN	MRPL58	Large ribosomal subunit protein mL62	629702		649955	4.82707e+06
Q14202	Q14202	ZMYM3_HUMAN	ZMYM3	Zinc finger MYM-type protein 3				52952.8
Q14203	Q14203	DCTN1_HUMAN	DCTN1	Dynactin subunit 1			411412	1.41561e+06
Q14204	Q14204	DYHC1_HUMAN	DYNC1H1	Cytoplasmic dynein 1 heavy chain 1	218179		229611	3.06006e+06
Q14210	Q14210	LY6D_HUMAN	LY6D	Lymphocyte antigen 6D			572058	251089
Q14232	Q14232	EI2BA_HUMAN	EIF2B1	Translation initiation factor eIF-2B subunit alpha	2.58594e+06		1.24803e+06	1.41183e+06
Q14240	Q14240	IF4A2_HUMAN	EIF4A2	Eukaryotic initiation factor 4A-II	1.52793e+06		1.09157e+06	2.83351e+06
Q14241	Q14241	ELOA1_HUMAN	ELOA	Elongin-A	256694		52497.6	124451
Q14242	Q14242	SELPL_HUMAN	SELPLG	P-selectin glycoprotein ligand 1	156462			30100.4
Q14244	Q14244	MAP7_HUMAN	MAP7	Ensconsin	1.5176e+06		1.56221e+06	970934
Q14247	Q14247	SRC8_HUMAN	CTTN	Src substrate cortactin	9.5472e+06		6.09235e+06	3.77278e+06
Q14249	Q14249	NUCG_HUMAN	ENDOG	Endonuclease G, mitochondrial	627985		768091	381716
Q14254	Q14254	FLOT2_HUMAN	FLOT2	Flotillin-2	781793			604631
Q14257	Q14257	RCN2_HUMAN	RCN2	Reticulocalbin-2	844354			505923
Q14258	Q14258	TRI25_HUMAN	TRIM25	E3 ubiquitin/ISG15 ligase TRIM25	885447		617568	2.48025e+06
Q14289	Q14289	FAK2_HUMAN	PTK2B	Protein-tyrosine kinase 2-beta				142589
Q14314	Q14314	FGL2_HUMAN	FGL2	Fibroleukin	9.84294e+06		1.0835e+07	3.3579e+06
Q14315	Q14315	FLNC_HUMAN	FLNC	Filamin-C	720227		1.34755e+06	2.36681e+06
Q14318	Q14318	FKBP8_HUMAN	FKBP8	Peptidyl-prolyl cis-trans isomerase FKBP8	767608		261914	1.289e+06
Q14320	Q14320;Q9Y247	FA50A_HUMAN	FAM50A	Protein FAM50A	1.10395e+06		1.07239e+06	697309
Q14331	Q14331	FRG1_HUMAN	FRG1	Protein FRG1	1.04459e+06		845993	461621
Q14344	Q14344	GNA13_HUMAN	GNA13	Guanine nucleotide-binding protein subunit alpha-13	1.68513e+06		1.38803e+06	1.38537e+07
Q14376	Q14376	GALE_HUMAN	GALE	UDP-glucose 4-epimerase	1.36221e+06		2.22469e+06	2.7261e+06
Q14410	Q14410	GLPK2_HUMAN	GK2	Glycerol kinase 2				107240
Q14432	Q14432	PDE3A_HUMAN	PDE3A	cGMP-inhibited 3',5'-cyclic phosphodiesterase 3A				156436
Q14435	Q14435	GALT3_HUMAN	GALNT3	Polypeptide N-acetylgalactosaminyltransferase 3	329122		233830	599550
Q14444	Q14444	CAPR1_HUMAN	CAPRIN1	Caprin-1	4.92539e+06		3.73204e+06	2.30519e+06
Q14451	Q14451	GRB7_HUMAN	GRB7	Growth factor receptor-bound protein 7				159953
Q14457	Q14457	BECN1_HUMAN	BECN1	Beclin-1	361464		381541	530381
Q14498	Q14498	RBM39_HUMAN	RBM39	RNA-binding protein 39	1.58675e+06		1.25708e+06	2.706e+06
Q14508	Q14508	WFDC2_HUMAN	WFDC2	WAP four-disulfide core domain protein 2	236460		240925	48877.7
Q14517	Q14517	FAT1_HUMAN	FAT1	Protocadherin Fat 1				551720
Q14520	Q14520	HABP2_HUMAN	HABP2	Hyaluronan-binding protein 2			109581	119477
Q14525	Q14525	KT33B_HUMAN	KRT33B	Keratin, type I cuticular Ha3-II			930193	
Q14534	Q14534	ERG1_HUMAN	SQLE	Squalene monooxygenase				294392
Q14554	Q14554	PDIA5_HUMAN	PDIA5	Protein disulfide-isomerase A5	243987		377805	989313
Q14558	Q14558	KPRA_HUMAN	PRPSAP1	Phosphoribosyl pyrophosphate synthase-associated protein 1	1.01926e+06		840759	1.03674e+06
Q14562	Q14562	DHX8_HUMAN	DHX8	ATP-dependent RNA helicase DHX8				61977.7
Q14566	Q14566	MCM6_HUMAN	MCM6	DNA replication licensing factor MCM6	596116			289622
Q14571	Q14571	ITPR2_HUMAN	ITPR2	Inositol 1,4,5-trisphosphate receptor type 2			284173	1.21585e+06
Q14573	Q14573	ITPR3_HUMAN	ITPR3	Inositol 1,4,5-trisphosphate receptor type 3			66723.4	168766
Q14574	Q14574	DSC3_HUMAN	DSC3	Desmocollin-3	339300		797318	248730
Q14624	Q14624	ITIH4_HUMAN	ITIH4	Inter-alpha-trypsin inhibitor heavy chain H4	2.36607e+06		9.89387e+06	9.24239e+06
Q14642	Q14642	I5P1_HUMAN	INPP5A	Inositol polyphosphate-5-phosphatase A	1.44375e+06		1.45694e+06	739417
Q14643	Q14643	ITPR1_HUMAN	ITPR1	Inositol 1,4,5-trisphosphate receptor type 1				1.39223e+06
Q14644	Q14644	RASA3_HUMAN	RASA3	Ras GTPase-activating protein 3				127424
Q14651	Q14651	PLSI_HUMAN	PLS1	Plastin-1	4.5383e+06		2.61139e+06	7.50511e+06
Q14653	Q14653	IRF3_HUMAN	IRF3	Interferon regulatory factor 3	268851		43176.9	600063
Q14657	Q14657	LAGE3_HUMAN	LAGE3	EKC/KEOPS complex subunit LAGE3	673497		172724	240224
Q14667	Q14667	BLTP2_HUMAN	BLTP2	Bridge-like lipid transfer protein family member 2			434524	122490
Q14669	Q14669	TRIPC_HUMAN	TRIP12	E3 ubiquitin-protein ligase TRIP12	339676		198472	1.01466e+06
Q14671	Q14671	PUM1_HUMAN	PUM1	Pumilio homolog 1	145564			355561
Q14676	Q14676	MDC1_HUMAN	MDC1	Mediator of DNA damage checkpoint protein 1	614940		516197	320652
Q14677	Q14677	EPN4_HUMAN	CLINT1	Clathrin interactor 1	1.89267e+06		1.32332e+06	1.29873e+06
Q14678	Q14678	KANK1_HUMAN	KANK1	KN motif and ankyrin repeat domain-containing protein 1				180577
Q14683	Q14683	SMC1A_HUMAN	SMC1A	Structural maintenance of chromosomes protein 1A	880635		511594	1.23177e+06
Q14684	Q14684	RRP1B_HUMAN	RRP1B	Ribosomal RNA processing protein 1 homolog B	1.7626e+06		1.17769e+06	1.97545e+06
Q14690	Q14690	RRP5_HUMAN	PDCD11	Protein RRP5 homolog	340321		729117	1.00144e+06
Q14694	Q14694	UBP10_HUMAN	USP10	Ubiquitin carboxyl-terminal hydrolase 10	855763		367750	1.47718e+06
Q14696	Q14696	MESD_HUMAN	MESD	LRP chaperone MESD	1.17349e+07		1.25545e+07	4.70875e+06
Q14697	Q14697	GANAB_HUMAN	GANAB	Neutral alpha-glucosidase AB	9.89763e+06		8.46894e+06	2.01243e+07
Q14699	Q14699	RFTN1_HUMAN	RFTN1	Raftlin	401600		332414	930399
Q14728	Q14728	MFS10_HUMAN	MFSD10	Major facilitator superfamily domain-containing protein 10			36823.2	1.27614e+06
Q14738	Q14738	2A5D_HUMAN	PPP2R5D	Serine/threonine-protein phosphatase 2A 56 kDa regulatory subunit delta isoform	717807		294876	1.15111e+06
Q14739	Q14739	LBR_HUMAN	LBR	Delta(14)-sterol reductase LBR	1.85435e+06		2.25151e+06	1.69697e+06
Q14746	Q14746	COG2_HUMAN	COG2	Conserved oligomeric Golgi complex subunit 2				701678
Q14761	Q14761	PTCA_HUMAN	PTPRCAP	Protein tyrosine phosphatase receptor type C-associated protein	4.63087e+06		629287	424201
Q14764	Q14764	MVP_HUMAN	MVP	Major vault protein	8.20315e+06		4.85159e+06	1.13919e+07
Q14766	Q14766	LTBP1_HUMAN	LTBP1	Latent-transforming growth factor beta-binding protein 1				145114
Q14767	Q14767	LTBP2_HUMAN	LTBP2	Latent-transforming growth factor beta-binding protein 2	2.31159e+06		1.31892e+06	927065
Q14789	Q14789	GOGB1_HUMAN	GOLGB1	Golgin subfamily B member 1				1.29975e+06
Q14790	Q14790	CASP8_HUMAN	CASP8	Caspase-8			107473	568257
Q147X3	Q147X3	NAA30_HUMAN	NAA30	N-alpha-acetyltransferase 30	167687			3.80863e+06
Q14802	Q14802	FXYD3_HUMAN	FXYD3	FXYD domain-containing ion transport regulator 3	4.29201e+06		3.02581e+06	1.46435e+06
Q14814	Q02078;Q06413;Q14814	MEF2D_HUMAN	MEF2D	Myocyte-specific enhancer factor 2D	186953			47159.8
Q14839	Q14839;Q8TDI0	CHD4_HUMAN	CHD4	Chromodomain-helicase-DNA-binding protein 4	682978		587711	2.1492e+06
Q14847	Q14847	LASP1_HUMAN	LASP1	LIM and SH3 domain protein 1	5.75204e+07		3.39734e+07	1.96028e+07
Q14894	Q14894	CRYM_HUMAN	CRYM	Ketimine reductase mu-crystallin				228483
Q14914	Q14914	PTGR1_HUMAN	PTGR1	Prostaglandin reductase 1	2.38394e+06		3.43636e+06	2.00623e+06
Q14919	Q14919	NC2A_HUMAN	DRAP1	Dr1-associated corepressor	2.42974e+06		1.70468e+06	1.35894e+06
Q14956	Q14956	GPNMB_HUMAN	GPNMB	Transmembrane glycoprotein NMB	2.00786e+07		7.18671e+07	1.13159e+07
Q14966	Q14966	ZN638_HUMAN	ZNF638	Zinc finger protein 638			1.00975e+06	390863
Q14974	Q14974	IMB1_HUMAN	KPNB1	Importin subunit beta-1	1.06617e+06		208712	6.00692e+06
Q14978	Q14978	NOLC1_HUMAN	NOLC1	Nucleolar and coiled-body phosphoprotein 1	3.53207e+06		2.25031e+06	2.36912e+06
Q14980	Q14980	NUMA1_HUMAN	NUMA1	Nuclear mitotic apparatus protein 1	1.27207e+06		850537	2.94071e+06
Q14997	Q14997	PSME4_HUMAN	PSME4	Proteasome activator complex subunit 4				276225
Q14999	Q14999	CUL7_HUMAN	CUL7	Cullin-7				108841
Q14BN4	Q14BN4	SLMAP_HUMAN	SLMAP	Sarcolemmal membrane-associated protein	538802		901677	1.28208e+06
Q14C86	Q14C86	GAPD1_HUMAN	GAPVD1	GTPase-activating protein and VPS9 domain-containing protein 1				701327
Q14CN2	Q14CN2	CLCA4_HUMAN	CLCA4	Calcium-activated chloride channel regulator 4	292071		529568	114440
Q14CN4	Q14CN4	K2C72_HUMAN	KRT72	Keratin, type II cytoskeletal 72	489214		1.38248e+06	
Q14CX7	Q14CX7	NAA25_HUMAN	NAA25	N-alpha-acetyltransferase 25, NatB auxiliary subunit	112412			505954
Q15004	Q15004	PAF15_HUMAN	PCLAF	PCNA-associated factor	368999			
Q15005	Q15005	SPCS2_HUMAN	SPCS2	Signal peptidase complex subunit 2	5.04508e+06		2.27518e+06	9.45488e+06
Q15006	Q15006	EMC2_HUMAN	EMC2	ER membrane protein complex subunit 2	1.61478e+06		883020	1.78074e+06
Q15007	Q15007	FL2D_HUMAN	WTAP	Pre-mRNA-splicing regulator WTAP	1.54891e+06		545057	714535
Q15008	Q15008	PSMD6_HUMAN	PSMD6	26S proteasome non-ATPase regulatory subunit 6	2.72884e+06		861293	3.95327e+06
Q15011	Q15011	HERP1_HUMAN	HERPUD1	Homocysteine-responsive endoplasmic reticulum-resident ubiquitin-like domain member 1 protein	288840		69966.1	135660
Q15018	Q15018	ABRX2_HUMAN	ABRAXAS2	BRISC complex subunit Abraxas 2	1.88014e+06		1.01867e+06	1.09494e+06
Q15019	Q15019	SEPT2_HUMAN	SEPTIN2	Septin-2	5.70461e+06		5.76523e+06	8.16666e+06
Q15020	Q15020	SART3_HUMAN	SART3	Squamous cell carcinoma antigen recognized by T-cells 3	1.38397e+06		934813	7.17055e+06
Q15024	Q15024	EXOS7_HUMAN	EXOSC7	Exosome complex component RRP42	2.25281e+06		1.58861e+06	732592
Q15029	Q15029	U5S1_HUMAN	EFTUD2	116 kDa U5 small nuclear ribonucleoprotein component	4.05738e+06		1.97722e+06	1.63899e+06
Q15031	Q15031	SYLM_HUMAN	LARS2	Leucine--tRNA ligase, mitochondrial	217037			1.84384e+06
Q15036	Q15036	SNX17_HUMAN	SNX17	Sorting nexin-17	740374			923694
Q15041	Q15041	AR6P1_HUMAN	ARL6IP1	ADP-ribosylation factor-like protein 6-interacting protein 1	592453		446914	2.81267e+06
Q15042	Q15042	RB3GP_HUMAN	RAB3GAP1	Rab3 GTPase-activating protein catalytic subunit	263225		55668	380236
Q15043	Q15043	S39AE_HUMAN	SLC39A14	Metal cation symporter ZIP14	94907.9			617131
Q15046	Q15046	SYK_HUMAN	KARS1	Lysine--tRNA ligase	4.41461e+06		3.71497e+06	4.22896e+06
Q15048	Q15048	LRC14_HUMAN	LRRC14	Leucine-rich repeat-containing protein 14				65458.2
Q15052	Q15052	ARHG6_HUMAN	ARHGEF6	Rho guanine nucleotide exchange factor 6				512511
Q15056	Q15056	IF4H_HUMAN	EIF4H	Eukaryotic translation initiation factor 4H	2.98189e+07	3.33965e+07	1.08749e+07	7.8889e+06
Q15057	Q15057	ACAP2_HUMAN	ACAP2	Arf-GAP with coiled-coil, ANK repeat and PH domain-containing protein 2			1.34331e+06	1.32499e+06
Q15059	Q15059	BRD3_HUMAN	BRD3	Bromodomain-containing protein 3	82821.9		89895.1	78382.4
Q15061	Q15061	WDR43_HUMAN	WDR43	WD repeat-containing protein 43	477347		225046	370113
Q15063	Q15063	POSTN_HUMAN	POSTN	Periostin	1.31079e+06		1.75642e+07	5.63359e+06
Q15067	Q15067	ACOX1_HUMAN	ACOX1	Peroxisomal acyl-coenzyme A oxidase 1	2.26915e+06		2.56332e+06	2.0452e+06
Q15070	Q15070	OXA1L_HUMAN	OXA1L	Mitochondrial inner membrane protein OXA1L				849793
Q15075	Q15075	EEA1_HUMAN	EEA1	Early endosome antigen 1	2.99111e+06		3.91879e+06	2.24988e+06
Q15080	Q15080	NCF4_HUMAN	NCF4	Neutrophil cytosol factor 4	581203		516304	1.13084e+06
Q15084	Q15084	PDIA6_HUMAN	PDIA6	Protein disulfide-isomerase A6	1.75695e+07		6.458e+06	4.07882e+07
Q15102	Q15102	PA1B3_HUMAN	PAFAH1B3	Platelet-activating factor acetylhydrolase IB subunit alpha1	1.51085e+07		1.20053e+07	4.04491e+06
Q15113	Q15113	PCOC1_HUMAN	PCOLCE	Procollagen C-endopeptidase enhancer 1	755685		1.89038e+06	1.20403e+06
Q15118	Q15118	PDK1_HUMAN	PDK1	[Pyruvate dehydrogenase (acetyl-transferring)] kinase isozyme 1, mitochondrial				420238
Q15119	Q15119	PDK2_HUMAN	PDK2	[Pyruvate dehydrogenase (acetyl-transferring)] kinase isozyme 2, mitochondrial				433868
Q15120	Q15120	PDK3_HUMAN	PDK3	[Pyruvate dehydrogenase (acetyl-transferring)] kinase isozyme 3, mitochondrial	726936			1.38641e+06
Q15121	Q15121	PEA15_HUMAN	PEA15	Astrocytic phosphoprotein PEA-15	5.01101e+06		2.15478e+06	997035
Q15124	Q15124	PGM5_HUMAN	PGM5	Phosphoglucomutase-like protein 5	709532		1.15769e+06	4.20582e+06
Q15125	Q15125	EBP_HUMAN	EBP	3-beta-hydroxysteroid-Delta(8),Delta(7)-isomerase	2.26775e+06			4.3672e+06
Q15126	Q15126	PMVK_HUMAN	PMVK	Phosphomevalonate kinase	829531		294924	2.16965e+06
Q15147	Q15147	PLCB4_HUMAN	PLCB4	1-phosphatidylinositol 4,5-bisphosphate phosphodiesterase beta-4	5.3147e+06			2.97235e+06
Q15149	Q15149	PLEC_HUMAN	PLEC	Plectin	1.41934e+06		1.89264e+06	8.93647e+06
Q15154	Q15154	PCM1_HUMAN	PCM1	Pericentriolar material 1 protein	485677		201739	159040
Q15155	P69849;Q15155;Q5JPE7	NOMO1_HUMAN	NOMO1	BOS complex subunit NOMO1	1.55367e+06		472244	3.45217e+06
Q15165	Q15165	PON2_HUMAN	PON2	Serum paraoxonase/arylesterase 2	1.1614e+06		463781	5.77369e+06
Q15166	Q15166	PON3_HUMAN	PON3	Serum paraoxonase/lactonase 3			370187	763452
Q15170	Q15170	TCAL1_HUMAN	TCEAL1	Transcription elongation factor A protein-like 1				10940.4
Q15172	Q15172;Q16537	2A5A_HUMAN	PPP2R5A	Serine/threonine-protein phosphatase 2A 56 kDa regulatory subunit alpha isoform	921035		609800	1.09651e+06
Q15173	Q15173	2A5B_HUMAN	PPP2R5B	Serine/threonine-protein phosphatase 2A 56 kDa regulatory subunit beta isoform				342719
Q15181	Q15181	IPYR_HUMAN	PPA1	Inorganic pyrophosphatase	5.67786e+07		4.44972e+07	2.86998e+07
Q15185	Q15185	TEBP_HUMAN	PTGES3	Prostaglandin E synthase 3	3.20324e+06		2.56281e+06	5.06145e+06
Q15208	Q15208	STK38_HUMAN	STK38	Serine/threonine-protein kinase 38	147102		127915	950497
Q15223	Q15223	NECT1_HUMAN	NECTIN1	Nectin-1	940599		1.08055e+06	
Q15233	Q15233	NONO_HUMAN	NONO	Non-POU domain-containing octamer-binding protein	1.30147e+07		1.21247e+07	7.17874e+06
Q15257	Q15257	PTPA_HUMAN	PTPA	Serine/threonine-protein phosphatase 2A activator	894641		580215	4.11769e+06
Q15262	Q15262	PTPRK_HUMAN	PTPRK	Receptor-type tyrosine-protein phosphatase kappa	728393		829151	570063
Q15269	Q15269	PWP2_HUMAN	PWP2	Periodic tryptophan protein 2 homolog	269810		127431	173456
Q15274	Q15274	NADC_HUMAN	QPRT	Nicotinate-nucleotide pyrophosphorylase [carboxylating]	728195		404380	2.74799e+06
Q15276	Q15276	RABE1_HUMAN	RABEP1	Rab GTPase-binding effector protein 1	284866		307389	333426
Q15283	Q15283	RASA2_HUMAN	RASA2	Ras GTPase-activating protein 2				366600
Q15286	Q15286	RAB35_HUMAN	RAB35	Ras-related protein Rab-35	7.36846e+06		6.98486e+06	3.58619e+06
Q15287	Q15287	RNPS1_HUMAN	RNPS1	RNA-binding protein with serine-rich domain 1			446143	632413
Q15291	Q15291	RBBP5_HUMAN	RBBP5	Retinoblastoma-binding protein 5	438042		295234	426700
Q15293	Q15293	RCN1_HUMAN	RCN1	Reticulocalbin-1	1.20403e+07		1.78052e+07	1.13575e+07
Q15306	Q15306	IRF4_HUMAN	IRF4	Interferon regulatory factor 4	1.30531e+06		587977	384593
Q15323	Q15323	K1H1_HUMAN	KRT31	Keratin, type I cuticular Ha1	884469		4.97085e+06	225673
Q15334	Q15334	L2GL1_HUMAN	LLGL1	Lethal(2) giant larvae protein homolog 1				182209
Q15345	Q15345	LRC41_HUMAN	LRRC41	Leucine-rich repeat-containing protein 41				157723
Q15363	Q15363	TMED2_HUMAN	TMED2	Transmembrane emp24 domain-containing protein 2	6.44157e+06		4.28379e+06	7.36653e+06
Q15365	Q15365	PCBP1_HUMAN	PCBP1	Poly(rC)-binding protein 1	2.87733e+07		1.68397e+07	1.80042e+07
Q15366	Q15366	PCBP2_HUMAN	PCBP2	Poly(rC)-binding protein 2	2.18869e+07		1.00061e+07	9.19307e+06
Q15369	Q15369	ELOC_HUMAN	ELOC	Elongin-C	2.45772e+06		743704	1.63286e+06
Q15370	Q15370	ELOB_HUMAN	ELOB	Elongin-B	1.25144e+07		4.32242e+06	3.32731e+06
Q15382	Q15382	RHEB_HUMAN	RHEB	GTP-binding protein Rheb	5.30112e+06		2.68199e+06	1.86787e+06
Q15386	Q15386	UBE3C_HUMAN	UBE3C	Ubiquitin-protein ligase E3C				1.11819e+06
Q15388	Q15388	TOM20_HUMAN	TOMM20	Mitochondrial import receptor subunit TOM20 homolog	9.7122e+06		3.47414e+06	2.66617e+06
Q15392	Q15392	DHC24_HUMAN	DHCR24	Delta(24)-sterol reductase				707837
Q15393	Q15393	SF3B3_HUMAN	SF3B3	Splicing factor 3B subunit 3	3.21452e+06		1.3336e+06	4.21557e+06
Q15397	Q15397	PUM3_HUMAN	PUM3	Pumilio homolog 3	339924		273015	1.61787e+06
Q15404	Q15404	RSU1_HUMAN	RSU1	Ras suppressor protein 1	2.18014e+06		1.56672e+06	7.0835e+06
Q15417	Q15417	CNN3_HUMAN	CNN3	Calponin-3	4.12977e+06		2.13965e+06	960975
Q15418	Q15418	KS6A1_HUMAN	RPS6KA1	Ribosomal protein S6 kinase alpha-1			948417	606284
Q15424	Q14151;Q15424	SAFB1_HUMAN	SAFB	Scaffold attachment factor B1	1.68228e+06		1.81828e+06	1.90671e+06
Q15427	Q15427	SF3B4_HUMAN	SF3B4	Splicing factor 3B subunit 4	2.4476e+06		2.30524e+06	1.3934e+06
Q15428	Q15428	SF3A2_HUMAN	SF3A2	Splicing factor 3A subunit 2	2.57574e+06		1.50736e+06	1.68095e+06
Q15434	Q15434	RBMS2_HUMAN	RBMS2	RNA-binding motif, single-stranded-interacting protein 2	418048		430841	237758
Q15435	Q15435	PP1R7_HUMAN	PPP1R7	Protein phosphatase 1 regulatory subunit 7	1.71516e+06		600959	3.40086e+06
Q15436	Q15436	SC23A_HUMAN	SEC23A	Protein transport protein Sec23A				2.77087e+06
Q15437	Q15437	SC23B_HUMAN	SEC23B	Protein transport protein Sec23B			107087	2.08656e+06
Q15438	O43739;Q15438;Q99418;Q9UIA0	CYH1_HUMAN	CYTH1	Cytohesin-1	651031		220162	690685
Q15459	Q15459	SF3A1_HUMAN	SF3A1	Splicing factor 3A subunit 1	6.7372e+06		3.51694e+06	3.08396e+06
Q15477	Q15477	SKI2_HUMAN	SKIC2	Superkiller complex protein 2	479579			641982
Q15485	Q15485	FCN2_HUMAN	FCN2	Ficolin-2			15828.3	10363
Q15517	Q15517	CDSN_HUMAN	CDSN	Corneodesmosin	773551	1.49035e+08	2.08344e+06	471264
Q15526	Q15526	SURF1_HUMAN	SURF1	Surfeit locus protein 1				1.54448e+06
Q15554	Q15554	TERF2_HUMAN	TERF2	Telomeric repeat-binding factor 2	472780		324631	357862
Q15555	Q15555	MARE2_HUMAN	MAPRE2	Microtubule-associated protein RP/EB family member 2	1.0417e+06		158497	380799
Q15582	Q15582	BGH3_HUMAN	TGFBI	Transforming growth factor-beta-induced protein ig-h3	1.31435e+07		2.89411e+07	4.36916e+07
Q15599	Q15599	NHRF2_HUMAN	NHERF2	Na(+)/H(+) exchange regulatory cofactor NHE-RF2	692829		657420	480998
Q15628	Q15628	TRADD_HUMAN	TRADD	Tumor necrosis factor receptor type 1-associated DEATH domain protein	314692			661717
Q15629	Q15629	TRAM1_HUMAN	TRAM1	Translocating chain-associated membrane protein 1	715685		275051	2.49894e+06
Q15631	Q15631	TSN_HUMAN	TSN	Translin	1.41888e+06		1.27898e+06	3.77813e+06
Q15637	Q15637	SF01_HUMAN	SF1	Splicing factor 1	7.1789e+06		5.15312e+06	2.8232e+06
Q15642	Q15642	CIP4_HUMAN	TRIP10	Cdc42-interacting protein 4	1.0006e+06		964418	874410
Q15643	Q15643	TRIPB_HUMAN	TRIP11	Thyroid receptor-interacting protein 11				281263
Q15648	Q15648	MED1_HUMAN	MED1	Mediator of RNA polymerase II transcription subunit 1			102063	344167
Q15650	Q15650	TRIP4_HUMAN	TRIP4	Activating signal cointegrator 1	551074		548301	409263
Q15651	Q15651	HMGN3_HUMAN	HMGN3	High mobility group nucleosome-binding domain-containing protein 3	166047		169048	
Q15653	Q15653	IKBB_HUMAN	NFKBIB	NF-kappa-B inhibitor beta			6214.5	256835
Q15654	Q15654	TRIP6_HUMAN	TRIP6	Thyroid receptor-interacting protein 6	1.3597e+06		1.04046e+06	883479
Q15691	Q15691	MARE1_HUMAN	MAPRE1	Microtubule-associated protein RP/EB family member 1	1.13041e+07		6.27359e+06	7.36268e+06
Q15717	Q15717	ELAV1_HUMAN	ELAVL1	ELAV-like protein 1	1.38509e+07		7.22599e+06	9.06981e+06
Q15738	Q15738	NSDHL_HUMAN	NSDHL	Sterol-4-alpha-carboxylate 3-dehydrogenase, decarboxylating	277252		1.20387e+06	3.17432e+06
Q15746	Q15746	MYLK_HUMAN	MYLK	Myosin light chain kinase, smooth muscle	6.68539e+06		6.52538e+06	1.4681e+07
Q15750	Q15750	TAB1_HUMAN	TAB1	TGF-beta-activated kinase 1 and MAP3K7-binding protein 1	1.27609e+06		322723	976907
Q15758	Q15758	AAAT_HUMAN	SLC1A5	Neutral amino acid transporter B(0)	645720		195328	2.12702e+06
Q15771	Q15771	RAB30_HUMAN	RAB30	Ras-related protein Rab-30	478964		189473	337875
Q15773	Q15773	MLF2_HUMAN	MLF2	Myeloid leukemia factor 2				102173
Q15785	Q15785	TOM34_HUMAN	TOMM34	Mitochondrial import receptor subunit TOM34	1.87325e+06		975621	1.02558e+06
Q15796	O15198;P84022;Q15796	SMAD2_HUMAN	SMAD2	Mothers against decapentaplegic homolog 2	244338			1.03668e+06
Q15797;Q99717	Q15797;Q99717	SMAD1_HUMAN;SMAD5_HUMAN	SMAD1;SMAD5	Mothers against decapentaplegic homolog 1				333926
Q15800	Q15800	MSMO1_HUMAN	MSMO1	Methylsterol monooxygenase 1	78512.6			542360
Q15811	Q15811	ITSN1_HUMAN	ITSN1	Intersectin-1			465487	311773
Q15813	Q15813	TBCE_HUMAN	TBCE	Tubulin-specific chaperone E				68189.8
Q15814	Q15814	TBCC_HUMAN	TBCC	Tubulin-specific chaperone C	1.16872e+06		1.00525e+06	620474
Q15819	Q15819	UB2V2_HUMAN	UBE2V2	Ubiquitin-conjugating enzyme E2 variant 2	2.1947e+07		2.44616e+07	7.71725e+06
Q15828	Q15828	CYTM_HUMAN	CST6	Cystatin-M		4.68036e+07	347937	
Q15831	Q15831	STK11_HUMAN	STK11	Serine/threonine-protein kinase STK11				701491
Q15833	Q15833	STXB2_HUMAN	STXBP2	Syntaxin-binding protein 2	380196		309630	1.69026e+06
Q15836	P23763;P63027;Q15836	VAMP3_HUMAN	VAMP3	Vesicle-associated membrane protein 3	1.36166e+07		6.08038e+06	3.58802e+06
Q15843	Q15843	NEDD8_HUMAN	NEDD8	NEDD8	6.46708e+06		4.04051e+06	1.75532e+06
Q15847	Q15847	ADIRF_HUMAN	ADIRF	Adipogenesis regulatory factor	273390			
Q15848	Q15848	ADIPO_HUMAN	ADIPOQ	Adiponectin	973231		892190	413025
Q15904	Q15904	VAS1_HUMAN	ATP6AP1	V-type proton ATPase subunit S1	2.41432e+06		2.25863e+06	2.24058e+06
Q15907	P62491;Q15907	RB11B_HUMAN	RAB11B	Ras-related protein Rab-11B	5.16406e+07	1.12061e+08	7.94326e+07	2.5319e+07
Q15928;Q8NE65	Q15928;Q8NE65	ZN141_HUMAN;ZN738_HUMAN	ZNF141;ZNF738	Zinc finger protein 141			122399	
Q15942	Q15942	ZYX_HUMAN	ZYX	Zyxin	8.51996e+06		3.37124e+06	1.69504e+06
Q16134	Q16134	ETFD_HUMAN	ETFDH	Electron transfer flavoprotein-ubiquinone oxidoreductase, mitochondrial			257273	1.94224e+06
Q16181	Q16181	SEPT7_HUMAN	SEPTIN7	Septin-7	4.29692e+06		6.19807e+06	1.46992e+07
Q16186	Q16186	ADRM1_HUMAN	ADRM1	Proteasomal ubiquitin receptor ADRM1	846516		411710	1.13852e+06
Q16204	Q16204	CCDC6_HUMAN	CCDC6	Coiled-coil domain-containing protein 6	2.27881e+06		1.5053e+06	1.30088e+06
Q16222	Q16222	UAP1_HUMAN	UAP1	UDP-N-acetylhexosamine pyrophosphorylase	2.49712e+06		1.39222e+06	1.16679e+06
Q16254	Q15329;Q16254	E2F4_HUMAN	E2F4	Transcription factor E2F4	542057		146362	393179
Q16270	Q16270	IBP7_HUMAN	IGFBP7	Insulin-like growth factor-binding protein 7	4.51411e+06		4.43869e+06	1.97233e+06
Q16363	Q16363	LAMA4_HUMAN	LAMA4	Laminin subunit alpha-4	1.23331e+06		1.70919e+06	1.91783e+06
Q16401	Q16401	PSMD5_HUMAN	PSMD5	26S proteasome non-ATPase regulatory subunit 5	1.5487e+06		529267	4.98287e+06
Q16512	Q16512	PKN1_HUMAN	PKN1	Serine/threonine-protein kinase N1	117722			283793
Q16513	Q16513	PKN2_HUMAN	PKN2	Serine/threonine-protein kinase N2				398173
Q16527	Q16527	CSRP2_HUMAN	CSRP2	Cysteine and glycine-rich protein 2	4.25986e+06		3.63373e+06	1.13302e+06
Q16531	Q16531	DDB1_HUMAN	DDB1	DNA damage-binding protein 1	1.21701e+06		1.19746e+06	7.71784e+06
Q16537	Q16537	2A5E_HUMAN	PPP2R5E	Serine/threonine-protein phosphatase 2A 56 kDa regulatory subunit epsilon isoform	361701		116258	448910
Q16539	Q16539	MK14_HUMAN	MAPK14	Mitogen-activated protein kinase 14	1.75288e+06		784564	5.54529e+06
Q16540	Q16540	RM23_HUMAN	MRPL23	Large ribosomal subunit protein uL23m				3.14025e+06
Q16543	Q16543	CDC37_HUMAN	CDC37	Hsp90 co-chaperone Cdc37	8.74459e+06		5.91067e+06	6.86648e+06
Q16555	Q16555	DPYL2_HUMAN	DPYSL2	Dihydropyrimidinase-related protein 2	2.67037e+07		8.72234e+06	1.53112e+07
Q16563	Q16563	SYPL1_HUMAN	SYPL1	Synaptophysin-like protein 1	4.49965e+06		1.92826e+06	5.34822e+06
Q16576	Q16576	RBBP7_HUMAN	RBBP7	Histone-binding protein RBBP7	1.49234e+07		9.21615e+06	5.34762e+06
Q16585	Q16585	SGCB_HUMAN	SGCB	Beta-sarcoglycan	316286		365085	526505
Q16595	Q16595	FRDA_HUMAN	FXN	Frataxin, mitochondrial	1.0576e+06		583298	1.00528e+06
Q16610	Q16610	ECM1_HUMAN	ECM1	Extracellular matrix protein 1	606926		2.2405e+06	548720
Q16611	Q16611	BAK_HUMAN	BAK1	Bcl-2 homologous antagonist/killer	494137		294468	492398
Q16625	Q16625	OCLN_HUMAN	OCLN	Occludin	548534		730131	480713
Q16629	Q16629	SRSF7_HUMAN	SRSF7	Serine/arginine-rich splicing factor 7	1.69347e+06		1.75189e+06	3.07645e+06
Q16630	Q16630	CPSF6_HUMAN	CPSF6	Cleavage and polyadenylation specificity factor subunit 6	4.04972e+06		5.22818e+06	3.37914e+06
Q16637	Q16637	SMN_HUMAN	SMN1	Survival motor neuron protein	118602		92371.1	240705
Q16643	Q16643	DREB_HUMAN	DBN1	Drebrin	467803		338780	655996
Q16644	Q16644	MAPK3_HUMAN	MAPKAPK3	MAP kinase-activated protein kinase 3	599624		365034	3.40028e+06
Q16647	Q16647	PTGIS_HUMAN	PTGIS	Prostacyclin synthase				614785
Q16651	Q16651	PRSS8_HUMAN	PRSS8	Prostasin	1.06894e+06		1.26381e+06	519115
Q16656	Q16656	NRF1_HUMAN	NRF1	Nuclear respiratory factor 1	856846		268376	263908
Q16658	Q16658	FSCN1_HUMAN	FSCN1	Fascin	2.05263e+06		1.01031e+06	2.78457e+06
Q16659	Q16659	MK06_HUMAN	MAPK6	Mitogen-activated protein kinase 6	255664			113506
Q16663	Q16663	CCL15_HUMAN	CCL15	C-C motif chemokine 15	214756		476039	130729
Q16666	Q16666	IF16_HUMAN	IFI16	Gamma-interferon-inducible protein 16	1.29574e+06		1.41121e+06	2.33315e+06
Q16698	Q16698	DECR_HUMAN	DECR1	2,4-dienoyl-CoA reductase [(3E)-enoyl-CoA-producing], mitochondrial	8.23576e+06		9.61635e+06	1.24729e+07
Q16706	Q16706	MA2A1_HUMAN	MAN2A1	Alpha-mannosidase 2	470387		193840	913291
Q16718	Q16718	NDUA5_HUMAN	NDUFA5	NADH dehydrogenase [ubiquinone] 1 alpha subcomplex subunit 5	2.32845e+06		596971	899593
Q16719	Q16719	KYNU_HUMAN	KYNU	Kynureninase				110687
Q16740	Q16740	CLPP_HUMAN	CLPP	ATP-dependent Clp protease proteolytic subunit, mitochondrial	2.73179e+06		794206	2.94493e+06
Q16762	Q16762	THTR_HUMAN	TST	Thiosulfate sulfurtransferase	6.95593e+06		3.40772e+06	2.88311e+07
Q16769	Q16769	QPCT_HUMAN	QPCT	Glutaminyl-peptide cyclotransferase	184403		490749	
Q16773	Q16773	KAT1_HUMAN	KYAT1	Kynurenine--oxoglutarate transaminase 1	110233			190777
Q16774	Q16774	KGUA_HUMAN	GUK1	Guanylate kinase	2.22217e+06		2.32042e+06	1.64204e+06
Q16775	Q16775	GLO2_HUMAN	HAGH	Hydroxyacylglutathione hydrolase, mitochondrial	5.93795e+06		8.9314e+06	3.43975e+06
Q16787	Q16787	LAMA3_HUMAN	LAMA3	Laminin subunit alpha-3	292958		696972	422616
Q16795	Q16795	NDUA9_HUMAN	NDUFA9	NADH dehydrogenase [ubiquinone] 1 alpha subcomplex subunit 9, mitochondrial	288447			2.92845e+06
Q16798	Q16798	MAON_HUMAN	ME3	NADP-dependent malic enzyme, mitochondrial				362719
Q16799	Q16799	RTN1_HUMAN	RTN1	Reticulon-1	1.003e+06			144914
Q16819	Q16819	MEP1A_HUMAN	MEP1A	Meprin A subunit alpha	2.19947e+06		5.01498e+06	4.90604e+06
Q16822	Q16822	PCKGM_HUMAN	PCK2	Phosphoenolpyruvate carboxykinase [GTP], mitochondrial	76413.6			3.07387e+06
Q16827	Q16827	PTPRO_HUMAN	PTPRO	Receptor-type tyrosine-protein phosphatase O				18690.5
Q16831	Q16831	UPP1_HUMAN	UPP1	Uridine phosphorylase 1	298725			236368
Q16836	Q16836	HCDH_HUMAN	HADH	Hydroxyacyl-coenzyme A dehydrogenase, mitochondrial	1.16899e+07		9.94876e+06	1.14618e+07
Q16850	Q16850	CP51A_HUMAN	CYP51A1	Lanosterol 14-alpha demethylase				1.18759e+06
Q16851	Q16851	UGPA_HUMAN	UGP2	UTP--glucose-1-phosphate uridylyltransferase	2.05026e+06		2.61558e+06	1.15615e+07
Q16853	Q16853	AOC3_HUMAN	AOC3	Membrane primary amine oxidase	3.47907e+06		1.08331e+07	1.12639e+07
Q16854	Q16854	DGUOK_HUMAN	DGUOK	Deoxyguanosine kinase, mitochondrial			732466	898571
Q16873	Q16873	LTC4S_HUMAN	LTC4S	Leukotriene C4 synthase	1.32354e+06		800159	882040
Q16875	Q16875	F263_HUMAN	PFKFB3	6-phosphofructo-2-kinase/fructose-2,6-bisphosphatase 3	769420		505681	412293
Q16880	Q16880	CGT_HUMAN	UGT8	2-hydroxyacylsphingosine 1-beta-galactosyltransferase				129420
Q16881	Q16881;Q9NNW7	TRXR1_HUMAN	TXNRD1	Thioredoxin reductase 1, cytoplasmic	2.36358e+06		3.22817e+06	2.9256e+06
Q16890	Q16890	TPD53_HUMAN	TPD52L1	Tumor protein D53	506016			12820
Q16891	Q16891	MIC60_HUMAN	IMMT	MICOS complex subunit MIC60	184945		75525.6	4.47508e+06
Q17R31	Q17R31	TATD3_HUMAN	TATDN3	Putative deoxyribonuclease TATDN3	191081		250837	143150
Q17RN3	Q17RN3	FA98C_HUMAN	FAM98C	Protein FAM98C				92216.8
Q1KMD3	Q1KMD3	HNRL2_HUMAN	HNRNPUL2	Heterogeneous nuclear ribonucleoprotein U-like protein 2	6.91806e+06		6.07182e+06	7.07776e+06
Q27J81	Q27J81	INF2_HUMAN	INF2	Inverted formin-2	181763		146764	909051
Q29RF7	Q29RF7	PDS5A_HUMAN	PDS5A	Sister chromatid cohesion protein PDS5 homolog A	517694		560844	308049
Q2KHR3	Q2KHR3	QSER1_HUMAN	QSER1	Glutamine and serine-rich protein 1			743117	292118
Q2M2H8	Q2M2H8	MGAL_HUMAN	MGAM2	Probable maltase-glucoamylase 2	519491		290642	1.19037e+06
Q2M2I8	Q2M2I8;Q9NSY1	AAK1_HUMAN	AAK1	AP2-associated protein kinase 1				748597
Q2M389	Q2M389	WASC4_HUMAN	WASHC4	WASH complex subunit 4	3.40645e+06			2.68226e+06
Q2NL82	Q2NL82	TSR1_HUMAN	TSR1	Pre-rRNA-processing protein TSR1 homolog	374666		215025	688136
Q2PPJ7	Q2PPJ7	RGPA2_HUMAN	RALGAPA2	Ral GTPase-activating protein subunit alpha-2				1.08584e+06
Q2PZI1	Q2PZI1	D19L1_HUMAN	DPY19L1	Probable C-mannosyltransferase DPY19L1				337332
Q2T9J0	Q2T9J0	TYSD1_HUMAN	TYSND1	Peroxisomal leader peptide-processing protease				33415
Q2TAA2	Q2TAA2	IAH1_HUMAN	IAH1	Isoamyl acetate-hydrolyzing esterase 1 homolog	1.11637e+06		204743	2.15288e+06
Q2TAA5	Q2TAA5	ALG11_HUMAN	ALG11	GDP-Man:Man(3)GlcNAc(2)-PP-Dol alpha-1,2-mannosyltransferase				2.1344e+06
Q2TAL8	Q2TAL8	QRIC1_HUMAN	QRICH1	Transcriptional regulator QRICH1	165442			555403
Q2TAY7	Q2TAY7	SMU1_HUMAN	SMU1	WD40 repeat-containing protein SMU1	309033			563091
Q2TB90	Q2TB90	HKDC1_HUMAN	HKDC1	Hexokinase HKDC1	873154			620808
Q2VPB7	Q2VPB7	AP5B1_HUMAN	AP5B1	AP-5 complex subunit beta-1				60273.1
Q2VPK5	Q2VPK5	CTU2_HUMAN	CTU2	Cytoplasmic tRNA 2-thiolation protein 2	692392			473241
Q2YD98	Q2YD98	UVSSA_HUMAN	UVSSA	UV-stimulated scaffold protein A				14666.4
Q32MZ4	Q32MZ4	LRRF1_HUMAN	LRRFIP1	Leucine-rich repeat flightless-interacting protein 1	1.86458e+06		968636	786428
Q32NB8	Q32NB8	PGPS1_HUMAN	PGS1	CDP-diacylglycerol--glycerol-3-phosphate 3-phosphatidyltransferase, mitochondrial				149848
Q32P28	Q32P28	P3H1_HUMAN	P3H1	Prolyl 3-hydroxylase 1	336332		280066	1.97133e+06
Q32P41	Q32P41	TRM5_HUMAN	TRMT5	tRNA (guanine(37)-N1)-methyltransferase				709058
Q32P44	Q32P44	EMAL3_HUMAN	EML3	Echinoderm microtubule-associated protein-like 3	135144			1.72084e+06
Q38SD2	Q38SD2	LRRK1_HUMAN	LRRK1	Leucine-rich repeat serine/threonine-protein kinase 1				3.5696e+06
Q3B726	Q3B726	RPA43_HUMAN	POLR1F	DNA-directed RNA polymerase I subunit RPA43				881623
Q3B8N2;Q6DKI2	Q6DKI2;Q3B8N2	LEG9B_HUMAN;LEG9C_HUMAN	LGALS9B;LGALS9C	Galectin-9B				76247.9
Q3KQU3	Q3KQU3	MA7D1_HUMAN	MAP7D1	MAP7 domain-containing protein 1	409470		371966	321296
Q3KQV9	Q3KQV9	UAP1L_HUMAN	UAP1L1	UDP-N-acetylhexosamine pyrophosphorylase-like protein 1	91126.2		68752.5	315281
Q3KQZ1	Q3KQZ1	S2535_HUMAN	SLC25A35	Solute carrier family 25 member 35				42521.5
Q3LXA3	Q3LXA3	TKFC_HUMAN	TKFC	Triokinase/FMN cyclase	1.19006e+06		973150	5.09962e+06
Q3MHD2	Q3MHD2	LSM12_HUMAN	LSM12	Protein LSM12	1.83205e+06		808513	1.19101e+06
Q3MIP1	Q3MIP1	IPIL2_HUMAN	ITPRIPL2	Inositol 1,4,5-trisphosphate receptor-interacting protein-like 2				26717.9
Q3MIR4	Q3MIR4	CC50B_HUMAN	TMEM30B	Cell cycle control protein 50B	1.69268e+06		1.15485e+06	568026
Q3MIT2	Q3MIT2	PUS10_HUMAN	PUS10	tRNA pseudouridine synthase Pus10				183228
Q3MIX3	Q3MIX3	ADCK5_HUMAN	ADCK5	Uncharacterized aarF domain-containing protein kinase 5				255864
Q3SXM5	Q3SXM5	HSDL1_HUMAN	HSDL1	Inactive hydroxysteroid dehydrogenase-like protein 1				649274
Q3SY17;Q9H1U9	Q3SY17;Q9H1U9	S2551_HUMAN;S2552_HUMAN	SLC25A51;SLC25A52	Mitochondrial nicotinamide adenine dinucleotide transporter SLC25A52				173187
Q3SY69	Q3SY69	AL1L2_HUMAN	ALDH1L2	Mitochondrial 10-formyltetrahydrofolate dehydrogenase	477516		437500	958935
Q3SY84	Q3SY84	K2C71_HUMAN	KRT71	Keratin, type II cytoskeletal 71	273250		1.38097e+06	390006
Q3YBM2	Q3YBM2	T176B_HUMAN	TMEM176B	Transmembrane protein 176B	1.35819e+06		622614	2.50928e+06
Q3YEC7	Q3YEC7	RABL6_HUMAN	RABL6	Rab-like protein 6	602661		462973	635787
Q3ZAQ7	Q3ZAQ7	VMA21_HUMAN	VMA21	Vacuolar ATPase assembly integral membrane protein VMA21	1.04613e+06			350066
Q3ZCQ8	Q3ZCQ8	TIM50_HUMAN	TIMM50	Mitochondrial import inner membrane translocase subunit TIM50				1.574e+06
Q3ZCW2	Q3ZCW2	LEGL_HUMAN	LGALSL	Galectin-related protein	556604		586082	694423
Q460N5	Q460N5	PAR14_HUMAN	PARP14	Protein mono-ADP-ribosyltransferase PARP14				423940
Q49A26	Q49A26	GLYR1_HUMAN	GLYR1	Cytokine-like nuclear factor N-PAC	816027		494820	536959
Q49AR2	Q49AR2	CE022_HUMAN	C5orf22	UPF0489 protein C5orf22	701496		442769	543428
Q49B96	Q49B96	COX19_HUMAN	COX19	Cytochrome c oxidase assembly protein COX19	1.69789e+06		1.45723e+06	217919
Q4G0F5	Q4G0F5	VP26B_HUMAN	VPS26B	Vacuolar protein sorting-associated protein 26B	1.49008e+06		1.50686e+06	2.3731e+06
Q4G0J3	Q4G0J3	LARP7_HUMAN	LARP7	La-related protein 7	3.42487e+06		2.72663e+06	2.52957e+06
Q4G0N4	Q4G0N4	NAKD2_HUMAN	NADK2	NAD kinase 2, mitochondrial	1.9097e+06		2.52043e+06	1.16516e+06
Q4G0X4;Q719H9	Q4G0X4;Q719H9	KCD21_HUMAN;KCTD1_HUMAN	KCTD1;KCTD21	BTB/POZ domain-containing protein KCTD21	51126.7			263017
Q4G148	Q4G148	GXLT1_HUMAN	GXYLT1	Glucoside xylosyltransferase 1				275669
Q4G176	Q4G176	ACSF3_HUMAN	ACSF3	Malonate--CoA ligase ACSF3, mitochondrial	5.54123e+06			160628
Q4J6C6	Q4J6C6	PPCEL_HUMAN	PREPL	Prolyl endopeptidase-like				344841
Q4KMP7	Q4KMP7	TB10B_HUMAN	TBC1D10B	TBC1 domain family member 10B	103538		52045.1	120363
Q4KMQ1	Q4KMQ1	TPRN_HUMAN	TPRN	Taperin				128622
Q4KMQ2	Q4KMQ2	ANO6_HUMAN	ANO6	Anoctamin-6				766242
Q4L180	Q4L180	FIL1L_HUMAN	FILIP1L	Filamin A-interacting protein 1-like	1.14684e+06		951378	1.61383e+06
Q4U2R6	Q4U2R6	RM51_HUMAN	MRPL51	Large ribosomal subunit protein mL51				233910
Q4V328	Q4V328	GRAP1_HUMAN	GRIPAP1	GRIP1-associated protein 1	818061		504653	800886
Q4V339;Q5JTY5;Q5RIA9;Q8IUF1;Q9BRT8	Q5JTY5;Q9BRT8;Q5RIA9;Q4V339;Q8IUF1	ZNG1A_HUMAN;ZNG1B_HUMAN;ZNG1C_HUMAN;ZNG1E_HUMAN;ZNG1F_HUMAN	ZNG1A;ZNG1B;ZNG1C;ZNG1E;ZNG1F	Zinc-regulated GTPase metalloprotein activator 1F				643163
Q4V9L6	Q4V9L6	TM119_HUMAN	TMEM119	Transmembrane protein 119	1.82816e+06		237679	302960
Q4VC05;Q9BQE9	Q9BQE9;Q4VC05;Q8WUZ0	BCL7A_HUMAN;BCL7B_HUMAN	BCL7A;BCL7B	B-cell CLL/lymphoma 7 protein family member A	1.01548e+06		945142	585035
Q4VC31	Q4VC31	MIX23_HUMAN	MIX23	Protein MIX23	2.77869e+06		4.29446e+06	1.4037e+06
Q4ZIN3	Q4ZIN3	MBRL_HUMAN	TMEM259	Membralin				556403
Q504Q3	Q504Q3	PAN2_HUMAN	PAN2	PAN2-PAN3 deadenylation complex catalytic subunit PAN2				27058.4
Q52LJ0	Q52LJ0	FA98B_HUMAN	FAM98B	Protein FAM98B	1.19595e+06		458247	1.67319e+06
Q53EL6	Q53EL6	PDCD4_HUMAN	PDCD4	Programmed cell death protein 4	5.76638e+06		2.44616e+06	4.85417e+06
Q53EP0	Q53EP0	FND3B_HUMAN	FNDC3B	Fibronectin type III domain-containing protein 3B			90939.7	398844
Q53EU6	Q53EU6	GPAT3_HUMAN	GPAT3	Glycerol-3-phosphate acyltransferase 3				224839
Q53F19	Q53F19	NCBP3_HUMAN	NCBP3	Nuclear cap-binding protein subunit 3	476331		474810	240886
Q53FA7	Q53FA7	QORX_HUMAN	TP53I3	Quinone oxidoreductase PIG3	5.48376e+06		9.17727e+06	3.39658e+06
Q53FT3	Q53FT3	HIKES_HUMAN	HIKESHI	Protein Hikeshi	391456		154133	462645
Q53FZ2	Q53FZ2	ACSM3_HUMAN	ACSM3	Acyl-coenzyme A synthetase ACSM3, mitochondrial	69560.9		235393	861201
Q53GD3	Q53GD3	CTL4_HUMAN	SLC44A4	Choline transporter-like protein 4	643559		1.38632e+06	385185
Q53GG5	Q53GG5	PDLI3_HUMAN	PDLIM3	PDZ and LIM domain protein 3	6.08284e+06		2.29667e+06	1.60025e+06
Q53GL7	Q53GL7	PAR10_HUMAN	PARP10	Protein mono-ADP-ribosyltransferase PARP10				230279
Q53GQ0	Q53GQ0	DHB12_HUMAN	HSD17B12	Very-long-chain 3-oxoacyl-CoA reductase	1.6019e+06		728168	1.90474e+07
Q53GS7	Q53GS7	GLE1_HUMAN	GLE1	mRNA export factor GLE1			1.00919e+06	280313
Q53GS9	Q53GS9	UBP39_HUMAN	USP39	Ubiquitin carboxyl-terminal hydrolase 39	249598		57360.3	647151
Q53GT1	Q53GT1	KLH22_HUMAN	KLHL22	Kelch-like protein 22				99086.2
Q53H12	Q53H12	AGK_HUMAN	AGK	Acylglycerol kinase, mitochondrial	506889		74629.7	2.44453e+06
Q53H47	Q53H47	SETMR_HUMAN	SETMAR	Histone-lysine N-methyltransferase SETMAR				121542
Q53H82	Q53H82	LACB2_HUMAN	LACTB2	Endoribonuclease LACTB2	2.30886e+06		2.55674e+06	1.30287e+06
Q53H96	Q53H96	P5CR3_HUMAN	PYCR3	Pyrroline-5-carboxylate reductase 3	687813			1.03779e+06
Q53HC9	Q53HC9	EIPR1_HUMAN	EIPR1	EARP and GARP complex-interacting protein 1	175533			1.02316e+06
Q53LP3	Q53LP3	SWAHC_HUMAN	SOWAHC	Ankyrin repeat domain-containing protein SOWAHC				723830
Q53R41	Q53R41	FAKD1_HUMAN	FASTKD1	FAST kinase domain-containing protein 1, mitochondrial				297394
Q53RT3	Q53RT3	APRV1_HUMAN	ASPRV1	Retroviral-like aspartic protease 1	1.06527e+06	4.52881e+08	1.37566e+06	385165
Q53S08;Q9H0N0	Q9H0N0;Q53S08	RAB6C_HUMAN;RAB6D_HUMAN	RAB6C;RAB6D	Ras-related protein Rab-6D	1.84919e+06		2.25702e+06	
Q53S33	Q53S33	BOLA3_HUMAN	BOLA3	BolA-like protein 3	585267		489495	278938
Q53S58	Q53S58	TM177_HUMAN	TMEM177	Transmembrane protein 177				754915
Q53SF7	Q53SF7	COBL1_HUMAN	COBLL1	Cordon-bleu protein-like 1	569152		206595	278190
Q53T59	Q53T59	H1BP3_HUMAN	HS1BP3	HCLS1-binding protein 3	1.55737e+06		1.6908e+06	1.71018e+06
Q53TN4	Q53TN4	CYBR1_HUMAN	CYBRD1	Plasma membrane ascorbate-dependent reductase CYBRD1	821071		3.29031e+06	951691
Q562E7	Q562E7	WDR81_HUMAN	WDR81	WD repeat-containing protein 81				117494
Q562R1	Q562R1	ACTBL_HUMAN	ACTBL2	Beta-actin-like protein 2				1.13146e+08
Q567U6	Q567U6	CCD93_HUMAN	CCDC93	Coiled-coil domain-containing protein 93				938597
Q56VL3	Q56VL3	OCAD2_HUMAN	OCIAD2	OCIA domain-containing protein 2	2.23538e+06		3.07309e+06	6.38647e+06
Q58A45	Q58A45	PAN3_HUMAN	PAN3	PAN2-PAN3 deadenylation complex subunit PAN3				116747
Q58DX5	Q58DX5	NADL2_HUMAN	NAALADL2	Inactive N-acetylated-alpha-linked acidic dipeptidase-like protein 2	115741		50072.1	377915
Q5BJD5	Q5BJD5	TM41B_HUMAN	TMEM41B	Transmembrane protein 41B				334819
Q5BJF2	Q5BJF2	SGMR2_HUMAN	TMEM97	Sigma intracellular receptor 2	710687		189458	1.1322e+06
Q5BJH7	Q5BJH7	YIF1B_HUMAN	YIF1B	Protein YIF1B				277319
Q5BKT4;Q5I7T1	Q5BKT4;Q5I7T1	AG10A_HUMAN;AG10B_HUMAN	ALG10;ALG10B	Dol-P-Glc:Glc(2)Man(9)GlcNAc(2)-PP-Dol alpha-1,2-glucosyltransferase				570748
Q5BKX6	Q5BKX6	S45A4_HUMAN	SLC45A4	Solute carrier family 45 member 4				9439.62
Q5BKZ1	Q5BKZ1	ZN326_HUMAN	ZNF326	DBIRD complex subunit ZNF326	476446		236793	587593
Q5C9Z4	Q5C9Z4	NOM1_HUMAN	NOM1	Nucleolar MIF4G domain-containing protein 1				191028
Q5D862	Q5D862	FILA2_HUMAN	FLG2	Filaggrin-2	639958	6.52322e+08	2.75127e+06	696114
Q5EB52	Q5EB52	MEST_HUMAN	MEST	Mesoderm-specific transcript homolog protein				278714
Q5EBL8	Q5EBL8	PDZ11_HUMAN	PDZD11	PDZ domain-containing protein 11	865838		679326	679358
Q5EG05	Q5EG05	CAR16_HUMAN	CARD16	Caspase recruitment domain-containing protein 16	429015		184903	109960
Q5F1R6	Q5F1R6	DJC21_HUMAN	DNAJC21	DnaJ homolog subfamily C member 21	63650.1		71858.5	34364.6
Q5GFL6	Q5GFL6	VWA2_HUMAN	VWA2	von Willebrand factor A domain-containing protein 2				445828
Q5GLZ8	Q5GLZ8	HERC4_HUMAN	HERC4	Probable E3 ubiquitin-protein ligase HERC4	144362		203581	921541
Q5H8A4	Q5H8A4	PIGG_HUMAN	PIGG	GPI ethanolamine phosphate transferase 2				353578
Q5H9R7	Q5H9R7	PP6R3_HUMAN	PPP6R3	Serine/threonine-protein phosphatase 6 regulatory subunit 3				497136
Q5H9U9	Q5H9U9	DDX6L_HUMAN	DDX60L	Probable ATP-dependent RNA helicase DDX60-like				22766.1
Q5HYI8	Q5HYI8	RABL3_HUMAN	RABL3	Rab-like protein 3	1.37632e+06		983133	1.72102e+06
Q5HYK3	Q5HYK3	COQ5_HUMAN	COQ5	2-methoxy-6-polyprenyl-1,4-benzoquinol methylase, mitochondrial	534143			1.12604e+06
Q5HYK7	Q5HYK7	SH319_HUMAN	SH3D19	SH3 domain-containing protein 19	452032		226160	324748
Q5J8M3	Q5J8M3	EMC4_HUMAN	EMC4	ER membrane protein complex subunit 4				840611
Q5JPH6	Q5JPH6	SYEM_HUMAN	EARS2	Probable glutamate--tRNA ligase, mitochondrial				844861
Q5JRA6	Q5JRA6	TGO1_HUMAN	MIA3	Transport and Golgi organization protein 1 homolog	1.4431e+06		1.27566e+06	2.30508e+06
Q5JRX3	Q5JRX3	PREP_HUMAN	PITRM1	Presequence protease, mitochondrial	811630		2.00274e+06	3.97148e+06
Q5JS37	Q5JS37	NHLC3_HUMAN	NHLRC3	NHL repeat-containing protein 3	1.68827e+06		3.28932e+06	1.73141e+06
Q5JS54	Q5JS54	PSMG4_HUMAN	PSMG4	Proteasome assembly chaperone 4				83213.1
Q5JSH3	Q5JSH3	WDR44_HUMAN	WDR44	WD repeat-containing protein 44	2.6742e+06		1.82262e+06	816864
Q5JSL3	Q5JSL3	DOC11_HUMAN	DOCK11	Dedicator of cytokinesis protein 11				489421
Q5JSP0	Q5JSP0	FGD3_HUMAN	FGD3	FYVE, RhoGEF and PH domain-containing protein 3	99461.3			306728
Q5JSZ5	Q5JSZ5	PRC2B_HUMAN	PRRC2B	Protein PRRC2B	58362			30296.8
Q5JTH9	Q5JTH9	RRP12_HUMAN	RRP12	RRP12-like protein	889786		878125	2.81244e+06
Q5JTJ3	Q5JTJ3	COA6_HUMAN	COA6	Cytochrome c oxidase assembly factor 6 homolog	2.74233e+06		3.28784e+06	1.34095e+06
Q5JTV8	Q5JTV8;Q8NFQ8	TOIP1_HUMAN	TOR1AIP1	Torsin-1A-interacting protein 1	2.06005e+06		1.10939e+06	4.15873e+06
Q5JTZ9	Q5JTZ9	SYAM_HUMAN	AARS2	Alanine--tRNA ligase, mitochondrial				1.08986e+06
Q5JU69	Q8N2E6;Q5JU69	TOR2A_HUMAN	TOR2A	Torsin-2A	229058		243796	377157
Q5JVF3	Q5JVF3	PCID2_HUMAN	PCID2	PCI domain-containing protein 2				413060
Q5JVS0	Q5JVS0	HABP4_HUMAN	HABP4	Intracellular hyaluronan-binding protein 4	254268			72489
Q5K4L6	Q5K4L6	S27A3_HUMAN	SLC27A3	Long-chain fatty acid transport protein 3				463126
Q5K651	Q5K651	SAMD9_HUMAN	SAMD9	Sterile alpha motif domain-containing protein 9				489615
Q5M775	Q5M775	CYTSB_HUMAN	SPECC1	Cytospin-B	342985		136328	131132
Q5M7Z0	Q5M7Z0	RNFT1_HUMAN	RNFT1	E3 ubiquitin-protein ligase RNFT1				64568.3
Q5MIZ7	Q5MIZ7	P4R3B_HUMAN	PPP4R3B	Serine/threonine-protein phosphatase 4 regulatory subunit 3B	1.87647e+06		1.53248e+06	511628
Q5MNZ6	Q5MNZ6	WIPI3_HUMAN	WDR45B	WD repeat domain phosphoinositide-interacting protein 3	938971		990582	538370
Q5MNZ9	Q5MNZ9	WIPI1_HUMAN	WIPI1	WD repeat domain phosphoinositide-interacting protein 1				207918
Q5MY95	Q5MY95	ENTP8_HUMAN	ENTPD8	Ectonucleoside triphosphate diphosphohydrolase 8			143369	42357.5
Q5NDL2	Q5NDL2	EOGT_HUMAN	EOGT	EGF domain-specific O-linked N-acetylglucosamine transferase	224486		174332	604831
Q5QGZ9	Q5QGZ9	CL12A_HUMAN	CLEC12A	C-type lectin domain family 12 member A			270364	
Q5QJ74	Q5QJ74	TBCEL_HUMAN	TBCEL	Tubulin-specific chaperone cofactor E-like protein				769000
Q5QJE6	Q5QJE6	TDIF2_HUMAN	DNTTIP2	Deoxynucleotidyltransferase terminal-interacting protein 2	316259		250046	190086
Q5R372	Q5R372	RBG1L_HUMAN	RABGAP1L	Rab GTPase-activating protein 1-like				105328
Q5R3I4	Q5R3I4	TTC38_HUMAN	TTC38	Tetratricopeptide repeat protein 38	642818		413553	4.21703e+06
Q5R3K3	Q5R3K3	CAHM6_HUMAN	CALHM6	Calcium homeostasis modulator protein 6	182200			48998.9
Q5RI15	Q5RI15	COX20_HUMAN	COX20	Cytochrome c oxidase assembly protein COX20, mitochondrial	689606			1.32119e+06
Q5RKV6	Q5RKV6	EXOS6_HUMAN	EXOSC6	Exosome complex component MTR3	2.5628e+06		884211	771868
Q5SNT2	Q5SNT2	TM201_HUMAN	TMEM201	Transmembrane protein 201				406367
Q5SQH8	Q5SQH8	CF136_HUMAN	C6orf136	Uncharacterized protein C6orf136				51949.9
Q5SRE5	Q5SRE5	NU188_HUMAN	NUP188	Nucleoporin NUP188				386749
Q5SRH9	Q5SRH9	TT39A_HUMAN	TTC39A	Tetratricopeptide repeat protein 39A				1.08063e+06
Q5SSJ5	Q5SSJ5	HP1B3_HUMAN	HP1BP3	Heterochromatin protein 1-binding protein 3	2.92616e+06		2.23678e+06	1.70319e+06
Q5ST30	Q5ST30	SYVM_HUMAN	VARS2	Valine--tRNA ligase, mitochondrial				426648
Q5SW79	Q5SW79	CE170_HUMAN	CEP170	Centrosomal protein of 170 kDa	95968.3		58157.9	24009.2
Q5SW96	Q5SW96	ARH_HUMAN	LDLRAP1	Low density lipoprotein receptor adapter protein 1				104232
Q5SWX8	Q5SWX8	ODR4_HUMAN	ODR4	Protein odr-4 homolog			551767	452053
Q5SXM8	Q5SXM8	DNLZ_HUMAN	DNLZ	DNL-type zinc finger protein	704652		685670	403537
Q5T011	Q5T011	SZT2_HUMAN	SZT2	KICSTOR complex protein SZT2				22910.2
Q5T013	Q5T013	HYI_HUMAN	HYI	Putative hydroxypyruvate isomerase	436033		895270	310641
Q5T0F9	Q5T0F9	C2D1B_HUMAN	CC2D1B	Coiled-coil and C2 domain-containing protein 1B	272367		268538	316641
Q5T0N5	Q5T0N5	FBP1L_HUMAN	FNBP1L	Formin-binding protein 1-like	787507		455708	1.09364e+06
Q5T0Z8	Q5T0Z8	CF132_HUMAN	C6orf132	Uncharacterized protein C6orf132	1.35861e+06		746193	377569
Q5T160	Q5T160	SYRM_HUMAN	RARS2	Probable arginine--tRNA ligase, mitochondrial				632260
Q5T1C6	Q5T1C6	THEM4_HUMAN	THEM4	Acyl-coenzyme A thioesterase THEM4	214139		181235	688403
Q5T1J5;Q9Y6H1	Q9Y6H1;Q5T1J5	CHCH2_HUMAN;CHCH9_HUMAN	CHCHD2;CHCHD2P9	Putative coiled-coil-helix-coiled-coil-helix domain-containing protein CHCHD2P9, mitochondrial	3.01184e+06			297209
Q5T1M5	Q5T1M5	FKB15_HUMAN	FKBP15	FK506-binding protein 15			153326	473540
Q5T1V6	Q5T1V6	DDX59_HUMAN	DDX59	Probable ATP-dependent RNA helicase DDX59	140170			129809
Q5T200	Q5T200	ZC3HD_HUMAN	ZC3H13	Zinc finger CCCH domain-containing protein 13				103222
Q5T2E6	Q5T2E6	ARMD3_HUMAN	ARMH3	Armadillo-like helical domain-containing protein 3				402904
Q5T2T1	Q5T2T1	MPP7_HUMAN	MPP7	MAGUK p55 subfamily member 7				134751
Q5T3U5	Q5T3U5	MRP7_HUMAN	ABCC10	ATP-binding cassette sub-family C member 10				548692
Q5T440	Q5T440	CAF17_HUMAN	IBA57	Putative transferase CAF17, mitochondrial			241106	959549
Q5T447	Q5T447	HECD3_HUMAN	HECTD3	E3 ubiquitin-protein ligase HECTD3				530307
Q5T4F4	Q5T4F4	ZFY27_HUMAN	ZFYVE27	Protrudin				121700
Q5T4S7	Q5T4S7	UBR4_HUMAN	UBR4	E3 ubiquitin-protein ligase UBR4				1.97855e+06
Q5T5C0	Q5T5C0;Q9Y2K9	STXB5_HUMAN	STXBP5	Syntaxin-binding protein 5			7.40021e+06	1.03171e+07
Q5T5P2	Q5T5P2	SKT_HUMAN	KIAA1217	Sickle tail protein homolog	400163		238629	620239
Q5T5U3	Q5T5U3	RHG21_HUMAN	ARHGAP21	Rho GTPase-activating protein 21				23683.5
Q5T653	Q5T653	RM02_HUMAN	MRPL2	Large ribosomal subunit protein uL2m	401800		488910	1.06566e+06
Q5T6F2	Q5T6F2	UBAP2_HUMAN	UBAP2	Ubiquitin-associated protein 2	1.64498e+06		1.08507e+06	644069
Q5T6V5	Q5T6V5	QNG1_HUMAN	QNG1	Queuosine 5'-phosphate N-glycosylase/hydrolase	355629			790826
Q5T749	Q5T749	KPRP_HUMAN	KPRP	Keratinocyte proline-rich protein	626132	1.18984e+09	2.90462e+06	681182
Q5T750	Q5T750	KPLCE_HUMAN	KPLCE	Protein KPLCE	3.9768e+06		5.16e+06	
Q5T8D3	Q5T8D3	ACBD5_HUMAN	ACBD5	Acyl-CoA-binding domain-containing protein 5	219448			282789
Q5T8P6	Q5T8P6	RBM26_HUMAN	RBM26	RNA-binding protein 26	761106		533664	589635
Q5T9A4	Q5T9A4	ATD3B_HUMAN	ATAD3B	ATPase family AAA domain-containing protein 3B				228527
Q5T9L3	Q5T9L3	WLS_HUMAN	WLS	Protein wntless homolog	57882.7			782591
Q5TA45	Q5TA45	INT11_HUMAN	INTS11	Integrator complex subunit 11				600705
Q5TA50	Q5TA50	CPTP_HUMAN	CPTP	Ceramide-1-phosphate transfer protein				128393
Q5TAQ9	Q5TAQ9	DCAF8_HUMAN	DCAF8	DDB1- and CUL4-associated factor 8	234223		193036	602340
Q5TAX3	Q5TAX3	TUT4_HUMAN	TUT4	Terminal uridylyltransferase 4	4.21922e+06		2.94739e+06	3.29767e+06
Q5TBA9	Q5TBA9	FRY_HUMAN	FRY	Protein furry homolog	2.87022e+06		5.29713e+06	3.79985e+06
Q5TBB1	Q5TBB1	RNH2B_HUMAN	RNASEH2B	Ribonuclease H2 subunit B	263926			242874
Q5TC12	Q5TC12	ATPF1_HUMAN	ATPAF1	ATP synthase mitochondrial F1 complex assembly factor 1	172972		36682.3	365918
Q5TC63	Q5TC63	GRTP1_HUMAN	GRTP1	Growth hormone-regulated TBC protein 1	554681			358840
Q5TDH0	Q5TDH0	DDI2_HUMAN	DDI2	Protein DDI1 homolog 2	1.46943e+06		400364	1.24311e+06
Q5TEC6	P68431;Q16695;Q71DI3;Q5TEC6	H37_HUMAN	H3-7	Histone H3-7	900461		626340	296971
Q5TEJ8	Q5TEJ8	THMS2_HUMAN	THEMIS2	Protein THEMIS2	133191			705014
Q5TEU4	Q5TEU4	NDUF5_HUMAN	NDUFAF5	Arginine-hydroxylase NDUFAF5, mitochondrial	306031			656397
Q5TFE4	Q5TFE4	NT5D1_HUMAN	NT5DC1	5'-nucleotidase domain-containing protein 1	1.56918e+06		1.58691e+06	776343
Q5TGZ0	Q5TGZ0	MIC10_HUMAN	MICOS10	MICOS complex subunit MIC10	1.77372e+06		1.92457e+06	1.82375e+06
Q5TH69	Q5TH69	BIG3_HUMAN	ARFGEF3	Brefeldin A-inhibited guanine nucleotide-exchange protein 3				368975
Q5U3C3	Q5U3C3	TM164_HUMAN	TMEM164	Transmembrane protein 164				46394.8
Q5U5X0	Q5U5X0	LYRM7_HUMAN	LYRM7	Complex III assembly factor LYRM7	2.40966e+06		1.41324e+06	1.18421e+06
Q5UCC4	Q5UCC4	EMC10_HUMAN	EMC10	ER membrane protein complex subunit 10	1.94244e+06		1.06466e+06	1.20643e+06
Q5UIP0	Q5UIP0	RIF1_HUMAN	RIF1	Telomere-associated protein RIF1				927794
Q5VIR6	Q5VIR6	VPS53_HUMAN	VPS53	Vacuolar protein sorting-associated protein 53 homolog				922931
Q5VSL9	Q5VSL9	STRP1_HUMAN	STRIP1	Striatin-interacting protein 1				1.04179e+06
Q5VST6	Q5VST6	AB17B_HUMAN	ABHD17B	Alpha/beta hydrolase domain-containing protein 17B				41584.9
Q5VT25	Q5VT25	MRCKA_HUMAN	CDC42BPA	Serine/threonine-protein kinase MRCK alpha				142809
Q5VT52	Q5VT52	RPRD2_HUMAN	RPRD2	Regulation of nuclear pre-mRNA domain-containing protein 2	177623			184162
Q5VT66	Q5VT66	MARC1_HUMAN	MTARC1	Mitochondrial amidoxime-reducing component 1	158457		179406	254297
Q5VTB9	Q5VTB9	RN220_HUMAN	RNF220	E3 ubiquitin-protein ligase RNF220	459996			
Q5VTE6	Q5VTE6	ANGE2_HUMAN	ANGEL2	Protein angel homolog 2				52750.9
Q5VTL8	Q5VTL8	PR38B_HUMAN	PRPF38B	Pre-mRNA-splicing factor 38B	293238		136408	430964
Q5VTQ0	Q5VTQ0	TT39B_HUMAN	TTC39B	Tetratricopeptide repeat protein 39B	150719		54060.4	1.2119e+06
Q5VTR2	Q5VTR2	BRE1A_HUMAN	RNF20	E3 ubiquitin-protein ligase BRE1A	941389		300488	840873
Q5VTY9	Q5VTY9	HHAT_HUMAN	HHAT	Protein-cysteine N-palmitoyltransferase HHAT				33131.2
Q5VU65	Q5VU65	P210L_HUMAN	NUP210L	Nuclear pore membrane glycoprotein 210-like	3.23654e+06		1.6343e+06	1.2466e+06
Q5VV41	Q5VV41	ARHGG_HUMAN	ARHGEF16	Rho guanine nucleotide exchange factor 16				349542
Q5VV42	Q5VV42	CDKAL_HUMAN	CDKAL1	Threonylcarbamoyladenosine tRNA methylthiotransferase				478415
Q5VVQ6	Q5VVQ6	OTU1_HUMAN	YOD1	Ubiquitin thioesterase OTU1	640168		494366	657879
Q5VW32	Q5VW32	BROX_HUMAN	BROX	BRO1 domain-containing protein BROX	1.19571e+06		712809	1.75534e+06
Q5VW36	Q5VW36	FOCAD_HUMAN	FOCAD	Focadhesin				3.55054e+06
Q5VW38	Q5VW38	GP107_HUMAN	GPR107	Protein GPR107				377133
Q5VWC8	Q5VWC8	HACD4_HUMAN	HACD4	Very-long-chain (3R)-3-hydroxyacyl-CoA dehydratase 4				142918
Q5VWJ9	Q5VWJ9	SNX30_HUMAN	SNX30	Sorting nexin-30				241231
Q5VWQ8	Q5VWQ8	DAB2P_HUMAN	DAB2IP	Disabled homolog 2-interacting protein				272332
Q5VWZ2	Q5VWZ2	LYPL1_HUMAN	LYPLAL1	Lysophospholipase-like protein 1	645069		474848	2.15065e+06
Q5VYK3	Q5VYK3	ECM29_HUMAN	ECPAS	Proteasome adapter and scaffold protein ECM29	312009		24865.4	1.36684e+06
Q5VYS8	Q5VYS8	TUT7_HUMAN	TUT7	Terminal uridylyltransferase 7	752743			695099
Q5VYY1	Q5VYY1	ANR22_HUMAN	ANKRD22	Ankyrin repeat domain-containing protein 22	684279	3.05705e+08	369284	4.30573e+06
Q5VZ89	Q5VZ89	DEN4C_HUMAN	DENND4C	DENN domain-containing protein 4C				644942
Q5VZE5	Q5VZE5	NAA35_HUMAN	NAA35	N-alpha-acetyltransferase 35, NatC auxiliary subunit				459778
Q5VZF2	Q5VZF2	MBNL2_HUMAN	MBNL2	Muscleblind-like protein 2	649493		344920	505255
Q5VZK9	Q5VZK9	CARL1_HUMAN	CARMIL1	F-actin-uncapping protein LRRC16A	404276		149343	277153
Q5VZP5	Q5VZP5	STYL2_HUMAN	STYXL2	Serine/threonine/tyrosine-interacting-like protein 2				127746
Q5W0V3	Q5W0V3	FHI2A_HUMAN	FHIP2A	FHF complex subunit HOOK interacting protein 2A	2.32263e+06		3.14931e+06	707460
Q5W0Z9	Q5W0Z9	ZDH20_HUMAN	ZDHHC20	Palmitoyltransferase ZDHHC20	397549		221219	591524
Q5W111	Q5W111	SPRY7_HUMAN	SPRYD7	SPRY domain-containing protein 7	297163		142766	755705
Q5XKP0	Q5XKP0	MIC13_HUMAN	MICOS13	MICOS complex subunit MIC13	298324		34172.9	898782
Q5XPI4	Q5XPI4	RN123_HUMAN	RNF123	E3 ubiquitin-protein ligase RNF123				490626
Q5ZPR3	Q5ZPR3	CD276_HUMAN	CD276	CD276 antigen	2.50304e+06		1.8433e+06	1.14569e+06
Q629K1	Q629K1	TRIQK_HUMAN	TRIQK	Triple QxxK/R motif-containing protein	2.3837e+06		1.63383e+06	474433
Q63HN8	Q63HN8	RN213_HUMAN	RNF213	E3 ubiquitin-protein ligase RNF213	192139		139327	403714
Q63HR2	Q63HR2	TENS2_HUMAN	TNS2	Tensin-2				466583
Q63ZY3	Q63ZY3	KANK2_HUMAN	KANK2	KN motif and ankyrin repeat domain-containing protein 2	291594		175872	1.98301e+06
Q641Q2	Q641Q2;Q9Y4E1	WAC2A_HUMAN	WASHC2A	WASH complex subunit 2A	1.00241e+06		741905	653417
Q643R3	Q643R3	LPCT4_HUMAN	LPCAT4	Lysophospholipid acyltransferase LPCAT4				557293
Q658P3	Q658P3	STEA3_HUMAN	STEAP3	Metalloreductase STEAP3				625148
Q658Y4	Q658Y4	F91A1_HUMAN	FAM91A1	Protein FAM91A1	139628		63885.3	572346
Q66K14	Q66K14	TBC9B_HUMAN	TBC1D9B	TBC1 domain family member 9B				710330
Q66K74	Q66K74	MAP1S_HUMAN	MAP1S	Microtubule-associated protein 1S	375600			952230
Q66PJ3	Q66PJ3	AR6P4_HUMAN	ARL6IP4	ADP-ribosylation factor-like protein 6-interacting protein 4	697551		308570	284818
Q676U5	Q676U5	A16L1_HUMAN	ATG16L1	Autophagy-related protein 16-1				302733
Q684P5	Q684P5	RPGP2_HUMAN	RAP1GAP2	Rap1 GTPase-activating protein 2	339545			1.35416e+06
Q68CQ4	Q68CQ4	UTP25_HUMAN	UTP25	U3 small nucleolar RNA-associated protein 25 homolog	449401		263754	1.14122e+06
Q68CQ7	Q68CQ7	GL8D1_HUMAN	GLT8D1	Glycosyltransferase 8 domain-containing protein 1				373589
Q68CR1	Q68CR1	SE1L3_HUMAN	SEL1L3	Protein sel-1 homolog 3				625755
Q68CZ2	Q68CZ2	TENS3_HUMAN	TNS3	Tensin-3	372884		109777	1.31599e+06
Q68D91	Q68D91	MBLC2_HUMAN	MBLAC2	Acyl-coenzyme A thioesterase MBLAC2	79150.7			132239
Q68DD2	Q68DD2	PA24F_HUMAN	PLA2G4F	Cytosolic phospholipase A2 zeta				751369
Q68DH5	Q68DH5	LMBD2_HUMAN	LMBRD2	G-protein coupled receptor-associated protein LMBRD2				61436.4
Q68DL7	Q68DL7	CR063_HUMAN	C18orf63	Uncharacterized protein C18orf63	1.28108e+06		4.49557e+06	2.34827e+06
Q68DU8	Q68DU8	KCD16_HUMAN	KCTD16	BTB/POZ domain-containing protein KCTD16				240964
Q68E01	Q68E01	INT3_HUMAN	INTS3	Integrator complex subunit 3				589333
Q68EM7	Q68EM7	RHG17_HUMAN	ARHGAP17	Rho GTPase-activating protein 17				1.03122e+06
Q69YL0	Q69YL0	NCAS2_HUMAN	NCBP2AS2	Protein NCBP2AS2	509535		235990	359365
Q69YN2	Q69YN2	C19L1_HUMAN	CWF19L1	CWF19-like protein 1	129459		62119.3	239505
Q69YN4	Q69YN4	VIR_HUMAN	VIRMA	Protein virilizer homolog				274375
Q6AI08	Q6AI08	HEAT6_HUMAN	HEATR6	HEAT repeat-containing protein 6				57202.7
Q6BCY4	Q6BCY4	NB5R2_HUMAN	CYB5R2	NADH-cytochrome b5 reductase 2	791868		555686	901487
Q6DD87	Q6DD87	ZN787_HUMAN	ZNF787	Zinc finger protein 787	136917		90247.9	18578.4
Q6DD88	Q6DD88	ATLA3_HUMAN	ATL3	Atlastin-3	164349		71290.9	2.87543e+06
Q6DKI1	Q6DKI1	RL7L_HUMAN	RPL7L1	Ribosomal protein uL30-like				165571
Q6DKJ4	Q6DKJ4	NXN_HUMAN	NXN	Nucleoredoxin			63696.9	739348
Q6DKK2	Q6DKK2	TTC19_HUMAN	TTC19	Tetratricopeptide repeat protein 19, mitochondrial	219260			394743
Q6DN12	Q6DN12	MCTP2_HUMAN	MCTP2	Multiple C2 and transmembrane domain-containing protein 2				183673
Q6DT37	Q6DT37	MRCKG_HUMAN	CDC42BPG	Serine/threonine-protein kinase MRCK gamma				98879.5
Q6E0U4	Q6E0U4	DMKN_HUMAN	DMKN	Dermokine		2.07812e+08		
Q6EMK4	Q6EMK4	VASN_HUMAN	VASN	Vasorin	5.875e+06		134185	175338
Q6FI81	Q6FI81	CPIN1_HUMAN	CIAPIN1	Anamorsin	1.33317e+06		485277	1.24614e+06
Q6FIF0	Q6FIF0	ZFAN6_HUMAN	ZFAND6	AN1-type zinc finger protein 6	1.11205e+06		749054	260219
Q6GMV2	Q6GMV2	SMYD5_HUMAN	SMYD5	Histone-lysine N-trimethyltransferase SMYD5	806422		672071	816089
Q6GMV3	Q6GMV3	PTRD1_HUMAN	PTRHD1	Putative peptidyl-tRNA hydrolase PTRHD1	928187		417187	318676
Q6GPH4	Q6GPH4	XAF1_HUMAN	XAF1	XIAP-associated factor 1	34731.9		58321.4	
Q6GQQ9	Q6GQQ9	OTU7B_HUMAN	OTUD7B	OTU domain-containing protein 7B				76157.6
Q6GTX8;Q6ISS4	Q6GTX8;Q6ISS4	LAIR1_HUMAN;LAIR2_HUMAN	LAIR1;LAIR2	Leukocyte-associated immunoglobulin-like receptor 1	827683		1.48986e+06	382768
Q6GYQ0	Q6GYQ0	RGPA1_HUMAN	RALGAPA1	Ral GTPase-activating protein subunit alpha-1				84163.5
Q6I9Y2	Q6I9Y2	THOC7_HUMAN	THOC7	THO complex subunit 7 homolog	301943		71709.1	305220
Q6IA17	Q6IA17	SIGIR_HUMAN	SIGIRR	Single Ig IL-1-related receptor				411228
Q6IA69	Q6IA69	NADE_HUMAN	NADSYN1	Glutamine-dependent NAD(+) synthetase	1.36658e+06		1.82637e+06	1.02968e+06
Q6IA86	Q6IA86	ELP2_HUMAN	ELP2	Elongator complex protein 2	166768			490110
Q6IAA8	Q6IAA8	LTOR1_HUMAN	LAMTOR1	Ragulator complex protein LAMTOR1	427600			813647
Q6IAN0	Q6IAN0	DRS7B_HUMAN	DHRS7B	Dehydrogenase/reductase SDR family member 7B				1.07629e+06
Q6IBS0	Q12792;Q6IBS0	TWF2_HUMAN	TWF2	Twinfilin-2	2.21866e+06		1.86599e+06	7.49605e+06
Q6IC98	Q6IC98	GRAM4_HUMAN	GRAMD4	GRAM domain-containing protein 4				351746
Q6ICB0	Q6ICB0	DESI1_HUMAN	DESI1	Desumoylating isopeptidase 1	343580			317361
Q6ICG6	Q6ICG6	K0930_HUMAN	KIAA0930	Uncharacterized protein KIAA0930	427349			168087
Q6ICL3	Q6ICL3	TNG2_HUMAN	TANGO2	Transport and Golgi organization protein 2 homolog			158356	599004
Q6IN84	Q6IN84	MRM1_HUMAN	MRM1	rRNA methyltransferase 1, mitochondrial	287847		510389	453878
Q6IN85	Q6IN85	P4R3A_HUMAN	PPP4R3A	Serine/threonine-protein phosphatase 4 regulatory subunit 3A	357022		91085.4	759490
Q6IPR1	Q6IPR1	ETFR1_HUMAN	ETFRF1	Electron transfer flavoprotein regulatory factor 1	517265		595331	460383
Q6IQ20	Q6IQ20	NAPEP_HUMAN	NAPEPLD	N-acyl-phosphatidylethanolamine-hydrolyzing phospholipase D	382381		256018	209347
Q6IQ22	Q6IQ22	RAB12_HUMAN	RAB12	Ras-related protein Rab-12	961085		980548	450780
Q6IQ49	Q6IQ49	SDE2_HUMAN	SDE2	Splicing regulator SDE2	625227		587168	416313
Q6JBY9	Q6JBY9	CPZIP_HUMAN	RCSD1	CapZ-interacting protein	4.18182e+06		2.029e+06	556485
Q6JQN1	Q6JQN1	ACD10_HUMAN	ACAD10	Acyl-CoA dehydrogenase family member 10	1.66704e+06			1.93639e+06
Q6KB66	Q6KB66	K2C80_HUMAN	KRT80	Keratin, type II cytoskeletal 80	579289	4.60455e+08	1.86458e+06	545269
Q6KC79	Q6KC79	NIPBL_HUMAN	NIPBL	Nipped-B-like protein	153242		136938	142220
Q6L8Q7	Q6L8Q7	PDE12_HUMAN	PDE12	2',5'-phosphodiesterase 12	536412		223532	2.13474e+06
Q6N063	Q6N063	OGFD2_HUMAN	OGFOD2	2-oxoglutarate and iron-dependent oxygenase domain-containing protein 2				26806.1
Q6N069	Q6N069	NAA16_HUMAN	NAA16	N-alpha-acetyltransferase 16, NatA auxiliary subunit				105298
Q6N075	Q6N075	MFSD5_HUMAN	MFSD5	Molybdate-anion transporter				62555.8
Q6NSJ5	Q6NSJ5;Q8TDW0	LRC8E_HUMAN	LRRC8E	Volume-regulated anion channel subunit LRRC8E				94167.7
Q6NSW5;Q8TCE6	Q8TCE6;Q6NSW5	DE10B_HUMAN;DEN10_HUMAN	DENND10;DENND10P1	Putative DENN domain-containing protein 10 B				657577
Q6NTF9	Q6NTF9	RHBD2_HUMAN	RHBDD2	Rhomboid domain-containing protein 2				847831
Q6NUK1	Q6NUK1	SCMC1_HUMAN	SLC25A24	Mitochondrial adenyl nucleotide antiporter SLC25A24	778425		734202	7.71749e+06
Q6NUK4	Q6NUK4	REEP3_HUMAN	REEP3	Receptor expression-enhancing protein 3	277644			460527
Q6NUM9	Q6NUM9	RETST_HUMAN	RETSAT	All-trans-retinol 13,14-reductase			241628	322281
Q6NUQ1	Q6NUQ1	RINT1_HUMAN	RINT1	RAD50-interacting protein 1				164811
Q6NUQ4	Q6NUQ4	TM214_HUMAN	TMEM214	Transmembrane protein 214	257462			1.0911e+06
Q6NVY1	Q6NVY1	HIBCH_HUMAN	HIBCH	3-hydroxyisobutyryl-CoA hydrolase, mitochondrial	736187		1.22658e+06	9.6004e+06
Q6NW29	Q6NW29	RWDD4_HUMAN	RWDD4	RWD domain-containing protein 4	313540		154746	166064
Q6NW34	Q6NW34	NEPRO_HUMAN	NEPRO	Nucleolus and neural progenitor protein				386252
Q6NXE6	Q6NXE6	ARMC6_HUMAN	ARMC6	Armadillo repeat-containing protein 6				77353
Q6NXG1	Q6NXG1	ESRP1_HUMAN	ESRP1	Epithelial splicing regulatory protein 1	1.17673e+06		562753	1.72919e+06
Q6NXR4	Q6NXR4	TTI2_HUMAN	TTI2	TELO2-interacting protein 2				232287
Q6NXT4	Q6NXT4	ZNT6_HUMAN	SLC30A6	Zinc transporter 6				1.12072e+06
Q6NXT6	Q6NXT6	TAPT1_HUMAN	TAPT1	Transmembrane anterior posterior transformation protein 1 homolog				309238
Q6NYC1	Q6NYC1	JMJD6_HUMAN	JMJD6	Bifunctional arginine demethylase and lysyl-hydroxylase JMJD6				64074.7
Q6NYC8	Q6NYC8	PPR18_HUMAN	PPP1R18	Phostensin	3.94798e+06		2.53202e+06	369012
Q6NZ67	Q6NZ67;Q6P582	MZT2B_HUMAN	MZT2B	Mitotic-spindle organizing protein 2B	1.26535e+06			
Q6NZI2	Q6NZI2	CAVN1_HUMAN	CAVIN1	Caveolae-associated protein 1	7.33652e+06		5.09344e+06	6.4773e+06
Q6NZY4	Q6NZY4	ZCHC8_HUMAN	ZCCHC8	Zinc finger CCHC domain-containing protein 8				212417
Q6NZY7	Q6NZY7	BORG3_HUMAN	CDC42EP5	Cdc42 effector protein 5	457581			
Q6P087	Q6P087	RUSD3_HUMAN	RPUSD3	Mitochondrial mRNA pseudouridine synthase RPUSD3	1.03425e+06		814655	1.31499e+06
Q6P179	Q6P179	ERAP2_HUMAN	ERAP2	Endoplasmic reticulum aminopeptidase 2	1.44714e+06		764709	7.34588e+06
Q6P1A2	Q6P1A2	MBOA5_HUMAN	LPCAT3	Lysophospholipid acyltransferase 5				1.73502e+06
Q6P1J9	Q6P1J9	CDC73_HUMAN	CDC73	Parafibromin	137644		217221	530555
Q6P1L8	Q6P1L8	RM14_HUMAN	MRPL14	Large ribosomal subunit protein uL14m	658832		132067	256985
Q6P1M0	Q6P1M0	S27A4_HUMAN	SLC27A4	Long-chain fatty acid transport protein 4				1.0194e+06
Q6P1M3	Q6P1M3	L2GL2_HUMAN	LLGL2	LLGL scribble cell polarity complex component 2	1.15822e+06		2.52509e+06	1.51674e+06
Q6P1N0	Q6P1N0	C2D1A_HUMAN	CC2D1A	Coiled-coil and C2 domain-containing protein 1A	1.00749e+06		552913	612044
Q6P1N9	Q6P1N9	TATD1_HUMAN	TATDN1	Deoxyribonuclease TATDN1	986852		1.81248e+06	819879
Q6P1Q0	Q6P1Q0	LTMD1_HUMAN	LETMD1	LETM1 domain-containing protein 1				157029
Q6P1Q9	Q6P1Q9	MET2B_HUMAN	METTL2B	tRNA N(3)-methylcytidine methyltransferase METTL2B	295095			213609
Q6P1R3	Q6P1R3	MSD2_HUMAN	MSANTD2	Myb/SANT-like DNA-binding domain-containing protein 2			206094	495935
Q6P1R4	Q6P1R4	DUS1L_HUMAN	DUS1L	tRNA-dihydrouridine(16/17) synthase [NAD(P)(+)]-like	391636		126850	305483
Q6P1X6	Q6P1X6	CH082_HUMAN	C8orf82	UPF0598 protein C8orf82	1.29118e+06		1.50079e+06	1.096e+06
Q6P2E9	Q6P2E9	EDC4_HUMAN	EDC4	Enhancer of mRNA-decapping protein 4				345919
Q6P2P2	Q6P2P2	ANM9_HUMAN	PRMT9	Protein arginine N-methyltransferase 9				44669.7
Q6P2Q9	Q6P2Q9	PRP8_HUMAN	PRPF8	Pre-mRNA-processing-splicing factor 8			2.06137e+06	745403
Q6P3W7	Q6P3W7	SCYL2_HUMAN	SCYL2	SCY1-like protein 2				456330
Q6P3X3	Q6P3X3	TTC27_HUMAN	TTC27	Tetratricopeptide repeat protein 27	178831			352121
Q6P4A7	Q6P4A7	SFXN4_HUMAN	SFXN4	Sideroflexin-4				383201
Q6P4A8	Q6P4A8	PLBL1_HUMAN	PLBD1	Phospholipase B-like 1	3.88912e+06		1.23974e+07	2.6772e+06
Q6P4E1	Q6P4E1	GOLM2_HUMAN	GOLM2	Protein GOLM2	756037		393513	839446
Q6P4F2	Q6P4F2	FDX2_HUMAN	FDX2	Ferredoxin-2, mitochondrial	496760		210296	
Q6P4Q7	Q6P4Q7	CNNM4_HUMAN	CNNM4	Metal transporter CNNM4				316903
Q6P587	Q6P587	FAHD1_HUMAN	FAHD1	Acylpyruvase FAHD1, mitochondrial	5.69437e+06		9.52932e+06	3.57822e+06
Q6P589	Q6P589	TP8L2_HUMAN	TNFAIP8L2	Tumor necrosis factor alpha-induced protein 8-like protein 2	509624			403592
Q6P5R6	Q6P5R6	RL22L_HUMAN	RPL22L1	Ribosomal protein eL22-like	1.16988e+06		1.19891e+06	1.43504e+06
Q6P5W5	Q6P5W5	S39A4_HUMAN	SLC39A4	Zinc transporter ZIP4				68622
Q6P6C2	Q6P6C2	ALKB5_HUMAN	ALKBH5	RNA demethylase ALKBH5	321307			486936
Q6P988	Q6P988	NOTUM_HUMAN	NOTUM	Palmitoleoyl-protein carboxylesterase NOTUM				634231
Q6P996	Q6P996;Q6P474	PDXD1_HUMAN	PDXDC1	Pyridoxal-dependent decarboxylase domain-containing protein 1	430452		184795	1.18506e+06
Q6P9B6	Q6P9B6	MEAK7_HUMAN	MEAK7	MTOR-associated protein MEAK7	283136		23855.2	573226
Q6P9B9	Q6P9B9	INT5_HUMAN	INTS5	Integrator complex subunit 5				530431
Q6PCB0	Q6PCB0	VWA1_HUMAN	VWA1	von Willebrand factor A domain-containing protein 1	313737		166651	297423
Q6PCB6	Q6PCB6;Q96GS6	AB17C_HUMAN	ABHD17C	Alpha/beta hydrolase domain-containing protein 17C				345798
Q6PCB7	Q6PCB7	S27A1_HUMAN	SLC27A1	Long-chain fatty acid transport protein 1				402477
Q6PCB8	Q6PCB8	EMB_HUMAN	EMB	Embigin	923871		720098	605722
Q6PCE3	Q6PCE3	PGM2L_HUMAN	PGM2L1	Glucose 1,6-bisphosphate synthase	112947		129324	983605
Q6PD62	Q6PD62	CTR9_HUMAN	CTR9	RNA polymerase-associated protein CTR9 homolog				240659
Q6PD74	Q6PD74	AAGAB_HUMAN	AAGAB	Alpha- and gamma-adaptin-binding protein p34	180756			319731
Q6PEY2	P0DPH7;Q6PEY2;Q71U36	TBA3E_HUMAN	TUBA3E	Tubulin alpha-3E chain	106164		273699	3.68038e+06
Q6PGP7	Q6PGP7	SKI3_HUMAN	SKIC3	Superkiller complex protein 3				735299
Q6PHR2	Q6PHR2	ULK3_HUMAN	ULK3	Serine/threonine-protein kinase ULK3				97829.5
Q6PHW0	Q6PHW0	IYD1_HUMAN	IYD	Iodotyrosine deiodinase 1	339790		65094.2	407716
Q6PI48	Q6PI48	SYDM_HUMAN	DARS2	Aspartate--tRNA ligase, mitochondrial	1.21361e+06		1.17049e+06	2.11339e+06
Q6PI73	O75022;P59901;Q8N423;Q8N6C8;Q6PI73	LIRA6_HUMAN	LILRA6	Leukocyte immunoglobulin-like receptor subfamily A member 6	404656		648593	206819
Q6PI78	Q6PI78	TMM65_HUMAN	TMEM65	Transmembrane protein 65	472641			491317
Q6PID6	Q6PID6	TTC33_HUMAN	TTC33	Tetratricopeptide repeat protein 33				49648.3
Q6PIF6	Q6PIF6	MYO7B_HUMAN	MYO7B	Unconventional myosin-VIIb				928201
Q6PIJ6	Q6PIJ6	FBX38_HUMAN	FBXO38	F-box only protein 38				287255
Q6PIU2	Q6PIU2	NCEH1_HUMAN	NCEH1	Neutral cholesterol ester hydrolase 1	559153		110047	3.05871e+06
Q6PJ69	Q6PJ69	TRI65_HUMAN	TRIM65	E3 ubiquitin-protein ligase TRIM65	470528			312972
Q6PJG6	Q6PJG6	BRAT1_HUMAN	BRAT1	BRCA1-associated ATM activator 1				285615
Q6PJI9	Q6PJI9	WDR59_HUMAN	WDR59	GATOR complex protein WDR59				176217
Q6PJT7	Q6PJT7	ZC3HE_HUMAN	ZC3H14	Zinc finger CCCH domain-containing protein 14	599074		269724	401485
Q6PK18	Q6PK18	OGFD3_HUMAN	OGFOD3	2-oxoglutarate and iron-dependent oxygenase domain-containing protein 3	469871		551724	245143
Q6PKC3	Q6PKC3	TXD11_HUMAN	TXNDC11	Thioredoxin domain-containing protein 11				68301.8
Q6PKG0	Q6PKG0	LARP1_HUMAN	LARP1	La-related protein 1	756047		580281	841245
Q6PL24	Q6PL24	TMED8_HUMAN	TMED8	Protein TMED8	514888		211346	179159
Q6PML9	Q6PML9	ZNT9_HUMAN	SLC30A9	Proton-coupled zinc antiporter SLC30A9, mitochondrial				985647
Q6QNY0	Q6QNY0	BL1S3_HUMAN	BLOC1S3	Biogenesis of lysosome-related organelles complex 1 subunit 3	856500			367914
Q6R327	Q6R327	RICTR_HUMAN	RICTOR	Rapamycin-insensitive companion of mTOR				72209.3
Q6RW13	Q6RW13	ATRAP_HUMAN	AGTRAP	Type-1 angiotensin II receptor-associated protein	445686		291568	656266
Q6SZW1	Q6SZW1	SARM1_HUMAN	SARM1	NAD(+) hydrolase SARM1				85306.7
Q6UB35	Q6UB35	C1TM_HUMAN	MTHFD1L	Monofunctional C1-tetrahydrofolate synthase, mitochondrial				1.79209e+06
Q6ULP2	Q6ULP2	AFTIN_HUMAN	AFTPH	Aftiphilin				479111
Q6UN15	Q6UN15	FIP1_HUMAN	FIP1L1	Pre-mRNA 3'-end-processing factor FIP1	3.68392e+06	1.15375e+09	2.6837e+06	2.50266e+06
Q6UVK1	Q6UVK1	CSPG4_HUMAN	CSPG4	Chondroitin sulfate proteoglycan 4	1.19613e+06		657137	1.26677e+06
Q6UVY6	Q6UVY6	MOXD1_HUMAN	MOXD1	DBH-like monooxygenase protein 1	1.1899e+06		1.28153e+06	768124
Q6UW02	Q6UW02	CP20A_HUMAN	CYP20A1	Cytochrome P450 20A1			207556	546519
Q6UW56	Q6UW56	ARAID_HUMAN	ATRAID	All-trans retinoic acid-induced differentiation factor	1.11446e+06		1.68359e+06	654978
Q6UW68	Q6UW68	TM205_HUMAN	TMEM205	Transmembrane protein 205	1.72502e+06		2.43602e+06	6.68985e+06
Q6UWE0	Q6UWE0	LRSM1_HUMAN	LRSAM1	E3 ubiquitin-protein ligase LRSAM1	810906			455828
Q6UWP2	Q6UWP2	DHR11_HUMAN	DHRS11	Dehydrogenase/reductase SDR family member 11	1.4978e+07		2.86894e+07	8.40464e+06
Q6UWP7	Q6UWP7	LCLT1_HUMAN	LCLAT1	Lysocardiolipin acyltransferase 1				670021
Q6UWP8	Q6UWP8	SBSN_HUMAN	SBSN	Suprabasin	90712.6		482480	117907
Q6UWR7	Q6UWR7	ENPP6_HUMAN	ENPP6	Glycerophosphocholine cholinephosphodiesterase ENPP6			258386	
Q6UWY5	Q6UWY5	OLFL1_HUMAN	OLFML1	Olfactomedin-like protein 1	323742		534571	477068
Q6UX06	Q6UX06	OLFM4_HUMAN	OLFM4	Olfactomedin-4	810903		666621	594281
Q6UX53	Q6UX53	TMT1B_HUMAN	TMT1B	Thiol S-methyltransferase TMT1B			1.52571e+06	1.22975e+06
Q6UX65	Q6UX65	DRAM2_HUMAN	DRAM2	DNA damage-regulated autophagy modulator protein 2				425044
Q6UX71	Q6UX71	PXDC2_HUMAN	PLXDC2	Plexin domain-containing protein 2	483571		727964	462943
Q6UX82	Q6UX82	LYPD8_HUMAN	LYPD8	Ly6/PLAUR domain-containing protein 8	6.69101e+06		1.1546e+07	2.19507e+06
Q6UXG2	Q6UXG2	ELAP1_HUMAN	ELAPOR1	Endosome/lysosome-associated apoptosis and autophagy regulator 1	330676		177292	375815
Q6UXH1	Q6UXH1	CREL2_HUMAN	CRELD2	Protein disulfide isomerase CRELD2	2.72097e+06		3.74591e+06	1.03647e+06
Q6UXN9	Q6UXN9	WDR82_HUMAN	WDR82	WD repeat-containing protein 82	746369		343189	1.66271e+06
Q6UXV4	Q6UXV4	MIC27_HUMAN	APOOL	MICOS complex subunit MIC27	942592			4.03573e+06
Q6UXY8	Q6UXY8	TMC5_HUMAN	TMC5	Transmembrane channel-like protein 5			133119	293666
Q6UY14	Q6UY14	ATL4_HUMAN	ADAMTSL4	ADAMTS-like protein 4			90155.1	68059.7
Q6V1X1	Q6V1X1	DPP8_HUMAN	DPP8	Dipeptidyl peptidase 8	388900			125632
Q6VN20	Q6VN20	RBP10_HUMAN	RANBP10	Ran-binding protein 10				306480
Q6VY07	Q6VY07	PACS1_HUMAN	PACS1	Phosphofurin acidic cluster sorting protein 1	188625		486218	422377
Q6WCQ1	Q6WCQ1	MPRIP_HUMAN	MPRIP	Myosin phosphatase Rho-interacting protein				700039
Q6WKZ4	Q6WKZ4	RFIP1_HUMAN	RAB11FIP1	Rab11 family-interacting protein 1	883511		928557	604845
Q6XQN6	Q6XQN6	PNCB_HUMAN	NAPRT	Nicotinate phosphoribosyltransferase	3.80638e+06		1.55243e+06	3.90655e+06
Q6Y1H2	Q6Y1H2	HACD2_HUMAN	HACD2	Very-long-chain (3R)-3-hydroxyacyl-CoA dehydratase 2				625320
Q6Y288	Q6Y288	B3GLT_HUMAN	B3GLCT	Beta-1,3-glucosyltransferase			61432.7	98113.9
Q6Y7W6	Q6Y7W6	GGYF2_HUMAN	GIGYF2	GRB10-interacting GYF protein 2	554531		325876	316516
Q6YHK3	Q6YHK3	CD109_HUMAN	CD109	CD109 antigen	121584		301427	536215
Q6YHU6	Q6YHU6	THADA_HUMAN	THADA	tRNA (32-2'-O)-methyltransferase regulator THADA	286494		581923	349456
Q6YN16	Q6YN16	HSDL2_HUMAN	HSDL2	Hydroxysteroid dehydrogenase-like protein 2	1.21079e+06		1.32193e+06	1.23382e+07
Q6YP21	Q6YP21	KAT3_HUMAN	KYAT3	Kynurenine--oxoglutarate transaminase 3			66696.3	1.01077e+06
Q6ZMG9	Q6ZMG9	CERS6_HUMAN	CERS6	Ceramide synthase 6				2.39642e+06
Q6ZMI0	Q6ZMI0	PPR21_HUMAN	PPP1R21	Protein phosphatase 1 regulatory subunit 21				536208
Q6ZMP0	Q6ZMP0	THSD4_HUMAN	THSD4	Thrombospondin type-1 domain-containing protein 4	659591		907278	417341
Q6ZMW3	Q6ZMW3	EMAL6_HUMAN	EML6	Echinoderm microtubule-associated protein-like 6			1.13853e+07	
Q6ZMZ3	Q6ZMZ3	SYNE3_HUMAN	SYNE3	Nesprin-3				53167.2
Q6ZN08	Q6ZN08	ZNF66_HUMAN	ZNF66	Putative zinc finger protein 66	95352.5			143471
Q6ZN28	Q6ZN28	MACC1_HUMAN	MACC1	Metastasis-associated in colon cancer protein 1				531316
Q6ZNB6	Q6ZNB6	NFXL1_HUMAN	NFXL1	NF-X1-type zinc finger protein NFXL1	30539.6		45609.5	184695
Q6ZNB7	Q6ZNB7	ALKMO_HUMAN	AGMO	Alkylglycerol monooxygenase				35830.5
Q6ZNJ1	Q6ZNJ1	NBEL2_HUMAN	NBEAL2	Neurobeachin-like protein 2			44227.9	412487
Q6ZNW5	Q6ZNW5	GDPP1_HUMAN	GDPGP1	GDP-D-glucose phosphorylase 1				108989
Q6ZPD9	Q6ZPD9	D19L3_HUMAN	DPY19L3	Probable C-mannosyltransferase DPY19L3				1.0475e+06
Q6ZRP7	Q6ZRP7	QSOX2_HUMAN	QSOX2	Sulfhydryl oxidase 2				699142
Q6ZRS2	Q6ZRS2	SRCAP_HUMAN	SRCAP	Helicase SRCAP	716259		2.31017e+06	587324
Q6ZRV2	Q6ZRV2	FA83H_HUMAN	FAM83H	Protein FAM83H				131634
Q6ZS17	Q6ZS17	RIPR1_HUMAN	RIPOR1	Rho family-interacting cell polarization regulator 1				131332
Q6ZS30	Q6ZS30	NBEL1_HUMAN	NBEAL1	Neurobeachin-like protein 1				963288
Q6ZSJ8	Q6ZSJ8	CA122_HUMAN	C1orf122	Uncharacterized protein C1orf122	377678			69122.8
Q6ZSR9	Q6ZSR9	YJ005_HUMAN		Uncharacterized protein FLJ45252	206643			211623
Q6ZSZ5	Q6ZSZ5	ARHGI_HUMAN	ARHGEF18	Rho guanine nucleotide exchange factor 18				9320.94
Q6ZT12	Q6ZT12	UBR3_HUMAN	UBR3	E3 ubiquitin-protein ligase UBR3				242624
Q6ZT21	Q6ZT21	TMPPE_HUMAN	TMPPE	Transmembrane protein with metallophosphoesterase domain				305813
Q6ZTQ3	Q6ZTQ3	RASF6_HUMAN	RASSF6	Ras association domain-containing protein 6				145990
Q6ZUM4	Q6ZUM4	RHG27_HUMAN	ARHGAP27	Rho GTPase-activating protein 27				1.03441e+06
Q6ZVF9	Q6ZVF9	GRIN3_HUMAN	GPRIN3	G protein-regulated inducer of neurite outgrowth 3	211392			143595
Q6ZVK8	Q6ZVK8	NUD18_HUMAN	NUDT18	8-oxo-dGDP phosphatase NUDT18			79527.2	273076
Q6ZVM7	Q6ZVM7	TM1L2_HUMAN	TOM1L2	TOM1-like protein 2	472235		238824	362090
Q6ZVX7	Q6ZVX7	FBX50_HUMAN	NCCRP1	F-box only protein 50	181758		559001	261682
Q6ZWT7	Q6ZWT7	MBOA2_HUMAN	MBOAT2	Lysophospholipid acyltransferase 2				181134
Q6ZXV5	Q6ZXV5	TMTC3_HUMAN	TMTC3	Protein O-mannosyl-transferase TMTC3				377683
Q709C8	Q709C8	VP13C_HUMAN	VPS13C	Intermembrane lipid transfer protein VPS13C	443638		222135	1.32174e+06
Q70CQ2	Q70CQ2	UBP34_HUMAN	USP34	Ubiquitin carboxyl-terminal hydrolase 34			907752	45168.2
Q70E73	Q70E73	RAPH1_HUMAN	RAPH1	Ras-associated and pleckstrin homology domains-containing protein 1	473016		619836	81743.7
Q70HW3	Q70HW3	SAMC_HUMAN	SLC25A26	Mitochondrial S-adenosylmethionine carrier protein				231475
Q70IA6	Q70IA6	MOB2_HUMAN	MOB2	MOB kinase activator 2	1.05614e+06		325471	1.37642e+06
Q70J99	Q70J99	UN13D_HUMAN	UNC13D	Protein unc-13 homolog D	742724		257836	761847
Q70UQ0	Q70UQ0	IKIP_HUMAN	IKBIP	Inhibitor of nuclear factor kappa-B kinase-interacting protein	3.10798e+06		1.84846e+06	4.49704e+06
Q712K3	Q712K3	UB2R2_HUMAN	UBE2R2	Ubiquitin-conjugating enzyme E2 R2	1.01439e+06		893908	1.26019e+06
Q71RC2	Q71RC2	LARP4_HUMAN	LARP4	La-related protein 4	202890			241906
Q71SY5	Q71SY5	MED25_HUMAN	MED25	Mediator of RNA polymerase II transcription subunit 25				178180
Q71UM5	Q71UM5	RS27L_HUMAN	RPS27L	Ribosomal protein eS27-like	3.17273e+06		5.77808e+06	5.06254e+06
Q75QN2	Q75QN2	INT8_HUMAN	INTS8	Integrator complex subunit 8				492803
Q76EJ3	Q76EJ3	S35D2_HUMAN	SLC35D2	Nucleotide sugar transporter SLC35D2				128979
Q76FK4	Q76FK4	NOL8_HUMAN	NOL8	Nucleolar protein 8			65432.7	130675
Q76L83	Q76L83	ASXL2_HUMAN	ASXL2	Putative Polycomb group protein ASXL2				39588.2
Q76M96	Q76M96	CCD80_HUMAN	CCDC80	Coiled-coil domain-containing protein 80				39978.5
Q76MJ5	Q76MJ5	ERN2_HUMAN	ERN2	Serine/threonine-protein kinase/endoribonuclease IRE2				252637
Q7KYR7	Q7KYR7	BT2A1_HUMAN	BTN2A1	Butyrophilin subfamily 2 member A1	354186			90011.3
Q7KZ85	Q7KZ85	SPT6H_HUMAN	SUPT6H	Transcription elongation factor SPT6	409826			743871
Q7KZF4	Q7KZF4	SND1_HUMAN	SND1	Staphylococcal nuclease domain-containing protein 1	8.69217e+06		2.96773e+06	1.54734e+07
Q7KZI7	Q7KZI7	MARK2_HUMAN	MARK2	Serine/threonine-protein kinase MARK2	695882		241251	444196
Q7KZN9	Q7KZN9	COX15_HUMAN	COX15	Cytochrome c oxidase assembly protein COX15 homolog				654452
Q7L014	Q7L014	DDX46_HUMAN	DDX46	Probable ATP-dependent RNA helicase DDX46	915436		792147	2.14765e+06
Q7L099	Q7L099	RUFY3_HUMAN	RUFY3	Protein RUFY3			86412.2	183491
Q7L0Y3	Q7L0Y3	TM10C_HUMAN	TRMT10C	tRNA methyltransferase 10 homolog C	287875		412876	2.23387e+06
Q7L1Q6	Q7L1Q6	5MP2_HUMAN	BZW1	eIF5-mimic protein 2	5.34508e+06		1.80555e+06	4.53523e+06
Q7L1T6	Q7L1T6	NB5R4_HUMAN	CYB5R4	Cytochrome b5 reductase 4				523346
Q7L1V2	Q7L1V2	MON1B_HUMAN	MON1B	Vacuolar fusion protein MON1 homolog B				172524
Q7L211	Q7L211	ABHDD_HUMAN	ABHD13	Protein ABHD13	86974.1		84042.5	348371
Q7L266	Q7L266	ASGL1_HUMAN	ASRGL1	Isoaspartyl peptidase/L-asparaginase	2.21729e+06		1.86765e+06	349061
Q7L2E3	Q7L2E3	DHX30_HUMAN	DHX30	ATP-dependent RNA helicase DHX30				2.5831e+06
Q7L2H7	Q7L2H7	EIF3M_HUMAN	EIF3M	Eukaryotic translation initiation factor 3 subunit M	1.07109e+06		967542	1.76508e+06
Q7L2J0	Q7L2J0	MEPCE_HUMAN	MEPCE	7SK snRNA methylphosphate capping enzyme	393278		90054.4	404427
Q7L311	Q7L311	ARMX2_HUMAN	ARMCX2	Armadillo repeat-containing X-linked protein 2				91394.5
Q7L3B6	Q7L3B6	CD37L_HUMAN	CDC37L1	Hsp90 co-chaperone Cdc37-like 1	44676.3			52745.5
Q7L3T8	Q7L3T8	SYPM_HUMAN	PARS2	Probable proline--tRNA ligase, mitochondrial	256104		323135	805192
Q7L4I2	Q7L4I2	RSRC2_HUMAN	RSRC2	Arginine/serine-rich coiled-coil protein 2	89341.1			34947.5
Q7L523	Q5VZM2;Q7L523	RRAGA_HUMAN	RRAGA	Ras-related GTP-binding protein A	504194			894666
Q7L576	Q7L576	CYFP1_HUMAN	CYFIP1	Cytoplasmic FMR1-interacting protein 1			161711	1.91149e+06
Q7L591	Q7L591	DOK3_HUMAN	DOK3	Docking protein 3	410033		110990	161987
Q7L592	Q7L592	NDUF7_HUMAN	NDUFAF7	Protein arginine methyltransferase NDUFAF7, mitochondrial				811660
Q7L5D6	Q7L5D6	GET4_HUMAN	GET4	Golgi to ER traffic protein 4 homolog				1.42457e+06
Q7L5L3	Q7L5L3	GDPD3_HUMAN	GDPD3	Lysophospholipase D GDPD3	1.15303e+06		1.11087e+06	1.17537e+06
Q7L5N1	Q7L5N1	CSN6_HUMAN	COPS6	COP9 signalosome complex subunit 6	477801		245767	2.08455e+06
Q7L5N7	Q7L5N7	PCAT2_HUMAN	LPCAT2	Lysophosphatidylcholine acyltransferase 2			129618	820966
Q7L775	Q7L775	EPMIP_HUMAN	EPM2AIP1	EPM2A-interacting protein 1				528037
Q7L7V1	Q7L7V1	DHX32_HUMAN	DHX32	Putative pre-mRNA-splicing factor ATP-dependent RNA helicase DHX32				1.0145e+06
Q7L7X3;Q9UL54	Q7L7X3;Q9UL54	TAOK1_HUMAN;TAOK2_HUMAN	TAOK1;TAOK2	Serine/threonine-protein kinase TAO1				72726.3
Q7L8J4	Q7L8J4	3BP5L_HUMAN	SH3BP5L	SH3 domain-binding protein 5-like	141912		78306.3	58112.6
Q7L8L6	Q7L8L6	FAKD5_HUMAN	FASTKD5	FAST kinase domain-containing protein 5, mitochondrial				560022
Q7L8W6	Q7L8W6	DPH6_HUMAN	DPH6	Diphthine--ammonia ligase	95151			30662
Q7L9L4;Q9H8S9	Q7L9L4;Q9H8S9	MOB1A_HUMAN;MOB1B_HUMAN	MOB1A;MOB1B	MOB kinase activator 1B	3.4687e+06		1.2087e+06	3.03689e+06
Q7LBC6	Q7LBC6	KDM3B_HUMAN	KDM3B	Lysine-specific demethylase 3B			754344	4.97278e+06
Q7LBR1	Q7LBR1	CHM1B_HUMAN	CHMP1B	Charged multivesicular body protein 1b	4.81618e+06		5.94101e+06	1.79499e+06
Q7LG56	Q7LG56	RIR2B_HUMAN	RRM2B	Ribonucleoside-diphosphate reductase subunit M2 B	426880		426132	1.75511e+06
Q7LGA3	Q7LGA3	HS2ST_HUMAN	HS2ST1	Heparan sulfate 2-O-sulfotransferase 1	96333.1			188654
Q7RTN6	Q7RTN6	STRAA_HUMAN	STRADA	STE20-related kinase adapter protein alpha				131904
Q7RTP6	Q7RTP6	MICA3_HUMAN	MICAL3	[F-actin]-monooxygenase MICAL3			287064	124244
Q7RTS9	Q7RTS9	DYM_HUMAN	DYM	Dymeclin				550703
Q7RTV0	Q7RTV0	PHF5A_HUMAN	PHF5A	PHD finger-like domain-containing protein 5A	6.53216e+06		4.08015e+06	1.75614e+06
Q7Z2E3	Q7Z2E3	APTX_HUMAN	APTX	Aprataxin				101716
Q7Z2H8	Q7Z2H8	S36A1_HUMAN	SLC36A1	Proton-coupled amino acid transporter 1				56444.4
Q7Z2K6	Q7Z2K6	ERMP1_HUMAN	ERMP1	Endoplasmic reticulum metallopeptidase 1				3.26618e+06
Q7Z2T5	Q7Z2T5	TRM1L_HUMAN	TRMT1L	TRMT1-like protein				228924
Q7Z2W4	Q7Z2W4	ZCCHV_HUMAN	ZC3HAV1	Zinc finger CCCH-type antiviral protein 1	2.97389e+06		2.92098e+06	4.43913e+06
Q7Z2W9	Q7Z2W9	RM21_HUMAN	MRPL21	Large ribosomal subunit protein bL21m	292509		216392	1.89505e+06
Q7Z2Z2	Q7Z2Z2	EFL1_HUMAN	EFL1	Elongation factor-like GTPase 1	199348		102330	783267
Q7Z392	Q7Z392	TPC11_HUMAN	TRAPPC11	Trafficking protein particle complex subunit 11				212255
Q7Z3B0	Q7Z3B0	SIM15_HUMAN	SMIM15	Small integral membrane protein 15	162702		410834	
Q7Z3B1	Q7Z3B1	NEGR1_HUMAN	NEGR1	Neuronal growth regulator 1	1.11332e+06		3.36012e+06	941261
Q7Z3B4	Q7Z3B4	NUP54_HUMAN	NUP54	Nucleoporin p54	596548			1.01091e+06
Q7Z3C6	Q7Z3C6	ATG9A_HUMAN	ATG9A	Autophagy-related protein 9A				146123
Q7Z3D6	Q7Z3D6	GLUCM_HUMAN	DGLUCY	D-glutamate cyclase, mitochondrial				1.04507e+06
Q7Z3E2	Q7Z3E2	CC186_HUMAN	CCDC186	Coiled-coil domain-containing protein 186	1.95292e+06			366135
Q7Z3F1	Q7Z3F1	LYCHS_HUMAN	GPR155	Lysosomal cholesterol signaling protein				55781.4
Q7Z3J2	Q7Z3J2	VP35L_HUMAN	VPS35L	VPS35 endosomal protein-sorting factor-like				488390
Q7Z3K3	Q7Z3K3	POGZ_HUMAN	POGZ	Pogo transposable element with ZNF domain				400679
Q7Z3T8	Q7Z3T8	ZFY16_HUMAN	ZFYVE16	Zinc finger FYVE domain-containing protein 16				190492
Q7Z3U7	Q7Z3U7	MON2_HUMAN	MON2	Protein MON2 homolog				420034
Q7Z3Y8	Q7Z3Y8	K1C27_HUMAN	KRT27	Keratin, type I cytoskeletal 27	120290			56224.2
Q7Z3Z0	Q7Z3Z0	K1C25_HUMAN	KRT25	Keratin, type I cytoskeletal 25		7.41411e+07		82911.8
Q7Z402	Q7Z402	TMC7_HUMAN	TMC7	Transmembrane channel-like protein 7				596537
Q7Z403	Q7Z403	TMC6_HUMAN	TMC6	Transmembrane channel-like protein 6				221274
Q7Z404	Q7Z404	TMC4_HUMAN	TMC4	Transmembrane channel-like protein 4				628582
Q7Z406	P35580;Q7Z406	MYH14_HUMAN	MYH14	Myosin-14	1.58204e+06		1.40737e+06	3.70267e+06
Q7Z412	Q7Z412	PEX26_HUMAN	PEX26	Peroxisome assembly protein 26				63251.5
Q7Z417	Q7Z417	NUFP2_HUMAN	NUFIP2	FMR1-interacting protein NUFIP2	409468		223637	176187
Q7Z422	Q7Z422	SZRD1_HUMAN	SZRD1	SUZ domain-containing protein 1	732388		58274.5	65937.2
Q7Z434	Q7Z434	MAVS_HUMAN	MAVS	Mitochondrial antiviral-signaling protein	5.1267e+06		2.65602e+06	4.40812e+06
Q7Z449	Q7Z449	CP2U1_HUMAN	CYP2U1	Cytochrome P450 2U1				62634.8
Q7Z460	Q7Z460	CLAP1_HUMAN	CLASP1	CLIP-associating protein 1	234275			553843
Q7Z478	Q7Z478	DHX29_HUMAN	DHX29	ATP-dependent RNA helicase DHX29			33416.3	670101
Q7Z4G1	Q7Z4G1	COMD6_HUMAN	COMMD6	COMM domain-containing protein 6	510332		262455	387591
Q7Z4G4	Q7Z4G4	TRM11_HUMAN	TRMT11	tRNA (guanine(10)-N2)-methyltransferase homolog	271952		349487	496305
Q7Z4H3	Q7Z4H3	HDDC2_HUMAN	HDDC2	5'-deoxynucleotidase HDDC2	2.58201e+06		1.20437e+06	1.21148e+06
Q7Z4H8	Q7Z4H8	PLGT3_HUMAN	POGLUT3	Protein O-glucosyltransferase 3	658204		424795	1.32821e+06
Q7Z4I7	Q7Z4I7	LIMS2_HUMAN	LIMS2	LIM and senescent cell antigen-like-containing domain protein 2			151528	169295
Q7Z4Q2	Q7Z4Q2	HEAT3_HUMAN	HEATR3	HEAT repeat-containing protein 3	124348			258304
Q7Z4S6	Q7Z4S6	KI21A_HUMAN	KIF21A	Kinesin-like protein KIF21A	92275.1			191584
Q7Z4V5	Q7Z4V5;Q9Y3E1	HDGR2_HUMAN	HDGFL2	Hepatoma-derived growth factor-related protein 2	1.76172e+06		1.26911e+06	856381
Q7Z4W1	Q7Z4W1	DCXR_HUMAN	DCXR	L-xylulose reductase	6.90113e+06	5.82798e+07	1.01349e+07	6.97765e+06
Q7Z569	Q7Z569	BRAP_HUMAN	BRAP	BRCA1-associated protein	265092		224936	256475
Q7Z5G4	Q7Z5G4;Q2TAP0	GOGA7_HUMAN	GOLGA7	Golgin subfamily A member 7	1.31801e+06		752415	1.69197e+06
Q7Z5K2	Q7Z5K2	WAPL_HUMAN	WAPL	Wings apart-like protein homolog	196421			157361
Q7Z5L9	Q7Z5L9	I2BP2_HUMAN	IRF2BP2	Interferon regulatory factor 2-binding protein 2	1.42002e+06		391851	310622
Q7Z5R6	Q7Z5R6	AB1IP_HUMAN	APBB1IP	Amyloid beta A4 precursor protein-binding family B member 1-interacting protein	875885		243505	1.12021e+06
Q7Z6B0	Q7Z6B0	CCD91_HUMAN	CCDC91	Coiled-coil domain-containing protein 91				53524.2
Q7Z6K3	Q7Z6K3	PTAR1_HUMAN	PTAR1	Protein prenyltransferase alpha subunit repeat-containing protein 1				270093
Q7Z6K5	Q7Z6K5	ARPIN_HUMAN	ARPIN	Arpin	1.77454e+06		1.27543e+06	1.15216e+06
Q7Z6L1	Q7Z6L1	TCPR1_HUMAN	TECPR1	Tectonin beta-propeller repeat-containing protein 1				66396.2
Q7Z6M1	Q7Z6M1	RABEK_HUMAN	RABEPK	Rab9 effector protein with kelch motifs	1.24194e+06		731512	725089
Q7Z6Z7	Q7Z6Z7	HUWE1_HUMAN	HUWE1	E3 ubiquitin-protein ligase HUWE1	1.31822e+07	3.18731e+08	8.55218e+06	1.79649e+07
Q7Z739	Q7Z739	YTHD3_HUMAN	YTHDF3	YTH domain-containing family protein 3	900488		732326	331341
Q7Z794	Q7Z794	K2C1B_HUMAN	KRT77	Keratin, type II cytoskeletal 1b	1.21667e+06	2.2302e+08	3.15878e+06	631855
Q7Z7A1	Q7Z7A1	CNTRL_HUMAN	CNTRL	Centriolin				74663.8
Q7Z7A3	Q7Z7A3	CTU1_HUMAN	CTU1	Cytoplasmic tRNA 2-thiolation protein 1				172902
Q7Z7A4	Q7Z7A4	PXK_HUMAN	PXK	PX domain-containing protein kinase-like protein				295011
Q7Z7E8	Q7Z7E8;Q8WVN8	UB2Q1_HUMAN	UBE2Q1	Ubiquitin-conjugating enzyme E2 Q1				300563
Q7Z7F0	Q7Z7F0	KHDC4_HUMAN	KHDC4	KH homology domain-containing protein 4				67170.4
Q7Z7F7	Q7Z7F7	RM55_HUMAN	MRPL55	Large ribosomal subunit protein mL55			42895.3	815063
Q7Z7G0	Q7Z7G0	TARSH_HUMAN	ABI3BP	Target of Nesh-SH3	513022		1.94769e+06	485571
Q7Z7H5	Q7Z7H5	TMED4_HUMAN	TMED4	Transmembrane emp24 domain-containing protein 4	5.8197e+06		5.11237e+06	8.45749e+06
Q7Z7H8	Q7Z7H8	RM10_HUMAN	MRPL10	Large ribosomal subunit protein uL10m				1.15351e+06
Q7Z7K0	Q7Z7K0	COXM1_HUMAN	CMC1	COX assembly mitochondrial protein homolog	6.65739e+06		1.27417e+07	6.0821e+06
Q7Z7K6	Q7Z7K6	CENPV_HUMAN	CENPV	Centromere protein V	195801		368636	215640
Q7Z7L7	Q7Z7L7	ZER1_HUMAN	ZER1	Protein zer-1 homolog				102297
Q7Z7M8	Q7Z7M8	B3GN8_HUMAN	B3GNT8	UDP-GlcNAc:betaGal beta-1,3-N-acetylglucosaminyltransferase 8				201501
Q7Z7M9	Q7Z7M9	GALT5_HUMAN	GALNT5	Polypeptide N-acetylgalactosaminyltransferase 5	448235		741942	656593
Q7Z7N9	Q7Z7N9	T179B_HUMAN	TMEM179B	Transmembrane protein 179B	877797		551353	711078
Q86SE5	Q86SE5	RALYL_HUMAN	RALYL	RNA-binding Raly-like protein	7.94332e+06		7.24479e+06	5.51324e+06
Q86SF2	Q86SF2	GALT7_HUMAN	GALNT7	N-acetylgalactosaminyltransferase 7	1.94318e+06		748506	2.55231e+06
Q86SK9	Q86SK9	SCD5_HUMAN	SCD5	Stearoyl-CoA desaturase 5				204495
Q86SR1	Q86SR1	GLT10_HUMAN	GALNT10	Polypeptide N-acetylgalactosaminyltransferase 10	299303		213157	551509
Q86SX6	Q86SX6	GLRX5_HUMAN	GLRX5	Glutaredoxin-related protein 5, mitochondrial	588648			84055.9
Q86T03	Q86T03	PP4P1_HUMAN	PIP4P1	Type 1 phosphatidylinositol 4,5-bisphosphate 4-phosphatase	228861		342480	258593
Q86TB9	Q86TB9	PATL1_HUMAN	PATL1	Protein PAT1 homolog 1	522249		170444	437561
Q86TI0	Q86TI0	TBCD1_HUMAN	TBC1D1	TBC1 domain family member 1				59960.2
Q86TI2	Q86TI2	DPP9_HUMAN	DPP9	Dipeptidyl peptidase 9	605140		363793	1.37499e+06
Q86TM6	Q86TM6	SYVN1_HUMAN	SYVN1	E3 ubiquitin-protein ligase synoviolin				1.9993e+06
Q86TP1	Q86TP1	PRUN1_HUMAN	PRUNE1	Exopolyphosphatase PRUNE1				400832
Q86TU7	Q86TU7	SETD3_HUMAN	SETD3	Actin-histidine N-methyltransferase	116676		127858	369165
Q86TW2	Q86TW2	ADCK1_HUMAN	ADCK1	AarF domain-containing protein kinase 1			402437	270804
Q86U28	Q86U28	ISCA2_HUMAN	ISCA2	Iron-sulfur cluster assembly 2 homolog, mitochondrial	833825		351676	455954
Q86U38	Q86U38	NOP9_HUMAN	NOP9	Nucleolar protein 9	334882		113826	839541
Q86U42	Q86U42;A6NDY0	PABP2_HUMAN	PABPN1	Polyadenylate-binding protein 2	6.68107e+06		5.96114e+06	4.18667e+06
Q86U44	Q86U44	MTA70_HUMAN	METTL3	N6-adenosine-methyltransferase catalytic subunit	558229		171083	503165
Q86U86	Q86U86	PB1_HUMAN	PBRM1	Protein polybromo-1	485328		397941	468535
Q86U90	Q86U90	YRDC_HUMAN	YRDC	Threonylcarbamoyl-AMP synthase				239541
Q86UA1	Q86UA1	PRP39_HUMAN	PRPF39	Pre-mRNA-processing factor 39				210265
Q86UE4	Q86UE4	LYRIC_HUMAN	MTDH	Protein LYRIC	3.68747e+06		3.18648e+06	1.54336e+06
Q86UK7	Q86UK7	ZN598_HUMAN	ZNF598	E3 ubiquitin-protein ligase ZNF598	271126		149775	276458
Q86UL3	Q86UL3	GPAT4_HUMAN	GPAT4	Glycerol-3-phosphate acyltransferase 4				100125
Q86UP2	Q86UP2	KTN1_HUMAN	KTN1	Kinectin	953596		1.44867e+06	2.38003e+06
Q86UT6	Q86UT6	NLRX1_HUMAN	NLRX1	NLR family member X1				493537
Q86UU1	Q86UU1	PHLB1_HUMAN	PHLDB1	Pleckstrin homology-like domain family B member 1	535478		465025	433521
Q86UV5	Q86UV5	UBP48_HUMAN	USP48	Ubiquitin carboxyl-terminal hydrolase 48	195093			163449
Q86UW9	Q86UW9	DTX2_HUMAN	DTX2	Probable E3 ubiquitin-protein ligase DTX2	832294			367281
Q86UX2	Q86UX2	ITIH5_HUMAN	ITIH5	Inter-alpha-trypsin inhibitor heavy chain H5			171404	178003
Q86UX7	Q86UX7	URP2_HUMAN	FERMT3	Fermitin family homolog 3	577156		357788	3.33243e+06
Q86UY8	Q86UY8	NT5D3_HUMAN	NT5DC3	5'-nucleotidase domain-containing protein 3				481947
Q86V21	Q86V21	AACS_HUMAN	AACS	Acetoacetyl-CoA synthetase	452034		288552	769816
Q86V48	Q86V48	LUZP1_HUMAN	LUZP1	Leucine zipper protein 1	402061		159565	355335
Q86V81	Q86V81	THOC4_HUMAN	ALYREF	THO complex subunit 4	1.64866e+07		1.94388e+07	6.58612e+06
Q86V85	Q86V85	GP180_HUMAN	GPR180	Integral membrane protein GPR180				115894
Q86V88	Q86V88	MGDP1_HUMAN	MDP1	Magnesium-dependent phosphatase 1	2.62108e+06		3.22195e+06	830795
Q86VB7	Q86VB7	C163A_HUMAN	CD163	Scavenger receptor cysteine-rich type 1 protein M130	1.12191e+06		1.96796e+06	1.02495e+06
Q86VE9	Q86VE9	SERC5_HUMAN	SERINC5	Serine incorporator 5				590413
Q86VM9	Q86VM9	ZCH18_HUMAN	ZC3H18	Zinc finger CCCH domain-containing protein 18	122637			140023
Q86VN1	Q86VN1	VPS36_HUMAN	VPS36	Vacuolar protein-sorting-associated protein 36	381595			1.02432e+06
Q86VP1	Q86VP1	TAXB1_HUMAN	TAX1BP1	Tax1-binding protein 1				185956
Q86VP3	Q86VP3	PACS2_HUMAN	PACS2	Phosphofurin acidic cluster sorting protein 2				147304
Q86VP6	Q86VP6	CAND1_HUMAN	CAND1	Cullin-associated NEDD8-dissociated protein 1	1.15111e+06		841143	7.26833e+06
Q86VR2	Q86VR2	RETR3_HUMAN	RETREG3	Reticulophagy regulator 3	515557		194671	1.22822e+06
Q86VS8	Q86VS8	HOOK3_HUMAN	HOOK3	Protein Hook homolog 3	415509	4.41531e+08	187358	684136
Q86VU5	Q86VU5	CMTD1_HUMAN	COMTD1	Catechol O-methyltransferase domain-containing protein 1				568357
Q86VX2	Q86VX2	COMD7_HUMAN	COMMD7	COMM domain-containing protein 7	2.77707e+06		1.20493e+06	2.35356e+06
Q86W34	Q86W34	AMZ2_HUMAN	AMZ2	Archaemetzincin-2				199203
Q86W42	Q86W42	THOC6_HUMAN	THOC6	THO complex subunit 6 homolog	1.4757e+06		960481	1.01982e+06
Q86W50	Q86W50	MET16_HUMAN	METTL16	RNA N6-adenosine-methyltransferase METTL16				246168
Q86W56	Q86W56	PARG_HUMAN	PARG	Poly(ADP-ribose) glycohydrolase	66354			134498
Q86W92	Q86W92;Q8ND30	LIPB1_HUMAN	PPFIBP1	Liprin-beta-1				1.04124e+06
Q86WA6	Q86WA6	BPHL_HUMAN	BPHL	Valacyclovir hydrolase			104476	1.4208e+06
Q86WA8	Q86WA8	LONP2_HUMAN	LONP2	Lon protease homolog 2, peroxisomal				169403
Q86WB0	Q86WB0	ZC3C1_HUMAN	ZC3HC1	Zinc finger C3HC-type protein 1	98148.5			927134
Q86WJ1	Q86WJ1	CHD1L_HUMAN	CHD1L	Chromodomain-helicase-DNA-binding protein 1-like				212750
Q86WQ0	Q86WQ0	NR2CA_HUMAN	NR2C2AP	Nuclear receptor 2C2-associated protein	2.20458e+06		1.00998e+06	523850
Q86WR0	Q86WR0	CCD25_HUMAN	CCDC25	Coiled-coil domain-containing protein 25	1.76202e+06		2.12537e+06	912805
Q86WV1	Q86WV1	SKAP1_HUMAN	SKAP1	Src kinase-associated phosphoprotein 1	295584			21556.4
Q86WV6	Q86WV6	STING_HUMAN	STING1	Stimulator of interferon genes protein				3.34975e+06
Q86WW8	Q86WW8	COA5_HUMAN	COA5	Cytochrome c oxidase assembly factor 5	279400		160497	87687.9
Q86WX3	Q86WX3	AROS_HUMAN	RPS19BP1	Active regulator of SIRT1	430725			
Q86X10	Q86X10	RLGPB_HUMAN	RALGAPB	Ral GTPase-activating protein subunit beta				937165
Q86X29	Q86X29	LSR_HUMAN	LSR	Lipolysis-stimulated lipoprotein receptor	2.23238e+06		1.25355e+06	911690
Q86X40	Q86X40	LRC28_HUMAN	LRRC28	Leucine-rich repeat-containing protein 28				50197.6
Q86X55	Q86X55	CARM1_HUMAN	CARM1	Histone-arginine methyltransferase CARM1	1.84387e+06		907349	2.7432e+06
Q86X76	Q86X76	NIT1_HUMAN	NIT1	Deaminated glutathione amidase	4.36079e+06		4.96619e+06	1.96324e+06
Q86X83	Q86X83	COMD2_HUMAN	COMMD2	COMM domain-containing protein 2	873952		131331	1.13032e+06
Q86XA9	Q86XA9	HTR5A_HUMAN	HEATR5A	HEAT repeat-containing protein 5A				77313
Q86XL3	Q86XL3	ANKL2_HUMAN	ANKLE2	Ankyrin repeat and LEM domain-containing protein 2			249559	14935.4
Q86XP3	Q86XP3	DDX42_HUMAN	DDX42	ATP-dependent RNA helicase DDX42	1.17474e+06		493401	2.02673e+06
Q86Y07	Q86Y07	VRK2_HUMAN	VRK2	Serine/threonine-protein kinase VRK2				280592
Q86Y34	Q86Y34	AGRG3_HUMAN	ADGRG3	Adhesion G protein-coupled receptor G3				44366.8
Q86Y39	Q86Y39	NDUAB_HUMAN	NDUFA11	NADH dehydrogenase [ubiquinone] 1 alpha subcomplex subunit 11	500243		208484	1.44622e+06
Q86Y56	Q86Y56	DAAF5_HUMAN	DNAAF5	Dynein axonemal assembly factor 5	1.56289e+06		1.16561e+06	3.12495e+06
Q86Y79	Q86Y79	PTH_HUMAN	PTRH1	Peptidyl-tRNA hydrolase	307133		137022	647648
Q86Y82	Q86Y82	STX12_HUMAN	STX12	Syntaxin-12	3.07493e+06		3.09338e+06	1.11604e+06
Q86Y91	Q86Y91	KI18B_HUMAN	KIF18B	Kinesin-like protein KIF18B	2.80864e+07		9.36097e+06	7.85676e+06
Q86YB7	Q86YB7	ECHD2_HUMAN	ECHDC2	Enoyl-CoA hydratase domain-containing protein 2, mitochondrial	1.15598e+06		1.74337e+06	1.34749e+06
Q86YB8	Q86YB8	ERO1B_HUMAN	ERO1B	ERO1-like protein beta	54114			50607.3
Q86YH6	Q86YH6	DLP1_HUMAN	PDSS2	All trans-polyprenyl-diphosphate synthase PDSS2				289528
Q86YM7	Q86YM7	HOME1_HUMAN	HOMER1	Homer protein homolog 1				34568.8
Q86YN1	Q86YN1	DOPP1_HUMAN	DOLPP1	Dolichyldiphosphatase 1				3.01863e+06
Q86YP4	Q86YP4	P66A_HUMAN	GATAD2A	Transcriptional repressor p66-alpha	454651		358471	366669
Q86YQ8	Q8IYJ1;Q9HCH3;Q86YQ8	CPNE8_HUMAN	CPNE8	Copine-8	45880.3		105632	93504.4
Q86YS3	Q86YS3	RFIP4_HUMAN	RAB11FIP4	Rab11 family-interacting protein 4	279398		141714	192327
Q86YS6	Q86YS6	RAB43_HUMAN	RAB43	Ras-related protein Rab-43	1.62959e+06		1.2031e+06	666745
Q86YS7	Q86YS7	C2CD5_HUMAN	C2CD5	C2 domain-containing protein 5	202389		250577	371552
Q86YV0	Q86YV0	RASL3_HUMAN	RASAL3	RAS protein activator like-3	3.84765e+06		4.45065e+06	1.2692e+06
Q86YV5	Q86YV5	PRAG1_HUMAN	PRAG1	Inactive tyrosine-protein kinase PRAG1				282440
Q86YV9	Q86YV9	HPS6_HUMAN	HPS6	BLOC-2 complex member HPS6				281354
Q86YZ3	Q86YZ3	HORN_HUMAN	HRNR	Hornerin	5.96762e+06	1.08846e+10	1.58286e+07	5.9168e+06
Q8IU81	Q8IU81	I2BP1_HUMAN	IRF2BP1	Interferon regulatory factor 2-binding protein 1				64922.4
Q8IU85	Q8IU85	KCC1D_HUMAN	CAMK1D	Calcium/calmodulin-dependent protein kinase type 1D	237376		284818	323523
Q8IUC4	Q8IUC4	RHPN2_HUMAN	RHPN2	Rhophilin-2	72100.1			227746
Q8IUD2	Q8IUD2	RB6I2_HUMAN	ERC1	ELKS/Rab6-interacting/CAST family member 1	763839		545029	650021
Q8IUE6	Q8IUE6	H2A2B_HUMAN	H2AC21	Histone H2A type 2-B	1.46998e+06		372285	336645
Q8IUF8	Q8IUF8	RIOX2_HUMAN	RIOX2	Ribosomal oxygenase 2	894905			671723
Q8IUH3	Q8IUH3	RBM45_HUMAN	RBM45	RNA-binding protein 45	73560.1		62018	124426
Q8IUH5	Q8IUH5	ZDH17_HUMAN	ZDHHC17	Palmitoyltransferase ZDHHC17				48282.8
Q8IUI8	Q8IUI8	CRLF3_HUMAN	CRLF3	Cytokine receptor-like factor 3	390546		283926	504119
Q8IUK5	Q8IUK5	PLDX1_HUMAN	PLXDC1	Plexin domain-containing protein 1				38465.1
Q8IUR0	Q8IUR0	TPPC5_HUMAN	TRAPPC5	Trafficking protein particle complex subunit 5	898817		619987	1.35468e+06
Q8IUR7	Q8IUR7	ARMC8_HUMAN	ARMC8	Armadillo repeat-containing protein 8	198146			624137
Q8IUS5	Q8IUS5	EPHX4_HUMAN	EPHX4	Epoxide hydrolase 4				772378
Q8IUW5	Q8IUW5	RELL1_HUMAN	RELL1	RELT-like protein 1	133380			
Q8IUX7	Q8IUX7	AEBP1_HUMAN	AEBP1	Adipocyte enhancer-binding protein 1	823589		549291	697759
Q8IUZ5	Q8IUZ5	AT2L2_HUMAN	PHYKPL	5-phosphohydroxy-L-lysine phospho-lyase	4.90386e+06		3.80679e+06	3.86824e+06
Q8IV08	Q8IV08	PLD3_HUMAN	PLD3	5'-3' exonuclease PLD3	8.6983e+06		1.22201e+07	6.12925e+06
Q8IV20	Q8IV20	LACC1_HUMAN	LACC1	Purine nucleoside phosphorylase LACC1	210051		175059	353471
Q8IV36	Q8IV36	HID1_HUMAN	HID1	Protein HID1				753688
Q8IV38	Q8IV38	ANKY2_HUMAN	ANKMY2	Ankyrin repeat and MYND domain-containing protein 2				65689.9
Q8IV50	Q8IV50	LYSM2_HUMAN	LYSMD2	LysM and putative peptidoglycan-binding domain-containing protein 2	2.06345e+06		1.26774e+06	479027
Q8IV56	Q8IV56	PRR15_HUMAN	PRR15	Proline-rich protein 15	2.89906e+06		770977	178116
Q8IVB5	Q8IVB5	LIX1L_HUMAN	LIX1L	LIX1-like protein				86434.5
Q8IVD9	Q8IVD9	NUDC3_HUMAN	NUDCD3	NudC domain-containing protein 3	1.8576e+06		658149	837714
Q8IVF2	Q8IVF2	AHNK2_HUMAN	AHNAK2	Protein AHNAK2			30424.7	245794
Q8IVF7	Q8IVF7;Q96PY5	FMNL3_HUMAN	FMNL3	Formin-like protein 3				467193
Q8IVH4	Q8IVH4	MMAA_HUMAN	MMAA	Methylmalonic aciduria type A protein, mitochondrial	2.16391e+06		1.55068e+06	2.63489e+06
Q8IVL6	Q8IVL6	P3H3_HUMAN	P3H3	Prolyl 3-hydroxylase 3	237091		246011	346303
Q8IVM0	Q8IVM0	CCD50_HUMAN	CCDC50	Coiled-coil domain-containing protein 50	1.13713e+06		841747	532459
Q8IVP5	Q8IVP5	FUND1_HUMAN	FUNDC1	FUN14 domain-containing protein 1			145779	273173
Q8IVQ6	Q8IVQ6	ZDH21_HUMAN	ZDHHC21	Palmitoyltransferase ZDHHC21				42325.7
Q8IVS2	Q8IVS2	FABD_HUMAN	MCAT	Malonyl-CoA-acyl carrier protein transacylase, mitochondrial	241228			559494
Q8IVS8	Q8IVS8	GLCTK_HUMAN	GLYCTK	Glycerate kinase				898418
Q8IVT2	Q8IVT2	MISP_HUMAN	MISP	Mitotic interactor and substrate of PLK1	344027		199788	457021
Q8IW45	Q8IW45	NNRD_HUMAN	NAXD	ATP-dependent (S)-NAD(P)H-hydrate dehydratase	3.03486e+06		4.13006e+06	3.44297e+06
Q8IW75	Q8IW75	SPA12_HUMAN	SERPINA12	Serpin A12			133702	
Q8IW92	Q8IW92	GLBL2_HUMAN	GLB1L2	Beta-galactosidase-1-like protein 2				172829
Q8IWA4	Q8IWA4	MFN1_HUMAN	MFN1	Mitofusin-1				914074
Q8IWA5	Q8IWA5	CTL2_HUMAN	SLC44A2	Choline transporter-like protein 2	2.36004e+06		3.05957e+06	1.90359e+06
Q8IWB1	Q8IWB1	IPRI_HUMAN	ITPRIP	Inositol 1,4,5-trisphosphate receptor-interacting protein				94322.1
Q8IWB7	Q8IWB7	WDFY1_HUMAN	WDFY1	WD repeat and FYVE domain-containing protein 1	389189		1.15251e+06	851431
Q8IWB9	Q8IWB9	TEX2_HUMAN	TEX2	Testis-expressed protein 2	1.83517e+06		1.17553e+06	547428
Q8IWE2	Q8IWE2	NXP20_HUMAN	FAM114A1	Protein NOXP20	463272		163802	559946
Q8IWE4	Q8IWE4	DCNL3_HUMAN	DCUN1D3	DCN1-like protein 3			102325	110551
Q8IWJ2	Q8IWJ2	GCC2_HUMAN	GCC2	GRIP and coiled-coil domain-containing protein 2				877650
Q8IWL3	Q8IWL3	HSC20_HUMAN	HSCB	Iron-sulfur cluster co-chaperone protein HscB	61371.3		35803.6	52152.1
Q8IWR0	Q8IWR0	Z3H7A_HUMAN	ZC3H7A	Zinc finger CCCH domain-containing protein 7A	164756			278257
Q8IWS0	Q8IWS0	PHF6_HUMAN	PHF6	PHD finger protein 6	655728		403464	573144
Q8IWT0	Q8IWT0	ARCH_HUMAN	ZBTB8OS	Protein archease	597905		320142	328999
Q8IWT6	Q8IWT6	LRC8A_HUMAN	LRRC8A	Volume-regulated anion channel subunit LRRC8A				1.69724e+06
Q8IWU2	Q8IWU2	LMTK2_HUMAN	LMTK2	Serine/threonine-protein kinase LMTK2				471912
Q8IWV7	Q8IWV7	UBR1_HUMAN	UBR1	E3 ubiquitin-protein ligase UBR1				432698
Q8IWX8	Q8IWX8	CHERP_HUMAN	CHERP	Calcium homeostasis endoplasmic reticulum protein	224992			356283
Q8IWZ8	Q8IWZ8	SUGP1_HUMAN	SUGP1	SURP and G-patch domain-containing protein 1	338883		168688	147385
Q8IX04	Q8IX04	UEVLD_HUMAN	UEVLD	Ubiquitin-conjugating enzyme E2 variant 3				418645
Q8IX05	Q8IX05	CD302_HUMAN	CD302	CD302 antigen				148445
Q8IX12	Q8IX12	CCAR1_HUMAN	CCAR1	Cell division cycle and apoptosis regulator protein 1	799734		947030	864615
Q8IX18	Q8IX18	DHX40_HUMAN	DHX40	Probable ATP-dependent RNA helicase DHX40				164483
Q8IXB1	Q8IXB1	DJC10_HUMAN	DNAJC10	DnaJ homolog subfamily C member 10	93671.8			762879
Q8IXH7	Q8IXH7	NELFD_HUMAN	NELFCD	Negative elongation factor C/D	275447			769207
Q8IXI1	Q8IXI1	MIRO2_HUMAN	RHOT2	Mitochondrial Rho GTPase 2			49255	797523
Q8IXI2	Q8IXI2	MIRO1_HUMAN	RHOT1	Mitochondrial Rho GTPase 1				1.24238e+06
Q8IXJ6	Q8IXJ6	SIR2_HUMAN	SIRT2	NAD-dependent protein deacetylase sirtuin-2	227995			523429
Q8IXK0	Q8IXK0	PHC2_HUMAN	PHC2	Polyhomeotic-like protein 2	64894.3			82356.6
Q8IXK2	Q8IXK2	GLT12_HUMAN	GALNT12	Polypeptide N-acetylgalactosaminyltransferase 12	241121			542011
Q8IXM2	Q8IXM2	BAP18_HUMAN	BAP18	Chromatin complexes subunit BAP18	2.317e+06		838536	603196
Q8IXM3	Q8IXM3	RM41_HUMAN	MRPL41	Large ribosomal subunit protein mL41				1.38756e+06
Q8IXM6	Q8IXM6	NRM_HUMAN	NRM	Nurim				433248
Q8IXQ4	Q8IXQ4	GPAM1_HUMAN	GPALPP1	GPALPP motifs-containing protein 1	2.8554e+06		2.40928e+06	1.81186e+06
Q8IXQ6	Q8IXQ6	PARP9_HUMAN	PARP9	Protein mono-ADP-ribosyltransferase PARP9				505079
Q8IXT5	Q8IXT5	RB12B_HUMAN	RBM12B	RNA-binding protein 12B	155946		150060	429950
Q8IY17	Q8IY17	PLPL6_HUMAN	PNPLA6	Patatin-like phospholipase domain-containing protein 6				1.01773e+06
Q8IY21	Q8IY21	DDX60_HUMAN	DDX60	Probable ATP-dependent RNA helicase DDX60				462313
Q8IY22	Q8IY22	CMIP_HUMAN	CMIP	C-Maf-inducing protein				308556
Q8IY26	Q8IY26	PLPP6_HUMAN	PLPP6	Polyisoprenoid diphosphate/phosphate phosphohydrolase PLPP6				197362
Q8IY33	Q8IY33	MILK2_HUMAN	MICALL2	MICAL-like protein 2				41604.4
Q8IY34	Q8IY34	S15A3_HUMAN	SLC15A3	Solute carrier family 15 member 3	374377			231339
Q8IY37	Q8IY37	DHX37_HUMAN	DHX37	Probable ATP-dependent RNA helicase DHX37				1.34629e+06
Q8IY47	Q8IY47	KBTB2_HUMAN	KBTBD2	Kelch repeat and BTB domain-containing protein 2				113910
Q8IY67	Q8IY67	RAVR1_HUMAN	RAVER1	Ribonucleoprotein PTB-binding 1	851625		416465	1.19501e+06
Q8IY81	Q8IY81	SPB1_HUMAN	FTSJ3	pre-rRNA 2'-O-ribose RNA methyltransferase FTSJ3	537295		700248	1.37001e+06
Q8IY95	Q8IY95	TM192_HUMAN	TMEM192	Transmembrane protein 192	419165			984578
Q8IYB1	Q8IYB1	M21D2_HUMAN	MB21D2	Nucleotidyltransferase MB21D2				322567
Q8IYB3	Q8IYB3	SRRM1_HUMAN	SRRM1	Serine/arginine repetitive matrix protein 1	525939		265067	265660
Q8IYB5	Q8IYB5	SMAP1_HUMAN	SMAP1	Stromal membrane-associated protein 1	1.25566e+06		1.00831e+06	3.07334e+06
Q8IYB7	Q8IYB7	DI3L2_HUMAN	DIS3L2	DIS3-like exonuclease 2	523155		222080	668646
Q8IYB8	Q8IYB8	SUV3_HUMAN	SUPV3L1	ATP-dependent RNA helicase SUPV3L1, mitochondrial				716993
Q8IYD1	Q8IYD1	ERF3B_HUMAN	GSPT2	Eukaryotic peptide chain release factor GTP-binding subunit ERF3B	854170		577090	1.165e+06
Q8IYI6	Q8IYI6	EXOC8_HUMAN	EXOC8	Exocyst complex component 8	1.22314e+06		121895	866977
Q8IYJ2	Q8IYJ2	CJ067_HUMAN	C10orf67	Uncharacterized protein C10orf67, mitochondrial	329651		653442	3.49959e+06
Q8IYJ3	Q8IYJ3	SYTL1_HUMAN	SYTL1	Synaptotagmin-like protein 1	334480		459322	333525
Q8IYK8	Q8IYK8	REM2_HUMAN	REM2	GTP-binding protein REM 2			1.74833e+06	
Q8IYL3	Q8IYL3	CA174_HUMAN	C1orf174	UPF0688 protein C1orf174	300395		69625.5	
Q8IYM9	Q8IYM9	TRI22_HUMAN	TRIM22	E3 ubiquitin-protein ligase TRIM22	1.54251e+06		1.50853e+06	1.71009e+06
Q8IYQ7	Q8IYQ7	THNS1_HUMAN	THNSL1	Threonine synthase-like 1				519634
Q8IYS1	Q8IYS1	P20D2_HUMAN	PM20D2	Xaa-Arg dipeptidase	1.71216e+06		969122	467486
Q8IYS2	Q8IYS2	K2013_HUMAN	KIAA2013	Uncharacterized protein KIAA2013				754987
Q8IYT4	Q8IYT4	KATL2_HUMAN	KATNAL2	Katanin p60 ATPase-containing subunit A-like 2	2.72589e+07		1.83912e+07	2.28848e+07
Q8IYU8	Q8IYU8	MICU2_HUMAN	MICU2	Calcium uptake protein 2, mitochondrial				278796
Q8IZ07	Q8IZ07	AN13A_HUMAN	ANKRD13A	Ankyrin repeat domain-containing protein 13A	212581		123369	210576
Q8IZ21	Q8IZ21	PHAR4_HUMAN	PHACTR4	Phosphatase and actin regulator 4	534388		174668	89990.4
Q8IZ52	Q8IZ52	CHSS2_HUMAN	CHPF	Chondroitin sulfate synthase 2	1.1316e+06		657137	462215
Q8IZ69	Q8IZ69	TRM2A_HUMAN	TRMT2A	tRNA (uracil-5-)-methyltransferase homolog A			969065	1.13432e+06
Q8IZ73	Q8IZ73	RUSD2_HUMAN	RPUSD2	Pseudouridylate synthase RPUSD2	2.07503e+06		1.73305e+06	955522
Q8IZ81	Q8IZ81	ELMD2_HUMAN	ELMOD2	ELMO domain-containing protein 2	255924			1.79632e+06
Q8IZ83	Q8IZ83	A16A1_HUMAN	ALDH16A1	Aldehyde dehydrogenase family 16 member A1			261470	2.89348e+06
Q8IZA0	Q8IZA0	K319L_HUMAN	KIAA0319L	Dyslexia-associated protein KIAA0319-like protein	1.19453e+06		706236	1.0139e+06
Q8IZD4	Q8IZD4	DCP1B_HUMAN	DCP1B	mRNA-decapping enzyme 1B	613332		747412	777456
Q8IZE3	Q8IZE3	PACE1_HUMAN	SCYL3	Protein-associating with the carboxyl-terminal domain of ezrin				192538
Q8IZF2	Q8IZF2	AGRF5_HUMAN	ADGRF5	Adhesion G protein-coupled receptor F5				31131.2
Q8IZH2	Q8IZH2	XRN1_HUMAN	XRN1	5'-3' exoribonuclease 1	1.36508e+06			504596
Q8IZL8	Q8IZL8	PELP1_HUMAN	PELP1	Proline-, glutamic acid- and leucine-rich protein 1				1.33794e+06
Q8IZP0	Q8IZP0;Q9NYB9	ABI1_HUMAN	ABI1	Abl interactor 1	1.48593e+06		224988	1.71041e+06
Q8IZQ1	Q8IZQ1	WDFY3_HUMAN	WDFY3	WD repeat and FYVE domain-containing protein 3			83933.5	57974.6
Q8IZQ5	Q8IZQ5	SELH_HUMAN	SELENOH	Selenoprotein H	2.63489e+06		1.17043e+06	1.39138e+06
Q8IZR5	Q8IZR5	CKLF4_HUMAN	CMTM4	CKLF-like MARVEL transmembrane domain-containing protein 4	135636			380280
Q8IZU2	Q8IZU2	WDR17_HUMAN	WDR17	WD repeat-containing protein 17	9.03879e+06		1.31561e+07	7.78996e+06
Q8IZV2	Q8IZV2	CKLF8_HUMAN	CMTM8	CKLF-like MARVEL transmembrane domain-containing protein 8				220875
Q8IZV5	Q8IZV5	RDH10_HUMAN	RDH10	Retinol dehydrogenase 10				686146
Q8N0U4	Q8N0U4	F185A_HUMAN	FAM185A	Protein FAM185A	318919		599413	284376
Q8N0U8	Q8N0U8	VKORL_HUMAN	VKORC1L1	Vitamin K epoxide reductase complex subunit 1-like protein 1	268418		132075	1.12597e+06
Q8N0W3	Q8N0W3	FCSK_HUMAN	FCSK	L-fucose kinase				1.67895e+06
Q8N0W4;Q8NFZ3;Q8NFZ4;Q9NZ94	Q8N0W4;Q8NFZ3;Q8NFZ4;Q9NZ94	NLGN2_HUMAN;NLGN3_HUMAN;NLGNX_HUMAN;NLGNY_HUMAN	NLGN2;NLGN3;NLGN4X;NLGN4Y	Neuroligin-4, X-linked				44822.8
Q8N0X4	Q8N0X4	CLYBL_HUMAN	CLYBL	Citramalyl-CoA lyase, mitochondrial	1.2798e+06		3.79594e+06	2.48424e+06
Q8N0X7	Q8N0X7	SPART_HUMAN	SPART	Spartin	139811		43390.6	98024.6
Q8N108	Q8N108	MIER1_HUMAN	MIER1	Mesoderm induction early response protein 1	472685			464863
Q8N118	Q8N118	CP4X1_HUMAN	CYP4X1	Cytochrome P450 4X1				164558
Q8N122	Q8N122	RPTOR_HUMAN	RPTOR	Regulatory-associated protein of mTOR				527008
Q8N128	Q8N128	F177A_HUMAN	FAM177A1	Protein FAM177A1	438251		142996	103269
Q8N129	Q8N129	CNPY4_HUMAN	CNPY4	Protein canopy homolog 4	933843		303581	506103
Q8N131	Q8N131	PORIM_HUMAN	TMEM123	Porimin	1.89832e+06		228729	387211
Q8N138	Q8N138	ORML3_HUMAN	ORMDL3	ORM1-like protein 3	529360			663996
Q8N142	Q8N142	PURA1_HUMAN	ADSS1	Adenylosuccinate synthetase isozyme 1			48023.1	35316.5
Q8N163	Q8N163	CCAR2_HUMAN	CCAR2	Cell cycle and apoptosis regulator protein 2	525028		537540	2.98524e+06
Q8N183	Q8N183	NDUF2_HUMAN	NDUFAF2	NADH dehydrogenase [ubiquinone] 1 alpha subcomplex assembly factor 2	5.49781e+06		6.12144e+06	3.0199e+06
Q8N1A6	Q8N1A6	CD033_HUMAN	C4orf33	UPF0462 protein C4orf33	401137			442149
Q8N1B4	Q8N1B4	VPS52_HUMAN	VPS52	Vacuolar protein sorting-associated protein 52 homolog			695142	595864
Q8N1F7	Q8N1F7	NUP93_HUMAN	NUP93	Nuclear pore complex protein Nup93				1.72655e+06
Q8N1F8	Q8N1F8	S11IP_HUMAN	STK11IP	Serine/threonine-protein kinase 11-interacting protein			289555	322702
Q8N1G2	Q8N1G2	CMTR1_HUMAN	CMTR1	Cap-specific mRNA (nucleoside-2'-O-)-methyltransferase 1	99056.8		113620	378121
Q8N1G4	Q8N1G4	LRC47_HUMAN	LRRC47	Leucine-rich repeat-containing protein 47	1.09632e+06		430986	2.1195e+06
Q8N1N4	Q8N1N4	K2C78_HUMAN	KRT78	Keratin, type II cytoskeletal 78	746841	8.45845e+08	2.99157e+06	832675
Q8N1Q1	Q8N1Q1	CAH13_HUMAN	CA13	Carbonic anhydrase 13	663712		917473	880727
Q8N1S5	Q8N1S5	S39AB_HUMAN	SLC39A11	Zinc transporter ZIP11				744398
Q8N201	Q8N201	INT1_HUMAN	INTS1	Integrator complex subunit 1				1.23602e+06
Q8N257	P06899;P23527;P33778;Q16778;Q6DN03;Q6DRA6;Q8N257	H2B3B_HUMAN	H2BC26	Histone H2B type 3-B	2.51402e+06		1.15907e+06	778413
Q8N2F6	Q8N2F6	ARM10_HUMAN	ARMC10	Armadillo repeat-containing protein 10	463080			1.96779e+06
Q8N2G8	Q8N2G8	GHDC_HUMAN	GHDC	GH3 domain-containing protein				1.27775e+06
Q8N2K0	Q8N2K0	ABD12_HUMAN	ABHD12	Lysophosphatidylserine lipase ABHD12				2.95347e+06
Q8N2S1	Q8N2S1	LTBP4_HUMAN	LTBP4	Latent-transforming growth factor beta-binding protein 4	1.47099e+06		3.61735e+06	1.80653e+06
Q8N2U9	Q8N2U9	S66A2_HUMAN	SLC66A2	Solute carrier family 66 member 2				186786
Q8N2W9	Q8N2W9	PIAS4_HUMAN	PIAS4	E3 SUMO-protein ligase PIAS4	1.29195e+06		5.52799e+06	653130
Q8N335	Q8N335	GPD1L_HUMAN	GPD1L	Glycerol-3-phosphate dehydrogenase 1-like protein	1.7393e+06		1.25734e+06	3.41021e+06
Q8N357	Q8N357	S35F6_HUMAN	SLC35F6	Solute carrier family 35 member F6	197970		200556	1.46635e+06
Q8N370	Q8N370	LAT4_HUMAN	SLC43A2	Large neutral amino acids transporter small subunit 4				310958
Q8N386	Q8N386	LRC25_HUMAN	LRRC25	Leucine-rich repeat-containing protein 25	501825		360518	424328
Q8N392	Q8N392	RHG18_HUMAN	ARHGAP18	Rho GTPase-activating protein 18	518914		315972	716885
Q8N3C0	Q8N3C0	ASCC3_HUMAN	ASCC3	Activating signal cointegrator 1 complex subunit 3				871925
Q8N3D4	Q8N3D4	EH1L1_HUMAN	EHBP1L1	EH domain-binding protein 1-like protein 1	233584		140992	233535
Q8N3E9	Q8N3E9	PLCD3_HUMAN	PLCD3	1-phosphatidylinositol 4,5-bisphosphate phosphodiesterase delta-3	196557			360116
Q8N3F8	Q8N3F8	MILK1_HUMAN	MICALL1	MICAL-like protein 1	160967		236752	264817
Q8N3P4	Q8N3P4	VPS8_HUMAN	VPS8	Vacuolar protein sorting-associated protein 8 homolog				308310
Q8N3R9	Q8N3R9	PALS1_HUMAN	PALS1	Protein PALS1				72510
Q8N3U4	Q8N3U4;Q8WVM7	STAG2_HUMAN	STAG2	Cohesin subunit SA-2	612285		206933	885892
Q8N3X1	Q8N3X1	FNBP4_HUMAN	FNBP4	Formin-binding protein 4	234451		184636	698851
Q8N3Y7	Q8N3Y7	RDHE2_HUMAN	SDR16C5	Epidermal retinol dehydrogenase 2			122832	1.24841e+06
Q8N442	Q8N442	GUF1_HUMAN	GUF1	Translation factor GUF1, mitochondrial				345036
Q8N465	Q8N465	D2HDH_HUMAN	D2HGDH	D-2-hydroxyglutarate dehydrogenase, mitochondrial				150353
Q8N474	Q8N474	SFRP1_HUMAN	SFRP1	Secreted frizzled-related protein 1			491610	
Q8N488	Q8N488	RYBP_HUMAN	RYBP	RING1 and YY1-binding protein	254631		245945	
Q8N490	Q8N490	PNKD_HUMAN	PNKD	Probable hydrolase PNKD	532174		408404	1.40294e+06
Q8N4A0	Q8N4A0	GALT4_HUMAN	GALNT4	Polypeptide N-acetylgalactosaminyltransferase 4	1.53806e+06		683789	4.17992e+06
Q8N4J0	Q8N4J0	CARME_HUMAN	CARNMT1	Carnosine N-methyltransferase	581726		466431	933119
Q8N4P3	Q8N4P3	MESH1_HUMAN	HDDC3	Guanosine-3',5'-bis(diphosphate) 3'-pyrophosphohydrolase MESH1	693852		963542	518840
Q8N4Q0	Q8N4Q0	PTGR3_HUMAN	PTGR3	Prostaglandin reductase 3	641239		411318	704751
Q8N4Q1	Q8N4Q1	MIA40_HUMAN	CHCHD4	Mitochondrial intermembrane space import and assembly protein 40	251252			185934
Q8N4S9	Q8N4S9	MALD2_HUMAN	MARVELD2	MARVEL domain-containing protein 2	115318		148855	192477
Q8N4T8	Q8N4T8	CBR4_HUMAN	CBR4	3-oxoacyl-[acyl-carrier-protein] reductase	3.38133e+06		6.00819e+06	4.19486e+06
Q8N4V1	Q8N4V1	EMC5_HUMAN	MMGT1	ER membrane protein complex subunit 5	462307			498461
Q8N4W9	Q8N4W9	ZN808_HUMAN	ZNF808	Zinc finger protein 808	146446		93889.8	438830
Q8N4X5	Q8N4X5	AF1L2_HUMAN	AFAP1L2	Actin filament-associated protein 1-like 2	386972		245154	210276
Q8N511	Q8N511	TM199_HUMAN	TMEM199	Transmembrane protein 199	258036			382492
Q8N543	Q8N543	OGFD1_HUMAN	OGFOD1	Prolyl 3-hydroxylase OGFOD1	385650		222674	114694
Q8N556	Q8N556	AFAP1_HUMAN	AFAP1	Actin filament-associated protein 1	168222		114107	204974
Q8N573	Q8N573	OXR1_HUMAN	OXR1	Oxidation resistance protein 1	501790		303840	578434
Q8N5A5	Q8N5A5	ZGPAT_HUMAN	ZGPAT	Zinc finger CCCH-type with G patch domain-containing protein	656917		289808	290049
Q8N5C1	Q8N5C1	CAHM5_HUMAN	CALHM5	Calcium homeostasis modulator protein 5				63503.4
Q8N5C6	Q8N5C6	SRBD1_HUMAN	SRBD1	S1 RNA-binding domain-containing protein 1	141502		74782.7	224704
Q8N5G2	Q8N5G2	MACOI_HUMAN	MACO1	Macoilin			494132	28038.4
Q8N5I2	Q8N5I2	ARRD1_HUMAN	ARRDC1	Arrestin domain-containing protein 1	979707		1.10064e+06	639929
Q8N5I4	Q8N5I4	DHRSX_HUMAN	DHRSX	Dehydrogenase/reductase SDR family member on chromosome X				975051
Q8N5I9	Q8N5I9	NOPC1_HUMAN	NOPCHAP1	NOP protein chaperone 1			199781	
Q8N5J2	Q8N5J2;Q8NBR6	MINY1_HUMAN	MINDY1	Ubiquitin carboxyl-terminal hydrolase MINDY-1				219233
Q8N5K1	Q8N5K1	CISD2_HUMAN	CISD2	CDGSH iron-sulfur domain-containing protein 2	5.74288e+06		2.94265e+06	4.11164e+06
Q8N5L8	Q8N5L8	RP25L_HUMAN	RPP25L	Ribonuclease P protein subunit p25-like protein	526520		333271	278073
Q8N5M1	Q8N5M1	ATPF2_HUMAN	ATPAF2	ATP synthase mitochondrial F1 complex assembly factor 2				767763
Q8N5M4	Q8N5M4	TTC9C_HUMAN	TTC9C	Tetratricopeptide repeat protein 9C	811833		273727	520415
Q8N5M9	Q8N5M9	JAGN1_HUMAN	JAGN1	Protein jagunal homolog 1	254719		210645	830339
Q8N5N7	Q8N5N7	RM50_HUMAN	MRPL50	Large ribosomal subunit protein mL50	687260		303138	1.48468e+06
Q8N5R6	Q8N5R6	CCD33_HUMAN	CCDC33	Coiled-coil domain-containing protein 33	2.8783e+06		1.13339e+07	5.28174e+06
Q8N5V2	Q8N5V2	NGEF_HUMAN	NGEF	Ephexin-1				73884.9
Q8N5X7	Q8N5X7	IF4E3_HUMAN	EIF4E3	Eukaryotic translation initiation factor 4E type 3				22774.2
Q8N5Y8	Q8N5Y8	PAR16_HUMAN	PARP16	Protein mono-ADP-ribosyltransferase PARP16				19578.3
Q8N612	Q8N612	FHI1B_HUMAN	FHIP1B	FHF complex subunit HOOK-interacting protein 1B				199310
Q8N684	Q8N684	CPSF7_HUMAN	CPSF7	Cleavage and polyadenylation specificity factor subunit 7	2.80926e+06		3.31816e+06	1.9189e+06
Q8N697	Q8N697	S15A4_HUMAN	SLC15A4	Solute carrier family 15 member 4				396382
Q8N6G5	Q8N6G5	CGAT2_HUMAN	CSGALNACT2	Chondroitin sulfate N-acetylgalactosaminyltransferase 2				115722
Q8N6H7	Q8N6H7	ARFG2_HUMAN	ARFGAP2	ADP-ribosylation factor GTPase-activating protein 2	925679		500772	1.24118e+06
Q8N6L1	Q8N6L1	KTAP2_HUMAN	KRTCAP2	Keratinocyte-associated protein 2	702177			1.33602e+06
Q8N6M0	Q8N6M0	OTU6B_HUMAN	OTUD6B	Deubiquitinase OTUD6B	340083		345483	511363
Q8N6M3	Q8N6M3	FITM2_HUMAN	FITM2	Acyl-coenzyme A diphosphatase FITM2				298564
Q8N6N3	Q8N6N3	CA052_HUMAN	C1orf52	UPF0690 protein C1orf52	96071.2		141585	55735.2
Q8N6R0	Q8N6R0	EFNMT_HUMAN	METTL13	eEF1A lysine and N-terminal methyltransferase	49908.1			192096
Q8N6T3	Q8N6T3	ARFG1_HUMAN	ARFGAP1	ADP-ribosylation factor GTPase-activating protein 1	1.35733e+06	9.94053e+08	805056	1.12371e+06
Q8N6T7	Q8N6T7	SIR6_HUMAN	SIRT6	NAD-dependent protein deacylase sirtuin-6	416401		578947	244397
Q8N755	Q8N755	S66A3_HUMAN	SLC66A3	Solute carrier family 66 member 3				463273
Q8N766	Q8N766	EMC1_HUMAN	EMC1	ER membrane protein complex subunit 1				1.72108e+06
Q8N7H5	Q8N7H5	PAF1_HUMAN	PAF1	RNA polymerase II-associated factor 1 homolog	810247		505826	552271
Q8N806	Q8N806	UBR7_HUMAN	UBR7	Putative E3 ubiquitin-protein ligase UBR7	979196		399954	414859
Q8N8A2	O15084;Q8N8A2	ANR44_HUMAN	ANKRD44	Serine/threonine-protein phosphatase 6 regulatory ankyrin repeat subunit B				629845
Q8N8A6	Q8N8A6	DDX51_HUMAN	DDX51	ATP-dependent RNA helicase DDX51				69038.4
Q8N8N7	Q8N8N7	PTGR2_HUMAN	PTGR2	Prostaglandin reductase 2	660532		718369	730489
Q8N8Q8	Q8N8Q8	COX18_HUMAN	COX18	Cytochrome c oxidase assembly protein COX18, mitochondrial				270244
Q8N8R5	Q8N8R5	CB069_HUMAN	C2orf69	Mitochondrial protein C2orf69				182507
Q8N8S7	Q8N8S7	ENAH_HUMAN	ENAH	Protein enabled homolog	1.92165e+06		1.22963e+06	956466
Q8N8V4	Q8N8V4	ANS4B_HUMAN	ANKS4B	Ankyrin repeat and SAM domain-containing protein 4B	627042		339780	363079
Q8N954	Q8N954	GPT11_HUMAN	GPATCH11	G patch domain-containing protein 11	258577		80708	86906.5
Q8N983	Q8N983	RM43_HUMAN	MRPL43	Large ribosomal subunit protein mL43	468854		144905	2.14338e+06
Q8N999	Q8N999	RLIG1_HUMAN	RLIG1	RNA ligase 1	227997			101767
Q8N9A8	Q8N9A8	NEPR1_HUMAN	CNEP1R1	Nuclear envelope phosphatase-regulatory subunit 1	199326			167491
Q8N9F7	Q8N9F7	GDPD1_HUMAN	GDPD1	Lysophospholipase D GDPD1	351374		299528	398911
Q8N9N2	Q8N9N2	ASCC1_HUMAN	ASCC1	Activating signal cointegrator 1 complex subunit 1				698851
Q8N9N7	Q8N9N7	LRC57_HUMAN	LRRC57	Leucine-rich repeat-containing protein 57			938529	688832
Q8N9N8	Q8N9N8	EIF1A_HUMAN	EIF1AD	Probable RNA-binding protein EIF1AD	1.1005e+06		511621	122742
Q8N9Q2	Q8N9Q2	SR1IP_HUMAN	SREK1IP1	Protein SREK1IP1	891404		334693	236489
Q8N9V3	Q8N9V3	WSDU1_HUMAN	WDSUB1	WD repeat, SAM and U-box domain-containing protein 1	155821			122612
Q8NB16	Q8NB16	MLKL_HUMAN	MLKL	Mixed lineage kinase domain-like protein	367326		393226	1.39873e+06
Q8NB37	Q8NB37	GALD1_HUMAN	GATD1	Glutamine amidotransferase-like class 1 domain-containing protein 1	1.1908e+06		615727	694663
Q8NB49	Q8NB49	AT11C_HUMAN	ATP11C	Phospholipid-transporting ATPase IG				117373
Q8NB78	Q8NB78	KDM1B_HUMAN	KDM1B	Lysine-specific histone demethylase 2				99526.2
Q8NB90	Q8NB90	AFG2A_HUMAN	AFG2A	ATPase family gene 2 protein homolog A				1.00312e+06
Q8NBF2	Q8NBF2	NHLC2_HUMAN	NHLRC2	NHL repeat-containing protein 2	2.40507e+06		2.83548e+06	7.29184e+06
Q8NBF6	Q8NBF6	AVL9_HUMAN	AVL9	Late secretory pathway protein AVL9 homolog				671172
Q8NBI6	Q8NBI6	XXLT1_HUMAN	XXYLT1	Xyloside xylosyltransferase 1				53996.8
Q8NBJ4	Q8NBJ4	GOLM1_HUMAN	GOLM1	Golgi membrane protein 1	2.73611e+06		2.17079e+06	1.59504e+06
Q8NBJ5	Q8NBJ5	GT251_HUMAN	COLGALT1	Procollagen galactosyltransferase 1	1.44485e+06		849756	2.0655e+06
Q8NBJ7	Q8NBJ7	SUMF2_HUMAN	SUMF2	Inactive C-alpha-formylglycine-generating enzyme 2	4.26567e+06		5.37955e+06	3.26832e+06
Q8NBJ9	Q8NBJ9	SIDT2_HUMAN	SIDT2	SID1 transmembrane family member 2			104526	291069
Q8NBK3	Q8NBK3	SUMF1_HUMAN	SUMF1	Formylglycine-generating enzyme	1.02685e+06		967750	451230
Q8NBL1	Q8NBL1	PGLT1_HUMAN	POGLUT1	Protein O-glucosyltransferase 1	871923		679979	1.66129e+06
Q8NBM4	Q8NBM4	UBAC2_HUMAN	UBAC2	Ubiquitin-associated domain-containing protein 2				1.25429e+06
Q8NBM8	Q8NBM8	PCYXL_HUMAN	PCYOX1L	Prenylcysteine oxidase-like	159843			671411
Q8NBN3	Q8NBN3	TM87A_HUMAN	TMEM87A	Transmembrane protein 87A	198131		259795	2.7957e+06
Q8NBN7	Q8NBN7	RDH13_HUMAN	RDH13	Retinol dehydrogenase 13				2.03874e+06
Q8NBP0	Q8NBP0	TTC13_HUMAN	TTC13	Tetratricopeptide repeat protein 13				221865
Q8NBP5	Q8NBP5	MFSD9_HUMAN	MFSD9	Major facilitator superfamily domain-containing protein 9				76300
Q8NBQ5	Q8NBQ5	DHB11_HUMAN	HSD17B11	Estradiol 17-beta-dehydrogenase 11	155511		138418	2.15224e+06
Q8NBS9	Q8NBS9	TXND5_HUMAN	TXNDC5	Thioredoxin domain-containing protein 5	1.54995e+07		7.35432e+06	2.32124e+07
Q8NBU5	Q8NBU5	ATAD1_HUMAN	ATAD1	Outer mitochondrial transmembrane helix translocase				797356
Q8NBX0	Q8NBX0	SCPDL_HUMAN	SCCPDH	Saccharopine dehydrogenase-like oxidoreductase	377740		393600	2.23613e+06
Q8NBZ7	Q8NBZ7	UXS1_HUMAN	UXS1	UDP-glucuronic acid decarboxylase 1				186691
Q8NC42	Q8NC42	RN149_HUMAN	RNF149	E3 ubiquitin-protein ligase RNF149	240034		225560	250684
Q8NC44	Q8NC44	RETR2_HUMAN	RETREG2	Reticulophagy regulator 2				144457
Q8NC51	Q8NC51	SERB1_HUMAN	SERBP1	SERPINE1 mRNA-binding protein 1	2.2098e+07		1.22697e+07	5.7113e+06
Q8NC56	Q8NC56	LEMD2_HUMAN	LEMD2	LEM domain-containing protein 2	1.84909e+06		917646	2.05251e+06
Q8NC60	Q8NC60	NOA1_HUMAN	NOA1	Nitric oxide-associated protein 1			21474.3	293270
Q8NC96	Q8NC96	NECP1_HUMAN	NECAP1	Adaptin ear-binding coat-associated protein 1	520075		291163	219368
Q8NCA5	Q8NCA5	FA98A_HUMAN	FAM98A	Protein FAM98A	1.10045e+06		538212	713859
Q8NCC3	Q8NCC3	PAG15_HUMAN	PLA2G15	Phospholipase A2 group XV	452948		249349	200596
Q8NCE0	Q8NCE0	SEN2_HUMAN	TSEN2	tRNA-splicing endonuclease subunit Sen2				85065.1
Q8NCE2	Q8NCE2	MTMRE_HUMAN	MTMR14	Myotubularin-related protein 14				230668
Q8NCF5	Q8NCF5	NF2IP_HUMAN	NFATC2IP	NFATC2-interacting protein	349680		166068	
Q8NCG7	Q8NCG7	DGLB_HUMAN	DAGLB	Diacylglycerol lipase-beta				563014
Q8NCH0	Q8NCH0	CHSTE_HUMAN	CHST14	Carbohydrate sulfotransferase 14	338484			460156
Q8NCL4	Q8NCL4	GALT6_HUMAN	GALNT6	Polypeptide N-acetylgalactosaminyltransferase 6	562581		628825	1.16847e+06
Q8NCN5	Q8NCN5	PDPR_HUMAN	PDPR	Pyruvate dehydrogenase phosphatase regulatory subunit, mitochondrial	773496		334504	2.40379e+06
Q8NCR9	Q8NCR9	CLRN3_HUMAN	CLRN3	Clarin-3	222064		323099	548283
Q8NCS4	Q8NCS4	TM35B_HUMAN	TMEM35B	Transmembrane protein 35B	1.79209e+06			1.15563e+06
Q8NCW5	Q8NCW5	NNRE_HUMAN	NAXE	NAD(P)H-hydrate epimerase	486933		514639	5.72504e+06
Q8ND04	Q8ND04	SMG8_HUMAN	SMG8	Nonsense-mediated mRNA decay factor SMG8			346277	284722
Q8ND24	Q8ND24	RN214_HUMAN	RNF214	RING finger protein 214	659145		341423	363319
Q8ND30	Q8ND30	LIPB2_HUMAN	PPFIBP2	Liprin-beta-2			1.32373e+06	1.08984e+06
Q8ND56	Q8ND56	LS14A_HUMAN	LSM14A	Protein LSM14 homolog A	4.4013e+07		2.74722e+07	1.26951e+07
Q8ND71	Q8ND71	GIMA8_HUMAN	GIMAP8	GTPase IMAP family member 8				268959
Q8ND76	Q8ND76	CCNY_HUMAN	CCNY	Cyclin-Y	294422			663636
Q8NDA8	Q8NDA8	MROH1_HUMAN	MROH1	Maestro heat-like repeat-containing protein family member 1				264589
Q8NDD1	Q8NDD1	CA131_HUMAN	C1orf131	Uncharacterized protein C1orf131	86300		184799	
Q8NDH2	Q8NDH2	CC168_HUMAN	CCDC168	Leucine-rich repeat transmembrane protein CCDC168	89592.3		1.37242e+06	2.19133e+06
Q8NDH3	Q8NDH3	PEPL1_HUMAN	NPEPL1	Probable aminopeptidase NPEPL1	1.34541e+06		2.1947e+06	1.5936e+06
Q8NDZ4	Q8NDZ4	DIK2A_HUMAN	DIPK2A	Divergent protein kinase domain 2A				71086.7
Q8NE01	Q8NE01	CNNM3_HUMAN	CNNM3	Metal transporter CNNM3				768370
Q8NE62	Q8NE62	CHDH_HUMAN	CHDH	Choline dehydrogenase, mitochondrial	229767		350692	3.30025e+06
Q8NE71	Q8NE71	ABCF1_HUMAN	ABCF1	ATP-binding cassette sub-family F member 1	435935		930844	1.19973e+06
Q8NE86	Q8NE86	MCU_HUMAN	MCU	Calcium uniporter protein, mitochondrial				946742
Q8NEB9	Q8NEB9	PK3C3_HUMAN	PIK3C3	Phosphatidylinositol 3-kinase catalytic subunit type 3				385778
Q8NEC7	Q8NEC7	GSTCD_HUMAN	GSTCD	Glutathione S-transferase C-terminal domain-containing protein				24792.8
Q8NEF9	Q8NEF9	SRFB1_HUMAN	SRFBP1	Serum response factor-binding protein 1	444491		623617	814464
Q8NEN9	Q8NEN9	PDZD8_HUMAN	PDZD8	PDZ domain-containing protein 8				1.3242e+06
Q8NEU8	Q8NEU8	DP13B_HUMAN	APPL2	DCC-interacting protein 13-beta				959538
Q8NEW0	Q8NEW0	ZNT7_HUMAN	SLC30A7	Zinc transporter 7				2.74249e+06
Q8NEZ2	Q8NEZ2	VP37A_HUMAN	VPS37A	Vacuolar protein sorting-associated protein 37A				117460
Q8NEZ5	Q8NEZ5	FBX22_HUMAN	FBXO22	F-box only protein 22	811948		839372	3.2686e+06
Q8NF37	Q8NF37	PCAT1_HUMAN	LPCAT1	Lysophosphatidylcholine acyltransferase 1				505643
Q8NF50	Q8NF50	DOCK8_HUMAN	DOCK8	Dedicator of cytokinesis protein 8				509808
Q8NF91	Q8NF91	SYNE1_HUMAN	SYNE1	Nesprin-1				266731
Q8NFC6	Q8NFC6	BD1L1_HUMAN	BOD1L1	Biorientation of chromosomes in cell division protein 1-like 1	502094		491153	572741
Q8NFD5	Q8NFD5	ARI1B_HUMAN	ARID1B	AT-rich interactive domain-containing protein 1B	252028		129317	272686
Q8NFF5	Q8NFF5	FAD1_HUMAN	FLAD1	FAD synthase				1.7868e+06
Q8NFG4	Q8NFG4	FLCN_HUMAN	FLCN	Folliculin				95286.1
Q8NFH3	Q8NFH3	NUP43_HUMAN	NUP43	Nucleoporin Nup43	3.01705e+06		1.80188e+06	979025
Q8NFH4	Q8NFH4	NUP37_HUMAN	NUP37	Nucleoporin Nup37	3.34499e+06		1.69729e+06	879618
Q8NFH5	Q8NFH5	NUP35_HUMAN	NUP35	Nucleoporin NUP35	966590			300428
Q8NFI3	Q8NFI3	ENASE_HUMAN	ENGASE	Cytosolic endo-beta-N-acetylglucosaminidase	466972		540645	1.01593e+06
Q8NFJ5	Q8NFJ5	RAI3_HUMAN	GPRC5A	Retinoic acid-induced protein 3	4.98754e+06		7.20343e+06	3.59142e+06
Q8NFQ8	Q8NFQ8	TOIP2_HUMAN	TOR1AIP2	Torsin-1A-interacting protein 2	419534		584778	950069
Q8NFU3	Q8NFU3	TSTD1_HUMAN	TSTD1	Thiosulfate:glutathione sulfurtransferase	5.60523e+06		2.32577e+06	1.69706e+06
Q8NFU7	Q8NFU7	TET1_HUMAN	TET1	Methylcytosine dioxygenase TET1	437524		131228	
Q8NFV4	Q8NFV4	ABHDB_HUMAN	ABHD11	Protein ABHD11	620812			6.87913e+06
Q8NFW8	Q8NFW8	NEUA_HUMAN	CMAS	N-acylneuraminate cytidylyltransferase	1.2202e+06		858025	5.93354e+06
Q8NG11	Q8NG11	TSN14_HUMAN	TSPAN14	Tetraspanin-14	400182		335009	371748
Q8NGA1	Q8NGA1	OR1M1_HUMAN	OR1M1	Olfactory receptor 1M1	3.80243e+06		4.63879e+06	3.56403e+06
Q8NHG7	Q8NHG7	SVIP_HUMAN	SVIP	Small VCP/p97-interacting protein	5.26919e+06		3.3251e+06	
Q8NHG8	Q8NHG8	ZNRF2_HUMAN	ZNRF2	E3 ubiquitin-protein ligase ZNRF2	706466		112236	
Q8NHH9	Q8NHH9	ATLA2_HUMAN	ATL2	Atlastin-2				966640
Q8NHL6	Q8N6C8;Q8NHL6	LIRB1_HUMAN	LILRB1	Leukocyte immunoglobulin-like receptor subfamily B member 1	320206		620252	199985
Q8NHP1	Q8NHP1	ARK74_HUMAN	AKR7L	Aflatoxin B1 aldehyde reductase member 4				391767
Q8NHP6	Q8NHP6	MSPD2_HUMAN	MOSPD2	Motile sperm domain-containing protein 2				567517
Q8NHP8	Q8NHP8	PLBL2_HUMAN	PLBD2	Putative phospholipase B-like 2	6.52993e+06		7.15228e+06	3.86825e+06
Q8NHQ9	Q8NHQ9	DDX55_HUMAN	DDX55	ATP-dependent RNA helicase DDX55	960998		602283	160975
Q8NHU6	Q8NHU6	TDRD7_HUMAN	TDRD7	Tudor domain-containing protein 7	611987		696630	240209
Q8NHV1	Q8NHV1	GIMA7_HUMAN	GIMAP7	GTPase IMAP family member 7	634805		239142	501691
Q8NHY3	Q8NHY3	GA2L2_HUMAN	GAS2L2	GAS2-like protein 2	578958		1.44632e+06	109924
Q8NI27	Q8NI27	THOC2_HUMAN	THOC2	THO complex subunit 2				674135
Q8NI35	Q8NI35	INADL_HUMAN	PATJ	InaD-like protein				51223.7
Q8NI36	Q8NI36	WDR36_HUMAN	WDR36	WD repeat-containing protein 36	226241		129585	248004
Q8NI37	Q8NI37	PPTC7_HUMAN	PPTC7	Protein phosphatase PTC7 homolog				361836
Q8NI60	Q8NI60	COQ8A_HUMAN	COQ8A	Atypical kinase COQ8A, mitochondrial				967073
Q8TAA9	Q8TAA9	VANG1_HUMAN	VANGL1	Vang-like protein 1				61502.5
Q8TAD4	Q8TAD4	ZNT5_HUMAN	SLC30A5	Proton-coupled zinc antiporter SLC30A5				340565
Q8TAE8	Q8TAE8	G45IP_HUMAN	GADD45GIP1	Large ribosomal subunit protein mL64				342000
Q8TAF3	Q8TAF3	WDR48_HUMAN	WDR48	WD repeat-containing protein 48	105421			177196
Q8TAG9	Q8TAG9	EXOC6_HUMAN	EXOC6	Exocyst complex component 6				134446
Q8TAQ2	Q8TAQ2	SMRC2_HUMAN	SMARCC2	SWI/SNF complex subunit SMARCC2	1.06206e+06		931782	1.87688e+06
Q8TAT6	Q8TAT6	NPL4_HUMAN	NPLOC4	Nuclear protein localization protein 4 homolog	1.50097e+06		882489	2.30952e+06
Q8TAX9	Q8TAX9	GSDMB_HUMAN	GSDMB	Gasdermin-B	369066		301111	946795
Q8TB03	Q8TB03	CX038_HUMAN	CXorf38	Uncharacterized protein CXorf38	864729		324395	985071
Q8TB22	Q8TB22	SPT20_HUMAN	SPATA20	Spermatogenesis-associated protein 20				831248
Q8TB24	Q8TB24	RIN3_HUMAN	RIN3	Ras and Rab interactor 3				88685.3
Q8TB36	Q8TB36	GDAP1_HUMAN	GDAP1	Ganglioside-induced differentiation-associated protein 1				191562
Q8TB37	Q8TB37	NUBPL_HUMAN	NUBPL	Iron-sulfur protein NUBPL				496143
Q8TB40	Q8TB40	ABHD4_HUMAN	ABHD4	(Lyso)-N-acylphosphatidylethanolamine lipase				82766.6
Q8TB61	Q8TB61	S35B2_HUMAN	SLC35B2	Adenosine 3'-phospho 5'-phosphosulfate transporter 1				1.80984e+06
Q8TB72	Q8TB72	PUM2_HUMAN	PUM2	Pumilio homolog 2	283994		205225	291470
Q8TB96	Q8TB96	TIP_HUMAN	ITFG1	T-cell immunomodulatory protein	454169		548229	356232
Q8TBA6	Q8TBA6	GOGA5_HUMAN	GOLGA5	Golgin subfamily A member 5				557790
Q8TBB5	Q8TBB5	KLDC4_HUMAN	KLHDC4	Kelch domain-containing protein 4	275727		182588	174828
Q8TBC4	Q8TBC4	UBA3_HUMAN	UBA3	NEDD8-activating enzyme E1 catalytic subunit	489923			2.40001e+06
Q8TBF2	Q8TBF2	PXL2B_HUMAN	PRXL2B	Prostamide/prostaglandin F synthase	196114		331370	626182
Q8TBM8	Q8TBM8	DJB14_HUMAN	DNAJB14	DnaJ homolog subfamily B member 14				493847
Q8TBP6	Q8TBP6	S2540_HUMAN	SLC25A40	Probable mitochondrial glutathione transporter SLC25A40				426089
Q8TBQ9	Q8TBQ9	KISHA_HUMAN	TMEM167A	Protein kish-A	321845		735827	3.42264e+06
Q8TBR7	Q8TBR7	TLC3A_HUMAN	TLCD3A	TLC domain-containing protein 3A				126233
Q8TBX8	Q8TBX8	PI42C_HUMAN	PIP4K2C	Phosphatidylinositol 5-phosphate 4-kinase type-2 gamma	608059		484805	1.40634e+06
Q8TBZ6	Q8TBZ6	TM10A_HUMAN	TRMT10A	tRNA methyltransferase 10 homolog A	219559		226675	169148
Q8TC07	Q8TC07	TBC15_HUMAN	TBC1D15	TBC1 domain family member 15	298364			1.21716e+06
Q8TC12	Q8TC12	RDH11_HUMAN	RDH11	Retinol dehydrogenase 11	365366			1.53402e+06
Q8TC71	Q8TC71	MIEAP_HUMAN	SPATA18	Mitochondria-eating protein			120068	192795
Q8TCA0	Q8TCA0	LRC20_HUMAN	LRRC20	Leucine-rich repeat-containing protein 20	281990		32215.5	69924
Q8TCC3	Q8TCC3	RM30_HUMAN	MRPL30	Large ribosomal subunit protein uL30m				458158
Q8TCD1	Q8TCD1	CR032_HUMAN	C18orf32	UPF0729 protein C18orf32	369178		357552	130375
Q8TCD5	Q8TCD5	NT5C_HUMAN	NT5C	5'(3')-deoxyribonucleotidase, cytosolic type			436452	1.38466e+06
Q8TCF1	Q8TCF1	ZFAN1_HUMAN	ZFAND1	AN1-type zinc finger protein 1	741296		400415	842655
Q8TCG2	Q8TCG2	P4K2B_HUMAN	PI4K2B	Phosphatidylinositol 4-kinase type 2-beta	19890.9		28334.1	76637.3
Q8TCJ2	Q8TCJ2	STT3B_HUMAN	STT3B	Dolichyl-diphosphooligosaccharide--protein glycosyltransferase subunit STT3B	6.9841e+06		83905.7	5.02697e+06
Q8TCS8	Q8TCS8	PNPT1_HUMAN	PNPT1	Polyribonucleotide nucleotidyltransferase 1, mitochondrial	1.38355e+06		779152	3.70782e+06
Q8TCT7	Q8TCT7	SPP2B_HUMAN	SPPL2B	Signal peptide peptidase-like 2B	159572			225078
Q8TCT8	Q8TCT8	SPP2A_HUMAN	SPPL2A	Signal peptide peptidase-like 2A	308626		322923	264322
Q8TCT9	Q8TCT9	HM13_HUMAN	HM13	Minor histocompatibility antigen H13	292123			2.7877e+06
Q8TCU6	Q8TCU6	PREX1_HUMAN	PREX1	Phosphatidylinositol 3,4,5-trisphosphate-dependent Rac exchanger 1 protein				131037
Q8TCY9	Q8TCY9	URGCP_HUMAN	URGCP	Up-regulator of cell proliferation				144718
Q8TD06	Q8TD06	AGR3_HUMAN	AGR3	Anterior gradient protein 3	4.84568e+06		9.68546e+06	4.71839e+06
Q8TD08	Q8TD08	MK15_HUMAN	MAPK15	Mitogen-activated protein kinase 15	1.32904e+06		570995	3.27605e+06
Q8TD16	Q8TD16;Q96G01	BICD2_HUMAN	BICD2	Protein bicaudal D homolog 2	1.25965e+06		351205	796401
Q8TD19	Q8TD19	NEK9_HUMAN	NEK9	Serine/threonine-protein kinase Nek9				793205
Q8TD22	Q8TD22	SFXN5_HUMAN	SFXN5	Sideroflexin-5	495222			1.55939e+06
Q8TD43	Q8TD43	TRPM4_HUMAN	TRPM4	Transient receptor potential cation channel subfamily M member 4				288404
Q8TD46	Q8TD46	MO2R1_HUMAN	CD200R1	Cell surface glycoprotein CD200 receptor 1			276979	178163
Q8TD55	Q8TD55	PKHO2_HUMAN	PLEKHO2	Pleckstrin homology domain-containing family O member 2	1.42026e+06		893650	643946
Q8TDB6	Q8TDB6	DTX3L_HUMAN	DTX3L	E3 ubiquitin-protein ligase DTX3L			65036.2	189156
Q8TDD1	Q8TDD1	DDX54_HUMAN	DDX54	ATP-dependent RNA helicase DDX54				986086
Q8TDH9	Q8TDH9	BL1S5_HUMAN	BLOC1S5	Biogenesis of lysosome-related organelles complex 1 subunit 5	532337		220508	287678
Q8TDN6	Q8TDN6	BRX1_HUMAN	BRIX1	Ribosome biogenesis protein BRX1 homolog	89563.5		178424	773239
Q8TDP1	Q8TDP1	RNH2C_HUMAN	RNASEH2C	Ribonuclease H2 subunit C	470991			327859
Q8TDQ7	Q8TDQ7	GNPI2_HUMAN	GNPDA2	Glucosamine-6-phosphate isomerase 2	1.36528e+06		2.02208e+06	1.02114e+06
Q8TDX7	Q8TDX7	NEK7_HUMAN	NEK7	Serine/threonine-protein kinase Nek7	492443		113405	1.13337e+06
Q8TDY2	Q8TDY2	RBCC1_HUMAN	RB1CC1	RB1-inducible coiled-coil protein 1		2.73501e+08		93755.8
Q8TDZ2	Q8TDZ2	MICA1_HUMAN	MICAL1	[F-actin]-monooxygenase MICAL1			182958	553249
Q8TE04	Q8TE04;Q9H999	PANK1_HUMAN	PANK1	Pantothenate kinase 1	307350			345735
Q8TE67	Q8TE67	ES8L3_HUMAN	EPS8L3	Epidermal growth factor receptor kinase substrate 8-like protein 3	1.22998e+06		1.40689e+06	1.50495e+06
Q8TE68	Q8TE68	ES8L1_HUMAN	EPS8L1	Epidermal growth factor receptor kinase substrate 8-like protein 1	1.02511e+06		506205	622521
Q8TE77	Q8TE77	SSH3_HUMAN	SSH3	Protein phosphatase Slingshot homolog 3	502843			1.34856e+06
Q8TEA7	Q8TEA7	TBCK_HUMAN	TBCK	TBC domain-containing protein kinase-like protein	837510		281894	57225.7
Q8TEA8	Q8TEA8	DTD1_HUMAN	DTD1	D-aminoacyl-tRNA deacylase 1	2.74551e+06		3.29146e+06	1.31301e+06
Q8TEB1	Q8TEB1	DCA11_HUMAN	DCAF11	DDB1- and CUL4-associated factor 11				126779
Q8TED0	Q8TED0	UTP15_HUMAN	UTP15	U3 small nucleolar RNA-associated protein 15 homolog	7849.93			42184.5
Q8TEH3	Q8TEH3	DEN1A_HUMAN	DENND1A	DENN domain-containing protein 1A		1.491e+08		345200
Q8TEM1	Q8TEM1	PO210_HUMAN	NUP210	Nuclear pore membrane glycoprotein 210				673429
Q8TEQ0	Q8TEQ0	SNX29_HUMAN	SNX29	Sorting nexin-29				58783.4
Q8TEQ6	Q8TEQ6	GEMI5_HUMAN	GEMIN5	Gem-associated protein 5	288419			700639
Q8TEQ8	Q8TEQ8	PIGO_HUMAN	PIGO	GPI ethanolamine phosphate transferase 3				878426
Q8TEU7	Q8TEU7	RPGF6_HUMAN	RAPGEF6	Rap guanine nucleotide exchange factor 6				99822.2
Q8TEW0	Q8TEW0	PARD3_HUMAN	PARD3	Partitioning defective 3 homolog	285894		203498	227272
Q8TEX9	Q8TEX9	IPO4_HUMAN	IPO4	Importin-4	269742			507004
Q8TF05	Q8TF05	PP4R1_HUMAN	PPP4R1	Serine/threonine-protein phosphatase 4 regulatory subunit 1				231266
Q8TF42	Q8TF42	UBS3B_HUMAN	UBASH3B	Ubiquitin-associated and SH3 domain-containing protein B				64603.4
Q8TF65	Q8TF65	GIPC2_HUMAN	GIPC2	PDZ domain-containing protein GIPC2	441368		414622	417794
Q8TF66	Q8TF66	LRC15_HUMAN	LRRC15	Leucine-rich repeat-containing protein 15	255628		278355	224651
Q8TF74	Q8TF74	WIPF2_HUMAN	WIPF2	WAS/WASL-interacting protein family member 2	549851		474314	73412.9
Q8WTS6	Q8WTS6	SETD7_HUMAN	SETD7	Histone-lysine N-methyltransferase SETD7	1.01058e+06		815482	644104
Q8WTT2	Q8WTT2	NOC3L_HUMAN	NOC3L	Nucleolar complex protein 3 homolog				347666
Q8WTV0	Q8WTV0	SCRB1_HUMAN	SCARB1	Scavenger receptor class B member 1	1.2525e+06		774941	630160
Q8WTW3	Q8WTW3	COG1_HUMAN	COG1	Conserved oligomeric Golgi complex subunit 1				747712
Q8WU39	Q8WU39	MZB1_HUMAN	MZB1	Marginal zone B- and B1-cell-specific protein	1.36489e+08		6.76453e+07	1.768e+07
Q8WU76	Q8WU76	SCFD2_HUMAN	SCFD2	Sec1 family domain-containing protein 2				357375
Q8WU79	Q8WU79	SMAP2_HUMAN	SMAP2	Stromal membrane-associated protein 2	2.85011e+06		1.44785e+06	3.43586e+06
Q8WU90	Q8WU90	ZC3HF_HUMAN	ZC3H15	Zinc finger CCCH domain-containing protein 15	1.62214e+06		1.97603e+06	1.18297e+06
Q8WUA2	Q8WUA2	PPIL4_HUMAN	PPIL4	Peptidyl-prolyl cis-trans isomerase-like 4	1.2622e+06		1.53948e+06	1.04188e+06
Q8WUA4	Q8WUA4	TF3C2_HUMAN	GTF3C2	General transcription factor 3C polypeptide 2	285695		323063	356354
Q8WUA7	Q8WUA7	TB22A_HUMAN	TBC1D22A	TBC1 domain family member 22A	85160.2			531718
Q8WUD1	Q8WUD1	RAB2B_HUMAN	RAB2B	Ras-related protein Rab-2B	241224		145630	90903.3
Q8WUD4	Q8WUD4	CCD12_HUMAN	CCDC12	Coiled-coil domain-containing protein 12	1.36297e+06		1.60536e+06	689581
Q8WUF5	Q8WUF5	IASPP_HUMAN	PPP1R13L	RelA-associated inhibitor	749296		452530	798056
Q8WUF8	Q8WUF8	F172A_HUMAN	FAM172A	Cotranscriptional regulator FAM172A	303450		235166	406697
Q8WUH1	Q8WUH1	CHUR_HUMAN	CHURC1	Protein Churchill	397126		378752	103295
Q8WUH2	Q8WUH2	TGFA1_HUMAN	TGFBRAP1	Transforming growth factor-beta receptor-associated protein 1				871270
Q8WUH6	Q8WUH6	TM263_HUMAN	TMEM263	Transmembrane protein 263	1.58759e+06		1.77562e+06	519244
Q8WUJ3	Q8WUJ3	CEMIP_HUMAN	CEMIP	Cell migration-inducing and hyaluronan-binding protein	153161			579362
Q8WUK0	Q8WUK0	PTPM1_HUMAN	PTPMT1	Phosphatidylglycerophosphatase and protein-tyrosine phosphatase 1				279733
Q8WUM0	Q8WUM0	NU133_HUMAN	NUP133	Nuclear pore complex protein Nup133				1.07154e+06
Q8WUM4	Q8WUM4	PDC6I_HUMAN	PDCD6IP	Programmed cell death 6-interacting protein	8.46169e+06		6.72718e+06	2.86174e+07
Q8WUP2	Q8WUP2	FBLI1_HUMAN	FBLIM1	Filamin-binding LIM protein 1	2.2132e+06		1.1111e+06	840153
Q8WUR7	Q8WUR7	CO040_HUMAN	C15orf40	UPF0235 protein C15orf40	566518		292579	
Q8WUX1	Q8WUX1	S38A5_HUMAN	SLC38A5	Sodium-coupled neutral amino acid transporter 5	428113			1.01549e+06
Q8WUX2	Q8WUX2	CHAC2_HUMAN	CHAC2	Glutathione-specific gamma-glutamylcyclotransferase 2	199685			
Q8WUX9	Q8WUX9	CHMP7_HUMAN	CHMP7	Charged multivesicular body protein 7	516547		151770	466431
Q8WUY1	Q8WUY1	THEM6_HUMAN	THEM6	Protein THEM6				2.00056e+06
Q8WUY3	Q8WUY3	PRUN2_HUMAN	PRUNE2	Protein prune homolog 2				305131
Q8WUZ0	Q8WUZ0	BCL7C_HUMAN	BCL7C	B-cell CLL/lymphoma 7 protein family member C	944721		660786	538339
Q8WV19	Q8WV19	SFT2A_HUMAN	SFT2D1	Vesicle transport protein SFT2A	517715		156669	
Q8WV24	Q8WV24	PHLA1_HUMAN	PHLDA1	Pleckstrin homology-like domain family A member 1	118993		73267.5	207153
Q8WV28	Q8WV28	BLNK_HUMAN	BLNK	B-cell linker protein	712159		514896	
Q8WV41	Q8WV41	SNX33_HUMAN	SNX33	Sorting nexin-33				57257.4
Q8WV74	Q8WV74	NUDT8_HUMAN	NUDT8	Mitochondrial coenzyme A diphosphatase NUDT8	261775		63235.3	470491
Q8WV93	Q8WV93	AFG1L_HUMAN	AFG1L	AFG1-like ATPase				253173
Q8WV99	Q8WV99	ZFN2B_HUMAN	ZFAND2B	AN1-type zinc finger protein 2B	458416		238752	57692.6
Q8WVC0	Q8WVC0	LEO1_HUMAN	LEO1	RNA polymerase-associated protein LEO1	613944		463725	443260
Q8WVC6	Q8WVC6	DCAKD_HUMAN	DCAKD	Dephospho-CoA kinase domain-containing protein	273466		254288	1.06349e+06
Q8WVI0	Q8WVI0	UQCC5_HUMAN	UQCC5	Ubiquinol-cytochrome-c reductase complex assembly factor 5	90939.7			234514
Q8WVJ2	Q8WVJ2	NUDC2_HUMAN	NUDCD2	NudC domain-containing protein 2	2.16362e+06		657323	832782
Q8WVK7	Q8WVK7	SKA2_HUMAN	SKA2	Spindle and kinetochore-associated protein 2			55321.3	41257.9
Q8WVL7	Q8WVL7	ANR49_HUMAN	ANKRD49	Ankyrin repeat domain-containing protein 49	47933.9			63027.2
Q8WVM0	Q8WVM0	TFB1M_HUMAN	TFB1M	Dimethyladenosine transferase 1, mitochondrial	372448		300851	788191
Q8WVM7	Q8WVM7	STAG1_HUMAN	STAG1	Cohesin subunit SA-1	126898			264780
Q8WVM8	Q8WVM8	SCFD1_HUMAN	SCFD1	Sec1 family domain-containing protein 1				1.28297e+06
Q8WVP7	Q8WVP7	LMBR1_HUMAN	LMBR1	Limb region 1 protein homolog				292802
Q8WVQ1	Q8WVQ1	CANT1_HUMAN	CANT1	Soluble calcium-activated nucleotidase 1	1.04957e+06		802247	1.47301e+06
Q8WVT3	Q8WVT3	TPC12_HUMAN	TRAPPC12	Trafficking protein particle complex subunit 12	208346			290435
Q8WVV4	Q8WVV4	POF1B_HUMAN	POF1B	Protein POF1B	1.37503e+06		1.92296e+06	2.94919e+06
Q8WVV9	Q8WVV9	HNRLL_HUMAN	HNRNPLL	Heterogeneous nuclear ribonucleoprotein L-like	507377		498440	997249
Q8WVY7	Q8WVY7	UBCP1_HUMAN	UBLCP1	Ubiquitin-like domain-containing CTD phosphatase 1	1.26179e+06		952041	3.31371e+06
Q8WW01	Q8WW01	SEN15_HUMAN	TSEN15	tRNA-splicing endonuclease subunit Sen15				76790.1
Q8WW12	Q8WW12	PCNP_HUMAN	PCNP	PEST proteolytic signal-containing nuclear protein	7.42035e+06		5.03318e+06	630641
Q8WW22	Q8WW22	DNJA4_HUMAN	DNAJA4	DnaJ homolog subfamily A member 4	458694		375377	162737
Q8WW43	Q8WW43	APH1B_HUMAN	APH1B	Gamma-secretase subunit APH-1B				322490
Q8WW59	Q8WW59	SPRY4_HUMAN	SPRYD4	SPRY domain-containing protein 4	1.78194e+06		1.80322e+06	4.43272e+06
Q8WWA0	Q8WWA0	ITLN1_HUMAN	ITLN1	Intelectin-1	4.05976e+06		1.31436e+07	223426
Q8WWC4	Q8WWC4	MAIP1_HUMAN	MAIP1	m-AAA protease-interacting protein 1, mitochondrial				1.93675e+06
Q8WWH5	Q8WWH5	TRUB1_HUMAN	TRUB1	Pseudouridylate synthase TRUB1	650053		502406	721267
Q8WWI1	Q8WWI1	LMO7_HUMAN	LMO7	LIM domain only protein 7	2.76595e+06		2.47422e+06	2.16753e+06
Q8WWI5	Q8WWI5	CTL1_HUMAN	SLC44A1	Choline transporter-like protein 1	1.02941e+06		1.43916e+06	1.18958e+06
Q8WWM7	Q8WWM7	ATX2L_HUMAN	ATXN2L	Ataxin-2-like protein	2.97062e+06		1.52389e+06	945266
Q8WWM9	Q8WWM9	CYGB_HUMAN	CYGB	Cytoglobin	2.48497e+06		1.73357e+06	2.35025e+06
Q8WWP7	Q8WWP7	GIMA1_HUMAN	GIMAP1	GTPase IMAP family member 1	98280.8			707885
Q8WWQ0	Q8WWQ0;Q9NSI6	PHIP_HUMAN	PHIP	PH-interacting protein	104796			268075
Q8WWV3	Q8WWV3	RT4I1_HUMAN	RTN4IP1	Reticulon-4-interacting protein 1, mitochondrial	465256		210234	1.06952e+06
Q8WWW0	Q8WWW0	RASF5_HUMAN	RASSF5	Ras association domain-containing protein 5	91394.1			128571
Q8WWX9	Q8WWX9	SELM_HUMAN	SELENOM	Selenoprotein M	1.7412e+06		1.1399e+06	257651
Q8WWY3	Q8WWY3	PRP31_HUMAN	PRPF31	U4/U6 small nuclear ribonucleoprotein Prp31	3.33772e+06		1.38016e+06	4.70015e+06
Q8WWY8	Q8WWY8	LIPH_HUMAN	LIPH	Lipase member H	215577		300056	425394
Q8WX92	Q8WX92	NELFB_HUMAN	NELFB	Negative elongation factor B	98262.6			583109
Q8WX93	Q8WX93	PALLD_HUMAN	PALLD	Palladin	6.49541e+06		5.49936e+06	2.82225e+06
Q8WXA3	Q8WXA3	RUFY2_HUMAN	RUFY2	RUN and FYVE domain-containing protein 2				156886
Q8WXA9	Q8WXA9	SREK1_HUMAN	SREK1	Splicing regulatory glutamine/lysine-rich protein 1	324099		272549	568822
Q8WXD5	Q8WXD5	GEMI6_HUMAN	GEMIN6	Gem-associated protein 6	195749			148141
Q8WXF1	Q8WXF1	PSPC1_HUMAN	PSPC1	Paraspeckle component 1	4.12356e+06		5.87159e+06	2.20627e+06
Q8WXF7	Q8WXF7	ATLA1_HUMAN	ATL1	Atlastin-1				132176
Q8WXG6	Q8WXG6	MADD_HUMAN	MADD	MAP kinase-activating death domain protein				95770.3
Q8WXH0	Q8WXH0	SYNE2_HUMAN	SYNE2	Nesprin-2				314179
Q8WXI4	Q8WXI4	ACO11_HUMAN	ACOT11	Acyl-coenzyme A thioesterase 11	525949		462053	2.14114e+06
Q8WXI9	Q8WXI9	P66B_HUMAN	GATAD2B	Transcriptional repressor p66-beta	442828			204343
Q8WXK1	Q8WXK1	ASB15_HUMAN	ASB15	Ankyrin repeat and SOCS box protein 15	1.70522e+06		346677	
Q8WXR4	Q8WXR4	MYO3B_HUMAN	MYO3B	Myosin-IIIb				526259
Q8WXX5	Q8WXX5	DNJC9_HUMAN	DNAJC9	DnaJ homolog subfamily C member 9	929842			456894
Q8WY22	Q8WY22	BRI3B_HUMAN	BRI3BP	BRI3-binding protein	2.26428e+06		930623	1.2274e+06
Q8WYA0	Q8WYA0	IFT81_HUMAN	IFT81	Intraflagellar transport protein 81 homolog				13603.4
Q8WYA6	Q8WYA6	CTBL1_HUMAN	CTNNBL1	Beta-catenin-like protein 1	994030		305681	869589
Q8WYJ6	Q8WYJ6	SEPT1_HUMAN	SEPTIN1	Septin-1	680224		80058.4	342553
Q8WYL5	Q8WYL5	SSH1_HUMAN	SSH1	Protein phosphatase Slingshot homolog 1	401467		193076	85828
Q8WYP3	Q8WYP3	RIN2_HUMAN	RIN2	Ras and Rab interactor 2				124599
Q8WYP5	Q8WYP5	ELYS_HUMAN	AHCTF1	Protein ELYS				218125
Q8WZ74	Q8WZ74	CTTB2_HUMAN	CTTNBP2	Cortactin-binding protein 2				2.52195e+06
Q8WZ82	Q8WZ82	OVCA2_HUMAN	OVCA2	Esterase OVCA2				463643
Q8WZA0	Q8WZA0	LZIC_HUMAN	LZIC	Protein LZIC	3.30425e+06		1.02537e+06	629459
Q8WZA1	Q8WZA1	PMGT1_HUMAN	POMGNT1	Protein O-linked-mannose beta-1,2-N-acetylglucosaminyltransferase 1				185152
Q8WZA9	Q8WZA9	IRGQ_HUMAN	IRGQ	Immunity-related GTPase family Q protein	738922		226401	2.21418e+06
Q92466	Q92466	DDB2_HUMAN	DDB2	DNA damage-binding protein 2			416339	3.64309e+06
Q92484	Q92484	ASM3A_HUMAN	SMPDL3A	Acid sphingomyelinase-like phosphodiesterase 3a	1.1484e+06		1.97908e+06	1.28955e+06
Q92485	Q92485	ASM3B_HUMAN	SMPDL3B	Acid sphingomyelinase-like phosphodiesterase 3b	629142		1.18886e+06	339161
Q92499	Q92499	DDX1_HUMAN	DDX1	ATP-dependent RNA helicase DDX1	4.76171e+06		4.14931e+06	4.18868e+06
Q92506	Q92506	DHB8_HUMAN	HSD17B8	(3R)-3-hydroxyacyl-CoA dehydrogenase	2.49311e+06		4.22218e+06	3.10905e+06
Q92508	Q92508	PIEZ1_HUMAN	PIEZO1	Piezo-type mechanosensitive ion channel component 1	245214		435976	254301
Q92520	Q92520	FAM3C_HUMAN	FAM3C	Protein FAM3C	3.64212e+06		3.38623e+06	3.34578e+06
Q92522	Q92522	H1X_HUMAN	H1-10	Histone H1.10	6.78254e+06		3.95392e+06	3.57364e+06
Q92530	Q92530	PSMF1_HUMAN	PSMF1	Proteasome inhibitor PI31 subunit	1.30096e+06		386959	1.77984e+06
Q92536	Q92536	YLAT2_HUMAN	SLC7A6	Y+L amino acid transporter 2	132244		81760.1	1.48191e+06
Q92538	Q92538	GBF1_HUMAN	GBF1	Golgi-specific brefeldin A-resistance guanine nucleotide exchange factor 1			636327	465448
Q92541	Q92541	RTF1_HUMAN	RTF1	RNA polymerase-associated protein RTF1 homolog	1.42523e+06		939389	695573
Q92542	Q92542	NICA_HUMAN	NCSTN	Nicastrin	5.54012e+06		5.68711e+06	3.52727e+06
Q92544	Q92544	TM9S4_HUMAN	TM9SF4	Transmembrane 9 superfamily member 4				3.00735e+06
Q92545	Q92545	TM131_HUMAN	TMEM131	Transmembrane protein 131				182222
Q92546	Q92546	RGP1_HUMAN	RGP1	RAB6A-GEF complex partner protein 2	200837			137699
Q92551	Q92551	IP6K1_HUMAN	IP6K1	Inositol hexakisphosphate kinase 1	872376		630640	655032
Q92552	Q92552	RT27_HUMAN	MRPS27	Small ribosomal subunit protein mS27	322625		128283	1.97467e+06
Q92556	Q92556	ELMO1_HUMAN	ELMO1	Engulfment and cell motility protein 1	112311			637399
Q92560	Q92560	BAP1_HUMAN	BAP1	Ubiquitin carboxyl-terminal hydrolase BAP1				19809
Q92562	Q92562	FIG4_HUMAN	FIG4	Polyphosphoinositide phosphatase				149555
Q92572	Q92572	AP3S1_HUMAN	AP3S1	AP-3 complex subunit sigma-1				693769
Q92574	Q92574	TSC1_HUMAN	TSC1	Hamartin				44163
Q92575	Q92575	UBXN4_HUMAN	UBXN4	UBX domain-containing protein 4	261698		214531	483897
Q92581	Q92581	SL9A6_HUMAN	SLC9A6	Sodium/hydrogen exchanger 6				261728
Q92597	Q92597	NDRG1_HUMAN	NDRG1	Protein NDRG1	754679		424309	1.29597e+06
Q92598	Q92598	HS105_HUMAN	HSPH1	Heat shock protein 105 kDa	3.91171e+06		2.55452e+06	8.3603e+06
Q92599	Q92599	SEPT8_HUMAN	SEPTIN8	Septin-8	1.34692e+06		1.27382e+06	1.8227e+06
Q92600	Q92600	CNOT9_HUMAN	CNOT9	CCR4-NOT transcription complex subunit 9	1.11991e+06		404641	907490
Q92604	Q92604	LGAT1_HUMAN	LPGAT1	Acyl-CoA:lysophosphatidylglycerol acyltransferase 1				465843
Q92608	Q92608	DOCK2_HUMAN	DOCK2	Dedicator of cytokinesis protein 2				722961
Q92609	Q92609	TBCD5_HUMAN	TBC1D5	TBC1 domain family member 5	345902			367650
Q92614	Q92614	MY18A_HUMAN	MYO18A	Unconventional myosin-XVIIIa				331212
Q92615	Q92615	LAR4B_HUMAN	LARP4B	La-related protein 4B	1.13539e+06		472274	510694
Q92616	Q92616	GCN1_HUMAN	GCN1	Stalled ribosome sensor GCN1	587469		319209	3.15204e+06
Q92619	Q92619	HMHA1_HUMAN	ARHGAP45	Rho GTPase-activating protein 45				200565
Q92620	Q92620	PRP16_HUMAN	DHX38	Pre-mRNA-splicing factor ATP-dependent RNA helicase PRP16				451278
Q92621	Q92621	NU205_HUMAN	NUP205	Nuclear pore complex protein Nup205				944620
Q92623	Q92623	TTC9A_HUMAN	TTC9	Tetratricopeptide repeat protein 9A	229905		65034.6	
Q92625	Q92625	ANS1A_HUMAN	ANKS1A	Ankyrin repeat and SAM domain-containing protein 1A	770351		621185	1.30709e+06
Q92626	Q92626	PXDN_HUMAN	PXDN	Peroxidasin homolog	858275			344929
Q92629	Q92629	SGCD_HUMAN	SGCD	Delta-sarcoglycan	789247		723112	873988
Q92633	Q92633	LPAR1_HUMAN	LPAR1	Lysophosphatidic acid receptor 1	214532		157548	250944
Q92643	Q92643	GPI8_HUMAN	PIGK	GPI-anchor transamidase				959814
Q92665	Q92665	RT31_HUMAN	MRPS31	Small ribosomal subunit protein mS31	604625		415661	924464
Q92667	Q92667	AKAP1_HUMAN	AKAP1	A-kinase anchor protein 1, mitochondrial				533103
Q92673	Q92673	SORL_HUMAN	SORL1	Sortilin-related receptor	956060		711228	1.08088e+06
Q92685	Q92685	ALG3_HUMAN	ALG3	Dol-P-Man:Man(5)GlcNAc(2)-PP-Dol alpha-1,3-mannosyltransferase				818967
Q92688	Q92688	AN32B_HUMAN	ANP32B	Acidic leucine-rich nuclear phosphoprotein 32 family member B	2.71748e+07		1.664e+07	1.27352e+07
Q92692	Q92692	NECT2_HUMAN	NECTIN2	Nectin-2	1.73964e+06		2.03679e+06	1.01062e+06
Q92696	Q92696	PGTA_HUMAN	RABGGTA	Geranylgeranyl transferase type-2 subunit alpha				582129
Q92733	Q92733	PRCC_HUMAN	PRCC	Proline-rich protein PRCC	815072		358418	178193
Q92734	Q92734	TFG_HUMAN	TFG	Protein TFG	4.70922e+06		4.31739e+06	4.92315e+06
Q92738	Q92738	US6NL_HUMAN	USP6NL	USP6 N-terminal-like protein				67591.6
Q92743	Q92743	HTRA1_HUMAN	HTRA1	Serine protease HTRA1	257515		183653	145556
Q92747	Q92747	ARC1A_HUMAN	ARPC1A	Actin-related protein 2/3 complex subunit 1A	1.28483e+06	2.75369e+07	1.81014e+06	3.11476e+06
Q92759	Q92759	TF2H4_HUMAN	GTF2H4	General transcription factor IIH subunit 4				116335
Q92769	Q92769	HDAC2_HUMAN	HDAC2	Histone deacetylase 2	360215		248917	591928
Q92783	Q92783	STAM1_HUMAN	STAM	Signal transducing adapter molecule 1	530734			363812
Q92785	Q92785	REQU_HUMAN	DPF2	Zinc finger protein ubi-d4	950640		217709	729307
Q92791	Q92791	SC65_HUMAN	P3H4	Endoplasmic reticulum protein SC65				421581
Q92793	Q92793	CBP_HUMAN	CREBBP	CREB-binding protein	761170		425606	455148
Q92796	Q92796	DLG3_HUMAN	DLG3	Disks large homolog 3	471493		511519	619531
Q92797	Q92797	SYMPK_HUMAN	SYMPK	Symplekin	255308		361255	633441
Q92804	Q92804	RBP56_HUMAN	TAF15	TATA-binding protein-associated factor 2N	522146		599663	609021
Q92805	Q92805	GOGA1_HUMAN	GOLGA1	Golgin subfamily A member 1	349161		178024	345005
Q92817	Q92817	EVPL_HUMAN	EVPL	Envoplakin		8.78204e+07	161970	198181
Q92820	Q92820	GGH_HUMAN	GGH	Gamma-glutamyl hydrolase	3.92398e+07		1.08049e+08	5.61969e+07
Q92828	Q92828	COR2A_HUMAN	CORO2A	Coronin-2A			1.50631e+06	1.0944e+06
Q92835	Q92835	SHIP1_HUMAN	INPP5D	Phosphatidylinositol 3,4,5-trisphosphate 5-phosphatase 1	449376		1.15414e+06	554471
Q92839	Q92839	HYAS1_HUMAN	HAS1	Hyaluronan synthase 1	4.40034e+06		785230	
Q92841	Q92841	DDX17_HUMAN	DDX17	Probable ATP-dependent RNA helicase DDX17	8.97659e+06		1.39097e+07	8.79666e+06
Q92845	Q92845	KIFA3_HUMAN	KIFAP3	Kinesin-associated protein 3				218354
Q92851	Q92851	CASPA_HUMAN	CASP10	Caspase-10	683512		417063	408004
Q92854	Q92854	SEM4D_HUMAN	SEMA4D	Semaphorin-4D	84790.9		95305.6	50744.6
Q92859	Q92859	NEO1_HUMAN	NEO1	Neogenin	352385		187361	217339
Q92876	Q92876	KLK6_HUMAN	KLK6	Kallikrein-6	61503.2	7.63348e+07		172729
Q92878	Q92878	RAD50_HUMAN	RAD50	DNA repair protein RAD50	320776		539424	2.31323e+06
Q92879	Q92879	CELF1_HUMAN	CELF1	CUGBP Elav-like family member 1	1.65072e+06		1.06611e+06	1.04775e+06
Q92882	Q92882	OSTF1_HUMAN	OSTF1	Osteoclast-stimulating factor 1	6.49291e+06		4.35921e+06	3.87856e+06
Q92888	Q92888	ARHG1_HUMAN	ARHGEF1	Rho guanine nucleotide exchange factor 1	487322		415686	1.12109e+06
Q92890	Q92890	UFD1_HUMAN	UFD1	Ubiquitin recognition factor in ER-associated degradation protein 1	5.6784e+06		4.25461e+06	3.5442e+06
Q92896	Q92896	GSLG1_HUMAN	GLG1	Golgi apparatus protein 1	3.31196e+06		2.75055e+06	3.16159e+06
Q92900	Q92900	RENT1_HUMAN	UPF1	Regulator of nonsense transcripts 1	2.11907e+06		1.25306e+06	2.44103e+06
Q92903	Q92903	CDS1_HUMAN	CDS1	Phosphatidate cytidylyltransferase 1				170921
Q92905	Q92905	CSN5_HUMAN	COPS5	COP9 signalosome complex subunit 5	5.42625e+06		3.18064e+06	3.21297e+06
Q92917	Q92917	GPKOW_HUMAN	GPKOW	G-patch domain and KOW motifs-containing protein	1.49093e+06			597717
Q92922	Q92922	SMRC1_HUMAN	SMARCC1	SWI/SNF complex subunit SMARCC1	281606		420198	509613
Q92925	Q92925	SMRD2_HUMAN	SMARCD2	SWI/SNF-related matrix-associated actin-dependent regulator of chromatin subfamily D member 2				405762
Q92930	Q92930	RAB8B_HUMAN	RAB8B	Ras-related protein Rab-8B	3.76627e+06		3.30977e+06	1.72345e+06
Q92934	Q92934	BAD_HUMAN	BAD	Bcl2-associated agonist of cell death	766532		463427	283778
Q92945	Q92945	FUBP2_HUMAN	KHSRP	Far upstream element-binding protein 2	2.98466e+07		1.43e+07	9.54384e+06
Q92947	Q92947	GCDH_HUMAN	GCDH	Glutaryl-CoA dehydrogenase, mitochondrial	502759		661855	5.17767e+06
Q92959	Q92959	SO2A1_HUMAN	SLCO2A1	Solute carrier organic anion transporter family member 2A1				233241
Q92963	Q92963	RIT1_HUMAN	RIT1	GTP-binding protein Rit1			15068.1	28901.1
Q92968	Q92968	PEX13_HUMAN	PEX13	Peroxisomal membrane protein PEX13				61968.1
Q92973	Q92973	TNPO1_HUMAN	TNPO1	Transportin-1	462002		233495	2.35376e+06
Q92974	Q92974	ARHG2_HUMAN	ARHGEF2	Rho guanine nucleotide exchange factor 2	793057		99307.9	595401
Q92979	Q92979	NEP1_HUMAN	EMG1	Ribosomal RNA small subunit methyltransferase NEP1	2.87192e+06		3.07761e+06	921591
Q92982	Q92982	NINJ1_HUMAN	NINJ1	Ninjurin-1				37624.3
Q92989	Q92989	CLP1_HUMAN	CLP1	Polyribonucleotide 5'-hydroxyl-kinase Clp1	333195			764951
Q92990	Q92990	GLMN_HUMAN	GLMN	Glomulin	242982			514095
Q92997	O14641;Q92997	DVL3_HUMAN	DVL3	Segment polarity protein dishevelled homolog DVL-3				139129
Q93008	O00507;Q93008	USP9X_HUMAN	USP9X	Probable ubiquitin carboxyl-terminal hydrolase FAF-X	604958			1.08188e+06
Q93009	Q93009	UBP7_HUMAN	USP7	Ubiquitin carboxyl-terminal hydrolase 7	1.66862e+06		730478	5.36359e+06
Q93034	Q93034	CUL5_HUMAN	CUL5	Cullin-5	235220		603101	1.35213e+06
Q93045	Q93045	STMN2_HUMAN	STMN2	Stathmin-2	8.46717e+06		3.59864e+06	992303
Q93050	Q93050	VPP1_HUMAN	ATP6V0A1	V-type proton ATPase 116 kDa subunit a 1			123153	854513
Q93052	Q93052	LPP_HUMAN	LPP	Lipoma-preferred partner	9.08966e+06		3.86562e+06	3.46243e+06
Q93062	Q93062	RBPMS_HUMAN	RBPMS	RNA-binding protein with multiple splicing	1.39802e+06		1.03526e+06	618479
Q93063	Q93063	EXT2_HUMAN	EXT2	Exostosin-2				79182.1
Q93074	Q93074	MED12_HUMAN	MED12	Mediator of RNA polymerase II transcription subunit 12				175151
Q93084	Q93084	AT2A3_HUMAN	ATP2A3	Sarcoplasmic/endoplasmic reticulum calcium ATPase 3	61577		1.60298e+06	1.42751e+06
Q93091	Q93091	RNAS6_HUMAN	RNASE6	Ribonuclease K6	749860		1.06691e+06	467739
Q93096	Q93096	TP4A1_HUMAN	PTP4A1	Protein tyrosine phosphatase type IVA 1	1.8385e+06		1.50338e+06	1.20716e+06
Q93099	Q93099	HGD_HUMAN	HGD	Homogentisate 1,2-dioxygenase	622388		805791	600235
Q93100	Q93100	KPBB_HUMAN	PHKB	Phosphorylase b kinase regulatory subunit beta	179043			247461
Q969E2	Q969E2	SCAM4_HUMAN	SCAMP4	Secretory carrier-associated membrane protein 4	330183			1.84801e+06
Q969E4	Q5H9L2;Q969E4	TCAL3_HUMAN	TCEAL3	Transcription elongation factor A protein-like 3	1.59002e+06		1.16542e+06	220445
Q969E8	Q969E8	TSR2_HUMAN	TSR2	Pre-rRNA-processing protein TSR2 homolog	318977			209235
Q969F9	Q969F9	HPS3_HUMAN	HPS3	BLOC-2 complex member HPS3				146524
Q969G3	Q969G3	SMCE1_HUMAN	SMARCE1	SWI/SNF-related matrix-associated actin-dependent regulator of chromatin subfamily E member 1	1.52626e+06		953931	797088
Q969G5	Q969G5	CAVN3_HUMAN	CAVIN3	Caveolae-associated protein 3	3.81802e+06		665268	3.26236e+06
Q969G6	Q969G6	RIFK_HUMAN	RFK	Riboflavin kinase	697518		614404	587503
Q969H6	Q969H6	POP5_HUMAN	POP5	Ribonuclease P/MRP protein subunit POP5	149035		278884	380279
Q969H8	Q969H8	MYDGF_HUMAN	MYDGF	Myeloid-derived growth factor	1.67245e+07		1.74598e+07	5.73328e+06
Q969I3	Q969I3	GLYL1_HUMAN	GLYATL1	Glycine N-acyltransferase-like protein 1				231445
Q969J3	Q969J3	BORC5_HUMAN	BORCS5	BLOC-1-related complex subunit 5	1.2762e+06		785736	502411
Q969K3	Q969K3	RNF34_HUMAN	RNF34	E3 ubiquitin-protein ligase RNF34				7882.77
Q969L2	Q969L2	MAL2_HUMAN	MAL2	Protein MAL2	1.32922e+06		1.55047e+06	6.16607e+06
Q969M3	Q969M3	YIPF5_HUMAN	YIPF5	Protein YIPF5				350290
Q969M7	Q969M7	UBE2F_HUMAN	UBE2F	NEDD8-conjugating enzyme UBE2F				164550
Q969N2	Q969N2	PIGT_HUMAN	PIGT	GPI transamidase component PIG-T				974293
Q969P0	Q969P0	IGSF8_HUMAN	IGSF8	Immunoglobulin superfamily member 8	1.07308e+06		761435	871724
Q969Q0	P83881;Q969Q0	RL36L_HUMAN	RPL36AL	Ribosomal protein eL42-like	2.21276e+06		859922	299108
Q969Q5	Q969Q5	RAB24_HUMAN	RAB24	Ras-related protein Rab-24	942033		841091	411582
Q969R2	Q969R2	OSBP2_HUMAN	OSBP2	Oxysterol-binding protein 2			786272	882976
Q969S3	Q969S3	ZN622_HUMAN	ZNF622	Cytoplasmic 60S subunit biogenesis factor ZNF622	1.59188e+06		1.88078e+06	932569
Q969S9	Q969S9	RRF2M_HUMAN	GFM2	Ribosome-releasing factor 2, mitochondrial	226016		239504	708477
Q969T3	Q969T3	SNX21_HUMAN	SNX21	Sorting nexin-21				34227.9
Q969T7	Q969T7	5NT3B_HUMAN	NT5C3B	7-methylguanosine phosphate-specific 5'-nucleotidase				384361
Q969T9	Q969T9	WBP2_HUMAN	WBP2	WW domain-binding protein 2	2.2891e+06		2.23609e+06	1.37498e+06
Q969U7	Q969U7	PSMG2_HUMAN	PSMG2	Proteasome assembly chaperone 2	1.77369e+06		869983	2.44314e+06
Q969V3	Q969V3	NCLN_HUMAN	NCLN	BOS complex subunit NCLN	292246			3.51116e+06
Q969X1	Q969X1	LFG3_HUMAN	TMBIM1	Protein lifeguard 3	1.28336e+06		675397	1.03092e+06
Q969X5	Q969X5	ERGI1_HUMAN	ERGIC1	Endoplasmic reticulum-Golgi intermediate compartment protein 1	1.04785e+06		1.0019e+06	3.29644e+06
Q969Y2	Q969Y2	GTPB3_HUMAN	GTPBP3	tRNA modification GTPase GTPBP3, mitochondrial				95067.9
Q969Z0	Q969Z0	FAKD4_HUMAN	TBRG4	FAST kinase domain-containing protein 4				2.31466e+06
Q969Z3	Q969Z3	MARC2_HUMAN	MTARC2	Mitochondrial amidoxime reducing component 2	595482		227572	669452
Q96A00	Q96A00	PP14A_HUMAN	PPP1R14A	Protein phosphatase 1 regulatory subunit 14A	322249		319197	187068
Q96A26	Q96A26	F162A_HUMAN	FAM162A	Protein FAM162A	1.28058e+07		1.21741e+07	1.17482e+07
Q96A29	Q96A29	FUCT1_HUMAN	SLC35C1	GDP-fucose transporter 1				876112
Q96A33	Q96A33	CCD47_HUMAN	CCDC47	PAT complex subunit CCDC47	403794		388467	1.84624e+06
Q96A35	Q96A35	RM24_HUMAN	MRPL24	Large ribosomal subunit protein uL24m				1.7253e+06
Q96A49	Q96A49	SYAP1_HUMAN	SYAP1	Synapse-associated protein 1	4.47644e+06		2.3665e+06	2.27904e+06
Q96A57	Q96A57	TM230_HUMAN	TMEM230	Transmembrane protein 230	491239		283240	690262
Q96A65	Q96A65	EXOC4_HUMAN	EXOC4	Exocyst complex component 4				606895
Q96AA3	Q96AA3	RFT1_HUMAN	RFT1	Protein RFT1 homolog				1.61664e+06
Q96AB3	Q96AB3	ISOC2_HUMAN	ISOC2	Isochorismatase domain-containing protein 2	86420.9		77088.7	1.03401e+06
Q96AB6	Q96AB6	NTAN1_HUMAN	NTAN1	Protein N-terminal asparagine amidohydrolase	31276.6			89665.5
Q96AC1	Q96AC1;Q9BQL6	FERM2_HUMAN	FERMT2	Fermitin family homolog 2	271393		381531	2.38404e+06
Q96AE4	Q96AE4	FUBP1_HUMAN	FUBP1	Far upstream element-binding protein 1	2.85135e+07		2.43163e+07	8.80499e+06
Q96AE7	Q96AE7	TTC17_HUMAN	TTC17	Tetratricopeptide repeat protein 17				92455.6
Q96AG3	Q96AG3	S2546_HUMAN	SLC25A46	Mitochondrial outer membrane protein SLC25A46				1.74911e+06
Q96AG4	Q96AG4	LRC59_HUMAN	LRRC59	Leucine-rich repeat-containing protein 59	1.60068e+07		7.34354e+06	9.66491e+06
Q96AJ9	Q96AJ9	VTI1A_HUMAN	VTI1A	Vesicle transport through interaction with t-SNAREs homolog 1A	1.09032e+06		767634	597977
Q96AM1	Q96AM1	MRGRF_HUMAN	MRGPRF	Mas-related G-protein coupled receptor member F			50846.1	364412
Q96AP7	Q96AP7	ESAM_HUMAN	ESAM	Endothelial cell-selective adhesion molecule	807040		574490	547639
Q96AQ6	Q96AQ6	PBIP1_HUMAN	PBXIP1	Pre-B-cell leukemia transcription factor-interacting protein 1	279671			961699
Q96AQ8	Q96AQ8	MCUR1_HUMAN	MCUR1	Mitochondrial calcium uniporter regulator 1	56972.8			214014
Q96AT1	Q96AT1	K1143_HUMAN	KIAA1143	Uncharacterized protein KIAA1143	1.42964e+06		735416	377701
Q96AW1	Q96AW1	VOPP1_HUMAN	VOPP1	WW domain binding protein VOPP1				49442
Q96AX1	Q96AX1	VP33A_HUMAN	VPS33A	Vacuolar protein sorting-associated protein 33A				4.76951e+06
Q96AX2	Q96AX2	RAB37_HUMAN	RAB37	Ras-related protein Rab-37	571266		1.08614e+06	551623
Q96AY3	Q96AY3	FKB10_HUMAN	FKBP10	Peptidyl-prolyl cis-trans isomerase FKBP10	4.13158e+06		5.81841e+06	6.01529e+06
Q96AZ6	Q96AZ6	ISG20_HUMAN	ISG20	Interferon-stimulated gene 20 kDa protein	449613		177353	212545
Q96B21	Q96B21	TM45B_HUMAN	TMEM45B	Transmembrane protein 45B				659837
Q96B26	Q96B26	EXOS8_HUMAN	EXOSC8	Exosome complex component RRP43	1.48119e+06		1.07233e+06	456059
Q96B36	Q96B36	AKTS1_HUMAN	AKT1S1	Proline-rich AKT1 substrate 1	586020			340024
Q96B45	Q96B45	BORC7_HUMAN	BORCS7	BLOC-1-related complex subunit 7	567315			
Q96B54	Q96B54	ZN428_HUMAN	ZNF428	Zinc finger protein 428	525518			
Q96B96	Q96B96	LDAF1_HUMAN	LDAF1	Lipid droplet assembly factor 1				665808
Q96B97	Q96B97	SH3K1_HUMAN	SH3KBP1	SH3 domain-containing kinase-binding protein 1	4.76625e+06		3.19137e+06	2.24413e+06
Q96BI1	Q96BI1	S22AI_HUMAN	SLC22A18	Solute carrier family 22 member 18			111327	1.90521e+06
Q96BI3	Q96BI3	APH1A_HUMAN	APH1A	Gamma-secretase subunit APH-1A				295046
Q96BJ3	Q96BJ3	AIDA_HUMAN	AIDA	Axin interactor, dorsalization-associated protein	784911		723155	932391
Q96BJ8	Q96BJ8	ELMO3_HUMAN	ELMO3	Engulfment and cell motility protein 3				290641
Q96BM9	Q96BM9	ARL8A_HUMAN	ARL8A	ADP-ribosylation factor-like protein 8A	6.90056e+06		7.23211e+06	3.31267e+06
Q96BN8	Q96BN8	OTUL_HUMAN	OTULIN	Ubiquitin thioesterase otulin				178417
Q96BP3	Q96BP3	PPWD1_HUMAN	PPWD1	Peptidylprolyl isomerase domain and WD repeat-containing protein 1	1.39209e+06		989038	476125
Q96BQ1	Q96BQ1	FAM3D_HUMAN	FAM3D	Protein FAM3D	5.53915e+06		4.60221e+06	4.55871e+06
Q96BR1	Q96BR1	SGK3_HUMAN	SGK3	Serine/threonine-protein kinase Sgk3				77160.8
Q96BR5	Q96BR5	COA7_HUMAN	COA7	Cytochrome c oxidase assembly factor 7	2.30348e+06		3.06616e+06	1.63303e+06
Q96BS2	Q96BS2	CHP3_HUMAN	TESC	Calcineurin B homologous protein 3	2.61137e+06		909048	962581
Q96BW5	Q96BW5	PTER_HUMAN	PTER	Phosphotriesterase-related protein	3.36931e+06		3.52366e+06	1.73286e+06
Q96BW9	Q96BW9	TAM41_HUMAN	TAMM41	Phosphatidate cytidylyltransferase, mitochondrial				2.15054e+06
Q96BX8	Q96BX8	MOB3A_HUMAN	MOB3A	MOB kinase activator 3A	1.22935e+06		410720	630969
Q96BY6	Q96BY6	DOC10_HUMAN	DOCK10	Dedicator of cytokinesis protein 10				238939
Q96BY9	Q96BY9	SARAF_HUMAN	SARAF	Store-operated calcium entry-associated regulatory factor	201871		548094	242309
Q96C01	Q96C01	F136A_HUMAN	FAM136A	Protein FAM136A	3.63774e+06		3.25739e+06	901355
Q96C10	Q96C10	DHX58_HUMAN	DHX58	ATP-dependent RNA helicase DHX58				28442.5
Q96C11	Q96C11	FGGY_HUMAN	FGGY	FGGY carbohydrate kinase domain-containing protein				271455
Q96C19	Q96C19	EFHD2_HUMAN	EFHD2	EF-hand domain-containing protein D2	1.70625e+07		1.3145e+07	5.73124e+06
Q96C23	Q96C23	GALM_HUMAN	GALM	Galactose mutarotase	4.30056e+06		4.36731e+06	2.33343e+06
Q96C36	Q96C36	P5CR2_HUMAN	PYCR2	Pyrroline-5-carboxylate reductase 2	155810			528428
Q96C57	Q96C57	CSTOS_HUMAN	CUSTOS	Protein CUSTOS	533849		317187	57750.4
Q96C86	Q96C86	DCPS_HUMAN	DCPS	m7GpppX diphosphatase	2.81259e+06		2.22996e+06	3.77581e+06
Q96C90	Q96C90	PP14B_HUMAN	PPP1R14B	Protein phosphatase 1 regulatory subunit 14B	4.60167e+06		1.86212e+06	908513
Q96CB8	Q96CB8	INT12_HUMAN	INTS12	Integrator complex subunit 12	259018		149710	95415.6
Q96CB9	Q96CB9	NSUN4_HUMAN	NSUN4	5-methylcytosine rRNA methyltransferase NSUN4				631758
Q96CD0	Q96CD0	FBXL8_HUMAN	FBXL8	F-box/LRR-repeat protein 8	73094.3			715114
Q96CD2	Q96CD2	COAC_HUMAN	PPCDC	Phosphopantothenoylcysteine decarboxylase	688203		455864	341877
Q96CF2	Q96CF2	CHM4C_HUMAN	CHMP4C	Charged multivesicular body protein 4c	709617		340341	295040
Q96CG3	Q96CG3	TIFA_HUMAN	TIFA	TRAF-interacting protein with FHA domain-containing protein A	356323			
Q96CG8	Q96CG8	CTHR1_HUMAN	CTHRC1	Collagen triple helix repeat-containing protein 1	768997		807376	885301
Q96CM8	Q96CM8	ACSF2_HUMAN	ACSF2	Medium-chain acyl-CoA ligase ACSF2, mitochondrial	328109		956437	603826
Q96CN7	Q96CN7	ISOC1_HUMAN	ISOC1	Isochorismatase domain-containing protein 1	2.89052e+06		1.52196e+06	3.14594e+06
Q96CN9	Q96CN9	GCC1_HUMAN	GCC1	GRIP and coiled-coil domain-containing protein 1	454579		298755	726163
Q96CP2	Q4VC44;Q96CP2	FWCH2_HUMAN	FLYWCH2	FLYWCH family member 2	1.42371e+06		503167	175107
Q96CS3	Q96CS3	FAF2_HUMAN	FAF2	FAS-associated factor 2				1.87732e+06
Q96CT7	Q96CT7	CC124_HUMAN	CCDC124	Coiled-coil domain-containing protein 124	3.65011e+06		1.99495e+06	1.19301e+06
Q96CU9	Q96CU9	FXRD1_HUMAN	FOXRED1	FAD-dependent oxidoreductase domain-containing protein 1				564110
Q96CV9	Q96CV9	OPTN_HUMAN	OPTN	Optineurin	1.78768e+06		1.02114e+06	897477
Q96CW1	Q96CW1	AP2M1_HUMAN	AP2M1	AP-2 complex subunit mu	311962		594910	5.11054e+06
Q96CW5	Q96CW5	GCP3_HUMAN	TUBGCP3	Gamma-tubulin complex component 3				284724
Q96CX2	Q96CX2;Q68DU8	KCD12_HUMAN	KCTD12	BTB/POZ domain-containing protein KCTD12	1.61723e+06		1.31194e+06	3.99381e+06
Q96D15	Q96D15	RCN3_HUMAN	RCN3	Reticulocalbin-3	873830		1.31871e+06	1.01335e+06
Q96D46	Q96D46	NMD3_HUMAN	NMD3	60S ribosomal export protein NMD3	447938		312643	456167
Q96D53	Q96D53	COQ8B_HUMAN	COQ8B	Atypical kinase COQ8B, mitochondrial				283121
Q96D71	Q96D71	REPS1_HUMAN	REPS1	RalBP1-associated Eps domain-containing protein 1	171657		92690.1	168656
Q96D96	Q96D96	HVCN1_HUMAN	HVCN1	Voltage-gated hydrogen channel 1	3.07083e+06		908976	6.48105e+06
Q96DA0	Q96DA0	ZG16B_HUMAN	ZG16B	Zymogen granule protein 16 homolog B	126987	6.1838e+08	288283	128709
Q96DA6	Q96DA6	TIM14_HUMAN	DNAJC19	Mitochondrial import inner membrane translocase subunit TIM14	1.12452e+06		863334	2.0897e+06
Q96DB5	Q96DB5	RMD1_HUMAN	RMDN1	Regulator of microtubule dynamics protein 1	1.40111e+06		976007	1.75375e+06
Q96DE0	Q96DE0	NUD16_HUMAN	NUDT16	U8 snoRNA-decapping enzyme	2.16887e+06		3.46728e+06	1.67785e+06
Q96DG6	Q96DG6	CMBL_HUMAN	CMBL	Carboxymethylenebutenolidase homolog	1.39296e+06		2.32598e+06	2.64818e+06
Q96DH6	Q96DH6	MSI2H_HUMAN	MSI2	RNA-binding protein Musashi homolog 2	3.78911e+06		3.29164e+06	1.8174e+06
Q96DI7	Q96DI7	SNR40_HUMAN	SNRNP40	U5 small nuclear ribonucleoprotein 40 kDa protein	1.23407e+06		1.07029e+06	635953
Q96DM3	Q96DM3	RMC1_HUMAN	RMC1	Regulator of MON1-CCZ1 complex				208206
Q96DN0	Q96DN0	ERP27_HUMAN	ERP27	Endoplasmic reticulum resident protein 27				399474
Q96DP5	Q96DP5	FMT_HUMAN	MTFMT	Methionyl-tRNA formyltransferase, mitochondrial	276085		253651	644900
Q96DT6	Q96DT6	ATG4C_HUMAN	ATG4C	Cysteine protease ATG4C				89065
Q96DU7	Q96DU7	IP3KC_HUMAN	ITPKC	Inositol-trisphosphate 3-kinase C				173098
Q96DV4	Q96DV4	RM38_HUMAN	MRPL38	Large ribosomal subunit protein mL38	302402		187609	3.51074e+06
Q96DX4	Q96DX4	RSPRY_HUMAN	RSPRY1	RING finger and SPRY domain-containing protein 1				307988
Q96DX5	Q96DX5	ASB9_HUMAN	ASB9	Ankyrin repeat and SOCS box protein 9				227685
Q96DZ1	Q96DZ1	ERLEC_HUMAN	ERLEC1	Endoplasmic reticulum lectin 1	1.67651e+06		1.16562e+06	1.24489e+06
Q96E11	Q96E11	RRFM_HUMAN	MRRF	Ribosome-recycling factor, mitochondrial	4.16921e+06		5.47457e+06	4.74461e+06
Q96E39	Q96E39	RMXL1_HUMAN	RBMXL1	RNA binding motif protein, X-linked-like-1	614314		1.04673e+06	763026
Q96E52	Q96E52	OMA1_HUMAN	OMA1	Metalloendopeptidase OMA1, mitochondrial				220370
Q96EC8	Q96EC8	YIPF6_HUMAN	YIPF6	Protein YIPF6	262612			1.26623e+06
Q96EE3	Q96EE3	SEH1_HUMAN	SEH1L	Nucleoporin SEH1	3.25294e+06		3.39773e+06	1.3725e+06
Q96EE4	Q96EE4	CC126_HUMAN	CCDC126	Coiled-coil domain-containing protein 126				24855.2
Q96EH3	Q96EH3	MASU1_HUMAN	MALSU1	Mitochondrial assembly of ribosomal large subunit protein 1	546575			566144
Q96EI5	Q96EI5	TCAL4_HUMAN	TCEAL4	Transcription elongation factor A protein-like 4	448104		353315	178537
Q96EK5	Q96EK5	KBP_HUMAN	KIFBP	KIF-binding protein				219127
Q96EK6	Q96EK6	GNA1_HUMAN	GNPNAT1	Glucosamine 6-phosphate N-acetyltransferase	1.64813e+06		2.34542e+06	726175
Q96EK7	Q96EK7	F120B_HUMAN	FAM120B	Constitutive coactivator of peroxisome proliferator-activated receptor gamma				407448
Q96EL2	Q96EL2	RT24_HUMAN	MRPS24	Small ribosomal subunit protein uS3m				1.80657e+06
Q96EL3	Q96EL3	RM53_HUMAN	MRPL53	Large ribosomal subunit protein mL53	1.9788e+06		815299	1.51044e+06
Q96EM0	Q96EM0	T3HPD_HUMAN	L3HYPDH	Trans-3-hydroxy-L-proline dehydratase	245831			454933
Q96EP0	Q96EP0	RNF31_HUMAN	RNF31	E3 ubiquitin-protein ligase RNF31				235200
Q96EP5	Q96EP5	DAZP1_HUMAN	DAZAP1	DAZ-associated protein 1	1.0179e+07		6.08238e+06	3.27727e+06
Q96EQ0	Q96EQ0	SGTB_HUMAN	SGTB	Small glutamine-rich tetratricopeptide repeat-containing protein beta	837110		410814	
Q96ER9	Q96ER9	MITOK_HUMAN	CCDC51	Mitochondrial potassium channel				577881
Q96ES6	Q96ES6	MFSD3_HUMAN	MFSD3	Major facilitator superfamily domain-containing protein 3				69252.8
Q96ES7	Q96ES7	SGF29_HUMAN	SGF29	SAGA-associated factor 29				39563.4
Q96EU7	Q96EU7	C1GLC_HUMAN	C1GALT1C1	C1GALT1-specific chaperone 1	154124			403486
Q96EV2	Q96EV2	RBM33_HUMAN	RBM33	RNA-binding protein 33	1.18578e+06		1.03959e+06	623512
Q96EV8	Q96EV8	DTBP1_HUMAN	DTNBP1	Dysbindin	531451			488085
Q96EX1	Q96EX1	SIM12_HUMAN	SMIM12	Small integral membrane protein 12	197640			232087
Q96EY1	Q96EY1	DNJA3_HUMAN	DNAJA3	DnaJ homolog subfamily A member 3, mitochondrial	690593		427277	2.01765e+06
Q96EY4	Q96EY4	TMA16_HUMAN	TMA16	Translation machinery-associated protein 16	231872		246605	
Q96EY5	Q96EY5	MB12A_HUMAN	MVB12A	Multivesicular body subunit 12A	470126		324218	557845
Q96EY7	Q96EY7	PTCD3_HUMAN	PTCD3	Small ribosomal subunit protein mS39	108111		51115.9	1.48927e+06
Q96EY8	Q96EY8	MMAB_HUMAN	MMAB	Corrinoid adenosyltransferase MMAB	1.03722e+06		269873	529418
Q96F07	Q96F07	CYFP2_HUMAN	CYFIP2	Cytoplasmic FMR1-interacting protein 2	826081		1.47873e+06	1.44164e+06
Q96F15	Q96F15	GIMA5_HUMAN	GIMAP5	GTPase IMAP family member 5	707560		315407	437590
Q96F24	Q96F24	NRBF2_HUMAN	NRBF2	Nuclear receptor-binding factor 2	654060		278980	623767
Q96F25	Q96F25	ALG14_HUMAN	ALG14	UDP-N-acetylglucosamine transferase subunit ALG14 homolog				413121
Q96F85	Q96F85	CNRP1_HUMAN	CNRIP1	CB1 cannabinoid receptor-interacting protein 1	1.36062e+06		2.59615e+06	715067
Q96F86	Q96F86	EDC3_HUMAN	EDC3	Enhancer of mRNA-decapping protein 3				242733
Q96FF7	Q96FF7	MISP3_HUMAN	MISP3	Uncharacterized protein MISP3	809154			
Q96FJ0	Q96FJ0	STALP_HUMAN	STAMBPL1	AMSH-like protease	1.2906e+06		993286	487757
Q96FJ2	Q96FJ2	DYL2_HUMAN	DYNLL2	Dynein light chain 2, cytoplasmic	2.38806e+06		2.18853e+06	1.2485e+06
Q96FK6	Q96FK6	WDR89_HUMAN	WDR89	WD repeat-containing protein 89				102554
Q96FN4	Q96FN4	CPNE2_HUMAN	CPNE2	Copine-2	463096		195398	249428
Q96FN9	Q96FN9	DTD2_HUMAN	DTD2	D-aminoacyl-tRNA deacylase 2	18295.9		21886	
Q96FQ6	Q96FQ6	S10AG_HUMAN	S100A16	Protein S100-A16	6.11239e+06		5.06974e+06	1.42586e+06
Q96FS4	Q96FS4	SIPA1_HUMAN	SIPA1	Signal-induced proliferation-associated protein 1	515553		467885	1.28145e+06
Q96FV2	Q96FV2	SCRN2_HUMAN	SCRN2	Secernin-2	995031		1.4491e+06	1.12545e+06
Q96FV9	Q96FV9	THOC1_HUMAN	THOC1	THO complex subunit 1	277124			478542
Q96FW1	Q96FW1	OTUB1_HUMAN	OTUB1	Ubiquitin thioesterase OTUB1	2.18107e+06		1.21395e+06	7.66869e+06
Q96FX7	Q96FX7	TRM61_HUMAN	TRMT61A	tRNA (adenine(58)-N(1))-methyltransferase catalytic subunit TRMT61A	830329		1.05614e+06	763016
Q96FX8	Q96FX8	PERP_HUMAN	PERP	p53 apoptosis effector related to PMP-22			374718	343801
Q96FZ2	Q96FZ2	HMCES_HUMAN	HMCES	Abasic site processing protein HMCES	53525.8			40104.2
Q96FZ5	Q96FZ5	CKLF7_HUMAN	CMTM7	CKLF-like MARVEL transmembrane domain-containing protein 7	549564			601966
Q96FZ7	Q96FZ7	CHMP6_HUMAN	CHMP6	Charged multivesicular body protein 6	1.37183e+06		1.0462e+06	557554
Q96G01	Q96G01	BICD1_HUMAN	BICD1	Protein bicaudal D homolog 1				17637.6
Q96G03	Q96G03	PGM2_HUMAN	PGM2	Phosphopentomutase	3.78075e+06		8.67249e+06	1.36979e+07
Q96G23	Q96G23	CERS2_HUMAN	CERS2	Ceramide synthase 2	489932			2.47227e+06
Q96G25	Q96G25	MED8_HUMAN	MED8	Mediator of RNA polymerase II transcription subunit 8	115072			26341.2
Q96G46	Q96G46	DUS3L_HUMAN	DUS3L	tRNA-dihydrouridine(47) synthase [NAD(P)(+)]-like	237930			138032
Q96G97	Q96G97	BSCL2_HUMAN	BSCL2	Seipin				333625
Q96GA3	Q96GA3	LTV1_HUMAN	LTV1	Protein LTV1 homolog	148910			210357
Q96GA7	Q96GA7	SDSL_HUMAN	SDSL	Serine dehydratase-like	356708			776452
Q96GC5	Q96GC5	RM48_HUMAN	MRPL48	Large ribosomal subunit protein mL48	61377.8			1.09904e+06
Q96GC9	Q96GC9	VMP1_HUMAN	VMP1	Vacuole membrane protein 1	185514			930881
Q96GD0	Q96GD0	PLPP_HUMAN	PDXP	Chronophin	2.55135e+06		2.22852e+06	1.96519e+06
Q96GE6	Q96GE6	CALL4_HUMAN	CALML4	Calmodulin-like protein 4	2.17322e+06		2.00886e+06	805917
Q96GF1	Q96GF1	RN185_HUMAN	RNF185	E3 ubiquitin-protein ligase RNF185				372135
Q96GG9	Q6PH85;Q96GG9	DCNL1_HUMAN	DCUN1D1	DCN1-like protein 1	1.76006e+06		1.23281e+06	1.17564e+06
Q96GK7	Q96GK7	FAH2A_HUMAN	FAHD2A	Fumarylacetoacetate hydrolase domain-containing protein 2A	2.68874e+06		2.37761e+06	1.1643e+06
Q96GM8	Q96GM8	TOE1_HUMAN	TOE1	Target of EGR1 protein 1	500318			280580
Q96GQ5	Q96GQ5	RUSF1_HUMAN	RUSF1	RUS family member 1				1.26838e+06
Q96GQ7	Q96GQ7	DDX27_HUMAN	DDX27	Probable ATP-dependent RNA helicase DDX27	708795		480907	650894
Q96GS4	Q96GS4	BORC6_HUMAN	BORCS6	BLOC-1-related complex subunit 6	683957		1.15396e+06	403744
Q96GW9	Q96GW9	SYMM_HUMAN	MARS2	Methionine--tRNA ligase, mitochondrial	834910		905805	2.01335e+06
Q96GX9	Q96GX9	MTNB_HUMAN	APIP	Methylthioribulose-1-phosphate dehydratase	1.57719e+06		2.15086e+06	2.26562e+06
Q96GZ6	Q96GZ6	S41A3_HUMAN	SLC41A3	Solute carrier family 41 member 3				224051
Q96H20	Q96H20	SNF8_HUMAN	SNF8	Vacuolar-sorting protein SNF8	4.63e+06		2.145e+06	3.62889e+06
Q96H78	Q96H78	S2544_HUMAN	SLC25A44	Solute carrier family 25 member 44				109318
Q96H79	Q96H79	ZCCHL_HUMAN	ZC3HAV1L	Zinc finger CCCH-type antiviral protein 1-like	927409		494027	1.83128e+06
Q96HC4	Q96HC4	PDLI5_HUMAN	PDLIM5	PDZ and LIM domain protein 5	6.71221e+06		4.23928e+06	2.41957e+06
Q96HD1	Q96HD1	CREL1_HUMAN	CRELD1	Protein disulfide isomerase CRELD1	380162		362527	440807
Q96HD9	Q96HD9	ACY3_HUMAN	ACY3	N-acyl-aromatic-L-amino acid amidohydrolase (carboxylate-forming)	245095		183514	
Q96HE7	Q96HE7	ERO1A_HUMAN	ERO1A	ERO1-like protein alpha	5.93302e+06		2.40968e+06	7.35839e+06
Q96HH9	Q96HH9	GRM2B_HUMAN	GRAMD2B	GRAM domain-containing protein 2B				497579
Q96HJ9	Q96HJ9	FMC1_HUMAN	FMC1	Protein FMC1 homolog				379870
Q96HL8	Q96HL8	SH3Y1_HUMAN	SH3YL1	SH3 domain-containing YSC84-like protein 1	328178		245199	387876
Q96HN2	O43865;Q96HN2	SAHH3_HUMAN	AHCYL2	Adenosylhomocysteinase 3	4.12987e+06		7.04163e+06	2.61019e+06
Q96HP0	Q96HP0	DOCK6_HUMAN	DOCK6	Dedicator of cytokinesis protein 6	144687		268840	121207
Q96HP4	Q96HP4	OXND1_HUMAN	OXNAD1	Oxidoreductase NAD-binding domain-containing protein 1				178555
Q96HP8	Q96HP8	T176A_HUMAN	TMEM176A	Transmembrane protein 176A	400249		231709	586641
Q96HR3	Q96HR3	MED30_HUMAN	MED30	Mediator of RNA polymerase II transcription subunit 30	770327		328472	288970
Q96HR9	Q96HR9	REEP6_HUMAN	REEP6	Receptor expression-enhancing protein 6				382726
Q96HS1	Q96HS1	PGAM5_HUMAN	PGAM5	Serine/threonine-protein phosphatase PGAM5, mitochondrial	329676		478646	1.19526e+06
Q96HU1	Q96HU1	SGSM3_HUMAN	SGSM3	Small G protein signaling modulator 3	283633		303866	77792.8
Q96HV5	Q96HV5	TM41A_HUMAN	TMEM41A	Transmembrane protein 41A				708265
Q96HW7	Q96HW7	INT4_HUMAN	INTS4	Integrator complex subunit 4				456033
Q96HY6	Q96HY6	DDRGK_HUMAN	DDRGK1	DDRGK domain-containing protein 1	1.28308e+06		850277	1.3224e+06
Q96HY7	Q96HY7	DHTK1_HUMAN	DHTKD1	2-oxoadipate dehydrogenase complex component E1				1.34146e+06
Q96I15	Q96I15	SCLY_HUMAN	SCLY	Selenocysteine lyase	1.89573e+06		1.60659e+06	2.35858e+06
Q96I24	Q96I24	FUBP3_HUMAN	FUBP3	Far upstream element-binding protein 3	1.40319e+07		7.83951e+06	6.31733e+06
Q96I25	Q96I25	SPF45_HUMAN	RBM17	Splicing factor 45	3.79733e+06		2.10356e+06	1.24178e+06
Q96I36	Q96I36	COX14_HUMAN	COX14	Cytochrome c oxidase assembly protein COX14	1.08195e+06		610706	845836
Q96I45	Q96I45	TM141_HUMAN	TMEM141	Transmembrane protein 141	216157		166513	113064
Q96I51	Q96I51	RCC1L_HUMAN	RCC1L	RCC1-like G exchanging factor-like protein	606028		704921	1.67001e+06
Q96I59	Q96I59	SYNM_HUMAN	NARS2	Probable asparagine--tRNA ligase, mitochondrial	326471		346370	1.89727e+06
Q96I99	Q96I99	SUCB2_HUMAN	SUCLG2	Succinate--CoA ligase [GDP-forming] subunit beta, mitochondrial	3.58328e+06		1.46035e+06	3.66483e+06
Q96IG2	Q96IG2	FXL20_HUMAN	FBXL20	F-box/LRR-repeat protein 20				183139
Q96II8	Q96II8	LRCH3_HUMAN	LRCH3	DISP complex protein LRCH3				135814
Q96IJ6	Q96IJ6	GMPPA_HUMAN	GMPPA	Mannose-1-phosphate guanyltransferase alpha	804438		442244	2.45068e+06
Q96IQ7	Q96IQ7	VSIG2_HUMAN	VSIG2	V-set and immunoglobulin domain-containing protein 2	1.14315e+06		2.07724e+06	
Q96IU4	Q96IU4	ABHEB_HUMAN	ABHD14B	Putative protein-lysine deacylase ABHD14B	4.82276e+06		2.40878e+06	8.62666e+06
Q96IV0	Q96IV0	NGLY1_HUMAN	NGLY1	Peptide-N(4)-(N-acetyl-beta-glucosaminyl)asparagine amidase	150472			156002
Q96IX5	Q96IX5	ATPMK_HUMAN	ATP5MK	ATP synthase membrane subunit K, mitochondrial	3.8784e+06		2.48427e+06	4.11413e+06
Q96IY4	Q96IY4	CBPB2_HUMAN	CPB2	Carboxypeptidase B2	536899		1.91509e+06	867290
Q96IZ0	Q96IZ0	PAWR_HUMAN	PAWR	PRKC apoptosis WT1 regulator protein	1.52845e+06		1.10275e+06	294544
Q96J01	Q96J01	THOC3_HUMAN	THOC3	THO complex subunit 3	424507		92144.6	814793
Q96J02	Q96J02	ITCH_HUMAN	ITCH	E3 ubiquitin-protein ligase Itchy homolog			224709	319834
Q96J42	Q96J42	TXD15_HUMAN	TXNDC15	Thioredoxin domain-containing protein 15	134135		67820.7	264468
Q96J84	Q96J84	KIRR1_HUMAN	KIRREL1	Kin of IRRE-like protein 1			83544.7	43249
Q96J88	Q96J88	ESIP1_HUMAN	EPSTI1	Epithelial-stromal interaction protein 1	127307		74240.7	
Q96JB2	Q96JB2	COG3_HUMAN	COG3	Conserved oligomeric Golgi complex subunit 3				979828
Q96JB5	Q96JB5	CK5P3_HUMAN	CDK5RAP3	CDK5 regulatory subunit-associated protein 3	893904		448240	1.7981e+06
Q96JC1	Q96JC1	VPS39_HUMAN	VPS39	Vam6/Vps39-like protein	492179			1.00357e+06
Q96JD6	Q96JD6	AKCL2_HUMAN	AKR1E2	1,5-anhydro-D-fructose reductase	9.91366e+06		7.07624e+06	1.87745e+07
Q96JG6	Q96JG6	VPS50_HUMAN	VPS50	Syndetin				463910
Q96JH7	Q96JH7	VCIP1_HUMAN	VCPIP1	Deubiquitinating protein VCPIP1	67652.1		48966.7	349136
Q96JI7	Q96JI7	SPTCS_HUMAN	SPG11	Spatacsin				210989
Q96JJ3	Q96JJ3	ELMO2_HUMAN	ELMO2	Engulfment and cell motility protein 2				1.12736e+06
Q96JJ6	Q96JJ6	JPH4_HUMAN	JPH4	Junctophilin-4				413228
Q96JJ7	Q96JJ7	TMX3_HUMAN	TMX3	Protein disulfide-isomerase TMX3				2.99947e+06
Q96JM3	Q96JM3	CHAP1_HUMAN	CHAMP1	Chromosome alignment-maintaining phosphoprotein 1	449462		157152	180458
Q96JP2	Q96JP2	MY15B_HUMAN	MYO15B	Unconventional myosin-XVB				312268
Q96JP5	Q96JP5	ZFP91_HUMAN	ZFP91	E3 ubiquitin-protein ligase ZFP91	425522		159647	28146.3
Q96JQ2	Q96JQ2	CLMN_HUMAN	CLMN	Calmin			292050	324029
Q96JX3	Q96JX3	SRAC1_HUMAN	SERAC1	Protein SERAC1				99149.5
Q96JY6	Q96JY6	PDLI2_HUMAN	PDLIM2	PDZ and LIM domain protein 2	1.00534e+06		421195	236663
Q96K17	Q96K17	BT3L4_HUMAN	BTF3L4	Transcription factor BTF3 homolog 4	9.39989e+06		6.42485e+06	3.30015e+06
Q96K19	Q96K19	RN170_HUMAN	RNF170	E3 ubiquitin-protein ligase RNF170				685376
Q96K21	Q96K21	ANCHR_HUMAN	ZFYVE19	Abscission/NoCut checkpoint regulator	549136		249583	
Q96K37	Q96K37	S35E1_HUMAN	SLC35E1	Solute carrier family 35 member E1				221729
Q96K49	Q96K49	TM87B_HUMAN	TMEM87B	Transmembrane protein 87B				1.71565e+06
Q96K76	Q96K76	UBP47_HUMAN	USP47	Ubiquitin carboxyl-terminal hydrolase 47	71885.4		625798	428252
Q96KA5	Q96KA5	CLP1L_HUMAN	CLPTM1L	Lipid scramblase CLPTM1L				1.19247e+06
Q96KC2	Q96KC2	ARL5B_HUMAN	ARL5B	ADP-ribosylation factor-like protein 5B	79044.3			150469
Q96KC8	Q96KC8	DNJC1_HUMAN	DNAJC1	DnaJ homolog subfamily C member 1	874510		755763	656801
Q96KG9	Q96KG9	SCYL1_HUMAN	SCYL1	N-terminal kinase-like protein				957411
Q96KN1	Q96KN1	LRAT2_HUMAN	LRATD2	Protein LRATD2				1.44122e+06
Q96KN4	Q96KN4	LRAT1_HUMAN	LRATD1	Protein LRATD1	415806		438334	545380
Q96KP1	Q96KP1	EXOC2_HUMAN	EXOC2	Exocyst complex component 2			237931	487752
Q96KP4	Q96KP4	CNDP2_HUMAN	CNDP2	Cytosolic non-specific dipeptidase	2.32553e+07		1.965e+07	1.39755e+07
Q96KR1	Q96KR1	ZFR_HUMAN	ZFR	Zinc finger RNA-binding protein	140683		359965	423235
Q96KR6	Q96KR6	F210B_HUMAN	FAM210B	Protein FAM210B, mitochondrial	44823.9		60974.3	1.14294e+06
Q96L92	Q96L92	SNX27_HUMAN	SNX27	Sorting nexin-27			261706	1.3035e+06
Q96L93	Q96L93	KI16B_HUMAN	KIF16B	Kinesin-like protein KIF16B				246330
Q96LA8	Q96LA8	ANM6_HUMAN	PRMT6	Protein arginine N-methyltransferase 6	172394			98915.4
Q96LB3	Q96LB3	IFT74_HUMAN	IFT74	Intraflagellar transport protein 74 homolog	1.18741e+06			328758
Q96LC7	Q96LC7	SIG10_HUMAN	SIGLEC10	Sialic acid-binding Ig-like lectin 10				28181.1
Q96LD4	Q96LD4	TRI47_HUMAN	TRIM47	E3 ubiquitin-protein ligase TRIM47	474456			735870
Q96LD8	Q96LD8	SENP8_HUMAN	SENP8	Sentrin-specific protease 8				142695
Q96LI5	Q96LI5;Q9ULM6	CNO6L_HUMAN	CNOT6L	CCR4-NOT transcription complex subunit 6-like				492987
Q96LJ7	Q96LJ7	DHRS1_HUMAN	DHRS1	Dehydrogenase/reductase SDR family member 1				920077
Q96LZ7	Q96LZ7	RMD2_HUMAN	RMDN2	Regulator of microtubule dynamics protein 2				158596
Q96M27	Q96M27	PRRC1_HUMAN	PRRC1	Protein PRRC1	3.08107e+06		1.63775e+06	5.1577e+06
Q96M34	Q96M34	TEX55_HUMAN	TEX55	Testis-specific expressed protein 55				450092
Q96M96	Q96M96	FGD4_HUMAN	FGD4	FYVE, RhoGEF and PH domain-containing protein 4	373728		140135	458103
Q96ME1	Q96ME1	FXL18_HUMAN	FBXL18	F-box/LRR-repeat protein 18				368265
Q96MG7	Q96MG7	NSE3_HUMAN	NSMCE3	Non-structural maintenance of chromosomes element 3 homolog	255689		171072	121279
Q96MG8	Q96MG8	PCMD1_HUMAN	PCMTD1	Protein-L-isoaspartate O-methyltransferase domain-containing protein 1	123502			344573
Q96MH6	Q96MH6	TMM68_HUMAN	TMEM68	Monoacylglycerol/Diacylglycerol O-acyltransferase	444522			845992
Q96MK2	Q96MK2	RIPR3_HUMAN	RIPOR3	RIPOR family member 3	996048		285850	183584
Q96MM6	Q96MM6	HS12B_HUMAN	HSPA12B	Heat shock 70 kDa protein 12B				356977
Q96MP8	Q96MP8	KCTD7_HUMAN	KCTD7	BTB/POZ domain-containing protein KCTD7				20834.9
Q96MU7	Q96MU7	YTDC1_HUMAN	YTHDC1	YTH domain-containing protein 1	191865		213520	175156
Q96MV1	Q96MV1	TLCD4_HUMAN	TLCD4	TLC domain-containing protein 4				777752
Q96MW1	Q96MW1	CCD43_HUMAN	CCDC43	Coiled-coil domain-containing protein 43	784246		721176	266123
Q96MW5	Q96MW5	COG8_HUMAN	COG8	Conserved oligomeric Golgi complex subunit 8				972024
Q96MX6	Q96MX6	DAA10_HUMAN	DNAAF10	Dynein axonemal assembly factor 10	780890		142792	854974
Q96N11	Q96N11	INT15_HUMAN	INTS15	Integrator complex subunit 15				94474.6
Q96N66	Q96N66	MBOA7_HUMAN	MBOAT7	Lysophospholipid acyltransferase 7				1.89001e+06
Q96N67	Q96N67	DOCK7_HUMAN	DOCK7	Dedicator of cytokinesis protein 7				946776
Q96N96	O43307;Q96N96;Q9NR80	SPT13_HUMAN	SPATA13	Spermatogenesis-associated protein 13				61268.5
Q96NB2	Q96NB2	SFXN2_HUMAN	SFXN2	Sideroflexin-2				1.52915e+06
Q96NB3	Q96NB3	ZN830_HUMAN	ZNF830	Zinc finger protein 830	369700		111874	
Q96NC0	Q96NC0	ZMAT2_HUMAN	ZMAT2	Zinc finger matrin-type protein 2	587911		746033	231039
Q96ND0	Q96ND0	F210A_HUMAN	FAM210A	Protein FAM210A				101287
Q96NT0	Q96NT0	CC115_HUMAN	CCDC115	Coiled-coil domain-containing protein 115	720359			359363
Q96NT1	Q96NT1	NP1L5_HUMAN	NAP1L5	Nucleosome assembly protein 1-like 5	268709		276394	
Q96NW4	Q96NW4	ANR27_HUMAN	ANKRD27	Ankyrin repeat domain-containing protein 27				81930.6
Q96NY7	Q96NY7	CLIC6_HUMAN	CLIC6	Chloride intracellular channel protein 6	131409		378687	219060
Q96NY8	Q96NY8	NECT4_HUMAN	NECTIN4	Nectin-4	243603		399383	251819
Q96P11	Q96P11	NSUN5_HUMAN	NSUN5	28S rRNA (cytosine-C(5))-methyltransferase				7.07224e+06
Q96P16	Q96P16	RPR1A_HUMAN	RPRD1A	Regulation of nuclear pre-mRNA domain-containing protein 1A	120759		148556	178094
Q96P47	Q96P47;Q9UPQ3	AGAP3_HUMAN	AGAP3	Arf-GAP with GTPase, ANK repeat and PH domain-containing protein 3				262092
Q96P48	Q96P48	ARAP1_HUMAN	ARAP1	Arf-GAP with Rho-GAP domain, ANK repeat and PH domain-containing protein 1	431064			490638
Q96P63	Q96P63	SPB12_HUMAN	SERPINB12	Serpin B12	2.33786e+06		4.05789e+06	1.65543e+06
Q96P70	Q96P70	IPO9_HUMAN	IPO9	Importin-9	598160		278797	930291
Q96PC3	Q96PC3	AP1S3_HUMAN	AP1S3	AP-1 complex subunit sigma-3				130036
Q96PC5	Q96PC5	MIA2_HUMAN	MIA2	Melanoma inhibitory activity protein 2	959520			915296
Q96PD5	Q96PD5	PGRP2_HUMAN	PGLYRP2	N-acetylmuramoyl-L-alanine amidase	779606		2.9715e+06	1.4439e+06
Q96PE3	Q96PE3	INP4A_HUMAN	INPP4A	Inositol polyphosphate-4-phosphatase type I A				202886
Q96PE7	Q96PE7	MCEE_HUMAN	MCEE	Methylmalonyl-CoA epimerase, mitochondrial	1.11878e+06		1.47566e+06	1.80538e+06
Q96PK6	Q96PK6	RBM14_HUMAN	RBM14	RNA-binding protein 14	2.79428e+06		1.64211e+06	1.85489e+06
Q96PP8	Q96PP8	GBP5_HUMAN	GBP5	Guanylate-binding protein 5			178653	184727
Q96PP9	Q96PP9	GBP4_HUMAN	GBP4	Guanylate-binding protein 4				393222
Q96PU5	Q96PU5	NED4L_HUMAN	NEDD4L	E3 ubiquitin-protein ligase NEDD4-like	260700		385613	322531
Q96PU8	Q96PU8	QKI_HUMAN	QKI	KH domain-containing RNA-binding protein QKI	3.11671e+06		2.55622e+06	1.234e+06
Q96PZ0	Q96PZ0	PUS7_HUMAN	PUS7	Pseudouridylate synthase 7 homolog	1.01584e+06		580930	1.80639e+06
Q96PZ7	Q96PZ7	CSMD1_HUMAN	CSMD1	CUB and sushi domain-containing protein 1	462571		200055	497795
Q96Q05	Q96Q05	TPPC9_HUMAN	TRAPPC9	Trafficking protein particle complex subunit 9			41601.4	309931
Q96Q11	Q96Q11	TRNT1_HUMAN	TRNT1	CCA tRNA nucleotidyltransferase 1, mitochondrial	2.09808e+06		1.51351e+06	9.23145e+06
Q96Q15	Q96Q15	SMG1_HUMAN	SMG1	Serine/threonine-protein kinase SMG1				154906
Q96QA5	Q96QA5	GSDMA_HUMAN	GSDMA	Gasdermin-A	308430	1.59706e+08	759408	557145
Q96QC0	Q96QC0	PP1RA_HUMAN	PPP1R10	Serine/threonine-protein phosphatase 1 regulatory subunit 10	327381		241908	362992
Q96QD5	Q96QD5	DEPD7_HUMAN	DEPDC7	DEP domain-containing protein 7				124732
Q96QE5	Q96QE5	TEFM_HUMAN	TEFM	Transcription elongation factor, mitochondrial				236740
Q96QF0	Q96QF0	RAB3I_HUMAN	RAB3IP	Rab-3A-interacting protein				284020
Q96QG7	Q96QG7	MTMR9_HUMAN	MTMR9	Myotubularin-related protein 9				107631
Q96QK1	Q96QK1	VPS35_HUMAN	VPS35	Vacuolar protein sorting-associated protein 35	1.51521e+06		866074	1.17063e+07
Q96QR8	Q96QR8	PURB_HUMAN	PURB	Transcriptional activator protein Pur-beta	2.24572e+06		1.62759e+06	1.47634e+06
Q96QU8	Q96QU8	XPO6_HUMAN	XPO6	Exportin-6				63790.5
Q96R05	Q96R05	RET7_HUMAN	RBP7	Retinoid-binding protein 7			137971	
Q96RD7	Q96RD7	PANX1_HUMAN	PANX1	Pannexin-1				117012
Q96RE7	Q96BF6;Q96RE7	NACC1_HUMAN	NACC1	Nucleus accumbens-associated protein 1	316711		151822	662627
Q96RF0	Q96RF0	SNX18_HUMAN	SNX18	Sorting nexin-18				170314
Q96RK0	Q96RK0	CIC_HUMAN	CIC	Protein capicua homolog				76498.6
Q96RL1	Q96RL1	UIMC1_HUMAN	UIMC1	BRCA1-A complex subunit RAP80	72305.8			70354.9
Q96RL7	Q96RL7	VP13A_HUMAN	VPS13A	Intermembrane lipid transfer protein VPS13A			579730	887994
Q96RN5	Q96RN5	MED15_HUMAN	MED15	Mediator of RNA polymerase II transcription subunit 15	188423		62026.7	194406
Q96RP9	Q96RP9	EFGM_HUMAN	GFM1	Elongation factor G, mitochondrial	1.11617e+06		739594	2.39762e+06
Q96RQ1	Q96RQ1	ERGI2_HUMAN	ERGIC2	Endoplasmic reticulum-Golgi intermediate compartment protein 2	2.27291e+06			5.28478e+06
Q96RQ3	Q96RQ3	MCCA_HUMAN	MCCC1	Methylcrotonoyl-CoA carboxylase subunit alpha, mitochondrial	1.96319e+06		1.85118e+06	1.3968e+06
Q96RQ9	Q96RQ9	OXLA_HUMAN	IL4I1	L-amino-acid oxidase	1.56761e+06		614571	430711
Q96RS6	Q96RS6	NUDC1_HUMAN	NUDCD1	NudC domain-containing protein 1	2.0825e+06		1.60079e+06	3.75259e+06
Q96RT1	Q96RT1	ERBIN_HUMAN	ERBIN	Erbin	957803			717698
Q96RU2	Q96RU2	UBP28_HUMAN	USP28	Ubiquitin carboxyl-terminal hydrolase 28				133296
Q96RU3	Q96RU3	FNBP1_HUMAN	FNBP1	Formin-binding protein 1	1.42457e+06		646529	457325
Q96S06	Q96S06	LMF1_HUMAN	LMF1	Lipase maturation factor 1				119537
Q96S19	Q96S19	MTL26_HUMAN	METTL26	Methyltransferase-like 26	1.6158e+06		1.50303e+06	1.50192e+06
Q96S44	Q96S44	PRPK_HUMAN	TP53RK	EKC/KEOPS complex subunit TP53RK	927389		272953	1.58811e+06
Q96S52	Q96S52	PIGS_HUMAN	PIGS	GPI transamidase component PIG-S	1.59305e+06		732221	593007
Q96S55	Q96S55	WRIP1_HUMAN	WRNIP1	ATPase WRNIP1				873334
Q96S59	Q96S59	RANB9_HUMAN	RANBP9	Ran-binding protein 9				177316
Q96S66	Q96S66	CLCC1_HUMAN	CLCC1	Chloride channel CLIC-like protein 1	301310		127492	527451
Q96S86	Q96S86	HPLN3_HUMAN	HAPLN3	Hyaluronan and proteoglycan link protein 3				25909.5
Q96S97	Q96S97	MYADM_HUMAN	MYADM	Myeloid-associated differentiation marker	869288		817568	1.63736e+06
Q96S99	Q96S99	PKHF1_HUMAN	PLEKHF1	Pleckstrin homology domain-containing family F member 1	184185			234675
Q96SB3	Q96SB3	NEB2_HUMAN	PPP1R9B	Neurabin-2	377211		290220	424017
Q96SB4	Q96SB4	SRPK1_HUMAN	SRPK1	SRSF protein kinase 1	692861		369396	712435
Q96SI9	Q96SI9	STRBP_HUMAN	STRBP	Spermatid perinuclear RNA-binding protein			73208.2	581761
Q96SL4	Q96SL4	GPX7_HUMAN	GPX7	Glutathione peroxidase 7				464720
Q96SQ9	Q96SQ9	CP2S1_HUMAN	CYP2S1	Cytochrome P450 2S1				1.17722e+06
Q96ST2	Q96ST2	IWS1_HUMAN	IWS1	Protein IWS1 homolog	1.47316e+06		1.30152e+06	825680
Q96ST3	Q96ST3	SIN3A_HUMAN	SIN3A	Paired amphipathic helix protein Sin3a	1.35695e+06			625384
Q96SU4	Q96SU4	OSBL9_HUMAN	OSBPL9	Oxysterol-binding protein-related protein 9	674548		307518	732738
Q96SW2	Q96SW2	CRBN_HUMAN	CRBN	Protein cereblon				643067
Q96SY0	Q96SY0	INT14_HUMAN	INTS14	Integrator complex subunit 14				127102
Q96SZ5	Q96SZ5	AEDO_HUMAN	ADO	2-aminoethanethiol dioxygenase	1.65603e+06		1.44827e+06	1.22575e+06
Q96T23	Q96T23	RSF1_HUMAN	RSF1	Remodeling and spacing factor 1	189371		99352.3	233742
Q96T37	Q96T37	RBM15_HUMAN	RBM15	RNA-binding protein 15	436996		989765	779418
Q96T51	Q96T51	RUFY1_HUMAN	RUFY1	RUN and FYVE domain-containing protein 1	464419		301791	904252
Q96T58	Q96T58	MINT_HUMAN	SPEN	Msx2-interacting protein			70000.2	72319
Q96T60	Q96T60	PNKP_HUMAN	PNKP	Bifunctional polynucleotide phosphatase/kinase	1.28526e+06		673622	681854
Q96T66	Q96T66	NMNA3_HUMAN	NMNAT3	Nicotinamide/nicotinic acid mononucleotide adenylyltransferase 3				130767
Q96T76	Q96T76	MMS19_HUMAN	MMS19	MMS19 nucleotide excision repair protein homolog				551749
Q96T88	Q96T88	UHRF1_HUMAN	UHRF1	E3 ubiquitin-protein ligase UHRF1	97888.3			
Q96TA1	Q96TA1	NIBA2_HUMAN	NIBAN2	Protein Niban 2	948563		708334	6.9274e+06
Q96TA2	Q96TA2	YMEL1_HUMAN	YME1L1	ATP-dependent zinc metalloprotease YME1L1				593450
Q96TC7	Q96TC7	RMD3_HUMAN	RMDN3	Regulator of microtubule dynamics protein 3	529490		163334	1.32836e+06
Q99102	Q99102	MUC4_HUMAN	MUC4	Mucin-4				21970.1
Q99417	Q99417	MYCBP_HUMAN	MYCBP	c-Myc-binding protein	5.95523e+06		2.4238e+06	309853
Q99424	Q99424	ACOX2_HUMAN	ACOX2	Peroxisomal acyl-coenzyme A oxidase 2				1.42658e+06
Q99426	Q99426	TBCB_HUMAN	TBCB	Tubulin-folding cofactor B	4.19307e+06		1.95612e+06	1.78214e+06
Q99436	Q99436	PSB7_HUMAN	PSMB7	Proteasome subunit beta type-7	5.28861e+06		6.30176e+06	3.55562e+06
Q99439	Q99439	CNN2_HUMAN	CNN2	Calponin-2	1.61377e+07		9.39288e+06	5.83072e+06
Q99442	Q99442	SEC62_HUMAN	SEC62	Translocation protein SEC62	1.58277e+06		922327	1.61654e+06
Q99447	Q99447	PCY2_HUMAN	PCYT2	Ethanolamine-phosphate cytidylyltransferase	2.4075e+06		1.52644e+06	1.32739e+06
Q99459	Q99459	CDC5L_HUMAN	CDC5L	Cell division cycle 5-like protein	1.423e+06		814988	1.15529e+06
Q99460	Q99460	PSMD1_HUMAN	PSMD1	26S proteasome non-ATPase regulatory subunit 1	428957		246835	3.99894e+06
Q99467	Q99467	CD180_HUMAN	CD180	CD180 antigen	548908		397948	185036
Q99470	Q99470	SDF2_HUMAN	SDF2	Stromal cell-derived factor 2	779426		790552	798287
Q99471	Q99471	PFD5_HUMAN	PFDN5	Prefoldin subunit 5	6.88398e+06		2.20162e+06	722155
Q99487	Q99487	PAFA2_HUMAN	PAFAH2	Platelet-activating factor acetylhydrolase 2, cytoplasmic	463234		179809	795821
Q99497	Q99497	PARK7_HUMAN	PARK7	Parkinson disease protein 7	4.3721e+07	5.5065e+07	1.43857e+07	2.76396e+07
Q99519	Q99519	NEUR1_HUMAN	NEU1	Sialidase-1	954330		1.48173e+06	1.39582e+06
Q99523	Q99523	SORT_HUMAN	SORT1	Sortilin	783987		745917	753709
Q99536	Q99536	VAT1_HUMAN	VAT1	Synaptic vesicle membrane protein VAT-1 homolog	1.01874e+07		1.20337e+07	1.16643e+07
Q99538	Q99538	LGMN_HUMAN	LGMN	Legumain	5.93995e+06		5.38329e+06	4.36184e+06
Q99541	Q99541	PLIN2_HUMAN	PLIN2	Perilipin-2	1.08933e+06		962231	900671
Q99543	Q99543	DNJC2_HUMAN	DNAJC2	DnaJ homolog subfamily C member 2	3.89419e+06		2.799e+06	3.74814e+06
Q99549	Q99549	MPP8_HUMAN	MPHOSPH8	M-phase phosphoprotein 8				70170.4
Q99567	Q99567	NUP88_HUMAN	NUP88	Nuclear pore complex protein Nup88				1.16828e+06
Q99569	Q99569	PKP4_HUMAN	PKP4	Plakophilin-4				214179
Q99570	Q99570	PI3R4_HUMAN	PIK3R4	Phosphoinositide 3-kinase regulatory subunit 4				816173
Q99571	Q99571	P2RX4_HUMAN	P2RX4	P2X purinoceptor 4	429409		1.05544e+06	389224
Q99575	Q99575	POP1_HUMAN	POP1	Ribonucleases P/MRP protein subunit POP1	728096		725652	688871
Q99584	Q99584	S10AD_HUMAN	S100A13	Protein S100-A13	6.23331e+06		5.91078e+06	1.97413e+06
Q99590	Q99590	SCAFB_HUMAN	SCAF11	Protein SCAF11	109719		192296	120281
Q99595	Q99595	TI17A_HUMAN	TIMM17A	Mitochondrial import inner membrane translocase subunit Tim17-A				162533
Q99598	Q99598	TSNAX_HUMAN	TSNAX	Translin-associated protein X	1.81153e+06		379443	3.28747e+06
Q99611	Q99611	SPS2_HUMAN	SEPHS2	Selenide, water dikinase 2	702227		1.10809e+06	1.90744e+06
Q99613	Q99613;B5ME19	EIF3C_HUMAN	EIF3C	Eukaryotic translation initiation factor 3 subunit C	2.10583e+06		2.1159e+06	9.76373e+06
Q99614	Q99614	TTC1_HUMAN	TTC1	Tetratricopeptide repeat protein 1	4.33728e+06		3.01886e+06	1.69154e+06
Q99615	Q99615	DNJC7_HUMAN	DNAJC7	DnaJ homolog subfamily C member 7	1.1327e+06		449990	937987
Q99623	Q99623	PHB2_HUMAN	PHB2	Prohibitin-2	259611			1.18805e+07
Q99626	O14627;P47902;Q99626	CDX2_HUMAN	CDX2	Homeobox protein CDX-2	513339		248502	289463
Q99627	Q99627	CSN8_HUMAN	COPS8	COP9 signalosome complex subunit 8	1.61717e+06		884220	1.91295e+06
Q99638	Q99638	RAD9A_HUMAN	RAD9A	Cell cycle checkpoint control protein RAD9A	468945			349581
Q99643	Q99643	C560_HUMAN	SDHC	Succinate dehydrogenase cytochrome b560 subunit, mitochondrial			158035	1.26041e+06
Q99653	Q99653	CHP1_HUMAN	CHP1	Calcineurin B homologous protein 1	3.32491e+06		2.75631e+06	785296
Q99674	Q99674	CGRE1_HUMAN	CGREF1	Cell growth regulator with EF hand domain protein 1	65609.5			
Q99685	Q99685	MGLL_HUMAN	MGLL	Monoglyceride lipase	823374		1.67702e+06	1.51911e+06
Q99700	Q99700	ATX2_HUMAN	ATXN2	Ataxin-2	963815		885169	429974
Q99704	Q99704	DOK1_HUMAN	DOK1	Docking protein 1	84701.6			
Q99707	Q99707	METH_HUMAN	MTR	Methionine synthase				93154.9
Q99714	Q99714	HCD2_HUMAN	HSD17B10	3-hydroxyacyl-CoA dehydrogenase type-2	2.88864e+07		1.10734e+07	3.03929e+07
Q99715	Q99715	COCA1_HUMAN	COL12A1	Collagen alpha-1(XII) chain	1.55602e+06		1.66768e+06	2.13629e+06
Q99719	Q99719	SEPT5_HUMAN	SEPTIN5	Septin-5	94690		156652	358285
Q99720	Q99720	SGMR1_HUMAN	SIGMAR1	Sigma non-opioid intracellular receptor 1	559487		504335	2.50781e+06
Q99729	Q99729	ROAA_HUMAN	HNRNPAB	Heterogeneous nuclear ribonucleoprotein A/B	1.57633e+07		1.83594e+07	9.36446e+06
Q99732	Q99732	LITAF_HUMAN	LITAF	Lipopolysaccharide-induced tumor necrosis factor-alpha factor	2.99764e+06		3.83888e+06	1.66246e+06
Q99733	Q99733	NP1L4_HUMAN	NAP1L4	Nucleosome assembly protein 1-like 4	7.698e+06		2.25495e+06	4.15071e+06
Q99735	Q99735	MGST2_HUMAN	MGST2	Microsomal glutathione S-transferase 2	2.03168e+07		2.52602e+07	2.04611e+07
Q99747	Q99747	SNAG_HUMAN	NAPG	Gamma-soluble NSF attachment protein	1.70964e+06		406518	1.19864e+06
Q99757	Q99757	THIOM_HUMAN	TXN2	Thioredoxin, mitochondrial	241075		706488	118120
Q99766	Q99766	ATP5S_HUMAN	DMAC2L	ATP synthase subunit s, mitochondrial			47037.1	804482
Q99795	Q99795	GPA33_HUMAN	GPA33	Cell surface A33 antigen	9.77398e+06		1.59932e+07	4.54511e+06
Q99797	Q99797	MIPEP_HUMAN	MIPEP	Mitochondrial intermediate peptidase				2.00982e+06
Q99798	Q99798	ACON_HUMAN	ACO2	Aconitate hydratase, mitochondrial	8.65746e+06		1.69153e+07	1.69375e+07
Q99805	Q99805	TM9S2_HUMAN	TM9SF2	Transmembrane 9 superfamily member 2	150675		25140.9	5.35556e+06
Q99807	Q99807	COQ7_HUMAN	COQ7	5-demethoxyubiquinone hydroxylase, mitochondrial	113587			290454
Q99808	Q99808	S29A1_HUMAN	SLC29A1	Equilibrative nucleoside transporter 1				209942
Q99816	Q99816	TS101_HUMAN	TSG101	Tumor susceptibility gene 101 protein	499199		401715	2.04867e+06
Q99828	Q99828	CIB1_HUMAN	CIB1	Calcium and integrin-binding protein 1	1.23588e+06		643419	1.03837e+06
Q99829	Q99829	CPNE1_HUMAN	CPNE1	Copine-1	8.10705e+06		7.4664e+06	6.00037e+06
Q99832	Q99832	TCPH_HUMAN	CCT7	T-complex protein 1 subunit eta	4.98368e+06		1.4556e+06	1.08995e+07
Q99836	Q99836	MYD88_HUMAN	MYD88	Myeloid differentiation primary response protein MyD88	669887			1.41438e+06
Q99848	Q99848	EBP2_HUMAN	EBNA1BP2	Probable rRNA-processing protein EBP2	587259			1.53834e+06
Q99856	Q99856	ARI3A_HUMAN	ARID3A	AT-rich interactive domain-containing protein 3A	1.01022e+06		650445	551343
Q99873	Q99873	ANM1_HUMAN	PRMT1	Protein arginine N-methyltransferase 1	1.61907e+07		1.02936e+07	1.08043e+07
Q99895	Q99895	CTRC_HUMAN	CTRC	Chymotrypsin-C	104385		616014	361364
Q99933	Q99933	BAG1_HUMAN	BAG1	BAG family molecular chaperone regulator 1	1.88073e+06		2.79785e+06	1.68423e+06
Q99943	Q99943	PLCA_HUMAN	AGPAT1	1-acyl-sn-glycerol-3-phosphate acyltransferase alpha				566366
Q99959	Q99959	PKP2_HUMAN	PKP2	Plakophilin-2	168517			214218
Q99961	Q99961;Q99962	SH3G1_HUMAN	SH3GL1	Endophilin-A2	2.58306e+06		841688	1.62544e+06
Q99965	Q99965	ADAM2_HUMAN	ADAM2	Disintegrin and metalloproteinase domain-containing protein 2	811928		1.27178e+06	739269
Q99969	Q99969	RARR2_HUMAN	RARRES2	Retinoic acid receptor responder protein 2	981368		980318	613302
Q99973	Q99973	TEP1_HUMAN	TEP1	Telomerase protein component 1				66789.5
Q99986	Q99986	VRK1_HUMAN	VRK1	Serine/threonine-protein kinase VRK1	322796		243431	305325
Q99988	Q99988	GDF15_HUMAN	GDF15	Growth/differentiation factor 15			1.46244e+06	652851
Q99996	Q99996	AKAP9_HUMAN	AKAP9	A-kinase anchor protein 9				138414
Q9BPW8	Q9BPW8	NIPS1_HUMAN	NIPSNAP1	Protein NipSnap homolog 1	1.52441e+06		1.19589e+06	2.23595e+06
Q9BPW9	Q9BPW9	DHRS9_HUMAN	DHRS9	Dehydrogenase/reductase SDR family member 9				241133
Q9BPX5	Q9BPX5	ARP5L_HUMAN	ARPC5L	Actin-related protein 2/3 complex subunit 5-like protein	8.57054e+06		5.27752e+06	1.24673e+07
Q9BPX6	Q9BPX6	MICU1_HUMAN	MICU1	Calcium uptake protein 1, mitochondrial				537875
Q9BPX7	Q9BPX7	CG025_HUMAN	C7orf25	UPF0415 protein C7orf25	132687		100577	160921
Q9BPY3	Q9BPY3	F118B_HUMAN	FAM118B	Protein FAM118B	296496			437132
Q9BQ13	Q9BQ13	KCD14_HUMAN	KCTD14	BTB/POZ domain-containing protein KCTD14			362878	506756
Q9BQ15	Q9BQ15	SOSB1_HUMAN	NABP2	SOSS complex subunit B1	1.38064e+06		984916	678330
Q9BQ24	Q9BQ24	ZFY21_HUMAN	ZFYVE21	Zinc finger FYVE domain-containing protein 21				61679.4
Q9BQ39	Q9BQ39	DDX50_HUMAN	DDX50	ATP-dependent RNA helicase DDX50				125573
Q9BQ48	Q9BQ48	RM34_HUMAN	MRPL34	Large ribosomal subunit protein bL34m	177679			471189
Q9BQ49	Q9BQ49	SMIM7_HUMAN	SMIM7	Small integral membrane protein 7				93346.4
Q9BQ52	Q9BQ52	RNZ2_HUMAN	ELAC2	Zinc phosphodiesterase ELAC protein 2	867024		727247	1.04074e+06
Q9BQ61	Q9BQ61	TRIR_HUMAN	TRIR	Telomerase RNA component interacting RNase	2.28953e+06		913726	233441
Q9BQ67	Q9BQ67	GRWD1_HUMAN	GRWD1	Glutamate-rich WD repeat-containing protein 1	1.06552e+06		670425	616112
Q9BQ69	Q9BQ69	MACD1_HUMAN	MACROD1	ADP-ribose glycohydrolase MACROD1			196271	1.15076e+06
Q9BQ70	Q9BQ70	TCF25_HUMAN	TCF25	Ribosome quality control complex subunit TCF25				201327
Q9BQ75	Q9BQ75	CMS1_HUMAN	CMSS1	Protein CMSS1				143010
Q9BQ95	Q9BQ95	ECSIT_HUMAN	ECSIT	Evolutionarily conserved signaling intermediate in Toll pathway, mitochondrial				163969
Q9BQA1	Q9BQA1	MEP50_HUMAN	WDR77	Methylosome protein WDR77	2.99763e+06		2.09108e+06	2.28074e+06
Q9BQA9	Q9BQA9	CYBC1_HUMAN	CYBC1	Cytochrome b-245 chaperone 1	463018			1.73169e+06
Q9BQB6	Q9BQB6	VKOR1_HUMAN	VKORC1	Vitamin K epoxide reductase complex subunit 1				356193
Q9BQC3	Q9BQC3	DPH2_HUMAN	DPH2	2-(3-amino-3-carboxypropyl)histidine synthase subunit 2				82466.4
Q9BQC6	Q9BQC6	RT63_HUMAN	MRPL57	Large ribosomal subunit protein mL63				952677
Q9BQE3	P0DPH7;Q6PEY2;Q71U36;Q9BQE3;Q9NY65	TBA1C_HUMAN	TUBA1C	Tubulin alpha-1C chain	5.83385e+06	3.34479e+08	6.54611e+06	5.13065e+07
Q9BQE4	Q9BQE4	SELS_HUMAN	SELENOS	Selenoprotein S	917028		437572	778000
Q9BQE5	Q9BQE5	APOL2_HUMAN	APOL2	Apolipoprotein L2	918009			1.76635e+06
Q9BQG0	Q9BQG0	MBB1A_HUMAN	MYBBP1A	Myb-binding protein 1A	388897		184113	2.15732e+06
Q9BQG2	Q9BQG2	NUD12_HUMAN	NUDT12	NAD-capped RNA hydrolase NUDT12				458398
Q9BQI0	Q9BQI0	AIF1L_HUMAN	AIF1L	Allograft inflammatory factor 1-like			160298	
Q9BQL6	Q9BQL6	FERM1_HUMAN	FERMT1	Fermitin family homolog 1	640908		786740	7.84058e+06
Q9BQP7	Q9BQP7	MGME1_HUMAN	MGME1	Mitochondrial genome maintenance exonuclease 1	613470		373824	387396
Q9BQQ3	Q9BQQ3	GORS1_HUMAN	GORASP1	Golgi reassembly-stacking protein 1	76814.6			197039
Q9BQS7	Q9BQS7	HEPH_HUMAN	HEPH	Hephaestin	4.3748e+06		4.13721e+06	2.88311e+06
Q9BQS8	Q9BQS8	FYCO1_HUMAN	FYCO1	FYVE and coiled-coil domain-containing protein 1	428992			516146
Q9BR61	Q9BR61	ACBD6_HUMAN	ACBD6	Acyl-CoA-binding domain-containing protein 6	341588			242306
Q9BR76	Q9BR76	COR1B_HUMAN	CORO1B	Coronin-1B	846683		1.08302e+06	8.91187e+06
Q9BRA2	Q9BRA2	TXD17_HUMAN	TXNDC17	Thioredoxin domain-containing protein 17	7.8406e+06		6.71519e+06	8.1635e+06
Q9BRF8	Q9BRF8	CPPED_HUMAN	CPPED1	Serine/threonine-protein phosphatase CPPED1	9.01395e+06		1.28067e+07	4.77135e+06
Q9BRG1	Q9BRG1	VPS25_HUMAN	VPS25	Vacuolar protein-sorting-associated protein 25	1.37364e+06		903763	1.6758e+06
Q9BRG2	Q9BRG2	SH23A_HUMAN	SH2D3A	SH2 domain-containing protein 3A				288817
Q9BRJ2	Q9BRJ2	RM45_HUMAN	MRPL45	Large ribosomal subunit protein mL45	349799		302135	1.09631e+06
Q9BRJ6	Q9BRJ6	CG050_HUMAN	C7orf50	Uncharacterized protein C7orf50	2.42865e+06		1.47779e+06	1.75504e+06
Q9BRJ7	Q9BRJ7	TIRR_HUMAN	NUDT16L1	Tudor-interacting repair regulator protein	393873		181115	541859
Q9BRK3	Q9BRK3	MXRA8_HUMAN	MXRA8	Matrix remodeling-associated protein 8	309966		138391	221240
Q9BRK5	Q9BRK5	CAB45_HUMAN	SDF4	45 kDa calcium-binding protein	817396		408878	564236
Q9BRP4	Q9BRP4	PAAF1_HUMAN	PAAF1	Proteasomal ATPase-associated factor 1	2.17274e+06		1.57784e+06	1.311e+06
Q9BRP8	Q9BRP8	PYM1_HUMAN	PYM1	Partner of Y14 and mago	2.11475e+06		2.17231e+06	752935
Q9BRQ6	Q9BRQ6	MIC25_HUMAN	CHCHD6	MICOS complex subunit MIC25	511363		662267	539624
Q9BRQ8	Q9BRQ8	FSP1_HUMAN	AIFM2	Ferroptosis suppressor protein 1				593488
Q9BRR3	Q9BRR3	PGAP4_HUMAN	PGAP4	Post-GPI attachment to proteins factor 4				66676.4
Q9BRR6	Q9BRR6	ADPGK_HUMAN	ADPGK	ADP-dependent glucokinase	426958		303666	962689
Q9BRT2	Q9BRT2	UQCC2_HUMAN	UQCC2	Ubiquinol-cytochrome-c reductase complex assembly factor 2	686290		710070	602059
Q9BRT3	Q9BRT3	MIEN1_HUMAN	MIEN1	Migration and invasion enhancer 1	1.53883e+06		1.05134e+06	932340
Q9BRX2	Q9BRX2	PELO_HUMAN	PELO	Protein pelota homolog	143713		576573	427994
Q9BRX8	Q9BRX8	PXL2A_HUMAN	PRXL2A	Peroxiredoxin-like 2A	454935		313249	1.60951e+06
Q9BRZ2	Q9BRZ2	TRI56_HUMAN	TRIM56	E3 ubiquitin-protein ligase TRIM56	584102		310455	1.12644e+06
Q9BS26	Q9BS26	ERP44_HUMAN	ERP44	Endoplasmic reticulum resident protein 44	5.44151e+06		5.00224e+06	1.57568e+07
Q9BS40	Q9BS40	LXN_HUMAN	LXN	Latexin	2.33816e+06		1.78013e+06	1.70566e+06
Q9BSB4	Q9BSB4	ATGA1_HUMAN	ATG101	Autophagy-related protein 101	417032			229577
Q9BSC4	Q9BSC4	NOL10_HUMAN	NOL10	Nucleolar protein 10				65974.1
Q9BSD7	Q9BSD7	NTPCR_HUMAN	NTPCR	Cancer-related nucleoside-triphosphatase	1.19447e+06		520983	1.96184e+06
Q9BSE4	Q9BSE4	HERP2_HUMAN	HERPUD2	Homocysteine-responsive endoplasmic reticulum-resident ubiquitin-like domain member 2 protein	118862			105340
Q9BSE5	Q9BSE5	GDAH_HUMAN	AGMAT	Guanidino acid hydrolase, mitochondrial	3.27621e+06		4.32167e+06	2.67635e+06
Q9BSF4	Q9BSF4	TIM29_HUMAN	TIMM29	Mitochondrial import inner membrane translocase subunit Tim29				833503
Q9BSH4	Q9BSH4	TACO1_HUMAN	TACO1	Translational activator of cytochrome c oxidase 1	524247		437987	697888
Q9BSH5	Q9BSH5	HDHD3_HUMAN	HDHD3	Haloacid dehalogenase-like hydrolase domain-containing protein 3				4.30544e+06
Q9BSJ2	Q9BSJ2	GCP2_HUMAN	TUBGCP2	Gamma-tubulin complex component 2				618513
Q9BSJ8	Q9BSJ8	ESYT1_HUMAN	ESYT1	Extended synaptotagmin-1	764166		867106	5.01043e+06
Q9BSL1	Q9BSL1	UBAC1_HUMAN	UBAC1	Ubiquitin-associated domain-containing protein 1	1.04567e+06			720348
Q9BSR8	Q9BSR8	YIPF4_HUMAN	YIPF4	Protein YIPF4				882744
Q9BST9	Q9BST9	RTKN_HUMAN	RTKN	Rhotekin				325119
Q9BSU1	Q9BSU1	PHAF1_HUMAN	PHAF1	Phagosome assembly factor 1				127935
Q9BSV6	Q9BSV6	SEN34_HUMAN	TSEN34	tRNA-splicing endonuclease subunit Sen34				325083
Q9BSW2	Q9BSW2	EFC4B_HUMAN	CRACR2A	EF-hand calcium-binding domain-containing protein 4B	344956		281905	185120
Q9BSY4	Q9BSY4	CHCH5_HUMAN	CHCHD5	Coiled-coil-helix-coiled-coil-helix domain-containing protein 5	754733			203193
Q9BT09	Q9BT09	CNPY3_HUMAN	CNPY3	Protein canopy homolog 3	2.54337e+06		1.68513e+06	958198
Q9BT17	Q9BT17	MTG1_HUMAN	MTG1	Mitochondrial ribosome-associated GTPase 1				356078
Q9BT22	Q9BT22	ALG1_HUMAN	ALG1	Chitobiosyldiphosphodolichol beta-mannosyltransferase				1.48643e+06
Q9BT23	Q9BT23	LIMD2_HUMAN	LIMD2	LIM domain-containing protein 2	767868		212251	124768
Q9BT30	Q9BT30	ALKB7_HUMAN	ALKBH7	Alpha-ketoglutarate-dependent dioxygenase alkB homolog 7, mitochondrial				243895
Q9BT40	Q9BT40	INP5K_HUMAN	INPP5K	Inositol polyphosphate 5-phosphatase K	264175		78717	379054
Q9BT43	Q9BT43	RPC7L_HUMAN	POLR3GL	DNA-directed RNA polymerase III subunit RPC7-like	162433			103476
Q9BT73	Q9BT73	PSMG3_HUMAN	PSMG3	Proteasome assembly chaperone 3	1.0847e+06		203322	1.59648e+06
Q9BT78	Q9BT78	CSN4_HUMAN	COPS4	COP9 signalosome complex subunit 4	1.61582e+06		639141	2.04121e+06
Q9BTC0	Q9BTC0	DIDO1_HUMAN	DIDO1	Death-inducer obliterator 1	372394		375660	410799
Q9BTC8	Q9BTC8	MTA3_HUMAN	MTA3	Metastasis-associated protein MTA3				75420
Q9BTD8	Q9BTD8	RBM42_HUMAN	RBM42	RNA-binding protein 42	509343		390060	314432
Q9BTE1	Q9BTE1	DCTN5_HUMAN	DCTN5	Dynactin subunit 5	1.70259e+06		581592	590472
Q9BTE3	Q9BTE3	MCMBP_HUMAN	MCMBP	Mini-chromosome maintenance complex-binding protein	1.32913e+06			240592
Q9BTE6	Q9BTE6	AASD1_HUMAN	AARSD1	Alanyl-tRNA editing protein Aarsd1	853382		437312	1.44654e+06
Q9BTE7	Q92564;Q9BTE7	DCNL5_HUMAN	DCUN1D5	DCN1-like protein 5	541694		383521	758788
Q9BTM9	Q9BTM9	URM1_HUMAN	URM1	Ubiquitin-related modifier 1	727207		169620	383639
Q9BTT0	Q9BTT0	AN32E_HUMAN	ANP32E	Acidic leucine-rich nuclear phosphoprotein 32 family member E	1.99651e+06		120808	711358
Q9BTT4	Q9BTT4	MED10_HUMAN	MED10	Mediator of RNA polymerase II transcription subunit 10	222186		117829	
Q9BTT6	Q9BTT6	LRRC1_HUMAN	LRRC1	Leucine-rich repeat-containing protein 1	376676		232982	446667
Q9BTU6	Q9BTU6	P4K2A_HUMAN	PI4K2A	Phosphatidylinositol 4-kinase type 2-alpha	481017		388748	1.18459e+06
Q9BTV4	Q9BTV4	TMM43_HUMAN	TMEM43	Transmembrane protein 43	879881		1.72515e+06	5.28212e+06
Q9BTW9	Q9BTW9	TBCD_HUMAN	TBCD	Tubulin-specific chaperone D				488418
Q9BTX1	Q9BTX1	NDC1_HUMAN	NDC1	Nucleoporin NDC1				142242
Q9BTX3	Q9BTX3	TM208_HUMAN	TMEM208	Transmembrane protein 208				271020
Q9BTY2	Q9BTY2	FUCO2_HUMAN	FUCA2	Plasma alpha-L-fucosidase	1.3871e+06		1.88016e+06	1.6159e+06
Q9BTY7	Q9BTY7	HGH1_HUMAN	HGH1	Protein HGH1 homolog				83976.7
Q9BTZ2	Q9BTZ2;P0CG22	DHRS4_HUMAN	DHRS4	Dehydrogenase/reductase SDR family member 4	2.0301e+06		1.33362e+06	1.74098e+06
Q9BU02	Q9BU02	THTPA_HUMAN	THTPA	Thiamine-triphosphatase	595457			464986
Q9BU23	Q9BU23	LMF2_HUMAN	LMF2	Lipase maturation factor 2				1.21009e+06
Q9BU61	Q9BU61	NDUF3_HUMAN	NDUFAF3	NADH dehydrogenase [ubiquinone] 1 alpha subcomplex assembly factor 3	818508			1.7626e+06
Q9BU68	Q9BU68	PR15L_HUMAN	PRR15L	Proline-rich protein 15-like protein	187761			
Q9BU89	Q9BU89	DOHH_HUMAN	DOHH	Deoxyhypusine hydroxylase	217301			266695
Q9BUB7	Q9BUB7	TMM70_HUMAN	TMEM70	Transmembrane protein 70, mitochondrial				474629
Q9BUE6	Q9BUE6	ISCA1_HUMAN	ISCA1	Iron-sulfur cluster assembly 1 homolog, mitochondrial	748771		356243	796428
Q9BUF5	Q13509;Q9BUF5	TBB6_HUMAN	TUBB6	Tubulin beta-6 chain	1.14545e+06		1.32137e+06	6.71713e+06
Q9BUH6	Q9BUH6	PAXX_HUMAN	PAXX	Protein PAXX	2.5362e+06		2.03426e+06	2.47035e+06
Q9BUI4	Q9BUI4	RPC3_HUMAN	POLR3C	DNA-directed RNA polymerase III subunit RPC3	174452			892564
Q9BUJ2	Q9BUJ2	HNRL1_HUMAN	HNRNPUL1	Heterogeneous nuclear ribonucleoprotein U-like protein 1	9.4089e+06		1.06235e+07	4.2412e+06
Q9BUK0	Q9BUK0	CHCH7_HUMAN	CHCHD7	Coiled-coil-helix-coiled-coil-helix domain-containing protein 7	746494		1.29438e+06	702841
Q9BUK6	Q9BUK6	MSTO1_HUMAN	MSTO1	Protein misato homolog 1				282162
Q9BUL5	Q9BUL5	PHF23_HUMAN	PHF23	PHD finger protein 23	294438			
Q9BUL8	Q9BUL8	PDC10_HUMAN	PDCD10	Programmed cell death protein 10	6.41734e+06		4.72844e+06	5.05879e+06
Q9BUL9	Q9BUL9	RPP25_HUMAN	RPP25	Ribonuclease P protein subunit p25	434178		260025	442730
Q9BUN8	Q9BUN8	DERL1_HUMAN	DERL1	Derlin-1				2.35168e+06
Q9BUP0	Q9BUP0	EFHD1_HUMAN	EFHD1	EF-hand domain-containing protein D1	841413		462090	117094
Q9BUP3	Q9BUP3	HTAI2_HUMAN	HTATIP2	Oxidoreductase HTATIP2	1.80988e+06		1.40078e+06	5.99863e+06
Q9BUQ8	Q9BUQ8	DDX23_HUMAN	DDX23	Probable ATP-dependent RNA helicase DDX23	2.35386e+06		1.65468e+06	1.99136e+06
Q9BUR5	Q9BUR5	MIC26_HUMAN	APOO	MICOS complex subunit MIC26	1.68774e+06		673993	3.6822e+06
Q9BUT1	Q9BUT1	DHRS6_HUMAN	BDH2	Dehydrogenase/reductase SDR family member 6	2.49855e+06		3.71363e+06	1.26142e+06
Q9BV10	Q9BV10	ALG12_HUMAN	ALG12	Dol-P-Man:Man(7)GlcNAc(2)-PP-Dol alpha-1,6-mannosyltransferase				513141
Q9BV20	Q9BV20	MTNA_HUMAN	MRI1	Methylthioribose-1-phosphate isomerase	1.44867e+06		1.37589e+06	1.73489e+06
Q9BV23	Q9BV23	ABHD6_HUMAN	ABHD6	Monoacylglycerol lipase ABHD6				95471.8
Q9BV36	Q9BV36	MELPH_HUMAN	MLPH	Melanophilin			219175	
Q9BV38	Q9BV38	WDR18_HUMAN	WDR18	WD repeat-containing protein 18	149530			737514
Q9BV40	Q9BV40	VAMP8_HUMAN	VAMP8	Vesicle-associated membrane protein 8	6.85231e+06		4.54388e+06	2.55021e+06
Q9BV44	Q9BV44	THUM3_HUMAN	THUMPD3	tRNA (guanine(6)-N2)-methyltransferase THUMP3	494208		277975	612477
Q9BV57	Q9BV57	MTND_HUMAN	ADI1	Acireductone dioxygenase	1.89707e+06		1.46643e+06	1.11772e+06
Q9BV68	Q9BV68	RN126_HUMAN	RNF126	E3 ubiquitin-protein ligase RNF126	280483			210542
Q9BV79	Q9BV79	MECR_HUMAN	MECR	Enoyl-[acyl-carrier-protein] reductase, mitochondrial	569143		251188	762825
Q9BV81	Q9BV81	EMC6_HUMAN	EMC6	ER membrane protein complex subunit 6				467838
Q9BV86	Q9BV86	NTM1A_HUMAN	NTMT1	N-terminal Xaa-Pro-Lys N-methyltransferase 1	1.2782e+06		674513	1.86216e+06
Q9BVA1	Q9BVA1	TBB2B_HUMAN	TUBB2B	Tubulin beta-2B chain				207273
Q9BVC4	Q9BVC4	LST8_HUMAN	MLST8	Target of rapamycin complex subunit LST8	73268			378303
Q9BVC6	Q9BVC6	TM109_HUMAN	TMEM109	Transmembrane protein 109	1.87092e+07		8.99073e+06	1.90055e+07
Q9BVG4	Q9BVG4	PBDC1_HUMAN	PBDC1	Protein PBDC1	3.48204e+06		1.86518e+06	3.08934e+06
Q9BVG9	Q9BVG9	PTSS2_HUMAN	PTDSS2	Phosphatidylserine synthase 2				799630
Q9BVI4	Q9BVI4	NOC4L_HUMAN	NOC4L	Nucleolar complex protein 4 homolog	131363			505324
Q9BVJ6	Q9BVJ6	UT14A_HUMAN	UTP14A	U3 small nucleolar RNA-associated protein 14 homolog A	977239		349340	167391
Q9BVJ7	Q9BVJ7	DUS23_HUMAN	DUSP23	Dual specificity protein phosphatase 23	2.16074e+06		706792	1.49523e+06
Q9BVK2	Q9BVK2	ALG8_HUMAN	ALG8	Probable dolichyl pyrophosphate Glc1Man9GlcNAc2 alpha-1,3-glucosyltransferase				493296
Q9BVK6	Q9BVK6	TMED9_HUMAN	TMED9	Transmembrane emp24 domain-containing protein 9	1.50362e+07		1.23589e+07	1.25311e+07
Q9BVK8	Q9BVK8	TM147_HUMAN	TMEM147	BOS complex subunit TMEM147				313713
Q9BVL2	Q9BVL2	NUP58_HUMAN	NUP58	Nucleoporin p58/p45	575427			532982
Q9BVL4	Q9BVL4	SELO_HUMAN	SELENOO	Protein adenylyltransferase SelO, mitochondrial	435499		440358	622386
Q9BVM2	Q9BVM2	DPCD_HUMAN	DPCD	Protein DPCD	760516		564418	472429
Q9BVM4	Q9BVM4	GGACT_HUMAN	GGACT	Gamma-glutamylaminecyclotransferase	1.67439e+06		979238	1.19626e+06
Q9BVP2	Q9BVP2	GNL3_HUMAN	GNL3	Guanine nucleotide-binding protein-like 3	444202		269522	1.43927e+06
Q9BVQ7	Q9BVQ7	AFG2B_HUMAN	AFG2B	ATPase family gene 2 protein homolog B				117875
Q9BVS4	Q9BVS4	RIOK2_HUMAN	RIOK2	Serine/threonine-protein kinase RIO2				96747.2
Q9BVS5	Q9BVS5	TR61B_HUMAN	TRMT61B	tRNA (adenine(58)-N(1))-methyltransferase, mitochondrial				143552
Q9BVV7	Q9BVV7	TIM21_HUMAN	TIMM21	Mitochondrial import inner membrane translocase subunit Tim21				610893
Q9BW04	Q9BW04	SARG_HUMAN	SARG	Specifically androgen-regulated gene protein	1.27822e+06		447109	275317
Q9BW27	Q9BW27	NUP85_HUMAN	NUP85	Nuclear pore complex protein Nup85	573354			707695
Q9BW30	Q9BW30	TPPP3_HUMAN	TPPP3	Tubulin polymerization-promoting protein family member 3	2.43868e+06		2.00686e+06	1.11817e+06
Q9BW60	Q9BW60	ELOV1_HUMAN	ELOVL1	Elongation of very long chain fatty acids protein 1				308290
Q9BW61	Q9BW61	DDA1_HUMAN	DDA1	DET1- and DDB1-associated protein 1	180739			278104
Q9BW83	Q9BW83	IFT27_HUMAN	IFT27	Intraflagellar transport protein 27 homolog	1.76275e+06		1.07238e+06	667386
Q9BW85	Q9BW85	YJU2_HUMAN	YJU2	Splicing factor YJU2	304147		223626	134577
Q9BW91	Q9BW91	NUDT9_HUMAN	NUDT9	ADP-ribose pyrophosphatase, mitochondrial	1.08235e+06		1.16917e+06	937345
Q9BW92	Q9BW92	SYTM_HUMAN	TARS2	Threonine--tRNA ligase, mitochondrial				2.0868e+06
Q9BWD1	Q9BWD1	THIC_HUMAN	ACAT2	Acetyl-CoA acetyltransferase, cytosolic	4.09343e+06		3.07039e+06	1.57506e+06
Q9BWE0	Q9BWE0	REPI1_HUMAN	REPIN1	Replication initiator 1	483848		290122	409956
Q9BWF3	Q9BWF3	RBM4_HUMAN	RBM4	RNA-binding protein 4	4.60806e+06		2.87798e+06	2.31236e+06
Q9BWH2	Q9BWH2	FUND2_HUMAN	FUNDC2	FUN14 domain-containing protein 2	1.29366e+06		645059	3.69708e+06
Q9BWH6	Q9BWH6	RPAP1_HUMAN	RPAP1	RNA polymerase II-associated protein 1				142865
Q9BWJ5	Q9BWJ5	SF3B5_HUMAN	SF3B5	Splicing factor 3B subunit 5	217623			63682.9
Q9BWM7	Q9BWM7	SFXN3_HUMAN	SFXN3	Sideroflexin-3				4.46884e+06
Q9BWQ6	Q9BWQ6	YIPF2_HUMAN	YIPF2	Protein YIPF2				264328
Q9BWS9	Q9BWS9	CHID1_HUMAN	CHID1	Chitinase domain-containing protein 1	545561		423722	2.04127e+06
Q9BWU0	Q9BWU0	NADAP_HUMAN	SLC4A1AP	Kanadaptin	727979		213305	279176
Q9BWW4	Q9BWW4	SSBP3_HUMAN	SSBP3	Single-stranded DNA-binding protein 3	82868.7			20849.7
Q9BX40	Q9BX40	LS14B_HUMAN	LSM14B	Protein LSM14 homolog B	977489			551467
Q9BX46;Q9H0Z9	Q9BX46;Q9H0Z9	RBM24_HUMAN;RBM38_HUMAN	RBM24;RBM38	RNA-binding protein 24	505744		337481	281904
Q9BX59	Q9BX59	TPSNR_HUMAN	TAPBPL	Tapasin-related protein	784362		397292	1.07347e+06
Q9BX66	Q9BX66	SRBS1_HUMAN	SORBS1	Sorbin and SH3 domain-containing protein 1	895754		1.02739e+06	803821
Q9BX67	Q9BX67	JAM3_HUMAN	JAM3	Junctional adhesion molecule C	1.21942e+06		1.36765e+06	668411
Q9BX68	Q9BX68	HINT2_HUMAN	HINT2	Adenosine 5'-monophosphoramidase HINT2	7.19102e+06		2.99425e+06	1.47174e+06
Q9BX69	Q9BX69	CARD6_HUMAN	CARD6	Caspase recruitment domain-containing protein 6			751914	126687
Q9BX70;Q9H0C5	Q9BX70;Q9H0C5	BTBD1_HUMAN;BTBD2_HUMAN	BTBD1;BTBD2	BTB/POZ domain-containing protein 2				146658
Q9BX93	Q9BX93	PG12B_HUMAN	PLA2G12B	Group XIIB secretory phospholipase A2-like protein	242198		195625	194832
Q9BX97	Q9BX97	PLVAP_HUMAN	PLVAP	Plasmalemma vesicle-associated protein	3.9783e+06		4.07391e+06	2.9498e+06
Q9BXB4	Q9BXB4;Q9BXB5	OSB11_HUMAN	OSBPL11	Oxysterol-binding protein-related protein 11	531783		82429.2	446472
Q9BXB5	Q9BXB5	OSB10_HUMAN	OSBPL10	Oxysterol-binding protein-related protein 10				435888
Q9BXD5	Q9BXD5	NPL_HUMAN	NPL	N-acetylneuraminate lyase	49172.1			46647.3
Q9BXF6	Q9BXF6	RFIP5_HUMAN	RAB11FIP5	Rab11 family-interacting protein 5				55456.1
Q9BXI6	Q9BXI6	TB10A_HUMAN	TBC1D10A	TBC1 domain family member 10A	242573		101136	167718
Q9BXJ0	Q9BXJ0	C1QT5_HUMAN	C1QTNF5	Complement C1q tumor necrosis factor-related protein 5	351529			125116
Q9BXJ4	Q9BXJ4	C1QT3_HUMAN	C1QTNF3	Complement C1q tumor necrosis factor-related protein 3			239391	270771
Q9BXJ8	Q9BXJ8	TACAN_HUMAN	TMEM120A	Ion channel TACAN				797934
Q9BXJ9	Q6N069;Q9BXJ9	NAA15_HUMAN	NAA15	N-alpha-acetyltransferase 15, NatA auxiliary subunit	1.43086e+06		882942	4.82616e+06
Q9BXK5	Q9BXK5	B2L13_HUMAN	BCL2L13	Bcl-2-like protein 13	783226		266580	1.54746e+06
Q9BXL7	Q9BXL7	CAR11_HUMAN	CARD11	Caspase recruitment domain-containing protein 11				128893
Q9BXN1	Q9BXN1	ASPN_HUMAN	ASPN	Asporin			1.80235e+06	1.08112e+06
Q9BXP2	Q9BXP2	S12A9_HUMAN	SLC12A9	Solute carrier family 12 member 9				2.35578e+06
Q9BXP5	Q9BXP5	SRRT_HUMAN	SRRT	Serrate RNA effector molecule homolog	1.30223e+06		672157	3.56306e+06
Q9BXR0	Q9BXR0	TGT_HUMAN	QTRT1	Queuine tRNA-ribosyltransferase catalytic subunit 1	2.89224e+06		2.46378e+06	1.18534e+06
Q9BXR6	Q9BXR6	FHR5_HUMAN	CFHR5	Complement factor H-related protein 5	725295		1.05854e+06	535798
Q9BXS4	Q9BXS4	TMM59_HUMAN	TMEM59	Transmembrane protein 59				263911
Q9BXS5	Q9BXS5	AP1M1_HUMAN	AP1M1	AP-1 complex subunit mu-1				937161
Q9BXV9	Q9BXV9	GON7_HUMAN	GON7	EKC/KEOPS complex subunit GON7	258385			
Q9BXW6	Q9BXW6	OSBL1_HUMAN	OSBPL1A	Oxysterol-binding protein-related protein 1				99698.1
Q9BXW7	Q9BXW7	HDHD5_HUMAN	HDHD5	Haloacid dehalogenase-like hydrolase domain-containing 5				2.65391e+06
Q9BXY0	Q9BXY0	MAK16_HUMAN	MAK16	Protein MAK16 homolog	984170		834897	1.27531e+06
Q9BY15	Q9BY15;Q9UHX3	AGRE3_HUMAN	ADGRE3	Adhesion G protein-coupled receptor E3				278700
Q9BY32	Q9BY32	ITPA_HUMAN	ITPA	Inosine triphosphate pyrophosphatase	4.3856e+06		1.67068e+06	2.92669e+06
Q9BY41	Q9BY41	HDAC8_HUMAN	HDAC8	Histone deacetylase 8				51102.7
Q9BY42	Q9BY42	RTF2_HUMAN	RTF2	Replication termination factor 2	430567		434018	332499
Q9BY43	Q9BY43	CHM4A_HUMAN	CHMP4A	Charged multivesicular body protein 4a	2.98202e+06		2.43062e+06	590479
Q9BY44	Q9BY44	EIF2A_HUMAN	EIF2A	Eukaryotic translation initiation factor 2A	518709		734220	800517
Q9BY49	Q9BY49	PECR_HUMAN	PECR	Peroxisomal trans-2-enoyl-CoA reductase	420923			
Q9BY50	Q9BY50	SC11C_HUMAN	SEC11C	Signal peptidase complex catalytic subunit SEC11C	8.79513e+06		2.70942e+06	8.09052e+06
Q9BY67	Q9BY67	CADM1_HUMAN	CADM1	Cell adhesion molecule 1			415141	115513
Q9BY77	Q9BY77	PDIP3_HUMAN	POLDIP3	Polymerase delta-interacting protein 3	1.71765e+06		649202	512889
Q9BY89	Q9BY89	K1671_HUMAN	KIAA1671	Uncharacterized protein KIAA1671	294905			26083
Q9BYB4	Q9BYB4	GNB1L_HUMAN	GNB1L	Guanine nucleotide-binding protein subunit beta-like protein 1	263237			371337
Q9BYC5	Q9BYC5	FUT8_HUMAN	FUT8	Alpha-(1,6)-fucosyltransferase				162923
Q9BYC8	Q9BYC8	RM32_HUMAN	MRPL32	Large ribosomal subunit protein bL32m				282342
Q9BYC9	Q9BYC9	RM20_HUMAN	MRPL20	Large ribosomal subunit protein bL20m				629703
Q9BYD1	Q9BYD1	RM13_HUMAN	MRPL13	Large ribosomal subunit protein uL13m	462390		628613	1.93398e+06
Q9BYD2	Q9BYD2	RM09_HUMAN	MRPL9	Large ribosomal subunit protein bL9m	103119		110019	1.61897e+06
Q9BYD3	Q9BYD3	RM04_HUMAN	MRPL4	Large ribosomal subunit protein uL4m	141236			2.15342e+06
Q9BYD6	Q9BYD6	RM01_HUMAN	MRPL1	Large ribosomal subunit protein uL1m	606567		673114	2.16403e+06
Q9BYE9	Q9BYE9	CDHR2_HUMAN	CDHR2	Cadherin-related family member 2	331479		1.52697e+06	498542
Q9BYF1	Q9BYF1	ACE2_HUMAN	ACE2	Angiotensin-converting enzyme 2	388089		269460	626148
Q9BYG3	Q9BYG3	MK67I_HUMAN	NIFK	MKI67 FHA domain-interacting nucleolar phosphoprotein	430087		339500	422667
Q9BYG5	Q9BYG4;Q9BYG5	PAR6B_HUMAN	PARD6B	Partitioning defective 6 homolog beta	567284		719841	727136
Q9BYI3	Q9BYI3	HYCCI_HUMAN	HYCC1	Hyccin				54059.7
Q9BYJ9	Q7Z739;Q9BYJ9;Q9Y5A9	YTHD1_HUMAN	YTHDF1	YTH domain-containing family protein 1	1.84307e+06		1.82111e+06	1.71377e+06
Q9BYM8	Q9BYM8	HOIL1_HUMAN	RBCK1	RanBP-type and C3HC4-type zinc finger-containing protein 1	391151		676604	235036
Q9BYN0	Q9BYN0	SRXN1_HUMAN	SRXN1	Sulfiredoxin-1	629355		594937	362419
Q9BYN8	Q9BYN8	RT26_HUMAN	MRPS26	Small ribosomal subunit protein mS26				1.25562e+06
Q9BYT8	Q9BYT8	NEUL_HUMAN	NLN	Neurolysin, mitochondrial			240443	599048
Q9BYV8	Q9BYV8	CEP41_HUMAN	CEP41	Centrosomal protein of 41 kDa				134983
Q9BYX2	Q9BYX2	TBD2A_HUMAN	TBC1D2	TBC1 domain family member 2A				157871
Q9BYX4	Q9BYX4	IFIH1_HUMAN	IFIH1	Interferon-induced helicase C domain-containing protein 1	257575		217506	119985
Q9BYX7	Q9BYX7	ACTBM_HUMAN	POTEKP	Putative beta-actin-like protein 3	2.52628e+06		856000	520487
Q9BYZ2	Q9BYZ2	LDH6B_HUMAN	LDHAL6B	L-lactate dehydrogenase A-like 6B	398116		183322	3.52813e+06
Q9BYZ8	Q9BYZ8	REG4_HUMAN	REG4	Regenerating islet-derived protein 4	9.21069e+06		2.54092e+07	4.17808e+06
Q9BZ23	Q9BZ23	PANK2_HUMAN	PANK2	Pantothenate kinase 2, mitochondrial	1.6711e+06			1.21128e+06
Q9BZ29	Q9BZ29	DOCK9_HUMAN	DOCK9	Dedicator of cytokinesis protein 9				486269
Q9BZ67	Q9BZ67;Q9BZ68	FRMD8_HUMAN	FRMD8	FERM domain-containing protein 8	294201		93437.4	323693
Q9BZD2	Q9BZD2	S29A3_HUMAN	SLC29A3	Equilibrative nucleoside transporter 3				364934
Q9BZE1	Q9BZE1	RM37_HUMAN	MRPL37	Large ribosomal subunit protein mL37	393172		274488	2.09987e+06
Q9BZE4	Q9BZE4	GTPB4_HUMAN	GTPBP4	GTP-binding protein 4	618216		178858	1.17022e+06
Q9BZE9	Q9BZE9	ASPC1_HUMAN	ASPSCR1	Tether containing UBX domain for GLUT4	293641		211173	664235
Q9BZF1	Q9BZF1	OSBL8_HUMAN	OSBPL8	Oxysterol-binding protein-related protein 8	216816		119198	659661
Q9BZF9	Q9BZF9	UACA_HUMAN	UACA	Uveal autoantigen with coiled-coil domains and ankyrin repeats	1.02094e+06			745312
Q9BZG1	Q9BZG1	RAB34_HUMAN	RAB34	Ras-related protein Rab-34	1.09687e+06		573963	641966
Q9BZG8	Q9BZG8	DPH1_HUMAN	DPH1	2-(3-amino-3-carboxypropyl)histidine synthase subunit 1				199775
Q9BZH6	Q9BZH6	WDR11_HUMAN	WDR11	WD repeat-containing protein 11			539432	1.80765e+06
Q9BZI7	Q9BZI7	REN3B_HUMAN	UPF3B	Regulator of nonsense transcripts 3B	263424		241974	260900
Q9BZJ0	Q9BZJ0	CRNL1_HUMAN	CRNKL1	Crooked neck-like protein 1				353595
Q9BZK7	O60907;Q9BQ87;Q9BZK7	TBL1R_HUMAN	TBL1XR1	F-box-like/WD repeat-containing protein TBL1XR1	1.01407e+06		629924	1.40495e+06
Q9BZL1	Q9BZL1	UBL5_HUMAN	UBL5	Ubiquitin-like protein 5	6.14333e+06		5.49919e+06	2.23001e+06
Q9BZL4	Q9BZL4	PP12C_HUMAN	PPP1R12C	Protein phosphatase 1 regulatory subunit 12C	295635		289726	234288
Q9BZL6	O94806;Q9BZL6	KPCD2_HUMAN	PRKD2	Serine/threonine-protein kinase D2				442173
Q9BZM1	Q9BZM1	PG12A_HUMAN	PLA2G12A	Group XIIA secretory phospholipase A2	143560		104612	65203.1
Q9BZQ6	Q9BZQ6	EDEM3_HUMAN	EDEM3	ER degradation-enhancing alpha-mannosidase-like protein 3	177991			301788
Q9BZQ8	Q9BZQ8	NIBA1_HUMAN	NIBAN1	Protein Niban 1	125380		69903.4	541992
Q9BZR8	Q9BZR8	B2L14_HUMAN	BCL2L14	Apoptosis facilitator Bcl-2-like protein 14	66503.7			
Q9BZV1	Q9BZV1	UBXN6_HUMAN	UBXN6	UBX domain-containing protein 6	94314.2			665904
Q9BZX2	Q9BZX2;Q9HA47	UCK2_HUMAN	UCK2	Uridine-cytidine kinase 2	1.15897e+06		471110	509383
Q9BZZ5	Q9BZZ5	API5_HUMAN	API5	Apoptosis inhibitor 5	5.21388e+06		2.08893e+06	5.4057e+06
Q9C002	Q9C002	NMES1_HUMAN	NMES1	Normal mucosa of esophagus-specific gene 1 protein	898324		264803	1.04209e+06
Q9C005	Q9C005	DPY30_HUMAN	DPY30	Protein dpy-30 homolog	633915			
Q9C026	Q9C026	TRIM9_HUMAN	TRIM9	E3 ubiquitin-protein ligase TRIM9	569300			
Q9C035	Q9C035	TRIM5_HUMAN	TRIM5	Tripartite motif-containing protein 5	155966			202723
Q9C037	Q9C037	TRIM4_HUMAN	TRIM4	E3 ubiquitin-protein ligase TRIM4				415063
Q9C040	Q9C040	TRIM2_HUMAN	TRIM2	Tripartite motif-containing protein 2	604737		853253	1.42889e+06
Q9C075	Q9C075	K1C23_HUMAN	KRT23	Keratin, type I cytoskeletal 23	1.10957e+06	7.59832e+08	1.64339e+06	2.15804e+06
Q9C0B1	Q9C0B1	FTO_HUMAN	FTO	Alpha-ketoglutarate-dependent dioxygenase FTO	460439		229929	670475
Q9C0B7	Q9C0B7	TNG6_HUMAN	TANGO6	Transport and Golgi organization protein 6 homolog				20746.2
Q9C0C2	Q9C0C2	TB182_HUMAN	TNKS1BP1	182 kDa tankyrase-1-binding protein	1.19888e+06		492884	895017
Q9C0C9	Q9C0C9	UBE2O_HUMAN	UBE2O	(E3-independent) E2 ubiquitin-conjugating enzyme	739940		513686	1.10555e+06
Q9C0D3	Q9C0D3	ZY11B_HUMAN	ZYG11B	Protein zyg-11 homolog B				141647
Q9C0D5	Q9C0D5	TANC1_HUMAN	TANC1	Protein TANC1	231440			231349
Q9C0D9	Q9C0D9	EPT1_HUMAN	SELENOI	Ethanolaminephosphotransferase 1				681371
Q9C0E2	Q9C0E2	XPO4_HUMAN	XPO4	Exportin-4				1.46632e+06
Q9C0E8	Q9C0E8	LNP_HUMAN	LNPK	Endoplasmic reticulum junction formation protein lunapark	543658		440589	1.43186e+06
Q9C0H2	Q9C0H2	TTYH3_HUMAN	TTYH3	Protein tweety homolog 3	197384		233608	309431
Q9C0I1	Q9C0I1	MTMRC_HUMAN	MTMR12	Myotubularin-related protein 12	195340			558694
Q9C0J8	Q9C0J8	WDR33_HUMAN	WDR33	pre-mRNA 3' end processing protein WDR33	310222		213845	184220
Q9C0K3;Q9P1U1	Q9P1U1;Q9C0K3	ARP3B_HUMAN;ARP3C_HUMAN	ACTR3B;ACTR3C	Actin-related protein 3C				86935.2
Q9GZL7	Q9GZL7	WDR12_HUMAN	WDR12	Ribosome biogenesis protein WDR12	877365		962228	636089
Q9GZM5	Q9GZM5	YIPF3_HUMAN	YIPF3	Protein YIPF3				1.02562e+06
Q9GZM7	Q9GZM7	TINAL_HUMAN	TINAGL1	Tubulointerstitial nephritis antigen-like	486101		512522	447748
Q9GZN1	Q9GZN1	ARP6_HUMAN	ACTR6	Actin-related protein 6	82114.9			106354
Q9GZN8	Q9GZN8	ADSSP_HUMAN	ADISSP	Adipose-secreted signaling protein	1.61088e+06		1.20401e+06	1.3687e+06
Q9GZP4	Q9GZP4	PITH1_HUMAN	PITHD1	PITH domain-containing protein 1	3.96997e+06		4.74616e+06	1.40863e+06
Q9GZP8	Q9GZP8	IMUP_HUMAN	IMUP	Immortalization up-regulated protein	676483		1.54981e+06	368643
Q9GZQ3	Q9GZQ3	COMD5_HUMAN	COMMD5	COMM domain-containing protein 5	555116		244115	374314
Q9GZR2	Q9GZR2	REXO4_HUMAN	REXO4	RNA exonuclease 4				689543
Q9GZR7	Q9GZR7	DDX24_HUMAN	DDX24	ATP-dependent RNA helicase DDX24	30084.1		190607	234501
Q9GZS1	Q9GZS1	RPA49_HUMAN	POLR1E	DNA-directed RNA polymerase I subunit RPA49	258841		156634	298588
Q9GZS3	Q9GZS3	SKI8_HUMAN	SKIC8	Superkiller complex protein 8	4.98785e+06		1.88183e+06	2.93725e+06
Q9GZS9	Q9GZS9	CHST5_HUMAN	CHST5	Carbohydrate sulfotransferase 5				59466.4
Q9GZT3	Q9GZT3	SLIRP_HUMAN	SLIRP	SRA stem-loop-interacting RNA-binding protein, mitochondrial	1.94421e+06		652137	3.7312e+06
Q9GZT8	Q9GZT8	NIF3L_HUMAN	NIF3L1	NIF3-like protein 1	3.09762e+06		2.18952e+06	2.14762e+06
Q9GZT9	Q9GZT9	EGLN1_HUMAN	EGLN1	Egl nine homolog 1	453096		328428	200471
Q9GZU7	Q9GZU7	CTDS1_HUMAN	CTDSP1	Carboxy-terminal domain RNA polymerase II polypeptide A small phosphatase 1	412123		143440	400742
Q9GZU8	Q9GZU8	PIP30_HUMAN	PSME3IP1	PSME3-interacting protein	1.0828e+06		417637	178219
Q9GZY4	Q9GZY4	COA1_HUMAN	COA1	Cytochrome c oxidase assembly factor 1 homolog				343232
Q9GZY8	Q9GZY8	MFF_HUMAN	MFF	Mitochondrial fission factor	345612			737525
Q9GZZ1	Q9GZZ1	NAA50_HUMAN	NAA50	N-alpha-acetyltransferase 50	1.32359e+06		613542	1.45014e+06
Q9GZZ8	Q9GZZ8	LACRT_HUMAN	LACRT	Extracellular glycoprotein lacritin			191411	137186
Q9GZZ9	Q9GZZ9	UBA5_HUMAN	UBA5	Ubiquitin-like modifier-activating enzyme 5	1.98536e+06		886972	1.18325e+06
Q9H000	Q9H000	MKRN2_HUMAN	MKRN2	E3 ubiquitin-protein ligase makorin-2	56054.6			152072
Q9H008	Q9H008	LHPP_HUMAN	LHPP	Phospholysine phosphohistidine inorganic pyrophosphate phosphatase	3.42468e+06		3.74389e+06	1.87562e+06
Q9H019	Q9H019	MFR1L_HUMAN	MTFR1L	Mitochondrial fission regulator 1-like				173167
Q9H061	Q9H061	T126A_HUMAN	TMEM126A	Transmembrane protein 126A				865913
Q9H063	Q9H063	MAF1_HUMAN	MAF1	Repressor of RNA polymerase III transcription MAF1 homolog	90485.1			109549
Q9H074	Q9H074	PAIP1_HUMAN	PAIP1	Polyadenylate-binding protein-interacting protein 1	1.94148e+06		1.09091e+06	1.83531e+06
Q9H078	Q9H078	CLPB_HUMAN	CLPB	Mitochondrial disaggregase				1.23724e+07
Q9H082	Q9H082	RB33B_HUMAN	RAB33B	Ras-related protein Rab-33B	1.06176e+06		568884	488031
Q9H089	Q9H089	LSG1_HUMAN	LSG1	Large subunit GTPase 1 homolog	442651		349554	781334
Q9H098	Q9H098	F107B_HUMAN	FAM107B	Protein FAM107B	1.28482e+06		623079	162463
Q9H0A0	Q9H0A0	NAT10_HUMAN	NAT10	RNA cytidine acetyltransferase			802949	233523
Q9H0A8	Q9H0A8	COMD4_HUMAN	COMMD4	COMM domain-containing protein 4	1.28482e+06		1.06614e+06	1.97499e+06
Q9H0B6	Q9H0B6	KLC2_HUMAN	KLC2	Kinesin light chain 2	347651			299696
Q9H0C8	Q9H0C8	ILKAP_HUMAN	ILKAP	Integrin-linked kinase-associated serine/threonine phosphatase 2C	3.13823e+06		2.00632e+06	2.04188e+06
Q9H0D6	Q9H0D6	XRN2_HUMAN	XRN2	5'-3' exoribonuclease 2	777089		262661	3.08154e+06
Q9H0E2	Q9H0E2	TOLIP_HUMAN	TOLLIP	Toll-interacting protein	2.49118e+06		2.34084e+06	2.36447e+06
Q9H0E9	Q9H0E9	BRD8_HUMAN	BRD8	Bromodomain-containing protein 8				22876.9
Q9H0F7	Q9H0F7	ARL6_HUMAN	ARL6	ADP-ribosylation factor-like protein 6	51153.8			110293
Q9H0G5	Q9H0G5	NSRP1_HUMAN	NSRP1	Nuclear speckle splicing regulatory protein 1				25569.6
Q9H0H0	Q9H0H0	INT2_HUMAN	INTS2	Integrator complex subunit 2				309222
Q9H0I9	Q9H0I9	TKTL2_HUMAN	TKTL2	Transketolase-like protein 2	889548		451116	
Q9H0J9	Q9H0J9	PAR12_HUMAN	PARP12	Protein mono-ADP-ribosyltransferase PARP12				771590
Q9H0L4	Q9H0L4	CSTFT_HUMAN	CSTF2T	Cleavage stimulation factor subunit 2 tau variant	490600		108124	191060
Q9H0N5	Q9H0N5	PHS2_HUMAN	PCBD2	Pterin-4-alpha-carbinolamine dehydratase 2	1.42145e+06		1.72746e+06	1.68275e+06
Q9H0P0	Q9H0P0	5NT3A_HUMAN	NT5C3A	Cytosolic 5'-nucleotidase 3A	1.66923e+06		281447	1.03416e+06
Q9H0Q0	Q9H0Q0	CYRIA_HUMAN	CYRIA	CYFIP-related Rac1 interactor A	242840		61654.7	272801
Q9H0R1	Q9H0R1	AP5M1_HUMAN	AP5M1	AP-5 complex subunit mu-1				241838
Q9H0R4	Q9H0R4	HDHD2_HUMAN	HDHD2	Haloacid dehalogenase-like hydrolase domain-containing protein 2	1.91539e+06		1.21125e+06	1.33099e+06
Q9H0R5	Q9H0R5	GBP3_HUMAN	GBP3	Guanylate-binding protein 3				112998
Q9H0R6	Q9H0R6	GATA_HUMAN	QRSL1	Glutamyl-tRNA(Gln) amidotransferase subunit A, mitochondrial	145943			426786
Q9H0S4	Q9H0S4	DDX47_HUMAN	DDX47	Probable ATP-dependent RNA helicase DDX47	187031		309786	236607
Q9H0T7	Q9H0T7	RAB17_HUMAN	RAB17	Ras-related protein Rab-17	243738		334936	306532
Q9H0U3	Q9H0U3	MAGT1_HUMAN	MAGT1	Magnesium transporter protein 1				4.89028e+06
Q9H0U4	Q9H0U4;Q92928	RAB1B_HUMAN	RAB1B	Ras-related protein Rab-1B	5.07407e+06		6.87613e+06	2.33333e+06
Q9H0U6	Q9H0U6	RM18_HUMAN	MRPL18	Large ribosomal subunit protein uL18m				1.82388e+06
Q9H0V1	Q9H0V1	TM168_HUMAN	TMEM168	Transmembrane protein 168				388067
Q9H0V9	Q9H0V9	LMA2L_HUMAN	LMAN2L	VIP36-like protein	803201		743679	618972
Q9H0W8	Q9H0W8	SMG9_HUMAN	SMG9	Nonsense-mediated mRNA decay factor SMG9				280841
Q9H0W9	Q9H0W9	CK054_HUMAN	C11orf54	Ester hydrolase C11orf54	4.24759e+06		7.51727e+06	2.55515e+06
Q9H0X4	Q9H0X4	F234A_HUMAN	FAM234A	Protein FAM234A				255034
Q9H0X9	Q9H0X9	OSBL5_HUMAN	OSBPL5	Oxysterol-binding protein-related protein 5				374362
Q9H156	Q9H156	SLIK2_HUMAN	SLITRK2	SLIT and NTRK-like protein 2				78876.3
Q9H173	Q9H173	SIL1_HUMAN	SIL1	Nucleotide exchange factor SIL1	1.07909e+06		485226	1.33988e+06
Q9H190	Q9H190	SDCB2_HUMAN	SDCBP2	Syntenin-2	412219		268267	268301
Q9H1A3	Q9H1A3	METL9_HUMAN	METTL9	Protein-L-histidine N-pros-methyltransferase	202991			342638
Q9H1A4	Q9H1A4	APC1_HUMAN	ANAPC1	Anaphase-promoting complex subunit 1				283000
Q9H1B5	Q9H1B5	XYLT2_HUMAN	XYLT2	Xylosyltransferase 2				106747
Q9H1B7	Q9H1B7	I2BPL_HUMAN	IRF2BPL	Probable E3 ubiquitin-protein ligase IRF2BPL	348604		103551	387805
Q9H1C4	Q9H1C4	UN93B_HUMAN	UNC93B1	Protein unc-93 homolog B1				873229
Q9H1C7	Q9H1C7	CYTM1_HUMAN	CYSTM1	Cysteine-rich and transmembrane domain-containing protein 1	1.37098e+06			620539
Q9H1D9	Q9H1D9	RPC6_HUMAN	POLR3F	DNA-directed RNA polymerase III subunit RPC6	872037		807222	963402
Q9H1E1	Q9H1E1	RNAS7_HUMAN	RNASE7	Ribonuclease 7			283251	88275.6
Q9H1E3	Q9H1E3	NUCKS_HUMAN	NUCKS1	Nuclear ubiquitous casein and cyclin-dependent kinase substrate 1	7.67297e+06		3.1109e+06	1.33225e+06
Q9H1E5	Q9H1E5	TMX4_HUMAN	TMX4	Thioredoxin-related transmembrane protein 4	717235			3.00311e+06
Q9H1I8	Q9H1I8	ASCC2_HUMAN	ASCC2	Activating signal cointegrator 1 complex subunit 2	125779		53264.5	441135
Q9H1K1	Q9H1K1	ISCU_HUMAN	ISCU	Iron-sulfur cluster assembly enzyme ISCU	2.67698e+06		2.6686e+06	2.26112e+06
Q9H1N7	Q9H1N7	S35B3_HUMAN	SLC35B3	Adenosine 3'-phospho 5'-phosphosulfate transporter 2				363907
Q9H1P3	Q9H1P3	OSBL2_HUMAN	OSBPL2	Oxysterol-binding protein-related protein 2	123546		56026.9	618509
Q9H1Y0	Q9H1Y0	ATG5_HUMAN	ATG5	Autophagy protein 5				341327
Q9H1Z4	Q9H1Z4	WDR13_HUMAN	WDR13	WD repeat-containing protein 13	1.05405e+06		1.48381e+06	740219
Q9H223	Q9H223;Q9NZN3	EHD4_HUMAN	EHD4	EH domain-containing protein 4	1.34208e+07		1.06801e+07	3.15784e+07
Q9H257	Q9H257	CARD9_HUMAN	CARD9	Caspase recruitment domain-containing protein 9	549105			813284
Q9H267	Q9H267	VP33B_HUMAN	VPS33B	Vacuolar protein sorting-associated protein 33B				541239
Q9H269	Q9H269	VPS16_HUMAN	VPS16	Vacuolar protein sorting-associated protein 16 homolog				1.06724e+06
Q9H270	Q9H270	VPS11_HUMAN	VPS11	Vacuolar protein sorting-associated protein 11 homolog				1.23733e+06
Q9H299	Q9H299	SH3L3_HUMAN	SH3BGRL3	SH3 domain-binding glutamic acid-rich-like protein 3	4.10856e+07	1.10036e+08	1.32246e+07	5.87627e+06
Q9H2C0	Q9H2C0	GAN_HUMAN	GAN	Gigaxonin	118694			185262
Q9H2C2	Q9H2C2	ARV1_HUMAN	ARV1	Protein ARV1				123702
Q9H2D1	Q9H2D1	MFTC_HUMAN	SLC25A32	Mitochondrial folate transporter/carrier				326872
Q9H2D6	Q9H2D6	TARA_HUMAN	TRIOBP	TRIO and F-actin-binding protein	286341		161834	694698
Q9H2G2	Q9H2G2	SLK_HUMAN	SLK	STE20-like serine/threonine-protein kinase	1.04522e+06		942883	1.45162e+06
Q9H2H8	Q9H2H8	PPIL3_HUMAN	PPIL3	Peptidyl-prolyl cis-trans isomerase-like 3	2.23197e+06		2.23273e+06	884652
Q9H2H9	Q9H2H9	S38A1_HUMAN	SLC38A1	Sodium-coupled neutral amino acid symporter 1	218451			346535
Q9H2I8	Q9H2I8	LRMDA_HUMAN	LRMDA	Leucine-rich melanocyte differentiation-associated protein				932135
Q9H2J4	Q9H2J4	PDCL3_HUMAN	PDCL3	Phosducin-like protein 3	429470		363041	439149
Q9H2K0	Q9H2K0	IF3M_HUMAN	MTIF3	Translation initiation factor IF-3, mitochondrial	241585		207057	177131
Q9H2K2	Q9H2K2	TNKS2_HUMAN	TNKS2	Poly [ADP-ribose] polymerase tankyrase-2			3.20666e+06	1.61869e+06
Q9H2K8	Q9H2K8	TAOK3_HUMAN	TAOK3	Serine/threonine-protein kinase TAO3				1.03465e+06
Q9H2M9	Q9H2M9	RBGPR_HUMAN	RAB3GAP2	Rab3 GTPase-activating protein non-catalytic subunit	472883		32059.5	741453
Q9H2P0	Q9H2P0	ADNP_HUMAN	ADNP	Activity-dependent neuroprotector homeobox protein	230259		193714	271955
Q9H2P9	Q9H2P9	DPH5_HUMAN	DPH5	Diphthine methyl ester synthase	213104		305745	406764
Q9H2U1	Q9H2U1	DHX36_HUMAN	DHX36	ATP-dependent DNA/RNA helicase DHX36	337761		277813	862260
Q9H2U2	Q9H2U2	IPYR2_HUMAN	PPA2	Inorganic pyrophosphatase 2, mitochondrial	3.38936e+07		4.53376e+07	3.54954e+07
Q9H2V7	Q9H2V7	SPNS1_HUMAN	SPNS1	Protein spinster homolog 1				986528
Q9H2W6	Q9H2W6	RM46_HUMAN	MRPL46	Large ribosomal subunit protein mL46	625499		833227	1.95536e+06
Q9H2X3;Q9NNX6	Q9H2X3;Q9NNX6	CD209_HUMAN;CLC4M_HUMAN	CD209;CLEC4M	C-type lectin domain family 4 member M	1.24782e+06		535077	985696
Q9H300	Q9H300	PARL_HUMAN	PARL	Presenilin-associated rhomboid-like protein, mitochondrial				101098
Q9H307	Q9H307	PININ_HUMAN	PNN	Pinin	76179.1		264944	179048
Q9H330	Q9H330	TM245_HUMAN	TMEM245	Transmembrane protein 245				671265
Q9H3F6	Q9H3F6	BACD3_HUMAN	KCTD10	BTB/POZ domain-containing adapter for CUL3-mediated RhoA degradation protein 3	1.98837e+06		2.52187e+06	732129
Q9H3G5	Q9H3G5	CPVL_HUMAN	CPVL	Probable serine carboxypeptidase CPVL	4.0217e+06		3.4214e+06	3.95362e+06
Q9H3H1	Q9H3H1	MOD5_HUMAN	TRIT1	tRNA dimethylallyltransferase				13234.3
Q9H3H3	Q9H3H3	CK068_HUMAN	C11orf68	UPF0696 protein C11orf68	1.95964e+06		1.43668e+06	1.2345e+06
Q9H3H5	Q9H3H5	GPT_HUMAN	DPAGT1	UDP-N-acetylglucosamine--dolichyl-phosphate N-acetylglucosaminephosphotransferase	3.03544e+06		2.95277e+06	2.59921e+06
Q9H3K2	Q9H3K2	GHITM_HUMAN	GHITM	Growth hormone-inducible transmembrane protein	341613		431743	2.45747e+06
Q9H3K6	Q9H3K6	BOLA2_HUMAN	BOLA2	BolA-like protein 2	1.33461e+07		7.65812e+06	4.86814e+06
Q9H3M7	Q9H3M7	TXNIP_HUMAN	TXNIP	Thioredoxin-interacting protein	923153		461780	1.07078e+06
Q9H3N1	Q9H3N1	TMX1_HUMAN	TMX1	Thioredoxin-related transmembrane protein 1	2.15545e+06		667650	4.66266e+06
Q9H3P2	Q9H3P2	NELFA_HUMAN	NELFA	Negative elongation factor A	799803		589691	631347
Q9H3P7	Q9H3P7	GCP60_HUMAN	ACBD3	Golgi resident protein GCP60	1.85909e+06		1.34474e+06	1.81561e+06
Q9H3Q1	Q9H3Q1	BORG4_HUMAN	CDC42EP4	Cdc42 effector protein 4	3.38917e+06		1.16881e+06	1.24641e+06
Q9H3Q3	Q9H3Q3	G3ST2_HUMAN	GAL3ST2	Galactose-3-O-sulfotransferase 2				466076
Q9H3R2	Q9H3R2	MUC13_HUMAN	MUC13	Mucin-13	5.85514e+06		9.57182e+06	4.05778e+06
Q9H3S4	Q9H3S4	TPK1_HUMAN	TPK1	Thiamin pyrophosphokinase 1	850020		1.14974e+06	179524
Q9H3S5	Q9H3S5	PIGM_HUMAN	PIGM	GPI mannosyltransferase 1				257096
Q9H3S7	Q9H3S7	PTN23_HUMAN	PTPN23	Tyrosine-protein phosphatase non-receptor type 23			360211	1.54287e+06
Q9H3U1	Q9H3U1	UN45A_HUMAN	UNC45A	Protein unc-45 homolog A	254123		225087	802556
Q9H3Z4	Q9H3Z4	DNJC5_HUMAN	DNAJC5	DnaJ homolog subfamily C member 5	1.40506e+06		2.27382e+06	930520
Q9H400	Q9H400	LIME1_HUMAN	LIME1	Lck-interacting transmembrane adapter 1	260492			
Q9H410	Q9H410	DSN1_HUMAN	DSN1	Kinetochore-associated protein DSN1 homolog	262448			89543.4
Q9H425	Q9H425	CA198_HUMAN	C1orf198	Uncharacterized protein C1orf198	266806			
Q9H444	Q96CF2;Q9H444	CHM4B_HUMAN	CHMP4B	Charged multivesicular body protein 4b	1.5689e+07		1.25872e+07	3.10224e+06
Q9H446	Q9H446	RWDD1_HUMAN	RWDD1	RWD domain-containing protein 1	443467		321202	418492
Q9H469	Q9H469	FXL15_HUMAN	FBXL15	F-box/LRR-repeat protein 15				13590.7
Q9H477	Q9H477	RBSK_HUMAN	RBKS	Ribokinase	663856		1.30014e+06	464467
Q9H479	Q9H479	FN3K_HUMAN	FN3K	Fructosamine-3-kinase	153098		37118.4	370522
Q9H488	Q9H488	OFUT1_HUMAN	POFUT1	GDP-fucose protein O-fucosyltransferase 1	236172		152526	1.61026e+06
Q9H490	Q9H490	PIGU_HUMAN	PIGU	Phosphatidylinositol glycan anchor biosynthesis class U protein				920815
Q9H497	Q9H497	TOR3A_HUMAN	TOR3A	Torsin-3A				527947
Q9H4A3	Q9H4A3	WNK1_HUMAN	WNK1	Serine/threonine-protein kinase WNK1	258426			771582
Q9H4A4	Q9H4A4	AMPB_HUMAN	RNPEP	Aminopeptidase B	853173		1.12223e+06	5.96094e+06
Q9H4A5	Q9H4A5	GLP3L_HUMAN	GOLPH3L	Golgi phosphoprotein 3-like	547947		273203	808261
Q9H4A6	Q9H4A6	GOLP3_HUMAN	GOLPH3	Golgi phosphoprotein 3	218117			947163
Q9H4B0	Q9H4B0	OSGL1_HUMAN	OSGEPL1	tRNA N6-adenosine threonylcarbamoyltransferase, mitochondrial				420058
Q9H4B7	Q9H4B7	TBB1_HUMAN	TUBB1	Tubulin beta-1 chain				1.44984e+06
Q9H4E7	Q9H4E7	DEFI6_HUMAN	DEF6	Differentially expressed in FDCP 6 homolog	572336		228579	394506
Q9H4F1	Q9H4F1	SIA7D_HUMAN	ST6GALNAC4	Alpha-N-acetyl-neuraminyl-2,3-beta-galactosyl-1,3-N-acetyl-galactosaminide alpha-2,6-sialyltransferase				177128
Q9H4F8	Q9H4F8	SMOC1_HUMAN	SMOC1	SPARC-related modular calcium-binding protein 1			109318	31184.3
Q9H4G0	Q9H4G0	E41L1_HUMAN	EPB41L1	Band 4.1-like protein 1	384360		150224	551681
Q9H4G4	Q9H4G4	GAPR1_HUMAN	GLIPR2	Golgi-associated plant pathogenesis-related protein 1	1.05338e+06		4.44034e+06	1.85802e+06
Q9H4I3	Q9H4I3	TRABD_HUMAN	TRABD	TraB domain-containing protein				681623
Q9H4I9	Q9H4I9	EMRE_HUMAN	SMDT1	Essential MCU regulator, mitochondrial	640037		428908	687699
Q9H4K7	Q9H4K7	MTG2_HUMAN	MTG2	Mitochondrial ribosome-associated GTPase 2	212806			234093
Q9H4L4	Q9H4L4	SENP3_HUMAN	SENP3	Sentrin-specific protease 3				83700.6
Q9H4L5	Q9H4L5	OSBL3_HUMAN	OSBPL3	Oxysterol-binding protein-related protein 3				380801
Q9H4L7	Q9H4L7	SMRCD_HUMAN	SMARCAD1	SWI/SNF-related matrix-associated actin-dependent regulator of chromatin subfamily A containing DEAD/H box 1				163383
Q9H4M9	Q9H4M9;Q9NZN3	EHD1_HUMAN	EHD1	EH domain-containing protein 1	858081		726870	3.53876e+06
Q9H4Z3	Q9H4Z3	CAPAM_HUMAN	PCIF1	mRNA (2'-O-methyladenosine-N(6)-)-methyltransferase	269924			317121
Q9H501	Q9H501	ESF1_HUMAN	ESF1	ESF1 homolog	44259.9		125566	106481
Q9H553	Q9H553	ALG2_HUMAN	ALG2	Alpha-1,3/1,6-mannosyltransferase ALG2				1.44672e+06
Q9H583	Q9H583	HEAT1_HUMAN	HEATR1	HEAT repeat-containing protein 1				439464
Q9H5N1	Q9H5N1	RABE2_HUMAN	RABEP2	Rab GTPase-binding effector protein 2	517449		84292.5	246887
Q9H5P4	Q9H5P4	PDZD7_HUMAN	PDZD7	PDZ domain-containing protein 7	2.8089e+06		4.77265e+06	2.48005e+06
Q9H5Q4	Q9H5Q4	TFB2M_HUMAN	TFB2M	Dimethyladenosine transferase 2, mitochondrial				401323
Q9H5V8	Q9H5V8	CDCP1_HUMAN	CDCP1	CUB domain-containing protein 1	1.28915e+06		1.53548e+06	1.06313e+06
Q9H5V9	Q9H5V9	STEEP_HUMAN	STEEP1	STING ER exit protein	1.22672e+06		1.22417e+06	726608
Q9H5X1	Q9H5X1	CIA2A_HUMAN	CIAO2A	Cytosolic iron-sulfur assembly component 2A	544865		149097	451793
Q9H649	Q9H649	NSUN3_HUMAN	NSUN3	tRNA (cytosine(34)-C(5))-methyltransferase, mitochondrial				31201.4
Q9H6A0	Q9H6A0	DEN2D_HUMAN	DENND2D	DENN domain-containing protein 2D				223713
Q9H6A9	Q9H6A9	PCX3_HUMAN	PCNX3	Pecanex-like protein 3				33122
Q9H6E4	Q9H6E4	CC134_HUMAN	CCDC134	Coiled-coil domain-containing protein 134	1.15779e+06		788935	657563
Q9H6F5	Q9H6F5	CCD86_HUMAN	CCDC86	Coiled-coil domain-containing protein 86	403581			
Q9H6H4	Q9H6H4	REEP4_HUMAN	REEP4	Receptor expression-enhancing protein 4	92949.2			182905
Q9H6K4	Q9H6K4	OPA3_HUMAN	OPA3	Optic atrophy 3 protein	403323		197409	1.65019e+06
Q9H6L2	Q9H6L2	TM231_HUMAN	TMEM231	Transmembrane protein 231			99476.7	447305
Q9H6Q4	Q9H6Q4	CIAO3_HUMAN	CIAO3	Cytosolic iron-sulfur assembly component 3				457644
Q9H6R0	Q9H6R0	DHX33_HUMAN	DHX33	ATP-dependent RNA helicase DHX33				231386
Q9H6R3	Q9H6R3	ACSS3_HUMAN	ACSS3	Acyl-CoA synthetase short-chain family member 3, mitochondrial				235849
Q9H6R4	Q9H6R4	NOL6_HUMAN	NOL6	Nucleolar protein 6				406716
Q9H6R6	Q9H6R6	ZDHC6_HUMAN	ZDHHC6	Palmitoyltransferase ZDHHC6				326672
Q9H6S0	Q9H6S0	YTDC2_HUMAN	YTHDC2	3'-5' RNA helicase YTHDC2			66001.9	214714
Q9H6S3	Q9H6S3	ES8L2_HUMAN	EPS8L2	Epidermal growth factor receptor kinase substrate 8-like protein 2	1.01254e+06		1.48759e+06	2.69314e+06
Q9H6T0	Q9H6T0	ESRP2_HUMAN	ESRP2	Epithelial splicing regulatory protein 2	1.80386e+06		2.73817e+06	294640
Q9H6T3	Q9H6T3	RPAP3_HUMAN	RPAP3	RNA polymerase II-associated protein 3	722496		306171	620540
Q9H6U6	Q9H6U6	BCAS3_HUMAN	BCAS3	BCAS3 microtubule associated cell migration factor				229690
Q9H6U8	Q9H6U8	ALG9_HUMAN	ALG9	Alpha-1,2-mannosyltransferase ALG9				526042
Q9H6V9	Q9H6V9	LDAH_HUMAN	LDAH	Lipid droplet-associated hydrolase				1.52481e+06
Q9H6X2	P58335;Q9H6X2	ANTR1_HUMAN	ANTXR1	Anthrax toxin receptor 1	295761		334221	483218
Q9H6Y2	Q9H6Y2	WDR55_HUMAN	WDR55	WD repeat-containing protein 55	1.27029e+06		838910	845035
Q9H6Z4	Q9H6Z4	RANB3_HUMAN	RANBP3	Ran-binding protein 3	3.41688e+06		2.80502e+06	1.53454e+06
Q9H773	Q9H773	DCTP1_HUMAN	DCTPP1	dCTP pyrophosphatase 1	5.28861e+06		2.79559e+06	949065
Q9H788	Q9H788	SH24A_HUMAN	SH2D4A	SH2 domain-containing protein 4A	135598		161512	158911
Q9H7B2	Q9H7B2	RPF2_HUMAN	RPF2	Ribosome production factor 2 homolog	128122		398148	1.23658e+06
Q9H7B4	Q9H7B4	SMYD3_HUMAN	SMYD3	Histone-lysine N-methyltransferase SMYD3				267144
Q9H7C9	Q9H7C9	AAMDC_HUMAN	AAMDC	Mth938 domain-containing protein	1.86017e+06		1.7655e+06	593422
Q9H7D0	Q9H7D0	DOCK5_HUMAN	DOCK5	Dedicator of cytokinesis protein 5				348338
Q9H7D7	Q9H7D7	WDR26_HUMAN	WDR26	WD repeat-containing protein 26	747844		404225	526932
Q9H7E9	Q9H7E9	CH033_HUMAN	C8orf33	UPF0488 protein C8orf33	219129		197157	196629
Q9H7F0	Q9H7F0	AT133_HUMAN	ATP13A3	Polyamine-transporting ATPase 13A3				426095
Q9H7L9	Q9H7L9	SDS3_HUMAN	SUDS3	Sin3 histone deacetylase corepressor complex component SDS3	349059		1.39691e+06	484987
Q9H7M9	Q9H7M9	VISTA_HUMAN	VSIR	V-type immunoglobulin domain-containing suppressor of T-cell activation	1.52263e+06		1.53394e+06	765447
Q9H7P6	Q9H7P6	MB12B_HUMAN	MVB12B	Multivesicular body subunit 12B			87789.5	106612
Q9H7S9	Q9H7S9	ZN703_HUMAN	ZNF703	Zinc finger protein 703				19980.8
Q9H7Z6	Q9H7Z6	KAT8_HUMAN	KAT8	Histone acetyltransferase KAT8	225952		246054	145898
Q9H7Z7	Q9H7Z7	PGES2_HUMAN	PTGES2	Prostaglandin E synthase 2	795169		823974	3.26439e+06
Q9H813	Q9H813	PACC1_HUMAN	PACC1	Proton-activated chloride channel	68062.9		27590.7	54190.5
Q9H814	Q9H814	PHAX_HUMAN	PHAX	Phosphorylated adapter RNA export protein	918687		742493	368923
Q9H832	Q9H832	UBE2Z_HUMAN	UBE2Z	Ubiquitin-conjugating enzyme E2 Z	358651		258563	1.4883e+06
Q9H845	Q9H845	ACAD9_HUMAN	ACAD9	Complex I assembly factor ACAD9, mitochondrial				1.62158e+06
Q9H857	Q9H857	NT5D2_HUMAN	NT5DC2	5'-nucleotidase domain-containing protein 2				101729
Q9H871	Q9H871	RMD5A_HUMAN	RMND5A	E3 ubiquitin-protein transferase RMND5A	196054		214903	137393
Q9H875	Q9H875	PKRI1_HUMAN	PRKRIP1	PRKR-interacting protein 1	299907			54439.1
Q9H892	Q9H892	TTC12_HUMAN	TTC12	Tetratricopeptide repeat protein 12				76992.5
Q9H8H0	Q9H8H0	NOL11_HUMAN	NOL11	Nucleolar protein 11				261948
Q9H8H2	Q9H8H2	DDX31_HUMAN	DDX31	Probable ATP-dependent RNA helicase DDX31				743339
Q9H8H3	Q9H8H3	TMT1A_HUMAN	TMT1A	N6-adenosine-methyltransferase TMT1A	1.65556e+06		957926	1.44753e+07
Q9H8J5	Q9H8J5	MANS1_HUMAN	MANSC1	MANSC domain-containing protein 1	1.09226e+06		858717	739611
Q9H8L6	Q9H8L6	MMRN2_HUMAN	MMRN2	Multimerin-2	27409.7			49331.8
Q9H8M1	Q9H8M1	CQ10B_HUMAN	COQ10B	Coenzyme Q-binding protein COQ10 homolog B, mitochondrial	156291		114003	284444
Q9H8M7	Q9H8M7	MINY3_HUMAN	MINDY3	Ubiquitin carboxyl-terminal hydrolase MINDY-3	915395		959601	1.11245e+06
Q9H8P0	Q9H8P0	PORED_HUMAN	SRD5A3	Polyprenol reductase				102713
Q9H8T0	Q9H8T0	AKTIP_HUMAN	AKTIP	AKT-interacting protein				238395
Q9H8W4	Q9H8W4	PKHF2_HUMAN	PLEKHF2	Pleckstrin homology domain-containing family F member 2	1.73842e+06		855235	729545
Q9H8Y5	Q9H8Y5	ANKZ1_HUMAN	ANKZF1	tRNA endonuclease ANKZF1				260494
Q9H8Y8	Q9H8Y8	GORS2_HUMAN	GORASP2	Golgi reassembly-stacking protein 2	2.27158e+06		1.61473e+06	2.6854e+06
Q9H910	Q9H910	JUPI2_HUMAN	JPT2	Jupiter microtubule associated homolog 2	5.47474e+06		1.64803e+06	312035
Q9H936	Q9H936	GHC1_HUMAN	SLC25A22	Mitochondrial glutamate carrier 1				1.57552e+06
Q9H939	Q9H939	PPIP2_HUMAN	PSTPIP2	Proline-serine-threonine phosphatase-interacting protein 2	253758		256275	316987
Q9H944	Q9H944	MED20_HUMAN	MED20	Mediator of RNA polymerase II transcription subunit 20	40967			108052
Q9H974	Q9H974	QTRT2_HUMAN	QTRT2	Queuine tRNA-ribosyltransferase accessory subunit 2	732406		230882	713233
Q9H993	Q9H993	ARMT1_HUMAN	ARMT1	Damage-control phosphatase ARMT1	249142		176604	2.37019e+06
Q9H9A5	Q9H9A5	CNO10_HUMAN	CNOT10	CCR4-NOT transcription complex subunit 10				194598
Q9H9A6	Q9H9A6	LRC40_HUMAN	LRRC40	Leucine-rich repeat-containing protein 40				500407
Q9H9B1	Q9H9B1	EHMT1_HUMAN	EHMT1	Histone-lysine N-methyltransferase EHMT1				100421
Q9H9B4	Q9H9B4	SFXN1_HUMAN	SFXN1	Sideroflexin-1			1.97877e+06	1.46389e+06
Q9H9C1	Q9H9C1	SPE39_HUMAN	VIPAS39	Spermatogenesis-defective protein 39 homolog				139599
Q9H9E3	Q9H9E3	COG4_HUMAN	COG4	Conserved oligomeric Golgi complex subunit 4				917822
Q9H9G7	Q9H9G7	AGO3_HUMAN	AGO3	Protein argonaute-3			160150	116866
Q9H9H4	Q9H9H4	VP37B_HUMAN	VPS37B	Vacuolar protein sorting-associated protein 37B	1.31988e+06		1.2845e+06	899465
Q9H9J2	Q9H9J2	RM44_HUMAN	MRPL44	Large ribosomal subunit protein mL44	135671		64799.9	1.0012e+06
Q9H9P8	Q9H9P8	L2HDH_HUMAN	L2HGDH	L-2-hydroxyglutarate dehydrogenase, mitochondrial	161724			354055
Q9H9Q2	Q9H9Q2	CSN7B_HUMAN	COPS7B	COP9 signalosome complex subunit 7b	586194			544637
Q9H9S4	Q9H9S4	CB39L_HUMAN	CAB39L	Calcium-binding protein 39-like	1.60571e+06		1.17297e+06	6.31027e+06
Q9H9T3	Q9H9T3	ELP3_HUMAN	ELP3	Elongator complex protein 3				2.57674e+06
Q9H9Y6	Q9H9Y6	RPA2_HUMAN	POLR1B	DNA-directed RNA polymerase I subunit RPA2	215596			1.91129e+06
Q9HA64	Q9HA64	KT3K_HUMAN	FN3KRP	Ketosamine-3-kinase	1.45254e+06		1.18653e+06	1.1441e+06
Q9HA65	Q9HA65	TBC17_HUMAN	TBC1D17	TBC1 domain family member 17				578208
Q9HA77	Q9HA77	SYCM_HUMAN	CARS2	Probable cysteine--tRNA ligase, mitochondrial	1.31267e+06		1.34674e+06	3.0232e+06
Q9HAB3	Q9HAB3	S52A2_HUMAN	SLC52A2	Solute carrier family 52, riboflavin transporter, member 2				342978
Q9HAB8	Q9HAB8	PPCS_HUMAN	PPCS	Phosphopantothenate--cysteine ligase	986405		517687	1.88861e+06
Q9HAC7	Q9HAC7	SUCHY_HUMAN	SUGCT	Succinate--hydroxymethylglutarate CoA-transferase				250597
Q9HAN9	Q9HAN9	NMNA1_HUMAN	NMNAT1	Nicotinamide/nicotinic acid mononucleotide adenylyltransferase 1	185897		322085	177063
Q9HAS0	Q9HAS0	NJMU_HUMAN	C17orf75	Protein Njmu-R1				371033
Q9HAT2	Q9HAT2	SIAE_HUMAN	SIAE	Sialate O-acetylesterase	5.35543e+06		2.25926e+07	6.30004e+06
Q9HAU0	Q9HAU0	PKHA5_HUMAN	PLEKHA5	Pleckstrin homology domain-containing family A member 5	332463		334315	467053
Q9HAU5	Q9HAU5	RENT2_HUMAN	UPF2	Regulator of nonsense transcripts 2				251631
Q9HAV0	Q9HAV0	GBB4_HUMAN	GNB4	Guanine nucleotide-binding protein subunit beta-4			380063	1.22804e+06
Q9HAV4	Q9HAV4	XPO5_HUMAN	XPO5	Exportin-5			296163	719113
Q9HAV7	Q9HAV7	GRPE1_HUMAN	GRPEL1	GrpE protein homolog 1, mitochondrial	7.85383e+06		1.43567e+06	4.99332e+06
Q9HB07	Q9HB07	MYG1_HUMAN	MYG1	MYG1 exonuclease	4.35897e+06		5.92532e+06	7.57472e+06
Q9HB19	Q9HB19	PKHA2_HUMAN	PLEKHA2	Pleckstrin homology domain-containing family A member 2	272892		87567.9	407822
Q9HB20	Q9HB20	PKHA3_HUMAN	PLEKHA3	Pleckstrin homology domain-containing family A member 3	71535		29171.1	124875
Q9HB21	Q9HB21	PKHA1_HUMAN	PLEKHA1	Pleckstrin homology domain-containing family A member 1	1.08099e+06		710319	1.37866e+06
Q9HB40	Q9HB40	RISC_HUMAN	SCPEP1	Retinoid-inducible serine carboxypeptidase	1.98097e+06		2.22886e+06	1.15548e+06
Q9HB71	Q9HB71	CYBP_HUMAN	CACYBP	Calcyclin-binding protein	6.20168e+06		3.0636e+06	2.81839e+06
Q9HB90	Q9HB90;Q9NQL2	RRAGC_HUMAN	RRAGC	Ras-related GTP-binding protein C	296800		141211	1.01036e+06
Q9HBA0	Q9HBA0	TRPV4_HUMAN	TRPV4	Transient receptor potential cation channel subfamily V member 4	109710			117792
Q9HBB8	Q9HBB8	CDHR5_HUMAN	CDHR5	Cadherin-related family member 5	533582		1.08748e+06	335381
Q9HBH0	Q9HBH0	RHOF_HUMAN	RHOF	Rho-related GTP-binding protein RhoF			93338.9	309732
Q9HBH1	Q9HBH1	DEFM_HUMAN	PDF	Peptide deformylase, mitochondrial	765346		1.17585e+06	586748
Q9HBH5	Q9HBH5	RDH14_HUMAN	RDH14	Retinol dehydrogenase 14	486056		599216	2.88002e+06
Q9HBI0	Q9HBI0	PARVG_HUMAN	PARVG	Gamma-parvin	408235		232073	324104
Q9HBI1	Q9HBI1	PARVB_HUMAN	PARVB	Beta-parvin				342647
Q9HBI6	Q9HBI6	CP4FB_HUMAN	CYP4F11	Cytochrome P450 4F11				394045
Q9HBL0	Q9HBL0	TENS1_HUMAN	TNS1	Tensin-1	1.12666e+06		564006	2.33726e+06
Q9HBL7	Q9HBL7	PLRKT_HUMAN	PLGRKT	Plasminogen receptor (KT)	294576		132570	1.88681e+06
Q9HBL8	Q9HBL8	NMRL1_HUMAN	NMRAL1	NmrA-like family domain-containing protein 1	827958		562754	860415
Q9HBM6	Q16594;Q9HBM6	TAF9B_HUMAN	TAF9B	Transcription initiation factor TFIID subunit 9B	516730			153053
Q9HBU6	Q9HBU6	EKI1_HUMAN	ETNK1	Ethanolamine kinase 1				112193
Q9HBW0	Q9HBW0	LPAR2_HUMAN	LPAR2	Lysophosphatidic acid receptor 2				67224.1
Q9HC07	Q9HC07	TM165_HUMAN	TMEM165	Transmembrane protein 165				1.74073e+06
Q9HC21	Q9HC21	TPC_HUMAN	SLC25A19	Mitochondrial thiamine pyrophosphate carrier				274784
Q9HC35	Q9HC35	EMAL4_HUMAN	EML4	Echinoderm microtubule-associated protein-like 4	865640		613469	2.76252e+06
Q9HC36	Q9HC36	MRM3_HUMAN	MRM3	rRNA methyltransferase 3, mitochondrial				12249
Q9HC38	Q9HC38	GLOD4_HUMAN	GLOD4	Glyoxalase domain-containing protein 4	5.16606e+06		4.37752e+06	5.94505e+06
Q9HC84	Q9HC84	MUC5B_HUMAN	MUC5B	Mucin-5B	1.15618e+06	6.39706e+07	975041	522703
Q9HCB6	Q9HCB6	SPON1_HUMAN	SPON1	Spondin-1	704551		2.32364e+06	678754
Q9HCC0	Q9HCC0	MCCB_HUMAN	MCCC2	Methylcrotonoyl-CoA carboxylase beta chain, mitochondrial	1.85883e+06		934399	4.19107e+06
Q9HCD5	Q9HCD5	NCOA5_HUMAN	NCOA5	Nuclear receptor coactivator 5	434954		546318	705555
Q9HCE1	Q9HCE1	MOV10_HUMAN	MOV10	Helicase MOV-10	1.23905e+06		736701	1.02503e+06
Q9HCE5	Q9HCE5	MET14_HUMAN	METTL14	N6-adenosine-methyltransferase non-catalytic subunit	222132		164626	316095
Q9HCE6	Q9HCE6	ARGAL_HUMAN	ARHGEF10L	Rho guanine nucleotide exchange factor 10-like protein				358177
Q9HCG7	Q9HCG7	GBA2_HUMAN	GBA2	Non-lysosomal glucosylceramidase				245906
Q9HCG8	Q9HCG8	CWC22_HUMAN	CWC22	Pre-mRNA-splicing factor CWC22 homolog			42428.1	69215.9
Q9HCI5	Q9HCI5	MAGE1_HUMAN	MAGEE1	Melanoma-associated antigen E1				233152
Q9HCJ1	Q9HCJ1	ANKH_HUMAN	ANKH	Progressive ankylosis protein homolog				379320
Q9HCJ6	Q9HCJ6	VAT1L_HUMAN	VAT1L	Synaptic vesicle membrane protein VAT-1 homolog-like	359935		247809	647251
Q9HCL2	Q9HCL2	GPAT1_HUMAN	GPAM	Glycerol-3-phosphate acyltransferase 1, mitochondrial				58615
Q9HCM4	Q9HCM4	E41L5_HUMAN	EPB41L5	Band 4.1-like protein 5				84006
Q9HCN4	Q9HCN4	GPN1_HUMAN	GPN1	GPN-loop GTPase 1	92366.7			125342
Q9HCN8	Q9HCN8	SDF2L_HUMAN	SDF2L1	Stromal cell-derived factor 2-like protein 1	2.29171e+06		2.2035e+06	1.58573e+06
Q9HCP0	Q9HCP0	KC1G1_HUMAN	CSNK1G1	Casein kinase I isoform gamma-1	239200		196172	459560
Q9HCS2	Q9HCS2	CP4FC_HUMAN	CYP4F12	Cytochrome P450 4F12				544534
Q9HCU0	Q9HCU0	CD248_HUMAN	CD248	Endosialin	1.00322e+06		696016	464575
Q9HCU5	Q9HCU5	PREB_HUMAN	PREB	Prolactin regulatory element-binding protein	438783		239641	3.23332e+06
Q9HCU9	Q9HCU9	BRMS1_HUMAN	BRMS1	Breast cancer metastasis-suppressor 1	307876			489644
Q9HCY8	Q9HCY8	S10AE_HUMAN	S100A14	Protein S100-A14	1.29374e+06		514907	214941
Q9HD15	Q9HD15	SRA1_HUMAN	SRA1	Steroid receptor RNA activator 1	888506		706895	340398
Q9HD20	Q9HD20	AT131_HUMAN	ATP13A1	Endoplasmic reticulum transmembrane helix translocase				1.79723e+06
Q9HD26	Q9HD26	GOPC_HUMAN	GOPC	Golgi-associated PDZ and coiled-coil motif-containing protein	831997		503737	1.65151e+06
Q9HD33	Q9HD33	RM47_HUMAN	MRPL47	Large ribosomal subunit protein uL29m				878766
Q9HD34	Q9HD34	LYRM4_HUMAN	LYRM4	LYR motif-containing protein 4	1.21592e+06		1.12086e+06	1.15343e+06
Q9HD40	Q9HD40	SPCS_HUMAN	SEPSECS	O-phosphoseryl-tRNA(Sec) selenium transferase	1.27682e+06		1.99843e+06	605231
Q9HD42	Q9HD42	CHM1A_HUMAN	CHMP1A	Charged multivesicular body protein 1a	5.3683e+06		4.16278e+06	1.15946e+06
Q9HD45	Q9HD45	TM9S3_HUMAN	TM9SF3	Transmembrane 9 superfamily member 3	38654.8			1.49838e+06
Q9HD89	Q9HD89	RETN_HUMAN	RETN	Resistin	1.92142e+06		1.22906e+06	1.61299e+06
Q9HDC5	Q9HDC5	JPH1_HUMAN	JPH1	Junctophilin-1				28588.3
Q9HDC9	Q9HDC9	APMAP_HUMAN	APMAP	Adipocyte plasma membrane-associated protein	2.36679e+06		2.14176e+06	1.364e+07
Q9NNW7	Q9NNW7	TRXR2_HUMAN	TXNRD2	Thioredoxin reductase 2, mitochondrial	1.23167e+06		2.11864e+06	1.00789e+06
Q9NP58	Q9NP58	ABCB6_HUMAN	ABCB6	ATP-binding cassette sub-family B member 6	1.90449e+07	1.8643e+08	1.03427e+07	324920
Q9NP61	Q9NP61	ARFG3_HUMAN	ARFGAP3	ADP-ribosylation factor GTPase-activating protein 3	1.54081e+06		633902	613160
Q9NP72	Q9NP72	RAB18_HUMAN	RAB18	Ras-related protein Rab-18	5.67347e+06		3.85761e+06	3.31149e+06
Q9NP73	Q9NP73	ALG13_HUMAN	ALG13	Putative bifunctional UDP-N-acetylglucosamine transferase and deubiquitinase ALG13	201800		98951.3	540142
Q9NP77	Q9NP77	SSU72_HUMAN	SSU72	RNA polymerase II subunit A C-terminal domain phosphatase SSU72	613429		170485	670824
Q9NP79	Q9NP79	VTA1_HUMAN	VTA1	Vacuolar protein sorting-associated protein VTA1 homolog	1.70707e+06		1.48203e+06	1.9018e+06
Q9NP80	Q9NP80	PLPL8_HUMAN	PNPLA8	Calcium-independent phospholipase A2-gamma				796396
Q9NP81	Q9NP81	SYSM_HUMAN	SARS2	Serine--tRNA ligase, mitochondrial	2.89782e+06		2.78014e+06	2.87322e+06
Q9NP92	Q9NP92	RT30_HUMAN	MRPS30	Large ribosomal subunit protein mL65	101636			1.65101e+06
Q9NP97	Q9NP97	DLRB1_HUMAN	DYNLRB1	Dynein light chain roadblock-type 1	1.09481e+07		3.02927e+06	2.0427e+06
Q9NPA0	Q9NPA0	EMC7_HUMAN	EMC7	ER membrane protein complex subunit 7	879583		467096	1.42373e+06
Q9NPA8	Q9NPA8	ENY2_HUMAN	ENY2	Transcription and mRNA export factor ENY2	2.25023e+06		2.09906e+06	629884
Q9NPB8	Q9NPB8	GPCP1_HUMAN	GPCPD1	Glycerophosphocholine phosphodiesterase GPCPD1				456268
Q9NPD3	Q9NPD3	EXOS4_HUMAN	EXOSC4	Exosome complex component RRP41	1.81464e+06		432572	1.29445e+06
Q9NPE3	Q9NPE3	NOP10_HUMAN	NOP10	H/ACA ribonucleoprotein complex subunit 3	1.27741e+06		1.50467e+06	1.95259e+06
Q9NPF4	Q9NPF4	OSGEP_HUMAN	OSGEP	tRNA N6-adenosine threonylcarbamoyltransferase	1.68141e+06		1.21133e+06	1.66979e+06
Q9NPF5	Q9NPF5	DMAP1_HUMAN	DMAP1	DNA methyltransferase 1-associated protein 1				354889
Q9NPH0	Q9NPH0	PPA6_HUMAN	ACP6	Lysophosphatidic acid phosphatase type 6				4.26644e+06
Q9NPH2	Q9NPH2	INO1_HUMAN	ISYNA1	Inositol-3-phosphate synthase 1	2.67348e+06		3.82679e+06	2.07742e+06
Q9NPH3	Q9NPH3	IL1AP_HUMAN	IL1RAP	Interleukin-1 receptor accessory protein			70032.7	111469
Q9NPI6	Q9NPI6	DCP1A_HUMAN	DCP1A	mRNA-decapping enzyme 1A	95792.8			118945
Q9NPJ3	Q9NPJ3	ACO13_HUMAN	ACOT13	Acyl-coenzyme A thioesterase 13	1.22344e+07		1.28192e+07	1.27258e+07
Q9NPJ6	Q9NPJ6	MED4_HUMAN	MED4	Mediator of RNA polymerase II transcription subunit 4	192799			200901
Q9NPL8	Q9NPL8	TIDC1_HUMAN	TIMMDC1	Complex I assembly factor TIMMDC1, mitochondrial				6.42617e+06
Q9NPQ8	Q9NPQ8;Q9NVN3	RIC8A_HUMAN	RIC8A	Synembryn-A	128689		100106	794369
Q9NPR2	Q9NPR2	SEM4B_HUMAN	SEMA4B	Semaphorin-4B	739437		452609	377863
Q9NPR9	Q9NPR9	GP108_HUMAN	GPR108	Protein GPR108	495653			88390.5
Q9NPY3	Q9NPY3	C1QR1_HUMAN	CD93	Complement component C1q receptor	1.13778e+06		767110	580887
Q9NQ25	Q9NQ25	SLAF7_HUMAN	SLAMF7	SLAM family member 7	208033		174129	
Q9NQ29	Q9NQ29	LUC7L_HUMAN	LUC7L	Putative RNA-binding protein Luc7-like 1	500418		209077	252395
Q9NQ48	Q9NQ48	LZTL1_HUMAN	LZTFL1	Leucine zipper transcription factor-like protein 1	796668		546779	469995
Q9NQ50	Q9NQ50	RM40_HUMAN	MRPL40	Large ribosomal subunit protein mL40				1.09657e+06
Q9NQ79	Q9NQ79	CRAC1_HUMAN	CRTAC1	Cartilage acidic protein 1			313432	126333
Q9NQ86	Q9NQ86	TRI36_HUMAN	TRIM36	E3 ubiquitin-protein ligase TRIM36				142321
Q9NQ88	Q9NQ88	TIGAR_HUMAN	TIGAR	Fructose-2,6-bisphosphatase TIGAR	3.33685e+06		3.9528e+06	4.74377e+06
Q9NQ94	Q9NQ94	A1CF_HUMAN	A1CF	APOBEC1 complementation factor	329193			267565
Q9NQA3	A8K0Z3;C4AMC7;Q6VEQ5;A8MWX3;Q9NQA3	WASH6_HUMAN	WASH6P	WAS protein family homolog 6	454017		397814	526453
Q9NQC3	Q9NQC3	RTN4_HUMAN	RTN4	Reticulon-4	4.04378e+06		2.93694e+06	1.27152e+07
Q9NQC7	Q9NQC7	CYLD_HUMAN	CYLD	Ubiquitin carboxyl-terminal hydrolase CYLD				190068
Q9NQE9	Q9NQE9	HINT3_HUMAN	HINT3	Adenosine 5'-monophosphoramidase HINT3	300251			885326
Q9NQG1	Q9NQG1	MANBL_HUMAN	MANBAL	Protein MANBAL	115484		152760	74256.8
Q9NQG5	Q9NQG5	RPR1B_HUMAN	RPRD1B	Regulation of nuclear pre-mRNA domain-containing protein 1B	2.79712e+06		2.07369e+06	2.32436e+06
Q9NQG6	Q9NQG6	MID51_HUMAN	MIEF1	Mitochondrial dynamics protein MIEF1				634071
Q9NQH7	Q9NQH7	XPP3_HUMAN	XPNPEP3	Xaa-Pro aminopeptidase 3	1.85074e+07		8.92059e+06	1.40165e+07
Q9NQP4	Q9NQP4	PFD4_HUMAN	PFDN4	Prefoldin subunit 4	5.57222e+06		1.12712e+06	501421
Q9NQR4	Q9NQR4	NIT2_HUMAN	NIT2	Omega-amidase NIT2	7.85339e+06		6.7603e+06	5.72428e+06
Q9NQS1	Q9NQS1	AVEN_HUMAN	AVEN	Cell death regulator Aven	429983			213700
Q9NQS7	Q9NQS7	INCE_HUMAN	INCENP	Inner centromere protein			269855	210177
Q9NQT4	Q9NQT4	EXOS5_HUMAN	EXOSC5	Exosome complex component RRP46	1.70226e+06		1.16388e+06	441907
Q9NQT5	Q9NQT5	EXOS3_HUMAN	EXOSC3	Exosome complex component RRP40	1.34445e+06		572439	736667
Q9NQT8	Q9NQT8	KI13B_HUMAN	KIF13B	Kinesin-like protein KIF13B	637061		451755	2.04306e+06
Q9NQW7	Q9NQW7	XPP1_HUMAN	XPNPEP1	Xaa-Pro aminopeptidase 1	943062		1.90457e+06	3.73123e+06
Q9NQX3	Q9NQX3	GEPH_HUMAN	GPHN	Gephyrin	406271		265446	287211
Q9NQX4	Q9NQX4	MYO5C_HUMAN	MYO5C	Unconventional myosin-Vc	908960			1.26502e+06
Q9NQX7	Q9NQX7	ITM2C_HUMAN	ITM2C	Integral membrane protein 2C	363841		65999	172264
Q9NQY0	Q9NQY0	BIN3_HUMAN	BIN3	Bridging integrator 3	607549		360054	394026
Q9NQZ2	Q9NQZ2	SAS10_HUMAN	UTP3	Something about silencing protein 10	1.99825e+06		129248	432882
Q9NQZ5	Q9NQZ5	STAR7_HUMAN	STARD7	StAR-related lipid transfer protein 7, mitochondrial	490571			593470
Q9NR09	Q9NR09	BIRC6_HUMAN	BIRC6	Baculoviral IAP repeat-containing protein 6				414864
Q9NR12	Q9NR12	PDLI7_HUMAN	PDLIM7	PDZ and LIM domain protein 7	8.73424e+06		7.14738e+06	5.41663e+06
Q9NR16	Q9NR16	C163B_HUMAN	CD163L1	Scavenger receptor cysteine-rich type 1 protein M160	343396		203436	240008
Q9NR19	Q9NR19	ACSA_HUMAN	ACSS2	Acetyl-coenzyme A synthetase, cytoplasmic	952762		381107	996408
Q9NR28	Q9NR28	DBLOH_HUMAN	DIABLO	Diablo IAP-binding mitochondrial protein	6.2922e+06		3.59298e+06	1.02279e+06
Q9NR30	Q9NR30	DDX21_HUMAN	DDX21	Nucleolar RNA helicase 2	2.13638e+06		1.67871e+06	2.42109e+06
Q9NR31	Q9NR31	SAR1A_HUMAN	SAR1A	GTP-binding protein SAR1a	2.01403e+07		1.75118e+07	1.243e+07
Q9NR34	Q9NR34	MA1C1_HUMAN	MAN1C1	Mannosyl-oligosaccharide 1,2-alpha-mannosidase IC				86664.3
Q9NR45	Q9NR45	SIAS_HUMAN	NANS	Sialic acid synthase	1.41886e+07		2.63968e+07	1.41147e+07
Q9NR46	Q9NR46	SHLB2_HUMAN	SH3GLB2	Endophilin-B2	2.0513e+06		1.36537e+06	1.58921e+06
Q9NR50	Q9NR50	EI2BG_HUMAN	EIF2B3	Translation initiation factor eIF-2B subunit gamma	935959		191338	1.39652e+06
Q9NR56	Q9NR56;Q9NUK0	MBNL1_HUMAN	MBNL1	Muscleblind-like protein 1	5.23477e+06		2.42568e+06	1.72039e+06
Q9NR77	Q9NR77	PXMP2_HUMAN	PXMP2	Peroxisomal membrane protein 2				16648.4
Q9NR97	Q9NR97	TLR8_HUMAN	TLR8	Toll-like receptor 8				63357.6
Q9NR99	Q9NR99	MXRA5_HUMAN	MXRA5	Matrix-remodeling-associated protein 5	101219		151275	362014
Q9NRA0	Q9NRA0	SPHK2_HUMAN	SPHK2	Sphingosine kinase 2				293101
Q9NRA2	Q9NRA2	S17A5_HUMAN	SLC17A5	Sialin			94012.9	383265
Q9NRC1	Q9NRC1	ST7_HUMAN	ST7	Suppressor of tumorigenicity 7 protein				116104
Q9NRD1	Q9NRD1	FBX6_HUMAN	FBXO6	F-box only protein 6	264969		185313	72242.5
Q9NRD5	Q9NRD5	PICK1_HUMAN	PICK1	PRKCA-binding protein	347097		413595	217525
Q9NRD8	Q9NRD8	DUOX2_HUMAN	DUOX2	Dual oxidase 2				326330
Q9NRF8	Q9NRF8	PYRG2_HUMAN	CTPS2	CTP synthase 2	4.26641e+06		2.3544e+06	5.00402e+06
Q9NRF9	Q9NRF9	DPOE3_HUMAN	POLE3	DNA polymerase epsilon subunit 3	1.98884e+06		980870	451545
Q9NRG0	Q9NRG0	CHRC1_HUMAN	CHRAC1	Chromatin accessibility complex protein 1	1.41222e+06		169746	629518
Q9NRG1	Q9NRG1	PRDC1_HUMAN	PRTFDC1	Phosphoribosyltransferase domain-containing protein 1	907274		437640	362599
Q9NRG7	Q9NRG7	D39U1_HUMAN	SDR39U1	Epimerase family protein SDR39U1				598657
Q9NRG9	Q9NRG9	AAAS_HUMAN	AAAS	Aladin				948335
Q9NRK6	Q9NRK6	ABCBA_HUMAN	ABCB10	ATP-binding cassette sub-family B member 10, mitochondrial				345542
Q9NRL2	Q9NRL2	BAZ1A_HUMAN	BAZ1A	Bromodomain adjacent to zinc finger domain protein 1A				61250.3
Q9NRL3	Q9NRL3	STRN4_HUMAN	STRN4	Striatin-4				962813
Q9NRM0	Q9NRM0	GTR9_HUMAN	SLC2A9	Solute carrier family 2, facilitated glucose transporter member 9				44883.4
Q9NRN5	Q9NRN5	OLFL3_HUMAN	OLFML3	Olfactomedin-like protein 3	6.70279e+06		1.1893e+06	1.82147e+06
Q9NRN7	Q9NRN7	ADPPT_HUMAN	AASDHPPT	L-aminoadipate-semialdehyde dehydrogenase-phosphopantetheinyl transferase	892059		506503	1.53519e+06
Q9NRN9	Q9NRN9	METL5_HUMAN	METTL5	rRNA N6-adenosine-methyltransferase METTL5	209126		280535	215324
Q9NRP0	Q9NRP0	OSTC_HUMAN	OSTC	Oligosaccharyltransferase complex subunit OSTC	600784		263576	2.09875e+06
Q9NRP2	Q9NRP2	COXM2_HUMAN	CMC2	COX assembly mitochondrial protein 2 homolog	1.81127e+06		1.24881e+06	279832
Q9NRQ2	Q9NRQ2	PLS4_HUMAN	PLSCR4	Phospholipid scramblase 4	603724		767091	257684
Q9NRQ5	Q9NRQ5	SMCO4_HUMAN	SMCO4	Single-pass membrane and coiled-coil domain-containing protein 4			275439	
Q9NRR5	Q9NRR5	UBQL4_HUMAN	UBQLN4	Ubiquilin-4	1.39348e+06		1.05602e+06	459625
Q9NRS4	Q9NRS4	TMPS4_HUMAN	TMPRSS4	Transmembrane protease serine 4	492042		557267	630625
Q9NRS6	Q9NRS6	SNX15_HUMAN	SNX15	Sorting nexin-15	871300		656746	680317
Q9NRV9	Q9NRV9	HEBP1_HUMAN	HEBP1	Heme-binding protein 1	1.37067e+06		1.40667e+06	3.11356e+06
Q9NRW1	Q9NRW1	RAB6B_HUMAN	RAB6B	Ras-related protein Rab-6B	196889		276187	
Q9NRW3	Q9NRW3	ABC3C_HUMAN	APOBEC3C	DNA dC->dU-editing enzyme APOBEC-3C	548898		255427	665181
Q9NRW4	Q9NRW4	DUS22_HUMAN	DUSP22	Dual specificity protein phosphatase 22	176768			
Q9NRW7	Q9NRW7	VPS45_HUMAN	VPS45	Vacuolar protein sorting-associated protein 45				900525
Q9NRX1	Q9NRX1	PNO1_HUMAN	PNO1	RNA-binding protein PNO1	1.3962e+06		1.08335e+06	1.57246e+06
Q9NRX2	Q9NRX2	RM17_HUMAN	MRPL17	Large ribosomal subunit protein bL17m	229697		100709	1.98064e+06
Q9NRX4	Q9NRX4	PHP14_HUMAN	PHPT1	14 kDa phosphohistidine phosphatase	7.068e+06		1.70483e+07	9.5269e+06
Q9NRX5	Q9NRX5	SERC1_HUMAN	SERINC1	Serine incorporator 1	32729.9			169358
Q9NRY4	Q9NRY4	RHG35_HUMAN	ARHGAP35	Rho GTPase-activating protein 35				117299
Q9NRY5	Q9NRY5	F1142_HUMAN	FAM114A2	Protein FAM114A2	397977			522500
Q9NRY6	Q9NRY6	PLS3_HUMAN	PLSCR3	Phospholipid scramblase 3	1.66728e+06		2.73537e+06	1.08572e+06
Q9NRZ7	Q9NRZ7	PLCC_HUMAN	AGPAT3	1-acyl-sn-glycerol-3-phosphate acyltransferase gamma				1.1419e+06
Q9NS00	Q9NS00	C1GLT_HUMAN	C1GALT1	Glycoprotein-N-acetylgalactosamine 3-beta-galactosyltransferase 1	267304			748502
Q9NS69	Q9NS69	TOM22_HUMAN	TOMM22	Mitochondrial import receptor subunit TOM22 homolog	305950			390687
Q9NS86	Q9NS86	LANC2_HUMAN	LANCL2	LanC-like protein 2	1.92656e+06		1.33382e+06	1.24241e+06
Q9NSB2	Q9NSB2	KRT84_HUMAN	KRT84	Keratin, type II cuticular Hb4			1.02029e+06	
Q9NSB4	Q9NSB4	KRT82_HUMAN	KRT82	Keratin, type II cuticular Hb2			422074	
Q9NSC7	Q9NSC7	SIA7A_HUMAN	ST6GALNAC1	Alpha-N-acetylgalactosaminide alpha-2,6-sialyltransferase 1	396884		332352	279227
Q9NSD9	Q9NSD9	SYFB_HUMAN	FARSB	Phenylalanine--tRNA ligase beta subunit	2.12007e+06		1.71543e+06	5.16118e+06
Q9NSE4	Q9NSE4	SYIM_HUMAN	IARS2	Isoleucine--tRNA ligase, mitochondrial	48509.8		776837	2.34013e+06
Q9NSK0	Q9NSK0	KLC4_HUMAN	KLC4	Kinesin light chain 4	1.28217e+06		936346	2.95038e+06
Q9NSK7	Q9NSK7	CS012_HUMAN	C19orf12	Protein C19orf12	377864		183209	218232
Q9NSY2	Q9NSY2	STAR5_HUMAN	STARD5	StAR-related lipid transfer protein 5	1.04891e+06		1.84701e+06	496679
Q9NT62	Q9NT62	ATG3_HUMAN	ATG3	Ubiquitin-like-conjugating enzyme ATG3	917971		221281	1.1546e+06
Q9NTG7	Q9NTG7	SIR3_HUMAN	SIRT3	NAD-dependent protein deacetylase sirtuin-3, mitochondrial	62352		52479	318167
Q9NTI5	Q9NTI5	PDS5B_HUMAN	PDS5B	Sister chromatid cohesion protein PDS5 homolog B	504602		758008	445897
Q9NTJ4	Q9NTJ4	MA2C1_HUMAN	MAN2C1	Alpha-mannosidase 2C1			92961.3	690816
Q9NTJ5	Q9NTJ5	SAC1_HUMAN	SACM1L	Phosphatidylinositol-3-phosphatase SAC1	429311		302352	4.14415e+06
Q9NTK5	Q9NTK5	OLA1_HUMAN	OLA1	Obg-like ATPase 1	1.01311e+07		1.00099e+07	1.01091e+07
Q9NTM9	Q9NTM9	CUTC_HUMAN	CUTC	Copper homeostasis protein cutC homolog	2.14793e+06		1.40833e+06	795710
Q9NTN3	Q9NTN3	S35D1_HUMAN	SLC35D1	Nucleotide sugar transporter SLC35D1				648011
Q9NTN9	Q9NTN9	SEM4G_HUMAN	SEMA4G	Semaphorin-4G	187178		248028	128950
Q9NTX5	Q9NTX5	ECHD1_HUMAN	ECHDC1	Ethylmalonyl-CoA decarboxylase	3.62585e+06		972603	4.9075e+06
Q9NTZ6	Q9NTZ6	RBM12_HUMAN	RBM12	RNA-binding protein 12	3.5546e+06		2.58137e+06	2.86981e+06
Q9NU22	Q9NU22	MDN1_HUMAN	MDN1	Midasin	1.06429e+06			128525
Q9NU23	Q9NU23	LYRM2_HUMAN	LYRM2	LYR motif-containing protein 2	691461		1.07071e+06	319268
Q9NUB1	Q9NUB1	ACS2L_HUMAN	ACSS1	Acetyl-coenzyme A synthetase 2-like, mitochondrial	395998		161663	2.8769e+06
Q9NUG6	Q9NUG6	PDRG1_HUMAN	PDRG1	p53 and DNA damage-regulated protein 1	1.14001e+06		714777	1.12393e+06
Q9NUI1	Q9NUI1	DECR2_HUMAN	DECR2	Peroxisomal 2,4-dienoyl-CoA reductase [(3E)-enoyl-CoA-producing]	2.16571e+06		1.23938e+06	1.20049e+06
Q9NUJ1	Q9NUJ1	ABHDA_HUMAN	ABHD10	Palmitoyl-protein thioesterase ABHD10, mitochondrial			167369	1.57487e+06
Q9NUJ3	Q9NUJ3	T11L1_HUMAN	TCP11L1	T-complex protein 11-like protein 1				31883.3
Q9NUL3	Q9NUL3	STAU2_HUMAN	STAU2	Double-stranded RNA-binding protein Staufen homolog 2	70696.4			78036.7
Q9NUL5	Q9NUL5	SHFL_HUMAN	SHFL	Shiftless antiviral inhibitor of ribosomal frameshifting protein	2.16247e+06		2.21346e+06	748027
Q9NUL7	Q9NUL7	DDX28_HUMAN	DDX28	Probable ATP-dependent RNA helicase DDX28				124409
Q9NUM3	Q9NUM3	S39A9_HUMAN	SLC39A9	Zinc transporter ZIP9				15319.1
Q9NUM4	Q9NUM4	T106B_HUMAN	TMEM106B	Transmembrane protein 106B	1.84836e+06		1.02867e+06	1.16102e+06
Q9NUN5	Q9NUN5	LMBD1_HUMAN	LMBRD1	Lysosomal cobalamin transport escort protein LMBD1	239054		282849	446519
Q9NUP1	Q9NUP1	BL1S4_HUMAN	BLOC1S4	Biogenesis of lysosome-related organelles complex 1 subunit 4	537155		151041	262664
Q9NUP7	Q9NUP7	TRM13_HUMAN	TRMT13	tRNA:m(4)X modification enzyme TRM13 homolog				148757
Q9NUP9	Q9NUP9	LIN7C_HUMAN	LIN7C	Protein lin-7 homolog C	4.35553e+06		6.33718e+06	4.23777e+06
Q9NUQ2	Q9NUQ2	PLCE_HUMAN	AGPAT5	1-acyl-sn-glycerol-3-phosphate acyltransferase epsilon				2.29372e+06
Q9NUQ3	Q9NUQ3	TXLNG_HUMAN	TXLNG	Gamma-taxilin	492107		339198	429689
Q9NUQ6	Q9NUQ6	SPS2L_HUMAN	SPATS2L	SPATS2-like protein				1.09368e+06
Q9NUQ7	Q9NUQ7	UFSP2_HUMAN	UFSP2	Ufm1-specific protease 2				862916
Q9NUQ8	Q9NUQ8	ABCF3_HUMAN	ABCF3	ATP-binding cassette sub-family F member 3	105936		113527	1.43197e+06
Q9NUQ9	Q9NUQ9;Q9H0Q0	CYRIB_HUMAN	CYRIB	CYFIP-related Rac1 interactor B	5.56548e+06		1.68808e+06	4.09652e+06
Q9NUT2	Q9NUT2	MITOS_HUMAN	ABCB8	Mitochondrial potassium channel ATP-binding subunit				557257
Q9NUU6	Q9NUU6	OTULL_HUMAN	OTULINL	Inactive ubiquitin thioesterase OTULINL				2.58362e+06
Q9NUU7	Q9NUU7	DD19A_HUMAN	DDX19A	ATP-dependent RNA helicase DDX19A				627514
Q9NUV9	Q9NUV9	GIMA4_HUMAN	GIMAP4	GTPase IMAP family member 4	9.58345e+06		5.12314e+06	3.42221e+06
Q9NUW8	Q9NUW8	TYDP1_HUMAN	TDP1	Tyrosyl-DNA phosphodiesterase 1	698378		255125	462105
Q9NUY8	Q9NUY8	TBC23_HUMAN	TBC1D23	TBC1 domain family member 23			297175	929693
Q9NV06	Q9NV06	DCA13_HUMAN	DCAF13	DDB1- and CUL4-associated factor 13			260825	3224.77
Q9NV31	Q9NV31	IMP3_HUMAN	IMP3	U3 small nucleolar ribonucleoprotein protein IMP3				48573.6
Q9NV35	Q9NV35	NUD15_HUMAN	NUDT15	Nucleotide triphosphate diphosphatase NUDT15	848398		268335	434173
Q9NV56	Q9NV56	MRGBP_HUMAN	MRGBP	MRG/MORF4L-binding protein	427745		90387.2	294333
Q9NV66	Q9NV66	TYW1_HUMAN	TYW1	S-adenosyl-L-methionine-dependent tRNA 4-demethylwyosine synthase TYW1	637305		160742	602382
Q9NV70	Q9NV70	EXOC1_HUMAN	EXOC1	Exocyst complex component 1			148414	687528
Q9NV88	Q9NV88	INT9_HUMAN	INTS9	Integrator complex subunit 9				451614
Q9NV92	Q9NV92	NFIP2_HUMAN	NDFIP2	NEDD4 family-interacting protein 2				32827.2
Q9NV96	Q3MIR4;Q9NV96	CC50A_HUMAN	TMEM30A	Cell cycle control protein 50A	3.52732e+06		4.3483e+06	3.95935e+06
Q9NVA1	Q9NVA1	UQCC1_HUMAN	UQCC1	Ubiquinol-cytochrome-c reductase complex assembly factor 1	199299		104861	797999
Q9NVA2	Q14141;Q92599;Q9NVA2	SEP11_HUMAN	SEPTIN11	Septin-11	7.91844e+06		1.05087e+07	1.14152e+07
Q9NVC3	Q9NVC3	S38A7_HUMAN	SLC38A7	Sodium-coupled neutral amino acid transporter 7			270276	263513
Q9NVC6	Q9NVC6	MED17_HUMAN	MED17	Mediator of RNA polymerase II transcription subunit 17				134906
Q9NVD7	Q9NVD7	PARVA_HUMAN	PARVA	Alpha-parvin	2.4059e+06		856374	3.97524e+06
Q9NVE5	Q9NVE5	UBP40_HUMAN	USP40	Ubiquitin carboxyl-terminal hydrolase 40				192936
Q9NVE7	Q9NVE7	PANK4_HUMAN	PANK4	4'-phosphopantetheine phosphatase				265952
Q9NVF7	Q9NVF7	FBX28_HUMAN	FBXO28	F-box only protein 28				234831
Q9NVG8	Q9NVG8	TBC13_HUMAN	TBC1D13	TBC1 domain family member 13				378306
Q9NVH0	Q9NVH0	EXD2_HUMAN	EXD2	Exonuclease 3'-5' domain-containing protein 2				229693
Q9NVH1	Q9NVH1	DJC11_HUMAN	DNAJC11	DnaJ homolog subfamily C member 11	561522		365697	574820
Q9NVH2	Q9NVH2	INT7_HUMAN	INTS7	Integrator complex subunit 7	309354		275218	354701
Q9NVH6	Q9NVH6	TMLH_HUMAN	TMLHE	Trimethyllysine dioxygenase, mitochondrial	575709		499272	1.93728e+06
Q9NVI7	Q9NVI7	ATD3A_HUMAN	ATAD3A	ATPase family AAA domain-containing protein 3A			263549	3.07688e+06
Q9NVJ2	Q96BM9;Q9NVJ2	ARL8B_HUMAN	ARL8B	ADP-ribosylation factor-like protein 8B	8.65678e+06		1.22457e+07	5.81722e+06
Q9NVM6	Q9NVM6	DJC17_HUMAN	DNAJC17	DnaJ homolog subfamily C member 17	241731		168974	93074.3
Q9NVM9	Q9NVM9	INT13_HUMAN	INTS13	Integrator complex subunit 13	275230		269549	700322
Q9NVN8	Q9NVN8	GNL3L_HUMAN	GNL3L	Guanine nucleotide-binding protein-like 3-like protein			74702.1	181939
Q9NVP1	Q9NVP1	DDX18_HUMAN	DDX18	ATP-dependent RNA helicase DDX18	208115		117002	969796
Q9NVQ4	Q9NVQ4	FAIM1_HUMAN	FAIM	Fas apoptotic inhibitory molecule 1	910530		535391	640091
Q9NVR2	Q9NVR2	INT10_HUMAN	INTS10	Integrator complex subunit 10			232219	345129
Q9NVS2	Q9NVS2	RT18A_HUMAN	MRPS18A	Large ribosomal subunit protein mL66				1.64831e+06
Q9NVS9	Q9NVS9	PNPO_HUMAN	PNPO	Pyridoxine-5'-phosphate oxidase	1.94667e+06		3.37712e+06	1.94117e+06
Q9NVT9	Q9NVT9	ARMC1_HUMAN	ARMC1	Armadillo repeat-containing protein 1	827034		281403	654123
Q9NVU0	Q9NVU0	RPC5_HUMAN	POLR3E	DNA-directed RNA polymerase III subunit RPC5				390144
Q9NVU7	Q9NVU7	SDA1_HUMAN	SDAD1	Protein SDA1 homolog	154618		337075	433695
Q9NVV0	Q9NVV0	TM38B_HUMAN	TMEM38B	Trimeric intracellular cation channel type B				1.11961e+06
Q9NVV4	Q9NVV4	PAPD1_HUMAN	MTPAP	Poly(A) RNA polymerase, mitochondrial				687283
Q9NVV5	Q9NVV5	AIG1_HUMAN	AIG1	Androgen-induced gene 1 protein				151913
Q9NVX2	Q9NVX2	NLE1_HUMAN	NLE1	Notchless protein homolog 1	1.27543e+06		1.02991e+06	997560
Q9NVZ3	Q9NVZ3	NECP2_HUMAN	NECAP2	Adaptin ear-binding coat-associated protein 2	1.38906e+06		1.16738e+06	1.00265e+06
Q9NW08	Q9NW08	RPC2_HUMAN	POLR3B	DNA-directed RNA polymerase III subunit RPC2			193824	349060
Q9NW13	Q9NW13	RBM28_HUMAN	RBM28	RNA-binding protein 28	401257		255603	570272
Q9NW15	Q9NW15	ANO10_HUMAN	ANO10	Anoctamin-10				557153
Q9NW61	Q9NW61	PKHJ1_HUMAN	PLEKHJ1	Pleckstrin homology domain-containing family J member 1	200362		57261.4	97315.3
Q9NW64	Q9NW64	RBM22_HUMAN	RBM22	Pre-mRNA-splicing factor RBM22	1.0742e+06		915767	590875
Q9NW68	Q9NW68	BSDC1_HUMAN	BSDC1	BSD domain-containing protein 1	684445			199643
Q9NW82	Q9NW82	WDR70_HUMAN	WDR70	WD repeat-containing protein 70			126186	1.05257e+06
Q9NWB6	Q9NWB6	ARGL1_HUMAN	ARGLU1	Arginine and glutamate-rich protein 1	1.39004e+06		2.10018e+06	902880
Q9NWH9	Q9NWH9	SLTM_HUMAN	SLTM	SAFB-like transcription modulator	1.08006e+06		959285	677941
Q9NWM8	Q9NWM8	FKB14_HUMAN	FKBP14	Peptidyl-prolyl cis-trans isomerase FKBP14	102150		107469	81276
Q9NWQ8	Q9NWQ8	PHAG1_HUMAN	PAG1	Phosphoprotein associated with glycosphingolipid-enriched microdomains 1	624843		200206	172653
Q9NWS0	Q9NWS0	PIHD1_HUMAN	PIH1D1	PIH1 domain-containing protein 1	937138		293097	842637
Q9NWS6	Q9NWS6	F118A_HUMAN	FAM118A	Protein FAM118A				193311
Q9NWS8	Q9NWS8	RMND1_HUMAN	RMND1	Required for meiotic nuclear division protein 1 homolog				594459
Q9NWT1	Q9NWT1	PK1IP_HUMAN	PAK1IP1	p21-activated protein kinase-interacting protein 1	827926		1.24429e+06	1.07378e+06
Q9NWT6	Q9NWT6	HIF1N_HUMAN	HIF1AN	Hypoxia-inducible factor 1-alpha inhibitor	411077		171951	375249
Q9NWU1	Q9NWU1	OXSM_HUMAN	OXSM	3-oxoacyl-[acyl-carrier-protein] synthase, mitochondrial			664950	2.29296e+06
Q9NWU2	Q9NWU2	GID8_HUMAN	GID8	Glucose-induced degradation protein 8 homolog	172476			57106.5
Q9NWU5	Q9NWU5	RM22_HUMAN	MRPL22	Large ribosomal subunit protein uL22m				1.9186e+06
Q9NWV4	Q9NWV4	CZIB_HUMAN	CZIB	CXXC motif containing zinc binding protein	4.07728e+06		4.66104e+06	1.9351e+06
Q9NWV8	Q9NWV8	BABA1_HUMAN	BABAM1	BRISC and BRCA1-A complex member 1	231371		99804	805178
Q9NWW5	Q9NWW5	CLN6_HUMAN	CLN6	Ceroid-lipofuscinosis neuronal protein 6				552374
Q9NWX5	Q9NWX5	ASB6_HUMAN	ASB6	Ankyrin repeat and SOCS box protein 6				88397.7
Q9NWX6	Q9NWX6	THG1_HUMAN	THG1L	Probable tRNA(His) guanylyltransferase	1.39757e+06		1.60936e+06	773414
Q9NWY4	Q9NWY4;A8MVJ9	HPF1_HUMAN	HPF1	Histone PARylation factor 1	146735			275854
Q9NWZ3	Q9NWZ3	IRAK4_HUMAN	IRAK4	Interleukin-1 receptor-associated kinase 4	171337			894088
Q9NWZ5	Q9NWZ5	UCKL1_HUMAN	UCKL1	Uridine-cytidine kinase-like 1				345613
Q9NX00	Q9NX00	TM160_HUMAN	TMEM160	Transmembrane protein 160				267058
Q9NX01	Q9NX01	TXN4B_HUMAN	TXNL4B	Thioredoxin-like protein 4B				60877.7
Q9NX14	Q9NX14	NDUBB_HUMAN	NDUFB11	NADH dehydrogenase [ubiquinone] 1 beta subcomplex subunit 11, mitochondrial	1.79648e+06		386145	1.26784e+06
Q9NX18	Q9NX18	SDHF2_HUMAN	SDHAF2	Succinate dehydrogenase assembly factor 2, mitochondrial	280778			
Q9NX20	Q9NX20	RM16_HUMAN	MRPL16	Large ribosomal subunit protein uL16m	299538		104291	1.23822e+06
Q9NX24	Q9NX24	NHP2_HUMAN	NHP2	H/ACA ribonucleoprotein complex subunit 2	875391		619699	1.18867e+06
Q9NX40	Q9NX40	OCAD1_HUMAN	OCIAD1	OCIA domain-containing protein 1	3.90468e+06		2.07149e+06	3.90434e+06
Q9NX46	Q9NX46	ADPRS_HUMAN	ADPRS	ADP-ribosylhydrolase ARH3	1.5096e+06		2.34059e+06	2.26145e+06
Q9NX47	Q9NX47	MARH5_HUMAN	MARCHF5	E3 ubiquitin-protein ligase MARCHF5				824112
Q9NX55	Q9NX55	HYPK_HUMAN	HYPK	Huntingtin-interacting protein K	2.30524e+06		404296	503691
Q9NX57	Q9NX57	RAB20_HUMAN	RAB20	Ras-related protein Rab-20	647986		632507	503089
Q9NX58	Q9NX58	LYAR_HUMAN	LYAR	Cell growth-regulating nucleolar protein	1.58542e+06		1.42795e+06	1.13689e+06
Q9NX61	Q9NX61	T161A_HUMAN	TMEM161A	Transmembrane protein 161A				502943
Q9NX62	Q9NX62	IMPA3_HUMAN	BPNT2	Golgi-resident adenosine 3',5'-bisphosphate 3'-phosphatase	579896		787699	782750
Q9NX63	Q9NX63	MIC19_HUMAN	CHCHD3	MICOS complex subunit MIC19	3.20371e+06		2.04579e+06	2.89792e+06
Q9NX74	Q9NX74	DUS2L_HUMAN	DUS2	tRNA-dihydrouridine(20) synthase [NAD(P)+]-like	293862		167822	167505
Q9NX76	Q9NX76	CKLF6_HUMAN	CMTM6	CKLF-like MARVEL transmembrane domain-containing protein 6	564999		336163	520922
Q9NX78	Q9NX78	TM260_HUMAN	TMEM260	Protein O-mannosyl-transferase TMEM260				49453.7
Q9NX95	Q9NX95	SYBU_HUMAN	SYBU	Syntabulin				60613
Q9NXA8	Q9NXA8	SIR5_HUMAN	SIRT5	NAD-dependent protein deacylase sirtuin-5, mitochondrial	388302		588907	750277
Q9NXC5	Q9NXC5	MIO_HUMAN	MIOS	GATOR complex protein MIOS	932169		1.0304e+06	1.33396e+06
Q9NXE4	Q9NXE4	NSMA3_HUMAN	SMPD4	Sphingomyelin phosphodiesterase 4				247440
Q9NXF1	Q9NXF1	TEX10_HUMAN	TEX10	Testis-expressed protein 10				1.75709e+06
Q9NXG2	Q9NXG2	THUM1_HUMAN	THUMPD1	THUMP domain-containing protein 1	1.48558e+06		1.12617e+06	1.92238e+06
Q9NXH3	Q9NXH3	PP14D_HUMAN	PPP1R14D	Protein phosphatase 1 regulatory subunit 14D			142616	31959.2
Q9NXH8	Q9NXH8	TOR4A_HUMAN	TOR4A	Torsin-4A				882401
Q9NXH9	Q9NXH9	TRM1_HUMAN	TRMT1	tRNA (guanine(26)-N(2))-dimethyltransferase	743088		380676	582065
Q9NXJ5	Q9NXJ5	PGPI_HUMAN	PGPEP1	Pyroglutamyl-peptidase 1				471243
Q9NXN4	Q9NXN4	GDAP2_HUMAN	GDAP2	Ganglioside-induced differentiation-associated protein 2				246335
Q9NXR1	Q9NXR1	NDE1_HUMAN	NDE1	Nuclear distribution protein nudE homolog 1	1.22177e+06		582176	235494
Q9NXR7	Q9NXR7	BABA2_HUMAN	BABAM2	BRISC and BRCA1-A complex member 2	189495			532274
Q9NXS2	Q9NXS2	QPCTL_HUMAN	QPCTL	Glutaminyl-peptide cyclotransferase-like protein				509174
Q9NXU5	Q9NXU5	ARL15_HUMAN	ARL15	ADP-ribosylation factor-like protein 15			233360	454808
Q9NXV2	Q9NXV2	KCTD5_HUMAN	KCTD5	BTB/POZ domain-containing protein KCTD5	529728		261726	243067
Q9NXV6	Q9NXV6	CARF_HUMAN	CDKN2AIP	CDKN2A-interacting protein	525219		484463	408962
Q9NXW2	Q9NXW2	DJB12_HUMAN	DNAJB12	DnaJ homolog subfamily B member 12	1.11619e+06		551749	1.06655e+06
Q9NXW9	Q9NXW9	ALKB4_HUMAN	ALKBH4	Alpha-ketoglutarate-dependent dioxygenase alkB homolog 4			569129	48197.1
Q9NY12	Q9NY12	GAR1_HUMAN	GAR1	H/ACA ribonucleoprotein complex subunit 1	1.36712e+06		1.0896e+06	1.74027e+06
Q9NY15	Q9NY15	STAB1_HUMAN	STAB1	Stabilin-1	619515			1.15554e+06
Q9NY27	Q9NY27	PP4R2_HUMAN	PPP4R2	Serine/threonine-protein phosphatase 4 regulatory subunit 2	793705		314553	281129
Q9NY33	Q9NY33	DPP3_HUMAN	DPP3	Dipeptidyl peptidase 3	2.40767e+06		3.02553e+06	7.26785e+06
Q9NY35	Q9NY35	CLDN1_HUMAN	CLDND1	Claudin domain-containing protein 1				238166
Q9NY59	Q9NY59	NSMA2_HUMAN	SMPD3	Sphingomyelin phosphodiesterase 3	556992		534954	214397
Q9NY61	Q9NY61	AATF_HUMAN	AATF	Protein AATF				350935
Q9NY93	Q9NY93	DDX56_HUMAN	DDX56	Probable ATP-dependent RNA helicase DDX56	252193			507085
Q9NYB0	Q9NYB0	TE2IP_HUMAN	TERF2IP	Telomeric repeat-binding factor 2-interacting protein 1	1.43487e+06		588248	864038
Q9NYF8	Q9NYF8	BCLF1_HUMAN	BCLAF1	Bcl-2-associated transcription factor 1	1.91118e+06		2.97717e+06	1.65534e+06
Q9NYG2	Q9NYG2	ZDHC3_HUMAN	ZDHHC3	Palmitoyltransferase ZDHHC3			675101	628211
Q9NYI0	Q9NYI0	PSD3_HUMAN	PSD3	PH and SEC7 domain-containing protein 3				217765
Q9NYJ1	Q9NYJ1	COA4_HUMAN	COA4	Cytochrome c oxidase assembly factor 4 homolog, mitochondrial	340630			
Q9NYK5	Q9NYK5	RM39_HUMAN	MRPL39	Large ribosomal subunit protein mL39	658781		539463	2.70428e+06
Q9NYL2	Q9NYL2	M3K20_HUMAN	MAP3K20	Mitogen-activated protein kinase kinase kinase 20	507249		415001	116341
Q9NYL4	Q9NYL4	FKB11_HUMAN	FKBP11	Peptidyl-prolyl cis-trans isomerase FKBP11	2.38881e+06		2.01279e+06	1.42599e+06
Q9NYL9	Q9NYL9	TMOD3_HUMAN	TMOD3	Tropomodulin-3	5.60587e+06		4.70998e+06	1.71269e+06
Q9NYM9	Q9NYM9	BET1L_HUMAN	BET1L	BET1-like protein	401192			215530
Q9NYR9	Q9NYR9	KBRS2_HUMAN	NKIRAS2	NF-kappa-B inhibitor-interacting Ras-like protein 2	720873		850798	643305
Q9NYS0	Q9NYS0	KBRS1_HUMAN	NKIRAS1	NF-kappa-B inhibitor-interacting Ras-like protein 1	90716.4			60710.9
Q9NYT0	Q9NYT0	PLEK2_HUMAN	PLEK2	Pleckstrin-2	34037.1			121318
Q9NYU1	Q9NYU1	UGGG2_HUMAN	UGGT2	UDP-glucose:glycoprotein glucosyltransferase 2				1.05208e+06
Q9NYU2	Q9NYU2	UGGG1_HUMAN	UGGT1	UDP-glucose:glycoprotein glucosyltransferase 1	819144		363424	5.28687e+06
Q9NYV4	Q9NYV4	CDK12_HUMAN	CDK12	Cyclin-dependent kinase 12			167025	128832
Q9NYV6	Q9NYV6	RRN3_HUMAN	RRN3	RNA polymerase I-specific transcription initiation factor RRN3				36701.6
Q9NYY8	Q9NYY8	FAKD2_HUMAN	FASTKD2	FAST kinase domain-containing protein 2, mitochondrial				777479
Q9NYZ1	Q9NYZ1;Q96ET8	TV23B_HUMAN	TVP23B	Golgi apparatus membrane protein TVP23 homolog B				924564
Q9NZ01	Q9NZ01	TECR_HUMAN	TECR	Very-long-chain enoyl-CoA reductase	456719		256452	5.10812e+06
Q9NZ08	Q9NZ08	ERAP1_HUMAN	ERAP1	Endoplasmic reticulum aminopeptidase 1	832613		532666	4.97127e+06
Q9NZ32	Q9NZ32	ARP10_HUMAN	ACTR10	Actin-related protein 10	477919		328019	878426
Q9NZ43	Q9NZ43	USE1_HUMAN	USE1	Vesicle transport protein USE1	214644			484923
Q9NZ45	Q9NZ45	CISD1_HUMAN	CISD1	CDGSH iron-sulfur domain-containing protein 1	1.78957e+06		992740	2.92585e+06
Q9NZ52	Q9NZ52	GGA3_HUMAN	GGA3	ADP-ribosylation factor-binding protein GGA3	384102		249756	476138
Q9NZ63	Q9NZ63	TLS1_HUMAN	C9orf78	Splicing factor C9orf78	497389		144628	25162.1
Q9NZA1	Q9NZA1	CLIC5_HUMAN	CLIC5	Chloride intracellular channel protein 5	1.22415e+06		1.76932e+06	1.19712e+06
Q9NZB2	Q9NZB2	F120A_HUMAN	FAM120A	Constitutive coactivator of PPAR-gamma-like protein 1	1.33153e+06		537184	1.00393e+06
Q9NZC3	Q9NZC3	GDE1_HUMAN	GDE1	Glycerophosphodiester phosphodiesterase 1	961982		980413	1.07665e+06
Q9NZD2	Q9NZD2	GLTP_HUMAN	GLTP	Glycolipid transfer protein	3.90636e+06		3.14381e+06	2.83561e+06
Q9NZD8	Q9NZD8	SPG21_HUMAN	SPG21	Maspardin				749308
Q9NZE8	Q9NZE8	RM35_HUMAN	MRPL35	Large ribosomal subunit protein bL35m				1.52902e+06
Q9NZJ4	Q9NZJ4	SACS_HUMAN	SACS	Sacsin				175977
Q9NZJ6	Q9NZJ6	COQ3_HUMAN	COQ3	Ubiquinone biosynthesis O-methyltransferase, mitochondrial				307903
Q9NZJ7	Q9NZJ7	MTCH1_HUMAN	MTCH1	Mitochondrial carrier homolog 1				2.62576e+06
Q9NZJ9	Q9NZJ9;A0A024RBG1	NUDT4_HUMAN	NUDT4	Diphosphoinositol polyphosphate phosphohydrolase 2	2.06186e+06		1.93695e+06	1.89625e+06
Q9NZK5	Q9NZK5	ADA2_HUMAN	ADA2	Adenosine deaminase 2	665511		952989	370500
Q9NZL4	Q9NZL4	HPBP1_HUMAN	HSPBP1	Hsp70-binding protein 1	566673		142513	581585
Q9NZL9	Q9NZL9	MAT2B_HUMAN	MAT2B	Methionine adenosyltransferase 2 subunit beta	6.16387e+06		6.53917e+06	3.26612e+06
Q9NZM1	Q9NZM1	MYOF_HUMAN	MYOF	Myoferlin	4.12226e+06		2.94171e+06	6.27503e+06
Q9NZM3	Q9NZM3	ITSN2_HUMAN	ITSN2	Intersectin-2	199492		65982.7	369066
Q9NZN3	Q9NZN3	EHD3_HUMAN	EHD3	EH domain-containing protein 3				544892
Q9NZN4	Q9NZN4	EHD2_HUMAN	EHD2	EH domain-containing protein 2	1.51495e+06		921878	1.27636e+07
Q9NZN5	Q9NZN5	ARHGC_HUMAN	ARHGEF12	Rho guanine nucleotide exchange factor 12				360961
Q9NZN8	Q9NZN8	CNOT2_HUMAN	CNOT2	CCR4-NOT transcription complex subunit 2	839590			450527
Q9NZP8	Q9NZP8	C1RL_HUMAN	C1RL	Complement C1r subcomponent-like protein			286182	120573
Q9NZQ3	Q9NZQ3	SPN90_HUMAN	NCKIPSD	NCK-interacting protein with SH3 domain				198874
Q9NZR1	Q9NZR1	TMOD2_HUMAN	TMOD2	Tropomodulin-2	302802		207111	100724
Q9NZT1	Q9NZT1	CALL5_HUMAN	CALML5	Calmodulin-like protein 5	1.28891e+06	3.01986e+08	2.25042e+06	998085
Q9NZT2	Q9NZT2	OGFR_HUMAN	OGFR	Opioid growth factor receptor	523397		248910	910047
Q9NZU5	Q9NZU5	LMCD1_HUMAN	LMCD1	LIM and cysteine-rich domains protein 1	1.65402e+06		724720	1.19824e+06
Q9NZW5	Q9NZW5	PALS2_HUMAN	PALS2	Protein PALS2	473571		156742	451185
Q9NZZ3	Q9NZZ3	CHMP5_HUMAN	CHMP5	Charged multivesicular body protein 5	4.76096e+06		3.93144e+06	1.5611e+06
Q9P000	Q9P000	COMD9_HUMAN	COMMD9	COMM domain-containing protein 9	527674			257971
Q9P003	Q9P003	CNIH4_HUMAN	CNIH4	Protein cornichon homolog 4				1.65434e+06
Q9P013	Q9P013	CWC15_HUMAN	CWC15	Spliceosome-associated protein CWC15 homolog	2.61811e+06		1.35614e+06	379558
Q9P015	Q9P015	RM15_HUMAN	MRPL15	Large ribosomal subunit protein uL15m				1.86687e+06
Q9P016	Q9P016	THYN1_HUMAN	THYN1	Thymocyte nuclear protein 1	4.05634e+06		5.76155e+06	2.55887e+06
Q9P032	Q9P032	NDUF4_HUMAN	NDUFAF4	NADH dehydrogenase [ubiquinone] 1 alpha subcomplex assembly factor 4	262665		50637.9	447383
Q9P035	Q9P035	HACD3_HUMAN	HACD3	Very-long-chain (3R)-3-hydroxyacyl-CoA dehydratase 3	96199.9		18235.8	1.6586e+06
Q9P0B6	Q9P0B6	CC167_HUMAN	CCDC167	Coiled-coil domain-containing protein 167	67161.3			
Q9P0I2	Q9P0I2	EMC3_HUMAN	EMC3	ER membrane protein complex subunit 3	323101		128517	2.15222e+06
Q9P0J0	Q9P0J0	NDUAD_HUMAN	NDUFA13	NADH dehydrogenase [ubiquinone] 1 alpha subcomplex subunit 13	209439			4.74095e+06
Q9P0J1	Q9P0J1	PDP1_HUMAN	PDP1	[Pyruvate dehydrogenase [acetyl-transferring]]-phosphatase 1, mitochondrial	1.45103e+06		574633	3.00923e+06
Q9P0J7	Q9P0J7	KCMF1_HUMAN	KCMF1	E3 ubiquitin-protein ligase KCMF1				95864.4
Q9P0K7	Q9P0K7	RAI14_HUMAN	RAI14	Ankycorbin	307591		153598	242031
Q9P0L0	Q9P0L0	VAPA_HUMAN	VAPA	Vesicle-associated membrane protein-associated protein A	4.30393e+06		1.99951e+06	3.46361e+06
Q9P0L2	P27448;Q9P0L2	MARK1_HUMAN	MARK1	Serine/threonine-protein kinase MARK1	264446		224063	325281
Q9P0M6	Q9P0M6	H2AW_HUMAN	MACROH2A2	Core histone macro-H2A.2	281241		163895	187064
Q9P0M9	Q9P0M9	RM27_HUMAN	MRPL27	Large ribosomal subunit protein bL27m				1.46918e+06
Q9P0P0	Q9P0P0	RN181_HUMAN	RNF181	E3 ubiquitin-protein ligase RNF181	1.60097e+06		651734	252440
Q9P0P8	Q9P0P8	MRES1_HUMAN	MTRES1	Mitochondrial transcription rescue factor 1	1.58352e+06		3.74503e+06	2.0324e+06
Q9P0R6	Q9P0R6	GSKIP_HUMAN	GSKIP	GSK3B-interacting protein	662732			74488.6
Q9P0S2	Q9P0S2	COX16_HUMAN	COX16	Cytochrome c oxidase assembly protein COX16 homolog, mitochondrial	220826			49831.7
Q9P0S9	Q9P0S9	TM14C_HUMAN	TMEM14C	Transmembrane protein 14C	529898		586219	6.66713e+06
Q9P0T7	Q9P0T7	TMEM9_HUMAN	TMEM9	Proton-transporting V-type ATPase complex assembly regulator TMEM9	722172			417508
Q9P0V3	Q9P0V3	SH3B4_HUMAN	SH3BP4	SH3 domain-binding protein 4				465084
Q9P0V9	Q9P0V9	SEP10_HUMAN	SEPTIN10	Septin-10	870035		461232	1.48926e+06
Q9P107	Q9P107	GMIP_HUMAN	GMIP	GEM-interacting protein	96612.9			276779
Q9P121	Q9P121	NTRI_HUMAN	NTM	Neurotrimin			152145	
Q9P1F3	Q9P1F3	ABRAL_HUMAN	ABRACL	Costars family protein ABRACL	1.1547e+07		6.61365e+06	6.24602e+06
Q9P1W8	Q9P1W8	SIRPG_HUMAN	SIRPG	Signal-regulatory protein gamma	411945			
Q9P1Y5	Q9P1Y5	CAMP3_HUMAN	CAMSAP3	Calmodulin-regulated spectrin-associated protein 3			528576	130263
Q9P1Z2	Q9P1Z2	CACO1_HUMAN	CALCOCO1	Calcium-binding and coiled-coil domain-containing protein 1				178251
Q9P206	Q9P206	K1522_HUMAN	KIAA1522	Uncharacterized protein KIAA1522	3.42383e+06			
Q9P215	Q9P215	POGK_HUMAN	POGK	Pogo transposable element with KRAB domain				105577
Q9P253	Q9P253	VPS18_HUMAN	VPS18	Vacuolar protein sorting-associated protein 18 homolog				989668
Q9P258	Q9P258	RCC2_HUMAN	RCC2	Protein RCC2	2.77467e+06		3.52729e+06	2.51334e+06
Q9P260	Q9P260	RELCH_HUMAN	RELCH	RAB11-binding protein RELCH				135958
Q9P265	Q9P265	DIP2B_HUMAN	DIP2B	Disco-interacting protein 2 homolog B	3.01972e+06		998488	5.24647e+06
Q9P270	Q9P270	SLAI2_HUMAN	SLAIN2	SLAIN motif-containing protein 2	667629			
Q9P275	Q9P275	UBP36_HUMAN	USP36	Ubiquitin carboxyl-terminal hydrolase 36	307485			100184
Q9P287	Q9P287	BCCIP_HUMAN	BCCIP	BRCA2 and CDKN1A-interacting protein	1.53858e+06		842953	1.01515e+06
Q9P289	Q9P289	STK26_HUMAN	STK26	Serine/threonine-protein kinase 26	181642			569596
Q9P291	Q9P291	ARMX1_HUMAN	ARMCX1	Armadillo repeat-containing X-linked protein 1				213407
Q9P2B2	Q9P2B2	FPRP_HUMAN	PTGFRN	Prostaglandin F2 receptor negative regulator	2.64317e+06		4.20885e+06	2.50647e+06
Q9P2B4	Q9P2B4	CT2NL_HUMAN	CTTNBP2NL	CTTNBP2 N-terminal-like protein	346796			344021
Q9P2D3	Q9P2D3	HTR5B_HUMAN	HEATR5B	HEAT repeat-containing protein 5B	1.13912e+06		2.98276e+06	1.82145e+06
Q9P2E3	Q9P2E3	ZNFX1_HUMAN	ZNFX1	NFX1-type zinc finger-containing protein 1				135549
Q9P2E5	Q9P2E5	CHPF2_HUMAN	CHPF2	Chondroitin sulfate glucuronyltransferase				420432
Q9P2E9	Q9P2E9	RRBP1_HUMAN	RRBP1	Ribosome-binding protein 1	1.52702e+07		1.34961e+07	1.46412e+07
Q9P2I0	Q9P2I0	CPSF2_HUMAN	CPSF2	Cleavage and polyadenylation specificity factor subunit 2				695667
Q9P2J3;Q9P2N7	Q9P2J3;Q9P2N7	KLH13_HUMAN;KLHL9_HUMAN	KLHL13;KLHL9	Kelch-like protein 9				55556.2
Q9P2J5	Q9P2J5	SYLC_HUMAN	LARS1	Leucine--tRNA ligase, cytoplasmic	663448		439923	6.2809e+06
Q9P2K3	Q9P2K3;Q9UKL0	RCOR3_HUMAN	RCOR3	REST corepressor 3	67549.8		152111	158518
Q9P2K5	Q9P2K5	MYEF2_HUMAN	MYEF2	Myelin expression factor 2	280262		340307	560952
Q9P2K6	Q9P2K6	KLH42_HUMAN	KLHL42	Kelch-like protein 42	132010			120249
Q9P2K8	Q9P2K8	E2AK4_HUMAN	EIF2AK4	eIF-2-alpha kinase GCN2				279037
Q9P2M4	Q9P2M4	TBC14_HUMAN	TBC1D14	TBC1 domain family member 14			61283.7	89011.5
Q9P2M7	Q9P2M7	CING_HUMAN	CGN	Cingulin	1.05459e+06		899306	751638
Q9P2N5	Q9P2N5	RBM27_HUMAN	RBM27	RNA-binding protein 27	746939		549515	562076
Q9P2P1	Q9P2P1	NYNRI_HUMAN	NYNRIN	Protein NYNRIN				116155
Q9P2P6	Q9P2P6	STAR9_HUMAN	STARD9	StAR-related lipid transfer protein 9	247343		68871.3	171363
Q9P2R3	Q9P2R3	ANFY1_HUMAN	ANKFY1	Rabankyrin-5				1.3665e+06
Q9P2R7	Q9P2R7	SUCB1_HUMAN	SUCLA2	Succinate--CoA ligase [ADP-forming] subunit beta, mitochondrial	2.4839e+06		1.53781e+06	8.86846e+06
Q9P2T1	Q9P2T1	GMPR2_HUMAN	GMPR2	GMP reductase 2	3.8885e+06		5.26715e+06	2.71727e+06
Q9P2W9	Q9P2W9	STX18_HUMAN	STX18	Syntaxin-18				580146
Q9P2X0	Q9P2X0	DPM3_HUMAN	DPM3	Dolichol-phosphate mannosyltransferase subunit 3	668417			841828
Q9P2X3	Q9P2X3	IMPCT_HUMAN	IMPACT	Protein IMPACT	352954		332978	409064
Q9P2Y5	Q9P2Y5	UVRAG_HUMAN	UVRAG	UV radiation resistance-associated gene protein				82136
Q9UBB4	Q9UBB4	ATX10_HUMAN	ATXN10	Ataxin-10	551557			1.27313e+06
Q9UBB5	Q9UBB5	MBD2_HUMAN	MBD2	Methyl-CpG-binding domain protein 2	754772			504137
Q9UBB6	Q9UBB6	NCDN_HUMAN	NCDN	Neurochondrin				410214
Q9UBB9	Q9UBB9	TFP11_HUMAN	TFIP11	Tuftelin-interacting protein 11	96321.5			201911
Q9UBC2	Q9UBC2	EP15R_HUMAN	EPS15L1	Epidermal growth factor receptor substrate 15-like 1	1.13115e+06		845796	1.66644e+06
Q9UBC5	Q9UBC5	MYO1A_HUMAN	MYO1A	Unconventional myosin-Ia			67429.8	840726
Q9UBC9	Q9UBC9	SPRR3_HUMAN	SPRR3	Small proline-rich protein 3		1.65418e+09		
Q9UBE0	Q9UBE0	SAE1_HUMAN	SAE1	SUMO-activating enzyme subunit 1	5.84792e+06		1.86525e+06	3.55289e+06
Q9UBF2	Q9UBF2	COPG2_HUMAN	COPG2	Coatomer subunit gamma-2				1.0662e+06
Q9UBF8	Q9UBF8	PI4KB_HUMAN	PI4KB	Phosphatidylinositol 4-kinase beta				550512
Q9UBG0	Q9UBG0	MRC2_HUMAN	MRC2	C-type mannose receptor 2	679070		518680	1.40785e+06
Q9UBI1	Q9UBI1	COMD3_HUMAN	COMMD3	COMM domain-containing protein 3	314740		77524	218200
Q9UBI6	Q9UBI6	GBG12_HUMAN	GNG12	Guanine nucleotide-binding protein G(I)/G(S)/G(O) subunit gamma-12	3.53374e+06		760967	705205
Q9UBI9	Q9UBI9	HDC_HUMAN	HECA	Headcase protein homolog				89230.8
Q9UBK7;Q9UNT1	Q9UNT1;Q9UBK7	RBL2A_HUMAN;RBL2B_HUMAN	RABL2A;RABL2B	Rab-like protein 2A	745746		758046	515691
Q9UBK8	Q9UBK8	MTRR_HUMAN	MTRR	Methionine synthase reductase				92332.7
Q9UBK9	Q9UBK9	UXT_HUMAN	UXT	Protein UXT	438650		780095	956085
Q9UBL3	Q9UBL3	ASH2L_HUMAN	ASH2L	Set1/Ash2 histone methyltransferase complex subunit ASH2	359422		306686	538281
Q9UBM7	Q9UBM7	DHCR7_HUMAN	DHCR7	7-dehydrocholesterol reductase	210095		183608	1.31592e+06
Q9UBN4;Q9UL62	Q9UBN4;Q9UL62	TRPC4_HUMAN;TRPC5_HUMAN	TRPC4;TRPC5	Short transient receptor potential channel 4	575497			318683
Q9UBN7	Q9UBN7	HDAC6_HUMAN	HDAC6	Histone deacetylase 6	428221		114760	653966
Q9UBP0	Q9UBP0	SPAST_HUMAN	SPAST	Spastin				164383
Q9UBP6	Q9UBP6	TRMB_HUMAN	METTL1	tRNA (guanine-N(7)-)-methyltransferase	615716		319039	1.00853e+06
Q9UBQ0	Q9UBQ0	VPS29_HUMAN	VPS29	Vacuolar protein sorting-associated protein 29	1.21182e+07		1.46301e+07	7.36214e+06
Q9UBQ5	Q9UBQ5	EIF3K_HUMAN	EIF3K	Eukaryotic translation initiation factor 3 subunit K	588395			1.28563e+06
Q9UBQ6	Q9UBQ6	EXTL2_HUMAN	EXTL2	Exostosin-like 2				125620
Q9UBQ7	Q9UBQ7	GRHPR_HUMAN	GRHPR	Glyoxylate reductase/hydroxypyruvate reductase	2.82732e+06		1.43848e+06	7.12111e+06
Q9UBR2	Q9UBR2	CATZ_HUMAN	CTSZ	Cathepsin Z	2.02788e+07		3.65828e+07	1.19121e+07
Q9UBS0	Q9UBS0	KS6B2_HUMAN	RPS6KB2	Ribosomal protein S6 kinase beta-2				221827
Q9UBS4	Q9UBS4	DJB11_HUMAN	DNAJB11	DnaJ homolog subfamily B member 11	5.35013e+06		4.25653e+06	2.98011e+06
Q9UBS8	Q9UBS8	RNF14_HUMAN	RNF14	E3 ubiquitin-protein ligase RNF14				645465
Q9UBT2	Q9UBT2	SAE2_HUMAN	UBA2	SUMO-activating enzyme subunit 2	3.50367e+06		1.66769e+06	4.58232e+06
Q9UBU6	Q9UBU6	FA8A1_HUMAN	FAM8A1	Protein FAM8A1				459349
Q9UBU8	Q9UBU8	MO4L1_HUMAN	MORF4L1	Mortality factor 4-like protein 1	351580		427646	157935
Q9UBU9	Q9UBU9	NXF1_HUMAN	NXF1	Nuclear RNA export factor 1	676805		567716	1.1019e+06
Q9UBV2	Q9UBV2	SE1L1_HUMAN	SEL1L	Protein sel-1 homolog 1	313658			1.59758e+06
Q9UBV7	Q9UBV7	B4GT7_HUMAN	B4GALT7	Beta-1,4-galactosyltransferase 7	65623.3			202973
Q9UBV8	Q9UBV8	PEF1_HUMAN	PEF1	Peflin	2.9262e+06		1.74107e+06	1.85134e+06
Q9UBW5	Q9UBW5	BIN2_HUMAN	BIN2	Bridging integrator 2	367421		166846	302828
Q9UBW7	Q9UBW7	ZMYM2_HUMAN	ZMYM2	Zinc finger MYM-type protein 2				365434
Q9UBW8	Q9UBW8	CSN7A_HUMAN	COPS7A	COP9 signalosome complex subunit 7a	632431			910873
Q9UBX3	Q9UBX3	DIC_HUMAN	SLC25A10	Mitochondrial dicarboxylate carrier				5.00722e+06
Q9UBX5	Q9UBX5	FBLN5_HUMAN	FBLN5	Fibulin-5	1.59454e+06		1.95914e+06	1.15978e+06
Q9UBX7	Q9UBX7	KLK11_HUMAN	KLK11	Kallikrein-11		8.78157e+08		
Q9UBY8	Q9UBY8	CLN8_HUMAN	CLN8	Protein CLN8				212462
Q9UBY9	Q9UBY9	HSPB7_HUMAN	HSPB7	Heat shock protein beta-7			449014	204910
Q9UD71	Q9UD71	PPR1B_HUMAN	PPP1R1B	Protein phosphatase 1 regulatory subunit 1B	1.23488e+06			323399
Q9UDR5	Q9UDR5	AASS_HUMAN	AASS	Alpha-aminoadipic semialdehyde synthase, mitochondrial				225842
Q9UDT6	Q9UDT6	CLIP2_HUMAN	CLIP2	CAP-Gly domain-containing linker protein 2	3.91722e+06		2.50203e+06	4.05514e+06
Q9UDW1	Q9UDW1	QCR9_HUMAN	UQCR10	Cytochrome b-c1 complex subunit 9	4.49808e+06		2.65649e+06	8.78054e+06
Q9UDX3	Q9UDX3	S14L4_HUMAN	SEC14L4	SEC14-like protein 4			10466.9	44152.3
Q9UDX4	Q9UDX4	S14L3_HUMAN	SEC14L3	SEC14-like protein 3	651874		704820	234570
Q9UDY2	Q9UDY2	ZO2_HUMAN	TJP2	Tight junction protein ZO-2	2.2781e+06		2.37453e+06	3.14693e+06
Q9UDY4	Q9UDY4	DNJB4_HUMAN	DNAJB4	DnaJ homolog subfamily B member 4	244974		373999	278968
Q9UDY8	Q9UDY8	MALT1_HUMAN	MALT1	Mucosa-associated lymphoid tissue lymphoma translocation protein 1			559920	104076
Q9UEE9	Q9UEE9	CFDP1_HUMAN	CFDP1	Craniofacial development protein 1	2.23422e+06		1.4927e+06	337369
Q9UET6	Q9UET6	TRM7_HUMAN	FTSJ1	tRNA (cytidine(32)/guanosine(34)-2'-O)-methyltransferase				176989
Q9UEU0	Q9UEU0	VTI1B_HUMAN	VTI1B	Vesicle transport through interaction with t-SNAREs homolog 1B	1.69992e+06		1.4777e+06	1.19346e+06
Q9UEW8	Q9UEW8	STK39_HUMAN	STK39	STE20/SPS1-related proline-alanine-rich protein kinase	1.58655e+06			2.51865e+06
Q9UEY8	Q9UEY8	ADDG_HUMAN	ADD3	Gamma-adducin	1.08617e+06		1.0411e+06	3.59774e+06
Q9UFC0	Q9UFC0	LRWD1_HUMAN	LRWD1	Leucine-rich repeat and WD repeat-containing protein 1	145199			301144
Q9UFN0	Q9UFN0;Q9BS92	NPS3A_HUMAN	NIPSNAP3A	Protein NipSnap homolog 3A	5.69875e+06		1.02895e+07	5.92067e+06
Q9UFW8	Q9UFW8	CGBP1_HUMAN	CGGBP1	CGG triplet repeat-binding protein 1	1.17046e+06		567195	235972
Q9UG22	Q9UG22	GIMA2_HUMAN	GIMAP2	GTPase IMAP family member 2				83089.8
Q9UG56	Q9UG56	PISD_HUMAN	PISD	Phosphatidylserine decarboxylase proenzyme, mitochondrial				632824
Q9UG63	Q9UG63	ABCF2_HUMAN	ABCF2	ATP-binding cassette sub-family F member 2	3.01174e+06		2.62607e+06	8.40664e+06
Q9UGC7	Q9UGC7	RF1ML_HUMAN	MTRF1L	Peptide chain release factor 1-like, mitochondrial				122199
Q9UGI8	Q9UGI8	TES_HUMAN	TES	Testin	9.77761e+06		7.01693e+06	6.68184e+06
Q9UGJ0	Q9UGJ0	AAKG2_HUMAN	PRKAG2	5'-AMP-activated protein kinase subunit gamma-2				147991
Q9UGK3	Q9UGK3	STAP2_HUMAN	STAP2	Signal-transducing adaptor protein 2	133398			767949
Q9UGM3	Q9UGM3	DMBT1_HUMAN	DMBT1	Deleted in malignant brain tumors 1 protein	2.00953e+06	1.45809e+08	597021	441025
Q9UGM5	Q9UGM5	FETUB_HUMAN	FETUB	Fetuin-B	565471		1.40779e+06	632699
Q9UGM6	Q9UGM6	SYWM_HUMAN	WARS2	Tryptophan--tRNA ligase, mitochondrial	577978		532897	692852
Q9UGN4	Q9UGN4	CLM8_HUMAN	CD300A	CMRF35-like molecule 8	672009		595479	270477
Q9UGP4	Q9UGP4	LIMD1_HUMAN	LIMD1	LIM domain-containing protein 1	337011			
Q9UGP8	Q9UGP8	SEC63_HUMAN	SEC63	Translocation protein SEC63 homolog	107472		549470	1.06158e+06
Q9UGQ2	Q9UGQ2	FLOWR_HUMAN	CACFD1	Calcium channel flower homolog				160839
Q9UGR2	Q9UGR2	Z3H7B_HUMAN	ZC3H7B	Zinc finger CCCH domain-containing protein 7B	56939.5			95879
Q9UGT4	Q9UGT4	SUSD2_HUMAN	SUSD2	Sushi domain-containing protein 2	381129		560430	357331
Q9UGV2	Q9UGV2	NDRG3_HUMAN	NDRG3	Protein NDRG3	359915			919481
Q9UH62	Q9UH62	ARMX3_HUMAN	ARMCX3	Armadillo repeat-containing X-linked protein 3	399245		7.68322e+06	1.06721e+06
Q9UH65	Q9UH65	SWP70_HUMAN	SWAP70	Switch-associated protein 70	749360		588976	1.38026e+06
Q9UH99	Q9UH99	SUN2_HUMAN	SUN2	SUN domain-containing protein 2	168049			423676
Q9UHA4	Q9UHA4	LTOR3_HUMAN	LAMTOR3	Ragulator complex protein LAMTOR3	3.82288e+06		2.47701e+06	3.01052e+06
Q9UHB6	Q9UHB6	LIMA1_HUMAN	LIMA1	LIM domain and actin-binding protein 1	3.97249e+06		2.99236e+06	1.64579e+06
Q9UHB7	Q9UHB7	AFF4_HUMAN	AFF4	AF4/FMR2 family member 4	94051.1		48396.1	170641
Q9UHB9	Q9UHB9	SRP68_HUMAN	SRP68	Signal recognition particle subunit SRP68	557958		338564	991558
Q9UHD1	Q9UHD1	CHRD1_HUMAN	CHORDC1	Cysteine and histidine-rich domain-containing protein 1	3.59687e+06		2.066e+06	2.48624e+06
Q9UHD2	Q9UHD2	TBK1_HUMAN	TBK1	Serine/threonine-protein kinase TBK1				1.08537e+06
Q9UHD8	Q9UHD8	SEPT9_HUMAN	SEPTIN9	Septin-9	1.7953e+06		1.43752e+06	8.20074e+06
Q9UHD9	Q9UHD9	UBQL2_HUMAN	UBQLN2	Ubiquilin-2	2.20373e+06		1.25842e+06	930663
Q9UHG3	Q9UHG3	PCYOX_HUMAN	PCYOX1	Prenylcysteine oxidase 1	3.11943e+06		3.65209e+06	5.75023e+06
Q9UHI6	Q9UHI6	DDX20_HUMAN	DDX20	Probable ATP-dependent RNA helicase DDX20				334818
Q9UHJ6	Q9UHJ6	SHPK_HUMAN	SHPK	Sedoheptulokinase	157237			579555
Q9UHK6	Q9UHK6	AMACR_HUMAN	AMACR	Alpha-methylacyl-CoA racemase	1.58239e+06		2.15253e+06	4.06416e+06
Q9UHL4	Q9UHL4	DPP2_HUMAN	DPP7	Dipeptidyl peptidase 2	2.6637e+06		2.10977e+06	4.23271e+06
Q9UHN6	Q9UHN6	CEIP2_HUMAN	CEMIP2	Inactive cell surface hyaluronidase CEMIP2	813719		986148	996657
Q9UHP3	Q9UHP3	UBP25_HUMAN	USP25	Ubiquitin carboxyl-terminal hydrolase 25				134860
Q9UHQ4	Q9UHQ4	BAP29_HUMAN	BCAP29	B-cell receptor-associated protein 29	40171.3		376713	263703
Q9UHQ9	Q9UHQ9	NB5R1_HUMAN	CYB5R1	NADH-cytochrome b5 reductase 1	2.38197e+06		3.17005e+06	5.37868e+06
Q9UHR4	Q9UHR4	BI2L1_HUMAN	BAIAP2L1	Brain-specific angiogenesis inhibitor 1-associated protein 2-like protein 1	625313		637920	692331
Q9UHR5	Q9UHR5	S30BP_HUMAN	SAP30BP	SAP30-binding protein	1.04443e+06		844459	298388
Q9UHR6	Q9UHR6	ZNHI2_HUMAN	ZNHIT2	Zinc finger HIT domain-containing protein 2				74935.8
Q9UHV9	Q9UHV9	PFD2_HUMAN	PFDN2	Prefoldin subunit 2	9.66409e+06		6.70499e+06	2.42098e+06
Q9UHW9	Q9UHW9	S12A6_HUMAN	SLC12A6	Solute carrier family 12 member 6				169553
Q9UHX1	Q9UHX1	PUF60_HUMAN	PUF60	Poly(U)-binding-splicing factor PUF60	2.92963e+06		2.0059e+06	2.18921e+06
Q9UHY1	Q9UHY1	NRBP_HUMAN	NRBP1	Nuclear receptor-binding protein	204749			623788
Q9UHY7	Q9UHY7	ENOPH_HUMAN	ENOPH1	Enolase-phosphatase E1	1.27438e+06		793471	1.52401e+06
Q9UI08	Q9UI08	EVL_HUMAN	EVL	Ena/VASP-like protein	1.14556e+06		373417	572880
Q9UI09	Q9UI09	NDUAC_HUMAN	NDUFA12	NADH dehydrogenase [ubiquinone] 1 alpha subcomplex subunit 12	415231		1.29755e+06	1.95879e+06
Q9UI10	Q9UI10	EI2BD_HUMAN	EIF2B4	Translation initiation factor eIF-2B subunit delta	289547		114059	629518
Q9UI12	Q9UI12	VATH_HUMAN	ATP6V1H	V-type proton ATPase subunit H	522051		246497	1.66576e+06
Q9UI14	Q9UI14	PRAF1_HUMAN	RABAC1	Prenylated Rab acceptor protein 1	346136			1.34742e+06
Q9UI26	Q9UI26	IPO11_HUMAN	IPO11	Importin-11				269519
Q9UI30	Q9UI30	TR112_HUMAN	TRMT112	Multifunctional methyltransferase subunit TRM112-like protein	2.8846e+06		1.22921e+06	1.16909e+06
Q9UI32	Q9UI32	GLSL_HUMAN	GLS2	Glutaminase liver isoform, mitochondrial	1.14057e+06	1.68991e+08	4.79261e+06	2.77442e+06
Q9UI33	Q9UI33	SCNBA_HUMAN	SCN11A	Sodium channel protein type 11 subunit alpha	625845		332210	831313
Q9UI36	Q9UI36	DACH1_HUMAN	DACH1	Dachshund homolog 1	514387			671866
Q9UI42	Q9UI42	CBPA4_HUMAN	CPA4	Carboxypeptidase A4			489806	175544
Q9UIA9	Q9UIA9	XPO7_HUMAN	XPO7	Exportin-7	625937		212399	2.28591e+06
Q9UIB8	Q9UIB8	SLAF5_HUMAN	CD84	SLAM family member 5				336987
Q9UIC8	Q9UIC8	LCMT1_HUMAN	LCMT1	Leucine carboxyl methyltransferase 1	533366		734818	1.10801e+06
Q9UID3	Q9UID3	VPS51_HUMAN	VPS51	Vacuolar protein sorting-associated protein 51 homolog				744221
Q9UIG0	Q9UIG0	BAZ1B_HUMAN	BAZ1B	Tyrosine-protein kinase BAZ1B	304950		182544	517157
Q9UII2	Q9UII2	ATIF1_HUMAN	ATP5IF1	ATPase inhibitor, mitochondrial	1.04967e+07		1.40176e+07	5.03542e+06
Q9UIJ7	Q9UIJ7	KAD3_HUMAN	AK3	GTP:AMP phosphotransferase AK3, mitochondrial	1.55426e+06		883311	1.3068e+07
Q9UIK4	Q9UIK4	DAPK2_HUMAN	DAPK2	Death-associated protein kinase 2				228177
Q9UIL1	Q9UIL1	SCOC_HUMAN	SCOC	Short coiled-coil protein	297487			
Q9UIQ6	Q9UIQ6	LCAP_HUMAN	LNPEP	Leucyl-cystinyl aminopeptidase	1.21224e+06		538873	3.35515e+06
Q9UIV1	Q9UIV1	CNOT7_HUMAN	CNOT7	CCR4-NOT transcription complex subunit 7				467926
Q9UIW2	Q9UIW2	PLXA1_HUMAN	PLXNA1	Plexin-A1				879152
Q9UJ14	Q9UJ14	GGT7_HUMAN	GGT7	Glutathione hydrolase 7				42649.4
Q9UJ41	Q9UJ41	RABX5_HUMAN	RABGEF1	Rab5 GDP/GTP exchange factor	177990			580530
Q9UJ68	Q9UJ68	MSRA_HUMAN	MSRA	Mitochondrial peptide methionine sulfoxide reductase	1.57327e+06		2.31189e+06	980805
Q9UJ70	Q9UJ70	NAGK_HUMAN	NAGK	N-acetyl-D-glucosamine kinase	4.10269e+06		3.0456e+06	5.30688e+06
Q9UJ83	Q9UJ83	HACL1_HUMAN	HACL1	2-hydroxyacyl-CoA lyase 1			158593	267468
Q9UJA2	Q9UJA2	CRLS1_HUMAN	CRLS1	Cardiolipin synthase (CMP-forming)				295207
Q9UJA5	Q9UJA5	TRM6_HUMAN	TRMT6	tRNA (adenine(58)-N(1))-methyltransferase non-catalytic subunit TRM6	1.31655e+06		1.36309e+06	1.27595e+06
Q9UJA9	Q9UJA9	ENPP5_HUMAN	ENPP5	Ectonucleotide pyrophosphatase/phosphodiesterase family member 5	285989		341029	100030
Q9UJC3	Q9UJC3	HOOK1_HUMAN	HOOK1	Protein Hook homolog 1	231226			512263
Q9UJC5	Q9UJC5	SH3L2_HUMAN	SH3BGRL2	SH3 domain-binding glutamic acid-rich-like protein 2	3.34569e+06		4.22317e+06	2.30381e+06
Q9UJF2	Q9UJF2	NGAP_HUMAN	RASAL2	Ras GTPase-activating protein nGAP				26430.6
Q9UJJ9	Q9UJJ9	GNPTG_HUMAN	GNPTG	N-acetylglucosamine-1-phosphotransferase subunit gamma	684378			1.07428e+06
Q9UJK0	Q9UJK0	TSR3_HUMAN	TSR3	18S rRNA aminocarboxypropyltransferase	405465		354543	627362
Q9UJS0	Q9UJS0	S2513_HUMAN	SLC25A13	Electrogenic aspartate/glutamate antiporter SLC25A13, mitochondrial				5.12813e+06
Q9UJU6	Q9UJU6	DBNL_HUMAN	DBNL	Drebrin-like protein	5.76286e+06		3.33515e+06	3.07878e+06
Q9UJV9	Q9UJV9	DDX41_HUMAN	DDX41	Probable ATP-dependent RNA helicase DDX41	32592.3			33970.1
Q9UJW0	Q9UJW0	DCTN4_HUMAN	DCTN4	Dynactin subunit 4	347103		276322	1.01517e+06
Q9UJX2	Q9UJX2	CDC23_HUMAN	CDC23	Cell division cycle protein 23 homolog	103662			657436
Q9UJX3	Q9UJX3	APC7_HUMAN	ANAPC7	Anaphase-promoting complex subunit 7				387036
Q9UJX4	Q9UJX4	APC5_HUMAN	ANAPC5	Anaphase-promoting complex subunit 5				407988
Q9UJX5	Q9UJX5	APC4_HUMAN	ANAPC4	Anaphase-promoting complex subunit 4	831331			281366
Q9UJX6	Q9UJX6	ANC2_HUMAN	ANAPC2	Anaphase-promoting complex subunit 2				385258
Q9UJY5	Q9UJY5	GGA1_HUMAN	GGA1	ADP-ribosylation factor-binding protein GGA1	456901		585695	1.08787e+06
Q9UJZ1	Q9UJZ1	STML2_HUMAN	STOML2	Stomatin-like protein 2, mitochondrial	1.20477e+06			5.73887e+06
Q9UK23	Q9UK23	NAGPA_HUMAN	NAGPA	N-acetylglucosamine-1-phosphodiester alpha-N-acetylglucosaminidase	281142		228898	274635
Q9UK41	Q9UK41	VPS28_HUMAN	VPS28	Vacuolar protein sorting-associated protein 28 homolog	1.12921e+06		714615	755652
Q9UK45	Q9UK45	LSM7_HUMAN	LSM7	U6 snRNA-associated Sm-like protein LSm7	2.12808e+07		1.61233e+07	6.39165e+06
Q9UK55	Q9UK55	ZPI_HUMAN	SERPINA10	Protein Z-dependent protease inhibitor			184456	171461
Q9UK59	Q9UK59	DBR1_HUMAN	DBR1	Lariat debranching enzyme	161484			394809
Q9UK61	Q9UK61	TASOR_HUMAN	TASOR	Protein TASOR				162953
Q9UK73	Q9UK73	FEM1B_HUMAN	FEM1B	Protein fem-1 homolog B				208632
Q9UK76	Q9UK76	JUPI1_HUMAN	JPT1	Jupiter microtubule associated homolog 1	5.50763e+06		1.47663e+06	136166
Q9UKA2	Q9UKA2	FBXL4_HUMAN	FBXL4	F-box/LRR-repeat protein 4				624017
Q9UKA9	Q9UKA9	PTBP2_HUMAN	PTBP2	Polypyrimidine tract-binding protein 2	1.14276e+07		7.29116e+06	7.12624e+06
Q9UKB1;Q9Y297	Q9UKB1;Q9Y297	FBW1A_HUMAN;FBW1B_HUMAN	BTRC;FBXW11	F-box/WD repeat-containing protein 11				71478.9
Q9UKB3	Q9UKB3	DJC12_HUMAN	DNAJC12	DnaJ homolog subfamily C member 12	75221.2			
Q9UKD2	Q9UKD2	MRT4_HUMAN	MRTO4	mRNA turnover protein 4 homolog	382646		275468	541016
Q9UKF6	Q9UKF6	CPSF3_HUMAN	CPSF3	Cleavage and polyadenylation specificity factor subunit 3	207539			738251
Q9UKF7	Q9UKF7	PITC1_HUMAN	PITPNC1	Cytoplasmic phosphatidylinositol transfer protein 1	334375		275008	423241
Q9UKG1	Q9UKG1	DP13A_HUMAN	APPL1	DCC-interacting protein 13-alpha	1.8394e+06		996576	2.91606e+06
Q9UKG9	Q9UKG9	OCTC_HUMAN	CROT	Peroxisomal carnitine O-octanoyltransferase				561306
Q9UKI8	Q86UE8;Q9UKI8	TLK1_HUMAN	TLK1	Serine/threonine-protein kinase tousled-like 1				44160.9
Q9UKK3	Q9UKK3	PARP4_HUMAN	PARP4	Protein mono-ADP-ribosyltransferase PARP4	347052		175013	1.98073e+06
Q9UKK9	Q9UKK9	NUDT5_HUMAN	NUDT5	ADP-sugar pyrophosphatase	1.12892e+07		1.05002e+07	4.171e+06
Q9UKL0	Q9UKL0	RCOR1_HUMAN	RCOR1	REST corepressor 1	255497		236679	230808
Q9UKL6	Q9UKL6	PPCT_HUMAN	PCTP	Phosphatidylcholine transfer protein	1.69834e+06		1.87855e+06	1.81542e+06
Q9UKM7	Q9UKM7	MA1B1_HUMAN	MAN1B1	Endoplasmic reticulum mannosyl-oligosaccharide 1,2-alpha-mannosidase				499549
Q9UKM9	Q9UKM9	RALY_HUMAN	RALY	RNA-binding protein Raly	9.51724e+06		9.73891e+06	6.30472e+06
Q9UKN1	Q9UKN1	MUC12_HUMAN	MUC12	Mucin-12	445041		781091	236433
Q9UKN8	Q9UKN8	TF3C4_HUMAN	GTF3C4	General transcription factor 3C polypeptide 4	43634.5			353939
Q9UKR5	Q9UKR5	ERG28_HUMAN	ERG28	Ergosterol biosynthetic protein 28 homolog	2.10333e+06			1.50941e+06
Q9UKS6	Q9UKS6	PACN3_HUMAN	PACSIN3	Protein kinase C and casein kinase substrate in neurons protein 3			351578	339563
Q9UKU7	Q9UKU7	ACAD8_HUMAN	ACAD8	Isobutyryl-CoA dehydrogenase, mitochondrial				1.06437e+06
Q9UKU9	Q9UKU9	ANGL2_HUMAN	ANGPTL2	Angiopoietin-related protein 2	512510		117513	12995.1
Q9UKV3	Q9UKV3	ACINU_HUMAN	ACIN1	Apoptotic chromatin condensation inducer in the nucleus	1.4115e+06		1.11611e+06	1.26866e+06
Q9UKV5	Q9UKV5	AMFR_HUMAN	AMFR	E3 ubiquitin-protein ligase AMFR				133890
Q9UKV8	Q9H9G7;Q9UKV8	AGO2_HUMAN	AGO2	Protein argonaute-2	342149		196517	772714
Q9UKX5	Q9UKX5	ITA11_HUMAN	ITGA11	Integrin alpha-11				144945
Q9UKX7	Q9UKX7	NUP50_HUMAN	NUP50	Nuclear pore complex protein Nup50	1.35798e+06		528056	911203
Q9UKY3	Q9UKY3	CES1P_HUMAN	CES1P1	Putative inactive carboxylesterase 4	392491		1.07874e+06	2.62377e+06
Q9UKY7	Q9UKY7	CDV3_HUMAN	CDV3	Protein CDV3 homolog	1.32162e+07		3.24162e+06	1.94896e+06
Q9UKZ1	Q9UKZ1	CNO11_HUMAN	CNOT11	CCR4-NOT transcription complex subunit 11	149323			210116
Q9UL03	Q9UL03	INT6_HUMAN	INTS6	Integrator complex subunit 6			99287.9	281337
Q9UL12	Q9UL12	SARDH_HUMAN	SARDH	Sarcosine dehydrogenase, mitochondrial				218152
Q9UL15	Q9UL15	BAG5_HUMAN	BAG5	BAG family molecular chaperone regulator 5	585071		376558	654123
Q9UL16	O14782;Q9UL16	CFA45_HUMAN	CFAP45	Cilia- and flagella-associated protein 45	515637		2.81632e+06	
Q9UL18	Q9H9G7;Q9UKV8;Q9UL18	AGO1_HUMAN	AGO1	Protein argonaute-1	1.06254e+06		812024	1.11097e+06
Q9UL25	Q9UL25	RAB21_HUMAN	RAB21	Ras-related protein Rab-21	5.23454e+06		5.69814e+06	2.84173e+06
Q9UL26	Q13636;Q9UL26	RB22A_HUMAN	RAB22A	Ras-related protein Rab-22A	2.92015e+06		3.84337e+06	1.81167e+06
Q9UL33	Q9UL33	TPC2L_HUMAN	TRAPPC2L	Trafficking protein particle complex subunit 2-like protein	132503			416332
Q9UL40	Q9UL40	ZN346_HUMAN	ZNF346	Zinc finger protein 346	127360			
Q9UL45	Q9UL45	BL1S6_HUMAN	BLOC1S6	Biogenesis of lysosome-related organelles complex 1 subunit 6	511784		263314	220070
Q9UL46	Q9UL46	PSME2_HUMAN	PSME2	Proteasome activator complex subunit 2	1.88126e+07		4.32059e+06	8.07903e+06
Q9UL63	Q9UL63	MKLN1_HUMAN	MKLN1	Muskelin	48078.3		27830.7	54433.1
Q9ULA0	Q9ULA0	DNPEP_HUMAN	DNPEP	Aspartyl aminopeptidase	2.44346e+06		4.02928e+06	7.19558e+06
Q9ULC3	Q9ULC3	RAB23_HUMAN	RAB23	Ras-related protein Rab-23	2.86204e+06		3.06767e+06	2.65067e+06
Q9ULC4	Q9ULC4;A0A3B3IRV3	MCTS1_HUMAN	MCTS1	Malignant T-cell-amplified sequence 1	4.24084e+06		4.83269e+06	4.86757e+06
Q9ULC5	Q9ULC5	ACSL5_HUMAN	ACSL5	Long-chain-fatty-acid--CoA ligase 5	556804		445733	7.01718e+06
Q9ULE0	Q9ULE0	WWC3_HUMAN	WWC3	Protein WWC3	57249.2		207516	
Q9ULE6	Q9ULE6	PALD_HUMAN	PALD1	Paladin				823520
Q9ULF5	Q9ULF5	S39AA_HUMAN	SLC39A10	Zinc transporter ZIP10	117731		25244.2	54617.8
Q9ULG6	Q9ULG6	CCPG1_HUMAN	CCPG1	Cell cycle progression protein 1				129623
Q9ULH0	Q9ULH0	KDIS_HUMAN	KIDINS220	Kinase D-interacting substrate of 220 kDa				74243.2
Q9ULH1	Q9ULH1	ASAP1_HUMAN	ASAP1	Arf-GAP with SH3 domain, ANK repeat and PH domain-containing protein 1	230539			262099
Q9ULJ6	Q9ULJ6	ZMIZ1_HUMAN	ZMIZ1	Zinc finger MIZ domain-containing protein 1	429005		143829	469610
Q9ULK4	Q9ULK4	MED23_HUMAN	MED23	Mediator of RNA polymerase II transcription subunit 23				366858
Q9ULP9	Q9ULP9	TBC24_HUMAN	TBC1D24	TBC1 domain family member 24	143908			324544
Q9ULQ1	Q9ULQ1	TPC1_HUMAN	TPCN1	Two pore channel protein 1	1.157e+06			110841
Q9ULR0	Q9ULR0	ISY1_HUMAN	ISY1	Pre-mRNA-splicing factor ISY1 homolog	872784			420089
Q9ULR3	Q9ULR3	PPM1H_HUMAN	PPM1H	Protein phosphatase 1H	417283		645050	630607
Q9ULT8	Q9ULT8	HECD1_HUMAN	HECTD1	E3 ubiquitin-protein ligase HECTD1				380758
Q9ULU4	Q9ULU4	ZMYD8_HUMAN	ZMYND8	MYND-type zinc finger-containing chromatin reader ZMYND8				78398.2
Q9ULU8	Q9ULU8	CAPS1_HUMAN	CADPS	Calcium-dependent secretion activator 1				1.45305e+06
Q9ULV0	Q9ULV0	MYO5B_HUMAN	MYO5B	Unconventional myosin-Vb				642176
Q9ULV4	Q9ULV4	COR1C_HUMAN	CORO1C	Coronin-1C	629873		734545	4.72061e+06
Q9ULX3	Q9ULX3	NOB1_HUMAN	NOB1	RNA-binding protein NOB1	140635			389900
Q9ULZ3	Q9ULZ3	ASC_HUMAN	PYCARD	Apoptosis-associated speck-like protein containing a CARD	1.42325e+07		6.48942e+06	2.87741e+06
Q9UM00	Q9UM00	TMCO1_HUMAN	TMCO1	Calcium load-activated calcium channel	4.44978e+06		1.2099e+06	6.81933e+06
Q9UM07	Q9UM07	PADI4_HUMAN	PADI4	Protein-arginine deiminase type-4	1.00668e+06		1.00621e+06	1.27576e+06
Q9UM13	Q9UM13	APC10_HUMAN	ANAPC10	Anaphase-promoting complex subunit 10	214574			
Q9UM22	Q9UM22	EPDR1_HUMAN	EPDR1	Mammalian ependymin-related protein 1	3.39352e+06		5.087e+06	3.10881e+06
Q9UM54	Q9UM54	MYO6_HUMAN	MYO6	Unconventional myosin-VI	1.12466e+06		636501	3.16685e+06
Q9UMD9	Q9UMD9	COHA1_HUMAN	COL17A1	Collagen alpha-1(XVII) chain	659504		786064	1.02183e+06
Q9UMR2	Q9NUU7;Q9UMR2	DD19B_HUMAN	DDX19B	ATP-dependent RNA helicase DDX19B	1.27286e+06		506669	3.06918e+06
Q9UMR5	Q9UMR5	PPT2_HUMAN	PPT2	Lysosomal thioesterase PPT2	246927		377497	430028
Q9UMS0	Q9UMS0	NFU1_HUMAN	NFU1	NFU1 iron-sulfur cluster scaffold homolog, mitochondrial	828578		228249	415871
Q9UMS4	Q9UMS4	PRP19_HUMAN	PRPF19	Pre-mRNA-processing factor 19	7.35717e+06		4.7254e+06	8.19075e+06
Q9UMS6	Q9UMS6	SYNP2_HUMAN	SYNPO2	Synaptopodin-2	1.57587e+06		1.21975e+06	958800
Q9UMX0	Q9UMX0	UBQL1_HUMAN	UBQLN1	Ubiquilin-1	5.97322e+06		4.03065e+06	2.26517e+06
Q9UMX3	Q9UMX3	BOK_HUMAN	BOK	Bcl-2-related ovarian killer protein				101852
Q9UMX5	Q9UMX5	NENF_HUMAN	NENF	Neudesin	2.94866e+06		2.50012e+06	833476
Q9UMY1	Q9UMY1	NOL7_HUMAN	NOL7	Nucleolar protein 7	633562		421424	248156
Q9UMY4	Q9UMY4	SNX12_HUMAN	SNX12	Sorting nexin-12	3.31153e+06		2.44069e+06	5.18769e+06
Q9UN36	Q9UN36	NDRG2_HUMAN	NDRG2	Protein NDRG2	359999		227286	795595
Q9UN37	Q9UN37	VPS4A_HUMAN	VPS4A	Vacuolar protein sorting-associated protein 4A	1.10504e+06		409186	1.61529e+06
Q9UN76	Q9UN76	S6A14_HUMAN	SLC6A14	Sodium- and chloride-dependent neutral and basic amino acid transporter B(0+)				86889
Q9UN81	Q9UN81	LORF1_HUMAN	L1RE1	LINE-1 retrotransposable element ORF1 protein				540913
Q9UN86	Q9UN86	G3BP2_HUMAN	G3BP2	Ras GTPase-activating protein-binding protein 2	892587		1.0581e+06	2.1315e+06
Q9UNA1	Q9UNA1	RHG26_HUMAN	ARHGAP26	Rho GTPase-activating protein 26				225893
Q9UNE7	Q9UNE7	CHIP_HUMAN	STUB1	E3 ubiquitin-protein ligase CHIP	883120		497598	1.13527e+06
Q9UNF0	Q9UNF0	PACN2_HUMAN	PACSIN2	Protein kinase C and casein kinase substrate in neurons protein 2	2.89961e+06		1.36624e+06	1.92962e+06
Q9UNF1	Q9UNF1	MAGD2_HUMAN	MAGED2	Melanoma-associated antigen D2	701321		388372	1.27465e+06
Q9UNH6	Q9UNH6	SNX7_HUMAN	SNX7	Sorting nexin-7	364917		200680	484542
Q9UNH7	Q9UNH7	SNX6_HUMAN	SNX6	Sorting nexin-6	1.01739e+06		545324	1.71685e+06
Q9UNI6	Q9UNI6	DUS12_HUMAN	DUSP12	Dual specificity protein phosphatase 12				107013
Q9UNK0	Q9UNK0	STX8_HUMAN	STX8	Syntaxin-8	1.13723e+06		498342	498878
Q9UNL2	Q9UNL2	SSRG_HUMAN	SSR3	Translocon-associated protein subunit gamma	2.66119e+06		954860	3.75028e+06
Q9UNM6	Q9UNM6	PSD13_HUMAN	PSMD13	26S proteasome non-ATPase regulatory subunit 13	1.67664e+06		575230	3.70963e+06
Q9UNN5	Q9UNN5	FAF1_HUMAN	FAF1	FAS-associated factor 1	619175		287939	1.04241e+06
Q9UNN8	Q9UNN8	EPCR_HUMAN	PROCR	Endothelial protein C receptor	4.66784e+06		6.32965e+06	3.3824e+06
Q9UNP9	Q9UNP9	PPIE_HUMAN	PPIE	Peptidyl-prolyl cis-trans isomerase E	1.50449e+06		1.31923e+06	1.15292e+06
Q9UNQ2	Q9UNQ2	DIM1_HUMAN	DIMT1	Probable dimethyladenosine transferase	856952		500486	1.25318e+06
Q9UNS2	Q9UNS2	CSN3_HUMAN	COPS3	COP9 signalosome complex subunit 3	747716		544598	1.73637e+06
Q9UNW1	Q9UNW1	MINP1_HUMAN	MINPP1	Multiple inositol polyphosphate phosphatase 1	470063		306458	414160
Q9UNX4	Q9UNX4	WDR3_HUMAN	WDR3	WD repeat-containing protein 3	255032		119054	191536
Q9UNY4	Q9UNY4	TTF2_HUMAN	TTF2	Transcription termination factor 2	37960.2			101215
Q9UNZ2	Q9UNZ2	NSF1C_HUMAN	NSFL1C	NSFL1 cofactor p47	9.25029e+06		5.78852e+06	4.91799e+06
Q9UNZ5	Q9UNZ5	L10K_HUMAN	C19orf53	Leydig cell tumor 10 kDa protein homolog	851070		129316	
Q9UP83	Q9UP83	COG5_HUMAN	COG5	Conserved oligomeric Golgi complex subunit 5				899891
Q9UP95	Q9UHW9;Q9UP95	S12A4_HUMAN	SLC12A4	Solute carrier family 12 member 4	718378		126951	1.50298e+06
Q9UPN3	Q9UPN3	MACF1_HUMAN	MACF1	Microtubule-actin cross-linking factor 1, isoforms 1/2/3/4/5	481651		272027	1.68711e+06
Q9UPN7	Q9UPN7	PP6R1_HUMAN	PPP6R1	Serine/threonine-protein phosphatase 6 regulatory subunit 1				547745
Q9UPN9	Q9UPN9	TRI33_HUMAN	TRIM33	E3 ubiquitin-protein ligase TRIM33	56378.7			211329
Q9UPP1	Q9UPP1	PHF8_HUMAN	PHF8	Histone lysine demethylase PHF8				255492
Q9UPQ3	Q9UPQ3	AGAP1_HUMAN	AGAP1	Arf-GAP with GTPase, ANK repeat and PH domain-containing protein 1				244495
Q9UPQ8	Q9UPQ8	DOLK_HUMAN	DOLK	Dolichol kinase				161528
Q9UPQ9	Q9UPQ9	TNR6B_HUMAN	TNRC6B	Trinucleotide repeat-containing gene 6B protein	190975		205948	60352.8
Q9UPR3	Q9UPR3	SMG5_HUMAN	SMG5	Nonsense-mediated mRNA decay factor SMG5				191912
Q9UPT5	Q9UPT5	EXOC7_HUMAN	EXOC7	Exocyst complex component 7	186324		147713	485838
Q9UPT8	Q9UPT8	ZC3H4_HUMAN	ZC3H4	Zinc finger CCCH domain-containing protein 4	706019		212636	154342
Q9UPU5	Q9UPU5	UBP24_HUMAN	USP24	Ubiquitin carboxyl-terminal hydrolase 24				404305
Q9UPU7	Q9UPU7	TBD2B_HUMAN	TBC1D2B	TBC1 domain family member 2B				563919
Q9UPW6	Q01826;Q9UPW6	SATB2_HUMAN	SATB2	DNA-binding protein SATB2	381001		207341	203526
Q9UPY3	Q9UPY3	DICER_HUMAN	DICER1	Endoribonuclease Dicer				178974
Q9UPY8	Q9UPY8	MARE3_HUMAN	MAPRE3	Microtubule-associated protein RP/EB family member 3	1.19576e+06		2.19191e+06	1.49935e+06
Q9UPZ3	Q9UPZ3	HPS5_HUMAN	HPS5	BLOC-2 complex member HPS5				74734.7
Q9UQ13	Q9UQ13	SHOC2_HUMAN	SHOC2	Leucine-rich repeat protein SHOC-2				703873
Q9UQ16	Q9UQ16	DYN3_HUMAN	DNM3	Dynamin-3	2.82273e+06		1.12316e+06	1.63395e+07
Q9UQ35	Q9UQ35	SRRM2_HUMAN	SRRM2	Serine/arginine repetitive matrix protein 2	759970		346293	597554
Q9UQ80	Q9UQ80	PA2G4_HUMAN	PA2G4	Proliferation-associated protein 2G4	1.74042e+07		1.16508e+07	5.84017e+06
Q9UQ90	Q9UQ90	SPG7_HUMAN	SPG7	Paraplegin				370867
Q9UQB8	Q9UQB8	BAIP2_HUMAN	BAIAP2	Brain-specific angiogenesis inhibitor 1-associated protein 2	281779		406623	387018
Q9UQE7	Q9UQE7	SMC3_HUMAN	SMC3	Structural maintenance of chromosomes protein 3	979722		546815	1.32466e+06
Q9UQN3	Q9UQN3	CHM2B_HUMAN	CHMP2B	Charged multivesicular body protein 2b	1.79943e+06		450898	732753
Q9Y217	Q9Y217	MTMR6_HUMAN	MTMR6	Myotubularin-related protein 6	1.73243e+06			275770
Q9Y221	Q9Y221	NIP7_HUMAN	NIP7	60S ribosome subunit biogenesis protein NIP7 homolog	770145		776425	717129
Q9Y223	Q9Y223	GLCNE_HUMAN	GNE	Bifunctional UDP-N-acetylglucosamine 2-epimerase/N-acetylmannosamine kinase			240956	1.35469e+06
Q9Y224	Q9Y224	RTRAF_HUMAN	RTRAF	RNA transcription, translation and transport factor protein	5.45437e+06		3.21144e+06	1.56552e+06
Q9Y227	Q9Y227	ENTP4_HUMAN	ENTPD4	Ectonucleoside triphosphate diphosphohydrolase 4				72324.6
Q9Y228	Q9Y228	T3JAM_HUMAN	TRAF3IP3	TRAF3-interacting JNK-activating modulator	236595			57283.8
Q9Y230	Q9Y230	RUVB2_HUMAN	RUVBL2	RuvB-like 2	4.74644e+06		1.64783e+06	6.11037e+06
Q9Y232	Q9Y232	CDYL_HUMAN	CDYL	Chromodomain Y-like protein				152903
Q9Y237	Q9Y237	PIN4_HUMAN	PIN4	Peptidyl-prolyl cis-trans isomerase NIMA-interacting 4	2.4726e+06		2.18995e+06	1.55249e+06
Q9Y240	Q9Y240	CLC11_HUMAN	CLEC11A	C-type lectin domain family 11 member A				27075.5
Q9Y243	Q9Y243	AKT3_HUMAN	AKT3	RAC-gamma serine/threonine-protein kinase				46141.5
Q9Y247	Q9Y247	FA50B_HUMAN	FAM50B	Protein FAM50B				164289
Q9Y248	Q9Y248	PSF2_HUMAN	GINS2	DNA replication complex GINS protein PSF2	590313			
Q9Y256	Q9Y256	FACE2_HUMAN	RCE1	CAAX prenyl protease 2				419134
Q9Y259	Q9Y259	CHKB_HUMAN	CHKB	Choline/ethanolamine kinase	541315		332651	396720
Q9Y262	Q9Y262	EIF3L_HUMAN	EIF3L	Eukaryotic translation initiation factor 3 subunit L	618542		215604	4.32702e+06
Q9Y263	Q9Y263	PLAP_HUMAN	PLAA	Phospholipase A-2-activating protein	357270		322290	2.0629e+06
Q9Y265	Q9Y265	RUVB1_HUMAN	RUVBL1	RuvB-like 1	3.25602e+06		1.9461e+06	4.14955e+06
Q9Y266	Q9Y266	NUDC_HUMAN	NUDC	Nuclear migration protein nudC	6.24226e+06		5.31631e+06	2.05106e+06
Q9Y276	Q9Y276	BCS1_HUMAN	BCS1L	Mitochondrial chaperone BCS1				785075
Q9Y277	Q9Y277	VDAC3_HUMAN	VDAC3	Voltage-dependent anion-selective channel protein 3	4.49522e+07		2.27247e+07	2.3384e+07
Q9Y279	Q9Y279	VSIG4_HUMAN	VSIG4	V-set and immunoglobulin domain-containing protein 4			178613	274438
Q9Y281	Q9Y281	COF2_HUMAN	CFL2	Cofilin-2	926844		647559	769710
Q9Y282	Q9Y282	ERGI3_HUMAN	ERGIC3	Endoplasmic reticulum-Golgi intermediate compartment protein 3	1.34171e+06		675994	1.65981e+06
Q9Y285	Q9Y285	SYFA_HUMAN	FARSA	Phenylalanine--tRNA ligase alpha subunit	1.55219e+06		1.73533e+06	4.64794e+06
Q9Y286	Q9Y286	SIGL7_HUMAN	SIGLEC7	Sialic acid-binding Ig-like lectin 7	497648		667782	1503.32
Q9Y287	Q9Y287	ITM2B_HUMAN	ITM2B	Integral membrane protein 2B	179534		158176	261251
Q9Y289	Q9Y289	SC5A6_HUMAN	SLC5A6	Sodium-dependent multivitamin transporter				412892
Q9Y291	Q9Y291	RT33_HUMAN	MRPS33	Small ribosomal subunit protein mS33	216607			1.01881e+06
Q9Y294	Q9NVP2;Q9Y294	ASF1A_HUMAN	ASF1A	Histone chaperone ASF1A	1.26364e+06		714184	659923
Q9Y295	Q9Y295	DRG1_HUMAN	DRG1	Developmentally-regulated GTP-binding protein 1	4.35408e+06		4.24155e+06	2.80731e+06
Q9Y296	Q9Y296	TPPC4_HUMAN	TRAPPC4	Trafficking protein particle complex subunit 4	501859		311146	1.15191e+06
Q9Y2A7	Q9Y2A7	NCKP1_HUMAN	NCKAP1	Nck-associated protein 1			327274	1.41038e+06
Q9Y2A9	Q9Y2A9	B3GN3_HUMAN	B3GNT3	N-acetyllactosaminide beta-1,3-N-acetylglucosaminyltransferase 3	305494			1.32713e+06
Q9Y2B0	Q9Y2B0	CNPY2_HUMAN	CNPY2	Protein canopy homolog 2	1.06752e+07		1.04155e+07	5.8698e+06
Q9Y2C3	Q9Y2C3	B3GT5_HUMAN	B3GALT5	Beta-1,3-galactosyltransferase 5	148621		92993.8	246326
Q9Y2C4	Q9Y2C4	EXOG_HUMAN	EXOG	Nuclease EXOG, mitochondrial			220729	253005
Q9Y2D0	Q9Y2D0	CAH5B_HUMAN	CA5B	Carbonic anhydrase 5B, mitochondrial	244337		159414	321783
Q9Y2D2	P78381;Q9Y2D2	S35A3_HUMAN	SLC35A3	UDP-N-acetylglucosamine transporter				603843
Q9Y2D4	Q9Y2D4	EXC6B_HUMAN	EXOC6B	Exocyst complex component 6B				73284
Q9Y2D5	Q9Y2D5	AKAP2_HUMAN	AKAP2	A-kinase anchor protein 2	1.72931e+06		554607	631448
Q9Y2E5	Q9Y2E5	MA2B2_HUMAN	MAN2B2	Epididymis-specific alpha-mannosidase	549591		903914	341385
Q9Y2G3	Q9Y2G3	AT11B_HUMAN	ATP11B	Phospholipid-transporting ATPase IF				231611
Q9Y2G5	Q9Y2G5	OFUT2_HUMAN	POFUT2	GDP-fucose protein O-fucosyltransferase 2				478425
Q9Y2H0	Q9Y2H0	DLGP4_HUMAN	DLGAP4	Disks large-associated protein 4	3.39181e+06		835324	1.50297e+06
Q9Y2H1	Q9Y2H1	ST38L_HUMAN	STK38L	Serine/threonine-protein kinase 38-like				454502
Q9Y2H5	Q9Y2H5	PKHA6_HUMAN	PLEKHA6	Pleckstrin homology domain-containing family A member 6	1.38424e+06		1.17484e+06	1.42736e+06
Q9Y2H6	Q9Y2H6	FND3A_HUMAN	FNDC3A	Fibronectin type-III domain-containing protein 3A	589203		456105	845056
Q9Y2I1	Q9Y2I1	NISCH_HUMAN	NISCH	Nischarin				171399
Q9Y2I7	Q9Y2I7	FYV1_HUMAN	PIKFYVE	1-phosphatidylinositol 3-phosphate 5-kinase				25706.2
Q9Y2I8	Q9Y2I8	WDR37_HUMAN	WDR37	WD repeat-containing protein 37	117598		90412.8	366041
Q9Y2J2	Q9Y2J2	E41L3_HUMAN	EPB41L3	Band 4.1-like protein 3	321478		202076	286149
Q9Y2J8	Q9Y2J8	PADI2_HUMAN	PADI2	Protein-arginine deiminase type-2	984340		1.38334e+06	333973
Q9Y2K7	Q9Y2K7	KDM2A_HUMAN	KDM2A	Lysine-specific demethylase 2A	131555			194291
Q9Y2L1	Q9Y2L1	RRP44_HUMAN	DIS3	Exosome complex exonuclease RRP44			650569	1.60384e+06
Q9Y2L5	Q9Y2L5	TPPC8_HUMAN	TRAPPC8	Trafficking protein particle complex subunit 8				555851
Q9Y2L9	Q9Y2L9	LRCH1_HUMAN	LRCH1	Leucine-rich repeat and calponin homology domain-containing protein 1				1.21177e+06
Q9Y2P4	Q9Y2P4	S27A6_HUMAN	SLC27A6	Long-chain fatty acid transport protein 6				797073
Q9Y2P8	Q9Y2P8	RCL1_HUMAN	RCL1	RNA 3'-terminal phosphate cyclase-like protein	1.15628e+06		1.12062e+06	1.00182e+06
Q9Y2Q0	Q9Y2Q0	AT8A1_HUMAN	ATP8A1	Phospholipid-transporting ATPase IA				140141
Q9Y2Q3	Q9Y2Q3	GSTK1_HUMAN	GSTK1	Glutathione S-transferase kappa 1	9.29738e+06		7.10716e+06	1.57568e+07
Q9Y2Q5	Q9Y2Q5	LTOR2_HUMAN	LAMTOR2	Ragulator complex protein LAMTOR2	2.4289e+06		1.13493e+06	1.40509e+06
Q9Y2Q9	Q9Y2Q9	RT28_HUMAN	MRPS28	Small ribosomal subunit protein bS1m	1.69296e+06		1.46431e+06	2.9868e+06
Q9Y2R0	Q9Y2R0	COA3_HUMAN	COA3	Cytochrome c oxidase assembly factor 3 homolog, mitochondrial	3.56326e+06		1.43922e+06	1.23436e+06
Q9Y2R4	Q9Y2R4	DDX52_HUMAN	DDX52	Probable ATP-dependent RNA helicase DDX52	320832		296018	334508
Q9Y2R5	Q9Y2R5	RT17_HUMAN	MRPS17	Small ribosomal subunit protein uS17m	105192			1.25289e+06
Q9Y2R9	Q9Y2R9	RT07_HUMAN	MRPS7	Small ribosomal subunit protein uS7m	50636			811325
Q9Y2S2	Q9Y2S2	CRYL1_HUMAN	CRYL1	Lambda-crystallin homolog	1.07607e+06		868918	5.78689e+06
Q9Y2S6	Q9Y2S6;A0A024R1R8	TMA7_HUMAN	TMA7	Translation machinery-associated protein 7	2.18634e+07		2.94066e+07	9.67841e+06
Q9Y2S7	Q9Y2S7	PDIP2_HUMAN	POLDIP2	Polymerase delta-interacting protein 2	2.21229e+06		1.26662e+06	1.62214e+06
Q9Y2T2	Q9Y2T2	AP3M1_HUMAN	AP3M1	AP-3 complex subunit mu-1	217791		159680	1.54844e+06
Q9Y2T3	Q9Y2T3	GUAD_HUMAN	GDA	Guanine deaminase	1.94757e+06		3.41648e+06	6.96077e+06
Q9Y2U8	Q9Y2U8	MAN1_HUMAN	LEMD3	Inner nuclear membrane protein Man1	346530		168100	1.35018e+06
Q9Y2V2	Q9Y2V2	CHSP1_HUMAN	CARHSP1	Calcium-regulated heat-stable protein 1	5.80192e+06		4.00726e+06	2.1564e+06
Q9Y2V7	Q9Y2V7	COG6_HUMAN	COG6	Conserved oligomeric Golgi complex subunit 6				1.64423e+06
Q9Y2W1	Q9Y2W1	TR150_HUMAN	THRAP3	Thyroid hormone receptor-associated protein 3	1.58562e+06		2.03878e+06	1.58166e+06
Q9Y2W2	Q9Y2W2	WBP11_HUMAN	WBP11	WW domain-binding protein 11	1.37814e+06		982958	543907
Q9Y2W6	Q9Y2W6	TDRKH_HUMAN	TDRKH	Tudor and KH domain-containing protein				335772
Q9Y2X0	Q9Y2X0	MED16_HUMAN	MED16	Mediator of RNA polymerase II transcription subunit 16				87816.3
Q9Y2X3	Q9Y2X3	NOP58_HUMAN	NOP58	Nucleolar protein 58	673474		1.28481e+06	3.77371e+06
Q9Y2X7	Q9Y2X7	GIT1_HUMAN	GIT1	ARF GTPase-activating protein GIT1				1.96406e+06
Q9Y2Y8	Q9Y2Y8	PRG3_HUMAN	PRG3	Proteoglycan 3	2.0861e+06		7.01305e+06	3.96789e+06
Q9Y2Z0	Q9Y2Z0	SGT1_HUMAN	SUGT1	Protein SGT1 homolog	2.86886e+06		2.14482e+06	2.46969e+06
Q9Y2Z2	Q9Y2Z2	MTO1_HUMAN	MTO1	Protein MTO1 homolog, mitochondrial				310994
Q9Y2Z4	Q9Y2Z4	SYYM_HUMAN	YARS2	Tyrosine--tRNA ligase, mitochondrial	319465		104916	1.1453e+06
Q9Y2Z9	Q9Y2Z9	COQ6_HUMAN	COQ6	Ubiquinone biosynthesis monooxygenase COQ6, mitochondrial				729906
Q9Y303	Q9Y303	NAGA_HUMAN	AMDHD2	N-acetylglucosamine-6-phosphate deacetylase	225369		431580	560107
Q9Y305	Q9Y305	ACOT9_HUMAN	ACOT9	Acyl-coenzyme A thioesterase 9, mitochondrial	2.34438e+06		963972	5.26484e+06
Q9Y314	Q9Y314	NOSIP_HUMAN	NOSIP	Nitric oxide synthase-interacting protein	252012		201608	356181
Q9Y315	Q9Y315	DEOC_HUMAN	DERA	Deoxyribose-phosphate aldolase	1.26263e+06		869197	3.54982e+06
Q9Y316	Q9Y316	MEMO1_HUMAN	MEMO1	Protein MEMO1	1.61265e+06		989396	1.17085e+06
Q9Y320	Q9Y320	TMX2_HUMAN	TMX2	Thioredoxin-related transmembrane protein 2	393295			1.93092e+06
Q9Y333	Q9Y333	LSM2_HUMAN	LSM2	U6 snRNA-associated Sm-like protein LSm2	6.42193e+06		6.21301e+06	2.86414e+06
Q9Y342	Q9Y342	PLLP_HUMAN	PLLP	Plasmolipin				110067
Q9Y343	Q9Y343	SNX24_HUMAN	SNX24	Sorting nexin-24				37526.2
Q9Y365	Q9Y365	STA10_HUMAN	STARD10	START domain-containing protein 10	7.18281e+06		1.02432e+07	5.9638e+06
Q9Y371	Q9Y371	SHLB1_HUMAN	SH3GLB1	Endophilin-B1	2.73755e+06		1.35715e+06	2.27424e+06
Q9Y376	Q9Y376;Q9H9S4	CAB39_HUMAN	CAB39	Calcium-binding protein 39	2.96689e+06		1.98948e+06	3.19364e+06
Q9Y383	Q9Y383	LC7L2_HUMAN	LUC7L2	Putative RNA-binding protein Luc7-like 2	4.19939e+06		2.2843e+06	2.3866e+06
Q9Y385	Q9Y385	UB2J1_HUMAN	UBE2J1	Ubiquitin-conjugating enzyme E2 J1	319378		134917	441176
Q9Y394	Q9Y394	DHRS7_HUMAN	DHRS7	Dehydrogenase/reductase SDR family member 7	429448		294921	3.89692e+06
Q9Y399	Q9Y399	RT02_HUMAN	MRPS2	Small ribosomal subunit protein uS2m	763742		588404	2.7529e+06
Q9Y3A3	Q9Y3A3	PHOCN_HUMAN	MOB4	MOB-like protein phocein	756229		553641	811154
Q9Y3A5	Q9Y3A5	SBDS_HUMAN	SBDS	Ribosome maturation protein SBDS	3.33807e+06		3.24463e+06	3.5563e+06
Q9Y3A6	Q9Y3A6	TMED5_HUMAN	TMED5	Transmembrane emp24 domain-containing protein 5	6.39207e+06		4.56089e+06	5.57169e+06
Q9Y3B2	Q9Y3B2	EXOS1_HUMAN	EXOSC1	Exosome complex component CSL4	1.15478e+06		983857	482190
Q9Y3B3	Q9Y3B3	TMED7_HUMAN	TMED7	Transmembrane emp24 domain-containing protein 7	4.10372e+06		2.39952e+06	3.90376e+06
Q9Y3B4	Q9Y3B4	SF3B6_HUMAN	SF3B6	Splicing factor 3B subunit 6	684902		441618	1.02477e+06
Q9Y3B7	Q9Y3B7	RM11_HUMAN	MRPL11	Large ribosomal subunit protein uL11m	1.90865e+06		699027	1.35172e+06
Q9Y3B8	Q9Y3B8	ORN_HUMAN	REXO2	Oligoribonuclease, mitochondrial	7.14862e+06		1.11702e+07	4.03077e+06
Q9Y3B9	Q9Y3B9	RRP15_HUMAN	RRP15	RRP15-like protein	155144			136015
Q9Y3C0	Q9Y3C0	WASC3_HUMAN	WASHC3	WASH complex subunit 3	761164		695324	403082
Q9Y3C1	Q9Y3C1	NOP16_HUMAN	NOP16	Nucleolar protein 16	1.71922e+06		1.70872e+06	856745
Q9Y3C4	Q9Y3C4	TPRKB_HUMAN	TPRKB	EKC/KEOPS complex subunit TPRKB	359100		166939	740234
Q9Y3C6	Q9Y3C6	PPIL1_HUMAN	PPIL1	Peptidyl-prolyl cis-trans isomerase-like 1	1.42496e+06		1.47119e+06	1.20456e+06
Q9Y3C8	Q9Y3C8	UFC1_HUMAN	UFC1	Ubiquitin-fold modifier-conjugating enzyme 1	8.20934e+06		8.02483e+06	3.92607e+06
Q9Y3D2	Q9Y3D2	MSRB2_HUMAN	MSRB2	Methionine-R-sulfoxide reductase B2, mitochondrial	898948		925322	692036
Q9Y3D3	Q9Y3D3	RT16_HUMAN	MRPS16	Small ribosomal subunit protein bS16m				2.32651e+06
Q9Y3D5	Q9Y3D5	RT18C_HUMAN	MRPS18C	Small ribosomal subunit protein bS18m				504653
Q9Y3D6	Q9Y3D6	FIS1_HUMAN	FIS1	Mitochondrial fission 1 protein	7.20653e+06		8.62442e+06	1.05127e+07
Q9Y3D7	Q9Y3D7	TIM16_HUMAN	PAM16	Mitochondrial import inner membrane translocase subunit TIM16	1.197e+06		568294	1.47125e+06
Q9Y3D8	Q9Y3D8	KAD6_HUMAN	AK6	Adenylate kinase isoenzyme 6	580562			
Q9Y3D9	Q9Y3D9	RT23_HUMAN	MRPS23	Small ribosomal subunit protein mS23	705373		468207	1.91618e+06
Q9Y3E0	Q9Y3E0	GOT1B_HUMAN	GOLT1B	Vesicle transport protein GOT1B				580313
Q9Y3E1	Q9Y3E1	HDGR3_HUMAN	HDGFL3	Hepatoma-derived growth factor-related protein 3	1.2541e+06		2.21692e+06	1.08129e+06
Q9Y3E2	Q9Y3E2	BOLA1_HUMAN	BOLA1	BolA-like protein 1	557325		178083	135715
Q9Y3E5	Q9Y3E5	PTH2_HUMAN	PTRH2	Peptidyl-tRNA hydrolase 2, mitochondrial	851114		284953	2.0832e+06
Q9Y3E7	Q9Y3E7	CHMP3_HUMAN	CHMP3	Charged multivesicular body protein 3	3.38896e+06		4.51808e+06	1.86494e+06
Q9Y3F4	Q9Y3F4	STRAP_HUMAN	STRAP	Serine-threonine kinase receptor-associated protein	6.833e+06		4.67656e+06	3.62767e+06
Q9Y3I0	Q9Y3I0	RTCB_HUMAN	RTCB	RNA-splicing ligase RtcB homolog	7.91911e+06		4.09776e+06	4.8408e+06
Q9Y3I1	Q9Y3I1	FBX7_HUMAN	FBXO7	F-box only protein 7	312678		170925	573607
Q9Y3L3	Q6ZT62;Q9Y3L3	3BP1_HUMAN	SH3BP1	SH3 domain-binding protein 1	335505		68260.7	401953
Q9Y3L5	Q9Y3L5	RAP2C_HUMAN	RAP2C	Ras-related protein Rap-2c	1.00455e+06		922532	340594
Q9Y3M8	Q9Y3M8	STA13_HUMAN	STARD13	StAR-related lipid transfer protein 13				31503.5
Q9Y3P8	Q9Y3P8	SIT1_HUMAN	SIT1	Signaling threshold-regulating transmembrane adapter 1	463554			
Q9Y3P9	Q9Y3P9	RBGP1_HUMAN	RABGAP1	Rab GTPase-activating protein 1	202332			540432
Q9Y3Q3	Q9Y3Q3	TMED3_HUMAN	TMED3	Transmembrane emp24 domain-containing protein 3	583358		383602	683489
Q9Y3R5	Q9Y3R5	DOP2_HUMAN	DOP1B	Protein dopey-2	178936			163624
Q9Y3S1	Q9Y3S1	WNK2_HUMAN	WNK2	Serine/threonine-protein kinase WNK2				289998
Q9Y3T6	Q9Y3T6	R3HC1_HUMAN	R3HCC1	R3H and coiled-coil domain-containing protein 1				93522.9
Q9Y3T9	Q9Y3T9	NOC2L_HUMAN	NOC2L	Nucleolar complex protein 2 homolog	341892		121173	483086
Q9Y3U8	Q9Y3U8	RL36_HUMAN	RPL36	Large ribosomal subunit protein eL36	1.87304e+06		1.69306e+06	2.20084e+06
Q9Y3X0	Q9Y3X0	CCDC9_HUMAN	CCDC9	Coiled-coil domain-containing protein 9	689140		441989	180819
Q9Y3Y2	Q9Y3Y2	CHTOP_HUMAN	CHTOP	Chromatin target of PRMT1 protein	582925			205763
Q9Y3Z3	Q9Y3Z3	SAMH1_HUMAN	SAMHD1	Deoxynucleoside triphosphate triphosphohydrolase SAMHD1	1.08479e+06		1.02316e+06	6.68735e+06
Q9Y426	Q9Y426	C2CD2_HUMAN	C2CD2	C2 domain-containing protein 2				120433
Q9Y446	Q9Y446	PKP3_HUMAN	PKP3	Plakophilin-3	662644		207033	1.31693e+06
Q9Y450	Q9Y450	HBS1L_HUMAN	HBS1L	HBS1-like protein	1.04071e+06		382505	555926
Q9Y478	Q9Y478	AAKB1_HUMAN	PRKAB1	5'-AMP-activated protein kinase subunit beta-1	361396		302287	1.17747e+06
Q9Y484	Q9Y484	WIPI4_HUMAN	WDR45	WD repeat domain phosphoinositide-interacting protein 4	449347		558653	549721
Q9Y487	Q9Y487	VPP2_HUMAN	ATP6V0A2	V-type proton ATPase 116 kDa subunit a 2				254353
Q9Y490	Q9Y490	TLN1_HUMAN	TLN1	Talin-1	5.89054e+06		4.10637e+06	1.86858e+07
Q9Y496	Q9Y496	KIF3A_HUMAN	KIF3A	Kinesin-like protein KIF3A				288086
Q9Y4A5	Q9Y4A5	TRRAP_HUMAN	TRRAP	Transformation/transcription domain-associated protein				291813
Q9Y4B6	Q9Y4B6	DCAF1_HUMAN	DCAF1	DDB1- and CUL4-associated factor 1				3.6205e+06
Q9Y4C2	Q9Y4C2	TCAF1_HUMAN	TCAF1	TRPM8 channel-associated factor 1				376840
Q9Y4C8	Q9Y4C8	RBM19_HUMAN	RBM19	Probable RNA-binding protein 19	158338		317313	417997
Q9Y4D1	Q9Y4D1	DAAM1_HUMAN	DAAM1	Disheveled-associated activator of morphogenesis 1				290890
Q9Y4D8	Q9Y4D8	HECD4_HUMAN	HECTD4	Probable E3 ubiquitin-protein ligase HECTD4				46710
Q9Y4E8	Q9Y4E8	UBP15_HUMAN	USP15	Ubiquitin carboxyl-terminal hydrolase 15	417164		566873	1.34214e+06
Q9Y4F1	Q9Y4F1	FARP1_HUMAN	FARP1	FERM, ARHGEF and pleckstrin domain-containing protein 1			50298.8	1.45985e+06
Q9Y4G6	Q9Y4G6	TLN2_HUMAN	TLN2	Talin-2	143791		591843	635044
Q9Y4G8	Q9Y4G8	RPGF2_HUMAN	RAPGEF2	Rap guanine nucleotide exchange factor 2				302715
Q9Y4K1	Q9Y4K1	CRBG1_HUMAN	CRYBG1	Beta/gamma crystallin domain-containing protein 1	1.39372e+06		464160	1.04263e+06
Q9Y4K3	Q9Y4K3	TRAF6_HUMAN	TRAF6	TNF receptor-associated factor 6				139530
Q9Y4K4	Q9Y4K4	M4K5_HUMAN	MAP4K5	Mitogen-activated protein kinase kinase kinase kinase 5				78750.6
Q9Y4L1	Q9Y4L1	HYOU1_HUMAN	HYOU1	Hypoxia up-regulated protein 1	1.04346e+07		4.75402e+06	9.77009e+06
Q9Y4P1	Q9Y4P1	ATG4B_HUMAN	ATG4B	Cysteine protease ATG4B				179391
Q9Y4P3	Q9Y4P3	TBL2_HUMAN	TBL2	Transducin beta-like protein 2	211912		94638.5	1.68312e+06
Q9Y4R8	Q9Y4R8	TELO2_HUMAN	TELO2	Telomere length regulation protein TEL2 homolog			250053	210875
Q9Y4W2	Q9Y4W2	LAS1L_HUMAN	LAS1L	Ribosomal biogenesis protein LAS1L				165122
Q9Y4W6	Q9Y4W6	AFG32_HUMAN	AFG3L2	AFG3-like protein 2			1.14928e+06	1.37441e+06
Q9Y4X5	Q9Y4X5	ARI1_HUMAN	ARIH1	E3 ubiquitin-protein ligase ARIH1	1.22809e+06			704327
Q9Y4Z0	Q9Y4Z0	LSM4_HUMAN	LSM4	U6 snRNA-associated Sm-like protein LSm4	4.19718e+06		2.7155e+06	1.48077e+06
Q9Y508	Q9Y508	RN114_HUMAN	RNF114	E3 ubiquitin-protein ligase RNF114	1.71675e+06		917590	770631
Q9Y512	Q9Y512	SAM50_HUMAN	SAMM50	Sorting and assembly machinery component 50 homolog	638490		620942	2.2828e+06
Q9Y520	Q9Y520	PRC2C_HUMAN	PRRC2C	Protein PRRC2C	1.35223e+06		887807	551668
Q9Y530	Q9Y530	OARD1_HUMAN	OARD1	ADP-ribose glycohydrolase OARD1	1.02097e+06		756167	1.5263e+06
Q9Y547	Q9Y547	IFT25_HUMAN	IFT25	Intraflagellar transport protein 25 homolog	1.00649e+06		1.26025e+06	527639
Q9Y548	Q9Y548	YIPF1_HUMAN	YIPF1	Protein YIPF1				1.09158e+06
Q9Y570	Q9Y570	PPME1_HUMAN	PPME1	Protein phosphatase methylesterase 1	1.30662e+06		746234	3.63712e+06
Q9Y584	Q9Y584	TIM22_HUMAN	TIMM22	Mitochondrial import inner membrane translocase subunit Tim22				1.0734e+06
Q9Y587	Q9Y587	AP4S1_HUMAN	AP4S1	AP-4 complex subunit sigma-1				62989.1
Q9Y5A7	Q9Y5A7	NUB1_HUMAN	NUB1	NEDD8 ultimate buster 1	327081		167107	1.03242e+06
Q9Y5A9	Q7Z739;Q9Y5A9	YTHD2_HUMAN	YTHDF2	YTH domain-containing family protein 2	1.04786e+06		745507	627801
Q9Y5B0	Q9Y5B0	CTDP1_HUMAN	CTDP1	RNA polymerase II subunit A C-terminal domain phosphatase				266758
Q9Y5B6	Q9Y5B6	PAXB1_HUMAN	PAXBP1	PAX3- and PAX7-binding protein 1				129431
Q9Y5B9	Q9Y5B9	SP16H_HUMAN	SUPT16H	FACT complex subunit SPT16	427038		376105	1.24959e+06
Q9Y5I3	Q9UN72;Q9UN73;Q9UN74;Q9Y5H5;Q9Y5H8;Q9Y5H9;Q9Y5I2;Q9Y5I3;Q9H158;Q9UN75;Q9Y5H6;Q9Y5H7;Q9Y5I0;Q9Y5I1;Q9Y5I4	PCDA1_HUMAN	PCDHA1	Protocadherin alpha-1				21730.3
Q9Y5J5	Q9Y5J5	PHLA3_HUMAN	PHLDA3	Pleckstrin homology-like domain family A member 3	121379		341259	535339
Q9Y5J6	Q9Y5J6	T10B_HUMAN	TIMM10B	Mitochondrial import inner membrane translocase subunit Tim10 B	82666.3			29349.8
Q9Y5J7	Q9Y5J7	TIM9_HUMAN	TIMM9	Mitochondrial import inner membrane translocase subunit Tim9	2.47803e+06		704636	342090
Q9Y5J9	Q9Y5J9	TIM8B_HUMAN	TIMM8B	Mitochondrial import inner membrane translocase subunit Tim8 B	366475			
Q9Y5K5	Q9Y5K5	UCHL5_HUMAN	UCHL5	Ubiquitin carboxyl-terminal hydrolase isozyme L5	370243		231779	1.27378e+06
Q9Y5K6	Q9Y5K6	CD2AP_HUMAN	CD2AP	CD2-associated protein	5.75308e+06		4.11309e+06	2.92312e+06
Q9Y5K8	Q9Y5K8	VATD_HUMAN	ATP6V1D	V-type proton ATPase subunit D	1.60264e+06		970864	1.4449e+06
Q9Y5L0	Q9Y5L0	TNPO3_HUMAN	TNPO3	Transportin-3			285957	801082
Q9Y5L4	Q9Y5L4	TIM13_HUMAN	TIMM13	Mitochondrial import inner membrane translocase subunit Tim13	1.17409e+07		3.9707e+06	2.85873e+06
Q9Y5M8	Q9Y5M8	SRPRB_HUMAN	SRPRB	Signal recognition particle receptor subunit beta	2.69185e+06		1.24176e+06	4.59098e+06
Q9Y5N5	Q9Y5N5	N6MT1_HUMAN	N6AMT1	Methyltransferase N6AMT1			43176	185132
Q9Y5P4	Q9Y5P4	CERT_HUMAN	CERT1	Ceramide transfer protein	476611		453721	473856
Q9Y5P6	Q9Y5P6	GMPPB_HUMAN	GMPPB	Mannose-1-phosphate guanyltransferase beta	3.57138e+06		1.68915e+06	4.18765e+06
Q9Y5Q8	Q9Y5Q8	TF3C5_HUMAN	GTF3C5	General transcription factor 3C polypeptide 5				345754
Q9Y5Q9	Q9Y5Q9	TF3C3_HUMAN	GTF3C3	General transcription factor 3C polypeptide 3				636408
Q9Y5R4	Q9Y5R4	HEMK1_HUMAN	HEMK1	MTRF1L release factor glutamine methyltransferase				35815.1
Q9Y5R5	Q9Y5R5	DMRT2_HUMAN	DMRT2	Doublesex- and mab-3-related transcription factor 2	2.78394e+06		2.72507e+07	3.10003e+06
Q9Y5R8	Q9Y5R8	TPPC1_HUMAN	TRAPPC1	Trafficking protein particle complex subunit 1	636435		220686	1.19132e+06
Q9Y5S2	Q9Y5S2	MRCKB_HUMAN	CDC42BPB	Serine/threonine-protein kinase MRCK beta	756512			807134
Q9Y5S8	Q9Y5S8	NOX1_HUMAN	NOX1	NADPH oxidase 1	194079		147412	678713
Q9Y5S9	Q9Y5S9	RBM8A_HUMAN	RBM8A	RNA-binding protein 8A	5.11599e+06		7.50004e+06	3.19734e+06
Q9Y5T5	Q9Y5T5	UBP16_HUMAN	USP16	Ubiquitin carboxyl-terminal hydrolase 16				209007
Q9Y5U8	Q9Y5U8	MPC1_HUMAN	MPC1	Mitochondrial pyruvate carrier 1	556110			1.01143e+06
Q9Y5V0	Q9Y5V0	ZN706_HUMAN	ZNF706	Zinc finger protein 706	597793		290181	141491
Q9Y5V3	Q9Y5V3	MAGD1_HUMAN	MAGED1	Melanoma-associated antigen D1				62251.7
Q9Y5W5	Q9Y5W5	WIF1_HUMAN	WIF1	Wnt inhibitory factor 1			43495.3	58613.1
Q9Y5W7	Q9Y5W7	SNX14_HUMAN	SNX14	Sorting nexin-14				72639.5
Q9Y5X1	Q9Y5X1	SNX9_HUMAN	SNX9	Sorting nexin-9	515048			1.18866e+06
Q9Y5X2	Q9Y5X2	SNX8_HUMAN	SNX8	Sorting nexin-8				201967
Q9Y5X3	Q9Y5X3	SNX5_HUMAN	SNX5	Sorting nexin-5	2.9951e+06		2.65181e+06	2.7546e+06
Q9Y5Y2	Q9Y5Y2	NUBP2_HUMAN	NUBP2	Cytosolic Fe-S cluster assembly factor NUBP2	488372		177564	701851
Q9Y5Y5	Q9Y5Y5	PEX16_HUMAN	PEX16	Peroxisomal membrane protein PEX16				777610
Q9Y5Y6	Q9Y5Y6	ST14_HUMAN	ST14	Suppressor of tumorigenicity 14 protein	3.91076e+06		4.03328e+06	2.53921e+06
Q9Y5Y7	Q9Y5Y7	LYVE1_HUMAN	LYVE1	Lymphatic vessel endothelial hyaluronic acid receptor 1	80004.2		262587	73317.3
Q9Y5Z4	Q9Y5Z4	HEBP2_HUMAN	HEBP2	Heme-binding protein 2	7.91326e+06		1.1613e+07	6.98596e+06
Q9Y605	Q9Y605	MOFA1_HUMAN	MRFAP1	MORF4 family-associated protein 1	252357		150967	
Q9Y606	Q9Y606	PUS1_HUMAN	PUS1	Pseudouridylate synthase 1 homolog	629281		567875	1.83566e+06
Q9Y608	Q9Y608	LRRF2_HUMAN	LRRFIP2	Leucine-rich repeat flightless-interacting protein 2	2.69479e+06		2.14057e+06	467015
Q9Y613	Q9Y613	FHOD1_HUMAN	FHOD1	FH1/FH2 domain-containing protein 1	216219			232882
Q9Y617	Q9Y617	SERC_HUMAN	PSAT1	Phosphoserine aminotransferase	512189		348974	622672
Q9Y618	Q9Y618	NCOR2_HUMAN	NCOR2	Nuclear receptor corepressor 2	116614		204953	143110
Q9Y619	Q9Y619	ORNT1_HUMAN	SLC25A15	Mitochondrial ornithine transporter 1				1.27254e+06
Q9Y624	Q9Y624	JAM1_HUMAN	F11R	Junctional adhesion molecule A	7.08255e+06		1.2116e+07	3.29936e+06
Q9Y625	Q9Y625	GPC6_HUMAN	GPC6	Glypican-6	531344		557024	563105
Q9Y639	Q9Y639	NPTN_HUMAN	NPTN	Neuroplastin	6.0765e+06		8.93372e+06	3.1965e+06
Q9Y646	Q9Y646	CBPQ_HUMAN	CPQ	Carboxypeptidase Q	2.02668e+06		3.9694e+06	1.81923e+06
Q9Y653	Q9Y653	AGRG1_HUMAN	ADGRG1	Adhesion G-protein coupled receptor G1	175173		120811	300534
Q9Y657	Q9Y657	SPIN1_HUMAN	SPIN1	Spindlin-1	531462		242312	658929
Q9Y666	Q9Y666	S12A7_HUMAN	SLC12A7	Solute carrier family 12 member 7				1.00728e+06
Q9Y672	Q9Y672	ALG6_HUMAN	ALG6	Dolichyl pyrophosphate Man9GlcNAc2 alpha-1,3-glucosyltransferase				390074
Q9Y673	Q9Y673	ALG5_HUMAN	ALG5	Dolichyl-phosphate beta-glucosyltransferase	583943		219419	2.31344e+06
Q9Y676	Q9Y676	RT18B_HUMAN	MRPS18B	Small ribosomal subunit protein mS40	212196			746997
Q9Y678	Q9Y678	COPG1_HUMAN	COPG1	Coatomer subunit gamma-1	246356		178208	5.3764e+06
Q9Y679	Q9Y679	AUP1_HUMAN	AUP1	Lipid droplet-regulating VLDL assembly factor AUP1			405698	767400
Q9Y680	Q9Y680	FKBP7_HUMAN	FKBP7	Peptidyl-prolyl cis-trans isomerase FKBP7	817222		2.05519e+06	775780
Q9Y689	Q96KC2;Q9Y689	ARL5A_HUMAN	ARL5A	ADP-ribosylation factor-like protein 5A	747216		429504	521287
Q9Y696	Q9Y696	CLIC4_HUMAN	CLIC4	Chloride intracellular channel protein 4	3.57693e+06		3.06492e+06	3.98712e+06
Q9Y697	Q9Y697	NFS1_HUMAN	NFS1	Cysteine desulfurase	96802.9		118797	888881
Q9Y6A4	Q9Y6A4	CFA20_HUMAN	CFAP20	Cilia- and flagella-associated protein 20	845410		813575	767553
Q9Y6A5	Q9Y6A5	TACC3_HUMAN	TACC3	Transforming acidic coiled-coil-containing protein 3	308057			
Q9Y6A9	Q9Y6A9	SPCS1_HUMAN	SPCS1	Signal peptidase complex subunit 1	329674			130892
Q9Y6B6	Q9Y6B6	SAR1B_HUMAN	SAR1B	GTP-binding protein SAR1b	3.89743e+06		5.21773e+06	2.09497e+06
Q9Y6B7	Q9Y6B7	AP4B1_HUMAN	AP4B1	AP-4 complex subunit beta-1				38575.8
Q9Y6C2	Q9Y6C2	EMIL1_HUMAN	EMILIN1	EMILIN-1	599020		2.22653e+06	3.15097e+06
Q9Y6C9	Q9Y6C9	MTCH2_HUMAN	MTCH2	Mitochondrial carrier homolog 2	72507.9			6.26221e+06
Q9Y6D5	Q9Y6D5	BIG2_HUMAN	ARFGEF2	Brefeldin A-inhibited guanine nucleotide-exchange protein 2	1.83334e+06		871430	2.81122e+06
Q9Y6D6	Q9Y6D6	BIG1_HUMAN	ARFGEF1	Brefeldin A-inhibited guanine nucleotide-exchange protein 1			588110	472019
Q9Y6D9	Q9Y6D9	MD1L1_HUMAN	MAD1L1	Mitotic spindle assembly checkpoint protein MAD1	359128		141215	586965
Q9Y6E0	Q9P289;Q9Y6E0	STK24_HUMAN	STK24	Serine/threonine-protein kinase 24	768202		411295	1.87368e+06
Q9Y6E2	Q9Y6E2	5MP1_HUMAN	BZW2	eIF5-mimic protein 1	3.64237e+06		1.78068e+06	3.57368e+06
Q9Y6F6	Q9Y6F6	IRAG1_HUMAN	IRAG1	Inositol 1,4,5-triphosphate receptor associated 1				311507
Q9Y6G5	Q9Y6G5	COMDA_HUMAN	COMMD10	COMM domain-containing protein 10	701172		464556	540424
Q9Y6G9	Q9Y6G9	DC1L1_HUMAN	DYNC1LI1	Cytoplasmic dynein 1 light intermediate chain 1	2.01021e+06		542076	3.25028e+06
Q9Y6I3	Q9H201;Q9Y6I3	EPN1_HUMAN	EPN1	Epsin-1	600384		245241	493906
Q9Y6I4	Q9Y6I4	UBP3_HUMAN	USP3	Ubiquitin carboxyl-terminal hydrolase 3	267449			577708
Q9Y6I8	Q9Y6I8	PXMP4_HUMAN	PXMP4	Peroxisomal membrane protein 4	123971		112959	372908
Q9Y6I9	Q9Y6I9	TX264_HUMAN	TEX264	Testis-expressed protein 264	150420			330245
Q9Y6K0	Q9Y6K0	CEPT1_HUMAN	CEPT1	Choline/ethanolaminephosphotransferase 1				1.93502e+06
Q9Y6K1	Q9Y6K1	DNM3A_HUMAN	DNMT3A	DNA (cytosine-5)-methyltransferase 3A	96158.4			
Q9Y6K5	Q9Y6K5	OAS3_HUMAN	OAS3	2'-5'-oligoadenylate synthase 3	203458		230025	999090
Q9Y6K9	Q9Y6K9	NEMO_HUMAN	IKBKG	NF-kappa-B essential modulator	1.32437e+06		1.09118e+06	683883
Q9Y6M1	Q9Y6M1	IF2B2_HUMAN	IGF2BP2	Insulin-like growth factor 2 mRNA-binding protein 2	1.4361e+06		1.49354e+06	2.09348e+06
Q9Y6M5	Q9Y6M5	ZNT1_HUMAN	SLC30A1	Proton-coupled zinc antiporter SLC30A1				517405
Q9Y6M7	Q9Y6M7	S4A7_HUMAN	SLC4A7	Sodium bicarbonate cotransporter 3				86653.4
Q9Y6M9	Q9Y6M9	NDUB9_HUMAN	NDUFB9	NADH dehydrogenase [ubiquinone] 1 beta subcomplex subunit 9	1.34598e+06		1.09141e+06	2.11122e+06
Q9Y6N5	Q9Y6N5	SQOR_HUMAN	SQOR	Sulfide:quinone oxidoreductase, mitochondrial	385929		504400	1.9401e+07
Q9Y6N7	Q9Y6N7	ROBO1_HUMAN	ROBO1	Roundabout homolog 1	167883		89727	172481
Q9Y6N9	Q9Y6N9	USH1C_HUMAN	USH1C	Harmonin	749779		591374	869388
Q9Y6Q1	Q9Y6Q1	CAN6_HUMAN	CAPN6	Calpain-6				545930
Q9Y6Q5	Q9Y6Q5	AP1M2_HUMAN	AP1M2	AP-1 complex subunit mu-2	74068.1		165465	2.00768e+06
Q9Y6Q9	Q9Y6Q9	NCOA3_HUMAN	NCOA3	Nuclear receptor coactivator 3				21476.7
Q9Y6R4	Q9Y6R4	M3K4_HUMAN	MAP3K4	Mitogen-activated protein kinase kinase kinase 4	1.35338e+06		1.15813e+06	
Q9Y6R7	Q9Y6R7	FCGBP_HUMAN	FCGBP	IgGFc-binding protein	1.73117e+07	2.80972e+07	2.56268e+07	2.20704e+06
Q9Y6U3	Q9Y6U3	SCIN_HUMAN	SCIN	Scinderin	1.41035e+06		2.18803e+06	1.31918e+06
Q9Y6W3	Q9Y6W3	CAN7_HUMAN	CAPN7	Calpain-7			1.32072e+06	445080
Q9Y6W5	Q9Y6W5	WASF2_HUMAN	WASF2	Actin-binding protein WASF2	2.10016e+06		216889	1.43228e+06
Q9Y6X3	Q9Y6X3	SCC4_HUMAN	MAU2	MAU2 chromatid cohesion factor homolog	48332.9			203381
Q9Y6X4	Q9Y6X4	F169A_HUMAN	FAM169A	Soluble lamin-associated protein of 75 kDa	352825		1.2379e+06	1.73301e+06
Q9Y6X5	Q9Y6X5	ENPP4_HUMAN	ENPP4	Bis(5'-adenosyl)-triphosphatase ENPP4	1.40591e+06		2.65856e+06	901779
Q9Y6X8	Q9Y6X8	ZHX2_HUMAN	ZHX2	Zinc fingers and homeoboxes protein 2	741600		114857	260430
Q9Y6X9	Q9Y6X9	MORC2_HUMAN	MORC2	ATPase MORC2				162370
Q9Y6Y8	Q9Y6Y8	S23IP_HUMAN	SEC23IP	SEC23-interacting protein				1.66732e+06
