Protein.Group	Protein.Ids	Protein.Names	Genes	First.Protein.Description	D:\HFX\2023_08\HFX252_GLASGOW_PROTEOME_DIA_17.raw	D:\HFX\2023_08\HFX252_GLASGOW_PROTEOME_DIA_18.raw	D:\HFX\2023_08\HFX252_GLASGOW_PROTEOME_DIA_19.raw	D:\HFX\2023_08\HFX252_GLASGOW_PROTEOME_DIA_20.raw
A0A075B6H7;A0A0C4DH55;P01624	P01624;A0A075B6H7;A0A0C4DH55	KV315_HUMAN;KV37_HUMAN;KVD07_HUMAN	IGKV3-15;IGKV3-7;IGKV3D-7	Probable non-functional immunoglobulin kappa variable 3-7	1.84198e+07	2.93069e+08	3.01588e+07	4.10223e+07
A0A075B6H9	A0A075B6H9	LV469_HUMAN	IGLV4-69	Immunoglobulin lambda variable 4-69	224801	1.046e+06	997170	
A0A075B6I0	A0A075B6I0	LV861_HUMAN	IGLV8-61	Immunoglobulin lambda variable 8-61	655087	704924	774894	792707
A0A075B6I1	A0A075B6I1	LV460_HUMAN	IGLV4-60	Immunoglobulin lambda variable 4-60	258307	233785	226907	
A0A075B6I4	A0A075B6I4	LVX54_HUMAN	IGLV10-54	Immunoglobulin lambda variable 10-54		8.18455e+06	1.26749e+06	1.40967e+06
A0A075B6I9	A0A075B6I9	LV746_HUMAN	IGLV7-46	Immunoglobulin lambda variable 7-46	3.81561e+06	5.09036e+06	6.30104e+06	1.11812e+07
A0A075B6K4	A0A075B6K4	LV310_HUMAN	IGLV3-10	Immunoglobulin lambda variable 3-10	1.86772e+06	2.49509e+06	3.0121e+06	3.77772e+06
A0A075B6K5	A0A075B6K5	LV39_HUMAN	IGLV3-9	Immunoglobulin lambda variable 3-9	1.07028e+06	1.25086e+06	1.60887e+06	2.55588e+06
A0A075B6R2	A0A075B6R2	HV404_HUMAN	IGHV4-4	Immunoglobulin heavy variable 4-4	550336	724280	796091	
A0A075B6R9;A0A0C4DH68	A0A075B6R9;A0A075B6S2;A0A0A0MRZ7;A0A0C4DH68;A2NJV5	KV224_HUMAN;KVD24_HUMAN	IGKV2-24;IGKV2D-24	Probable non-functional immunoglobulin kappa variable 2D-24	2.28428e+06	3.02756e+06	4.40104e+06	4.74735e+06
A0A075B6S2;A2NJV5	A0A075B6S2;A2NJV5	KV229_HUMAN;KVD29_HUMAN	IGKV2-29;IGKV2D-29	Immunoglobulin kappa variable 2D-29	124731	126152	227980	
A0A075B6S5	A0A075B6S5;A0A0C4DH67;A0A0C4DH69	KV127_HUMAN	IGKV1-27	Immunoglobulin kappa variable 1-27	788577	1.58548e+06	2.56307e+06	1.70368e+06
A0A087WSY6	A0A087WSY6	KVD15_HUMAN	IGKV3D-15	Immunoglobulin kappa variable 3D-15	1.00325e+06	1.57904e+07	2.11523e+06	2.3124e+06
A0A0A0MS14	A0A0A0MS14	HV145_HUMAN	IGHV1-45	Immunoglobulin heavy variable 1-45	1.2686e+06	1.21028e+06	1.09503e+06	459742
A0A0A0MS15	A0A0A0MS15;A0A0B4J1V6	HV349_HUMAN	IGHV3-49	Immunoglobulin heavy variable 3-49	1.43837e+06	2.46178e+06	2.60101e+06	643778
A0A0B4J1U7	A0A0B4J1U7	HV601_HUMAN	IGHV6-1	Immunoglobulin heavy variable 6-1	1.05414e+06	2.59534e+06	2.69737e+06	6.78077e+06
A0A0B4J1X5	P01764;P01768;P01772;P01767;A0A0B4J1X5;A0A0C4DH42;P0DP02	HV374_HUMAN	IGHV3-74	Immunoglobulin heavy variable 3-74	4.99192e+06	9.11002e+06	9.22336e+06	1.09032e+07
A0A0B4J1X8	A0A0B4J1X8	HV343_HUMAN	IGHV3-43	Immunoglobulin heavy variable 3-43	290629	8.16188e+06	800165	518113
A0A0B4J1Y8	A0A075B6H9;A0A075B6K6;A0A0B4J1Y8	LV949_HUMAN	IGLV9-49	Immunoglobulin lambda variable 9-49	1.66568e+06	2.25742e+06	1.94538e+06	2.92965e+06
A0A0B4J1Y9	A0A0B4J1Y9	HV372_HUMAN	IGHV3-72	Immunoglobulin heavy variable 3-72	4.47375e+06	9.11434e+06	7.64448e+06	9.67187e+06
A0A0B4J2D5;P0DPI2	A0A0B4J2D5;P0DPI2	GAL3A_HUMAN;GAL3B_HUMAN	GATD3;GATD3B	Putative glutamine amidotransferase-like class 1 domain-containing protein 3B, mitochondrial	5.10621e+06	1.04098e+07	3.79798e+06	1.20843e+07
A0A0C4DH24	A0A0C4DH24	KV621_HUMAN	IGKV6-21	Immunoglobulin kappa variable 6-21	834965	1.05214e+06	973326	721055
A0A0C4DH25	A0A0C4DH25	KVD20_HUMAN	IGKV3D-20	Immunoglobulin kappa variable 3D-20	1.7374e+06	2.04449e+06	2.99776e+06	4.35891e+06
A0A0C4DH29	A0A0C4DH29	HV103_HUMAN	IGHV1-3	Immunoglobulin heavy variable 1-3	314879	614866	554495	348968
A0A0C4DH31	A0A0C4DH31	HV118_HUMAN	IGHV1-18	Immunoglobulin heavy variable 1-18	294614	431824	395574	
A0A0C4DH34	A0A0C4DH34	HV428_HUMAN	IGHV4-28	Immunoglobulin heavy variable 4-28	381674	2.80017e+06	1.21133e+06	850197
A0A0C4DH35	A0A0C4DH35	HV335_HUMAN	IGHV3-35	Probable non-functional immunoglobulin heavy variable 3-35	892277	1.23158e+06	1.19655e+06	727364
A0A0C4DH36	A0A0C4DH36	HV338_HUMAN	IGHV3-38	Probable non-functional immunoglobulin heavy variable 3-38	518191	572421	523950	
A0A0C4DH38	A0A0C4DH38	HV551_HUMAN	IGHV5-51	Immunoglobulin heavy variable 5-51	1.68755e+06	2.59982e+06	2.25645e+06	3.03606e+06
A0A0C4DH41;P01824;P01825;P06331;P0DP06;P0DP08	P01824;P01825;P06331;A0A0C4DH41;P0DP06;P0DP08	HV434_HUMAN;HV439_HUMAN;HV459_HUMAN;HV461_HUMAN;HVD34_HUMAN;HVD82_HUMAN	IGHV4-30-4;IGHV4-34;IGHV4-38-2;IGHV4-39;IGHV4-59;IGHV4-61	Immunoglobulin heavy variable 4-61	4.23934e+06	6.86425e+06	8.91154e+06	7.18192e+06
A0A0C4DH43	A0A0C4DH43	HV70D_HUMAN	IGHV2-70D	Immunoglobulin heavy variable 2-70D	6.21626e+06	8.24234e+06	8.54589e+06	7.01608e+06
A0A0C4DH72;A0A0C4DH73;P01597;P01611	P01597;P01611;A0A0C4DH72;A0A0C4DH73	KV106_HUMAN;KV112_HUMAN;KV139_HUMAN;KVD12_HUMAN	IGKV1-12;IGKV1-39;IGKV1-6;IGKV1D-12	Immunoglobulin kappa variable 1-6	564399	1.01433e+06	673950	1.02993e+06
A0A0J9YX35	A0A0J9YX35	HV64D_HUMAN	IGHV3-64D	Immunoglobulin heavy variable 3-64D	650024	802803	1.07203e+06	455986
A0A0J9YXX1	A0A0J9YXX1	HV5X1_HUMAN	IGHV5-10-1	Immunoglobulin heavy variable 5-10-1	1.53056e+06	3.27809e+06	2.16035e+06	2.00451e+06
A0A0U1RR37	A0A0U1RR37	CA232_HUMAN	C1orf232	Uncharacterized protein C1orf232	220275			
A0A1W2PQ73	A0A1W2PQ73	ERFL_HUMAN	ERFL	ETS domain-containing transcription factor ERF-like	3.81965e+06	4.04917e+06	2.13e+06	1.66784e+06
A0AV96	A0AV96	RBM47_HUMAN	RBM47	RNA-binding protein 47	1.57138e+06	1.41124e+06	2.10161e+06	1.04505e+06
A0AVT1	A0AVT1	UBA6_HUMAN	UBA6	Ubiquitin-like modifier-activating enzyme 6	1.88585e+06	1.6711e+06	1.37939e+06	1.17351e+06
A0FGR8	A0FGR8	ESYT2_HUMAN	ESYT2	Extended synaptotagmin-2	1.76765e+06	938685	2.45999e+06	1.39228e+06
A0M8Q6	A0M8Q6	IGLC7_HUMAN	IGLC7	Immunoglobulin lambda constant 7	1.9245e+06	2.584e+06	2.6042e+06	5.84495e+06
A0MZ66	A0MZ66	SHOT1_HUMAN	SHTN1	Shootin-1	1.2794e+06	1.11074e+06	1.00865e+06	1.69618e+06
A1A5B4	A1A5B4	ANO9_HUMAN	ANO9	Anoctamin-9		296560	391005	184452
A1L020	Q5U5Q3;Q6ZN04;Q86XN8;A1L020	MEX3A_HUMAN	MEX3A	RNA-binding protein MEX3A	1.08304e+06	1.18526e+06	1.28689e+06	747851
A1L0T0	A1L0T0	HACL2_HUMAN	ILVBL	2-hydroxyacyl-CoA lyase 2	715966	512228	837365	1.27035e+06
A1X283	A1X283	SPD2B_HUMAN	SH3PXD2B	SH3 and PX domain-containing protein 2B	2.39232e+06	1.20876e+06	1.11959e+06	1.32195e+06
A2RRP1	A2RRP1	NBAS_HUMAN	NBAS	NBAS subunit of NRZ tethering complex			437840	
A2RTX5	A2RTX5	SYTC2_HUMAN	TARS3	Threonine--tRNA ligase 2, cytoplasmic	52990.6	44908.5	54332.7	
A3KMH1	A3KMH1	VWA8_HUMAN	VWA8	von Willebrand factor A domain-containing protein 8	185943		160824	
A3KN83	Q9Y2G9;A3KN83	SBNO1_HUMAN	SBNO1	Protein strawberry notch homolog 1	415333			
A4D1E9	A4D1E9	GTPBA_HUMAN	GTPBP10	GTP-binding protein 10	352276	274472	145798	
A4D1P6	A4D1P6	WDR91_HUMAN	WDR91	WD repeat-containing protein 91	242151	194942	510998	
A4D1S5	A4D1S5	RAB19_HUMAN	RAB19	Ras-related protein Rab-19	496112	757887	408268	
A5YKK6	A5YKK6	CNOT1_HUMAN	CNOT1	CCR4-NOT transcription complex subunit 1	389099	155980	508684	624425
A6NC98	A6NC98	CC88B_HUMAN	CCDC88B	Coiled-coil domain-containing protein 88B	151872	171880	349943	
A6NCE7;Q9GZQ8	Q9GZQ8;Q9H492;A6NCE7	MLP3B_HUMAN;MP3B2_HUMAN	MAP1LC3B;MAP1LC3B2	Microtubule-associated proteins 1A/1B light chain 3 beta 2	1.77489e+06	1.31518e+06	2.08409e+06	989668
A6NCS6	A6NCS6	CB072_HUMAN	C2orf72	Uncharacterized protein C2orf72		256718	299353	
A6NDG6	A6NDG6	PGP_HUMAN	PGP	Glycerol-3-phosphate phosphatase	2.59764e+06	2.90021e+06	1.51847e+06	1.12491e+06
A6NDU8	A6NDU8	RIMC1_HUMAN	RIMOC1	RAB7A-interacting MON1-CCZ1 complex subunit 1	201013	92471.2		
A6NEF3;A6NEM1	A6NEM1;A6NEF3	GG6L4_HUMAN;GG6L9_HUMAN	GOLGA6L4;GOLGA6L9	Golgin subfamily A member 6-like protein 4	84257.7			
A6NFY7	A6NFY7	SDHF1_HUMAN	SDHAF1	Succinate dehydrogenase assembly factor 1, mitochondrial	15943.9	25779.9		
A6NHJ4;Q96IR2	A6NHJ4;Q96IR2	ZN845_HUMAN;ZN860_HUMAN	ZNF845;ZNF860	Zinc finger protein 860	41893.6	183553	100289	
A6NHR9	A6NHR9	SMHD1_HUMAN	SMCHD1	Structural maintenance of chromosomes flexible hinge domain-containing protein 1	422585	134537	982760	
A6NIH7	A6NIH7;Q13432	U119B_HUMAN	UNC119B	Protein unc-119 homolog B	683683	623259	577173	
A6NJ78	A6NJ78	MET15_HUMAN	METTL15	12S rRNA N4-methylcytidine (m4C) methyltransferase	100646			
A6ZKI3	A6ZKI3	RTL8C_HUMAN	RTL8C	Retrotransposon Gag-like protein 8C	42973.9	55637.3		
A8K2U0	A8K2U0	A2ML1_HUMAN	A2ML1	Alpha-2-macroglobulin-like protein 1	220550	406246	714697	996121
A8K7I4	A8K7I4	CLCA1_HUMAN	CLCA1	Calcium-activated chloride channel regulator 1	427343	7.63347e+06	1.8574e+07	1.02967e+08
A8MTT3	A8MTT3	CEBOS_HUMAN	CEBPZOS	Protein CEBPZOS	1.03316e+06	1.26241e+06	1.11568e+06	
A8MVS5	A8MVS5	HIDE1_HUMAN	HIDE1	Protein HIDE1	344647	451334	792362	
A8MWD9;P62308	P62308;A8MWD9	RUXGL_HUMAN;RUXG_HUMAN	SNRPG;SNRPGP15	Putative small nuclear ribonucleoprotein G-like protein 15	8.18816e+06	9.57748e+06	1.09197e+07	1.97333e+06
A8MXE2	A8MXE2	B3GT9_HUMAN	B3GALT9	Beta-1,3-galactosyltransferase 9	352613	453795	839042	285317
A8MXV4	A8MXV4	NUD19_HUMAN	NUDT19	Acyl-coenzyme A diphosphatase NUDT19	719550	539082	662026	1.00609e+06
A9UHW6	A9UHW6	MI4GD_HUMAN	MIF4GD	MIF4G domain-containing protein	109668	131862	110668	
B0I1T2	B0I1T2	MYO1G_HUMAN	MYO1G	Unconventional myosin-Ig	515817	752742	1.08935e+06	235284
B1AK53	B1AK53	ESPN_HUMAN	ESPN	Espin	207169	335494	163718	
B3EWG5	B3EWG5	FM25C_HUMAN	FAM25C	Protein FAM25C	3.41086e+06	2.88701e+06	5.42871e+06	3.06279e+06
B7ZAQ6	B7ZAQ6	GPHRA_HUMAN	GPR89A	Golgi pH regulator A	313453		394595	
B9A064	A0M8Q6;P0CG04;P0DOY2;P0DOY3;P0CF74;B9A064;P0DOX8	IGLL5_HUMAN	IGLL5	Immunoglobulin lambda-like polypeptide 5	8.96083e+07	2.15966e+08	2.24773e+08	3.54604e+08
C4AMC7;Q6VEQ5	A8K0Z3;C4AMC7;Q6VEQ5;A8MWX3	WASH2_HUMAN;WASH3_HUMAN	WASH2P;WASH3P	Putative WAS protein family homolog 3	1.03514e+06	913543	1.01021e+06	1.83052e+06
C9JI98	C9JI98	TM238_HUMAN	TMEM238	Transmembrane protein 238	398851	692527	459235	695580
C9JLW8	C9JLW8	MCRI1_HUMAN	MCRIP1	Mapk-regulated corepressor-interacting protein 1	564137	497125	242028	
E9PAV3;Q13765	Q13765;E9PAV3	NACAM_HUMAN;NACA_HUMAN	NACA	Nascent polypeptide-associated complex subunit alpha, muscle-specific form	1.00526e+07	1.04121e+07	4.50907e+06	5.96528e+06
E9PRG8	E9PRG8	CK098_HUMAN	C11orf98	Uncharacterized protein C11orf98	88327.5	68635.2	46837.9	
G2XKQ0;P63165	G2XKQ0;P63165	SUMO1_HUMAN;SUMO5_HUMAN	SUMO1;SUMO1P1	Small ubiquitin-related modifier 5	4.40911e+06	2.58453e+06	4.62025e+06	2.72205e+06
G9CGD6	Q8WWN9;G9CGD6	CNIPF_HUMAN	CNK3/IPCEF1	CNK3/IPCEF1 fusion protein	346439	621609	584786	
HLA:HLA00005	HLA:HLA00005	A*02:01:01:01	A*02:01:01:01		2.15266e+07	2.90853e+07	2.65477e+07	1.85693e+07
HLA:HLA00050	HLA:HLA00005;HLA:HLA00050;HLA:HLA00146;HLA:HLA00318	A*24:02:01:01	A*24:02:01:01		1.84885e+07	2.03445e+07	1.59786e+07	1.22345e+07
HLA:HLA00146	HLA:HLA00146	B*08:01:01:01	B*08:01:01:01		1.28507e+07	1.96814e+07	1.72311e+07	1.35042e+07
HLA:HLA00318	HLA:HLA00318	B*44:02:01:01	B*44:02:01:01		5.17265e+06	7.62911e+06	5.90171e+06	4.89387e+06
HLA:HLA00427	P01893;HLA:HLA00427	C*05:01:01:01	C*05:01:01:01		3.21982e+06	4.64569e+06	3.29392e+06	1.57079e+06
HLA:HLA00433	HLA:HLA00433	C*07:01:01:01	C*07:01:01:01		1.27715e+06	1.82574e+06	1.36688e+06	992047
HLA:HLA00517	HLA:HLA00517	DPB1*02:01:02:01	DPB1*02:01:02:01		2.16458e+06	3.21558e+06	4.33886e+06	2.66837e+06
HLA:HLA00622	HLA:HLA00622	DQB1*02:01:01	DQB1*02:01:01		515164	824547	724941	
HLA:HLA00625	HLA:HLA00625	DQB1*03:01:01:01	DQB1*03:01:01:01		1.63804e+06	2.36989e+06	3.01298e+06	1.0387e+06
HLA:HLA00671	HLA:HLA00671	DRB1*03:01:01:01	DRB1*03:01:01:01		9.74108e+06	1.34671e+07	1.46763e+07	5.93574e+06
HLA:HLA00685	HLA:HLA00685	DRB1*04:01:01:01	DRB1*04:01:01:01		1.28399e+07	2.16788e+07	1.85064e+07	1.32913e+07
HLA:HLA00887	HLA:HLA00887	DRB3*01:01:02:01	DRB3*01:01:02:01		710825	1.54243e+06	1.36382e+06	103984
HLA:HLA00905	HLA:HLA00905	DRB4*01:01:01:01	DRB4*01:01:01:01		1.2147e+06	2.14681e+06	2.02155e+06	817133
HLA:HLA00934;HLA:HLA00936	HLA:HLA00934;HLA:HLA00936	E*01:01:01:01;E*01:03:01:01	E*01:01:01:01;E*01:03:01:01		281299	380719	72345.8	197227
L0R6Q1	L0R6Q1	S35U4_HUMAN	SLC35A4	SLC35A4 upstream open reading frame protein	402993	750141	752850	410326
L0R8F8	L0R8F8	MIDUO_HUMAN	MIEF1	Mitochondrial ribosome and complex I assembly factor AltMIEF1	843513	682102	398148	1.10643e+06
O00115	O00115	DNS2A_HUMAN	DNASE2	Deoxyribonuclease-2-alpha	1.08397e+06	997942	449810	732762
O00116	O00116	ADAS_HUMAN	AGPS	Alkyldihydroxyacetonephosphate synthase, peroxisomal	1.52464e+06	1.19556e+06	1.24114e+06	679553
O00139	O00139	KIF2A_HUMAN	KIF2A	Kinesin-like protein KIF2A	820203	472817	530564	3.20854e+06
O00142	O00142	KITM_HUMAN	TK2	Thymidine kinase 2, mitochondrial	591096	362473		
O00148	O00148	DX39A_HUMAN	DDX39A	ATP-dependent RNA helicase DDX39A	4.99109e+06	1.94418e+06	1.30774e+06	
O00151	O00151	PDLI1_HUMAN	PDLIM1	PDZ and LIM domain protein 1	1.11246e+07	1.20176e+07	3.68142e+06	1.25104e+07
O00154	O00154	BACH_HUMAN	ACOT7	Cytosolic acyl coenzyme A thioester hydrolase	5.862e+06	3.76135e+06	2.80419e+06	1.73183e+06
O00159	O00159	MYO1C_HUMAN	MYO1C	Unconventional myosin-Ic	1.69766e+06	957888	1.99362e+06	1.75691e+06
O00160	O00160	MYO1F_HUMAN	MYO1F	Unconventional myosin-If	609366	458252	824676	
O00161	O00161	SNP23_HUMAN	SNAP23	Synaptosomal-associated protein 23	1.65914e+06	3.33631e+06	980830	3.12361e+06
O00170	O00170	AIP_HUMAN	AIP	AH receptor-interacting protein	3.32036e+06	3.29069e+06	2.39074e+06	1.93202e+06
O00175	O00175	CCL24_HUMAN	CCL24	C-C motif chemokine 24	1.01713e+06	1.92542e+06	983736	3.4297e+06
O00178	O00178	GTPB1_HUMAN	GTPBP1	GTP-binding protein 1	2.78427e+06	2.24072e+06	2.12664e+06	2.40165e+06
O00182	O00182	LEG9_HUMAN	LGALS9	Galectin-9	2.66438e+06	3.88992e+06	3.42238e+06	2.69547e+06
O00186	O00186	STXB3_HUMAN	STXBP3	Syntaxin-binding protein 3	1.07683e+06	888972	863923	918444
O00193	O00193	SMAP_HUMAN	SMAP	Small acidic protein	4.57519e+06	5.42955e+06	856209	4.2995e+06
O00194	O00194	RB27B_HUMAN	RAB27B	Ras-related protein Rab-27B	280646	907009	639637	768442
O00203	O00203;Q13367	AP3B1_HUMAN	AP3B1	AP-3 complex subunit beta-1	1.71442e+06	1.06092e+06	2.41851e+06	945458
O00204	O00204	ST2B1_HUMAN	SULT2B1	Sulfotransferase 2B1	1.01455e+06	725502	453767	
O00214	O00214	LEG8_HUMAN	LGALS8	Galectin-8	340706	358248	263080	
O00217	O00217	NDUS8_HUMAN	NDUFS8	NADH dehydrogenase [ubiquinone] iron-sulfur protein 8, mitochondrial	236540	326268	868712	1.43073e+06
O00231	O00231	PSD11_HUMAN	PSMD11	26S proteasome non-ATPase regulatory subunit 11	4.46522e+06	2.94838e+06	1.88867e+06	2.30441e+06
O00232	O00232	PSD12_HUMAN	PSMD12	26S proteasome non-ATPase regulatory subunit 12	3.21063e+06	1.81238e+06	2.33829e+06	1.20687e+06
O00233	O00233	PSMD9_HUMAN	PSMD9	26S proteasome non-ATPase regulatory subunit 9	4.09371e+06	4.78862e+06	4.0125e+06	5.15223e+06
O00244	O00244	ATOX1_HUMAN	ATOX1	Copper transport protein ATOX1	2.83943e+06	4.17503e+06	2.36489e+06	2.18939e+06
O00255	O00255	MEN1_HUMAN	MEN1	Menin	193089	560468	207430	
O00258	O00258	GET1_HUMAN	GET1	Guided entry of tail-anchored proteins factor 1	171100	129676	180764	
O00264	O00264	PGRC1_HUMAN	PGRMC1	Membrane-associated progesterone receptor component 1	6.61611e+06	6.39275e+06	7.85437e+06	8.84425e+06
O00267	O00267	SPT5H_HUMAN	SUPT5H	Transcription elongation factor SPT5	1.2672e+06	1.22272e+06	1.09244e+06	611217
O00268	O00268	TAF4_HUMAN	TAF4	Transcription initiation factor TFIID subunit 4	215250	123683		
O00273	O00273	DFFA_HUMAN	DFFA	DNA fragmentation factor subunit alpha	2.25912e+06	3.62656e+06	610347	2.43035e+06
O00291	O00291	HIP1_HUMAN	HIP1	Huntingtin-interacting protein 1	492188		898936	3.0965e+06
O00292;O75610	O00292;O75610	LFTY1_HUMAN;LFTY2_HUMAN	LEFTY1;LEFTY2	Left-right determination factor 2		169065	445516	413635
O00299	O00299	CLIC1_HUMAN	CLIC1	Chloride intracellular channel protein 1	2.95763e+07	2.79763e+07	2.19364e+07	3.75739e+07
O00303	O00303	EIF3F_HUMAN	EIF3F	Eukaryotic translation initiation factor 3 subunit F	3.80879e+06	4.41631e+06	1.8973e+06	2.64553e+06
O00329	O00329;P42338	PK3CD_HUMAN	PIK3CD	Phosphatidylinositol 4,5-bisphosphate 3-kinase catalytic subunit delta isoform	48151.7	46812.2	89885.9	
O00330	O00330	ODPX_HUMAN	PDHX	Pyruvate dehydrogenase protein X component, mitochondrial	1.91592e+06	1.53032e+06	1.15198e+06	1.75022e+06
O00339	O00339	MATN2_HUMAN	MATN2	Matrilin-2	191683	103098	110544	
O00391	O00391	QSOX1_HUMAN	QSOX1	Sulfhydryl oxidase 1	774060	1.16923e+06	1.76002e+06	1.87788e+06
O00399	O00399	DCTN6_HUMAN	DCTN6	Dynactin subunit 6	850564	1.0858e+06	875959	1.06944e+06
O00400	O00400	ACATN_HUMAN	SLC33A1	Acetyl-coenzyme A transporter 1	51188.8	43901.5	122185	
O00401	O00401	WASL_HUMAN	WASL	Actin nucleation-promoting factor WASL	1.67971e+06	974154	925126	1.43341e+06
O00410	O00410	IPO5_HUMAN	IPO5	Importin-5	1.34918e+06	945735	242713	635015
O00422	O00422	SAP18_HUMAN	SAP18	Histone deacetylase complex subunit SAP18	615836	728205	1.20967e+06	350599
O00423	O00423	EMAL1_HUMAN	EML1	Echinoderm microtubule-associated protein-like 1	483095	195452	703940	
O00429	O00429	DNM1L_HUMAN	DNM1L	Dynamin-1-like protein	875066	601827	784748	1.59236e+06
O00442	O00442	RTCA_HUMAN	RTCA	RNA 3'-terminal phosphate cyclase	1.46308e+06	2.22367e+06	1.54922e+06	1.40657e+06
O00459	O00459	P85B_HUMAN	PIK3R2	Phosphatidylinositol 3-kinase regulatory subunit beta	109703	40966.3	21104.2	
O00461	O00461	GOLI4_HUMAN	GOLIM4	Golgi integral membrane protein 4	2.75938e+06	2.89553e+06	4.19324e+06	3.18503e+06
O00462	O00462	MANBA_HUMAN	MANBA	Beta-mannosidase	899329	1.45919e+06	1.20432e+06	
O00468	O00468	AGRIN_HUMAN	AGRN	Agrin	1.60848e+06	1.83742e+06	2.35531e+06	1.32058e+06
O00469	O00469	PLOD2_HUMAN	PLOD2	Procollagen-lysine,2-oxoglutarate 5-dioxygenase 2	2.39325e+06	818865	1.03177e+06	336616
O00471	O00471	EXOC5_HUMAN	EXOC5	Exocyst complex component 5	711884	253040	744279	
O00478	O00478;O00481;P78410	BT3A3_HUMAN	BTN3A3	Butyrophilin subfamily 3 member A3	1.19353e+06	1.32869e+06	1.17232e+06	592498
O00479	O00479	HMGN4_HUMAN	HMGN4	High mobility group nucleosome-binding domain-containing protein 4	1.40782e+06	3.31868e+06	1.09737e+06	2.31827e+06
O00483	O00483	NDUA4_HUMAN	NDUFA4	Cytochrome c oxidase subunit NDUFA4	1.45672e+06	5.3117e+06	1.13504e+06	5.05888e+06
O00487	O00487	PSDE_HUMAN	PSMD14	26S proteasome non-ATPase regulatory subunit 14	4.32117e+06	3.78197e+06	2.15879e+06	3.37943e+06
O00499	O00499	BIN1_HUMAN	BIN1	Myc box-dependent-interacting protein 1	2.29733e+06	2.58802e+06	2.12818e+06	2.12679e+06
O00505	O00505	IMA4_HUMAN	KPNA3	Importin subunit alpha-4	1.81059e+06	821646	979938	628929
O00506	O00506	STK25_HUMAN	STK25	Serine/threonine-protein kinase 25	97561.7			
O00507	O00507	USP9Y_HUMAN	USP9Y	Probable ubiquitin carboxyl-terminal hydrolase FAF-Y	60352.9	22027.4	81109.3	
O00515	O00515	LAD1_HUMAN	LAD1	Ladinin-1	4.20074e+06	2.35848e+06	1.10853e+06	3.13803e+06
O00533	O00533	NCHL1_HUMAN	CHL1	Neural cell adhesion molecule L1-like protein	219549	359830	641944	321005
O00534	O00534	VMA5A_HUMAN	VWA5A	von Willebrand factor A domain-containing protein 5A	2.00554e+06	4.20181e+06	2.3937e+06	2.17e+06
O00541	O00541	PESC_HUMAN	PES1	Pescadillo homolog	460844	215607	136159	
O00560	O00560	SDCB1_HUMAN	SDCBP	Syntenin-1	1.7132e+06	1.13018e+06	1.64114e+06	458837
O00567	O00567	NOP56_HUMAN	NOP56	Nucleolar protein 56	691801	653970	532649	
O00571	O00571;O15523	DDX3X_HUMAN	DDX3X	ATP-dependent RNA helicase DDX3X	4.62651e+06	3.01212e+06	4.46311e+06	2.32443e+06
O00584	O00584	RNT2_HUMAN	RNASET2	Ribonuclease T2	1.74967e+06	3.03816e+06	2.59826e+06	2.41357e+06
O00585	O00585	CCL21_HUMAN	CCL21	C-C motif chemokine 21		455093		
O00592	O00592	PODXL_HUMAN	PODXL	Podocalyxin	1.40935e+06	864933	526681	
O00602	O00602	FCN1_HUMAN	FCN1	Ficolin-1	477266	271661	1.31701e+06	
O00625	O00625	PIR_HUMAN	PIR	Pirin	1.95791e+06	1.09829e+06	580385	100060
O00629	O00629	IMA3_HUMAN	KPNA4	Importin subunit alpha-3	325756	205926	262825	1.04484e+06
O00635	O00635	TRI38_HUMAN	TRIM38	E3 ubiquitin-protein ligase TRIM38	203926		194964	
O00743	O00743	PPP6_HUMAN	PPP6C	Serine/threonine-protein phosphatase 6 catalytic subunit	988534	992273	703769	298139
O00748	O00748;P22303;Q5XG92	EST2_HUMAN	CES2	Cocaine esterase	9.70748e+06	5.26193e+06	5.21198e+06	4.72118e+06
O00754	O00754	MA2B1_HUMAN	MAN2B1	Lysosomal alpha-mannosidase	1.62272e+06	3.82464e+06	2.12983e+06	1.15854e+06
O00757	O00757	F16P2_HUMAN	FBP2	Fructose-1,6-bisphosphatase isozyme 2	3.69838e+06	4.34043e+06	4.42221e+06	3.29547e+06
O00762	O00762	UBE2C_HUMAN	UBE2C	Ubiquitin-conjugating enzyme E2 C	109161	84622.6		
O00764	O00764	PDXK_HUMAN	PDXK	Pyridoxal kinase	6.03685e+06	6.74553e+06	4.7332e+06	2.08487e+06
O00767	O00767	SCD_HUMAN	SCD	Stearoyl-CoA desaturase	1.08383e+06		712871	
O14493	O14493	CLD4_HUMAN	CLDN4	Claudin-4	2.05342e+06	939009	387879	3.05331e+06
O14494	O14494	PLPP1_HUMAN	PLPP1	Phospholipid phosphatase 1	600563	890761	666433	
O14495	O14495	PLPP3_HUMAN	PLPP3	Phospholipid phosphatase 3	470441	565548	761608	
O14497	O14497	ARI1A_HUMAN	ARID1A	AT-rich interactive domain-containing protein 1A	389029	222334	365542	
O14498	O14498	ISLR_HUMAN	ISLR	Immunoglobulin superfamily containing leucine-rich repeat protein	4.38258e+06	3.00604e+06	2.05247e+06	4.45171e+06
O14519	O14519	CDKA1_HUMAN	CDK2AP1	Cyclin-dependent kinase 2-associated protein 1		30474		
O14521	O14521	DHSD_HUMAN	SDHD	Succinate dehydrogenase [ubiquinone] cytochrome b small subunit, mitochondrial	1.50321e+06	1.98425e+06	2.2847e+06	1.52571e+06
O14530	O14530	TXND9_HUMAN	TXNDC9	Thioredoxin domain-containing protein 9	420870	425123	226193	56555.5
O14545	O14545	TRAD1_HUMAN	TRAFD1	TRAF-type zinc finger domain-containing protein 1		218163		228371
O14548	O14548	COX7R_HUMAN	COX7A2L	Cytochrome c oxidase subunit 7A-related protein, mitochondrial	1.06213e+06	1.17625e+06	856185	4.06198e+06
O14558	O14558	HSPB6_HUMAN	HSPB6	Heat shock protein beta-6	76636.4	846171	578578	703644
O14562	O14562	UBFD1_HUMAN	UBFD1	Ubiquitin domain-containing protein UBFD1	1.42347e+06	1.41147e+06	1.17698e+06	969965
O14569	O14569	C56D2_HUMAN	CYB561D2	Transmembrane reductase CYB561D2	197707	264958	368282	
O14579	O14579	COPE_HUMAN	COPE	Coatomer subunit epsilon	1.94086e+06	3.99033e+06	2.61819e+06	1.98774e+06
O14617	O14617	AP3D1_HUMAN	AP3D1	AP-3 complex subunit delta-1	1.80318e+06	1.20782e+06	1.92908e+06	1.00938e+06
O14618	O14618	CCS_HUMAN	CCS	Copper chaperone for superoxide dismutase	1.51159e+06	2.22829e+06	1.26658e+06	1.99396e+06
O14639	O14639	ABLM1_HUMAN	ABLIM1	Actin-binding LIM protein 1	348607	306863	339653	298960
O14640;P54792;Q92997	O14640;Q92997;P54792	DVL1_HUMAN;DVL3_HUMAN;DVLP1_HUMAN	DVL1;DVL1P1;DVL3	Segment polarity protein dishevelled homolog DVL-1	79358.3	61413.7		
O14653	O14653	GOSR2_HUMAN	GOSR2	Golgi SNAP receptor complex member 2	1.18055e+06	1.18296e+06	1.09988e+06	869227
O14656	O14656	TOR1A_HUMAN	TOR1A	Torsin-1A	547307	753180	348139	
O14657	O14657	TOR1B_HUMAN	TOR1B	Torsin-1B	1.45868e+06	1.79623e+06	2.15271e+06	1.38202e+06
O14662	O14662	STX16_HUMAN	STX16	Syntaxin-16	455418	404495	423246	458536
O14672	O14672	ADA10_HUMAN	ADAM10	Disintegrin and metalloproteinase domain-containing protein 10	2.06768e+06	3.18006e+06	3.17604e+06	3.52053e+06
O14681	O14681	EI24_HUMAN	EI24	Etoposide-induced protein 2.4 homolog	170206	233070	665855	
O14683	O14683	P5I11_HUMAN	TP53I11	Tumor protein p53-inducible protein 11	889642	795198	921216	731678
O14684	O14684	PTGES_HUMAN	PTGES	Prostaglandin E synthase	736447	577982	1.8498e+06	
O14727	O14727	APAF_HUMAN	APAF1	Apoptotic protease-activating factor 1	347147	193072	485345	436931
O14732	O14732	IMPA2_HUMAN	IMPA2	Inositol monophosphatase 2	918688	1.02052e+06	749692	726655
O14734	O14734	ACOT8_HUMAN	ACOT8	Acyl-coenzyme A thioesterase 8	1.31604e+06	990488	738005	513421
O14735	O14735	CDIPT_HUMAN	CDIPT	CDP-diacylglycerol--inositol 3-phosphatidyltransferase	1.05262e+06	906174	2.29465e+06	1.29852e+06
O14737	O14737	PDCD5_HUMAN	PDCD5	Programmed cell death protein 5	5.26053e+06	5.2365e+06	526822	5.11863e+06
O14744	O14744	ANM5_HUMAN	PRMT5	Protein arginine N-methyltransferase 5	2.91278e+06	3.11705e+06	3.59826e+06	2.16379e+06
O14745	O14745	NHRF1_HUMAN	NHERF1	Na(+)/H(+) exchange regulatory cofactor NHE-RF1	1.7712e+07	2.36375e+07	1.80066e+07	1.83801e+07
O14756	O14756	H17B6_HUMAN	HSD17B6	17-beta-hydroxysteroid dehydrogenase type 6	151950	271956	206207	
O14763	O14763	TR10B_HUMAN	TNFRSF10B	Tumor necrosis factor receptor superfamily member 10B		25642.8		
O14772	O14772	FPGT_HUMAN	FPGT	Fucose-1-phosphate guanylyltransferase	338979	222869	291861	
O14773	O14773	TPP1_HUMAN	TPP1	Tripeptidyl-peptidase 1	9.13438e+06	1.93673e+07	7.17326e+06	5.71575e+06
O14776	O14776	TCRG1_HUMAN	TCERG1	Transcription elongation regulator 1	2.16138e+06	1.92525e+06	1.61882e+06	1.42472e+06
O14786	O14786	NRP1_HUMAN	NRP1	Neuropilin-1	548381	605850	478655	419978
O14787	O14787	TNPO2_HUMAN	TNPO2	Transportin-2	752797	452056	197203	
O14791	O14791	APOL1_HUMAN	APOL1	Apolipoprotein L1	1.24968e+06	1.3323e+06	548350	2.38515e+06
O14798	O14798	TR10C_HUMAN	TNFRSF10C	Tumor necrosis factor receptor superfamily member 10C	21418.2		112596	
O14815	O14815	CAN9_HUMAN	CAPN9	Calpain-9		184586	260797	357466
O14817	O14817	TSN4_HUMAN	TSPAN4	Tetraspanin-4	129483	143305	148035	
O14818	O14818	PSA7_HUMAN	PSMA7	Proteasome subunit alpha type-7	1.54362e+07	1.76784e+07	1.43303e+07	9.39553e+06
O14828	O14828	SCAM3_HUMAN	SCAMP3	Secretory carrier-associated membrane protein 3	2.21629e+06	1.3347e+06	917667	2.13074e+06
O14832	O14832	PAHX_HUMAN	PHYH	Phytanoyl-CoA dioxygenase, peroxisomal	960475	1.06966e+06	601905	841637
O14841	O14841	OPLA_HUMAN	OPLAH	5-oxoprolinase	274559	340110	378835	
O14874	O14874	BCKD_HUMAN	BCKDK	[3-methyl-2-oxobutanoate dehydrogenase [lipoamide]] kinase, mitochondrial	46671.6	37050	160607	
O14879	O14879	IFIT3_HUMAN	IFIT3	Interferon-induced protein with tetratricopeptide repeats 3	838484	789991	895322	348490
O14880	O14880	MGST3_HUMAN	MGST3	Glutathione S-transferase 3, mitochondrial	5.8334e+06	5.64939e+06	1.23411e+07	5.33903e+06
O14896	O14896	IRF6_HUMAN	IRF6	Interferon regulatory factor 6	213208	205476	326150	
O14907	O14907	TX1B3_HUMAN	TAX1BP3	Tax1-binding protein 3	4.82689e+06	5.03408e+06	3.74805e+06	5.02655e+06
O14908	O14908;Q8TF64	GIPC1_HUMAN	GIPC1	PDZ domain-containing protein GIPC1	7.39561e+06	6.57005e+06	5.20008e+06	4.94676e+06
O14920	O14920	IKKB_HUMAN	IKBKB	Inhibitor of nuclear factor kappa-B kinase subunit beta	1.64173e+06	1.41287e+06	1.58673e+06	1.01045e+06
O14925	O14925;Q5SRD1	TIM23_HUMAN	TIMM23	Mitochondrial import inner membrane translocase subunit Tim23	636992	262991	498726	
O14929	O14929	HAT1_HUMAN	HAT1	Histone acetyltransferase type B catalytic subunit	1.23191e+06	617904	1.05512e+06	319003
O14933	O14933	UB2L6_HUMAN	UBE2L6	Ubiquitin/ISG15-conjugating enzyme E2 L6	1.28366e+06	1.65198e+06	839448	2.19591e+06
O14936	O14936	CSKP_HUMAN	CASK	Peripheral plasma membrane protein CASK	1.38963e+06	1.20911e+06	1.42751e+06	1.05036e+06
O14949	O14949	QCR8_HUMAN	UQCRQ	Cytochrome b-c1 complex subunit 8	4.56136e+06	4.98551e+06	7.8903e+06	1.27058e+07
O14950;P19105	O14950;P19105	ML12A_HUMAN;ML12B_HUMAN	MYL12A;MYL12B	Myosin regulatory light chain 12B	1.49726e+07	2.13138e+07	1.22519e+07	1.00707e+07
O14957	O14957	QCR10_HUMAN	UQCR11	Cytochrome b-c1 complex subunit 10	1.27724e+06	2.50422e+06	1.51815e+06	
O14964	O14964	HGS_HUMAN	HGS	Hepatocyte growth factor-regulated tyrosine kinase substrate	2.34852e+06	1.30524e+06	1.63505e+06	1.31948e+06
O14965	O14965	AURKA_HUMAN	AURKA	Aurora kinase A	153302		96679.3	
O14966	O14966	RAB7L_HUMAN	RAB29	Ras-related protein Rab-7L1	1.01489e+06	1.07842e+06	462739	708428
O14972	O14972	VP26C_HUMAN	VPS26C	Vacuolar protein sorting-associated protein 26C	814601	1.09648e+06	1.12039e+06	873328
O14974	O14974	MYPT1_HUMAN	PPP1R12A	Protein phosphatase 1 regulatory subunit 12A	4.94172e+06	3.68336e+06	3.99218e+06	4.04781e+06
O14975	O14975	S27A2_HUMAN	SLC27A2	Long-chain fatty acid transport protein 2	116446		678905	372975
O14976	O14976	GAK_HUMAN	GAK	Cyclin-G-associated kinase	764209	867525	1.24674e+06	1.15047e+06
O14979	O14979	HNRDL_HUMAN	HNRNPDL	Heterogeneous nuclear ribonucleoprotein D-like	1.12799e+07	6.99692e+06	4.95088e+06	4.40616e+06
O14980	O14980	XPO1_HUMAN	XPO1	Exportin-1	2.06853e+06	956752	1.25854e+06	1.23384e+06
O14981	O14981	BTAF1_HUMAN	BTAF1	TATA-binding protein-associated factor 172	107046	36789.7		
O15027	O15027	SC16A_HUMAN	SEC16A	Protein transport protein Sec16A	479745	731542	311148	2.31026e+06
O15031	O15031	PLXB2_HUMAN	PLXNB2	Plexin-B2	3.02313e+06	3.12049e+06	3.19176e+06	3.17633e+06
O15042	O15042	SR140_HUMAN	U2SURP	U2 snRNP-associated SURP motif-containing protein	1.90508e+06	3.14854e+06	3.51146e+06	3.20729e+06
O15047	O15047	SET1A_HUMAN	SETD1A	Histone-lysine N-methyltransferase SETD1A	178044		196164	
O15056	O15056	SYNJ2_HUMAN	SYNJ2	Synaptojanin-2	124682		1.00772e+06	227431
O15061	O15061	SYNEM_HUMAN	SYNM	Synemin		34525.8	615526	
O15066	O15066	KIF3B_HUMAN	KIF3B	Kinesin-like protein KIF3B	184023	80037.6		
O15067	O15067	PUR4_HUMAN	PFAS	Phosphoribosylformylglycinamidine synthase	1.55559e+06	2.00601e+06	1.47078e+06	1.28759e+06
O15075	O15075	DCLK1_HUMAN	DCLK1	Serine/threonine-protein kinase DCLK1	59750.8	54133.6	207480	
O15085	O15085	ARHGB_HUMAN	ARHGEF11	Rho guanine nucleotide exchange factor 11	57574.3	24224.5		
O15091	O15091	MRPP3_HUMAN	PRORP	Mitochondrial ribonuclease P catalytic subunit	78350	33403.3	33111.1	
O15111	O15111	IKKA_HUMAN	CHUK	Inhibitor of nuclear factor kappa-B kinase subunit alpha	95945.4	30398.9	155744	
O15116	O15116	LSM1_HUMAN	LSM1	U6 snRNA-associated Sm-like protein LSm1	793724	1.28782e+06	957952	540765
O15117	O15117	FYB1_HUMAN	FYB1	FYN-binding protein 1	1.06825e+06	1.076e+06	1.46478e+06	633088
O15118	O15118	NPC1_HUMAN	NPC1	NPC intracellular cholesterol transporter 1	1.03023e+06	814362	1.09551e+06	353239
O15120	O15120	PLCB_HUMAN	AGPAT2	1-acyl-sn-glycerol-3-phosphate acyltransferase beta	154259	98607.5	400972	
O15121	O15121	DEGS1_HUMAN	DEGS1	Sphingolipid delta(4)-desaturase DES1	95993.6		78263	
O15126	O15126	SCAM1_HUMAN	SCAMP1	Secretory carrier-associated membrane protein 1	771479	718096	426539	1.0627e+06
O15127	O15127	SCAM2_HUMAN	SCAMP2	Secretory carrier-associated membrane protein 2	2.48439e+06	3.8831e+06	3.9335e+06	6.85529e+06
O15143	O15143	ARC1B_HUMAN	ARPC1B	Actin-related protein 2/3 complex subunit 1B	1.28697e+07	1.00366e+07	1.47196e+07	6.34694e+06
O15144	O15144	ARPC2_HUMAN	ARPC2	Actin-related protein 2/3 complex subunit 2	1.48763e+07	1.27904e+07	1.86339e+07	5.75828e+06
O15145	O15145	ARPC3_HUMAN	ARPC3	Actin-related protein 2/3 complex subunit 3	2.65827e+07	2.08559e+07	2.4575e+07	1.63412e+07
O15155	O15155	BET1_HUMAN	BET1	BET1 homolog	700317	673605	587418	220630
O15160	O15160	RPAC1_HUMAN	POLR1C	DNA-directed RNA polymerases I and III subunit RPAC1	934773	581220	443813	635781
O15162	O15162	PLS1_HUMAN	PLSCR1	Phospholipid scramblase 1	1.83429e+06	1.4283e+06	1.97538e+06	694809
O15173	O15173	PGRC2_HUMAN	PGRMC2	Membrane-associated progesterone receptor component 2	4.3585e+06	6.71213e+06	7.38909e+06	6.73441e+06
O15195	O15195	VILL_HUMAN	VILL	Villin-like protein	413517	579974	1.04417e+06	976717
O15212	O15212	PFD6_HUMAN	PFDN6	Prefoldin subunit 6	2.36338e+06	3.09676e+06	1.10431e+06	2.15887e+06
O15230	O15230	LAMA5_HUMAN	LAMA5	Laminin subunit alpha-5	883370	1.0439e+06	1.49431e+06	
O15231	O15231	ZN185_HUMAN	ZNF185	Zinc finger protein 185	320383	445227	304937	905507
O15235	O15235	RT12_HUMAN	MRPS12	Small ribosomal subunit protein uS12m	237808	435537	230674	666237
O15243	O15243	OBRG_HUMAN	LEPROT	Leptin receptor gene-related protein	158589	95595.1	84711.8	
O15247	O15247	CLIC2_HUMAN	CLIC2	Chloride intracellular channel protein 2	593922	1.17469e+06	445987	329841
O15254	O15254	ACOX3_HUMAN	ACOX3	Peroxisomal acyl-coenzyme A oxidase 3	114067	143631	293877	
O15258	O15258	RER1_HUMAN	RER1	Protein RER1	1.73713e+06	2.05998e+06	2.95322e+06	1.48641e+06
O15260	O15260	SURF4_HUMAN	SURF4	Surfeit locus protein 4	2.72643e+06	1.68176e+06	7.26721e+06	3.67757e+06
O15264	O15264	MK13_HUMAN	MAPK13	Mitogen-activated protein kinase 13	1.95595e+06	1.57781e+06	2.09123e+06	2.86137e+06
O15269	O15269	SPTC1_HUMAN	SPTLC1	Serine palmitoyltransferase 1	726531	229566	1.20914e+06	733027
O15270	O15270	SPTC2_HUMAN	SPTLC2	Serine palmitoyltransferase 2	472286		1.20433e+06	
O15294	O15294	OGT1_HUMAN	OGT	UDP-N-acetylglucosamine--peptide N-acetylglucosaminyltransferase 110 kDa subunit	489018	221600	494004	522560
O15305	O15305	PMM2_HUMAN	PMM2	Phosphomannomutase 2	5.07183e+06	6.61846e+06	3.50149e+06	5.08735e+06
O15321	O15321	TM9S1_HUMAN	TM9SF1	Transmembrane 9 superfamily member 1	498640		2.7331e+06	1.45413e+06
O15327	O15327	INP4B_HUMAN	INPP4B	Inositol polyphosphate 4-phosphatase type II	129362	56544.9		
O15344	O15344	TRI18_HUMAN	MID1	E3 ubiquitin-protein ligase Midline-1	217981	171781	190533	
O15347	O15347	HMGB3_HUMAN	HMGB3	High mobility group protein B3	3.72172e+06	2.18989e+06	2.42015e+06	1.52088e+06
O15355	O15355	PPM1G_HUMAN	PPM1G	Protein phosphatase 1G	2.79929e+06	2.59441e+06	1.68019e+06	2.51979e+06
O15357	O15357	SHIP2_HUMAN	INPPL1	Phosphatidylinositol 3,4,5-trisphosphate 5-phosphatase 2	446581	317182	333914	
O15371	O15371	EIF3D_HUMAN	EIF3D	Eukaryotic translation initiation factor 3 subunit D	2.95428e+06	1.87292e+06	2.77881e+06	1.82743e+06
O15372	O15372	EIF3H_HUMAN	EIF3H	Eukaryotic translation initiation factor 3 subunit H	3.32895e+06	3.83027e+06	2.07809e+06	1.4736e+06
O15379	O15379	HDAC3_HUMAN	HDAC3	Histone deacetylase 3	152579	82916.7	125099	
O15382	O15382	BCAT2_HUMAN	BCAT2	Branched-chain-amino-acid aminotransferase, mitochondrial	837097	1.07528e+06	1.27473e+06	1.47139e+06
O15389	O15389	SIGL5_HUMAN	SIGLEC5	Sialic acid-binding Ig-like lectin 5	137327		372772	
O15393	O15393	TMPS2_HUMAN	TMPRSS2	Transmembrane protease serine 2	248830	165297	89686.2	
O15397	O15397	IPO8_HUMAN	IPO8	Importin-8	1.10212e+06	1.29809e+06	1.37486e+06	2.07189e+06
O15400	O15400	STX7_HUMAN	STX7	Syntaxin-7	4.59228e+06	4.40303e+06	3.7373e+06	5.58532e+06
O15409;Q8IVH2;Q9BZS1;Q9H334	O15409;Q8IVH2;Q9BZS1;Q9H334	FOXP1_HUMAN;FOXP2_HUMAN;FOXP3_HUMAN;FOXP4_HUMAN	FOXP1;FOXP2;FOXP3;FOXP4	Forkhead box protein P2	95674			
O15427	O15427	MOT4_HUMAN	SLC16A3	Monocarboxylate transporter 4	1.74762e+06	1.1935e+06	1.79474e+06	371328
O15431	O15431	COPT1_HUMAN	SLC31A1	High affinity copper uptake protein 1	738240	515280	418866	
O15438	O15438	MRP3_HUMAN	ABCC3	ATP-binding cassette sub-family C member 3	683931	604432	1.02073e+06	1.62342e+06
O15439	O15439	MRP4_HUMAN	ABCC4	ATP-binding cassette sub-family C member 4	565240	320736	285967	
O15446	O15446	RPA34_HUMAN	POLR1G	DNA-directed RNA polymerase I subunit RPA34	735093	164906	209027	
O15455	O15455	TLR3_HUMAN	TLR3	Toll-like receptor 3	73827.2	111258	76673.2	
O15460	O15460	P4HA2_HUMAN	P4HA2	Prolyl 4-hydroxylase subunit alpha-2	5.92486e+06	4.46773e+06	5.00435e+06	3.03604e+06
O15484	O15484	CAN5_HUMAN	CAPN5	Calpain-5	770267	616613	1.4296e+06	1.65062e+06
O15498	O15498	YKT6_HUMAN	YKT6	Synaptobrevin homolog YKT6	3.15273e+06	3.01537e+06	2.5277e+06	1.65841e+06
O15511	O15511	ARPC5_HUMAN	ARPC5	Actin-related protein 2/3 complex subunit 5	1.53775e+07	1.62046e+07	1.88802e+07	7.91169e+06
O15530	O15530	PDPK1_HUMAN	PDPK1	3-phosphoinositide-dependent protein kinase 1	200411	149460	164037	
O15533	O15533	TPSN_HUMAN	TAPBP	Tapasin	9.07469e+06	8.99414e+06	8.3364e+06	8.02823e+06
O15541	O15541	R113A_HUMAN	RNF113A	E3 ubiquitin-protein ligase RNF113A	424117	373516		314321
O15551	O14493;O15551;O95484;P56747	CLD3_HUMAN	CLDN3	Claudin-3	7.42239e+06	5.26496e+06	5.17155e+06	8.79973e+06
O15554	O15554	KCNN4_HUMAN	KCNN4	Intermediate conductance calcium-activated potassium channel protein 4	24670.6			
O43143	O43143;O60231;Q14562	DHX15_HUMAN	DHX15	ATP-dependent RNA helicase DHX15	2.77937e+06	1.6087e+06	3.88534e+06	832409
O43148	O43148	MCES_HUMAN	RNMT	mRNA cap guanine-N7 methyltransferase	1.98745e+06	1.84109e+06	1.61701e+06	1.07437e+06
O43149	O43149	ZZEF1_HUMAN	ZZEF1	Zinc finger ZZ-type and EF-hand domain-containing protein 1	219945	183952	459498	492099
O43157	O43157	PLXB1_HUMAN	PLXNB1	Plexin-B1	31916.3	41703.1	61579.8	
O43166	O43166	SI1L1_HUMAN	SIPA1L1	Signal-induced proliferation-associated 1-like protein 1				513209
O43169	O43169	CYB5B_HUMAN	CYB5B	Cytochrome b5 type B	4.9726e+06	8.66111e+06	4.92715e+06	2.56652e+06
O43172	O43172	PRP4_HUMAN	PRPF4	U4/U6 small nuclear ribonucleoprotein Prp4	701146	410052	519390	
O43175	O43175	SERA_HUMAN	PHGDH	D-3-phosphoglycerate dehydrogenase	1.8773e+06	2.56387e+06	1.03279e+06	3.18043e+06
O43181	O43181	NDUS4_HUMAN	NDUFS4	NADH dehydrogenase [ubiquinone] iron-sulfur protein 4, mitochondrial	679221	1.15918e+06	2.5333e+06	2.59563e+06
O43236	O43236	SEPT4_HUMAN	SEPTIN4	Septin-4	128953	112028	70498.6	
O43237	O43237	DC1L2_HUMAN	DYNC1LI2	Cytoplasmic dynein 1 light intermediate chain 2	2.14397e+06	1.73718e+06	1.36197e+06	4.32032e+06
O43240	O43240	KLK10_HUMAN	KLK10	Kallikrein-10	316937	352487	282014	752976
O43242	O43242	PSMD3_HUMAN	PSMD3	26S proteasome non-ATPase regulatory subunit 3	4.12521e+06	2.7703e+06	3.53782e+06	2.82108e+06
O43251;Q9NWB1	O43251;Q9NWB1;A6NFN3	RFOX1_HUMAN;RFOX2_HUMAN	RBFOX1;RBFOX2	RNA binding protein fox-1 homolog 2	703420	597109	541847	389610
O43252	O43252	PAPS1_HUMAN	PAPSS1	Bifunctional 3'-phosphoadenosine 5'-phosphosulfate synthase 1	1.59815e+06	1.39254e+06	1.66552e+06	1.65013e+06
O43264	O43264	ZW10_HUMAN	ZW10	Centromere/kinetochore protein zw10 homolog	105699	16450	121653	
O43278	O43278	SPIT1_HUMAN	SPINT1	Kunitz-type protease inhibitor 1	972971	1.15786e+06	1.349e+06	1.0825e+06
O43286	O43286	B4GT5_HUMAN	B4GALT5	Beta-1,4-galactosyltransferase 5	680434	426297		
O43290	O43290	SNUT1_HUMAN	SART1	U4/U6.U5 tri-snRNP-associated protein 1	508093	406223	434689	
O43291	O43291	SPIT2_HUMAN	SPINT2	Kunitz-type protease inhibitor 2	1.79889e+06	1.55279e+06	1.09405e+06	1.12941e+06
O43292	O43292	GPAA1_HUMAN	GPAA1	Glycosylphosphatidylinositol anchor attachment 1 protein	471572		1.28657e+06	
O43293	O43293	DAPK3_HUMAN	DAPK3	Death-associated protein kinase 3	319580	208863	372096	
O43294	O43294	TGFI1_HUMAN	TGFB1I1	Transforming growth factor beta-1-induced transcript 1 protein	2.97398e+06	1.21173e+06	1.02632e+06	421921
O43301	O43301	HS12A_HUMAN	HSPA12A	Heat shock 70 kDa protein 12A	1.61549e+06	960002	1.03256e+06	
O43314	O43314	VIP2_HUMAN	PPIP5K2	Inositol hexakisphosphate and diphosphoinositol-pentakisphosphate kinase 2	862476	889252	1.24904e+06	
O43318	O43318	M3K7_HUMAN	MAP3K7	Mitogen-activated protein kinase kinase kinase 7	173158	114933	97620.8	
O43324	O43324	MCA3_HUMAN	EEF1E1	Eukaryotic translation elongation factor 1 epsilon-1	1.15226e+06	1.50779e+06	534453	390282
O43390	O43390	HNRPR_HUMAN	HNRNPR	Heterogeneous nuclear ribonucleoprotein R	9.87269e+06	5.58252e+06	7.72736e+06	4.90741e+06
O43395	O43395	PRPF3_HUMAN	PRPF3	U4/U6 small nuclear ribonucleoprotein Prp3	585047	321741	412103	
O43396	O43396	TXNL1_HUMAN	TXNL1	Thioredoxin-like protein 1	8.97943e+06	1.00754e+07	6.62631e+06	5.52022e+06
O43399	O43399	TPD54_HUMAN	TPD52L2	Tumor protein D54	1.36871e+07	1.48372e+07	1.96105e+06	6.06772e+06
O43402	O43402	EMC8_HUMAN	EMC8	ER membrane protein complex subunit 8	779955	433311	737667	1.08549e+06
O43405	O43405	COCH_HUMAN	COCH	Cochlin	124022			
O43414	O43414	ERI3_HUMAN	ERI3	ERI1 exoribonuclease 3	6.84639e+06	7.1144e+06	5.23829e+06	3.89707e+06
O43426	O43426	SYNJ1_HUMAN	SYNJ1	Synaptojanin-1	122405	77553.8	181187	
O43427	O43427	FIBP_HUMAN	FIBP	Acidic fibroblast growth factor intracellular-binding protein	184546	140237	269406	
O43432	O43432	IF4G3_HUMAN	EIF4G3	Eukaryotic translation initiation factor 4 gamma 3	243857	113630	141187	
O43447	O43447	PPIH_HUMAN	PPIH	Peptidyl-prolyl cis-trans isomerase H	2.77612e+06	2.50186e+06	2.04417e+06	1.06089e+06
O43451	O43451	MGA_HUMAN	MGAM	Maltase-glucoamylase	551368	360972	1.31435e+06	
O43464	O43464;P83110	HTRA2_HUMAN	HTRA2	Serine protease HTRA2, mitochondrial	6.80159e+06	6.08268e+06	6.17147e+06	5.08387e+06
O43488	O43488	ARK72_HUMAN	AKR7A2	Aflatoxin B1 aldehyde reductase member 2	2.59709e+06	3.57612e+06	4.15851e+06	5.1241e+06
O43490	O43490	PROM1_HUMAN	PROM1	Prominin-1	269878	243263		
O43491	O43491	E41L2_HUMAN	EPB41L2	Band 4.1-like protein 2	3.84173e+06	4.07016e+06	2.28341e+06	4.10334e+06
O43493	O43493	TGON2_HUMAN	TGOLN2	Trans-Golgi network integral membrane protein 2	1.97055e+06	2.35679e+06	1.61084e+06	2.87998e+06
O43505	O43505	B4GA1_HUMAN	B4GAT1	Beta-1,4-glucuronyltransferase 1	256926	296429	369210	
O43516	O43516	WIPF1_HUMAN	WIPF1	WAS/WASL-interacting protein family member 1	1.93541e+06	2.128e+06	1.40637e+06	2.03326e+06
O43520	O43520	AT8B1_HUMAN	ATP8B1	Phospholipid-transporting ATPase IC	423502	424754	1.23611e+06	1.38065e+06
O43524	O43524	FOXO3_HUMAN	FOXO3	Forkhead box protein O3	86810.4	87610.1	57267.6	
O43556	O43556	SGCE_HUMAN	SGCE	Epsilon-sarcoglycan	519102	794030	511903	
O43566	O43566	RGS14_HUMAN	RGS14	Regulator of G-protein signaling 14	202463	272621		
O43567	O43567	RNF13_HUMAN	RNF13	E3 ubiquitin-protein ligase RNF13	368989	383129	441685	
O43570	O43570	CAH12_HUMAN	CA12	Carbonic anhydrase 12	194778	752270	1.50309e+06	1.1476e+06
O43583	O43583	DENR_HUMAN	DENR	Density-regulated protein	2.61297e+06	2.66011e+06	1.51034e+06	3.24538e+06
O43586	O43586	PPIP1_HUMAN	PSTPIP1	Proline-serine-threonine phosphatase-interacting protein 1	116198		308220	
O43592	O43592	XPOT_HUMAN	XPOT	Exportin-T	700342	399540	354092	
O43598	O43598	DNPH1_HUMAN	DNPH1	2'-deoxynucleoside 5'-phosphate N-hydrolase 1	3.90313e+06	6.98617e+06	2.68194e+06	5.08332e+06
O43615	O43615	TIM44_HUMAN	TIMM44	Mitochondrial import inner membrane translocase subunit TIM44	1.08627e+06	861468	1.39392e+06	1.21305e+06
O43617	O43617	TPPC3_HUMAN	TRAPPC3	Trafficking protein particle complex subunit 3	1.2195e+06	2.15426e+06	590199	1.13912e+06
O43633	O43633	CHM2A_HUMAN	CHMP2A	Charged multivesicular body protein 2a	1.84505e+06	2.2138e+06	1.45925e+06	1.68572e+06
O43639	O43639	NCK2_HUMAN	NCK2	Cytoplasmic protein NCK2	955851	770267	912393	726506
O43657	O43657	TSN6_HUMAN	TSPAN6	Tetraspanin-6	1.38642e+06	1.08894e+06	604071	898315
O43660	O43660	PLRG1_HUMAN	PLRG1	Pleiotropic regulator 1	1.53985e+06	1.21564e+06	1.8332e+06	487688
O43665	O43665	RGS10_HUMAN	RGS10	Regulator of G-protein signaling 10	849402	1.32416e+06	939832	1.25562e+06
O43670	O43670	ZN207_HUMAN	ZNF207	BUB3-interacting and GLEBS motif-containing protein ZNF207	3.95019e+06	3.35489e+06	2.6896e+06	2.02588e+06
O43674	O43674	NDUB5_HUMAN	NDUFB5	NADH dehydrogenase [ubiquinone] 1 beta subcomplex subunit 5, mitochondrial	422445	441903	663668	725956
O43676	O43676	NDUB3_HUMAN	NDUFB3	NADH dehydrogenase [ubiquinone] 1 beta subcomplex subunit 3	858288	1.28833e+06	2.52174e+06	4.4213e+06
O43678	O43678	NDUA2_HUMAN	NDUFA2	NADH dehydrogenase [ubiquinone] 1 alpha subcomplex subunit 2	1.91471e+06	3.2035e+06	5.20413e+06	6.01554e+06
O43681	O43681	GET3_HUMAN	GET3	ATPase GET3	5.4724e+06	5.59476e+06	3.78955e+06	2.31093e+06
O43684	O43684	BUB3_HUMAN	BUB3	Mitotic checkpoint protein BUB3	4.5378e+06	3.64707e+06	3.91334e+06	2.01609e+06
O43688	O43688	PLPP2_HUMAN	PLPP2	Phospholipid phosphatase 2	920803	558154	377088	
O43692	Q9H0B8;O43692	PI15_HUMAN	PI15	Peptidase inhibitor 15			445607	
O43704	O43704	ST1B1_HUMAN	SULT1B1	Sulfotransferase 1B1	796987	2.48631e+06	2.03975e+06	3.95565e+06
O43707	O43707	ACTN4_HUMAN	ACTN4	Alpha-actinin-4	3.48152e+07	1.84969e+07	3.78785e+07	1.59348e+07
O43708	O43708	MAAI_HUMAN	GSTZ1	Maleylacetoacetate isomerase	186517	913963	486764	
O43709	O43709	BUD23_HUMAN	BUD23	Probable 18S rRNA (guanine-N(7))-methyltransferase	583969	391369	71089.3	
O43715	O43715	TRIA1_HUMAN	TRIAP1	TP53-regulated inhibitor of apoptosis 1		398269		
O43716	O43716	GATC_HUMAN	GATC	Glutamyl-tRNA(Gln) amidotransferase subunit C, mitochondrial		228267		
O43719	O43719	HTSF1_HUMAN	HTATSF1	HIV Tat-specific factor 1	1.06497e+06	770074	513230	395494
O43731	O43731	ERD23_HUMAN	KDELR3	ER lumen protein-retaining receptor 3	153941	121734	1.69046e+06	
O43747	O43747	AP1G1_HUMAN	AP1G1	AP-1 complex subunit gamma-1	1.02498e+06	519033	2.10359e+06	933540
O43752	O43752	STX6_HUMAN	STX6	Syntaxin-6	382205	437153		223028
O43759	O43759	SNG1_HUMAN	SYNGR1	Synaptogyrin-1	425430	757784	402660	
O43760	O43760	SNG2_HUMAN	SYNGR2	Synaptogyrin-2	7.76561e+06	1.14271e+07	1.05793e+07	7.89249e+06
O43765	O43765	SGTA_HUMAN	SGTA	Small glutamine-rich tetratricopeptide repeat-containing protein alpha	2.36022e+06	2.8085e+06	900509	1.65405e+06
O43766	O43766	LIAS_HUMAN	LIAS	Lipoyl synthase, mitochondrial			350396	
O43768	O43768	ENSA_HUMAN	ENSA	Alpha-endosulfine	1.74184e+06	2.09858e+06	576041	2.91029e+06
O43772	O43772	MCAT_HUMAN	SLC25A20	Mitochondrial carnitine/acylcarnitine carrier protein	408989	474006	3.14921e+06	1.9699e+06
O43776	O43776	SYNC_HUMAN	NARS1	Asparagine--tRNA ligase, cytoplasmic	7.89135e+06	8.80927e+06	6.48772e+06	6.24899e+06
O43790	O43790;A6NCN2	KRT86_HUMAN	KRT86	Keratin, type II cuticular Hb6	1.17393e+06	538381	179407	634790
O43795	O43795	MYO1B_HUMAN	MYO1B	Unconventional myosin-Ib	1.27098e+06	874780	1.5996e+06	1.39972e+06
O43809	O43809	CPSF5_HUMAN	NUDT21	Cleavage and polyadenylation specificity factor subunit 5	2.87236e+06	2.69416e+06	3.50701e+06	1.42998e+06
O43813	O43813	LANC1_HUMAN	LANCL1	Glutathione S-transferase LANCL1	2.45549e+06	3.42067e+06	2.53306e+06	1.83721e+06
O43815	O43815	STRN_HUMAN	STRN	Striatin	622751	374554	1.36869e+06	1.0909e+06
O43818	O43818	U3IP2_HUMAN	RRP9	U3 small nucleolar RNA-interacting protein 2	780029	662829	571201	
O43819	O43819	SCO2_HUMAN	SCO2	Protein SCO2 homolog, mitochondrial	1.05725e+06	942529	1.00729e+06	1.36606e+06
O43824	O43824	GTPB6_HUMAN	GTPBP6	Putative GTP-binding protein 6	128217	44795.1		
O43826	O43826	G6PT1_HUMAN	SLC37A4	Glucose-6-phosphate exchanger SLC37A4	161601		603508	
O43837	O43837	IDH3B_HUMAN	IDH3B	Isocitrate dehydrogenase [NAD] subunit beta, mitochondrial	1.70656e+06	3.18506e+06	2.07223e+06	2.25353e+06
O43847	O43847	NRDC_HUMAN	NRDC	Nardilysin	1.64207e+06	1.75197e+06	1.95192e+06	1.07465e+06
O43852	O43852	CALU_HUMAN	CALU	Calumenin	1.01854e+07	1.73404e+07	781277	1.09403e+07
O43865	O43865	SAHH2_HUMAN	AHCYL1	S-adenosylhomocysteine hydrolase-like protein 1	2.15118e+07	2.11059e+07	1.8229e+07	1.98072e+07
O43866	O43866	CD5L_HUMAN	CD5L	CD5 antigen-like	936400	582114	641436	1.21016e+06
O43896	O43896	KIF1C_HUMAN	KIF1C	Kinesin-like protein KIF1C	211492	103376	172473	
O43913	O43913	ORC5_HUMAN	ORC5	Origin recognition complex subunit 5	138708		94656.7	
O43920	O43920	NDUS5_HUMAN	NDUFS5	NADH dehydrogenase [ubiquinone] iron-sulfur protein 5	1.37372e+06	1.71615e+06	2.0637e+06	2.61884e+06
O43924	O43924	PDE6D_HUMAN	PDE6D	Retinal rod rhodopsin-sensitive cGMP 3',5'-cyclic phosphodiesterase subunit delta	1.23215e+06	1.31707e+06	1.05142e+06	313912
O43929	O43929	ORC4_HUMAN	ORC4	Origin recognition complex subunit 4	75732.2	6654.27	33584.6	
O60216	O60216;Q9H4I0	RAD21_HUMAN	RAD21	Double-strand-break repair protein rad21 homolog	361207	140968	675570	
O60218	C9JRZ8;O60218	AK1BA_HUMAN	AKR1B10	Aldo-keto reductase family 1 member B10	320965	2.70766e+06	6.72086e+06	1.65152e+06
O60231	O60231	DHX16_HUMAN	DHX16	Pre-mRNA-splicing factor ATP-dependent RNA helicase DHX16	286214	167269	191579	
O60234	O60234	GMFG_HUMAN	GMFG	Glia maturation factor gamma	2.17215e+06	3.15402e+06	2.89887e+06	2.68246e+06
O60237	O60237	MYPT2_HUMAN	PPP1R12B	Protein phosphatase 1 regulatory subunit 12B	497420	635468	674061	1.20404e+06
O60245	O60245	PCDH7_HUMAN	PCDH7	Protocadherin-7	112576	110565	167696	
O60256	O60256	KPRB_HUMAN	PRPSAP2	Phosphoribosyl pyrophosphate synthase-associated protein 2	1.48574e+06	2.73924e+06	2.29823e+06	2.30412e+06
O60264	O60264;P28370	SMCA5_HUMAN	SMARCA5	SWI/SNF-related matrix-associated actin-dependent regulator of chromatin subfamily A member 5	1.46041e+06	495930	1.53914e+06	873754
O60268	O60268	K0513_HUMAN	KIAA0513	Uncharacterized protein KIAA0513		175517		
O60271	O60271	JIP4_HUMAN	SPAG9	C-Jun-amino-terminal kinase-interacting protein 4	1.01243e+06	752443	525590	895003
O60306	O60306	AQR_HUMAN	AQR	RNA helicase aquarius	325609	229792	268166	
O60313	O60313	OPA1_HUMAN	OPA1	Dynamin-like 120 kDa protein, mitochondrial	509394		1.24006e+06	2.43738e+06
O60318	O60318	GANP_HUMAN	MCM3AP	Germinal-center associated nuclear protein	54451		106452	
O60331	O60331	PI51C_HUMAN	PIP5K1C	Phosphatidylinositol 4-phosphate 5-kinase type-1 gamma	254086	269028	308388	
O60333	O60333	KIF1B_HUMAN	KIF1B	Kinesin-like protein KIF1B	338769	269092	304359	
O60341	O60341	KDM1A_HUMAN	KDM1A	Lysine-specific histone demethylase 1A	929320	522551	812878	
O60343	O60343	TBCD4_HUMAN	TBC1D4	TBC1 domain family member 4	614605		160916	
O60359	O60359	CCG3_HUMAN	CACNG3	Voltage-dependent calcium channel gamma-3 subunit	839243	837127	1.31951e+06	2.89128e+06
O60361	O60361	NDK8_HUMAN	NME2P1	Putative nucleoside diphosphate kinase	953711	823142	619350	
O60437	O60437	PEPL_HUMAN	PPL	Periplakin	2.34009e+07	2.67926e+07	4.84276e+07	2.3849e+07
O60443	O60443	GSDME_HUMAN	GSDME	Gasdermin-E	379777	231784	290582	
O60449	O60449	LY75_HUMAN	LY75	Lymphocyte antigen 75	1.4931e+06	2.01924e+06	1.43858e+06	1.51008e+06
O60462	O60462	NRP2_HUMAN	NRP2	Neuropilin-2	534570	331844	274954	
O60476	O60476	MA1A2_HUMAN	MAN1A2	Mannosyl-oligosaccharide 1,2-alpha-mannosidase IB	112006	60400.7	286972	
O60486	O60486	PLXC1_HUMAN	PLXNC1	Plexin-C1	820361	590655	835986	
O60487	O60487	MPZL2_HUMAN	MPZL2	Myelin protein zero-like protein 2	197389	241274	205909	
O60488	O60488	ACSL4_HUMAN	ACSL4	Long-chain-fatty-acid--CoA ligase 4	1.65392e+06	844013	2.59587e+06	1.22083e+06
O60493	O60493	SNX3_HUMAN	SNX3	Sorting nexin-3	5.14143e+06	4.5217e+06	5.19767e+06	4.66731e+06
O60496	O60496	DOK2_HUMAN	DOK2	Docking protein 2	392448	689891	422404	1.16849e+06
O60499	O60499	STX10_HUMAN	STX10	Syntaxin-10	182091	274834		
O60502	O60502	OGA_HUMAN	OGA	Protein O-GlcNAcase	1.27883e+06	627257	712457	1.13593e+06
O60504	O60504	VINEX_HUMAN	SORBS3	Vinexin	1.17434e+06	545046	793433	
O60506	O60506	HNRPQ_HUMAN	SYNCRIP	Heterogeneous nuclear ribonucleoprotein Q	2.64099e+07	1.81783e+07	1.81867e+07	8.51238e+06
O60507	O60507	TPST1_HUMAN	TPST1	Protein-tyrosine sulfotransferase 1	54079.5			
O60512	O60512	B4GT3_HUMAN	B4GALT3	Beta-1,4-galactosyltransferase 3	116676	346281	183457	
O60513	O60513	B4GT4_HUMAN	B4GALT4	Beta-1,4-galactosyltransferase 4	139027	205072	261220	344709
O60518	O60518	RNBP6_HUMAN	RANBP6	Ran-binding protein 6	578847	297354		
O60524	O60524	NEMF_HUMAN	NEMF	Ribosome quality control complex subunit NEMF	950601	1.1199e+06	1.15695e+06	919034
O60547	O60547	GMDS_HUMAN	GMDS	GDP-mannose 4,6 dehydratase	1.24441e+07	2.98045e+07	1.60427e+07	2.00456e+07
O60565	O60565	GREM1_HUMAN	GREM1	Gremlin-1	290886	109799	399875	
O60568	O60568	PLOD3_HUMAN	PLOD3	Multifunctional procollagen lysine hydroxylase and glycosyltransferase LH3	3.33424e+07	2.01186e+07	1.96395e+07	1.31018e+07
O60573	O60573	IF4E2_HUMAN	EIF4E2	Eukaryotic translation initiation factor 4E type 2	825364	782446	885580	
O60575	O60575	ISK4_HUMAN	SPINK4	Serine protease inhibitor Kazal-type 4		1.62565e+06	1.53869e+06	2.35743e+06
O60603	O60603	TLR2_HUMAN	TLR2	Toll-like receptor 2	140503	61511.1	416660	
O60610	O60610	DIAP1_HUMAN	DIAPH1	Protein diaphanous homolog 1	2.25634e+06	1.32679e+06	2.17131e+06	2.08869e+06
O60613	O60613	SEP15_HUMAN	SELENOF	Selenoprotein F	759275	1.05741e+06	1.51778e+06	1.03325e+06
O60635	O60635	TSN1_HUMAN	TSPAN1	Tetraspanin-1	1.07558e+06	1.78162e+06	1.49896e+06	521578
O60637	O60637	TSN3_HUMAN	TSPAN3	Tetraspanin-3	1.04988e+06	1.606e+06	1.76531e+06	2.28668e+06
O60656;Q9HAW7;Q9HAW9	O60656;Q9HAW7;Q9HAW9	UD17_HUMAN;UD18_HUMAN;UD19_HUMAN	UGT1A7;UGT1A8;UGT1A9	UDP-glucuronosyltransferase 1A9			99878.4	
O60664	O60664	PLIN3_HUMAN	PLIN3	Perilipin-3	7.20186e+06	7.89956e+06	3.82641e+06	5.56994e+06
O60669	O60669	MOT2_HUMAN	SLC16A7	Monocarboxylate transporter 2		32681.9		
O60671	O60671	RAD1_HUMAN	RAD1	Cell cycle checkpoint protein RAD1	497707	511826	318659	
O60678	O60678	ANM3_HUMAN	PRMT3	Protein arginine N-methyltransferase 3	433442	114041		
O60684	O60684	IMA7_HUMAN	KPNA6	Importin subunit alpha-7	2.12219e+06	1.37831e+06	1.28705e+06	1.06627e+06
O60701	O60701	UGDH_HUMAN	UGDH	UDP-glucose 6-dehydrogenase	4.15568e+06	6.44172e+06	3.9219e+06	6.89348e+06
O60711	O60711	LPXN_HUMAN	LPXN	Leupaxin	434549	784137	616934	1.17168e+06
O60716	O60716	CTND1_HUMAN	CTNND1	Catenin delta-1	3.78295e+06	2.73191e+06	2.24844e+06	6.83301e+06
O60725	O60725	ICMT_HUMAN	ICMT	Protein-S-isoprenylcysteine O-methyltransferase	148292	19702.6	33367.7	
O60749	O60749;Q13596	SNX2_HUMAN	SNX2	Sorting nexin-2	4.32485e+06	4.52666e+06	4.19842e+06	4.38411e+06
O60760	O60760	HPGDS_HUMAN	HPGDS	Hematopoietic prostaglandin D synthase	341268	958917	353749	554131
O60762	O60762	DPM1_HUMAN	DPM1	Dolichol-phosphate mannosyltransferase subunit 1	2.38676e+06	1.45653e+06	1.88108e+06	996324
O60763	O60763	USO1_HUMAN	USO1	General vesicular transport factor p115	1.47049e+06	1.27737e+06	2.67486e+06	3.08504e+06
O60783	O60783	RT14_HUMAN	MRPS14	Small ribosomal subunit protein uS14m	1.32896e+06		905716	932811
O60784	O60784	TOM1_HUMAN	TOM1	Target of Myb1 membrane trafficking protein	927969	743918	436039	1.10579e+06
O60825	O60825	F262_HUMAN	PFKFB2	6-phosphofructo-2-kinase/fructose-2,6-bisphosphatase 2	2.77781e+06	2.79447e+06	2.67931e+06	2.0421e+06
O60826	O60826	CCD22_HUMAN	CCDC22	Coiled-coil domain-containing protein 22	577992	465280	600489	867529
O60828	O60828	PQBP1_HUMAN	PQBP1	Polyglutamine-binding protein 1	469755	540018	625507	443872
O60830	O60830	TI17B_HUMAN	TIMM17B	Mitochondrial import inner membrane translocase subunit Tim17-B	535992		365625	
O60831	O60831	PRAF2_HUMAN	PRAF2	PRA1 family protein 2	2.11374e+06	1.5167e+06	1.91394e+06	2.02884e+06
O60832	O60832	DKC1_HUMAN	DKC1	H/ACA ribonucleoprotein complex subunit DKC1	1.26726e+06	857655	1.45451e+06	401031
O60841	O60841	IF2P_HUMAN	EIF5B	Eukaryotic translation initiation factor 5B	1.86399e+06	1.66458e+06	1.80296e+06	513649
O60844	O60844	ZG16_HUMAN	ZG16	Zymogen granule membrane protein 16		1.26195e+07	3.13674e+07	3.2257e+07
O60861	O60861	GAS7_HUMAN	GAS7	Growth arrest-specific protein 7	176010	99796	127736	
O60869	O60869	EDF1_HUMAN	EDF1	Endothelial differentiation-related factor 1	6.54711e+06	6.85377e+06	4.51513e+06	5.25919e+06
O60870	O60870	KIN17_HUMAN	KIN	DNA/RNA-binding protein KIN17	235046	132023	235782	
O60879	O60879	DIAP2_HUMAN	DIAPH2	Protein diaphanous homolog 2	717142	435466	606313	455590
O60880	O60880	SH21A_HUMAN	SH2D1A	SH2 domain-containing protein 1A	292024	215407	264030	
O60884	O60884	DNJA2_HUMAN	DNAJA2	DnaJ homolog subfamily A member 2	1.71246e+06	1.51094e+06	1.78709e+06	1.43715e+06
O60885	O60885;Q15059	BRD4_HUMAN	BRD4	Bromodomain-containing protein 4	734932	398271	374387	
O60888	O60888	CUTA_HUMAN	CUTA	Protein CutA	841485	1.57046e+06	967519	
O60911	O60911	CATL2_HUMAN	CTSV	Cathepsin L2	1.7767e+06	1.2589e+06	2.08734e+06	
O60921	O60921	HUS1_HUMAN	HUS1	Checkpoint protein HUS1		79329.5		
O60925	O60925	PFD1_HUMAN	PFDN1	Prefoldin subunit 1	650178	1.93742e+06	466109	1.22682e+06
O60927	O60927	PP1RB_HUMAN	PPP1R11	E3 ubiquitin-protein ligase PPP1R11	656008	621846	374320	2.48341e+06
O60934	O60934	NBN_HUMAN	NBN	Nibrin	669949	387929	545204	355455
O60942	O60942	MCE1_HUMAN	RNGTT	mRNA-capping enzyme	87034.3	53224.1	45476.6	
O75015	O75015	FCG3B_HUMAN	FCGR3B	Low affinity immunoglobulin gamma Fc region receptor III-B	576787	338548	1.40258e+06	
O75023	O75023	LIRB5_HUMAN	LILRB5	Leukocyte immunoglobulin-like receptor subfamily B member 5		24060.6	258153	
O75027	O75027	ABCB7_HUMAN	ABCB7	Iron-sulfur clusters transporter ABCB7, mitochondrial	508928		1.14239e+06	943396
O75044;P0DJJ0;P0DMP2;Q7Z6B7	O75044;P0DJJ0;Q7Z6B7;P0DMP2	SRG2B_HUMAN;SRG2C_HUMAN;SRGP1_HUMAN;SRGP2_HUMAN	SRGAP1;SRGAP2;SRGAP2B;SRGAP2C	SLIT-ROBO Rho GTPase-activating protein 2	87971.1	54049.4	35059.2	
O75063	O75063	XYLK_HUMAN	FAM20B	Glycosaminoglycan xylosylkinase	218466	708231	298987	
O75083	O75083	WDR1_HUMAN	WDR1	WD repeat-containing protein 1	2.3196e+07	2.35862e+07	2.51967e+07	1.641e+07
O75084	O75084;Q14332	FZD7_HUMAN	FZD7	Frizzled-7	306419		258023	
O75110	O75110	ATP9A_HUMAN	ATP9A	Probable phospholipid-transporting ATPase IIA	398662	262668	418162	470522
O75112	O75112	LDB3_HUMAN	LDB3	LIM domain-binding protein 3	37620.2	168507	309276	
O75116	O75116	ROCK2_HUMAN	ROCK2	Rho-associated protein kinase 2	1.59288e+06	849039	1.69518e+06	1.56037e+06
O75127	O75127	PTCD1_HUMAN	PTCD1	Pentatricopeptide repeat-containing protein 1, mitochondrial	218008	103695	137969	
O75131	O75131	CPNE3_HUMAN	CPNE3	Copine-3	9.46294e+06	8.74374e+06	8.9564e+06	3.06902e+06
O75143	O75143	ATG13_HUMAN	ATG13	Autophagy-related protein 13		176901	173609	
O75144	O75144	ICOSL_HUMAN	ICOSLG	ICOS ligand	222433	238238	130110	
O75146	O75146	HIP1R_HUMAN	HIP1R	Huntingtin-interacting protein 1-related protein	173931		301268	328595
O75150	O75150	BRE1B_HUMAN	RNF40	E3 ubiquitin-protein ligase BRE1B	273680	149774	159251	
O75152	O75152	ZC11A_HUMAN	ZC3H11A	Zinc finger CCCH domain-containing protein 11A	1.95346e+06	1.58866e+06	1.54314e+06	
O75153	O75153	CLU_HUMAN	CLUH	Clustered mitochondria protein homolog	817036	260875	441127	675111
O75157	O75157	T22D2_HUMAN	TSC22D2	TSC22 domain family protein 2	126168	107474		49717.4
O75165	O75165	DJC13_HUMAN	DNAJC13	DnaJ homolog subfamily C member 13	2.34342e+06	1.03546e+06	4.21922e+06	861179
O75167	O75167	PHAR2_HUMAN	PHACTR2	Phosphatase and actin regulator 2	34958.2	33069.8		
O75175	O75175	CNOT3_HUMAN	CNOT3	CCR4-NOT transcription complex subunit 3	500062	501761	614703	
O75179	O75179	ANR17_HUMAN	ANKRD17	Ankyrin repeat domain-containing protein 17	1.05307e+06	651104	803896	176660
O75190	O75190	DNJB6_HUMAN	DNAJB6	DnaJ homolog subfamily B member 6	886725	630377	778357	797453
O75191	O75191	XYLB_HUMAN	XYLB	Xylulose kinase	394547	483771	296857	
O75208	O75208	COQ9_HUMAN	COQ9	Ubiquinone biosynthesis protein COQ9, mitochondrial	287427	1.09539e+06	531040	1.38241e+06
O75223	O75223	GGCT_HUMAN	GGCT	Gamma-glutamylcyclotransferase	1.3589e+07	1.22889e+07	8.79302e+06	1.18489e+07
O75251	O75251	NDUS7_HUMAN	NDUFS7	NADH dehydrogenase [ubiquinone] iron-sulfur protein 7, mitochondrial	471516	295986	1.77056e+06	2.18394e+06
O75298	O75298	RTN2_HUMAN	RTN2	Reticulon-2	212184	184695	449282	
O75306	O75306	NDUS2_HUMAN	NDUFS2	NADH dehydrogenase [ubiquinone] iron-sulfur protein 2, mitochondrial	1.10483e+06	481054	3.28505e+06	2.54648e+06
O75310;P06133;P16662;P36537	P06133;P16662;O75310;P36537	UD2B4_HUMAN;UD2B7_HUMAN;UDB10_HUMAN;UDB11_HUMAN	UGT2B10;UGT2B11;UGT2B4;UGT2B7	UDP-glucuronosyltransferase 2B11			299234	
O75312	O75312	ZPR1_HUMAN	ZPR1	Zinc finger protein ZPR1	1.27304e+06	1.11435e+06	575877	976841
O75323	O75323	NIPS2_HUMAN	NIPSNAP2	Protein NipSnap homolog 2	2.68075e+06	2.93556e+06	4.30985e+06	4.09953e+06
O75340	O75340	PDCD6_HUMAN	PDCD6	Programmed cell death protein 6	3.01798e+06	4.84701e+06	4.19089e+06	1.69424e+06
O75342	O75342	LX12B_HUMAN	ALOX12B	Arachidonate 12-lipoxygenase, 12R-type	55590.6	191249	249909	544137
O75347	O75347	TBCA_HUMAN	TBCA	Tubulin-specific chaperone A	7.43774e+06	7.7417e+06	6.9727e+06	7.73663e+06
O75348	O75348	VATG1_HUMAN	ATP6V1G1	V-type proton ATPase subunit G 1	3.39075e+06	4.16268e+06	3.89831e+06	4.2408e+06
O75351	O75351	VPS4B_HUMAN	VPS4B	Vacuolar protein sorting-associated protein 4B	2.98666e+06	3.45125e+06	3.55062e+06	3.57371e+06
O75352	O75352	MPU1_HUMAN	MPDU1	Mannose-P-dolichol utilization defect 1 protein	1.67115e+06	1.88972e+06	3.13097e+06	4.50074e+06
O75356	O75356	ENTP5_HUMAN	ENTPD5	Nucleoside diphosphate phosphatase ENTPD5	719898	1.49409e+06	1.703e+06	2.08117e+06
O75363	O75363	BCAS1_HUMAN	BCAS1	Breast carcinoma-amplified sequence 1	219348	3.3523e+06	2.13968e+06	1.08895e+07
O75367	O75367	H2AY_HUMAN	MACROH2A1	Core histone macro-H2A.1	2.7837e+06	2.10899e+06	7.42765e+06	1.44794e+06
O75368	O75368	SH3L1_HUMAN	SH3BGRL	Adapter SH3BGRL	6.96726e+06	1.62803e+07	1.18582e+07	8.08377e+06
O75369	O75369	FLNB_HUMAN	FLNB	Filamin-B	2.56229e+07	9.49419e+06	2.66609e+07	1.44967e+07
O75376	O75376	NCOR1_HUMAN	NCOR1	Nuclear receptor corepressor 1	303098	168728		
O75379	O75379	VAMP4_HUMAN	VAMP4	Vesicle-associated membrane protein 4	140015	134569	118636	
O75380	O75380	NDUS6_HUMAN	NDUFS6	NADH dehydrogenase [ubiquinone] iron-sulfur protein 6, mitochondrial	740733	981959	1.5616e+06	3.58342e+06
O75381	O75381	PEX14_HUMAN	PEX14	Peroxisomal membrane protein PEX14	247784	189837	266207	362555
O75382	O75382	TRIM3_HUMAN	TRIM3	Tripartite motif-containing protein 3	572855		617128	
O75390	O75390	CISY_HUMAN	CS	Citrate synthase, mitochondrial	5.44984e+06	5.7915e+06	1.11204e+07	1.32085e+07
O75391	O75391	SPAG7_HUMAN	SPAG7	Sperm-associated antigen 7	718410	702211	551025	370770
O75396	O75396	SC22B_HUMAN	SEC22B	Vesicle-trafficking protein SEC22b	4.67933e+06	6.73446e+06	6.52749e+06	8.88927e+06
O75400	O75400	PR40A_HUMAN	PRPF40A	Pre-mRNA-processing factor 40 homolog A	389552		870430	
O75410	O75410;O95359	TACC1_HUMAN	TACC1	Transforming acidic coiled-coil-containing protein 1	638938	617505	1.02835e+06	233378
O75414	O75414	NDK6_HUMAN	NME6	Nucleoside diphosphate kinase 6	244588	229641	89931.1	
O75427	O75427	LRCH4_HUMAN	LRCH4	Leucine-rich repeat and calponin homology domain-containing protein 4	561218	330591	648346	1.42653e+06
O75431	O75431	MTX2_HUMAN	MTX2	Metaxin-2	1.13367e+06	1.13499e+06	959703	
O75436	O75436	VP26A_HUMAN	VPS26A	Vacuolar protein sorting-associated protein 26A	6.84335e+06	4.80145e+06	9.91338e+06	4.16031e+06
O75438	O75438	NDUB1_HUMAN	NDUFB1	NADH dehydrogenase [ubiquinone] 1 beta subcomplex subunit 1		614551	363107	1.98116e+06
O75439	O75439	MPPB_HUMAN	PMPCB	Mitochondrial-processing peptidase subunit beta	2.02286e+06	1.29429e+06	2.53368e+06	3.59118e+06
O75475	O75475	PSIP1_HUMAN	PSIP1	PC4 and SFRS1-interacting protein	1.65232e+06	1.54992e+06	1.70135e+06	1.08937e+06
O75477	O75477	ERLN1_HUMAN	ERLIN1	Erlin-1	218045		1.07746e+06	794273
O75487	O75487	GPC4_HUMAN	GPC4	Glypican-4	611428	580938	433143	
O75489	O75489	NDUS3_HUMAN	NDUFS3	NADH dehydrogenase [ubiquinone] iron-sulfur protein 3, mitochondrial	1.46347e+06	1.13038e+06	5.81462e+06	5.40846e+06
O75494	O75494	SRS10_HUMAN	SRSF10	Serine/arginine-rich splicing factor 10	743438	510379	1.54727e+06	
O75503	O75503	CLN5_HUMAN	CLN5	Ceroid-lipofuscinosis neuronal protein 5	767440	1.18927e+06	637277	
O75521	O75521	ECI2_HUMAN	ECI2	Enoyl-CoA delta isomerase 2	619537	1.0578e+06	990239	1.04882e+06
O75525	O75525	KHDR3_HUMAN	KHDRBS3	KH domain-containing, RNA-binding, signal transduction-associated protein 3	1.55325e+06	704011	294210	
O75530	O75530	EED_HUMAN	EED	Polycomb protein EED	181793	114721	179727	
O75531	O75531	BAF_HUMAN	BANF1	Barrier-to-autointegration factor	478840	2.2607e+06	587505	
O75533	O75533	SF3B1_HUMAN	SF3B1	Splicing factor 3B subunit 1	1.41134e+06	790588	1.16406e+06	743081
O75534	O75534	CSDE1_HUMAN	CSDE1	Cold shock domain-containing protein E1	3.08237e+06	2.76384e+06	2.66758e+06	1.73745e+06
O75558	O75558	STX11_HUMAN	STX11	Syntaxin-11	302403	852724	799591	
O75563	O75563	SKAP2_HUMAN	SKAP2	Src kinase-associated phosphoprotein 2	1.15534e+06	1.26051e+06	2.54234e+06	559556
O75569	O75569	PRKRA_HUMAN	PRKRA	Interferon-inducible double-stranded RNA-dependent protein kinase activator A	878341	698796	803581	393694
O75582	O75582	KS6A5_HUMAN	RPS6KA5	Ribosomal protein S6 kinase alpha-5	76769.4	79135.1	80119.2	
O75586	O75586	MED6_HUMAN	MED6	Mediator of RNA polymerase II transcription subunit 6	85328.6	47476.9	37522.9	
O75594	O75594	PGRP1_HUMAN	PGLYRP1	Peptidoglycan recognition protein 1	2.802e+06	940308	3.47218e+06	
O75607	O75607	NPM3_HUMAN	NPM3	Nucleoplasmin-3	1.19627e+06	762063	516243	
O75608	O75608	LYPA1_HUMAN	LYPLA1	Acyl-protein thioesterase 1	6.08735e+06	6.96441e+06	2.26877e+06	4.71738e+06
O75616	O75616	ERAL1_HUMAN	ERAL1	GTPase Era, mitochondrial	688862	221612	248561	
O75618;Q9NWM3	O75618;Q9NWM3	CUED1_HUMAN;DEDD_HUMAN	CUEDC1;DEDD	Death effector domain-containing protein	40318.9			
O75629	O75629	CREG1_HUMAN	CREG1	Protein CREG1	1.04267e+06	1.67223e+06	1.55207e+06	
O75636	O75636	FCN3_HUMAN	FCN3	Ficolin-3	626724	724303	583559	
O75643	O75643	U520_HUMAN	SNRNP200	U5 small nuclear ribonucleoprotein 200 kDa helicase	1.12575e+06	451351	1.57079e+06	627436
O75648	O75648	MTU1_HUMAN	TRMU	Mitochondrial tRNA-specific 2-thiouridylase 1	192932	395666	278661	
O75663	O75663	TIPRL_HUMAN	TIPRL	TIP41-like protein	1.93679e+06	1.90115e+06	1.44352e+06	1.06277e+06
O75674	O75674	TM1L1_HUMAN	TOM1L1	TOM1-like protein 1	381965	352695	241908	
O75676	O75676	KS6A4_HUMAN	RPS6KA4	Ribosomal protein S6 kinase alpha-4	426023	236318	237629	318217
O75683	O75683	SURF6_HUMAN	SURF6	Surfeit locus protein 6	159533			
O75688	O75688;P35813	PPM1B_HUMAN	PPM1B	Protein phosphatase 1B	1.44667e+06	2.11018e+06	1.69961e+06	1.79148e+06
O75689	O75689	ADAP1_HUMAN	ADAP1	Arf-GAP with dual PH domain-containing protein 1	738846	413572	255806	
O75691	O75691	UTP20_HUMAN	UTP20	Small subunit processome component 20 homolog	62813.6	416943	165632	
O75694	O75694	NU155_HUMAN	NUP155	Nuclear pore complex protein Nup155	82705.4		444209	349121
O75695	O75695	XRP2_HUMAN	RP2	Protein XRP2	1.24486e+06	1.08521e+06	1.67636e+06	726757
O75718	O75718	CRTAP_HUMAN	CRTAP	Cartilage-associated protein	3.04075e+06	1.78649e+06	1.10902e+06	504362
O75746	O75746	S2512_HUMAN	SLC25A12	Electrogenic aspartate/glutamate antiporter SLC25A12, mitochondrial	342558		1.0847e+06	878767
O75764	O75764	TCEA3_HUMAN	TCEA3	Transcription elongation factor A protein 3	337100	316617	475227	957134
O75781	O75781	PALM_HUMAN	PALM	Paralemmin-1	414283	463729		
O75791	O75791	GRAP2_HUMAN	GRAP2	GRB2-related adapter protein 2	230614	369802	456179	
O75792	O75792	RNH2A_HUMAN	RNASEH2A	Ribonuclease H2 subunit A	995054	994001		668147
O75794	O75794	CD123_HUMAN	CDC123	Cell division cycle protein 123 homolog	1.08993e+06	564126	322665	
O75795	O75795;P54855	UDB17_HUMAN	UGT2B17	UDP-glucuronosyltransferase 2B17	138417	286743	2.0236e+06	2.19882e+06
O75817	O75817	POP7_HUMAN	POP7	Ribonuclease P protein subunit p20	365347	284422	302830	
O75818	O75818	RPP40_HUMAN	RPP40	Ribonuclease P protein subunit p40	475695	335844	207223	
O75821	O75821	EIF3G_HUMAN	EIF3G	Eukaryotic translation initiation factor 3 subunit G	5.25141e+06	3.20956e+06	4.8952e+06	2.96875e+06
O75822	O75822	EIF3J_HUMAN	EIF3J	Eukaryotic translation initiation factor 3 subunit J	3.03461e+06	3.71954e+06	1.99601e+06	3.11111e+06
O75828	O75828	CBR3_HUMAN	CBR3	Carbonyl reductase [NADPH] 3	8.17108e+06	5.64509e+06	2.84246e+06	4.6044e+06
O75832	O75832	PSD10_HUMAN	PSMD10	26S proteasome non-ATPase regulatory subunit 10	1.84523e+06	2.79833e+06	2.94537e+06	2.71412e+06
O75843	O75843	AP1G2_HUMAN	AP1G2	AP-1 complex subunit gamma-like 2	395059	248560	1.0383e+06	3.07342e+06
O75844	O75844	FACE1_HUMAN	ZMPSTE24	CAAX prenyl protease 1 homolog	1.26875e+06	1.00433e+06	2.80766e+06	2.02125e+06
O75864	O75864	PPR37_HUMAN	PPP1R37	Protein phosphatase 1 regulatory subunit 37	124639			
O75874	O75874	IDHC_HUMAN	IDH1	Isocitrate dehydrogenase [NADP] cytoplasmic	1.68294e+07	2.12464e+07	1.62249e+07	1.50919e+07
O75879	O75879	GATB_HUMAN	GATB	Glutamyl-tRNA(Gln) amidotransferase subunit B, mitochondrial	676036	522287	229352	701811
O75880	O75880	SCO1_HUMAN	SCO1	Protein SCO1 homolog, mitochondrial	1.94532e+06	3.5016e+06	2.54142e+06	2.59746e+06
O75881	O75881	CP7B1_HUMAN	CYP7B1	Cytochrome P450 7B1	179518	102260	335134	
O75882	O75882	ATRN_HUMAN	ATRN	Attractin	778308	640274	526852	214814
O75884	O75884	RBBP9_HUMAN	RBBP9	Serine hydrolase RBBP9	1.67821e+06	2.33114e+06	865610	918854
O75886	O75886	STAM2_HUMAN	STAM2	Signal transducing adapter molecule 2	590128	327421	361240	878410
O75891	O75891	AL1L1_HUMAN	ALDH1L1	Cytosolic 10-formyltetrahydrofolate dehydrogenase	542449	685134	831738	690275
O75907	O75907	DGAT1_HUMAN	DGAT1	Diacylglycerol O-acyltransferase 1	480519	518639	1.10371e+06	
O75909	O75909	CCNK_HUMAN	CCNK	Cyclin-K	740004	636721	514895	
O75915	O75915	PRAF3_HUMAN	ARL6IP5	PRA1 family protein 3	1.47444e+07	1.48849e+07	1.10855e+07	1.00908e+07
O75923	O75923	DYSF_HUMAN	DYSF	Dysferlin	1.1309e+06	683789	1.94872e+06	383949
O75934	O75934	SPF27_HUMAN	BCAS2	Pre-mRNA-splicing factor SPF27	168847	68908.6	137212	
O75935	O75935	DCTN3_HUMAN	DCTN3	Dynactin subunit 3	740076	911114	844652	664093
O75937	O75937	DNJC8_HUMAN	DNAJC8	DnaJ homolog subfamily C member 8	3.53113e+06	3.57396e+06	3.09386e+06	2.11581e+06
O75940	O75940	SPF30_HUMAN	SMNDC1	Survival of motor neuron-related-splicing factor 30	337254	370545		
O75947	O75947	ATP5H_HUMAN	ATP5PD	ATP synthase subunit d, mitochondrial	3.24655e+06	7.40791e+06	849269	1.13893e+07
O75954	O75954	TSN9_HUMAN	TSPAN9	Tetraspanin-9	503242	487461	306077	
O75955	O75955	FLOT1_HUMAN	FLOT1	Flotillin-1	2.03717e+06	2.43223e+06	1.40919e+06	3.09068e+06
O75964	O75964	ATP5L_HUMAN	ATP5MG	ATP synthase subunit g, mitochondrial	5.04832e+06	5.25546e+06	5.45335e+06	1.94531e+07
O75976	O75976	CBPD_HUMAN	CPD	Carboxypeptidase D	1.35721e+07	1.48608e+07	1.21131e+07	1.36946e+07
O75995	O75995	SASH3_HUMAN	SASH3	SAM and SH3 domain-containing protein 3	737320	1.4196e+06	1.19119e+06	296601
O76003	O76003	GLRX3_HUMAN	GLRX3	Glutaredoxin-3	1.41626e+07	8.98646e+06	7.67018e+06	3.39996e+06
O76011	O76011;Q14525	KRT34_HUMAN	KRT34	Keratin, type I cuticular Ha4	434788	211548		298423
O76015	O76015	KRT38_HUMAN	KRT38	Keratin, type I cuticular Ha8		1.87953e+06	4.0084e+06	505663
O76021	O76021	RL1D1_HUMAN	RSL1D1	Ribosomal L1 domain-containing protein 1	779062	391138	1.0209e+06	
O76024	O76024	WFS1_HUMAN	WFS1	Wolframin	514215	447585	1.17866e+06	948826
O76031	O76031	CLPX_HUMAN	CLPX	ATP-dependent Clp protease ATP-binding subunit clpX-like, mitochondrial	885209	778501	585917	749511
O76038	O76038	SEGN_HUMAN	SCGN	Secretagogin		479459	682775	554244
O76041	O76041;P20929	NEBL_HUMAN	NEBL	Nebulette	1.32389e+06	784393	983360	595402
O76054	O76054	S14L2_HUMAN	SEC14L2	SEC14-like protein 2	1.34355e+06	690088		
O76070	O76070	SYUG_HUMAN	SNCG	Gamma-synuclein	99641.3	273159		
O76071	O76071	CIAO1_HUMAN	CIAO1	Probable cytosolic iron-sulfur protein assembly protein CIAO1	1.19086e+06	1.19866e+06	1.00915e+06	765733
O76074	O76074	PDE5A_HUMAN	PDE5A	cGMP-specific 3',5'-cyclic phosphodiesterase	168599		290377	
O76075	O76075	DFFB_HUMAN	DFFB	DNA fragmentation factor subunit beta	225699	324251	94549.7	
O76080	O76080	ZFAN5_HUMAN	ZFAND5	AN1-type zinc finger protein 5	94355.6	70495.7		
O76094	O76094	SRP72_HUMAN	SRP72	Signal recognition particle subunit SRP72	888540	911082	855254	1.41582e+06
O76095	O76095	JTB_HUMAN	JTB	Protein JTB	1.15525e+06	872457	916029	1.8081e+06
O76096	O76096	CYTF_HUMAN	CST7	Cystatin-F	171302		423269	
O94760	O94760	DDAH1_HUMAN	DDAH1	N(G),N(G)-dimethylarginine dimethylaminohydrolase 1	1.18827e+07	1.6794e+07	8.78959e+06	2.08373e+07
O94763	O94763	RMP_HUMAN	URI1	Unconventional prefoldin RPB5 interactor 1	639795	374482	536113	
O94766	O94766	B3GA3_HUMAN	B3GAT3	Galactosylgalactosylxylosylprotein 3-beta-glucuronosyltransferase 3	182397	126233	342059	
O94768	O94768	ST17B_HUMAN	STK17B	Serine/threonine-protein kinase 17B	156204			
O94776	O94776	MTA2_HUMAN	MTA2	Metastasis-associated protein MTA2	2.32996e+06	1.07757e+06	1.98851e+06	857890
O94788	O94788	AL1A2_HUMAN	ALDH1A2	Retinal dehydrogenase 2	891310	896671	538056	
O94804	O94804	STK10_HUMAN	STK10	Serine/threonine-protein kinase 10	611113	490355	588279	308257
O94811	O94811	TPPP_HUMAN	TPPP	Tubulin polymerization-promoting protein	238155	173663	231476	
O94818	O94818;Q96MY1	NOL4_HUMAN	NOL4	Nucleolar protein 4	442890	218246		
O94819	O94819	KBTBB_HUMAN	KBTBD11	Kelch repeat and BTB domain-containing protein 11	373160	283808	581365	333911
O94822	O94822	LTN1_HUMAN	LTN1	E3 ubiquitin-protein ligase listerin	418714		528399	
O94826	O94826	TOM70_HUMAN	TOMM70	Mitochondrial import receptor subunit TOM70	4.57324e+06	2.5359e+06	1.97825e+06	2.63751e+06
O94832	O94832	MYO1D_HUMAN	MYO1D	Unconventional myosin-Id	1.37656e+06	806889	1.85991e+06	1.57177e+06
O94842	O94842	TOX4_HUMAN	TOX4	TOX high mobility group box family member 4	263306	257218	371902	117109
O94851	O94851;Q7RTP6	MICA2_HUMAN	MICAL2	[F-actin]-monooxygenase MICAL2	305888	78675.5	251533	
O94855	O94855	SC24D_HUMAN	SEC24D	Protein transport protein Sec24D	878356	485159	1.66048e+06	2.24104e+06
O94874	O94874;Q92845	UFL1_HUMAN	UFL1	E3 UFM1-protein ligase 1	2.34539e+06	3.08282e+06	2.35388e+06	3.74345e+06
O94875	O94875	SRBS2_HUMAN	SORBS2	Sorbin and SH3 domain-containing protein 2	320445	353796	399827	
O94880	O94880	PHF14_HUMAN	PHF14	PHD finger protein 14	98824.5		160682	
O94886	O94886	CSCL1_HUMAN	TMEM63A	CSC1-like protein 1	1.1358e+06	679515	594427	572080
O94887	O94887	FARP2_HUMAN	FARP2	FERM, ARHGEF and pleckstrin domain-containing protein 2	123748	79874.3	194525	
O94888	O94888	UBXN7_HUMAN	UBXN7	UBX domain-containing protein 7	563145	472049	181566	
O94901	O94901	SUN1_HUMAN	SUN1	SUN domain-containing protein 1	89920.7	148063	347111	
O94903	O94903	PLPHP_HUMAN	PLPBP	Pyridoxal phosphate homeostasis protein	2.37288e+06	3.69043e+06	3.42507e+06	4.65414e+06
O94905	O75477;O94905	ERLN2_HUMAN	ERLIN2	Erlin-2	830877	440003	6.47029e+06	5.09577e+06
O94906	O94906	PRP6_HUMAN	PRPF6	Pre-mRNA-processing factor 6	869182	208632	945360	147736
O94911	O94911	ABCA8_HUMAN	ABCA8	ABC-type organic anion transporter ABCA8		32286.8	97162.7	
O94915	O94915;Q5TBA9	FRYL_HUMAN	FRYL	Protein furry homolog-like	296817		782515	518309
O94919	O94919	ENDD1_HUMAN	ENDOD1	Endonuclease domain-containing 1 protein	948248	633898	2.06546e+06	2.82584e+06
O94923	O94923	GLCE_HUMAN	GLCE	D-glucuronyl C5-epimerase	266408	311455	468652	395208
O94925	O94925	GLSK_HUMAN	GLS	Glutaminase kidney isoform, mitochondrial	4.85689e+06	1.80582e+06	1.88397e+06	2.42771e+06
O94956	O94956	SO2B1_HUMAN	SLCO2B1	Solute carrier organic anion transporter family member 2B1	85153.1	52484.3		
O94966	O94966	UBP19_HUMAN	USP19	Ubiquitin carboxyl-terminal hydrolase 19	293356	176999	294583	247197
O94973	O94973	AP2A2_HUMAN	AP2A2	AP-2 complex subunit alpha-2	1.81651e+06	818524	2.87218e+06	1.59863e+06
O94979	O94979	SC31A_HUMAN	SEC31A	Protein transport protein Sec31A	4.48313e+06	4.23501e+06	5.10391e+06	5.01553e+06
O94985	O94985	CSTN1_HUMAN	CLSTN1	Calsyntenin-1	329877	259281	339947	162871
O94992	O94992	HEXI1_HUMAN	HEXIM1	Protein HEXIM1	751753	260542	1.15365e+06	544988
O95049	O95049	ZO3_HUMAN	TJP3	Tight junction protein ZO-3	224793	367094	556072	789446
O95059	O95059	RPP14_HUMAN	RPP14	Ribonuclease P protein subunit p14	209376	207338	226367	
O95070	O95070	YIF1A_HUMAN	YIF1A	Protein YIF1A	337629	206580	465454	
O95071	O95071	UBR5_HUMAN	UBR5	E3 ubiquitin-protein ligase UBR5	1.35929e+06	1.51253e+06	1.67233e+06	
O95081	O95081	AGFG2_HUMAN	AGFG2	Arf-GAP domain and FG repeat-containing protein 2	320303	261446	256168	659965
O95084	O95084	PRS23_HUMAN	PRSS23	Serine protease 23	102868			
O95104	O95104;Q9UPN6	SCAF4_HUMAN	SCAF4	SR-related and CTD-associated factor 4	598595	387225	443419	
O95136	O95136	S1PR2_HUMAN	S1PR2	Sphingosine 1-phosphate receptor 2	84796.8	55829.7		
O95139	O95139	NDUB6_HUMAN	NDUFB6	NADH dehydrogenase [ubiquinone] 1 beta subcomplex subunit 6	483946	442473	1.30374e+06	2.07644e+06
O95140	O95140	MFN2_HUMAN	MFN2	Mitofusin-2	129966		225899	
O95149	O95149	SPN1_HUMAN	SNUPN	Snurportin-1	284501	212730	207457	
O95154	O95154	ARK73_HUMAN	AKR7A3	Aflatoxin B1 aldehyde reductase member 3	841283	1.14094e+06	1.80031e+06	1.49471e+06
O95159	O95159	ZFPL1_HUMAN	ZFPL1	Zinc finger protein-like 1	585966		420531	591989
O95163	O95163	ELP1_HUMAN	ELP1	Elongator complex protein 1	447017	216686	554080	750154
O95164	O95164	UBL3_HUMAN	UBL3	Ubiquitin-like protein 3	314891	635070	758509	716165
O95166	O95166;Q9H0R8	GBRAP_HUMAN	GABARAP	Gamma-aminobutyric acid receptor-associated protein	508353	831584	1.06015e+06	
O95168	O95168	NDUB4_HUMAN	NDUFB4	NADH dehydrogenase [ubiquinone] 1 beta subcomplex subunit 4	1.37686e+06	1.31376e+06	3.32687e+06	7.04391e+06
O95169	O95169	NDUB8_HUMAN	NDUFB8	NADH dehydrogenase [ubiquinone] 1 beta subcomplex subunit 8, mitochondrial	357395	401214	1.3094e+06	2.90969e+06
O95182	O95182	NDUA7_HUMAN	NDUFA7	NADH dehydrogenase [ubiquinone] 1 alpha subcomplex subunit 7	424993	887349	1.32298e+06	2.10806e+06
O95183	O95183	VAMP5_HUMAN	VAMP5	Vesicle-associated membrane protein 5	742049	1.34885e+06	656027	1.24338e+06
O95197	O95197	RTN3_HUMAN	RTN3	Reticulon-3	1.3075e+07	7.73172e+06	2.17926e+07	8.23046e+06
O95202	O95202	LETM1_HUMAN	LETM1	Mitochondrial proton/calcium exchanger protein	2.44148e+06	2.33997e+06	2.90153e+06	2.4647e+06
O95208	O95208	EPN2_HUMAN	EPN2	Epsin-2	2.55763e+06	2.75501e+06	2.45502e+06	1.74921e+06
O95210	O95210	STBD1_HUMAN	STBD1	Starch-binding domain-containing protein 1	421065	456211	1.03295e+06	180629
O95218	O95218	ZRAB2_HUMAN	ZRANB2	Zinc finger Ran-binding domain-containing protein 2	1.81945e+06	1.95758e+06	1.01526e+06	1.77772e+06
O95219	O95219	SNX4_HUMAN	SNX4	Sorting nexin-4	629024	412277	508368	732829
O95232	O95232	LC7L3_HUMAN	LUC7L3	Luc7-like protein 3	984386	756574	842863	440748
O95236	O95236	APOL3_HUMAN	APOL3	Apolipoprotein L3	222874	478229	330627	
O95239	O95239;Q2VIQ3	KIF4A_HUMAN	KIF4A	Chromosome-associated kinesin KIF4A	122598			
O95248	O95248;Q86WG5	MTMR5_HUMAN	SBF1	Myotubularin-related protein 5	108145		134933	
O95249	O95249	GOSR1_HUMAN	GOSR1	Golgi SNAP receptor complex member 1	663205	643834	743201	1.06853e+06
O95260	O95260	ATE1_HUMAN	ATE1	Arginyl-tRNA--protein transferase 1	388537	344456	423921	
O95292	O95292	VAPB_HUMAN	VAPB	Vesicle-associated membrane protein-associated protein B/C	5.61636e+06	3.55361e+06	2.20317e+06	2.65827e+06
O95295	O95295	SNAPN_HUMAN	SNAPIN	SNARE-associated protein Snapin	229619	445913	352872	231905
O95297	O95297	MPZL1_HUMAN	MPZL1	Myelin protein zero-like protein 1	1.07924e+06	1.08184e+06	799945	1.39469e+06
O95298	O95298	NDUC2_HUMAN	NDUFC2	NADH dehydrogenase [ubiquinone] 1 subunit C2	2.9131e+06	3.72766e+06	3.53488e+06	9.77135e+06
O95299	O95299	NDUAA_HUMAN	NDUFA10	NADH dehydrogenase [ubiquinone] 1 alpha subcomplex subunit 10, mitochondrial	1.74356e+06	1.03688e+06	1.71077e+06	3.34714e+06
O95302	O95302	FKBP9_HUMAN	FKBP9	Peptidyl-prolyl cis-trans isomerase FKBP9	1.00966e+07	5.78647e+06	2.81121e+06	1.96672e+06
O95319	O95319	CELF2_HUMAN	CELF2	CUGBP Elav-like family member 2	2.05503e+06	2.0781e+06	2.30488e+06	1.26065e+06
O95336	O95336	6PGL_HUMAN	PGLS	6-phosphogluconolactonase	2.53552e+06	3.42784e+06	1.43041e+06	5.37658e+06
O95340	O95340	PAPS2_HUMAN	PAPSS2	Bifunctional 3'-phosphoadenosine 5'-phosphosulfate synthase 2	1.98572e+06	2.08235e+06	4.68675e+06	3.65242e+06
O95347	O95347	SMC2_HUMAN	SMC2	Structural maintenance of chromosomes protein 2	801383	137355	562276	
O95352	O95352	ATG7_HUMAN	ATG7	Ubiquitin-like modifier-activating enzyme ATG7	1.06134e+06	724894	1.47098e+06	234928
O95359	O95359	TACC2_HUMAN	TACC2	Transforming acidic coiled-coil-containing protein 2	157645	95582.8	211620	
O95361	O95361	TRI16_HUMAN	TRIM16	Tripartite motif-containing protein 16	426031	378415	340791	
O95363	O95363	SYFM_HUMAN	FARS2	Phenylalanine--tRNA ligase, mitochondrial	947455	1.28582e+06	1.0379e+06	676725
O95372	O95372	LYPA2_HUMAN	LYPLA2	Acyl-protein thioesterase 2	3.41726e+06	6.38267e+06	2.18386e+06	3.66596e+06
O95373	O95373	IPO7_HUMAN	IPO7	Importin-7	4.08237e+06	1.77332e+06	1.76277e+06	901705
O95376	O95376	ARI2_HUMAN	ARIH2	E3 ubiquitin-protein ligase ARIH2	465455	344178	490615	
O95379	O95379	TFIP8_HUMAN	TNFAIP8	Tumor necrosis factor alpha-induced protein 8	670913	1.14189e+06	522205	498327
O95394	O95394	AGM1_HUMAN	PGM3	Phosphoacetylglucosamine mutase	1.70771e+06	2.41702e+06	1.64279e+06	1.74253e+06
O95395	O95395	GCNT3_HUMAN	GCNT3	Beta-1,3-galactosyl-O-glycosyl-glycoprotein beta-1,6-N-acetylglucosaminyltransferase 3		290323	649912	348009
O95396	O95396	MOCS3_HUMAN	MOCS3	Adenylyltransferase and sulfurtransferase MOCS3	397974	390442	202346	
O95400	O95400	CD2B2_HUMAN	CD2BP2	CD2 antigen cytoplasmic tail-binding protein 2	1.26785e+06	2.10658e+06	482913	790644
O95407	O95407	TNF6B_HUMAN	TNFRSF6B	Tumor necrosis factor receptor superfamily member 6B	551975	222472	79319.2	
O95425	O95425	SVIL_HUMAN	SVIL	Supervillin	1.54362e+06	767112	2.39092e+06	
O95428	O95428	PPN_HUMAN	PAPLN	Papilin		186932	128027	
O95433	O95433	AHSA1_HUMAN	AHSA1	Activator of 90 kDa heat shock protein ATPase homolog 1	4.19382e+06	3.13344e+06	3.26008e+06	3.26447e+06
O95445	O95445	APOM_HUMAN	APOM	Apolipoprotein M	1.43245e+06	2.04625e+06	1.7146e+06	2.59184e+06
O95453	O95453	PARN_HUMAN	PARN	Poly(A)-specific ribonuclease PARN	869028	444631	572377	
O95456	O95456	PSMG1_HUMAN	PSMG1	Proteasome assembly chaperone 1	1.55475e+06	1.17716e+06	948886	1.53971e+06
O95466	O95466;Q96PY5	FMNL1_HUMAN	FMNL1	Formin-like protein 1	1.35469e+06	1.12898e+06	1.71672e+06	1.14385e+06
O95470	O95470	SGPL1_HUMAN	SGPL1	Sphingosine-1-phosphate lyase 1	1.21205e+06	463951	732177	721385
O95471	O95471	CLD7_HUMAN	CLDN7	Claudin-7	1.83313e+06	2.64221e+06	2.88225e+06	530330
O95478	O95478	NSA2_HUMAN	NSA2	Ribosome biogenesis protein NSA2 homolog	63621.5			
O95479	O95479	G6PE_HUMAN	H6PD	GDH/6PGL endoplasmic bifunctional protein	1.53749e+06	1.26924e+06	1.89245e+06	1.19408e+06
O95486	O95486	SC24A_HUMAN	SEC24A	Protein transport protein Sec24A	756874	580355	1.91367e+06	1.32205e+06
O95487	O95487	SC24B_HUMAN	SEC24B	Protein transport protein Sec24B	320119	122095	826061	738092
O95490	O95490	AGRL2_HUMAN	ADGRL2	Adhesion G protein-coupled receptor L2	97334.7	153682	99731.1	
O95497	O95497	VNN1_HUMAN	VNN1	Pantetheinase	591871	432111	1.11936e+06	
O95498	O95498	VNN2_HUMAN	VNN2	Pantetheine hydrolase VNN2	739389	786360	2.28837e+06	
O95528	O95528	GTR10_HUMAN	SLC2A10	Solute carrier family 2, facilitated glucose transporter member 10	48926.7	14081.5	65118.3	
O95544	O95544	NADK_HUMAN	NADK	NAD kinase	414453	420881	585962	1.25828e+06
O95551	O95551	TYDP2_HUMAN	TDP2	Tyrosyl-DNA phosphodiesterase 2	658195	585086	731686	1.40887e+06
O95562	O95562	SFT2B_HUMAN	SFT2D2	Vesicle transport protein SFT2B	1.04875e+06	509081	697380	341496
O95563	O95563	MPC2_HUMAN	MPC2	Mitochondrial pyruvate carrier 2	384583	382859	785252	349430
O95571	O95571	ETHE1_HUMAN	ETHE1	Persulfide dioxygenase ETHE1, mitochondrial	1.47781e+07	2.22489e+07	1.17125e+07	2.81057e+07
O95573	O95573	ACSL3_HUMAN	ACSL3	Fatty acid CoA ligase Acsl3	1.95367e+06	641658	2.36287e+06	1.40967e+06
O95602	O95602	RPA1_HUMAN	POLR1A	DNA-directed RNA polymerase I subunit RPA1	671826	242968	390155	
O95628	O95628	CNOT4_HUMAN	CNOT4	CCR4-NOT transcription complex subunit 4	763196	717459	843533	
O95630	O95630	STABP_HUMAN	STAMBP	STAM-binding protein	1.45913e+06	1.53296e+06	1.34671e+06	1.44037e+06
O95644;Q12968;Q13469;Q14934	O95644;Q12968;Q13469;Q14934	NFAC1_HUMAN;NFAC2_HUMAN;NFAC3_HUMAN;NFAC4_HUMAN	NFATC1;NFATC2;NFATC3;NFATC4	Nuclear factor of activated T-cells, cytoplasmic 1		65952.3		
O95671	O95671	ASML_HUMAN	ASMTL	Probable bifunctional dTTP/UTP pyrophosphatase/methyltransferase protein	1.02044e+06	629017	510327	
O95674	O95674	CDS2_HUMAN	CDS2	Phosphatidate cytidylyltransferase 2	798399	410500	983148	768421
O95684	O95684	CEP43_HUMAN	CEP43	Centrosomal protein 43	636228	809756		1.25501e+06
O95685	O95685	PPR3D_HUMAN	PPP1R3D	Protein phosphatase 1 regulatory subunit 3D	458671	271857	180584	
O95715	O95715	CXL14_HUMAN	CXCL14	C-X-C motif chemokine 14	97876.7			
O95716	O95716;P20336	RAB3D_HUMAN	RAB3D	Ras-related protein Rab-3D	828819	1.57339e+06	919966	1.4086e+06
O95721	O95721	SNP29_HUMAN	SNAP29	Synaptosomal-associated protein 29	1.75063e+06	2.1288e+06	854046	2.24092e+06
O95747	O95747	OXSR1_HUMAN	OXSR1	Serine/threonine-protein kinase OSR1	2.4259e+06	2.1461e+06	2.6507e+06	2.38913e+06
O95749	O95749	GGPPS_HUMAN	GGPS1	Geranylgeranyl pyrophosphate synthase	623030	490426		323731
O95757	O95757	HS74L_HUMAN	HSPA4L	Heat shock 70 kDa protein 4L	953796	1.46483e+06	1.61519e+06	836544
O95758	O95758	PTBP3_HUMAN	PTBP3	Polypyrimidine tract-binding protein 3	1.83851e+06	1.11011e+06	1.40281e+06	1.27614e+06
O95777	O95777	LSM8_HUMAN	LSM8	U6 snRNA-associated Sm-like protein LSm8	4.33616e+06	5.7871e+06	3.86123e+06	2.36133e+06
O95782	O95782	AP2A1_HUMAN	AP2A1	AP-2 complex subunit alpha-1	1.79977e+06	816449	2.53771e+06	1.28282e+06
O95786	O95786	RIGI_HUMAN	RIGI	Antiviral innate immune response receptor RIG-I	605424	526941	468381	
O95793	O95793	STAU1_HUMAN	STAU1	Double-stranded RNA-binding protein Staufen homolog 1	1.47886e+06	837298	957927	344312
O95801	O95801	TTC4_HUMAN	TTC4	Tetratricopeptide repeat protein 4	300391	159454	389552	229733
O95810	O95810	CAVN2_HUMAN	CAVIN2	Caveolae-associated protein 2	561064	1.23329e+06	1.10308e+06	1.18184e+06
O95816	O95816	BAG2_HUMAN	BAG2	BAG family molecular chaperone regulator 2	225391	172883	464293	
O95817	O95817	BAG3_HUMAN	BAG3	BAG family molecular chaperone regulator 3	967793	901868	760151	343731
O95819	O95819	M4K4_HUMAN	MAP4K4	Mitogen-activated protein kinase kinase kinase kinase 4	416784	142757	280842	
O95822	O95822	DCMC_HUMAN	MLYCD	Malonyl-CoA decarboxylase, mitochondrial	283398		443509	1.35787e+06
O95825	O95825	QORL1_HUMAN	CRYZL1	Quinone oxidoreductase-like protein 1	594915	474699	630970	82265.3
O95831	O95831	AIFM1_HUMAN	AIFM1	Apoptosis-inducing factor 1, mitochondrial	2.55162e+06	1.68516e+06	4.04378e+06	5.31286e+06
O95832	O95832	CLD1_HUMAN	CLDN1	Claudin-1	610282	373065		
O95833	O95833	CLIC3_HUMAN	CLIC3	Chloride intracellular channel protein 3	204772	220828	291371	164487
O95834	O95834	EMAL2_HUMAN	EML2	Echinoderm microtubule-associated protein-like 2	1.64836e+06	3.35386e+06	4.26133e+06	4.40015e+06
O95848	O95848	NUD14_HUMAN	NUDT14	Uridine diphosphate glucose pyrophosphatase NUDT14	182223	305623	209975	
O95857	Q12999;O95857	TSN13_HUMAN	TSPAN13	Tetraspanin-13	625639	781163	1.02832e+06	3.79807e+06
O95858	O95858	TSN15_HUMAN	TSPAN15	Tetraspanin-15	529804	670863	697235	333206
O95861	O95861	BPNT1_HUMAN	BPNT1	3'(2'),5'-bisphosphate nucleotidase 1	3.41287e+06	4.87191e+06	3.31481e+06	3.36972e+06
O95865	O95865	DDAH2_HUMAN	DDAH2	N(G),N(G)-dimethylarginine dimethylaminohydrolase 2	2.83105e+06	3.30262e+06	1.0331e+06	2.58925e+06
O95870	O95870	ABHGA_HUMAN	ABHD16A	Phosphatidylserine lipase ABHD16A	369042	194270	452251	477815
O95881	O95881	TXD12_HUMAN	TXNDC12	Thioredoxin domain-containing protein 12	1.00725e+07	1.37928e+07	8.11813e+06	8.39431e+06
O95900	O95900	TRUB2_HUMAN	TRUB2	Pseudouridylate synthase TRUB2, mitochondrial	100884	104659	77082.5	
O95967	O95967	FBLN4_HUMAN	EFEMP2	EGF-containing fibulin-like extracellular matrix protein 2	1.09923e+06	652411	680819	336292
O95980	O95980	RECK_HUMAN	RECK	Reversion-inducing cysteine-rich protein with Kazal motifs	361657	336660	239781	
O95983	O95983	MBD3_HUMAN	MBD3	Methyl-CpG-binding domain protein 3	97518.4			
O95985	O95985	TOP3B_HUMAN	TOP3B	DNA topoisomerase 3-beta-1	119608		121653	
O95989	O95989	NUDT3_HUMAN	NUDT3	Diphosphoinositol polyphosphate phosphohydrolase 1	2.71391e+06	2.62397e+06	2.7844e+06	1.09937e+06
O95994	O95994	AGR2_HUMAN	AGR2	Anterior gradient protein 2 homolog	4.91562e+07	3.6891e+08	4.73904e+08	5.05419e+08
O95999	O95999	BCL10_HUMAN	BCL10	B-cell lymphoma/leukemia 10	321682	349089	292371	281389
O96000	O96000	NDUBA_HUMAN	NDUFB10	NADH dehydrogenase [ubiquinone] 1 beta subcomplex subunit 10	1.4853e+06	1.55541e+06	3.42295e+06	4.06309e+06
O96005	O96005	CLPT1_HUMAN	CLPTM1	Putative lipid scramblase CLPTM1	1.49604e+06	802045	2.21646e+06	1.01714e+06
O96007	O96007	MOC2B_HUMAN	MOCS2	Molybdopterin synthase catalytic subunit	224301	330194	216154	
O96008	O96008	TOM40_HUMAN	TOMM40	Mitochondrial import receptor subunit TOM40 homolog	2.69911e+06	1.62159e+06	1.24106e+06	1.29434e+06
O96011	O96011	PX11B_HUMAN	PEX11B	Peroxisomal membrane protein 11B	499341	425394	798452	675163
O96013	O96013;Q9P286	PAK4_HUMAN	PAK4	Serine/threonine-protein kinase PAK 4	467920	235483	516720	
O96017	O96017	CHK2_HUMAN	CHEK2	Serine/threonine-protein kinase Chk2	926689	793260	407301	
O96019	O96019	ACL6A_HUMAN	ACTL6A	Actin-like protein 6A	1.36249e+07	7.13574e+06	1.54415e+07	1.00525e+07
P00156	P00156	CYB_HUMAN	MT-CYB	Cytochrome b	500226	133230	3.20694e+06	1.39442e+06
P00167	P00167	CYB5_HUMAN	CYB5A	Cytochrome b5	1.75411e+06	5.43973e+06	1.89053e+06	4.81844e+06
P00325	P00325;P08319	ADH1B_HUMAN	ADH1B	All-trans-retinol dehydrogenase [NAD(+)] ADH1B	707616	1.66132e+07	1.6252e+07	2.22293e+07
P00326	P00326	ADH1G_HUMAN	ADH1C	Alcohol dehydrogenase 1C		1.02792e+06	1.58646e+06	7.95573e+06
P00338	P00338	LDHA_HUMAN	LDHA	L-lactate dehydrogenase A chain	1.11649e+08	7.86418e+07	5.13602e+07	7.38482e+07
P00352	P00352	AL1A1_HUMAN	ALDH1A1	Aldehyde dehydrogenase 1A1	3.21969e+06	1.10476e+07	7.4668e+06	6.31999e+06
P00367	P00367;P49448	DHE3_HUMAN	GLUD1	Glutamate dehydrogenase 1, mitochondrial	1.00313e+07	1.22581e+07	7.68048e+06	8.47587e+06
P00374	P00374;Q86XF0	DYR_HUMAN	DHFR	Dihydrofolate reductase	726985	317444	435004	2.09759e+06
P00387	P00387	NB5R3_HUMAN	CYB5R3	NADH-cytochrome b5 reductase 3	6.32397e+06	4.30145e+06	1.0563e+07	3.83718e+06
P00390	P00390	GSHR_HUMAN	GSR	Glutathione reductase, mitochondrial	1.05111e+07	2.07425e+07	1.72627e+07	1.50062e+07
P00395	P00395	COX1_HUMAN	MT-CO1	Cytochrome c oxidase subunit 1	775511		2.50402e+06	1.64964e+06
P00403	P00403	COX2_HUMAN	MT-CO2	Cytochrome c oxidase subunit 2	1.64887e+06	738748	5.69575e+06	2.93867e+07
P00414	P00414	COX3_HUMAN	MT-CO3	Cytochrome c oxidase subunit 3	42675.3		601017	
P00441	P00441	SODC_HUMAN	SOD1	Superoxide dismutase [Cu-Zn]	6.32152e+07	7.88607e+07	4.75318e+07	1.04364e+08
P00450	P00450	CERU_HUMAN	CP	Ceruloplasmin	2.55e+07	3.09621e+07	2.73192e+07	1.97514e+07
P00480	P00480	OTC_HUMAN	OTC	Ornithine transcarbamylase, mitochondrial		477149	170519	
P00488	P00488	F13A_HUMAN	F13A1	Coagulation factor XIII A chain	3.59256e+06	3.46292e+06	4.37613e+06	8.91123e+06
P00491	P00491	PNPH_HUMAN	PNP	Purine nucleoside phosphorylase	6.87555e+06	8.8925e+06	9.22146e+06	4.60467e+06
P00492	P00492	HPRT_HUMAN	HPRT1	Hypoxanthine-guanine phosphoribosyltransferase	4.84152e+06	4.2664e+06	3.01313e+06	2.13931e+06
P00505	P00505	AATM_HUMAN	GOT2	Aspartate aminotransferase, mitochondrial	6.89938e+06	5.23602e+06	7.03034e+06	1.39048e+07
P00519	P00519	ABL1_HUMAN	ABL1	Tyrosine-protein kinase ABL1	169689	121990	203721	
P00533	P00533	EGFR_HUMAN	EGFR	Epidermal growth factor receptor	451398	343297	698282	975363
P00558	P00558	PGK1_HUMAN	PGK1	Phosphoglycerate kinase 1	5.36768e+07	6.29798e+07	5.19031e+07	3.58667e+07
P00568	P00568	KAD1_HUMAN	AK1	Adenylate kinase isoenzyme 1	2.23767e+06	3.28715e+06	2.98285e+06	2.7727e+06
P00734	P00734	THRB_HUMAN	F2	Prothrombin	5.70035e+06	7.31941e+06	6.65635e+06	7.52569e+06
P00736	P00736	C1R_HUMAN	C1R	Complement C1r subcomponent	2.58567e+06	1.98475e+06	2.05688e+06	1.21211e+06
P00738	P00738	HPT_HUMAN	HP	Haptoglobin	6.53627e+07	7.18681e+07	5.59523e+07	6.67673e+07
P00739	P00739	HPTR_HUMAN	HPR	Haptoglobin-related protein	1.25974e+06	1.43485e+06	796406	942958
P00740	P00740	FA9_HUMAN	F9	Coagulation factor IX	1.04623e+06	1.70054e+06	1.25293e+06	1.32702e+06
P00742	P00742	FA10_HUMAN	F10	Coagulation factor X	770548	1.07341e+06	880935	1.01284e+06
P00746	P00746	CFAD_HUMAN	CFD	Complement factor D	632576	776602	1.34356e+06	
P00747	P00747;P08519	PLMN_HUMAN	PLG	Plasminogen	3.88488e+06	7.0737e+06	7.08655e+06	4.34395e+06
P00748	P00748	FA12_HUMAN	F12	Coagulation factor XII	739405	767180	935325	772200
P00749	P00749	UROK_HUMAN	PLAU	Urokinase-type plasminogen activator	303732	114835	239758	
P00751	P00751	CFAB_HUMAN	CFB	Complement factor B	7.27367e+06	6.93801e+06	6.89613e+06	6.29965e+06
P00813	P00813	ADA_HUMAN	ADA	Adenosine deaminase	3.40223e+06	4.62051e+06	1.47189e+06	1.84048e+06
P00846	P00846	ATP6_HUMAN	MT-ATP6	ATP synthase subunit a	750951	664351	3.16096e+06	2.03611e+06
P00915	P00915	CAH1_HUMAN	CA1	Carbonic anhydrase 1	7.80784e+07	1.25441e+08	6.60743e+07	2.88215e+07
P00918	P00918	CAH2_HUMAN	CA2	Carbonic anhydrase 2	1.75253e+07	3.43972e+07	3.65943e+07	3.05848e+07
P00966	P00966	ASSY_HUMAN	ASS1	Argininosuccinate synthase	1.21192e+07	2.04281e+07	1.00226e+07	1.6302e+07
P00973	P00973	OAS1_HUMAN	OAS1	2'-5'-oligoadenylate synthase 1	692029	647773	1.94598e+06	900341
P00995	P00995	ISK1_HUMAN	SPINK1	Serine protease inhibitor Kazal-type 1		725135	517374	2.59127e+06
P01008	P01008	ANT3_HUMAN	SERPINC1	Antithrombin-III	8.9349e+06	1.29449e+07	1.14964e+07	9.02101e+06
P01009	P01009	A1AT_HUMAN	SERPINA1	Alpha-1-antitrypsin	6.47421e+07	9.16477e+07	6.64541e+07	5.82557e+07
P01011	P01011	AACT_HUMAN	SERPINA3	Alpha-1-antichymotrypsin	1.63366e+07	2.11165e+07	2.04874e+07	1.2981e+07
P01019	P01019	ANGT_HUMAN	AGT	Angiotensinogen	2.62758e+06	3.17512e+06	1.60855e+06	2.23892e+06
P01023	P01023	A2MG_HUMAN	A2M	Alpha-2-macroglobulin	5.74605e+07	4.86486e+07	4.86183e+07	3.33881e+07
P01024	P01024	CO3_HUMAN	C3	Complement C3	3.36235e+07	3.12663e+07	3.66259e+07	2.40026e+07
P01031	P01031	CO5_HUMAN	C5	Complement C5	2.13571e+06	2.21672e+06	2.85201e+06	1.20239e+06
P01033	P01033	TIMP1_HUMAN	TIMP1	Metalloproteinase inhibitor 1	3.75044e+06	3.03718e+06	3.11648e+06	1.9529e+06
P01034	P01034	CYTC_HUMAN	CST3	Cystatin-C	3.9346e+06	7.38227e+06	4.80606e+06	1.16875e+07
P01036	P01036	CYTS_HUMAN	CST4	Cystatin-S	1.51913e+06	191671		
P01037	P01037	CYTN_HUMAN	CST1	Cystatin-SN	878632			
P01040	P01040	CYTA_HUMAN	CSTA	Cystatin-A	2.04133e+06	5.41153e+06	1.0135e+07	9.76798e+06
P01042	P01042	KNG1_HUMAN	KNG1	Kininogen-1	9.0193e+06	1.15559e+07	9.0809e+06	9.86819e+06
P01111	P01111;P01112	RASN_HUMAN	NRAS	GTPase NRas	1.64691e+06	1.97325e+06	1.24691e+06	1.43071e+06
P01112	P01112	RASH_HUMAN	HRAS	GTPase HRas	527219	523556	299094	
P01116	P01116	RASK_HUMAN	KRAS	GTPase KRas	4.71889e+06	5.44453e+06	4.81291e+06	4.39177e+06
P01130	P01130	LDLR_HUMAN	LDLR	Low-density lipoprotein receptor	229885	198948		
P01137	P01137	TGFB1_HUMAN	TGFB1	Transforming growth factor beta-1 proprotein	800441	673710	1.06428e+06	
P01275	P01275	GLUC_HUMAN	GCG	Pro-glucagon		71148.8		386806
P01344	P01344	IGF2_HUMAN	IGF2	Insulin-like growth factor II	279354	171931	54801.4	
P01584	P01584	IL1B_HUMAN	IL1B	Interleukin-1 beta			522963	
P01591	P01591	IGJ_HUMAN	JCHAIN	Immunoglobulin J chain	5.14698e+06	4.80146e+07	3.14516e+07	9.42308e+07
P01593	P01593	KVD33_HUMAN	IGKV1D-33	Immunoglobulin kappa variable 1D-33	1.1841e+06	1.79828e+06	1.27978e+06	1.96616e+06
P01599	P01599	KV117_HUMAN	IGKV1-17	Immunoglobulin kappa variable 1-17	412185	545292	613851	191716
P01602	P01602;P0DOX7	KV105_HUMAN	IGKV1-5	Immunoglobulin kappa variable 1-5	1.79243e+06	2.55115e+06	2.83421e+06	
P01614	P01614	KVD40_HUMAN	IGKV2D-40	Immunoglobulin kappa variable 2D-40	5.03826e+06	6.95251e+06	9.06939e+06	1.36584e+07
P01619	P01619	KV320_HUMAN	IGKV3-20	Immunoglobulin kappa variable 3-20	1.56181e+07	3.55839e+07	2.88244e+07	3.0947e+07
P01700	P01700	LV147_HUMAN	IGLV1-47	Immunoglobulin lambda variable 1-47	9.51893e+06	1.37163e+07	1.34169e+07	1.28382e+07
P01701	P01701	LV151_HUMAN	IGLV1-51	Immunoglobulin lambda variable 1-51	2.10913e+06	3.06188e+06	3.70031e+06	3.22683e+06
P01703	P01703	LV140_HUMAN	IGLV1-40	Immunoglobulin lambda variable 1-40	374550	473609	350791	400492
P01704	P01704	LV214_HUMAN	IGLV2-14	Immunoglobulin lambda variable 2-14	102408		785866	516573
P01706	P01706	LV211_HUMAN	IGLV2-11	Immunoglobulin lambda variable 2-11	159805	2.23795e+06	1.43968e+06	125605
P01709	P01706;P01709;P0DOX8	LV208_HUMAN	IGLV2-8	Immunoglobulin lambda variable 2-8	2.87214e+06	1.3769e+07	8.04673e+06	7.17375e+06
P01714	P01714	LV319_HUMAN	IGLV3-19	Immunoglobulin lambda variable 3-19	1.37865e+06	1.65626e+06	1.85349e+06	1.64463e+06
P01717;P01718	P01717;P01718	LV325_HUMAN;LV327_HUMAN	IGLV3-25;IGLV3-27	Immunoglobulin lambda variable 3-25	1.70685e+06	2.47755e+06	3.25867e+06	1.95314e+06
P01721	P01721	LV657_HUMAN	IGLV6-57	Immunoglobulin lambda variable 6-57	277174	702158	538746	841700
P01730	P01730	CD4_HUMAN	CD4	T-cell surface glycoprotein CD4	122487	242744	265197	
P01732	P01732	CD8A_HUMAN	CD8A	T-cell surface glycoprotein CD8 alpha chain	76219.5	93630.6	299854	
P01742	P01742	HV169_HUMAN	IGHV1-69	Immunoglobulin heavy variable 1-69	5.96295e+06	1.0049e+07	8.42792e+06	5.24249e+06
P01743	P01743	HV146_HUMAN	IGHV1-46	Immunoglobulin heavy variable 1-46	427760	471480	752007	
P01766	P01766	HV313_HUMAN	IGHV3-13	Immunoglobulin heavy variable 3-13	284562	274954	325679	120761
P01768	P01768;P01772;P0DP02	HV330_HUMAN	IGHV3-30	Immunoglobulin heavy variable 3-30	3.70723e+06	8.37634e+06	5.42247e+06	3.20813e+06
P01780	P01780	HV307_HUMAN	IGHV3-7	Immunoglobulin heavy variable 3-7	1.09662e+07	6.37242e+07	2.48374e+07	2.35955e+07
P01782;P0DP04	P01782;P0DP04	HV309_HUMAN;HV43D_HUMAN	IGHV3-43D;IGHV3-9	Immunoglobulin heavy variable 3-9	492756	979322	709365	567043
P01833	P01833	PIGR_HUMAN	PIGR	Polymeric immunoglobulin receptor	2.29362e+06	1.5058e+07	1.99075e+07	3.70061e+07
P01834	P01834;P0DOX7	IGKC_HUMAN	IGKC	Immunoglobulin kappa constant	8.71232e+07	2.12825e+08	1.40956e+08	1.64169e+08
P01857	P01857;P01859;P0DOX5	IGHG1_HUMAN	IGHG1	Immunoglobulin heavy constant gamma 1	2.73287e+08	4.13993e+08	3.44904e+08	3.0328e+08
P01859	P01859	IGHG2_HUMAN	IGHG2	Immunoglobulin heavy constant gamma 2	3.06685e+07	3.94833e+07	3.00394e+07	3.71857e+07
P01860	P01860	IGHG3_HUMAN	IGHG3	Immunoglobulin heavy constant gamma 3	2.03517e+08	3.89281e+08	3.01573e+08	3.49225e+08
P01861	P01861	IGHG4_HUMAN	IGHG4	Immunoglobulin heavy constant gamma 4	944995	682907	604294	
P01871	P01871;P0DOX6	IGHM_HUMAN	IGHM	Immunoglobulin heavy constant mu	1.06591e+07	5.46779e+07	2.59512e+07	3.66107e+07
P01876	P01876;P01877;P0DOX2	IGHA1_HUMAN	IGHA1	Immunoglobulin heavy constant alpha 1	3.6426e+07	2.7467e+08	2.01612e+08	3.40447e+08
P01877	P01877;P0DOX2	IGHA2_HUMAN	IGHA2	Immunoglobulin heavy constant alpha 2	2.50879e+06	3.60743e+07	5.49047e+07	2.02353e+08
P01880	P01880;P0DOX3	IGHD_HUMAN	IGHD	Immunoglobulin heavy constant delta	832641	496580		
P01903	P01903;P01906	DRA_HUMAN	HLA-DRA	HLA class II histocompatibility antigen, DR alpha chain	9.72478e+06	1.94523e+07	1.45936e+07	6.21486e+06
P01909	P01909	DQA1_HUMAN	HLA-DQA1	HLA class II histocompatibility antigen, DQ alpha 1 chain	668546	831553	1.04987e+06	274633
P02008	P02008	HBAZ_HUMAN	HBZ	Hemoglobin subunit zeta	441787	1.12513e+06	316122	
P02042	P02042	HBD_HUMAN	HBD	Hemoglobin subunit delta	2.50062e+08	3.97797e+08	9.23401e+07	1.13892e+08
P02452	P02452	CO1A1_HUMAN	COL1A1	Collagen alpha-1(I) chain	2.62646e+07	1.04121e+07	9.41961e+06	4.09418e+06
P02461	P02461	CO3A1_HUMAN	COL3A1	Collagen alpha-1(III) chain	2.62252e+06	1.20514e+06	1.39826e+06	626096
P02462	P02462;P29400	CO4A1_HUMAN	COL4A1	Collagen alpha-1(IV) chain	1.42431e+06	1.24311e+06	1.13946e+06	121519
P02511	P02511	CRYAB_HUMAN	CRYAB	Alpha-crystallin B chain	742498	1.13188e+06	1.98091e+06	1.3104e+06
P02533	P02533	K1C14_HUMAN	KRT14	Keratin, type I cytoskeletal 14	8.15659e+06	2.46631e+07	2.79433e+07	7.05167e+07
P02538	O95678;P02538;P48668	K2C6A_HUMAN	KRT6A	Keratin, type II cytoskeletal 6A	4.05891e+06	1.21196e+07	1.42414e+07	2.25969e+07
P02545	P02545	LMNA_HUMAN	LMNA	Prelamin-A/C	1.04336e+07	9.2654e+06	2.79272e+07	8.50398e+06
P02549	P02549	SPTA1_HUMAN	SPTA1	Spectrin alpha chain, erythrocytic 1	927851	806488	962751	376255
P02647	P02647	APOA1_HUMAN	APOA1	Apolipoprotein A-I	3.71699e+07	9.87051e+07	4.63526e+07	5.32213e+07
P02649	P02649	APOE_HUMAN	APOE	Apolipoprotein E	7.1332e+06	9.05159e+06	5.21867e+06	6.14693e+06
P02652	P02652	APOA2_HUMAN	APOA2	Apolipoprotein A-II	1.95604e+06	5.40803e+06	1.79265e+06	6.81024e+06
P02654	P02654	APOC1_HUMAN	APOC1	Apolipoprotein C-I	1.41719e+06	3.50521e+06	1.71307e+06	2.25209e+06
P02656	P02656	APOC3_HUMAN	APOC3	Apolipoprotein C-III	1.57623e+06	5.99063e+06	2.68655e+06	3.33447e+06
P02671	P02671	FIBA_HUMAN	FGA	Fibrinogen alpha chain	1.57497e+07	2.05512e+07	1.61852e+07	1.49021e+07
P02675	P02675	FIBB_HUMAN	FGB	Fibrinogen beta chain	2.62512e+07	2.87008e+07	2.926e+07	1.63373e+07
P02679	P02679	FIBG_HUMAN	FGG	Fibrinogen gamma chain	1.74805e+07	1.95076e+07	1.69576e+07	5.91288e+06
P02686	P02686	MBP_HUMAN	MBP	Myelin basic protein	76948.8	187284		
P02730	P02730	B3AT_HUMAN	SLC4A1	Band 3 anion transport protein	6.84276e+06	3.57226e+06	3.56941e+06	3.3624e+06
P02743	P02743	SAMP_HUMAN	APCS	Serum amyloid P-component	7.26599e+06	9.5909e+06	1.16302e+07	4.10144e+06
P02745	P02745	C1QA_HUMAN	C1QA	Complement C1q subcomponent subunit A	3.04585e+06	2.78747e+06	3.13204e+06	2.56487e+06
P02746	P02746	C1QB_HUMAN	C1QB	Complement C1q subcomponent subunit B	6.78516e+06	6.5455e+06	7.97048e+06	5.24737e+06
P02747	P02747	C1QC_HUMAN	C1QC	Complement C1q subcomponent subunit C	7.61452e+06	6.34556e+06	7.9682e+06	4.48476e+06
P02748	P02748	CO9_HUMAN	C9	Complement component C9	4.60229e+06	5.19285e+06	5.24828e+06	2.66864e+06
P02749	P02749	APOH_HUMAN	APOH	Beta-2-glycoprotein 1	2.03957e+07	2.4081e+07	2.23601e+07	2.39787e+07
P02750	P02750	A2GL_HUMAN	LRG1	Leucine-rich alpha-2-glycoprotein	941269	2.50455e+06	1.49473e+06	1.97109e+06
P02751	P02751	FINC_HUMAN	FN1	Fibronectin	6.89167e+06	3.5244e+06	1.10258e+07	1.83823e+06
P02753	P02753	RET4_HUMAN	RBP4	Retinol-binding protein 4	3.34245e+06	4.00656e+06	4.20183e+06	3.28135e+06
P02760	P02760	AMBP_HUMAN	AMBP	Protein AMBP	8.63498e+06	9.15499e+06	7.66715e+06	8.29249e+06
P02763	P02763	A1AG1_HUMAN	ORM1	Alpha-1-acid glycoprotein 1	2.60285e+07	4.72502e+07	2.94587e+07	1.81539e+07
P02765	P02765	FETUA_HUMAN	AHSG	Alpha-2-HS-glycoprotein	1.4454e+07	1.47448e+07	1.02293e+07	8.42833e+06
P02766	P02766	TTHY_HUMAN	TTR	Transthyretin	1.70382e+07	2.92706e+07	1.94142e+07	2.14881e+07
P02768	P02768	ALBU_HUMAN	ALB	Albumin	1.4736e+09	1.72364e+09	1.61968e+09	1.13054e+09
P02774	P02774	VTDB_HUMAN	GC	Vitamin D-binding protein	1.52353e+07	1.63413e+07	1.5095e+07	1.20257e+07
P02775	P02775	CXCL7_HUMAN	PPBP	Platelet basic protein	1.59444e+06	4.67946e+06	1.48677e+06	3.92458e+06
P02776	P02776	PLF4_HUMAN	PF4	Platelet factor 4	1.0473e+06	3.42184e+06	1.65807e+06	2.34283e+06
P02786	P02786	TFR1_HUMAN	TFRC	Transferrin receptor protein 1	6.24094e+06	4.78061e+06	3.72045e+06	1.99174e+06
P02787	P02787	TRFE_HUMAN	TF	Serotransferrin	8.09001e+07	8.7771e+07	7.64397e+07	5.55238e+07
P02788	P02788	TRFL_HUMAN	LTF	Lactotransferrin	5.00133e+07	1.39327e+07	8.8202e+07	5.20558e+06
P02790	P02790	HEMO_HUMAN	HPX	Hemopexin	4.62766e+07	5.67429e+07	4.74328e+07	3.10289e+07
P02792	P02792	FRIL_HUMAN	FTL	Ferritin light chain	4.22349e+07	6.15013e+07	8.75294e+07	1.99221e+07
P02794	P02794	FRIH_HUMAN	FTH1	Ferritin heavy chain	1.92044e+07	1.55962e+07	4.14398e+07	9.31356e+06
P02795	P02795;P04732;P13640;P80297;Q8N339	MT2_HUMAN	MT2A	Metallothionein-2	3.89733e+06	2.6525e+06	4.41053e+06	1.07863e+07
P02810	P02810	PRPC_HUMAN	PRH1	Salivary acidic proline-rich phosphoprotein 1/2	116942			
P03886	P03886	NU1M_HUMAN	MT-ND1	NADH-ubiquinone oxidoreductase chain 1			342276	
P03891	P03891	NU2M_HUMAN	MT-ND2	NADH-ubiquinone oxidoreductase chain 2	76716.2	103289	745038	334325
P03897	P03897	NU3M_HUMAN	MT-ND3	NADH-ubiquinone oxidoreductase chain 3	78965.9	127562	49304.1	
P03905	P03905	NU4M_HUMAN	MT-ND4	NADH-ubiquinone oxidoreductase chain 4	190462		1.95392e+06	1.14463e+06
P03915	P03915	NU5M_HUMAN	MT-ND5	NADH-ubiquinone oxidoreductase chain 5	187237		1.09588e+06	298259
P03950	P03950	ANGI_HUMAN	ANG	Angiogenin	521291	408424	651987	849966
P03951	P03951	FA11_HUMAN	F11	Coagulation factor XI	344472	387511	375501	
P03952	P03952	KLKB1_HUMAN	KLKB1	Plasma kallikrein	1.11431e+06	1.36145e+06	1.1779e+06	794694
P03956	P03956	MMP1_HUMAN	MMP1	Interstitial collagenase	483280		899032	
P03973	P03973	SLPI_HUMAN	SLPI	Antileukoproteinase	184919	215565	255755	573052
P04003	P04003	C4BPA_HUMAN	C4BPA	C4b-binding protein alpha chain	5.41835e+06	5.72645e+06	6.78838e+06	5.44993e+06
P04004	P04004	VTNC_HUMAN	VTN	Vitronectin	5.79243e+06	5.43255e+06	8.24799e+06	4.96582e+06
P04040	P04040	CATA_HUMAN	CAT	Catalase	1.54722e+07	2.27182e+07	2.14557e+07	1.03363e+07
P04062	P04062	GBA1_HUMAN	GBA1	Lysosomal acid glucosylceramidase	2.88263e+06	4.25193e+06	2.81465e+06	2.30526e+06
P04066	P04066	FUCO_HUMAN	FUCA1	Tissue alpha-L-fucosidase	6.02935e+06	1.71912e+07	1.16319e+07	1.46289e+07
P04070	P04070	PROC_HUMAN	PROC	Vitamin K-dependent protein C	705329	678535	615419	
P04075	P04075	ALDOA_HUMAN	ALDOA	Fructose-bisphosphate aldolase A	5.21324e+07	5.84802e+07	8.43655e+07	5.37515e+07
P04080	P04080	CYTB_HUMAN	CSTB	Cystatin-B	2.43041e+07	3.70058e+07	3.54392e+07	2.52237e+07
P04083	P04083	ANXA1_HUMAN	ANXA1	Annexin A1	3.0583e+07	2.67922e+07	6.08204e+07	1.5868e+07
P04114	P04114	APOB_HUMAN	APOB	Apolipoprotein B-100	1.79781e+07	1.48624e+07	1.44695e+07	1.19406e+07
P04156	P04156	PRIO_HUMAN	PRNP	Major prion protein	773023	1.22578e+06	1.01891e+06	390131
P04179	P04179	SODM_HUMAN	SOD2	Superoxide dismutase [Mn], mitochondrial	6.10648e+07	9.80958e+07	8.95504e+07	2.49167e+07
P04180	P04180	LCAT_HUMAN	LCAT	Phosphatidylcholine-sterol acyltransferase	107774	191360	139658	
P04181	P04181	OAT_HUMAN	OAT	Ornithine aminotransferase, mitochondrial	2.664e+06	2.96846e+06	740834	1.01784e+06
P04183	P04183	KITH_HUMAN	TK1	Thymidine kinase, cytosolic	1.04893e+06	366959		
P04196	P04196	HRG_HUMAN	HRG	Histidine-rich glycoprotein	3.64783e+06	4.02262e+06	6.22279e+06	4.31657e+06
P04211	P04211	LV743_HUMAN	IGLV7-43	Immunoglobulin lambda variable 7-43			455715	320645
P04216	P04216	THY1_HUMAN	THY1	Thy-1 membrane glycoprotein	2.52854e+07	1.48572e+07	8.14445e+06	2.46431e+06
P04217	P04217	A1BG_HUMAN	A1BG	Alpha-1B-glycoprotein	1.24146e+07	1.48934e+07	9.8566e+06	1.16359e+07
P04233	P04233	HG2A_HUMAN	CD74	HLA class II histocompatibility antigen gamma chain	4.26339e+06	9.66807e+06	4.21101e+06	5.38338e+06
P04234	P04234	CD3D_HUMAN	CD3D	T-cell surface glycoprotein CD3 delta chain	40798.8	192893		
P04259	P04259;P48668	K2C6B_HUMAN	KRT6B	Keratin, type II cytoskeletal 6B	2.45452e+06	6.06022e+06	5.19253e+06	1.17726e+07
P04264	P04259;P04264	K2C1_HUMAN	KRT1	Keratin, type II cytoskeletal 1	1.2732e+08	3.92644e+08	4.29175e+08	1.80929e+09
P04275	P04275	VWF_HUMAN	VWF	von Willebrand factor	704376	618212	1.19067e+06	
P04278	P04278	SHBG_HUMAN	SHBG	Sex hormone-binding globulin	304600	382082	228057	
P04350	P04350;P68371	TBB4A_HUMAN	TUBB4A	Tubulin beta-4A chain	4.60819e+07	3.30153e+07	8.04714e+06	5.42025e+07
P04406	P04406	G3P_HUMAN	GAPDH	Glyceraldehyde-3-phosphate dehydrogenase	5.53065e+08	8.82921e+08	6.27845e+08	4.7006e+08
P04424	P04424	ARLY_HUMAN	ASL	Argininosuccinate lyase	4.46037e+06	6.0426e+06	3.32309e+06	6.07969e+06
P04430	P04430	KV116_HUMAN	IGKV1-16	Immunoglobulin kappa variable 1-16	282290	439278	451353	303745
P04433	P04433;A0A0A0MRZ8	KV311_HUMAN	IGKV3-11	Immunoglobulin kappa variable 3-11	1.4518e+07	9.82348e+07	3.06797e+07	4.68662e+07
P04626	P04626	ERBB2_HUMAN	ERBB2	Receptor tyrosine-protein kinase erbB-2	404723	262497	270844	926585
P04632	P04632	CPNS1_HUMAN	CAPNS1	Calpain small subunit 1	9.18762e+06	1.34812e+07	9.03226e+06	9.28169e+06
P04637	P04637	P53_HUMAN	TP53	Cellular tumor antigen p53	103609			
P04732	P04732;P04733;P07438;Q93083	MT1E_HUMAN	MT1E	Metallothionein-1E	66963.4		223794	2.58209e+06
P04792	P04792	HSPB1_HUMAN	HSPB1	Heat shock protein beta-1	5.36929e+07	6.32518e+07	5.3917e+07	3.64246e+07
P04839	P04839	CY24B_HUMAN	CYBB	Cytochrome b-245 heavy chain	6.05717e+06	6.48702e+06	7.49463e+06	1.05401e+06
P04843	P04843	RPN1_HUMAN	RPN1	Dolichyl-diphosphooligosaccharide--protein glycosyltransferase subunit 1	1.12463e+07	1.20647e+07	3.02641e+07	1.90766e+07
P04844	P04844	RPN2_HUMAN	RPN2	Dolichyl-diphosphooligosaccharide--protein glycosyltransferase subunit 2	5.7857e+06	6.33194e+06	8.01004e+06	8.26512e+06
P04899	P04899	GNAI2_HUMAN	GNAI2	Guanine nucleotide-binding protein G(i) subunit alpha-2	1.53428e+07	1.59445e+07	2.00923e+07	1.35054e+07
P04908;Q7L7L0;Q93077	P04908;Q7L7L0;Q93077	H2A1B_HUMAN;H2A1C_HUMAN;H2A3_HUMAN	H2AC25;H2AC4;H2AC6	Histone H2A type 1-B/E	293113	344050	707806	
P04920	P04920	B3A2_HUMAN	SLC4A2	Anion exchange protein 2	202862	91901.5	57429.1	
P05023	P05023	AT1A1_HUMAN	ATP1A1	Sodium/potassium-transporting ATPase subunit alpha-1	5.45354e+07	3.88523e+07	5.17118e+07	1.13528e+08
P05026	P05026	AT1B1_HUMAN	ATP1B1	Sodium/potassium-transporting ATPase subunit beta-1	9.78551e+06	1.00558e+07	1.40168e+07	2.01083e+07
P05060	P05060	SCG1_HUMAN	CHGB	Secretogranin-1	141145	376941		748446
P05062	P05062	ALDOB_HUMAN	ALDOB	Fructose-bisphosphate aldolase B	773668	5.16627e+06	1.44469e+06	
P05067	P05067	A4_HUMAN	APP	Amyloid-beta precursor protein	938874	552490	462940	170670
P05089	P05089	ARGI1_HUMAN	ARG1	Arginase-1	1.63964e+06	1.72771e+06	3.93563e+06	4.43574e+06
P05090	P05090	APOD_HUMAN	APOD	Apolipoprotein D	3.50826e+06	4.86955e+06	4.58865e+06	4.07822e+06
P05091	O94788;P05091	ALDH2_HUMAN	ALDH2	Aldehyde dehydrogenase, mitochondrial	1.85909e+07	1.67568e+07	1.75045e+07	2.49237e+07
P05106	P05106	ITB3_HUMAN	ITGB3	Integrin beta-3	1.22334e+06	2.55553e+06	1.7555e+06	1.25812e+06
P05107	P05107	ITB2_HUMAN	ITGB2	Integrin beta-2	7.12426e+06	5.51982e+06	1.34952e+07	3.16438e+06
P05109	P05109	S10A8_HUMAN	S100A8	Protein S100-A8	1.01158e+08	8.7857e+07	3.06175e+08	1.50146e+07
P05114	P05114	HMGN1_HUMAN	HMGN1	Non-histone chromosomal protein HMG-14	8.8499e+06	9.71184e+06	4.32832e+06	5.75065e+06
P05120	P05120	PAI2_HUMAN	SERPINB2	Plasminogen activator inhibitor 2		270274	323635	
P05141	P05141;P12235;P12236;Q9H0C2	ADT2_HUMAN	SLC25A5	ADP/ATP translocase 2	1.03836e+07	4.00303e+06	4.41536e+07	4.1606e+07
P05154	P05154	IPSP_HUMAN	SERPINA5	Plasma serine protease inhibitor	2.11313e+06	1.93609e+06	2.12073e+06	1.26043e+06
P05155	P05155	IC1_HUMAN	SERPING1	Plasma protease C1 inhibitor	9.61764e+06	1.24122e+07	6.07515e+06	5.35361e+06
P05156	P05156	CFAI_HUMAN	CFI	Complement factor I	1.53201e+06	1.8267e+06	1.5833e+06	1.15553e+06
P05160	P05160	F13B_HUMAN	F13B	Coagulation factor XIII B chain	440461	668200	947852	553330
P05161	P05161	ISG15_HUMAN	ISG15	Ubiquitin-like protein ISG15	2.97583e+06	3.09328e+06	3.9892e+06	596541
P05162	P05162	LEG2_HUMAN	LGALS2	Galectin-2	1.88524e+06	229352	219696	777217
P05164	P05164	PERM_HUMAN	MPO	Myeloperoxidase	7.22472e+07	3.09737e+07	1.33084e+08	1.2833e+07
P05165	P05165	PCCA_HUMAN	PCCA	Propionyl-CoA carboxylase alpha chain, mitochondrial	629392	318156	1.17623e+06	3.93915e+06
P05166	P05166	PCCB_HUMAN	PCCB	Propionyl-CoA carboxylase beta chain, mitochondrial	864608	1.05394e+06	1.1783e+06	3.71996e+06
P05186	P05186	PPBT_HUMAN	ALPL	Alkaline phosphatase, tissue-nonspecific isozyme	417182	1.2159e+06	728356	508472
P05198	P05198	IF2A_HUMAN	EIF2S1	Eukaryotic translation initiation factor 2 subunit 1	4.70232e+06	4.35989e+06	3.3922e+06	2.77141e+06
P05204	P05204;O00479	HMGN2_HUMAN	HMGN2	Non-histone chromosomal protein HMG-17	7.77945e+06	6.42979e+06	9.62197e+06	1.18201e+07
P05362	P05362	ICAM1_HUMAN	ICAM1	Intercellular adhesion molecule 1	4.03814e+06	4.92444e+06	4.8822e+06	1.91411e+06
P05386	P05386	RLA1_HUMAN	RPLP1	Large ribosomal subunit protein P1	634496	3.91431e+06	443835	476251
P05387	P05387	RLA2_HUMAN	RPLP2	Large ribosomal subunit protein P2	5.25898e+06	3.55095e+07	1.64552e+06	1.05516e+07
P05388	P05388	RLA0_HUMAN	RPLP0	Large ribosomal subunit protein uL10	6.13898e+06	6.47956e+06	6.81413e+06	6.28337e+06
P05413	P05413	FABPH_HUMAN	FABP3	Fatty acid-binding protein, heart	3.42664e+06	4.33881e+06	6.02791e+06	1.30106e+06
P05451	P05451	REG1A_HUMAN	REG1A	Lithostathine-1-alpha	731157	1.19815e+07	7.33891e+06	3.53559e+06
P05452	P05452	TETN_HUMAN	CLEC3B	Tetranectin	1.63538e+06	1.29095e+06	1.01452e+06	509224
P05455	P05455	LA_HUMAN	SSB	Lupus La protein	7.61171e+06	6.4346e+06	5.08495e+06	4.26223e+06
P05496;P48201;Q06055	P05496;P48201;Q06055	AT5G1_HUMAN;AT5G2_HUMAN;AT5G3_HUMAN	ATP5MC1;ATP5MC2;ATP5MC3	ATP synthase F(0) complex subunit C1, mitochondrial	276141		238139	7.79362e+06
P05543	P05543	THBG_HUMAN	SERPINA7	Thyroxine-binding globulin	734013	870368	1.05421e+06	768890
P05546	P05546	HEP2_HUMAN	SERPIND1	Heparin cofactor 2	3.28903e+06	3.67744e+06	3.53657e+06	2.78673e+06
P05556	P05556	ITB1_HUMAN	ITGB1	Integrin beta-1	1.56567e+07	1.55016e+07	1.37358e+07	1.1345e+07
P05771	P05771	KPCB_HUMAN	PRKCB	Protein kinase C beta type	757020	1.16017e+06	1.28482e+06	1.8546e+06
P05783	P05783	K1C18_HUMAN	KRT18	Keratin, type I cytoskeletal 18	1.55813e+07	4.36174e+07	9.30626e+07	1.86071e+07
P05787	P05787	K2C8_HUMAN	KRT8	Keratin, type II cytoskeletal 8	2.46376e+07	6.54857e+07	5.33593e+07	3.97715e+07
P05976	P05976;P08590	MYL1_HUMAN	MYL1	Myosin light chain 1/3, skeletal muscle isoform	996553	1.24523e+06	499902	396111
P05997	P05997	CO5A2_HUMAN	COL5A2	Collagen alpha-2(V) chain	435998	143139	244634	
P06127	P06127	CD5_HUMAN	CD5	T-cell surface glycoprotein CD5	249805	446922	393078	
P06132	P06132	DCUP_HUMAN	UROD	Uroporphyrinogen decarboxylase	2.52148e+06	2.7839e+06	2.24038e+06	1.21383e+06
P06213	P06213	INSR_HUMAN	INSR	Insulin receptor	297830	159317	378980	296108
P06239	P06239	LCK_HUMAN	LCK	Tyrosine-protein kinase Lck	34854			
P06276	P06276	CHLE_HUMAN	BCHE	Cholinesterase	89956.9	134889	129498	
P06280	P06280	AGAL_HUMAN	GLA	Alpha-galactosidase A	1.88725e+06	2.31972e+06	1.21115e+06	849693
P06310	P06310	KV230_HUMAN	IGKV2-30	Immunoglobulin kappa variable 2-30			856748	5.80444e+06
P06312	P06312	KV401_HUMAN	IGKV4-1	Immunoglobulin kappa variable 4-1	6.19043e+06	1.63299e+07	1.67744e+07	1.46687e+07
P06396	P06396	GELS_HUMAN	GSN	Gelsolin	5.71253e+07	8.0644e+07	1.02708e+08	6.46848e+07
P06400	P06400	RB_HUMAN	RB1	Retinoblastoma-associated protein	569664	209783	294982	
P06454	P06454	PTMA_HUMAN	PTMA	Prothymosin alpha	8.79932e+06	2.50116e+07	4.96603e+06	1.97138e+07
P06493	P06493	CDK1_HUMAN	CDK1	Cyclin-dependent kinase 1	1.66365e+06	887138	186622	325628
P06576	P06576	ATPB_HUMAN	ATP5F1B	ATP synthase subunit beta, mitochondrial	4.33575e+07	1.01787e+08	5.76883e+06	1.05761e+08
P06681	P06681	CO2_HUMAN	C2	Complement C2	3.88877e+06	3.92366e+06	3.09706e+06	1.70361e+06
P06702	P06702	S10A9_HUMAN	S100A9	Protein S100-A9	1.06552e+08	7.07958e+07	2.80728e+08	1.2505e+07
P06703	P06703	S10A6_HUMAN	S100A6	Protein S100-A6	1.47198e+08	3.02694e+08	6.65253e+07	1.06796e+08
P06727	P06727	APOA4_HUMAN	APOA4	Apolipoprotein A-IV	2.48496e+06	7.71893e+06	1.04273e+06	5.55475e+06
P06729	P06729	CD2_HUMAN	CD2	T-cell surface antigen CD2	127217	195193	148892	
P06730	P06730	IF4E_HUMAN	EIF4E	Eukaryotic translation initiation factor 4E	4.54355e+06	4.37795e+06	3.7955e+06	3.03442e+06
P06731	P06731	CEAM5_HUMAN	CEACAM5	Carcinoembryonic antigen-related cell adhesion molecule 5	8.67902e+07	2.4237e+07	1.30311e+07	9.01542e+06
P06732	P06732	KCRM_HUMAN	CKM	Creatine kinase M-type			569100	
P06733	P06733	ENOA_HUMAN	ENO1	Alpha-enolase	1.43312e+08	1.60454e+08	1.52683e+08	8.54866e+07
P06737	P06737	PYGL_HUMAN	PYGL	Glycogen phosphorylase, liver form	7.2517e+06	7.44562e+06	7.42252e+06	5.10354e+06
P06744	P06744	G6PI_HUMAN	GPI	Glucose-6-phosphate isomerase	3.3478e+07	3.42307e+07	5.15878e+07	2.39623e+07
P06746	P06746	DPOLB_HUMAN	POLB	DNA polymerase beta	287176	270331	226023	
P06748	P06748	NPM_HUMAN	NPM1	Nucleophosmin	2.4927e+07	2.18406e+07	2.14439e+07	1.31018e+07
P06753	P06753	TPM3_HUMAN	TPM3	Tropomyosin alpha-3 chain	2.23714e+07	2.63636e+07	2.54787e+07	2.41899e+07
P06756	P06756	ITAV_HUMAN	ITGAV	Integrin alpha-V	5.50606e+06	4.67014e+06	3.19835e+06	2.26025e+06
P06865	P06865	HEXA_HUMAN	HEXA	Beta-hexosaminidase subunit alpha	3.19976e+06	6.26868e+06	3.67195e+06	3.13134e+06
P06870	P06870	KLK1_HUMAN	KLK1	Kallikrein-1		537756	349906	2.99664e+06
P06899	P06899;P23527;P33778;Q16778;Q6DN03;Q6DRA6;Q8N257	H2B1J_HUMAN	H2BC11	Histone H2B type 1-J	1.48132e+06	1.58311e+06	2.32055e+06	784842
P07093	P07093	GDN_HUMAN	SERPINE2	Glia-derived nexin	936402	610602	395516	
P07099	P07099	HYEP_HUMAN	EPHX1	Epoxide hydrolase 1	2.39615e+06	1.49791e+06	8.76946e+06	3.16788e+06
P07108	P07108	ACBP_HUMAN	DBI	Acyl-CoA-binding protein	8.0321e+06	2.89304e+07	1.31268e+07	8.90213e+06
P07148	P07148	FABPL_HUMAN	FABP1	Fatty acid-binding protein, liver	8.08917e+07	9.35157e+07	2.63177e+08	1.51565e+08
P07195	P07195	LDHB_HUMAN	LDHB	L-lactate dehydrogenase B chain	3.27046e+07	4.53632e+07	1.18213e+07	3.42267e+07
P07203	P07203	GPX1_HUMAN	GPX1	Glutathione peroxidase 1	8.75237e+06	1.03087e+07	7.5603e+06	5.48338e+06
P07204	P07204	TRBM_HUMAN	THBD	Thrombomodulin	201183	107828	73402	
P07205	P07205	PGK2_HUMAN	PGK2	Phosphoglycerate kinase 2	49790.7	106719	771538	
P07225	P07225	PROS_HUMAN	PROS1	Vitamin K-dependent protein S	2.21654e+06	2.93169e+06	2.85459e+06	1.64892e+06
P07237	P07237	PDIA1_HUMAN	P4HB	Protein disulfide-isomerase	4.57684e+07	8.52516e+07	8.07323e+07	6.13082e+07
P07305	P07305	H10_HUMAN	H1-0	Histone H1.0	4.20135e+06	2.81876e+06	2.0133e+07	3.62569e+06
P07311	P07311	ACYP1_HUMAN	ACYP1	Acylphosphatase-1	960664	1.13922e+06	839827	340942
P07332	P07332;P16591	FES_HUMAN	FES	Tyrosine-protein kinase Fes/Fps	186431		301491	
P07339	P07339	CATD_HUMAN	CTSD	Cathepsin D	5.62272e+07	8.10535e+07	6.33794e+07	5.46411e+07
P07355	A6NMY6;P07355	ANXA2_HUMAN	ANXA2	Annexin A2	1.05608e+08	9.17428e+07	1.15351e+08	7.12837e+07
P07357	P07357	CO8A_HUMAN	C8A	Complement component C8 alpha chain	2.00288e+06	2.0205e+06	1.92804e+06	1.3627e+06
P07358	P07358	CO8B_HUMAN	C8B	Complement component C8 beta chain	1.49019e+06	1.59259e+06	1.5931e+06	688545
P07359	P07359	GP1BA_HUMAN	GP1BA	Platelet glycoprotein Ib alpha chain	40652	305592	138365	
P07360	P07360	CO8G_HUMAN	C8G	Complement component C8 gamma chain	1.72744e+06	1.78874e+06	1.60299e+06	929524
P07384	P07384	CAN1_HUMAN	CAPN1	Calpain-1 catalytic subunit	1.44558e+07	1.50203e+07	1.55914e+07	6.06766e+06
P07437	P04350;P07437;P68371	TBB5_HUMAN	TUBB	Tubulin beta chain	6.14988e+07	3.84823e+07	3.87452e+07	6.55744e+07
P07451	P07451	CAH3_HUMAN	CA3	Carbonic anhydrase 3	674575	1.0581e+06	511217	
P07476	P07476	INVO_HUMAN	IVL	Involucrin			98847.5	
P07477	P07477	TRY1_HUMAN	PRSS1	Serine protease 1	8.89596e+06	2.23509e+07	5.21606e+06	7.17823e+07
P07585	P07585	PGS2_HUMAN	DCN	Decorin	9.61853e+06	6.44201e+06	1.58648e+07	7.016e+06
P07602	P07602	SAP_HUMAN	PSAP	Prosaposin	2.42972e+07	4.05383e+07	1.4559e+07	9.01675e+06
P07686	P07686	HEXB_HUMAN	HEXB	Beta-hexosaminidase subunit beta	9.16774e+06	1.19748e+07	1.00073e+07	6.26473e+06
P07711	P07711	CATL1_HUMAN	CTSL	Procathepsin L	4.75302e+06	5.89928e+06	4.82898e+06	4.50507e+06
P07737	P07737	PROF1_HUMAN	PFN1	Profilin-1	1.63078e+08	1.45658e+08	2.38976e+08	1.29946e+08
P07738	P07738	PMGE_HUMAN	BPGM	Bisphosphoglycerate mutase	5.2064e+06	5.93201e+06	2.73395e+06	1.64905e+06
P07741	P07741	APT_HUMAN	APRT	Adenine phosphoribosyltransferase	1.67572e+07	2.86188e+07	7.28802e+06	1.37273e+07
P07766	P07766	CD3E_HUMAN	CD3E	T-cell surface glycoprotein CD3 epsilon chain	259050	338939	403539	413420
P07814	P07814	SYEP_HUMAN	EPRS1	Bifunctional glutamate/proline--tRNA ligase	6.44129e+06	4.15278e+06	6.58702e+06	6.45757e+06
P07858	P07858	CATB_HUMAN	CTSB	Cathepsin B	3.17457e+07	3.47286e+07	2.14033e+07	1.47916e+07
P07900	P07900	HS90A_HUMAN	HSP90AA1	Heat shock protein HSP 90-alpha	2.35445e+07	1.70934e+07	3.01641e+07	2.08232e+07
P07902	P07902	GALT_HUMAN	GALT	Galactose-1-phosphate uridylyltransferase	695462	1.54954e+06	996190	1.74029e+06
P07910	P07910	HNRPC_HUMAN	HNRNPC	Heterogeneous nuclear ribonucleoproteins C1/C2	3.81279e+07	3.35307e+07	4.82624e+07	2.94086e+07
P07919	P07919	QCR6_HUMAN	UQCRH	Cytochrome b-c1 complex subunit 6, mitochondrial	294434	1.57816e+06	466437	1.36445e+06
P07942	P07942	LAMB1_HUMAN	LAMB1	Laminin subunit beta-1	1.59375e+07	1.26341e+07	1.12087e+07	6.65498e+06
P07947	P07947	YES_HUMAN	YES1	Tyrosine-protein kinase Yes	239097	212749	455375	462790
P07948	P07948	LYN_HUMAN	LYN	Tyrosine-protein kinase Lyn	1.35897e+06	1.09765e+06	2.30378e+06	755695
P07951	P07951	TPM2_HUMAN	TPM2	Tropomyosin beta chain	1.40515e+07	1.65423e+07	1.8586e+07	1.22974e+07
P07954	P07954	FUMH_HUMAN	FH	Fumarate hydratase, mitochondrial	7.6026e+06	8.96971e+06	8.49759e+06	1.36828e+07
P07996	P07996	TSP1_HUMAN	THBS1	Thrombospondin-1	6.44302e+06	2.62553e+06	4.4556e+06	2.27522e+06
P07998	P07998	RNAS1_HUMAN	RNASE1	Ribonuclease pancreatic	501794	815042	1.19331e+06	2.81483e+06
P08047	P08047	SP1_HUMAN	SP1	Transcription factor Sp1	245033	148023	172854	232936
P08069	P08069	IGF1R_HUMAN	IGF1R	Insulin-like growth factor 1 receptor	104373		53428.1	
P08123	P08123	CO1A2_HUMAN	COL1A2	Collagen alpha-2(I) chain	5.83891e+06	2.51796e+06	2.92179e+06	1.53908e+06
P08133	P08133	ANXA6_HUMAN	ANXA6	Annexin A6	3.6498e+07	5.3799e+07	5.10376e+07	1.71979e+07
P08134	P08134;P62745	RHOC_HUMAN	RHOC	Rho-related GTP-binding protein RhoC	7.25575e+06	7.35083e+06	4.17069e+06	7.13379e+06
P08174	P08174	DAF_HUMAN	CD55	Complement decay-accelerating factor	1.7521e+06	1.14351e+06	989900	385646
P08183	P08183	MDR1_HUMAN	ABCB1	ATP-dependent translocase ABCB1	2.60423e+06	1.37964e+06	1.60459e+06	
P08185	P08185	CBG_HUMAN	SERPINA6	Corticosteroid-binding globulin	2.06423e+06	2.38041e+06	1.54736e+06	1.40544e+06
P08195	P08195	4F2_HUMAN	SLC3A2	Amino acid transporter heavy chain SLC3A2	4.80881e+06	3.40217e+06	2.7875e+06	1.48381e+06
P08236	P08236	BGLR_HUMAN	GUSB	Beta-glucuronidase	3.76668e+06	8.85505e+06	5.9029e+06	4.56816e+06
P08237	P08237	PFKAM_HUMAN	PFKM	ATP-dependent 6-phosphofructokinase, muscle type	2.92978e+06	1.92851e+06	1.77943e+06	2.09659e+06
P08238	P07900;P08238;Q14568;Q58FF8	HS90B_HUMAN	HSP90AB1	Heat shock protein HSP 90-beta	1.21193e+08	6.41453e+07	9.88588e+07	8.26081e+07
P08240	P08240	SRPRA_HUMAN	SRPRA	Signal recognition particle receptor subunit alpha	1.25037e+06	736970	1.61982e+06	1.32315e+06
P08243	P08243	ASNS_HUMAN	ASNS	Asparagine synthetase [glutamine-hydrolyzing]	1.19845e+06	792040	547892	
P08246	P08246	ELNE_HUMAN	ELANE	Neutrophil elastase	2.6337e+07	1.08388e+07	5.30735e+07	3.96013e+06
P08253	P08253	MMP2_HUMAN	MMP2	72 kDa type IV collagenase	1.98224e+06	1.20098e+06	1.14723e+06	
P08254	P08254;P09238	MMP3_HUMAN	MMP3	Stromelysin-1	631015	705644	1.22419e+06	
P08294	P08294	SODE_HUMAN	SOD3	Extracellular superoxide dismutase [Cu-Zn]	2.18999e+06	6.81329e+06	4.4688e+06	5.06482e+06
P08311	P08311	CATG_HUMAN	CTSG	Cathepsin G	1.83122e+07	4.20625e+06	6.38399e+07	1.73173e+06
P08397	P08397	HEM3_HUMAN	HMBS	Porphobilinogen deaminase	2.24857e+06	3.1226e+06	1.4996e+06	1.60083e+06
P08473	P08473	NEP_HUMAN	MME	Neprilysin	853158	1.20723e+06	656558	
P08514	P08514	ITA2B_HUMAN	ITGA2B	Integrin alpha-IIb	906120	2.79311e+06	1.63254e+06	1.09566e+06
P08519	P08519	APOA_HUMAN	LPA	Apolipoprotein(a)	1.45796e+06	1.26833e+06	1.6818e+06	1.10825e+06
P08559	P08559;P29803	ODPA_HUMAN	PDHA1	Pyruvate dehydrogenase E1 component subunit alpha, somatic form, mitochondrial	7.21055e+06	6.65936e+06	6.22252e+06	6.94799e+06
P08567	P08567	PLEK_HUMAN	PLEK	Pleckstrin	1.58908e+06	2.65857e+06	2.41709e+06	536090
P08571	P08571	CD14_HUMAN	CD14	Monocyte differentiation antigen CD14	2.59765e+06	3.46608e+06	2.93125e+06	2.53164e+06
P08572	P08572	CO4A2_HUMAN	COL4A2	Collagen alpha-2(IV) chain	1.21991e+06	892072	1.04462e+06	
P08574	P08574	CY1_HUMAN	CYC1	Cytochrome c1, heme protein, mitochondrial	1.57824e+06	782264	4.57934e+06	4.06495e+06
P08575	P08575	PTPRC_HUMAN	PTPRC	Receptor-type tyrosine-protein phosphatase C	5.3921e+06	7.74123e+06	1.02605e+07	4.02278e+06
P08579	P08579	RU2B_HUMAN	SNRPB2	U2 small nuclear ribonucleoprotein B''	3.85266e+06	4.29328e+06	3.47498e+06	3.58953e+06
P08581	P08581	MET_HUMAN	MET	Hepatocyte growth factor receptor	632335	384863	237670	
P08582	P08582	TRFM_HUMAN	MELTF	Melanotransferrin	350037		189675	
P08603	P08603	CFAH_HUMAN	CFH	Complement factor H	1.4556e+07	1.57028e+07	1.31662e+07	1.16666e+07
P08621	P08621	RU17_HUMAN	SNRNP70	U1 small nuclear ribonucleoprotein 70 kDa	4.20397e+06	3.21175e+06	7.26665e+06	2.63269e+06
P08631	P08631	HCK_HUMAN	HCK	Tyrosine-protein kinase HCK	862840	760632	2.18955e+06	585505
P08637	O75015;P08637	FCG3A_HUMAN	FCGR3A	Low affinity immunoglobulin gamma Fc region receptor III-A	1.83758e+06	1.49388e+06	2.78337e+06	1.04749e+06
P08648	P08648	ITA5_HUMAN	ITGA5	Integrin alpha-5	3.33822e+06	2.94851e+06	3.42492e+06	951815
P08651	P08651	NFIC_HUMAN	NFIC	Nuclear factor 1 C-type	368676	282739	181701	
P08670	P08670	VIME_HUMAN	VIM	Vimentin	7.76109e+06	1.2909e+07	2.18401e+07	1.30061e+07
P08697	P08697	A2AP_HUMAN	SERPINF2	Alpha-2-antiplasmin	3.02527e+06	4.42704e+06	1.86425e+06	5.22542e+06
P08708	P08708	RS17_HUMAN	RPS17	Small ribosomal subunit protein eS17	7.82823e+06	6.41729e+06	5.22369e+06	4.4928e+06
P08709	P08709	FA7_HUMAN	F7	Coagulation factor VII	118025	67814.8	173635	
P08727	P08727;P13646	K1C19_HUMAN	KRT19	Keratin, type I cytoskeletal 19	4.6987e+06	1.72329e+07	4.55175e+07	6.5822e+06
P08729	P08729	K2C7_HUMAN	KRT7	Keratin, type II cytoskeletal 7		217420	565304	
P08754	P08754	GNAI3_HUMAN	GNAI3	Guanine nucleotide-binding protein G(i) subunit alpha-3	4.86288e+06	4.03097e+06	6.52488e+06	5.40609e+06
P08758	P08758	ANXA5_HUMAN	ANXA5	Annexin A5	8.04963e+07	9.88788e+07	1.01067e+08	4.52261e+07
P08779	P08779	K1C16_HUMAN	KRT16	Keratin, type I cytoskeletal 16	3.5057e+06	1.02653e+07	6.38291e+06	2.00207e+07
P08842	P08842	STS_HUMAN	STS	Steryl-sulfatase	541518	1.25128e+06	909595	1.01609e+06
P08865	P08865;A0A8I5KQE6	RSSA_HUMAN	RPSA	Small ribosomal subunit protein uS2	3.66985e+07	5.89965e+07	3.17539e+07	2.87955e+07
P08962	P08962	CD63_HUMAN	CD63	CD63 antigen	1.51411e+07	2.91809e+07	2.69113e+07	9.89366e+06
P09001	P09001	RM03_HUMAN	MRPL3	Large ribosomal subunit protein uL3m	373921	137389	729970	585206
P09012	P09012	SNRPA_HUMAN	SNRPA	U1 small nuclear ribonucleoprotein A	2.21842e+06	1.86166e+06	3.88776e+06	1.73992e+06
P09038	P09038	FGF2_HUMAN	FGF2	Fibroblast growth factor 2	450015	748297	1.13056e+06	
P09093	P09093	CEL3A_HUMAN	CELA3A	Chymotrypsin-like elastase family member 3A	395391		2.26453e+06	
P09104	P09104	ENOG_HUMAN	ENO2	Gamma-enolase	2.01483e+06	3.98384e+06	2.77293e+06	3.28435e+06
P09105	P09105	HBAT_HUMAN	HBQ1	Hemoglobin subunit theta-1	3.35483e+06	5.48861e+06		
P09110	P09110	THIK_HUMAN	ACAA1	3-ketoacyl-CoA thiolase, peroxisomal	2.66228e+06	3.42748e+06	1.46658e+06	3.46508e+06
P09132	P09132	SRP19_HUMAN	SRP19	Signal recognition particle 19 kDa protein	436332	639210	425255	640486
P09211	P09211	GSTP1_HUMAN	GSTP1	Glutathione S-transferase P	1.24113e+08	1.13606e+08	9.50065e+07	6.38175e+07
P09228	P09228	CYTT_HUMAN	CST2	Cystatin-SA	149485		50558.7	
P09234	P09234	RU1C_HUMAN	SNRPC	U1 small nuclear ribonucleoprotein C	708319	986546	764301	
P09326	P09326	CD48_HUMAN	CD48	CD48 antigen	482213	1.20498e+06	951030	323547
P09327	P09327	VILI_HUMAN	VIL1	Villin-1	4.54877e+06	4.71983e+06	8.74041e+06	5.82119e+06
P09341	P09341;P19875;P19876	GROA_HUMAN	CXCL1	Growth-regulated alpha protein	133810	56631.8	216441	
P09382	P09382	LEG1_HUMAN	LGALS1	Galectin-1	6.13555e+07	6.32631e+07	3.33114e+07	2.92666e+07
P09417	P09417	DHPR_HUMAN	QDPR	Dihydropteridine reductase	2.79059e+06	4.58304e+06	3.25654e+06	3.07959e+06
P09429	P09429;B2RPK0	HMGB1_HUMAN	HMGB1	High mobility group protein B1	4.43827e+07	3.38515e+07	3.21265e+07	2.08395e+07
P09455	P09455	RET1_HUMAN	RBP1	Retinol-binding protein 1	1.15441e+06	2.52765e+06	1.83246e+06	1.05533e+06
P09467	O00757;P09467	F16P1_HUMAN	FBP1	Fructose-1,6-bisphosphatase 1	6.39221e+06	8.56772e+06	8.58333e+06	6.18287e+06
P09471	P09471	GNAO_HUMAN	GNAO1	Guanine nucleotide-binding protein G(o) subunit alpha	912089	2.00282e+06	4.07166e+06	2.74118e+06
P09486	P09486	SPRC_HUMAN	SPARC	SPARC	3.6272e+06	1.46846e+06	1.00936e+06	560802
P09493	P09493	TPM1_HUMAN	TPM1	Tropomyosin alpha-1 chain	2.86361e+07	3.48178e+07	3.14799e+07	2.70036e+07
P09496	P09496	CLCA_HUMAN	CLTA	Clathrin light chain A	5.01119e+06	1.28955e+07	2.2747e+06	5.38978e+06
P09497	P09497	CLCB_HUMAN	CLTB	Clathrin light chain B	1.52982e+06	4.30837e+06	1.04778e+06	1.9137e+06
P09525	P09525	ANXA4_HUMAN	ANXA4	Annexin A4	2.22145e+07	3.48666e+07	2.68409e+07	1.60419e+07
P09543	P09543	CN37_HUMAN	CNP	2',3'-cyclic-nucleotide 3'-phosphodiesterase	3.1221e+06	2.39612e+06	2.81506e+06	2.32306e+06
P09564	P09564	CD7_HUMAN	CD7	T-cell antigen CD7	172567	131637		
P09601	P09601	HMOX1_HUMAN	HMOX1	Heme oxygenase 1	1.52302e+06	1.20827e+06	2.03774e+06	871931
P09619	P09619	PGFRB_HUMAN	PDGFRB	Platelet-derived growth factor receptor beta	1.06568e+06	403138	353164	512720
P09622	P09622	DLDH_HUMAN	DLD	Dihydrolipoyl dehydrogenase, mitochondrial	8.12577e+06	1.08175e+07	6.62807e+06	1.14024e+07
P09651	P09651;A0A2R8Y4L2	ROA1_HUMAN	HNRNPA1	Heterogeneous nuclear ribonucleoprotein A1	3.70605e+07	3.82005e+07	3.16388e+07	1.62044e+07
P09661	P09661	RU2A_HUMAN	SNRPA1	U2 small nuclear ribonucleoprotein A'	2.92979e+06	3.04829e+06	2.78423e+06	1.37176e+06
P09668	P09668	CATH_HUMAN	CTSH	Pro-cathepsin H	3.43427e+06	7.21685e+06	3.97554e+06	2.16186e+06
P09669	P09669	COX6C_HUMAN	COX6C	Cytochrome c oxidase subunit 6C	8.12316e+06	1.23591e+07	9.93506e+06	2.16513e+07
P09758	P09758	TACD2_HUMAN	TACSTD2	Tumor-associated calcium signal transducer 2	264442	94722.5		
P09769	P09769	FGR_HUMAN	FGR	Tyrosine-protein kinase Fgr	437251	363377	1.36726e+06	
P09871	P09871	C1S_HUMAN	C1S	Complement C1s subcomponent	5.23777e+06	4.8027e+06	4.70899e+06	3.77008e+06
P09874	P09874	PARP1_HUMAN	PARP1	Poly [ADP-ribose] polymerase 1	2.85579e+06	2.39257e+06	3.71613e+06	1.45838e+06
P09913	P09913	IFIT2_HUMAN	IFIT2	Interferon-induced protein with tetratricopeptide repeats 2	283291	232996	492602	
P09914	P09914	IFIT1_HUMAN	IFIT1	Interferon-induced protein with tetratricopeptide repeats 1	285457	196842	358810	
P09917	P09917	LOX5_HUMAN	ALOX5	Polyunsaturated fatty acid 5-lipoxygenase	458541	364638	1.96444e+06	173940
P09936	P09936	UCHL1_HUMAN	UCHL1	Ubiquitin carboxyl-terminal hydrolase isozyme L1	1.11161e+06	1.20872e+06	1.25944e+06	1.81059e+06
P09960	P09960	LKHA4_HUMAN	LTA4H	Leukotriene A-4 hydrolase	4.86601e+06	5.86671e+06	6.34401e+06	4.74283e+06
P09972	P09972	ALDOC_HUMAN	ALDOC	Fructose-bisphosphate aldolase C	2.73294e+06	3.36666e+06	3.89565e+06	2.62309e+06
P0C0L4	P0C0L4	CO4A_HUMAN	C4A	Complement C4-A	3.73955e+06	3.97902e+06	4.23748e+06	1.46022e+06
P0C0L5	P0C0L4;P0C0L5	CO4B_HUMAN	C4B	Complement C4-B	7.82455e+06	8.81501e+06	9.71181e+06	5.96711e+06
P0C0S5;Q71UI9	P0C0S5;Q71UI9	H2AV_HUMAN;H2AZ_HUMAN	H2AZ1;H2AZ2	Histone H2A.Z	896312	1.39386e+06	292179	398576
P0C0S8;P20671;Q16777;Q6FI13;Q96KK5;Q99878;Q9BTM1	P04908;P0C0S8;P20671;Q16777;Q6FI13;Q7L7L0;Q93077;Q96KK5;Q99878;Q9BTM1	H2A1D_HUMAN;H2A1H_HUMAN;H2A1J_HUMAN;H2A1_HUMAN;H2A2A_HUMAN;H2A2C_HUMAN;H2AJ_HUMAN	H2AC11;H2AC12;H2AC14;H2AC18;H2AC20;H2AC7;H2AJ	Histone H2A type 1	3.18275e+06	4.30985e+06	2.03389e+06	1.79545e+06
P0C7P0	P0C7P0	CISD3_HUMAN	CISD3	CDGSH iron-sulfur domain-containing protein 3, mitochondrial	520779	289947		1.2286e+06
P0CG12	P0CG12	DERPC_HUMAN	DERPC	Decreased expression in renal and prostate cancer protein	180472			324947
P0DI81	P0DI81	TPC2A_HUMAN	TRAPPC2	Trafficking protein particle complex subunit 2	235960	635650		
P0DJI8;P0DJI9	P0DJI8;P0DJI9	SAA1_HUMAN;SAA2_HUMAN	SAA1;SAA2	Serum amyloid A-1 protein	66082.5	173289	105608	
P0DMM9	P0DMM9	ST1A3_HUMAN	SULT1A3	Sulfotransferase 1A3	4.60467e+06	7.83792e+06	6.98706e+06	1.10664e+07
P0DMV8	P0DMV8;P34931	HS71A_HUMAN	HSPA1A	Heat shock 70 kDa protein 1A	3.48354e+07	3.32771e+07	6.44819e+07	3.34788e+07
P0DOX2	P0DOX2	IGA2_HUMAN		Immunoglobulin alpha-2 heavy chain	1.7121e+06	4.28539e+06	4.22788e+06	6.17675e+06
P0DOX3	P0DOX3	IGD_HUMAN		Immunoglobulin delta heavy chain	1.01164e+06	1.47141e+06	1.49969e+06	1.22997e+06
P0DOX5	P0DOX5	IGG1_HUMAN		Immunoglobulin gamma-1 heavy chain	5.0915e+06	3.86245e+07	2.2029e+07	2.07709e+07
P0DOX7	P0DOX7	IGK_HUMAN		Immunoglobulin kappa light chain	3.87327e+06	5.6879e+06	5.40352e+06	6.65449e+06
P0DOY3	P0DOY3	IGLC3_HUMAN	IGLC3	Immunoglobulin lambda constant 3	1.81598e+07	8.1755e+07	8.15626e+07	1.63324e+08
P0DP23	P0DP23	CALM1_HUMAN	CALM1	Calmodulin-1	556397	1.804e+06	796855	776517
P0DPB6	P0DPB6	RPAC2_HUMAN	POLR1D	DNA-directed RNA polymerases I and III subunit RPAC2	666046	369604	799669	
P0DPD7	P0DPD7	EFMT4_HUMAN	EEF1AKMT4	EEF1A lysine methyltransferase 4	534803	279582	169840	
P0DPH7	P0DPH7;Q6PEY2;Q71U36	TBA3C_HUMAN	TUBA3C	Tubulin alpha-3C chain	1.88743e+06	942136	260311	
P0DTE1	P0DTE1	HV383_HUMAN	IGHV3-38-3	Probable non-functional immunoglobulin heavy variable 3-38-3	68993.8	148689	78948.4	
P0DTE7	P04746;P0DTE7;P19961	AMY1B_HUMAN	AMY1B	Alpha-amylase 1B	519514	96827.2	204363	272069
P0DTL6	P0DTL6	ZTRF1_HUMAN	ZFTRAF1	Zinc finger TRAF-type-containing protein 1	385167	344619	342941	1.4292e+07
P10109	P10109	ADX_HUMAN	FDX1	Adrenodoxin, mitochondrial	5.05161e+06	4.95564e+06	3.51342e+06	3.50575e+06
P10114	P10114	RAP2A_HUMAN	RAP2A	Ras-related protein Rap-2a	132450	126457		
P10145	P10145	IL8_HUMAN	CXCL8	Interleukin-8	27016.3		364504	
P10153	P10153	RNAS2_HUMAN	RNASE2	Non-secretory ribonuclease	5.95925e+07	1.26504e+08	1.28991e+08	5.22024e+07
P10155	P10155	RO60_HUMAN	RO60	RNA-binding protein RO60	2.4393e+06	2.35256e+06	2.78722e+06	1.34707e+06
P10253	P10253	LYAG_HUMAN	GAA	Lysosomal alpha-glucosidase	2.20648e+06	4.98554e+06	2.34789e+06	2.59059e+06
P10301	P10301	RRAS_HUMAN	RRAS	Ras-related protein R-Ras	5.44698e+06	6.30038e+06	3.18812e+06	3.67453e+06
P10398	P10398	ARAF_HUMAN	ARAF	Serine/threonine-protein kinase A-Raf	420532	349332	430544	193815
P10412	P10412	H14_HUMAN	H1-4	Histone H1.4	1.80163e+06	2.05232e+06	1.57396e+07	3.6596e+06
P10415	P10415	BCL2_HUMAN	BCL2	Apoptosis regulator Bcl-2		159364	417740	
P10515	P10515	ODP2_HUMAN	DLAT	Dihydrolipoyllysine-residue acetyltransferase component of pyruvate dehydrogenase complex, mitochondrial	934372	577179	3.04215e+06	4.88709e+06
P10523	P10523	ARRS_HUMAN	SAG	S-arrestin	999198	969300	1.5551e+06	2.43215e+06
P10586	P10586;P23468	PTPRF_HUMAN	PTPRF	Receptor-type tyrosine-protein phosphatase F	233094	248015	695917	646269
P10599	P10599	THIO_HUMAN	TXN	Thioredoxin	5.7789e+07	5.86473e+07	5.24421e+07	5.80711e+07
P10606	P10606	COX5B_HUMAN	COX5B	Cytochrome c oxidase subunit 5B, mitochondrial	4.31106e+06	1.86726e+07	8.49577e+06	1.80017e+07
P10619	P10619	PPGB_HUMAN	CTSA	Lysosomal protective protein	4.4753e+06	5.58971e+06	3.58248e+06	2.12577e+06
P10620	P10620	MGST1_HUMAN	MGST1	Microsomal glutathione S-transferase 1	3.70138e+06	3.0706e+06	5.69684e+06	3.26255e+06
P10643	P10643	CO7_HUMAN	C7	Complement component C7	1.48869e+06	1.79659e+06	1.56012e+06	1.29605e+06
P10644	P10644	KAP0_HUMAN	PRKAR1A	cAMP-dependent protein kinase type I-alpha regulatory subunit	2.75197e+06	3.79297e+06	3.04907e+06	3.07314e+06
P10645	P10645	CMGA_HUMAN	CHGA	Chromogranin-A		6.31373e+06	1.48344e+06	1.41207e+07
P10646	P10646	TFPI1_HUMAN	TFPI	Tissue factor pathway inhibitor	30375.2	38363.7		
P10746	P10746	HEM4_HUMAN	UROS	Uroporphyrinogen-III synthase	462000	480789	483274	
P10768	P10768	ESTD_HUMAN	ESD	S-formylglutathione hydrolase	1.93833e+07	1.92971e+07	1.69578e+07	1.11219e+07
P10809	P10809	CH60_HUMAN	HSPD1	60 kDa heat shock protein, mitochondrial	6.62556e+07	7.97421e+07	7.89391e+06	5.81796e+07
P10909	P10909	CLUS_HUMAN	CLU	Clusterin	7.59012e+06	1.02011e+07	8.1548e+06	1.03876e+07
P10915	P10915	HPLN1_HUMAN	HAPLN1	Hyaluronan and proteoglycan link protein 1	290260	361807	615357	486585
P11021	P11021	BIP_HUMAN	HSPA5	Endoplasmic reticulum chaperone BiP	6.2203e+07	1.62426e+08	1.19879e+08	1.01902e+08
P11047	P11047	LAMC1_HUMAN	LAMC1	Laminin subunit gamma-1	3.83811e+06	3.17679e+06	3.14721e+06	1.73475e+06
P11049	P11049	CD37_HUMAN	CD37	Leukocyte antigen CD37	199730	417870	331778	
P11117	P11117	PPAL_HUMAN	ACP2	Lysosomal acid phosphatase	2.042e+06	3.50949e+06	1.99115e+06	1.78076e+06
P11142	P11142;P54652	HSP7C_HUMAN	HSPA8	Heat shock cognate 71 kDa protein	9.64376e+07	7.55402e+07	1.04661e+08	5.57227e+07
P11166	P11166	GTR1_HUMAN	SLC2A1	Solute carrier family 2, facilitated glucose transporter member 1	6.28609e+06	1.05807e+06	1.36176e+06	536415
P11169	P11169;Q8TDB8	GTR3_HUMAN	SLC2A3	Solute carrier family 2, facilitated glucose transporter member 3	2.1302e+06	1.8384e+06	3.87717e+06	1.21218e+06
P11171	P11171;Q9H4G0;Q9Y2J2	EPB41_HUMAN	EPB41	Protein 4.1	2.41076e+06	2.62021e+06	1.44229e+06	2.22149e+06
P11172	P11172	UMPS_HUMAN	UMPS	Uridine 5'-monophosphate synthase	1.99412e+06	1.43341e+06	1.39961e+06	1.33552e+06
P11177	P11177	ODPB_HUMAN	PDHB	Pyruvate dehydrogenase E1 component subunit beta, mitochondrial	7.82964e+06	9.97202e+06	1.17624e+06	9.17842e+06
P11182	P11182	ODB2_HUMAN	DBT	Lipoamide acyltransferase component of branched-chain alpha-keto acid dehydrogenase complex, mitochondrial	508844	387352	1.40536e+06	1.2238e+06
P11215	P11215	ITAM_HUMAN	ITGAM	Integrin alpha-M	1.23783e+07	8.76573e+06	3.05876e+07	3.44264e+06
P11216	P06737;P11216;P11217	PYGB_HUMAN	PYGB	Glycogen phosphorylase, brain form	1.50181e+07	2.51601e+07	1.15346e+07	1.90474e+07
P11217	P11217	PYGM_HUMAN	PYGM	Glycogen phosphorylase, muscle form	78486.6	115045	82544.9	
P11233	P11233	RALA_HUMAN	RALA	Ras-related protein Ral-A	2.82722e+06	2.19627e+06	1.93823e+06	1.43361e+06
P11234	P11233;P11234	RALB_HUMAN	RALB	Ras-related protein Ral-B	7.51335e+06	6.66887e+06	8.04517e+06	4.08806e+06
P11245	P11245	ARY2_HUMAN	NAT2	Arylamine N-acetyltransferase 2	50175.6	79912.9	80498.7	
P11277	P11277	SPTB1_HUMAN	SPTB	Spectrin beta chain, erythrocytic	3.75355e+06	2.88646e+06	3.98354e+06	1.96677e+06
P11279	P11279	LAMP1_HUMAN	LAMP1	Lysosome-associated membrane glycoprotein 1	1.87919e+07	2.024e+07	1.68227e+07	8.73496e+06
P11310	P11310	ACADM_HUMAN	ACADM	Medium-chain specific acyl-CoA dehydrogenase, mitochondrial	1.21483e+06	8.16463e+06	3.07489e+06	7.98639e+06
P11387	P11387	TOP1_HUMAN	TOP1	DNA topoisomerase 1	1.34355e+07	1.20943e+07	1.26954e+07	3.74021e+06
P11388	P11388	TOP2A_HUMAN	TOP2A	DNA topoisomerase 2-alpha	118242		44110.9	
P11413	P11413	G6PD_HUMAN	G6PD	Glucose-6-phosphate 1-dehydrogenase	5.91197e+06	5.43683e+06	1.14963e+07	2.81456e+06
P11441	P11441	UBL4A_HUMAN	UBL4A	Ubiquitin-like protein 4A	639671	688467	439343	536219
P11498	P11498	PYC_HUMAN	PC	Pyruvate carboxylase, mitochondrial	366092	393131	675809	1.09531e+06
P11532	P11532	DMD_HUMAN	DMD	Dystrophin	178903		95486.8	
P11586	P11586	C1TC_HUMAN	MTHFD1	C-1-tetrahydrofolate synthase, cytoplasmic	5.72236e+06	5.26782e+06	3.6616e+06	7.61233e+06
P11678	P11678	PERE_HUMAN	EPX	Eosinophil peroxidase	1.34937e+07	1.34047e+07	2.39852e+07	8.31908e+06
P11717	P11717	MPRI_HUMAN	IGF2R	Cation-independent mannose-6-phosphate receptor	3.45988e+06	2.75757e+06	3.51575e+06	1.57779e+06
P11766	P11766	ADHX_HUMAN	ADH5	Alcohol dehydrogenase class-3	9.16041e+06	1.11912e+07	8.84681e+06	1.00172e+07
P11908	P11908;P21108;P60891	PRPS2_HUMAN	PRPS2	Ribose-phosphate pyrophosphokinase 2	8.79468e+06	7.57011e+06	3.82507e+06	4.7151e+06
P11940	P11940;Q4VXU2	PABP1_HUMAN	PABPC1	Polyadenylate-binding protein 1	1.54891e+07	1.13126e+07	1.39681e+07	9.93418e+06
P12004	P12004	PCNA_HUMAN	PCNA	Proliferating cell nuclear antigen	1.31249e+07	1.00258e+07	3.45726e+06	5.48323e+06
P12081	P12081;P49590	HARS1_HUMAN	HARS1	Histidine--tRNA ligase, cytoplasmic	4.0736e+06	5.90863e+06	4.69657e+06	3.06994e+06
P12104	P12104	FABPI_HUMAN	FABP2	Fatty acid-binding protein, intestinal		2.03962e+06	2.31766e+06	3.01774e+06
P12109	P12109	CO6A1_HUMAN	COL6A1	Collagen alpha-1(VI) chain	1.89501e+06	1.45068e+06	5.36939e+06	1.53735e+06
P12110	P12110	CO6A2_HUMAN	COL6A2	Collagen alpha-2(VI) chain	1.81742e+06	1.1541e+06	3.81671e+06	1.79766e+06
P12111	P12111	CO6A3_HUMAN	COL6A3	Collagen alpha-3(VI) chain	8.97935e+06	4.75773e+06	1.48528e+07	4.40615e+06
P12235	P12235;P12236	ADT1_HUMAN	SLC25A4	ADP/ATP translocase 1	1.73832e+06	932830	8.96698e+06	5.67485e+06
P12236	P12236	ADT3_HUMAN	SLC25A6	ADP/ATP translocase 3	2.38765e+06	774084	3.18621e+06	1.00028e+07
P12259	P12259	FA5_HUMAN	F5	Coagulation factor V	275313	359045	368557	
P12268	P12268	IMDH2_HUMAN	IMPDH2	Inosine-5'-monophosphate dehydrogenase 2	6.53716e+06	4.15268e+06	4.31733e+06	4.65671e+06
P12270	P12270	TPR_HUMAN	TPR	Nucleoprotein TPR	1.75363e+06	751571	1.99556e+06	542892
P12273	P12273	PIP_HUMAN	PIP	Prolactin-inducible protein	688195	691952	773707	3.61504e+06
P12277	P12277	KCRB_HUMAN	CKB	Creatine kinase B-type	7.7996e+06	3.60376e+07	7.52487e+07	7.90437e+07
P12314	P12314	FCGR1_HUMAN	FCGR1A	High affinity immunoglobulin gamma Fc receptor I	684877	742625	1.10936e+06	
P12318;P31995	P12318;P31994;P31995	FCG2A_HUMAN;FCG2C_HUMAN	FCGR2A;FCGR2C	Low affinity immunoglobulin gamma Fc region receptor II-a	1.15488e+06	1.52744e+06	1.10626e+06	644555
P12429	P12429	ANXA3_HUMAN	ANXA3	Annexin A3	1.53877e+07	9.91537e+06	3.20838e+07	7.55829e+06
P12532	P12532	KCRU_HUMAN	CKMT1A	Creatine kinase U-type, mitochondrial	5.18595e+06	1.48039e+07	1.79124e+07	1.67645e+07
P12694	P12694	ODBA_HUMAN	BCKDHA	2-oxoisovalerate dehydrogenase subunit alpha, mitochondrial	1.44426e+06	1.64232e+06	702311	1.32038e+06
P12724	P12724	ECP_HUMAN	RNASE3	Eosinophil cationic protein	2.23927e+07	2.48376e+07	4.54618e+07	1.64122e+07
P12814	P12814	ACTN1_HUMAN	ACTN1	Alpha-actinin-1	1.25904e+07	7.29988e+06	2.24855e+07	4.93644e+06
P12821	P12821	ACE_HUMAN	ACE	Angiotensin-converting enzyme	734783	771333	577550	
P12830	P12830	CADH1_HUMAN	CDH1	Cadherin-1	5.13281e+06	4.89457e+06	5.48851e+06	9.84162e+06
P12838	P12838	DEF4_HUMAN	DEFA4	Defensin alpha 4	2.99804e+06	577159	3.41021e+06	
P12883;P13533;Q9H6N6	P12883;P13533;Q9H6N6	MYH16_HUMAN;MYH6_HUMAN;MYH7_HUMAN	MYH16;MYH6;MYH7	Myosin-7			736177	
P12931	P06241;P07947;P12931	SRC_HUMAN	SRC	Proto-oncogene tyrosine-protein kinase Src	2.03474e+06	1.89235e+06	2.52735e+06	2.31263e+06
P12955	P12955	PEPD_HUMAN	PEPD	Xaa-Pro dipeptidase	5.55499e+06	7.23649e+06	3.53621e+06	2.21768e+06
P12956	P12956	XRCC6_HUMAN	XRCC6	X-ray repair cross-complementing protein 6	1.03025e+07	6.5616e+06	8.81893e+06	6.25349e+06
P13010	P13010	XRCC5_HUMAN	XRCC5	X-ray repair cross-complementing protein 5	1.00448e+07	6.29562e+06	8.33273e+06	5.65273e+06
P13051	P13051	UNG_HUMAN	UNG	Uracil-DNA glycosylase	780553	539124	566259	343777
P13073	P13073	COX41_HUMAN	COX4I1	Cytochrome c oxidase subunit 4 isoform 1, mitochondrial	1.7574e+07	2.64911e+07	2.52262e+07	2.13629e+07
P13224	P13224	GP1BB_HUMAN	GP1BB	Platelet glycoprotein Ib beta chain	135296	692003	688833	
P13284	P13284	GILT_HUMAN	IFI30	Gamma-interferon-inducible lysosomal thiol reductase	5.24239e+06	1.54784e+07	4.51524e+06	2.67372e+06
P13473	P13473	LAMP2_HUMAN	LAMP2	Lysosome-associated membrane glycoprotein 2	1.49108e+07	2.32999e+07	1.35849e+07	6.78755e+06
P13489	P13489	RINI_HUMAN	RNH1	Ribonuclease inhibitor	1.29122e+07	9.82273e+06	6.95503e+06	7.39569e+06
P13498	P13498	CY24A_HUMAN	CYBA	Cytochrome b-245 light chain	4.21088e+06	4.67935e+06	9.86091e+06	2.93903e+06
P13521	P13521	SCG2_HUMAN	SCG2	Secretogranin-2		319407		1.08151e+06
P13591	P13591	NCAM1_HUMAN	NCAM1	Neural cell adhesion molecule 1	477191	626509	924916	879315
P13598	P13598	ICAM2_HUMAN	ICAM2	Intercellular adhesion molecule 2	679526	1.4234e+06	580415	188889
P13611	P13611	CSPG2_HUMAN	VCAN	Versican core protein	1.36577e+07	5.8183e+06	4.14926e+06	2.46483e+06
P13612	P13612	ITA4_HUMAN	ITGA4	Integrin alpha-4	1.53957e+06	2.38225e+06	1.24061e+06	974764
P13639	P13639	EF2_HUMAN	EEF2	Elongation factor 2	8.26746e+07	7.84222e+07	7.17257e+07	4.45094e+07
P13645	P13645	K1C10_HUMAN	KRT10	Keratin, type I cytoskeletal 10	6.23246e+07	1.95539e+08	2.25344e+08	7.67769e+08
P13646	P13646;P19012;Q99456	K1C13_HUMAN	KRT13	Keratin, type I cytoskeletal 13	335941	2.27016e+06	3.0748e+06	2.45467e+06
P13647	P13647	K2C5_HUMAN	KRT5	Keratin, type II cytoskeletal 5	9.24863e+06	2.57974e+07	3.45642e+07	1.10884e+08
P13667	P13667	PDIA4_HUMAN	PDIA4	Protein disulfide-isomerase A4	2.34213e+07	4.8479e+07	3.77899e+07	3.64152e+07
P13671	P13671	CO6_HUMAN	C6	Complement component C6	1.7536e+06	1.70979e+06	1.7645e+06	2.33746e+06
P13674	P13674	P4HA1_HUMAN	P4HA1	Prolyl 4-hydroxylase subunit alpha-1	2.38869e+06	1.3155e+06	1.66083e+06	1.3223e+06
P13686	P13686	PPA5_HUMAN	ACP5	Tartrate-resistant acid phosphatase type 5	1.182e+07	1.74819e+07	1.2423e+07	
P13688	P13688	CEAM1_HUMAN	CEACAM1	Carcinoembryonic antigen-related cell adhesion molecule 1	2.62008e+06	1.89419e+06	2.64269e+06	871790
P13693	P13693;Q9HAU6	TCTP_HUMAN	TPT1	Translationally-controlled tumor protein	5.39685e+06	4.98583e+06	4.38435e+06	2.51994e+06
P13716	P13716	HEM2_HUMAN	ALAD	Delta-aminolevulinic acid dehydratase	2.84604e+06	4.06088e+06	2.33956e+06	1.51356e+06
P13726	P13726	TF_HUMAN	F3	Tissue factor	131146	201623	224904	
P13727	P13727	PRG2_HUMAN	PRG2	Bone marrow proteoglycan	6.66656e+06	7.79752e+06	1.20036e+07	3.04723e+06
P13796	P13796	PLSL_HUMAN	LCP1	Plastin-2	3.12584e+07	3.52805e+07	6.10426e+07	1.66389e+07
P13797	P13797	PLST_HUMAN	PLS3	Plastin-3	6.88725e+06	3.08561e+06	2.99751e+06	1.50525e+06
P13798	P13798	ACPH_HUMAN	APEH	Acylamino-acid-releasing enzyme	1.04562e+07	9.5064e+06	9.3451e+06	8.68101e+06
P13804	P13804	ETFA_HUMAN	ETFA	Electron transfer flavoprotein subunit alpha, mitochondrial	4.45721e+06	9.46884e+06	4.56663e+06	1.06933e+07
P13807	P13807	GYS1_HUMAN	GYS1	Glycogen [starch] synthase, muscle	769279	883081	919956	517836
P13861	P13861	KAP2_HUMAN	PRKAR2A	cAMP-dependent protein kinase type II-alpha regulatory subunit	5.3712e+06	6.76368e+06	4.40187e+06	5.08785e+06
P13866	P13866	SC5A1_HUMAN	SLC5A1	Sodium/glucose cotransporter 1	363090	400582	219126	
P13929	P13929	ENOB_HUMAN	ENO3	Beta-enolase		60510.6	69851.4	
P13984	P13984	T2FB_HUMAN	GTF2F2	General transcription factor IIF subunit 2	1.08806e+06	780849	449250	879019
P13987	P13987	CD59_HUMAN	CD59	CD59 glycoprotein	8.27097e+06	8.68199e+06	3.3358e+06	2.02509e+06
P13995	P13995	MTDC_HUMAN	MTHFD2	Bifunctional methylenetetrahydrofolate dehydrogenase/cyclohydrolase, mitochondrial	1.78157e+06	2.03711e+06	777699	1.27156e+06
P14091	P14091	CATE_HUMAN	CTSE	Cathepsin E		1.87463e+06	836208	362643
P14151	P14151	LYAM1_HUMAN	SELL	L-selectin	205850	290974	410185	
P14174	P14174	MIF_HUMAN	MIF	Macrophage migration inhibitory factor	2.95856e+07	4.04972e+07	2.13256e+07	2.25293e+07
P14207	P14207	FOLR2_HUMAN	FOLR2	Folate receptor beta	778745	1.28832e+06	936502	783879
P14209	P14209	CD99_HUMAN	CD99	CD99 antigen	336532	1.05547e+06	486826	1.41974e+06
P14210	P14210	HGF_HUMAN	HGF	Hepatocyte growth factor	33891.9	59460.7	47822.8	
P14314	P14314	GLU2B_HUMAN	PRKCSH	Glucosidase 2 subunit beta	1.92313e+07	3.1795e+07	2.18379e+07	2.25619e+07
P14317	P14317	HCLS1_HUMAN	HCLS1	Hematopoietic lineage cell-specific protein	5.65978e+06	9.58966e+06	3.66127e+06	5.07589e+06
P14324	P14324	FPPS_HUMAN	FDPS	Farnesyl pyrophosphate synthase	2.40215e+06	2.4801e+06	1.67712e+06	2.07325e+06
P14384	P14384	CBPM_HUMAN	CPM	Carboxypeptidase M	219311	273631	433652	
P14406	P14406	CX7A2_HUMAN	COX7A2	Cytochrome c oxidase subunit 7A2, mitochondrial	7.41003e+06	1.54711e+07	8.46405e+06	2.42496e+07
P14410	P14410	SUIS_HUMAN	SI	Sucrase-isomaltase, intestinal		134872		778779
P14543	P14543	NID1_HUMAN	NID1	Nidogen-1	2.06941e+06	2.09976e+06	2.34384e+06	939401
P14550	P14550	AK1A1_HUMAN	AKR1A1	Aldo-keto reductase family 1 member A1	1.03685e+07	2.23146e+07	1.53298e+07	1.47157e+07
P14555	P14555	PA2GA_HUMAN	PLA2G2A	Phospholipase A2, membrane associated	107668	468814	1.8949e+06	1.34531e+06
P14598	P14598;A6NI72;A8MVU1	NCF1_HUMAN	NCF1	Neutrophil cytosol factor 1	2.85328e+06	3.24149e+06	5.69803e+06	1.2628e+06
P14618	P14618	KPYM_HUMAN	PKM	Pyruvate kinase PKM	1.69228e+08	1.77055e+08	1.28697e+08	8.86743e+07
P14621	P14621	ACYP2_HUMAN	ACYP2	Acylphosphatase-2	776189	1.50748e+06	857157	714927
P14625	P14625	ENPL_HUMAN	HSP90B1	Endoplasmin	8.12185e+07	2.72067e+08	1.41098e+08	1.679e+08
P14649	P14649	MYL6B_HUMAN	MYL6B	Myosin light chain 6B	52582.2	94444.5	42534.3	
P14678;P63162	P14678;P63162	RSMB_HUMAN;RSMN_HUMAN	SNRPB;SNRPN	Small nuclear ribonucleoprotein-associated proteins B and B'	7.72886e+06	7.89187e+06	9.62991e+06	2.20063e+06
P14735	P14735	IDE_HUMAN	IDE	Insulin-degrading enzyme	2.12718e+06	2.23409e+06	2.46988e+06	1.43663e+06
P14770	P14770	GPIX_HUMAN	GP9	Platelet glycoprotein IX	167711	287479	158871	
P14780	P14780	MMP9_HUMAN	MMP9	Matrix metalloproteinase-9	4.93355e+06	2.00403e+06	9.68649e+06	699271
P14854	P14854	CX6B1_HUMAN	COX6B1	Cytochrome c oxidase subunit 6B1	4.21751e+06	1.36046e+07	7.0455e+06	1.10386e+07
P14859	P14859;Q9UKI9	PO2F1_HUMAN	POU2F1	POU domain, class 2, transcription factor 1	532818	514428	348394	645819
P14866	P14866	HNRPL_HUMAN	HNRNPL	Heterogeneous nuclear ribonucleoprotein L	8.88463e+06	6.58255e+06	9.13327e+06	4.77739e+06
P14868	P14868	SYDC_HUMAN	DARS1	Aspartate--tRNA ligase, cytoplasmic	8.87274e+06	9.50431e+06	3.32743e+06	4.40455e+06
P14902	P14902	I23O1_HUMAN	IDO1	Indoleamine 2,3-dioxygenase 1	588375	793734	885796	
P14923	P14923	PLAK_HUMAN	JUP	Junction plakoglobin	3.77647e+06	4.26396e+06	5.42884e+06	1.20231e+07
P14927	P14927	QCR7_HUMAN	UQCRB	Cytochrome b-c1 complex subunit 7	7.51632e+06	1.33928e+07	9.67471e+06	1.39319e+07
P15056	P15056	BRAF_HUMAN	BRAF	Serine/threonine-protein kinase B-raf	146597	48645.4		
P15085	P15085;P15086	CBPA1_HUMAN	CPA1	Carboxypeptidase A1			270821	
P15088	P15088	CBPA3_HUMAN	CPA3	Mast cell carboxypeptidase A	140981	379917	279787	
P15090	P02689;P15090	FABP4_HUMAN	FABP4	Fatty acid-binding protein, adipocyte	1.17577e+06	2.13377e+06	1.24676e+06	1.10657e+06
P15104	P15104	GLNA_HUMAN	GLUL	Glutamine synthetase	1.73606e+06	2.3646e+06	2.54464e+06	2.13343e+06
P15121	P15121	ALDR_HUMAN	AKR1B1	Aldo-keto reductase family 1 member B1	9.50398e+06	1.55459e+07	1.4526e+07	7.12644e+06
P15144	P15144	AMPN_HUMAN	ANPEP	Aminopeptidase N	1.90499e+06	1.80539e+06	2.22175e+06	716623
P15151	P15151	PVR_HUMAN	PVR	Poliovirus receptor	732728	661833	511762	244178
P15153	P15153	RAC2_HUMAN	RAC2	Ras-related C3 botulinum toxin substrate 2	1.15308e+07	1.85326e+07	9.75754e+06	5.71816e+06
P15169	P15169	CBPN_HUMAN	CPN1	Carboxypeptidase N catalytic chain	425538	472553	513144	
P15170	P15170;Q8IYD1	ERF3A_HUMAN	GSPT1	Eukaryotic peptide chain release factor GTP-binding subunit ERF3A	4.36536e+06	3.55751e+06	2.67596e+06	2.11227e+06
P15260	P15260	INGR1_HUMAN	IFNGR1	Interferon gamma receptor 1	326543	308409	336209	
P15289	P15289	ARSA_HUMAN	ARSA	Arylsulfatase A	1.27518e+06	3.4198e+06	2.3921e+06	1.49663e+06
P15291	P15291	B4GT1_HUMAN	B4GALT1	Beta-1,4-galactosyltransferase 1	1.26527e+06	1.04554e+06	1.18746e+06	381310
P15309	P15309	PPAP_HUMAN	ACP3	Prostatic acid phosphatase	160110	416662	783650	654485
P15311	P15311	EZRI_HUMAN	EZR	Ezrin	2.21116e+07	2.15883e+07	2.22536e+07	1.83597e+07
P15374	P15374	UCHL3_HUMAN	UCHL3	Ubiquitin carboxyl-terminal hydrolase isozyme L3	2.46119e+06	3.46905e+06	1.52602e+06	2.28232e+06
P15428	P15428	PGDH_HUMAN	HPGD	15-hydroxyprostaglandin dehydrogenase [NAD(+)]	554865	1.18778e+06	1.46525e+06	1.1664e+06
P15498	P15498	VAV_HUMAN	VAV1	Proto-oncogene vav	306764	336988	591390	
P15514	P15514	AREG_HUMAN	AREG	Amphiregulin	883017			
P15529	P15529	MCP_HUMAN	CD46	Membrane cofactor protein	4.54321e+06	3.3713e+06	1.85969e+06	842307
P15531	P15531	NDKA_HUMAN	NME1	Nucleoside diphosphate kinase A	1.80535e+07	1.93559e+07	1.12954e+07	4.41845e+06
P15559	P15559	NQO1_HUMAN	NQO1	NAD(P)H dehydrogenase [quinone] 1	4.00967e+06	3.67111e+06	1.54752e+06	1.23866e+06
P15586	P15586	GNS_HUMAN	GNS	N-acetylglucosamine-6-sulfatase	4.00398e+06	4.77541e+06	4.46383e+06	2.81094e+06
P15735	P15735	PHKG2_HUMAN	PHKG2	Phosphorylase b kinase gamma catalytic chain, liver/testis isoform	126195	147346		
P15848	P15848	ARSB_HUMAN	ARSB	Arylsulfatase B	700292	1.26631e+06	1.04723e+06	537379
P15880	P15880	RS2_HUMAN	RPS2	Small ribosomal subunit protein uS5	1.98057e+07	1.01301e+07	1.29566e+07	1.28718e+07
P15907	P15907	SIAT1_HUMAN	ST6GAL1	Beta-galactoside alpha-2,6-sialyltransferase 1	1.58065e+06	2.94125e+06	1.88828e+06	2.40268e+06
P15924	P15924	DESP_HUMAN	DSP	Desmoplakin	1.5752e+06	3.83308e+06	5.05373e+06	1.36992e+07
P15927	P15927	RFA2_HUMAN	RPA2	Replication protein A 32 kDa subunit	2.17297e+06	2.02143e+06	1.62486e+06	1.32519e+06
P15941	P15941	MUC1_HUMAN	MUC1	Mucin-1	203503	725283	549808	
P15954	P15954	COX7C_HUMAN	COX7C	Cytochrome c oxidase subunit 7C, mitochondrial	170883	933773	486646	3.08545e+06
P16035	P16035	TIMP2_HUMAN	TIMP2	Metalloproteinase inhibitor 2	1.2196e+06	702924	1.05857e+06	
P16050	P16050	LOX15_HUMAN	ALOX15	Polyunsaturated fatty acid lipoxygenase ALOX15	4.54972e+06	8.38725e+06	8.39883e+06	4.98312e+06
P16070	P16070	CD44_HUMAN	CD44	CD44 antigen	7.38917e+06	1.42761e+07	9.58193e+06	5.85785e+06
P16083	P16083	NQO2_HUMAN	NQO2	Ribosyldihydronicotinamide dehydrogenase [quinone]	1.03062e+06	1.2927e+06	1.36729e+06	1.10157e+06
P16104	P16104	H2AX_HUMAN	H2AX	Histone H2AX	4.55468e+07	3.13822e+07	7.67733e+07	2.70021e+07
P16109	P16109	LYAM3_HUMAN	SELP	P-selectin	482827	794026	415027	
P16112	P16112	PGCA_HUMAN	ACAN	Aggrecan core protein	784720	195284	308001	
P16144	P16144	ITB4_HUMAN	ITGB4	Integrin beta-4	3.15767e+06	3.19642e+06	3.82319e+06	4.02712e+06
P16150	P16150	LEUK_HUMAN	SPN	Leukosialin	1.71718e+06	2.74567e+06	751585	978562
P16152	P16152	CBR1_HUMAN	CBR1	Carbonyl reductase [NADPH] 1	1.3733e+07	2.33402e+07	1.36126e+07	9.43253e+06
P16157	P16157	ANK1_HUMAN	ANK1	Ankyrin-1	661185	526823	568065	477905
P16219	P16219	ACADS_HUMAN	ACADS	Short-chain specific acyl-CoA dehydrogenase, mitochondrial	799250	2.19153e+06	971359	3.55947e+06
P16220	P16220;P18846	CREB1_HUMAN	CREB1	Cyclic AMP-responsive element-binding protein 1	827252	941170	764792	979580
P16234	P16234	PGFRA_HUMAN	PDGFRA	Platelet-derived growth factor receptor alpha	275557	301092		
P16278	P16278	BGAL_HUMAN	GLB1	Beta-galactosidase	4.15487e+06	6.91533e+06	3.30339e+06	2.09476e+06
P16284	P16284	PECA1_HUMAN	PECAM1	Platelet endothelial cell adhesion molecule	3.27367e+06	5.86989e+06	2.94649e+06	2.26378e+06
P16298	P16298	PP2BB_HUMAN	PPP3CB	Serine/threonine-protein phosphatase 2B catalytic subunit beta isoform	780086	751404	862362	
P16333	P16333	NCK1_HUMAN	NCK1	Cytoplasmic protein NCK1	1.66615e+06	1.68745e+06	1.67878e+06	1.76238e+06
P16401	P16401	H15_HUMAN	H1-5	Histone H1.5	3.71447e+06	3.28704e+06	2.12844e+07	3.47744e+06
P16402	P16402	H13_HUMAN	H1-3	Histone H1.3			251462	
P16403	P10412;P16401;P16402;P16403;Q02539	H12_HUMAN	H1-2	Histone H1.2	2.05714e+07	2.38877e+07	1.0464e+08	2.88822e+07
P16422	P16422	EPCAM_HUMAN	EPCAM	Epithelial cell adhesion molecule	1.64485e+07	1.50776e+07	1.6002e+07	2.00756e+07
P16435	P16435	NCPR_HUMAN	POR	NADPH--cytochrome P450 reductase	5.25694e+06	3.53265e+06	5.66402e+06	2.96007e+06
P16442	P16442	BGAT_HUMAN	ABO	Histo-blood group ABO system transferase		887803	1.43899e+06	1.37405e+06
P16444	P16444	DPEP1_HUMAN	DPEP1	Dipeptidase 1	6.30864e+06	5.05787e+06	550559	
P16452	P16452	EPB42_HUMAN	EPB42	Protein 4.2	1.1271e+06	727535	1.00182e+06	473474
P16455	P16455	MGMT_HUMAN	MGMT	Methylated-DNA--protein-cysteine methyltransferase	1.44031e+06	1.4463e+06	370856	462499
P16615	P16615	AT2A2_HUMAN	ATP2A2	Sarcoplasmic/endoplasmic reticulum calcium ATPase 2	3.51485e+06	1.67866e+06	9.08236e+06	6.46861e+06
P16671	P16671	CD36_HUMAN	CD36	Platelet glycoprotein 4	671361	1.37988e+06	1.97319e+06	773166
P16870	P16870	CBPE_HUMAN	CPE	Carboxypeptidase E	150179	446492	265920	779648
P16885	P16885	PLCG2_HUMAN	PLCG2	1-phosphatidylinositol 4,5-bisphosphate phosphodiesterase gamma-2	987472	3.27753e+06	3.03098e+06	1.82745e+06
P16930	P16930	FAAA_HUMAN	FAH	Fumarylacetoacetase	2.6215e+06	3.50504e+06	2.59512e+06	1.05715e+06
P16949	P16949	STMN1_HUMAN	STMN1	Stathmin	1.22106e+07	9.44298e+06	8.06661e+06	8.76371e+06
P16989	P16989	YBOX3_HUMAN	YBX3	Y-box-binding protein 3	3.5473e+06	3.09851e+06	2.11371e+06	2.25511e+06
P17050	P17050	NAGAB_HUMAN	NAGA	Alpha-N-acetylgalactosaminidase	4.6489e+06	5.82089e+06	3.50692e+06	2.40867e+06
P17066;P48741	P17066;P48741	HSP76_HUMAN;HSP77_HUMAN	HSPA6;HSPA7	Heat shock 70 kDa protein 6	1.40135e+08	2.38768e+08	2.41488e+08	1.48412e+08
P17096	P17096	HMGA1_HUMAN	HMGA1	High mobility group protein HMG-I/HMG-Y	3.38072e+06	6.20297e+06	1.68952e+06	4.73997e+06
P17152	P17152	TMM11_HUMAN	TMEM11	Transmembrane protein 11, mitochondrial	428413	367552	434803	771753
P17174	P17174	AATC_HUMAN	GOT1	Aspartate aminotransferase, cytoplasmic	5.13172e+06	8.01486e+06	4.70382e+06	8.69838e+06
P17213	P17213	BPI_HUMAN	BPI	Bactericidal permeability-increasing protein	4.50011e+06	2.05661e+06	1.44786e+07	1.30194e+06
P17252	P17252	KPCA_HUMAN	PRKCA	Protein kinase C alpha type	1.63868e+06	1.67418e+06	1.65777e+06	1.27378e+06
P17301	P17301	ITA2_HUMAN	ITGA2	Integrin alpha-2	4.62519e+06	4.97006e+06	3.61751e+06	2.41879e+06
P17405	P17405	ASM_HUMAN	SMPD1	Sphingomyelin phosphodiesterase	240561	379906	274204	
P17480	P17480	UBF1_HUMAN	UBTF	Nucleolar transcription factor 1	434065	340110	744245	
P17568	P17568	NDUB7_HUMAN	NDUFB7	NADH dehydrogenase [ubiquinone] 1 beta subcomplex subunit 7	2.15822e+06	2.91655e+06	5.63291e+06	5.3569e+06
P17612	P17612	KAPCA_HUMAN	PRKACA	cAMP-dependent protein kinase catalytic subunit alpha	551908	651331	1.03866e+06	
P17655	P17655	CAN2_HUMAN	CAPN2	Calpain-2 catalytic subunit	7.70387e+06	5.47367e+06	7.72834e+06	5.9965e+06
P17661	P17661	DESM_HUMAN	DES	Desmin	315244	394295	551622	317712
P17676	P17676	CEBPB_HUMAN	CEBPB	CCAAT/enhancer-binding protein beta	187842		242727	
P17693	P01893;P17693;HLA:HLA00050;HLA:HLA00146;HLA:HLA00318;HLA:HLA00427;HLA:HLA00934;HLA:HLA00936	HLAG_HUMAN	HLA-G	HLA class I histocompatibility antigen, alpha chain G	3.30793e+07	4.15184e+07	3.25475e+07	2.03887e+07
P17706	P17706	PTN2_HUMAN	PTPN2	Tyrosine-protein phosphatase non-receptor type 2	495311	578677	612079	97575.3
P17812	P17812;Q9NRF8	PYRG1_HUMAN	CTPS1	CTP synthase 1	2.2626e+06	1.97479e+06	800559	721092
P17813	P17813	EGLN_HUMAN	ENG	Endoglin	1.69843e+06	1.33973e+06	1.09857e+06	213793
P17844	P17844	DDX5_HUMAN	DDX5	Probable ATP-dependent RNA helicase DDX5	3.74324e+06	2.04613e+06	2.96252e+06	1.79165e+06
P17858	P08237;P17858	PFKAL_HUMAN	PFKL	ATP-dependent 6-phosphofructokinase, liver type	1.12613e+07	1.0347e+07	9.56036e+06	9.73492e+06
P17900	P17900	SAP3_HUMAN	GM2A	Ganglioside GM2 activator	2.51061e+06	5.37919e+06	4.75126e+06	3.1749e+06
P17927	P17927	CR1_HUMAN	CR1	Complement receptor type 1	400556	379380	802384	
P17931	P17931	LEG3_HUMAN	LGALS3	Galectin-3	4.81996e+07	8.67909e+07	9.85562e+07	6.83288e+07
P17936	P17936	IBP3_HUMAN	IGFBP3	Insulin-like growth factor-binding protein 3	377353	191075	205772	
P17948	P17948	VGFR1_HUMAN	FLT1	Vascular endothelial growth factor receptor 1	51262.5	34697.6	31733.3	
P17980	P17980	PRS6A_HUMAN	PSMC3	26S proteasome regulatory subunit 6A	4.33684e+06	3.11979e+06	3.4664e+06	4.48813e+06
P17987	P17987	TCPA_HUMAN	TCP1	T-complex protein 1 subunit alpha	1.33342e+07	1.16759e+07	4.1693e+06	7.78609e+06
P18031	P18031	PTN1_HUMAN	PTPN1	Tyrosine-protein phosphatase non-receptor type 1	3.57172e+06	3.67936e+06	2.7024e+06	1.05012e+06
P18065	P18065	IBP2_HUMAN	IGFBP2	Insulin-like growth factor-binding protein 2	1.07268e+06	1.91026e+06	1.74816e+06	8.43563e+06
P18074	P18074	ERCC2_HUMAN	ERCC2	General transcription and DNA repair factor IIH helicase subunit XPD	267775	135048	289632	
P18077	P18077	RL35A_HUMAN	RPL35A	Large ribosomal subunit protein eL33	8.24698e+06	5.34673e+06	1.22123e+07	8.21129e+06
P18084	P18084	ITB5_HUMAN	ITGB5	Integrin beta-5	5.3841e+06	2.74356e+06	2.6264e+06	1.10149e+06
P18085	P18085	ARF4_HUMAN	ARF4	ADP-ribosylation factor 4	3.97325e+07	6.87995e+07	3.63139e+07	2.84453e+07
P18124	P18124	RL7_HUMAN	RPL7	Large ribosomal subunit protein uL30	9.80091e+06	6.84047e+06	1.2086e+07	1.08099e+07
P18206	P18206	VINC_HUMAN	VCL	Vinculin	2.54535e+07	2.00784e+07	3.0795e+07	1.28176e+07
P18283	P18283	GPX2_HUMAN	GPX2	Glutathione peroxidase 2	6.55666e+06	7.04141e+06	2.21062e+06	5.25537e+06
P18428	P18428	LBP_HUMAN	LBP	Lipopolysaccharide-binding protein	453061	539616	460528	
P18433	P18433	PTPRA_HUMAN	PTPRA	Receptor-type tyrosine-protein phosphatase alpha	1.67542e+06	1.71264e+06	1.75313e+06	1.73665e+06
P18440	P18440	ARY1_HUMAN	NAT1	Arylamine N-acetyltransferase 1	189043	479059	703682	489512
P18510	P18510	IL1RA_HUMAN	IL1RN	Interleukin-1 receptor antagonist protein	322182	1.10771e+06	1.32782e+06	857738
P18564	P18564	ITB6_HUMAN	ITGB6	Integrin beta-6	783982	1.33791e+06	743876	
P18577;Q02161	P18577;Q02161	RHCE_HUMAN;RHD_HUMAN	RHCE;RHD	Blood group Rh(CE) polypeptide	95570.7	57897.9	102936	
P18615	P18615	NELFE_HUMAN	NELFE	Negative elongation factor E	358605	320211	201426	244799
P18621	P18621	RL17_HUMAN	RPL17	Large ribosomal subunit protein uL22	2.15343e+06	3.64449e+06	1.78358e+06	6.41287e+06
P18669	P18669	PGAM1_HUMAN	PGAM1	Phosphoglycerate mutase 1	3.95311e+07	5.21398e+07	4.70558e+07	2.7367e+07
P18754	P18754	RCC1_HUMAN	RCC1	Regulator of chromosome condensation	4.81797e+06	4.07883e+06	2.92547e+06	2.72657e+06
P18827	P18827	SDC1_HUMAN	SDC1	Syndecan-1	778930	3.06424e+06	512666	1.36474e+06
P18846	P18846	ATF1_HUMAN	ATF1	Cyclic AMP-dependent transcription factor ATF-1	102633	196996		149307
P18858	P18858	DNLI1_HUMAN	LIG1	DNA ligase 1	531720	247947	312480	
P18859	P18859	ATP5J_HUMAN	ATP5PF	ATP synthase-coupling factor 6, mitochondrial	253236	1.8521e+06	410106	951645
P18887	P18887	XRCC1_HUMAN	XRCC1	DNA repair protein XRCC1	800346	473992	720712	392906
P19012	P19012	K1C15_HUMAN	KRT15	Keratin, type I cytoskeletal 15	1.82157e+06	2.65627e+06	6.74003e+06	3.30391e+06
P19013	P19013;Q3SY84;Q86Y46	K2C4_HUMAN	KRT4	Keratin, type II cytoskeletal 4	60557.3	623469	435285	884547
P19021	P19021	AMD_HUMAN	PAM	Peptidyl-glycine alpha-amidating monooxygenase	317253	320314	421475	
P19075	P19075	TSN8_HUMAN	TSPAN8	Tetraspanin-8	1.08594e+07	1.82621e+07	1.7951e+07	1.2037e+07
P19174	P19174	PLCG1_HUMAN	PLCG1	1-phosphatidylinositol 4,5-bisphosphate phosphodiesterase gamma-1	2.07018e+06	1.061e+06	644234	
P19256	P19256	LFA3_HUMAN	CD58	Lymphocyte function-associated antigen 3	640119	928454	607153	508834
P19320	P19320	VCAM1_HUMAN	VCAM1	Vascular cell adhesion protein 1	1.09085e+06	1.61834e+06	1.00934e+06	666190
P19338	P19338	NUCL_HUMAN	NCL	Nucleolin	5.04064e+07	4.22625e+07	3.1753e+07	3.10221e+07
P19367	P19367	HXK1_HUMAN	HK1	Hexokinase-1	5.99131e+06	3.94836e+06	9.66449e+06	7.63087e+06
P19387	P19387	RPB3_HUMAN	POLR2C	DNA-directed RNA polymerase II subunit RPB3	289247	165857	341654	875692
P19388	P19388	RPAB1_HUMAN	POLR2E	DNA-directed RNA polymerases I, II, and III subunit RPABC1	1.29701e+06	1.13392e+06	1.27698e+06	775821
P19397	P19397	CD53_HUMAN	CD53	Leukocyte surface antigen CD53	2.59079e+06	6.01817e+06	5.36504e+06	1.29292e+06
P19404	P19404	NDUV2_HUMAN	NDUFV2	NADH dehydrogenase [ubiquinone] flavoprotein 2, mitochondrial	2.70713e+06	3.40873e+06	6.45504e+06	6.56537e+06
P19440	A6NGU5;P19440;Q14390;B5MD39	GGT1_HUMAN	GGT1	Glutathione hydrolase 1 proenzyme	1.00855e+06	2.43564e+06	1.61489e+06	682741
P19474	P19474	RO52_HUMAN	TRIM21	E3 ubiquitin-protein ligase TRIM21	1.52039e+06	1.51864e+06	1.72007e+06	856255
P19525	P19525	E2AK2_HUMAN	EIF2AK2	Interferon-induced, double-stranded RNA-activated protein kinase	1.39173e+06	1.01514e+06	1.15053e+06	793604
P19623	P19623	SPEE_HUMAN	SRM	Spermidine synthase	7.13506e+06	9.51169e+06	3.87737e+06	3.3282e+06
P19634	P19634	SL9A1_HUMAN	SLC9A1	Sodium/hydrogen exchanger 1	302693	223431	303683	
P19652	P19652	A1AG2_HUMAN	ORM2	Alpha-1-acid glycoprotein 2	6.48067e+06	1.08484e+07	8.31768e+06	7.44331e+06
P19784	P19784	CSK22_HUMAN	CSNK2A2	Casein kinase II subunit alpha'	1.05377e+06	653243	943543	1.74655e+06
P19793	P19793;P28702;P48443	RXRA_HUMAN	RXRA	Retinoic acid receptor RXR-alpha	864479	886787	417043	
P19801	P19801	AOC1_HUMAN	AOC1	Amiloride-sensitive amine oxidase [copper-containing]	604124	1.88017e+06	1.64713e+06	1.50798e+06
P19823	P19823	ITIH2_HUMAN	ITIH2	Inter-alpha-trypsin inhibitor heavy chain H2	8.6255e+06	1.02219e+07	7.21387e+06	7.32518e+06
P19827	P19827	ITIH1_HUMAN	ITIH1	Inter-alpha-trypsin inhibitor heavy chain H1	5.62328e+06	5.78331e+06	5.23985e+06	4.37926e+06
P19835	P19835	CEL_HUMAN	CEL	Bile salt-activated lipase		489159	77273.5	
P19838	P19838	NFKB1_HUMAN	NFKB1	Nuclear factor NF-kappa-B p105 subunit	1.74711e+06	1.17785e+06	1.84009e+06	1.25233e+06
P19878	P19878	NCF2_HUMAN	NCF2	Neutrophil cytosol factor 2	2.31686e+06	2.09578e+06	3.43608e+06	1.89259e+06
P19957	P19957	ELAF_HUMAN	PI3	Elafin		542717	170304	
P19971	P19971	TYPH_HUMAN	TYMP	Thymidine phosphorylase	1.01e+07	2.68299e+07	3.19812e+06	1.1568e+07
P20020	P20020	AT2B1_HUMAN	ATP2B1	Plasma membrane calcium-transporting ATPase 1	760193	715235	1.19104e+06	1.07835e+06
P20036	P20036	DPA1_HUMAN	HLA-DPA1	HLA class II histocompatibility antigen, DP alpha 1 chain	1.61623e+06	2.5312e+06	2.52502e+06	612023
P20042	P20042	IF2B_HUMAN	EIF2S2	Eukaryotic translation initiation factor 2 subunit 2	2.8131e+06	2.1141e+06	1.77502e+06	1.55212e+06
P20061	P20061	TCO1_HUMAN	TCN1	Transcobalamin-1	433019	397784	1.24824e+06	
P20073	P20073	ANXA7_HUMAN	ANXA7	Annexin A7	6.97229e+06	9.5188e+06	8.88335e+06	6.51451e+06
P20132	P20132	SDHL_HUMAN	SDS	L-serine dehydratase/L-threonine deaminase	109886	92336.9		
P20160	P20160	CAP7_HUMAN	AZU1	Azurocidin	3.10359e+07	7.02948e+06	6.30388e+07	5.07122e+06
P20226	P20226;Q6SJ96	TBP_HUMAN	TBP	TATA-box-binding protein	197732	60125.9	180419	
P20231;Q15661	P20231;Q15661	TRYB1_HUMAN;TRYB2_HUMAN	TPSAB1;TPSB2	Tryptase beta-2	9.37996e+06	3.26839e+07	2.06026e+07	4.38284e+06
P20290	P20290	BTF3_HUMAN	BTF3	Transcription factor BTF3	3.05155e+06	3.22438e+06	1.33682e+06	2.39051e+06
P20292	P20292	AL5AP_HUMAN	ALOX5AP	Arachidonate 5-lipoxygenase-activating protein	6.37899e+06	3.0101e+06	2.68967e+07	4.16712e+06
P20333	P20333	TNR1B_HUMAN	TNFRSF1B	Tumor necrosis factor receptor superfamily member 1B	130839	67128.6	66864.2	
P20336	P20336	RAB3A_HUMAN	RAB3A	Ras-related protein Rab-3A	1.41954e+06	1.87797e+06	3.20538e+06	834340
P20337;Q96E17	P20337;Q96E17	RAB3B_HUMAN;RAB3C_HUMAN	RAB3B;RAB3C	Ras-related protein Rab-3B	2.00207e+06	4.46706e+06	2.37978e+06	3.42513e+06
P20338	P20338	RAB4A_HUMAN	RAB4A	Ras-related protein Rab-4A	3.55513e+06	4.99566e+06	3.63839e+06	1.83843e+06
P20339	P20339	RAB5A_HUMAN	RAB5A	Ras-related protein Rab-5A	5.25803e+06	7.07715e+06	2.02049e+06	5.65739e+06
P20340	P20340;Q9H0N0;Q9NRW1	RAB6A_HUMAN	RAB6A	Ras-related protein Rab-6A	1.01121e+07	1.27605e+07	9.01492e+06	7.64352e+06
P20591	P20591	MX1_HUMAN	MX1	Interferon-induced GTP-binding protein Mx1	1.13777e+06	935960	668429	325859
P20592	P20592	MX2_HUMAN	MX2	Interferon-induced GTP-binding protein Mx2	114285		270216	
P20618	P20618	PSB1_HUMAN	PSMB1	Proteasome subunit beta type-1	1.33284e+07	1.69254e+07	1.38866e+07	9.23035e+06
P20645	P20645	MPRD_HUMAN	M6PR	Cation-dependent mannose-6-phosphate receptor	3.09272e+06	3.70273e+06	3.34978e+06	1.96519e+06
P20674	P20674	COX5A_HUMAN	COX5A	Cytochrome c oxidase subunit 5A, mitochondrial	835922	6.88668e+06	2.24295e+06	3.42784e+06
P20700	P20700	LMNB1_HUMAN	LMNB1	Lamin-B1	3.48945e+06	4.28706e+06	9.06479e+06	5.23346e+06
P20701	P20701	ITAL_HUMAN	ITGAL	Integrin alpha-L	794228	806851	1.14913e+06	231086
P20702	P20702	ITAX_HUMAN	ITGAX	Integrin alpha-X	1.3902e+06	1.47196e+06	2.24032e+06	309542
P20711	P20711	DDC_HUMAN	DDC	Aromatic-L-amino-acid decarboxylase	683746	1.44608e+06	557866	1.18188e+06
P20742	P20742	PZP_HUMAN	PZP	Pregnancy zone protein	497476	540415	425457	
P20749	P20749	BCL3_HUMAN	BCL3	B-cell lymphoma 3 protein	136039	108957	112174	
P20774	P20774	MIME_HUMAN	OGN	Mimecan	1.56476e+06	1.79489e+06	2.84522e+06	1.94001e+06
P20810	P20810	ICAL_HUMAN	CAST	Calpastatin	4.56151e+06	5.87713e+06	2.52277e+06	7.59485e+06
P20839	P20839	IMDH1_HUMAN	IMPDH1	Inosine-5'-monophosphate dehydrogenase 1	1.77525e+06	924859	942967	256202
P20851	P20851	C4BPB_HUMAN	C4BPB	C4b-binding protein beta chain	268806	386166	184000	
P20908	P20908	CO5A1_HUMAN	COL5A1	Collagen alpha-1(V) chain	643827	318890	461539	
P20930	P20930	FILA_HUMAN	FLG	Filaggrin	1.24979e+06	1.66627e+06	9.02856e+06	9.11459e+06
P20933	P20933	ASPG_HUMAN	AGA	N(4)-(beta-N-acetylglucosaminyl)-L-asparaginase	627184	1.31398e+06	839466	816404
P20936	P20936	RASA1_HUMAN	RASA1	Ras GTPase-activating protein 1	457433	368948	579447	
P20962	P20962	PTMS_HUMAN	PTMS	Parathymosin	6.4473e+06	1.11313e+07	3.75639e+06	2.05756e+07
P21127;Q9UQ88	P21127;Q13882;Q9UQ88	CD11A_HUMAN;CD11B_HUMAN	CDK11A;CDK11B	Cyclin-dependent kinase 11B	1.26775e+06	764266	1.64503e+06	1.56009e+06
P21266	P21266	GSTM3_HUMAN	GSTM3	Glutathione S-transferase Mu 3	3.76889e+06	6.55841e+06	4.79189e+06	2.2921e+06
P21281	P21281	VATB2_HUMAN	ATP6V1B2	V-type proton ATPase subunit B, brain isoform	6.5315e+06	7.17575e+06	5.39531e+06	5.5002e+06
P21283	P21283	VATC1_HUMAN	ATP6V1C1	V-type proton ATPase subunit C 1	1.20242e+06	1.03954e+06	1.69053e+06	1.27687e+06
P21291	P21291	CSRP1_HUMAN	CSRP1	Cysteine and glycine-rich protein 1	2.41731e+07	2.26921e+07	1.24367e+07	1.05302e+07
P21333	P21333	FLNA_HUMAN	FLNA	Filamin-A	2.79205e+07	8.98584e+06	4.69306e+07	1.43483e+07
P21397	P21397	AOFA_HUMAN	MAOA	Amine oxidase [flavin-containing] A	732200	2.21032e+06	5.2833e+06	9.33261e+06
P21399	P21399	ACOHC_HUMAN	ACO1	Cytoplasmic aconitate hydratase	5.62589e+06	7.24036e+06	3.5555e+06	4.37972e+06
P21583	P21583	SCF_HUMAN	KITLG	Kit ligand	111908	123438	146349	
P21589	P21589	5NTD_HUMAN	NT5E	5'-nucleotidase	2.03743e+06	1.31074e+06	983582	370242
P21695	P21695	GPDA_HUMAN	GPD1	Glycerol-3-phosphate dehydrogenase [NAD(+)], cytoplasmic	801730	637559	422105	
P21730	P21730	C5AR1_HUMAN	C5AR1	C5a anaphylatoxin chemotactic receptor 1	84270.8	133528	100017	
P21741	P21741	MK_HUMAN	MDK	Midkine	394801	555585	541741	540024
P21757	P21757	MSRE_HUMAN	MSR1	Macrophage scavenger receptor types I and II	205601	197346	146274	
P21796	P21796	VDAC1_HUMAN	VDAC1	Voltage-dependent anion-selective channel protein 1	2.57184e+07	3.20358e+07	2.11007e+07	1.41651e+07
P21810	P21810	PGS1_HUMAN	BGN	Biglycan	8.93524e+06	4.42234e+06	3.36779e+06	3.2337e+06
P21912	P21912	SDHB_HUMAN	SDHB	Succinate dehydrogenase [ubiquinone] iron-sulfur subunit, mitochondrial	5.62469e+06	9.05563e+06	1.07809e+07	1.07733e+07
P21926	P21926	CD9_HUMAN	CD9	CD9 antigen	8.87365e+06	9.80241e+06	9.956e+06	5.74568e+06
P21953	P21953	ODBB_HUMAN	BCKDHB	2-oxoisovalerate dehydrogenase subunit beta, mitochondrial	1.13043e+06	1.13353e+06	802809	
P21964	P21964	COMT_HUMAN	COMT	Catechol O-methyltransferase	1.04338e+07	9.66177e+06	1.84491e+06	5.30858e+06
P21980	P21980	TGM2_HUMAN	TGM2	Protein-glutamine gamma-glutamyltransferase 2	7.89544e+06	1.35346e+07	4.08335e+06	4.33307e+06
P22001	P16389;P22001;Q09470	KCNA3_HUMAN	KCNA3	Potassium voltage-gated channel subfamily A member 3		240211	136590	
P22033	P22033	MUTA_HUMAN	MMUT	Methylmalonyl-CoA mutase, mitochondrial	892568	1.04349e+06	1.19817e+06	1.35462e+06
P22059	P22059	OSBP1_HUMAN	OSBP	Oxysterol-binding protein 1	2.48458e+06	2.31655e+06	2.88077e+06	2.29405e+06
P22061	P22061	PIMT_HUMAN	PCMT1	Protein-L-isoaspartate(D-aspartate) O-methyltransferase	1.24248e+07	1.47215e+07	1.23437e+07	7.26565e+06
P22087	P22087	FBRL_HUMAN	FBL	rRNA 2'-O-methyltransferase fibrillarin	4.2623e+06	4.53624e+06	3.20342e+06	3.17186e+06
P22102	P22102	PUR2_HUMAN	GART	Trifunctional purine biosynthetic protein adenosine-3	9.49952e+06	7.16313e+06	4.64085e+06	4.3694e+06
P22105	P22105	TENX_HUMAN	TNXB	Tenascin-X	341445	370065	571617	284564
P22223	P22223	CADH3_HUMAN	CDH3	Cadherin-3	392663		213934	
P22234	P22234	PUR6_HUMAN	PAICS	Bifunctional phosphoribosylaminoimidazole carboxylase/phosphoribosylaminoimidazole succinocarboxamide synthetase	8.29373e+06	6.05323e+06	4.48942e+06	3.74654e+06
P22304	P22304	IDS_HUMAN	IDS	Iduronate 2-sulfatase	68014.8	148630	106745	
P22307	P22307	SCP2_HUMAN	SCP2	Sterol carrier protein 2	7.75147e+06	1.10286e+07	1.13996e+07	1.12826e+07
P22314	P22314	UBA1_HUMAN	UBA1	Ubiquitin-like modifier-activating enzyme 1	3.07957e+07	2.6064e+07	2.61636e+07	2.0464e+07
P22352	P22352	GPX3_HUMAN	GPX3	Glutathione peroxidase 3	2.27613e+06	3.58185e+06	4.24926e+06	761644
P22392	P22392;O60361	NDKB_HUMAN	NME2	Nucleoside diphosphate kinase B	7.4116e+07	7.66373e+07	5.01454e+07	3.85097e+07
P22570	P22570	ADRO_HUMAN	FDXR	NADPH:adrenodoxin oxidoreductase, mitochondrial	1.54847e+06	3.86776e+06	5.71914e+06	6.56661e+06
P22626	P22626	ROA2_HUMAN	HNRNPA2B1	Heterogeneous nuclear ribonucleoproteins A2/B1	4.69136e+07	4.31918e+07	4.0266e+07	1.87974e+07
P22670	P22670	RFX1_HUMAN	RFX1	MHC class II regulatory factor RFX1	191851	154587		123434
P22676	P22676	CALB2_HUMAN	CALB2	Calretinin	100091	353559	1.99443e+06	570418
P22681	P22681	CBL_HUMAN	CBL	E3 ubiquitin-protein ligase CBL	339300	333669	593369	
P22692	P22692	IBP4_HUMAN	IGFBP4	Insulin-like growth factor-binding protein 4	696473	809828	347045	624073
P22694	P17612;P22694	KAPCB_HUMAN	PRKACB	cAMP-dependent protein kinase catalytic subunit beta	3.34953e+06	3.99178e+06	5.87552e+06	3.94309e+06
P22695	P22695	QCR2_HUMAN	UQCRC2	Cytochrome b-c1 complex subunit 2, mitochondrial	9.30341e+06	1.47586e+07	3.53672e+06	1.34515e+07
P22732	P22732	GTR5_HUMAN	SLC2A5	Solute carrier family 2, facilitated glucose transporter member 5		211014	110038	
P22735	P22735	TGM1_HUMAN	TGM1	Protein-glutamine gamma-glutamyltransferase K	611655	1.62006e+06	2.05881e+06	3.96989e+06
P22748	P22748	CAH4_HUMAN	CA4	Carbonic anhydrase 4	119568	464751	941211	981063
P22792	P22792	CPN2_HUMAN	CPN2	Carboxypeptidase N subunit 2	1.12371e+06	1.31275e+06	1.12983e+06	943752
P22830	P22830	HEMH_HUMAN	FECH	Ferrochelatase, mitochondrial	453397	620579	545643	1.0656e+06
P22894	P22894	MMP8_HUMAN	MMP8	Neutrophil collagenase	1.88158e+06	939416	5.08714e+06	
P22897	P22897	MRC1_HUMAN	MRC1	Macrophage mannose receptor 1	1.80015e+06	1.88251e+06	1.95806e+06	924652
P23083	P23083;A0A0C4DH31	HV102_HUMAN	IGHV1-2	Immunoglobulin heavy variable 1-2	6.66978e+06	6.32037e+06	7.12972e+06	7.05855e+06
P23141	P23141	EST1_HUMAN	CES1	Liver carboxylesterase 1	2.09577e+06	1.81274e+07	6.00595e+06	1.87128e+06
P23142	P23142	FBLN1_HUMAN	FBLN1	Fibulin-1	2.5909e+07	2.95514e+07	1.3671e+07	1.05052e+07
P23193	P23193;Q15560	TCEA1_HUMAN	TCEA1	Transcription elongation factor A protein 1	2.46028e+06	2.20924e+06	1.60073e+06	2.39096e+06
P23219	P23219	PGH1_HUMAN	PTGS1	Prostaglandin G/H synthase 1	1.35946e+06	2.31918e+06	2.67422e+06	1.574e+06
P23229	P23229	ITA6_HUMAN	ITGA6	Integrin alpha-6	5.26906e+06	6.70376e+06	6.80009e+06	6.34193e+06
P23246	P23246	SFPQ_HUMAN	SFPQ	Splicing factor, proline- and glutamine-rich	1.23839e+07	1.06832e+07	2.03851e+07	9.27638e+06
P23258;Q9NRH3	P23258;Q9NRH3	TBG1_HUMAN;TBG2_HUMAN	TUBG1;TUBG2	Tubulin gamma-1 chain	654493	239884	530669	945051
P23284	P23284	PPIB_HUMAN	PPIB	Peptidyl-prolyl cis-trans isomerase B	5.03566e+07	8.26549e+07	4.90138e+07	3.89033e+07
P23368	P23368	MAOM_HUMAN	ME2	NAD-dependent malic enzyme, mitochondrial	2.2398e+06	1.27271e+06	4.56023e+06	3.90227e+06
P23378	P23378	GCSP_HUMAN	GLDC	Glycine dehydrogenase (decarboxylating), mitochondrial		204602	56978.1	
P23381	P23381	SYWC_HUMAN	WARS1	Tryptophan--tRNA ligase, cytoplasmic	1.80818e+07	2.63376e+07	2.10248e+07	1.16424e+07
P23396	P23396	RS3_HUMAN	RPS3	Small ribosomal subunit protein uS3	3.77483e+07	3.31438e+07	2.76458e+07	1.92409e+07
P23434	P23434	GCSH_HUMAN	GCSH	Glycine cleavage system H protein, mitochondrial	554729	586246	152991	
P23458	P23458	JAK1_HUMAN	JAK1	Tyrosine-protein kinase JAK1	280705	164456	355852	
P23469	P23469	PTPRE_HUMAN	PTPRE	Receptor-type tyrosine-protein phosphatase epsilon	712233	689549	506729	545115
P23470	P23470	PTPRG_HUMAN	PTPRG	Receptor-type tyrosine-protein phosphatase gamma	407168	339163	386934	
P23490	P23490	LORI_HUMAN	LORICRIN	Loricrin	199252	757187	1.52081e+06	2.91132e+06
P23497	P23497;Q9H930	SP100_HUMAN	SP100	Nuclear autoantigen Sp-100	227746	253913		
P23526	P23526	SAHH_HUMAN	AHCY	Adenosylhomocysteinase	3.96096e+07	2.99455e+07	1.60254e+07	8.83225e+06
P23528	P23528;Q9Y281	COF1_HUMAN	CFL1	Cofilin-1	1.60686e+08	1.4809e+08	9.71068e+07	1.1762e+08
P23588	P23588	IF4B_HUMAN	EIF4B	Eukaryotic translation initiation factor 4B	5.1905e+06	5.27961e+06	3.41893e+06	8.42847e+06
P23610	P23610	HAP40_HUMAN	F8A1	40-kDa huntingtin-associated protein	116005	121390		
P23634	P20020;P23634	AT2B4_HUMAN	ATP2B4	Plasma membrane calcium-transporting ATPase 4	2.04566e+06	1.58765e+06	1.89083e+06	2.09356e+06
P23677	P23677	IP3KA_HUMAN	ITPKA	Inositol-trisphosphate 3-kinase A	169142		74015.1	237452
P23743	P23743	DGKA_HUMAN	DGKA	Diacylglycerol kinase alpha	675293	942405	819072	1.12389e+06
P23786	P23786	CPT2_HUMAN	CPT2	Carnitine O-palmitoyltransferase 2, mitochondrial	428341	1.12029e+06	3.2549e+06	3.27258e+06
P23919	P23919	KTHY_HUMAN	DTYMK	Thymidylate kinase	7.41129e+06	4.23877e+06	3.96237e+06	4.0354e+06
P23921	P23921	RIR1_HUMAN	RRM1	Ribonucleoside-diphosphate reductase large subunit	2.52703e+06	1.40817e+06	2.15592e+06	
P24043	P24043	LAMA2_HUMAN	LAMA2	Laminin subunit alpha-2	1.2205e+06	1.03871e+06	717333	759570
P24071	P24071	FCAR_HUMAN	FCAR	Immunoglobulin alpha Fc receptor	369777		1.56212e+06	
P24158	P24158	PRTN3_HUMAN	PRTN3	Myeloblastin	1.63187e+07	5.57674e+06	6.5692e+07	988569
P24298	P24298	ALAT1_HUMAN	GPT	Alanine aminotransferase 1	486900	404924	482197	1.34091e+06
P24311	P24311	COX7B_HUMAN	COX7B	Cytochrome c oxidase subunit 7B, mitochondrial	1.94807e+06	3.48222e+06	3.66488e+06	3.72716e+06
P24386	P24386;P26374	RAE1_HUMAN	CHM	Rab proteins geranylgeranyltransferase component A 1	243781	311462	242540	
P24390	P24390	ERD21_HUMAN	KDELR1	ER lumen protein-retaining receptor 1	497147	432468	2.35015e+06	1.24476e+06
P24534	P24534	EF1B_HUMAN	EEF1B2	Elongation factor 1-beta	1.1373e+07	1.18961e+07	6.56214e+06	1.94311e+07
P24539	P24539	AT5F1_HUMAN	ATP5PB	ATP synthase F(0) complex subunit B1, mitochondrial	3.01041e+06	2.69095e+06	4.52221e+06	9.35549e+06
P24557	P24557	THAS_HUMAN	TBXAS1	Thromboxane-A synthase	728165	541176	1.90658e+06	1.17004e+06
P24593	P24593	IBP5_HUMAN	IGFBP5	Insulin-like growth factor-binding protein 5	2.73654e+06	1.50454e+06	953623	
P24666	P24666	PPAC_HUMAN	ACP1	Low molecular weight phosphotyrosine protein phosphatase	9.18564e+06	1.10228e+07	3.91703e+06	6.68645e+06
P24752	P24752	THIL_HUMAN	ACAT1	Acetyl-CoA acetyltransferase, mitochondrial	9.26743e+06	1.37916e+07	3.81733e+06	1.69959e+07
P24821	P24821	TENA_HUMAN	TNC	Tenascin	5.09544e+06	2.09143e+06	7.26523e+06	362447
P24844	P24844	MYL9_HUMAN	MYL9	Myosin regulatory light polypeptide 9	2.79079e+07	4.24525e+07	1.58884e+07	1.27815e+07
P24928	P24928	RPB1_HUMAN	POLR2A	DNA-directed RNA polymerase II subunit RPB1	279018	121025	252419	713515
P24941	P24941	CDK2_HUMAN	CDK2	Cyclin-dependent kinase 2	807356	477966	661818	
P25024	P25024	CXCR1_HUMAN	CXCR1	C-X-C chemokine receptor type 1	158478		185004	
P25025	P25025	CXCR2_HUMAN	CXCR2	C-X-C chemokine receptor type 2	133522		257182	
P25098	P25098;P35626	ARBK1_HUMAN	GRK2	Beta-adrenergic receptor kinase 1	1.1531e+06	920908	1.46535e+06	859477
P25101	P25101	EDNRA_HUMAN	EDNRA	Endothelin-1 receptor	201213	127163	207007	
P25105	P25105	PTAFR_HUMAN	PTAFR	Platelet-activating factor receptor	30661		36371.4	
P25205	P25205	MCM3_HUMAN	MCM3	DNA replication licensing factor MCM3	5.24653e+06	1.91232e+06	2.03545e+06	1.83675e+06
P25208	P25208	NFYB_HUMAN	NFYB	Nuclear transcription factor Y subunit beta	365116	514962	208475	
P25311	P25311	ZA2G_HUMAN	AZGP1	Zinc-alpha-2-glycoprotein	7.18665e+06	9.40238e+06	9.06934e+06	1.14605e+07
P25325	P25325	THTM_HUMAN	MPST	3-mercaptopyruvate sulfurtransferase	6.52724e+06	8.10466e+06	4.17925e+06	9.83727e+06
P25398	P25398	RS12_HUMAN	RPS12	Small ribosomal subunit protein eS12	1.80195e+07	1.3497e+07	9.49707e+06	1.17868e+07
P25445	P25445	TNR6_HUMAN	FAS	Tumor necrosis factor receptor superfamily member 6	384861	1.04879e+06	766432	425940
P25490	O15391;P25490	TYY1_HUMAN	YY1	Transcriptional repressor protein YY1	381174	319562	309380	171580
P25685	P25685	DNJB1_HUMAN	DNAJB1	DnaJ homolog subfamily B member 1	3.93727e+06	3.27354e+06	2.2677e+06	2.45286e+06
P25686	O75190;P25686;Q8NHS0	DNJB2_HUMAN	DNAJB2	DnaJ homolog subfamily B member 2	420734	417838	431947	453766
P25705	P25705	ATPA_HUMAN	ATP5F1A	ATP synthase subunit alpha, mitochondrial	3.38313e+07	3.83636e+07	3.31194e+07	1.37785e+08
P25774	P25774	CATS_HUMAN	CTSS	Cathepsin S	5.69557e+06	9.4109e+06	9.17975e+06	6.99198e+06
P25786	P25786	PSA1_HUMAN	PSMA1	Proteasome subunit alpha type-1	1.56764e+07	1.86484e+07	1.52884e+07	1.32337e+07
P25787	P25787	PSA2_HUMAN	PSMA2	Proteasome subunit alpha type-2	9.10684e+06	1.06876e+07	1.01954e+07	6.29214e+06
P25788	P25788	PSA3_HUMAN	PSMA3	Proteasome subunit alpha type-3	1.31839e+07	1.79063e+07	1.52437e+07	1.06561e+07
P25789	P25789	PSA4_HUMAN	PSMA4	Proteasome subunit alpha type-4	1.66707e+07	1.93012e+07	1.72681e+07	8.72829e+06
P25815	P25815	S100P_HUMAN	S100P	Protein S100-P	6.74727e+06	1.88162e+07	1.46094e+07	1.79725e+07
P25942	P25942	TNR5_HUMAN	CD40	Tumor necrosis factor receptor superfamily member 5	1.71496e+06	1.78191e+06	1.58965e+06	737460
P26006	P26006	ITA3_HUMAN	ITGA3	Integrin alpha-3	693638	1.65954e+06	2.17898e+06	1.59376e+06
P26010	P26010	ITB7_HUMAN	ITGB7	Integrin beta-7	91394.5	205565		
P26022	P26022	PTX3_HUMAN	PTX3	Pentraxin-related protein PTX3	526120	246333	954592	
P26038	P26038	MOES_HUMAN	MSN	Moesin	4.49144e+07	4.90226e+07	6.82003e+07	2.12301e+07
P26045	P26045	PTN3_HUMAN	PTPN3	Tyrosine-protein phosphatase non-receptor type 3	78715.3			
P26196	P26196	DDX6_HUMAN	DDX6	Probable ATP-dependent RNA helicase DDX6	6.27099e+06	4.93924e+06	4.40901e+06	1.81612e+06
P26358	P26358	DNMT1_HUMAN	DNMT1	DNA (cytosine-5)-methyltransferase 1	3.66062e+06	1.48779e+06	1.54195e+06	
P26368	P26368	U2AF2_HUMAN	U2AF2	Splicing factor U2AF 65 kDa subunit	2.44381e+06	1.06931e+06	1.85337e+06	387163
P26373	P26373	RL13_HUMAN	RPL13	Large ribosomal subunit protein eL13	4.6142e+06	4.56113e+06	7.02836e+06	1.64531e+07
P26440	P26440	IVD_HUMAN	IVD	Isovaleryl-CoA dehydrogenase, mitochondrial	3.30816e+06	7.10551e+06	4.42715e+06	6.44407e+06
P26447	P26447	S10A4_HUMAN	S100A4	Protein S100-A4	2.47819e+07	2.54672e+07	2.87144e+07	1.0297e+07
P26572	P26572	MGAT1_HUMAN	MGAT1	Alpha-1,3-mannosyl-glycoprotein 2-beta-N-acetylglucosaminyltransferase	357219	376446	1.2892e+06	1.0226e+06
P26583	P09429;P26583	HMGB2_HUMAN	HMGB2	High mobility group protein B2	1.4387e+07	9.06858e+06	1.81891e+07	5.39963e+06
P26599	P26599	PTBP1_HUMAN	PTBP1	Polypyrimidine tract-binding protein 1	2.09604e+07	1.81973e+07	1.82125e+07	1.65502e+07
P26639	A2RTX5;P26639	SYTC_HUMAN	TARS1	Threonine--tRNA ligase 1, cytoplasmic	6.1389e+06	6.77613e+06	6.31439e+06	3.89722e+06
P26640	P26640	SYVC_HUMAN	VARS1	Valine--tRNA ligase	4.9966e+06	4.6578e+06	3.29173e+06	3.51538e+06
P26641	P26641	EF1G_HUMAN	EEF1G	Elongation factor 1-gamma	2.18963e+07	1.93142e+07	2.58529e+07	2.15155e+07
P26885	P26885	FKBP2_HUMAN	FKBP2	Peptidyl-prolyl cis-trans isomerase FKBP2	8.18065e+06	2.93208e+07	1.49664e+07	1.85993e+07
P26927	P26927;Q2TV78	HGFL_HUMAN	MST1	Hepatocyte growth factor-like protein	259621	229312	77146.7	
P26951	P26951	IL3RA_HUMAN	IL3RA	Interleukin-3 receptor subunit alpha	134128	176536	181457	
P27105	P27105	STOM_HUMAN	STOM	Stomatin	1.29288e+07	1.85001e+07	1.51316e+07	1.0997e+07
P27144	P27144	KAD4_HUMAN	AK4	Adenylate kinase 4, mitochondrial	1.84699e+06	1.44594e+06	409680	2.14039e+06
P27169	P27169	PON1_HUMAN	PON1	Serum paraoxonase/arylesterase 1	2.19086e+06	1.89899e+06	1.50902e+06	2.37329e+06
P27216	P27216	ANX13_HUMAN	ANXA13	Annexin A13	167723	1.39911e+06	1.39465e+06	1.66775e+06
P27338	P27338	AOFB_HUMAN	MAOB	Amine oxidase [flavin-containing] B	2.02144e+06	4.24432e+06	8.56772e+06	4.37585e+06
P27348	P27348	1433T_HUMAN	YWHAQ	14-3-3 protein theta	3.77348e+07	3.93456e+07	7.35457e+06	1.46953e+07
P27361	P27361	MK03_HUMAN	MAPK3	Mitogen-activated protein kinase 3	1.81551e+06	1.69201e+06	3.0185e+06	3.55597e+06
P27449	P27449	VATL_HUMAN	ATP6V0C	V-type proton ATPase 16 kDa proteolipid subunit c	765879	685740	938038	
P27487	P27487	DPP4_HUMAN	DPP4	Dipeptidyl peptidase 4	1.1167e+06	954969	745363	215428
P27635	P27635;Q96L21	RL10_HUMAN	RPL10	Large ribosomal subunit protein uL16	2.71972e+06	3.66293e+06	1.95519e+06	9.08965e+06
P27658	P27658	CO8A1_HUMAN	COL8A1	Collagen alpha-1(VIII) chain	343083	120655	170065	
P27694	P27694	RFA1_HUMAN	RPA1	Replication protein A 70 kDa DNA-binding subunit	3.11298e+06	2.26584e+06	2.35883e+06	2.05843e+06
P27695	P27695	APEX1_HUMAN	APEX1	DNA-(apurinic or apyrimidinic site) endonuclease	8.14638e+06	8.45213e+06	6.67162e+06	6.01038e+06
P27701	P27701	CD82_HUMAN	CD82	CD82 antigen	1.87019e+06	1.87877e+06	1.5982e+06	418436
P27707	P27707	DCK_HUMAN	DCK	Deoxycytidine kinase	771740	458009	244247	158853
P27708	P27708	PYR1_HUMAN	CAD	CAD protein	2.27855e+06	855232	1.73275e+06	1.40545e+06
P27797	P27797	CALR_HUMAN	CALR	Calreticulin	7.75221e+07	1.68125e+08	1.27224e+08	7.9661e+07
P27816	P27816	MAP4_HUMAN	MAP4	Microtubule-associated protein 4	1.33501e+07	9.09843e+06	4.77685e+06	9.53056e+06
P27824	P27824	CALX_HUMAN	CANX	Calnexin	2.31585e+07	3.54735e+07	3.29868e+07	2.08239e+07
P27918	P27918	PROP_HUMAN	CFP	Properdin	2.10832e+06	1.53122e+06	2.65475e+06	1.65169e+06
P27930	P27930	IL1R2_HUMAN	IL1R2	Interleukin-1 receptor type 2			286051	
P27986	O00459;P27986;Q92569	P85A_HUMAN	PIK3R1	Phosphatidylinositol 3-kinase regulatory subunit alpha	190614		443024	
P28039	P28039	AOAH_HUMAN	AOAH	Acyloxyacyl hydrolase	82963.5	249401	209447	
P28062	P28062	PSB8_HUMAN	PSMB8	Proteasome subunit beta type-8	1.11107e+07	1.46233e+07	1.17593e+07	7.1685e+06
P28065	P28065	PSB9_HUMAN	PSMB9	Proteasome subunit beta type-9	9.62296e+06	1.27066e+07	1.00883e+07	7.0297e+06
P28066	P28066	PSA5_HUMAN	PSMA5	Proteasome subunit alpha type-5	5.16824e+06	8.04895e+06	6.52277e+06	5.83381e+06
P28068	P28068	DMB_HUMAN	HLA-DMB	HLA class II histocompatibility antigen, DM beta chain	840103	1.39022e+06	1.48004e+06	569369
P28070	P28070	PSB4_HUMAN	PSMB4	Proteasome subunit beta type-4	1.08182e+07	1.36069e+07	1.13466e+07	5.81172e+06
P28072	P28072	PSB6_HUMAN	PSMB6	Proteasome subunit beta type-6	5.94947e+06	6.59881e+06	9.43895e+06	7.09057e+06
P28074	P28074	PSB5_HUMAN	PSMB5	Proteasome subunit beta type-5	1.54534e+06	1.62899e+06	1.57426e+06	748227
P28161	P09488;P28161;Q03013	GSTM2_HUMAN	GSTM2	Glutathione S-transferase Mu 2	664696	2.85347e+06	1.92787e+06	1.41704e+06
P28288	P28288	ABCD3_HUMAN	ABCD3	ATP-binding cassette sub-family D member 3	297374		985386	
P28289	P28289	TMOD1_HUMAN	TMOD1	Tropomodulin-1	52842.7	186012	339601	
P28331	P28331	NDUS1_HUMAN	NDUFS1	NADH-ubiquinone oxidoreductase 75 kDa subunit, mitochondrial	1.37151e+06	1.3527e+06	4.69565e+06	4.81541e+06
P28332	P28332	ADH6_HUMAN	ADH6	Alcohol dehydrogenase 6		622483	636248	
P28340	P28340	DPOD1_HUMAN	POLD1	DNA polymerase delta catalytic subunit	2.53656e+06	941115	2.46824e+06	2.63428e+06
P28347	P28347	TEAD1_HUMAN	TEAD1	Transcriptional enhancer factor TEF-1	260198	173306		
P28482	P27361;P28482;P31152;Q16659	MK01_HUMAN	MAPK1	Mitogen-activated protein kinase 1	5.99344e+06	4.38102e+06	7.26382e+06	4.68865e+06
P28676	P28676	GRAN_HUMAN	GCA	Grancalcin	4.85537e+06	4.95306e+06	8.62968e+06	1.57436e+06
P28702	P28702	RXRB_HUMAN	RXRB	Retinoic acid receptor RXR-beta	333329	155744	186035	
P28799	P28799	GRN_HUMAN	GRN	Progranulin	3.98211e+06	4.14869e+06	3.8422e+06	3.91784e+06
P28838	P28838	AMPL_HUMAN	LAP3	Cytosol aminopeptidase	2.28664e+07	3.5931e+07	2.10094e+07	1.49557e+07
P28845	P28845	DHI1_HUMAN	HSD11B1	11-beta-hydroxysteroid dehydrogenase 1	360279	103458	832842	
P28906	P28906	CD34_HUMAN	CD34	Hematopoietic progenitor cell antigen CD34	511097	762026	334051	
P28907	P28907	CD38_HUMAN	CD38	ADP-ribosyl cyclase/cyclic ADP-ribose hydrolase 1	343722	1.19517e+07	3.40328e+06	2.20688e+06
P29083	P29083	T2EA_HUMAN	GTF2E1	General transcription factor IIE subunit 1	466255	404715	134071	3.9178e+06
P29084	P29084	T2EB_HUMAN	GTF2E2	Transcription initiation factor IIE subunit beta	68317.7	80553	35618.4	
P29120	P29120	NEC1_HUMAN	PCSK1	Neuroendocrine convertase 1		168540	110055	823123
P29144	P29144	TPP2_HUMAN	TPP2	Tripeptidyl-peptidase 2	5.64584e+06	3.99155e+06	4.54765e+06	3.42326e+06
P29218	P29218	IMPA1_HUMAN	IMPA1	Inositol monophosphatase 1	3.19809e+06	7.74505e+06	4.25344e+06	4.44017e+06
P29279	P29279	CCN2_HUMAN	CCN2	CCN family member 2	820502	451708		
P29317	P29317	EPHA2_HUMAN	EPHA2	Ephrin type-A receptor 2	401478	380132	296423	
P29323	P29323;Q15375	EPHB2_HUMAN	EPHB2	Ephrin type-B receptor 2	2.46307e+06	1.85023e+06	2.14209e+06	2.93791e+06
P29350	P29350	PTN6_HUMAN	PTPN6	Tyrosine-protein phosphatase non-receptor type 6	3.38198e+06	4.01327e+06	7.97064e+06	3.18118e+06
P29353	P29353	SHC1_HUMAN	SHC1	SHC-transforming protein 1	648357	624169	755651	563732
P29372	P29372	3MG_HUMAN	MPG	DNA-3-methyladenine glycosylase	817976	634053	842003	526373
P29373	P29373	RABP2_HUMAN	CRABP2	Cellular retinoic acid-binding protein 2	608790	479549	963844	501295
P29401	P29401	TKT_HUMAN	TKT	Transketolase	8.43429e+07	1.00057e+08	1.03465e+08	4.90548e+07
P29466	P29466	CASP1_HUMAN	CASP1	Caspase-1	2.03381e+06	4.0486e+06	2.6571e+06	3.73576e+06
P29474	P29474	NOS3_HUMAN	NOS3	Nitric oxide synthase 3	113110		107597	
P29508	P29508	SPB3_HUMAN	SERPINB3	Serpin B3	832496	2.41379e+06	7.72457e+06	7.4651e+06
P29536	P29536	LMOD1_HUMAN	LMOD1	Leiomodin-1	1.49747e+06	2.02598e+06	2.08635e+06	1.52176e+06
P29558	P29558	RBMS1_HUMAN	RBMS1	RNA-binding motif, single-stranded-interacting protein 1	446357	231846	199287	
P29590	P29590	PML_HUMAN	PML	Protein PML	2.97683e+06	1.1835e+06	2.52865e+06	1.77433e+06
P29622	P29622	KAIN_HUMAN	SERPINA4	Kallistatin	1.39534e+06	1.6734e+06	1.40842e+06	730823
P29692	P29692	EF1D_HUMAN	EEF1D	Elongation factor 1-delta	2.35169e+07	2.42155e+07	6.15642e+06	3.07406e+07
P29728	P29728	OAS2_HUMAN	OAS2	2'-5'-oligoadenylate synthase 2	343264	322518	570466	
P29762	P29762	RABP1_HUMAN	CRABP1	Cellular retinoic acid-binding protein 1		93561.7	229646	
P29966	P29966	MARCS_HUMAN	MARCKS	Myristoylated alanine-rich C-kinase substrate	6.84999e+06	7.65611e+06	4.40385e+06	9.12973e+06
P29972	P29972	AQP1_HUMAN	AQP1	Aquaporin-1	1.02451e+06	518615	460748	
P29992	P29992	GNA11_HUMAN	GNA11	Guanine nucleotide-binding protein subunit alpha-11	1.60774e+06	915387	904965	2.62515e+06
P30038	P30038	AL4A1_HUMAN	ALDH4A1	Delta-1-pyrroline-5-carboxylate dehydrogenase, mitochondrial	3.50932e+06	8.58892e+06	3.907e+06	2.22314e+06
P30039	P30039	PBLD_HUMAN	PBLD	Phenazine biosynthesis-like domain-containing protein	343893	891743	492922	1.08171e+06
P30040	P30040	ERP29_HUMAN	ERP29	Endoplasmic reticulum resident protein 29	1.40696e+07	2.6305e+07	2.63681e+07	3.22087e+07
P30041	P30041	PRDX6_HUMAN	PRDX6	Peroxiredoxin-6	5.1338e+07	4.94547e+07	3.34287e+07	3.56409e+07
P30043	P30043	BLVRB_HUMAN	BLVRB	Flavin reductase (NADPH)	9.05622e+06	1.27397e+07	7.11524e+06	7.0534e+06
P30044	P30044	PRDX5_HUMAN	PRDX5	Peroxiredoxin-5, mitochondrial	3.27158e+07	4.23521e+07	2.60217e+07	5.04768e+07
P30046	P30046;A6NHG4	DOPD_HUMAN	DDT	D-dopachrome decarboxylase	1.12765e+07	1.47396e+07	8.43052e+06	6.88443e+06
P30047	P30047	GFRP_HUMAN	GCHFR	GTP cyclohydrolase 1 feedback regulatory protein	1.70286e+06	1.92529e+06	834370	
P30048	P30048	PRDX3_HUMAN	PRDX3	Thioredoxin-dependent peroxide reductase, mitochondrial	1.45188e+07	2.43175e+07	3.64312e+07	2.66018e+07
P30049	P30049	ATPD_HUMAN	ATP5F1D	ATP synthase subunit delta, mitochondrial	2.4778e+06	6.92991e+06	2.20323e+06	8.55315e+06
P30050	P30050	RL12_HUMAN	RPL12	Large ribosomal subunit protein uL11	1.62047e+07	1.53039e+07	1.78701e+07	1.60277e+07
P30084	P30084	ECHM_HUMAN	ECHS1	Enoyl-CoA hydratase, mitochondrial	1.01999e+07	1.68289e+07	4.4655e+06	1.05209e+07
P30085	P30085	KCY_HUMAN	CMPK1	UMP-CMP kinase	8.91304e+06	1.76965e+07	1.11071e+07	1.62185e+07
P30086	P30086	PEBP1_HUMAN	PEBP1	Phosphatidylethanolamine-binding protein 1	3.90424e+07	5.71314e+07	4.03418e+07	4.39664e+07
P30101	P30101	PDIA3_HUMAN	PDIA3	Protein disulfide-isomerase A3	5.87649e+07	8.99467e+07	1.23353e+08	1.44878e+08
P30153	P30153	2AAA_HUMAN	PPP2R1A	Serine/threonine-protein phosphatase 2A 65 kDa regulatory subunit A alpha isoform	4.95302e+06	4.64132e+06	2.70555e+06	4.46315e+06
P30154	P30154	2AAB_HUMAN	PPP2R1B	Serine/threonine-protein phosphatase 2A 65 kDa regulatory subunit A beta isoform	754086	294428		
P30203	P30203	CD6_HUMAN	CD6	T-cell differentiation antigen CD6	83737.3	243667	138090	
P30260	P30260	CDC27_HUMAN	CDC27	Cell division cycle protein 27 homolog	492096	368219		
P30273	P30273	FCERG_HUMAN	FCER1G	High affinity immunoglobulin epsilon receptor subunit gamma	1.52988e+06	2.43045e+06	270142	949310
P30405	P30405	PPIF_HUMAN	PPIF	Peptidyl-prolyl cis-trans isomerase F, mitochondrial	2.88835e+06	4.75102e+06	3.35338e+06	3.02662e+06
P30408	P30408	T4S1_HUMAN	TM4SF1	Transmembrane 4 L6 family member 1	684642	303044	184951	
P30419	O60551;P30419	NMT1_HUMAN	NMT1	Glycylpeptide N-tetradecanoyltransferase 1	3.47008e+06	2.72795e+06	2.50065e+06	1.95485e+06
P30511	P30511	HLAF_HUMAN	HLA-F	HLA class I histocompatibility antigen, alpha chain F	4.76851e+06	5.42118e+06	5.062e+06	6.39544e+06
P30519	P30519	HMOX2_HUMAN	HMOX2	Heme oxygenase 2	1.57806e+06	1.33676e+06	1.73803e+06	1.44901e+06
P30520	P30520	PURA2_HUMAN	ADSS2	Adenylosuccinate synthetase isozyme 2	4.22027e+06	4.20478e+06	4.9506e+06	3.06588e+06
P30533	P30533	AMRP_HUMAN	LRPAP1	Alpha-2-macroglobulin receptor-associated protein	2.83161e+06	3.19492e+06	2.78542e+06	1.9577e+06
P30536	P30536	TSPO_HUMAN	TSPO	Translocator protein	5.9382e+06	4.71434e+06	1.12915e+07	6.92735e+06
P30566	P30566	PUR8_HUMAN	ADSL	Adenylosuccinate lyase	1.51043e+06	1.20251e+06	800732	1.44244e+06
P30613	P30613	KPYR_HUMAN	PKLR	Pyruvate kinase PKLR	919522	1.98052e+06	172857	1.48647e+06
P30622	P30622	CLIP1_HUMAN	CLIP1	CAP-Gly domain-containing linker protein 1	906000	619198	751289	488163
P30626	P30626	SORCN_HUMAN	SRI	Sorcin	9.82991e+06	2.04565e+07	1.00119e+07	1.02572e+07
P30711	P30711	GSTT1_HUMAN	GSTT1	Glutathione S-transferase theta-1	2.07721e+06	3.35165e+06	2.04328e+06	3.52319e+06
P30740	P30740	ILEU_HUMAN	SERPINB1	Leukocyte elastase inhibitor	1.69902e+07	2.15711e+07	3.26554e+07	1.29879e+07
P30793	P30793	GCH1_HUMAN	GCH1	GTP cyclohydrolase 1		294302	301883	
P30825	P30825;P52569	CTR1_HUMAN	SLC7A1	High affinity cationic amino acid transporter 1	966448	507544	1.00648e+06	1.04256e+07
P30837	P30837	AL1B1_HUMAN	ALDH1B1	Aldehyde dehydrogenase X, mitochondrial	5.28771e+06	8.18892e+06	1.76893e+06	5.71466e+06
P30838	P30838	AL3A1_HUMAN	ALDH3A1	Aldehyde dehydrogenase, dimeric NADP-preferring	1.74945e+06	6.0075e+06	5.13098e+06	3.74099e+06
P30876	P30876	RPB2_HUMAN	POLR2B	DNA-directed RNA polymerase II subunit RPB2	772316	222930	603188	1.42945e+06
P31025	P31025	LCN1_HUMAN	LCN1	Lipocalin-1	864287	2.41685e+06	1.3356e+06	3.19512e+06
P31040	P31040	SDHA_HUMAN	SDHA	Succinate dehydrogenase [ubiquinone] flavoprotein subunit, mitochondrial	6.25097e+06	9.55363e+06	9.04158e+06	1.23798e+07
P31146	P31146	COR1A_HUMAN	CORO1A	Coronin-1A	1.24931e+07	1.14294e+07	3.64695e+07	1.5415e+07
P31150	P31150	GDIA_HUMAN	GDI1	Rab GDP dissociation inhibitor alpha	3.97102e+06	3.59072e+06	4.47828e+06	2.87014e+06
P31151	P31151;Q86SG5	S10A7_HUMAN	S100A7	Protein S100-A7	585259	2.14694e+06	6.12005e+06	4.01815e+06
P31153	P31153	METK2_HUMAN	MAT2A	S-adenosylmethionine synthase isoform type-2	1.01787e+07	1.02295e+07	8.05145e+06	7.13073e+06
P31323	P31323	KAP3_HUMAN	PRKAR2B	cAMP-dependent protein kinase type II-beta regulatory subunit	1.75164e+06	3.12188e+06	1.14288e+06	1.59497e+06
P31350	P31350	RIR2_HUMAN	RRM2	Ribonucleoside-diphosphate reductase subunit M2	1.60745e+06	1.11725e+06	969427	1.32935e+06
P31431	P31431	SDC4_HUMAN	SDC4	Syndecan-4	464621	487369	372902	562018
P31483	P31483	TIA1_HUMAN	TIA1	Cytotoxic granule associated RNA binding protein TIA1	1.48513e+06	1.40225e+06	1.09309e+06	1.11454e+06
P31689	P31689	DNJA1_HUMAN	DNAJA1	DnaJ homolog subfamily A member 1	7.23905e+06	5.36363e+06	6.17297e+06	3.58707e+06
P31749	P31749	AKT1_HUMAN	AKT1	RAC-alpha serine/threonine-protein kinase	1.36499e+06	1.0761e+06	1.31968e+06	1.40095e+06
P31751	P31751	AKT2_HUMAN	AKT2	RAC-beta serine/threonine-protein kinase	451256	423456	282297	
P31785	P31785	IL2RG_HUMAN	IL2RG	Cytokine receptor common subunit gamma			507268	
P31930	P31930	QCR1_HUMAN	UQCRC1	Cytochrome b-c1 complex subunit 1, mitochondrial	2.6829e+07	2.1936e+07	2.84143e+07	3.8959e+07
P31937	P31937	3HIDH_HUMAN	HIBADH	3-hydroxyisobutyrate dehydrogenase, mitochondrial	1.17631e+07	1.40493e+07	6.8627e+06	8.68941e+06
P31939	P31939	PUR9_HUMAN	ATIC	Bifunctional purine biosynthesis protein ATIC	1.06119e+07	1.04084e+07	6.41155e+06	7.39453e+06
P31941	P31941	ABC3A_HUMAN	APOBEC3A	DNA dC->dU-editing enzyme APOBEC-3A			743674	
P31942	P31942	HNRH3_HUMAN	HNRNPH3	Heterogeneous nuclear ribonucleoprotein H3	4.34421e+06	3.31438e+06	2.99363e+06	5.22441e+06
P31943	P31943	HNRH1_HUMAN	HNRNPH1	Heterogeneous nuclear ribonucleoprotein H	2.10132e+07	1.71541e+07	1.358e+07	1.42444e+07
P31944	P31944	CASPE_HUMAN	CASP14	Caspase-14	912877	2.70998e+06	6.05087e+06	4.73568e+06
P31946	P31946	1433B_HUMAN	YWHAB	14-3-3 protein beta/alpha	2.32593e+07	2.1017e+07	2.07583e+07	1.55372e+07
P31947	P31947	1433S_HUMAN	SFN	14-3-3 protein sigma	3.0841e+06	9.89168e+06	5.98588e+06	6.07951e+06
P31948	P31948	STIP1_HUMAN	STIP1	Stress-induced-phosphoprotein 1	1.79746e+07	1.62146e+07	1.36546e+07	1.00775e+07
P31949	P31949	S10AB_HUMAN	S100A11	Protein S100-A11	3.37934e+07	7.40985e+07	2.10899e+07	2.33217e+07
P31994	P31994	FCG2B_HUMAN	FCGR2B	Low affinity immunoglobulin gamma Fc region receptor II-b		1.34853e+06		
P31997	P31997	CEAM8_HUMAN	CEACAM8	Carcinoembryonic antigen-related cell adhesion molecule 8	1.61966e+06	1.35127e+06	3.74508e+06	
P32004	P32004	L1CAM_HUMAN	L1CAM	Neural cell adhesion molecule L1		135591	284892	
P32119	P32119	PRDX2_HUMAN	PRDX2	Peroxiredoxin-2	6.31843e+07	9.56548e+07	5.02919e+07	5.3453e+07
P32121	P32121	ARRB2_HUMAN	ARRB2	Beta-arrestin-2	1.46546e+06	1.18819e+06	1.90567e+06	
P32189	P32189;Q14409	GLPK_HUMAN	GK	Glycerol kinase	866262	783534	931576	
P32246	P32246	CCR1_HUMAN	CCR1	C-C chemokine receptor type 1	198824	300665	402928	
P32249	P32249	GP183_HUMAN	GPR183	G-protein coupled receptor 183	75450.9	124899	134422	
P32320	P32320	CDD_HUMAN	CDA	Cytidine deaminase	875735	565071	944118	796612
P32321	P32321	DCTD_HUMAN	DCTD	Deoxycytidylate deaminase	2.08344e+06	2.36643e+06	948808	407576
P32322	P32322	P5CR1_HUMAN	PYCR1	Pyrroline-5-carboxylate reductase 1, mitochondrial	1.02958e+06	615646	282799	1.18482e+06
P32418	P32418	NAC1_HUMAN	SLC8A1	Sodium/calcium exchanger 1	182868	169427	419790	495011
P32455	P32455;Q9H0R5	GBP1_HUMAN	GBP1	Guanylate-binding protein 1	4.17156e+06	3.38537e+06	5.9216e+06	1.25554e+06
P32456	P32456	GBP2_HUMAN	GBP2	Guanylate-binding protein 2	2.73288e+06	2.75739e+06	3.23991e+06	1.32047e+06
P32519	P32519	ELF1_HUMAN	ELF1	ETS-related transcription factor Elf-1	573069	490638	175606	860224
P32780	P32780	TF2H1_HUMAN	GTF2H1	General transcription factor IIH subunit 1	61226.4	30973.3		
P32856	P32856	STX2_HUMAN	STX2	Syntaxin-2	182269	243969	163314	
P32929	P32929	CGL_HUMAN	CTH	Cystathionine gamma-lyase	612938	1.65661e+06	1.41598e+06	453223
P32942	P32942	ICAM3_HUMAN	ICAM3	Intercellular adhesion molecule 3	1.0936e+06	2.31535e+06	2.93618e+06	807685
P32969	P32969	RL9_HUMAN	RPL9	Large ribosomal subunit protein uL6	1.0144e+07	6.22907e+06	1.1142e+07	1.3344e+07
P32970	P32970	CD70_HUMAN	CD70	CD70 antigen		645350	329082	
P33121	P33121	ACSL1_HUMAN	ACSL1	Long-chain-fatty-acid--CoA ligase 1	1.34596e+06	576715	2.48014e+06	1.16606e+06
P33151	P33151	CADH5_HUMAN	CDH5	Cadherin-5	332718	311401	242910	
P33176	O60282;P33176;Q12840	KINH_HUMAN	KIF5B	Kinesin-1 heavy chain	3.98642e+06	2.03369e+06	3.5853e+06	2.70252e+06
P33240	P33240	CSTF2_HUMAN	CSTF2	Cleavage stimulation factor subunit 2	448998	1.01033e+06		1.11884e+06
P33241	P33241	LSP1_HUMAN	LSP1	Lymphocyte-specific protein 1	3.06758e+06	5.7774e+06	4.35971e+06	2.99385e+06
P33316	P33316	DUT_HUMAN	DUT	Deoxyuridine 5'-triphosphate nucleotidohydrolase, mitochondrial	2.49369e+06	2.33398e+06	1.7817e+06	2.28752e+06
P33527	P33527	MRP1_HUMAN	ABCC1	Multidrug resistance-associated protein 1	727379	496128	594910	380405
P33908	P33908	MA1A1_HUMAN	MAN1A1	Mannosyl-oligosaccharide 1,2-alpha-mannosidase IA	2.38525e+06	2.96884e+06	4.79894e+06	2.68214e+06
P33947	P33947	ERD22_HUMAN	KDELR2	ER lumen protein-retaining receptor 2	79515	75766.1	386567	
P33991	P33991	MCM4_HUMAN	MCM4	DNA replication licensing factor MCM4	2.53404e+06	722509	1.16148e+06	927465
P33992	P33992	MCM5_HUMAN	MCM5	DNA replication licensing factor MCM5	2.04299e+06	421084	849803	512214
P33993	P33993	MCM7_HUMAN	MCM7	DNA replication licensing factor MCM7	1.07336e+07	2.51002e+06	4.41126e+06	2.97975e+06
P34059	P34059	GALNS_HUMAN	GALNS	N-acetylgalactosamine-6-sulfatase	1.99672e+06	2.40531e+06	1.83835e+06	1.11261e+06
P34096	P34096	RNAS4_HUMAN	RNASE4	Ribonuclease 4	167617	300643	379803	632644
P34741	P34741	SDC2_HUMAN	SDC2	Syndecan-2	722196	443649	126528	117611
P34810	P34810	CD68_HUMAN	CD68	Macrosialin	1.63233e+06	2.65343e+06	1.26101e+06	1.19938e+06
P34896	P34896	GLYC_HUMAN	SHMT1	Serine hydroxymethyltransferase, cytosolic	743582	946715	940878	550087
P34897	P34897	GLYM_HUMAN	SHMT2	Serine hydroxymethyltransferase, mitochondrial	5.1044e+06	2.98306e+06	4.13815e+06	5.75479e+06
P34910	P34910	EVI2B_HUMAN	EVI2B	Protein EVI2B	1.02325e+06	2.60867e+06	1.37956e+06	1.76501e+06
P34913	P34913	HYES_HUMAN	EPHX2	Bifunctional epoxide hydrolase 2	1.05719e+06	2.50456e+06	3.11658e+06	4.47375e+06
P34932	P34932	HSP74_HUMAN	HSPA4	Heat shock 70 kDa protein 4	6.61183e+06	6.24322e+06	5.72683e+06	4.5537e+06
P34949	P34949	MPI_HUMAN	MPI	Mannose-6-phosphate isomerase	335509	1.43579e+06	549886	846187
P35030	P35030	TRY3_HUMAN	PRSS3	Trypsin-3	2.93719e+06	2.77375e+06	5.54816e+06	3.63433e+07
P35052	P35052	GPC1_HUMAN	GPC1	Glypican-1	1.43082e+06	1.1582e+06	866695	
P35080	P35080	PROF2_HUMAN	PFN2	Profilin-2	2.51558e+06	3.00326e+06	3.02292e+06	2.46086e+06
P35221	P26232;P35221	CTNA1_HUMAN	CTNNA1	Catenin alpha-1	6.29001e+06	3.88781e+06	4.67804e+06	6.05169e+06
P35222	P14923;P35222	CTNB1_HUMAN	CTNNB1	Catenin beta-1	8.82234e+06	5.02953e+06	6.32898e+06	7.39656e+06
P35228	P35228	NOS2_HUMAN	NOS2	Nitric oxide synthase, inducible		239561	124560	
P35232	P35232	PHB1_HUMAN	PHB1	Prohibitin 1	2.17425e+06	2.69492e+06	3.68607e+06	1.23991e+07
P35236	P35236	PTN7_HUMAN	PTPN7	Tyrosine-protein phosphatase non-receptor type 7	212230	258348	94473	
P35237	P35237	SPB6_HUMAN	SERPINB6	Serpin B6	2.09305e+07	2.62276e+07	2.00644e+07	1.35302e+07
P35240	P35240	MERL_HUMAN	NF2	Merlin	188534	116402	136549	
P35241	P35241	RADI_HUMAN	RDX	Radixin	1.61981e+06	1.60941e+06	1.35593e+06	1.27017e+06
P35244	P35244	RFA3_HUMAN	RPA3	Replication protein A 14 kDa subunit	291933	566413	283417	
P35249	P35249	RFC4_HUMAN	RFC4	Replication factor C subunit 4	699291	320607	454280	
P35250	P35250	RFC2_HUMAN	RFC2	Replication factor C subunit 2	689682	281964		
P35251	P35251	RFC1_HUMAN	RFC1	Replication factor C subunit 1	105946		148216	
P35268	P35268	RL22_HUMAN	RPL22	Large ribosomal subunit protein eL22	2.3419e+07	2.56396e+07	3.78949e+07	3.98269e+07
P35269	P35269	T2FA_HUMAN	GTF2F1	General transcription factor IIF subunit 1	981510	590827	541490	
P35270	P35270	SPRE_HUMAN	SPR	Sepiapterin reductase	1.86341e+06	2.76689e+06	763409	1.85082e+06
P35354	P35354	PGH2_HUMAN	PTGS2	Prostaglandin G/H synthase 2	1.67448e+06		7.21584e+06	
P35414	P35414	APJ_HUMAN	APLNR	Apelin receptor	276701	189308	187875	
P35442	P35442	TSP2_HUMAN	THBS2	Thrombospondin-2	1.73563e+06	230071	268391	
P35475	P35475	IDUA_HUMAN	IDUA	Alpha-L-iduronidase	901679	1.54746e+06	815580	1.16957e+06
P35527	P35527	K1C9_HUMAN	KRT9	Keratin, type I cytoskeletal 9	5.5486e+07	1.49978e+08	8.39834e+07	6.19969e+08
P35542	P35542	SAA4_HUMAN	SAA4	Serum amyloid A-4 protein	4.23431e+06	5.72793e+06	5.16154e+06	4.8139e+06
P35555	P35555	FBN1_HUMAN	FBN1	Fibrillin-1	1.67807e+06	996967	3.46019e+06	2.58282e+06
P35556	P35556	FBN2_HUMAN	FBN2	Fibrillin-2	321775	87212	397484	
P35558	P35558	PCKGC_HUMAN	PCK1	Phosphoenolpyruvate carboxykinase, cytosolic [GTP]	207733	290967	563800	712505
P35573	P35573	GDE_HUMAN	AGL	Glycogen debranching enzyme	1.34358e+06	2.11784e+06	2.58034e+06	2.23857e+06
P35579	P35579	MYH9_HUMAN	MYH9	Myosin-9	1.82221e+07	5.85061e+06	1.81339e+07	1.26409e+07
P35580	P35580	MYH10_HUMAN	MYH10	Myosin-10	4.7384e+06	2.68633e+06	2.77138e+06	3.20262e+06
P35606	P35606	COPB2_HUMAN	COPB2	Coatomer subunit beta'	5.27155e+06	6.4301e+06	6.81324e+06	5.13323e+06
P35609	P35609	ACTN2_HUMAN	ACTN2	Alpha-actinin-2	767656	362592	736929	363931
P35610	P35610	SOAT1_HUMAN	SOAT1	Sterol O-acyltransferase 1	130646	32618	598234	
P35611	P35611	ADDA_HUMAN	ADD1	Alpha-adducin	2.37297e+06	1.62562e+06	2.89419e+06	2.14448e+06
P35612	P35612	ADDB_HUMAN	ADD2	Beta-adducin	144512	161759	112916	
P35613	P35613	BASI_HUMAN	BSG	Basigin	9.61953e+06	1.15501e+07	1.00949e+07	9.69957e+06
P35625	P35625	TIMP3_HUMAN	TIMP3	Metalloproteinase inhibitor 3	509596	1.29528e+06	319441	
P35637	P35637	FUS_HUMAN	FUS	RNA-binding protein FUS	1.34574e+07	1.04778e+07	8.88904e+06	6.2222e+06
P35658	P35658	NU214_HUMAN	NUP214	Nuclear pore complex protein Nup214	596303	602113	513399	769002
P35659	P35659	DEK_HUMAN	DEK	Protein DEK	3.8155e+06	3.46309e+06	3.16747e+06	3.89926e+06
P35713;P48436;P57073;Q9H6I2	P35713;P48436;P57073;Q9H6I2	SOX17_HUMAN;SOX18_HUMAN;SOX8_HUMAN;SOX9_HUMAN	SOX17;SOX18;SOX8;SOX9	Transcription factor SOX-18	135214	83194	37918.4	
P35749	P35749	MYH11_HUMAN	MYH11	Myosin-11	2.29014e+06	2.20269e+06	1.00058e+07	6.97885e+06
P35754	P35754	GLRX1_HUMAN	GLRX	Glutaredoxin-1	965592	3.80272e+06	2.15712e+06	1.91892e+06
P35813	P35813	PPM1A_HUMAN	PPM1A	Protein phosphatase 1A	1.14521e+06	1.80663e+06	1.25254e+06	889641
P35858	P35858	ALS_HUMAN	IGFALS	Insulin-like growth factor-binding protein complex acid labile subunit	730797	992975	686971	985626
P35869	P35869	AHR_HUMAN	AHR	Aryl hydrocarbon receptor	141059	131526	148170	
P35900	P35900	K1C20_HUMAN	KRT20	Keratin, type I cytoskeletal 20	2.38408e+06	3.25247e+06	6.30316e+06	1.3307e+06
P35908	P35908	K22E_HUMAN	KRT2	Keratin, type II cytoskeletal 2 epidermal	1.31228e+08	3.37632e+08	3.65724e+08	1.18467e+09
P35914	P35914	HMGCL_HUMAN	HMGCL	Hydroxymethylglutaryl-CoA lyase, mitochondrial	4.34624e+06	8.46311e+06	4.46936e+06	8.36001e+06
P35998	P35998	PRS7_HUMAN	PSMC2	26S proteasome regulatory subunit 7	2.95623e+06	1.96754e+06	1.86195e+06	1.78872e+06
P36222	P36222	CH3L1_HUMAN	CHI3L1	Chitinase-3-like protein 1	1.29702e+06	790217	3.25112e+06	3.23546e+06
P36269	P36269	GGT5_HUMAN	GGT5	Glutathione hydrolase 5 proenzyme	5.4779e+06	5.25171e+06	3.64826e+06	2.659e+06
P36404	P36404	ARL2_HUMAN	ARL2	ADP-ribosylation factor-like protein 2	1.78871e+06	1.60346e+06	830188	697656
P36405	P36405	ARL3_HUMAN	ARL3	ADP-ribosylation factor-like protein 3	3.07841e+06	3.41395e+06	2.44617e+06	1.33208e+06
P36507	P36507	MP2K2_HUMAN	MAP2K2	Dual specificity mitogen-activated protein kinase kinase 2	2.08887e+06	2.40678e+06	609502	3.16529e+06
P36542	P36542	ATPG_HUMAN	ATP5F1C	ATP synthase subunit gamma, mitochondrial	1.03566e+06	601927	2.79136e+06	4.89422e+06
P36543	P36543;Q96A05	VATE1_HUMAN	ATP6V1E1	V-type proton ATPase subunit E 1	2.73055e+06	3.78697e+06	2.83721e+06	2.83785e+06
P36551	P36551	HEM6_HUMAN	CPOX	Oxygen-dependent coproporphyrinogen-III oxidase, mitochondrial	1.39779e+06	877774	1.82869e+06	1.31009e+06
P36575	P36575	ARRC_HUMAN	ARR3	Arrestin-C	1.854e+06	1.74948e+06	2.15099e+06	
P36578	P36578	RL4_HUMAN	RPL4	Large ribosomal subunit protein uL4	5.15699e+06	5.17307e+06	3.87437e+06	8.44709e+06
P36639	P36639	8ODP_HUMAN	NUDT1	Oxidized purine nucleoside triphosphate hydrolase	1.00508e+06	548198	370683	105044
P36776	P36776	LONM_HUMAN	LONP1	Lon protease homolog, mitochondrial	1.43725e+06	457754	1.39114e+06	2.27289e+06
P36871	P36871	PGM1_HUMAN	PGM1	Phosphoglucomutase-1	5.49625e+06	8.42592e+06	8.45832e+06	6.69424e+06
P36873	P36873	PP1G_HUMAN	PPP1CC	Serine/threonine-protein phosphatase PP1-gamma catalytic subunit	2.61743e+06	2.45339e+06	2.39174e+06	1.67296e+06
P36915	P36915	GNL1_HUMAN	GNL1	Guanine nucleotide-binding protein-like 1	476980	365283	409045	362876
P36952	P36952	SPB5_HUMAN	SERPINB5	Serpin B5	1.95018e+06	5.86914e+06	4.00518e+06	1.8511e+06
P36954	P36954	RPB9_HUMAN	POLR2I	DNA-directed RNA polymerase II subunit RPB9	147172	152497		
P36955	P36955	PEDF_HUMAN	SERPINF1	Pigment epithelium-derived factor	5.76598e+06	4.03714e+06	3.00974e+06	3.02901e+06
P36957	P36957	ODO2_HUMAN	DLST	Dihydrolipoyllysine-residue succinyltransferase component of 2-oxoglutarate dehydrogenase complex, mitochondrial	3.2078e+06	3.028e+06	9.18565e+06	1.2226e+07
P36959	P36959	GMPR1_HUMAN	GMPR	GMP reductase 1	309619	496692	230319	
P36969	P36969	GPX4_HUMAN	GPX4	Phospholipid hydroperoxide glutathione peroxidase	2.41372e+06	2.33227e+06	2.1745e+06	818529
P37059	P37059	DHB2_HUMAN	HSD17B2	17-beta-hydroxysteroid dehydrogenase type 2	539541	834807	1.11722e+06	1.52895e+06
P37108	P37108	SRP14_HUMAN	SRP14	Signal recognition particle 14 kDa protein	4.66405e+06	4.36232e+06	3.70458e+06	3.13557e+06
P37198	P37198	NUP62_HUMAN	NUP62	Nuclear pore glycoprotein p62	404855	407040	151103	
P37235	P37235	HPCL1_HUMAN	HPCAL1	Hippocalcin-like protein 1	1.74896e+06	4.52955e+06	3.63405e+06	1.92323e+06
P37268	P37268	FDFT_HUMAN	FDFT1	Squalene synthase	754755	291170	513172	
P37802	P37802	TAGL2_HUMAN	TAGLN2	Transgelin-2	1.17504e+08	8.8991e+07	5.64529e+07	6.53754e+07
P37837	P37837	TALDO_HUMAN	TALDO1	Transaldolase	4.63831e+07	4.65952e+07	5.1865e+07	2.60708e+07
P37840	P37840	SYUA_HUMAN	SNCA	Alpha-synuclein	1.22585e+06	1.96298e+06	578679	1.18821e+06
P38117	P38117	ETFB_HUMAN	ETFB	Electron transfer flavoprotein subunit beta	1.44861e+07	3.41563e+07	1.56081e+07	3.4157e+07
P38159	P38159	RBMX_HUMAN	RBMX	RNA-binding motif protein, X chromosome	1.45768e+07	1.06591e+07	1.46412e+07	1.25806e+07
P38398	P38398	BRCA1_HUMAN	BRCA1	Breast cancer type 1 susceptibility protein			630871	1.65533e+06
P38435	P38435	VKGC_HUMAN	GGCX	Vitamin K-dependent gamma-carboxylase	430869		570137	
P38571	P38571	LICH_HUMAN	LIPA	Lysosomal acid lipase/cholesteryl ester hydrolase	1.12638e+06	2.28722e+06	1.70781e+06	917399
P38606	P38606	VATA_HUMAN	ATP6V1A	V-type proton ATPase catalytic subunit A	5.98422e+06	8.58144e+06	2.37973e+06	3.91291e+06
P38646	P38646	GRP75_HUMAN	HSPA9	Stress-70 protein, mitochondrial	2.65429e+07	2.67185e+07	3.07485e+07	2.44623e+07
P38919	P38919	IF4A3_HUMAN	EIF4A3	Eukaryotic initiation factor 4A-III	4.35143e+06	3.35314e+06	2.52307e+06	1.46904e+06
P38936	P38936	CDN1A_HUMAN	CDKN1A	Cyclin-dependent kinase inhibitor 1		175955		
P39019	P39019	RS19_HUMAN	RPS19	Small ribosomal subunit protein eS19	9.31316e+06	1.04983e+07	3.07265e+06	1.25711e+07
P39023	P39023	RL3_HUMAN	RPL3	Large ribosomal subunit protein uL3	4.14944e+06	4.18002e+06	4.16511e+06	5.77007e+06
P39059	P39059	COFA1_HUMAN	COL15A1	Collagen alpha-1(XV) chain	1.81584e+06	1.17233e+06	3.4767e+06	496639
P39060	P39060	COIA1_HUMAN	COL18A1	Collagen alpha-1(XVIII) chain	2.84919e+06	3.2294e+06	3.7522e+06	1.61749e+06
P39656	P39656	OST48_HUMAN	DDOST	Dolichyl-diphosphooligosaccharide--protein glycosyltransferase 48 kDa subunit	1.06689e+07	1.20946e+07	2.80966e+07	1.73871e+07
P39687	P39687;O43423	AN32A_HUMAN	ANP32A	Acidic leucine-rich nuclear phosphoprotein 32 family member A	1.51072e+07	2.48867e+07	2.0682e+07	1.6799e+07
P39748	P39748	FEN1_HUMAN	FEN1	Flap endonuclease 1	1.31915e+06	1.02227e+06	853054	1.39432e+06
P39900	P39900	MMP12_HUMAN	MMP12	Macrophage metalloelastase	623252	192339	692794	
P40121	P40121	CAPG_HUMAN	CAPG	Macrophage-capping protein	2.63439e+07	2.61019e+07	2.9567e+07	1.94051e+07
P40123	P40123	CAP2_HUMAN	CAP2	Adenylyl cyclase-associated protein 2	384439	376156	416898	310791
P40199	P40199	CEAM6_HUMAN	CEACAM6	Carcinoembryonic antigen-related cell adhesion molecule 6	2.72792e+07	7.73386e+06	1.0182e+07	3.7034e+06
P40222	P40222	TXLNA_HUMAN	TXLNA	Alpha-taxilin	1.09192e+06	803731	706891	271077
P40227	P40227	TCPZ_HUMAN	CCT6A	T-complex protein 1 subunit zeta	1.0422e+07	7.33089e+06	5.54882e+06	7.67805e+06
P40261	P40261	NNMT_HUMAN	NNMT	Nicotinamide N-methyltransferase	1.15611e+07	8.25283e+06	4.50701e+06	2.72769e+06
P40305	P40305	IFI27_HUMAN	IFI27	Interferon alpha-inducible protein 27, mitochondrial	1.22597e+06	1.33102e+06	1.56276e+06	
P40306	P40306	PSB10_HUMAN	PSMB10	Proteasome subunit beta type-10	5.33587e+06	7.07701e+06	4.87618e+06	3.06359e+06
P40424;P40425;P40426	P40424;P40425;P40426	PBX1_HUMAN;PBX2_HUMAN;PBX3_HUMAN	PBX1;PBX2;PBX3	Pre-B-cell leukemia transcription factor 1	342909	310428		
P40429	P40429;Q6NVV1	RL13A_HUMAN	RPL13A	Large ribosomal subunit protein uL13	4.32306e+06	3.25166e+06	3.1691e+06	6.43501e+06
P40616	P40616	ARL1_HUMAN	ARL1	ADP-ribosylation factor-like protein 1	9.25365e+06	1.67933e+07	9.56101e+06	6.17299e+06
P40763	P40763	STAT3_HUMAN	STAT3	Signal transducer and activator of transcription 3	2.27101e+06	2.29278e+06	3.06053e+06	2.27255e+06
P40818	P40818	UBP8_HUMAN	USP8	Ubiquitin carboxyl-terminal hydrolase 8	1.89552e+06	1.44571e+06	2.51172e+06	3.51018e+06
P40879	P40879	S26A3_HUMAN	SLC26A3	Chloride anion exchanger	122364	455817	1.61793e+06	807041
P40925	P40925	MDHC_HUMAN	MDH1	Malate dehydrogenase, cytoplasmic	3.00659e+07	4.54185e+07	3.66852e+07	3.52643e+07
P40926	P40926	MDHM_HUMAN	MDH2	Malate dehydrogenase, mitochondrial	4.876e+07	8.16645e+07	4.0035e+07	5.18901e+07
P40937	P40937	RFC5_HUMAN	RFC5	Replication factor C subunit 5	1.40022e+06	643280	686703	
P40938	P40938	RFC3_HUMAN	RFC3	Replication factor C subunit 3	665586	249267	344987	
P40939	P40939	ECHA_HUMAN	HADHA	Trifunctional enzyme subunit alpha, mitochondrial	2.54596e+06	1.61131e+06	7.32625e+06	1.18684e+07
P41091	P41091	IF2G_HUMAN	EIF2S3	Eukaryotic translation initiation factor 2 subunit 3	5.80365e+06	4.55069e+06	3.77662e+06	2.75156e+06
P41134	P41134	ID1_HUMAN	ID1	DNA-binding protein inhibitor ID-1	100861	30288.3		
P41208	P41208	CETN2_HUMAN	CETN2	Centrin-2	1.01527e+06	866403	971021	416549
P41212	P41212	ETV6_HUMAN	ETV6	Transcription factor ETV6	168943	187654	256770	
P41214	P41214	EIF2D_HUMAN	EIF2D	Eukaryotic translation initiation factor 2D	315419	218412	347668	
P41218	P41218	MNDA_HUMAN	MNDA	Myeloid cell nuclear differentiation antigen	8.5342e+06	4.36189e+06	2.07606e+07	1.03231e+06
P41221	P41221;Q9H1J7	WNT5A_HUMAN	WNT5A	Protein Wnt-5a	654888	305302	416625	
P41222	P41222	PTGDS_HUMAN	PTGDS	Prostaglandin-H2 D-isomerase	706811	1.69652e+06	1.25652e+06	683427
P41223	P41223	BUD31_HUMAN	BUD31	Protein BUD31 homolog	1.81785e+06	883927	1.12785e+06	
P41226	P41226	UBA7_HUMAN	UBA7	Ubiquitin-like modifier-activating enzyme 7	1.05334e+06	1.11713e+06	1.33821e+06	1.3948e+06
P41227	P41227;Q9BSU3	NAA10_HUMAN	NAA10	N-alpha-acetyltransferase 10	1.43971e+06	1.03886e+06	800413	848014
P41235	P41235	HNF4A_HUMAN	HNF4A	Hepatocyte nuclear factor 4-alpha	839563	303164		
P41236	P41236	IPP2_HUMAN	PPP1R2	Protein phosphatase inhibitor 2	977641	1.3652e+06	380010	1.07574e+06
P41240	P41240	CSK_HUMAN	CSK	Tyrosine-protein kinase CSK	1.54365e+06	1.40048e+06	2.57205e+06	2.09216e+06
P41247	P41247	PLPL4_HUMAN	PNPLA4	Patatin-like phospholipase domain-containing protein 4	403651	419463	147752	
P41250	P41250	GARS_HUMAN	GARS1	Glycine--tRNA ligase	8.31942e+06	6.07226e+06	3.69991e+06	2.55031e+06
P41252	P41252	SYIC_HUMAN	IARS1	Isoleucine--tRNA ligase, cytoplasmic	2.7883e+07	1.48751e+07	2.00714e+07	1.62077e+07
P41271	P41271	NBL1_HUMAN	NBL1	Neuroblastoma suppressor of tumorigenicity 1	445336	428491	281781	
P41439	P41439	FOLR3_HUMAN	FOLR3	Folate receptor gamma	1.93224e+06	980975	3.78587e+06	
P41567	P41567;O60739	EIF1_HUMAN	EIF1	Eukaryotic translation initiation factor 1	2.67825e+06	2.54641e+06	1.68923e+06	797107
P41732	P41732	TSN7_HUMAN	TSPAN7	Tetraspanin-7		118558	256131	
P41743	P41743;Q05513	KPCI_HUMAN	PRKCI	Protein kinase C iota type	1.04169e+06	633400	499652	
P42025	P42025	ACTY_HUMAN	ACTR1B	Beta-centractin	981625	1.28799e+06	391082	1.73245e+06
P42126	P42126	ECI1_HUMAN	ECI1	Enoyl-CoA delta isomerase 1, mitochondrial	2.71039e+06	5.29539e+06	1.08927e+06	6.98252e+06
P42166	P42166	LAP2A_HUMAN	TMPO	Lamina-associated polypeptide 2, isoform alpha	940239	330717	365841	
P42167	P42167	LAP2B_HUMAN	TMPO	Lamina-associated polypeptide 2, isoforms beta/gamma	2.40023e+07	2.45044e+07	9.17519e+06	3.26406e+07
P42224	P42224	STAT1_HUMAN	STAT1	Signal transducer and activator of transcription 1-alpha/beta	4.19295e+07	3.87606e+07	3.12842e+07	2.58015e+07
P42226	P42226	STAT6_HUMAN	STAT6	Signal transducer and activator of transcription 6	650392	612367	1.02134e+06	1.01933e+06
P42229	P42229	STA5A_HUMAN	STAT5A	Signal transducer and activator of transcription 5A	196277	199227	220757	
P42285	P42285	MTREX_HUMAN	MTREX	Exosome RNA helicase MTR4	611203	357067	552542	285636
P42330	P42330	AK1C3_HUMAN	AKR1C3	Aldo-keto reductase family 1 member C3	5.22466e+06	1.38628e+07	9.55547e+06	9.17697e+06
P42331	P42331	RHG25_HUMAN	ARHGAP25	Rho GTPase-activating protein 25	522587	700225	921304	824553
P42336	P42336	PK3CA_HUMAN	PIK3CA	Phosphatidylinositol 4,5-bisphosphate 3-kinase catalytic subunit alpha isoform	96074.4	60355.4		
P42345	P42345	MTOR_HUMAN	MTOR	Serine/threonine-protein kinase mTOR	164727	99071.2	162212	454233
P42356	P42356	PI4KA_HUMAN	PI4KA	Phosphatidylinositol 4-kinase alpha	580802	399777	593491	684096
P42357	P42357	HUTH_HUMAN	HAL	Histidine ammonia-lyase	143456	336423	835648	1.9062e+06
P42566	P42566	EPS15_HUMAN	EPS15	Epidermal growth factor receptor substrate 15	595618	406859	860612	802946
P42574	P42574	CASP3_HUMAN	CASP3	Caspase-3	4.64009e+06	5.88041e+06	3.18826e+06	3.18454e+06
P42677	P42677;Q71UM5	RS27_HUMAN	RPS27	Small ribosomal subunit protein eS27	9.76082e+06	5.80456e+06	5.67418e+06	9.20802e+06
P42704	P42704	LPPRC_HUMAN	LRPPRC	Leucine-rich PPR motif-containing protein, mitochondrial	3.98523e+06	717077	3.823e+06	7.34253e+06
P42765	P42765	THIM_HUMAN	ACAA2	3-ketoacyl-CoA thiolase, mitochondrial	2.73731e+06	2.59334e+06	3.06608e+06	9.23711e+06
P42766	P42766	RL35_HUMAN	RPL35	Large ribosomal subunit protein uL29	1.83043e+06	2.16789e+06	475669	3.19659e+06
P42768	P42768	WASP_HUMAN	WAS	Actin nucleation-promoting factor WAS	1.41204e+06	1.78401e+06	1.55885e+06	1.23193e+06
P42785	P42785	PCP_HUMAN	PRCP	Lysosomal Pro-X carboxypeptidase	2.40178e+06	4.09691e+06	3.61092e+06	1.74449e+06
P42830	P42830	CXCL5_HUMAN	CXCL5	C-X-C motif chemokine 5	210244		398641	
P42858	P42858	HD_HUMAN	HTT	Huntingtin	162141	44786.4	180859	
P42892	P42892	ECE1_HUMAN	ECE1	Endothelin-converting enzyme 1	949744	876969	831646	187079
P42898	P42898	MTHR_HUMAN	MTHFR	Methylenetetrahydrofolate reductase (NADPH)	475860	576221	593896	
P43003	P43003	EAA1_HUMAN	SLC1A3	Excitatory amino acid transporter 1	63695.5	62941.9		
P43007	P43007	SATT_HUMAN	SLC1A4	Neutral amino acid transporter A	989046	1.07984e+06	461606	405395
P43034	P43034	LIS1_HUMAN	PAFAH1B1	Platelet-activating factor acetylhydrolase IB subunit beta	5.81561e+06	6.78578e+06	5.46354e+06	2.81195e+06
P43121	P43121	MUC18_HUMAN	MCAM	Cell surface glycoprotein MUC18	5.2436e+06	5.14414e+06	4.97376e+06	4.28649e+06
P43155	P43155	CACP_HUMAN	CRAT	Carnitine O-acetyltransferase	2.86126e+06	5.89498e+06	4.36147e+06	3.93846e+06
P43235	P43235	CATK_HUMAN	CTSK	Cathepsin K	778472	592584	479980	
P43243	P43243	MATR3_HUMAN	MATR3	Matrin-3	3.17484e+06	1.80513e+06	2.82341e+06	3.18633e+06
P43246	P43246	MSH2_HUMAN	MSH2	DNA mismatch repair protein Msh2	1.0474e+06	313578	627864	446830
P43250	P32298;P34947;P43250	GRK6_HUMAN	GRK6	G protein-coupled receptor kinase 6	204899	245753	284346	
P43251	P43251	BTD_HUMAN	BTD	Biotinidase	773155	1.16687e+06	858704	528824
P43304	P43304	GPDM_HUMAN	GPD2	Glycerol-3-phosphate dehydrogenase, mitochondrial	1.34253e+06	736980	2.34069e+06	2.17705e+06
P43307	P43307	SSRA_HUMAN	SSR1	Translocon-associated protein subunit alpha	1.03182e+07	2.00358e+07	1.7653e+07	1.34764e+07
P43353	P43353	AL3B1_HUMAN	ALDH3B1	Aldehyde dehydrogenase family 3 member B1	383477	442158	728850	
P43378	P43378	PTN9_HUMAN	PTPN9	Tyrosine-protein phosphatase non-receptor type 9	261245	209207	361095	
P43405	P43405	KSYK_HUMAN	SYK	Tyrosine-protein kinase SYK	1.92486e+06	1.83016e+06	3.49038e+06	2.08775e+06
P43487	P43487	RANG_HUMAN	RANBP1	Ran-specific GTPase-activating protein	9.66008e+06	6.69384e+06	2.51583e+06	5.63933e+06
P43490	P43490	NAMPT_HUMAN	NAMPT	Nicotinamide phosphoribosyltransferase	1.36056e+07	1.82493e+07	8.16769e+06	4.37631e+06
P43652	P43652	AFAM_HUMAN	AFM	Afamin	2.33504e+06	2.40777e+06	1.78658e+06	1.42522e+06
P43686	P43686	PRS6B_HUMAN	PSMC4	26S proteasome regulatory subunit 6B	3.2854e+06	2.64629e+06	1.68295e+06	2.95732e+06
P43897	P43897	EFTS_HUMAN	TSFM	Elongation factor Ts, mitochondrial	1.54261e+06	1.11141e+06	1.31309e+06	902452
P45381	P45381	ACY2_HUMAN	ASPA	Aspartoacylase		237755	352293	
P45877	P45877	PPIC_HUMAN	PPIC	Peptidyl-prolyl cis-trans isomerase C	2.17615e+06	2.28082e+06	1.88908e+06	972951
P45880	P45880	VDAC2_HUMAN	VDAC2	Voltage-dependent anion-selective channel protein 2	1.30915e+07	1.28407e+07	1.74395e+07	1.07709e+07
P45954	P45954	ACDSB_HUMAN	ACADSB	Short/branched chain specific acyl-CoA dehydrogenase, mitochondrial	2.87267e+06	2.89996e+06	1.30671e+06	4.164e+06
P45973	P45973	CBX5_HUMAN	CBX5	Chromobox protein homolog 5	695347	614728	787790	480985
P45974	P45974	UBP5_HUMAN	USP5	Ubiquitin carboxyl-terminal hydrolase 5	5.34627e+06	5.36456e+06	5.17009e+06	6.26377e+06
P45983	P45983	MK08_HUMAN	MAPK8	Mitogen-activated protein kinase 8	86722.7	76609.6	102250	
P45984	P45984;P53779	MK09_HUMAN	MAPK9	Mitogen-activated protein kinase 9	450243	471060	492613	718929
P45985	P45985	MP2K4_HUMAN	MAP2K4	Dual specificity mitogen-activated protein kinase kinase 4	414034	494097	768922	484048
P46013	P46013	KI67_HUMAN	MKI67	Proliferation marker protein Ki-67	1.28444e+06	521812	768946	
P46019	P46019	KPB2_HUMAN	PHKA2	Phosphorylase b kinase regulatory subunit alpha, liver isoform	145439		266766	
P46060	P46060	RAGP1_HUMAN	RANGAP1	Ran GTPase-activating protein 1	1.07109e+06	665693	498306	1.28993e+06
P46063	P46063	RECQ1_HUMAN	RECQL	ATP-dependent DNA helicase Q1	2.17244e+06	1.05146e+06	2.03034e+06	813120
P46087	P46087	NOP2_HUMAN	NOP2	Probable 28S rRNA (cytosine(4447)-C(5))-methyltransferase	903287	519811	550389	613613
P46092	P46092	CCR10_HUMAN	CCR10	C-C chemokine receptor type 10		370845	109449	
P46100	P46100	ATRX_HUMAN	ATRX	Transcriptional regulator ATRX	72357.4		108756	
P46108	P46108	CRK_HUMAN	CRK	Adapter molecule crk	3.79217e+06	4.06196e+06	3.25653e+06	4.3395e+06
P46109	P46109	CRKL_HUMAN	CRKL	Crk-like protein	3.4643e+06	3.82138e+06	3.26347e+06	3.71965e+06
P46199	P46199	IF2M_HUMAN	MTIF2	Translation initiation factor IF-2, mitochondrial	540350	438820	322393	436970
P46379	P46379	BAG6_HUMAN	BAG6	Large proline-rich protein BAG6	1.49208e+06	1.05478e+06	371592	1.04733e+06
P46439	P46439	GSTM5_HUMAN	GSTM5	Glutathione S-transferase Mu 5	39632.4	151632		
P46459	P46459	NSF_HUMAN	NSF	Vesicle-fusing ATPase	4.00039e+06	3.52841e+06	6.20618e+06	5.72975e+06
P46527	P46527	CDN1B_HUMAN	CDKN1B	Cyclin-dependent kinase inhibitor 1B	99108.3	352299	97330.3	489382
P46734	P46734	MP2K3_HUMAN	MAP2K3	Dual specificity mitogen-activated protein kinase kinase 3	745663	687179	555243	857653
P46736	P46736	BRCC3_HUMAN	BRCC3	Lys-63-specific deubiquitinase BRCC36	322545	336241	138738	
P46776	P46776	RL27A_HUMAN	RPL27A	Large ribosomal subunit protein uL15	7.50335e+06	7.25221e+06	6.39545e+06	2.20124e+07
P46777	P46777	RL5_HUMAN	RPL5	Large ribosomal subunit protein uL18	6.76337e+06	4.97301e+06	8.75357e+06	7.32434e+06
P46778	P46778	RL21_HUMAN	RPL21	Large ribosomal subunit protein eL21	1.98261e+06	2.27378e+06	2.86218e+06	5.10758e+06
P46779	P46779	RL28_HUMAN	RPL28	Large ribosomal subunit protein eL28	4.52807e+06	3.46894e+06	4.42246e+06	8.13276e+06
P46781	P46781	RS9_HUMAN	RPS9	Small ribosomal subunit protein uS4	3.17271e+07	1.967e+07	2.83564e+07	1.76795e+07
P46782	P46782	RS5_HUMAN	RPS5	Small ribosomal subunit protein uS7	1.54435e+07	1.21063e+07	6.01856e+06	8.66412e+06
P46783	P46783	RS10_HUMAN	RPS10	Small ribosomal subunit protein eS10	7.33225e+06	8.94339e+06	1.42069e+06	9.4498e+06
P46821	P46821	MAP1B_HUMAN	MAP1B	Microtubule-associated protein 1B	249724	166341	267465	252643
P46926	P46926;Q8TDQ7	GNPI1_HUMAN	GNPDA1	Glucosamine-6-phosphate isomerase 1	1.08743e+07	1.31398e+07	7.93517e+06	3.37285e+06
P46934	P46934	NEDD4_HUMAN	NEDD4	E3 ubiquitin-protein ligase NEDD4	276321	160647	222727	149228
P46937	P46937	YAP1_HUMAN	YAP1	Transcriptional coactivator YAP1	1.2314e+06	1.42259e+06		668210
P46939	P46939	UTRN_HUMAN	UTRN	Utrophin	782124	436035	1.42459e+06	546103
P46940	P46940	IQGA1_HUMAN	IQGAP1	Ras GTPase-activating-like protein IQGAP1	7.57885e+06	5.88044e+06	1.29379e+07	1.04096e+07
P46952	P46952	3HAO_HUMAN	HAAO	3-hydroxyanthranilate 3,4-dioxygenase	742889	2.2056e+06	2.33729e+06	1.13616e+06
P46976	P46976	GLYG_HUMAN	GYG1	Glycogenin-1	5.43218e+06	7.06497e+06	5.80706e+06	2.29457e+06
P46977	P46977	STT3A_HUMAN	STT3A	Dolichyl-diphosphooligosaccharide--protein glycosyltransferase subunit STT3A	2.88362e+06	2.70312e+06	8.28715e+06	4.81574e+06
P47224	P47224	MSS4_HUMAN	RABIF	Guanine nucleotide exchange factor MSS4	1.42943e+06	1.79588e+06	1.10111e+06	
P47712	P47712	PA24A_HUMAN	PLA2G4A	Cytosolic phospholipase A2	174715	247011	633561	164656
P47736	P47736	RPGP1_HUMAN	RAP1GAP	Rap1 GTPase-activating protein 1		358706	184833	
P47755	P47755	CAZA2_HUMAN	CAPZA2	F-actin-capping protein subunit alpha-2	6.63412e+06	4.93654e+06	5.82014e+06	4.62643e+06
P47756	P47756	CAPZB_HUMAN	CAPZB	F-actin-capping protein subunit beta	1.69306e+07	1.59258e+07	2.2309e+07	1.05932e+07
P47813	P47813;O14602	IF1AX_HUMAN	EIF1AX	Eukaryotic translation initiation factor 1A, X-chromosomal	1.70898e+06	1.30838e+06	322554	1.35491e+06
P47895	P47895	AL1A3_HUMAN	ALDH1A3	Retinaldehyde dehydrogenase 3	1.21473e+06	1.06697e+06	309905	
P47897	P47897	SYQ_HUMAN	QARS1	Glutamine--tRNA ligase	3.18582e+06	1.95994e+06	3.63761e+06	2.63349e+06
P47914	P47914	RL29_HUMAN	RPL29	Large ribosomal subunit protein eL29	3.6059e+06	5.22029e+06	742198	2.17612e+07
P47929	P47929	LEG7_HUMAN	LGALS7	Galectin-7	1.17236e+06	3.87198e+06	7.69124e+06	1.04207e+07
P47974	P47974;Q07352	TISD_HUMAN	ZFP36L2	mRNA decay activator protein ZFP36L2	393214	295824	384438	
P47985	P47985;P0C7P4	UCRI_HUMAN	UQCRFS1	Cytochrome b-c1 complex subunit Rieske, mitochondrial	5.62171e+06	8.16552e+06	7.8289e+06	1.07763e+07
P47989	P47989	XDH_HUMAN	XDH	Xanthine dehydrogenase/oxidase		291138	260284	
P48047	P48047	ATPO_HUMAN	ATP5PO	ATP synthase subunit O, mitochondrial	1.07808e+07	1.66763e+07	9.27644e+06	2.31679e+07
P48059	P48059	LIMS1_HUMAN	LIMS1	LIM and senescent cell antigen-like-containing domain protein 1	3.09323e+06	1.69928e+06	2.47565e+06	1.72129e+06
P48060	P48060	GLIP1_HUMAN	GLIPR1	Glioma pathogenesis-related protein 1	236313	201733		
P48147	P48147	PPCE_HUMAN	PREP	Prolyl endopeptidase	4.60336e+06	5.91736e+06	4.55989e+06	4.52226e+06
P48163	P48163	MAOX_HUMAN	ME1	NADP-dependent malic enzyme	1.38536e+06	1.87772e+06	1.8694e+06	1.43501e+06
P48200	P48200	IREB2_HUMAN	IREB2	Iron-responsive element-binding protein 2	875844	771972	916498	499574
P48304	P48304	REG1B_HUMAN	REG1B	Lithostathine-1-beta		130506	119740	
P48382	P48382	RFX5_HUMAN	RFX5	DNA-binding protein RFX5	253524	271284	148878	
P48426	P48426	PI42A_HUMAN	PIP4K2A	Phosphatidylinositol 5-phosphate 4-kinase type-2 alpha	749722	759408	747842	658414
P48444	P48444	COPD_HUMAN	ARCN1	Coatomer subunit delta	3.46449e+06	2.19693e+06	4.85919e+06	4.57118e+06
P48449	P48449	LSS_HUMAN	LSS	Lanosterol synthase	1.06284e+06	234266	1.47522e+06	750441
P48454	P48454	PP2BC_HUMAN	PPP3CC	Serine/threonine-protein phosphatase 2B catalytic subunit gamma isoform	241958	212668	289648	
P48506	P48506	GSH1_HUMAN	GCLC	Glutamate--cysteine ligase catalytic subunit	2.11144e+06	2.35503e+06	2.21916e+06	1.69969e+06
P48507	P48507	GSH0_HUMAN	GCLM	Glutamate--cysteine ligase regulatory subunit	1.38629e+06	1.00738e+06	1.0602e+06	897230
P48509	P48509	CD151_HUMAN	CD151	CD151 antigen	3.06678e+06	2.53945e+06	2.42915e+06	929410
P48539	P48539	PCP4_HUMAN	PCP4	Calmodulin regulator protein PCP4	1.023e+06	1.43456e+06		
P48556	P48556	PSMD8_HUMAN	PSMD8	26S proteasome non-ATPase regulatory subunit 8	5.47342e+06	4.74234e+06	3.47916e+06	2.62569e+06
P48594	P48594	SPB4_HUMAN	SERPINB4	Serpin B4		640170	759473	388619
P48595	P48595	SPB10_HUMAN	SERPINB10	Serpin B10	1.61325e+06	1.12451e+06	4.02965e+06	
P48634	P48634	PRC2A_HUMAN	PRRC2A	Protein PRRC2A	503303	388385		
P48637	P48637	GSHB_HUMAN	GSS	Glutathione synthetase	1.2565e+07	1.88402e+07	9.5944e+06	1.15939e+07
P48643	P48643	TCPE_HUMAN	CCT5	T-complex protein 1 subunit epsilon	7.96401e+06	7.88985e+06	4.07355e+06	6.07234e+06
P48651	P48651	PTSS1_HUMAN	PTDSS1	Phosphatidylserine synthase 1	539535	162190	1.3456e+06	
P48681	P48681	NEST_HUMAN	NES	Nestin	1.99335e+06	1.94661e+06		716259
P48723	P48723	HSP13_HUMAN	HSPA13	Heat shock 70 kDa protein 13	853178	2.50978e+06	1.67154e+06	580219
P48728	P48728	GCST_HUMAN	AMT	Aminomethyltransferase, mitochondrial	573749	874038	511821	848570
P48729	P48729;Q8N752	KC1A_HUMAN	CSNK1A1	Casein kinase I isoform alpha	1.02497e+06	847821	1.39305e+06	622357
P48730;P49674	P48730;P49674	KC1D_HUMAN;KC1E_HUMAN	CSNK1D;CSNK1E	Casein kinase I isoform delta	444980	359056	564044	
P48735	P48735	IDHP_HUMAN	IDH2	Isocitrate dehydrogenase [NADP], mitochondrial	2.54467e+07	7.89733e+07	3.89403e+07	2.61436e+07
P48739	P48739	PIPNB_HUMAN	PITPNB	Phosphatidylinositol transfer protein beta isoform	3.9965e+06	4.21542e+06	3.06896e+06	1.66345e+06
P48740	P48740	MASP1_HUMAN	MASP1	Mannan-binding lectin serine protease 1	206734	264441	256585	
P48960	P48960	AGRE5_HUMAN	ADGRE5	Adhesion G protein-coupled receptor E5	1.60168e+06	2.21834e+06	2.32606e+06	1.39026e+06
P49005	P49005	DPOD2_HUMAN	POLD2	DNA polymerase delta subunit 2	541245	276346	82832.8	
P49006	P49006	MRP_HUMAN	MARCKSL1	MARCKS-related protein	4.08168e+06	4.8101e+06	2.16922e+06	8.25102e+06
P49023	P49023	PAXI_HUMAN	PXN	Paxillin	1.09602e+06	716608	540091	1.04569e+06
P49116	P49116	NR2C2_HUMAN	NR2C2	Nuclear receptor subfamily 2 group C member 2	3.56183e+06	3.0748e+06	4.88255e+06	
P49137	P49137	MAPK2_HUMAN	MAPKAPK2	MAP kinase-activated protein kinase 2	1.05973e+06	1.06256e+06	1.10597e+06	750087
P49184	P49184	DNSL1_HUMAN	DNASE1L1	Deoxyribonuclease-1-like 1	366056	280989		
P49189	P49189	AL9A1_HUMAN	ALDH9A1	4-trimethylaminobutyraldehyde dehydrogenase	1.01764e+07	1.29448e+07	1.01895e+07	1.54273e+07
P49207	P49207	RL34_HUMAN	RPL34	Large ribosomal subunit protein eL34	2.66793e+06	5.04755e+06	2.55298e+06	7.98171e+06
P49247	P49247	RPIA_HUMAN	RPIA	Ribose-5-phosphate isomerase	2.53775e+06	2.65901e+06	1.75356e+06	1.4629e+06
P49257	P49257	LMAN1_HUMAN	LMAN1	Protein ERGIC-53	5.17981e+06	1.50219e+07	1.48729e+07	1.70134e+07
P49281	P49281	NRAM2_HUMAN	SLC11A2	Natural resistance-associated macrophage protein 2	433008	150944	147583	
P49321	P49321	NASP_HUMAN	NASP	Nuclear autoantigenic sperm protein	3.708e+06	4.237e+06	811150	3.29911e+06
P49326	P49326	FMO5_HUMAN	FMO5	Flavin-containing monooxygenase 5			235221	198912
P49327	P49327	FAS_HUMAN	FASN	Fatty acid synthase	6.2375e+06	1.74561e+06	7.71582e+06	3.68986e+06
P49354	P49354	FNTA_HUMAN	FNTA	Protein farnesyltransferase/geranylgeranyltransferase type-1 subunit alpha	975404	1.05668e+06	957198	459841
P49356	P49356	FNTB_HUMAN	FNTB	Protein farnesyltransferase subunit beta	599724	589743	447976	
P49366	P49366	DHYS_HUMAN	DHPS	Deoxyhypusine synthase	1.09592e+06	569445	502715	
P49368	P49368	TCPG_HUMAN	CCT3	T-complex protein 1 subunit gamma	1.23188e+07	1.07817e+07	4.26843e+06	6.95959e+06
P49406	P49406	RM19_HUMAN	MRPL19	Large ribosomal subunit protein bL19m	1.71477e+06	1.10355e+06	2.4892e+06	2.42983e+06
P49407	P49407	ARRB1_HUMAN	ARRB1	Beta-arrestin-1	2.49212e+06	2.5898e+06	2.48818e+06	1.37959e+06
P49411	P49411	EFTU_HUMAN	TUFM	Elongation factor Tu, mitochondrial	2.14821e+07	2.86035e+07	8.88772e+06	3.17182e+07
P49419	P49419	AL7A1_HUMAN	ALDH7A1	Alpha-aminoadipic semialdehyde dehydrogenase	3.44947e+06	8.18431e+06	2.69875e+06	6.37078e+06
P49427	P49427	UB2R1_HUMAN	CDC34	Ubiquitin-conjugating enzyme E2 R1	420632	484151	429137	
P49441	P49441	INPP_HUMAN	INPP1	Inositol polyphosphate 1-phosphatase	412208	722439	715382	170743
P49447	P49447	CY561_HUMAN	CYB561	Transmembrane ascorbate-dependent reductase CYB561	285447	301070	370548	
P49458	P49458	SRP09_HUMAN	SRP9	Signal recognition particle 9 kDa protein	6.63673e+06	8.66044e+06	6.0824e+06	4.20104e+06
P49585	P49585	PCY1A_HUMAN	PCYT1A	Choline-phosphate cytidylyltransferase A	3.7366e+06	2.21742e+06	2.78098e+06	2.87786e+06
P49588	P49588	SYAC_HUMAN	AARS1	Alanine--tRNA ligase, cytoplasmic	3.18294e+06	4.03505e+06	2.58104e+06	2.444e+06
P49589	P49589	SYCC_HUMAN	CARS1	Cysteine--tRNA ligase, cytoplasmic	2.53312e+06	2.75798e+06	2.26252e+06	1.81056e+06
P49590	P49590	SYHM_HUMAN	HARS2	Histidine--tRNA ligase, mitochondrial	697603	593467	682611	798750
P49591	P49591	SYSC_HUMAN	SARS1	Serine--tRNA ligase, cytoplasmic	8.14204e+06	1.07969e+07	5.3694e+06	5.46053e+06
P49593	P49593	PPM1F_HUMAN	PPM1F	Protein phosphatase 1F	1.45444e+06	1.52735e+06	389043	1.11008e+06
P49641	P49641	MA2A2_HUMAN	MAN2A2	Alpha-mannosidase 2x	112578	128332	91040.4	
P49642	P49642	PRI1_HUMAN	PRIM1	DNA primase small subunit	216870			
P49643	P49643	PRI2_HUMAN	PRIM2	DNA primase large subunit	326204		778582	
P49662	P49662	CASP4_HUMAN	CASP4	Caspase-4	1.24995e+06	1.37979e+06	988741	
P49720	P49720	PSB3_HUMAN	PSMB3	Proteasome subunit beta type-3	4.2648e+06	5.28661e+06	4.3317e+06	2.3213e+06
P49721	P49721	PSB2_HUMAN	PSMB2	Proteasome subunit beta type-2	1.13985e+07	1.47323e+07	1.17759e+07	7.17374e+06
P49736	P49736	MCM2_HUMAN	MCM2	DNA replication licensing factor MCM2	3.79161e+06	1.15991e+06	1.44532e+06	839419
P49748	P49748	ACADV_HUMAN	ACADVL	Very long-chain specific acyl-CoA dehydrogenase, mitochondrial	2.44583e+06	5.62375e+06	6.25898e+06	8.55243e+06
P49750	P49750	YLPM1_HUMAN	YLPM1	YLP motif-containing protein 1	394260	358630	470113	
P49755	P49755	TMEDA_HUMAN	TMED10	Transmembrane emp24 domain-containing protein 10	9.57198e+06	1.43629e+07	1.40126e+07	1.35973e+07
P49756	P49756	RBM25_HUMAN	RBM25	RNA-binding protein 25	491167	80098.5	883046	
P49757	P49757	NUMB_HUMAN	NUMB	Protein numb homolog	382729	333122	468476	322670
P49768	P49768	PSN1_HUMAN	PSEN1	Presenilin-1	534441	371127	503639	
P49770	P49770	EI2BB_HUMAN	EIF2B2	Translation initiation factor eIF-2B subunit beta	1.99322e+06	2.64729e+06	1.10926e+06	703669
P49773	P49773	HINT1_HUMAN	HINT1	Adenosine 5'-monophosphoramidase HINT1	8.20738e+06	1.05431e+07	8.1391e+06	8.15254e+06
P49788	P49788	TIG1_HUMAN	RARRES1	Retinoic acid receptor responder protein 1	31099	32669.1	85941.2	
P49789	P49789	FHIT_HUMAN	FHIT	Bis(5'-adenosyl)-triphosphatase	317754	664191	533817	679677
P49790	P49790	NU153_HUMAN	NUP153	Nuclear pore complex protein Nup153	639286	237872	479208	
P49792	P49792	RBP2_HUMAN	RANBP2	E3 SUMO-protein ligase RanBP2	2.16353e+06	737648	2.58292e+06	
P49795	P49795	RGS19_HUMAN	RGS19	Regulator of G-protein signaling 19	263626	313994		
P49796	P49796	RGS3_HUMAN	RGS3	Regulator of G-protein signaling 3	326587	293472	136758	
P49821	P49821	NDUV1_HUMAN	NDUFV1	NADH dehydrogenase [ubiquinone] flavoprotein 1, mitochondrial	1.18461e+06	1.34459e+06	2.60409e+06	2.95337e+06
P49840	P49840;P49841	GSK3A_HUMAN	GSK3A	Glycogen synthase kinase-3 alpha	862747	587652	725686	
P49841	P49841	GSK3B_HUMAN	GSK3B	Glycogen synthase kinase-3 beta	274904	242622	328573	
P49848	P49848	TAF6_HUMAN	TAF6	Transcription initiation factor TFIID subunit 6	95563.4	11246.3		
P49862	P49862	KLK7_HUMAN	KLK7	Kallikrein-7			134268	
P49902	P49902	5NTC_HUMAN	NT5C2	Cytosolic purine 5'-nucleotidase	2.51905e+06	2.31772e+06	2.24599e+06	362978
P49903	P49903	SPS1_HUMAN	SEPHS1	Selenide, water dikinase 1	1.43626e+06	1.74711e+06	1.15603e+06	1.61379e+06
P49908	P49908	SEPP1_HUMAN	SELENOP	Selenoprotein P	262241	335162	321507	130782
P49913	P49913	CAMP_HUMAN	CAMP	Cathelicidin antimicrobial peptide	2.51493e+07	6.34771e+06	4.24482e+07	2.02634e+06
P49914	P49914	MTHFS_HUMAN	MTHFS	5-formyltetrahydrofolate cyclo-ligase	671134	1.22403e+06	878912	638859
P49915	P49915	GUAA_HUMAN	GMPS	GMP synthase [glutamine-hydrolyzing]	3.57457e+06	2.36247e+06	1.30047e+06	1.26173e+06
P49916	P49916	DNLI3_HUMAN	LIG3	DNA ligase 3	366577	179470	330851	
P49917	P49917	DNLI4_HUMAN	LIG4	DNA ligase 4	25974.6			
P49959	P49959	MRE11_HUMAN	MRE11	Double-strand break repair protein MRE11	1.34035e+06	684462	1.08311e+06	502728
P49961	P49961	ENTP1_HUMAN	ENTPD1	Ectonucleoside triphosphate diphosphohydrolase 1	6.50445e+06	7.61826e+06	5.8728e+06	2.76392e+06
P50053	P50053	KHK_HUMAN	KHK	Ketohexokinase	630384	634380	212618	
P50120	P50120	RET2_HUMAN	RBP2	Retinol-binding protein 2	1.70239e+06	4.02104e+06	500358	305380
P50135	P50135	HNMT_HUMAN	HNMT	Histamine N-methyltransferase	3.48602e+06	4.12394e+06	5.79075e+06	9.04854e+06
P50148	P50148	GNAQ_HUMAN	GNAQ	Guanine nucleotide-binding protein G(q) subunit alpha	2.08616e+06	1.62258e+06	3.61507e+06	4.14688e+06
P50213	P50213	IDH3A_HUMAN	IDH3A	Isocitrate dehydrogenase [NAD] subunit alpha, mitochondrial	4.2174e+06	1.14405e+07	728247	7.20348e+06
P50225	P50225;P50226	ST1A1_HUMAN	SULT1A1	Sulfotransferase 1A1	1.7097e+06	2.62552e+06	3.55839e+06	3.14065e+06
P50238	P50238	CRIP1_HUMAN	CRIP1	Cysteine-rich protein 1	1.03993e+07	1.29286e+07	1.03893e+07	9.12921e+06
P50281	P50281	MMP14_HUMAN	MMP14	Matrix metalloproteinase-14	1.59306e+08	1.13061e+08	1.16422e+08	9.67557e+07
P50336	P50336	PPOX_HUMAN	PPOX	Protoporphyrinogen oxidase	36064.6	27447	94162.1	
P50395	P50395	GDIB_HUMAN	GDI2	Rab GDP dissociation inhibitor beta	2.97112e+07	2.71749e+07	3.05302e+07	1.83964e+07
P50402	P50402	EMD_HUMAN	EMD	Emerin	2.20986e+06	2.54788e+06	467699	2.73141e+06
P50416	P50416	CPT1A_HUMAN	CPT1A	Carnitine O-palmitoyltransferase 1, liver isoform	2.97199e+06	1.2698e+06	6.59966e+06	4.49082e+06
P50440	P50440	GATM_HUMAN	GATM	Glycine amidinotransferase, mitochondrial	128581	285992	362170	
P50443	P50443	S26A2_HUMAN	SLC26A2	Sulfate transporter	176831	265815	996561	520487
P50452	P50452	SPB8_HUMAN	SERPINB8	Serpin B8	1.18557e+06	1.65103e+06	2.18449e+06	1.68097e+06
P50453	P50453	SPB9_HUMAN	SERPINB9	Serpin B9	4.89382e+06	6.63546e+06	4.92158e+06	2.46629e+06
P50454	P50454	SERPH_HUMAN	SERPINH1	Serpin H1	3.06166e+07	1.24097e+07	6.38571e+06	5.10325e+06
P50461	P50461	CSRP3_HUMAN	CSRP3	Cysteine and glycine-rich protein 3	1.0406e+06	1.06003e+06	624678	
P50479	P50479	PDLI4_HUMAN	PDLIM4	PDZ and LIM domain protein 4	1.79971e+06	1.48137e+06	850272	834473
P50502	P50502;Q8NFI4	F10A1_HUMAN	ST13	Hsc70-interacting protein	1.15926e+07	1.18657e+07	8.67709e+06	6.90812e+06
P50552	P50552	VASP_HUMAN	VASP	Vasodilator-stimulated phosphoprotein	6.6821e+06	5.49196e+06	8.37871e+06	7.42045e+06
P50570	P50570;Q9UQ16	DYN2_HUMAN	DNM2	Dynamin-2	2.79519e+06	1.66992e+06	4.19127e+06	6.14936e+06
P50579	P50579	MAP2_HUMAN	METAP2	Methionine aminopeptidase 2	1.72186e+06	1.31449e+06	1.23231e+06	709384
P50583	P50583	AP4A_HUMAN	NUDT2	Bis(5'-nucleosyl)-tetraphosphatase [asymmetrical]	228063	415816	294079	
P50613	P50613	CDK7_HUMAN	CDK7	Cyclin-dependent kinase 7	412647	198545	502176	
P50747	P50747	BPL1_HUMAN	HLCS	Biotin--protein ligase	130084	65604.1	81229.9	
P50749	P50749;Q9H2L5	RASF2_HUMAN	RASSF2	Ras association domain-containing protein 2	369586	325106	747128	132666
P50750	P50750	CDK9_HUMAN	CDK9	Cyclin-dependent kinase 9	315055	337282	280376	
P50851	P50851;Q8NFP9	LRBA_HUMAN	LRBA	Lipopolysaccharide-responsive and beige-like anchor protein	5.4538e+06	3.75009e+06	6.56576e+06	7.93167e+06
P50895	P50895	BCAM_HUMAN	BCAM	Basal cell adhesion molecule	641336	780337	712467	647162
P50897	P50897	PPT1_HUMAN	PPT1	Palmitoyl-protein thioesterase 1	5.10529e+06	7.16201e+06	3.57414e+06	2.48664e+06
P50914	P50914	RL14_HUMAN	RPL14	Large ribosomal subunit protein eL14	6.77415e+06	6.91833e+06	3.40529e+06	1.44116e+07
P50990	P50990	TCPQ_HUMAN	CCT8	T-complex protein 1 subunit theta	1.51623e+07	1.29556e+07	8.28458e+06	9.38148e+06
P50991	P50991	TCPD_HUMAN	CCT4	T-complex protein 1 subunit delta	1.15913e+07	9.9596e+06	5.26393e+06	7.71306e+06
P50995	P50995	ANX11_HUMAN	ANXA11	Annexin A11	1.39862e+07	1.33951e+07	1.50741e+07	7.77776e+06
P51003	P51003;Q9NRJ5	PAPOA_HUMAN	PAPOLA	Poly(A) polymerase alpha	1.43242e+06	1.31042e+06	1.74567e+06	640009
P51114	P51114	FXR1_HUMAN	FXR1	RNA-binding protein FXR1	2.02801e+06	1.19493e+06	1.54283e+06	1.74304e+06
P51116	P51116	FXR2_HUMAN	FXR2	RNA-binding protein FXR2	216257	163532	102817	
P51148	P20339;P51148;P61020	RAB5C_HUMAN	RAB5C	Ras-related protein Rab-5C	2.52379e+07	2.98826e+07	2.11491e+07	1.03673e+07
P51149	P51149	RAB7A_HUMAN	RAB7A	Ras-related protein Rab-7a	2.06153e+07	2.27865e+07	2.42705e+07	1.00781e+07
P51151	P51151;Q9NP90	RAB9A_HUMAN	RAB9A	Ras-related protein Rab-9A	1.16993e+06	1.62784e+06	394771	710943
P51153	P51153	RAB13_HUMAN	RAB13	Ras-related protein Rab-13	1.99753e+06	2.17909e+06	2.34646e+06	2.41014e+06
P51157	P51157	RAB28_HUMAN	RAB28	Ras-related protein Rab-28	160985	211837		
P51159	P51159	RB27A_HUMAN	RAB27A	Ras-related protein Rab-27A	3.3137e+06	6.2244e+06	3.61258e+06	3.96397e+06
P51178	P51178	PLCD1_HUMAN	PLCD1	1-phosphatidylinositol 4,5-bisphosphate phosphodiesterase delta-1	609482	1.15989e+06	1.4965e+06	1.00257e+06
P51397	P51397	DAP1_HUMAN	DAP	Death-associated protein 1	1.02238e+06	1.98287e+06	540917	1.00474e+07
P51398	P51398	RT29_HUMAN	DAP3	Small ribosomal subunit protein mS29	734057	279026	861759	579434
P51452	P51452	DUS3_HUMAN	DUSP3	Dual specificity protein phosphatase 3	3.20803e+06	2.98031e+06	1.81556e+06	1.93173e+06
P51530	P51530	DNA2_HUMAN	DNA2	DNA replication ATP-dependent helicase/nuclease DNA2	320110	314504	455550	518268
P51531	P51531	SMCA2_HUMAN	SMARCA2	Probable global transcription activator SNF2L2	329065		270256	
P51532	P51531;P51532	SMCA4_HUMAN	SMARCA4	Transcription activator BRG1	706555	334798	702292	166104
P51553	P51553	IDH3G_HUMAN	IDH3G	Isocitrate dehydrogenase [NAD] subunit gamma, mitochondrial	2.79969e+06	4.84452e+06	3.31706e+06	2.07043e+06
P51570	P51570	GALK1_HUMAN	GALK1	Galactokinase	2.07322e+06	2.2462e+06	1.9542e+06	1.95747e+06
P51571	P51571	SSRD_HUMAN	SSR4	Translocon-associated protein subunit delta	1.07808e+07	2.28049e+07	1.144e+07	1.27494e+07
P51572	P51572	BAP31_HUMAN	BCAP31	B-cell receptor-associated protein 31	9.91215e+06	5.11785e+06	1.56357e+07	1.29605e+07
P51575	P51575	P2RX1_HUMAN	P2RX1	P2X purinoceptor 1		120039	371664	
P51580	P51580	TPMT_HUMAN	TPMT	Thiopurine S-methyltransferase	2.99876e+06	2.9704e+06	2.56794e+06	2.01636e+06
P51606	P51606	RENBP_HUMAN	RENBP	N-acylglucosamine 2-epimerase	1.03144e+06	1.43211e+06	1.02445e+06	488950
P51608	P51608	MECP2_HUMAN	MECP2	Methyl-CpG-binding protein 2	379810	417653	637658	
P51610	P51610	HCFC1_HUMAN	HCFC1	Host cell factor 1	2.55322e+06	1.91487e+06	2.25443e+06	1.93942e+06
P51636	P51636	CAV2_HUMAN	CAV2	Caveolin-2	330676	437598	483470	
P51648	P51648	AL3A2_HUMAN	ALDH3A2	Aldehyde dehydrogenase family 3 member A2	798188	972131	2.53644e+06	1.9901e+06
P51649	P51649	SSDH_HUMAN	ALDH5A1	Succinate-semialdehyde dehydrogenase, mitochondrial	2.56283e+06	2.12265e+06	1.03907e+06	2.87225e+06
P51659	P51659	DHB4_HUMAN	HSD17B4	Peroxisomal multifunctional enzyme type 2	6.26215e+06	9.25253e+06	1.33179e+07	1.08782e+07
P51665	P51665	PSMD7_HUMAN	PSMD7	26S proteasome non-ATPase regulatory subunit 7	3.29857e+06	2.65657e+06	2.70817e+06	2.11844e+06
P51668	P51668;Q9Y2X8	UB2D1_HUMAN	UBE2D1	Ubiquitin-conjugating enzyme E2 D1	4.59625e+06	4.6977e+06	5.19418e+06	3.22231e+06
P51687	P51687	SUOX_HUMAN	SUOX	Sulfite oxidase, mitochondrial	695791	1.0336e+06	705474	1.52204e+06
P51688	P51688	SPHM_HUMAN	SGSH	N-sulphoglucosamine sulphohydrolase	1.60342e+06	2.44733e+06	1.46343e+06	1.27358e+06
P51689	P51689	ARSD_HUMAN	ARSD	Arylsulfatase D	218266	398420	303780	
P51690	P51690	ARSL_HUMAN	ARSL	Arylsulfatase L	2.89884e+06	2.40125e+06	1.41569e+06	1.51316e+06
P51692	P51692	STA5B_HUMAN	STAT5B	Signal transducer and activator of transcription 5B	1.38139e+06	1.04228e+06	1.75283e+06	1.66722e+06
P51784	P51784	UBP11_HUMAN	USP11	Ubiquitin carboxyl-terminal hydrolase 11	293230	305638	254706	
P51790	P51790	CLCN3_HUMAN	CLCN3	H(+)/Cl(-) exchange transporter 3	510617	338548	360714	289418
P51798	P51798	CLCN7_HUMAN	CLCN7	H(+)/Cl(-) exchange transporter 7	602468	421585	635037	464651
P51808	P51808	DYLT3_HUMAN	DYNLT3	Dynein light chain Tctex-type 3	99914.8	83272.5	73306	
P51809	P51809	VAMP7_HUMAN	VAMP7	Vesicle-associated membrane protein 7	805952	573586	875837	407116
P51812	P51812	KS6A3_HUMAN	RPS6KA3	Ribosomal protein S6 kinase alpha-3	3.81254e+06	2.84562e+06	3.77881e+06	3.13872e+06
P51858	P51858	HDGF_HUMAN	HDGF	Hepatoma-derived growth factor	1.52995e+07	1.5192e+07	1.1868e+07	1.27046e+07
P51884	P51884	LUM_HUMAN	LUM	Lumican	1.73651e+07	1.55244e+07	2.16796e+07	1.07442e+07
P51888	P51888	PRELP_HUMAN	PRELP	Prolargin	4.14041e+06	2.6311e+06	3.57251e+06	2.23363e+06
P51911	P51911	CNN1_HUMAN	CNN1	Calponin-1	1.90628e+07	2.47528e+07	1.79594e+07	2.19786e+07
P51946	P51946	CCNH_HUMAN	CCNH	Cyclin-H	42592.8	20939.7		
P51956	P51956	NEK3_HUMAN	NEK3	Serine/threonine-protein kinase Nek3	103908	29538.1		
P51965	P51965;Q969T4;Q96LR5	UB2E1_HUMAN	UBE2E1	Ubiquitin-conjugating enzyme E2 E1	740264	603459	758704	
P51970	P51970	NDUA8_HUMAN	NDUFA8	NADH dehydrogenase [ubiquinone] 1 alpha subcomplex subunit 8	600945	431940	2.08462e+06	2.89487e+06
P51991	P51991	ROA3_HUMAN	HNRNPA3	Heterogeneous nuclear ribonucleoprotein A3	2.16639e+07	2.15888e+07	2.01884e+07	9.00673e+06
P51993	P21217;P51993;Q11128	FUT6_HUMAN	FUT6	4-galactosyl-N-acetylglucosaminide 3-alpha-L-fucosyltransferase FUT6	732787	1.13595e+06	787735	840219
P52209	P52209	6PGD_HUMAN	PGD	6-phosphogluconate dehydrogenase, decarboxylating	2.72638e+07	2.79935e+07	3.95065e+07	1.44638e+07
P52272	P52272	HNRPM_HUMAN	HNRNPM	Heterogeneous nuclear ribonucleoprotein M	7.96885e+06	5.46025e+06	8.56897e+06	1.46321e+07
P52292	P52292	IMA1_HUMAN	KPNA2	Importin subunit alpha-1	1.10771e+06	670748	272236	536799
P52294	P52294	IMA5_HUMAN	KPNA1	Importin subunit alpha-5	315341	135306	272409	160382
P52298	P52298	NCBP2_HUMAN	NCBP2	Nuclear cap-binding protein subunit 2	2.42799e+06	1.97299e+06	811495	508471
P52306	P52306	GDS1_HUMAN	RAP1GDS1	Rap1 GTPase-GDP dissociation stimulator 1	930378	819568	460942	763801
P52434	P52434	RPAB3_HUMAN	POLR2H	DNA-directed RNA polymerases I, II, and III subunit RPABC3	610587	634640	495669	130140
P52564	P52564	MP2K6_HUMAN	MAP2K6	Dual specificity mitogen-activated protein kinase kinase 6	520972	672183	417579	966399
P52565	P52565	GDIR1_HUMAN	ARHGDIA	Rho GDP-dissociation inhibitor 1	4.12884e+07	5.01796e+07	4.23502e+07	3.22891e+07
P52566	P52566	GDIR2_HUMAN	ARHGDIB	Rho GDP-dissociation inhibitor 2	2.36082e+07	3.95976e+07	4.16974e+07	1.73394e+07
P52594	P52594;O95081	AGFG1_HUMAN	AGFG1	Arf-GAP domain and FG repeat-containing protein 1	835725	590365	719408	821115
P52597	P52597	HNRPF_HUMAN	HNRNPF	Heterogeneous nuclear ribonucleoprotein F	9.45056e+06	6.45853e+06	8.8509e+06	5.78423e+06
P52630	P52630	STAT2_HUMAN	STAT2	Signal transducer and activator of transcription 2	773646	544446	738975	709757
P52655	P52655	TF2AA_HUMAN	GTF2A1	Transcription initiation factor IIA subunit 1	759812	700520	648399	
P52657	P52657	T2AG_HUMAN	GTF2A2	Transcription initiation factor IIA subunit 2	143481	323763	178255	
P52701	P52701	MSH6_HUMAN	MSH6	DNA mismatch repair protein Msh6	747381	154075	456477	
P52735	P52735	VAV2_HUMAN	VAV2	Guanine nucleotide exchange factor VAV2	930516	750842	1.21426e+06	826821
P52756	P52756	RBM5_HUMAN	RBM5	RNA-binding protein 5	115411		453634	
P52758	P52758	RIDA_HUMAN	RIDA	2-iminobutanoate/2-iminopropanoate deaminase	2.04832e+06	2.68334e+06	559696	2.10306e+06
P52788	P52788	SPSY_HUMAN	SMS	Spermine synthase	3.33753e+06	3.17463e+06	2.40372e+06	2.91431e+06
P52789	P52789	HXK2_HUMAN	HK2	Hexokinase-2	1.93899e+06	1.4984e+06	4.52713e+06	4.45912e+06
P52790	P52790	HXK3_HUMAN	HK3	Hexokinase-3	3.18851e+06	2.38234e+06	5.13222e+06	1.60301e+06
P52799	P52799	EFNB2_HUMAN	EFNB2	Ephrin-B2	125936	73692	76945.7	291727
P52815	P52815	RM12_HUMAN	MRPL12	Large ribosomal subunit protein bL12m	833597	2.82723e+06	1.13784e+06	1.70003e+06
P52824	P52824	DGKQ_HUMAN	DGKQ	Diacylglycerol kinase theta	57532.6	47479	64606.3	
P52888	P52888	THOP1_HUMAN	THOP1	Thimet oligopeptidase	1.38887e+06	801095	985129	837143
P52895	P52895;Q04828	AK1C2_HUMAN	AKR1C2	Aldo-keto reductase family 1 member C2	830250	1.25263e+06	1.45712e+06	
P52907	P52907	CAZA1_HUMAN	CAPZA1	F-actin-capping protein subunit alpha-1	2.44236e+07	2.64374e+07	3.55233e+07	2.13085e+07
P52943	P52943	CRIP2_HUMAN	CRIP2	Cysteine-rich protein 2	6.9806e+06	5.19807e+06	3.3711e+06	3.45704e+06
P52948	P52948	NUP98_HUMAN	NUP98	Nuclear pore complex protein Nup98-Nup96	676872	473064	636063	1.8642e+06
P53004	P53004	BIEA_HUMAN	BLVRA	Biliverdin reductase A	5.87921e+06	6.28772e+06	5.84926e+06	2.62713e+06
P53007	P53007	TXTP_HUMAN	SLC25A1	Tricarboxylate transport protein, mitochondrial	1.23252e+06	276222	3.7982e+06	2.74758e+06
P53041	P53041	PPP5_HUMAN	PPP5C	Serine/threonine-protein phosphatase 5	2.10022e+06	2.32675e+06	1.95814e+06	1.57091e+06
P53365	P53365	ARFP2_HUMAN	ARFIP2	Arfaptin-2	1.2006e+06	1.52272e+06	1.09725e+06	1.75394e+06
P53367	P53367	ARFP1_HUMAN	ARFIP1	Arfaptin-1	2.29743e+06	2.74922e+06	1.13494e+06	2.91361e+06
P53370	P53370	NUDT6_HUMAN	NUDT6	Nucleoside diphosphate-linked moiety X motif 6	166800	127220	197670	
P53384	P53384	NUBP1_HUMAN	NUBP1	Cytosolic Fe-S cluster assembly factor NUBP1	1.28749e+06	1.39392e+06	738994	1.28199e+06
P53396	P53396	ACLY_HUMAN	ACLY	ATP-citrate synthase	4.78997e+06	2.18558e+06	6.43842e+06	3.18891e+06
P53582	P53582	MAP11_HUMAN	METAP1	Methionine aminopeptidase 1	1.43333e+06	1.35915e+06	818249	380604
P53597	P53597	SUCA_HUMAN	SUCLG1	Succinate--CoA ligase [ADP/GDP-forming] subunit alpha, mitochondrial	7.19223e+06	1.17994e+07	5.27993e+06	1.30894e+07
P53602	P53602	MVD1_HUMAN	MVD	Diphosphomevalonate decarboxylase	1.99479e+06	1.71193e+06	1.67577e+06	1.25567e+06
P53609	P53609	PGTB1_HUMAN	PGGT1B	Geranylgeranyl transferase type-1 subunit beta	826411	857414	845003	
P53611	P53611	PGTB2_HUMAN	RABGGTB	Geranylgeranyl transferase type-2 subunit beta	341882	463937	229556	632721
P53618	P53618	COPB_HUMAN	COPB1	Coatomer subunit beta	2.34409e+06	1.09443e+06	3.06802e+06	3.79631e+06
P53621	P53621	COPA_HUMAN	COPA	Coatomer subunit alpha	3.07192e+06	1.62216e+06	8.8431e+06	7.1118e+06
P53634	P53634	CATC_HUMAN	CTSC	Dipeptidyl peptidase 1	1.69571e+07	2.70749e+07	1.71247e+07	1.38437e+07
P53667	P53667	LIMK1_HUMAN	LIMK1	LIM domain kinase 1	169888	121846	62059.8	
P53671	P53671	LIMK2_HUMAN	LIMK2	LIM domain kinase 2				284326
P53674	P53674	CRBB1_HUMAN	CRYBB1	Beta-crystallin B1		186185		
P53680	P53680	AP2S1_HUMAN	AP2S1	AP-2 complex subunit sigma	5.22082e+06	2.19412e+06	6.44691e+06	2.17809e+06
P53701	P53701	CCHL_HUMAN	HCCS	Holocytochrome c-type synthase	2.13732e+06	1.53188e+06	1.34562e+06	1.20582e+06
P53801	P53801	PTTG_HUMAN	PTTG1IP	Pituitary tumor-transforming gene 1 protein-interacting protein	473302	419085	286750	1.28649e+06
P53814	P53814	SMTN_HUMAN	SMTN	Smoothelin	1.24688e+06	1.43005e+06	1.21414e+06	1.14743e+06
P53985	P53985	MOT1_HUMAN	SLC16A1	Monocarboxylate transporter 1	1.43024e+06	970351	1.24619e+06	758883
P53990	P53990	IST1_HUMAN	IST1	IST1 homolog	2.0115e+06	2.25367e+06	913795	2.51229e+06
P53992	P53992	SC24C_HUMAN	SEC24C	Protein transport protein Sec24C	1.01394e+06	654685	2.00335e+06	2.462e+06
P53999	P53999	TCP4_HUMAN	SUB1	Activated RNA polymerase II transcriptional coactivator p15	6.15369e+06	2.28858e+07	1.25509e+07	6.64582e+06
P54105	P54105	ICLN_HUMAN	CLNS1A	Methylosome subunit pICln	738181	1.20484e+06	176505	1.28046e+06
P54108	P54108	CRIS3_HUMAN	CRISP3	Cysteine-rich secretory protein 3	582253	115205	567554	
P54136	P54136	SYRC_HUMAN	RARS1	Arginine--tRNA ligase, cytoplasmic	5.78272e+06	4.07461e+06	3.9889e+06	4.16278e+06
P54252	P54252	ATX3_HUMAN	ATXN3	Ataxin-3	341708	477068	595537	300429
P54289	P54289	CA2D1_HUMAN	CACNA2D1	Voltage-dependent calcium channel subunit alpha-2/delta-1	1.12092e+06	1.29008e+06	1.06249e+06	699594
P54577	P54577	SYYC_HUMAN	YARS1	Tyrosine--tRNA ligase, cytoplasmic	5.98205e+06	6.02026e+06	3.71317e+06	3.98099e+06
P54578	P54578	UBP14_HUMAN	USP14	Ubiquitin carboxyl-terminal hydrolase 14	4.36098e+06	4.31908e+06	4.20488e+06	2.54272e+06
P54619	P54619	AAKG1_HUMAN	PRKAG1	5'-AMP-activated protein kinase subunit gamma-1	815398	711365	1.0911e+06	788469
P54652	P54652	HSP72_HUMAN	HSPA2	Heat shock-related 70 kDa protein 2	2.71335e+06	3.3933e+06	4.89277e+06	4.35889e+06
P54687	P54687	BCAT1_HUMAN	BCAT1	Branched-chain-amino-acid aminotransferase, cytosolic	739781	283146	152796	
P54709	P54709	AT1B3_HUMAN	ATP1B3	Sodium/potassium-transporting ATPase subunit beta-3	8.74949e+06	6.38027e+06	7.46447e+06	4.50774e+06
P54725	P54725	RD23A_HUMAN	RAD23A	UV excision repair protein RAD23 homolog A	2.38589e+06	3.8811e+06	2.40455e+06	2.41373e+06
P54727	P54727	RD23B_HUMAN	RAD23B	UV excision repair protein RAD23 homolog B	8.52361e+06	1.15089e+07	8.27799e+06	6.3749e+06
P54753	P54753;P54760	EPHB3_HUMAN	EPHB3	Ephrin type-B receptor 3	1.07488e+06	1.04486e+06	856933	1.24539e+06
P54760	P29322;P54756;P54760	EPHB4_HUMAN	EPHB4	Ephrin type-B receptor 4	160387	120794	178805	
P54802	P54802	ANAG_HUMAN	NAGLU	Alpha-N-acetylglucosaminidase	604650	1.28542e+06	612619	237367
P54803	P54803	GALC_HUMAN	GALC	Galactocerebrosidase	758453	1.34742e+06	953680	918448
P54819	P54819	KAD2_HUMAN	AK2	Adenylate kinase 2, mitochondrial	1.12836e+07	1.59329e+07	1.68146e+07	1.89208e+07
P54821;Q99811	P54821;Q99811	PRRX1_HUMAN;PRRX2_HUMAN	PRRX1;PRRX2	Paired mesoderm homeobox protein 1	312469	399710		
P54852	P54852	EMP3_HUMAN	EMP3	Epithelial membrane protein 3	779778	1.10472e+06	817108	
P54868	P54868	HMCS2_HUMAN	HMGCS2	Hydroxymethylglutaryl-CoA synthase, mitochondrial	2.92953e+06	6.25741e+06	1.93189e+07	1.19147e+07
P54886	P54886	P5CS_HUMAN	ALDH18A1	Delta-1-pyrroline-5-carboxylate synthase	1.73475e+06	949403	2.38598e+06	2.13728e+06
P54920	P54920	SNAA_HUMAN	NAPA	Alpha-soluble NSF attachment protein	8.79983e+06	9.63758e+06	3.95394e+06	7.47816e+06
P54922	P54922	ADPRH_HUMAN	ADPRH	ADP-ribosylhydrolase ARH1	716776	1.1558e+06	889597	
P55001	P55001	MFAP2_HUMAN	MFAP2	Microfibrillar-associated protein 2	93982.3	11603.2		
P55008	P55008	AIF1_HUMAN	AIF1	Allograft inflammatory factor 1	1.43652e+06	2.47243e+06	2.98781e+06	975509
P55010	P55010	IF5_HUMAN	EIF5	Eukaryotic translation initiation factor 5	3.08885e+06	2.92481e+06	2.2603e+06	3.10779e+06
P55011	P55011	S12A2_HUMAN	SLC12A2	Solute carrier family 12 member 2	4.04349e+06	3.8976e+06	4.45945e+06	8.85345e+06
P55036	P55036	PSMD4_HUMAN	PSMD4	26S proteasome non-ATPase regulatory subunit 4	3.00876e+06	2.6762e+06	1.32509e+06	2.86922e+06
P55039	P55039	DRG2_HUMAN	DRG2	Developmentally-regulated GTP-binding protein 2	1.1437e+06	930668	920889	646110
P55042	P55042	RAD_HUMAN	RRAD	GTP-binding protein RAD		251466		
P55058	P55058	PLTP_HUMAN	PLTP	Phospholipid transfer protein	380296	394374	253287	
P55060	P55060	XPO2_HUMAN	CSE1L	Exportin-2	2.36587e+07	7.31553e+06	5.06145e+06	4.96891e+06
P55061	P55061	BI1_HUMAN	TMBIM6	Bax inhibitor 1	394666	397668	738562	
P55072	P55072	TERA_HUMAN	VCP	Transitional endoplasmic reticulum ATPase	2.88308e+07	2.8505e+07	2.77747e+07	2.20562e+07
P55081	P55081	MFAP1_HUMAN	MFAP1	Microfibrillar-associated protein 1	71037.1	39845.4		
P55083	P55083	MFAP4_HUMAN	MFAP4	Microfibril-associated glycoprotein 4	4.58676e+06	8.34591e+06	6.50211e+06	2.19929e+06
P55084	P55084	ECHB_HUMAN	HADHB	Trifunctional enzyme subunit beta, mitochondrial	8.74153e+06	9.43194e+06	1.31066e+07	2.8233e+07
P55145	P55145	MANF_HUMAN	MANF	Mesencephalic astrocyte-derived neurotrophic factor	4.48003e+06	1.33807e+07	7.26352e+06	6.25749e+06
P55157	P55157	MTP_HUMAN	MTTP	Microsomal triglyceride transfer protein large subunit	817504	3.25469e+06	890474	846553
P55160	P55160	NCKPL_HUMAN	NCKAP1L	Nck-associated protein 1-like	501512	701141	998626	353616
P55196	P55196	AFAD_HUMAN	AFDN	Afadin	1.22115e+06	787069	994772	1.21673e+06
P55209	P55209	NP1L1_HUMAN	NAP1L1	Nucleosome assembly protein 1-like 1	5.00172e+06	3.68057e+06	1.92844e+06	1.34204e+06
P55210	P55210	CASP7_HUMAN	CASP7	Caspase-7	1.17024e+06	2.33133e+06	1.81552e+06	2.51299e+06
P55212	P55212	CASP6_HUMAN	CASP6	Caspase-6	2.4649e+06	2.79185e+06	1.76595e+06	1.04344e+06
P55263	P55263	ADK_HUMAN	ADK	Adenosine kinase	4.84693e+06	6.57335e+06	4.39047e+06	3.45472e+06
P55265	P55265	DSRAD_HUMAN	ADAR	Double-stranded RNA-specific adenosine deaminase	1.85883e+06	1.11608e+06	2.16614e+06	799252
P55268	P55268	LAMB2_HUMAN	LAMB2	Laminin subunit beta-2	508205	530318	692100	
P55285	P55285	CADH6_HUMAN	CDH6	Cadherin-6	60532.7	81590.4		
P55286;P55289	P55286;P55289	CAD12_HUMAN;CADH8_HUMAN	CDH12;CDH8	Cadherin-8	318954	434857	732051	
P55287	P55287	CAD11_HUMAN	CDH11	Cadherin-11	704881	590283	379954	302015
P55290	P55290	CAD13_HUMAN	CDH13	Cadherin-13	1.67432e+06	1.87492e+06	963672	1.30742e+06
P55327	P55327	TPD52_HUMAN	TPD52	Tumor protein D52	2.37467e+06	1.35575e+07	2.71693e+06	1.06117e+07
P55735	P55735	SEC13_HUMAN	SEC13	Protein SEC13 homolog	4.08496e+06	3.7995e+06	3.89361e+06	2.54957e+06
P55769	P55769	NH2L1_HUMAN	SNU13	NHP2-like protein 1	3.46719e+06	4.30391e+06	2.71854e+06	1.29877e+06
P55786	P55786;A6NEC2	PSA_HUMAN	NPEPPS	Puromycin-sensitive aminopeptidase	3.44359e+06	3.19438e+06	2.14797e+06	3.23856e+06
P55789	P55789	ALR_HUMAN	GFER	FAD-linked sulfhydryl oxidase ALR	251933	424642	308556	931625
P55795	P55795	HNRH2_HUMAN	HNRNPH2	Heterogeneous nuclear ribonucleoprotein H2	3.32547e+06	3.23947e+06	1.81703e+06	1.62769e+06
P55809	P55809;Q9BYC2	SCOT1_HUMAN	OXCT1	Succinyl-CoA:3-ketoacid coenzyme A transferase 1, mitochondrial	2.12398e+06	3.2159e+06	2.60442e+06	4.34027e+06
P55854	P55854	SUMO3_HUMAN	SUMO3	Small ubiquitin-related modifier 3	127953	73180.5	101189	
P55884	P55884	EIF3B_HUMAN	EIF3B	Eukaryotic translation initiation factor 3 subunit B	5.99922e+06	2.97403e+06	6.29581e+06	2.61272e+06
P55899	P55899	FCGRN_HUMAN	FCGRT	IgG receptor FcRn large subunit p51	1.44033e+06	1.9408e+06	1.45614e+06	623410
P55957	P55957	BID_HUMAN	BID	BH3-interacting domain death agonist	1.03046e+06	1.6988e+06	449534	1.44722e+06
P56134	P56134	ATPK_HUMAN	ATP5MF	ATP synthase subunit f, mitochondrial	6.32682e+06	7.10112e+06	1.2644e+07	1.19655e+07
P56181	P56181	NDUV3_HUMAN	NDUFV3	NADH dehydrogenase [ubiquinone] flavoprotein 3, mitochondrial	636190	776847	1.17911e+06	2.43854e+06
P56182	P56182	RRP1_HUMAN	RRP1	Ribosomal RNA processing protein 1 homolog A	421470	169245	140231	
P56192	P56192	SYMC_HUMAN	MARS1	Methionine--tRNA ligase, cytoplasmic	2.0507e+06	1.40704e+06	1.19857e+06	1.13177e+06
P56199	P56199	ITA1_HUMAN	ITGA1	Integrin alpha-1	7.85409e+06	8.15331e+06	6.01865e+06	3.38353e+06
P56211	P56211	ARP19_HUMAN	ARPP19	cAMP-regulated phosphoprotein 19	794679	777390		
P56277	P56277	CMC4_HUMAN	CMC4	Cx9C motif-containing protein 4	407729	488980	272248	204019
P56377	P56377	AP1S2_HUMAN	AP1S2	AP-1 complex subunit sigma-2	1.43033e+06	1.39253e+06	1.96801e+06	2.8214e+06
P56378	P56378	ATP68_HUMAN	ATP5MJ	ATP synthase subunit ATP5MJ, mitochondrial	1.9813e+06	4.79901e+06	6.53115e+06	1.58791e+06
P56381	P56381;Q5VTU8	ATP5E_HUMAN	ATP5F1E	ATP synthase subunit epsilon, mitochondrial	5.50789e+06	1.0019e+07	3.44869e+06	1.30559e+07
P56385	P56385	ATP5I_HUMAN	ATP5ME	ATP synthase subunit e, mitochondrial	3.21007e+06	1.20359e+07	1.61388e+06	1.89572e+07
P56470	P56470	LEG4_HUMAN	LGALS4	Galectin-4	2.24565e+07	8.41859e+07	8.62202e+07	5.40268e+07
P56537	P56537	IF6_HUMAN	EIF6	Eukaryotic translation initiation factor 6	2.40358e+07	2.12093e+07	1.16457e+07	1.36865e+07
P56545	P56545	CTBP2_HUMAN	CTBP2	C-terminal-binding protein 2	4.0727e+06	3.09972e+06	1.55278e+06	2.19864e+06
P56556	P56556	NDUA6_HUMAN	NDUFA6	NADH dehydrogenase [ubiquinone] 1 alpha subcomplex subunit 6	1.00196e+06	951987	1.46731e+06	2.38745e+06
P56557	P56557	TM50B_HUMAN	TMEM50B	Transmembrane protein 50B	269594	407901	262412	
P56746	P56746	CLD15_HUMAN	CLDN15	Claudin-15	374630	137281		
P56937	P56937	DHB7_HUMAN	HSD17B7	3-keto-steroid reductase/17-beta-hydroxysteroid dehydrogenase 7	280716	184811	375907	
P56945	P56945	BCAR1_HUMAN	BCAR1	Breast cancer anti-estrogen resistance protein 1	386810	255985	77173.5	
P56962	P56962	STX17_HUMAN	STX17	Syntaxin-17	530119	758937	504632	698455
P57076	P57076	CF298_HUMAN	CFAP298	Cilia- and flagella-associated protein 298	296281	245268		
P57081	P57081	WDR4_HUMAN	WDR4	tRNA (guanine-N(7)-)-methyltransferase non-catalytic subunit WDR4	953783	374513	320138	
P57087	P57087	JAM2_HUMAN	JAM2	Junctional adhesion molecule B	229474	240391	293274	
P57088	P57088	TMM33_HUMAN	TMEM33	Transmembrane protein 33	3.09108e+06	1.50247e+06	5.28815e+06	1.49687e+06
P57105	P57105	SYJ2B_HUMAN	SYNJ2BP	Synaptojanin-2-binding protein	1.43487e+06	2.68789e+06	2.24196e+06	2.73366e+06
P57721	P57721	PCBP3_HUMAN	PCBP3	Poly(rC)-binding protein 3		221514		
P57730	P57730	CAR18_HUMAN	CARD18	Caspase recruitment domain-containing protein 18	58152.2	110070	238171	
P57735	P57735	RAB25_HUMAN	RAB25	Ras-related protein Rab-25	1.92363e+06	3.63679e+06	2.50916e+06	3.91767e+06
P57737	P57737	CORO7_HUMAN	CORO7	Coronin-7	1.33441e+06	1.1042e+06	1.88031e+06	2.28606e+06
P57740	P57740	NU107_HUMAN	NUP107	Nuclear pore complex protein Nup107	225737	161244	318353	555951
P57764	P57764	GSDMD_HUMAN	GSDMD	Gasdermin-D	2.46922e+06	2.74112e+06	2.40781e+06	2.64998e+06
P57772	P57772	SELB_HUMAN	EEFSEC	Selenocysteine-specific elongation factor	633710	579197	520115	
P58107	P58107	EPIPL_HUMAN	EPPK1	Epiplakin	154625	222350	1.00491e+06	289078
P58335	P58335	ANTR2_HUMAN	ANTXR2	Anthrax toxin receptor 2	208332	322426	281944	
P58499	P58499	FAM3B_HUMAN	FAM3B	Protein FAM3B	1.16682e+06	824920	229738	
P58546	P58546	MTPN_HUMAN	MTPN	Myotrophin	1.3437e+06	4.75608e+06	1.62634e+06	828130
P59665	P59665	DEF1_HUMAN	DEFA1	Neutrophil defensin 1	449939	128137	1.05625e+06	
P59666	P59665;P59666	DEF3_HUMAN	DEFA3	Neutrophil defensin 3	1.68544e+08	5.27744e+07	6.27472e+08	2.93459e+07
P59998	P59998	ARPC4_HUMAN	ARPC4	Actin-related protein 2/3 complex subunit 4	2.97197e+07	2.82867e+07	3.3561e+07	2.01371e+07
P60033	P60033	CD81_HUMAN	CD81	CD81 antigen	5.94475e+06	5.13587e+06	5.34434e+06	2.23194e+06
P60059	P60059	SC61G_HUMAN	SEC61G	Protein transport protein Sec61 subunit gamma	3.21313e+06	4.7441e+06	5.1184e+06	4.48905e+06
P60174	P60174	TPIS_HUMAN	TPI1	Triosephosphate isomerase	4.6948e+07	7.15713e+07	5.48152e+07	4.03364e+07
P60228	P60228	EIF3E_HUMAN	EIF3E	Eukaryotic translation initiation factor 3 subunit E	4.12569e+06	3.83162e+06	2.13345e+06	2.49979e+06
P60323	P60323	NANO3_HUMAN	NANOS3	Nanos homolog 3	492545	638812	866397	1.60973e+06
P60468	P60468	SC61B_HUMAN	SEC61B	Protein transport protein Sec61 subunit beta	8.38888e+06	1.3206e+07	9.88929e+06	6.12395e+06
P60484	P60484	PTEN_HUMAN	PTEN	Phosphatidylinositol 3,4,5-trisphosphate 3-phosphatase and dual-specificity protein phosphatase PTEN	256351	300662	359887	399631
P60510	P60510	PP4C_HUMAN	PPP4C	Serine/threonine-protein phosphatase 4 catalytic subunit	1.58942e+06	1.9563e+06	1.69595e+06	794630
P60520	P60520	GBRL2_HUMAN	GABARAPL2	Gamma-aminobutyric acid receptor-associated protein-like 2	1.98647e+06	2.03377e+06	2.78028e+06	1.12933e+06
P60602	P60602	ROMO1_HUMAN	ROMO1	Reactive oxygen species modulator 1	2.53384e+06	1.97271e+06	1.59915e+06	
P60604	P60604	UB2G2_HUMAN	UBE2G2	Ubiquitin-conjugating enzyme E2 G2	26678.8	52967.2	62387.5	
P60660	P60660	MYL6_HUMAN	MYL6	Myosin light polypeptide 6	1.01784e+07	1.72053e+07	6.08266e+06	9.93553e+06
P60673	P60673	PROF3_HUMAN	PFN3	Profilin-3	293176	256524	339137	
P60709	P60709;P63261	ACTB_HUMAN	ACTB	Actin, cytoplasmic 1	1.34636e+09	1.61119e+09	4.53263e+08	1.17054e+09
P60842	P60842	IF4A1_HUMAN	EIF4A1	Eukaryotic initiation factor 4A-I	4.48862e+07	4.29228e+07	3.66725e+07	2.65707e+07
P60866	P60866	RS20_HUMAN	RPS20	Small ribosomal subunit protein uS10	1.23931e+07	1.03019e+07	5.01702e+06	7.53215e+06
P60891	P60891	PRPS1_HUMAN	PRPS1	Ribose-phosphate pyrophosphokinase 1	1.75974e+06	2.12353e+06	1.21246e+06	365745
P60900	P60900	PSA6_HUMAN	PSMA6	Proteasome subunit alpha type-6	1.93103e+07	2.15553e+07	1.81158e+07	1.22135e+07
P60903	P60903	S10AA_HUMAN	S100A10	Protein S100-A10	8.77378e+06	1.15767e+07	3.98103e+06	6.69538e+06
P60953	P60953	CDC42_HUMAN	CDC42	Cell division control protein 42 homolog	1.24477e+07	1.65098e+07	1.49408e+07	7.71788e+06
P60981	P60981	DEST_HUMAN	DSTN	Destrin	5.37519e+06	3.92456e+06	2.83653e+06	1.84647e+06
P60983	P60983	GMFB_HUMAN	GMFB	Glia maturation factor beta	1.48159e+06	1.90923e+06	1.84502e+06	2.21711e+06
P61006	P61006;Q92930	RAB8A_HUMAN	RAB8A	Ras-related protein Rab-8A	9.56333e+06	1.56609e+07	1.18335e+07	7.74404e+06
P61009	P61009	SPCS3_HUMAN	SPCS3	Signal peptidase complex subunit 3	4.52045e+06	1.86887e+07	7.72496e+06	9.68728e+06
P61011	P61011	SRP54_HUMAN	SRP54	Signal recognition particle subunit SRP54	2.09397e+06	3.23781e+06	2.69679e+06	1.78413e+06
P61018	P61018	RAB4B_HUMAN	RAB4B	Ras-related protein Rab-4B	691518	1.03188e+06	923057	1.02938e+06
P61019	P61019;Q8WUD1	RAB2A_HUMAN	RAB2A	Ras-related protein Rab-2A	1.13064e+07	1.472e+07	1.27582e+07	9.36115e+06
P61020	P61020	RAB5B_HUMAN	RAB5B	Ras-related protein Rab-5B	1.92854e+06	2.86463e+06	1.63233e+06	1.838e+06
P61024	P61024	CKS1_HUMAN	CKS1B	Cyclin-dependent kinases regulatory subunit 1	649284	314102	250797	
P61026	P61026	RAB10_HUMAN	RAB10	Ras-related protein Rab-10	9.18706e+06	1.12256e+07	1.0053e+07	6.69683e+06
P61077	P61077	UB2D3_HUMAN	UBE2D3	Ubiquitin-conjugating enzyme E2 D3	485808		494683	482423
P61081	P61081	UBC12_HUMAN	UBE2M	NEDD8-conjugating enzyme Ubc12	2.82805e+06	2.17653e+06	2.43142e+06	3.34814e+06
P61086	P61086	UBE2K_HUMAN	UBE2K	Ubiquitin-conjugating enzyme E2 K	3.40671e+06	4.12233e+06	3.40193e+06	2.44364e+06
P61088	P61088	UBE2N_HUMAN	UBE2N	Ubiquitin-conjugating enzyme E2 N	2.26205e+07	2.88002e+07	2.84623e+07	1.11543e+07
P61106	P61106	RAB14_HUMAN	RAB14	Ras-related protein Rab-14	8.08412e+06	1.00132e+07	8.03526e+06	4.90745e+06
P61158	P61158	ARP3_HUMAN	ACTR3	Actin-related protein 3	1.35444e+07	1.21792e+07	1.36236e+07	1.03151e+07
P61160	P61160	ARP2_HUMAN	ACTR2	Actin-related protein 2	1.80898e+07	1.74338e+07	2.10427e+07	1.2583e+07
P61163	P42025;P61163	ACTZ_HUMAN	ACTR1A	Alpha-centractin	4.79606e+06	5.43397e+06	2.72048e+06	4.56952e+06
P61165	P61165	TM258_HUMAN	TMEM258	Transmembrane protein 258	383389	1.05344e+06	887411	1.2581e+06
P61201	P61201	CSN2_HUMAN	COPS2	COP9 signalosome complex subunit 2	1.48906e+06	1.32002e+06	1.24572e+06	807019
P61221	P61221	ABCE1_HUMAN	ABCE1	ATP-binding cassette sub-family E member 1	4.62714e+06	3.73982e+06	2.86257e+06	2.34851e+06
P61224	P61224;P62834	RAP1B_HUMAN	RAP1B	Ras-related protein Rap-1b	8.06984e+07	1.06974e+08	9.92113e+07	5.59962e+07
P61225	P10114;P61225;Q9Y3L5	RAP2B_HUMAN	RAP2B	Ras-related protein Rap-2b	4.53697e+06	6.01254e+06	2.50311e+06	2.18546e+06
P61244	P61244	MAX_HUMAN	MAX	Protein max	193262	364087	365059	
P61247	P61247	RS3A_HUMAN	RPS3A	Small ribosomal subunit protein eS1	2.55974e+07	2.18542e+07	8.50398e+06	2.23577e+07
P61254	P61254;Q9UNX3	RL26_HUMAN	RPL26	Large ribosomal subunit protein uL24	5.90237e+06	6.10303e+06	3.08762e+06	1.0933e+07
P61289	P61289	PSME3_HUMAN	PSME3	Proteasome activator complex subunit 3	4.30013e+06	2.84027e+06	757795	1.81144e+06
P61313	P61313	RL15_HUMAN	RPL15	Large ribosomal subunit protein eL15	6.98202e+06	5.13866e+06	1.15091e+07	8.07848e+06
P61326	P61326;Q96A72	MGN_HUMAN	MAGOH	Protein mago nashi homolog	3.4999e+06	4.13454e+06	4.91085e+06	1.7566e+06
P61353	P61353	RL27_HUMAN	RPL27	Large ribosomal subunit protein eL27	9.15014e+06	1.27268e+07	7.00415e+06	1.06983e+07
P61421	P61421	VA0D1_HUMAN	ATP6V0D1	V-type proton ATPase subunit d 1	580885	782528	483597	636723
P61457	P61457;Q9H0N5	PHS_HUMAN	PCBD1	Pterin-4-alpha-carbinolamine dehydratase	7.86658e+06	8.43975e+06	4.77295e+06	5.4905e+06
P61513	P61513;A6NKH3	RL37A_HUMAN	RPL37A	Large ribosomal subunit protein eL43	2.20941e+06	1.22896e+06	2.30299e+06	1.76438e+06
P61586	P08134;P61586;P62745	RHOA_HUMAN	RHOA	Transforming protein RhoA	3.86101e+07	3.88222e+07	3.49144e+07	2.60081e+07
P61599	P61599	NAA20_HUMAN	NAA20	N-alpha-acetyltransferase 20	124359	190976	43887	
P61601	P61601	NCALD_HUMAN	NCALD	Neurocalcin-delta		215303	217286	
P61604	P61604	CH10_HUMAN	HSPE1	10 kDa heat shock protein, mitochondrial	1.23766e+08	1.57038e+08	7.78734e+07	1.34464e+08
P61619	P61619;Q9H9S3	S61A1_HUMAN	SEC61A1	Protein transport protein Sec61 subunit alpha isoform 1	2.78548e+06	2.48547e+06	4.09744e+06	4.52387e+06
P61626	P61626	LYSC_HUMAN	LYZ	Lysozyme C	1.10754e+08	8.3356e+07	3.30857e+08	4.12878e+07
P61758	P61758	PFD3_HUMAN	VBP1	Prefoldin subunit 3	1.42442e+06	1.04494e+06	830069	608438
P61764	P61764	STXB1_HUMAN	STXBP1	Syntaxin-binding protein 1	390478	312374	70888.2	592656
P61769	P61769	B2MG_HUMAN	B2M	Beta-2-microglobulin	1.43751e+07	2.69951e+07	2.11478e+07	1.44057e+07
P61803	P61803	DAD1_HUMAN	DAD1	Dolichyl-diphosphooligosaccharide--protein glycosyltransferase subunit DAD1	2.5383e+06	6.68876e+06	4.30053e+06	7.506e+06
P61916	P61916	NPC2_HUMAN	NPC2	NPC intracellular cholesterol transporter 2	7.82597e+06	1.29015e+07	1.03084e+07	7.55821e+06
P61923	P61923	COPZ1_HUMAN	COPZ1	Coatomer subunit zeta-1	1.47774e+06	3.2806e+06	841389	4.11026e+06
P61927	P61927	RL37_HUMAN	RPL37	Large ribosomal subunit protein eL37	173199	792782	148257	2.94892e+06
P61956	P55854;P61956;Q6EEV6	SUMO2_HUMAN	SUMO2	Small ubiquitin-related modifier 2	1.49451e+07	1.30653e+07	1.51098e+07	1.06953e+07
P61960	P61960	UFM1_HUMAN	UFM1	Ubiquitin-fold modifier 1	1.22607e+07	2.72803e+07	1.24846e+07	9.17495e+06
P61962	P61962	DCAF7_HUMAN	DCAF7	DDB1- and CUL4-associated factor 7	894889	571013	540655	283048
P61964	P61964	WDR5_HUMAN	WDR5	WD repeat-containing protein 5	691261	500323	558374	258344
P61966	P61966	AP1S1_HUMAN	AP1S1	AP-1 complex subunit sigma-1A	1.12208e+06	798823	1.47906e+06	2.16522e+06
P61970	P61970	NTF2_HUMAN	NUTF2	Nuclear transport factor 2	4.33958e+06	5.6164e+06	2.4205e+06	4.54242e+06
P61978	P61978	HNRPK_HUMAN	HNRNPK	Heterogeneous nuclear ribonucleoprotein K	3.72506e+07	3.81894e+07	2.33868e+07	2.97868e+07
P61981	P61981	1433G_HUMAN	YWHAG	14-3-3 protein gamma	5.21231e+07	5.36566e+07	4.92994e+07	4.04999e+07
P62070	P62070	RRAS2_HUMAN	RRAS2	Ras-related protein R-Ras2	529918	439434	358149	493913
P62072	P62072	TIM10_HUMAN	TIMM10	Mitochondrial import inner membrane translocase subunit Tim10	994885	2.8702e+06	884753	695518
P62081	P62081	RS7_HUMAN	RPS7	Small ribosomal subunit protein eS7	8.85826e+06	8.54186e+06	4.60217e+06	1.16924e+07
P62136	P36873;P62136;P62140	PP1A_HUMAN	PPP1CA	Serine/threonine-protein phosphatase PP1-alpha catalytic subunit	6.14824e+06	5.05491e+06	4.61344e+06	2.47343e+06
P62140	P62140	PP1B_HUMAN	PPP1CB	Serine/threonine-protein phosphatase PP1-beta catalytic subunit	3.89984e+06	3.7754e+06	4.0352e+06	1.94957e+06
P62166	P62166	NCS1_HUMAN	NCS1	Neuronal calcium sensor 1	374785	430420	287457	
P62191	P62191	PRS4_HUMAN	PSMC1	26S proteasome regulatory subunit 4	3.08276e+06	1.94551e+06	2.01174e+06	3.92378e+06
P62195	P62195	PRS8_HUMAN	PSMC5	26S proteasome regulatory subunit 8	3.32565e+06	2.6606e+06	2.32811e+06	3.82243e+06
P62241	P62241	RS8_HUMAN	RPS8	Small ribosomal subunit protein eS8	1.20881e+07	7.40789e+06	6.00961e+06	1.21342e+07
P62244	P62244	RS15A_HUMAN	RPS15A	Small ribosomal subunit protein uS8	2.37182e+07	1.08092e+07	2.10373e+07	1.57359e+07
P62249	P62249	RS16_HUMAN	RPS16	Small ribosomal subunit protein uS9	1.86474e+07	1.5481e+07	1.05414e+07	1.19811e+07
P62253	P62253	UB2G1_HUMAN	UBE2G1	Ubiquitin-conjugating enzyme E2 G1	755857	980171	809719	
P62256	P62256	UBE2H_HUMAN	UBE2H	Ubiquitin-conjugating enzyme E2 H	599569	751293	390453	
P62258	P62258	1433E_HUMAN	YWHAE	14-3-3 protein epsilon	1.78177e+07	2.79861e+07	2.31329e+07	1.84254e+07
P62263	P62263	RS14_HUMAN	RPS14	Small ribosomal subunit protein uS11	5.37751e+06	5.9204e+06	2.00171e+06	1.59712e+07
P62266	P62266	RS23_HUMAN	RPS23	Small ribosomal subunit protein uS12	6.93071e+06	5.45936e+06	7.80563e+06	9.6281e+06
P62269	P62269	RS18_HUMAN	RPS18	Small ribosomal subunit protein uS13	2.40744e+07	2.20347e+07	1.01289e+07	2.09734e+07
P62273	P62273	RS29_HUMAN	RPS29	Small ribosomal subunit protein uS14	1.0095e+06	490623	443087	513209
P62277	P62277	RS13_HUMAN	RPS13	Small ribosomal subunit protein uS15	1.1541e+07	1.34273e+07	1.34698e+07	5.25651e+07
P62280	P62280	RS11_HUMAN	RPS11	Small ribosomal subunit protein uS17	5.82365e+06	4.69652e+06	3.63718e+06	9.63366e+06
P62304	P62304	RUXE_HUMAN	SNRPE	Small nuclear ribonucleoprotein E	6.31881e+06	7.53423e+06	9.61169e+06	2.88163e+06
P62306	P62306	RUXF_HUMAN	SNRPF	Small nuclear ribonucleoprotein F	1.78338e+06	2.5841e+06	2.61878e+06	1.03214e+06
P62310	P62310	LSM3_HUMAN	LSM3	U6 snRNA-associated Sm-like protein LSm3	617842	1.27626e+06	865656	359335
P62312	P62312	LSM6_HUMAN	LSM6	U6 snRNA-associated Sm-like protein LSm6	5.11036e+06	7.16691e+06	5.00867e+06	4.80628e+06
P62314	P62314	SMD1_HUMAN	SNRPD1	Small nuclear ribonucleoprotein Sm D1	4.76314e+06	5.4292e+06	6.84735e+06	1.99922e+06
P62316	P62316	SMD2_HUMAN	SNRPD2	Small nuclear ribonucleoprotein Sm D2	9.35287e+06	9.01174e+06	1.18661e+07	5.72038e+06
P62318	P62318	SMD3_HUMAN	SNRPD3	Small nuclear ribonucleoprotein Sm D3	1.64084e+07	1.68712e+07	2.15058e+07	7.70036e+06
P62328	P62328	TYB4_HUMAN	TMSB4X	Thymosin beta-4	4.13202e+06	1.59995e+07	4.12221e+06	7.23736e+06
P62330	P62330	ARF6_HUMAN	ARF6	ADP-ribosylation factor 6	4.61591e+06	8.38189e+06	5.97423e+06	5.88996e+06
P62333	P62333	PRS10_HUMAN	PSMC6	26S proteasome regulatory subunit 10B	2.83905e+06	2.2348e+06	1.71396e+06	2.19327e+06
P62341	P62341	SELT_HUMAN	SELENOT	Thioredoxin reductase-like selenoprotein T	1.1039e+06	1.00718e+06	1.92054e+06	
P62380	P62380	TBPL1_HUMAN	TBPL1	TATA box-binding protein-like 1	194121	188015	91438.8	
P62424	P62424	RL7A_HUMAN	RPL7A	Large ribosomal subunit protein eL8	8.14873e+06	5.3148e+06	1.00494e+07	8.97979e+06
P62487	P62487	RPB7_HUMAN	POLR2G	DNA-directed RNA polymerase II subunit RPB7	253691	156459	250652	
P62495	P62495	ERF1_HUMAN	ETF1	Eukaryotic peptide chain release factor subunit 1	5.78385e+06	4.62277e+06	6.61428e+06	3.47349e+06
P62633	P62633	CNBP_HUMAN	CNBP	CCHC-type zinc finger nucleic acid binding protein	3.58234e+06	2.8849e+06	1.90227e+06	3.5301e+06
P62699	P62699	YPEL5_HUMAN	YPEL5	Protein yippee-like 5	236846	229081	319754	472311
P62701	P62701;Q8TD47	RS4X_HUMAN	RPS4X	Small ribosomal subunit protein eS4, X isoform	2.40477e+07	1.44264e+07	2.47494e+07	1.81636e+07
P62736	P62736;P68032;P68133	ACTA_HUMAN	ACTA2	Actin, aortic smooth muscle	3.3791e+07	4.86006e+07	1.47278e+07	1.40916e+07
P62745	P62745	RHOB_HUMAN	RHOB	Rho-related GTP-binding protein RhoB	950595	694474	562267	
P62750	P62750	RL23A_HUMAN	RPL23A	Large ribosomal subunit protein uL23	3.73715e+06	4.79288e+06	3.49893e+06	6.18397e+06
P62753	P62753	RS6_HUMAN	RPS6	Small ribosomal subunit protein eS6	5.37289e+06	5.30729e+06	3.05822e+06	1.07275e+07
P62760	P62760	VISL1_HUMAN	VSNL1	Visinin-like protein 1	1.48222e+06	994533	345205	
P62805	P62805	H4_HUMAN	H4C1	Histone H4	1.58624e+07	1.88105e+07	3.25831e+07	7.29149e+06
P62807	O60814;P06899;P23527;P33778;P57053;P58876;P62807;Q16778;Q5QNW6;Q8N257;Q93079;Q96A08;Q99877;Q99879;Q99880	H2B1C_HUMAN	H2BC4	Histone H2B type 1-C/E/F/G/I	4.58907e+07	4.59359e+07	6.57479e+07	2.43541e+07
P62820	P62820;Q9H0U4	RAB1A_HUMAN	RAB1A	Ras-related protein Rab-1A	4.54571e+07	7.52092e+07	5.06064e+07	3.99456e+07
P62826	P62826	RAN_HUMAN	RAN	GTP-binding nuclear protein Ran	6.02436e+07	7.1171e+07	5.608e+07	3.62253e+07
P62829	P62829	RL23_HUMAN	RPL23	Large ribosomal subunit protein uL14	3.67537e+06	7.37802e+06	1.85869e+06	7.76179e+06
P62834	P62834	RAP1A_HUMAN	RAP1A	Ras-related protein Rap-1A	2.11357e+06	2.28134e+06	1.84549e+06	852384
P62837	P61077;P62837	UB2D2_HUMAN	UBE2D2	Ubiquitin-conjugating enzyme E2 D2	6.35233e+06	7.66625e+06	7.58125e+06	1.59344e+06
P62841	P62841	RS15_HUMAN	RPS15	Small ribosomal subunit protein uS19	5.4768e+06	5.20547e+06	2.14358e+06	6.555e+06
P62847	P62847	RS24_HUMAN	RPS24	Small ribosomal subunit protein eS24	3.77372e+06	2.53626e+06	3.12099e+06	4.18559e+06
P62851	P62851	RS25_HUMAN	RPS25	Small ribosomal subunit protein eS25	1.27691e+07	2.2575e+07	3.71367e+06	2.18134e+07
P62854	P62854;Q5JNZ5	RS26_HUMAN	RPS26	Small ribosomal subunit protein eS26	3.94597e+06	5.68325e+06	1.39968e+06	1.55572e+07
P62857	P62857	RS28_HUMAN	RPS28	Small ribosomal subunit protein eS28	2.65701e+07	2.88298e+07	2.54299e+07	3.78602e+07
P62873	P16520;P62873	GBB1_HUMAN	GNB1	Guanine nucleotide-binding protein G(I)/G(S)/G(T) subunit beta-1	4.78819e+06	4.04495e+06	3.60519e+06	4.31916e+06
P62877	P62877	RBX1_HUMAN	RBX1	E3 ubiquitin-protein ligase RBX1	913000	1.03607e+06	584833	1.36588e+06
P62879	P62873;P62879	GBB2_HUMAN	GNB2	Guanine nucleotide-binding protein G(I)/G(S)/G(T) subunit beta-2	2.20974e+07	2.25487e+07	3.09655e+07	1.53378e+07
P62888	P62888	RL30_HUMAN	RPL30	Large ribosomal subunit protein eL30	3.45546e+07	2.85062e+07	4.48239e+07	2.2827e+07
P62899	P62899	RL31_HUMAN	RPL31	Large ribosomal subunit protein eL31	2.0431e+06	5.56492e+06	168732	1.0255e+07
P62906	P62906	RL10A_HUMAN	RPL10A	Large ribosomal subunit protein uL1	1.01431e+07	1.03332e+07	1.02006e+07	7.10676e+06
P62910	P62910	RL32_HUMAN	RPL32	Large ribosomal subunit protein eL32	1.00866e+07	7.0923e+06	3.80818e+06	4.28625e+06
P62913	P62913	RL11_HUMAN	RPL11	Large ribosomal subunit protein uL5	1.01521e+07	8.15655e+06	1.49429e+07	1.55993e+07
P62917	P62917	RL8_HUMAN	RPL8	Large ribosomal subunit protein uL2	9.63703e+06	7.82395e+06	6.50707e+06	1.93513e+07
P62937	P62937	PPIA_HUMAN	PPIA	Peptidyl-prolyl cis-trans isomerase A	1.79939e+08	1.66402e+08	1.3143e+08	1.28695e+08
P62942	P62942	FKB1A_HUMAN	FKBP1A	Peptidyl-prolyl cis-trans isomerase FKBP1A	5.17338e+07	5.96328e+07	5.16864e+07	3.97214e+07
P62979	P62979	RS27A_HUMAN	RPS27A	Ubiquitin-ribosomal protein eS31 fusion protein	7.28223e+07	1.17878e+08	5.76178e+07	7.91548e+07
P62993	P62993	GRB2_HUMAN	GRB2	Growth factor receptor-bound protein 2	5.71547e+06	7.38788e+06	8.05973e+06	3.02607e+06
P62995	P62995	TRA2B_HUMAN	TRA2B	Transformer-2 protein homolog beta	776707	679028	2.84459e+06	903308
P63000	P15153;P60763;P63000	RAC1_HUMAN	RAC1	Ras-related C3 botulinum toxin substrate 1	4.65829e+07	4.9994e+07	4.30095e+07	2.76957e+07
P63010	P63010	AP2B1_HUMAN	AP2B1	AP-2 complex subunit beta	2.02406e+06	979907	3.42567e+06	1.69616e+06
P63027	P63027	VAMP2_HUMAN	VAMP2	Vesicle-associated membrane protein 2	933293	1.28255e+06	701390	2.334e+06
P63092;Q5JWF2	P63092;Q5JWF2	GNAS1_HUMAN;GNAS2_HUMAN	GNAS	Guanine nucleotide-binding protein G(s) subunit alpha isoforms short	8.91877e+06	1.11684e+07	8.29041e+06	1.06963e+07
P63096	P63096	GNAI1_HUMAN	GNAI1	Guanine nucleotide-binding protein G(i) subunit alpha-1	1.30312e+06	1.44913e+06	2.27925e+06	1.22068e+06
P63098	P63098	CANB1_HUMAN	PPP3R1	Calcineurin subunit B type 1	246998	250273	55446.8	
P63104	P63104	1433Z_HUMAN	YWHAZ	14-3-3 protein zeta/delta	6.37839e+07	7.02038e+07	7.26586e+07	5.9607e+07
P63151	P63151	2ABA_HUMAN	PPP2R2A	Serine/threonine-protein phosphatase 2A 55 kDa regulatory subunit B alpha isoform	1.66574e+06	2.09621e+06	2.42109e+06	1.58717e+06
P63167	P63167;Q96FJ2	DYL1_HUMAN	DYNLL1	Dynein light chain 1, cytoplasmic	5.49537e+06	6.79247e+06	5.53283e+06	4.59862e+06
P63172	P63172	DYLT1_HUMAN	DYNLT1	Dynein light chain Tctex-type 1	617595	755016	584114	
P63173	P63173	RL38_HUMAN	RPL38	Large ribosomal subunit protein eL38	394178	1.20158e+06	411018	1.05332e+06
P63208	P63208	SKP1_HUMAN	SKP1	S-phase kinase-associated protein 1	3.89125e+06	5.81157e+06	2.92375e+06	2.82999e+06
P63218	P63218;A0A804HLA8	GBG5_HUMAN	GNG5	Guanine nucleotide-binding protein G(I)/G(S)/G(O) subunit gamma-5	252940	620147	437912	435365
P63220	P63220	RS21_HUMAN	RPS21	Small ribosomal subunit protein eS21	1.63314e+07	2.0425e+07	1.57128e+07	1.66216e+07
P63241	P63241;Q9GZV4;Q6IS14	IF5A1_HUMAN	EIF5A	Eukaryotic translation initiation factor 5A-1	2.12882e+07	2.10202e+07	1.50103e+07	1.29313e+07
P63244	P63244	RACK1_HUMAN	RACK1	Small ribosomal subunit protein RACK1	3.1455e+07	3.79302e+07	2.32625e+07	1.4305e+07
P63261	P63261	ACTG_HUMAN	ACTG1	Actin, cytoplasmic 2	1.73768e+08	8.76414e+07	3.54803e+07	3.63796e+08
P63267	P62736;P63267;P68032;P68133	ACTH_HUMAN	ACTG2	Actin, gamma-enteric smooth muscle	1.55744e+08	2.53739e+08	3.57517e+07	1.3501e+08
P63272	P63272	SPT4H_HUMAN	SUPT4H1	Transcription elongation factor SPT4	631798	657006	408740	502399
P63279	P63279	UBC9_HUMAN	UBE2I	SUMO-conjugating enzyme UBC9	8.13134e+06	6.2876e+06	7.00517e+06	3.39509e+06
P63302	P63302	SELW_HUMAN	SELENOW	Selenoprotein W	707617	879617	775856	
P63313	P63313	TYB10_HUMAN	TMSB10	Thymosin beta-10	2.56986e+06	6.48969e+06	5.8113e+06	8.21306e+06
P67775	P62714;P67775	PP2AA_HUMAN	PPP2CA	Serine/threonine-protein phosphatase 2A catalytic subunit alpha isoform	9.03275e+06	1.15305e+07	1.02573e+07	7.3393e+06
P67809	P67809	YBOX1_HUMAN	YBX1	Y-box-binding protein 1	1.74886e+07	2.25759e+07	1.38657e+07	1.42029e+07
P67812	P67812	SC11A_HUMAN	SEC11A	Signal peptidase complex catalytic subunit SEC11A	5.42451e+06	6.30723e+06	6.26531e+06	4.41719e+06
P67870	P67870	CSK2B_HUMAN	CSNK2B	Casein kinase II subunit beta	848364	638540	414910	284824
P67936	P67936	TPM4_HUMAN	TPM4	Tropomyosin alpha-4 chain	1.81145e+08	1.76824e+08	1.11943e+08	8.37288e+07
P68036	P68036;A0A1B0GUS4	UB2L3_HUMAN	UBE2L3	Ubiquitin-conjugating enzyme E2 L3	8.19447e+06	8.55541e+06	7.22808e+06	4.62804e+06
P68104	P68104;Q5VTE0	EF1A1_HUMAN	EEF1A1	Elongation factor 1-alpha 1	4.92934e+08	5.46729e+08	4.13777e+08	2.59704e+08
P68366	A6NHL2;P68363;P68366;Q71U36;Q9BQE3	TBA4A_HUMAN	TUBA4A	Tubulin alpha-4A chain	7.16668e+07	4.68525e+07	3.43243e+07	5.11868e+07
P68371	P68371	TBB4B_HUMAN	TUBB4B	Tubulin beta-4B chain	9.02412e+06	5.11355e+06	1.05662e+06	3.66677e+07
P68400	P68400;Q8NEV1	CSK21_HUMAN	CSNK2A1	Casein kinase II subunit alpha	1.37304e+06	948584	1.29887e+06	828232
P68402	P68402	PA1B2_HUMAN	PAFAH1B2	Platelet-activating factor acetylhydrolase IB subunit alpha2	1.17018e+07	1.5752e+07	1.06145e+07	5.79338e+06
P68543	P68543	UBX2A_HUMAN	UBXN2A	UBX domain-containing protein 2A		51886.3		
P68871	P02042;P68871	HBB_HUMAN	HBB	Hemoglobin subunit beta	6.1531e+09	1.12473e+10	2.32326e+09	2.11064e+09
P69849;Q5JPE7	P69849;Q5JPE7	NOMO2_HUMAN;NOMO3_HUMAN	NOMO2;NOMO3	BOS complex subunit NOMO3	230969	638880		
P69891	P69891;P69892	HBG1_HUMAN	HBG1	Hemoglobin subunit gamma-1	4.35686e+07	7.76448e+07	1.43168e+07	1.3606e+07
P69892	P69892	HBG2_HUMAN	HBG2	Hemoglobin subunit gamma-2	2.13213e+07	3.7518e+07	3.91926e+06	6.72512e+06
P69905	P69905	HBA_HUMAN	HBA1	Hemoglobin subunit alpha	2.01509e+09	4.20717e+09	3.94139e+08	1.14478e+09
P78310	P78310	CXAR_HUMAN	CXADR	Coxsackievirus and adenovirus receptor	1.49611e+06	925954	692514	1.70632e+06
P78318	P78318	IGBP1_HUMAN	IGBP1	Immunoglobulin-binding protein 1	1.27505e+06	1.25162e+06	1.2127e+06	1.01533e+06
P78324	P78324;Q9P1W8;Q5TFQ8	SHPS1_HUMAN	SIRPA	Tyrosine-protein phosphatase non-receptor type substrate 1	1.05141e+06	1.25715e+06	1.9514e+06	574984
P78325	P78325	ADAM8_HUMAN	ADAM8	Disintegrin and metalloproteinase domain-containing protein 8	272843		347711	
P78330	P78330	SERB_HUMAN	PSPH	Phosphoserine phosphatase	2.08418e+06	1.94985e+06	832115	837745
P78344	P78344	IF4G2_HUMAN	EIF4G2	Eukaryotic translation initiation factor 4 gamma 2	3.40575e+06	1.86798e+06	2.32209e+06	2.65551e+06
P78345	P78345	RPP38_HUMAN	RPP38	Ribonuclease P protein subunit p38	272832	179287		
P78346	P78346	RPP30_HUMAN	RPP30	Ribonuclease P protein subunit p30	2.0454e+06	1.47512e+06	1.34456e+06	
P78347	P78347	GTF2I_HUMAN	GTF2I	General transcription factor II-I	2.70446e+06	1.02801e+06	1.66809e+06	1.77603e+06
P78356	P78356	PI42B_HUMAN	PIP4K2B	Phosphatidylinositol 5-phosphate 4-kinase type-2 beta	4.60547e+06	4.8206e+06	4.29622e+06	
P78357	P78357	CNTP1_HUMAN	CNTNAP1	Contactin-associated protein 1	281087	234750	151964	
P78362	P78362	SRPK2_HUMAN	SRPK2	SRSF protein kinase 2	370189	144368	186345	
P78364	P78364	PHC1_HUMAN	PHC1	Polyhomeotic-like protein 1	351407	736619	560950	530237
P78371	P78371	TCPB_HUMAN	CCT2	T-complex protein 1 subunit beta	1.04063e+07	8.88619e+06	6.5267e+06	5.86479e+06
P78380	P78380	OLR1_HUMAN	OLR1	Oxidized low-density lipoprotein receptor 1	643179	520615	1.21054e+06	
P78381	P78381	S35A2_HUMAN	SLC35A2	UDP-galactose translocator				1.48098e+06
P78382	P78382	S35A1_HUMAN	SLC35A1	CMP-sialic acid transporter	400550	513049	547397	452294
P78383	P78383	S35B1_HUMAN	SLC35B1	Solute carrier family 35 member B1	73805	158629	425017	
P78386	O43790;P78385;P78386;Q14533;Q9NSB2;Q9NSB4	KRT85_HUMAN	KRT85	Keratin, type II cuticular Hb5	1.05502e+06	835039		902067
P78406	P78406	RAE1L_HUMAN	RAE1	mRNA export factor RAE1	1.70311e+06	1.16956e+06	840554	693731
P78410	P78410	BT3A2_HUMAN	BTN3A2	Butyrophilin subfamily 3 member A2	400314	451810		
P78417	P78417	GSTO1_HUMAN	GSTO1	Glutathione S-transferase omega-1	2.20745e+07	2.03822e+07	1.98621e+07	7.20194e+06
P78527	P78527	PRKDC_HUMAN	PRKDC	DNA-dependent protein kinase catalytic subunit	1.32738e+07	3.51733e+06	1.09475e+07	8.52582e+06
P78536	P78536	ADA17_HUMAN	ADAM17	Disintegrin and metalloproteinase domain-containing protein 17	395748	288645	215744	
P78537	P78537	BL1S1_HUMAN	BLOC1S1	Biogenesis of lysosome-related organelles complex 1 subunit 1	225789	316382	120560	
P78549	P78549	NTH_HUMAN	NTHL1	Endonuclease III-like protein 1	175571	75098.6	105967	
P78559	P78559	MAP1A_HUMAN	MAP1A	Microtubule-associated protein 1A	192147	608496	444710	
P78560	P78560	CRADD_HUMAN	CRADD	Death domain-containing protein CRADD	75170.7	159958		
P80108	P80108	PHLD_HUMAN	GPLD1	Phosphatidylinositol-glycan-specific phospholipase D	830708	879466	687115	542810
P80188	P80188	NGAL_HUMAN	LCN2	Neutrophil gelatinase-associated lipocalin	1.26783e+07	1.40425e+07	2.82904e+07	6.71107e+06
P80217	P80217	IN35_HUMAN	IFI35	Interferon-induced 35 kDa protein	1.26286e+06	1.18754e+06	1.33795e+06	1.04378e+06
P80303	P80303	NUCB2_HUMAN	NUCB2	Nucleobindin-2	1.67167e+06	5.04814e+06	1.58589e+06	3.24197e+06
P80365	P80365	DHI2_HUMAN	HSD11B2	11-beta-hydroxysteroid dehydrogenase type 2	460612	261184	1.87857e+06	2.6603e+06
P80404	P80404	GABT_HUMAN	ABAT	4-aminobutyrate aminotransferase, mitochondrial	824930	3.17955e+06	847069	574252
P80511	P80511	S10AC_HUMAN	S100A12	Protein S100-A12	5.78439e+06	3.62572e+06	1.83442e+07	857785
P80723	P80723	BASP1_HUMAN	BASP1	Brain acid soluble protein 1	5.29628e+06	6.92877e+06	4.24901e+06	4.69301e+06
P80748	P80748	LV321_HUMAN	IGLV3-21	Immunoglobulin lambda variable 3-21	288346	717082	583505	
P81605	P81605	DCD_HUMAN	DCD	Dermcidin	3.99901e+06	2.36688e+06	4.26175e+06	1.81509e+07
P82094	P82094	TMF1_HUMAN	TMF1	TATA element modulatory factor	184167	112918	348125	
P82650	P82650	RT22_HUMAN	MRPS22	Small ribosomal subunit protein mS22	724361		1.24674e+06	788839
P82663	P82663	RT25_HUMAN	MRPS25	Small ribosomal subunit protein mS25	84567.5		214049	
P82664	P82664	RT10_HUMAN	MRPS10	Small ribosomal subunit protein uS10m	515643	131371	708290	670783
P82673	P82673	RT35_HUMAN	MRPS35	Small ribosomal subunit protein mS35	184930	58563.1	176445	
P82675	P82675	RT05_HUMAN	MRPS5	Small ribosomal subunit protein uS5m	251452	203674	401235	590498
P82909	P82909	KGD4_HUMAN	MRPS36	Alpha-ketoglutarate dehydrogenase component 4	1.62677e+06	2.23355e+06	1.13145e+06	4.59499e+06
P82912	P82912	RT11_HUMAN	MRPS11	Small ribosomal subunit protein uS11m	168500	89319.4	262541	
P82914	P82914	RT15_HUMAN	MRPS15	Small ribosomal subunit protein uS15m	251636		406015	577975
P82921	P82921	RT21_HUMAN	MRPS21	Small ribosomal subunit protein bS21m	104112		29513.6	275578
P82930	P82930	RT34_HUMAN	MRPS34	Small ribosomal subunit protein mS34	561225	157261	1.09694e+06	502504
P82932	P82932	RT06_HUMAN	MRPS6	Small ribosomal subunit protein bS6m	79813.5	72444.1		
P82933	P82933	RT09_HUMAN	MRPS9	Small ribosomal subunit protein uS9m	215756	61163.9	303247	363242
P82970	P82970	HMGN5_HUMAN	HMGN5	High mobility group nucleosome-binding domain-containing protein 5	170389	248785		204210
P82979	P82979	SARNP_HUMAN	SARNP	SAP domain-containing ribonucleoprotein	4.45043e+06	5.19711e+06	1.42574e+06	8.015e+06
P82980	P82980	RET5_HUMAN	RBP5	Retinol-binding protein 5		1.12742e+06	511376	614703
P83111	P83111	LACTB_HUMAN	LACTB	Serine beta-lactamase-like protein LACTB, mitochondrial	686814	440656	1.95095e+06	611708
P83731	P83731	RL24_HUMAN	RPL24	Large ribosomal subunit protein eL24	1.03032e+06	2.21402e+06	795169	3.05094e+06
P83876	P83876	TXN4A_HUMAN	TXNL4A	Thioredoxin-like protein 4A	489973	613293	504813	
P83916	P83916	CBX1_HUMAN	CBX1	Chromobox protein homolog 1	1.85607e+06	1.91546e+06	1.99468e+06	1.07992e+06
P84077	P61204;P84077	ARF1_HUMAN	ARF1	ADP-ribosylation factor 1	2.87412e+07	4.18766e+07	2.29943e+07	1.62028e+07
P84085	P84085	ARF5_HUMAN	ARF5	ADP-ribosylation factor 5	4.44146e+06	5.01263e+06	2.30655e+06	2.13683e+06
P84090	P84090	ERH_HUMAN	ERH	Enhancer of rudimentary homolog	1.15477e+06	2.0662e+06	2.5687e+06	1.27352e+06
P84095	P84095	RHOG_HUMAN	RHOG	Rho-related GTP-binding protein RhoG	5.94342e+06	6.52703e+06	4.42467e+06	3.33953e+06
P84098	P84098	RL19_HUMAN	RPL19	Large ribosomal subunit protein eL19	2.76886e+06	4.65068e+06	1.71269e+06	1.1848e+07
P84101	P84101	SERF2_HUMAN	SERF2	Small EDRK-rich factor 2	1.08998e+06	1.03686e+06	1.07447e+06	1.62138e+06
P84103	P84103	SRSF3_HUMAN	SRSF3	Serine/arginine-rich splicing factor 3	5.00168e+06	4.0122e+06	6.62992e+06	2.3304e+06
P84157	P84157	MXRA7_HUMAN	MXRA7	Matrix-remodeling-associated protein 7	792102	1.36364e+06	1.29004e+06	
P84243	P68431;P84243;Q16695;Q71DI3	H33_HUMAN	H3-3A	Histone H3.3	5.47104e+06	5.80913e+06	1.04695e+07	4.20294e+06
P85037	P85037	FOXK1_HUMAN	FOXK1	Forkhead box protein K1	2.50566e+06	1.23111e+06	913610	895959
P86791	P86791	CCZ1_HUMAN	CCZ1	Vacuolar fusion protein CCZ1 homolog	492290	314756	320752	
P98082	P98082	DAB2_HUMAN	DAB2	Disabled homolog 2	1.45042e+06	1.18067e+06	1.22094e+06	1.50098e+06
P98088	P98088	MUC5A_HUMAN	MUC5AC	Mucin-5AC		3.59096e+06	824547	986463
P98095	P98095	FBLN2_HUMAN	FBLN2	Fibulin-2	3.81381e+06	969445	613145	
P98160	P98160	PGBM_HUMAN	HSPG2	Basement membrane-specific heparan sulfate proteoglycan core protein	3.57938e+06	2.66904e+06	3.35033e+06	1.41246e+06
P98170	P98170	XIAP_HUMAN	XIAP	E3 ubiquitin-protein ligase XIAP	405231	391521	308782	309613
P98171	P98171	RHG04_HUMAN	ARHGAP4	Rho GTPase-activating protein 4	24956	39084.6	119951	295422
P98172	P98172	EFNB1_HUMAN	EFNB1	Ephrin-B1	443431	460300	649735	867910
P98173	P98173	FAM3A_HUMAN	FAM3A	Protein FAM3A	333409	559997	455308	764688
P98175	P98175	RBM10_HUMAN	RBM10	RNA-binding protein 10	1.25676e+06	810806	1.42593e+06	694657
P98179	P98179	RBM3_HUMAN	RBM3	RNA-binding protein 3	4.79823e+06	4.20231e+06	4.52276e+06	5.9732e+06
P98194	P98194	AT2C1_HUMAN	ATP2C1	Calcium-transporting ATPase type 2C member 1	340586		626792	564351
P98196	P98196	AT11A_HUMAN	ATP11A	Phospholipid-transporting ATPase IH	318003	138258	354939	
P99999	P99999	CYC_HUMAN	CYCS	Cytochrome c	2.91413e+07	4.82122e+07	3.10483e+07	3.9879e+07
Q00013	Q00013	EM55_HUMAN	MPP1	55 kDa erythrocyte membrane protein	1.1883e+06	1.06547e+06	931424	497325
Q00059	Q00059	TFAM_HUMAN	TFAM	Transcription factor A, mitochondrial	878021	1.49513e+06	1.08227e+06	790786
Q00169	Q00169	PIPNA_HUMAN	PITPNA	Phosphatidylinositol transfer protein alpha isoform	2.05795e+06	2.47092e+06	1.83899e+06	1.22972e+06
Q00266	Q00266	METK1_HUMAN	MAT1A	S-adenosylmethionine synthase isoform type-1		249389		
Q00325	Q00325	S25A3_HUMAN	SLC25A3	Solute carrier family 25 member 3	6.54752e+06	2.69954e+06	3.57096e+07	2.64562e+07
Q00341	Q00341	VIGLN_HUMAN	HDLBP	Vigilin	5.00804e+06	5.57392e+06	5.24183e+06	4.53033e+06
Q00403	Q00403	TF2B_HUMAN	GTF2B	Transcription initiation factor IIB	671435	690329	297326	921339
Q00534	Q00534	CDK6_HUMAN	CDK6	Cyclin-dependent kinase 6	549401	565192	507932	
Q00535	Q00535	CDK5_HUMAN	CDK5	Cyclin-dependent kinase 5	3.44791e+06	2.06078e+06	1.75848e+06	2.51258e+06
Q00577	Q00577	PURA_HUMAN	PURA	Transcriptional activator protein Pur-alpha	2.59755e+06	3.38226e+06	3.25575e+06	2.43615e+06
Q00610	P53675;Q00610	CLH1_HUMAN	CLTC	Clathrin heavy chain 1	3.07638e+06	909489	6.21729e+06	5.6086e+06
Q00613	Q00613;Q03933;Q9ULV5	HSF1_HUMAN	HSF1	Heat shock factor protein 1	220230	88725.3	140958	
Q00653	Q00653	NFKB2_HUMAN	NFKB2	Nuclear factor NF-kappa-B p100 subunit	1.60556e+06	1.15534e+06	1.48211e+06	
Q00688	Q00688	FKBP3_HUMAN	FKBP3	Peptidyl-prolyl cis-trans isomerase FKBP3	5.33607e+06	7.99886e+06	7.19569e+06	4.7783e+06
Q00722	Q00722	PLCB2_HUMAN	PLCB2	1-phosphatidylinositol 4,5-bisphosphate phosphodiesterase beta-2	1.41338e+06	1.4835e+06	2.54317e+06	
Q00765	Q00765	REEP5_HUMAN	REEP5	Receptor expression-enhancing protein 5	2.81794e+06	3.66063e+06	4.35424e+06	5.00571e+06
Q00796	Q00796	DHSO_HUMAN	SORD	Sorbitol dehydrogenase	6.21488e+06	7.4543e+06	5.10854e+06	6.50094e+06
Q00839	Q00839	HNRPU_HUMAN	HNRNPU	Heterogeneous nuclear ribonucleoprotein U	4.42952e+07	3.00029e+07	2.89617e+07	2.68272e+07
Q00978	Q00978	IRF9_HUMAN	IRF9	Interferon regulatory factor 9	425038	512591		474573
Q01081	Q01081	U2AF1_HUMAN	U2AF1	Splicing factor U2AF 35 kDa subunit	7.7443e+06	4.43897e+06	5.67502e+06	2.28486e+06
Q01082	Q01082	SPTB2_HUMAN	SPTBN1	Spectrin beta chain, non-erythrocytic 1	5.03524e+06	1.94472e+06	1.17255e+07	5.98009e+06
Q01085	P31483;Q01085	TIAR_HUMAN	TIAL1	Nucleolysin TIAR	6.2026e+06	5.49426e+06	4.90229e+06	4.5827e+06
Q01105	Q01105	SET_HUMAN	SET	Protein SET	2.30111e+07	2.59188e+07	1.72023e+07	1.42707e+07
Q01130	Q01130	SRSF2_HUMAN	SRSF2	Serine/arginine-rich splicing factor 2	8.4905e+06	7.80711e+06	1.23637e+07	5.78941e+06
Q01167	Q01167	FOXK2_HUMAN	FOXK2	Forkhead box protein K2	297329	257559		278467
Q01415	Q01415	GALK2_HUMAN	GALK2	N-acetylgalactosamine kinase	1.03141e+06	1.08768e+06	438050	1.11116e+06
Q01432	Q01432	AMPD3_HUMAN	AMPD3	AMP deaminase 3	830082	597481	1.36136e+06	317423
Q01433	Q01433	AMPD2_HUMAN	AMPD2	AMP deaminase 2	2.10427e+06	1.78669e+06	1.8456e+06	1.35295e+06
Q01459	Q01459	DIAC_HUMAN	CTBS	Di-N-acetylchitobiase	576432	1.22027e+06	946873	396330
Q01469	Q01469	FABP5_HUMAN	FABP5	Fatty acid-binding protein 5	3.26838e+07	3.27311e+07	4.17456e+07	3.93059e+07
Q01484	Q01484	ANK2_HUMAN	ANK2	Ankyrin-2	64760.2	199961	306614	
Q01518	Q01518	CAP1_HUMAN	CAP1	Adenylyl cyclase-associated protein 1	2.88282e+07	2.627e+07	3.53841e+07	2.22846e+07
Q01523	Q01523	DEF5_HUMAN	DEFA5	Defensin alpha 5		139095	1.63997e+06	7.45466e+06
Q01524	Q01524	DEF6_HUMAN	DEFA6	Defensin-6		988422	751821	2.36938e+06
Q01546	Q01546	K22O_HUMAN	KRT76	Keratin, type II cytoskeletal 2 oral				1.15028e+06
Q01581	Q01581	HMCS1_HUMAN	HMGCS1	Hydroxymethylglutaryl-CoA synthase, cytoplasmic	1.91219e+06	864009	1.61237e+06	949533
Q01628	P13164;Q01628;Q01629	IFM3_HUMAN	IFITM3	Interferon-induced transmembrane protein 3	6.5414e+06	5.1198e+06	1.96973e+06	799510
Q01650	Q01650	LAT1_HUMAN	SLC7A5	Large neutral amino acids transporter small subunit 1	2.66036e+06	1.33918e+06	621046	
Q01658	Q01658	NC2B_HUMAN	DR1	Protein Dr1	2.60809e+06	3.60632e+06	766364	1.68188e+06
Q01780	Q01780	EXOSX_HUMAN	EXOSC10	Exosome component 10	212153	29744.3	206975	
Q01804	Q01804	OTUD4_HUMAN	OTUD4	OTU domain-containing protein 4	232962	184644	255380	212386
Q01813	Q01813	PFKAP_HUMAN	PFKP	ATP-dependent 6-phosphofructokinase, platelet type	4.08802e+06	3.35449e+06	3.18272e+06	3.22491e+06
Q01831	Q01831	XPC_HUMAN	XPC	DNA repair protein complementing XP-C cells	104480		126724	
Q01844	Q01844	EWS_HUMAN	EWSR1	RNA-binding protein EWS	1.15402e+07	1.17415e+07	1.1688e+07	1.1231e+07
Q01955	Q01955	CO4A3_HUMAN	COL4A3	Collagen alpha-3(IV) chain	2.6204e+06	2.28348e+06		252762
Q01968	Q01968	OCRL_HUMAN	OCRL	Inositol polyphosphate 5-phosphatase OCRL	291977	170800	266708	
Q01970	Q01970	PLCB3_HUMAN	PLCB3	1-phosphatidylinositol 4,5-bisphosphate phosphodiesterase beta-3	2.12335e+06	1.01383e+06	900482	721990
Q01974	Q01973;Q01974	ROR2_HUMAN	ROR2	Tyrosine-protein kinase transmembrane receptor ROR2	155427	86467.1	144229	
Q01995	Q01995	TAGL_HUMAN	TAGLN	Transgelin	6.1243e+07	6.93347e+07	3.97429e+07	2.47817e+07
Q02040	Q02040	AK17A_HUMAN	AKAP17A	A-kinase anchor protein 17A	3.25887e+07	1.7567e+07	5.80982e+06	1.94357e+07
Q02083	Q02083	NAAA_HUMAN	NAAA	N-acylethanolamine-hydrolyzing acid amidase	828872	1.80685e+06	1.25779e+06	575188
Q02086	Q02086	SP2_HUMAN	SP2	Transcription factor Sp2	91706.6			
Q02094	Q02094	RHAG_HUMAN	RHAG	Ammonium transporter Rh type A	390563	188360	221949	
Q02108	Q02108	GCYA1_HUMAN	GUCY1A1	Guanylate cyclase soluble subunit alpha-1	196100	142709	165233	
Q02127	Q02127	PYRD_HUMAN	DHODH	Dihydroorotate dehydrogenase (quinone), mitochondrial	1.33475e+06	1.29257e+06	955144	472657
Q02153	Q02153	GCYB1_HUMAN	GUCY1B1	Guanylate cyclase soluble subunit beta-1	490212	249243	251782	
Q02218	Q02218	ODO1_HUMAN	OGDH	2-oxoglutarate dehydrogenase complex component E1	2.73692e+06	2.27018e+06	6.22702e+06	4.04331e+06
Q02252	Q02252	MMSA_HUMAN	ALDH6A1	Methylmalonate-semialdehyde dehydrogenase [acylating], mitochondrial	1.23145e+06	4.16399e+06	2.24505e+06	5.98925e+06
Q02318	Q02318	CP27A_HUMAN	CYP27A1	Sterol 26-hydroxylase, mitochondrial	406520	137222	443572	242201
Q02338	Q02338	BDH_HUMAN	BDH1	D-beta-hydroxybutyrate dehydrogenase, mitochondrial	1.38569e+06	2.75756e+06	2.03517e+06	6.14895e+06
Q02388	Q02388	CO7A1_HUMAN	COL7A1	Collagen alpha-1(VII) chain	232855	61565.4	266978	
Q02413	Q02413	DSG1_HUMAN	DSG1	Desmoglein-1	1.09486e+06	1.70945e+06	1.99318e+06	6.82522e+06
Q02447	Q02447	SP3_HUMAN	SP3	Transcription factor Sp3	51373.6	72679.9		
Q02487	Q02487	DSC2_HUMAN	DSC2	Desmocollin-2	546908	1.61819e+06	2.30548e+06	1.4923e+06
Q02543	Q02543	RL18A_HUMAN	RPL18A	Large ribosomal subunit protein eL20	5.57096e+06	3.11265e+06	7.05091e+06	3.98756e+06
Q02556	Q02556	IRF8_HUMAN	IRF8	Interferon regulatory factor 8	167292	54002	153021	
Q02750	Q02750	MP2K1_HUMAN	MAP2K1	Dual specificity mitogen-activated protein kinase kinase 1	2.19608e+07	2.01801e+07	2.64344e+07	2.16659e+07
Q02790	Q02790	FKBP4_HUMAN	FKBP4	Peptidyl-prolyl cis-trans isomerase FKBP4	5.72472e+06	5.98569e+06	4.53529e+06	3.59779e+06
Q02809	Q02809	PLOD1_HUMAN	PLOD1	Procollagen-lysine,2-oxoglutarate 5-dioxygenase 1	3.18152e+06	1.789e+06	1.9361e+06	979529
Q02817	Q02817	MUC2_HUMAN	MUC2	Mucin-2	406762	3.59807e+07	2.97129e+07	3.68402e+07
Q02818	Q02818	NUCB1_HUMAN	NUCB1	Nucleobindin-1	3.87228e+06	7.42652e+06	544768	5.14015e+06
Q02878	Q02878	RL6_HUMAN	RPL6	Large ribosomal subunit protein eL6	1.23936e+07	8.18304e+06	1.39696e+07	1.27914e+07
Q02880	Q02880	TOP2B_HUMAN	TOP2B	DNA topoisomerase 2-beta	817448	262266	974357	
Q02952	Q02952	AKA12_HUMAN	AKAP12	A-kinase anchor protein 12	1.19245e+06	1.07603e+06	899406	1.21483e+06
Q02978	Q02978	M2OM_HUMAN	SLC25A11	Mitochondrial 2-oxoglutarate/malate carrier protein	664518	288047	3.68076e+06	3.5834e+06
Q03001	Q03001	DYST_HUMAN	DST	Dystonin			167007	
Q03111	Q03111	ENL_HUMAN	MLLT1	Protein ENL	310624	120618	293879	
Q03135	Q03135	CAV1_HUMAN	CAV1	Caveolin-1	1.00191e+07	1.05255e+07	1.07779e+07	6.80583e+06
Q03154	Q03154	ACY1_HUMAN	ACY1	Aminoacylase-1	1.8982e+06	4.02972e+06	1.71614e+06	1.54729e+06
Q03169	Q03169	TNAP2_HUMAN	TNFAIP2	Tumor necrosis factor alpha-induced protein 2	387982	334020	431756	
Q03252	Q03252	LMNB2_HUMAN	LMNB2	Lamin-B2	1.98316e+06	2.00014e+06	4.92467e+06	2.17109e+06
Q03393	Q03393	PTPS_HUMAN	PTS	6-pyruvoyl tetrahydrobiopterin synthase	86193.5	55245.4		
Q03405	Q03405	UPAR_HUMAN	PLAUR	Urokinase plasminogen activator surface receptor	359634	212786	355595	
Q03426	Q03426	KIME_HUMAN	MVK	Mevalonate kinase	405214	237455	276235	
Q03518	Q03518	TAP1_HUMAN	TAP1	Antigen peptide transporter 1	1.97086e+06	661526	3.54425e+06	1.97347e+06
Q03519	Q03519	TAP2_HUMAN	TAP2	Antigen peptide transporter 2	1.46213e+06	667002	1.41823e+06	2.36107e+06
Q03591	P36980;Q03591	FHR1_HUMAN	CFHR1	Complement factor H-related protein 1	1.1908e+06	1.18449e+06	1.62241e+06	710427
Q03692	Q03692	COAA1_HUMAN	COL10A1	Collagen alpha-1(X) chain	271467	573072	1.13439e+06	
Q04206	Q04206	TF65_HUMAN	RELA	Transcription factor p65	1.70142e+06	1.19643e+06	1.23382e+06	1.42989e+06
Q04323	Q04323	UBXN1_HUMAN	UBXN1	UBX domain-containing protein 1	2.31039e+06	2.56241e+06	1.37819e+06	2.31543e+06
Q04446	Q04446	GLGB_HUMAN	GBE1	1,4-alpha-glucan-branching enzyme	3.97188e+06	6.2009e+06	7.89757e+06	2.47877e+06
Q04637	Q04637	IF4G1_HUMAN	EIF4G1	Eukaryotic translation initiation factor 4 gamma 1	1.07593e+07	5.99256e+06	6.67712e+06	9.27179e+06
Q04695	Q04695	K1C17_HUMAN	KRT17	Keratin, type I cytoskeletal 17	667088	1.66829e+06	2.10315e+06	3.95533e+06
Q04721	Q04721	NOTC2_HUMAN	NOTCH2	Neurogenic locus notch homolog protein 2	87678.5	76854		
Q04726	Q04724;Q04725;Q04726;Q04727	TLE3_HUMAN	TLE3	Transducin-like enhancer protein 3	604802	354651	786074	915910
Q04756	Q04756	HGFA_HUMAN	HGFAC	Hepatocyte growth factor activator	321649	336996	259167	
Q04760	Q04760	LGUL_HUMAN	GLO1	Lactoylglutathione lyase	1.43723e+07	1.69717e+07	8.48018e+06	5.34131e+06
Q04837	Q04837	SSBP_HUMAN	SSBP1	Single-stranded DNA-binding protein, mitochondrial	1.24488e+07	1.88313e+07	9.26859e+06	1.14324e+07
Q04864	Q04864	REL_HUMAN	REL	Proto-oncogene c-Rel	2.75989e+06	1.92794e+06	2.91595e+06	1.70939e+06
Q04912	Q04912	RON_HUMAN	MST1R	Macrophage-stimulating protein receptor	193461	217640	316217	
Q04917	Q04917	1433F_HUMAN	YWHAH	14-3-3 protein eta	1.10741e+07	7.24373e+06	9.60484e+06	5.89882e+06
Q04941	Q04941	PLP2_HUMAN	PLP2	Proteolipid protein 2	5.53317e+06	3.94326e+06	3.44465e+06	1.02026e+07
Q05048	Q05048	CSTF1_HUMAN	CSTF1	Cleavage stimulation factor subunit 1	1.51411e+06	1.2649e+06	1.09386e+06	439214
Q05084	Q05084	ICA69_HUMAN	ICA1	Islet cell autoantigen 1	128015	167944	176433	
Q05086	Q05086	UBE3A_HUMAN	UBE3A	Ubiquitin-protein ligase E3A	314631	265971	392229	734266
Q05193	Q05193	DYN1_HUMAN	DNM1	Dynamin-1	525166	121097	635716	
Q05209	Q05209	PTN12_HUMAN	PTPN12	Tyrosine-protein phosphatase non-receptor type 12	901295	446111	426413	477677
Q05315	Q05315	LEG10_HUMAN	CLC	Galectin-10	1.24718e+08	2.98823e+08	2.25722e+08	8.49633e+07
Q05397	Q05397	FAK1_HUMAN	PTK2	Focal adhesion kinase 1	723607	656864	825970	916292
Q05519	Q05519	SRS11_HUMAN	SRSF11	Serine/arginine-rich splicing factor 11	537305	582101	280239	511983
Q05639	Q05639	EF1A2_HUMAN	EEF1A2	Elongation factor 1-alpha 2	1.4025e+06	7.44257e+06	5.37169e+06	430169
Q05655	Q05655	KPCD_HUMAN	PRKCD	Protein kinase C delta type	1.75326e+06	2.20333e+06	2.49806e+06	963284
Q05682	Q05682	CALD1_HUMAN	CALD1	Caldesmon	4.08133e+07	2.45252e+07	1.24615e+07	1.47539e+07
Q05707	Q05707	COEA1_HUMAN	COL14A1	Collagen alpha-1(XIV) chain	4.2453e+06	6.2509e+06	1.13462e+07	2.96583e+06
Q05823	Q05823	RN5A_HUMAN	RNASEL	2-5A-dependent ribonuclease	99813.7	82327.5	64226.6	
Q05932	Q05932	FOLC_HUMAN	FPGS	Folylpolyglutamate synthase, mitochondrial	122496		115743	
Q05BV3	Q05BV3;Q6ZMW3	EMAL5_HUMAN	EML5	Echinoderm microtubule-associated protein-like 5	4.05109e+06			6.41352e+06
Q06033	Q06033	ITIH3_HUMAN	ITIH3	Inter-alpha-trypsin inhibitor heavy chain H3	1.40321e+06	1.70848e+06	1.38883e+06	1.82509e+06
Q06124	Q06124	PTN11_HUMAN	PTPN11	Tyrosine-protein phosphatase non-receptor type 11	2.66108e+06	2.36957e+06	2.51717e+06	1.69645e+06
Q06136	Q06136	KDSR_HUMAN	KDSR	3-ketodihydrosphingosine reductase	565037	261582	458633	591511
Q06141	Q06141	REG3A_HUMAN	REG3A	Regenerating islet-derived protein 3-alpha		3.04859e+06	2.59493e+06	246186
Q06187	Q06187	BTK_HUMAN	BTK	Tyrosine-protein kinase BTK	115777	205606	278139	
Q06203	Q06203	PUR1_HUMAN	PPAT	Amidophosphoribosyltransferase	2.41357e+06	2.02864e+06	1.20333e+06	1.3649e+06
Q06210	Q06210	GFPT1_HUMAN	GFPT1	Glutamine--fructose-6-phosphate aminotransferase [isomerizing] 1	9.22209e+06	8.40158e+06	7.96951e+06	7.8285e+06
Q06265	Q06265	EXOS9_HUMAN	EXOSC9	Exosome complex component RRP45	544767	276518	279461	
Q06278	Q06278	AOXA_HUMAN	AOX1	Aldehyde oxidase	247548	214434	391765	
Q06323	Q06323	PSME1_HUMAN	PSME1	Proteasome activator complex subunit 1	3.31681e+07	7.39937e+07	4.29689e+07	2.48871e+07
Q06330	Q06330;Q9UBG7	SUH_HUMAN	RBPJ	Recombining binding protein suppressor of hairless	553911	431226	454015	
Q06481	Q06481	APLP2_HUMAN	APLP2	Amyloid beta precursor like protein 2	256354	230934	229847	120418
Q06546	Q06546	GABPA_HUMAN	GABPA	GA-binding protein alpha chain	614136	676924	243648	
Q06547	Q06547	GABP1_HUMAN	GABPB1	GA-binding protein subunit beta-1		34082		
Q06587	Q06587	RING1_HUMAN	RING1	E3 ubiquitin-protein ligase RING1	97376			
Q06787	Q06787	FMR1_HUMAN	FMR1	Fragile X messenger ribonucleoprotein 1	310236	130933	245428	
Q06828	Q06828	FMOD_HUMAN	FMOD	Fibromodulin	2.05417e+06	1.55488e+06	1.98853e+06	2.2505e+06
Q06830	Q06830	PRDX1_HUMAN	PRDX1	Peroxiredoxin-1	1.73027e+08	2.77583e+08	2.05594e+08	1.4581e+08
Q07002	Q00537;Q07002	CDK18_HUMAN	CDK18	Cyclin-dependent kinase 18	152986		95874.3	
Q07020	Q07020	RL18_HUMAN	RPL18	Large ribosomal subunit protein eL18	1.13012e+07	6.73316e+06	1.18257e+07	1.18828e+07
Q07021	Q07021	C1QBP_HUMAN	C1QBP	Complement component 1 Q subcomponent-binding protein, mitochondrial	1.00251e+07	1.05992e+07	5.16572e+06	8.7466e+06
Q07065	Q07065	CKAP4_HUMAN	CKAP4	Cytoskeleton-associated protein 4	1.9794e+07	2.04214e+07	4.5737e+07	3.15948e+07
Q07075	Q07075	AMPE_HUMAN	ENPEP	Glutamyl aminopeptidase	333307	175910	52073.8	
Q07108	Q07108	CD69_HUMAN	CD69	Early activation antigen CD69	23122.2	50938.3	42008.6	
Q07157	Q07157	ZO1_HUMAN	TJP1	Tight junction protein ZO-1	913652	594376	880794	304514
Q07507	Q07507	DERM_HUMAN	DPT	Dermatopontin	77597.1	123271	139389	
Q07617	Q07617	SPAG1_HUMAN	SPAG1	Sperm-associated antigen 1	523325	760524	220214	
Q07654	Q07654	TFF3_HUMAN	TFF3	Trefoil factor 3		371725		2.31795e+06
Q07666	Q07666	KHDR1_HUMAN	KHDRBS1	KH domain-containing, RNA-binding, signal transduction-associated protein 1	7.03873e+06	5.34395e+06	4.75539e+06	7.5558e+06
Q07812	Q07812	BAX_HUMAN	BAX	Apoptosis regulator BAX	3.9688e+06	8.30523e+06	5.46103e+06	5.79356e+06
Q07817	Q07817	B2CL1_HUMAN	BCL2L1	Bcl-2-like protein 1	1.45395e+06	1.57767e+06	405827	432492
Q07820	Q07820	MCL1_HUMAN	MCL1	Induced myeloid leukemia cell differentiation protein Mcl-1	145125	233138	538956	
Q07866	Q07866	KLC1_HUMAN	KLC1	Kinesin light chain 1	2.26686e+06	1.36739e+06	1.35904e+06	2.03892e+06
Q07954	Q07954	LRP1_HUMAN	LRP1	Prolow-density lipoprotein receptor-related protein 1	4.60363e+06	3.66948e+06	3.82559e+06	3.01058e+06
Q07955	Q07955	SRSF1_HUMAN	SRSF1	Serine/arginine-rich splicing factor 1	4.67675e+06	3.10438e+06	9.57881e+06	3.45069e+06
Q07960	Q07960	RHG01_HUMAN	ARHGAP1	Rho GTPase-activating protein 1	8.16991e+06	6.37897e+06	7.2103e+06	6.24013e+06
Q08043	Q08043	ACTN3_HUMAN	ACTN3	Alpha-actinin-3			157030	
Q08170	Q08170	SRSF4_HUMAN	SRSF4	Serine/arginine-rich splicing factor 4	301152	353543	613599	
Q08174	Q08174	PCDH1_HUMAN	PCDH1	Protocadherin-1	875902	1.47454e+06		1.42703e+06
Q08188	Q08188	TGM3_HUMAN	TGM3	Protein-glutamine gamma-glutamyltransferase E	772571	1.37983e+06	1.99714e+06	5.54375e+06
Q08209	P16298;P48454;Q08209	PP2BA_HUMAN	PPP3CA	Protein phosphatase 3 catalytic subunit alpha	2.96239e+06	3.34736e+06	3.00513e+06	1.74018e+06
Q08211	Q08211	DHX9_HUMAN	DHX9	ATP-dependent RNA helicase A	4.69746e+06	2.35835e+06	6.35075e+06	2.50522e+06
Q08257	Q08257	QOR_HUMAN	CRYZ	Quinone oxidoreductase	4.9662e+06	1.07609e+07	7.19906e+06	5.89702e+06
Q08345	Q08345	DDR1_HUMAN	DDR1	Epithelial discoidin domain-containing receptor 1	432388	370851	622935	886583
Q08378	Q08378	GOGA3_HUMAN	GOLGA3	Golgin subfamily A member 3	1.07687e+06	1.23366e+06	2.42696e+06	8.45993e+06
Q08379	Q08379	GOGA2_HUMAN	GOLGA2	Golgin subfamily A member 2	611470	207716	1.65624e+06	1.82975e+06
Q08380	Q08380	LG3BP_HUMAN	LGALS3BP	Galectin-3-binding protein	9.07895e+06	1.02716e+07	8.22033e+06	9.49733e+06
Q08426	Q08426	ECHP_HUMAN	EHHADH	Peroxisomal bifunctional enzyme	285101	570867	705215	881216
Q08431	Q08431	MFGM_HUMAN	MFGE8	Lactadherin	1.19064e+06	961555	466905	158074
Q08477	Q08477	CP4F3_HUMAN	CYP4F3	Cytochrome P450 4F3	409272	166499	1.37456e+06	280518
Q08495	Q08495	DEMA_HUMAN	DMTN	Dematin	1.05713e+06	1.38336e+06	825428	866348
Q08554	Q08554	DSC1_HUMAN	DSC1	Desmocollin-1	725002	1.11342e+06	1.33279e+06	4.08264e+06
Q08623	Q08623	HDHD1_HUMAN	PUDP	Pseudouridine-5'-phosphatase	1.18943e+06	1.14055e+06	779894	383900
Q08722	Q08722	CD47_HUMAN	CD47	Leukocyte surface antigen CD47	7.76662e+06	7.27349e+06	6.8118e+06	5.5498e+06
Q08752	Q08752	PPID_HUMAN	PPID	Peptidyl-prolyl cis-trans isomerase D	1.06556e+06	839198	617486	
Q08945	Q08945	SSRP1_HUMAN	SSRP1	FACT complex subunit SSRP1	683480	382960	580665	524747
Q08AD1	Q08AD1	CAMP2_HUMAN	CAMSAP2	Calmodulin-regulated spectrin-associated protein 2	60179.3	9091.68	38599.7	
Q08AE8	Q08AE8	SPIR1_HUMAN	SPIRE1	Protein spire homolog 1	98113.9			
Q08AF3	Q08AF3	SLFN5_HUMAN	SLFN5	Schlafen family member 5	638804	449979	713640	338678
Q08AM6	Q08AM6	VAC14_HUMAN	VAC14	Protein VAC14 homolog	515302	313218	435086	505474
Q08J23	Q08J23	NSUN2_HUMAN	NSUN2	RNA cytosine C(5)-methyltransferase NSUN2	2.19915e+06	1.30468e+06	1.76001e+06	1.86115e+06
Q09028	Q09028	RBBP4_HUMAN	RBBP4	Histone-binding protein RBBP4	3.25233e+06	3.08973e+06	2.89272e+06	2.53668e+06
Q09161	Q09161	NCBP1_HUMAN	NCBP1	Nuclear cap-binding protein subunit 1	2.18263e+06	1.01321e+06	1.24342e+06	265207
Q09328	Q09328	MGT5A_HUMAN	MGAT5	Alpha-1,6-mannosylglycoprotein 6-beta-N-acetylglucosaminyltransferase A	335504	197554	181448	
Q09472	Q09472	EP300_HUMAN	EP300	Histone acetyltransferase p300	172518		197457	
Q09666	Q09666	AHNK_HUMAN	AHNAK	Neuroblast differentiation-associated protein AHNAK	2.97688e+07	1.86807e+07	3.34603e+07	2.58255e+07
Q0IIM8	Q0IIM8	TBC8B_HUMAN	TBC1D8B	TBC1 domain family member 8B	148025	97376.7	123552	6.78112e+06
Q0JRZ9	Q0JRZ9	FCHO2_HUMAN	FCHO2	F-BAR domain only protein 2	567899	326766	722602	446061
Q0P6H9	Q0P6H9	TMM62_HUMAN	TMEM62	Transmembrane protein 62			50490.7	
Q0PNE2	Q0PNE2	ELP6_HUMAN	ELP6	Elongator complex protein 6	124328		141819	
Q0VD83	Q0VD83	APOBR_HUMAN	APOBR	Apolipoprotein B receptor	1.75792e+06	3.61296e+06	3.18517e+06	8.98401e+06
Q0VDF9	Q0VDF9	HSP7E_HUMAN	HSPA14	Heat shock 70 kDa protein 14	1.23436e+06	760525	450086	446498
Q0VDG4	Q0VDG4	SCRN3_HUMAN	SCRN3	Secernin-3	1.78002e+06	1.66295e+06	1.60338e+06	
Q0VGL1	Q0VGL1	LTOR4_HUMAN	LAMTOR4	Ragulator complex protein LAMTOR4	1.72866e+06	2.26471e+06	2.21463e+06	2.83685e+06
Q0ZGT2	Q0ZGT2	NEXN_HUMAN	NEXN	Nexilin	681200	574544	649904	255833
Q10469	Q10469	MGAT2_HUMAN	MGAT2	Alpha-1,6-mannosyl-glycoprotein 2-beta-N-acetylglucosaminyltransferase	452075	745796	890056	665585
Q10471	Q10471	GALT2_HUMAN	GALNT2	Polypeptide N-acetylgalactosaminyltransferase 2	1.88397e+06	2.21196e+06	2.28593e+06	1.79645e+06
Q10472	Q10472	GALT1_HUMAN	GALNT1	Polypeptide N-acetylgalactosaminyltransferase 1	467628	642260	1.33241e+06	961852
Q10567	Q10567	AP1B1_HUMAN	AP1B1	AP-1 complex subunit beta-1	1.42474e+06	1.02442e+06	2.67313e+06	1.96454e+06
Q10570	Q10570	CPSF1_HUMAN	CPSF1	Cleavage and polyadenylation specificity factor subunit 1	660748	341866	741388	778046
Q10588	Q10588	BST1_HUMAN	BST1	ADP-ribosyl cyclase/cyclic ADP-ribose hydrolase 2	1.6877e+06	1.28939e+06	2.34768e+06	207991
Q10589	Q10589	BST2_HUMAN	BST2	Bone marrow stromal antigen 2	815660	2.24535e+06	1.21389e+06	911999
Q10713	Q10713	MPPA_HUMAN	PMPCA	Mitochondrial-processing peptidase subunit alpha	1.32406e+06	1.19996e+06	1.65882e+06	2.01683e+06
Q11206	Q11206	SIA4C_HUMAN	ST3GAL4	CMP-N-acetylneuraminate-beta-galactosamide-alpha-2,3-sialyltransferase 4	180595	849623	975683	1.15384e+06
Q12765	Q12765	SCRN1_HUMAN	SCRN1	Secernin-1	1.93244e+06	1.73616e+06	1.30784e+06	1.21227e+06
Q12768	Q12768	WASC5_HUMAN	WASHC5	WASH complex subunit 5	648022	368873	708229	424628
Q12769	Q12769	NU160_HUMAN	NUP160	Nuclear pore complex protein Nup160	41231		108229	
Q12774	Q12774	ARHG5_HUMAN	ARHGEF5	Rho guanine nucleotide exchange factor 5	70764.1	18492.2	152038	
Q12788	Q12788	TBL3_HUMAN	TBL3	Transducin beta-like protein 3	340094	163713	174163	
Q12792	Q12792	TWF1_HUMAN	TWF1	Twinfilin-1	2.97638e+06	2.27009e+06	2.92033e+06	3.23369e+06
Q12797	Q12797	ASPH_HUMAN	ASPH	Aspartyl/asparaginyl beta-hydroxylase	4.51712e+06	2.19843e+06	3.69426e+06	1.94321e+06
Q12802	Q12802	AKP13_HUMAN	AKAP13	A-kinase anchor protein 13	403408	517331	268925	523346
Q12805	Q12805	FBLN3_HUMAN	EFEMP1	EGF-containing fibulin-like extracellular matrix protein 1	9.34041e+06	5.20137e+06	2.60214e+06	2.1477e+06
Q12824	Q12824	SNF5_HUMAN	SMARCB1	SWI/SNF-related matrix-associated actin-dependent regulator of chromatin subfamily B member 1	834703	417335	703718	
Q12841	Q12841	FSTL1_HUMAN	FSTL1	Follistatin-related protein 1	551013	256655	137896	
Q12846	Q12846	STX4_HUMAN	STX4	Syntaxin-4	1.56423e+06	1.81621e+06	1.13525e+06	1.55814e+06
Q12849	Q12849	GRSF1_HUMAN	GRSF1	G-rich sequence factor 1	1.83974e+06	1.09337e+06	1.15153e+06	1.39462e+06
Q12857	Q12857	NFIA_HUMAN	NFIA	Nuclear factor 1 A-type	1.28624e+07	1.3951e+07	5.53359e+06	1.19977e+07
Q12864	Q12864	CAD17_HUMAN	CDH17	Cadherin-17	1.10645e+07	1.46934e+07	1.36401e+07	2.22461e+07
Q12866	Q12866	MERTK_HUMAN	MERTK	Tyrosine-protein kinase Mer	571206	594748	1.05901e+06	707509
Q12874	Q12874	SF3A3_HUMAN	SF3A3	Splicing factor 3A subunit 3	1.76648e+06	1.48156e+06	879221	1.2763e+06
Q12882	Q12882	DPYD_HUMAN	DPYD	Dihydropyrimidine dehydrogenase [NADP(+)]	1.2472e+06	1.24035e+06	2.07405e+06	454721
Q12884	Q12884	SEPR_HUMAN	FAP	Prolyl endopeptidase FAP	4.56046e+07	1.44392e+07	1.62647e+07	
Q12888	Q12888	TP53B_HUMAN	TP53BP1	TP53-binding protein 1	109617		228023	401399
Q12894	Q12894	IFRD2_HUMAN	IFRD2	Interferon-related developmental regulator 2	130761	41766.3		
Q12899	Q12899	TRI26_HUMAN	TRIM26	Tripartite motif-containing protein 26	500581	382536	506180	
Q12904	Q12904	AIMP1_HUMAN	AIMP1	Aminoacyl tRNA synthase complex-interacting multifunctional protein 1	2.8758e+06	1.83387e+06	2.50825e+06	3.33635e+06
Q12905	Q12905	ILF2_HUMAN	ILF2	Interleukin enhancer-binding factor 2	1.02134e+07	8.84079e+06	1.05816e+07	3.1006e+06
Q12906	Q12906;Q96SI9	ILF3_HUMAN	ILF3	Interleukin enhancer-binding factor 3	7.65135e+06	3.32453e+06	1.00026e+07	5.33166e+06
Q12907	Q12907	LMAN2_HUMAN	LMAN2	Vesicular integral-membrane protein VIP36	1.03051e+07	1.88245e+07	1.65403e+07	7.76023e+06
Q12913	Q12913	PTPRJ_HUMAN	PTPRJ	Receptor-type tyrosine-protein phosphatase eta	1.45596e+06	1.23842e+06	2.63136e+06	2.22858e+06
Q12929	Q12929	EPS8_HUMAN	EPS8	Epidermal growth factor receptor kinase substrate 8	1.02423e+06	589914	497554	
Q12931	Q12931	TRAP1_HUMAN	TRAP1	Heat shock protein 75 kDa, mitochondrial	3.70472e+07	1.17912e+07	2.86287e+07	2.46716e+07
Q12933	Q12933	TRAF2_HUMAN	TRAF2	TNF receptor-associated factor 2	657157		483533	
Q12955	Q12955	ANK3_HUMAN	ANK3	Ankyrin-3	526373	480332	664351	789997
Q12959	Q12959	DLG1_HUMAN	DLG1	Disks large homolog 1	1.81926e+06	1.51388e+06	1.79849e+06	1.84201e+06
Q12962	Q12962	TAF10_HUMAN	TAF10	Transcription initiation factor TFIID subunit 10	117012	222043		
Q12965	Q12965	MYO1E_HUMAN	MYO1E	Unconventional myosin-Ie	1.97747e+06	1.38865e+06	2.30575e+06	1.96513e+06
Q12972	Q12972	PP1R8_HUMAN	PPP1R8	Nuclear inhibitor of protein phosphatase 1	1.98533e+06	2.21928e+06	621768	2.06102e+06
Q12974	Q12974	TP4A2_HUMAN	PTP4A2	Protein tyrosine phosphatase type IVA 2	458269	360937	534882	478265
Q12979	Q12979	ABR_HUMAN	ABR	Active breakpoint cluster region-related protein	1.27571e+06	773801	979409	864172
Q12982	Q12982	BNIP2_HUMAN	BNIP2	BCL2/adenovirus E1B 19 kDa protein-interacting protein 2	132064	133794	250491	
Q12996	Q12996	CSTF3_HUMAN	CSTF3	Cleavage stimulation factor subunit 3	2.08917e+06	1.36304e+06	2.00525e+06	827314
Q12999	P35240;Q12999	TSN31_HUMAN	TSPAN31	Tetraspanin-31	114953	127123	119750	
Q13011	Q13011	ECH1_HUMAN	ECH1	Delta(3,5)-Delta(2,4)-dienoyl-CoA isomerase, mitochondrial	1.10743e+07	2.02821e+07	1.62579e+07	1.9271e+07
Q13033	Q13033	STRN3_HUMAN	STRN3	Striatin-3	576447	373319	845647	631155
Q13042	Q13042	CDC16_HUMAN	CDC16	Cell division cycle protein 16 homolog	147765		49235.2	
Q13043	Q13043;Q13188	STK4_HUMAN	STK4	Serine/threonine-protein kinase 4	977673	1.17517e+06	867891	564292
Q13045	Q13045	FLII_HUMAN	FLII	Protein flightless-1 homolog	7.13716e+06	4.37009e+06	8.84692e+06	5.49896e+06
Q13049	Q13049	TRI32_HUMAN	TRIM32	E3 ubiquitin-protein ligase TRIM32	61016.6			
Q13057	Q13057	COASY_HUMAN	COASY	Bifunctional coenzyme A synthase	3.90112e+06	3.28866e+06	2.81282e+06	1.70925e+06
Q13084	Q13084	RM28_HUMAN	MRPL28	Large ribosomal subunit protein bL28m	275936		656184	
Q13085	Q13085	ACACA_HUMAN	ACACA	Acetyl-CoA carboxylase 1	792881	202276	1.06902e+06	
Q13094	Q13094	LCP2_HUMAN	LCP2	Lymphocyte cytosolic protein 2	1.42088e+06	1.27474e+06	1.48874e+06	1.33739e+06
Q13098	Q13098	CSN1_HUMAN	GPS1	COP9 signalosome complex subunit 1	1.5893e+06	1.39802e+06	1.13368e+06	833679
Q13107	Q13107	UBP4_HUMAN	USP4	Ubiquitin carboxyl-terminal hydrolase 4	446000	262883	568171	
Q13113	Q13113	PDZ1I_HUMAN	PDZK1IP1	PDZK1-interacting protein 1	403965	251356		
Q13123	Q13123	RED_HUMAN	IK	Protein Red	231985	112128	387315	
Q13126	Q13126	MTAP_HUMAN	MTAP	S-methyl-5'-thioadenosine phosphorylase	7.09535e+06	6.85573e+06	4.30179e+06	3.4303e+06
Q13131	Q13131	AAPK1_HUMAN	PRKAA1	5'-AMP-activated protein kinase catalytic subunit alpha-1	1.11982e+06	878618	1.6847e+06	1.73479e+06
Q13136	Q13136	LIPA1_HUMAN	PPFIA1	Liprin-alpha-1	224234	148874	335831	
Q13137	Q13137	CACO2_HUMAN	CALCOCO2	Calcium-binding and coiled-coil domain-containing protein 2	212803	90614.2	177208	
Q13144	Q13144	EI2BE_HUMAN	EIF2B5	Translation initiation factor eIF-2B subunit epsilon	1.28965e+06	1.00135e+06	1.21241e+06	
Q13148	Q13148	TADBP_HUMAN	TARDBP	TAR DNA-binding protein 43	4.97488e+06	4.08254e+06	2.76886e+06	4.06825e+06
Q13151	Q13151	ROA0_HUMAN	HNRNPA0	Heterogeneous nuclear ribonucleoprotein A0	5.66508e+06	6.55141e+06	2.24616e+06	5.49702e+06
Q13153	Q13153	PAK1_HUMAN	PAK1	Serine/threonine-protein kinase PAK 1	1.6069e+06	1.2102e+06	1.53441e+06	1.95511e+06
Q13155	Q13155	AIMP2_HUMAN	AIMP2	Aminoacyl tRNA synthase complex-interacting multifunctional protein 2	1.44715e+06	795602	736525	1.96725e+06
Q13158	Q13158	FADD_HUMAN	FADD	FAS-associated death domain protein	440966	396891	168026	
Q13162	Q13162	PRDX4_HUMAN	PRDX4	Peroxiredoxin-4	1.1286e+07	3.24905e+07	1.79022e+07	1.10639e+07
Q13177	Q13177	PAK2_HUMAN	PAK2	Serine/threonine-protein kinase PAK 2	2.60556e+06	1.95029e+06	1.91833e+06	2.64601e+06
Q13185	Q13185	CBX3_HUMAN	CBX3	Chromobox protein homolog 3	3.39301e+06	2.51107e+06	2.77428e+06	1.57455e+06
Q13188	Q13188	STK3_HUMAN	STK3	Serine/threonine-protein kinase 3	187492	131509	285323	
Q13190	Q13190	STX5_HUMAN	STX5	Syntaxin-5	459590	462943	1.36969e+06	472227
Q13200	Q13200	PSMD2_HUMAN	PSMD2	26S proteasome non-ATPase regulatory subunit 2	2.75484e+06	1.68168e+06	1.94093e+06	1.39814e+06
Q13201	Q13201	MMRN1_HUMAN	MMRN1	Multimerin-1	254873	428455	160079	
Q13217	Q13217	DNJC3_HUMAN	DNAJC3	DnaJ homolog subfamily C member 3	3.21005e+06	4.42136e+06	3.51061e+06	2.74366e+06
Q13219	Q13219	PAPP1_HUMAN	PAPPA	Pappalysin-1	71151.7	268009	220891	
Q13228	Q13228	SBP1_HUMAN	SELENBP1	Methanethiol oxidase	1.35112e+07	3.56807e+07	2.23488e+07	3.62936e+07
Q13231	Q13231	CHIT1_HUMAN	CHIT1	Chitotriosidase-1	1.4468e+06	601619	3.45907e+06	
Q13232	Q13232	NDK3_HUMAN	NME3	Nucleoside diphosphate kinase 3	2.07442e+06	3.78107e+06	3.81115e+06	1.79781e+06
Q13242	Q13242	SRSF9_HUMAN	SRSF9	Serine/arginine-rich splicing factor 9	792258	458247	1.40853e+06	531048
Q13243	Q13243	SRSF5_HUMAN	SRSF5	Serine/arginine-rich splicing factor 5	484018	485772	582168	
Q13247	Q08170;Q13247	SRSF6_HUMAN	SRSF6	Serine/arginine-rich splicing factor 6	3.79801e+06	2.92083e+06	6.79286e+06	2.21193e+06
Q13257	Q13257	MD2L1_HUMAN	MAD2L1	Mitotic spindle assembly checkpoint protein MAD2A	2.09747e+06	884250	553669	
Q13263	Q13263	TIF1B_HUMAN	TRIM28	Transcription intermediary factor 1-beta	3.37394e+06	1.01508e+06	1.96184e+06	2.56523e+06
Q13277	Q13277	STX3_HUMAN	STX3	Syntaxin-3	922336	822805	1.01362e+06	754045
Q13283	Q13283	G3BP1_HUMAN	G3BP1	Ras GTPase-activating protein-binding protein 1	4.75323e+06	4.05266e+06	4.83008e+06	2.76391e+06
Q13287	Q13287	NMI_HUMAN	NMI	N-myc-interactor	963679	1.01438e+06	1.12908e+06	405049
Q13303	Q13303	KCAB2_HUMAN	KCNAB2	Voltage-gated potassium channel subunit beta-2	1.69096e+06	2.81891e+06	3.328e+06	
Q13308	Q13308	PTK7_HUMAN	PTK7	Inactive tyrosine-protein kinase 7	3.31437e+06	2.06925e+06	1.90576e+06	1.67554e+06
Q13310	Q13310	PABP4_HUMAN	PABPC4	Polyadenylate-binding protein 4	2.73988e+06	3.05723e+06	2.74748e+06	2.1334e+06
Q13315	Q13315	ATM_HUMAN	ATM	Serine-protein kinase ATM	50434.7	41286.2	95040.1	
Q13325	Q13325	IFIT5_HUMAN	IFIT5	Interferon-induced protein with tetratricopeptide repeats 5	429169	371076	334374	414125
Q13330	Q13330	MTA1_HUMAN	MTA1	Metastasis-associated protein MTA1	325460	192156	339938	
Q13347	Q13347	EIF3I_HUMAN	EIF3I	Eukaryotic translation initiation factor 3 subunit I	3.60242e+06	2.19866e+06	3.6046e+06	3.06822e+06
Q13356	Q13356	PPIL2_HUMAN	PPIL2	RING-type E3 ubiquitin-protein ligase PPIL2	89238.4		142952	
Q13361	Q13361	MFAP5_HUMAN	MFAP5	Microfibrillar-associated protein 5			257804	
Q13362	Q13362	2A5G_HUMAN	PPP2R5C	Serine/threonine-protein phosphatase 2A 56 kDa regulatory subunit gamma isoform	348033	316861	238047	
Q13363	P56545;Q13363	CTBP1_HUMAN	CTBP1	C-terminal-binding protein 1	3.7312e+06	4.74765e+06	1.08698e+06	2.92676e+06
Q13371	Q13371	PHLP_HUMAN	PDCL	Phosducin-like protein	447136	353323	237196	
Q13393	Q13393	PLD1_HUMAN	PLD1	Phospholipase D1	165831	149817	449162	
Q13395	Q13395	TARB1_HUMAN	TARBP1	Probable methyltransferase TARBP1	174455		1.80579e+06	
Q13404	Q13404	UB2V1_HUMAN	UBE2V1	Ubiquitin-conjugating enzyme E2 variant 1	1.16015e+07	1.38814e+07	8.69303e+06	8.39784e+06
Q13405	Q13405	RM49_HUMAN	MRPL49	Large ribosomal subunit protein mL49	1.13896e+06	617598	2.31371e+06	1.31914e+06
Q13409	Q13409	DC1I2_HUMAN	DYNC1I2	Cytoplasmic dynein 1 intermediate chain 2	2.23022e+06	1.84046e+06	2.06313e+06	2.53696e+06
Q13416	Q13416	ORC2_HUMAN	ORC2	Origin recognition complex subunit 2	284908	117373	168017	
Q13418	Q13418	ILK_HUMAN	ILK	Integrin-linked protein kinase	4.63048e+06	2.5577e+06	4.11732e+06	4.29667e+06
Q13423	Q13423	NNTM_HUMAN	NNT	NAD(P) transhydrogenase, mitochondrial	415093		2.43883e+06	5.61239e+06
Q13425	Q13425	SNTB2_HUMAN	SNTB2	Beta-2-syntrophin	2.22866e+06	1.3677e+06	2.85574e+06	1.48781e+06
Q13426	Q13426	XRCC4_HUMAN	XRCC4	DNA repair protein XRCC4	639977	442337	376913	
Q13428	Q13428	TCOF_HUMAN	TCOF1	Treacle protein	4.24887e+06	2.6725e+06	2.58111e+06	3.12949e+06
Q13435	Q13435	SF3B2_HUMAN	SF3B2	Splicing factor 3B subunit 2	2.01765e+06	1.54466e+06	1.31676e+06	1.17408e+06
Q13438	Q13438	OS9_HUMAN	OS9	Protein OS-9	359784	297826	488755	351431
Q13439	Q13439	GOGA4_HUMAN	GOLGA4	Golgin subfamily A member 4	260053	210814	545187	
Q13442	Q13442	HAP28_HUMAN	PDAP1	28 kDa heat- and acid-stable phosphoprotein	6.41341e+06	4.72928e+06	2.11791e+06	4.35746e+06
Q13443	Q13443	ADAM9_HUMAN	ADAM9	Disintegrin and metalloproteinase domain-containing protein 9	1.27795e+06	816977	777026	1.00241e+06
Q13444	Q13444	ADA15_HUMAN	ADAM15	Disintegrin and metalloproteinase domain-containing protein 15	406223	292541	231044	
Q13445	Q13445	TMED1_HUMAN	TMED1	Transmembrane emp24 domain-containing protein 1	553163	961871	477290	479162
Q13449	Q13449	LSAMP_HUMAN	LSAMP	Limbic system-associated membrane protein	849341	699989	434049	
Q13451	Q13451	FKBP5_HUMAN	FKBP5	Peptidyl-prolyl cis-trans isomerase FKBP5	1.84139e+06	1.81707e+06	1.12977e+06	624295
Q13459	Q13459	MYO9B_HUMAN	MYO9B	Unconventional myosin-IXb	269790	194241	187377	307522
Q13464	Q13464	ROCK1_HUMAN	ROCK1	Rho-associated protein kinase 1	858659	523989	1.7474e+06	1.20297e+06
Q13477	Q13477	MADCA_HUMAN	MADCAM1	Mucosal addressin cell adhesion molecule 1		434743	258447	
Q13485	Q13485	SMAD4_HUMAN	SMAD4	Mothers against decapentaplegic homolog 4	243603	152794	166216	
Q13488	Q13488	VPP3_HUMAN	TCIRG1	V-type proton ATPase 116 kDa subunit a 3	809962	629273	819307	
Q13492	Q13492	PICAL_HUMAN	PICALM	Phosphatidylinositol-binding clathrin assembly protein	2.17644e+06	1.20835e+06	2.8675e+06	1.55953e+06
Q13496	Q13496	MTM1_HUMAN	MTM1	Myotubularin	529704	592917	669465	
Q13501	Q13501	SQSTM_HUMAN	SQSTM1	Sequestosome-1	1.38709e+06	739409	1.25088e+06	
Q13505	Q13505	MTX1_HUMAN	MTX1	Metaxin-1	450937	499513	217105	710289
Q13509	Q13509	TBB3_HUMAN	TUBB3	Tubulin beta-3 chain	388247	214622	177174	
Q13510	Q13510	ASAH1_HUMAN	ASAH1	Acid ceramidase	8.26879e+06	1.7854e+07	1.33797e+07	1.07643e+07
Q13523	Q13523	PRP4B_HUMAN	PRPF4B	Serine/threonine-protein kinase PRP4 homolog	344659	352861	805614	
Q13526	Q13526	PIN1_HUMAN	PIN1	Peptidyl-prolyl cis-trans isomerase NIMA-interacting 1	2.8688e+06	3.72564e+06	2.66447e+06	2.75717e+06
Q13530	Q13530	SERC3_HUMAN	SERINC3	Serine incorporator 3	452393	126897	126569	
Q13546	Q13546	RIPK1_HUMAN	RIPK1	Receptor-interacting serine/threonine-protein kinase 1	370003	346223	641294	184002
Q13547	Q13547	HDAC1_HUMAN	HDAC1	Histone deacetylase 1	1.17552e+07	6.25237e+06	1.21426e+07	9.0349e+06
Q13555	Q13554;Q13555	KCC2G_HUMAN	CAMK2G	Calcium/calmodulin-dependent protein kinase type II subunit gamma	271661	346334	880011	
Q13557	Q13557	KCC2D_HUMAN	CAMK2D	Calcium/calmodulin-dependent protein kinase type II subunit delta	1.02625e+06	865145	3.05398e+06	3.2833e+06
Q13561	Q13561	DCTN2_HUMAN	DCTN2	Dynactin subunit 2	4.58088e+06	5.00066e+06	1.70516e+06	4.76755e+06
Q13564	Q13564	ULA1_HUMAN	NAE1	NEDD8-activating enzyme E1 regulatory subunit	4.85397e+06	3.13473e+06	1.96527e+06	1.60881e+06
Q13568	Q13568	IRF5_HUMAN	IRF5	Interferon regulatory factor 5	117514	127690	142626	
Q13572	Q13572	ITPK1_HUMAN	ITPK1	Inositol-tetrakisphosphate 1-kinase	458123	227771	64890.3	
Q13573	Q13573	SNW1_HUMAN	SNW1	SNW domain-containing protein 1	266210	239367	347195	
Q13576	Q13576	IQGA2_HUMAN	IQGAP2	Ras GTPase-activating-like protein IQGAP2	1.34785e+06	1.68178e+06	2.92742e+06	3.19423e+06
Q13586	Q13586	STIM1_HUMAN	STIM1	Stromal interaction molecule 1	1.14213e+06	794568	769052	2.29099e+06
Q13595	Q13595	TRA2A_HUMAN	TRA2A	Transformer-2 protein homolog alpha	459702	263491	1.26064e+06	
Q13596	Q13596	SNX1_HUMAN	SNX1	Sorting nexin-1	2.51316e+06	2.52589e+06	1.75726e+06	1.58557e+06
Q13610	Q13610	PWP1_HUMAN	PWP1	Periodic tryptophan protein 1 homolog	178562	98132.7	124317	
Q13613	Q13613	MTMR1_HUMAN	MTMR1	Myotubularin-related protein 1	226005		150648	
Q13616	Q13616	CUL1_HUMAN	CUL1	Cullin-1	1.25011e+06	615885	1.05516e+06	370086
Q13617	Q13617	CUL2_HUMAN	CUL2	Cullin-2	495099	330024	532418	283257
Q13618	Q13618	CUL3_HUMAN	CUL3	Cullin-3	3.01741e+06	1.87756e+06	3.5742e+06	1.08229e+06
Q13619	Q13619	CUL4A_HUMAN	CUL4A	Cullin-4A	811375	330064	432215	402102
Q13620	Q13620	CUL4B_HUMAN	CUL4B	Cullin-4B	1.13803e+06	545950	996901	442912
Q13630	Q13630	FCL_HUMAN	GFUS	GDP-L-fucose synthase	4.52417e+06	9.63923e+06	6.36301e+06	7.38537e+06
Q13636	Q13636	RAB31_HUMAN	RAB31	Ras-related protein Rab-31	1.4388e+06	787577	1.37033e+06	
Q13637	Q13637	RAB32_HUMAN	RAB32	Ras-related protein Rab-32	2.60217e+06	3.13814e+06	2.40778e+06	1.59501e+06
Q13641	Q13641	TPBG_HUMAN	TPBG	Trophoblast glycoprotein	1.06914e+06	892185	824308	1.43119e+06
Q13642	Q13642	FHL1_HUMAN	FHL1	Four and a half LIM domains protein 1	5.18053e+06	7.25687e+06	1.18588e+07	3.68957e+06
Q13643	Q13643	FHL3_HUMAN	FHL3	Four and a half LIM domains protein 3	2.70482e+06	1.10778e+06	746134	734461
Q13670	Q13670	PM2PB_HUMAN	PMS2P11	Putative postmeiotic segregation increased 2-like protein 11	139418	87595.6	63013.1	
Q13671	Q13671	RIN1_HUMAN	RIN1	Ras and Rab interactor 1	120889	51648.3	56009.2	
Q13683	Q13683	ITA7_HUMAN	ITGA7	Integrin alpha-7	293190	634244	844180	1.12824e+06
Q13685	Q13685	AAMP_HUMAN	AAMP	Angio-associated migratory cell protein	1.54293e+06	1.49216e+06	1.05466e+06	1.70005e+06
Q13724	Q13724	MOGS_HUMAN	MOGS	Mannosyl-oligosaccharide glucosidase	1.18112e+07	1.73472e+07	2.10949e+07	1.32616e+07
Q13740	Q13740	CD166_HUMAN	ALCAM	CD166 antigen	2.51509e+06	1.37243e+06	1.6024e+06	1.71064e+06
Q13751	Q13751	LAMB3_HUMAN	LAMB3	Laminin subunit beta-3	1.45051e+06	1.13806e+06	1.04899e+06	
Q13753	Q13753	LAMC2_HUMAN	LAMC2	Laminin subunit gamma-2	144106	95536.5	111122	
Q13795	Q13795	ARFRP_HUMAN	ARFRP1	ADP-ribosylation factor-related protein 1	557235	580066	474488	307307
Q13796	Q13796	SHRM2_HUMAN	SHROOM2	Protein Shroom2	77236.4	52818.1		
Q13797	Q13797	ITA9_HUMAN	ITGA9	Integrin alpha-9	165605	302377	297085	
Q13813	Q13813	SPTN1_HUMAN	SPTAN1	Spectrin alpha chain, non-erythrocytic 1	4.38632e+06	2.22734e+06	9.01795e+06	4.19898e+06
Q13823	Q13823	NOG2_HUMAN	GNL2	Nucleolar GTP-binding protein 2	151813	197855		
Q13825	Q13825	AUHM_HUMAN	AUH	Methylglutaconyl-CoA hydratase, mitochondrial	1.84085e+06	3.18683e+06	2.01198e+06	3.60205e+06
Q13835	Q13835	PKP1_HUMAN	PKP1	Plakophilin-1	252224	539797	511653	1.62093e+06
Q13838	O00148;Q13838	DX39B_HUMAN	DDX39B	Spliceosome RNA helicase DDX39B	2.98417e+07	3.04036e+07	2.37535e+07	1.23185e+07
Q13867	Q13867	BLMH_HUMAN	BLMH	Bleomycin hydrolase	4.7285e+06	8.14922e+06	8.56716e+06	1.15365e+07
Q13868	Q13868	EXOS2_HUMAN	EXOSC2	Exosome complex component RRP4	1.11824e+06	799804	847367	551302
Q13882	Q13882	PTK6_HUMAN	PTK6	Protein-tyrosine kinase 6	232083	301336	383678	
Q13884	Q13884	SNTB1_HUMAN	SNTB1	Beta-1-syntrophin	1.32997e+06	812128	832266	1.23177e+06
Q13885	Q13885;Q9BVA1	TBB2A_HUMAN	TUBB2A	Tubulin beta-2A chain	1.90471e+06	1.47844e+06	2.00923e+06	2.67672e+06
Q13895	Q13895	BYST_HUMAN	BYSL	Bystin	1.10003e+07	6.30781e+06	5.719e+06	2.36833e+06
Q13901	Q13901	C1D_HUMAN	C1D	Nuclear nucleic acid-binding protein C1D	923663	650163	277258	
Q13907	Q13907	IDI1_HUMAN	IDI1	Isopentenyl-diphosphate Delta-isomerase 1	1.88426e+06	1.24652e+06	1.26779e+06	633886
Q13938	Q13938	CAYP1_HUMAN	CAPS	Calcyphosin		546155	456055	1.0794e+06
Q13948	Q13948	CASP_HUMAN	CUX1	Protein CASP	183855	473590	441822	254212
Q13951	Q13951	PEBB_HUMAN	CBFB	Core-binding factor subunit beta	2.7502e+06	1.94045e+06	2.09199e+06	979987
Q13952	Q13952	NFYC_HUMAN	NFYC	Nuclear transcription factor Y subunit gamma	419750	726155	385392	663455
Q13976	Q13976	KGP1_HUMAN	PRKG1	cGMP-dependent protein kinase 1	683760	383640	986430	497588
Q14002	Q14002	CEAM7_HUMAN	CEACAM7	Carcinoembryonic antigen-related cell adhesion molecule 7	481927	3.87715e+06	4.53409e+06	4.71704e+06
Q14005	Q14005	IL16_HUMAN	IL16	Pro-interleukin-16	1.42499e+06	2.6609e+06	2.00457e+06	2.24238e+06
Q14008	Q14008	CKAP5_HUMAN	CKAP5	Cytoskeleton-associated protein 5	1.89979e+06	940913	2.17071e+06	1.18483e+06
Q14011	Q14011	CIRBP_HUMAN	CIRBP	Cold-inducible RNA-binding protein	2.622e+06	4.14182e+06	3.27977e+06	6.05658e+06
Q14012	Q14012	KCC1A_HUMAN	CAMK1	Calcium/calmodulin-dependent protein kinase type 1	60545.3	105720		
Q14019	Q14019	COTL1_HUMAN	COTL1	Coactosin-like protein	1.58489e+07	1.85115e+07	2.36903e+07	1.57371e+07
Q14061	Q14061	COX17_HUMAN	COX17	Cytochrome c oxidase copper chaperone		194291	117902	
Q14103	Q14103	HNRPD_HUMAN	HNRNPD	Heterogeneous nuclear ribonucleoprotein D0	3.70164e+07	3.78045e+07	2.91179e+07	1.74248e+07
Q14108	Q14108	SCRB2_HUMAN	SCARB2	Lysosome membrane protein 2	5.6935e+06	1.0158e+07	7.13637e+06	4.06677e+06
Q14112	Q14112	NID2_HUMAN	NID2	Nidogen-2	4.58557e+06	3.70576e+06	3.14107e+06	3.2559e+06
Q14116	Q14116	IL18_HUMAN	IL18	Interleukin-18	4.02805e+06	4.99012e+06	4.00465e+06	4.0406e+06
Q14118	Q14118	DAG1_HUMAN	DAG1	Dystroglycan 1	1.92203e+06	2.57345e+06	2.5307e+06	2.53991e+06
Q14126	Q14126	DSG2_HUMAN	DSG2	Desmoglein-2	1.82157e+06	2.20089e+06	2.36867e+06	3.25499e+06
Q14134	Q14134	TRI29_HUMAN	TRIM29	Tripartite motif-containing protein 29	1.41609e+06	872533	585458	
Q14137	Q14137	BOP1_HUMAN	BOP1	Ribosome biogenesis protein BOP1	447403	196085	98522.6	
Q14139	Q14139	UBE4A_HUMAN	UBE4A	Ubiquitin conjugation factor E4 A	415299	192728	393340	487629
Q14141	Q14141	SEPT6_HUMAN	SEPTIN6	Septin-6	1.16597e+06	1.67708e+06	1.80371e+06	1.22411e+06
Q14142	Q14142	TRI14_HUMAN	TRIM14	Tripartite motif-containing protein 14	186135	95293.3	190640	
Q14145	Q14145	KEAP1_HUMAN	KEAP1	Kelch-like ECH-associated protein 1	169230	137318	189130	
Q14149	Q14149	MORC3_HUMAN	MORC3	MORC family CW-type zinc finger protein 3	693958	444386	811599	854786
Q14151	Q14151	SAFB2_HUMAN	SAFB2	Scaffold attachment factor B2	424087	518575	1.02117e+06	
Q14152	Q14152	EIF3A_HUMAN	EIF3A	Eukaryotic translation initiation factor 3 subunit A	4.38893e+06	2.47429e+06	6.2204e+06	4.94115e+06
Q14155	Q14155;Q15052	ARHG7_HUMAN	ARHGEF7	Rho guanine nucleotide exchange factor 7	495770	239934	726963	251987
Q14157	Q14157	UBP2L_HUMAN	UBAP2L	Ubiquitin-associated protein 2-like	1.64512e+06	1.2492e+06	455387	1.16141e+06
Q14160	Q14160	SCRIB_HUMAN	SCRIB	Protein scribble homolog	2.26494e+06	2.29867e+06	2.00094e+06	2.65466e+06
Q14161	Q14161	GIT2_HUMAN	GIT2	ARF GTPase-activating protein GIT2	257163	211034	292334	
Q14165	Q14165	MLEC_HUMAN	MLEC	Malectin	9.18899e+06	1.25729e+07	1.1444e+07	1.07106e+07
Q14166	Q14166	TTL12_HUMAN	TTLL12	Tubulin--tyrosine ligase-like protein 12	5.75338e+06	4.05833e+06	1.79418e+06	1.91736e+06
Q14181	Q14181	DPOA2_HUMAN	POLA2	DNA polymerase alpha subunit B	222991	120482		
Q14185	Q14185	DOCK1_HUMAN	DOCK1	Dedicator of cytokinesis protein 1	594397	320804	376035	
Q14192	Q14192	FHL2_HUMAN	FHL2	Four and a half LIM domains protein 2	8.90043e+06	2.76222e+06	2.57327e+06	2.24277e+06
Q14194	Q14194	DPYL1_HUMAN	CRMP1	Dihydropyrimidinase-related protein 1	1.17413e+06	1.7114e+06	620615	926567
Q14195	O14531;Q14195	DPYL3_HUMAN	DPYSL3	Dihydropyrimidinase-related protein 3	1.58737e+07	1.04037e+07	3.40268e+06	5.77495e+06
Q14197	Q14197	ICT1_HUMAN	MRPL58	Large ribosomal subunit protein mL62	1.30696e+06	535144	1.91161e+06	2.21069e+06
Q14203	Q14203	DCTN1_HUMAN	DCTN1	Dynactin subunit 1	1.43479e+06	892377	2.64811e+06	2.16112e+06
Q14204	Q14204	DYHC1_HUMAN	DYNC1H1	Cytoplasmic dynein 1 heavy chain 1	5.2253e+06	2.55182e+06	7.61263e+06	7.38924e+06
Q14210	Q14210	LY6D_HUMAN	LY6D	Lymphocyte antigen 6D		527473	501324	438756
Q14232	Q14232	EI2BA_HUMAN	EIF2B1	Translation initiation factor eIF-2B subunit alpha	1.25851e+06	1.63247e+06	1.18877e+06	476633
Q14240	Q14240	IF4A2_HUMAN	EIF4A2	Eukaryotic initiation factor 4A-II	3.0462e+06	4.41439e+06	3.20506e+06	2.24456e+06
Q14241	Q14241	ELOA1_HUMAN	ELOA	Elongin-A	140676			
Q14242	Q14242	SELPL_HUMAN	SELPLG	P-selectin glycoprotein ligand 1		605523		384997
Q14244	Q14244	MAP7_HUMAN	MAP7	Ensconsin	653755	587947	696976	771654
Q14247	Q14247	SRC8_HUMAN	CTTN	Src substrate cortactin	8.75329e+06	5.78072e+06	2.66362e+06	7.57784e+06
Q14249	Q14249	NUCG_HUMAN	ENDOG	Endonuclease G, mitochondrial	342152	490163	644385	680972
Q14254	Q14254	FLOT2_HUMAN	FLOT2	Flotillin-2	1.34998e+06	2.25445e+06	951209	2.79487e+06
Q14257	Q14257	RCN2_HUMAN	RCN2	Reticulocalbin-2	160093	516364		1.2665e+06
Q14258	Q14258	TRI25_HUMAN	TRIM25	E3 ubiquitin/ISG15 ligase TRIM25	2.41262e+06	1.54454e+06	2.59036e+06	1.07857e+06
Q14289	Q14289	FAK2_HUMAN	PTK2B	Protein-tyrosine kinase 2-beta	62985.3	51824.4	166432	
Q14314	Q14314	FGL2_HUMAN	FGL2	Fibroleukin	3.44038e+06	6.63535e+06	6.24258e+06	2.04117e+06
Q14315	Q14315	FLNC_HUMAN	FLNC	Filamin-C	8.16201e+06	2.98191e+06	9.6423e+06	2.61061e+06
Q14318	Q14318	FKBP8_HUMAN	FKBP8	Peptidyl-prolyl cis-trans isomerase FKBP8	1.45376e+06	743809	1.42831e+06	899766
Q14320	Q14320;Q9Y247	FA50A_HUMAN	FAM50A	Protein FAM50A	958145	975898	945496	2.6561e+06
Q14331	Q14331	FRG1_HUMAN	FRG1	Protein FRG1	429639	377412	298860	
Q14344	Q14344	GNA13_HUMAN	GNA13	Guanine nucleotide-binding protein subunit alpha-13	1.58135e+07	1.47697e+07	2.51247e+07	2.11589e+07
Q14376	Q14376	GALE_HUMAN	GALE	UDP-glucose 4-epimerase	1.93836e+06	6.0624e+06	1.71456e+06	4.86024e+06
Q14392	Q14392	LRC32_HUMAN	LRRC32	Transforming growth factor beta activator LRRC32	158975	69865		
Q14410	Q14410	GLPK2_HUMAN	GK2	Glycerol kinase 2	79380.4	107006	15452.3	
Q14432	Q14432	PDE3A_HUMAN	PDE3A	cGMP-inhibited 3',5'-cyclic phosphodiesterase 3A				887406
Q14435	Q14435	GALT3_HUMAN	GALNT3	Polypeptide N-acetylgalactosaminyltransferase 3	1.06073e+06	780709	2.50883e+06	1.02791e+06
Q14444	Q14444	CAPR1_HUMAN	CAPRIN1	Caprin-1	1.27183e+07	1.13932e+07	1.05922e+07	7.26395e+06
Q14457	Q14457	BECN1_HUMAN	BECN1	Beclin-1	202558		329901	
Q14498	Q14498	RBM39_HUMAN	RBM39	RNA-binding protein 39	2.46189e+06	1.55875e+06	2.3538e+06	2.50402e+06
Q14508	Q14508	WFDC2_HUMAN	WFDC2	WAP four-disulfide core domain protein 2		397202	321948	3.36494e+06
Q14517	Q14517	FAT1_HUMAN	FAT1	Protocadherin Fat 1	323423	236057	208443	
Q14534	Q14534	ERG1_HUMAN	SQLE	Squalene monooxygenase	307390		268933	
Q14554	Q14554	PDIA5_HUMAN	PDIA5	Protein disulfide-isomerase A5	1.71728e+06	2.75854e+06	2.07663e+06	2.0818e+06
Q14558	Q14558	KPRA_HUMAN	PRPSAP1	Phosphoribosyl pyrophosphate synthase-associated protein 1	1.62654e+06	1.55489e+06	662422	680914
Q14562	Q14562	DHX8_HUMAN	DHX8	ATP-dependent RNA helicase DHX8	1.27196e+06	367374	1.60129e+06	
Q14566	Q14566	MCM6_HUMAN	MCM6	DNA replication licensing factor MCM6	4.60421e+06	1.01246e+06	1.17043e+06	1.15683e+06
Q14571	Q14571	ITPR2_HUMAN	ITPR2	Inositol 1,4,5-trisphosphate receptor type 2	211008	122658	497600	
Q14573	Q14573	ITPR3_HUMAN	ITPR3	Inositol 1,4,5-trisphosphate receptor type 3	504644		549598	2.6849e+06
Q14574	Q14574	DSC3_HUMAN	DSC3	Desmocollin-3	461314	476081	510099	980426
Q14624	Q14624	ITIH4_HUMAN	ITIH4	Inter-alpha-trypsin inhibitor heavy chain H4	8.6054e+06	1.00973e+07	9.01003e+06	8.9552e+06
Q14642	Q14642	I5P1_HUMAN	INPP5A	Inositol polyphosphate-5-phosphatase A	133729	165191	97481.2	
Q14643	Q14571;Q14643	ITPR1_HUMAN	ITPR1	Inositol 1,4,5-trisphosphate receptor type 1	72471.9		432117	
Q14644	Q14644	RASA3_HUMAN	RASA3	Ras GTPase-activating protein 3	136541	112398	159316	
Q14651	Q14651	PLSI_HUMAN	PLS1	Plastin-1	5.97527e+06	4.1583e+06	3.86277e+06	6.63759e+06
Q14653	Q14653	IRF3_HUMAN	IRF3	Interferon regulatory factor 3	824875	648472	421746	
Q14657	Q14657	LAGE3_HUMAN	LAGE3	EKC/KEOPS complex subunit LAGE3	729874	340909		
Q14669	Q14669	TRIPC_HUMAN	TRIP12	E3 ubiquitin-protein ligase TRIP12	263994	87920.2	333433	407095
Q14671	Q14671;Q8TB72	PUM1_HUMAN	PUM1	Pumilio homolog 1	598153	394166	216602	274469
Q14676	Q14676	MDC1_HUMAN	MDC1	Mediator of DNA damage checkpoint protein 1	341522	410947	402712	
Q14677	Q14677	EPN4_HUMAN	CLINT1	Clathrin interactor 1	1.49918e+06	1.50139e+06	1.20771e+06	1.5178e+06
Q14683	Q14683	SMC1A_HUMAN	SMC1A	Structural maintenance of chromosomes protein 1A	865866	324531	1.36412e+06	663664
Q14684	Q14684	RRP1B_HUMAN	RRP1B	Ribosomal RNA processing protein 1 homolog B	1.29751e+06	884783	504922	1.66098e+06
Q14690	Q14690	RRP5_HUMAN	PDCD11	Protein RRP5 homolog	354356	233759	506096	
Q14694	Q14694	UBP10_HUMAN	USP10	Ubiquitin carboxyl-terminal hydrolase 10	921749	558393	813075	804044
Q14696	Q14696	MESD_HUMAN	MESD	LRP chaperone MESD	6.15009e+06	9.77098e+06	5.42322e+06	6.82699e+06
Q14697	Q14697	GANAB_HUMAN	GANAB	Neutral alpha-glucosidase AB	2.82069e+07	4.26024e+07	3.16762e+07	2.09439e+07
Q14699	Q14699	RFTN1_HUMAN	RFTN1	Raftlin	2.08984e+06	1.48354e+06	766883	1.28353e+06
Q14714	Q14714	SSPN_HUMAN	SSPN	Sarcospan	489204	529563	492075	145187
Q14728	Q14728	MFS10_HUMAN	MFSD10	Major facilitator superfamily domain-containing protein 10	592071	262355	916555	343549
Q14738	Q14738	2A5D_HUMAN	PPP2R5D	Serine/threonine-protein phosphatase 2A 56 kDa regulatory subunit delta isoform	696177	544509	451042	896889
Q14739	Q14739	LBR_HUMAN	LBR	Delta(14)-sterol reductase LBR	2.55845e+06	1.05739e+06	5.33629e+06	2.20296e+06
Q14746	Q14746	COG2_HUMAN	COG2	Conserved oligomeric Golgi complex subunit 2	108494	75490.2	221976	121975
Q14761	Q14761	PTCA_HUMAN	PTPRCAP	Protein tyrosine phosphatase receptor type C-associated protein	138687	739253	413351	
Q14764	Q14764	MVP_HUMAN	MVP	Major vault protein	1.77702e+07	1.69237e+07	1.60611e+07	1.66041e+07
Q14766	Q14766	LTBP1_HUMAN	LTBP1	Latent-transforming growth factor beta-binding protein 1	437564	228549	140258	
Q14767	Q14767	LTBP2_HUMAN	LTBP2	Latent-transforming growth factor beta-binding protein 2	2.69258e+06	1.60304e+06	566594	1.03602e+06
Q14789	Q14789	GOGB1_HUMAN	GOLGB1	Golgin subfamily B member 1	227635		1.24347e+06	831346
Q14790	Q14790	CASP8_HUMAN	CASP8	Caspase-8	345828	366932	415993	299460
Q14802	Q14802	FXYD3_HUMAN	FXYD3	FXYD domain-containing ion transport regulator 3	1.06644e+06	2.02467e+06	1.61624e+06	1.57187e+06
Q14807	Q14807	KIF22_HUMAN	KIF22	Kinesin-like protein KIF22	111107	12689.6	195954	
Q14814	Q02078;Q06413;Q14814	MEF2D_HUMAN	MEF2D	Myocyte-specific enhancer factor 2D	448961	464870	324059	
Q14839	Q14839	CHD4_HUMAN	CHD4	Chromodomain-helicase-DNA-binding protein 4	2.65414e+06	947288	2.60068e+06	952295
Q14847	Q14847	LASP1_HUMAN	LASP1	LIM and SH3 domain protein 1	3.45403e+07	3.23266e+07	1.7067e+07	3.10272e+07
Q14894	Q14894	CRYM_HUMAN	CRYM	Ketimine reductase mu-crystallin		1.21342e+06	430724	2.39422e+06
Q14914	Q14914	PTGR1_HUMAN	PTGR1	Prostaglandin reductase 1	1.88991e+06	2.88001e+06	1.99276e+06	1.34274e+06
Q14919	Q14919	NC2A_HUMAN	DRAP1	Dr1-associated corepressor	8.65423e+06	8.00896e+06	5.80833e+06	2.2306e+06
Q14956	Q14956	GPNMB_HUMAN	GPNMB	Transmembrane glycoprotein NMB	6.61935e+06	7.93753e+06	7.05523e+06	4.9154e+06
Q14964	Q14964	RB39A_HUMAN	RAB39A	Ras-related protein Rab-39A	277008	347959	552395	
Q14966	Q14966	ZN638_HUMAN	ZNF638	Zinc finger protein 638	438101		520482	
Q14974	Q14974	IMB1_HUMAN	KPNB1	Importin subunit beta-1	4.97486e+06	4.74654e+06	1.95035e+06	4.73418e+06
Q14978	Q14978	NOLC1_HUMAN	NOLC1	Nucleolar and coiled-body phosphoprotein 1	1.8687e+06	938194	957475	568535
Q14980	Q14980	NUMA1_HUMAN	NUMA1	Nuclear mitotic apparatus protein 1	1.58382e+06	625122	2.70193e+06	1.73443e+06
Q14994	Q14994	NR1I3_HUMAN	NR1I3	Nuclear receptor subfamily 1 group I member 3	42252.8	16920.1	115771	
Q14997	Q14997	PSME4_HUMAN	PSME4	Proteasome activator complex subunit 4	154749	93205.1	168732	
Q14BN4	Q14BN4	SLMAP_HUMAN	SLMAP	Sarcolemmal membrane-associated protein	1.66835e+06	2.37661e+06	5.96482e+06	3.34726e+06
Q14C86	Q14C86	GAPD1_HUMAN	GAPVD1	GTPase-activating protein and VPS9 domain-containing protein 1	581510	396868	391547	714649
Q14CN2	Q14CN2	CLCA4_HUMAN	CLCA4	Calcium-activated chloride channel regulator 4		3.13532e+06	2.87544e+06	1.75182e+06
Q14CX7	Q14CX7	NAA25_HUMAN	NAA25	N-alpha-acetyltransferase 25, NatB auxiliary subunit	575912	302437	225832	
Q15003	Q15003	CND2_HUMAN	NCAPH	Condensin complex subunit 2	167517	94024.7		
Q15005	Q15005	SPCS2_HUMAN	SPCS2	Signal peptidase complex subunit 2	5.4189e+06	1.75018e+07	1.38741e+07	1.19849e+07
Q15006	Q15006	EMC2_HUMAN	EMC2	ER membrane protein complex subunit 2	2.17275e+06	1.37579e+06	2.63094e+06	2.21352e+06
Q15007	Q15007	FL2D_HUMAN	WTAP	Pre-mRNA-splicing regulator WTAP	415647	362558	159282	
Q15008	Q15008	PSMD6_HUMAN	PSMD6	26S proteasome non-ATPase regulatory subunit 6	2.66961e+06	2.40907e+06	1.87705e+06	1.3323e+06
Q15011	Q15011	HERP1_HUMAN	HERPUD1	Homocysteine-responsive endoplasmic reticulum-resident ubiquitin-like domain member 1 protein	113620	444901	266155	428132
Q15014	Q15014	MO4L2_HUMAN	MORF4L2	Mortality factor 4-like protein 2	283270	193806		
Q15018	Q15018	ABRX2_HUMAN	ABRAXAS2	BRISC complex subunit Abraxas 2	994140	1.01328e+06	735526	1.45607e+06
Q15019	Q15019	SEPT2_HUMAN	SEPTIN2	Septin-2	1.15876e+07	8.34005e+06	7.65951e+06	6.5961e+06
Q15020	Q15020	SART3_HUMAN	SART3	Squamous cell carcinoma antigen recognized by T-cells 3	2.29855e+06	1.47334e+06	2.02397e+06	1.55164e+06
Q15021	Q15021	CND1_HUMAN	NCAPD2	Condensin complex subunit 1	329929		220838	
Q15024	Q15024	EXOS7_HUMAN	EXOSC7	Exosome complex component RRP42	930571	645622	679501	
Q15025	Q15025	TNIP1_HUMAN	TNIP1	TNFAIP3-interacting protein 1	167961		78716.2	
Q15027	Q15027	ACAP1_HUMAN	ACAP1	Arf-GAP with coiled-coil, ANK repeat and PH domain-containing protein 1	180304	290117	626812	1.07111e+06
Q15029	Q15029	U5S1_HUMAN	EFTUD2	116 kDa U5 small nuclear ribonucleoprotein component	1.84198e+06	1.29368e+06	2.26002e+06	916916
Q15031	Q15031	SYLM_HUMAN	LARS2	Leucine--tRNA ligase, mitochondrial	1.31053e+06	898202	1.19545e+06	1.51583e+06
Q15032	Q15032	R3HD1_HUMAN	R3HDM1	R3H domain-containing protein 1	268191	265548	213205	
Q15036	Q15036	SNX17_HUMAN	SNX17	Sorting nexin-17	1.26823e+06	1.23389e+06	1.07398e+06	1.03543e+06
Q15041	Q15041	AR6P1_HUMAN	ARL6IP1	ADP-ribosylation factor-like protein 6-interacting protein 1	1.5975e+06	1.20619e+06	1.55919e+06	582928
Q15042	Q15042	RB3GP_HUMAN	RAB3GAP1	Rab3 GTPase-activating protein catalytic subunit	1.31118e+06	1.17733e+06	1.8402e+06	2.4702e+06
Q15043	Q15043	S39AE_HUMAN	SLC39A14	Metal cation symporter ZIP14	324401	289255	615595	278341
Q15046	Q15046	SYK_HUMAN	KARS1	Lysine--tRNA ligase	5.7768e+06	4.07428e+06	3.3898e+06	3.05117e+06
Q15052	Q15052	ARHG6_HUMAN	ARHGEF6	Rho guanine nucleotide exchange factor 6	1.27835e+06	994336	2.77034e+06	
Q15054	Q15054	DPOD3_HUMAN	POLD3	DNA polymerase delta subunit 3	246559		65758.7	401426
Q15056	Q15056	IF4H_HUMAN	EIF4H	Eukaryotic translation initiation factor 4H	1.02288e+07	1.05556e+07	7.6206e+06	1.68289e+07
Q15057	Q15057	ACAP2_HUMAN	ACAP2	Arf-GAP with coiled-coil, ANK repeat and PH domain-containing protein 2	725278	485455	842460	333914
Q15059	Q15059	BRD3_HUMAN	BRD3	Bromodomain-containing protein 3	96881.7	53944.5	72870	
Q15061	Q15061	WDR43_HUMAN	WDR43	WD repeat-containing protein 43	230530	122802	252491	
Q15063	Q15063	POSTN_HUMAN	POSTN	Periostin	7.48324e+06	3.59491e+06	1.28342e+07	2.44913e+06
Q15067	Q15067	ACOX1_HUMAN	ACOX1	Peroxisomal acyl-coenzyme A oxidase 1	1.3529e+06	1.56645e+06	1.92084e+06	1.41125e+06
Q15070	Q15070	OXA1L_HUMAN	OXA1L	Mitochondrial inner membrane protein OXA1L			92413.3	1.91106e+06
Q15075	Q15075	EEA1_HUMAN	EEA1	Early endosome antigen 1	2.79848e+06	2.12457e+06	2.82439e+06	1.8277e+06
Q15080	Q15080	NCF4_HUMAN	NCF4	Neutrophil cytosol factor 4	1.93104e+06	2.58564e+06	4.13076e+06	916854
Q15084	Q15084	PDIA6_HUMAN	PDIA6	Protein disulfide-isomerase A6	3.06616e+07	5.20569e+07	5.32362e+07	5.26208e+07
Q15102	Q15102	PA1B3_HUMAN	PAFAH1B3	Platelet-activating factor acetylhydrolase IB subunit alpha1	7.02559e+06	6.55233e+06	3.83303e+06	4.49678e+06
Q15113	Q15113	PCOC1_HUMAN	PCOLCE	Procollagen C-endopeptidase enhancer 1	2.75798e+06	1.84637e+06	1.25937e+06	
Q15118	Q15118	PDK1_HUMAN	PDK1	[Pyruvate dehydrogenase (acetyl-transferring)] kinase isozyme 1, mitochondrial	272869	720031	656289	1.09575e+06
Q15120	Q15120	PDK3_HUMAN	PDK3	[Pyruvate dehydrogenase (acetyl-transferring)] kinase isozyme 3, mitochondrial	741241	439448	485341	
Q15121	Q15121	PEA15_HUMAN	PEA15	Astrocytic phosphoprotein PEA-15	2.07654e+06	3.36999e+06	789297	1.92902e+06
Q15124	Q15124	PGM5_HUMAN	PGM5	Phosphoglucomutase-like protein 5	1.05051e+06	2.70455e+06	5.18152e+06	2.19311e+06
Q15125	Q15125	EBP_HUMAN	EBP	3-beta-hydroxysteroid-Delta(8),Delta(7)-isomerase	5.59381e+06	2.49935e+06	6.37952e+06	2.60627e+06
Q15126	Q15126	PMVK_HUMAN	PMVK	Phosphomevalonate kinase	1.74376e+06	1.59196e+06	1.66321e+06	1.38692e+06
Q15147	Q15147	PLCB4_HUMAN	PLCB4	1-phosphatidylinositol 4,5-bisphosphate phosphodiesterase beta-4	101405	167952	105488	
Q15149	Q15149	PLEC_HUMAN	PLEC	Plectin	6.89356e+06	4.00313e+06	2.18349e+07	5.31096e+06
Q15155	P69849;Q15155;Q5JPE7	NOMO1_HUMAN	NOMO1	BOS complex subunit NOMO1	4.00163e+06	4.62875e+06	4.51355e+06	2.82558e+06
Q15165	Q15165	PON2_HUMAN	PON2	Serum paraoxonase/arylesterase 2	2.4334e+06	2.14895e+06	1.24664e+06	826749
Q15166	Q15166	PON3_HUMAN	PON3	Serum paraoxonase/lactonase 3	1.13698e+06	1.14132e+06	807571	1.20775e+06
Q15170	Q15170	TCAL1_HUMAN	TCEAL1	Transcription elongation factor A protein-like 1		17235.6		
Q15172	Q15172	2A5A_HUMAN	PPP2R5A	Serine/threonine-protein phosphatase 2A 56 kDa regulatory subunit alpha isoform	709270	683784	738596	614495
Q15173	Q15173	2A5B_HUMAN	PPP2R5B	Serine/threonine-protein phosphatase 2A 56 kDa regulatory subunit beta isoform	182856	163671		
Q15181	Q15181	IPYR_HUMAN	PPA1	Inorganic pyrophosphatase	2.68823e+07	2.118e+07	9.86811e+06	1.1799e+07
Q15185	Q15185	TEBP_HUMAN	PTGES3	Prostaglandin E synthase 3	1.47976e+07	1.13973e+07	1.04535e+07	9.12529e+06
Q15208	Q15208	STK38_HUMAN	STK38	Serine/threonine-protein kinase 38	757394	417974	762987	163772
Q15233	Q15233	NONO_HUMAN	NONO	Non-POU domain-containing octamer-binding protein	5.7677e+06	4.41542e+06	8.34422e+06	3.09561e+06
Q15257	Q15257	PTPA_HUMAN	PTPA	Serine/threonine-protein phosphatase 2A activator	2.45776e+06	2.8153e+06	3.11316e+06	1.97686e+06
Q15262	Q15262	PTPRK_HUMAN	PTPRK	Receptor-type tyrosine-protein phosphatase kappa	942230	883385	879494	686872
Q15269	Q15269	PWP2_HUMAN	PWP2	Periodic tryptophan protein 2 homolog	423350	256080	227727	
Q15274	Q15274	NADC_HUMAN	QPRT	Nicotinate-nucleotide pyrophosphorylase [carboxylating]	4.02614e+06	1.15919e+07	819616	3.93895e+06
Q15276	Q15276	RABE1_HUMAN	RABEP1	Rab GTPase-binding effector protein 1	299415	198340	366679	
Q15283	Q15283	RASA2_HUMAN	RASA2	Ras GTPase-activating protein 2	61818.2	46636.9	45249.3	
Q15286	Q15286	RAB35_HUMAN	RAB35	Ras-related protein Rab-35	4.76742e+06	6.5889e+06	5.98679e+06	5.00995e+06
Q15287	Q15287	RNPS1_HUMAN	RNPS1	RNA-binding protein with serine-rich domain 1	300665		561402	
Q15291	Q15291	RBBP5_HUMAN	RBBP5	Retinoblastoma-binding protein 5	351172	226308	328864	
Q15293	Q15293	RCN1_HUMAN	RCN1	Reticulocalbin-1	1.50064e+07	2.23659e+07	7.35122e+06	8.86089e+06
Q15306	Q15306	IRF4_HUMAN	IRF4	Interferon regulatory factor 4		536769	285376	375779
Q15323	O76011;Q14525;Q15323;O76009	K1H1_HUMAN	KRT31	Keratin, type I cuticular Ha1	816821	441611	182744	285569
Q15334	Q15334	L2GL1_HUMAN	LLGL1	Lethal(2) giant larvae protein homolog 1	136604		148448	
Q15363	Q15363	TMED2_HUMAN	TMED2	Transmembrane emp24 domain-containing protein 2	4.3659e+06	7.43922e+06	7.64121e+06	3.49615e+06
Q15365	Q15365	PCBP1_HUMAN	PCBP1	Poly(rC)-binding protein 1	2.61749e+07	2.78543e+07	2.49426e+07	2.4541e+07
Q15366	Q15366	PCBP2_HUMAN	PCBP2	Poly(rC)-binding protein 2	1.53345e+07	1.80234e+07	7.49142e+06	1.10381e+07
Q15369	Q15369	ELOC_HUMAN	ELOC	Elongin-C	2.5289e+06	2.9971e+06	2.62745e+06	3.09128e+06
Q15370	Q15370	ELOB_HUMAN	ELOB	Elongin-B	4.2794e+06	5.7073e+06	3.19312e+06	2.34932e+06
Q15382	Q15382	RHEB_HUMAN	RHEB	GTP-binding protein Rheb	3.53964e+06	3.11765e+06	1.74953e+06	650537
Q15386	Q15386	UBE3C_HUMAN	UBE3C	Ubiquitin-protein ligase E3C	285090	80575.4	137278	
Q15388	Q15388	TOM20_HUMAN	TOMM20	Mitochondrial import receptor subunit TOM20 homolog	2.67941e+06	2.55344e+06	1.65144e+06	1.55954e+06
Q15392	Q15392	DHC24_HUMAN	DHCR24	Delta(24)-sterol reductase	745716		981760	837850
Q15393	Q15393	SF3B3_HUMAN	SF3B3	Splicing factor 3B subunit 3	5.80832e+06	3.17591e+06	6.43095e+06	2.1633e+06
Q15397	Q15397	PUM3_HUMAN	PUM3	Pumilio homolog 3	234897	100185	116780	
Q15404	Q15404	RSU1_HUMAN	RSU1	Ras suppressor protein 1	6.30332e+06	6.09371e+06	8.16966e+06	5.52836e+06
Q15417	Q15417	CNN3_HUMAN	CNN3	Calponin-3	7.87697e+06	5.34683e+06	1.69275e+06	4.74033e+06
Q15418	Q15418	KS6A1_HUMAN	RPS6KA1	Ribosomal protein S6 kinase alpha-1	1.01398e+06	846000	1.03555e+06	1.03068e+06
Q15424	Q14151;Q15424	SAFB1_HUMAN	SAFB	Scaffold attachment factor B1	1.8127e+06	1.01452e+06	2.76399e+06	792336
Q15427	Q15427	SF3B4_HUMAN	SF3B4	Splicing factor 3B subunit 4	1.65518e+06	1.09744e+06	1.89914e+06	465175
Q15428	Q15428	SF3A2_HUMAN	SF3A2	Splicing factor 3A subunit 2	1.08778e+06	980599	592684	600055
Q15434	Q15434	RBMS2_HUMAN	RBMS2	RNA-binding motif, single-stranded-interacting protein 2	418894	243027		
Q15435	Q15435	PP1R7_HUMAN	PPP1R7	Protein phosphatase 1 regulatory subunit 7	3.18987e+06	3.57777e+06	3.49729e+06	2.91648e+06
Q15436	Q15436	SC23A_HUMAN	SEC23A	Protein transport protein Sec23A	1.26112e+06	584309	3.21681e+06	1.70914e+06
Q15437	Q15437	SC23B_HUMAN	SEC23B	Protein transport protein Sec23B	884348	948149	2.46185e+06	2.11647e+06
Q15438	O43739;Q15438;Q99418;Q9UIA0	CYH1_HUMAN	CYTH1	Cytohesin-1	691116	487340	994284	
Q15459	Q15459	SF3A1_HUMAN	SF3A1	Splicing factor 3A subunit 1	3.47018e+06	3.04558e+06	4.23088e+06	1.6086e+06
Q15464	Q15464	SHB_HUMAN	SHB	SH2 domain-containing adapter protein B	121316		149767	
Q15477	Q15477	SKI2_HUMAN	SKIC2	Superkiller complex protein 2	308261	188018	626736	
Q15485	Q15485	FCN2_HUMAN	FCN2	Ficolin-2	611403	774022	491728	
Q15493	Q15493	RGN_HUMAN	RGN	Regucalcin	287192	687747	176663	
Q15517	Q15517	CDSN_HUMAN	CDSN	Corneodesmosin	731393	882311	1.10986e+06	3.61386e+06
Q15526	Q15526	SURF1_HUMAN	SURF1	Surfeit locus protein 1	857355	558038	431751	666252
Q15542	Q15542	TAF5_HUMAN	TAF5	Transcription initiation factor TFIID subunit 5	146985	123621	99551.6	
Q15543	Q15543	TAF13_HUMAN	TAF13	Transcription initiation factor TFIID subunit 13		30520		
Q15554	Q15554	TERF2_HUMAN	TERF2	Telomeric repeat-binding factor 2	667305	273837	456747	
Q15555	Q15555	MARE2_HUMAN	MAPRE2	Microtubule-associated protein RP/EB family member 2	456078	495365	402227	
Q15582	Q15582	BGH3_HUMAN	TGFBI	Transforming growth factor-beta-induced protein ig-h3	1.99518e+07	1.22179e+07	1.67725e+07	1.94822e+06
Q15599	Q15599	NHRF2_HUMAN	NHERF2	Na(+)/H(+) exchange regulatory cofactor NHE-RF2	1.24284e+06	996600	957831	1.16517e+06
Q15628	Q15628	TRADD_HUMAN	TRADD	Tumor necrosis factor receptor type 1-associated DEATH domain protein	526767	643563	613431	354860
Q15629	Q15629	TRAM1_HUMAN	TRAM1	Translocating chain-associated membrane protein 1	1.81984e+06	2.12477e+06	4.42097e+06	1.8037e+06
Q15631	Q15631	TSN_HUMAN	TSN	Translin	2.14962e+06	3.64987e+06	1.92485e+06	2.98527e+06
Q15637	Q15637	SF01_HUMAN	SF1	Splicing factor 1	3.13081e+06	3.08246e+06	2.25356e+06	1.7473e+06
Q15642	Q15642	CIP4_HUMAN	TRIP10	Cdc42-interacting protein 4	1.40105e+06	977908	832375	719731
Q15643	Q15643	TRIPB_HUMAN	TRIP11	Thyroid receptor-interacting protein 11	123808		349674	
Q15645	Q15645	PCH2_HUMAN	TRIP13	Pachytene checkpoint protein 2 homolog	865744	337659	286483	
Q15648	Q15648	MED1_HUMAN	MED1	Mediator of RNA polymerase II transcription subunit 1	91815.7		111987	
Q15650	Q15650	TRIP4_HUMAN	TRIP4	Activating signal cointegrator 1	373334	306524	323436	
Q15651	Q15651	HMGN3_HUMAN	HMGN3	High mobility group nucleosome-binding domain-containing protein 3	74752.7	141971		
Q15653	Q15653	IKBB_HUMAN	NFKBIB	NF-kappa-B inhibitor beta	252894	229350	140207	
Q15654	Q15654	TRIP6_HUMAN	TRIP6	Thyroid receptor-interacting protein 6	1.24705e+06	765580	297312	
Q15691	Q15691	MARE1_HUMAN	MAPRE1	Microtubule-associated protein RP/EB family member 1	9.38108e+06	7.08326e+06	6.18498e+06	3.96658e+06
Q15717	Q15717	ELAV1_HUMAN	ELAVL1	ELAV-like protein 1	1.1201e+07	9.46133e+06	8.81164e+06	6.88779e+06
Q15722	Q15722	LT4R1_HUMAN	LTB4R	Leukotriene B4 receptor 1	256522		165156	
Q15738	Q15738	NSDHL_HUMAN	NSDHL	Sterol-4-alpha-carboxylate 3-dehydrogenase, decarboxylating	1.57958e+06	777564	1.24077e+06	1.04504e+06
Q15746	Q15746	MYLK_HUMAN	MYLK	Myosin light chain kinase, smooth muscle	5.25269e+06	5.39311e+06	7.77434e+06	8.03917e+06
Q15750	Q15750	TAB1_HUMAN	TAB1	TGF-beta-activated kinase 1 and MAP3K7-binding protein 1	1.4569e+06	1.34533e+06	746887	1.03748e+06
Q15758	Q15758	AAAT_HUMAN	SLC1A5	Neutral amino acid transporter B(0)	3.1031e+06	2.93391e+06	1.58577e+06	1.79017e+06
Q15771	Q15771	RAB30_HUMAN	RAB30	Ras-related protein Rab-30	187350	775225	246327	
Q15773	Q15773	MLF2_HUMAN	MLF2	Myeloid leukemia factor 2	262085	269878		347283
Q15785	Q15785	TOM34_HUMAN	TOMM34	Mitochondrial import receptor subunit TOM34	9.39851e+06	5.56856e+06	2.54639e+06	3.88731e+06
Q15796	Q15796	SMAD2_HUMAN	SMAD2	Mothers against decapentaplegic homolog 2	645908	366071	483854	
Q15797;Q99717	Q15797;Q99717	SMAD1_HUMAN;SMAD5_HUMAN	SMAD1;SMAD5	Mothers against decapentaplegic homolog 1	182468		216345	
Q15800	Q15800	MSMO1_HUMAN	MSMO1	Methylsterol monooxygenase 1	247483	47034.7	294186	
Q15811	Q15811	ITSN1_HUMAN	ITSN1	Intersectin-1	1.30594e+06	1.21657e+06	1.07136e+06	1.04843e+06
Q15813	Q15813	TBCE_HUMAN	TBCE	Tubulin-specific chaperone E	471691	254230	279107	208134
Q15814	Q15814	TBCC_HUMAN	TBCC	Tubulin-specific chaperone C	798849	1.01741e+06	887887	563651
Q15819	Q15819	UB2V2_HUMAN	UBE2V2	Ubiquitin-conjugating enzyme E2 variant 2	1.0581e+07	1.34452e+07	1.08108e+07	9.03681e+06
Q15828	Q15828	CYTM_HUMAN	CST6	Cystatin-M		215760	393518	812379
Q15833	Q15833	STXB2_HUMAN	STXBP2	Syntaxin-binding protein 2	2.00461e+06	1.95079e+06	1.438e+06	2.45229e+06
Q15836	P23763;P63027;Q15836	VAMP3_HUMAN	VAMP3	Vesicle-associated membrane protein 3	5.91645e+06	6.60775e+06	2.96184e+06	1.07068e+07
Q15843	Q15843	NEDD8_HUMAN	NEDD8	NEDD8	1.79839e+06	3.23553e+06	1.86802e+06	1.8211e+06
Q15847	Q15847	ADIRF_HUMAN	ADIRF	Adipogenesis regulatory factor	478894	324680		429945
Q15848	Q15848	ADIPO_HUMAN	ADIPOQ	Adiponectin	228109	255026	146507	
Q15904	Q15904	VAS1_HUMAN	ATP6AP1	V-type proton ATPase subunit S1	2.02727e+06	2.76825e+06	3.07522e+06	1.6266e+06
Q15907	P62491;Q15907	RB11B_HUMAN	RAB11B	Ras-related protein Rab-11B	2.12298e+07	2.99617e+07	2.15433e+07	1.90564e+07
Q15942	Q15942	ZYX_HUMAN	ZYX	Zyxin	1.48908e+07	8.3922e+06	1.0063e+06	6.92218e+06
Q16134	Q16134	ETFD_HUMAN	ETFDH	Electron transfer flavoprotein-ubiquinone oxidoreductase, mitochondrial	462186	1.23466e+06	1.8174e+06	1.85571e+06
Q16181	Q16181	SEPT7_HUMAN	SEPTIN7	Septin-7	1.11078e+08	6.45894e+07	8.4143e+07	5.85108e+07
Q16186	Q16186	ADRM1_HUMAN	ADRM1	Proteasomal ubiquitin receptor ADRM1	3.79017e+06	2.67654e+06	1.61141e+06	3.29349e+06
Q16204	Q16204	CCDC6_HUMAN	CCDC6	Coiled-coil domain-containing protein 6	1.70733e+06	1.36198e+06	1.32125e+06	1.44738e+06
Q16222	Q16222	UAP1_HUMAN	UAP1	UDP-N-acetylhexosamine pyrophosphorylase	1.60561e+06	3.96668e+06	3.36218e+06	3.81258e+06
Q16254	Q16254	E2F4_HUMAN	E2F4	Transcription factor E2F4	52304.9	24081.2		
Q16270	Q16270	IBP7_HUMAN	IGFBP7	Insulin-like growth factor-binding protein 7	4.67427e+06	2.95369e+06	1.9509e+06	981848
Q16342	Q16342	PDCD2_HUMAN	PDCD2	Programmed cell death protein 2	144136			
Q16363	Q16363	LAMA4_HUMAN	LAMA4	Laminin subunit alpha-4	1.87837e+06	1.50551e+06	1.46289e+06	757967
Q16401	Q16401	PSMD5_HUMAN	PSMD5	26S proteasome non-ATPase regulatory subunit 5	1.64073e+06	2.05155e+06	807227	1.65625e+06
Q16512	Q16512	PKN1_HUMAN	PKN1	Serine/threonine-protein kinase N1	1.75785e+06	1.36561e+06	901726	3.01042e+06
Q16513	Q16513	PKN2_HUMAN	PKN2	Serine/threonine-protein kinase N2	372516	262149	477767	
Q16527	Q16527	CSRP2_HUMAN	CSRP2	Cysteine and glycine-rich protein 2	4.32359e+06	5.22564e+06	1.29934e+06	711611
Q16531	Q16531	DDB1_HUMAN	DDB1	DNA damage-binding protein 1	4.33127e+06	4.28287e+06	5.04942e+06	2.16612e+06
Q16537	Q16537	2A5E_HUMAN	PPP2R5E	Serine/threonine-protein phosphatase 2A 56 kDa regulatory subunit epsilon isoform	1.01377e+06	870490	725348	
Q16539	Q16539	MK14_HUMAN	MAPK14	Mitogen-activated protein kinase 14	2.3051e+06	2.09302e+06	3.01261e+06	1.75909e+06
Q16540	Q16540	RM23_HUMAN	MRPL23	Large ribosomal subunit protein uL23m	798798	170165	1.49131e+06	2.18213e+06
Q16543	Q16543	CDC37_HUMAN	CDC37	Hsp90 co-chaperone Cdc37	9.15013e+06	7.09512e+06	7.36075e+06	8.78292e+06
Q16555	Q16555	DPYL2_HUMAN	DPYSL2	Dihydropyrimidinase-related protein 2	1.54643e+07	2.06138e+07	7.21064e+06	1.38148e+07
Q16563	Q16563	SYPL1_HUMAN	SYPL1	Synaptophysin-like protein 1	7.96466e+06	8.4833e+06	2.78921e+06	2.81364e+06
Q16566	Q16566	KCC4_HUMAN	CAMK4	Calcium/calmodulin-dependent protein kinase type IV	303741	267526	378477	
Q16576	Q16576	RBBP7_HUMAN	RBBP7	Histone-binding protein RBBP7	7.84447e+06	5.42414e+06	5.8305e+06	2.81762e+06
Q16585	Q16585	SGCB_HUMAN	SGCB	Beta-sarcoglycan	901778	1.00846e+06	726254	
Q16594	Q16594;Q9HBM6	TAF9_HUMAN	TAF9	Transcription initiation factor TFIID subunit 9	189664	131076	98354.3	
Q16595	Q16595	FRDA_HUMAN	FXN	Frataxin, mitochondrial	400076	721904	363108	404076
Q16610	Q16610	ECM1_HUMAN	ECM1	Extracellular matrix protein 1	648870	688463	607614	1.28448e+06
Q16611	Q16611	BAK_HUMAN	BAK1	Bcl-2 homologous antagonist/killer	315012	867693	918652	585867
Q16625	Q16625	OCLN_HUMAN	OCLN	Occludin	540365	460915	774437	1.06986e+06
Q16629	Q16629	SRSF7_HUMAN	SRSF7	Serine/arginine-rich splicing factor 7	2.4119e+06	1.18416e+06	6.36543e+06	1.3216e+06
Q16630	Q16630	CPSF6_HUMAN	CPSF6	Cleavage and polyadenylation specificity factor subunit 6	2.715e+06	2.53905e+06	3.12683e+06	1.91066e+06
Q16637	Q16637	SMN_HUMAN	SMN1	Survival motor neuron protein	122853	16497.7	105459	
Q16643	Q16643	DREB_HUMAN	DBN1	Drebrin	1.73329e+06	1.11373e+06	852385	1.03534e+06
Q16644	Q16644	MAPK3_HUMAN	MAPKAPK3	MAP kinase-activated protein kinase 3	537622	422169	560522	
Q16647	Q16647	PTGIS_HUMAN	PTGIS	Prostacyclin synthase	834775	286596	578680	286951
Q16651	Q16651	PRSS8_HUMAN	PRSS8	Prostasin	535090	384514	423400	295533
Q16656	Q16656	NRF1_HUMAN	NRF1	Nuclear respiratory factor 1	1.41596e+06	1.19721e+06	1.05959e+06	396880
Q16658	Q16658	FSCN1_HUMAN	FSCN1	Fascin	5.58807e+06	3.10452e+06	3.08074e+06	1.31326e+06
Q16666	Q16666	IF16_HUMAN	IFI16	Gamma-interferon-inducible protein 16	3.00701e+06	2.16979e+06	4.3033e+06	1.57753e+06
Q16698	Q16698	DECR_HUMAN	DECR1	2,4-dienoyl-CoA reductase [(3E)-enoyl-CoA-producing], mitochondrial	8.75743e+06	1.5342e+07	6.82536e+06	1.19296e+07
Q16706	Q16706	MA2A1_HUMAN	MAN2A1	Alpha-mannosidase 2	529820	839049	1.63754e+06	855591
Q16718	Q16718	NDUA5_HUMAN	NDUFA5	NADH dehydrogenase [ubiquinone] 1 alpha subcomplex subunit 5	213631	218100	755241	918251
Q16719	Q16719	KYNU_HUMAN	KYNU	Kynureninase	189015	200331	430470	
Q16740	Q16740	CLPP_HUMAN	CLPP	ATP-dependent Clp protease proteolytic subunit, mitochondrial	2.97638e+06	3.63002e+06	856604	3.25235e+06
Q16762	Q16762	THTR_HUMAN	TST	Thiosulfate sulfurtransferase	1.07373e+07	1.73831e+07	1.4202e+07	2.18948e+07
Q16763	Q16763	UBE2S_HUMAN	UBE2S	Ubiquitin-conjugating enzyme E2 S	676748		551772	
Q16769	Q16769	QPCT_HUMAN	QPCT	Glutaminyl-peptide cyclotransferase	387023	224773	616243	80583.9
Q16773	Q16773	KAT1_HUMAN	KYAT1	Kynurenine--oxoglutarate transaminase 1	204110	208094		
Q16774	Q16774	KGUA_HUMAN	GUK1	Guanylate kinase	1.16393e+06	1.4412e+06	1.06318e+06	880434
Q16775	Q16775	GLO2_HUMAN	HAGH	Hydroxyacylglutathione hydrolase, mitochondrial	2.5776e+06	4.69638e+06	2.81338e+06	2.02011e+06
Q16787	Q16787	LAMA3_HUMAN	LAMA3	Laminin subunit alpha-3	163864	195555	111977	
Q16790	Q16790	CAH9_HUMAN	CA9	Carbonic anhydrase 9	1.28202e+06	1.05035e+06		
Q16795	Q16795	NDUA9_HUMAN	NDUFA9	NADH dehydrogenase [ubiquinone] 1 alpha subcomplex subunit 9, mitochondrial	743055	581326	3.02847e+06	1.98484e+06
Q16799	Q16799	RTN1_HUMAN	RTN1	Reticulon-1	158589	144929	325333	
Q16819	Q16819	MEP1A_HUMAN	MEP1A	Meprin A subunit alpha	185459	498894	363112	237360
Q16822	Q16822	PCKGM_HUMAN	PCK2	Phosphoenolpyruvate carboxykinase [GTP], mitochondrial	1.52618e+06	1.27513e+06	2.21468e+06	6.21465e+06
Q16831	Q16831	UPP1_HUMAN	UPP1	Uridine phosphorylase 1	845051	674288	671809	
Q16836	Q16836	HCDH_HUMAN	HADH	Hydroxyacyl-coenzyme A dehydrogenase, mitochondrial	6.62066e+06	1.19328e+07	7.83047e+06	1.18579e+07
Q16850	Q16850	CP51A_HUMAN	CYP51A1	Lanosterol 14-alpha demethylase	495610		924948	814523
Q16851	Q16851	UGPA_HUMAN	UGP2	UTP--glucose-1-phosphate uridylyltransferase	4.82229e+06	4.33884e+06	1.19508e+07	8.34277e+06
Q16853	Q16853	AOC3_HUMAN	AOC3	Membrane primary amine oxidase	2.90155e+06	1.45293e+07	2.41373e+07	1.51886e+07
Q16854	Q16854	DGUOK_HUMAN	DGUOK	Deoxyguanosine kinase, mitochondrial	426069	629725	476618	1.16842e+06
Q16873	Q16873	LTC4S_HUMAN	LTC4S	Leukotriene C4 synthase	683188	974144	993093	
Q16875	Q16875	F263_HUMAN	PFKFB3	6-phosphofructo-2-kinase/fructose-2,6-bisphosphatase 3	1.17964e+06	605520	927683	
Q16880	Q16880	CGT_HUMAN	UGT8	2-hydroxyacylsphingosine 1-beta-galactosyltransferase	92608.2		154607	
Q16881	Q16881	TRXR1_HUMAN	TXNRD1	Thioredoxin reductase 1, cytoplasmic	3.06736e+06	3.16318e+06	3.09184e+06	1.4664e+06
Q16890	Q16890	TPD53_HUMAN	TPD52L1	Tumor protein D53	606313	3.03335e+06		1.23217e+06
Q16891	Q16891	MIC60_HUMAN	IMMT	MICOS complex subunit MIC60	287862	708828	1.87813e+06	3.02678e+06
Q1ED39	Q1ED39	KNOP1_HUMAN	KNOP1	Lysine-rich nucleolar protein 1				127088
Q1KMD3	Q1KMD3	HNRL2_HUMAN	HNRNPUL2	Heterogeneous nuclear ribonucleoprotein U-like protein 2	7.71845e+06	4.84702e+06	6.8436e+06	3.84525e+06
Q27J81	Q27J81	INF2_HUMAN	INF2	Inverted formin-2	644031	364104	770447	1.08506e+06
Q29RF7	Q29RF7	PDS5A_HUMAN	PDS5A	Sister chromatid cohesion protein PDS5 homolog A	646719	277465	429853	386685
Q2KHR3	Q2KHR3	QSER1_HUMAN	QSER1	Glutamine and serine-rich protein 1		223944	295513	
Q2M2H8	Q2M2H8	MGAL_HUMAN	MGAM2	Probable maltase-glucoamylase 2	53430	62179	87552	
Q2M2I8	Q2M2I8;Q9NSY1	AAK1_HUMAN	AAK1	AP2-associated protein kinase 1	1.57565e+06	1.07207e+06	1.52453e+06	1.32887e+06
Q2M385	Q2M385	MPEG1_HUMAN	MPEG1	Macrophage-expressed gene 1 protein	187225	634113	567509	
Q2M389	Q2M389	WASC4_HUMAN	WASHC4	WASH complex subunit 4	718568	432769	863055	617929
Q2NL82	Q2NL82	TSR1_HUMAN	TSR1	Pre-rRNA-processing protein TSR1 homolog	726807	280628	320490	
Q2PZI1	Q6NUT2;Q2PZI1	D19L1_HUMAN	DPY19L1	Probable C-mannosyltransferase DPY19L1	149816		292805	
Q2TAA2	Q2TAA2	IAH1_HUMAN	IAH1	Isoamyl acetate-hydrolyzing esterase 1 homolog	2.30905e+06	1.93934e+06	1.87552e+06	1.86474e+06
Q2TAA5	Q2TAA5	ALG11_HUMAN	ALG11	GDP-Man:Man(3)GlcNAc(2)-PP-Dol alpha-1,2-mannosyltransferase	408264	155505	718389	567988
Q2TAL8	Q2TAL8	QRIC1_HUMAN	QRICH1	Transcriptional regulator QRICH1	232085	204222	155351	431023
Q2TAY7	Q2TAY7	SMU1_HUMAN	SMU1	WD40 repeat-containing protein SMU1	791429	583393	928961	
Q2TB90	Q2TB90	HKDC1_HUMAN	HKDC1	Hexokinase HKDC1	724448	283445		2.10085e+06
Q2VPK5	Q2VPK5	CTU2_HUMAN	CTU2	Cytoplasmic tRNA 2-thiolation protein 2	298012	121115		
Q32M88	Q32M88	PGGHG_HUMAN	PGGHG	Protein-glucosylgalactosylhydroxylysine glucosidase		293048		
Q32MZ4	Q32MZ4	LRRF1_HUMAN	LRRFIP1	Leucine-rich repeat flightless-interacting protein 1	1.28681e+06	1.04186e+06	721373	1.67704e+06
Q32NB8	Q32NB8	PGPS1_HUMAN	PGS1	CDP-diacylglycerol--glycerol-3-phosphate 3-phosphatidyltransferase, mitochondrial	165803	38272.7	119366	
Q32P28	Q32P28	P3H1_HUMAN	P3H1	Prolyl 3-hydroxylase 1	1.8781e+06	1.00157e+06	978572	303581
Q32P41	Q32P41	TRM5_HUMAN	TRMT5	tRNA (guanine(37)-N1)-methyltransferase	187308	150604	454498	
Q32P44	Q32P44	EMAL3_HUMAN	EML3	Echinoderm microtubule-associated protein-like 3	1.85258e+06	1.42238e+06	2.04579e+06	891525
Q38SD2	Q38SD2	LRRK1_HUMAN	LRRK1	Leucine-rich repeat serine/threonine-protein kinase 1	4.16463e+06	3.44996e+06	3.6059e+06	1.61949e+06
Q3B726	Q3B726	RPA43_HUMAN	POLR1F	DNA-directed RNA polymerase I subunit RPA43	496955	424047	191663	
Q3B7J2	Q3B7J2	GFOD2_HUMAN	GFOD2	Glucose-fructose oxidoreductase domain-containing protein 2	720067	1.18233e+06	1.33866e+06	
Q3B8N2;Q6DKI2	Q6DKI2;Q3B8N2	LEG9B_HUMAN;LEG9C_HUMAN	LGALS9B;LGALS9C	Galectin-9B		35361.4	31875.1	
Q3KQU3	Q3KQU3	MA7D1_HUMAN	MAP7D1	MAP7 domain-containing protein 1	242844	249789	204936	
Q3KQV9	Q3KQV9	UAP1L_HUMAN	UAP1L1	UDP-N-acetylhexosamine pyrophosphorylase-like protein 1	490882	395909	309631	
Q3KQZ1	Q3KQZ1	S2535_HUMAN	SLC25A35	Solute carrier family 25 member 35			66519.6	
Q3LXA3	Q3LXA3	TKFC_HUMAN	TKFC	Triokinase/FMN cyclase	4.33131e+06	3.70008e+06	2.01556e+06	1.34514e+06
Q3MHD2	Q3MHD2	LSM12_HUMAN	LSM12	Protein LSM12	1.42306e+06	1.09194e+06	1.01585e+06	731843
Q3MIR4	Q3MIR4	CC50B_HUMAN	TMEM30B	Cell cycle control protein 50B	410598	1.06213e+06	1.3437e+06	1.7524e+06
Q3SXM5	Q3SXM5	HSDL1_HUMAN	HSDL1	Inactive hydroxysteroid dehydrogenase-like protein 1	142210	88163.9	245058	
Q3SY69	Q3SY69	AL1L2_HUMAN	ALDH1L2	Mitochondrial 10-formyltetrahydrofolate dehydrogenase	922436	1.20804e+06	1.71948e+06	1.83219e+06
Q3SY84	Q3SY84	K2C71_HUMAN	KRT71	Keratin, type II cytoskeletal 71	248405	665405	1.08572e+06	5.84261e+06
Q3SYC2	Q3SYC2	MOGT2_HUMAN	MOGAT2	2-acylglycerol O-acyltransferase 2			316540	
Q3YBM2	Q3YBM2	T176B_HUMAN	TMEM176B	Transmembrane protein 176B	3.2627e+06	1.65371e+06	1.28174e+06	308970
Q3YEC7	Q3YEC7	RABL6_HUMAN	RABL6	Rab-like protein 6	849851	922466	943809	1.18826e+06
Q3ZCQ8	Q3ZCQ8	TIM50_HUMAN	TIMM50	Mitochondrial import inner membrane translocase subunit TIM50	369386	96348.2	283226	773781
Q3ZCW2	Q3ZCW2	LEGL_HUMAN	LGALSL	Galectin-related protein	318395	695364	523837	265593
Q460N5	Q460N5	PAR14_HUMAN	PARP14	Protein mono-ADP-ribosyltransferase PARP14	579538	333541	560505	
Q49A26	Q49A26	GLYR1_HUMAN	GLYR1	Cytokine-like nuclear factor N-PAC	524776	311759	909442	444286
Q49AR2	Q49AR2	CE022_HUMAN	C5orf22	UPF0489 protein C5orf22	263825	263535	101050	
Q49B96	Q49B96	COX19_HUMAN	COX19	Cytochrome c oxidase assembly protein COX19	525594	587889	153014	682141
Q4G0F5	Q4G0F5	VP26B_HUMAN	VPS26B	Vacuolar protein sorting-associated protein 26B	1.65983e+06	1.11801e+06	2.38328e+06	856630
Q4G0J3	Q4G0J3	LARP7_HUMAN	LARP7	La-related protein 7	642537	548624	500212	788724
Q4G0N4	Q4G0N4	NAKD2_HUMAN	NADK2	NAD kinase 2, mitochondrial	1.3835e+06	1.96975e+06	1.32163e+06	1.62773e+06
Q4G0X4;Q719H9	Q4G0X4;Q719H9	KCD21_HUMAN;KCTD1_HUMAN	KCTD1;KCTD21	BTB/POZ domain-containing protein KCTD21	165161	117095	128911	
Q4G148	Q4G148	GXLT1_HUMAN	GXYLT1	Glucoside xylosyltransferase 1	95351.2	81251.5	72191.8	
Q4G176	Q4G176	ACSF3_HUMAN	ACSF3	Malonate--CoA ligase ACSF3, mitochondrial	416394	410861	898450	1.01032e+06
Q4J6C6	Q4J6C6	PPCEL_HUMAN	PREPL	Prolyl endopeptidase-like	164804	231925	263626	
Q4KMP7	Q4KMP7	TB10B_HUMAN	TBC1D10B	TBC1 domain family member 10B	114343	66023.5	113277	
Q4KMQ1	Q4KMQ1	TPRN_HUMAN	TPRN	Taperin	183226	95629.8		
Q4KMQ2	Q4KMQ2	ANO6_HUMAN	ANO6	Anoctamin-6	676161	423436	660326	
Q4KWH8	Q4KWH8	PLCH1_HUMAN	PLCH1	1-phosphatidylinositol 4,5-bisphosphate phosphodiesterase eta-1	170100	1.26923e+06	283428	363362
Q4L180	Q4L180	FIL1L_HUMAN	FILIP1L	Filamin A-interacting protein 1-like	466688	164755	371681	
Q4U2R6	Q4U2R6	RM51_HUMAN	MRPL51	Large ribosomal subunit protein mL51	85612.6		88264.1	
Q4V328	Q4V328	GRAP1_HUMAN	GRIPAP1	GRIP1-associated protein 1	592684	671822	592565	615763
Q4V9L6	Q4V9L6	TM119_HUMAN	TMEM119	Transmembrane protein 119	754559	672996		1.17832e+06
Q4VC05;Q9BQE9	Q9BQE9;Q4VC05;Q8WUZ0	BCL7A_HUMAN;BCL7B_HUMAN	BCL7A;BCL7B	B-cell CLL/lymphoma 7 protein family member A	542359	372629	592541	396038
Q4VC31	Q4VC31	MIX23_HUMAN	MIX23	Protein MIX23	2.48393e+06	3.36137e+06	1.98898e+06	1.67134e+06
Q4ZHG4	Q4ZHG4	FNDC1_HUMAN	FNDC1	Fibronectin type III domain-containing protein 1	152405			
Q52LJ0	Q52LJ0	FA98B_HUMAN	FAM98B	Protein FAM98B	1.0102e+06	990292	1.51246e+06	1.04115e+06
Q53EL6	Q53EL6	PDCD4_HUMAN	PDCD4	Programmed cell death protein 4	2.11868e+06	3.99742e+06	1.91551e+06	9.82427e+06
Q53EP0	Q53EP0	FND3B_HUMAN	FNDC3B	Fibronectin type III domain-containing protein 3B	263609	106708	302545	
Q53EU6	Q53EU6	GPAT3_HUMAN	GPAT3	Glycerol-3-phosphate acyltransferase 3	32069		221968	
Q53F19	Q53F19	NCBP3_HUMAN	NCBP3	Nuclear cap-binding protein subunit 3	201661	191879	218138	104149
Q53FA7	Q53FA7	QORX_HUMAN	TP53I3	Quinone oxidoreductase PIG3	2.06385e+06	4.05257e+06	2.97319e+06	3.17397e+06
Q53FP2	Q53FP2	NACHO_HUMAN	TMEM35A	Novel acetylcholine receptor chaperone	162879	41536	90617.7	592187
Q53FT3	Q53FT3	HIKES_HUMAN	HIKESHI	Protein Hikeshi	391557	464165	263626	
Q53FZ2	Q53FZ2	ACSM3_HUMAN	ACSM3	Acyl-coenzyme A synthetase ACSM3, mitochondrial	148240	467350	541619	1.05656e+06
Q53GA4	Q53GA4	PHLA2_HUMAN	PHLDA2	Pleckstrin homology-like domain family A member 2	68599.2	20613.8	13680.6	
Q53GD3	Q53GD3	CTL4_HUMAN	SLC44A4	Choline transporter-like protein 4	472008	479428	507728	258259
Q53GG5	Q53GG5	PDLI3_HUMAN	PDLIM3	PDZ and LIM domain protein 3	4.58518e+06	5.11291e+06	860153	2.33562e+06
Q53GL7	Q53GL7	PAR10_HUMAN	PARP10	Protein mono-ADP-ribosyltransferase PARP10	199884	194577	315075	125288
Q53GQ0	Q53GQ0	DHB12_HUMAN	HSD17B12	Very-long-chain 3-oxoacyl-CoA reductase	4.54086e+06	4.71194e+06	2.95824e+06	4.54529e+06
Q53GS9	Q53GS9	UBP39_HUMAN	USP39	Ubiquitin carboxyl-terminal hydrolase 39	656952	341472	719682	755376
Q53H12	Q53H12	AGK_HUMAN	AGK	Acylglycerol kinase, mitochondrial	1.50064e+06	830520	1.08474e+06	1.76228e+06
Q53H47	Q53H47	SETMR_HUMAN	SETMAR	Histone-lysine N-methyltransferase SETMAR	192901	239191	102936	216675
Q53H82	Q53H82	LACB2_HUMAN	LACTB2	Endoribonuclease LACTB2	1.83563e+06	2.22556e+06	1.37576e+06	840809
Q53H96	Q53H96	P5CR3_HUMAN	PYCR3	Pyrroline-5-carboxylate reductase 3	463914	337817	280222	237770
Q53HC9	Q53HC9	EIPR1_HUMAN	EIPR1	EARP and GARP complex-interacting protein 1	670166	684616	421869	427973
Q53RT3	Q53RT3	APRV1_HUMAN	ASPRV1	Retroviral-like aspartic protease 1	827039	2.39742e+06	4.66497e+06	2.91676e+06
Q53RY4	Q53RY4	KCP3_HUMAN	KRTCAP3	Keratinocyte-associated protein 3	147239	187366		412427
Q53S08;Q9H0N0	Q9H0N0;Q53S08	RAB6C_HUMAN;RAB6D_HUMAN	RAB6C;RAB6D	Ras-related protein Rab-6D	3.29636e+06	2.93197e+06	2.83187e+06	5.56003e+06
Q53S33	Q53S33	BOLA3_HUMAN	BOLA3	BolA-like protein 3	605836	898312	490261	
Q53SF7	Q53SF7	COBL1_HUMAN	COBLL1	Cordon-bleu protein-like 1	536048	451264		440900
Q53T59	Q53T59	H1BP3_HUMAN	HS1BP3	HCLS1-binding protein 3	1.30313e+06	1.31047e+06	979112	902735
Q53TN4	Q53TN4	CYBR1_HUMAN	CYBRD1	Plasma membrane ascorbate-dependent reductase CYBRD1	2.83756e+06	2.18706e+06	960624	3.15972e+06
Q562F6	Q562F6	SGO2_HUMAN	SGO2	Shugoshin 2	379109			1.30703e+06
Q567U6	Q567U6	CCD93_HUMAN	CCDC93	Coiled-coil domain-containing protein 93	506754	328777	790995	784442
Q56VL3	Q56VL3	OCAD2_HUMAN	OCIAD2	OCIA domain-containing protein 2	4.78868e+06	2.97113e+06	2.95272e+06	1.82835e+06
Q587I9	Q587I9	SFT2C_HUMAN	SFT2D3	Vesicle transport protein SFT2C	285100	122378		375041
Q58DX5	Q58DX5	NADL2_HUMAN	NAALADL2	Inactive N-acetylated-alpha-linked acidic dipeptidase-like protein 2	150045	140399	119515	
Q58WW2	Q58WW2	DCAF6_HUMAN	DCAF6	DDB1- and CUL4-associated factor 6	126829	94750.5		93329
Q5BJD5	Q5BJD5	TM41B_HUMAN	TMEM41B	Transmembrane protein 41B	103359		211322	
Q5BJF2	Q5BJF2	SGMR2_HUMAN	TMEM97	Sigma intracellular receptor 2	1.90076e+06	630904	1.20668e+06	455239
Q5BKZ1	Q5BKZ1	ZN326_HUMAN	ZNF326	DBIRD complex subunit ZNF326	460646		138970	
Q5D862	Q5D862	FILA2_HUMAN	FLG2	Filaggrin-2	1.01224e+06	2.1902e+06	3.76897e+06	9.29024e+06
Q5EB52	Q5EB52	MEST_HUMAN	MEST	Mesoderm-specific transcript homolog protein	52798.3	30177.5	9033.81	
Q5EBL4	Q5EBL4	RIPL1_HUMAN	RILPL1	RILP-like protein 1	443161	288886		
Q5EBL8	Q5EBL8	PDZ11_HUMAN	PDZD11	PDZ domain-containing protein 11	581287	396118	654846	468998
Q5EBM0	Q5EBM0	CMPK2_HUMAN	CMPK2	UMP-CMP kinase 2, mitochondrial	680650	555216	706002	
Q5EG05	Q5EG05	CAR16_HUMAN	CARD16	Caspase recruitment domain-containing protein 16	203469	543710	174002	250448
Q5F1R6	Q5F1R6	DJC21_HUMAN	DNAJC21	DnaJ homolog subfamily C member 21	96602.4	35599.5	141080	
Q5GH73	Q5GH73	XKR6_HUMAN	XKR6	XK-related protein 6		73975.5	47846.5	
Q5GLZ8	Q5GLZ8	HERC4_HUMAN	HERC4	Probable E3 ubiquitin-protein ligase HERC4	763016	483958	922023	469384
Q5H8A4	Q5H8A4	PIGG_HUMAN	PIGG	GPI ethanolamine phosphate transferase 2	20469.3		49434.8	
Q5H9R7	Q5H9R7	PP6R3_HUMAN	PPP6R3	Serine/threonine-protein phosphatase 6 regulatory subunit 3	236442	98372.5	136138	
Q5HYI8	Q5HYI8	RABL3_HUMAN	RABL3	Rab-like protein 3	947915	1.16411e+06	535728	722961
Q5HYK3	Q5HYK3	COQ5_HUMAN	COQ5	2-methoxy-6-polyprenyl-1,4-benzoquinol methylase, mitochondrial	1.02662e+06	1.78502e+06	572994	994432
Q5HYK7	Q5HYK7	SH319_HUMAN	SH3D19	SH3 domain-containing protein 19	402819	439487	132738	290204
Q5J8M3	Q5J8M3	EMC4_HUMAN	EMC4	ER membrane protein complex subunit 4	605698	397821	405227	517594
Q5JRA6	Q5JRA6	TGO1_HUMAN	MIA3	Transport and Golgi organization protein 1 homolog	607050	489533	1.10438e+06	1.13767e+06
Q5JRX3	Q5JRX3	PREP_HUMAN	PITRM1	Presequence protease, mitochondrial	1.81221e+06	2.191e+06	2.2884e+06	2.46162e+06
Q5JS37	Q5JS37	NHLC3_HUMAN	NHLRC3	NHL repeat-containing protein 3	1.24136e+06	1.32e+06	850426	1.05847e+06
Q5JSH3	Q5JSH3	WDR44_HUMAN	WDR44	WD repeat-containing protein 44	576972	617030	607630	338954
Q5JSL3	Q5JSL3	DOC11_HUMAN	DOCK11	Dedicator of cytokinesis protein 11	107698	93091.8	159708	
Q5JSP0	Q5JSP0	FGD3_HUMAN	FGD3	FYVE, RhoGEF and PH domain-containing protein 3		243836	68053.1	340018
Q5JSZ5	Q5JSZ5	PRC2B_HUMAN	PRRC2B	Protein PRRC2B	138494	59781.2	86753.1	
Q5JTD0	Q5JTD0	TJAP1_HUMAN	TJAP1	Tight junction-associated protein 1	503710	205077		
Q5JTH9	Q5JTH9	RRP12_HUMAN	RRP12	RRP12-like protein	590315	251079	328570	
Q5JTJ3	Q5JTJ3	COA6_HUMAN	COA6	Cytochrome c oxidase assembly factor 6 homolog	2.46747e+06	3.08961e+06	1.1281e+06	2.39973e+06
Q5JTV8	Q5JTV8	TOIP1_HUMAN	TOR1AIP1	Torsin-1A-interacting protein 1	2.36764e+06	1.96306e+06	3.84409e+06	2.47761e+06
Q5JTZ5	Q5JTZ5	CI152_HUMAN	C9orf152	Uncharacterized protein C9orf152		147285		
Q5JTZ9	Q5JTZ9	SYAM_HUMAN	AARS2	Alanine--tRNA ligase, mitochondrial	281030	357304	288629	862635
Q5JU69	Q8N2E6;Q5JU69	TOR2A_HUMAN	TOR2A	Torsin-2A	172760	232773	149039	
Q5JU85	Q5JU85;Q6DN90	IQEC2_HUMAN	IQSEC2	IQ motif and SEC7 domain-containing protein 2	289204	189324	280676	
Q5JVF3	Q5JVF3	PCID2_HUMAN	PCID2	PCI domain-containing protein 2	150407	104343	186718	
Q5JVS0	Q5JVS0	HABP4_HUMAN	HABP4	Intracellular hyaluronan-binding protein 4	160609	433804		
Q5K4L6	Q5K4L6	S27A3_HUMAN	SLC27A3	Long-chain fatty acid transport protein 3	177060		286523	954272
Q5K651	Q5K651	SAMD9_HUMAN	SAMD9	Sterile alpha motif domain-containing protein 9	269364	394628	522422	
Q5M775	Q5M775	CYTSB_HUMAN	SPECC1	Cytospin-B	364950	218865	400520	200394
Q5MIZ7	Q5MIZ7	P4R3B_HUMAN	PPP4R3B	Serine/threonine-protein phosphatase 4 regulatory subunit 3B	1.0652e+06	839330	1.08366e+06	1.47962e+06
Q5MNZ6	Q5MNZ6	WIPI3_HUMAN	WDR45B	WD repeat domain phosphoinositide-interacting protein 3	343238	415073	211007	
Q5MNZ9	Q5MNZ9	WIPI1_HUMAN	WIPI1	WD repeat domain phosphoinositide-interacting protein 1	291581	506991	419776	778419
Q5MY95	Q5MY95	ENTP8_HUMAN	ENTPD8	Ectonucleoside triphosphate diphosphohydrolase 8		66791.8	153330	
Q5NDL2	Q5NDL2	EOGT_HUMAN	EOGT	EGF domain-specific O-linked N-acetylglucosamine transferase	1.11176e+06	1.04337e+06	1.02403e+06	
Q5QGZ9	Q5QGZ9	CL12A_HUMAN	CLEC12A	C-type lectin domain family 12 member A	230508	253015	548543	
Q5QJ74	Q5QJ74	TBCEL_HUMAN	TBCEL	Tubulin-specific chaperone cofactor E-like protein	758612	838240	455542	
Q5QJE6	Q5QJE6	TDIF2_HUMAN	DNTTIP2	Deoxynucleotidyltransferase terminal-interacting protein 2	203672	112486	146609	
Q5R372	Q5R372	RBG1L_HUMAN	RABGAP1L	Rab GTPase-activating protein 1-like	181921	181127	201682	
Q5R3I4	Q5R3I4	TTC38_HUMAN	TTC38	Tetratricopeptide repeat protein 38	692372	1.13176e+06	217335	1.34721e+06
Q5R3K3	Q5R3K3	CAHM6_HUMAN	CALHM6	Calcium homeostasis modulator protein 6	456779	1.04855e+06	1.1764e+06	
Q5RI15	Q5RI15	COX20_HUMAN	COX20	Cytochrome c oxidase assembly protein COX20, mitochondrial	984244	564311	640269	1.19957e+06
Q5RKV6	Q5RKV6	EXOS6_HUMAN	EXOSC6	Exosome complex component MTR3	1.16827e+06	842614	608950	753650
Q5SRE7	Q5SRE7	PHYD1_HUMAN	PHYHD1	Phytanoyl-CoA dioxygenase domain-containing protein 1	492557	629404	531786	192190
Q5SRH9	Q5SRH9	TT39A_HUMAN	TTC39A	Tetratricopeptide repeat protein 39A		397185	375681	
Q5SRI9	Q5SRI9	MANEA_HUMAN	MANEA	Glycoprotein endo-alpha-1,2-mannosidase		309688	155435	
Q5SSJ5	Q5SSJ5	HP1B3_HUMAN	HP1BP3	Heterochromatin protein 1-binding protein 3	1.18359e+06	873674	2.11558e+06	1.48271e+06
Q5ST30	Q5ST30	SYVM_HUMAN	VARS2	Valine--tRNA ligase, mitochondrial	844328	1.13608e+06	1.33334e+06	855252
Q5SW79	Q5SW79	CE170_HUMAN	CEP170	Centrosomal protein of 170 kDa	274723	362423	252367	313437
Q5SW96	Q5SW96	ARH_HUMAN	LDLRAP1	Low density lipoprotein receptor adapter protein 1	94163.1	100131	46621.2	
Q5SWX8	Q5SWX8	ODR4_HUMAN	ODR4	Protein odr-4 homolog	250839	284202	481511	
Q5SXM8	Q5SXM8	DNLZ_HUMAN	DNLZ	DNL-type zinc finger protein	370434	535370	319260	
Q5T013	Q5T013	HYI_HUMAN	HYI	Putative hydroxypyruvate isomerase	511028	1.26114e+06	1.24633e+06	721476
Q5T0D9	Q5T0D9	TPRGL_HUMAN	TPRG1L	Tumor protein p63-regulated gene 1-like protein	275459	357168	231470	
Q5T0F9	Q5T0F9	C2D1B_HUMAN	CC2D1B	Coiled-coil and C2 domain-containing protein 1B	555944	491681	388825	
Q5T0N5	Q5T0N5	FBP1L_HUMAN	FNBP1L	Formin-binding protein 1-like	324996	253910	227779	274484
Q5T0Z8	Q5T0Z8	CF132_HUMAN	C6orf132	Uncharacterized protein C6orf132	152353	91040.9		
Q5T160	Q5T160	SYRM_HUMAN	RARS2	Probable arginine--tRNA ligase, mitochondrial	137281	58005.9	154718	
Q5T1C6	Q5T1C6	THEM4_HUMAN	THEM4	Acyl-coenzyme A thioesterase THEM4	78931.4		61393.7	
Q5T1M5	Q5T1M5	FKB15_HUMAN	FKBP15	FK506-binding protein 15	238674	140603	536795	467470
Q5T1V6	Q5T1V6	DDX59_HUMAN	DDX59	Probable ATP-dependent RNA helicase DDX59	184469	87095.8	135328	
Q5T280	Q5T280	CI114_HUMAN	SPOUT1	Putative methyltransferase C9orf114	262890			
Q5T2E6	Q5T2E6	ARMD3_HUMAN	ARMH3	Armadillo-like helical domain-containing protein 3	91397.8	72101.1	197502	93293
Q5T2T1	Q5T2T1	MPP7_HUMAN	MPP7	MAGUK p55 subfamily member 7	411036	338842	213075	
Q5T440	Q5T440	CAF17_HUMAN	IBA57	Putative transferase CAF17, mitochondrial	591819	994883	1.07583e+06	836677
Q5T447	Q5T447	HECD3_HUMAN	HECTD3	E3 ubiquitin-protein ligase HECTD3	641605	495978	474372	842605
Q5T4B2	Q5T4B2	GT253_HUMAN	CERCAM	Inactive glycosyltransferase 25 family member 3	67954.4	28355.5		
Q5T4S7	Q5T4S7	UBR4_HUMAN	UBR4	E3 ubiquitin-protein ligase UBR4	739531	253616	1.05626e+06	412626
Q5T5C0	Q5T5C0;Q9Y2K9	STXB5_HUMAN	STXBP5	Syntaxin-binding protein 5	671133	597813	1.25594e+06	1.4625e+06
Q5T5P2	Q5T5P2	SKT_HUMAN	KIAA1217	Sickle tail protein homolog	666566	295819	350845	483826
Q5T653	Q5T653	RM02_HUMAN	MRPL2	Large ribosomal subunit protein uL2m	541988	291226	891432	1.61104e+06
Q5T6F2	Q5T6F2	UBAP2_HUMAN	UBAP2	Ubiquitin-associated protein 2	587942	426171		761279
Q5T6J7	Q5T6J7	GNTK_HUMAN	IDNK	Probable gluconokinase	40647.5	170888		
Q5T6V5	Q5T6V5	QNG1_HUMAN	QNG1	Queuosine 5'-phosphate N-glycosylase/hydrolase	1.01907e+06	1.15992e+06	824150	958176
Q5T749	Q5T749	KPRP_HUMAN	KPRP	Keratinocyte proline-rich protein	679762	1.58751e+06	1.78963e+06	3.96818e+06
Q5T750	Q5T750	KPLCE_HUMAN	KPLCE	Protein KPLCE	2.43681e+06	3.71174e+06	3.2564e+06	1.80522e+07
Q5T7V8	Q5T7V8	GORAB_HUMAN	GORAB	RAB6-interacting golgin	58230.3	116796		
Q5T8P6	Q5T8P6	RBM26_HUMAN	RBM26	RNA-binding protein 26	472663	307325	374132	
Q5T9A4	Q5T9A4	ATD3B_HUMAN	ATAD3B	ATPase family AAA domain-containing protein 3B			166039	
Q5T9L3	Q5T9L3	WLS_HUMAN	WLS	Protein wntless homolog	478268	171781	538355	
Q5TA45	Q5TA45	INT11_HUMAN	INTS11	Integrator complex subunit 11	190568	38634	237460	
Q5TA50	Q5TA50	CPTP_HUMAN	CPTP	Ceramide-1-phosphate transfer protein	147834	187136	180530	
Q5TAQ9	Q5TAQ9	DCAF8_HUMAN	DCAF8	DDB1- and CUL4-associated factor 8	215199	215132	379552	342277
Q5TAX3	Q5TAX3	TUT4_HUMAN	TUT4	Terminal uridylyltransferase 4	7.40934e+06	1.55964e+07	7.7798e+06	5.71554e+06
Q5TBB1	Q5TBB1	RNH2B_HUMAN	RNASEH2B	Ribonuclease H2 subunit B	314385	169182	155107	
Q5TC12	Q5TC12	ATPF1_HUMAN	ATPAF1	ATP synthase mitochondrial F1 complex assembly factor 1	260303	196642	191056	487969
Q5TC63	Q5TC63	GRTP1_HUMAN	GRTP1	Growth hormone-regulated TBC protein 1	119955			
Q5TD97	Q5TD97	FHL5_HUMAN	FHL5	Four and a half LIM domains protein 5	73692.3			
Q5TDH0	Q5TDH0	DDI2_HUMAN	DDI2	Protein DDI1 homolog 2	1.71038e+06	2.0605e+06	672957	2.47829e+06
Q5TEC6	P68431;P84243;Q16695;Q6NXT2;Q71DI3;Q5TEC6	H37_HUMAN	H3-7	Histone H3-7	1.60122e+07	1.60275e+07	2.57438e+07	8.34379e+06
Q5TEJ8	Q5TEJ8	THMS2_HUMAN	THEMIS2	Protein THEMIS2	917235	994524	1.24801e+06	8.60928e+06
Q5TEU4	Q5TEU4	NDUF5_HUMAN	NDUFAF5	Arginine-hydroxylase NDUFAF5, mitochondrial	236942	209218		
Q5TFE4	Q5TFE4	NT5D1_HUMAN	NT5DC1	5'-nucleotidase domain-containing protein 1	797946	1.47584e+06	1.39218e+06	1.47127e+06
Q5TGZ0	Q5TGZ0	MIC10_HUMAN	MICOS10	MICOS complex subunit MIC10	1.59026e+06	2.45073e+06	1.37418e+06	2.35337e+06
Q5TKA1	Q5TKA1	LIN9_HUMAN	LIN9	Protein lin-9 homolog	60686.2			
Q5U5X0	Q5U5X0	LYRM7_HUMAN	LYRM7	Complex III assembly factor LYRM7	1.0342e+06	1.23688e+06	571957	661601
Q5UCC4	Q5UCC4	EMC10_HUMAN	EMC10	ER membrane protein complex subunit 10	882245	1.06385e+06	1.17178e+06	611447
Q5UIP0	Q5UIP0	RIF1_HUMAN	RIF1	Telomere-associated protein RIF1	54287.8			
Q5VIR6	Q5VIR6	VPS53_HUMAN	VPS53	Vacuolar protein sorting-associated protein 53 homolog	470522	385815	476819	
Q5VSL9	Q5VSL9;Q9ULQ0	STRP1_HUMAN	STRIP1	Striatin-interacting protein 1	699780	671442	647599	1.05169e+06
Q5VT52	Q5VT52	RPRD2_HUMAN	RPRD2	Regulation of nuclear pre-mRNA domain-containing protein 2	565370	485269	643240	
Q5VT66	Q5VT66	MARC1_HUMAN	MTARC1	Mitochondrial amidoxime-reducing component 1	81245.8	67983.5	48321.3	
Q5VTB9	Q5VTB9	RN220_HUMAN	RNF220	E3 ubiquitin-protein ligase RNF220	264935	222371		
Q5VTE6	Q5VTE6	ANGE2_HUMAN	ANGEL2	Protein angel homolog 2	19050.6			
Q5VTL8	Q5VTL8	PR38B_HUMAN	PRPF38B	Pre-mRNA-splicing factor 38B	409686	319134	623168	
Q5VTQ0	Q5VTQ0	TT39B_HUMAN	TTC39B	Tetratricopeptide repeat protein 39B	340652	174170	368668	84770
Q5VTR2	Q5VTR2	BRE1A_HUMAN	RNF20	E3 ubiquitin-protein ligase BRE1A	1.21497e+06	714596	1.02346e+06	
Q5VV41	Q5VV41	ARHGG_HUMAN	ARHGEF16	Rho guanine nucleotide exchange factor 16	454816	273990	565477	646432
Q5VVQ6	Q5VVQ6	OTU1_HUMAN	YOD1	Ubiquitin thioesterase OTU1	392438	451490	366802	
Q5VW32	Q5VW32	BROX_HUMAN	BROX	BRO1 domain-containing protein BROX	1.18313e+06	897623	1.18946e+06	1.3229e+06
Q5VW36	Q5VW36	FOCAD_HUMAN	FOCAD	Focadhesin	227082		395746	
Q5VW38	Q5VW38	GP107_HUMAN	GPR107	Protein GPR107	141462	40791.6	175000	
Q5VWC8	Q5VWC8	HACD4_HUMAN	HACD4	Very-long-chain (3R)-3-hydroxyacyl-CoA dehydratase 4	58961.9	16906.9	121850	
Q5VWJ9	Q5VWJ9	SNX30_HUMAN	SNX30	Sorting nexin-30	293261	129138	252089	211546
Q5VWP2	Q5VWP2	TET5C_HUMAN	TENT5C	Terminal nucleotidyltransferase 5C	253919	264423	114473	
Q5VWQ8	Q5VWQ8	DAB2P_HUMAN	DAB2IP	Disabled homolog 2-interacting protein	81727.7			205065
Q5VWZ2	Q5VWZ2	LYPL1_HUMAN	LYPLAL1	Lysophospholipase-like protein 1	759044	1.13182e+06	809004	366467
Q5VYK3	Q5VYK3	ECM29_HUMAN	ECPAS	Proteasome adapter and scaffold protein ECM29	1.4674e+06	793138	868868	1.28166e+06
Q5VYS4	Q5VYS4	MEDAG_HUMAN	MEDAG	Mesenteric estrogen-dependent adipogenesis protein	90959.4		108093	
Q5VYS8	Q5VYS8	TUT7_HUMAN	TUT7	Terminal uridylyltransferase 7	59774	14733.7	59891.2	
Q5VYY1	Q5VYY1	ANR22_HUMAN	ANKRD22	Ankyrin repeat domain-containing protein 22	4.38474e+06	1.79791e+06	4.94864e+06	
Q5VZ89	Q5VZ89	DEN4C_HUMAN	DENND4C	DENN domain-containing protein 4C	143315	111688	153551	
Q5VZF2	Q5VZF2	MBNL2_HUMAN	MBNL2	Muscleblind-like protein 2	185261	74779.3		
Q5VZK9	Q5VZK9	CARL1_HUMAN	CARMIL1	F-actin-uncapping protein LRRC16A	311088	283292	345566	816398
Q5W0U4	Q5W0U4	BSPRY_HUMAN	BSPRY	B box and SPRY domain-containing protein	453308			
Q5W0V3	Q5W0V3	FHI2A_HUMAN	FHIP2A	FHF complex subunit HOOK interacting protein 2A	1.9736e+06	1.68367e+06	5.0268e+06	619354
Q5W0Z9	Q5W0Z9	ZDH20_HUMAN	ZDHHC20	Palmitoyltransferase ZDHHC20	664286	362283	269439	395426
Q5W111	Q5W111	SPRY7_HUMAN	SPRYD7	SPRY domain-containing protein 7	992063	789669	714390	612176
Q5XKP0	Q5XKP0	MIC13_HUMAN	MICOS13	MICOS complex subunit MIC13	612137	668505	348446	799863
Q5XPI4	Q5XPI4	RN123_HUMAN	RNF123	E3 ubiquitin-protein ligase RNF123	229937	210005	195048	
Q5ZPR3	Q5ZPR3	CD276_HUMAN	CD276	CD276 antigen	6.51659e+06	4.63117e+06	3.65714e+06	2.90525e+06
Q629K1	Q629K1	TRIQK_HUMAN	TRIQK	Triple QxxK/R motif-containing protein	1.22567e+06	1.35988e+06	614644	1.57436e+06
Q63HN8	Q63HN8	RN213_HUMAN	RNF213	E3 ubiquitin-protein ligase RNF213	1.69063e+06	801182	2.01837e+06	1.94886e+06
Q63HQ2	Q63HQ2	EGFLA_HUMAN	EGFLAM	Pikachurin	294871	217355	245958	
Q63HR2	Q63HR2	TENS2_HUMAN	TNS2	Tensin-2	188798	120496	351832	
Q63ZY3	Q63ZY3	KANK2_HUMAN	KANK2	KN motif and ankyrin repeat domain-containing protein 2	1.64346e+06	783018	1.83867e+06	983091
Q641Q2	Q641Q2;Q9Y4E1	WAC2A_HUMAN	WASHC2A	WASH complex subunit 2A	696562	596638	600118	1.06456e+06
Q643R3	Q643R3	LPCT4_HUMAN	LPCAT4	Lysophospholipid acyltransferase LPCAT4	568326	725382	299985	199237
Q658K8	Q658K8	EF1DL_HUMAN	EEF1DP3	Putative elongation factor 1-delta-like protein	731410	685846	2.45746e+06	2.91764e+07
Q658P3	Q658P3	STEA3_HUMAN	STEAP3	Metalloreductase STEAP3	487750	459866	345873	675055
Q658Y4	Q658Y4	F91A1_HUMAN	FAM91A1	Protein FAM91A1	296339	212109	455175	216549
Q659C4	Q659C4	LAR1B_HUMAN	LARP1B	La-related protein 1B		24941		
Q66K14	Q66K14	TBC9B_HUMAN	TBC1D9B	TBC1 domain family member 9B	354636	266096	251630	
Q66K74	Q66K74	MAP1S_HUMAN	MAP1S	Microtubule-associated protein 1S	1.07446e+06	873276	795221	1.03611e+06
Q66PJ3	Q66PJ3	AR6P4_HUMAN	ARL6IP4	ADP-ribosylation factor-like protein 6-interacting protein 4	239501	333321		374376
Q676U5	Q676U5	A16L1_HUMAN	ATG16L1	Autophagy-related protein 16-1	142186	77307.8		
Q684P5	Q684P5	RPGP2_HUMAN	RAP1GAP2	Rap1 GTPase-activating protein 2	859603	717587	1.30977e+06	1.12887e+06
Q687X5	Q687X5	STEA4_HUMAN	STEAP4	Metalloreductase STEAP4	292482	253711	652731	
Q68CP4	Q68CP4	HGNAT_HUMAN	HGSNAT	Heparan-alpha-glucosaminide N-acetyltransferase	221510	147990	225409	
Q68CQ4	Q68CQ4	UTP25_HUMAN	UTP25	U3 small nucleolar RNA-associated protein 25 homolog	183505	61669.8	132299	
Q68CQ7	Q68CQ7	GL8D1_HUMAN	GLT8D1	Glycosyltransferase 8 domain-containing protein 1	139466	82852	277443	
Q68CR1	Q68CR1	SE1L3_HUMAN	SEL1L3	Protein sel-1 homolog 3	188101	196191	296677	
Q68CZ2	Q68CZ2	TENS3_HUMAN	TNS3	Tensin-3	2.20207e+06	783037	1.10948e+06	857068
Q68D91	Q68D91	MBLC2_HUMAN	MBLAC2	Acyl-coenzyme A thioesterase MBLAC2	271126	385886	363661	
Q68DL7	Q68DL7	CR063_HUMAN	C18orf63	Uncharacterized protein C18orf63	1.99295e+06	3.24918e+06	2.91804e+06	4.92106e+06
Q68E01	Q68E01	INT3_HUMAN	INTS3	Integrator complex subunit 3	365800		404919	
Q68EM7	Q68EM7	RHG17_HUMAN	ARHGAP17	Rho GTPase-activating protein 17	1.65876e+06	1.41938e+06	1.44245e+06	2.04882e+06
Q69YL0	Q69YL0	NCAS2_HUMAN	NCBP2AS2	Protein NCBP2AS2	409993	417376		
Q69YN2	Q69YN2	C19L1_HUMAN	CWF19L1	CWF19-like protein 1	333098	151027	265997	
Q6BCY4	Q6BCY4	NB5R2_HUMAN	CYB5R2	NADH-cytochrome b5 reductase 2	1.22458e+06	1.14499e+06	1.40211e+06	686923
Q6DD87	Q6DD87	ZN787_HUMAN	ZNF787	Zinc finger protein 787		25647.4		
Q6DD88	Q6DD88	ATLA3_HUMAN	ATL3	Atlastin-3	2.05945e+06	1.29864e+06	1.88539e+06	1.65103e+06
Q6DKJ4	Q6DKJ4	NXN_HUMAN	NXN	Nucleoredoxin	964575	517603	687205	397843
Q6DN12	Q6DN12	MCTP2_HUMAN	MCTP2	Multiple C2 and transmembrane domain-containing protein 2	84449.9	57958	223182	
Q6EMK4	Q6EMK4	VASN_HUMAN	VASN	Vasorin	577436	388592	312268	
Q6FHJ7	Q6FHJ7	SFRP4_HUMAN	SFRP4	Secreted frizzled-related protein 4	483433			
Q6FI81	Q6FI81	CPIN1_HUMAN	CIAPIN1	Anamorsin	1.41328e+06	1.35504e+06	1.13527e+06	1.24356e+06
Q6FIF0	O76080;Q6FIF0	ZFAN6_HUMAN	ZFAND6	AN1-type zinc finger protein 6	271513	518749	157355	
Q6GMV2	Q6GMV2	SMYD5_HUMAN	SMYD5	Histone-lysine N-trimethyltransferase SMYD5	1.14196e+06	776335	708799	830724
Q6GMV3	Q6GMV3	PTRD1_HUMAN	PTRHD1	Putative peptidyl-tRNA hydrolase PTRHD1	1.4434e+06	2.97628e+06	1.38345e+06	
Q6GPH4	Q6GPH4	XAF1_HUMAN	XAF1	XIAP-associated factor 1	44036.2	36430.8		
Q6GQQ9	Q6GQQ9	OTU7B_HUMAN	OTUD7B	OTU domain-containing protein 7B	35560.5			
Q6GTX8	Q6GTX8	LAIR1_HUMAN	LAIR1	Leukocyte-associated immunoglobulin-like receptor 1	157675	302435		
Q6I9Y2	Q6I9Y2	THOC7_HUMAN	THOC7	THO complex subunit 7 homolog	139819	118744	189630	
Q6IA17	Q6IA17	SIGIR_HUMAN	SIGIRR	Single Ig IL-1-related receptor	418663	399457	459504	1.16859e+06
Q6IA69	Q6IA69	NADE_HUMAN	NADSYN1	Glutamine-dependent NAD(+) synthetase	1.09538e+06	1.82935e+06	2.00802e+06	739346
Q6IA86	Q6IA86	ELP2_HUMAN	ELP2	Elongator complex protein 2	360312	333462	524618	
Q6IAA8	Q6IAA8	LTOR1_HUMAN	LAMTOR1	Ragulator complex protein LAMTOR1	433874	1.49461e+06	1.19701e+06	1.42585e+06
Q6IAN0	Q6IAN0	DRS7B_HUMAN	DHRS7B	Dehydrogenase/reductase SDR family member 7B	433706	359907	488612	489571
Q6IBS0	Q12792;Q6IBS0	TWF2_HUMAN	TWF2	Twinfilin-2	5.44975e+06	5.25871e+06	4.88985e+06	2.71652e+06
Q6IC98	Q6IC98	GRAM4_HUMAN	GRAMD4	GRAM domain-containing protein 4	78109.7	144289	184391	
Q6ICB4	Q6ICB4	SESQ2_HUMAN	PHETA2	Sesquipedalian-2	62127.9	32805.1	59825.1	
Q6ICG6	Q6ICG6	K0930_HUMAN	KIAA0930	Uncharacterized protein KIAA0930	354500	318192	322997	
Q6ICL3	Q6ICL3	TNG2_HUMAN	TANGO2	Transport and Golgi organization protein 2 homolog	411080	549938	374777	
Q6IEZ7;Q8NH00;Q8NH02	Q8NHC8;Q6IEZ7;Q8NH00;Q8NH02	O2T29_HUMAN;OR2T4_HUMAN;OR2T5_HUMAN	OR2T29;OR2T4;OR2T5	Olfactory receptor 2T5	163493	345131	183248	
Q6IN84	Q6IN84	MRM1_HUMAN	MRM1	rRNA methyltransferase 1, mitochondrial	871046	521549	236998	
Q6IN85	Q6IN85	P4R3A_HUMAN	PPP4R3A	Serine/threonine-protein phosphatase 4 regulatory subunit 3A	305431	219442	316324	550172
Q6IPR1	Q6IPR1	ETFR1_HUMAN	ETFRF1	Electron transfer flavoprotein regulatory factor 1	219047	539575	451271	
Q6IQ22	Q6IQ22	RAB12_HUMAN	RAB12	Ras-related protein Rab-12	1.11834e+06	1.3279e+06	954628	1.01876e+06
Q6IQ49	Q6IQ49	SDE2_HUMAN	SDE2	Splicing regulator SDE2	430846	365354		551974
Q6JBY9	Q6JBY9	CPZIP_HUMAN	RCSD1	CapZ-interacting protein	678962	1.38478e+06	984780	970225
Q6KB66	Q6KB66	K2C80_HUMAN	KRT80	Keratin, type II cytoskeletal 80	631556	1.23248e+06	1.80712e+06	4.52023e+06
Q6L8Q7	Q6L8Q7	PDE12_HUMAN	PDE12	2',5'-phosphodiesterase 12	2.75421e+06	1.73826e+06	2.28974e+06	1.94789e+06
Q6N063	Q6N063	OGFD2_HUMAN	OGFOD2	2-oxoglutarate and iron-dependent oxygenase domain-containing protein 2		50508.1		
Q6N069	Q6N069	NAA16_HUMAN	NAA16	N-alpha-acetyltransferase 16, NatA auxiliary subunit	84067.6	49952.5		
Q6N075	Q6N075	MFSD5_HUMAN	MFSD5	Molybdate-anion transporter			163544	
Q6NSJ5;Q8TDW0	Q6NSJ5;Q8TDW0	LRC8C_HUMAN;LRC8E_HUMAN	LRRC8C;LRRC8E	Volume-regulated anion channel subunit LRRC8E	19388.8			
Q6NSW5;Q8TCE6	Q8TCE6;Q6NSW5	DE10B_HUMAN;DEN10_HUMAN	DENND10;DENND10P1	Putative DENN domain-containing protein 10 B	409641	235348	422231	
Q6NTF9	Q6NTF9	RHBD2_HUMAN	RHBDD2	Rhomboid domain-containing protein 2	150808		346439	
Q6NUK1	Q6NUK1	SCMC1_HUMAN	SLC25A24	Mitochondrial adenyl nucleotide antiporter SLC25A24	3.51182e+06	1.2808e+06	6.07218e+06	1.07388e+07
Q6NUK4	Q6NUK4	REEP3_HUMAN	REEP3	Receptor expression-enhancing protein 3	322150	228853		184525
Q6NUM9	Q6NUM9	RETST_HUMAN	RETSAT	All-trans-retinol 13,14-reductase	317026	337645	775115	1.05752e+06
Q6NUQ4	Q6NUQ4	TM214_HUMAN	TMEM214	Transmembrane protein 214	645582	563288	994686	435388
Q6NUS6	Q6NUS6	TECT3_HUMAN	TCTN3	Tectonic-3	31629.3	44484.6	34257.8	
Q6NVY1	Q6NVY1	HIBCH_HUMAN	HIBCH	3-hydroxyisobutyryl-CoA hydrolase, mitochondrial	2.07898e+06	2.4914e+06	3.93783e+06	3.8704e+06
Q6NW29	Q6NW29	RWDD4_HUMAN	RWDD4	RWD domain-containing protein 4	109789	136655	34181.9	
Q6NXE6	Q6NXE6	ARMC6_HUMAN	ARMC6	Armadillo repeat-containing protein 6	88471	161711		
Q6NXG1	Q6NXG1	ESRP1_HUMAN	ESRP1	Epithelial splicing regulatory protein 1	1.4227e+06	679793	1.27533e+06	1.2356e+06
Q6NXR4	Q6NXR4	TTI2_HUMAN	TTI2	TELO2-interacting protein 2	48779.1	41144.1		
Q6NYC1	Q6NYC1	JMJD6_HUMAN	JMJD6	Bifunctional arginine demethylase and lysyl-hydroxylase JMJD6	1.17021e+06	798850	628704	
Q6NYC8	Q6NYC8	PPR18_HUMAN	PPP1R18	Phostensin	1.47675e+06	1.14791e+06	419835	1.3992e+06
Q6NZ67	Q6NZ67;Q6P582	MZT2B_HUMAN	MZT2B	Mitotic-spindle organizing protein 2B	163821	430394		
Q6NZI2	Q6NZI2	CAVN1_HUMAN	CAVIN1	Caveolae-associated protein 1	4.13742e+06	5.55131e+06	5.78367e+06	6.06137e+06
Q6NZY4	Q6NZY4	ZCHC8_HUMAN	ZCCHC8	Zinc finger CCHC domain-containing protein 8	83704		123711	
Q6P161	Q6P161	RM54_HUMAN	MRPL54	Large ribosomal subunit protein mL54	512555	820154		2.31133e+06
Q6P179	Q6P179	ERAP2_HUMAN	ERAP2	Endoplasmic reticulum aminopeptidase 2	1.73016e+06	2.53145e+06	2.43282e+06	796458
Q6P1A2	Q6P1A2	MBOA5_HUMAN	LPCAT3	Lysophospholipid acyltransferase 5	385523	161248	1.55798e+06	599262
Q6P1J9	Q6P1J9	CDC73_HUMAN	CDC73	Parafibromin	393484	239489	551593	270476
Q6P1L8	Q6P1L8	RM14_HUMAN	MRPL14	Large ribosomal subunit protein uL14m	409030	736230	219831	749453
Q6P1M0	Q6P1M0	S27A4_HUMAN	SLC27A4	Long-chain fatty acid transport protein 4	363801	166963	620309	595126
Q6P1M3	Q6P1M3	L2GL2_HUMAN	LLGL2	LLGL scribble cell polarity complex component 2	1.16347e+06	1.01325e+06	1.66361e+06	1.32069e+06
Q6P1N0	Q6P1N0	C2D1A_HUMAN	CC2D1A	Coiled-coil and C2 domain-containing protein 1A	5.88627e+06	4.41363e+06	3.72216e+06	5.2754e+06
Q6P1N9	Q6P1N9	TATD1_HUMAN	TATDN1	Deoxyribonuclease TATDN1	1.15707e+06	1.25993e+06	928022	752721
Q6P1Q9	Q6P1Q9	MET2B_HUMAN	METTL2B	tRNA N(3)-methylcytidine methyltransferase METTL2B	517578	305085	127629	
Q6P1R3	Q6P1R3	MSD2_HUMAN	MSANTD2	Myb/SANT-like DNA-binding domain-containing protein 2	212426		241359	
Q6P1R4	Q6P1R4	DUS1L_HUMAN	DUS1L	tRNA-dihydrouridine(16/17) synthase [NAD(P)(+)]-like	144813	111344	73111.6	
Q6P1X6	Q6P1X6	CH082_HUMAN	C8orf82	UPF0598 protein C8orf82	1.06697e+06	1.45044e+06	1.16585e+06	1.99333e+06
Q6P2E9	Q6P2E9	EDC4_HUMAN	EDC4	Enhancer of mRNA-decapping protein 4	551144	304549	807913	
Q6P2Q9	Q6P2Q9	PRP8_HUMAN	PRPF8	Pre-mRNA-processing-splicing factor 8	1.06876e+06	300205	2.64865e+06	472200
Q6P3W7	Q6P3W7	SCYL2_HUMAN	SCYL2	SCY1-like protein 2	149233	62557.1	124865	
Q6P4A8	Q6P4A8	PLBL1_HUMAN	PLBD1	Phospholipase B-like 1	2.53474e+06	5.52217e+06	7.74365e+06	4.40577e+06
Q6P4E1	Q6P4E1	GOLM2_HUMAN	GOLM2	Protein GOLM2	368042	434550	454116	1.26215e+06
Q6P4F2	Q6P4F2	FDX2_HUMAN	FDX2	Ferredoxin-2, mitochondrial	137756	195728	143634	
Q6P4Q7	Q6P4Q7	CNNM4_HUMAN	CNNM4	Metal transporter CNNM4	143965	100713	206270	
Q6P531	Q6P531	GGT6_HUMAN	GGT6	Glutathione hydrolase 6		37297.3	156495	210948
Q6P587	Q6P587	FAHD1_HUMAN	FAHD1	Acylpyruvase FAHD1, mitochondrial	2.62219e+06	3.58644e+06	2.17988e+06	1.94135e+06
Q6P589	Q6P589	TP8L2_HUMAN	TNFAIP8L2	Tumor necrosis factor alpha-induced protein 8-like protein 2	323425	451213	309665	
Q6P5W5	Q6P5W5	S39A4_HUMAN	SLC39A4	Zinc transporter ZIP4	23698			
Q6P6C2	Q6P6C2	ALKB5_HUMAN	ALKBH5	RNA demethylase ALKBH5	213125	282055	382988	
Q6P996	Q6P996	PDXD1_HUMAN	PDXDC1	Pyridoxal-dependent decarboxylase domain-containing protein 1	866294	738180	1.54324e+06	5.67942e+06
Q6P9B6	Q6P9B6	MEAK7_HUMAN	MEAK7	MTOR-associated protein MEAK7	592704	421515	478132	821350
Q6P9H5	Q6P9H5	GIMA6_HUMAN	GIMAP6	GTPase IMAP family member 6	45186.6	60734.1		
Q6PCB0	Q6PCB0	VWA1_HUMAN	VWA1	von Willebrand factor A domain-containing protein 1	464228	602559	615072	
Q6PCB6	Q6PCB6;Q96GS6	AB17C_HUMAN	ABHD17C	Alpha/beta hydrolase domain-containing protein 17C	90469.5	91932.8	76007.5	
Q6PCB7	Q6PCB7	S27A1_HUMAN	SLC27A1	Long-chain fatty acid transport protein 1	106244		124637	
Q6PCB8	Q6PCB8	EMB_HUMAN	EMB	Embigin	694103	648184	1.22792e+06	301838
Q6PCE3	Q6PCE3	PGM2L_HUMAN	PGM2L1	Glucose 1,6-bisphosphate synthase	3.33632e+06	2.81503e+06	2.68981e+06	1.04222e+06
Q6PD62	Q6PD62	CTR9_HUMAN	CTR9	RNA polymerase-associated protein CTR9 homolog	471783	561003	481177	
Q6PD74	Q6PD74	AAGAB_HUMAN	AAGAB	Alpha- and gamma-adaptin-binding protein p34	241024	171931		
Q6PGP7	Q6PGP7	SKI3_HUMAN	SKIC3	Superkiller complex protein 3	345686	191633	397013	447309
Q6PI48	Q6PI48	SYDM_HUMAN	DARS2	Aspartate--tRNA ligase, mitochondrial	1.64742e+06	1.25549e+06	1.48551e+06	1.45879e+06
Q6PI73	Q6PI73	LIRA6_HUMAN	LILRA6	Leukocyte immunoglobulin-like receptor subfamily A member 6	548527	576500	1.03805e+06	
Q6PI78	Q6PI78	TMM65_HUMAN	TMEM65	Transmembrane protein 65	443766	297167	350060	
Q6PID6	Q6PID6	TTC33_HUMAN	TTC33	Tetratricopeptide repeat protein 33	37213.7	75271.2		
Q6PIF6	Q6PIF6	MYO7B_HUMAN	MYO7B	Unconventional myosin-VIIb	126035	157806	960510	1.31181e+06
Q6PIU2	Q6PIU2	NCEH1_HUMAN	NCEH1	Neutral cholesterol ester hydrolase 1	3.3078e+06	2.14111e+06	2.64848e+06	2.82017e+06
Q6PJ69	Q6PJ69	TRI65_HUMAN	TRIM65	E3 ubiquitin-protein ligase TRIM65	241513	199163	240907	
Q6PJF5	Q6PJF5	RHDF2_HUMAN	RHBDF2	Inactive rhomboid protein 2	147629	152693	131720	
Q6PJG6	Q6PJG6	BRAT1_HUMAN	BRAT1	BRCA1-associated ATM activator 1	138269	32917.5	53999.1	
Q6PJT7	Q6PJT7	ZC3HE_HUMAN	ZC3H14	Zinc finger CCCH domain-containing protein 14	337887	171600	192930	
Q6PKC3	Q6PKC3	TXD11_HUMAN	TXNDC11	Thioredoxin domain-containing protein 11	71377.4	274545	132288	
Q6PKG0	Q659C4;Q6PKG0	LARP1_HUMAN	LARP1	La-related protein 1	1.08721e+06	943345	928965	1.30527e+06
Q6PL24	Q6PL24	TMED8_HUMAN	TMED8	Protein TMED8	341450	462981	565181	235319
Q6PML9	Q6PML9	ZNT9_HUMAN	SLC30A9	Proton-coupled zinc antiporter SLC30A9, mitochondrial	228170		451419	802099
Q6QNY0	Q6QNY0	BL1S3_HUMAN	BLOC1S3	Biogenesis of lysosome-related organelles complex 1 subunit 3	365452	801492		754836
Q6QNY1	Q6QNY1	BL1S2_HUMAN	BLOC1S2	Biogenesis of lysosome-related organelles complex 1 subunit 2	529201	859442	605880	940379
Q6RW13	Q6RW13	ATRAP_HUMAN	AGTRAP	Type-1 angiotensin II receptor-associated protein	1.65013e+06	1.57995e+06	2.63458e+06	1.5034e+06
Q6SPF0	Q6SPF0	SAMD1_HUMAN	SAMD1	Sterile alpha motif domain-containing protein 1	164334	75769.7		
Q6UB28	Q6UB28	MAP12_HUMAN	METAP1D	Methionine aminopeptidase 1D, mitochondrial	126304	107900	45941.7	
Q6UB35	Q6UB35	C1TM_HUMAN	MTHFD1L	Monofunctional C1-tetrahydrofolate synthase, mitochondrial	622887	242215	509235	563903
Q6UN15	Q6UN15	FIP1_HUMAN	FIP1L1	Pre-mRNA 3'-end-processing factor FIP1	560769	472259	991819	1.2997e+07
Q6UVK1	Q6UVK1	CSPG4_HUMAN	CSPG4	Chondroitin sulfate proteoglycan 4	889067	867819	886181	993728
Q6UVY6	Q6UVY6	MOXD1_HUMAN	MOXD1	DBH-like monooxygenase protein 1	2.24643e+06	1.57102e+06	879570	641283
Q6UW02	Q6UW02	CP20A_HUMAN	CYP20A1	Cytochrome P450 20A1	300959	408515	224072	549844
Q6UW56	Q6UW56	ARAID_HUMAN	ATRAID	All-trans retinoic acid-induced differentiation factor	681672	865777		
Q6UW63	Q6UW63	PLGT2_HUMAN	POGLUT2	Protein O-glucosyltransferase 2	338758	159127	56445.7	
Q6UW68	Q6UW68	TM205_HUMAN	TMEM205	Transmembrane protein 205	1.20165e+06	2.77164e+06	4.48813e+06	2.50783e+06
Q6UWE0	Q6UWE0	LRSM1_HUMAN	LRSAM1	E3 ubiquitin-protein ligase LRSAM1	445724	314107	384209	
Q6UWF7	Q6UWF7	NXPE4_HUMAN	NXPE4	NXPE family member 4		227624	365706	424944
Q6UWM9	Q6UWM9	UD2A3_HUMAN	UGT2A3	UDP-glucuronosyltransferase 2A3		263213		
Q6UWP2	Q6UWP2	DHR11_HUMAN	DHRS11	Dehydrogenase/reductase SDR family member 11	1.23636e+06	1.64418e+06	1.29799e+06	1.74076e+06
Q6UWP7	Q6UWP7	LCLT1_HUMAN	LCLAT1	Lysocardiolipin acyltransferase 1	253054	108629	621077	489066
Q6UWP8	Q6UWP8	SBSN_HUMAN	SBSN	Suprabasin	207935	363916	756525	677600
Q6UWW8	Q6UWW8	EST3_HUMAN	CES3	Carboxylesterase 3		132078	259257	440281
Q6UWY5	Q6UWY5	OLFL1_HUMAN	OLFML1	Olfactomedin-like protein 1	595466	599066	676217	587184
Q6UX01;Q8WVP7	Q6UX01;Q8WVP7	LMBR1_HUMAN;LMBRL_HUMAN	LMBR1;LMBR1L	Protein LMBR1L	98955.4	27028.7	44114.5	
Q6UX04	Q6UX04	CWC27_HUMAN	CWC27	Spliceosome-associated protein CWC27 homolog	469935	233421	422039	
Q6UX06	Q6UX06	OLFM4_HUMAN	OLFM4	Olfactomedin-4	3.34046e+06	2.08456e+07	1.56342e+07	4.58036e+06
Q6UX53	Q6UX53	TMT1B_HUMAN	TMT1B	Thiol S-methyltransferase TMT1B	693337	376901	951346	1.20506e+06
Q6UX71	Q6UX71	PXDC2_HUMAN	PLXDC2	Plexin domain-containing protein 2	664506	354582	186105	355426
Q6UXG2	Q6UXG2	ELAP1_HUMAN	ELAPOR1	Endosome/lysosome-associated apoptosis and autophagy regulator 1	352089	554627	922694	1.05373e+06
Q6UXH1	Q6UXH1	CREL2_HUMAN	CRELD2	Protein disulfide isomerase CRELD2	1.68839e+06	5.45929e+06	2.77279e+06	2.69154e+06
Q6UXN9	Q6UXN9	WDR82_HUMAN	WDR82	WD repeat-containing protein 82	1.02418e+06	655808	997872	864385
Q6UXV4	Q6UXV4	MIC27_HUMAN	APOOL	MICOS complex subunit MIC27	629490	368116	900568	1.79085e+06
Q6UY14	Q6UY14	ATL4_HUMAN	ADAMTSL4	ADAMTS-like protein 4		132013	75275.8	
Q6V1X1	Q6V1X1	DPP8_HUMAN	DPP8	Dipeptidyl peptidase 8	514210	594499	513092	
Q6VY07	Q6VY07	PACS1_HUMAN	PACS1	Phosphofurin acidic cluster sorting protein 1	507344	269281	393579	
Q6WCQ1	Q6WCQ1	MPRIP_HUMAN	MPRIP	Myosin phosphatase Rho-interacting protein	376188	123843	351229	
Q6WKZ4	Q6WKZ4	RFIP1_HUMAN	RAB11FIP1	Rab11 family-interacting protein 1	633705	385779	498427	563936
Q6XQN6	Q6XQN6	PNCB_HUMAN	NAPRT	Nicotinate phosphoribosyltransferase	3.73347e+06	6.93037e+06	1.74568e+06	4.66132e+06
Q6Y1H2	Q6Y1H2	HACD2_HUMAN	HACD2	Very-long-chain (3R)-3-hydroxyacyl-CoA dehydratase 2	300607	235844	179103	2.74224e+06
Q6Y288	Q6Y288	B3GLT_HUMAN	B3GLCT	Beta-1,3-glucosyltransferase	123410	96966.3		
Q6Y7W6	Q6Y7W6	GGYF2_HUMAN	GIGYF2	GRB10-interacting GYF protein 2	804267	655529	350964	447787
Q6YHK3	Q6YHK3	CD109_HUMAN	CD109	CD109 antigen	679880	619438	579443	
Q6YHU6	Q6YHU6	THADA_HUMAN	THADA	tRNA (32-2'-O)-methyltransferase regulator THADA	374566	432503	373625	302180
Q6YN16	Q6YN16	HSDL2_HUMAN	HSDL2	Hydroxysteroid dehydrogenase-like protein 2	3.84528e+06	3.13059e+06	3.98116e+06	4.46666e+06
Q6YP21	Q6YP21	KAT3_HUMAN	KYAT3	Kynurenine--oxoglutarate transaminase 3	492388	480716	542065	994725
Q6ZMB0	Q6ZMB0	B3GN6_HUMAN	B3GNT6	Acetylgalactosaminyl-O-glycosyl-glycoprotein beta-1,3-N-acetylglucosaminyltransferase		332059	455281	594467
Q6ZMD2	Q6ZMD2	SPNS3_HUMAN	SPNS3	Protein spinster homolog 3	56598.6		80505.3	
Q6ZMG9	Q6ZMG9	CERS6_HUMAN	CERS6	Ceramide synthase 6	216202		532980	
Q6ZMI0	Q6ZMI0	PPR21_HUMAN	PPP1R21	Protein phosphatase 1 regulatory subunit 21	166687		342390	
Q6ZMZ3	Q6ZMZ3	SYNE3_HUMAN	SYNE3	Nesprin-3			135719	
Q6ZN28	Q6ZN28	MACC1_HUMAN	MACC1	Metastasis-associated in colon cancer protein 1	145503			
Q6ZNB6	Q6ZNB6	NFXL1_HUMAN	NFXL1	NF-X1-type zinc finger protein NFXL1	133298	69436.7	132776	
Q6ZNJ1	Q6ZNJ1	NBEL2_HUMAN	NBEAL2	Neurobeachin-like protein 2	214331	121602	321654	
Q6ZNW5	Q6ZNW5	GDPP1_HUMAN	GDPGP1	GDP-D-glucose phosphorylase 1		28710.8		
Q6ZRP7	Q6ZRP7	QSOX2_HUMAN	QSOX2	Sulfhydryl oxidase 2	521001	653106	463222	
Q6ZS17	Q6ZS17	RIPR1_HUMAN	RIPOR1	Rho family-interacting cell polarization regulator 1	118179	69072.4	138368	
Q6ZSR9	Q6ZSR9	YJ005_HUMAN		Uncharacterized protein FLJ45252	2.40891e+06	2.60507e+06	1.84655e+06	1.60499e+06
Q6ZSS7	Q6ZSS7	MFSD6_HUMAN	MFSD6	Major facilitator superfamily domain-containing protein 6	74732.9	185167	79179.1	196062
Q6ZSZ5	Q6ZSZ5	ARHGI_HUMAN	ARHGEF18	Rho guanine nucleotide exchange factor 18	288435		361825	390526
Q6ZUJ8	Q6ZUJ8	BCAP_HUMAN	PIK3AP1	Phosphoinositide 3-kinase adapter protein 1	184470	136760	210844	
Q6ZUM4	Q6ZUM4	RHG27_HUMAN	ARHGAP27	Rho GTPase-activating protein 27	283018		372676	
Q6ZUX7	Q6ZUX7	LHPL2_HUMAN	LHFPL2	LHFPL tetraspan subfamily member 2 protein	373892	231847	250154	
Q6ZVF9	Q6ZVF9	GRIN3_HUMAN	GPRIN3	G protein-regulated inducer of neurite outgrowth 3	191196	263204	175792	
Q6ZVK8	Q6ZVK8	NUD18_HUMAN	NUDT18	8-oxo-dGDP phosphatase NUDT18	112670	154685	118683	131154
Q6ZVM7	Q6ZVM7	TM1L2_HUMAN	TOM1L2	TOM1-like protein 2	252767	300328	314414	611710
Q6ZVX7	Q6ZVX7	FBX50_HUMAN	NCCRP1	F-box only protein 50	353711	768203	1.00973e+06	1.38093e+06
Q6ZWT7	Q6ZWT7	MBOA2_HUMAN	MBOAT2	Lysophospholipid acyltransferase 2	125768		280186	
Q6ZXV5	Q6ZXV5	TMTC3_HUMAN	TMTC3	Protein O-mannosyl-transferase TMTC3	497330	111667	594697	
Q709C8	Q709C8	VP13C_HUMAN	VPS13C	Intermembrane lipid transfer protein VPS13C	2.12565e+06	2.13204e+06	3.21372e+06	2.4547e+06
Q70E73	Q70E73	RAPH1_HUMAN	RAPH1	Ras-associated and pleckstrin homology domains-containing protein 1	361490	369182	388622	
Q70IA6	Q70IA6	MOB2_HUMAN	MOB2	MOB kinase activator 2	514519	371836	681898	262726
Q70J99	Q70J99	UN13D_HUMAN	UNC13D	Protein unc-13 homolog D	501564	552329	1.3812e+06	367993
Q70UQ0	Q70UQ0	IKIP_HUMAN	IKBIP	Inhibitor of nuclear factor kappa-B kinase-interacting protein	4.18067e+06	2.36962e+06	4.05496e+06	769893
Q712K3	Q712K3	UB2R2_HUMAN	UBE2R2	Ubiquitin-conjugating enzyme E2 R2	1.18078e+06	1.22449e+06	1.14498e+06	802143
Q71RC2	Q71RC2	LARP4_HUMAN	LARP4	La-related protein 4	158093	140450	26273	
Q71SY5	Q71SY5;Q86YD1	MED25_HUMAN	MED25	Mediator of RNA polymerase II transcription subunit 25	336492	246684		
Q71UM5	Q71UM5	RS27L_HUMAN	RPS27L	Ribosomal protein eS27-like	2.83798e+06	4.3224e+06	4.36659e+06	6.62595e+06
Q75N03	Q75N03	HAKAI_HUMAN	CBLL1	E3 ubiquitin-protein ligase Hakai	246780	131173	234392	
Q76M96	Q76M96	CCD80_HUMAN	CCDC80	Coiled-coil domain-containing protein 80	91474.4	22309.3		
Q76MJ5	Q76MJ5	ERN2_HUMAN	ERN2	Serine/threonine-protein kinase/endoribonuclease IRE2		26533.1	422059	
Q7KYR7	Q7KYR7	BT2A1_HUMAN	BTN2A1	Butyrophilin subfamily 2 member A1	120639	122514	168164	
Q7KZ85	Q7KZ85	SPT6H_HUMAN	SUPT6H	Transcription elongation factor SPT6	782417	505949	827532	
Q7KZF4	Q7KZF4	SND1_HUMAN	SND1	Staphylococcal nuclease domain-containing protein 1	1.54666e+07	1.63481e+07	1.44582e+07	8.03008e+06
Q7KZI7	Q7KZI7	MARK2_HUMAN	MARK2	Serine/threonine-protein kinase MARK2	924533	803689	1.16618e+06	1.40574e+06
Q7KZN9	Q7KZN9	COX15_HUMAN	COX15	Cytochrome c oxidase assembly protein COX15 homolog	149210		503875	
Q7L014	Q7L014	DDX46_HUMAN	DDX46	Probable ATP-dependent RNA helicase DDX46	2.97226e+06	1.34221e+06	2.69831e+06	1.05699e+06
Q7L099	Q7L099	RUFY3_HUMAN	RUFY3	Protein RUFY3	138261	97620.5	144453	
Q7L0Y3	Q7L0Y3	TM10C_HUMAN	TRMT10C	tRNA methyltransferase 10 homolog C	851528	520155	615580	74368.1
Q7L1Q6	Q7L1Q6	5MP2_HUMAN	BZW1	eIF5-mimic protein 2	4.86122e+06	3.72251e+06	2.09764e+06	2.20362e+06
Q7L1T6	Q7L1T6	NB5R4_HUMAN	CYB5R4	Cytochrome b5 reductase 4	125209	65728.2	161554	
Q7L1V2	Q7L1V2	MON1B_HUMAN	MON1B	Vacuolar fusion protein MON1 homolog B	32216.1	75975.8		
Q7L211	Q7L211	ABHDD_HUMAN	ABHD13	Protein ABHD13	145875	125209	211256	
Q7L266	Q7L266	ASGL1_HUMAN	ASRGL1	Isoaspartyl peptidase/L-asparaginase	701505	3.25449e+06	2.72553e+06	1.85945e+06
Q7L2E3	Q7L2E3	DHX30_HUMAN	DHX30	ATP-dependent RNA helicase DHX30	1.55847e+06	826490	1.70241e+06	
Q7L2H7	Q7L2H7	EIF3M_HUMAN	EIF3M	Eukaryotic translation initiation factor 3 subunit M	812987	562719	608513	
Q7L3T8	Q7L3T8	SYPM_HUMAN	PARS2	Probable proline--tRNA ligase, mitochondrial	168812	291203	193212	
Q7L523	Q5VZM2;Q7L523	RRAGA_HUMAN	RRAGA	Ras-related GTP-binding protein A	1.20095e+06	949736	1.31551e+06	719825
Q7L576	Q7L576	CYFP1_HUMAN	CYFIP1	Cytoplasmic FMR1-interacting protein 1	3.12878e+06	1.47764e+06	3.73304e+06	3.44847e+06
Q7L591	Q7L591	DOK3_HUMAN	DOK3	Docking protein 3	397446	557566	662734	194228
Q7L592	Q7L592	NDUF7_HUMAN	NDUFAF7	Protein arginine methyltransferase NDUFAF7, mitochondrial	1.586e+06	1.02785e+06	1.2741e+06	
Q7L5D6	Q7L5D6	GET4_HUMAN	GET4	Golgi to ER traffic protein 4 homolog	753053	449199	590870	199012
Q7L5L3	Q7L5L3	GDPD3_HUMAN	GDPD3	Lysophospholipase D GDPD3	194548	626061	1.32031e+06	1.36941e+06
Q7L5N1	Q7L5N1	CSN6_HUMAN	COPS6	COP9 signalosome complex subunit 6	1.12217e+06	1.02126e+06	806549	740308
Q7L5N7	Q7L5N7	PCAT2_HUMAN	LPCAT2	Lysophosphatidylcholine acyltransferase 2	1.1545e+06	613379	2.14629e+06	2.09603e+06
Q7L5Y1	Q7L5Y1	ENOF1_HUMAN	ENOSF1	Mitochondrial enolase superfamily member 1	599258	723247	666610	269539
Q7L7V1	Q7L7V1	DHX32_HUMAN	DHX32	Putative pre-mRNA-splicing factor ATP-dependent RNA helicase DHX32	175011	213564	294175	
Q7L8W6	Q7L8W6	DPH6_HUMAN	DPH6	Diphthine--ammonia ligase	120145	140148		
Q7L9B9	Q7L9B9	EEPD1_HUMAN	EEPD1	Endonuclease/exonuclease/phosphatase family domain-containing protein 1	3.21991e+06	2.68747e+06		
Q7L9L4;Q9H8S9	Q7L9L4;Q9H8S9	MOB1A_HUMAN;MOB1B_HUMAN	MOB1A;MOB1B	MOB kinase activator 1B	2.96683e+06	2.69066e+06	2.63275e+06	1.92227e+06
Q7LBC6	Q7LBC6	KDM3B_HUMAN	KDM3B	Lysine-specific demethylase 3B	284159	88209.7	232104	65438.6
Q7LBR1	Q7LBR1	CHM1B_HUMAN	CHMP1B	Charged multivesicular body protein 1b	2.61428e+06	3.34565e+06	2.65057e+06	3.57581e+06
Q7LG56	Q7LG56	RIR2B_HUMAN	RRM2B	Ribonucleoside-diphosphate reductase subunit M2 B	455410	848871	464355	2.08444e+06
Q7LGA3	Q7LGA3	HS2ST_HUMAN	HS2ST1	Heparan sulfate 2-O-sulfotransferase 1	446510	310839	669692	
Q7RTP6	Q7RTP6	MICA3_HUMAN	MICAL3	[F-actin]-monooxygenase MICAL3	44964.9			
Q7RTS9	Q7RTS9	DYM_HUMAN	DYM	Dymeclin	64313		184991	
Q7RTV0	Q7RTV0	PHF5A_HUMAN	PHF5A	PHD finger-like domain-containing protein 5A	2.61331e+06	1.7096e+06	1.67761e+06	1.12966e+06
Q7RTV5	Q7RTV5	PXL2C_HUMAN	PRXL2C	Peroxiredoxin-like 2C	95071.6	112028	114848	
Q7Z2E3	Q7Z2E3	APTX_HUMAN	APTX	Aprataxin	68627	40440.8		
Q7Z2H8	Q7Z2H8	S36A1_HUMAN	SLC36A1	Proton-coupled amino acid transporter 1	28016.7	23417.8	78993.7	
Q7Z2K6	Q7Z2K6	ERMP1_HUMAN	ERMP1	Endoplasmic reticulum metallopeptidase 1	828626	232973	1.42247e+06	1.32372e+06
Q7Z2T5	Q7Z2T5	TRM1L_HUMAN	TRMT1L	TRMT1-like protein	152509		83614.4	
Q7Z2W4	Q7Z2W4	ZCCHV_HUMAN	ZC3HAV1	Zinc finger CCCH-type antiviral protein 1	5.43205e+06	4.68521e+06	5.18542e+06	7.00346e+06
Q7Z2W9	Q7Z2W9	RM21_HUMAN	MRPL21	Large ribosomal subunit protein bL21m	1.1779e+06	448679	1.86373e+06	3.29381e+06
Q7Z2Z2	Q7Z2Z2	EFL1_HUMAN	EFL1	Elongation factor-like GTPase 1	547267	398954	588619	251408
Q7Z392	Q7Z392	TPC11_HUMAN	TRAPPC11	Trafficking protein particle complex subunit 11	53911.5		108108	
Q7Z3B0	Q7Z3B0	SIM15_HUMAN	SMIM15	Small integral membrane protein 15	104072	454410	208405	
Q7Z3B1	Q7Z3B1	NEGR1_HUMAN	NEGR1	Neuronal growth regulator 1	137876	555299	693635	705236
Q7Z3B4	Q7Z3B4	NUP54_HUMAN	NUP54	Nucleoporin p54	1.0181e+06	619283	649203	137961
Q7Z3C6	Q7Z3C6	ATG9A_HUMAN	ATG9A	Autophagy-related protein 9A	91998.8	64247.2	102155	100560
Q7Z3D4	Q7Z3D4	LYSM3_HUMAN	LYSMD3	LysM and putative peptidoglycan-binding domain-containing protein 3		141075	105826	
Q7Z3D6	Q7Z3D6	GLUCM_HUMAN	DGLUCY	D-glutamate cyclase, mitochondrial	127584	168105	432682	1.30074e+06
Q7Z3E2	Q7Z3E2	CC186_HUMAN	CCDC186	Coiled-coil domain-containing protein 186	182244	117571	277133	87330.6
Q7Z3J2	Q7Z3J2	VP35L_HUMAN	VPS35L	VPS35 endosomal protein-sorting factor-like	268312	198757	309490	
Q7Z3K3	Q7Z3K3	POGZ_HUMAN	POGZ	Pogo transposable element with ZNF domain	81511.3		92145.5	
Q7Z3T8	Q7Z3T8	ZFY16_HUMAN	ZFYVE16	Zinc finger FYVE domain-containing protein 16	120365	101811	234163	
Q7Z3U7	Q7Z3U7	MON2_HUMAN	MON2	Protein MON2 homolog	343328	292730	162079	
Q7Z3Y8	Q7Z3Y8	K1C27_HUMAN	KRT27	Keratin, type I cytoskeletal 27		96321		
Q7Z406	P35580;Q7Z406	MYH14_HUMAN	MYH14	Myosin-14	1.29246e+06	713020	1.92595e+06	1.6562e+06
Q7Z417	Q7Z417	NUFP2_HUMAN	NUFIP2	FMR1-interacting protein NUFIP2	477245	306799	234428	370597
Q7Z422	Q7Z422	SZRD1_HUMAN	SZRD1	SUZ domain-containing protein 1	208427	182779		256799
Q7Z434	Q7Z434	MAVS_HUMAN	MAVS	Mitochondrial antiviral-signaling protein	1.5315e+06	1.78404e+06		1.73338e+06
Q7Z460	Q7Z460	CLAP1_HUMAN	CLASP1	CLIP-associating protein 1	371809	273867	382543	
Q7Z478	Q7Z478	DHX29_HUMAN	DHX29	ATP-dependent RNA helicase DHX29	309317	196305	283812	
Q7Z4G1	Q7Z4G1	COMD6_HUMAN	COMMD6	COMM domain-containing protein 6	170509	267975	216193	
Q7Z4G4	Q7Z4G4	TRM11_HUMAN	TRMT11	tRNA (guanine(10)-N2)-methyltransferase homolog	253258	220405	161548	
Q7Z4H3	Q7Z4H3	HDDC2_HUMAN	HDDC2	5'-deoxynucleotidase HDDC2	378947	891672	379306	1.05768e+06
Q7Z4H8	Q7Z4H8	PLGT3_HUMAN	POGLUT3	Protein O-glucosyltransferase 3	1.79588e+06	1.38837e+06	1.24488e+06	756355
Q7Z4I7	Q7Z4I7	LIMS2_HUMAN	LIMS2	LIM and senescent cell antigen-like-containing domain protein 2	85266.3	94564.3	181309	
Q7Z4Q2	Q7Z4Q2	HEAT3_HUMAN	HEATR3	HEAT repeat-containing protein 3	213676	148252		
Q7Z4V5	Q7Z4V5	HDGR2_HUMAN	HDGFL2	Hepatoma-derived growth factor-related protein 2	1.1675e+06	852051	631800	578428
Q7Z4W1	Q7Z4W1	DCXR_HUMAN	DCXR	L-xylulose reductase	3.89185e+06	1.05108e+07	6.01165e+06	7.06921e+06
Q7Z569	Q7Z569	BRAP_HUMAN	BRAP	BRCA1-associated protein	311409	263293	251268	
Q7Z589	Q7Z589	EMSY_HUMAN	EMSY	BRCA2-interacting transcriptional repressor EMSY	657583	687837	700289	
Q7Z5G4	Q7Z5G4;Q2TAP0	GOGA7_HUMAN	GOLGA7	Golgin subfamily A member 7	433607	458151	477240	80464.1
Q7Z5K2	Q7Z5K2	WAPL_HUMAN	WAPL	Wings apart-like protein homolog	121942		73271.2	
Q7Z5L7	Q7Z5L7	PODN_HUMAN	PODN	Podocan	194242	204872	142291	
Q7Z5L9	Q7Z5L9	I2BP2_HUMAN	IRF2BP2	Interferon regulatory factor 2-binding protein 2	5.14344e+06	2.81352e+06	995812	3.5739e+06
Q7Z5N4	Q7Z5N4	SDK1_HUMAN	SDK1	Protein sidekick-1	155114		137033	
Q7Z5R6	Q7Z5R6	AB1IP_HUMAN	APBB1IP	Amyloid beta A4 precursor protein-binding family B member 1-interacting protein	336993	280434	613158	364775
Q7Z6B0	Q7Z6B0	CCD91_HUMAN	CCDC91	Coiled-coil domain-containing protein 91	2.23714e+06	1.69582e+06	1.92139e+06	1.31073e+06
Q7Z6I6	A7KAX9;O14559;Q7Z6I6	RHG30_HUMAN	ARHGAP30	Rho GTPase-activating protein 30	134595	129014	202868	
Q7Z6J4	Q7Z6J4	FGD2_HUMAN	FGD2	FYVE, RhoGEF and PH domain-containing protein 2	161379	256230		
Q7Z6J9	Q7Z6J9	SEN54_HUMAN	TSEN54	tRNA-splicing endonuclease subunit Sen54	65231.6			
Q7Z6K3	Q7Z6K3	PTAR1_HUMAN	PTAR1	Protein prenyltransferase alpha subunit repeat-containing protein 1	11551.1	10142.5	26100.3	
Q7Z6K5	Q7Z6K5	ARPIN_HUMAN	ARPIN	Arpin	3.88426e+06	4.86386e+06	3.23701e+06	5.1217e+06
Q7Z6M1	Q7Z6M1	RABEK_HUMAN	RABEPK	Rab9 effector protein with kelch motifs	644461	563770	504843	
Q7Z6P3	Q7Z6P3	RAB44_HUMAN	RAB44	Ras-related protein Rab-44	101136	93830.3	199908	
Q7Z6R9	Q7Z6R9	AP2D_HUMAN	TFAP2D	Transcription factor AP-2-delta	160922	172761	179720	
Q7Z6V5	Q7Z6V5	ADAT2_HUMAN	ADAT2	tRNA-specific adenosine deaminase 2	136643	78203.4		
Q7Z6Z7	Q7Z6Z7	HUWE1_HUMAN	HUWE1	E3 ubiquitin-protein ligase HUWE1	9.62487e+06	5.84514e+06	8.89881e+06	9.77137e+06
Q7Z739	Q7Z739;Q9BYJ9	YTHD3_HUMAN	YTHDF3	YTH domain-containing family protein 3	2.49957e+06	1.73804e+06	1.95976e+06	1.10394e+06
Q7Z794	Q7Z794	K2C1B_HUMAN	KRT77	Keratin, type II cytoskeletal 1b	1.0911e+06	1.86099e+06	3.513e+06	9.54386e+06
Q7Z7A4	Q7Z7A4	PXK_HUMAN	PXK	PX domain-containing protein kinase-like protein	108583	84757.5		
Q7Z7B0	Q7Z7B0	FLIP1_HUMAN	FILIP1	Filamin-A-interacting protein 1	102815		156629	
Q7Z7E8	Q7Z7E8	UB2Q1_HUMAN	UBE2Q1	Ubiquitin-conjugating enzyme E2 Q1	218818	169735	250548	
Q7Z7F7	Q7Z7F7	RM55_HUMAN	MRPL55	Large ribosomal subunit protein mL55	390882	140884	988841	697648
Q7Z7G0	Q7Z7G0	TARSH_HUMAN	ABI3BP	Target of Nesh-SH3	136543	492519	504939	532306
Q7Z7H5	Q7Z7H5	TMED4_HUMAN	TMED4	Transmembrane emp24 domain-containing protein 4	9.07655e+06	1.24383e+07	1.02217e+07	1.14756e+07
Q7Z7H8	Q7Z7H8	RM10_HUMAN	MRPL10	Large ribosomal subunit protein uL10m	143695	82614.8	42078.3	69993.7
Q7Z7K0	Q7Z7K0	COXM1_HUMAN	CMC1	COX assembly mitochondrial protein homolog	4.97797e+06	5.85452e+06	3.98691e+06	5.81708e+06
Q7Z7K6	Q7Z7K6	CENPV_HUMAN	CENPV	Centromere protein V	73913.4	15324.4	52841.4	
Q7Z7L1	Q7Z7L1	SLN11_HUMAN	SLFN11	Schlafen family member 11	174207	122210	321001	
Q7Z7L8	Q7Z7L8	CK096_HUMAN	C11orf96	Uncharacterized protein C11orf96	218324	333712		190527
Q7Z7M9	Q7Z7M9	GALT5_HUMAN	GALNT5	Polypeptide N-acetylgalactosaminyltransferase 5	1.49717e+06	1.84551e+06	3.36746e+06	2.48269e+06
Q7Z7N9	Q7Z7N9	T179B_HUMAN	TMEM179B	Transmembrane protein 179B	619871	1.00231e+06	651111	833450
Q86SE5	Q86SE5	RALYL_HUMAN	RALYL	RNA-binding Raly-like protein	8.91517e+06	5.76539e+06	7.84421e+06	4.89174e+06
Q86SF2	Q86SF2	GALT7_HUMAN	GALNT7	N-acetylgalactosaminyltransferase 7	1.46628e+06	2.93676e+06	3.71341e+06	2.85599e+06
Q86SR1	Q86SR1	GLT10_HUMAN	GALNT10	Polypeptide N-acetylgalactosaminyltransferase 10	142792	166555	164538	
Q86SX6	Q86SX6	GLRX5_HUMAN	GLRX5	Glutaredoxin-related protein 5, mitochondrial	257881	1.06608e+06		774792
Q86SZ2	Q86SZ2	TPC6B_HUMAN	TRAPPC6B	Trafficking protein particle complex subunit 6B	547404	657717	664480	
Q86T03	Q86T03	PP4P1_HUMAN	PIP4P1	Type 1 phosphatidylinositol 4,5-bisphosphate 4-phosphatase	197500	231106	257082	
Q86T13	Q86T13	CLC14_HUMAN	CLEC14A	C-type lectin domain family 14 member A	10233.6	24710		
Q86TB9	Q86TB9	PATL1_HUMAN	PATL1	Protein PAT1 homolog 1	493659	256927	274860	411157
Q86TI0	Q86TI0	TBCD1_HUMAN	TBC1D1	TBC1 domain family member 1	49530.2	39542		
Q86TI2	Q86TI2	DPP9_HUMAN	DPP9	Dipeptidyl peptidase 9	1.59159e+06	1.14227e+06	1.49964e+06	848498
Q86TM6	Q86TM6	SYVN1_HUMAN	SYVN1	E3 ubiquitin-protein ligase synoviolin	492273	517533	1.43356e+06	283138
Q86TN4	Q86TN4	TRPT1_HUMAN	TRPT1	tRNA 2'-phosphotransferase 1	135912	163229		
Q86TP1	Q86TP1	PRUN1_HUMAN	PRUNE1	Exopolyphosphatase PRUNE1	436638	278146	181300	
Q86TU7	Q86TU7	SETD3_HUMAN	SETD3	Actin-histidine N-methyltransferase	374162	253222	439398	1.08776e+06
Q86TX2	P49753;Q86TX2	ACOT1_HUMAN	ACOT1	Acyl-coenzyme A thioesterase 1	722169	814151	1.27923e+06	2.75257e+06
Q86U28	Q86U28	ISCA2_HUMAN	ISCA2	Iron-sulfur cluster assembly 2 homolog, mitochondrial	338321	739812	310508	394836
Q86U38	Q86U38	NOP9_HUMAN	NOP9	Nucleolar protein 9	522175	317934	176685	
Q86U42	Q86U42;A6NDY0	PABP2_HUMAN	PABPN1	Polyadenylate-binding protein 2	3.65198e+06	4.32248e+06	3.14915e+06	4.99109e+06
Q86U44	Q86U44	MTA70_HUMAN	METTL3	N6-adenosine-methyltransferase catalytic subunit	558912	445930	435120	335362
Q86U86	Q86U86	PB1_HUMAN	PBRM1	Protein polybromo-1	176972	71376.5	332637	
Q86U90	Q86U90	YRDC_HUMAN	YRDC	Threonylcarbamoyl-AMP synthase	1.15595e+06	429228	1.51013e+06	1.04296e+06
Q86UA1	Q86UA1	PRP39_HUMAN	PRPF39	Pre-mRNA-processing factor 39	381445	207781	303963	
Q86UE4	Q86UE4	LYRIC_HUMAN	MTDH	Protein LYRIC	3.07241e+06	3.65875e+06	1.79269e+06	2.44412e+06
Q86UK7	Q86UK7	ZN598_HUMAN	ZNF598	E3 ubiquitin-protein ligase ZNF598	338853	214089	215459	
Q86UP2	Q86UP2	KTN1_HUMAN	KTN1	Kinectin	8.48682e+06	5.5582e+06	1.39839e+07	1.03264e+07
Q86UU0	Q86UU0	BCL9L_HUMAN	BCL9L	B-cell CLL/lymphoma 9-like protein	83120.9	74855.6		
Q86UU1	Q86UU1	PHLB1_HUMAN	PHLDB1	Pleckstrin homology-like domain family B member 1	1.14803e+06	462250	490676	807781
Q86UV5	Q86UV5	UBP48_HUMAN	USP48	Ubiquitin carboxyl-terminal hydrolase 48	169077	98982.8	145188	
Q86UX2	Q86UX2	ITIH5_HUMAN	ITIH5	Inter-alpha-trypsin inhibitor heavy chain H5	287486	335064	660385	
Q86UX7	Q86UX7	URP2_HUMAN	FERMT3	Fermitin family homolog 3	1.92655e+06	2.42134e+06	3.32677e+06	2.27686e+06
Q86UY6	Q86UY6	NAA40_HUMAN	NAA40	N-alpha-acetyltransferase 40	281750	213162		
Q86UY8	Q86UY8	NT5D3_HUMAN	NT5DC3	5'-nucleotidase domain-containing protein 3	804467	548047	661838	823142
Q86V21	Q86V21	AACS_HUMAN	AACS	Acetoacetyl-CoA synthetase	760353	661809	790613	680695
Q86V48	Q86V48	LUZP1_HUMAN	LUZP1	Leucine zipper protein 1	370582	171349	407375	
Q86V81	Q86V81	THOC4_HUMAN	ALYREF	THO complex subunit 4	1.12195e+07	1.03908e+07	8.75824e+06	6.5285e+06
Q86V85	Q86V85	GP180_HUMAN	GPR180	Integral membrane protein GPR180	76703.7	35767.2	194918	
Q86V88	Q86V88	MGDP1_HUMAN	MDP1	Magnesium-dependent phosphatase 1	268872	954045	756751	968025
Q86VB7	Q86VB7	C163A_HUMAN	CD163	Scavenger receptor cysteine-rich type 1 protein M130	2.38735e+06	3.05562e+06	3.39213e+06	2.1264e+06
Q86VE9	Q86VE9	SERC5_HUMAN	SERINC5	Serine incorporator 5	428091	131024	273326	196403
Q86VN1	Q86VN1	VPS36_HUMAN	VPS36	Vacuolar protein-sorting-associated protein 36	1.01373e+06	1.07067e+06	988233	818436
Q86VP6	Q86VP6	CAND1_HUMAN	CAND1	Cullin-associated NEDD8-dissociated protein 1	3.31557e+06	2.77115e+06	1.36361e+06	2.74537e+06
Q86VR2	Q86VR2	RETR3_HUMAN	RETREG3	Reticulophagy regulator 3	1.91564e+06	1.01972e+06	1.36363e+06	1.0333e+06
Q86VS8	Q86VS8	HOOK3_HUMAN	HOOK3	Protein Hook homolog 3	855445	393086	582028	
Q86VU5	Q86VU5	CMTD1_HUMAN	COMTD1	Catechol O-methyltransferase domain-containing protein 1	124937	196698	283372	
Q86VX2	Q86VX2	COMD7_HUMAN	COMMD7	COMM domain-containing protein 7	680296	582251	646380	
Q86W34	Q86W34	AMZ2_HUMAN	AMZ2	Archaemetzincin-2	163842	152459	56204.2	
Q86W42	Q86W42	THOC6_HUMAN	THOC6	THO complex subunit 6 homolog	649846	622209	582412	
Q86W50	Q86W50	MET16_HUMAN	METTL16	RNA N6-adenosine-methyltransferase METTL16	332295	131175	242259	
Q86W56	Q86W56	PARG_HUMAN	PARG	Poly(ADP-ribose) glycohydrolase	171580	138270	115504	
Q86W92	Q86W92;Q8ND30	LIPB1_HUMAN	PPFIBP1	Liprin-beta-1	1.06698e+06	431886	816416	261803
Q86WA6	Q86WA6	BPHL_HUMAN	BPHL	Valacyclovir hydrolase	248506	311133	398031	314913
Q86WA8	Q86WA8	LONP2_HUMAN	LONP2	Lon protease homolog 2, peroxisomal	30043.5		29552.3	
Q86WB0	Q86WB0	ZC3C1_HUMAN	ZC3HC1	Zinc finger C3HC-type protein 1	553784	388565	351098	375632
Q86WJ1	Q86WJ1	CHD1L_HUMAN	CHD1L	Chromodomain-helicase-DNA-binding protein 1-like	212359	162231	174414	
Q86WN1	Q86WN1	FCSD1_HUMAN	FCHSD1	F-BAR and double SH3 domains protein 1	156771	158287	182898	153070
Q86WQ0	Q86WQ0	NR2CA_HUMAN	NR2C2AP	Nuclear receptor 2C2-associated protein	2.96757e+06	2.45349e+06	1.84624e+06	1.15671e+07
Q86WR0	Q86WR0	CCD25_HUMAN	CCDC25	Coiled-coil domain-containing protein 25	469341	917025	766196	645949
Q86WU2	Q86WU2	LDHD_HUMAN	LDHD	Probable D-lactate dehydrogenase, mitochondrial		144386	182946	238328
Q86WV6	Q86WV6	STING_HUMAN	STING1	Stimulator of interferon genes protein	813004	396660	2.30932e+06	1.03777e+06
Q86WW8	Q86WW8	COA5_HUMAN	COA5	Cytochrome c oxidase assembly factor 5	169918	199753	96255.6	
Q86WX3	Q86WX3	AROS_HUMAN	RPS19BP1	Active regulator of SIRT1	136706	129365		
Q86X10	Q86X10	RLGPB_HUMAN	RALGAPB	Ral GTPase-activating protein subunit beta	439148	382597	613085	
Q86X29	Q86X29	LSR_HUMAN	LSR	Lipolysis-stimulated lipoprotein receptor	941567	1.73065e+06	901728	5.33534e+06
Q86X55	Q86X55	CARM1_HUMAN	CARM1	Histone-arginine methyltransferase CARM1	2.90961e+06	1.90663e+06	1.64795e+06	835333
Q86X76	Q86X76	NIT1_HUMAN	NIT1	Deaminated glutathione amidase	2.59739e+06	4.77801e+06	3.10389e+06	2.05431e+06
Q86X83	Q86X83	COMD2_HUMAN	COMMD2	COMM domain-containing protein 2	582077	735943	466836	759094
Q86XA9	Q86XA9	HTR5A_HUMAN	HEATR5A	HEAT repeat-containing protein 5A	45510.8		57354.5	
Q86XI2	Q86XI2	CNDG2_HUMAN	NCAPG2	Condensin-2 complex subunit G2	23961.7			
Q86XP3	Q86XP3	DDX42_HUMAN	DDX42	ATP-dependent RNA helicase DDX42	2.10572e+06	1.63875e+06	1.78025e+06	1.3092e+06
Q86XS8	Q86XS8	GOLI_HUMAN	RNF130	E3 ubiquitin-protein ligase RNF130	68830.4		232516	
Q86XZ4	Q86XZ4	SPAS2_HUMAN	SPATS2	Spermatogenesis-associated serine-rich protein 2	71105.5	101162	87741.8	
Q86Y34	Q86Y34	AGRG3_HUMAN	ADGRG3	Adhesion G protein-coupled receptor G3	62227.7	20080.8	215594	
Q86Y39	Q86Y39	NDUAB_HUMAN	NDUFA11	NADH dehydrogenase [ubiquinone] 1 alpha subcomplex subunit 11	1.20832e+06	1.35407e+06	2.39955e+06	1.25484e+06
Q86Y56	Q86Y56	DAAF5_HUMAN	DNAAF5	Dynein axonemal assembly factor 5	3.62802e+06	1.15168e+06	1.98241e+06	2.07858e+06
Q86Y79	Q86Y79	PTH_HUMAN	PTRH1	Peptidyl-tRNA hydrolase	303427	388556		
Q86Y82	Q86Y82	STX12_HUMAN	STX12	Syntaxin-12	2.84039e+06	3.57663e+06	2.49878e+06	2.39174e+06
Q86YB7	Q86YB7	ECHD2_HUMAN	ECHDC2	Enoyl-CoA hydratase domain-containing protein 2, mitochondrial	930146	2.01116e+06	1.48384e+06	4.47898e+06
Q86YB8	Q86YB8	ERO1B_HUMAN	ERO1B	ERO1-like protein beta	57504.1	150311	93773.6	
Q86YL7	Q86YL7	PDPN_HUMAN	PDPN	Podoplanin	102028			
Q86YN1	Q86YN1	DOPP1_HUMAN	DOLPP1	Dolichyldiphosphatase 1	104078	81042.1	298281	
Q86YP4	Q86YP4	P66A_HUMAN	GATAD2A	Transcriptional repressor p66-alpha	629873	235956	467312	590358
Q86YQ8	Q8IYJ1;Q9HCH3;Q86YQ8	CPNE8_HUMAN	CPNE8	Copine-8	106952	99389.7	81279.3	
Q86YS6	Q86YS6	RAB43_HUMAN	RAB43	Ras-related protein Rab-43	986640	1.25245e+06	983521	739077
Q86YS7	Q86YS7	C2CD5_HUMAN	C2CD5	C2 domain-containing protein 5	1.62859e+06	1.99196e+06	1.95028e+06	812580
Q86YT9	Q86YT9	JAML_HUMAN	JAML	Junctional adhesion molecule-like	182195	238748	382212	
Q86YV0	Q86YV0	RASL3_HUMAN	RASAL3	RAS protein activator like-3	2.22151e+06	1.53489e+06	1.66168e+06	1.30697e+06
Q86YV9	Q86YV9	HPS6_HUMAN	HPS6	BLOC-2 complex member HPS6	94939.4		122306	
Q86YZ3	Q86YZ3	HORN_HUMAN	HRNR	Hornerin	3.93214e+06	8.7474e+06	8.36376e+06	2.55623e+07
Q8IU81	Q8IU81	I2BP1_HUMAN	IRF2BP1	Interferon regulatory factor 2-binding protein 1	8.32004e+06	6.51887e+06	3.13471e+06	
Q8IU85	Q8IU85	KCC1D_HUMAN	CAMK1D	Calcium/calmodulin-dependent protein kinase type 1D	277788	311497	282808	369397
Q8IUC4	Q8IUC4	RHPN2_HUMAN	RHPN2	Rhophilin-2	161067	70425.4	51623.6	
Q8IUD2	Q8IUD2	RB6I2_HUMAN	ERC1	ELKS/Rab6-interacting/CAST family member 1	526367	327984	586518	
Q8IUE6	Q8IUE6	H2A2B_HUMAN	H2AC21	Histone H2A type 2-B	741836	830060	1.71764e+06	
Q8IUF8	Q8IUF8	RIOX2_HUMAN	RIOX2	Ribosomal oxygenase 2	208230	141992		
Q8IUH3	Q8IUH3	RBM45_HUMAN	RBM45	RNA-binding protein 45	80724.8	161058	63641.8	
Q8IUI8	Q8IUI8	CRLF3_HUMAN	CRLF3	Cytokine receptor-like factor 3	878582	925838	987475	533114
Q8IUR0	Q8IUR0	TPPC5_HUMAN	TRAPPC5	Trafficking protein particle complex subunit 5	1.2768e+06	1.56426e+06	1.05548e+06	939511
Q8IUR7	Q8IUR7	ARMC8_HUMAN	ARMC8	Armadillo repeat-containing protein 8	391994	266510	333419	173743
Q8IUX7	Q8IUX7	AEBP1_HUMAN	AEBP1	Adipocyte enhancer-binding protein 1	2.32381e+06	1.10967e+06	655596	
Q8IUZ5	Q8IUZ5	AT2L2_HUMAN	PHYKPL	5-phosphohydroxy-L-lysine phospho-lyase	1.01344e+06	2.13004e+06	1.71366e+06	1.33317e+06
Q8IV04	Q8IV04	TB10C_HUMAN	TBC1D10C	Carabin	139089	116404	174570	
Q8IV08	Q8IV08	PLD3_HUMAN	PLD3	5'-3' exonuclease PLD3	5.74295e+06	1.17408e+07	7.57422e+06	5.4265e+06
Q8IV20	Q8IV20	LACC1_HUMAN	LACC1	Purine nucleoside phosphorylase LACC1	165329	210837	96408.3	
Q8IV36	Q8IV36	HID1_HUMAN	HID1	Protein HID1		347486	792183	1.39559e+06
Q8IV38	Q8IV38	ANKY2_HUMAN	ANKMY2	Ankyrin repeat and MYND domain-containing protein 2	80532.7	72363.9	74983	
Q8IV48	Q8IV48	ERI1_HUMAN	ERI1	3'-5' exoribonuclease 1	330673	262270	193930	
Q8IV50	Q8IV50	LYSM2_HUMAN	LYSMD2	LysM and putative peptidoglycan-binding domain-containing protein 2	830701	1.15073e+06	611494	1.18619e+06
Q8IV56	Q8IV56	PRR15_HUMAN	PRR15	Proline-rich protein 15	1.87987e+06	823936		1.41585e+06
Q8IV63	Q8IV63	VRK3_HUMAN	VRK3	Inactive serine/threonine-protein kinase VRK3	94844.2	51733.7	157495	
Q8IVD9	Q8IVD9	NUDC3_HUMAN	NUDCD3	NudC domain-containing protein 3	1.5009e+06	902917	460990	280238
Q8IVF2	Q8IVF2	AHNK2_HUMAN	AHNAK2	Protein AHNAK2	1.16883e+06	464988	641878	514856
Q8IVF7	Q8IVF7;Q96PY5	FMNL3_HUMAN	FMNL3	Formin-like protein 3	264320	54839.5	85484.4	
Q8IVH4	Q8IVH4	MMAA_HUMAN	MMAA	Methylmalonic aciduria type A protein, mitochondrial	902160	1.54441e+06	799016	1.23869e+06
Q8IVL5	Q8IVL5	P3H2_HUMAN	P3H2	Prolyl 3-hydroxylase 2	231605	256491	95130.1	425036
Q8IVL6	Q8IVL6	P3H3_HUMAN	P3H3	Prolyl 3-hydroxylase 3	771205	414960	276528	
Q8IVM0	Q8IVM0	CCD50_HUMAN	CCDC50	Coiled-coil domain-containing protein 50	691129	754557	405389	474107
Q8IVN3	Q8IVN3	MSTN1_HUMAN	MUSTN1	Musculoskeletal embryonic nuclear protein 1	167437	138397		
Q8IVP5	Q8IVP5	FUND1_HUMAN	FUNDC1	FUN14 domain-containing protein 1	446775	582995	145444	
Q8IVS2	Q8IVS2	FABD_HUMAN	MCAT	Malonyl-CoA-acyl carrier protein transacylase, mitochondrial	1.28196e+06	1.63158e+06	1.088e+06	1.22304e+06
Q8IVT2	Q8IVT2	MISP_HUMAN	MISP	Mitotic interactor and substrate of PLK1	518558	437769	737226	867852
Q8IVV8	Q8IVV8	NKAI4_HUMAN	NKAIN4	Sodium/potassium-transporting ATPase subunit beta-1-interacting protein 4		1.41009e+06	962259	454880
Q8IW41	Q8IW41	MAPK5_HUMAN	MAPKAPK5	MAP kinase-activated protein kinase 5	1.11573e+06	448905	459062	624636
Q8IW45	Q8IW45	NNRD_HUMAN	NAXD	ATP-dependent (S)-NAD(P)H-hydrate dehydratase	1.26081e+06	2.16477e+06	553968	1.71832e+06
Q8IW75	Q8IW75	SPA12_HUMAN	SERPINA12	Serpin A12		119521	198743	264670
Q8IW92	Q8IW92	GLBL2_HUMAN	GLB1L2	Beta-galactosidase-1-like protein 2	52899.1	19410.9		
Q8IWA4	Q8IWA4	MFN1_HUMAN	MFN1	Mitofusin-1	536090	191723	388931	558303
Q8IWA5	Q8IWA5	CTL2_HUMAN	SLC44A2	Choline transporter-like protein 2	2.08156e+06	2.16774e+06	2.50162e+06	1.29195e+06
Q8IWB7	Q8IWB7	WDFY1_HUMAN	WDFY1	WD repeat and FYVE domain-containing protein 1	1.43983e+06	922326	964733	388575
Q8IWB9	Q8IWB9	TEX2_HUMAN	TEX2	Testis-expressed protein 2	843431	503424	1.07064e+06	4.2437e+06
Q8IWD4	Q8IWD4	CC117_HUMAN	CCDC117	Coiled-coil domain-containing protein 117		150559		
Q8IWE2	Q8IWE2	NXP20_HUMAN	FAM114A1	Protein NOXP20	1.47766e+06	1.61241e+06	443146	1.5447e+06
Q8IWE4	Q8IWE4	DCNL3_HUMAN	DCUN1D3	DCN1-like protein 3	137656	180177		
Q8IWJ2	Q8IWJ2	GCC2_HUMAN	GCC2	GRIP and coiled-coil domain-containing protein 2	159518		445314	217265
Q8IWR0	Q8IWR0	Z3H7A_HUMAN	ZC3H7A	Zinc finger CCCH domain-containing protein 7A	199477	178051	161314	
Q8IWS0	Q8IWS0	PHF6_HUMAN	PHF6	PHD finger protein 6	366612	187485	235913	
Q8IWT0	Q8IWT0	ARCH_HUMAN	ZBTB8OS	Protein archease	544867	838457	716668	
Q8IWT6	Q8IWT6	LRC8A_HUMAN	LRRC8A	Volume-regulated anion channel subunit LRRC8A	122238	25227.8	125929	
Q8IWU5	Q8IWU5	SULF2_HUMAN	SULF2	Extracellular sulfatase Sulf-2	489914	402979	631038	
Q8IWU6	Q8IWU6	SULF1_HUMAN	SULF1	Extracellular sulfatase Sulf-1	416136	78219.2	41347.7	
Q8IWV1	Q8IWV1	LAX1_HUMAN	LAX1	Lymphocyte transmembrane adapter 1		283892		
Q8IWV7	Q8IWV7	UBR1_HUMAN	UBR1	E3 ubiquitin-protein ligase UBR1		72077.2	194184	
Q8IWX8	Q8IWX8	CHERP_HUMAN	CHERP	Calcium homeostasis endoplasmic reticulum protein	113034		165825	
Q8IWZ3	Q8IWZ3	ANKH1_HUMAN	ANKHD1	Ankyrin repeat and KH domain-containing protein 1	110906			
Q8IWZ8	Q8IWZ8	SUGP1_HUMAN	SUGP1	SURP and G-patch domain-containing protein 1	262611	190096	228909	120311
Q8IX04	Q8IX04	UEVLD_HUMAN	UEVLD	Ubiquitin-conjugating enzyme E2 variant 3	189020		228961	147254
Q8IX05	Q8IX05	CD302_HUMAN	CD302	CD302 antigen	201634	221148	197963	154526
Q8IX12	Q8IX12	CCAR1_HUMAN	CCAR1	Cell division cycle and apoptosis regulator protein 1	1.21647e+06	762512	1.22325e+06	698753
Q8IX19	Q8IX19	MCEM1_HUMAN	MCEMP1	Mast cell-expressed membrane protein 1	332167		1.39672e+06	
Q8IXB1	Q8IXB1	DJC10_HUMAN	DNAJC10	DnaJ homolog subfamily C member 10	730666	565655	799261	387148
Q8IXH7	Q8IXH7	NELFD_HUMAN	NELFCD	Negative elongation factor C/D	513191	205670	249467	
Q8IXI1	Q8IXI1	MIRO2_HUMAN	RHOT2	Mitochondrial Rho GTPase 2	628300	627073	593126	572101
Q8IXI2	Q8IXI2	MIRO1_HUMAN	RHOT1	Mitochondrial Rho GTPase 1	542039	496279	381570	369810
Q8IXJ6	Q8IXJ6	SIR2_HUMAN	SIRT2	NAD-dependent protein deacetylase sirtuin-2	502485	859720	600796	451175
Q8IXK2	Q8IXK2	GLT12_HUMAN	GALNT12	Polypeptide N-acetylgalactosaminyltransferase 12	459075	557291	1.15104e+06	1.96339e+06
Q8IXL7	Q8IXL7	MSRB3_HUMAN	MSRB3	Methionine-R-sulfoxide reductase B3	659859	622981	236742	478417
Q8IXM2	Q8IXM2	BAP18_HUMAN	BAP18	Chromatin complexes subunit BAP18	1.72637e+06	1.971e+06	2.15518e+06	1.42111e+06
Q8IXM3	Q8IXM3	RM41_HUMAN	MRPL41	Large ribosomal subunit protein mL41	1.04521e+06	714136	1.66703e+06	2.35858e+06
Q8IXM6	Q8IXM6	NRM_HUMAN	NRM	Nurim	486010	174208	958884	
Q8IXQ4	Q8IXQ4	GPAM1_HUMAN	GPALPP1	GPALPP motifs-containing protein 1	831313	458644		
Q8IXQ6	Q8IXQ6	PARP9_HUMAN	PARP9	Protein mono-ADP-ribosyltransferase PARP9	370925	176967	492523	
Q8IXS6	Q8IXS6	PALM2_HUMAN	PALM2	Paralemmin-2	381837	191375		
Q8IXT5	Q8IXT5	RB12B_HUMAN	RBM12B	RNA-binding protein 12B	348831		452141	
Q8IY17	Q8IY17	PLPL6_HUMAN	PNPLA6	Patatin-like phospholipase domain-containing protein 6	233235	123901	510103	691621
Q8IY21	Q8IY21	DDX60_HUMAN	DDX60	Probable ATP-dependent RNA helicase DDX60	227806	170222	480556	
Q8IY33	Q8IY33	MILK2_HUMAN	MICALL2	MICAL-like protein 2	1.05319e+06	907386	1.25001e+06	
Q8IY34	Q8IY34	S15A3_HUMAN	SLC15A3	Solute carrier family 15 member 3	278611	318731	377555	
Q8IY67	Q8IY67	RAVR1_HUMAN	RAVER1	Ribonucleoprotein PTB-binding 1	2.13617e+06	1.02712e+06	1.43853e+06	1.20439e+06
Q8IY81	Q8IY81	SPB1_HUMAN	FTSJ3	pre-rRNA 2'-O-ribose RNA methyltransferase FTSJ3	478514	269147	242207	
Q8IY95	Q8IY95	TM192_HUMAN	TMEM192	Transmembrane protein 192	454343	399115	503687	250485
Q8IYB3	Q8IYB3	SRRM1_HUMAN	SRRM1	Serine/arginine repetitive matrix protein 1	116625	85639.6	386685	
Q8IYB5	Q8IYB5	SMAP1_HUMAN	SMAP1	Stromal membrane-associated protein 1	1.58145e+06	1.66493e+06	1.72592e+06	2.33658e+06
Q8IYB7	Q8IYB7	DI3L2_HUMAN	DIS3L2	DIS3-like exonuclease 2	926745	716708	1.04732e+06	1.25855e+06
Q8IYB8	Q8IYB8	SUV3_HUMAN	SUPV3L1	ATP-dependent RNA helicase SUPV3L1, mitochondrial	269373	68198.8	298333	
Q8IYD1	Q8IYD1	ERF3B_HUMAN	GSPT2	Eukaryotic peptide chain release factor GTP-binding subunit ERF3B	583311	624735	481348	
Q8IYI6	Q8IYI6	EXOC8_HUMAN	EXOC8	Exocyst complex component 8	376472	262981	406063	1.39186e+06
Q8IYJ2	Q8IYJ2	CJ067_HUMAN	C10orf67	Uncharacterized protein C10orf67, mitochondrial		2.55116e+06		3.92063e+06
Q8IYJ3	Q8IYJ3	SYTL1_HUMAN	SYTL1	Synaptotagmin-like protein 1	88650.1	592531	501192	956960
Q8IYK8	Q8IYK8	REM2_HUMAN	REM2	GTP-binding protein REM 2			1.04743e+06	
Q8IYL3	Q8IYL3	CA174_HUMAN	C1orf174	UPF0688 protein C1orf174	102478	131785	56769.1	
Q8IYM0	Q8IYM0	F186B_HUMAN	FAM186B	Protein FAM186B	2.06418e+06	1.57496e+06	3.92858e+06	4.75468e+06
Q8IYM2	Q8IYM2	SLN12_HUMAN	SLFN12	Ribonuclease SLFN12		1.65858e+06		467889
Q8IYM9	Q8IYM9	TRI22_HUMAN	TRIM22	E3 ubiquitin-protein ligase TRIM22	511919	548373	714745	966428
Q8IYS1	Q8IYS1	P20D2_HUMAN	PM20D2	Xaa-Arg dipeptidase	888735	644851	198519	464634
Q8IYS2	Q8IYS2	K2013_HUMAN	KIAA2013	Uncharacterized protein KIAA2013	660247	536395	1.0504e+06	803607
Q8IYS5	Q8IYS5	OSCAR_HUMAN	OSCAR	Osteoclast-associated immunoglobulin-like receptor			92178.1	
Q8IZ07	Q8IZ07	AN13A_HUMAN	ANKRD13A	Ankyrin repeat domain-containing protein 13A	179407	200857	394076	
Q8IZ21	Q8IZ21	PHAR4_HUMAN	PHACTR4	Phosphatase and actin regulator 4	263807	275720	225446	702574
Q8IZ69	Q8IZ69	TRM2A_HUMAN	TRMT2A	tRNA (uracil-5-)-methyltransferase homolog A	126756	220725	90174.1	
Q8IZ73	Q8IZ73	RUSD2_HUMAN	RPUSD2	Pseudouridylate synthase RPUSD2	676295	703012	407438	
Q8IZ81	Q8IZ81	ELMD2_HUMAN	ELMOD2	ELMO domain-containing protein 2	635232	486861	922981	647893
Q8IZ83	Q8IZ83	A16A1_HUMAN	ALDH16A1	Aldehyde dehydrogenase family 16 member A1	894449	785562	1.04509e+06	1.72526e+06
Q8IZA0	Q8IZA0	K319L_HUMAN	KIAA0319L	Dyslexia-associated protein KIAA0319-like protein	288164	412867	309975	
Q8IZD4	Q8IZD4	DCP1B_HUMAN	DCP1B	mRNA-decapping enzyme 1B	229263	297392	110238	
Q8IZH2	Q8IZH2	XRN1_HUMAN	XRN1	5'-3' exoribonuclease 1	504204	120849	641088	
Q8IZL8	Q8IZL8	PELP1_HUMAN	PELP1	Proline-, glutamic acid- and leucine-rich protein 1	385365	152655	395326	
Q8IZP0	Q8IZP0;Q9NYB9	ABI1_HUMAN	ABI1	Abl interactor 1	2.27525e+06	2.17022e+06	2.53204e+06	2.04296e+06
Q8IZQ5	Q8IZQ5	SELH_HUMAN	SELENOH	Selenoprotein H	1.67558e+06	1.81699e+06	530637	832211
Q8IZR5	Q8IZR5	CKLF4_HUMAN	CMTM4	CKLF-like MARVEL transmembrane domain-containing protein 4	95272.1	176483		405288
Q8IZU2	Q8IZU2	WDR17_HUMAN	WDR17	WD repeat-containing protein 17	4.68003e+06	4.23747e+06	4.24005e+06	
Q8IZV5	Q8IZV5	RDH10_HUMAN	RDH10	Retinol dehydrogenase 10	316270	122934	332489	
Q8J025	Q8J025	APCD1_HUMAN	APCDD1	Protein APCDD1	57202.3	75653.2		
Q8N0U8	Q8N0U8	VKORL_HUMAN	VKORC1L1	Vitamin K epoxide reductase complex subunit 1-like protein 1	1.19804e+06	690378	852956	
Q8N0W3	Q8N0W3	FCSK_HUMAN	FCSK	L-fucose kinase	220319	155170	154359	
Q8N0X4	Q8N0X4	CLYBL_HUMAN	CLYBL	Citramalyl-CoA lyase, mitochondrial	734004	1.52826e+06	848037	2.38307e+06
Q8N0X7	Q8N0X7	SPART_HUMAN	SPART	Spartin	325614	305646	179207	
Q8N108	Q8N108	MIER1_HUMAN	MIER1	Mesoderm induction early response protein 1	219359	188209	255876	133840
Q8N122	Q8N122	RPTOR_HUMAN	RPTOR	Regulatory-associated protein of mTOR	111997	53776.3	101422	
Q8N128	Q8N128	F177A_HUMAN	FAM177A1	Protein FAM177A1	744401	767725		979446
Q8N129	Q8N129	CNPY4_HUMAN	CNPY4	Protein canopy homolog 4	934583	993001	507478	394894
Q8N131	Q8N131	PORIM_HUMAN	TMEM123	Porimin	881542	923450		1.09791e+06
Q8N138	Q8N138	ORML3_HUMAN	ORMDL3	ORM1-like protein 3	407359	438733	517903	918975
Q8N142	Q8N142	PURA1_HUMAN	ADSS1	Adenylosuccinate synthetase isozyme 1		37117.5	32356.9	
Q8N163	Q8N163	CCAR2_HUMAN	CCAR2	Cell cycle and apoptosis regulator protein 2	2.8058e+06	1.31532e+06	2.49429e+06	3.92376e+06
Q8N183	Q8N183	NDUF2_HUMAN	NDUFAF2	NADH dehydrogenase [ubiquinone] 1 alpha subcomplex assembly factor 2	1.9341e+06	2.37341e+06	1.2268e+06	2.24644e+06
Q8N1A6	Q8N1A6	CD033_HUMAN	C4orf33	UPF0462 protein C4orf33	498248	689411	548557	1.32725e+06
Q8N1B4	Q8N1B4	VPS52_HUMAN	VPS52	Vacuolar protein sorting-associated protein 52 homolog	447378	481291	912530	571240
Q8N1F7	Q8N1F7	NUP93_HUMAN	NUP93	Nuclear pore complex protein Nup93	733147	267392	994409	704942
Q8N1G2	Q8N1G2	CMTR1_HUMAN	CMTR1	Cap-specific mRNA (nucleoside-2'-O-)-methyltransferase 1	661065	345145	633882	233937
Q8N1G4	Q8N1G4	LRC47_HUMAN	LRRC47	Leucine-rich repeat-containing protein 47	1.44477e+06	1.4884e+06	775367	1.33326e+06
Q8N1N4	Q8N1N4	K2C78_HUMAN	KRT78	Keratin, type II cytoskeletal 78	627900	1.51576e+06	2.00999e+06	6.54397e+06
Q8N1P7	Q8N1P7	CRBG2_HUMAN	CRYBG2	Beta/gamma crystallin domain-containing protein 2	111380		53653.1	
Q8N1Q1	Q8N1Q1	CAH13_HUMAN	CA13	Carbonic anhydrase 13	609014	556551	483405	134136
Q8N1S5	Q8N1S5	S39AB_HUMAN	SLC39A11	Zinc transporter ZIP11	329233	183288	729409	1.66334e+06
Q8N2F6	Q8N2F6	ARM10_HUMAN	ARMC10	Armadillo repeat-containing protein 10	885590	723617		735912
Q8N2G8	Q8N2G8	GHDC_HUMAN	GHDC	GH3 domain-containing protein	355266	253760	506175	499065
Q8N2K0	Q8N2K0	ABD12_HUMAN	ABHD12	Lysophosphatidylserine lipase ABHD12	503853	276415	684064	901548
Q8N2S1	Q8N2S1	LTBP4_HUMAN	LTBP4	Latent-transforming growth factor beta-binding protein 4	760327	1.10299e+06	987180	787408
Q8N2U9	Q8N2U9	S66A2_HUMAN	SLC66A2	Solute carrier family 66 member 2	69353.2	39464.5	198969	
Q8N2W9	Q8N2W9	PIAS4_HUMAN	PIAS4	E3 SUMO-protein ligase PIAS4	42273.1			
Q8N335	Q8N335	GPD1L_HUMAN	GPD1L	Glycerol-3-phosphate dehydrogenase 1-like protein	2.1927e+06	2.07802e+06	1.43151e+06	2.78484e+06
Q8N357	Q8N357	S35F6_HUMAN	SLC35F6	Solute carrier family 35 member F6	560321	500723	206336	845103
Q8N370	Q8N370	LAT4_HUMAN	SLC43A2	Large neutral amino acids transporter small subunit 4	111374	69318.9		
Q8N371	Q8N371	KDM8_HUMAN	KDM8	Bifunctional peptidase and arginyl-hydroxylase JMJD5	240994	252864		
Q8N386	Q8N386	LRC25_HUMAN	LRRC25	Leucine-rich repeat-containing protein 25	254724	662727	568905	
Q8N392	Q8N392	RHG18_HUMAN	ARHGAP18	Rho GTPase-activating protein 18	839982	582351	519255	525344
Q8N3C0	Q8N3C0	ASCC3_HUMAN	ASCC3	Activating signal cointegrator 1 complex subunit 3	241067	200355	528249	946655
Q8N3D4	Q8N3D4	EH1L1_HUMAN	EHBP1L1	EH domain-binding protein 1-like protein 1	458839	293412	344578	494403
Q8N3E9	Q8N3E9	PLCD3_HUMAN	PLCD3	1-phosphatidylinositol 4,5-bisphosphate phosphodiesterase delta-3	408360	371922	540035	
Q8N3F8	Q8N3F8	MILK1_HUMAN	MICALL1	MICAL-like protein 1	254730	183141	115176	
Q8N3P4	Q8N3P4	VPS8_HUMAN	VPS8	Vacuolar protein sorting-associated protein 8 homolog	237157		342321	
Q8N3U4	Q8N3U4;Q8WVM7	STAG2_HUMAN	STAG2	Cohesin subunit SA-2	383553	153493	193692	
Q8N3X1	Q8N3X1	FNBP4_HUMAN	FNBP4	Formin-binding protein 4	206475	115364	153537	
Q8N3Y7	Q8N3Y7	RDHE2_HUMAN	SDR16C5	Epidermal retinol dehydrogenase 2		297587	382847	
Q8N423	O75022;P59901;Q8N423;Q8N6C8;Q6PI73	LIRB2_HUMAN	LILRB2	Leukocyte immunoglobulin-like receptor subfamily B member 2	345268	419042	804679	
Q8N442	Q8N442	GUF1_HUMAN	GUF1	Translation factor GUF1, mitochondrial	37986.9	39024.4		
Q8N465	Q8N465	D2HDH_HUMAN	D2HGDH	D-2-hydroxyglutarate dehydrogenase, mitochondrial	252966	321803	223157	905312
Q8N490	Q8N490	PNKD_HUMAN	PNKD	Probable hydrolase PNKD	510492	434922	680838	353866
Q8N4A0	Q8N4A0	GALT4_HUMAN	GALNT4	Polypeptide N-acetylgalactosaminyltransferase 4	601927	1.37773e+06	2.05943e+06	2.33165e+06
Q8N4C8	Q8N4C8	MINK1_HUMAN	MINK1	Misshapen-like kinase 1	214275	221717	312078	758888
Q8N4J0	Q8N4J0	CARME_HUMAN	CARNMT1	Carnosine N-methyltransferase	626422	555864	296055	
Q8N4P3	Q8N4P3	MESH1_HUMAN	HDDC3	Guanosine-3',5'-bis(diphosphate) 3'-pyrophosphohydrolase MESH1	63180.3	169897	80581.1	
Q8N4Q0	Q8N4Q0	PTGR3_HUMAN	PTGR3	Prostaglandin reductase 3	429908	747353	457989	811109
Q8N4T8	Q8N4T8	CBR4_HUMAN	CBR4	3-oxoacyl-[acyl-carrier-protein] reductase	1.14346e+06	2.633e+06	1.88173e+06	1.74314e+06
Q8N4V1	Q8N4V1	EMC5_HUMAN	MMGT1	ER membrane protein complex subunit 5	346116	396644	818691	978764
Q8N4X5	Q8N4X5	AF1L2_HUMAN	AFAP1L2	Actin filament-associated protein 1-like 2	263432	124629	138745	
Q8N543	Q8N543	OGFD1_HUMAN	OGFOD1	Prolyl 3-hydroxylase OGFOD1	295628	186144	87999.5	
Q8N556	Q8N556	AFAP1_HUMAN	AFAP1	Actin filament-associated protein 1	323229		239949	
Q8N565	Q8N565	MREG_HUMAN	MREG	Melanoregulin	1.409e+06	1.06343e+06	2.39762e+06	1.90577e+06
Q8N573	Q8N573	OXR1_HUMAN	OXR1	Oxidation resistance protein 1	423097	593259	490071	415396
Q8N5A5	Q8N5A5	ZGPAT_HUMAN	ZGPAT	Zinc finger CCCH-type with G patch domain-containing protein	307214	180184	165741	
Q8N5C1	Q8N5C1	CAHM5_HUMAN	CALHM5	Calcium homeostasis modulator protein 5	1.05126e+06	355445	347921	
Q8N5C6	Q8N5C6	SRBD1_HUMAN	SRBD1	S1 RNA-binding domain-containing protein 1	79904.7	53772.5	104827	
Q8N5G0	Q8N5G0	SIM20_HUMAN	SMIM20	Small integral membrane protein 20		2.45265e+06		1.93954e+06
Q8N5I2	Q8N5I2	ARRD1_HUMAN	ARRDC1	Arrestin domain-containing protein 1	9.45383e+06	5.50623e+06	5.35218e+06	
Q8N5I4	Q8N5I4	DHRSX_HUMAN	DHRSX	Dehydrogenase/reductase SDR family member on chromosome X	531679	387803	791583	283202
Q8N5I9	Q8N5I9	NOPC1_HUMAN	NOPCHAP1	NOP protein chaperone 1	163139	275468		
Q8N5J2	Q8N5J2	MINY1_HUMAN	MINDY1	Ubiquitin carboxyl-terminal hydrolase MINDY-1	89795.6	180997	175323	414378
Q8N5K1	Q8N5K1	CISD2_HUMAN	CISD2	CDGSH iron-sulfur domain-containing protein 2	3.28174e+06	5.18351e+06	5.22123e+06	4.04586e+06
Q8N5L8	Q8N5L8	RP25L_HUMAN	RPP25L	Ribonuclease P protein subunit p25-like protein	208531	182040	245392	765950
Q8N5M1	Q8N5M1	ATPF2_HUMAN	ATPAF2	ATP synthase mitochondrial F1 complex assembly factor 2	105108	171176	110960	
Q8N5M4	Q8N5M4	TTC9C_HUMAN	TTC9C	Tetratricopeptide repeat protein 9C	750305	745913	360941	
Q8N5M9	Q8N5M9	JAGN1_HUMAN	JAGN1	Protein jagunal homolog 1	397603	364430	685081	781417
Q8N5N7	Q8N5N7	RM50_HUMAN	MRPL50	Large ribosomal subunit protein mL50	309192			876334
Q8N5R6	Q8N5R6	CCD33_HUMAN	CCDC33	Coiled-coil domain-containing protein 33	6.15272e+06	7.66544e+06	4.84096e+06	4.82293e+06
Q8N5V2	Q8N5V2	NGEF_HUMAN	NGEF	Ephexin-1	48743.9			
Q8N668	Q8N668	COMD1_HUMAN	COMMD1	COMM domain-containing protein 1	269705	334508	453642	112021
Q8N684	Q8N684	CPSF7_HUMAN	CPSF7	Cleavage and polyadenylation specificity factor subunit 7	3.85582e+06	3.29069e+06	3.15112e+06	2.594e+06
Q8N697	Q8N697	S15A4_HUMAN	SLC15A4	Solute carrier family 15 member 4	309587	307531	361685	
Q8N6C8	Q8N6C8;Q8NHL6	LIRA3_HUMAN	LILRA3	Leukocyte immunoglobulin-like receptor subfamily A member 3	225494	379410	536800	
Q8N6G5	Q8N6G5	CGAT2_HUMAN	CSGALNACT2	Chondroitin sulfate N-acetylgalactosaminyltransferase 2	88374.6	98723.4	210062	
Q8N6H7	Q8N6H7	ARFG2_HUMAN	ARFGAP2	ADP-ribosylation factor GTPase-activating protein 2	1.15877e+06	946647	560641	2.23844e+06
Q8N6L1	Q8N6L1	KTAP2_HUMAN	KRTCAP2	Keratinocyte-associated protein 2	1.61151e+06	3.11667e+06		1.51118e+06
Q8N6M0	Q8N6M0	OTU6B_HUMAN	OTUD6B	Deubiquitinase OTUD6B	1.03092e+06	669942	524274	
Q8N6M3	Q8N6M3	FITM2_HUMAN	FITM2	Acyl-coenzyme A diphosphatase FITM2	2.12254e+06	2.58762e+06	2.05533e+06	
Q8N6N3	Q8N6N3	CA052_HUMAN	C1orf52	UPF0690 protein C1orf52	37711.5	58189.8		
Q8N6Q3	Q8N6Q3	CD177_HUMAN	CD177	CD177 antigen	2.65989e+06	2.04031e+06	8.6771e+06	2.54108e+06
Q8N6R0	Q8N6R0	EFNMT_HUMAN	METTL13	eEF1A lysine and N-terminal methyltransferase	153416	60241.5	116949	
Q8N6T3	Q8N6T3	ARFG1_HUMAN	ARFGAP1	ADP-ribosylation factor GTPase-activating protein 1	2.14569e+06	1.02462e+06	996380	1.37992e+06
Q8N6T7	Q8N6T7	SIR6_HUMAN	SIRT6	NAD-dependent protein deacylase sirtuin-6	226014	145932	157409	
Q8N755	Q8N755	S66A3_HUMAN	SLC66A3	Solute carrier family 66 member 3	183748	221649	309292	
Q8N766	Q8N766	EMC1_HUMAN	EMC1	ER membrane protein complex subunit 1	1.74986e+06	1.21245e+06	2.28015e+06	1.22552e+06
Q8N7H5	Q8N7H5	PAF1_HUMAN	PAF1	RNA polymerase II-associated factor 1 homolog	461489	249522	763225	
Q8N7R7	Q8N7R7	CCYL1_HUMAN	CCNYL1	Cyclin-Y-like protein 1	302320	234372	267443	
Q8N806	Q8N806	UBR7_HUMAN	UBR7	Putative E3 ubiquitin-protein ligase UBR7	595319	392704	334862	557116
Q8N8A2	O15084;Q8N8A2	ANR44_HUMAN	ANKRD44	Serine/threonine-protein phosphatase 6 regulatory ankyrin repeat subunit B	906681	796019	882720	
Q8N8J7	Q8N8J7	F241A_HUMAN	FAM241A	Uncharacterized protein FAM241A	121217	158754	266484	
Q8N8N7	Q8N8N7	PTGR2_HUMAN	PTGR2	Prostaglandin reductase 2	732606	1.14821e+06	541988	634017
Q8N8R5	Q8N8R5	CB069_HUMAN	C2orf69	Mitochondrial protein C2orf69	240609	207066	146330	
Q8N8S7	Q8N8S7	ENAH_HUMAN	ENAH	Protein enabled homolog	2.11816e+06	1.31621e+06	1.00701e+06	576188
Q8N8V4	Q8N8V4	ANS4B_HUMAN	ANKS4B	Ankyrin repeat and SAM domain-containing protein 4B	211559	266158	323408	535176
Q8N8Z6	Q8N8Z6	DCBD1_HUMAN	DCBLD1	Discoidin, CUB and LCCL domain-containing protein 1	149457	148610	174618	
Q8N954	Q8N954	GPT11_HUMAN	GPATCH11	G patch domain-containing protein 11	233173	158300	155569	
Q8N983	Q8N983	RM43_HUMAN	MRPL43	Large ribosomal subunit protein mL43	893424	355493	1.82699e+06	2.18819e+06
Q8N9A8	Q8N9A8	NEPR1_HUMAN	CNEP1R1	Nuclear envelope phosphatase-regulatory subunit 1	122898		186056	
Q8N9N2	Q8N9N2	ASCC1_HUMAN	ASCC1	Activating signal cointegrator 1 complex subunit 1	525624	750933	853002	
Q8N9N7	Q8N9N7	LRC57_HUMAN	LRRC57	Leucine-rich repeat-containing protein 57	296237	262109	400482	723752
Q8N9N8	Q8N9N8	EIF1A_HUMAN	EIF1AD	Probable RNA-binding protein EIF1AD	840750	822185	751356	
Q8N9U0	Q8N9U0	TAC2N_HUMAN	TC2N	Tandem C2 domains nuclear protein		398785	379785	
Q8N9V3	Q8N9V3	WSDU1_HUMAN	WDSUB1	WD repeat, SAM and U-box domain-containing protein 1	183447			
Q8NAV1	Q8NAV1	PR38A_HUMAN	PRPF38A	Pre-mRNA-splicing factor 38A	214692		114251	
Q8NB16	Q8NB16	MLKL_HUMAN	MLKL	Mixed lineage kinase domain-like protein	597691	409590	720203	123281
Q8NB37	Q8NB37	GALD1_HUMAN	GATD1	Glutamine amidotransferase-like class 1 domain-containing protein 1	894310	791302	385248	862177
Q8NB49	Q8NB49	AT11C_HUMAN	ATP11C	Phospholipid-transporting ATPase IG	109194	58741.2	39179.4	
Q8NB90	Q8NB90	AFG2A_HUMAN	AFG2A	ATPase family gene 2 protein homolog A	188061			
Q8NBF2	Q8NBF2	NHLC2_HUMAN	NHLRC2	NHL repeat-containing protein 2	1.28341e+06	1.07715e+06	1.81875e+06	1.1058e+06
Q8NBF6	Q8NBF6	AVL9_HUMAN	AVL9	Late secretory pathway protein AVL9 homolog	722638	382842	543288	723432
Q8NBI5	Q8NBI5	S43A3_HUMAN	SLC43A3	Equilibrative nucleobase transporter 1	78276.9	78375.2	117983	
Q8NBI6	Q8NBI6	XXLT1_HUMAN	XXYLT1	Xyloside xylosyltransferase 1	239449	148542		
Q8NBJ4	Q8NBJ4	GOLM1_HUMAN	GOLM1	Golgi membrane protein 1	2.30819e+06	2.168e+06	3.4214e+06	5.17183e+06
Q8NBJ5	Q8NBJ5	GT251_HUMAN	COLGALT1	Procollagen galactosyltransferase 1	3.81888e+06	2.5458e+06	2.81295e+06	1.56395e+06
Q8NBJ7	Q8NBJ7	SUMF2_HUMAN	SUMF2	Inactive C-alpha-formylglycine-generating enzyme 2	2.30458e+06	3.65712e+06	2.61422e+06	2.86878e+06
Q8NBJ9	Q8NBJ9	SIDT2_HUMAN	SIDT2	SID1 transmembrane family member 2	213069	189537	246007	
Q8NBK3	Q8NBK3	SUMF1_HUMAN	SUMF1	Formylglycine-generating enzyme	1.19291e+06	1.16237e+06	915961	1.47397e+06
Q8NBL1	Q8NBL1	PGLT1_HUMAN	POGLUT1	Protein O-glucosyltransferase 1	1.2553e+06	1.22241e+06	1.04802e+06	682495
Q8NBM8	Q8NBM8	PCYXL_HUMAN	PCYOX1L	Prenylcysteine oxidase-like	416346	472029	705855	235144
Q8NBN3	Q8NBN3	TM87A_HUMAN	TMEM87A	Transmembrane protein 87A	1.02632e+06	612329	1.19916e+06	1.59806e+06
Q8NBN7	Q8NBN7	RDH13_HUMAN	RDH13	Retinol dehydrogenase 13	732020	725406	857825	2.87677e+06
Q8NBQ5	Q8NBQ5	DHB11_HUMAN	HSD17B11	Estradiol 17-beta-dehydrogenase 11	1.02622e+06	743604	3.04092e+06	2.00279e+06
Q8NBS9	Q8NBS9	TXND5_HUMAN	TXNDC5	Thioredoxin domain-containing protein 5	1.37921e+07	7.53267e+07	4.36857e+07	5.07944e+07
Q8NBU5	Q8NBU5	ATAD1_HUMAN	ATAD1	Outer mitochondrial transmembrane helix translocase	647473	366215	447845	675861
Q8NBX0	Q8NBX0	SCPDL_HUMAN	SCCPDH	Saccharopine dehydrogenase-like oxidoreductase	3.13954e+06	2.20768e+06	4.58708e+06	3.47836e+06
Q8NC42	Q8NC42	RN149_HUMAN	RNF149	E3 ubiquitin-protein ligase RNF149	410617	241694	377397	80786.4
Q8NC51	Q8NC51	SERB1_HUMAN	SERBP1	SERPINE1 mRNA-binding protein 1	9.66926e+06	9.88699e+06	5.50241e+06	1.15758e+07
Q8NC56	Q8NC56	LEMD2_HUMAN	LEMD2	LEM domain-containing protein 2	1.19692e+06	731063	1.334e+06	811981
Q8NC60	Q8NC60	NOA1_HUMAN	NOA1	Nitric oxide-associated protein 1	90848.3			
Q8NC96	Q8NC96	NECP1_HUMAN	NECAP1	Adaptin ear-binding coat-associated protein 1	1.03753e+06	1.86596e+06	864400	980767
Q8NCA5	Q8NCA5	FA98A_HUMAN	FAM98A	Protein FAM98A	917983	833339	1.41066e+06	
Q8NCC3	Q8NCC3	PAG15_HUMAN	PLA2G15	Phospholipase A2 group XV	335964	262875	114336	
Q8NCE2	Q8NCE2	MTMRE_HUMAN	MTMR14	Myotubularin-related protein 14	251024	157929	146460	
Q8NCF5	Q8NCF5	NF2IP_HUMAN	NFATC2IP	NFATC2-interacting protein	342446	392615	210622	
Q8NCG7	Q8NCG7	DGLB_HUMAN	DAGLB	Diacylglycerol lipase-beta	237925	191980	424643	
Q8NCH0	Q8NCH0	CHSTE_HUMAN	CHST14	Carbohydrate sulfotransferase 14	290460	192563	337186	
Q8NCL4	Q8NCL4	GALT6_HUMAN	GALNT6	Polypeptide N-acetylgalactosaminyltransferase 6	290489	180046	251327	
Q8NCN5	Q8NCN5	PDPR_HUMAN	PDPR	Pyruvate dehydrogenase phosphatase regulatory subunit, mitochondrial	825812	977097	927779	759312
Q8NCR9	Q8NCR9	CLRN3_HUMAN	CLRN3	Clarin-3	173247	143397	119218	
Q8NCS4	Q8NCS4	TM35B_HUMAN	TMEM35B	Transmembrane protein 35B	411140	299564	359395	
Q8NCW5	Q8NCW5	NNRE_HUMAN	NAXE	NAD(P)H-hydrate epimerase	2.02545e+06	3.05949e+06	1.81765e+06	3.38506e+06
Q8ND04	Q8ND04	SMG8_HUMAN	SMG8	Nonsense-mediated mRNA decay factor SMG8	202866	84197.1	150126	
Q8ND24	Q8ND24	RN214_HUMAN	RNF214	RING finger protein 214	340427	231274	263917	442990
Q8ND56	Q8ND56	LS14A_HUMAN	LSM14A	Protein LSM14 homolog A	630128	643448	215045	664672
Q8ND61	Q8ND61	CC020_HUMAN	C3orf20	Uncharacterized protein C3orf20				5.37574e+06
Q8ND71	Q8ND71	GIMA8_HUMAN	GIMAP8	GTPase IMAP family member 8	816265	973580	1.18198e+06	835466
Q8ND76	Q8ND76	CCNY_HUMAN	CCNY	Cyclin-Y	464690	289944		
Q8NDA8	Q8NDA8	MROH1_HUMAN	MROH1	Maestro heat-like repeat-containing protein family member 1	108400	35214.9	102966	
Q8NDH2	Q8NDH2	CC168_HUMAN	CCDC168	Leucine-rich repeat transmembrane protein CCDC168	2.17604e+06	2.58203e+06	5.21601e+06	
Q8NDH3	Q8NDH3	PEPL1_HUMAN	NPEPL1	Probable aminopeptidase NPEPL1	1.45777e+06	1.59811e+06	848316	703099
Q8NDI1	Q8NDI1	EHBP1_HUMAN	EHBP1	EH domain-binding protein 1	59527.9		31339.8	
Q8NDZ4	Q8NDZ4	DIK2A_HUMAN	DIPK2A	Divergent protein kinase domain 2A	53772.7	43704.7	115851	
Q8NE01	Q8NE01	CNNM3_HUMAN	CNNM3	Metal transporter CNNM3	589523	404000	604867	714504
Q8NE62	Q8NE62	CHDH_HUMAN	CHDH	Choline dehydrogenase, mitochondrial	2.38991e+06	2.13642e+06	1.25596e+06	7.1513e+06
Q8NE71	Q8NE71	ABCF1_HUMAN	ABCF1	ATP-binding cassette sub-family F member 1	1.30504e+06	1.12982e+06	947525	559001
Q8NE86	Q8NE86	MCU_HUMAN	MCU	Calcium uniporter protein, mitochondrial	226296		982927	2.81212e+06
Q8NEC7	Q8NEC7	GSTCD_HUMAN	GSTCD	Glutathione S-transferase C-terminal domain-containing protein	34415.6	17102.9		
Q8NEN9	Q8NEN9	PDZD8_HUMAN	PDZD8	PDZ domain-containing protein 8	1.3811e+06	1.67361e+06	2.14325e+06	
Q8NEU8	Q8NEU8	DP13B_HUMAN	APPL2	DCC-interacting protein 13-beta	854342	904621	937371	608574
Q8NEW0	Q8NEW0	ZNT7_HUMAN	SLC30A7	Zinc transporter 7	602259		1.83907e+06	983402
Q8NEX9	Q8NEX9	DR9C7_HUMAN	SDR9C7	Short-chain dehydrogenase/reductase family 9C member 7	121661		206380	116056
Q8NEZ5	Q8NEZ5	FBX22_HUMAN	FBXO22	F-box only protein 22	812466	1.56817e+06	1.28573e+06	847556
Q8NF37	Q8NF37	PCAT1_HUMAN	LPCAT1	Lysophosphatidylcholine acyltransferase 1	145189			
Q8NF50	Q8NF50	DOCK8_HUMAN	DOCK8	Dedicator of cytokinesis protein 8	172275	173148	476592	257571
Q8NF64;Q9ULJ6	Q8NF64;Q9ULJ6	ZMIZ1_HUMAN;ZMIZ2_HUMAN	ZMIZ1;ZMIZ2	Zinc finger MIZ domain-containing protein 2	587346	365314	452245	519090
Q8NF91	Q8NF91	SYNE1_HUMAN	SYNE1	Nesprin-1	224674		702835	502821
Q8NFC6	Q8NFC6	BD1L1_HUMAN	BOD1L1	Biorientation of chromosomes in cell division protein 1-like 1	103729	82307.6	114104	
Q8NFD5	Q8NFD5	ARI1B_HUMAN	ARID1B	AT-rich interactive domain-containing protein 1B	30443.8	24885.3		
Q8NFF5	Q8NFF5	FAD1_HUMAN	FLAD1	FAD synthase	536683	298581	692597	462128
Q8NFG4	Q8NFG4	FLCN_HUMAN	FLCN	Folliculin	44718.8	25313.7	96752.1	
Q8NFH3	Q8NFH3	NUP43_HUMAN	NUP43	Nucleoporin Nup43	725249	762794	323359	
Q8NFH4	Q8NFH4	NUP37_HUMAN	NUP37	Nucleoporin Nup37	1.68986e+06	2.18485e+06	1.00811e+06	
Q8NFH5	Q8NFH5	NUP35_HUMAN	NUP35	Nucleoporin NUP35	814867	579767	416258	408818
Q8NFI3	Q8NFI3	ENASE_HUMAN	ENGASE	Cytosolic endo-beta-N-acetylglucosaminidase	660108	738075	431590	
Q8NFJ5	Q8NFJ5	RAI3_HUMAN	GPRC5A	Retinoic acid-induced protein 3	4.24651e+06	1.16805e+06	481493	296001
Q8NFL0	Q8NFL0	B3GN7_HUMAN	B3GNT7	UDP-GlcNAc:betaGal beta-1,3-N-acetylglucosaminyltransferase 7	280777	420282	847886	1.25273e+06
Q8NFQ8	Q8NFQ8	TOIP2_HUMAN	TOR1AIP2	Torsin-1A-interacting protein 2	523060	542219	588414	966537
Q8NFT2	Q8NFT2	STEA2_HUMAN	STEAP2	Metalloreductase STEAP2	529796	262933	427107	
Q8NFU3	Q8NFU3	TSTD1_HUMAN	TSTD1	Thiosulfate:glutathione sulfurtransferase	526998	1.13469e+06	966200	1.87861e+06
Q8NFV4	Q8NFV4	ABHDB_HUMAN	ABHD11	Protein ABHD11	2.54079e+06	1.85778e+06	3.13284e+06	2.6914e+06
Q8NFW8	Q8NFW8	NEUA_HUMAN	CMAS	N-acylneuraminate cytidylyltransferase	1.84705e+06	2.6124e+06	2.66345e+06	2.53566e+06
Q8NFX7	Q8NFX7	STXB6_HUMAN	STXBP6	Syntaxin-binding protein 6		219256		
Q8NFZ8	Q8NFZ8	CADM4_HUMAN	CADM4	Cell adhesion molecule 4	197616	198387	183468	
Q8NG11	Q8NG11	TSN14_HUMAN	TSPAN14	Tetraspanin-14	357236	427838	471440	
Q8NG68	Q8NG68	TTL_HUMAN	TTL	Tubulin--tyrosine ligase	200386	85636.9		
Q8NGA1	Q8NGA1	OR1M1_HUMAN	OR1M1	Olfactory receptor 1M1	2.68338e+06	4.5484e+06	8.26394e+06	1.71517e+06
Q8NHG7	Q8NHG7	SVIP_HUMAN	SVIP	Small VCP/p97-interacting protein	221299	624246	220416	1.13906e+06
Q8NHG8	Q8NHG8	ZNRF2_HUMAN	ZNRF2	E3 ubiquitin-protein ligase ZNRF2	224669	372843		
Q8NHH9	Q8NHH9	ATLA2_HUMAN	ATL2	Atlastin-2	563394	303034	196691	
Q8NHJ6	Q8NHJ6	LIRB4_HUMAN	LILRB4	Leukocyte immunoglobulin-like receptor subfamily B member 4	40251.5	55417.2	68180.2	
Q8NHL6	Q8NHL6	LIRB1_HUMAN	LILRB1	Leukocyte immunoglobulin-like receptor subfamily B member 1	31189.6	99582.8	72705.8	
Q8NHP1	Q8NHP1	ARK74_HUMAN	AKR7L	Aflatoxin B1 aldehyde reductase member 4	96643.2	166833	131233	
Q8NHP6	Q8NHP6	MSPD2_HUMAN	MOSPD2	Motile sperm domain-containing protein 2	212186	161576	355091	
Q8NHP8	Q8NHP8	PLBL2_HUMAN	PLBD2	Putative phospholipase B-like 2	5.13186e+06	8.27481e+06	5.19447e+06	1.30351e+06
Q8NHQ9	Q8NHQ9	DDX55_HUMAN	DDX55	ATP-dependent RNA helicase DDX55	5.56477e+06	9.01119e+06	6.65584e+06	7.84781e+06
Q8NHU6	Q8NHU6	TDRD7_HUMAN	TDRD7	Tudor domain-containing protein 7	140982	75318	79033.7	
Q8NHV1	Q8NHV1	GIMA7_HUMAN	GIMAP7	GTPase IMAP family member 7	332297	551433	402640	
Q8NHV4	Q8NHV4	NEDD1_HUMAN	NEDD1	Protein NEDD1	147067	52730.7		
Q8NI27	Q8NI27	THOC2_HUMAN	THOC2	THO complex subunit 2	284592		277450	
Q8NI36	Q8NI36	WDR36_HUMAN	WDR36	WD repeat-containing protein 36	596944	171592	238369	
Q8NI60	Q8NI60	COQ8A_HUMAN	COQ8A	Atypical kinase COQ8A, mitochondrial	401682	376247	1.0018e+06	1.43592e+06
Q8TAE8	Q8TAE8	G45IP_HUMAN	GADD45GIP1	Large ribosomal subunit protein mL64	222421		200737	
Q8TAF3	Q8TAF3	WDR48_HUMAN	WDR48	WD repeat-containing protein 48	344722	234957	246950	368254
Q8TAQ2	Q8TAQ2	SMRC2_HUMAN	SMARCC2	SWI/SNF complex subunit SMARCC2	981139	448751	1.15764e+06	548251
Q8TAT6	Q8TAT6	NPL4_HUMAN	NPLOC4	Nuclear protein localization protein 4 homolog	1.73265e+06	1.48081e+06	1.42986e+06	983380
Q8TAV4	Q8TAV4	STML3_HUMAN	STOML3	Stomatin-like protein 3	2.8201e+07	2.36129e+07	2.0858e+07	9.95761e+06
Q8TAX9	Q8TAX9	GSDMB_HUMAN	GSDMB	Gasdermin-B	241684	779501	500357	585297
Q8TB03	Q8TB03	CX038_HUMAN	CXorf38	Uncharacterized protein CXorf38	814110	450622	380512	
Q8TB22	Q8TB22	SPT20_HUMAN	SPATA20	Spermatogenesis-associated protein 20	515109	594166	884282	186609
Q8TB24	Q8TB24	RIN3_HUMAN	RIN3	Ras and Rab interactor 3	94438.5	77486.3	152589	
Q8TB36	Q8TB36	GDAP1_HUMAN	GDAP1	Ganglioside-induced differentiation-associated protein 1			238144	
Q8TB37	Q8TB37	NUBPL_HUMAN	NUBPL	Iron-sulfur protein NUBPL	314426	292396	344636	836105
Q8TB40	Q8TB40	ABHD4_HUMAN	ABHD4	(Lyso)-N-acylphosphatidylethanolamine lipase	62067.1	41460.2	67867.8	
Q8TB61	Q8TB61	S35B2_HUMAN	SLC35B2	Adenosine 3'-phospho 5'-phosphosulfate transporter 1	383586		1.00224e+06	1.33149e+06
Q8TB72	Q8TB72	PUM2_HUMAN	PUM2	Pumilio homolog 2	194709	72929.8	110198	
Q8TB96	Q8TB96	TIP_HUMAN	ITFG1	T-cell immunomodulatory protein	1.70867e+06	1.89536e+06	1.05371e+06	1.2829e+06
Q8TBA6	Q8TBA6	GOGA5_HUMAN	GOLGA5	Golgin subfamily A member 5	249354	117225	513851	661358
Q8TBB5	Q8TBB5	KLDC4_HUMAN	KLHDC4	Kelch domain-containing protein 4	176593	173121	132252	
Q8TBC4	Q8TBC4	UBA3_HUMAN	UBA3	NEDD8-activating enzyme E1 catalytic subunit	2.83486e+06	1.97441e+06	1.40236e+06	2.83228e+06
Q8TBF2	Q8TBF2	PXL2B_HUMAN	PRXL2B	Prostamide/prostaglandin F synthase	1.02277e+06	774551	554809	812685
Q8TBN0	Q8TBN0	R3GEF_HUMAN	RAB3IL1	Guanine nucleotide exchange factor for Rab-3A	231665			
Q8TBP5	Q8TBP5	F174A_HUMAN	FAM174A	Membrane protein FAM174A		339143	250181	440038
Q8TBP6	Q8TBP6	S2540_HUMAN	SLC25A40	Probable mitochondrial glutathione transporter SLC25A40	73546.5		246641	
Q8TBQ9	Q8TBQ9	KISHA_HUMAN	TMEM167A	Protein kish-A	2.21334e+06	2.14844e+06	3.75142e+06	1.58863e+06
Q8TBR7	Q8TBR7	TLC3A_HUMAN	TLCD3A	TLC domain-containing protein 3A	43575.1		154763	
Q8TBX8	Q8TBX8	PI42C_HUMAN	PIP4K2C	Phosphatidylinositol 5-phosphate 4-kinase type-2 gamma	1.27326e+06	1.41165e+06	1.11226e+06	908906
Q8TC07	Q8TC07	TBC15_HUMAN	TBC1D15	TBC1 domain family member 15	619433	409329	905359	1.62492e+06
Q8TC12	Q8TC12	RDH11_HUMAN	RDH11	Retinol dehydrogenase 11	1.28021e+06	1.08508e+06	3.06901e+06	1.84612e+06
Q8TCA0	Q8TCA0	LRC20_HUMAN	LRRC20	Leucine-rich repeat-containing protein 20	291082	422457	211432	
Q8TCB0	Q8TCB0	IFI44_HUMAN	IFI44	Interferon-induced protein 44	54929.5		54809.8	
Q8TCC3	Q8TCC3	RM30_HUMAN	MRPL30	Large ribosomal subunit protein uL30m	358046		530190	701241
Q8TCD1	Q8TCD1	CR032_HUMAN	C18orf32	UPF0729 protein C18orf32	218047	391554	277751	
Q8TCD5	Q8TCD5	NT5C_HUMAN	NT5C	5'(3')-deoxyribonucleotidase, cytosolic type	409220	441042	832938	341025
Q8TCF1	Q8TCF1	ZFAN1_HUMAN	ZFAND1	AN1-type zinc finger protein 1	146745	141871		
Q8TCG2	Q8TCG2	P4K2B_HUMAN	PI4K2B	Phosphatidylinositol 4-kinase type 2-beta	273954	336509	261814	
Q8TCJ2	Q8TCJ2	STT3B_HUMAN	STT3B	Dolichyl-diphosphooligosaccharide--protein glycosyltransferase subunit STT3B	1.68085e+06	1.17826e+06	4.26224e+06	3.94342e+06
Q8TCS8	Q8TCS8	PNPT1_HUMAN	PNPT1	Polyribonucleotide nucleotidyltransferase 1, mitochondrial	3.66925e+06	2.87882e+06	2.1131e+06	2.5341e+06
Q8TCT7	Q8TCT7	SPP2B_HUMAN	SPPL2B	Signal peptide peptidase-like 2B	308540	271080	554278	852648
Q8TCT8	Q8TCT8	SPP2A_HUMAN	SPPL2A	Signal peptide peptidase-like 2A	321117	250913	431861	
Q8TCT9	Q8TCT9	HM13_HUMAN	HM13	Minor histocompatibility antigen H13	3.35159e+06	2.55233e+06	3.73961e+06	2.5313e+06
Q8TCU6	Q8TCU6	PREX1_HUMAN	PREX1	Phosphatidylinositol 3,4,5-trisphosphate-dependent Rac exchanger 1 protein	153964	106914	215808	
Q8TCY9	Q8TCY9	URGCP_HUMAN	URGCP	Up-regulator of cell proliferation	36398.1		28187	
Q8TCZ2	Q8TCZ2	C99L2_HUMAN	CD99L2	CD99 antigen-like protein 2	140328	267122		
Q8TD06	Q8TD06	AGR3_HUMAN	AGR3	Anterior gradient protein 3		9.14777e+06	8.83619e+06	1.58767e+07
Q8TD08	Q8TD08	MK15_HUMAN	MAPK15	Mitogen-activated protein kinase 15	6.38867e+06	2.77268e+06	3.3403e+06	2.29998e+06
Q8TD16	Q8TD16;Q96G01	BICD2_HUMAN	BICD2	Protein bicaudal D homolog 2	223687	95755.2	137875	
Q8TD19	Q8TD19	NEK9_HUMAN	NEK9	Serine/threonine-protein kinase Nek9	411677	311374	719448	571210
Q8TD30	Q8TD30	ALAT2_HUMAN	GPT2	Alanine aminotransferase 2	816976	477306	291057	
Q8TD43	Q8TD43	TRPM4_HUMAN	TRPM4	Transient receptor potential cation channel subfamily M member 4	363289	195207	848864	1.45581e+06
Q8TD46	Q8TD46	MO2R1_HUMAN	CD200R1	Cell surface glycoprotein CD200 receptor 1	57180	94541.6	149118	
Q8TD55	Q8TD55	PKHO2_HUMAN	PLEKHO2	Pleckstrin homology domain-containing family O member 2	2.04622e+06	2.09893e+06	1.72922e+06	1.46069e+06
Q8TDB6	Q8TDB6	DTX3L_HUMAN	DTX3L	E3 ubiquitin-protein ligase DTX3L	481839	208925	369592	
Q8TDH9	Q8TDH9	BL1S5_HUMAN	BLOC1S5	Biogenesis of lysosome-related organelles complex 1 subunit 5	319772	387353	217956	
Q8TDJ6	Q8TDJ6	DMXL2_HUMAN	DMXL2	DmX-like protein 2	19373.3	12785.5	71373.2	
Q8TDN6	Q8TDN6	BRX1_HUMAN	BRIX1	Ribosome biogenesis protein BRX1 homolog	72746.3		189608	
Q8TDP1	Q8TDP1	RNH2C_HUMAN	RNASEH2C	Ribonuclease H2 subunit C	2.29959e+06	1.34272e+06	884712	
Q8TDQ1	A8K4G0;Q8TDQ1	CLM1_HUMAN	CD300LF	CMRF35-like molecule 1	71183.7	238586	164122	
Q8TDQ7	Q8TDQ7	GNPI2_HUMAN	GNPDA2	Glucosamine-6-phosphate isomerase 2	658323	791070	588157	
Q8TDX7	Q8TDX7	NEK7_HUMAN	NEK7	Serine/threonine-protein kinase Nek7	338488	283892	195661	302491
Q8TDZ2	Q8TDZ2	MICA1_HUMAN	MICAL1	[F-actin]-monooxygenase MICAL1	588736	563135	1.00443e+06	888090
Q8TE67	Q8TE67	ES8L3_HUMAN	EPS8L3	Epidermal growth factor receptor kinase substrate 8-like protein 3	1.21904e+06	708472	543606	914368
Q8TE68	Q8TE68	ES8L1_HUMAN	EPS8L1	Epidermal growth factor receptor kinase substrate 8-like protein 1	528717	626526	615941	717483
Q8TE77	Q8TE77	SSH3_HUMAN	SSH3	Protein phosphatase Slingshot homolog 3	726984	641021	286836	586775
Q8TEA8	Q8TEA8	DTD1_HUMAN	DTD1	D-aminoacyl-tRNA deacylase 1	1.22706e+06	1.15664e+06	974005	1.35757e+06
Q8TEB1	Q8TEB1	DCA11_HUMAN	DCAF11	DDB1- and CUL4-associated factor 11	72640.6	47418.8	128136	
Q8TED1	Q8TED1	GPX8_HUMAN	GPX8	Probable glutathione peroxidase 8	1.25363e+06	466099	625249	
Q8TEM1	Q8TEM1	PO210_HUMAN	NUP210	Nuclear pore membrane glycoprotein 210	143426	167684	484354	
Q8TEQ6	Q8TEQ6	GEMI5_HUMAN	GEMIN5	Gem-associated protein 5	398940	105737	317713	
Q8TEW0	Q8TEW0	PARD3_HUMAN	PARD3	Partitioning defective 3 homolog	336975	197910	322456	
Q8TEX9	Q8TEX9	IPO4_HUMAN	IPO4	Importin-4	550571	557258	320122	258835
Q8TF05	Q8TF05	PP4R1_HUMAN	PPP4R1	Serine/threonine-protein phosphatase 4 regulatory subunit 1	190249	134479	100603	
Q8TF65	Q8TF65	GIPC2_HUMAN	GIPC2	PDZ domain-containing protein GIPC2	1.12678e+06	1.12192e+06	781050	883616
Q8TF66	Q8TF66	LRC15_HUMAN	LRRC15	Leucine-rich repeat-containing protein 15	1.73852e+06	722537	212242	
Q8TF74	Q8TF74	WIPF2_HUMAN	WIPF2	WAS/WASL-interacting protein family member 2	549715	315528	271566	694017
Q8WTS1	Q8WTS1	ABHD5_HUMAN	ABHD5	1-acylglycerol-3-phosphate O-acyltransferase ABHD5	295631		509497	
Q8WTS6	Q8WTS6	SETD7_HUMAN	SETD7	Histone-lysine N-methyltransferase SETD7	727961	608001	510175	184642
Q8WTV0	Q8WTV0	SCRB1_HUMAN	SCARB1	Scavenger receptor class B member 1	759938	772672	485062	
Q8WTW3	Q8WTW3	COG1_HUMAN	COG1	Conserved oligomeric Golgi complex subunit 1	103698		129902	519389
Q8WU39	Q8WU39	MZB1_HUMAN	MZB1	Marginal zone B- and B1-cell-specific protein	1.34018e+06	1.67629e+08	3.22447e+07	8.98584e+07
Q8WU67	Q8WU67	ABHD3_HUMAN	ABHD3	Phospholipase ABHD3			244208	
Q8WU76	Q8WU76	SCFD2_HUMAN	SCFD2	Sec1 family domain-containing protein 2	92146.1	193471	25080.3	
Q8WU79	Q8WU79	SMAP2_HUMAN	SMAP2	Stromal membrane-associated protein 2	2.03785e+06	2.52256e+06	3.55062e+06	1.72022e+06
Q8WU90	Q8WU90	ZC3HF_HUMAN	ZC3H15	Zinc finger CCCH domain-containing protein 15	1.74048e+06	1.21904e+06	861337	689507
Q8WUA2	Q8WUA2	PPIL4_HUMAN	PPIL4	Peptidyl-prolyl cis-trans isomerase-like 4	1.07141e+06	792648	781667	612390
Q8WUA4	Q8WUA4	TF3C2_HUMAN	GTF3C2	General transcription factor 3C polypeptide 2	662336	841904	788536	
Q8WUA7	Q8WUA7	TB22A_HUMAN	TBC1D22A	TBC1 domain family member 22A	299144	198192	265254	538391
Q8WUD1	Q8WUD1	RAB2B_HUMAN	RAB2B	Ras-related protein Rab-2B	364082	497180	222039	290618
Q8WUF8	Q8WUF8	F172A_HUMAN	FAM172A	Cotranscriptional regulator FAM172A	258161	229970	253619	
Q8WUH1	Q8WUH1	CHUR_HUMAN	CHURC1	Protein Churchill	113557	168358	103642	
Q8WUH2	Q8WUH2	TGFA1_HUMAN	TGFBRAP1	Transforming growth factor-beta receptor-associated protein 1	58431.7		126885	
Q8WUH6	Q8WUH6	TM263_HUMAN	TMEM263	Transmembrane protein 263	708889	1.66594e+06	363185	1.44597e+06
Q8WUJ3	Q8WUJ3	CEMIP_HUMAN	CEMIP	Cell migration-inducing and hyaluronan-binding protein	215748	139717	300411	
Q8WUK0	Q8WUK0	PTPM1_HUMAN	PTPMT1	Phosphatidylglycerophosphatase and protein-tyrosine phosphatase 1	73611.8	35287.8		
Q8WUM0	Q8WUM0	NU133_HUMAN	NUP133	Nuclear pore complex protein Nup133	249656		598254	
Q8WUM4	Q8WUM4	PDC6I_HUMAN	PDCD6IP	Programmed cell death 6-interacting protein	9.07079e+06	5.79572e+06	8.81069e+06	1.25282e+07
Q8WUP2	Q8WUP2	FBLI1_HUMAN	FBLIM1	Filamin-binding LIM protein 1	2.90433e+06	1.24653e+06	1.13381e+06	826901
Q8WUX1	Q8WUX1	S38A5_HUMAN	SLC38A5	Sodium-coupled neutral amino acid transporter 5	1.28666e+06		424537	
Q8WUX9	Q8WUX9	CHMP7_HUMAN	CHMP7	Charged multivesicular body protein 7	183467	198101	178595	127954
Q8WUY1	Q8WUY1	THEM6_HUMAN	THEM6	Protein THEM6	635814	228535	1.06031e+06	1.11706e+06
Q8WUY8	Q8WUY8	NAT14_HUMAN	NAT14	Probable N-acetyltransferase 14	366301	417000	416570	127296
Q8WV24	Q8WV24	PHLA1_HUMAN	PHLDA1	Pleckstrin homology-like domain family A member 1	71545.7	60944.2	31982.4	
Q8WV74	Q8WV74	NUDT8_HUMAN	NUDT8	Mitochondrial coenzyme A diphosphatase NUDT8	240733	328236	153160	
Q8WV99	Q8WV99	ZFN2B_HUMAN	ZFAND2B	AN1-type zinc finger protein 2B	202592	185010	96050.6	
Q8WVC0	Q8WVC0	LEO1_HUMAN	LEO1	RNA polymerase-associated protein LEO1	330128	367794	538754	
Q8WVC6	Q8WVC6	DCAKD_HUMAN	DCAKD	Dephospho-CoA kinase domain-containing protein	668421	445300	429960	395173
Q8WVI0	Q8WVI0	UQCC5_HUMAN	UQCC5	Ubiquinol-cytochrome-c reductase complex assembly factor 5	213398	206427	158193	
Q8WVJ2	Q8WVJ2	NUDC2_HUMAN	NUDCD2	NudC domain-containing protein 2	1.57445e+06	1.52977e+06	762085	1.3401e+06
Q8WVL7	Q8WVL7	ANR49_HUMAN	ANKRD49	Ankyrin repeat domain-containing protein 49	48609.7	70464.5	36291.9	
Q8WVM0	Q8WVM0	TFB1M_HUMAN	TFB1M	Dimethyladenosine transferase 1, mitochondrial	308955	263825		
Q8WVM7	Q8WVM7	STAG1_HUMAN	STAG1	Cohesin subunit SA-1	263945	123455		
Q8WVM8	Q8WVM8	SCFD1_HUMAN	SCFD1	Sec1 family domain-containing protein 1	603544	718432	745060	1.38956e+06
Q8WVQ1	Q8WVQ1	CANT1_HUMAN	CANT1	Soluble calcium-activated nucleotidase 1	1.17469e+06	1.7342e+06	2.14644e+06	2.23939e+06
Q8WVT3	Q8WVT3	TPC12_HUMAN	TRAPPC12	Trafficking protein particle complex subunit 12	187312	191290	183524	
Q8WVV4	Q8WVV4	POF1B_HUMAN	POF1B	Protein POF1B	361868	615596	1.25115e+06	1.9574e+06
Q8WVV9	Q8WVV9	HNRLL_HUMAN	HNRNPLL	Heterogeneous nuclear ribonucleoprotein L-like	931790	441720	813788	838933
Q8WVY7	Q8WVY7	UBCP1_HUMAN	UBLCP1	Ubiquitin-like domain-containing CTD phosphatase 1	2.24648e+06	2.60338e+06	2.45002e+06	1.71121e+06
Q8WW01	Q8WW01	SEN15_HUMAN	TSEN15	tRNA-splicing endonuclease subunit Sen15	73897.7	79198.2		
Q8WW12	Q8WW12	PCNP_HUMAN	PCNP	PEST proteolytic signal-containing nuclear protein	3.35586e+06	4.13161e+06	975239	4.60708e+06
Q8WW43	Q8WW43	APH1B_HUMAN	APH1B	Gamma-secretase subunit APH-1B	203914		282677	
Q8WW59	Q8WW59	SPRY4_HUMAN	SPRYD4	SPRY domain-containing protein 4	1.45006e+06	4.03412e+06	1.04173e+06	1.61873e+06
Q8WWA0	Q8WWA0	ITLN1_HUMAN	ITLN1	Intelectin-1	443778	2.27579e+07	1.5667e+07	5.94844e+07
Q8WWB7	Q8WWB7	GLMP_HUMAN	GLMP	Glycosylated lysosomal membrane protein	149604	150184	165901	
Q8WWC4	Q8WWC4	MAIP1_HUMAN	MAIP1	m-AAA protease-interacting protein 1, mitochondrial	373193	266017	454746	948601
Q8WWH4	Q8WWH4	ASZ1_HUMAN	ASZ1	Ankyrin repeat, SAM and basic leucine zipper domain-containing protein 1	602446	396788	305569	
Q8WWH5	Q8WWH5	TRUB1_HUMAN	TRUB1	Pseudouridylate synthase TRUB1	253616	278266	259979	267215
Q8WWI1	Q8WWI1	LMO7_HUMAN	LMO7	LIM domain only protein 7	5.83571e+06	2.53037e+06	1.52323e+06	2.0056e+06
Q8WWI5	Q8WWI5	CTL1_HUMAN	SLC44A1	Choline transporter-like protein 1	1.11427e+06	1.24245e+06	1.48152e+06	1.21311e+06
Q8WWM7	Q8WWM7	ATX2L_HUMAN	ATXN2L	Ataxin-2-like protein	2.03247e+06	1.57034e+06	840740	2.25002e+06
Q8WWM9	Q8WWM9	CYGB_HUMAN	CYGB	Cytoglobin	2.29198e+06	2.48161e+06	1.9471e+06	478703
Q8WWP7	Q8WWP7	GIMA1_HUMAN	GIMAP1	GTPase IMAP family member 1	1.0468e+06	946328	1.20517e+06	1.27819e+06
Q8WWQ0	Q8WWQ0	PHIP_HUMAN	PHIP	PH-interacting protein	81663.7		172184	
Q8WWV3	Q8WWV3	RT4I1_HUMAN	RTN4IP1	Reticulon-4-interacting protein 1, mitochondrial	356100	558035	558186	
Q8WWW0	Q8WWW0	RASF5_HUMAN	RASSF5	Ras association domain-containing protein 5	60180.6	54233.3	203331	
Q8WWX9	Q8WWX9	SELM_HUMAN	SELENOM	Selenoprotein M	242940	698030	375135	
Q8WWY3	Q8WWY3	PRP31_HUMAN	PRPF31	U4/U6 small nuclear ribonucleoprotein Prp31	2.43702e+06	2.78761e+06	2.47561e+06	1.26855e+06
Q8WWY8	Q8WWY8	LIPH_HUMAN	LIPH	Lipase member H	42458	62637.4	62881.3	
Q8WX92	Q8WX92	NELFB_HUMAN	NELFB	Negative elongation factor B	1.52714e+06	707883	838894	
Q8WX93	Q8WX93	PALLD_HUMAN	PALLD	Palladin	9.92722e+06	5.95642e+06	5.54254e+06	4.99118e+06
Q8WXA9	Q8WXA9	SREK1_HUMAN	SREK1	Splicing regulatory glutamine/lysine-rich protein 1	571169	607465	505332	
Q8WXB1	Q8WXB1	MT21A_HUMAN	METTL21A	Protein N-lysine methyltransferase METTL21A	89216.3	65799	79587.2	
Q8WXD5	Q8WXD5	GEMI6_HUMAN	GEMIN6	Gem-associated protein 6	317172			
Q8WXF1	Q8WXF1	PSPC1_HUMAN	PSPC1	Paraspeckle component 1	3.11833e+06	2.71762e+06	2.66194e+06	2.24273e+06
Q8WXG6	Q8WXG6	MADD_HUMAN	MADD	MAP kinase-activating death domain protein	125687	62397.9	80615.8	
Q8WXI4	Q8WXI4	ACO11_HUMAN	ACOT11	Acyl-coenzyme A thioesterase 11	896579	747209	1.18164e+06	1.16855e+06
Q8WXI9	Q8WXI9	P66B_HUMAN	GATAD2B	Transcriptional repressor p66-beta	171024	79456.5	89723	
Q8WXR4	Q8WXR4	MYO3B_HUMAN	MYO3B	Myosin-IIIb	243631	180741	541674	
Q8WXX5	Q8WXX5	DNJC9_HUMAN	DNAJC9	DnaJ homolog subfamily C member 9	1.70743e+06	1.01449e+06	1.30699e+06	403762
Q8WY22	Q8WY22	BRI3B_HUMAN	BRI3BP	BRI3-binding protein	1.55101e+06	1.34459e+06	2.87311e+06	2.18525e+06
Q8WY91	Q8WY91	THAP4_HUMAN	THAP4	Peroxynitrite isomerase THAP4		286280	416466	310793
Q8WYA6	Q8WYA6	CTBL1_HUMAN	CTNNBL1	Beta-catenin-like protein 1	1.33571e+06	748818	600652	
Q8WYJ6	Q8WYJ6	SEPT1_HUMAN	SEPTIN1	Septin-1	385374	647812	262148	768370
Q8WYL5	Q8WYL5	SSH1_HUMAN	SSH1	Protein phosphatase Slingshot homolog 1	125572	131082		
Q8WZ73	Q8WZ73	RFFL_HUMAN	RFFL	E3 ubiquitin-protein ligase rififylin	137990	67523.7		
Q8WZ82	Q8WZ82	OVCA2_HUMAN	OVCA2	Esterase OVCA2	825250	794670	578174	1.64645e+06
Q8WZA0	Q8WZA0	LZIC_HUMAN	LZIC	Protein LZIC	1.21251e+06	3.1964e+06	499067	1.64288e+06
Q8WZA9	Q8WZA9	IRGQ_HUMAN	IRGQ	Immunity-related GTPase family Q protein	2.13901e+06	2.12306e+06	1.3548e+06	2.4918e+06
Q92466	Q92466	DDB2_HUMAN	DDB2	DNA damage-binding protein 2	507853	1.7239e+06	2.49394e+06	1.29045e+06
Q92484	Q92484	ASM3A_HUMAN	SMPDL3A	Acid sphingomyelinase-like phosphodiesterase 3a	477302	1.10802e+06	998919	816079
Q92485	Q92485	ASM3B_HUMAN	SMPDL3B	Acid sphingomyelinase-like phosphodiesterase 3b	349117	1.67512e+06	435958	403633
Q92499	Q92499	DDX1_HUMAN	DDX1	ATP-dependent RNA helicase DDX1	4.26997e+06	5.30111e+06	3.90863e+06	3.02011e+06
Q92506	Q92506	DHB8_HUMAN	HSD17B8	(3R)-3-hydroxyacyl-CoA dehydrogenase	630319	1.42435e+06	984928	2.13745e+06
Q92508	Q92508	PIEZ1_HUMAN	PIEZO1	Piezo-type mechanosensitive ion channel component 1	429364	282091	474857	
Q92520	Q92520	FAM3C_HUMAN	FAM3C	Protein FAM3C	7.7658e+06	8.47655e+06	8.03261e+06	9.75875e+06
Q92522	Q92522	H1X_HUMAN	H1-10	Histone H1.10	3.86331e+06	3.20097e+06	6.63212e+06	3.64529e+06
Q92526	Q92526	TCPW_HUMAN	CCT6B	T-complex protein 1 subunit zeta-2	2.48168e+06	643517	1.88895e+06	2.22117e+06
Q92530	Q92530	PSMF1_HUMAN	PSMF1	Proteasome inhibitor PI31 subunit	1.32302e+06	1.43047e+06	1.15206e+06	1.06658e+06
Q92538	Q92538	GBF1_HUMAN	GBF1	Golgi-specific brefeldin A-resistance guanine nucleotide exchange factor 1	169094	131347	593732	288538
Q92541	Q92541	RTF1_HUMAN	RTF1	RNA polymerase-associated protein RTF1 homolog	542350	477528	434614	195331
Q92542	Q92542	NICA_HUMAN	NCSTN	Nicastrin	2.85705e+06	3.56394e+06	2.98505e+06	1.69498e+06
Q92544	Q92544	TM9S4_HUMAN	TM9SF4	Transmembrane 9 superfamily member 4	1.7529e+06	537691	4.08245e+06	3.85726e+06
Q92546	Q92546	RGP1_HUMAN	RGP1	RAB6A-GEF complex partner protein 2	154692	249669	272350	
Q92551	Q92551	IP6K1_HUMAN	IP6K1	Inositol hexakisphosphate kinase 1	82913.6	78023.5	99209.4	
Q92552	Q92552	RT27_HUMAN	MRPS27	Small ribosomal subunit protein mS27	1.0217e+06	413467	924456	776712
Q92556	Q92556	ELMO1_HUMAN	ELMO1	Engulfment and cell motility protein 1	4.05734e+06	4.05311e+06	6.58873e+06	4.69865e+06
Q92572	Q92572	AP3S1_HUMAN	AP3S1	AP-3 complex subunit sigma-1	365776	432097	372107	1.32215e+06
Q92575	Q92575	UBXN4_HUMAN	UBXN4	UBX domain-containing protein 4	1.35016e+06	841460	953469	1.23112e+06
Q92597	Q92597	NDRG1_HUMAN	NDRG1	Protein NDRG1	2.15859e+06	1.73783e+06	1.9652e+06	7.88199e+06
Q92598	Q92598	HS105_HUMAN	HSPH1	Heat shock protein 105 kDa	1.23017e+07	6.08347e+06	4.85842e+06	3.6634e+06
Q92599	Q92599	SEPT8_HUMAN	SEPTIN8	Septin-8	2.82593e+06	1.58146e+06	1.37031e+06	1.97728e+06
Q92600	Q92600	CNOT9_HUMAN	CNOT9	CCR4-NOT transcription complex subunit 9	749388	583294	558630	363852
Q92604	Q92604	LGAT1_HUMAN	LPGAT1	Acyl-CoA:lysophosphatidylglycerol acyltransferase 1	360961		984214	626092
Q92608	Q92608	DOCK2_HUMAN	DOCK2	Dedicator of cytokinesis protein 2	954918	1.03734e+06	2.03882e+06	608306
Q92609	Q92609	TBCD5_HUMAN	TBC1D5	TBC1 domain family member 5	338310	200879	206389	576529
Q92614	Q92614	MY18A_HUMAN	MYO18A	Unconventional myosin-XVIIIa	223621		660880	
Q92615	Q92615	LAR4B_HUMAN	LARP4B	La-related protein 4B	449762	305620	310709	448893
Q92616	Q92616	GCN1_HUMAN	GCN1	Stalled ribosome sensor GCN1	2.90006e+06	2.32626e+06	2.18997e+06	2.32909e+06
Q92619	Q92619	HMHA1_HUMAN	ARHGAP45	Rho GTPase-activating protein 45	341723	409668	860166	
Q92620	Q92620	PRP16_HUMAN	DHX38	Pre-mRNA-splicing factor ATP-dependent RNA helicase PRP16	5.51185e+06	3.80564e+06	4.46085e+06	2.53252e+06
Q92621	Q92621	NU205_HUMAN	NUP205	Nuclear pore complex protein Nup205	149396	21903.6	166076	
Q92625	Q92625	ANS1A_HUMAN	ANKS1A	Ankyrin repeat and SAM domain-containing protein 1A	640377	384063	562288	486886
Q92626	Q92626	PXDN_HUMAN	PXDN	Peroxidasin homolog	393761	227454	390330	555555
Q92629	Q92629	SGCD_HUMAN	SGCD	Delta-sarcoglycan	996832	1.07339e+06	709250	911066
Q92633	Q92633	LPAR1_HUMAN	LPAR1	Lysophosphatidic acid receptor 1	189732	443488	328395	
Q92643	Q92643	GPI8_HUMAN	PIGK	GPI-anchor transamidase	588515	425639	715108	510341
Q92665	Q92665	RT31_HUMAN	MRPS31	Small ribosomal subunit protein mS31	420964	83292.9	404911	923112
Q92667	Q92667	AKAP1_HUMAN	AKAP1	A-kinase anchor protein 1, mitochondrial	558093	347051	195884	608249
Q92673	Q92673	SORL_HUMAN	SORL1	Sortilin-related receptor	510631	466924	819274	448004
Q92685	Q92685	ALG3_HUMAN	ALG3	Dol-P-Man:Man(5)GlcNAc(2)-PP-Dol alpha-1,3-mannosyltransferase	463066	317697	831224	98076.4
Q92688	Q92688	AN32B_HUMAN	ANP32B	Acidic leucine-rich nuclear phosphoprotein 32 family member B	1.41107e+07	1.32289e+07	1.17234e+07	9.18664e+06
Q92692	Q92692	NECT2_HUMAN	NECTIN2	Nectin-2	1.63968e+06	1.66267e+06	1.68524e+06	2.02026e+06
Q92696	Q92696	PGTA_HUMAN	RABGGTA	Geranylgeranyl transferase type-2 subunit alpha	564098	841997	766693	598036
Q92733	Q92733	PRCC_HUMAN	PRCC	Proline-rich protein PRCC	401741	353379	271909	320925
Q92734	Q92734	TFG_HUMAN	TFG	Protein TFG	4.33004e+06	6.64915e+06	4.51827e+06	5.82456e+06
Q92743	Q92743	HTRA1_HUMAN	HTRA1	Serine protease HTRA1	623504	414864	264053	
Q92747	Q92747	ARC1A_HUMAN	ARPC1A	Actin-related protein 2/3 complex subunit 1A	4.0354e+06	3.97676e+06	5.04224e+06	3.38638e+06
Q92759	Q92759	TF2H4_HUMAN	GTF2H4	General transcription factor IIH subunit 4	40812.4	15781.9		
Q92769	Q92769	HDAC2_HUMAN	HDAC2	Histone deacetylase 2	669507	314181	515335	802469
Q92783	Q92783	STAM1_HUMAN	STAM	Signal transducing adapter molecule 1	962274	505967	760798	1.48846e+06
Q92785	Q92785	REQU_HUMAN	DPF2	Zinc finger protein ubi-d4	720529	841785	221001	1.8865e+06
Q92791	Q92791	SC65_HUMAN	P3H4	Endoplasmic reticulum protein SC65	377084	178634	223384	
Q92796	Q92796	DLG3_HUMAN	DLG3	Disks large homolog 3	260476	261211	333890	253444
Q92797	Q92797	SYMPK_HUMAN	SYMPK	Symplekin	408508	168616	229408	
Q92804	Q92804	RBP56_HUMAN	TAF15	TATA-binding protein-associated factor 2N	764327	542233	851841	
Q92805	Q92805	GOGA1_HUMAN	GOLGA1	Golgin subfamily A member 1	338677	360850	265240	
Q92817	Q92817	EVPL_HUMAN	EVPL	Envoplakin	134705	129205	291652	
Q92820	Q92820	GGH_HUMAN	GGH	Gamma-glutamyl hydrolase	1.64396e+07	1.59343e+07	7.84294e+06	5.25742e+06
Q92828	Q92828	COR2A_HUMAN	CORO2A	Coronin-2A	1.50391e+06	1.29251e+06	2.7515e+06	1.80841e+06
Q92835	Q92835	SHIP1_HUMAN	INPP5D	Phosphatidylinositol 3,4,5-trisphosphate 5-phosphatase 1	873541	626865	770403	675510
Q92841	Q92841	DDX17_HUMAN	DDX17	Probable ATP-dependent RNA helicase DDX17	1.00951e+07	6.19238e+06	9.06738e+06	5.65896e+06
Q92845	Q92845	KIFA3_HUMAN	KIFAP3	Kinesin-associated protein 3	235347		167993	
Q92851	Q92851	CASPA_HUMAN	CASP10	Caspase-10	380630	779859	703531	
Q92854	Q92854	SEM4D_HUMAN	SEMA4D	Semaphorin-4D	268223	284873	209141	
Q92859	Q92859	NEO1_HUMAN	NEO1	Neogenin	344691	240091	224490	
Q92870	Q92870	APBB2_HUMAN	APBB2	Amyloid beta precursor protein binding family B member 2	119059			
Q92876	Q92876	KLK6_HUMAN	KLK6	Kallikrein-6	167814	134374	114378	
Q92878	Q92878	RAD50_HUMAN	RAD50	DNA repair protein RAD50	1.25145e+06	388751	1.186e+06	827472
Q92879	Q92879	CELF1_HUMAN	CELF1	CUGBP Elav-like family member 1	1.76901e+06	1.20907e+06	970596	802646
Q92882	Q92882	OSTF1_HUMAN	OSTF1	Osteoclast-stimulating factor 1	6.60037e+06	6.48334e+06	1.04382e+07	7.163e+06
Q92888	Q92888	ARHG1_HUMAN	ARHGEF1	Rho guanine nucleotide exchange factor 1	840334	566997	685665	1.6871e+06
Q92890	Q92890	UFD1_HUMAN	UFD1	Ubiquitin recognition factor in ER-associated degradation protein 1	2.31571e+06	2.37572e+06	1.93561e+06	1.96753e+06
Q92896	Q92896	GSLG1_HUMAN	GLG1	Golgi apparatus protein 1	3.644e+06	2.90184e+06	2.4421e+06	2.25119e+06
Q92900	Q92900	RENT1_HUMAN	UPF1	Regulator of nonsense transcripts 1	3.12809e+06	2.33571e+06	2.74454e+06	1.53252e+06
Q92905	Q92905	CSN5_HUMAN	COPS5	COP9 signalosome complex subunit 5	2.38438e+06	2.62705e+06	1.83517e+06	1.03544e+06
Q92917	Q92917	GPKOW_HUMAN	GPKOW	G-patch domain and KOW motifs-containing protein	921083	756965	523593	
Q92922	Q92922	SMRC1_HUMAN	SMARCC1	SWI/SNF complex subunit SMARCC1	769819	194300	555624	
Q92925	Q92925	SMRD2_HUMAN	SMARCD2	SWI/SNF-related matrix-associated actin-dependent regulator of chromatin subfamily D member 2	430849	318610	427131	
Q92930	Q92930	RAB8B_HUMAN	RAB8B	Ras-related protein Rab-8B	2.27146e+06	3.21764e+06	4.07417e+06	1.73328e+06
Q92934	Q92934	BAD_HUMAN	BAD	Bcl2-associated agonist of cell death	336268	673391	293097	813471
Q92945	Q92945	FUBP2_HUMAN	KHSRP	Far upstream element-binding protein 2	1.16797e+07	1.00466e+07	3.90292e+06	8.86428e+06
Q92947	Q92947	GCDH_HUMAN	GCDH	Glutaryl-CoA dehydrogenase, mitochondrial	1.48999e+06	1.87043e+06	773641	1.09539e+06
Q92959	Q92959	SO2A1_HUMAN	SLCO2A1	Solute carrier organic anion transporter family member 2A1	187053	237588	164970	
Q92963	Q92963	RIT1_HUMAN	RIT1	GTP-binding protein Rit1	68365.4	55923.3	34381.4	
Q92973	Q92973	TNPO1_HUMAN	TNPO1	Transportin-1	2.46156e+06	1.58309e+06	1.36731e+06	1.80866e+06
Q92974	Q92974	ARHG2_HUMAN	ARHGEF2	Rho guanine nucleotide exchange factor 2	3.40496e+06	2.63246e+06	3.41804e+06	4.08495e+06
Q92979	Q92979	NEP1_HUMAN	EMG1	Ribosomal RNA small subunit methyltransferase NEP1	1.66569e+06	1.571e+06	898810	
Q92989	Q92989	CLP1_HUMAN	CLP1	Polyribonucleotide 5'-hydroxyl-kinase Clp1	422479	223316	338800	
Q92990	Q92990	GLMN_HUMAN	GLMN	Glomulin	198681	141514	145265	
Q93008	O00507;Q93008	USP9X_HUMAN	USP9X	Probable ubiquitin carboxyl-terminal hydrolase FAF-X	822693	305816	541296	574192
Q93009	Q93009	UBP7_HUMAN	USP7	Ubiquitin carboxyl-terminal hydrolase 7	2.92747e+06	1.8534e+06	2.56841e+06	1.69837e+06
Q93033	Q93033	IGSF2_HUMAN	CD101	Immunoglobulin superfamily member 2	330259	422160	607486	
Q93034	Q93034	CUL5_HUMAN	CUL5	Cullin-5	677193	431710	788340	611331
Q93045	Q93045	STMN2_HUMAN	STMN2	Stathmin-2	4.87932e+06	3.93342e+06	3.51473e+06	4.56137e+06
Q93050	Q93050	VPP1_HUMAN	ATP6V0A1	V-type proton ATPase 116 kDa subunit a 1	1.39232e+06	1.07394e+06	1.44345e+06	1.93294e+06
Q93052	Q93052	LPP_HUMAN	LPP	Lipoma-preferred partner	7.33266e+06	8.42393e+06	2.87299e+06	9.54967e+06
Q93062	Q93062	RBPMS_HUMAN	RBPMS	RNA-binding protein with multiple splicing	1.61716e+06	1.77522e+06	1.53654e+06	
Q93084	Q93084	AT2A3_HUMAN	ATP2A3	Sarcoplasmic/endoplasmic reticulum calcium ATPase 3	477580	609512	3.51338e+06	4.5548e+06
Q93091	Q93091	RNAS6_HUMAN	RNASE6	Ribonuclease K6	819932	1.12364e+06	881965	
Q93096	Q93096	TP4A1_HUMAN	PTP4A1	Protein tyrosine phosphatase type IVA 1	1.22569e+06	1.28287e+06	1.03953e+06	694464
Q93099	Q93099	HGD_HUMAN	HGD	Homogentisate 1,2-dioxygenase	23400.3	879930	620141	365374
Q969E2	Q969E2	SCAM4_HUMAN	SCAMP4	Secretory carrier-associated membrane protein 4	1.55618e+06	643587	1.97386e+06	470162
Q969E4	Q5H9L2;Q969E4	TCAL3_HUMAN	TCEAL3	Transcription elongation factor A protein-like 3	905759	1.37136e+06	774873	1.46804e+06
Q969E8	Q969E8	TSR2_HUMAN	TSR2	Pre-rRNA-processing protein TSR2 homolog	372364	382008		
Q969G3	Q969G3	SMCE1_HUMAN	SMARCE1	SWI/SNF-related matrix-associated actin-dependent regulator of chromatin subfamily E member 1	803258	589806	531162	430089
Q969G5	Q969G5	CAVN3_HUMAN	CAVIN3	Caveolae-associated protein 3	3.27946e+06	3.25286e+06	1.18553e+06	3.6774e+06
Q969G6	Q969G6	RIFK_HUMAN	RFK	Riboflavin kinase	201493	358170	183917	
Q969H8	Q969H8	MYDGF_HUMAN	MYDGF	Myeloid-derived growth factor	8.29767e+06	1.87341e+07	1.05486e+07	8.02358e+06
Q969J3	Q969J3	BORC5_HUMAN	BORCS5	BLOC-1-related complex subunit 5	700376	1.12324e+06	973438	218257
Q969L2	Q969L2	MAL2_HUMAN	MAL2	Protein MAL2	2.8789e+06	2.47029e+06	1.74877e+06	2.20054e+06
Q969M3	Q969M3	YIPF5_HUMAN	YIPF5	Protein YIPF5	124708			918643
Q969M7	Q969M7	UBE2F_HUMAN	UBE2F	NEDD8-conjugating enzyme UBE2F	139869	114834		
Q969N2	Q969N2	PIGT_HUMAN	PIGT	GPI transamidase component PIG-T	225161		685533	545734
Q969P0	Q969P0	IGSF8_HUMAN	IGSF8	Immunoglobulin superfamily member 8	642353	701628	489514	955652
Q969Q0	P83881;Q969Q0	RL36L_HUMAN	RPL36AL	Ribosomal protein eL42-like	1.27453e+06	980257	1.10812e+06	3.20444e+06
Q969Q5	Q969Q5	RAB24_HUMAN	RAB24	Ras-related protein Rab-24	352085	786055	890262	201956
Q969R2	Q969R2	OSBP2_HUMAN	OSBP2	Oxysterol-binding protein 2	742250	563327	435924	466984
Q969S3	Q969S3	ZN622_HUMAN	ZNF622	Cytoplasmic 60S subunit biogenesis factor ZNF622	633739	665802	657488	1.28292e+06
Q969S9	Q969S9	RRF2M_HUMAN	GFM2	Ribosome-releasing factor 2, mitochondrial	150977	220574	203196	
Q969T9	Q969T9	WBP2_HUMAN	WBP2	WW domain-binding protein 2	1.11947e+06	1.44542e+06	1.81733e+06	663168
Q969U7	Q969U7	PSMG2_HUMAN	PSMG2	Proteasome assembly chaperone 2	1.08422e+06	562307	463802	151473
Q969V3	Q969V3	NCLN_HUMAN	NCLN	BOS complex subunit NCLN	1.89252e+06	1.81621e+06	2.88141e+06	1.69e+06
Q969X1	Q969X1	LFG3_HUMAN	TMBIM1	Protein lifeguard 3	1.93431e+06	1.6991e+06	646799	693507
Q969X2	Q969X2	SIA7F_HUMAN	ST6GALNAC6	Alpha-N-acetylgalactosaminide alpha-2,6-sialyltransferase 6		349263	1.43383e+06	1.74091e+06
Q969X5	Q969X5	ERGI1_HUMAN	ERGIC1	Endoplasmic reticulum-Golgi intermediate compartment protein 1	890766	1.34408e+06	2.99082e+06	2.01732e+06
Q969Y2	Q969Y2	GTPB3_HUMAN	GTPBP3	tRNA modification GTPase GTPBP3, mitochondrial	189115	269220		
Q969Z0	Q969Z0	FAKD4_HUMAN	TBRG4	FAST kinase domain-containing protein 4	2.08273e+06	318882	1.43661e+06	1.05323e+06
Q969Z3	Q969Z3	MARC2_HUMAN	MTARC2	Mitochondrial amidoxime reducing component 2	702389	745491	770223	1.10916e+06
Q96A00	Q96A00	PP14A_HUMAN	PPP1R14A	Protein phosphatase 1 regulatory subunit 14A	147396	267189		242255
Q96A26	Q96A26	F162A_HUMAN	FAM162A	Protein FAM162A	4.5006e+06	6.645e+06	6.48853e+06	1.20864e+07
Q96A29	Q96A29	FUCT1_HUMAN	SLC35C1	GDP-fucose transporter 1	502017	154398	1.66267e+06	779302
Q96A32	Q96A32	MYL11_HUMAN	MYL11	Myosin regulatory light chain 11			360744	
Q96A33	Q96A33	CCD47_HUMAN	CCDC47	PAT complex subunit CCDC47	1.24277e+06	772864	977899	1.36056e+06
Q96A35	Q96A35	RM24_HUMAN	MRPL24	Large ribosomal subunit protein uL24m	1.00922e+06		1.56478e+06	1.87046e+06
Q96A49	Q96A49	SYAP1_HUMAN	SYAP1	Synapse-associated protein 1	2.86372e+06	2.36249e+06	1.29786e+06	1.77891e+06
Q96A57	Q96A57	TM230_HUMAN	TMEM230	Transmembrane protein 230	667139	923755	886192	1.96573e+06
Q96A58	Q96A58	RERG_HUMAN	RERG	Ras-related and estrogen-regulated growth inhibitor	372621	343629		
Q96A65	Q96A65	EXOC4_HUMAN	EXOC4	Exocyst complex component 4	402931	260855	365505	370087
Q96A73	Q96A73	P33MX_HUMAN	KIAA1191	Putative monooxygenase p33MONOX	93654.8	109724		
Q96AA3	Q96AA3	RFT1_HUMAN	RFT1	Protein RFT1 homolog	199908	87793.3	487256	228989
Q96AB3	Q96AB3	ISOC2_HUMAN	ISOC2	Isochorismatase domain-containing protein 2	252641	583499	320780	2.20281e+06
Q96AB6	Q96AB6	NTAN1_HUMAN	NTAN1	Protein N-terminal asparagine amidohydrolase	488876	585489	516804	347352
Q96AC1	Q96AC1;Q9BQL6	FERM2_HUMAN	FERMT2	Fermitin family homolog 2	1.87753e+06	973953	2.34721e+06	1.01948e+06
Q96AE4	Q96AE4	FUBP1_HUMAN	FUBP1	Far upstream element-binding protein 1	8.57628e+06	1.0746e+07	7.22666e+06	9.50159e+06
Q96AG4	Q96AG4	LRC59_HUMAN	LRRC59	Leucine-rich repeat-containing protein 59	1.14442e+07	1.20914e+07	5.6146e+06	6.94042e+06
Q96AH8	Q96AH8	RAB7B_HUMAN	RAB7B	Ras-related protein Rab-7b	92923.9	171723	98514.5	
Q96AJ9	Q96AJ9	VTI1A_HUMAN	VTI1A	Vesicle transport through interaction with t-SNAREs homolog 1A	882692	762448	512930	723501
Q96AK3;Q9UH17	Q96AK3;Q9UH17	ABC3B_HUMAN;ABC3D_HUMAN	APOBEC3B;APOBEC3D	DNA dC->dU-editing enzyme APOBEC-3D	316846	484876		
Q96AM1	Q96AM1	MRGRF_HUMAN	MRGPRF	Mas-related G-protein coupled receptor member F	524457	399747	876827	311197
Q96AP7	Q96AP7	ESAM_HUMAN	ESAM	Endothelial cell-selective adhesion molecule	681703	643498	476327	
Q96AQ6	Q96AQ6	PBIP1_HUMAN	PBXIP1	Pre-B-cell leukemia transcription factor-interacting protein 1	513452	566697	987821	727830
Q96AT1	Q96AT1	K1143_HUMAN	KIAA1143	Uncharacterized protein KIAA1143	589280	463791		357915
Q96AT9	Q96AT9	RPE_HUMAN	RPE	Ribulose-phosphate 3-epimerase	2.29666e+06	3.94891e+06		2.53142e+06
Q96AX1	Q96AX1	VP33A_HUMAN	VPS33A	Vacuolar protein sorting-associated protein 33A	396457	286497	539335	
Q96AX2	Q96AX2;Q9ULW5	RAB37_HUMAN	RAB37	Ras-related protein Rab-37	257135	504699	604977	
Q96AY3	Q96AY3	FKB10_HUMAN	FKBP10	Peptidyl-prolyl cis-trans isomerase FKBP10	5.3795e+06	2.84048e+06	2.40464e+06	1.01397e+06
Q96AZ6	Q96AZ6	ISG20_HUMAN	ISG20	Interferon-stimulated gene 20 kDa protein	558799	1.08571e+06	1.03247e+06	609467
Q96B26	Q96B26	EXOS8_HUMAN	EXOSC8	Exosome complex component RRP43	748377	460449	505831	
Q96B36	Q96B36	AKTS1_HUMAN	AKT1S1	Proline-rich AKT1 substrate 1	164577	268859		
Q96B54	Q96B54	ZN428_HUMAN	ZNF428	Zinc finger protein 428	261369	262624		
Q96B97	Q96B97	SH3K1_HUMAN	SH3KBP1	SH3 domain-containing kinase-binding protein 1	2.10164e+06	2.25571e+06	2.03273e+06	2.04256e+06
Q96BD0	Q96BD0	SO4A1_HUMAN	SLCO4A1	Solute carrier organic anion transporter family member 4A1	224047			
Q96BH1	Q96BH1	RNF25_HUMAN	RNF25	E3 ubiquitin-protein ligase RNF25	142252	69798.3		
Q96BI1	Q96BI1	S22AI_HUMAN	SLC22A18	Solute carrier family 22 member 18	324745	338089	1.39701e+06	889045
Q96BI3	Q96BI3	APH1A_HUMAN	APH1A	Gamma-secretase subunit APH-1A	500337	644932	686674	
Q96BJ3	Q96BJ3	AIDA_HUMAN	AIDA	Axin interactor, dorsalization-associated protein	1.66397e+06	1.05389e+06	599206	2.63391e+06
Q96BJ8	Q96BJ8	ELMO3_HUMAN	ELMO3	Engulfment and cell motility protein 3	87323.2	89175.1	126209	
Q96BM9	Q96BM9	ARL8A_HUMAN	ARL8A	ADP-ribosylation factor-like protein 8A	2.46358e+06	2.76532e+06	2.42086e+06	2.19295e+06
Q96BN8	Q96BN8	OTUL_HUMAN	OTULIN	Ubiquitin thioesterase otulin	242386	273860	159573	
Q96BP2	Q96BP2	CHCH1_HUMAN	CHCHD1	Small ribosomal subunit protein mS37	570196	575388	225116	232027
Q96BP3	Q96BP3	PPWD1_HUMAN	PPWD1	Peptidylprolyl isomerase domain and WD repeat-containing protein 1	715536	859517	676814	926964
Q96BQ1	Q96BQ1	FAM3D_HUMAN	FAM3D	Protein FAM3D	418602	6.47123e+06	8.54056e+06	1.70287e+07
Q96BR1	Q96BR1	SGK3_HUMAN	SGK3	Serine/threonine-protein kinase Sgk3	125270	139294	230563	
Q96BR5	Q96BR5	COA7_HUMAN	COA7	Cytochrome c oxidase assembly factor 7	1.17039e+06	1.27474e+06	1.09937e+06	817998
Q96BS2	Q96BS2	CHP3_HUMAN	TESC	Calcineurin B homologous protein 3		33197.8		
Q96BW5	Q96BW5	PTER_HUMAN	PTER	Phosphotriesterase-related protein	1.00695e+06	1.91154e+06	1.14434e+06	1.27244e+06
Q96BX8	Q96BX8	MOB3A_HUMAN	MOB3A	MOB kinase activator 3A	637573	650875	511526	
Q96BY6	Q96BY6	DOC10_HUMAN	DOCK10	Dedicator of cytokinesis protein 10	67485.8	44666.6	111884	1.93987e+06
Q96C01	Q96C01	F136A_HUMAN	FAM136A	Protein FAM136A	1.45465e+06	1.94077e+06	887499	1.57682e+06
Q96C19	Q96C19	EFHD2_HUMAN	EFHD2	EF-hand domain-containing protein D2	1.42187e+07	1.79036e+07	1.71647e+07	1.15998e+07
Q96C23	Q96C23	GALM_HUMAN	GALM	Galactose mutarotase	2.76025e+06	4.6073e+06	4.11292e+06	4.43273e+06
Q96C36	Q96C36	P5CR2_HUMAN	PYCR2	Pyrroline-5-carboxylate reductase 2	817061	487073	257277	1.44912e+06
Q96C57	Q96C57	CSTOS_HUMAN	CUSTOS	Protein CUSTOS	106636	143397		60830.8
Q96C86	Q96C86	DCPS_HUMAN	DCPS	m7GpppX diphosphatase	2.77959e+06	4.20861e+06	3.46521e+06	4.66927e+06
Q96C90	Q96C90	PP14B_HUMAN	PPP1R14B	Protein phosphatase 1 regulatory subunit 14B	1.05634e+06	780843	249036	1.061e+06
Q96CB8	Q96CB8	INT12_HUMAN	INTS12	Integrator complex subunit 12	195451	134649	153705	
Q96CD0	Q96CD0	FBXL8_HUMAN	FBXL8	F-box/LRR-repeat protein 8	516510	988469	505132	671540
Q96CD2	Q96CD2	COAC_HUMAN	PPCDC	Phosphopantothenoylcysteine decarboxylase	136145	501860	318462	92283.7
Q96CG3	Q96CG3	TIFA_HUMAN	TIFA	TRAF-interacting protein with FHA domain-containing protein A	304481	281082	243061	
Q96CG8	Q96CG8	CTHR1_HUMAN	CTHRC1	Collagen triple helix repeat-containing protein 1	1.85127e+06	654799	661976	
Q96CM8	Q96CM8	ACSF2_HUMAN	ACSF2	Medium-chain acyl-CoA ligase ACSF2, mitochondrial	893382	798501	871071	1.78811e+06
Q96CN7	Q96CN7	ISOC1_HUMAN	ISOC1	Isochorismatase domain-containing protein 1	2.92854e+06	5.10016e+06	4.11242e+06	2.91452e+06
Q96CN9	Q96CN9	GCC1_HUMAN	GCC1	GRIP and coiled-coil domain-containing protein 1	228852	130112	305235	72073.9
Q96CP2	Q4VC44;Q96CP2	FWCH2_HUMAN	FLYWCH2	FLYWCH family member 2	520003	615042	137208	884310
Q96CS3	Q96CS3	FAF2_HUMAN	FAF2	FAS-associated factor 2	652332	495311	1.0458e+06	1.01848e+06
Q96CT7	Q96CT7	CC124_HUMAN	CCDC124	Coiled-coil domain-containing protein 124	1.56703e+06	1.26132e+06	744522	773509
Q96CU9	Q96CU9	FXRD1_HUMAN	FOXRED1	FAD-dependent oxidoreductase domain-containing protein 1	466891	462431	247687	2.36328e+06
Q96CV9	Q96CV9	OPTN_HUMAN	OPTN	Optineurin	826722	756801	558867	630661
Q96CW1	Q96CW1	AP2M1_HUMAN	AP2M1	AP-2 complex subunit mu	1.03162e+06	462049	1.77632e+06	1.82248e+06
Q96CW5	Q96CW5	GCP3_HUMAN	TUBGCP3	Gamma-tubulin complex component 3	77373.9			
Q96CW6	Q96CW6	S7A6O_HUMAN	SLC7A6OS	Probable RNA polymerase II nuclear localization protein SLC7A6OS	262981	199765		
Q96CX2	Q96CX2;Q68DU8	KCD12_HUMAN	KCTD12	BTB/POZ domain-containing protein KCTD12	3.91545e+06	4.72249e+06	4.04445e+06	5.92181e+06
Q96D15	Q96D15	RCN3_HUMAN	RCN3	Reticulocalbin-3	3.98677e+06	2.8261e+06		1.6655e+06
Q96D46	Q96D46	NMD3_HUMAN	NMD3	60S ribosomal export protein NMD3	260353	199042	109533	
Q96D71	Q96D71	REPS1_HUMAN	REPS1	RalBP1-associated Eps domain-containing protein 1	667180			715137
Q96D96	Q96D96	HVCN1_HUMAN	HVCN1	Voltage-gated hydrogen channel 1	1.56215e+06	1.81977e+06	2.50333e+06	1.15532e+06
Q96DA0	Q96DA0	ZG16B_HUMAN	ZG16B	Zymogen granule protein 16 homolog B	767776	916110	230414	466409
Q96DA6	Q96DA6	TIM14_HUMAN	DNAJC19	Mitochondrial import inner membrane translocase subunit TIM14	1.51317e+06	1.26364e+06	723568	1.3115e+06
Q96DB5	Q96DB5	RMD1_HUMAN	RMDN1	Regulator of microtubule dynamics protein 1	1.09768e+06	1.04978e+06	1.73991e+06	695701
Q96DD7	Q96DD7	SHSA4_HUMAN	SHISA4	Protein shisa-4	101018	96878.3	38995.7	
Q96DE0	Q96DE0	NUD16_HUMAN	NUDT16	U8 snoRNA-decapping enzyme	1.95891e+06	2.9128e+06	2.64458e+06	2.1666e+06
Q96DG6	Q96DG6	CMBL_HUMAN	CMBL	Carboxymethylenebutenolidase homolog	1.77468e+06	6.9049e+06	9.13099e+06	6.54587e+06
Q96DH6	Q96DH6	MSI2H_HUMAN	MSI2	RNA-binding protein Musashi homolog 2	2.26316e+06	1.80626e+06	883866	928980
Q96DI7	Q96DI7	SNR40_HUMAN	SNRNP40	U5 small nuclear ribonucleoprotein 40 kDa protein	341966	267013	810043	
Q96DM3	Q96DM3	RMC1_HUMAN	RMC1	Regulator of MON1-CCZ1 complex	205881	102887	240257	
Q96DN0	Q96DN0	ERP27_HUMAN	ERP27	Endoplasmic reticulum resident protein 27		146089		
Q96DP5	Q96DP5	FMT_HUMAN	MTFMT	Methionyl-tRNA formyltransferase, mitochondrial	183492	281183	127103	
Q96DR8	Q96DR8	MUCL1_HUMAN	MUCL1	Mucin-like protein 1	244236	391207	617642	2.10693e+06
Q96DV4	Q96DV4	RM38_HUMAN	MRPL38	Large ribosomal subunit protein mL38	1.05785e+06	327643	1.57014e+06	2.47177e+06
Q96DX5	Q96DX5	ASB9_HUMAN	ASB9	Ankyrin repeat and SOCS box protein 9	57154.4	70929.9		
Q96DZ1	Q96DZ1	ERLEC_HUMAN	ERLEC1	Endoplasmic reticulum lectin 1	874549	1.40877e+06	1.25727e+06	846737
Q96E11	Q96E11	RRFM_HUMAN	MRRF	Ribosome-recycling factor, mitochondrial	1.70781e+06	1.61626e+06	1.29668e+06	1.588e+06
Q96E39	Q96E39	RMXL1_HUMAN	RBMXL1	RNA binding motif protein, X-linked-like-1	325916	268103	458394	
Q96E52	Q96E52	OMA1_HUMAN	OMA1	Metalloendopeptidase OMA1, mitochondrial			155841	
Q96EB1	Q96EB1	ELP4_HUMAN	ELP4	Elongator complex protein 4	199689	238926	172879	333632
Q96EC8	Q96EC8	YIPF6_HUMAN	YIPF6	Protein YIPF6	431597		898996	1.06832e+06
Q96EE3	Q96EE3	SEH1_HUMAN	SEH1L	Nucleoporin SEH1	1.5822e+06	1.53504e+06	1.35525e+06	708792
Q96EE4	Q96EE4	CC126_HUMAN	CCDC126	Coiled-coil domain-containing protein 126	79195.8	61167.3		
Q96EH3	Q96EH3	MASU1_HUMAN	MALSU1	Mitochondrial assembly of ribosomal large subunit protein 1	289250	256615	167713	
Q96EI5	Q96EI5	TCAL4_HUMAN	TCEAL4	Transcription elongation factor A protein-like 4	384496	308415	327205	
Q96EK5	Q96EK5	KBP_HUMAN	KIFBP	KIF-binding protein	225968	145186	166045	
Q96EK6	Q96EK6	GNA1_HUMAN	GNPNAT1	Glucosamine 6-phosphate N-acetyltransferase	1.12352e+06	1.88547e+06	1.60919e+06	719925
Q96EL2	Q96EL2	RT24_HUMAN	MRPS24	Small ribosomal subunit protein uS3m	425214		949596	796025
Q96EL3	Q96EL3	RM53_HUMAN	MRPL53	Large ribosomal subunit protein mL53	273045	561680	195403	831855
Q96EM0	Q96EM0	T3HPD_HUMAN	L3HYPDH	Trans-3-hydroxy-L-proline dehydratase	651252	300311	275304	
Q96EP5	Q96EP5	DAZP1_HUMAN	DAZAP1	DAZ-associated protein 1	6.09152e+06	4.93562e+06	3.49857e+06	6.54915e+06
Q96EQ0	Q96EQ0	SGTB_HUMAN	SGTB	Small glutamine-rich tetratricopeptide repeat-containing protein beta	447998	627842	531190	
Q96ER3	Q96ER3	SAAL1_HUMAN	SAAL1	Protein SAAL1	58815.9	35370.5		
Q96ER9	Q96ER9	MITOK_HUMAN	CCDC51	Mitochondrial potassium channel	318788	93405.4	388189	208822
Q96EU7	Q96EU7	C1GLC_HUMAN	C1GALT1C1	C1GALT1-specific chaperone 1	58447.8	45991.9	120978	
Q96EV2	Q96EV2	RBM33_HUMAN	RBM33	RNA-binding protein 33	433690	268769	68539.2	
Q96EV8	Q96EV8	DTBP1_HUMAN	DTNBP1	Dysbindin	208635	206234	330274	
Q96EX1	Q96EX1	SIM12_HUMAN	SMIM12	Small integral membrane protein 12	268973	285171		
Q96EY1	Q96EY1	DNJA3_HUMAN	DNAJA3	DnaJ homolog subfamily A member 3, mitochondrial	1.1289e+06	1.0079e+06	1.22044e+06	1.43863e+06
Q96EY4	Q96EY4	TMA16_HUMAN	TMA16	Translation machinery-associated protein 16	99917.5	64679.3	68958.9	
Q96EY5	Q96EY5	MB12A_HUMAN	MVB12A	Multivesicular body subunit 12A	766052	535103	694876	591488
Q96EY7	Q96EY7	PTCD3_HUMAN	PTCD3	Small ribosomal subunit protein mS39	512367	105448	965908	706620
Q96EY8	Q96EY8	MMAB_HUMAN	MMAB	Corrinoid adenosyltransferase MMAB	847464	1.55803e+06	760699	1.10831e+06
Q96F07	Q96F07	CYFP2_HUMAN	CYFIP2	Cytoplasmic FMR1-interacting protein 2	512112	600416	1.55781e+06	
Q96F10	Q96F10	SAT2_HUMAN	SAT2	Thialysine N-epsilon-acetyltransferase	129600	256944	113365	84160.1
Q96F15	Q96F15	GIMA5_HUMAN	GIMAP5	GTPase IMAP family member 5	704902	883903	1.00416e+06	562371
Q96F24	Q96F24	NRBF2_HUMAN	NRBF2	Nuclear receptor-binding factor 2	499266	585311	266177	
Q96F85	Q96F85	CNRP1_HUMAN	CNRIP1	CB1 cannabinoid receptor-interacting protein 1	559875	1.03816e+06	836006	279729
Q96F86	Q96F86	EDC3_HUMAN	EDC3	Enhancer of mRNA-decapping protein 3	453318	338625	305490	
Q96FF7	Q96FF7	MISP3_HUMAN	MISP3	Uncharacterized protein MISP3	242758	269394		
Q96FJ0	Q96FJ0	STALP_HUMAN	STAMBPL1	AMSH-like protease	841631	649700	394127	
Q96FJ2	Q96FJ2	DYL2_HUMAN	DYNLL2	Dynein light chain 2, cytoplasmic	1.2424e+06	1.91409e+06	1.67075e+06	1.47339e+06
Q96FN4	Q96FN4	CPNE2_HUMAN	CPNE2	Copine-2	321581	242253	367658	
Q96FQ6	Q96FQ6	S10AG_HUMAN	S100A16	Protein S100-A16	1.28656e+06	1.98223e+06	1.65636e+06	1.03037e+06
Q96FS4	Q96FS4	SIPA1_HUMAN	SIPA1	Signal-induced proliferation-associated protein 1	796867	820748	1.30458e+06	635916
Q96FV2	Q96FV2	SCRN2_HUMAN	SCRN2	Secernin-2	1.35738e+06	2.44792e+06	1.12244e+06	896289
Q96FV9	Q96FV9	THOC1_HUMAN	THOC1	THO complex subunit 1	494556	238852	581827	528289
Q96FW1	Q96FW1	OTUB1_HUMAN	OTUB1	Ubiquitin thioesterase OTUB1	4.42148e+06	5.38712e+06	2.31105e+06	2.79909e+06
Q96FX7	Q96FX7	TRM61_HUMAN	TRMT61A	tRNA (adenine(58)-N(1))-methyltransferase catalytic subunit TRMT61A	393113	255468	111463	
Q96FZ2	Q96FZ2	HMCES_HUMAN	HMCES	Abasic site processing protein HMCES	539058	326968	167165	
Q96FZ7	Q96FZ7	CHMP6_HUMAN	CHMP6	Charged multivesicular body protein 6	854334	1.20015e+06	1.0966e+06	910360
Q96G03	Q96G03	PGM2_HUMAN	PGM2	Phosphopentomutase	7.29026e+06	9.64863e+06	7.51025e+06	4.40674e+06
Q96G23	Q96G23	CERS2_HUMAN	CERS2	Ceramide synthase 2	1.4261e+06	1.11475e+06	1.44639e+06	670799
Q96G25	Q96G25	MED8_HUMAN	MED8	Mediator of RNA polymerase II transcription subunit 8	64901.2	39364.5		
Q96G46	Q96G46	DUS3L_HUMAN	DUS3L	tRNA-dihydrouridine(47) synthase [NAD(P)(+)]-like	435823	253464	370787	
Q96G75	Q96G75	RMD5B_HUMAN	RMND5B	E3 ubiquitin-protein transferase RMND5B	94111.2		47625.3	
Q96GA7	Q96GA7	SDSL_HUMAN	SDSL	Serine dehydratase-like	1.12458e+06	1.46547e+06	951794	1.21008e+06
Q96GC5	Q96GC5	RM48_HUMAN	MRPL48	Large ribosomal subunit protein mL48	229828	114959	145234	172651
Q96GC9	Q96GC9	VMP1_HUMAN	VMP1	Vacuole membrane protein 1	698397	419523	1.14463e+06	507973
Q96GD0	Q96GD0	PLPP_HUMAN	PDXP	Chronophin	3.8906e+06	5.64257e+06	2.63707e+06	2.51117e+06
Q96GE6	Q96GE6	CALL4_HUMAN	CALML4	Calmodulin-like protein 4	688426	1.24856e+06	629490	1.46009e+06
Q96GG9	Q6PH85;Q96GG9	DCNL1_HUMAN	DCUN1D1	DCN1-like protein 1	1.59523e+06	1.49636e+06	1.6867e+06	571788
Q96GK7	Q96GK7;Q6P2I3	FAH2A_HUMAN	FAHD2A	Fumarylacetoacetate hydrolase domain-containing protein 2A	2.01961e+06	3.24787e+06	1.06068e+06	834739
Q96GM5	Q96GM5	SMRD1_HUMAN	SMARCD1	SWI/SNF-related matrix-associated actin-dependent regulator of chromatin subfamily D member 1	41224	21741.3	37337.5	
Q96GM8	Q96GM8	TOE1_HUMAN	TOE1	Target of EGR1 protein 1	255521	277432		
Q96GP6	Q96GP6	SREC2_HUMAN	SCARF2	Scavenger receptor class F member 2	100490			
Q96GQ5	Q96GQ5	RUSF1_HUMAN	RUSF1	RUS family member 1	764146	755831	1.02927e+06	1.00392e+06
Q96GQ7	Q96GQ7	DDX27_HUMAN	DDX27	Probable ATP-dependent RNA helicase DDX27	504489	156101	240825	
Q96GS4	Q96GS4	BORC6_HUMAN	BORCS6	BLOC-1-related complex subunit 6	521506	528248	287312	
Q96GW9	Q96GW9	SYMM_HUMAN	MARS2	Methionine--tRNA ligase, mitochondrial	237871	282727	189847	
Q96GX9	Q96GX9	MTNB_HUMAN	APIP	Methylthioribulose-1-phosphate dehydratase	745695	764707	759323	
Q96H20	Q96H20	SNF8_HUMAN	SNF8	Vacuolar-sorting protein SNF8	2.73838e+06	3.61539e+06	2.67016e+06	2.70342e+06
Q96H79	Q96H79	ZCCHL_HUMAN	ZC3HAV1L	Zinc finger CCCH-type antiviral protein 1-like	1.32778e+06	489291	783910	967975
Q96HC4	Q96HC4	PDLI5_HUMAN	PDLIM5	PDZ and LIM domain protein 5	6.77883e+06	4.0468e+06	2.66836e+06	2.41314e+06
Q96HD1	Q96HD1	CREL1_HUMAN	CRELD1	Protein disulfide isomerase CRELD1	456796	315029	289307	660782
Q96HD9	Q96HD9	ACY3_HUMAN	ACY3	N-acyl-aromatic-L-amino acid amidohydrolase (carboxylate-forming)		77338.6		
Q96HE7	Q96HE7	ERO1A_HUMAN	ERO1A	ERO1-like protein alpha	4.76439e+06	6.86026e+06	5.5878e+06	3.84064e+06
Q96HJ9	Q96HJ9	FMC1_HUMAN	FMC1	Protein FMC1 homolog	270683	508101		2.54943e+06
Q96HL8	Q96HL8	SH3Y1_HUMAN	SH3YL1	SH3 domain-containing YSC84-like protein 1	72525.1	32393.1		
Q96HN2	O43865;Q96HN2	SAHH3_HUMAN	AHCYL2	Adenosylhomocysteinase 3	3.34318e+06	4.06328e+06	5.53422e+06	4.60151e+06
Q96HP0	Q96HP0	DOCK6_HUMAN	DOCK6	Dedicator of cytokinesis protein 6	88693.5			
Q96HP4	Q96HP4	OXND1_HUMAN	OXNAD1	Oxidoreductase NAD-binding domain-containing protein 1	65852.2	36399.6		
Q96HP8	Q96HP8	T176A_HUMAN	TMEM176A	Transmembrane protein 176A	554893	452981	340372	
Q96HR3	Q96HR3	MED30_HUMAN	MED30	Mediator of RNA polymerase II transcription subunit 30	119279	79739		
Q96HR9	Q96HR9	REEP6_HUMAN	REEP6	Receptor expression-enhancing protein 6	350130	672894	218400	411092
Q96HS1	Q96HS1	PGAM5_HUMAN	PGAM5	Serine/threonine-protein phosphatase PGAM5, mitochondrial			864147	815180
Q96HU1	Q96HU1	SGSM3_HUMAN	SGSM3	Small G protein signaling modulator 3	87103.6	163493	221236	424352
Q96HV5	Q96HV5	TM41A_HUMAN	TMEM41A	Transmembrane protein 41A	256471	93690.7	385093	
Q96HY6	Q96HY6	DDRGK_HUMAN	DDRGK1	DDRGK domain-containing protein 1	1.44866e+06	2.37655e+06	1.40966e+06	1.33429e+06
Q96HY7	Q96HY7	DHTK1_HUMAN	DHTKD1	2-oxoadipate dehydrogenase complex component E1	956033	1.36563e+06	1.08456e+06	1.54541e+06
Q96I15	Q96I15	SCLY_HUMAN	SCLY	Selenocysteine lyase	1.63944e+06	2.29275e+06	1.28355e+06	1.21594e+06
Q96I23	Q96I23	PREY_HUMAN	PYURF	Protein preY, mitochondrial		1.2008e+06		7.29792e+06
Q96I24	Q96I24	FUBP3_HUMAN	FUBP3	Far upstream element-binding protein 3	7.39145e+06	6.53111e+06	2.67269e+06	4.36355e+06
Q96I25	Q96I25	SPF45_HUMAN	RBM17	Splicing factor 45	749056	696152	935777	232174
Q96I51	Q96I51	RCC1L_HUMAN	RCC1L	RCC1-like G exchanging factor-like protein	421526	307931	262197	84872.2
Q96I59	Q96I59	SYNM_HUMAN	NARS2	Probable asparagine--tRNA ligase, mitochondrial	1.44783e+06	1.45974e+06	1.28032e+06	1.58473e+06
Q96I99	Q96I99	SUCB2_HUMAN	SUCLG2	Succinate--CoA ligase [GDP-forming] subunit beta, mitochondrial	1.31879e+07	2.6804e+07	4.88145e+06	4.74804e+07
Q96IG2	Q96IG2	FXL20_HUMAN	FBXL20	F-box/LRR-repeat protein 20	116719	88583	48586.9	
Q96IJ6	Q96IJ6	GMPPA_HUMAN	GMPPA	Mannose-1-phosphate guanyltransferase alpha	2.35869e+06	5.43402e+06	2.78419e+06	5.00851e+06
Q96IQ7	Q96IQ7	VSIG2_HUMAN	VSIG2	V-set and immunoglobulin domain-containing protein 2		1.68974e+06	2.81737e+06	3.64509e+06
Q96IR7	Q96IR7	HPDL_HUMAN	HPDL	4-hydroxyphenylpyruvate dioxygenase-like protein	212662			
Q96IU4	Q96IU4	ABHEB_HUMAN	ABHD14B	Putative protein-lysine deacylase ABHD14B	5.84787e+06	9.5372e+06	3.79047e+06	1.0244e+07
Q96IV0	Q96IV0	NGLY1_HUMAN	NGLY1	Peptide-N(4)-(N-acetyl-beta-glucosaminyl)asparagine amidase	226327	336936	334316	228935
Q96IX5	Q96IX5	ATPMK_HUMAN	ATP5MK	ATP synthase membrane subunit K, mitochondrial	3.65438e+06	4.55599e+06	4.76858e+06	4.02405e+06
Q96IY4	Q96IY4	CBPB2_HUMAN	CPB2	Carboxypeptidase B2	989855	1.1473e+06	1.17318e+06	984361
Q96IZ0	Q96IZ0	PAWR_HUMAN	PAWR	PRKC apoptosis WT1 regulator protein	1.29853e+06	1.17166e+06	700911	2.4278e+06
Q96J01	Q96J01	THOC3_HUMAN	THOC3	THO complex subunit 3	1.13505e+06	759527	618607	
Q96J02	Q96J02	ITCH_HUMAN	ITCH	E3 ubiquitin-protein ligase Itchy homolog	387087	305426	386986	
Q96J42	Q96J42	TXD15_HUMAN	TXNDC15	Thioredoxin domain-containing protein 15	183047	248299	174582	
Q96J84	Q96J84	KIRR1_HUMAN	KIRREL1	Kin of IRRE-like protein 1	182270	71374.4	84502.5	
Q96J88	Q96J88	ESIP1_HUMAN	EPSTI1	Epithelial-stromal interaction protein 1	53342.7			
Q96JB2	Q96JB2	COG3_HUMAN	COG3	Conserved oligomeric Golgi complex subunit 3	15810.9		10565.2	
Q96JB5	Q96JB5	CK5P3_HUMAN	CDK5RAP3	CDK5 regulatory subunit-associated protein 3	651170	1.8989e+06	185655	1.57404e+06
Q96JC1	Q96JC1	VPS39_HUMAN	VPS39	Vam6/Vps39-like protein	82204.2		153667	
Q96JD6	Q96JD6	AKCL2_HUMAN	AKR1E2	1,5-anhydro-D-fructose reductase	8.2145e+06	1.59377e+07	1.26746e+07	1.50636e+07
Q96JG6	Q96JG6	VPS50_HUMAN	VPS50	Syndetin	66137.4	37609	106604	
Q96JH7	Q96JH7	VCIP1_HUMAN	VCPIP1	Deubiquitinating protein VCPIP1	203846	114315	108742	
Q96JJ3	Q96JJ3	ELMO2_HUMAN	ELMO2	Engulfment and cell motility protein 2	271215	134238	238276	242747
Q96JJ7	Q96JJ7	TMX3_HUMAN	TMX3	Protein disulfide-isomerase TMX3	1.88056e+06	1.2374e+06	3.05241e+06	1.08963e+06
Q96JM3	Q96JM3	CHAP1_HUMAN	CHAMP1	Chromosome alignment-maintaining phosphoprotein 1	229350	140333	90355.2	
Q96JP2	Q96JP2	MY15B_HUMAN	MYO15B	Unconventional myosin-XVB	220027	67423.1	276624	
Q96JP5	Q96JP5	ZFP91_HUMAN	ZFP91	E3 ubiquitin-protein ligase ZFP91	360896	216693		529557
Q96JQ2	Q96JQ2	CLMN_HUMAN	CLMN	Calmin	105806	198378	219783	282338
Q96JY6	Q96JY6	PDLI2_HUMAN	PDLIM2	PDZ and LIM domain protein 2	1.44624e+06	916131	233764	450057
Q96K17	Q96K17	BT3L4_HUMAN	BTF3L4	Transcription factor BTF3 homolog 4	1.6294e+06	2.53993e+06	602096	1.32392e+06
Q96K19	Q96K19	RN170_HUMAN	RNF170	E3 ubiquitin-protein ligase RNF170	241132	108564	302493	255048
Q96K37	Q96K37	S35E1_HUMAN	SLC35E1	Solute carrier family 35 member E1			148727	
Q96K49	Q96K49	TM87B_HUMAN	TMEM87B	Transmembrane protein 87B	2.097e+06	1.61401e+06	2.56119e+06	2.82321e+06
Q96K76	Q96K76	UBP47_HUMAN	USP47	Ubiquitin carboxyl-terminal hydrolase 47	809532	546478	914432	348236
Q96KA5	Q96KA5	CLP1L_HUMAN	CLPTM1L	Lipid scramblase CLPTM1L	370965	810179	1.12061e+06	1.12352e+06
Q96KB5	Q96KB5	TOPK_HUMAN	PBK	Lymphokine-activated killer T-cell-originated protein kinase	176650	130051	96696.2	
Q96KC8	Q96KC8	DNJC1_HUMAN	DNAJC1	DnaJ homolog subfamily C member 1	762585	1.60373e+06	1.65034e+06	771759
Q96KG9	Q96KG9	SCYL1_HUMAN	SCYL1	N-terminal kinase-like protein	1.36069e+06	623749	1.56214e+06	1.44533e+06
Q96KN1	Q96KN1	LRAT2_HUMAN	LRATD2	Protein LRATD2	392830	473156	493538	522278
Q96KN4	Q96KN4	LRAT1_HUMAN	LRATD1	Protein LRATD1	826111	1.0682e+06	928527	2.06173e+06
Q96KP1	Q96KP1	EXOC2_HUMAN	EXOC2	Exocyst complex component 2	462742	269959	533100	429457
Q96KP4	Q96KP4	CNDP2_HUMAN	CNDP2	Cytosolic non-specific dipeptidase	1.74659e+07	3.10065e+07	2.00801e+07	2.17391e+07
Q96KR1	Q96KR1	ZFR_HUMAN	ZFR	Zinc finger RNA-binding protein	697979	339454	558807	474858
Q96KR6	Q96KR6	F210B_HUMAN	FAM210B	Protein FAM210B, mitochondrial	464875	211257	214413	
Q96L92	Q96L92	SNX27_HUMAN	SNX27	Sorting nexin-27	1.41567e+06	997306	2.0542e+06	2.10434e+06
Q96L93	Q96L93	KI16B_HUMAN	KIF16B	Kinesin-like protein KIF16B	341042	213214	217921	
Q96LD4	Q96LD4	TRI47_HUMAN	TRIM47	E3 ubiquitin-protein ligase TRIM47	994435	360170	780739	
Q96LI5	Q96LI5;Q9ULM6	CNO6L_HUMAN	CNOT6L	CCR4-NOT transcription complex subunit 6-like	299667	177238	274347	
Q96LJ7	Q96LJ7	DHRS1_HUMAN	DHRS1	Dehydrogenase/reductase SDR family member 1	593096	735270	1.01128e+06	1.21881e+06
Q96LT7	Q96LT7	CI072_HUMAN	C9orf72	Guanine nucleotide exchange factor C9orf72	9862.64		47763.5	
Q96M27	Q96M27	PRRC1_HUMAN	PRRC1	Protein PRRC1	3.50899e+06	6.55106e+06	5.56727e+06	6.12942e+06
Q96M96	Q96M96	FGD4_HUMAN	FGD4	FYVE, RhoGEF and PH domain-containing protein 4	522808	428904	626205	586410
Q96ME1	Q96ME1	FXL18_HUMAN	FBXL18	F-box/LRR-repeat protein 18	156231	159148	57078.7	
Q96ME7	Q96ME7	ZN512_HUMAN	ZNF512	Zinc finger protein 512	92337.2			
Q96MG7	Q96MG7	NSE3_HUMAN	NSMCE3	Non-structural maintenance of chromosomes element 3 homolog	143515		196908	
Q96MG8	Q96MG8	PCMD1_HUMAN	PCMTD1	Protein-L-isoaspartate O-methyltransferase domain-containing protein 1	383714	468704	359646	
Q96MH6	Q96MH6	TMM68_HUMAN	TMEM68	Monoacylglycerol/Diacylglycerol O-acyltransferase	226032	251687	224841	
Q96MM6	Q96MM6	HS12B_HUMAN	HSPA12B	Heat shock 70 kDa protein 12B	254445	126974	87560.3	
Q96MU7	Q96MU7	YTDC1_HUMAN	YTHDC1	YTH domain-containing protein 1	198087	76969.6	268647	
Q96MV1	Q96MV1	TLCD4_HUMAN	TLCD4	TLC domain-containing protein 4	98905.6		235683	
Q96MW1	Q96MW1	CCD43_HUMAN	CCDC43	Coiled-coil domain-containing protein 43	722556	707156	278485	934823
Q96MW5	Q96MW5	COG8_HUMAN	COG8	Conserved oligomeric Golgi complex subunit 8	243624	193391	228768	544087
Q96MX0	Q96MX0	CKLF3_HUMAN	CMTM3	CKLF-like MARVEL transmembrane domain-containing protein 3	854149	320432	224434	
Q96MX6	Q96MX6	DAA10_HUMAN	DNAAF10	Dynein axonemal assembly factor 10	1.21204e+06	1.13499e+06	877517	
Q96N66	Q96N66	MBOA7_HUMAN	MBOAT7	Lysophospholipid acyltransferase 7	615314	343024	1.10139e+06	1.12618e+06
Q96N67	Q96N67	DOCK7_HUMAN	DOCK7	Dedicator of cytokinesis protein 7	311793		551217	
Q96NB3	Q96NB3	ZN830_HUMAN	ZNF830	Zinc finger protein 830	156680	166160		
Q96NC0	Q96NC0	ZMAT2_HUMAN	ZMAT2	Zinc finger matrin-type protein 2	129972	128000	104371	
Q96NT0	Q96NT0	CC115_HUMAN	CCDC115	Coiled-coil domain-containing protein 115	348944	549680	171427	381333
Q96NW4	Q96NW4	ANR27_HUMAN	ANKRD27	Ankyrin repeat domain-containing protein 27	50090.6		29884.9	
Q96NY7	Q96NY7	CLIC6_HUMAN	CLIC6	Chloride intracellular channel protein 6	387300	652345	67542.9	1.92983e+06
Q96NY8	Q96NY8	NECT4_HUMAN	NECTIN4	Nectin-4	22131	34161.7		
Q96P11	Q96P11	NSUN5_HUMAN	NSUN5	28S rRNA (cytosine-C(5))-methyltransferase	343678	384257	131212	
Q96P16	Q96P16	RPR1A_HUMAN	RPRD1A	Regulation of nuclear pre-mRNA domain-containing protein 1A	346268	488403	813261	
Q96P47	Q96P47;Q9UPQ3	AGAP3_HUMAN	AGAP3	Arf-GAP with GTPase, ANK repeat and PH domain-containing protein 3	307126	128764	282208	
Q96P48	Q96P48	ARAP1_HUMAN	ARAP1	Arf-GAP with Rho-GAP domain, ANK repeat and PH domain-containing protein 1	642651	399848	977640	
Q96P63	Q96P63	SPB12_HUMAN	SERPINB12	Serpin B12	839764	1.64131e+06	2.5076e+06	6.57238e+06
Q96P70	Q96P70	IPO9_HUMAN	IPO9	Importin-9	1.11561e+06	931749	802195	1.01762e+06
Q96PB1	Q96PB1	CASD1_HUMAN	CASD1	N-acetylneuraminate 9-O-acetyltransferase	341244	701338	266482	
Q96PC5	Q96PC5	MIA2_HUMAN	MIA2	Melanoma inhibitory activity protein 2	596256	582994	1.08065e+06	1.80131e+06
Q96PD5	Q96PD5	PGRP2_HUMAN	PGLYRP2	N-acetylmuramoyl-L-alanine amidase	1.09782e+06	1.06077e+06	914573	739129
Q96PE3	Q96PE3	INP4A_HUMAN	INPP4A	Inositol polyphosphate-4-phosphatase type I A	155056	126424		
Q96PE7	Q96PE7	MCEE_HUMAN	MCEE	Methylmalonyl-CoA epimerase, mitochondrial	573255	2.27993e+06	1.42866e+06	987776
Q96PK6	Q96PK6	RBM14_HUMAN	RBM14	RNA-binding protein 14	2.03659e+06	1.40728e+06	1.27528e+06	1.4747e+06
Q96PM5	Q96PM5	ZN363_HUMAN	RCHY1	RING finger and CHY zinc finger domain-containing protein 1	51217			
Q96PP8	Q96PP8	GBP5_HUMAN	GBP5	Guanylate-binding protein 5	877638	1.04454e+06	1.6911e+06	
Q96PP9	Q96PP9	GBP4_HUMAN	GBP4	Guanylate-binding protein 4	980545	904154	754669	
Q96PQ0	Q96PQ0	SORC2_HUMAN	SORCS2	VPS10 domain-containing receptor SorCS2	653230	444142	459887	
Q96PU5	Q96PU5	NED4L_HUMAN	NEDD4L	E3 ubiquitin-protein ligase NEDD4-like	649715	685269	1.20883e+06	890111
Q96PU8	Q96PU8	QKI_HUMAN	QKI	KH domain-containing RNA-binding protein QKI	1.54523e+06	1.57143e+06	1.21529e+06	1.24632e+06
Q96PZ0	Q96PZ0	PUS7_HUMAN	PUS7	Pseudouridylate synthase 7 homolog	2.69435e+06	1.37787e+06	685352	
Q96Q11	Q96Q11	TRNT1_HUMAN	TRNT1	CCA tRNA nucleotidyltransferase 1, mitochondrial	1.31091e+06	1.02177e+06	1.17615e+06	1.04665e+06
Q96Q80	Q96Q80;Q9GZP9	DERL3_HUMAN	DERL3	Derlin-3	341471	875347	1.45798e+06	
Q96QA5	Q96QA5	GSDMA_HUMAN	GSDMA	Gasdermin-A	268283	644896	1.29038e+06	2.15255e+06
Q96QC0	Q96QC0	PP1RA_HUMAN	PPP1R10	Serine/threonine-protein phosphatase 1 regulatory subunit 10	251148	185209	205517	
Q96QG7	Q96QG7	MTMR9_HUMAN	MTMR9	Myotubularin-related protein 9	62291.3		224381	
Q96QH2	Q96QH2	PRAM_HUMAN	PRAM1	PML-RARA-regulated adapter molecule 1	466391	246851	304084	
Q96QK1	Q96QK1	VPS35_HUMAN	VPS35	Vacuolar protein sorting-associated protein 35	5.50709e+06	3.39122e+06	7.21874e+06	5.45647e+06
Q96QR8	Q96QR8	PURB_HUMAN	PURB	Transcriptional activator protein Pur-beta	1.84298e+06	1.82158e+06	1.16099e+06	1.54039e+06
Q96QU8	Q96QU8	XPO6_HUMAN	XPO6	Exportin-6	21553.9	10987.9		
Q96R05	Q96R05	RET7_HUMAN	RBP7	Retinoid-binding protein 7	166662	208009	257383	
Q96RE7	Q96RE7	NACC1_HUMAN	NACC1	Nucleus accumbens-associated protein 1	339351	116186	247179	
Q96RF0	Q96RF0	SNX18_HUMAN	SNX18	Sorting nexin-18	196898	164388	201024	
Q96RL7	Q96RL7	VP13A_HUMAN	VPS13A	Intermembrane lipid transfer protein VPS13A	63306.2		76413.5	
Q96RN5	Q96RN5	MED15_HUMAN	MED15	Mediator of RNA polymerase II transcription subunit 15	138579	57823	91412.9	
Q96RP9	Q96RP9	EFGM_HUMAN	GFM1	Elongation factor G, mitochondrial	2.46514e+06	2.23612e+06	2.0047e+06	1.76493e+06
Q96RQ1	Q96RQ1	ERGI2_HUMAN	ERGIC2	Endoplasmic reticulum-Golgi intermediate compartment protein 2	320724	505086	208116	
Q96RQ3	Q96RQ3	MCCA_HUMAN	MCCC1	Methylcrotonoyl-CoA carboxylase subunit alpha, mitochondrial	377346	309043	534102	1.27178e+06
Q96RQ9	Q96RQ9	OXLA_HUMAN	IL4I1	L-amino-acid oxidase	1.30149e+06	1.48589e+06	1.11788e+06	1.60883e+06
Q96RR4	Q96RR4	KKCC2_HUMAN	CAMKK2	Calcium/calmodulin-dependent protein kinase kinase 2	62066.9	54021.3		
Q96RS0	Q96RS0	TGS1_HUMAN	TGS1	Trimethylguanosine synthase	205485			
Q96RS6	Q96RS6	NUDC1_HUMAN	NUDCD1	NudC domain-containing protein 1	3.573e+06	2.10521e+06	1.44961e+06	1.02276e+06
Q96RT1	Q96RT1	ERBIN_HUMAN	ERBIN	Erbin	757958	718726		252415
Q96RU3	Q96RU3	FNBP1_HUMAN	FNBP1	Formin-binding protein 1	764949	892433	996539	674489
Q96S06	Q96S06	LMF1_HUMAN	LMF1	Lipase maturation factor 1			152624	
Q96S19	Q96S19	MTL26_HUMAN	METTL26	Methyltransferase-like 26	568246	788428	670629	
Q96S44	Q96S44	PRPK_HUMAN	TP53RK	EKC/KEOPS complex subunit TP53RK	3.40609e+06	3.465e+06	2.04004e+06	2.32007e+06
Q96S52	Q96S52	PIGS_HUMAN	PIGS	GPI transamidase component PIG-S	878782	659132	1.7428e+06	800934
Q96S55	Q96S55	WRIP1_HUMAN	WRNIP1	ATPase WRNIP1	330530		60056.5	560355
Q96S59	Q96S59	RANB9_HUMAN	RANBP9	Ran-binding protein 9	205764	165222	135499	
Q96S66	Q96S66	CLCC1_HUMAN	CLCC1	Chloride channel CLIC-like protein 1	511921	297222	343979	1.32552e+06
Q96S86	Q96S86	HPLN3_HUMAN	HAPLN3	Hyaluronan and proteoglycan link protein 3	442722	187224	257391	
Q96S90	Q96S90	LYSM1_HUMAN	LYSMD1	LysM and putative peptidoglycan-binding domain-containing protein 1	40018.1			
Q96S97	Q96S97	MYADM_HUMAN	MYADM	Myeloid-associated differentiation marker	1.40693e+07	1.03237e+07	1.80492e+07	6.71758e+06
Q96S99	Q96S99	PKHF1_HUMAN	PLEKHF1	Pleckstrin homology domain-containing family F member 1	1.02831e+06	718556	535943	625846
Q96SB3	Q96SB3	NEB2_HUMAN	PPP1R9B	Neurabin-2	146659	146912	250735	
Q96SB4	Q96SB4	SRPK1_HUMAN	SRPK1	SRSF protein kinase 1	1.81004e+06	1.18877e+06	1.2211e+06	1.12946e+06
Q96SI9	Q96SI9	STRBP_HUMAN	STRBP	Spermatid perinuclear RNA-binding protein	567132	317121	344953	
Q96SL4	Q96SL4	GPX7_HUMAN	GPX7	Glutathione peroxidase 7	739088	651143	404651	427439
Q96SM3	Q96SM3	CPXM1_HUMAN	CPXM1	Probable carboxypeptidase X1	336103	169996	208740	
Q96SQ9	Q96SQ9	CP2S1_HUMAN	CYP2S1	Cytochrome P450 2S1	925123	199563	392480	1.00115e+06
Q96ST2	Q96ST2	IWS1_HUMAN	IWS1	Protein IWS1 homolog	995951	1.1048e+06	964360	323909
Q96ST3	Q96ST3	SIN3A_HUMAN	SIN3A	Paired amphipathic helix protein Sin3a	499430	188178	497936	262463
Q96SU4	Q96SU4	OSBL9_HUMAN	OSBPL9	Oxysterol-binding protein-related protein 9	586119	488844	755818	
Q96SW2	Q96SW2	CRBN_HUMAN	CRBN	Protein cereblon	102806		32357.3	
Q96SZ5	Q96SZ5	AEDO_HUMAN	ADO	2-aminoethanethiol dioxygenase	852904	940772	680862	626340
Q96T17	Q96T17	MA7D2_HUMAN	MAP7D2	MAP7 domain-containing protein 2	171955			
Q96T23	Q96T23	RSF1_HUMAN	RSF1	Remodeling and spacing factor 1	182096	72836		
Q96T37	Q96T37	RBM15_HUMAN	RBM15	RNA-binding protein 15	489532	287422	791102	
Q96T51	Q96T51	RUFY1_HUMAN	RUFY1	RUN and FYVE domain-containing protein 1	1.0819e+06	716206	1.06637e+06	1.70507e+06
Q96T58	Q96T58	MINT_HUMAN	SPEN	Msx2-interacting protein	472215	254955	1.131e+06	
Q96T60	Q96T60	PNKP_HUMAN	PNKP	Bifunctional polynucleotide phosphatase/kinase	1.08319e+06	1.07153e+06	933393	699420
Q96T66	Q96T66	NMNA3_HUMAN	NMNAT3	Nicotinamide/nicotinic acid mononucleotide adenylyltransferase 3		2.0645e+07	1.02617e+07	
Q96T76	Q96T76	MMS19_HUMAN	MMS19	MMS19 nucleotide excision repair protein homolog	324769	266342	236225	
Q96T88	Q96T88	UHRF1_HUMAN	UHRF1	E3 ubiquitin-protein ligase UHRF1	251872	60373.7	159835	
Q96TA1	Q96TA1	NIBA2_HUMAN	NIBAN2	Protein Niban 2	3.8085e+06	2.56679e+06	2.50343e+06	3.91387e+06
Q96TA2	Q96TA2	YMEL1_HUMAN	YME1L1	ATP-dependent zinc metalloprotease YME1L1	313216		299649	397482
Q96TC7	Q96TC7	RMD3_HUMAN	RMDN3	Regulator of microtubule dynamics protein 3	234886	222196	373427	391813
Q99102	Q99102	MUC4_HUMAN	MUC4	Mucin-4		1.37762e+06	1.44424e+06	2.24625e+06
Q99417	Q99417	MYCBP_HUMAN	MYCBP	c-Myc-binding protein	1.12698e+06	2.88849e+06	663105	1.56815e+06
Q99426	Q99426	TBCB_HUMAN	TBCB	Tubulin-folding cofactor B	3.86456e+06	3.18381e+06	3.31028e+06	2.74493e+06
Q99436	Q99436	PSB7_HUMAN	PSMB7	Proteasome subunit beta type-7	6.07949e+06	6.40376e+06	7.28602e+06	6.2307e+06
Q99439	Q99439	CNN2_HUMAN	CNN2	Calponin-2	2.42222e+07	1.08892e+07	7.18121e+06	6.69409e+06
Q99442	Q99442	SEC62_HUMAN	SEC62	Translocation protein SEC62	1.30154e+06	1.45108e+06	2.14171e+06	1.75305e+06
Q99447	Q99447	PCY2_HUMAN	PCYT2	Ethanolamine-phosphate cytidylyltransferase	1.39943e+06	1.77759e+06	1.04356e+06	2.10556e+06
Q99459	Q99459	CDC5L_HUMAN	CDC5L	Cell division cycle 5-like protein	2.16954e+06	1.37093e+06	1.88664e+06	
Q99460	Q99460	PSMD1_HUMAN	PSMD1	26S proteasome non-ATPase regulatory subunit 1	4.71741e+06	2.68934e+06	3.07305e+06	2.67382e+06
Q99467	Q99467	CD180_HUMAN	CD180	CD180 antigen	293462	487343	421570	
Q99470	Q99470	SDF2_HUMAN	SDF2	Stromal cell-derived factor 2	513059	482435	505982	305990
Q99471	Q99471	PFD5_HUMAN	PFDN5	Prefoldin subunit 5	1.02711e+06	1.65226e+06	989349	475577
Q99487	Q99487	PAFA2_HUMAN	PAFAH2	Platelet-activating factor acetylhydrolase 2, cytoplasmic	589718	922070	1.06543e+06	943412
Q99496	Q99496	RING2_HUMAN	RNF2	E3 ubiquitin-protein ligase RING2	418461	263307	255478	
Q99497	Q99497	PARK7_HUMAN	PARK7	Parkinson disease protein 7	4.25809e+07	6.9231e+07	3.21066e+07	6.8992e+07
Q99519	Q99519	NEUR1_HUMAN	NEU1	Sialidase-1	1.56135e+06	1.39732e+06	419274	322185
Q99523	Q99523	SORT_HUMAN	SORT1	Sortilin	1.70201e+06	2.31233e+06	2.82614e+06	2.58684e+06
Q99536	Q99536	VAT1_HUMAN	VAT1	Synaptic vesicle membrane protein VAT-1 homolog	2.44709e+07	2.12032e+07	1.67796e+07	1.04236e+07
Q99538	Q99538	LGMN_HUMAN	LGMN	Legumain	4.99825e+06	7.70093e+06	2.88447e+06	4.32179e+06
Q99541	Q99541	PLIN2_HUMAN	PLIN2	Perilipin-2	775907	546693	373717	
Q99543	Q99543	DNJC2_HUMAN	DNAJC2	DnaJ homolog subfamily C member 2	5.50927e+06	2.58903e+06	3.06231e+06	1.34791e+06
Q99567	Q99567	NUP88_HUMAN	NUP88	Nuclear pore complex protein Nup88	64511		124554	
Q99570	Q99570	PI3R4_HUMAN	PIK3R4	Phosphoinositide 3-kinase regulatory subunit 4	159567	65133.4	217378	
Q99571	Q99571	P2RX4_HUMAN	P2RX4	P2X purinoceptor 4	446721	768820	859101	468879
Q99574	Q99574	NEUS_HUMAN	SERPINI1	Neuroserpin	147297	267237	212978	
Q99575	Q99575	POP1_HUMAN	POP1	Ribonucleases P/MRP protein subunit POP1	681296	331702	388700	
Q99584	Q99584	S10AD_HUMAN	S100A13	Protein S100-A13	4.15492e+06	7.75815e+06	4.2359e+06	2.32375e+06
Q99594	P28347;Q15561;Q15562;Q99594	TEAD3_HUMAN	TEAD3	Transcriptional enhancer factor TEF-5	381913	298793		
Q99595	Q99595	TI17A_HUMAN	TIMM17A	Mitochondrial import inner membrane translocase subunit Tim17-A	179637	106817	70327.6	
Q99598	Q99598	TSNAX_HUMAN	TSNAX	Translin-associated protein X	1.17258e+06	1.19562e+06	665292	866071
Q99611	Q99611	SPS2_HUMAN	SEPHS2	Selenide, water dikinase 2	911167	1.39012e+06	1.08903e+06	2.58652e+06
Q99613	Q99613;B5ME19	EIF3C_HUMAN	EIF3C	Eukaryotic translation initiation factor 3 subunit C	2.54017e+06	1.31617e+06	2.60552e+06	2.69388e+06
Q99614	Q99614	TTC1_HUMAN	TTC1	Tetratricopeptide repeat protein 1	2.88379e+06	3.24797e+06	2.85128e+06	2.95512e+06
Q99615	Q99615	DNJC7_HUMAN	DNAJC7	DnaJ homolog subfamily C member 7	1.32295e+06	1.09268e+06	943687	622672
Q99623	Q99623	PHB2_HUMAN	PHB2	Prohibitin-2	2.3886e+06	1.18104e+06	5.57541e+06	9.94076e+06
Q99626	O14627;P47902;Q99626	CDX2_HUMAN	CDX2	Homeobox protein CDX-2	207329	103957		
Q99627	Q99627	CSN8_HUMAN	COPS8	COP9 signalosome complex subunit 8	1.0847e+06	1.55835e+06	1.09552e+06	850399
Q99633	Q99633	PRP18_HUMAN	PRPF18	Pre-mRNA-splicing factor 18	63705.6	176668	39470.8	
Q99638	Q99638	RAD9A_HUMAN	RAD9A	Cell cycle checkpoint control protein RAD9A	330062	277835	187175	
Q99643	Q99643	C560_HUMAN	SDHC	Succinate dehydrogenase cytochrome b560 subunit, mitochondrial	343669	291688	727415	215159
Q99653	Q99653	CHP1_HUMAN	CHP1	Calcineurin B homologous protein 1	785334	1.71589e+06	1.71564e+06	789926
Q99661	Q99661	KIF2C_HUMAN	KIF2C	Kinesin-like protein KIF2C	117276	42363.2		
Q99685	Q99685	MGLL_HUMAN	MGLL	Monoglyceride lipase	799622	1.2756e+06	1.03492e+06	317981
Q99700	Q99700	ATX2_HUMAN	ATXN2	Ataxin-2	376456	289775	222776	368783
Q99704	Q99704	DOK1_HUMAN	DOK1	Docking protein 1	156839	114170	169668	
Q99714	Q99714	HCD2_HUMAN	HSD17B10	3-hydroxyacyl-CoA dehydrogenase type-2	1.80629e+07	2.6579e+07	1.32701e+07	1.42416e+07
Q99715	Q99715	COCA1_HUMAN	COL12A1	Collagen alpha-1(XII) chain	6.80873e+06	1.70887e+06	2.48349e+06	2.3334e+06
Q99719	Q99719	SEPT5_HUMAN	SEPTIN5	Septin-5	486108	269863	528419	
Q99720	Q99720	SGMR1_HUMAN	SIGMAR1	Sigma non-opioid intracellular receptor 1	2.12087e+06	1.40121e+06	1.82793e+06	1.17654e+06
Q99729	Q99729	ROAA_HUMAN	HNRNPAB	Heterogeneous nuclear ribonucleoprotein A/B	1.12562e+07	1.03751e+07	9.45154e+06	6.92918e+06
Q99732	Q99732	LITAF_HUMAN	LITAF	Lipopolysaccharide-induced tumor necrosis factor-alpha factor	3.09699e+06	3.00356e+06	5.22378e+06	2.57264e+06
Q99733	Q99733	NP1L4_HUMAN	NAP1L4	Nucleosome assembly protein 1-like 4	5.21472e+06	5.24463e+06	2.88518e+06	3.54139e+06
Q99735	Q99735	MGST2_HUMAN	MGST2	Microsomal glutathione S-transferase 2	1.2693e+07	1.49252e+07	1.88907e+07	1.65547e+07
Q99747	Q99747	SNAG_HUMAN	NAPG	Gamma-soluble NSF attachment protein	1.39768e+06	1.55976e+06	459505	1.27658e+06
Q99757	Q99757	THIOM_HUMAN	TXN2	Thioredoxin, mitochondrial	196223	669551	222410	
Q99766	Q99766	ATP5S_HUMAN	DMAC2L	ATP synthase subunit s, mitochondrial	135218	271298	370371	98478
Q99795	Q99795	GPA33_HUMAN	GPA33	Cell surface A33 antigen	3.65712e+06	5.86161e+06	8.40267e+06	1.09626e+07
Q99797	Q99797	MIPEP_HUMAN	MIPEP	Mitochondrial intermediate peptidase	305366	149380	145366	398807
Q99798	Q99798	ACON_HUMAN	ACO2	Aconitate hydratase, mitochondrial	1.05982e+07	2.03319e+07	1.6238e+07	1.83681e+07
Q99805	Q99805	TM9S2_HUMAN	TM9SF2	Transmembrane 9 superfamily member 2	5.71819e+06	1.62032e+06	1.50154e+07	1.00072e+07
Q99807	Q99807	COQ7_HUMAN	COQ7	5-demethoxyubiquinone hydroxylase, mitochondrial	470236	701667	380252	1.50094e+06
Q99808	Q99808	S29A1_HUMAN	SLC29A1	Equilibrative nucleoside transporter 1	299554	167740	181646	
Q99816	Q99816	TS101_HUMAN	TSG101	Tumor susceptibility gene 101 protein	1.19475e+06	744018	1.11616e+06	856969
Q99828	Q99828	CIB1_HUMAN	CIB1	Calcium and integrin-binding protein 1	105050	300198		134088
Q99829	Q99829	CPNE1_HUMAN	CPNE1	Copine-1	8.82517e+06	7.27691e+06	4.17447e+06	2.59809e+06
Q99832	Q99832	TCPH_HUMAN	CCT7	T-complex protein 1 subunit eta	1.26523e+07	1.04761e+07	5.97758e+06	6.54871e+06
Q99836	Q99836	MYD88_HUMAN	MYD88	Myeloid differentiation primary response protein MyD88	1.18432e+06	1.22852e+06	382995	650902
Q99848	Q99848	EBP2_HUMAN	EBNA1BP2	Probable rRNA-processing protein EBP2	51572.2			
Q99856	Q99856	ARI3A_HUMAN	ARID3A	AT-rich interactive domain-containing protein 3A	229040	152854		
Q99873	Q99873	ANM1_HUMAN	PRMT1	Protein arginine N-methyltransferase 1	1.07948e+07	6.10341e+06	7.43376e+06	1.55717e+06
Q99895	Q99895	CTRC_HUMAN	CTRC	Chymotrypsin-C	93759.5		743711	
Q99933	Q99933	BAG1_HUMAN	BAG1	BAG family molecular chaperone regulator 1	339700	626580	463538	
Q99959	Q99959	PKP2_HUMAN	PKP2	Plakophilin-2	197642	281838	519229	813300
Q99961	Q99961;Q99962	SH3G1_HUMAN	SH3GL1	Endophilin-A2	4.85393e+06	2.84363e+06	2.55418e+06	2.63991e+06
Q99969	Q99969	RARR2_HUMAN	RARRES2	Retinoic acid receptor responder protein 2	637190	545932	496525	600792
Q99973	Q99973	TEP1_HUMAN	TEP1	Telomerase protein component 1	188949	308594	420263	
Q99986	Q99986	VRK1_HUMAN	VRK1	Serine/threonine-protein kinase VRK1	373857	242006	619525	68690.2
Q9BPU6	Q9BPU6	DPYL5_HUMAN	DPYSL5	Dihydropyrimidinase-related protein 5	1.30362e+06	1.51056e+06	2.28721e+06	1.26453e+06
Q9BPW8	Q9BPW8	NIPS1_HUMAN	NIPSNAP1	Protein NipSnap homolog 1	1.41597e+06	2.10685e+06	2.64766e+06	1.55252e+06
Q9BPW9	Q9BPW9	DHRS9_HUMAN	DHRS9	Dehydrogenase/reductase SDR family member 9		288194	243116	
Q9BPX3	Q9BPX3	CND3_HUMAN	NCAPG	Condensin complex subunit 3	60493.2		74263.2	
Q9BPX5	Q9BPX5	ARP5L_HUMAN	ARPC5L	Actin-related protein 2/3 complex subunit 5-like protein	6.14856e+06	8.23104e+06	6.6235e+06	3.71911e+06
Q9BPX6	Q9BPX6	MICU1_HUMAN	MICU1	Calcium uptake protein 1, mitochondrial	122580		551688	207736
Q9BPX7	Q9BPX7	CG025_HUMAN	C7orf25	UPF0415 protein C7orf25	129225	112178	86237.9	
Q9BPY3	Q9BPY3	F118B_HUMAN	FAM118B	Protein FAM118B	474901	603044	393919	529312
Q9BQ15	Q96AH0;Q9BQ15	SOSB1_HUMAN	NABP2	SOSS complex subunit B1	493848	504332	539431	259306
Q9BQ48	Q9BQ48	RM34_HUMAN	MRPL34	Large ribosomal subunit protein bL34m	121624		323794	634884
Q9BQ49	Q9BQ49	SMIM7_HUMAN	SMIM7	Small integral membrane protein 7	20692.7	49169.7	95384.9	
Q9BQ50	Q9BQ50	TREX2_HUMAN	TREX2	Three prime repair exonuclease 2			705975	368171
Q9BQ52	Q9BQ52	RNZ2_HUMAN	ELAC2	Zinc phosphodiesterase ELAC protein 2	479588	419808	299773	613978
Q9BQ61	Q9BQ61	TRIR_HUMAN	TRIR	Telomerase RNA component interacting RNase	1.08023e+06	866001	356420	558779
Q9BQ67	Q9BQ67	GRWD1_HUMAN	GRWD1	Glutamate-rich WD repeat-containing protein 1	927995	552332	525418	261062
Q9BQ69	Q9BQ69	MACD1_HUMAN	MACROD1	ADP-ribose glycohydrolase MACROD1	1.06736e+06	688544	608449	2.3553e+06
Q9BQ75	Q9BQ75	CMS1_HUMAN	CMSS1	Protein CMSS1	213301		66507.8	
Q9BQ95	Q9BQ95	ECSIT_HUMAN	ECSIT	Evolutionarily conserved signaling intermediate in Toll pathway, mitochondrial	338985		260408	
Q9BQA1	Q9BQA1	MEP50_HUMAN	WDR77	Methylosome protein WDR77	2.36377e+06	2.12497e+06	2.28438e+06	1.94415e+06
Q9BQA9	Q9BQA9	CYBC1_HUMAN	CYBC1	Cytochrome b-245 chaperone 1	960837	1.38188e+06	1.5969e+06	512193
Q9BQB6	Q9BQB6	VKOR1_HUMAN	VKORC1	Vitamin K epoxide reductase complex subunit 1	1.45809e+06	310780	542736	
Q9BQC3	Q9BQC3	DPH2_HUMAN	DPH2	2-(3-amino-3-carboxypropyl)histidine synthase subunit 2	331839	199647	132402	
Q9BQC6	Q9BQC6	RT63_HUMAN	MRPL57	Large ribosomal subunit protein mL63	66135.5		89497.9	
Q9BQE3	P0DPH7;Q6PEY2;Q71U36;Q9BQE3;Q9NY65	TBA1C_HUMAN	TUBA1C	Tubulin alpha-1C chain	8.90712e+07	3.70387e+07	4.06972e+07	1.14221e+08
Q9BQE4	Q9BQE4	SELS_HUMAN	SELENOS	Selenoprotein S	842290	755192	903827	353512
Q9BQE5	Q9BQE5	APOL2_HUMAN	APOL2	Apolipoprotein L2	4.13696e+06	5.81809e+06	1.92464e+06	3.53435e+06
Q9BQG0	Q9BQG0	MBB1A_HUMAN	MYBBP1A	Myb-binding protein 1A	1.56948e+06	552505	1.45087e+06	448053
Q9BQG2	Q9BQG2	NUD12_HUMAN	NUDT12	NAD-capped RNA hydrolase NUDT12	3.80552e+06	6.12729e+06	8.08545e+06	
Q9BQI9	Q9BQI9	NRIP2_HUMAN	NRIP2	Nuclear receptor-interacting protein 2	138153	173645	73840.2	
Q9BQL6	Q9BQL6	FERM1_HUMAN	FERMT1	Fermitin family homolog 1	2.29831e+06	899169	845720	1.74215e+06
Q9BQP7	Q9BQP7	MGME1_HUMAN	MGME1	Mitochondrial genome maintenance exonuclease 1	364678	409673	173657	
Q9BQQ3	Q9BQQ3	GORS1_HUMAN	GORASP1	Golgi reassembly-stacking protein 1	73193.2	61692.9	136407	
Q9BQS7	Q9BQS7	HEPH_HUMAN	HEPH	Hephaestin	4.06267e+06	5.07998e+06	5.28705e+06	5.6978e+06
Q9BR61	Q9BR61	ACBD6_HUMAN	ACBD6	Acyl-CoA-binding domain-containing protein 6	282487	181514		
Q9BR76	Q9BR76	COR1B_HUMAN	CORO1B	Coronin-1B	9.46275e+06	6.56623e+06	1.14833e+07	1.16577e+07
Q9BRA2	Q9BRA2	TXD17_HUMAN	TXNDC17	Thioredoxin domain-containing protein 17	1.0058e+07	1.04819e+07	1.07055e+07	1.39671e+07
Q9BRF8	Q9BRF8	CPPED_HUMAN	CPPED1	Serine/threonine-protein phosphatase CPPED1	5.25334e+06	7.27719e+06	6.03923e+06	2.29459e+06
Q9BRG1	Q9BRG1	VPS25_HUMAN	VPS25	Vacuolar protein-sorting-associated protein 25	2.57833e+06	3.0462e+06	2.22591e+06	1.34508e+06
Q9BRJ2	Q9BRJ2	RM45_HUMAN	MRPL45	Large ribosomal subunit protein mL45	818364	728014	1.50988e+06	1.18544e+06
Q9BRJ6	Q9BRJ6	CG050_HUMAN	C7orf50	Uncharacterized protein C7orf50	2.0138e+06	1.44227e+06	488758	1.66062e+06
Q9BRJ7	Q9BRJ7	TIRR_HUMAN	NUDT16L1	Tudor-interacting repair regulator protein	432861	534312	471092	
Q9BRK3	Q9BRK3	MXRA8_HUMAN	MXRA8	Matrix remodeling-associated protein 8	729732	560697	396998	
Q9BRK5	Q9BRK5	CAB45_HUMAN	SDF4	45 kDa calcium-binding protein	589261	1.34099e+06	348324	983978
Q9BRP1	Q9BRP1	PDD2L_HUMAN	PDCD2L	Programmed cell death protein 2-like	84778.8			
Q9BRP4	Q9BRP4	PAAF1_HUMAN	PAAF1	Proteasomal ATPase-associated factor 1	1.4531e+06	1.05587e+06	942832	994820
Q9BRP8	Q9BRP8	PYM1_HUMAN	PYM1	Partner of Y14 and mago	835771	1.45554e+06	1.19495e+06	1.68735e+06
Q9BRQ0	Q9BRQ0	PYGO2_HUMAN	PYGO2	Pygopus homolog 2	187719	161857		
Q9BRQ6	Q9BRQ6	MIC25_HUMAN	CHCHD6	MICOS complex subunit MIC25	290054	290339	275805	589139
Q9BRQ8	Q9BRQ8	FSP1_HUMAN	AIFM2	Ferroptosis suppressor protein 1	250795	236058	309685	
Q9BRR6	Q9BRR6	ADPGK_HUMAN	ADPGK	ADP-dependent glucokinase	643850	735030	970240	677480
Q9BRR9	Q9BRR9;Q53QZ3	RHG09_HUMAN	ARHGAP9	Rho GTPase-activating protein 9	618898	521274	472768	
Q9BRT2	Q9BRT2	UQCC2_HUMAN	UQCC2	Ubiquinol-cytochrome-c reductase complex assembly factor 2	199588	305515		
Q9BRT3	Q9BRT3	MIEN1_HUMAN	MIEN1	Migration and invasion enhancer 1	40718.5	88180.7	46236.2	
Q9BRV3	Q9BRV3	SWET1_HUMAN	SLC50A1	Sugar transporter SWEET1			673469	
Q9BRX2	Q9BRX2	PELO_HUMAN	PELO	Protein pelota homolog	204945	170867	297258	
Q9BRX5	Q9BRX5	PSF3_HUMAN	GINS3	DNA replication complex GINS protein PSF3	178058	132026	22639	
Q9BRX8	Q9BRX8	PXL2A_HUMAN	PRXL2A	Peroxiredoxin-like 2A	1.45255e+06	966741	1.4026e+06	758331
Q9BS26	Q9BS26	ERP44_HUMAN	ERP44	Endoplasmic reticulum resident protein 44	1.30004e+07	1.8044e+07	1.81439e+07	1.4571e+07
Q9BS40	Q9BS40	LXN_HUMAN	LXN	Latexin	5.43066e+06	3.25841e+06	2.94836e+06	2.45248e+06
Q9BSD7	Q9BSD7	NTPCR_HUMAN	NTPCR	Cancer-related nucleoside-triphosphatase	1.40313e+06	2.03583e+06	225772	2.64202e+06
Q9BSE5	Q9BSE5	GDAH_HUMAN	AGMAT	Guanidino acid hydrolase, mitochondrial	3.87459e+06	6.4776e+06	1.84525e+06	2.01451e+06
Q9BSF4	Q9BSF4	TIM29_HUMAN	TIMM29	Mitochondrial import inner membrane translocase subunit Tim29	475620	430820	720790	307700
Q9BSH4	Q9BSH4	TACO1_HUMAN	TACO1	Translational activator of cytochrome c oxidase 1	783321	649399	728560	671225
Q9BSH5	Q9BSH5	HDHD3_HUMAN	HDHD3	Haloacid dehalogenase-like hydrolase domain-containing protein 3	1.81342e+06	2.32142e+06	2.0508e+06	3.10784e+06
Q9BSJ2	Q9BSJ2	GCP2_HUMAN	TUBGCP2	Gamma-tubulin complex component 2	83192.2		196251	
Q9BSJ5	Q9BSJ5	CQ080_HUMAN	C17orf80	Uncharacterized protein C17orf80	369355	1.04515e+06	656455	355611
Q9BSJ8	Q9BSJ8	ESYT1_HUMAN	ESYT1	Extended synaptotagmin-1	2.96581e+06	2.14601e+06	5.14796e+06	2.51347e+06
Q9BSL1	Q9BSL1	UBAC1_HUMAN	UBAC1	Ubiquitin-associated domain-containing protein 1	594819	891565		365810
Q9BSQ5	Q9BSQ5	CCM2_HUMAN	CCM2	Cerebral cavernous malformations 2 protein	107617	87217.6		
Q9BSR8	Q9BSR8	YIPF4_HUMAN	YIPF4	Protein YIPF4	207341	118347	311578	831015
Q9BST9	Q9BST9	RTKN_HUMAN	RTKN	Rhotekin	385919	132246		
Q9BSV6	Q9BSV6	SEN34_HUMAN	TSEN34	tRNA-splicing endonuclease subunit Sen34	280802	148881	100502	
Q9BSW2	Q9BSW2	EFC4B_HUMAN	CRACR2A	EF-hand calcium-binding domain-containing protein 4B	113402	246760	244519	273701
Q9BT09	Q9BT09	CNPY3_HUMAN	CNPY3	Protein canopy homolog 3	1.25236e+07	1.31314e+07	1.07231e+07	1.58875e+07
Q9BT17	Q9BT17	MTG1_HUMAN	MTG1	Mitochondrial ribosome-associated GTPase 1	194294	91943.8	204023	
Q9BT22	Q9BT22	ALG1_HUMAN	ALG1	Chitobiosyldiphosphodolichol beta-mannosyltransferase	470134	286352	540064	807651
Q9BT23	Q9BT23	LIMD2_HUMAN	LIMD2	LIM domain-containing protein 2	339410	441873	296119	
Q9BT30	Q9BT30	ALKB7_HUMAN	ALKBH7	Alpha-ketoglutarate-dependent dioxygenase alkB homolog 7, mitochondrial	232533	192459	200710	
Q9BT40	Q9BT40	INP5K_HUMAN	INPP5K	Inositol polyphosphate 5-phosphatase K	214112	222147	343565	
Q9BT73	Q9BT73	PSMG3_HUMAN	PSMG3	Proteasome assembly chaperone 3	1.55251e+06	2.48942e+06	418059	
Q9BT78	Q9BT78	CSN4_HUMAN	COPS4	COP9 signalosome complex subunit 4	1.71939e+06	1.59802e+06	771037	1.11578e+06
Q9BTC0	Q9BTC0	DIDO1_HUMAN	DIDO1	Death-inducer obliterator 1	583683	297553	481233	
Q9BTC8	Q9BTC8	MTA3_HUMAN	MTA3	Metastasis-associated protein MTA3	130450		109031	
Q9BTD8	Q9BTD8	RBM42_HUMAN	RBM42	RNA-binding protein 42	248452	337759	269159	
Q9BTE1	Q9BTE1	DCTN5_HUMAN	DCTN5	Dynactin subunit 5	1.2105e+06	1.26049e+06	884226	1.17798e+06
Q9BTE3	Q9BTE3	MCMBP_HUMAN	MCMBP	Mini-chromosome maintenance complex-binding protein	549166	296101	509196	935724
Q9BTE6	Q9BTE6	AASD1_HUMAN	AARSD1	Alanyl-tRNA editing protein Aarsd1	648380	524187	806841	674512
Q9BTE7	Q92564;Q9BTE7	DCNL5_HUMAN	DCUN1D5	DCN1-like protein 5	768731	623229	193924	
Q9BTT0	Q9BTT0	AN32E_HUMAN	ANP32E	Acidic leucine-rich nuclear phosphoprotein 32 family member E	769117	875866	489666	290553
Q9BTT6	Q9BTT6	LRRC1_HUMAN	LRRC1	Leucine-rich repeat-containing protein 1	930601	1.14768e+06	532011	569482
Q9BTU6	Q9BTU6	P4K2A_HUMAN	PI4K2A	Phosphatidylinositol 4-kinase type 2-alpha	1.17101e+06	1.27692e+06	1.13269e+06	1.04715e+06
Q9BTV4	Q9BTV4	TMM43_HUMAN	TMEM43	Transmembrane protein 43	4.24532e+06	2.05425e+06	5.99926e+06	2.90632e+06
Q9BTW9	Q9BTW9	TBCD_HUMAN	TBCD	Tubulin-specific chaperone D	586446	311257	426540	244678
Q9BTX3	Q9BTX3	TM208_HUMAN	TMEM208	Transmembrane protein 208	848253	589119	759654	247135
Q9BTY2	Q9BTY2	FUCO2_HUMAN	FUCA2	Plasma alpha-L-fucosidase	1.92542e+06	2.65377e+06	1.73923e+06	1.344e+06
Q9BTZ2	Q9BTZ2;P0CG22	DHRS4_HUMAN	DHRS4	Dehydrogenase/reductase SDR family member 4	3.61275e+06	5.77395e+06	2.3634e+06	6.12481e+06
Q9BU02	Q9BU02	THTPA_HUMAN	THTPA	Thiamine-triphosphatase	326761	717234	237045	398073
Q9BU23	Q9BU23	LMF2_HUMAN	LMF2	Lipase maturation factor 2	830922	925734	1.04119e+06	2.06657e+06
Q9BU61	Q9BU61	NDUF3_HUMAN	NDUFAF3	NADH dehydrogenase [ubiquinone] 1 alpha subcomplex assembly factor 3	1.40706e+06	1.07656e+06	1.16453e+06	1.67957e+06
Q9BU68	Q9BU68	PR15L_HUMAN	PRR15L	Proline-rich protein 15-like protein	168642			252101
Q9BU89	Q9BU89	DOHH_HUMAN	DOHH	Deoxyhypusine hydroxylase	55154.3	68213.3		
Q9BUB7	Q9BUB7	TMM70_HUMAN	TMEM70	Transmembrane protein 70, mitochondrial	804128	464509	723976	523637
Q9BUE0	Q9BUE0	MED18_HUMAN	MED18	Mediator of RNA polymerase II transcription subunit 18		186913		
Q9BUE6	Q9BUE6	ISCA1_HUMAN	ISCA1	Iron-sulfur cluster assembly 1 homolog, mitochondrial	378000	325546	205744	
Q9BUF5	Q13509;Q9BUF5	TBB6_HUMAN	TUBB6	Tubulin beta-6 chain	4.00923e+06	2.48862e+06	1.83978e+06	3.84369e+06
Q9BUH6	Q9BUH6	PAXX_HUMAN	PAXX	Protein PAXX	2.21944e+06	1.9124e+06	1.05298e+06	2.10602e+06
Q9BUI4	Q9BUI4	RPC3_HUMAN	POLR3C	DNA-directed RNA polymerase III subunit RPC3	460154	402001	580654	136936
Q9BUJ2	Q9BUJ2	HNRL1_HUMAN	HNRNPUL1	Heterogeneous nuclear ribonucleoprotein U-like protein 1	3.95932e+06	3.58491e+06	3.25736e+06	2.30501e+06
Q9BUK0	Q9BUK0	CHCH7_HUMAN	CHCHD7	Coiled-coil-helix-coiled-coil-helix domain-containing protein 7	671542	1.13733e+06	716848	1.27087e+06
Q9BUK6	Q9BUK6	MSTO1_HUMAN	MSTO1	Protein misato homolog 1	74661.3	92959.4	55881.5	
Q9BUL8	Q9BUL8	PDC10_HUMAN	PDCD10	Programmed cell death protein 10	3.74218e+06	4.12435e+06	2.39627e+06	2.72908e+06
Q9BUL9	Q9BUL9	RPP25_HUMAN	RPP25	Ribonuclease P protein subunit p25	392724	238733	160477	
Q9BUN8	Q9BUN8	DERL1_HUMAN	DERL1	Derlin-1	738396	840331	2.49008e+06	743616
Q9BUP0	Q9BUP0	EFHD1_HUMAN	EFHD1	EF-hand domain-containing protein D1	684693	646846		
Q9BUP3	Q9BUP3	HTAI2_HUMAN	HTATIP2	Oxidoreductase HTATIP2	4.01947e+06	4.10466e+06	4.53016e+06	4.56198e+06
Q9BUQ8	Q9BUQ8	DDX23_HUMAN	DDX23	Probable ATP-dependent RNA helicase DDX23	1.1184e+06	756955	1.40265e+06	233292
Q9BUR5	Q9BUR5	MIC26_HUMAN	APOO	MICOS complex subunit MIC26	1.8899e+06	2.01972e+06	1.59746e+06	2.77025e+06
Q9BUT1	Q9BUT1	DHRS6_HUMAN	BDH2	Dehydrogenase/reductase SDR family member 6	1.58742e+06	3.13199e+06	1.77578e+06	1.65594e+06
Q9BV10	Q9BV10	ALG12_HUMAN	ALG12	Dol-P-Man:Man(7)GlcNAc(2)-PP-Dol alpha-1,6-mannosyltransferase	225473	92639.9	421238	
Q9BV20	Q9BV20	MTNA_HUMAN	MRI1	Methylthioribose-1-phosphate isomerase	1.19039e+06	1.40146e+06	475641	575738
Q9BV23	Q9BV23	ABHD6_HUMAN	ABHD6	Monoacylglycerol lipase ABHD6	125144		297470	
Q9BV36	Q9BV36	MELPH_HUMAN	MLPH	Melanophilin		271728	177125	
Q9BV38	Q9BV38	WDR18_HUMAN	WDR18	WD repeat-containing protein 18	1.1075e+06	883305	661536	282150
Q9BV40	Q9BV40	VAMP8_HUMAN	VAMP8	Vesicle-associated membrane protein 8	3.37047e+06	3.81156e+06	2.32829e+06	4.72214e+06
Q9BV44	Q9BV44	THUM3_HUMAN	THUMPD3	tRNA (guanine(6)-N2)-methyltransferase THUMP3	373941	284778	218554	
Q9BV57	Q9BV57	MTND_HUMAN	ADI1	Acireductone dioxygenase	1.12081e+06	1.27559e+06	635064	
Q9BV68	Q9BV68	RN126_HUMAN	RNF126	E3 ubiquitin-protein ligase RNF126	292908	244626		
Q9BV79	Q9BV79	MECR_HUMAN	MECR	Enoyl-[acyl-carrier-protein] reductase, mitochondrial	1.17746e+06	1.8323e+06	1.25901e+06	1.37515e+06
Q9BV86	Q9BV86	NTM1A_HUMAN	NTMT1	N-terminal Xaa-Pro-Lys N-methyltransferase 1	1.06906e+06	897560	465555	
Q9BV94	Q9BV94	EDEM2_HUMAN	EDEM2	ER degradation-enhancing alpha-mannosidase-like protein 2	74455	220606		
Q9BVC3	Q9BVC3	DCC1_HUMAN	DSCC1	Sister chromatid cohesion protein DCC1	79783.3	19889.8	46622.4	
Q9BVC4	Q9BVC4	LST8_HUMAN	MLST8	Target of rapamycin complex subunit LST8	193202	167225	223125	
Q9BVC6	Q9BVC6	TM109_HUMAN	TMEM109	Transmembrane protein 109	1.8538e+07	1.49478e+07	1.77048e+07	1.8278e+07
Q9BVG4	Q9BVG4	PBDC1_HUMAN	PBDC1	Protein PBDC1	3.08529e+06	2.45978e+06	2.09857e+06	1.21758e+06
Q9BVG9	Q9BVG9	PTSS2_HUMAN	PTDSS2	Phosphatidylserine synthase 2	109030	72085.9	191282	
Q9BVI4	Q9BVI4	NOC4L_HUMAN	NOC4L	Nucleolar complex protein 4 homolog	415106	156256		
Q9BVJ6	Q9BVJ6	UT14A_HUMAN	UTP14A	U3 small nucleolar RNA-associated protein 14 homolog A	95331.7	80148.3		
Q9BVJ7	Q9BVJ7	DUS23_HUMAN	DUSP23	Dual specificity protein phosphatase 23	827199	1.34124e+06	444910	673633
Q9BVK2	Q9BVK2	ALG8_HUMAN	ALG8	Probable dolichyl pyrophosphate Glc1Man9GlcNAc2 alpha-1,3-glucosyltransferase			692219	
Q9BVK6	Q9BVK6	TMED9_HUMAN	TMED9	Transmembrane emp24 domain-containing protein 9	6.97801e+06	1.15723e+07	1.22961e+07	9.6853e+06
Q9BVK8	Q9BVK8	TM147_HUMAN	TMEM147	BOS complex subunit TMEM147	78989.1		241904	
Q9BVL2	Q9BVL2	NUP58_HUMAN	NUP58	Nucleoporin p58/p45	891661	542901	382443	
Q9BVL4	Q9BVL4	SELO_HUMAN	SELENOO	Protein adenylyltransferase SelO, mitochondrial	709645	680461	379126	523337
Q9BVM2	Q9BVM2	DPCD_HUMAN	DPCD	Protein DPCD	1.53714e+06	1.29039e+06	1.01249e+06	
Q9BVM4	Q9BVM4	GGACT_HUMAN	GGACT	Gamma-glutamylaminecyclotransferase	662190	606462	375418	626820
Q9BVP2	Q9BVP2	GNL3_HUMAN	GNL3	Guanine nucleotide-binding protein-like 3	278024	83448	168323	
Q9BW04	Q9BW04	SARG_HUMAN	SARG	Specifically androgen-regulated gene protein	771785	574190	139729	729884
Q9BW19	Q9BW19	KIFC1_HUMAN	KIFC1	Kinesin-like protein KIFC1	180128			
Q9BW27	Q9BW27	NUP85_HUMAN	NUP85	Nuclear pore complex protein Nup85	816672	785390	679134	
Q9BW30	Q9BW30	TPPP3_HUMAN	TPPP3	Tubulin polymerization-promoting protein family member 3	817624	820892	926392	1.5393e+06
Q9BW60	Q9BW60	ELOV1_HUMAN	ELOVL1	Elongation of very long chain fatty acids protein 1	477202	166291	346856	1.3647e+06
Q9BW61	Q9BW61	DDA1_HUMAN	DDA1	DET1- and DDB1-associated protein 1	302325	263742	282468	413288
Q9BW83	Q9BW83	IFT27_HUMAN	IFT27	Intraflagellar transport protein 27 homolog	1.04953e+06	1.30284e+06	650227	890639
Q9BW85	Q9BW85	YJU2_HUMAN	YJU2	Splicing factor YJU2	155064	151140	103419	
Q9BW91	Q9BW91	NUDT9_HUMAN	NUDT9	ADP-ribose pyrophosphatase, mitochondrial	914470	1.34169e+06	1.14115e+06	1.37499e+06
Q9BW92	Q9BW92	SYTM_HUMAN	TARS2	Threonine--tRNA ligase, mitochondrial	307846	257517	233038	361246
Q9BWD1	Q9BWD1	THIC_HUMAN	ACAT2	Acetyl-CoA acetyltransferase, cytosolic	3.90289e+06	3.05872e+06	2.81403e+06	2.36705e+06
Q9BWE0	Q9BWE0	REPI1_HUMAN	REPIN1	Replication initiator 1	424044	192324	322513	127937
Q9BWF3	Q9BWF3	RBM4_HUMAN	RBM4	RNA-binding protein 4	2.49078e+06	2.27353e+06	1.65624e+06	1.7562e+06
Q9BWH2	Q9BWH2	FUND2_HUMAN	FUNDC2	FUN14 domain-containing protein 2	1.60004e+06	1.58864e+06	1.46135e+06	1.12473e+06
Q9BWH6	Q9BWH6	RPAP1_HUMAN	RPAP1	RNA polymerase II-associated protein 1	89544.4	47013.7	58758.9	
Q9BWM7	Q9BWM7	SFXN3_HUMAN	SFXN3	Sideroflexin-3	829022		1.41755e+06	1.99447e+06
Q9BWS9	Q9BWS9	CHID1_HUMAN	CHID1	Chitinase domain-containing protein 1	1.54374e+06	3.29648e+06	2.57536e+06	2.25591e+06
Q9BWU0	Q9BWU0	NADAP_HUMAN	SLC4A1AP	Kanadaptin	1.29469e+06	1.05427e+06	654677	
Q9BX40	Q9BX40	LS14B_HUMAN	LSM14B	Protein LSM14 homolog B	714348	432851		389000
Q9BX46;Q9H0Z9	Q9BX46;Q9H0Z9	RBM24_HUMAN;RBM38_HUMAN	RBM24;RBM38	RNA-binding protein 24	407936	387708	268020	
Q9BX59	Q9BX59	TPSNR_HUMAN	TAPBPL	Tapasin-related protein	622615	1.126e+06	1.21052e+06	
Q9BX66	Q9BX66	SRBS1_HUMAN	SORBS1	Sorbin and SH3 domain-containing protein 1	879612	904846	1.0315e+06	1.23685e+06
Q9BX67	Q9BX67	JAM3_HUMAN	JAM3	Junctional adhesion molecule C	148076	151937	86950.2	
Q9BX68	Q9BX68	HINT2_HUMAN	HINT2	Adenosine 5'-monophosphoramidase HINT2	852808	4.27836e+06	1.62169e+06	2.44404e+06
Q9BX93	Q9BX93	PG12B_HUMAN	PLA2G12B	Group XIIB secretory phospholipase A2-like protein	215057	227737		
Q9BX97	Q9BX97	PLVAP_HUMAN	PLVAP	Plasmalemma vesicle-associated protein	903298	1.04473e+06	1.23805e+06	1.47359e+06
Q9BXB4	Q9BXB4	OSB11_HUMAN	OSBPL11	Oxysterol-binding protein-related protein 11	323959	242945	357719	
Q9BXB5	Q9BXB5	OSB10_HUMAN	OSBPL10	Oxysterol-binding protein-related protein 10	257527	139307	229218	
Q9BXD5	Q9BXD5	NPL_HUMAN	NPL	N-acetylneuraminate lyase	261377	492761	208887	
Q9BXF6	Q9BXF6	RFIP5_HUMAN	RAB11FIP5	Rab11 family-interacting protein 5	145081			
Q9BXI6	Q9BXI6	TB10A_HUMAN	TBC1D10A	TBC1 domain family member 10A	223418	132214	252460	
Q9BXJ0	Q9BXJ0	C1QT5_HUMAN	C1QTNF5	Complement C1q tumor necrosis factor-related protein 5	227845	100631		
Q9BXJ8	Q9BXJ8	TACAN_HUMAN	TMEM120A	Ion channel TACAN	1.36157e+06	1.22217e+06	2.06971e+06	
Q9BXJ9	Q6N069;Q9BXJ9	NAA15_HUMAN	NAA15	N-alpha-acetyltransferase 15, NatA auxiliary subunit	1.75443e+06	938477	971227	321259
Q9BXK5	Q9BXK5	B2L13_HUMAN	BCL2L13	Bcl-2-like protein 13	141582	395635		
Q9BXN1	Q9BXN1	ASPN_HUMAN	ASPN	Asporin	413289	334295	606762	522069
Q9BXP2	Q9BXP2	S12A9_HUMAN	SLC12A9	Solute carrier family 12 member 9	646303	402505	487854	
Q9BXP5	Q9BXP5	SRRT_HUMAN	SRRT	Serrate RNA effector molecule homolog	1.98174e+06	1.01426e+06	1.35768e+06	1.44373e+06
Q9BXR0	Q9BXR0	TGT_HUMAN	QTRT1	Queuine tRNA-ribosyltransferase catalytic subunit 1	1.99131e+06	2.28856e+06	1.49584e+06	2.61851e+06
Q9BXR6	Q9BXR6	FHR5_HUMAN	CFHR5	Complement factor H-related protein 5	672924	624333	621492	
Q9BXS4	Q9BXS4	TMM59_HUMAN	TMEM59	Transmembrane protein 59	297477	465249	289254	
Q9BXS5	Q9BXS5	AP1M1_HUMAN	AP1M1	AP-1 complex subunit mu-1	377212	244607	909010	724451
Q9BXW6	Q9BXW6	OSBL1_HUMAN	OSBPL1A	Oxysterol-binding protein-related protein 1	97367.3	88197.7	183726	
Q9BXW7	Q9BXW7	HDHD5_HUMAN	HDHD5	Haloacid dehalogenase-like hydrolase domain-containing 5	881486	370731	781065	1.73281e+06
Q9BY15	Q9BY15	AGRE3_HUMAN	ADGRE3	Adhesion G protein-coupled receptor E3			260800	
Q9BY32	Q9BY32	ITPA_HUMAN	ITPA	Inosine triphosphate pyrophosphatase	2.53331e+06	3.07677e+06	683273	3.49607e+06
Q9BY42	Q9BY42	RTF2_HUMAN	RTF2	Replication termination factor 2	1.64075e+06	698355	541069	
Q9BY43	Q9BY43	CHM4A_HUMAN	CHMP4A	Charged multivesicular body protein 4a	1.26996e+06	2.06436e+06	1.09048e+06	1.24418e+06
Q9BY44	Q9BY44	EIF2A_HUMAN	EIF2A	Eukaryotic translation initiation factor 2A	1.58349e+06	1.18559e+06	1.7144e+06	1.48004e+06
Q9BY49	Q9BY49	PECR_HUMAN	PECR	Peroxisomal trans-2-enoyl-CoA reductase	386029	528958	286043	
Q9BY50	Q9BY50	SC11C_HUMAN	SEC11C	Signal peptidase complex catalytic subunit SEC11C	3.45084e+06	3.28359e+07	1.74008e+07	1.51507e+07
Q9BY77	Q9BY77	PDIP3_HUMAN	POLDIP3	Polymerase delta-interacting protein 3	1.15674e+06	842752		1.39483e+06
Q9BY89	Q9BY89	K1671_HUMAN	KIAA1671	Uncharacterized protein KIAA1671	235202	147419		
Q9BYB4	Q9BYB4	GNB1L_HUMAN	GNB1L	Guanine nucleotide-binding protein subunit beta-like protein 1	380183	145327	177605	
Q9BYC5	Q9BYC5	FUT8_HUMAN	FUT8	Alpha-(1,6)-fucosyltransferase			114252	
Q9BYC9	Q9BYC9	RM20_HUMAN	MRPL20	Large ribosomal subunit protein bL20m	655197		1.2734e+06	1.42543e+06
Q9BYD1	Q9BYD1	RM13_HUMAN	MRPL13	Large ribosomal subunit protein uL13m	630498	331883	912380	1.7072e+06
Q9BYD2	Q9BYD2	RM09_HUMAN	MRPL9	Large ribosomal subunit protein bL9m	829821	294246	374677	1.03303e+06
Q9BYD3	Q9BYD3	RM04_HUMAN	MRPL4	Large ribosomal subunit protein uL4m	1.04416e+06		2.2112e+06	1.49666e+06
Q9BYD6	Q9BYD6	RM01_HUMAN	MRPL1	Large ribosomal subunit protein uL1m	1.65938e+06	841722	2.2637e+06	1.93537e+06
Q9BYF1	Q9BYF1	ACE2_HUMAN	ACE2	Angiotensin-converting enzyme 2	145361	68063		
Q9BYG3	Q9BYG3	MK67I_HUMAN	NIFK	MKI67 FHA domain-interacting nucleolar phosphoprotein	204136	135116	245658	
Q9BYG5	Q9BYG4;Q9BYG5;Q9NPB6	PAR6B_HUMAN	PARD6B	Partitioning defective 6 homolog beta	941817	720546	921681	603947
Q9BYJ9	Q9BYJ9	YTHD1_HUMAN	YTHDF1	YTH domain-containing family protein 1	484756	409367	4.73312e+06	1.08555e+07
Q9BYK8	Q9BYK8	HELZ2_HUMAN	HELZ2	Helicase with zinc finger domain 2	42941.9		57926.2	
Q9BYN0	Q9BYN0	SRXN1_HUMAN	SRXN1	Sulfiredoxin-1	390571	545292	426999	
Q9BYT8	Q9BYT8	NEUL_HUMAN	NLN	Neurolysin, mitochondrial	906001	807359	991381	
Q9BYV8	Q9BYV8	CEP41_HUMAN	CEP41	Centrosomal protein of 41 kDa	229267	122472		
Q9BYX2	Q9BYX2	TBD2A_HUMAN	TBC1D2	TBC1 domain family member 2A	340862	168146	297024	283763
Q9BYX4	Q9BYX4	IFIH1_HUMAN	IFIH1	Interferon-induced helicase C domain-containing protein 1	87735.2	68799.7	130956	
Q9BYX7	Q9BYX7;P0CG38;P0CG39	ACTBM_HUMAN	POTEKP	Putative beta-actin-like protein 3	510265	359552	528438	760298
Q9BYZ8	Q9BYZ8	REG4_HUMAN	REG4	Regenerating islet-derived protein 4	4.1303e+07	1.42408e+07	8.56306e+06	7.17375e+06
Q9BZ23	Q9BZ23;Q9H999	PANK2_HUMAN	PANK2	Pantothenate kinase 2, mitochondrial	345143	369276	271364	524631
Q9BZ67	Q9BZ67	FRMD8_HUMAN	FRMD8	FERM domain-containing protein 8	384654	428205		178024
Q9BZD2	Q9BZD2	S29A3_HUMAN	SLC29A3	Equilibrative nucleoside transporter 3	82541.3	53636.5	123894	
Q9BZE1	Q9BZE1	RM37_HUMAN	MRPL37	Large ribosomal subunit protein mL37	1.27802e+06	558520	2.09823e+06	2.82581e+06
Q9BZE4	Q9BZE4	GTPB4_HUMAN	GTPBP4	GTP-binding protein 4	639651	395346	667456	
Q9BZE9	Q9BZE9	ASPC1_HUMAN	ASPSCR1	Tether containing UBX domain for GLUT4	1.27725e+06	1.15535e+06	858613	980733
Q9BZF1	Q9BZF1	OSBL8_HUMAN	OSBPL8	Oxysterol-binding protein-related protein 8	429391	168984	702619	
Q9BZF9	Q9BZF9	UACA_HUMAN	UACA	Uveal autoantigen with coiled-coil domains and ankyrin repeats	53831.5		60002.7	
Q9BZG1	Q9BZG1	RAB34_HUMAN	RAB34	Ras-related protein Rab-34	782716	789255	699528	384317
Q9BZG8	Q9BZG8	DPH1_HUMAN	DPH1	2-(3-amino-3-carboxypropyl)histidine synthase subunit 1	83689.4	59546.3	56666.7	
Q9BZH6	Q9BZH6	WDR11_HUMAN	WDR11	WD repeat-containing protein 11	361387	187447	785391	316601
Q9BZI7	Q9BZI7	REN3B_HUMAN	UPF3B	Regulator of nonsense transcripts 3B	253393	135276	231196	
Q9BZJ0	Q9BZJ0	CRNL1_HUMAN	CRNKL1	Crooked neck-like protein 1	269915	123645	286234	
Q9BZK7	O60907;Q9BQ87;Q9BZK7	TBL1R_HUMAN	TBL1XR1	F-box-like/WD repeat-containing protein TBL1XR1	970993	576885	1.08231e+06	426968
Q9BZL1	Q9BZL1	UBL5_HUMAN	UBL5	Ubiquitin-like protein 5	2.81496e+06	2.84654e+06	1.86581e+06	972497
Q9BZL4	Q9BZL4	PP12C_HUMAN	PPP1R12C	Protein phosphatase 1 regulatory subunit 12C	397162	360853	179161	
Q9BZL6	Q9BZL6	KPCD2_HUMAN	PRKD2	Serine/threonine-protein kinase D2	288930	216174	229885	
Q9BZM1	Q9BZM1	PG12A_HUMAN	PLA2G12A	Group XIIA secretory phospholipase A2		70677.9		
Q9BZQ6	Q9BZQ6	EDEM3_HUMAN	EDEM3	ER degradation-enhancing alpha-mannosidase-like protein 3	278588	551136	477835	
Q9BZQ8	Q9BZQ8	NIBA1_HUMAN	NIBAN1	Protein Niban 1	346172	545249	510774	555688
Q9BZR8	Q9BZR8	B2L14_HUMAN	BCL2L14	Apoptosis facilitator Bcl-2-like protein 14	127601	267591		443832
Q9BZV1	Q9BZV1	UBXN6_HUMAN	UBXN6	UBX domain-containing protein 6	1.1871e+06	935541	1.34097e+06	2.04955e+06
Q9BZX2	Q9BZX2;Q9HA47	UCK2_HUMAN	UCK2	Uridine-cytidine kinase 2	713544	516247	419265	
Q9BZZ2	Q9BZZ2	SN_HUMAN	SIGLEC1	Sialoadhesin	268570	825410	498234	
Q9BZZ5	Q9BZZ5	API5_HUMAN	API5	Apoptosis inhibitor 5	7.51662e+06	5.43723e+06	1.18466e+06	3.63967e+06
Q9C002	Q9C002	NMES1_HUMAN	NMES1	Normal mucosa of esophagus-specific gene 1 protein		1.79994e+06	880176	6.90832e+06
Q9C040	Q9C040	TRIM2_HUMAN	TRIM2	Tripartite motif-containing protein 2	1.66297e+06	668975	623647	524538
Q9C075	Q9C075	K1C23_HUMAN	KRT23	Keratin, type I cytoskeletal 23	268796	439192	691384	1.67272e+06
Q9C0B1	Q9C0B1	FTO_HUMAN	FTO	Alpha-ketoglutarate-dependent dioxygenase FTO	1.8943e+06	1.97726e+06	1.38967e+06	594580
Q9C0B5	Q9C0B5	ZDHC5_HUMAN	ZDHHC5	Palmitoyltransferase ZDHHC5	560787	383523	210014	331224
Q9C0C2	Q9C0C2	TB182_HUMAN	TNKS1BP1	182 kDa tankyrase-1-binding protein	4.12316e+06	2.49595e+06	2.33063e+06	5.16206e+06
Q9C0C9	Q9C0C9	UBE2O_HUMAN	UBE2O	(E3-independent) E2 ubiquitin-conjugating enzyme	1.30434e+06	1.09627e+06	957622	517327
Q9C0D3	Q9C0D3	ZY11B_HUMAN	ZYG11B	Protein zyg-11 homolog B	29330			
Q9C0E2	Q9C0E2	XPO4_HUMAN	XPO4	Exportin-4	90675	63857.3	137405	
Q9C0E8	Q9C0E8	LNP_HUMAN	LNPK	Endoplasmic reticulum junction formation protein lunapark	1.31073e+06	819675	1.64869e+06	2.22007e+06
Q9C0H2	Q9C0H2	TTYH3_HUMAN	TTYH3	Protein tweety homolog 3	499949	412939	57303.8	
Q9C0J8	Q9C0J8	WDR33_HUMAN	WDR33	pre-mRNA 3' end processing protein WDR33	159692	113217		
Q9GZL7	Q9GZL7	WDR12_HUMAN	WDR12	Ribosome biogenesis protein WDR12	329381	181547	184878	
Q9GZM5	Q9GZM5	YIPF3_HUMAN	YIPF3	Protein YIPF3				882458
Q9GZM7	Q9GZM7	TINAL_HUMAN	TINAGL1	Tubulointerstitial nephritis antigen-like	235667	243080	214379	
Q9GZN8	Q9GZN8	ADSSP_HUMAN	ADISSP	Adipose-secreted signaling protein	1.17924e+06	882576	1.49914e+06	266960
Q9GZP4	Q9GZP4	PITH1_HUMAN	PITHD1	PITH domain-containing protein 1	2.22865e+06	3.13568e+06	2.52398e+06	1.71829e+06
Q9GZP8	Q9GZP8	IMUP_HUMAN	IMUP	Immortalization up-regulated protein	802305	618205	463038	
Q9GZQ3	Q9GZQ3	COMD5_HUMAN	COMMD5	COMM domain-containing protein 5	204259	289957	221297	88840.7
Q9GZR7	Q9GZR7	DDX24_HUMAN	DDX24	ATP-dependent RNA helicase DDX24	444973	192826	435952	
Q9GZS1	Q9GZS1	RPA49_HUMAN	POLR1E	DNA-directed RNA polymerase I subunit RPA49	142666			
Q9GZS3	Q9GZS3	SKI8_HUMAN	SKIC8	Superkiller complex protein 8	2.81056e+06	3.39758e+06	2.19826e+06	1.76129e+06
Q9GZS9	Q9GZS9	CHST5_HUMAN	CHST5	Carbohydrate sulfotransferase 5		51697.4	66506.4	
Q9GZT3	Q9GZT3	SLIRP_HUMAN	SLIRP	SRA stem-loop-interacting RNA-binding protein, mitochondrial	2.42452e+06	1.99582e+06	1.78615e+06	8.55478e+06
Q9GZT8	Q9GZT8	NIF3L_HUMAN	NIF3L1	NIF3-like protein 1	1.90426e+06	2.89367e+06	1.73464e+06	1.69349e+06
Q9GZT9	Q9GZT9	EGLN1_HUMAN	EGLN1	Egl nine homolog 1	381205	373848	340338	
Q9GZU7	Q9GZU7	CTDS1_HUMAN	CTDSP1	Carboxy-terminal domain RNA polymerase II polypeptide A small phosphatase 1	382346	483971	375250	319945
Q9GZU8	Q9GZU8	PIP30_HUMAN	PSME3IP1	PSME3-interacting protein	542333	396471	178561	499702
Q9GZX9	Q9GZX9	TWSG1_HUMAN	TWSG1	Twisted gastrulation protein homolog 1	266426	301616		
Q9GZY8	Q9GZY8	MFF_HUMAN	MFF	Mitochondrial fission factor	487575	489829	131739	469329
Q9GZZ1	Q9GZZ1	NAA50_HUMAN	NAA50	N-alpha-acetyltransferase 50	1.65636e+06	1.19978e+06	1.13776e+06	1.05163e+06
Q9GZZ8	Q9GZZ8	LACRT_HUMAN	LACRT	Extracellular glycoprotein lacritin		287434	103327	
Q9GZZ9	Q9GZZ9	UBA5_HUMAN	UBA5	Ubiquitin-like modifier-activating enzyme 5	1.47949e+06	2.74812e+06	685445	1.67661e+06
Q9H000	Q9H000	MKRN2_HUMAN	MKRN2	E3 ubiquitin-protein ligase makorin-2	613107	338655	349248	
Q9H008	Q9H008	LHPP_HUMAN	LHPP	Phospholysine phosphohistidine inorganic pyrophosphate phosphatase	2.17484e+06	3.82526e+06	3.02285e+06	2.82027e+06
Q9H019	Q9H019	MFR1L_HUMAN	MTFR1L	Mitochondrial fission regulator 1-like	58202.4	121410		
Q9H061	Q9H061	T126A_HUMAN	TMEM126A	Transmembrane protein 126A	195752	102615	637197	567943
Q9H074	Q9H074	PAIP1_HUMAN	PAIP1	Polyadenylate-binding protein-interacting protein 1	1.64339e+06	1.5297e+06	1.22411e+06	647534
Q9H078	Q9H078	CLPB_HUMAN	CLPB	Mitochondrial disaggregase	748244	534439	666451	657605
Q9H082	Q9H082	RB33B_HUMAN	RAB33B	Ras-related protein Rab-33B	5.92427e+07	7.19709e+07	8.29307e+07	3.7815e+07
Q9H089	Q9H089	LSG1_HUMAN	LSG1	Large subunit GTPase 1 homolog	665315	476503	427451	695229
Q9H098	Q9H098	F107B_HUMAN	FAM107B	Protein FAM107B	404614	624107	450988	327149
Q9H0A0	Q9H0A0	NAT10_HUMAN	NAT10	RNA cytidine acetyltransferase	350847	202119	292104	
Q9H0A8	Q9H0A8	COMD4_HUMAN	COMMD4	COMM domain-containing protein 4	316522	359803	435598	
Q9H0B6	Q9H0B6	KLC2_HUMAN	KLC2	Kinesin light chain 2	692406	121473	249377	
Q9H0C8	Q9H0C8	ILKAP_HUMAN	ILKAP	Integrin-linked kinase-associated serine/threonine phosphatase 2C	3.52602e+06	2.45263e+06	1.465e+06	1.7411e+06
Q9H0D6	Q9H0D6	XRN2_HUMAN	XRN2	5'-3' exoribonuclease 2	1.85236e+06	1.17115e+06	1.74767e+06	1.19959e+06
Q9H0E2	Q9H0E2	TOLIP_HUMAN	TOLLIP	Toll-interacting protein	2.01786e+06	1.68176e+06	1.94982e+06	2.02189e+06
Q9H0F7	Q9H0F7	ARL6_HUMAN	ARL6	ADP-ribosylation factor-like protein 6	53112.5	71887.2		
Q9H0G5	Q9H0G5	NSRP1_HUMAN	NSRP1	Nuclear speckle splicing regulatory protein 1	108701	105243	115383	
Q9H0I9	Q9H0I9	TKTL2_HUMAN	TKTL2	Transketolase-like protein 2			275925	
Q9H0J9	Q9H0J9	PAR12_HUMAN	PARP12	Protein mono-ADP-ribosyltransferase PARP12	621221	497209	741784	
Q9H0L4	P33240;Q9H0L4	CSTFT_HUMAN	CSTF2T	Cleavage stimulation factor subunit 2 tau variant	716648	1.42237e+06		1.53615e+06
Q9H0N5	Q9H0N5	PHS2_HUMAN	PCBD2	Pterin-4-alpha-carbinolamine dehydratase 2	309493	867833	480689	453409
Q9H0P0	Q9H0P0	5NT3A_HUMAN	NT5C3A	Cytosolic 5'-nucleotidase 3A	523774	824175	504438	720043
Q9H0Q0	Q9H0Q0	CYRIA_HUMAN	CYRIA	CYFIP-related Rac1 interactor A	554510	1.17234e+06	732221	
Q9H0R4	Q9H0R4	HDHD2_HUMAN	HDHD2	Haloacid dehalogenase-like hydrolase domain-containing protein 2	992818	2.55228e+06	1.29771e+06	1.20599e+06
Q9H0R6	Q9H0R6	GATA_HUMAN	QRSL1	Glutamyl-tRNA(Gln) amidotransferase subunit A, mitochondrial	529580	491439	479915	
Q9H0S4	Q9H0S4	DDX47_HUMAN	DDX47	Probable ATP-dependent RNA helicase DDX47	399119	225264	247564	
Q9H0U3	Q9H0U3	MAGT1_HUMAN	MAGT1	Magnesium transporter protein 1	1.34978e+06	1.11976e+06	5.48581e+06	2.87943e+06
Q9H0U4	Q9H0U4;Q92928	RAB1B_HUMAN	RAB1B	Ras-related protein Rab-1B	3.84383e+06	5.17591e+06	2.95932e+06	2.97942e+06
Q9H0U6	Q9H0U6	RM18_HUMAN	MRPL18	Large ribosomal subunit protein uL18m	481735	69672.4	713294	1.13964e+06
Q9H0V1	Q9H0V1	TM168_HUMAN	TMEM168	Transmembrane protein 168	22529.9	23926.7	162615	
Q9H0V9	Q9H0V9	LMA2L_HUMAN	LMAN2L	VIP36-like protein	680706	774137	590263	433099
Q9H0W8	Q9H0W8	SMG9_HUMAN	SMG9	Nonsense-mediated mRNA decay factor SMG9	282712	269893		
Q9H0W9	Q9H0W9	CK054_HUMAN	C11orf54	Ester hydrolase C11orf54	3.36626e+06	6.13361e+06	3.5971e+06	3.22536e+06
Q9H0X4	Q9H0X4	F234A_HUMAN	FAM234A	Protein FAM234A	110357	120813	142507	
Q9H0X9	Q9H0X9	OSBL5_HUMAN	OSBPL5	Oxysterol-binding protein-related protein 5	402512		666132	
Q9H171	Q9H171	ZBP1_HUMAN	ZBP1	Z-DNA-binding protein 1	120626	340315	48355.9	
Q9H173	Q9H173	SIL1_HUMAN	SIL1	Nucleotide exchange factor SIL1	544086	875215	521218	189198
Q9H190	Q9H190	SDCB2_HUMAN	SDCBP2	Syntenin-2	183150	242056	131138	467637
Q9H1A4	Q9H1A4	APC1_HUMAN	ANAPC1	Anaphase-promoting complex subunit 1	89540.2	14967	60846.9	
Q9H1B7	Q9H1B7	I2BPL_HUMAN	IRF2BPL	Probable E3 ubiquitin-protein ligase IRF2BPL	244825	151065	196512	
Q9H1C4	Q9H1C4	UN93B_HUMAN	UNC93B1	Protein unc-93 homolog B1	372782	278404	557944	790308
Q9H1C7	Q9H1C7	CYTM1_HUMAN	CYSTM1	Cysteine-rich and transmembrane domain-containing protein 1	966446	1.05705e+06		646957
Q9H1D9	Q9H1D9	RPC6_HUMAN	POLR3F	DNA-directed RNA polymerase III subunit RPC6	316635	290201	217741	
Q9H1E1	Q9H1E1	RNAS7_HUMAN	RNASE7	Ribonuclease 7	45692.2	95834.2	160028	
Q9H1E3	Q9H1E3	NUCKS_HUMAN	NUCKS1	Nuclear ubiquitous casein and cyclin-dependent kinase substrate 1	3.32964e+06	3.02882e+06	1.11363e+06	7.27617e+06
Q9H1E5	Q9H1E5	TMX4_HUMAN	TMX4	Thioredoxin-related transmembrane protein 4	1.62512e+06	1.20566e+06	2.85719e+06	1.59213e+06
Q9H1H9	Q9H1H9	KI13A_HUMAN	KIF13A	Kinesin-like protein KIF13A	214168	224609	116906	227557
Q9H1I8	Q9H1I8	ASCC2_HUMAN	ASCC2	Activating signal cointegrator 1 complex subunit 2	261730	214809	311774	
Q9H1K1	Q9H1K1	ISCU_HUMAN	ISCU	Iron-sulfur cluster assembly enzyme ISCU	1.10521e+06	1.32214e+06	726652	1.02128e+06
Q9H1K4;Q9H936	Q9H1K4;Q9H936	GHC1_HUMAN;GHC2_HUMAN	SLC25A18;SLC25A22	Mitochondrial glutamate carrier 2			545147	776170
Q9H1N7	Q9H1N7	S35B3_HUMAN	SLC35B3	Adenosine 3'-phospho 5'-phosphosulfate transporter 2			112756	
Q9H1P3	Q9H1P3	OSBL2_HUMAN	OSBPL2	Oxysterol-binding protein-related protein 2	415650	317081	316745	421593
Q9H1Y0	Q9H1Y0	ATG5_HUMAN	ATG5	Autophagy protein 5	357767	273778	439212	
Q9H1Z4	Q9H1Z4	WDR13_HUMAN	WDR13	WD repeat-containing protein 13	430562	457173	569494	
Q9H223	Q9H223;Q9NZN3	EHD4_HUMAN	EHD4	EH domain-containing protein 4	3.0229e+06	1.95126e+06	2.7538e+06	3.59169e+06
Q9H267	Q9H267	VP33B_HUMAN	VPS33B	Vacuolar protein sorting-associated protein 33B	154739		260190	
Q9H269	Q9H269	VPS16_HUMAN	VPS16	Vacuolar protein sorting-associated protein 16 homolog	322261	226826	565492	484156
Q9H270	Q9H270	VPS11_HUMAN	VPS11	Vacuolar protein sorting-associated protein 11 homolog	228584	106470	457341	296064
Q9H299	Q9H299	SH3L3_HUMAN	SH3BGRL3	SH3 domain-binding glutamic acid-rich-like protein 3	9.23519e+06	1.64354e+07	1.71943e+07	1.92907e+07
Q9H2C0	Q9H2C0	GAN_HUMAN	GAN	Gigaxonin	90586.2	163295	127355	
Q9H2D6	Q9H2D6	TARA_HUMAN	TRIOBP	TRIO and F-actin-binding protein	537739	205878	425576	402460
Q9H2G2	Q9H2G2	SLK_HUMAN	SLK	STE20-like serine/threonine-protein kinase	1.1656e+06	884765	994474	1.58032e+06
Q9H2H8	Q9H2H8	PPIL3_HUMAN	PPIL3	Peptidyl-prolyl cis-trans isomerase-like 3	3.54655e+06	4.56051e+06	3.4158e+06	3.16321e+06
Q9H2H9	Q9H2H9	S38A1_HUMAN	SLC38A1	Sodium-coupled neutral amino acid symporter 1	400578	219687	350526	
Q9H2J4	Q9H2J4	PDCL3_HUMAN	PDCL3	Phosducin-like protein 3	632354	400325	373215	436584
Q9H2K2	Q9H2K2	TNKS2_HUMAN	TNKS2	Poly [ADP-ribose] polymerase tankyrase-2	509969	627787	551336	
Q9H2K8	Q9H2K8	TAOK3_HUMAN	TAOK3	Serine/threonine-protein kinase TAO3	585076	472741	794814	830416
Q9H2M9	Q9H2M9	RBGPR_HUMAN	RAB3GAP2	Rab3 GTPase-activating protein non-catalytic subunit	607079	242370	1.38815e+06	581445
Q9H2P0	Q9H2P0	ADNP_HUMAN	ADNP	Activity-dependent neuroprotector homeobox protein	225765	100350	137127	
Q9H2P9	Q9H2P9	DPH5_HUMAN	DPH5	Diphthine methyl ester synthase	242143	266457	150930	
Q9H2U1	Q9H2U1	DHX36_HUMAN	DHX36	ATP-dependent DNA/RNA helicase DHX36	327128	235110	347036	
Q9H2U2	Q9H2U2	IPYR2_HUMAN	PPA2	Inorganic pyrophosphatase 2, mitochondrial	6.28365e+06	9.90494e+06	5.52724e+06	9.07245e+06
Q9H2V7	Q9H2V7	SPNS1_HUMAN	SPNS1	Protein spinster homolog 1	514007	433924	188332	1.00982e+06
Q9H2W6	Q9H2W6	RM46_HUMAN	MRPL46	Large ribosomal subunit protein mL46	632657	642026	1.08055e+06	1.49535e+06
Q9H330	Q9H330	TM245_HUMAN	TMEM245	Transmembrane protein 245	138860		285554	
Q9H3G5	Q9H3G5	CPVL_HUMAN	CPVL	Probable serine carboxypeptidase CPVL	3.2863e+06	5.89015e+06	4.96099e+06	4.11873e+06
Q9H3H3	Q9H3H3	CK068_HUMAN	C11orf68	UPF0696 protein C11orf68	1.52653e+06	1.57122e+06	1.13789e+06	865245
Q9H3H5	Q9H3H5	GPT_HUMAN	DPAGT1	UDP-N-acetylglucosamine--dolichyl-phosphate N-acetylglucosaminephosphotransferase	1.60299e+06	2.99918e+06	1.81002e+06	1.29049e+06
Q9H3K2	Q9H3K2	GHITM_HUMAN	GHITM	Growth hormone-inducible transmembrane protein	4.48158e+06	3.34876e+06	9.06324e+06	4.58526e+06
Q9H3K6	Q9H3K6	BOLA2_HUMAN	BOLA2	BolA-like protein 2	4.3388e+06	6.52637e+06	2.80491e+06	3.86666e+06
Q9H3M7	Q9H3M7	TXNIP_HUMAN	TXNIP	Thioredoxin-interacting protein	402680	256547	348240	
Q9H3N1	Q9H3N1	TMX1_HUMAN	TMX1	Thioredoxin-related transmembrane protein 1	5.76286e+06	4.20896e+06	7.8215e+06	4.85293e+06
Q9H3P2	Q9H3P2	NELFA_HUMAN	NELFA	Negative elongation factor A	988404	560487	666048	781569
Q9H3P7	Q9H3P7	GCP60_HUMAN	ACBD3	Golgi resident protein GCP60	2.23004e+06	2.57857e+06	2.59891e+06	1.64068e+06
Q9H3Q1	Q9H3Q1	BORG4_HUMAN	CDC42EP4	Cdc42 effector protein 4	646691	734723		971230
Q9H3Q3	Q9H3Q3	G3ST2_HUMAN	GAL3ST2	Galactose-3-O-sulfotransferase 2		336177	777231	690550
Q9H3R2	Q9H3R2	MUC13_HUMAN	MUC13	Mucin-13	6.31964e+06	6.007e+06	2.97305e+06	2.67562e+06
Q9H3S1	Q9H3S1	SEM4A_HUMAN	SEMA4A	Semaphorin-4A	547690	752268	874922	809587
Q9H3S4	Q9H3S4	TPK1_HUMAN	TPK1	Thiamin pyrophosphokinase 1	238369	567549	391102	
Q9H3S7	Q9H3S7	PTN23_HUMAN	PTPN23	Tyrosine-protein phosphatase non-receptor type 23	566187	324734	613479	878103
Q9H3U1	Q9H3U1	UN45A_HUMAN	UNC45A	Protein unc-45 homolog A	1.18952e+06	760768	901352	768658
Q9H3U5	Q9H3U5	MFSD1_HUMAN	MFSD1	Major facilitator superfamily domain-containing protein 1	544523	361757		
Q9H3Z4	Q9H3Z4	DNJC5_HUMAN	DNAJC5	DnaJ homolog subfamily C member 5	1.12924e+06	1.10802e+06	928145	
Q9H400	Q9H400	LIME1_HUMAN	LIME1	Lck-interacting transmembrane adapter 1		283868		
Q9H425	Q9H425	CA198_HUMAN	C1orf198	Uncharacterized protein C1orf198	319905	196819		
Q9H444	Q96CF2;Q9H444	CHM4B_HUMAN	CHMP4B	Charged multivesicular body protein 4b	7.51379e+06	7.59203e+06	2.445e+06	5.65829e+06
Q9H446	Q9H446	RWDD1_HUMAN	RWDD1	RWD domain-containing protein 1	255122	339861	246624	
Q9H477	Q9H477	RBSK_HUMAN	RBKS	Ribokinase	543715	1.11005e+06	711682	420164
Q9H479	Q9H479	FN3K_HUMAN	FN3K	Fructosamine-3-kinase	504909	530015	522212	520999
Q9H488	Q9H488	OFUT1_HUMAN	POFUT1	GDP-fucose protein O-fucosyltransferase 1	1.88775e+06	1.04564e+06	942464	658433
Q9H490	Q9H490	PIGU_HUMAN	PIGU	Phosphatidylinositol glycan anchor biosynthesis class U protein	288915		255475	81296.7
Q9H492	Q9H492	MLP3A_HUMAN	MAP1LC3A	Microtubule-associated proteins 1A/1B light chain 3A			40367.7	
Q9H497	Q9H497	TOR3A_HUMAN	TOR3A	Torsin-3A	413960	486236	431952	
Q9H4A3	Q9H4A3	WNK1_HUMAN	WNK1	Serine/threonine-protein kinase WNK1	625848	550525	692629	679294
Q9H4A4	Q9H4A4	AMPB_HUMAN	RNPEP	Aminopeptidase B	4.17446e+06	4.36745e+06	4.22317e+06	3.52392e+06
Q9H4A5	Q9H4A5	GLP3L_HUMAN	GOLPH3L	Golgi phosphoprotein 3-like	474797	686236	700630	1.60856e+06
Q9H4A6	Q9H4A6	GOLP3_HUMAN	GOLPH3	Golgi phosphoprotein 3	672840	697071	700115	809942
Q9H4B7	Q9H4B7	TBB1_HUMAN	TUBB1	Tubulin beta-1 chain		15403.6	258162	868802
Q9H4E7	Q9H4E7	DEFI6_HUMAN	DEF6	Differentially expressed in FDCP 6 homolog	400293	391832	957550	688326
Q9H4G0	Q9H4G0	E41L1_HUMAN	EPB41L1	Band 4.1-like protein 1	1.34389e+06	728072	631009	1.09625e+06
Q9H4G4	Q9H4G4	GAPR1_HUMAN	GLIPR2	Golgi-associated plant pathogenesis-related protein 1	3.17732e+06	4.39314e+06	6.96216e+06	5.40041e+06
Q9H4I3	Q9H4I3	TRABD_HUMAN	TRABD	TraB domain-containing protein	107871		162536	
Q9H4I9	Q9H4I9	EMRE_HUMAN	SMDT1	Essential MCU regulator, mitochondrial	487225	566145	859760	675640
Q9H4K7	Q9H4K7	MTG2_HUMAN	MTG2	Mitochondrial ribosome-associated GTPase 2	565660	415231	179236	
Q9H4L5	Q9H4L5	OSBL3_HUMAN	OSBPL3	Oxysterol-binding protein-related protein 3	298325		131345	
Q9H4M9	Q9H4M9;Q9NZN3	EHD1_HUMAN	EHD1	EH domain-containing protein 1	2.93505e+06	2.29315e+06	4.07181e+06	2.45105e+06
Q9H4Z3	Q9H4Z3	CAPAM_HUMAN	PCIF1	mRNA (2'-O-methyladenosine-N(6)-)-methyltransferase	390897	231446	299724	
Q9H553	Q9H553	ALG2_HUMAN	ALG2	Alpha-1,3/1,6-mannosyltransferase ALG2	312820	403324	733597	1.18381e+06
Q9H583	Q9H583	HEAT1_HUMAN	HEATR1	HEAT repeat-containing protein 1	35329.7		100768	
Q9H5N1	Q9H5N1	RABE2_HUMAN	RABEP2	Rab GTPase-binding effector protein 2	53478	119550		105826
Q9H5Q4	Q9H5Q4	TFB2M_HUMAN	TFB2M	Dimethyladenosine transferase 2, mitochondrial	104375		60080.2	
Q9H5V8	Q9H5V8	CDCP1_HUMAN	CDCP1	CUB domain-containing protein 1	1.12451e+06	995933	1.07049e+06	242163
Q9H5V9	Q9H5V9	STEEP_HUMAN	STEEP1	STING ER exit protein	146777	61051.4	68762.3	
Q9H5X1	Q9H5X1	CIA2A_HUMAN	CIAO2A	Cytosolic iron-sulfur assembly component 2A	897348	1.01279e+06	974299	1.18964e+06
Q9H6A0	Q9H6A0	DEN2D_HUMAN	DENND2D	DENN domain-containing protein 2D	85886	214365	267043	
Q9H6A9	Q9H6A9	PCX3_HUMAN	PCNX3	Pecanex-like protein 3	16150.1			
Q9H6E4	Q9H6E4	CC134_HUMAN	CCDC134	Coiled-coil domain-containing protein 134	946142	893095	608746	760058
Q9H6H4	Q9H6H4	REEP4_HUMAN	REEP4	Receptor expression-enhancing protein 4	114025			
Q9H6K4	Q9H6K4	OPA3_HUMAN	OPA3	Optic atrophy 3 protein	431124	182102	758958	321221
Q9H6Q4	Q9H6Q4;Q9UHQ1	CIAO3_HUMAN	CIAO3	Cytosolic iron-sulfur assembly component 3	529454	360575	442063	
Q9H6R3	Q9H6R3	ACSS3_HUMAN	ACSS3	Acyl-CoA synthetase short-chain family member 3, mitochondrial	262198	580275	224049	
Q9H6R6	Q9H6R6	ZDHC6_HUMAN	ZDHHC6	Palmitoyltransferase ZDHHC6	251718		338365	
Q9H6S0	Q9H6S0	YTDC2_HUMAN	YTHDC2	3'-5' RNA helicase YTHDC2	98197.3	50360.6	80173.5	
Q9H6S3	Q9H6S3	ES8L2_HUMAN	EPS8L2	Epidermal growth factor receptor kinase substrate 8-like protein 2	1.46826e+06	1.10662e+06	1.46254e+06	2.1486e+06
Q9H6T0	Q9H6T0	ESRP2_HUMAN	ESRP2	Epithelial splicing regulatory protein 2	483090	361877	347819	400667
Q9H6T3	Q9H6T3	RPAP3_HUMAN	RPAP3	RNA polymerase II-associated protein 3	1.16695e+06	647243	964477	1.60816e+06
Q9H6U6	Q9H6U6	BCAS3_HUMAN	BCAS3	BCAS3 microtubule associated cell migration factor	301704		246677	127188
Q9H6V9	Q9H6V9	LDAH_HUMAN	LDAH	Lipid droplet-associated hydrolase	282543	159452	533224	
Q9H6X2	P58335;Q9H6X2	ANTR1_HUMAN	ANTXR1	Anthrax toxin receptor 1	1.11748e+06	383884	237068	
Q9H6Y2	Q9H6Y2	WDR55_HUMAN	WDR55	WD repeat-containing protein 55	635288	584362	313597	716178
Q9H6Z4	Q9H6Z4	RANB3_HUMAN	RANBP3	Ran-binding protein 3	1.81373e+06	1.65657e+06	1.1417e+06	875668
Q9H773	Q9H773	DCTP1_HUMAN	DCTPP1	dCTP pyrophosphatase 1	1.23067e+06	1.59368e+06	579155	833209
Q9H7B2	Q9H7B2	RPF2_HUMAN	RPF2	Ribosome production factor 2 homolog	106841	28041.6	143672	
Q9H7B4	Q9H7B4	SMYD3_HUMAN	SMYD3	Histone-lysine N-methyltransferase SMYD3	168058	93546.9	111891	
Q9H7C9	Q9H7C9	AAMDC_HUMAN	AAMDC	Mth938 domain-containing protein	1.46493e+06	1.46862e+06	777634	1.1338e+06
Q9H7D0	Q9H7D0	DOCK5_HUMAN	DOCK5	Dedicator of cytokinesis protein 5	73629.6	16346.4	86379.7	
Q9H7D7	Q9H7D7	WDR26_HUMAN	WDR26	WD repeat-containing protein 26	165900	94257.6	211816	
Q9H7E9	Q9H7E9	CH033_HUMAN	C8orf33	UPF0488 protein C8orf33	199446	192428	97486.7	136474
Q9H7F0	Q9H7F0	AT133_HUMAN	ATP13A3	Polyamine-transporting ATPase 13A3	210908	199017	184119	
Q9H7M9	Q9H7M9	VISTA_HUMAN	VSIR	V-type immunoglobulin domain-containing suppressor of T-cell activation	329512	524746	896916	
Q9H7Z6	Q9H7Z6	KAT8_HUMAN	KAT8	Histone acetyltransferase KAT8	117608	188768		
Q9H7Z7	Q9H7Z7	PGES2_HUMAN	PTGES2	Prostaglandin E synthase 2	1.47405e+06	1.65109e+06	1.19791e+06	1.44946e+06
Q9H813	Q9H813	PACC1_HUMAN	PACC1	Proton-activated chloride channel		60124.8	35883.7	
Q9H814	Q9H814	PHAX_HUMAN	PHAX	Phosphorylated adapter RNA export protein	409299	397897	291560	189925
Q9H832	Q9H832	UBE2Z_HUMAN	UBE2Z	Ubiquitin-conjugating enzyme E2 Z	2.1923e+06	1.36028e+06	1.58432e+06	1.14345e+06
Q9H845	Q9H845	ACAD9_HUMAN	ACAD9	Complex I assembly factor ACAD9, mitochondrial	2.44561e+06	742979	4.47213e+06	3.34514e+06
Q9H853	Q9H853	TBA4B_HUMAN	TUBA4B	Putative tubulin-like protein alpha-4B	1.37638e+07	7.72823e+06	2.4745e+06	6.62585e+06
Q9H857	Q9H857	NT5D2_HUMAN	NT5DC2	5'-nucleotidase domain-containing protein 2	343668	100652	263323	
Q9H875	Q9H875	PKRI1_HUMAN	PRKRIP1	PRKR-interacting protein 1	70198.8		37346.7	
Q9H8H3	Q9H8H3	TMT1A_HUMAN	TMT1A	N6-adenosine-methyltransferase TMT1A	2.85998e+06	8.47427e+06	1.97885e+07	1.10191e+07
Q9H8L6	Q9H8L6	MMRN2_HUMAN	MMRN2	Multimerin-2	151710	102759	63936.9	
Q9H8M1	Q9H8M1	CQ10B_HUMAN	COQ10B	Coenzyme Q-binding protein COQ10 homolog B, mitochondrial	53036.9	179046	66768.8	
Q9H8M7	Q9H8M7	MINY3_HUMAN	MINDY3	Ubiquitin carboxyl-terminal hydrolase MINDY-3	593415	958225	840111	
Q9H8T0	Q9H8T0	AKTIP_HUMAN	AKTIP	AKT-interacting protein	208911	88379	197685	
Q9H8U3	Q9H8U3	ZFAN3_HUMAN	ZFAND3	AN1-type zinc finger protein 3	177778	108890	80163.6	
Q9H8W4	Q9H8W4	PKHF2_HUMAN	PLEKHF2	Pleckstrin homology domain-containing family F member 2	712767	715191	618834	334416
Q9H8Y5	Q9H8Y5	ANKZ1_HUMAN	ANKZF1	tRNA endonuclease ANKZF1	254988	187077	253089	
Q9H8Y8	Q9H8Y8	GORS2_HUMAN	GORASP2	Golgi reassembly-stacking protein 2	3.19925e+06	5.53057e+06	3.72059e+06	3.97262e+06
Q9H910	Q9H910	JUPI2_HUMAN	JPT2	Jupiter microtubule associated homolog 2	3.1792e+06	2.19311e+06	718325	4.96781e+06
Q9H939	Q9H939	PPIP2_HUMAN	PSTPIP2	Proline-serine-threonine phosphatase-interacting protein 2	505354	491200	845854	196064
Q9H944	Q9H944	MED20_HUMAN	MED20	Mediator of RNA polymerase II transcription subunit 20	301175	141037	219950	
Q9H974	Q9H974	QTRT2_HUMAN	QTRT2	Queuine tRNA-ribosyltransferase accessory subunit 2	733923	716333	610149	
Q9H993	Q9H993	ARMT1_HUMAN	ARMT1	Damage-control phosphatase ARMT1	626435	665682	587426	486709
Q9H9A5	Q9H9A5	CNO10_HUMAN	CNOT10	CCR4-NOT transcription complex subunit 10	112911		46683.6	
Q9H9A6	Q9H9A6	LRC40_HUMAN	LRRC40	Leucine-rich repeat-containing protein 40	292526	188356	279065	154924
Q9H9B4	Q9H9B4	SFXN1_HUMAN	SFXN1	Sideroflexin-1	948388	425052	1.42669e+06	2.71081e+06
Q9H9C1	Q9H9C1	SPE39_HUMAN	VIPAS39	Spermatogenesis-defective protein 39 homolog	85520	65732.7	193251	
Q9H9G7	Q9H9G7	AGO3_HUMAN	AGO3	Protein argonaute-3	533229	438318	541212	
Q9H9H4	Q9H9H4	VP37B_HUMAN	VPS37B	Vacuolar protein sorting-associated protein 37B	167286	212620	188330	
Q9H9J2	Q9H9J2	RM44_HUMAN	MRPL44	Large ribosomal subunit protein mL44	662367	214810	1.04109e+06	732323
Q9H9P8	Q9H9P8	L2HDH_HUMAN	L2HGDH	L-2-hydroxyglutarate dehydrogenase, mitochondrial	1.46771e+06	1.98362e+06	1.20518e+06	1.90212e+06
Q9H9Q2	Q9H9Q2	CSN7B_HUMAN	COPS7B	COP9 signalosome complex subunit 7b	878508	590802	566174	
Q9H9S4	Q9H9S4	CB39L_HUMAN	CAB39L	Calcium-binding protein 39-like	95116.4	66416.9	126448	
Q9H9T3	Q9H9T3	ELP3_HUMAN	ELP3	Elongator complex protein 3	210906	114967	353454	206473
Q9H9Y6	Q9H9Y6	RPA2_HUMAN	POLR1B	DNA-directed RNA polymerase I subunit RPA2	779648	283042	508101	
Q9HA64	Q9HA64	KT3K_HUMAN	FN3KRP	Ketosamine-3-kinase	963866	1.18236e+06	861923	1.20188e+06
Q9HA65	Q9HA65	TBC17_HUMAN	TBC1D17	TBC1 domain family member 17	219284	392064	390642	493524
Q9HA77	Q9HA77	SYCM_HUMAN	CARS2	Probable cysteine--tRNA ligase, mitochondrial	2.53158e+06	1.77958e+06	921359	743358
Q9HAB8	Q9HAB8	PPCS_HUMAN	PPCS	Phosphopantothenate--cysteine ligase	2.38973e+06	3.27456e+06	2.43453e+06	1.81951e+06
Q9HAN9	Q9HAN9	NMNA1_HUMAN	NMNAT1	Nicotinamide/nicotinic acid mononucleotide adenylyltransferase 1	224878	283921	513060	
Q9HAS0	Q9HAS0	NJMU_HUMAN	C17orf75	Protein Njmu-R1	312646	167357	172317	
Q9HAT2	Q9HAT2	SIAE_HUMAN	SIAE	Sialate O-acetylesterase	2.9631e+06	7.16507e+06	4.5832e+06	4.61285e+06
Q9HAU0	Q9HAU0	PKHA5_HUMAN	PLEKHA5	Pleckstrin homology domain-containing family A member 5	315975	220904	445311	
Q9HAU5	Q9HAU5	RENT2_HUMAN	UPF2	Regulator of nonsense transcripts 2	285335	162183	443595	286604
Q9HAV0	Q9HAV0	GBB4_HUMAN	GNB4	Guanine nucleotide-binding protein subunit beta-4	1.42508e+06	953186	1.2573e+06	665862
Q9HAV4	Q9HAV4	XPO5_HUMAN	XPO5	Exportin-5	762728	232954	187925	
Q9HAV7	Q9HAV7	GRPE1_HUMAN	GRPEL1	GrpE protein homolog 1, mitochondrial	4.91204e+06	4.89138e+06	1.89567e+06	3.05629e+06
Q9HAW8	Q9HAW8	UD110_HUMAN	UGT1A10	UDP-glucuronosyltransferase 1A10		316822	770664	233043
Q9HB07	Q9HB07	MYG1_HUMAN	MYG1	MYG1 exonuclease	5.69524e+06	5.52224e+06	5.17926e+06	3.77388e+06
Q9HB19	Q9HB19	PKHA2_HUMAN	PLEKHA2	Pleckstrin homology domain-containing family A member 2	719381	596258	509862	
Q9HB21	Q9HB21	PKHA1_HUMAN	PLEKHA1	Pleckstrin homology domain-containing family A member 1	304485	277589	124593	
Q9HB40	Q9HB40	RISC_HUMAN	SCPEP1	Retinoid-inducible serine carboxypeptidase	1.51049e+06	2.97168e+06	1.04673e+06	730524
Q9HB71	Q9HB71	CYBP_HUMAN	CACYBP	Calcyclin-binding protein	5.13716e+06	3.47753e+06	2.62722e+06	2.71465e+06
Q9HB90	Q9HB90;Q9NQL2	RRAGC_HUMAN	RRAGC	Ras-related GTP-binding protein C	740901	679299	831511	249861
Q9HBB8	Q9HBB8	CDHR5_HUMAN	CDHR5	Cadherin-related family member 5	304213	464027	403654	371260
Q9HBH0	Q9HBH0	RHOF_HUMAN	RHOF	Rho-related GTP-binding protein RhoF	221577	162101	158599	
Q9HBH1	Q9HBH1	DEFM_HUMAN	PDF	Peptide deformylase, mitochondrial	725194	612714	325158	
Q9HBH5	Q9HBH5	RDH14_HUMAN	RDH14	Retinol dehydrogenase 14	1.10145e+06	1.47129e+06	1.64042e+06	1.75346e+06
Q9HBI0	Q9HBI0	PARVG_HUMAN	PARVG	Gamma-parvin	317451	544014	219978	
Q9HBI1	Q9HBI1	PARVB_HUMAN	PARVB	Beta-parvin	284630	301074	119006	
Q9HBL0	Q9HBL0	TENS1_HUMAN	TNS1	Tensin-1	2.90978e+06	1.448e+06	3.95283e+06	1.57483e+06
Q9HBL7	Q9HBL7	PLRKT_HUMAN	PLGRKT	Plasminogen receptor (KT)	648110	905399	996563	2.20261e+06
Q9HBL8	Q9HBL8	NMRL1_HUMAN	NMRAL1	NmrA-like family domain-containing protein 1	424306	504650	411412	564905
Q9HBM1	Q9HBM1	SPC25_HUMAN	SPC25	Kinetochore protein Spc25	468421			
Q9HBR0	Q9HBR0	S38AA_HUMAN	SLC38A10	Putative sodium-coupled neutral amino acid transporter 10	71960.2			178206
Q9HBW0	Q9HBW0	LPAR2_HUMAN	LPAR2	Lysophosphatidic acid receptor 2	38037.3	21614.2		
Q9HC07	Q9HC07	TM165_HUMAN	TMEM165	Transmembrane protein 165	581373	419015	1.1257e+06	597618
Q9HC16	Q9HC16	ABC3G_HUMAN	APOBEC3G	DNA dC->dU-editing enzyme APOBEC-3G	433061	944992	801936	
Q9HC21	Q9HC21	TPC_HUMAN	SLC25A19	Mitochondrial thiamine pyrophosphate carrier	211099	189245	275955	
Q9HC35	Q9HC35	EMAL4_HUMAN	EML4	Echinoderm microtubule-associated protein-like 4	2.99803e+06	2.06403e+06	2.91176e+06	3.50843e+06
Q9HC36	Q9HC36	MRM3_HUMAN	MRM3	rRNA methyltransferase 3, mitochondrial	191444	53614.1	161210	
Q9HC38	Q9HC38	GLOD4_HUMAN	GLOD4	Glyoxalase domain-containing protein 4	6.30119e+06	6.5678e+06	5.02085e+06	5.34679e+06
Q9HC52	Q9HC52	CBX8_HUMAN	CBX8	Chromobox protein homolog 8	274619	180621		
Q9HC77	Q9HC77	CENPJ_HUMAN	CENPJ	Centromere protein J	65524.9	84565	57814.5	
Q9HC84	Q9HC84	MUC5B_HUMAN	MUC5B	Mucin-5B	191213	1.96873e+06	2.80504e+06	3.75368e+06
Q9HCB6	Q9HCB6	SPON1_HUMAN	SPON1	Spondin-1	376038	769524	1.70616e+06	731729
Q9HCC0	Q9HCC0	MCCB_HUMAN	MCCC2	Methylcrotonoyl-CoA carboxylase beta chain, mitochondrial	2.22284e+06	3.37057e+06	2.00465e+06	3.11795e+06
Q9HCD5	Q9HCD5	NCOA5_HUMAN	NCOA5	Nuclear receptor coactivator 5	303019	127460	421591	
Q9HCE1	Q9HCE1	MOV10_HUMAN	MOV10	Helicase MOV-10	709675	740882	806197	419777
Q9HCE5	Q9HCE5	MET14_HUMAN	METTL14	N6-adenosine-methyltransferase non-catalytic subunit	454817	445703	449737	
Q9HCE6	Q9HCE6	ARGAL_HUMAN	ARHGEF10L	Rho guanine nucleotide exchange factor 10-like protein	367491	201876	444808	1.08417e+06
Q9HCE7	Q9HCE7	SMUF1_HUMAN	SMURF1	E3 ubiquitin-protein ligase SMURF1	495239	602241	597709	315786
Q9HCH5	Q9HCH5	SYTL2_HUMAN	SYTL2	Synaptotagmin-like protein 2	388354	491430	657250	415178
Q9HCJ3	Q9HCJ3	RAVR2_HUMAN	RAVER2	Ribonucleoprotein PTB-binding 2	112428	51257.1	132427	
Q9HCJ6	Q9HCJ6	VAT1L_HUMAN	VAT1L	Synaptic vesicle membrane protein VAT-1 homolog-like		704819	654016	823710
Q9HCM4	Q9HCM4	E41L5_HUMAN	EPB41L5	Band 4.1-like protein 5	76047.1	25827.5	60743	
Q9HCN4	Q9HCN4	GPN1_HUMAN	GPN1	GPN-loop GTPase 1	179840	229294	38633.3	199213
Q9HCN8	Q9HCN8	SDF2L_HUMAN	SDF2L1	Stromal cell-derived factor 2-like protein 1	1.81249e+06	6.62418e+06	4.0825e+06	4.4452e+06
Q9HCP0	Q9HCP0	KC1G1_HUMAN	CSNK1G1	Casein kinase I isoform gamma-1	215771	284690	374935	
Q9HCS2	Q9HCS2	CP4FC_HUMAN	CYP4F12	Cytochrome P450 4F12			171438	
Q9HCS7	Q9HCS7	SYF1_HUMAN	XAB2	Pre-mRNA-splicing factor SYF1	327125	148139	50872.6	
Q9HCU0	Q9HCU0	CD248_HUMAN	CD248	Endosialin	1.8316e+06	822114	382514	281849
Q9HCU5	Q9HCU5	PREB_HUMAN	PREB	Prolactin regulatory element-binding protein	1.44598e+06	2.14497e+06	3.13255e+06	3.04433e+06
Q9HCY8	Q9HCY8	S10AE_HUMAN	S100A14	Protein S100-A14	99540.2	524729	535735	588668
Q9HD15	Q9HD15	SRA1_HUMAN	SRA1	Steroid receptor RNA activator 1	822144	1.22267e+06	229730	1.20633e+06
Q9HD20	Q9HD20	AT131_HUMAN	ATP13A1	Endoplasmic reticulum transmembrane helix translocase	611156	620381	1.50524e+06	1.48816e+06
Q9HD26	Q9HD26	GOPC_HUMAN	GOPC	Golgi-associated PDZ and coiled-coil motif-containing protein	680965	695564	614751	1.36682e+06
Q9HD33	Q9HD33	RM47_HUMAN	MRPL47	Large ribosomal subunit protein uL29m	211076	37436.3	475232	438532
Q9HD34	Q9HD34	LYRM4_HUMAN	LYRM4	LYR motif-containing protein 4	1.30039e+06	1.5718e+06	1.1137e+06	853820
Q9HD40	Q9HD40	SPCS_HUMAN	SEPSECS	O-phosphoseryl-tRNA(Sec) selenium transferase	837498	1.59152e+06	1.13744e+06	1.6904e+06
Q9HD42	Q9HD42	CHM1A_HUMAN	CHMP1A	Charged multivesicular body protein 1a	2.59452e+06	2.52264e+06	1.94457e+06	2.22914e+06
Q9HD45	Q9HD45	TM9S3_HUMAN	TM9SF3	Transmembrane 9 superfamily member 3	1.07838e+06	623739	5.98134e+06	2.72128e+06
Q9HD89	Q9HD89	RETN_HUMAN	RETN	Resistin	2.04584e+06	1.02135e+06	2.54698e+06	
Q9HDC9	Q9HDC9	APMAP_HUMAN	APMAP	Adipocyte plasma membrane-associated protein	9.49556e+06	1.15505e+07	1.62804e+07	4.85807e+06
Q9NNW5	Q9NNW5	WDR6_HUMAN	WDR6	tRNA (34-2'-O)-methyltransferase regulator WDR6	232802		375337	
Q9NNW7	Q9NNW7	TRXR2_HUMAN	TXNRD2	Thioredoxin reductase 2, mitochondrial	701810	1.07859e+06	797492	1.48595e+06
Q9NNX6	Q9NNX6	CD209_HUMAN	CD209	CD209 antigen	643475	2.50962e+06	1.52555e+06	2.10664e+06
Q9NP55	Q9NP55	BPIA1_HUMAN	BPIFA1	BPI fold-containing family A member 1		85377.4	98253.8	121145
Q9NP58	Q2M3G0;Q9NP58	ABCB6_HUMAN	ABCB6	ATP-binding cassette sub-family B member 6	602743	989729	709898	247064
Q9NP59	Q9NP59	S40A1_HUMAN	SLC40A1	Solute carrier family 40 member 1	66729.7	78351.8		
Q9NP61	Q9NP61	ARFG3_HUMAN	ARFGAP3	ADP-ribosylation factor GTPase-activating protein 3	1.3067e+06	1.99116e+06	1.14471e+06	2.06497e+06
Q9NP64	Q9NP64	ZCC17_HUMAN	ZCCHC17	Zinc finger CCHC domain-containing protein 17	317017	217068	199681	
Q9NP72	Q9NP72	RAB18_HUMAN	RAB18	Ras-related protein Rab-18	4.76203e+06	5.51082e+06	2.86863e+06	2.93583e+06
Q9NP73	Q9NP73	ALG13_HUMAN	ALG13	Putative bifunctional UDP-N-acetylglucosamine transferase and deubiquitinase ALG13	233343	353056	280613	
Q9NP77	Q9NP77	SSU72_HUMAN	SSU72	RNA polymerase II subunit A C-terminal domain phosphatase SSU72	2.11e+06	1.58175e+06	1.14672e+06	1.65907e+06
Q9NP79	Q9NP79	VTA1_HUMAN	VTA1	Vacuolar protein sorting-associated protein VTA1 homolog	2.29828e+06	1.85673e+06	2.81448e+06	1.82495e+06
Q9NP80	Q9NP80	PLPL8_HUMAN	PNPLA8	Calcium-independent phospholipase A2-gamma	344878	276151	613928	
Q9NP81	Q9NP81	SYSM_HUMAN	SARS2	Serine--tRNA ligase, mitochondrial	1.47024e+06	1.87122e+06	1.58662e+06	2.01786e+06
Q9NP92	Q9NP92	RT30_HUMAN	MRPS30	Large ribosomal subunit protein mL65	448566	53455.9	638570	690769
Q9NP97	Q9NP97	DLRB1_HUMAN	DYNLRB1	Dynein light chain roadblock-type 1	2.17699e+06	5.18734e+06	529620	3.88721e+06
Q9NPA0	Q9NPA0	EMC7_HUMAN	EMC7	ER membrane protein complex subunit 7	1.00545e+06	1.05098e+06	1.28698e+06	603391
Q9NPA8	Q9NPA8	ENY2_HUMAN	ENY2	Transcription and mRNA export factor ENY2	786217	820045	627384	804079
Q9NPB8	Q9NPB8	GPCP1_HUMAN	GPCPD1	Glycerophosphocholine phosphodiesterase GPCPD1	307409	256943	178076	
Q9NPD3	Q9NPD3	EXOS4_HUMAN	EXOSC4	Exosome complex component RRP41	1.19858e+06	1.08753e+06	1.05789e+06	
Q9NPD8	Q9NPD8	UBE2T_HUMAN	UBE2T	Ubiquitin-conjugating enzyme E2 T	435511		88881.7	
Q9NPE3	Q9NPE3	NOP10_HUMAN	NOP10	H/ACA ribonucleoprotein complex subunit 3	555527	559016	1.06216e+06	861515
Q9NPF4	Q9NPF4	OSGEP_HUMAN	OSGEP	tRNA N6-adenosine threonylcarbamoyltransferase	1.74576e+06	2.05911e+06	1.39971e+06	1.23017e+06
Q9NPF5	Q9NPF5	DMAP1_HUMAN	DMAP1	DNA methyltransferase 1-associated protein 1	127671	35045.4	71397.1	
Q9NPH0	Q9NPH0	PPA6_HUMAN	ACP6	Lysophosphatidic acid phosphatase type 6	341574	179420	338861	232773
Q9NPH2	Q9NPH2	INO1_HUMAN	ISYNA1	Inositol-3-phosphate synthase 1	1.25955e+06	2.40061e+06	1.87399e+06	469102
Q9NPH3	Q9NPH3	IL1AP_HUMAN	IL1RAP	Interleukin-1 receptor accessory protein	193629	145166	178317	
Q9NPI6	Q9NPI6	DCP1A_HUMAN	DCP1A	mRNA-decapping enzyme 1A	162478	126541		
Q9NPJ3	Q9NPJ3	ACO13_HUMAN	ACOT13	Acyl-coenzyme A thioesterase 13	5.38625e+06	1.03883e+07	3.75414e+06	8.37915e+06
Q9NPJ6	Q9NPJ6	MED4_HUMAN	MED4	Mediator of RNA polymerase II transcription subunit 4	68428.4	71282.8	29261.4	
Q9NPJ8;Q9UKK6	Q9NPJ8;Q9UKK6	NXT1_HUMAN;NXT2_HUMAN	NXT1;NXT2	NTF2-related export protein 2	269229			
Q9NPL8	Q9NPL8	TIDC1_HUMAN	TIMMDC1	Complex I assembly factor TIMMDC1, mitochondrial	276989	191569	178576	127996
Q9NPQ8	Q9NPQ8;Q9NVN3	RIC8A_HUMAN	RIC8A	Synembryn-A	712480	655776	488551	512486
Q9NPR2	Q9NPR2	SEM4B_HUMAN	SEMA4B	Semaphorin-4B	288776	391480	347909	
Q9NPR9	Q9NPR9	GP108_HUMAN	GPR108	Protein GPR108	230906	312511	342072	93632
Q9NPY3	Q9NPY3	C1QR1_HUMAN	CD93	Complement component C1q receptor	1.28398e+06	743859	782618	214178
Q9NQ25	Q9NQ25	SLAF7_HUMAN	SLAMF7	SLAM family member 7		382506	312189	
Q9NQ29	Q9NQ29	LUC7L_HUMAN	LUC7L	Putative RNA-binding protein Luc7-like 1	295291	241899	255316	62471.3
Q9NQ48	Q9NQ48	LZTL1_HUMAN	LZTFL1	Leucine zipper transcription factor-like protein 1	503937	456478	285846	
Q9NQ50	Q9NQ50	RM40_HUMAN	MRPL40	Large ribosomal subunit protein mL40	319879	302847	381293	
Q9NQ88	Q9NQ88	TIGAR_HUMAN	TIGAR	Fructose-2,6-bisphosphatase TIGAR	2.68955e+06	4.87975e+06	3.94281e+06	2.47999e+06
Q9NQ94	Q9NQ94	A1CF_HUMAN	A1CF	APOBEC1 complementation factor	253200	204071	304611	370759
Q9NQA3	A8K0Z3;C4AMC7;Q6VEQ5;A8MWX3;Q9NQA3	WASH6_HUMAN	WASH6P	WAS protein family homolog 6	163105	158743	88319.2	196263
Q9NQC3	Q9NQC3	RTN4_HUMAN	RTN4	Reticulon-4	1.12261e+07	6.61034e+06	1.05736e+07	5.65903e+06
Q9NQE9	Q9NQE9	HINT3_HUMAN	HINT3	Adenosine 5'-monophosphoramidase HINT3	756661	480845	780858	1.10503e+06
Q9NQG1	Q9NQG1	MANBL_HUMAN	MANBAL	Protein MANBAL	210361	208581	124174	198334
Q9NQG5	Q9NQG5	RPR1B_HUMAN	RPRD1B	Regulation of nuclear pre-mRNA domain-containing protein 1B	2.99299e+06	2.20926e+06	1.5868e+06	1.3159e+06
Q9NQG6	Q9NQG6	MID51_HUMAN	MIEF1	Mitochondrial dynamics protein MIEF1	307952	198136	149726	
Q9NQH7	Q9NQH7	XPP3_HUMAN	XPNPEP3	Xaa-Pro aminopeptidase 3	6.25274e+07	4.99225e+07	3.35781e+07	3.62013e+07
Q9NQI0	Q9NQI0	DDX4_HUMAN	DDX4	Probable ATP-dependent RNA helicase DDX4	272776	275884	490563	
Q9NQP4	Q9NQP4	PFD4_HUMAN	PFDN4	Prefoldin subunit 4	246163	725097	175039	
Q9NQR4	Q9NQR4	NIT2_HUMAN	NIT2	Omega-amidase NIT2	5.44242e+06	7.08482e+06	3.73604e+06	3.43545e+06
Q9NQS1	Q9NQS1	AVEN_HUMAN	AVEN	Cell death regulator Aven	127873	176926		
Q9NQT4	Q9NQT4	EXOS5_HUMAN	EXOSC5	Exosome complex component RRP46	480972	555806	447346	
Q9NQT5	Q9NQT5	EXOS3_HUMAN	EXOSC3	Exosome complex component RRP40	638277	349671	456176	174154
Q9NQT8	Q9NQT8	KI13B_HUMAN	KIF13B	Kinesin-like protein KIF13B	1.74229e+06	1.84173e+06	1.49124e+06	3.12045e+06
Q9NQW6	Q9NQW6	ANLN_HUMAN	ANLN	Anillin	358922			
Q9NQW7	Q9NQW7	XPP1_HUMAN	XPNPEP1	Xaa-Pro aminopeptidase 1	3.27156e+06	3.26335e+06	4.97009e+06	3.46238e+06
Q9NQX3	Q9NQX3	GEPH_HUMAN	GPHN	Gephyrin	509078	533892	690999	717040
Q9NQX7	Q9NQX7	ITM2C_HUMAN	ITM2C	Integral membrane protein 2C	31536.9	349145	292628	545340
Q9NQY0	Q9NQY0	BIN3_HUMAN	BIN3	Bridging integrator 3	241322	201072	255896	
Q9NQZ5	Q9NQZ5	STAR7_HUMAN	STARD7	StAR-related lipid transfer protein 7, mitochondrial	567639	552503	435156	
Q9NR09	Q9NR09	BIRC6_HUMAN	BIRC6	Baculoviral IAP repeat-containing protein 6	136298		260702	
Q9NR12	Q9NR12	PDLI7_HUMAN	PDLIM7	PDZ and LIM domain protein 7	8.51564e+06	6.72396e+06	6.0562e+06	5.64051e+06
Q9NR16	Q9NR16	C163B_HUMAN	CD163L1	Scavenger receptor cysteine-rich type 1 protein M160	535033	1.22423e+06	719785	956095
Q9NR19	Q9NR19	ACSA_HUMAN	ACSS2	Acetyl-coenzyme A synthetase, cytoplasmic	4.18631e+06	4.01391e+06	4.22755e+06	4.32164e+06
Q9NR28	Q9NR28	DBLOH_HUMAN	DIABLO	Diablo IAP-binding mitochondrial protein	430026	1.60529e+06	952544	2.13421e+06
Q9NR30	Q9NR30	DDX21_HUMAN	DDX21	Nucleolar RNA helicase 2	2.68055e+06	668072	2.01516e+06	391494
Q9NR31	Q9NR31	SAR1A_HUMAN	SAR1A	GTP-binding protein SAR1a	8.06934e+06	1.25348e+07	6.34458e+06	4.53161e+06
Q9NR34	Q9NR34	MA1C1_HUMAN	MAN1C1	Mannosyl-oligosaccharide 1,2-alpha-mannosidase IC	639824	138657	163527	40905
Q9NR45	Q9NR45	SIAS_HUMAN	NANS	Sialic acid synthase	7.59726e+06	1.98328e+07	1.47309e+07	2.02232e+07
Q9NR46	Q9NR46	SHLB2_HUMAN	SH3GLB2	Endophilin-B2	1.6241e+06	2.04966e+06	876555	1.93629e+06
Q9NR50	Q9NR50	EI2BG_HUMAN	EIF2B3	Translation initiation factor eIF-2B subunit gamma	963027	804462	622847	595012
Q9NR56	Q9NR56;Q9NUK0	MBNL1_HUMAN	MBNL1	Muscleblind-like protein 1	1.84595e+06	1.84254e+06	1.34857e+06	1.64035e+06
Q9NR77	Q9NR77	PXMP2_HUMAN	PXMP2	Peroxisomal membrane protein 2	287541	55547.2	576155	787026
Q9NR97	Q9NR97	TLR8_HUMAN	TLR8	Toll-like receptor 8	166653	226298	202961	
Q9NR99	Q9NR99	MXRA5_HUMAN	MXRA5	Matrix-remodeling-associated protein 5	1.72716e+06	709278	725939	4.98158e+06
Q9NRA0	Q9NRA0	SPHK2_HUMAN	SPHK2	Sphingosine kinase 2	29297.6	30000.6		
Q9NRA2	Q9NRA2	S17A5_HUMAN	SLC17A5	Sialin	248250	329950	514731	96927
Q9NRA8	Q9NRA8	4ET_HUMAN	EIF4ENIF1	Eukaryotic translation initiation factor 4E transporter	69186.8	22954.4		
Q9NRD1	Q9NRD1	FBX6_HUMAN	FBXO6	F-box only protein 6	206972	240272	267590	
Q9NRD5	Q9NRD5	PICK1_HUMAN	PICK1	PRKCA-binding protein	206015	167430		
Q9NRD8	Q9NRD8	DUOX2_HUMAN	DUOX2	Dual oxidase 2		353677	672260	865057
Q9NRF8	Q9NRF8	PYRG2_HUMAN	CTPS2	CTP synthase 2	1.4124e+06	1.34614e+06	646261	802881
Q9NRF9	Q9NRF9	DPOE3_HUMAN	POLE3	DNA polymerase epsilon subunit 3	1.06052e+06	652746	448806	
Q9NRG0	Q9NRG0	CHRC1_HUMAN	CHRAC1	Chromatin accessibility complex protein 1	892736	797108	384305	1.14356e+06
Q9NRG1	Q9NRG1	PRDC1_HUMAN	PRTFDC1	Phosphoribosyltransferase domain-containing protein 1	647153	538371	277657	223546
Q9NRG7	Q9NRG7	D39U1_HUMAN	SDR39U1	Epimerase family protein SDR39U1	269499	541532	1.07023e+06	802527
Q9NRG9	Q9NRG9	AAAS_HUMAN	AAAS	Aladin	187931	110933	226721	
Q9NRL3	Q9NRL3	STRN4_HUMAN	STRN4	Striatin-4	384438	225666	291110	465609
Q9NRN5	Q9NRN5	OLFL3_HUMAN	OLFML3	Olfactomedin-like protein 3	811043	575326	437373	
Q9NRN7	Q9NRN7	ADPPT_HUMAN	AASDHPPT	L-aminoadipate-semialdehyde dehydrogenase-phosphopantetheinyl transferase	1.07092e+06	958224	798615	452017
Q9NRN9	Q9NRN9	METL5_HUMAN	METTL5	rRNA N6-adenosine-methyltransferase METTL5	171349	140743	80098.8	
Q9NRP0	Q9NRP0	OSTC_HUMAN	OSTC	Oligosaccharyltransferase complex subunit OSTC	2.45782e+06	3.47992e+06	4.49569e+06	1.69768e+06
Q9NRP2	Q9NRP2	COXM2_HUMAN	CMC2	COX assembly mitochondrial protein 2 homolog	635259	1.02841e+06	408231	
Q9NRQ2	Q9NRQ2	PLS4_HUMAN	PLSCR4	Phospholipid scramblase 4	650763	579480	360299	
Q9NRR5	Q9NRR5	UBQL4_HUMAN	UBQLN4	Ubiquilin-4	3.98621e+06	5.39967e+06	3.24636e+06	3.44471e+06
Q9NRS4	Q9NRS4	TMPS4_HUMAN	TMPRSS4	Transmembrane protease serine 4	43070.9			
Q9NRS6	Q9NRS6	SNX15_HUMAN	SNX15	Sorting nexin-15	750889	807910	646071	787576
Q9NRV9	Q9NRV9	HEBP1_HUMAN	HEBP1	Heme-binding protein 1	4.60528e+06	3.4508e+06	3.75399e+06	3.19911e+06
Q9NRW1	Q9NRW1	RAB6B_HUMAN	RAB6B	Ras-related protein Rab-6B		217658	136741	
Q9NRW3	Q9NRW3	ABC3C_HUMAN	APOBEC3C	DNA dC->dU-editing enzyme APOBEC-3C	409701	784519	1.31463e+06	
Q9NRW4	Q9NRW4	DUS22_HUMAN	DUSP22	Dual specificity protein phosphatase 22	56307.6	133106		
Q9NRW7	Q9NRW7	VPS45_HUMAN	VPS45	Vacuolar protein sorting-associated protein 45	781949	535343	896025	539174
Q9NRX1	Q9NRX1	PNO1_HUMAN	PNO1	RNA-binding protein PNO1	703843	510054	368992	159965
Q9NRX2	Q9NRX2	RM17_HUMAN	MRPL17	Large ribosomal subunit protein bL17m	743872	339679	1.39195e+06	1.36602e+06
Q9NRX4	Q9NRX4	PHP14_HUMAN	PHPT1	14 kDa phosphohistidine phosphatase	2.54678e+06	9.89769e+06	5.641e+06	1.95809e+06
Q9NRX5	Q9NRX5	SERC1_HUMAN	SERINC1	Serine incorporator 1	472877	456782	490795	
Q9NRY5	Q9NRY5	F1142_HUMAN	FAM114A2	Protein FAM114A2	230128	647303		378056
Q9NRY6	Q9NRY6	PLS3_HUMAN	PLSCR3	Phospholipid scramblase 3	823028	818981	807767	
Q9NRZ5	Q9NRZ5	PLCD_HUMAN	AGPAT4	1-acyl-sn-glycerol-3-phosphate acyltransferase delta	1.08516e+06		1.19775e+06	
Q9NRZ7	Q9NRZ7	PLCC_HUMAN	AGPAT3	1-acyl-sn-glycerol-3-phosphate acyltransferase gamma	409712	192874	616291	202853
Q9NRZ9	Q9NRZ9	HELLS_HUMAN	HELLS	Lymphoid-specific helicase	373217	251390	292426	
Q9NS00	Q9NS00	C1GLT_HUMAN	C1GALT1	Glycoprotein-N-acetylgalactosamine 3-beta-galactosyltransferase 1	369880	337144	469083	
Q9NS56	Q9NS56	TOPRS_HUMAN	TOPORS	E3 ubiquitin-protein ligase Topors	231471	184629	297855	
Q9NS69	Q9NS69	TOM22_HUMAN	TOMM22	Mitochondrial import receptor subunit TOM22 homolog	338048	516538	466031	
Q9NS86	Q9NS86	LANC2_HUMAN	LANCL2	LanC-like protein 2	584854	699395	639563	485947
Q9NS87	Q9NS87	KIF15_HUMAN	KIF15	Kinesin-like protein KIF15			93410.5	
Q9NS91	Q9NS91	RAD18_HUMAN	RAD18	E3 ubiquitin-protein ligase RAD18	717498	454707	1.52232e+06	269770
Q9NSC7	Q9NSC7	SIA7A_HUMAN	ST6GALNAC1	Alpha-N-acetylgalactosaminide alpha-2,6-sialyltransferase 1	234648	2.01711e+06	3.01136e+06	2.96931e+06
Q9NSD9	Q9NSD9	SYFB_HUMAN	FARSB	Phenylalanine--tRNA ligase beta subunit	4.24284e+06	4.4158e+06	2.24507e+06	3.55109e+06
Q9NSE4	Q9NSE4	SYIM_HUMAN	IARS2	Isoleucine--tRNA ligase, mitochondrial	4.734e+06	2.32942e+06	4.94305e+06	9.96248e+06
Q9NSI8	O94885;Q9NSI8	SAMN1_HUMAN	SAMSN1	SAM domain-containing protein SAMSN-1	189831	227971	311000	
Q9NSK0	Q9NSK0	KLC4_HUMAN	KLC4	Kinesin light chain 4	874478	634914	713331	2.35767e+06
Q9NSK7	Q9NSK7	CS012_HUMAN	C19orf12	Protein C19orf12	198140	351476	184275	
Q9NSY2	Q9NSY2	STAR5_HUMAN	STARD5	StAR-related lipid transfer protein 5	300918	799956	517893	361692
Q9NT62	Q9NT62	ATG3_HUMAN	ATG3	Ubiquitin-like-conjugating enzyme ATG3	995479	1.3717e+06	759802	1.90534e+06
Q9NTG7	Q9NTG7	SIR3_HUMAN	SIRT3	NAD-dependent protein deacetylase sirtuin-3, mitochondrial	126639	369877	204439	
Q9NTI5	Q9NTI5	PDS5B_HUMAN	PDS5B	Sister chromatid cohesion protein PDS5 homolog B	472947	232031	437385	379247
Q9NTJ3	Q9NTJ3	SMC4_HUMAN	SMC4	Structural maintenance of chromosomes protein 4	1.12938e+06	406137	830555	
Q9NTJ4	Q9NTJ4	MA2C1_HUMAN	MAN2C1	Alpha-mannosidase 2C1	355291	465424	733726	647947
Q9NTJ5	Q9NTJ5	SAC1_HUMAN	SACM1L	Phosphatidylinositol-3-phosphatase SAC1	1.73603e+06	1.19132e+06	3.76911e+06	1.67622e+06
Q9NTK5	Q9NTK5	OLA1_HUMAN	OLA1	Obg-like ATPase 1	1.22405e+07	1.22439e+07	7.81e+06	3.96858e+06
Q9NTM9	Q9NTM9	CUTC_HUMAN	CUTC	Copper homeostasis protein cutC homolog	528159	641380	766431	
Q9NTN3	Q9NTN3	S35D1_HUMAN	SLC35D1	Nucleotide sugar transporter SLC35D1	132377	117686	590234	
Q9NTN9	Q9NTN9	SEM4G_HUMAN	SEMA4G	Semaphorin-4G	110698	351568	406187	373163
Q9NTX5	Q9NTX5	ECHD1_HUMAN	ECHDC1	Ethylmalonyl-CoA decarboxylase	1.64072e+06	3.64926e+06	969834	3.26914e+06
Q9NTZ6	Q9NTZ6	RBM12_HUMAN	RBM12	RNA-binding protein 12	3.02098e+06	2.07197e+06	1.74574e+06	1.77466e+06
Q9NU02	Q9NU02	ANKE1_HUMAN	ANKEF1	Ankyrin repeat and EF-hand domain-containing protein 1	242888	654158	179920	
Q9NU23	Q9NU23	LYRM2_HUMAN	LYRM2	LYR motif-containing protein 2	449641	607977	482565	339184
Q9NUB1	Q9NUB1	ACS2L_HUMAN	ACSS1	Acetyl-coenzyme A synthetase 2-like, mitochondrial	1.96686e+06	2.01322e+06	1.21292e+06	1.27682e+06
Q9NUG6	Q9NUG6	PDRG1_HUMAN	PDRG1	p53 and DNA damage-regulated protein 1	594164	395011	473005	
Q9NUI1	Q9NUI1	DECR2_HUMAN	DECR2	Peroxisomal 2,4-dienoyl-CoA reductase [(3E)-enoyl-CoA-producing]	2.71407e+06	5.78498e+06	2.14681e+06	
Q9NUJ1	Q9NUJ1	ABHDA_HUMAN	ABHD10	Palmitoyl-protein thioesterase ABHD10, mitochondrial	1.7203e+06	2.03837e+06	2.6655e+06	1.50544e+06
Q9NUJ3	Q9NUJ3	T11L1_HUMAN	TCP11L1	T-complex protein 11-like protein 1	19357.1	88538.2		
Q9NUL5	Q9NUL5	SHFL_HUMAN	SHFL	Shiftless antiviral inhibitor of ribosomal frameshifting protein	1.2301e+06	1.55246e+06	1.15976e+06	1.40545e+06
Q9NUM4	Q9NUM4	T106B_HUMAN	TMEM106B	Transmembrane protein 106B	1.25768e+06	1.62011e+06	945934	419352
Q9NUN5	Q9NUN5	LMBD1_HUMAN	LMBRD1	Lysosomal cobalamin transport escort protein LMBD1	241690	294842	319677	
Q9NUP1	Q9NUP1	BL1S4_HUMAN	BLOC1S4	Biogenesis of lysosome-related organelles complex 1 subunit 4	538908	1.1078e+06	638129	572796
Q9NUP9	Q9NUP9	LIN7C_HUMAN	LIN7C	Protein lin-7 homolog C	3.61313e+06	3.33291e+06	3.30058e+06	3.94934e+06
Q9NUQ2	Q9NUQ2	PLCE_HUMAN	AGPAT5	1-acyl-sn-glycerol-3-phosphate acyltransferase epsilon	188488	205663	805303	724014
Q9NUQ3	Q9NUQ3	TXLNG_HUMAN	TXLNG	Gamma-taxilin	532409	280915	212467	
Q9NUQ6	Q9NUQ6	SPS2L_HUMAN	SPATS2L	SPATS2-like protein	224703	135896		188778
Q9NUQ7	Q9NUQ7	UFSP2_HUMAN	UFSP2	Ufm1-specific protease 2	448022	496399	861634	603783
Q9NUQ8	Q9NUQ8	ABCF3_HUMAN	ABCF3	ATP-binding cassette sub-family F member 3	724425	527477	581655	436298
Q9NUQ9	Q9NUQ9;Q9H0Q0	CYRIB_HUMAN	CYRIB	CYFIP-related Rac1 interactor B	8.12245e+06	8.08852e+06	7.49962e+06	3.52723e+06
Q9NUT2	Q9NUT2	MITOS_HUMAN	ABCB8	Mitochondrial potassium channel ATP-binding subunit	139725		108351	
Q9NUU6	Q9NUU6	OTULL_HUMAN	OTULINL	Inactive ubiquitin thioesterase OTULINL	129586	91651.5	934174	
Q9NUU7	Q9NUU7;Q9UMR2	DD19A_HUMAN	DDX19A	ATP-dependent RNA helicase DDX19A	2.25493e+06	2.03356e+06	928512	2.39602e+06
Q9NUV9	Q9NUV9	GIMA4_HUMAN	GIMAP4	GTPase IMAP family member 4	3.28957e+06	5.32769e+06	5.68877e+06	2.64086e+06
Q9NUW8	Q9NUW8	TYDP1_HUMAN	TDP1	Tyrosyl-DNA phosphodiesterase 1	315659	225704	318268	
Q9NUY8	Q9NUY8	TBC23_HUMAN	TBC1D23	TBC1 domain family member 23	540083	335096	745158	588646
Q9NV35	Q9NV35	NUD15_HUMAN	NUDT15	Nucleotide triphosphate diphosphatase NUDT15	130144	117391		
Q9NV56	Q9NV56	MRGBP_HUMAN	MRGBP	MRG/MORF4L-binding protein	369835	287582		
Q9NV70	Q9NV70	EXOC1_HUMAN	EXOC1	Exocyst complex component 1	530655	111989	609989	
Q9NV88	Q9NV88	INT9_HUMAN	INTS9	Integrator complex subunit 9	248694		1.03731e+06	
Q9NV96	Q3MIR4;Q9NV96	CC50A_HUMAN	TMEM30A	Cell cycle control protein 50A	3.21035e+06	4.06605e+06	4.04024e+06	2.05326e+06
Q9NVA1	Q9NVA1	UQCC1_HUMAN	UQCC1	Ubiquinol-cytochrome-c reductase complex assembly factor 1	363384	215025	427764	
Q9NVA2	Q14141;Q92599;Q9NVA2	SEP11_HUMAN	SEPTIN11	Septin-11	1.06811e+07	7.00465e+06	7.31792e+06	4.61114e+06
Q9NVA4	Q9NVA4	T184C_HUMAN	TMEM184C	Transmembrane protein 184C	101311	151009		65310.5
Q9NVD7	Q9NVD7	PARVA_HUMAN	PARVA	Alpha-parvin	3.24783e+06	2.16254e+06	1.30456e+06	1.2263e+06
Q9NVE7	Q9NVE7	PANK4_HUMAN	PANK4	4'-phosphopantetheine phosphatase	479410	450678	521871	836489
Q9NVG8	Q9NVG8	TBC13_HUMAN	TBC1D13	TBC1 domain family member 13	120724	129374		
Q9NVH1	Q9NVH1	DJC11_HUMAN	DNAJC11	DnaJ homolog subfamily C member 11	627896	597887	960976	667456
Q9NVH6	Q9NVH6	TMLH_HUMAN	TMLHE	Trimethyllysine dioxygenase, mitochondrial	330205	306638	266493	
Q9NVI1	Q9NVI1	FANCI_HUMAN	FANCI	Fanconi anemia group I protein	112153		62272.3	
Q9NVI7	Q5T9A4;Q9NVI7	ATD3A_HUMAN	ATAD3A	ATPase family AAA domain-containing protein 3A	161120	314647	815123	1.11705e+06
Q9NVJ2	Q96BM9;Q9NVJ2	ARL8B_HUMAN	ARL8B	ADP-ribosylation factor-like protein 8B	5.14529e+06	6.82502e+06	6.05579e+06	2.91673e+06
Q9NVM6	Q9NVM6	DJC17_HUMAN	DNAJC17	DnaJ homolog subfamily C member 17	62578.7	93235.6	114058	
Q9NVM9	Q9NVM9	INT13_HUMAN	INTS13	Integrator complex subunit 13	183190	79182.3	225028	
Q9NVP1	Q9NVP1	DDX18_HUMAN	DDX18	ATP-dependent RNA helicase DDX18	774687	338168	754901	449896
Q9NVS2	Q9NVS2	RT18A_HUMAN	MRPS18A	Large ribosomal subunit protein mL66	346886		550927	1.28639e+06
Q9NVS9	Q9NVS9	PNPO_HUMAN	PNPO	Pyridoxine-5'-phosphate oxidase	1.973e+06	3.43756e+06	1.45364e+06	964706
Q9NVT9	Q9NVT9	ARMC1_HUMAN	ARMC1	Armadillo repeat-containing protein 1	1.03465e+06	1.0781e+06	553860	1.92117e+06
Q9NVV4	Q9NVV4	PAPD1_HUMAN	MTPAP	Poly(A) RNA polymerase, mitochondrial	162760	65376.4	143990	
Q9NVX2	Q9NVX2	NLE1_HUMAN	NLE1	Notchless protein homolog 1	726689	517250	324236	211784
Q9NVZ3	Q9NVZ3	NECP2_HUMAN	NECAP2	Adaptin ear-binding coat-associated protein 2	1.95594e+06	1.80509e+06	1.7302e+06	858813
Q9NW13	Q9NW13	RBM28_HUMAN	RBM28	RNA-binding protein 28	281549	96004.4	243890	
Q9NW15	Q9NW15	ANO10_HUMAN	ANO10	Anoctamin-10	182646		462613	
Q9NW64	Q9NW64	RBM22_HUMAN	RBM22	Pre-mRNA-splicing factor RBM22	558879	415784	1.41584e+06	
Q9NW68	Q9NW68	BSDC1_HUMAN	BSDC1	BSD domain-containing protein 1	1.09335e+06	2.43852e+06		650333
Q9NW82	Q9NW82	WDR70_HUMAN	WDR70	WD repeat-containing protein 70	392127	474507	203232	553296
Q9NW97	Q9NW97	TMM51_HUMAN	TMEM51	Transmembrane protein 51	154253	233515		
Q9NWB6	Q9NWB6	ARGL1_HUMAN	ARGLU1	Arginine and glutamate-rich protein 1	593572	665568	1.19126e+06	612409
Q9NWD8	Q9NWD8	TM248_HUMAN	TMEM248	Transmembrane protein 248	204939	113964		
Q9NWH9	Q9NWH9	SLTM_HUMAN	SLTM	SAFB-like transcription modulator	344528	336235	573592	735738
Q9NWM8	Q9NWM8	FKB14_HUMAN	FKBP14	Peptidyl-prolyl cis-trans isomerase FKBP14	609297	321974	336753	
Q9NWQ8	Q9NWQ8	PHAG1_HUMAN	PAG1	Phosphoprotein associated with glycosphingolipid-enriched microdomains 1	198998	262417	49628.2	
Q9NWS0	Q9NWS0	PIHD1_HUMAN	PIH1D1	PIH1 domain-containing protein 1	269153	254711	137131	
Q9NWS1	Q9NWS1	PARI_HUMAN	PARPBP	PCNA-interacting partner	397943	399368		
Q9NWS6	Q9NWS6	F118A_HUMAN	FAM118A	Protein FAM118A	145241	113548	22566	
Q9NWS8	Q9NWS8	RMND1_HUMAN	RMND1	Required for meiotic nuclear division protein 1 homolog	248171		338587	
Q9NWT1	Q9NWT1	PK1IP_HUMAN	PAK1IP1	p21-activated protein kinase-interacting protein 1	616836	367549	543581	
Q9NWT6	Q9NWT6	HIF1N_HUMAN	HIF1AN	Hypoxia-inducible factor 1-alpha inhibitor	264872	210192	221941	
Q9NWU1	Q9NWU1	OXSM_HUMAN	OXSM	3-oxoacyl-[acyl-carrier-protein] synthase, mitochondrial	331470	302134	416281	925563
Q9NWU5	Q9NWU5	RM22_HUMAN	MRPL22	Large ribosomal subunit protein uL22m	916907	874172	1.27973e+06	1.27233e+06
Q9NWV4	Q9NWV4	CZIB_HUMAN	CZIB	CXXC motif containing zinc binding protein	2.43983e+06	2.68279e+06	2.49527e+06	2.26338e+06
Q9NWV8	Q9NWV8	BABA1_HUMAN	BABAM1	BRISC and BRCA1-A complex member 1	356754	322783	380806	548224
Q9NWW5	Q9NWW5	CLN6_HUMAN	CLN6	Ceroid-lipofuscinosis neuronal protein 6	41885.6		69165.9	
Q9NWX6	Q9NWX6	THG1_HUMAN	THG1L	Probable tRNA(His) guanylyltransferase	523175	750100	562384	270363
Q9NWY4	Q9NWY4;A8MVJ9	HPF1_HUMAN	HPF1	Histone PARylation factor 1	532063	299866	244883	
Q9NWZ3	Q9NWZ3	IRAK4_HUMAN	IRAK4	Interleukin-1 receptor-associated kinase 4	646714	500616	284958	574247
Q9NWZ5	Q9NWZ5	UCKL1_HUMAN	UCKL1	Uridine-cytidine kinase-like 1	258001	133268	99001.7	
Q9NX00	Q9NX00	TM160_HUMAN	TMEM160	Transmembrane protein 160	445362	436704	599872	1.19253e+06
Q9NX01	Q9NX01	TXN4B_HUMAN	TXNL4B	Thioredoxin-like protein 4B	10981.9	29953.6	40632.4	
Q9NX07	Q9NX07	TSAP1_HUMAN	TRNAU1AP	tRNA selenocysteine 1-associated protein 1	163880		180847	218300
Q9NX14	Q9NX14	NDUBB_HUMAN	NDUFB11	NADH dehydrogenase [ubiquinone] 1 beta subcomplex subunit 11, mitochondrial	490394	845274	371301	2.80673e+06
Q9NX20	Q9NX20	RM16_HUMAN	MRPL16	Large ribosomal subunit protein uL16m	376099	284923	294645	
Q9NX24	Q9NX24	NHP2_HUMAN	NHP2	H/ACA ribonucleoprotein complex subunit 2	761850	484643	1.07674e+06	
Q9NX40	Q9NX40	OCAD1_HUMAN	OCIAD1	OCIA domain-containing protein 1	2.32177e+06	3.03301e+06	3.51537e+06	4.14892e+06
Q9NX46	Q9NX46	ADPRS_HUMAN	ADPRS	ADP-ribosylhydrolase ARH3	1.45175e+06	2.02758e+06	1.94097e+06	1.24664e+06
Q9NX47	Q9NX47	MARH5_HUMAN	MARCHF5	E3 ubiquitin-protein ligase MARCHF5	196014	104851	315991	
Q9NX55	Q9NX55	HYPK_HUMAN	HYPK	Huntingtin-interacting protein K	309060	672217	373980	
Q9NX57	Q9NX57	RAB20_HUMAN	RAB20	Ras-related protein Rab-20	289489	261266	143097	
Q9NX58	Q9NX58	LYAR_HUMAN	LYAR	Cell growth-regulating nucleolar protein	696169	296461	973706	
Q9NX62	Q9NX62	IMPA3_HUMAN	BPNT2	Golgi-resident adenosine 3',5'-bisphosphate 3'-phosphatase	1.84212e+06	1.79491e+06	1.82474e+06	2.40204e+06
Q9NX63	Q9NX63	MIC19_HUMAN	CHCHD3	MICOS complex subunit MIC19	576679	827724	1.15502e+06	3.61236e+06
Q9NX74	Q9NX74	DUS2L_HUMAN	DUS2	tRNA-dihydrouridine(20) synthase [NAD(P)+]-like	277279	303747	212869	
Q9NX76	Q9NX76	CKLF6_HUMAN	CMTM6	CKLF-like MARVEL transmembrane domain-containing protein 6	430230	486444	482232	1.02783e+06
Q9NXA8	Q9NXA8	SIR5_HUMAN	SIRT5	NAD-dependent protein deacylase sirtuin-5, mitochondrial	949731	1.43708e+06	1.1074e+06	2.0952e+06
Q9NXC5	Q9NXC5	MIO_HUMAN	MIOS	GATOR complex protein MIOS	947771	499384	1.26015e+06	311702
Q9NXG2	Q9NXG2	THUM1_HUMAN	THUMPD1	THUMP domain-containing protein 1	1.82043e+06	1.86054e+06	1.35005e+06	2.13052e+06
Q9NXG6	Q9NXG6	P4HTM_HUMAN	P4HTM	Transmembrane prolyl 4-hydroxylase	209585	159179	120639	
Q9NXH3	Q9NXH3	PP14D_HUMAN	PPP1R14D	Protein phosphatase 1 regulatory subunit 14D	29756.3	50339		
Q9NXH8	Q9NXH8	TOR4A_HUMAN	TOR4A	Torsin-4A	94224.8	92972.6	128882	
Q9NXH9	Q9NXH9	TRM1_HUMAN	TRMT1	tRNA (guanine(26)-N(2))-dimethyltransferase	578064	344645	223994	193234
Q9NXJ5	Q9NXJ5	PGPI_HUMAN	PGPEP1	Pyroglutamyl-peptidase 1	111301	380963	342827	
Q9NXK8	Q9NXK8	FXL12_HUMAN	FBXL12	F-box/LRR-repeat protein 12	96326.8	40327.1		
Q9NXN4	Q9NXN4	GDAP2_HUMAN	GDAP2	Ganglioside-induced differentiation-associated protein 2	140103	72195.2	156638	
Q9NXR1	Q9GZM8;Q9NXR1	NDE1_HUMAN	NDE1	Nuclear distribution protein nudE homolog 1	206294	197427	66151.5	
Q9NXR7	Q9NXR7	BABA2_HUMAN	BABAM2	BRISC and BRCA1-A complex member 2	471320	358606	182129	279696
Q9NXS2	Q9NXS2	QPCTL_HUMAN	QPCTL	Glutaminyl-peptide cyclotransferase-like protein	216953	462724	578588	238334
Q9NXU5	Q9NXU5	ARL15_HUMAN	ARL15	ADP-ribosylation factor-like protein 15	230294	249716	233929	167603
Q9NXV2	Q9NXV2	KCTD5_HUMAN	KCTD5	BTB/POZ domain-containing protein KCTD5	308778	151343	191280	
Q9NXV6	Q9NXV6	CARF_HUMAN	CDKN2AIP	CDKN2A-interacting protein	630093	435614	412975	913121
Q9NXW2	Q9NXW2	DJB12_HUMAN	DNAJB12	DnaJ homolog subfamily B member 12	247646	152874	397243	165921
Q9NXW9	Q9NXW9	ALKB4_HUMAN	ALKBH4	Alpha-ketoglutarate-dependent dioxygenase alkB homolog 4	177145	203132	212606	
Q9NY12	Q9NY12	GAR1_HUMAN	GAR1	H/ACA ribonucleoprotein complex subunit 1	981805	850087	1.30772e+06	219512
Q9NY15	Q9NY15	STAB1_HUMAN	STAB1	Stabilin-1	3.81137e+06	4.76546e+06	4.41737e+06	6.15951e+06
Q9NY26	Q9NY26	S39A1_HUMAN	SLC39A1	Zinc transporter ZIP1	107543	111343		
Q9NY27	Q9NY27	PP4R2_HUMAN	PPP4R2	Serine/threonine-protein phosphatase 4 regulatory subunit 2	316459	279669		153387
Q9NY28	Q9NY28	GALT8_HUMAN	GALNT8	Probable polypeptide N-acetylgalactosaminyltransferase 8		285724	445073	
Q9NY33	Q9NY33	DPP3_HUMAN	DPP3	Dipeptidyl peptidase 3	3.78606e+06	6.23732e+06	3.94551e+06	4.03599e+06
Q9NY35	Q9NY35	CLDN1_HUMAN	CLDND1	Claudin domain-containing protein 1	413303	249967	277206	
Q9NY59	Q9NY59	NSMA2_HUMAN	SMPD3	Sphingomyelin phosphodiesterase 3	115853	809416	720135	991710
Q9NY93	Q9NY93	DDX56_HUMAN	DDX56	Probable ATP-dependent RNA helicase DDX56	319402	146462		
Q9NYA1	Q9NYA1	SPHK1_HUMAN	SPHK1	Sphingosine kinase 1	267111	70962.2	126540	
Q9NYB0	Q9NYB0	TE2IP_HUMAN	TERF2IP	Telomeric repeat-binding factor 2-interacting protein 1	947650	803014	501877	457272
Q9NYF8	Q9NYF8	BCLF1_HUMAN	BCLAF1	Bcl-2-associated transcription factor 1	1.27139e+06	437550	1.60697e+06	
Q9NYK5	Q9NYK5	RM39_HUMAN	MRPL39	Large ribosomal subunit protein mL39	773903	457490	1.16617e+06	697212
Q9NYL2	Q9NYL2	M3K20_HUMAN	MAP3K20	Mitogen-activated protein kinase kinase kinase 20	1.16769e+06	387446	539132	
Q9NYL4	Q9NYL4	FKB11_HUMAN	FKBP11	Peptidyl-prolyl cis-trans isomerase FKBP11	2.76266e+06	7.42224e+06	4.6105e+06	3.07686e+06
Q9NYL9	Q9NYL9	TMOD3_HUMAN	TMOD3	Tropomodulin-3	2.79881e+06	2.94555e+06	2.87457e+06	1.54848e+06
Q9NYM9	Q9NYM9	BET1L_HUMAN	BET1L	BET1-like protein	352219	616723		259843
Q9NYN1	Q9NYN1	RASLC_HUMAN	RASL12	Ras-like protein family member 12	129405	155922	147954	170778
Q9NYP7	Q9NYP7	ELOV5_HUMAN	ELOVL5	Elongation of very long chain fatty acids protein 5	339275	45196.6	95828.5	
Q9NYR9	Q9NYR9	KBRS2_HUMAN	NKIRAS2	NF-kappa-B inhibitor-interacting Ras-like protein 2	189840	269903	99050	
Q9NYT0	Q9NYT0	PLEK2_HUMAN	PLEK2	Pleckstrin-2	183246	125122	145124	
Q9NYU1	Q9NYU1	UGGG2_HUMAN	UGGT2	UDP-glucose:glycoprotein glucosyltransferase 2	227833	289483	177510	
Q9NYU2	Q9NYU2	UGGG1_HUMAN	UGGT1	UDP-glucose:glycoprotein glucosyltransferase 1	2.23218e+06	3.9669e+06	4.60412e+06	4.46189e+06
Q9NYY8	Q9NYY8	FAKD2_HUMAN	FASTKD2	FAST kinase domain-containing protein 2, mitochondrial	46143.3		28060.2	
Q9NYZ4	Q9NYZ4	SIGL8_HUMAN	SIGLEC8	Sialic acid-binding Ig-like lectin 8		49306.5		
Q9NZ01	Q9NZ01	TECR_HUMAN	TECR	Very-long-chain enoyl-CoA reductase	1.42447e+06	1.27634e+06	3.81923e+06	1.50116e+06
Q9NZ08	Q9NZ08	ERAP1_HUMAN	ERAP1	Endoplasmic reticulum aminopeptidase 1	5.62229e+06	7.58767e+06	5.79083e+06	5.07019e+06
Q9NZ32	Q9NZ32	ARP10_HUMAN	ACTR10	Actin-related protein 10	648965	559694	726648	625144
Q9NZ43	Q9NZ43	USE1_HUMAN	USE1	Vesicle transport protein USE1	124553	101631	268784	
Q9NZ45	Q9NZ45	CISD1_HUMAN	CISD1	CDGSH iron-sulfur domain-containing protein 1	3.4786e+06	3.47692e+06	3.33913e+06	2.18653e+06
Q9NZ52	Q9NZ52	GGA3_HUMAN	GGA3	ADP-ribosylation factor-binding protein GGA3	274860	160134	321256	
Q9NZ63	Q9NZ63	TLS1_HUMAN	C9orf78	Splicing factor C9orf78	743904	540852		
Q9NZ72	Q9NZ72	STMN3_HUMAN	STMN3	Stathmin-3	220755			
Q9NZA1	Q9NZA1	CLIC5_HUMAN	CLIC5	Chloride intracellular channel protein 5	264637	352221	197801	
Q9NZB2	Q9NZB2	F120A_HUMAN	FAM120A	Constitutive coactivator of PPAR-gamma-like protein 1	2.82277e+06	2.00683e+06	1.34689e+06	3.75078e+06
Q9NZC3	Q9NZC3	GDE1_HUMAN	GDE1	Glycerophosphodiester phosphodiesterase 1	728624	639442	975738	383542
Q9NZC9	Q9NZC9	SMAL1_HUMAN	SMARCAL1	SWI/SNF-related matrix-associated actin-dependent regulator of chromatin subfamily A-like protein 1	68045.9		46286.1	
Q9NZD2	Q9NZD2	GLTP_HUMAN	GLTP	Glycolipid transfer protein	2.80458e+06	4.88729e+06	5.1524e+06	
Q9NZD8	Q9NZD8	SPG21_HUMAN	SPG21	Maspardin	1.4311e+06	1.43452e+06	1.61674e+06	
Q9NZE8	Q9NZE8	RM35_HUMAN	MRPL35	Large ribosomal subunit protein bL35m	175760		201319	
Q9NZH8	Q9NZH8	IL36G_HUMAN	IL36G	Interleukin-36 gamma	17017.2			332291
Q9NZI7	Q9NZI7	UBIP1_HUMAN	UBP1	Upstream-binding protein 1	476387	371453	389351	
Q9NZJ6	Q9NZJ6	COQ3_HUMAN	COQ3	Ubiquinone biosynthesis O-methyltransferase, mitochondrial	398212	385787	200777	787129
Q9NZJ7	Q9NZJ7	MTCH1_HUMAN	MTCH1	Mitochondrial carrier homolog 1	349576	277548	477785	1.57175e+06
Q9NZJ9	Q9NZJ9;A0A024RBG1	NUDT4_HUMAN	NUDT4	Diphosphoinositol polyphosphate phosphohydrolase 2	1.75284e+06	1.58703e+06	1.12773e+06	2.0719e+06
Q9NZK5	Q9NZK5	ADA2_HUMAN	ADA2	Adenosine deaminase 2	177314	662101	670101	
Q9NZL4	Q9NZL4	HPBP1_HUMAN	HSPBP1	Hsp70-binding protein 1	1.20339e+06	633552	564876	603476
Q9NZL9	Q9NZL9	MAT2B_HUMAN	MAT2B	Methionine adenosyltransferase 2 subunit beta	3.47676e+06	4.03903e+06	3.24984e+06	2.65892e+06
Q9NZM1	Q9NZM1	MYOF_HUMAN	MYOF	Myoferlin	5.84547e+06	4.08042e+06	4.49872e+06	2.35464e+06
Q9NZM3	Q9NZM3	ITSN2_HUMAN	ITSN2	Intersectin-2	421430	249288	521847	
Q9NZN3	Q9NZN3	EHD3_HUMAN	EHD3	EH domain-containing protein 3	162635	162622	201814	
Q9NZN4	Q9NZN4	EHD2_HUMAN	EHD2	EH domain-containing protein 2	4.14242e+06	3.65566e+06	7.22205e+06	4.18857e+06
Q9NZN5	Q9NZN5	ARHGC_HUMAN	ARHGEF12	Rho guanine nucleotide exchange factor 12	38863.4		69934.6	
Q9NZN8	Q9NZN8	CNOT2_HUMAN	CNOT2	CCR4-NOT transcription complex subunit 2	460951	316866	127775	702317
Q9NZP8	Q9NZP8	C1RL_HUMAN	C1RL	Complement C1r subcomponent-like protein	204938	182456	148674	
Q9NZQ3	Q9NZQ3	SPN90_HUMAN	NCKIPSD	NCK-interacting protein with SH3 domain	95147.6	59063.4		
Q9NZR1	Q9NZR1	TMOD2_HUMAN	TMOD2	Tropomodulin-2	79662.3		79220.9	
Q9NZT1	Q9NZT1	CALL5_HUMAN	CALML5	Calmodulin-like protein 5	2.35344e+06	4.47351e+06	7.14525e+06	9.26909e+06
Q9NZT2	Q9NZT2	OGFR_HUMAN	OGFR	Opioid growth factor receptor	1.5429e+06	1.26753e+06	673777	1.10465e+06
Q9NZU5	Q9NZU5	LMCD1_HUMAN	LMCD1	LIM and cysteine-rich domains protein 1	2.52064e+06	1.11051e+06	962257	648407
Q9NZW5	Q9NZW5	PALS2_HUMAN	PALS2	Protein PALS2	954659	483806	386136	928517
Q9NZZ3	Q9NZZ3	CHMP5_HUMAN	CHMP5	Charged multivesicular body protein 5	1.36551e+06	1.72318e+06	812002	2.3132e+06
Q9P000	Q9P000	COMD9_HUMAN	COMMD9	COMM domain-containing protein 9	146232	198321	152491	
Q9P013	Q9P013	CWC15_HUMAN	CWC15	Spliceosome-associated protein CWC15 homolog	509935	397249	154359	485334
Q9P015	Q9P015	RM15_HUMAN	MRPL15	Large ribosomal subunit protein uL15m	1.29752e+06		2.14456e+06	2.26407e+06
Q9P016	Q9P016	THYN1_HUMAN	THYN1	Thymocyte nuclear protein 1	1.82121e+06	2.61286e+06	1.87705e+06	1.43542e+06
Q9P032	Q9P032	NDUF4_HUMAN	NDUFAF4	NADH dehydrogenase [ubiquinone] 1 alpha subcomplex assembly factor 4	299028	301980	148146	713262
Q9P035	Q9P035	HACD3_HUMAN	HACD3	Very-long-chain (3R)-3-hydroxyacyl-CoA dehydratase 3	1.03318e+06	711550	2.66794e+06	991892
Q9P0I2	Q9P0I2	EMC3_HUMAN	EMC3	ER membrane protein complex subunit 3	1.21086e+06	623232	1.2214e+06	666079
Q9P0J0	Q9P0J0	NDUAD_HUMAN	NDUFA13	NADH dehydrogenase [ubiquinone] 1 alpha subcomplex subunit 13	385559	169951	2.57316e+06	3.63306e+06
Q9P0J1	Q9P0J1	PDP1_HUMAN	PDP1	[Pyruvate dehydrogenase [acetyl-transferring]]-phosphatase 1, mitochondrial	1.24042e+06	1.58383e+06	558256	379371
Q9P0J7	Q9P0J7	KCMF1_HUMAN	KCMF1	E3 ubiquitin-protein ligase KCMF1	78918.2			
Q9P0K7	Q9P0K7	RAI14_HUMAN	RAI14	Ankycorbin	419739	460189	533927	
Q9P0L0	Q9P0L0	VAPA_HUMAN	VAPA	Vesicle-associated membrane protein-associated protein A	4.81633e+06	4.88016e+06	5.27571e+06	5.30117e+06
Q9P0L2	P27448;Q9P0L2	MARK1_HUMAN	MARK1	Serine/threonine-protein kinase MARK1	331640	438954	243005	
Q9P0M9	Q9P0M9	RM27_HUMAN	MRPL27	Large ribosomal subunit protein bL27m	346481	48109.4	284203	971922
Q9P0P8	Q9P0P8	MRES1_HUMAN	MTRES1	Mitochondrial transcription rescue factor 1	221433	239300	189972	
Q9P0S2	Q9P0S2	COX16_HUMAN	COX16	Cytochrome c oxidase assembly protein COX16 homolog, mitochondrial	123762	147683	54910.1	346041
Q9P0S9	Q9P0S9	TM14C_HUMAN	TMEM14C	Transmembrane protein 14C	2.26278e+06	1.8767e+06	2.86746e+06	1.6226e+06
Q9P0T7	Q9P0T7	TMEM9_HUMAN	TMEM9	Proton-transporting V-type ATPase complex assembly regulator TMEM9	617570	636110		311558
Q9P0V3	Q9P0V3	SH3B4_HUMAN	SH3BP4	SH3 domain-binding protein 4	159867			
Q9P0V9	Q9P0V9	SEP10_HUMAN	SEPTIN10	Septin-10	1.19848e+06	708435	732241	367685
Q9P0Z9	Q9P0Z9	SOX_HUMAN	PIPOX	Peroxisomal sarcosine oxidase	300402	256053		
Q9P107	Q9P107	GMIP_HUMAN	GMIP	GEM-interacting protein	567831	420521	950977	400923
Q9P121	Q9P121	NTRI_HUMAN	NTM	Neurotrimin	248130			
Q9P1F3	Q9P1F3	ABRAL_HUMAN	ABRACL	Costars family protein ABRACL	3.34517e+06	4.85033e+06	3.52989e+06	3.20608e+06
Q9P1Y5	Q9P1Y5	CAMP3_HUMAN	CAMSAP3	Calmodulin-regulated spectrin-associated protein 3	182607	96947.7	105679	
Q9P206	Q9P206	K1522_HUMAN	KIAA1522	Uncharacterized protein KIAA1522	495839	451946	520022	1.06661e+06
Q9P253	Q9P253	VPS18_HUMAN	VPS18	Vacuolar protein sorting-associated protein 18 homolog	241801	139157	386784	
Q9P258	Q9P258	RCC2_HUMAN	RCC2	Protein RCC2	4.59319e+06	3.09046e+06	3.69072e+06	2.14734e+06
Q9P260	Q9P260	RELCH_HUMAN	RELCH	RAB11-binding protein RELCH	93547.9	88997.4	106286	
Q9P265	Q9P265	DIP2B_HUMAN	DIP2B	Disco-interacting protein 2 homolog B	499574	235738	666556	207816
Q9P270	Q9P270	SLAI2_HUMAN	SLAIN2	SLAIN motif-containing protein 2	1.07879e+06	1.13184e+06		1.92088e+06
Q9P287	Q9P287	BCCIP_HUMAN	BCCIP	BRCA2 and CDKN1A-interacting protein	1.65016e+06	1.52664e+06	235528	
Q9P289	Q9P289	STK26_HUMAN	STK26	Serine/threonine-protein kinase 26	335278	240857	351639	539447
Q9P2A4	Q9P2A4	ABI3_HUMAN	ABI3	ABI gene family member 3	275833	305120		1.71022e+06
Q9P2B2	Q9P2B2	FPRP_HUMAN	PTGFRN	Prostaglandin F2 receptor negative regulator	2.34188e+06	3.84911e+06	3.78562e+06	3.47758e+06
Q9P2E3	Q9P2E3	ZNFX1_HUMAN	ZNFX1	NFX1-type zinc finger-containing protein 1	58528.1	71888.9	52155.4	
Q9P2E9	Q9P2E9	RRBP1_HUMAN	RRBP1	Ribosome-binding protein 1	1.06271e+07	1.56729e+07	1.25883e+07	1.74926e+07
Q9P2I0	Q9P2I0	CPSF2_HUMAN	CPSF2	Cleavage and polyadenylation specificity factor subunit 2	472055	145129	404992	
Q9P2J5	Q9P2J5	SYLC_HUMAN	LARS1	Leucine--tRNA ligase, cytoplasmic	2.5501e+06	1.68993e+06	1.8659e+06	1.82244e+06
Q9P2J9	Q9P2J9	PDP2_HUMAN	PDP2	[Pyruvate dehydrogenase [acetyl-transferring]]-phosphatase 2, mitochondrial	287269	213039		
Q9P2K5	Q9P2K5	MYEF2_HUMAN	MYEF2	Myelin expression factor 2	69608.9	101460	51729.8	
Q9P2M7	Q9P2M7	CING_HUMAN	CGN	Cingulin	761820	533113	1.6695e+06	1.36266e+06
Q9P2N5	Q9P2N5	RBM27_HUMAN	RBM27	RNA-binding protein 27	820071	592300	768494	964419
Q9P2R3	Q9P2R3	ANFY1_HUMAN	ANKFY1	Rabankyrin-5	577718	269622	869389	973931
Q9P2R7	Q9P2R7	SUCB1_HUMAN	SUCLA2	Succinate--CoA ligase [ADP-forming] subunit beta, mitochondrial	3.14667e+06	3.65479e+06	2.17961e+06	4.24091e+06
Q9P2T1	Q9P2T1	GMPR2_HUMAN	GMPR2	GMP reductase 2	1.54937e+06	2.23737e+06	2.15164e+06	1.12301e+06
Q9P2W9	Q9P2W9	STX18_HUMAN	STX18	Syntaxin-18	19948.2	12336.4	105532	
Q9P2X0	Q9P2X0	DPM3_HUMAN	DPM3	Dolichol-phosphate mannosyltransferase subunit 3	656775	929987	202609	1.25233e+06
Q9P2X3	Q9P2X3	IMPCT_HUMAN	IMPACT	Protein IMPACT	179413	213844	327417	106406
Q9P2Y5	Q9P2Y5	UVRAG_HUMAN	UVRAG	UV radiation resistance-associated gene protein	64593.5	13337.5	37204.3	
Q9UBB4	Q9UBB4	ATX10_HUMAN	ATXN10	Ataxin-10	797179	671418		439423
Q9UBB5	Q9UBB5	MBD2_HUMAN	MBD2	Methyl-CpG-binding domain protein 2	316176	184700	169800	288752
Q9UBB6	Q9UBB6	NCDN_HUMAN	NCDN	Neurochondrin	133454	79497.3		
Q9UBB9	Q9UBB9	TFP11_HUMAN	TFIP11	Tuftelin-interacting protein 11	131965	146956	309616	
Q9UBC2	Q9UBC2	EP15R_HUMAN	EPS15L1	Epidermal growth factor receptor substrate 15-like 1	1.64716e+06	993700	1.58061e+06	1.89024e+06
Q9UBC5	Q9UBC5	MYO1A_HUMAN	MYO1A	Unconventional myosin-Ia	59821.8	107954	496833	1.41169e+06
Q9UBE0	Q9UBE0	SAE1_HUMAN	SAE1	SUMO-activating enzyme subunit 1	3.40166e+06	3.29445e+06	1.59554e+06	1.57756e+06
Q9UBF2	Q9UBF2	COPG2_HUMAN	COPG2	Coatomer subunit gamma-2	420086		620701	
Q9UBF6	Q9UBF6	RBX2_HUMAN	RNF7	RING-box protein 2	337738	286736		1.03474e+06
Q9UBG0	Q9UBG0	MRC2_HUMAN	MRC2	C-type mannose receptor 2	2.89294e+06	1.79969e+06	1.17707e+06	318908
Q9UBI1	Q9UBI1	COMD3_HUMAN	COMMD3	COMM domain-containing protein 3	113977	205259	140494	
Q9UBI6	Q9UBI6	GBG12_HUMAN	GNG12	Guanine nucleotide-binding protein G(I)/G(S)/G(O) subunit gamma-12	3.16909e+06	6.10764e+06	2.06018e+06	6.13789e+06
Q9UBK7;Q9UNT1	Q9UNT1;Q9UBK7	RBL2A_HUMAN;RBL2B_HUMAN	RABL2A;RABL2B	Rab-like protein 2A	243878	514270		
Q9UBK9	Q9UBK9	UXT_HUMAN	UXT	Protein UXT	245072	207335	213776	
Q9UBL3	Q9UBL3	ASH2L_HUMAN	ASH2L	Set1/Ash2 histone methyltransferase complex subunit ASH2	216720	118568	347976	
Q9UBM7	Q9UBM7	DHCR7_HUMAN	DHCR7	7-dehydrocholesterol reductase	876697	154565	1.07799e+06	508702
Q9UBN7	Q9UBN7	HDAC6_HUMAN	HDAC6	Histone deacetylase 6	1.24236e+06	1.26524e+06	535994	784570
Q9UBP0	Q9UBP0	SPAST_HUMAN	SPAST	Spastin	396569	360612	407285	
Q9UBP4	Q9UBP4	DKK3_HUMAN	DKK3	Dickkopf-related protein 3	278608	219153		
Q9UBP6	Q9UBP6	TRMB_HUMAN	METTL1	tRNA (guanine-N(7)-)-methyltransferase	605803	408485	295024	
Q9UBQ0	Q9UBQ0	VPS29_HUMAN	VPS29	Vacuolar protein sorting-associated protein 29	6.09544e+06	8.00613e+06	5.55892e+06	3.87049e+06
Q9UBQ5	Q9UBQ5	EIF3K_HUMAN	EIF3K	Eukaryotic translation initiation factor 3 subunit K	2.6692e+06	3.7371e+06	464567	9.44027e+06
Q9UBQ7	Q9UBQ7	GRHPR_HUMAN	GRHPR	Glyoxylate reductase/hydroxypyruvate reductase	5.58191e+06	8.83031e+06	4.5927e+06	3.82904e+06
Q9UBR2	Q9UBR2	CATZ_HUMAN	CTSZ	Cathepsin Z	2.32554e+07	2.15937e+07	1.69218e+07	1.66193e+07
Q9UBS4	Q9UBS4	DJB11_HUMAN	DNAJB11	DnaJ homolog subfamily B member 11	2.91084e+06	8.37213e+06	5.6589e+06	5.42557e+06
Q9UBS8	Q9UBS8	RNF14_HUMAN	RNF14	E3 ubiquitin-protein ligase RNF14	167678	161045	151480	
Q9UBT2	Q9UBT2	SAE2_HUMAN	UBA2	SUMO-activating enzyme subunit 2	3.66981e+06	3.04849e+06	2.00507e+06	2.1878e+06
Q9UBT3	Q9UBT3	DKK4_HUMAN	DKK4	Dickkopf-related protein 4		104426	25804.7	
Q9UBU6	Q9UBU6	FA8A1_HUMAN	FAM8A1	Protein FAM8A1	263134	242782	313104	
Q9UBU8	Q9UBU8	MO4L1_HUMAN	MORF4L1	Mortality factor 4-like protein 1	176796	127869	230046	
Q9UBU9	Q9UBU9	NXF1_HUMAN	NXF1	Nuclear RNA export factor 1	729021	412311	781064	
Q9UBV2	Q9UBV2	SE1L1_HUMAN	SEL1L	Protein sel-1 homolog 1	613972	660073	969130	1.0802e+06
Q9UBV7	Q9UBV7	B4GT7_HUMAN	B4GALT7	Beta-1,4-galactosyltransferase 7	115938	72425.8	263220	
Q9UBV8	Q9UBV8	PEF1_HUMAN	PEF1	Peflin	1.22052e+06	2.06143e+06	1.06489e+06	816499
Q9UBW5	Q9UBW5	BIN2_HUMAN	BIN2	Bridging integrator 2	403821	627094	962619	156618
Q9UBW8	Q9UBW8	CSN7A_HUMAN	COPS7A	COP9 signalosome complex subunit 7a	223827	575942	225684	337665
Q9UBX3	Q9UBX3	DIC_HUMAN	SLC25A10	Mitochondrial dicarboxylate carrier	518180	303108	1.84196e+06	1.43135e+06
Q9UBX5	Q9UBX5	FBLN5_HUMAN	FBLN5	Fibulin-5	4.51794e+06	3.88619e+06	2.51095e+06	2.14843e+06
Q9UBY9	Q9UBY9	HSPB7_HUMAN	HSPB7	Heat shock protein beta-7	397739	852566	365882	
Q9UD71	Q9UD71	PPR1B_HUMAN	PPP1R1B	Protein phosphatase 1 regulatory subunit 1B	730552	2.25599e+06		4.30182e+06
Q9UDT6	Q9UDT6	CLIP2_HUMAN	CLIP2	CAP-Gly domain-containing linker protein 2	1.08664e+06	637117	740695	1.00774e+06
Q9UDW1	Q9UDW1	QCR9_HUMAN	UQCR10	Cytochrome b-c1 complex subunit 9	3.48501e+06	3.44877e+06	8.18238e+06	5.43155e+06
Q9UDY2	Q9UDY2	ZO2_HUMAN	TJP2	Tight junction protein ZO-2	2.10251e+06	1.48811e+06	1.58099e+06	1.09051e+06
Q9UDY4	Q9UDY4	DNJB4_HUMAN	DNAJB4	DnaJ homolog subfamily B member 4	243477	212608	227496	
Q9UDY8	Q9UDY8	MALT1_HUMAN	MALT1	Mucosa-associated lymphoid tissue lymphoma translocation protein 1	124870			
Q9UEE9	Q9UEE9	CFDP1_HUMAN	CFDP1	Craniofacial development protein 1	1.16018e+06	983799	462638	1.13349e+06
Q9UEU0	Q9UEU0	VTI1B_HUMAN	VTI1B	Vesicle transport through interaction with t-SNAREs homolog 1B	697107	707131	735073	757549
Q9UEW8	Q9UEW8	STK39_HUMAN	STK39	STE20/SPS1-related proline-alanine-rich protein kinase	3.06886e+06	2.36999e+06	1.52381e+06	4.0167e+06
Q9UEY8	Q9UEY8	ADDG_HUMAN	ADD3	Gamma-adducin	3.08897e+06	2.16172e+06	3.95326e+06	2.57184e+06
Q9UFC0	Q9UFC0	LRWD1_HUMAN	LRWD1	Leucine-rich repeat and WD repeat-containing protein 1	312481	90040.4	111435	
Q9UFN0	Q9UFN0;Q9BS92	NPS3A_HUMAN	NIPSNAP3A	Protein NipSnap homolog 3A	3.59761e+06	5.21749e+06	3.90487e+06	3.286e+06
Q9UFW8	Q9UFW8	CGBP1_HUMAN	CGGBP1	CGG triplet repeat-binding protein 1	554961	506506	686544	165609
Q9UG56	Q9UG56	PISD_HUMAN	PISD	Phosphatidylserine decarboxylase proenzyme, mitochondrial	111076		194673	
Q9UG63	Q9UG63	ABCF2_HUMAN	ABCF2	ATP-binding cassette sub-family F member 2	1.80017e+06	777615	1.20225e+06	
Q9UGI8	Q9UGI8	TES_HUMAN	TES	Testin	7.6049e+06	5.7689e+06	4.27744e+06	4.14206e+06
Q9UGK3	Q9UGK3	STAP2_HUMAN	STAP2	Signal-transducing adaptor protein 2	598627	588069	1.06516e+06	2.18712e+06
Q9UGM3	Q9UGM3	DMBT1_HUMAN	DMBT1	Deleted in malignant brain tumors 1 protein	411962	452169	2.23975e+06	3.72595e+06
Q9UGM5	Q9UGM5	FETUB_HUMAN	FETUB	Fetuin-B	414958	562768	439871	
Q9UGM6	Q9UGM6	SYWM_HUMAN	WARS2	Tryptophan--tRNA ligase, mitochondrial	220423	328870	154502	646160
Q9UGN4	Q9UGN4	CLM8_HUMAN	CD300A	CMRF35-like molecule 8	369664	505866	496885	
Q9UGP4	Q9UGP4	LIMD1_HUMAN	LIMD1	LIM domain-containing protein 1	219939	270210		402035
Q9UGP8	Q9UGP8	SEC63_HUMAN	SEC63	Translocation protein SEC63 homolog	1.14341e+06	640919	1.34972e+06	573707
Q9UGR2	Q9UGR2	Z3H7B_HUMAN	ZC3H7B	Zinc finger CCCH domain-containing protein 7B	158113	70047.3	74610.1	
Q9UGT4	Q9UGT4	SUSD2_HUMAN	SUSD2	Sushi domain-containing protein 2	861185	571011	389911	1.25343e+06
Q9UGV2	Q9UGV2	NDRG3_HUMAN	NDRG3	Protein NDRG3	1.72255e+06	1.01293e+06	1.36455e+06	1.01239e+06
Q9UH62	Q9UH62	ARMX3_HUMAN	ARMCX3	Armadillo repeat-containing X-linked protein 3	538860	399326	421904	946193
Q9UH65	Q9UH65	SWP70_HUMAN	SWAP70	Switch-associated protein 70	1.27407e+06	1.00516e+06	1.24348e+06	1.05605e+06
Q9UH92	Q9UH92	MLX_HUMAN	MLX	Max-like protein X	28316.6			
Q9UH99	Q9UH99	SUN2_HUMAN	SUN2	SUN domain-containing protein 2	231014	175095	1.28475e+06	268232
Q9UHA4	Q9UHA4	LTOR3_HUMAN	LAMTOR3	Ragulator complex protein LAMTOR3	2.36546e+06	3.72867e+06	2.99401e+06	1.31144e+06
Q9UHB4	Q9UHB4	NDOR1_HUMAN	NDOR1	NADPH-dependent diflavin oxidoreductase 1	17349.6	35507.3		
Q9UHB6	Q9UHB6	LIMA1_HUMAN	LIMA1	LIM domain and actin-binding protein 1	1.78702e+06	2.49117e+06	2.7755e+06	6.80934e+06
Q9UHB7	Q9UHB7	AFF4_HUMAN	AFF4	AF4/FMR2 family member 4	134718	93506		
Q9UHB9	Q9UHB9	SRP68_HUMAN	SRP68	Signal recognition particle subunit SRP68	1.391e+06	1.43865e+06	1.8419e+06	1.37843e+06
Q9UHD1	Q9UHD1	CHRD1_HUMAN	CHORDC1	Cysteine and histidine-rich domain-containing protein 1	3.47668e+06	3.10362e+06	2.75644e+06	1.9604e+06
Q9UHD2	Q9UHD2	TBK1_HUMAN	TBK1	Serine/threonine-protein kinase TBK1	368622	169626	456257	
Q9UHD8	Q9UHD8	SEPT9_HUMAN	SEPTIN9	Septin-9	5.7322e+06	3.41984e+06	2.64463e+06	6.59647e+06
Q9UHD9	Q9UHD9	UBQL2_HUMAN	UBQLN2	Ubiquilin-2	1.78126e+06	2.28466e+06	1.64986e+06	1.55585e+06
Q9UHE8	Q9UHE8;Q6NZ63	STEA1_HUMAN	STEAP1	Metalloreductase STEAP1	297293	91665.5	176863	
Q9UHG3	Q9UHG3	PCYOX_HUMAN	PCYOX1	Prenylcysteine oxidase 1	4.13159e+06	7.51492e+06	5.6248e+06	3.56725e+06
Q9UHJ6	Q9UHJ6	SHPK_HUMAN	SHPK	Sedoheptulokinase	750363	825928	426431	1.03296e+06
Q9UHK6	Q9UHK6	AMACR_HUMAN	AMACR	Alpha-methylacyl-CoA racemase	1.33262e+06	3.39759e+06	834170	647675
Q9UHL4	Q9UHL4	DPP2_HUMAN	DPP7	Dipeptidyl peptidase 2	1.28774e+06	4.78222e+06	2.19091e+06	2.80094e+06
Q9UHN6	Q9UHN6	CEIP2_HUMAN	CEMIP2	Inactive cell surface hyaluronidase CEMIP2	561916	773206	681392	
Q9UHQ4	Q9UHQ4	BAP29_HUMAN	BCAP29	B-cell receptor-associated protein 29	793008	724730	1.39207e+06	1.3805e+06
Q9UHQ9	Q9UHQ9	NB5R1_HUMAN	CYB5R1	NADH-cytochrome b5 reductase 1	2.57892e+06	3.92091e+06	3.93185e+06	2.16201e+06
Q9UHR4	Q9UHR4	BI2L1_HUMAN	BAIAP2L1	Brain-specific angiogenesis inhibitor 1-associated protein 2-like protein 1	1.02235e+06	621483	550128	743127
Q9UHR5	Q9UHR5	S30BP_HUMAN	SAP30BP	SAP30-binding protein	510545	586370	248882	
Q9UHR6	Q9UHR6	ZNHI2_HUMAN	ZNHIT2	Zinc finger HIT domain-containing protein 2	161805	105268		
Q9UHV9	Q9UHV9	PFD2_HUMAN	PFDN2	Prefoldin subunit 2	3.8063e+06	3.92044e+06	2.69671e+06	2.45962e+06
Q9UHW9	Q9UHW9;Q9UP95	S12A6_HUMAN	SLC12A6	Solute carrier family 12 member 6	393788	206855	583188	
Q9UHX1	Q9UHX1	PUF60_HUMAN	PUF60	Poly(U)-binding-splicing factor PUF60	9.23046e+06	6.28814e+06	1.13844e+07	3.17185e+06
Q9UHX3	Q9BY15;Q9UHX3	AGRE2_HUMAN	ADGRE2	Adhesion G protein-coupled receptor E2	268283	285681	171364	
Q9UHY1	Q9UHY1	NRBP_HUMAN	NRBP1	Nuclear receptor-binding protein	471643	387531	292148	
Q9UHY7	Q9UHY7	ENOPH_HUMAN	ENOPH1	Enolase-phosphatase E1	1.39514e+06	1.49879e+06	1.10276e+06	512889
Q9UI08	Q9UI08	EVL_HUMAN	EVL	Ena/VASP-like protein	641000	849544	907918	860219
Q9UI09	Q9UI09	NDUAC_HUMAN	NDUFA12	NADH dehydrogenase [ubiquinone] 1 alpha subcomplex subunit 12	446504	488381	2.91746e+06	2.59723e+06
Q9UI10	Q9UI10	EI2BD_HUMAN	EIF2B4	Translation initiation factor eIF-2B subunit delta	802881	763119	543520	527667
Q9UI12	Q9UI12	VATH_HUMAN	ATP6V1H	V-type proton ATPase subunit H	1.04867e+06	1.08718e+06	805367	1.03749e+06
Q9UI14	Q9UI14	PRAF1_HUMAN	RABAC1	Prenylated Rab acceptor protein 1	631580	898796	1.86319e+06	2.80156e+06
Q9UI26	Q9UI26	IPO11_HUMAN	IPO11	Importin-11	104192	53415.3		
Q9UI30	Q9UI30	TR112_HUMAN	TRMT112	Multifunctional methyltransferase subunit TRM112-like protein	1.7749e+06	1.71943e+06	400579	870799
Q9UI42	Q9UI42	CBPA4_HUMAN	CPA4	Carboxypeptidase A4	413212	664810	1.1315e+06	1.93925e+06
Q9UIA0	Q9UIA0	CYH4_HUMAN	CYTH4	Cytohesin-4	188057		40425.3	
Q9UIA9	Q9UIA9	XPO7_HUMAN	XPO7	Exportin-7	1.06475e+06	968833	887809	824956
Q9UIB8	Q9UIB8	SLAF5_HUMAN	CD84	SLAM family member 5	188662	220137	160228	
Q9UIC8	Q9UIC8	LCMT1_HUMAN	LCMT1	Leucine carboxyl methyltransferase 1	681218	704656	418677	429240
Q9UID3	Q9UID3	VPS51_HUMAN	VPS51	Vacuolar protein sorting-associated protein 51 homolog	369290	67908.3	206334	389888
Q9UIG0	Q9UIG0	BAZ1B_HUMAN	BAZ1B	Tyrosine-protein kinase BAZ1B	447896		358960	
Q9UII2	Q9UII2	ATIF1_HUMAN	ATP5IF1	ATPase inhibitor, mitochondrial	4.84134e+06	9.19604e+06	8.07322e+06	1.10205e+07
Q9UIJ7	Q9UIJ7	KAD3_HUMAN	AK3	GTP:AMP phosphotransferase AK3, mitochondrial	4.37359e+06	5.62157e+06	4.97996e+06	6.21046e+06
Q9UIM3	Q9UIM3	FKBPL_HUMAN	FKBPL	FK506-binding protein-like	105250	158504	211970	
Q9UIQ6	Q9UIQ6	LCAP_HUMAN	LNPEP	Leucyl-cystinyl aminopeptidase	1.51208e+06	1.63009e+06	1.3322e+06	776951
Q9UIV1	Q9UIV1	CNOT7_HUMAN	CNOT7	CCR4-NOT transcription complex subunit 7	209501		337148	
Q9UIV8	Q9UIV8	SPB13_HUMAN	SERPINB13	Serpin B13	5349.9	49545	94897.9	
Q9UIW2	Q9UIW2	PLXA1_HUMAN	PLXNA1	Plexin-A1	341494	204047	186867	
Q9UJ14	Q9UJ14	GGT7_HUMAN	GGT7	Glutathione hydrolase 7	49106.2	29916.5	37235.1	
Q9UJ41	Q9UJ41	RABX5_HUMAN	RABGEF1	Rab5 GDP/GTP exchange factor	206671	163569	200751	
Q9UJ68	Q9UJ68	MSRA_HUMAN	MSRA	Mitochondrial peptide methionine sulfoxide reductase	704770	1.22123e+06	1.37781e+06	1.15316e+06
Q9UJ70	Q9UJ70	NAGK_HUMAN	NAGK	N-acetyl-D-glucosamine kinase	4.0377e+06	8.01716e+06	6.11102e+06	4.27411e+06
Q9UJ83	Q9UJ83	HACL1_HUMAN	HACL1	2-hydroxyacyl-CoA lyase 1	1.76645e+06	1.86696e+06	683713	2.09554e+06
Q9UJA5	Q9UJA5	TRM6_HUMAN	TRMT6	tRNA (adenine(58)-N(1))-methyltransferase non-catalytic subunit TRM6	1.00873e+06	939228	551251	474366
Q9UJC3	Q9UJC3	HOOK1_HUMAN	HOOK1	Protein Hook homolog 1	342462	295537	295446	693828
Q9UJC5	Q9UJC5	SH3L2_HUMAN	SH3BGRL2	SH3 domain-binding glutamic acid-rich-like protein 2	1.38485e+06	2.63357e+06	1.63346e+06	1.18077e+06
Q9UJF2	Q9UJF2	NGAP_HUMAN	RASAL2	Ras GTPase-activating protein nGAP	22413.8			
Q9UJJ9	Q9UJJ9	GNPTG_HUMAN	GNPTG	N-acetylglucosamine-1-phosphotransferase subunit gamma	41234.1	139872	123573	
Q9UJK0	Q9UJK0	TSR3_HUMAN	TSR3	18S rRNA aminocarboxypropyltransferase	1.25649e+06	1.18613e+06	1.18889e+06	4.70866e+06
Q9UJS0	Q9UJS0	S2513_HUMAN	SLC25A13	Electrogenic aspartate/glutamate antiporter SLC25A13, mitochondrial	833420	238560	2.73329e+06	2.65422e+06
Q9UJU6	Q9UJU6	DBNL_HUMAN	DBNL	Drebrin-like protein	7.47877e+06	5.83914e+06	5.39886e+06	6.55966e+06
Q9UJW0	Q9UJW0	DCTN4_HUMAN	DCTN4	Dynactin subunit 4	889976	817740	1.22617e+06	601665
Q9UJX2	Q9UJX2	CDC23_HUMAN	CDC23	Cell division cycle protein 23 homolog	332229	391945	304248	
Q9UJX3	Q9UJX3	APC7_HUMAN	ANAPC7	Anaphase-promoting complex subunit 7	188897	74801.2	189198	
Q9UJX5	Q9UJX5	APC4_HUMAN	ANAPC4	Anaphase-promoting complex subunit 4	304059	179896	322674	
Q9UJX6	Q9UJX6	ANC2_HUMAN	ANAPC2	Anaphase-promoting complex subunit 2	111177		115923	
Q9UJY4	Q9UJY4	GGA2_HUMAN	GGA2	ADP-ribosylation factor-binding protein GGA2	184391	139008	164765	140829
Q9UJY5	Q9UJY5	GGA1_HUMAN	GGA1	ADP-ribosylation factor-binding protein GGA1	646385	407677	661125	620942
Q9UJZ1	Q9UJZ1	STML2_HUMAN	STOML2	Stomatin-like protein 2, mitochondrial	3.6922e+06	3.69602e+06	1.37432e+06	6.27372e+06
Q9UK22	Q9UK22	FBX2_HUMAN	FBXO2	F-box only protein 2	233453	172152	23340.9	
Q9UK41	Q9UK41	VPS28_HUMAN	VPS28	Vacuolar protein sorting-associated protein 28 homolog	788250	684664	443956	697669
Q9UK45	Q9UK45	LSM7_HUMAN	LSM7	U6 snRNA-associated Sm-like protein LSm7	7.77287e+06	8.73443e+06	5.7567e+06	5.5964e+06
Q9UK55	Q9UK55	ZPI_HUMAN	SERPINA10	Protein Z-dependent protease inhibitor	79227.4	122015	93559.8	
Q9UK59	Q9UK59	DBR1_HUMAN	DBR1	Lariat debranching enzyme	846263	634171	645109	1.2123e+06
Q9UK61	Q9UK61	TASOR_HUMAN	TASOR	Protein TASOR	543539		1.48586e+06	1.0382e+06
Q9UK76	Q9UK76	JUPI1_HUMAN	JPT1	Jupiter microtubule associated homolog 1	957513	1.65521e+06	445814	3.10257e+06
Q9UKA8	Q9UKA8	RCAN3_HUMAN	RCAN3	Calcipressin-3	52483.4			
Q9UKA9	Q9UKA9	PTBP2_HUMAN	PTBP2	Polypyrimidine tract-binding protein 2	8.02429e+06	6.64076e+06	6.60263e+06	4.54129e+06
Q9UKB1;Q9Y297	Q9UKB1;Q9Y297	FBW1A_HUMAN;FBW1B_HUMAN	BTRC;FBXW11	F-box/WD repeat-containing protein 11	155883	108723	181482	
Q9UKD1	Q9UKD1	GMEB2_HUMAN	GMEB2	Glucocorticoid modulatory element-binding protein 2	350573	358773		
Q9UKD2	Q9UKD2	MRT4_HUMAN	MRTO4	mRNA turnover protein 4 homolog	1.46165e+06	704870	1.19775e+06	
Q9UKF6	Q9UKF6	CPSF3_HUMAN	CPSF3	Cleavage and polyadenylation specificity factor subunit 3	1.57705e+06	673437	1.41804e+06	
Q9UKF7	Q9UKF7	PITC1_HUMAN	PITPNC1	Cytoplasmic phosphatidylinositol transfer protein 1	355352	434245	434317	
Q9UKG1	Q9UKG1	DP13A_HUMAN	APPL1	DCC-interacting protein 13-alpha	2.75175e+06	1.86074e+06	1.35013e+06	2.96703e+06
Q9UKG9	Q9UKG9	OCTC_HUMAN	CROT	Peroxisomal carnitine O-octanoyltransferase	168919	289869	329443	
Q9UKK3	Q9UKK3	PARP4_HUMAN	PARP4	Protein mono-ADP-ribosyltransferase PARP4	1.37528e+06	591952	1.3197e+06	656271
Q9UKK9	Q9UKK9	NUDT5_HUMAN	NUDT5	ADP-sugar pyrophosphatase	6.15696e+06	5.75114e+06	4.24666e+06	4.039e+06
Q9UKL0	Q9UKL0	RCOR1_HUMAN	RCOR1	REST corepressor 1	367773	191842	491405	
Q9UKL6	Q9UKL6	PPCT_HUMAN	PCTP	Phosphatidylcholine transfer protein	903231	1.14673e+06	1.07846e+06	788204
Q9UKM7	Q9UKM7	MA1B1_HUMAN	MAN1B1	Endoplasmic reticulum mannosyl-oligosaccharide 1,2-alpha-mannosidase	250812	308566	339258	
Q9UKM9	Q9UKM9	RALY_HUMAN	RALY	RNA-binding protein Raly	1.03366e+07	8.15276e+06	7.62618e+06	7.56265e+06
Q9UKN1	Q9UKN1	MUC12_HUMAN	MUC12	Mucin-12		285611	173971	281934
Q9UKN8	Q9UKN8	TF3C4_HUMAN	GTF3C4	General transcription factor 3C polypeptide 4	351306	228618	355284	
Q9UKR5	Q9UKR5	ERG28_HUMAN	ERG28	Ergosterol biosynthetic protein 28 homolog	1.38045e+06	1.18169e+06	978938	1.6783e+06
Q9UKS6	Q9UKS6	PACN3_HUMAN	PACSIN3	Protein kinase C and casein kinase substrate in neurons protein 3		713148	247412	108426
Q9UKU7	Q9UKU7	ACAD8_HUMAN	ACAD8	Isobutyryl-CoA dehydrogenase, mitochondrial	346646	319180	446694	932321
Q9UKV3	Q9UKV3	ACINU_HUMAN	ACIN1	Apoptotic chromatin condensation inducer in the nucleus	434279	448123	749961	576916
Q9UKV8	Q9H9G7;Q9UKV8;Q9UL18	AGO2_HUMAN	AGO2	Protein argonaute-2	3.53279e+06	2.7813e+06	3.57753e+06	2.71545e+06
Q9UKX2	P11055;P12882;P12883;P13533;P13535;Q9UKX2;Q9UKX3;Q9Y623;Q9H6N6	MYH2_HUMAN	MYH2	Myosin-2	1.54313e+06	3.94246e+06	1.7485e+06	291188
Q9UKX5	Q9UKX5	ITA11_HUMAN	ITGA11	Integrin alpha-11	1.31839e+06	379191	279314	
Q9UKX7	Q9UKX7	NUP50_HUMAN	NUP50	Nuclear pore complex protein Nup50	2.73126e+06	1.50939e+06	1.36369e+06	1.01085e+06
Q9UKY3	Q9UKY3	CES1P_HUMAN	CES1P1	Putative inactive carboxylesterase 4	185901	1.07246e+06	547262	
Q9UKY7	Q9UKY7	CDV3_HUMAN	CDV3	Protein CDV3 homolog	4.92395e+06	7.44504e+06	2.70493e+06	8.28654e+06
Q9UL15	Q9UL15	BAG5_HUMAN	BAG5	BAG family molecular chaperone regulator 5	397638	513098	399147	
Q9UL18	Q9UL18	AGO1_HUMAN	AGO1	Protein argonaute-1	818308	1.03709e+06	1.02961e+06	232977
Q9UL25	Q9UL25	RAB21_HUMAN	RAB21	Ras-related protein Rab-21	3.05702e+06	4.18136e+06	3.91367e+06	2.3774e+06
Q9UL26	Q13636;Q9UL26	RB22A_HUMAN	RAB22A	Ras-related protein Rab-22A	3.68224e+06	3.19511e+06	1.93835e+06	623139
Q9UL33	Q9UL33	TPC2L_HUMAN	TRAPPC2L	Trafficking protein particle complex subunit 2-like protein	418135	379662	417618	
Q9UL36	Q9UL36	ZN236_HUMAN	ZNF236	Zinc finger protein 236	1.08928e+06	1.59352e+06	798754	3.10363e+06
Q9UL40	Q9UL40	ZN346_HUMAN	ZNF346	Zinc finger protein 346	64317.5	41677.3		
Q9UL46	Q9UL46	PSME2_HUMAN	PSME2	Proteasome activator complex subunit 2	1.19629e+07	3.55069e+07	5.88317e+06	1.39845e+07
Q9UL63	Q9UL63	MKLN1_HUMAN	MKLN1	Muskelin	55605.1	26384.7	44849.3	
Q9ULA0	Q9ULA0	DNPEP_HUMAN	DNPEP	Aspartyl aminopeptidase	2.40716e+06	3.03589e+06	3.18129e+06	1.87904e+06
Q9ULC3	Q9ULC3	RAB23_HUMAN	RAB23	Ras-related protein Rab-23	3.02079e+06	3.02794e+06	2.06334e+06	1.56899e+06
Q9ULC4	Q9ULC4;A0A3B3IRV3	MCTS1_HUMAN	MCTS1	Malignant T-cell-amplified sequence 1	5.64979e+06	5.29306e+06	4.84958e+06	2.94335e+06
Q9ULC5	Q9ULC5	ACSL5_HUMAN	ACSL5	Long-chain-fatty-acid--CoA ligase 5	2.5243e+06	600039	2.03142e+06	2.42419e+06
Q9ULD0	Q9ULD0	OGDHL_HUMAN	OGDHL	2-oxoglutarate dehydrogenase-like, mitochondrial	715195	396691	1.21656e+06	1.16376e+06
Q9ULE0	Q9ULE0	WWC3_HUMAN	WWC3	Protein WWC3	344793	903538	132029	
Q9ULE6	Q9ULE6	PALD_HUMAN	PALD1	Paladin	94591.1			
Q9ULF5	Q9ULF5	S39AA_HUMAN	SLC39A10	Zinc transporter ZIP10	7.26511e+06	7.27829e+06	3.12841e+06	
Q9ULH1	Q9ULH1	ASAP1_HUMAN	ASAP1	Arf-GAP with SH3 domain, ANK repeat and PH domain-containing protein 1	127670		158249	
Q9ULH7	Q9ULH7	MRTFB_HUMAN	MRTFB	Myocardin-related transcription factor B	294994	374504		463273
Q9ULK4	Q9ULK4	MED23_HUMAN	MED23	Mediator of RNA polymerase II transcription subunit 23	107670		127529	
Q9ULP9	Q9ULP9	TBC24_HUMAN	TBC1D24	TBC1 domain family member 24	1.42663e+06	980721	918863	
Q9ULR0	Q9ULR0	ISY1_HUMAN	ISY1	Pre-mRNA-splicing factor ISY1 homolog	108693	123427	378044	
Q9ULR3	Q9ULR3	PPM1H_HUMAN	PPM1H	Protein phosphatase 1H	295255	294651	98980.9	
Q9ULT8	Q9ULT8	HECD1_HUMAN	HECTD1	E3 ubiquitin-protein ligase HECTD1	221538	226524	338960	
Q9ULV0	Q9ULV0	MYO5B_HUMAN	MYO5B	Unconventional myosin-Vb	117200		220076	
Q9ULV4	Q9ULV4	COR1C_HUMAN	CORO1C	Coronin-1C	5.36713e+06	2.52496e+06	6.41554e+06	3.0902e+06
Q9ULW0	Q9ULW0	TPX2_HUMAN	TPX2	Targeting protein for Xklp2	200859	46320.4		
Q9ULX3	Q9ULX3	NOB1_HUMAN	NOB1	RNA-binding protein NOB1	1.09434e+06	841499	653501	
Q9ULZ3	Q9ULZ3	ASC_HUMAN	PYCARD	Apoptosis-associated speck-like protein containing a CARD	6.82049e+06	7.45224e+06	5.44474e+06	4.45407e+06
Q9UM00	Q9UM00	TMCO1_HUMAN	TMCO1	Calcium load-activated calcium channel	5.46036e+06	2.58854e+06	4.16032e+06	3.2798e+06
Q9UM07	Q9UM07	PADI4_HUMAN	PADI4	Protein-arginine deiminase type-4	3.89895e+06	1.73304e+06	8.84164e+06	394631
Q9UM13	Q9UM13	APC10_HUMAN	ANAPC10	Anaphase-promoting complex subunit 10	121938	141351		
Q9UM22	Q9UM22	EPDR1_HUMAN	EPDR1	Mammalian ependymin-related protein 1	4.29791e+06	2.8416e+06	1.10516e+06	1.04659e+06
Q9UM47	P46531;Q9UM47	NOTC3_HUMAN	NOTCH3	Neurogenic locus notch homolog protein 3	122974			
Q9UM54	Q9UM54	MYO6_HUMAN	MYO6	Unconventional myosin-VI	1.40819e+06	883121	1.73775e+06	1.33324e+06
Q9UMR2	Q9UMR2	DD19B_HUMAN	DDX19B	ATP-dependent RNA helicase DDX19B	242146	230615	153183	
Q9UMR7	Q9UMR7	CLC4A_HUMAN	CLEC4A	C-type lectin domain family 4 member A	64187.4	60648.1		
Q9UMS0	Q9UMS0	NFU1_HUMAN	NFU1	NFU1 iron-sulfur cluster scaffold homolog, mitochondrial	166895	272803	142097	
Q9UMS4	Q9UMS4	PRP19_HUMAN	PRPF19	Pre-mRNA-processing factor 19	1.35429e+07	8.23545e+06	1.29408e+07	5.59028e+06
Q9UMS6	Q9UMS6	SYNP2_HUMAN	SYNPO2	Synaptopodin-2	1.51321e+06	2.62052e+06	1.08087e+06	2.49664e+06
Q9UMX0	Q9UMX0	UBQL1_HUMAN	UBQLN1	Ubiquilin-1	963673	1.69296e+06	1.00605e+06	
Q9UMX1	Q9UMX1	SUFU_HUMAN	SUFU	Suppressor of fused homolog	97454.9	66618.3		
Q9UMX5	Q9UMX5	NENF_HUMAN	NENF	Neudesin	1.14818e+06	2.06571e+06	1.40512e+06	2.50916e+06
Q9UMY1	Q9UMY1	NOL7_HUMAN	NOL7	Nucleolar protein 7	268723	241901	189359	
Q9UMY4	Q9UMY4	SNX12_HUMAN	SNX12	Sorting nexin-12	3.74442e+06	3.0688e+06	3.79074e+06	4.59451e+06
Q9UN36	Q9UN36	NDRG2_HUMAN	NDRG2	Protein NDRG2	503359	882276	1.23722e+06	3.18062e+06
Q9UN37	Q9UN37	VPS4A_HUMAN	VPS4A	Vacuolar protein sorting-associated protein 4A	1.64704e+06	1.25e+06	1.16561e+06	1.29166e+06
Q9UN86	Q9UN86	G3BP2_HUMAN	G3BP2	Ras GTPase-activating protein-binding protein 2	1.21577e+06	872804	1.16659e+06	2.14838e+06
Q9UNA1	Q9UNA1	RHG26_HUMAN	ARHGAP26	Rho GTPase-activating protein 26	162642	147959	118130	
Q9UNE7	Q9UNE7	CHIP_HUMAN	STUB1	E3 ubiquitin-protein ligase CHIP	3.80258e+06	2.59506e+06	2.96032e+06	2.16445e+06
Q9UNF0	Q9UNF0	PACN2_HUMAN	PACSIN2	Protein kinase C and casein kinase substrate in neurons protein 2	3.36297e+06	3.16796e+06	3.81092e+06	2.9451e+06
Q9UNF1	Q9UNF1	MAGD2_HUMAN	MAGED2	Melanoma-associated antigen D2	545491	273558	363032	347348
Q9UNH6	Q9UNH6	SNX7_HUMAN	SNX7	Sorting nexin-7	378684	417089	506560	315947
Q9UNH7	Q9UNH7	SNX6_HUMAN	SNX6	Sorting nexin-6	2.09722e+06	2.0132e+06	1.77137e+06	1.94575e+06
Q9UNI6	Q9UNI6	DUS12_HUMAN	DUSP12	Dual specificity protein phosphatase 12	162248	130172	180128	
Q9UNK0	Q9UNK0	STX8_HUMAN	STX8	Syntaxin-8	751348	1.01786e+06	433393	725403
Q9UNL2	Q9UNL2	SSRG_HUMAN	SSR3	Translocon-associated protein subunit gamma	3.86828e+06	2.63468e+06	5.00686e+06	7.88812e+06
Q9UNM6	Q9UNM6	PSD13_HUMAN	PSMD13	26S proteasome non-ATPase regulatory subunit 13	3.04258e+06	2.61322e+06	1.5019e+06	1.736e+06
Q9UNN5	Q9UNN5	FAF1_HUMAN	FAF1	FAS-associated factor 1	1.07884e+06	712031	952981	616186
Q9UNN8	Q9UNN8	EPCR_HUMAN	PROCR	Endothelial protein C receptor	4.06212e+06	3.25513e+06	2.59761e+06	1.03999e+06
Q9UNP9	Q9UNP9	PPIE_HUMAN	PPIE	Peptidyl-prolyl cis-trans isomerase E	1.00825e+06	1.09019e+06	899420	735980
Q9UNQ2	Q9UNQ2	DIM1_HUMAN	DIMT1	Probable dimethyladenosine transferase	209631	83512.2	107594	
Q9UNS2	Q9UNS2	CSN3_HUMAN	COPS3	COP9 signalosome complex subunit 3	4.07845e+06	4.28159e+06	3.25768e+06	3.6865e+06
Q9UNW1	Q9UNW1	MINP1_HUMAN	MINPP1	Multiple inositol polyphosphate phosphatase 1	648219	745430	477448	995162
Q9UNW9	P51513;Q9UNW9	NOVA2_HUMAN	NOVA2	RNA-binding protein Nova-2	257715	344091	172158	
Q9UNX4	Q9UNX4	WDR3_HUMAN	WDR3	WD repeat-containing protein 3	333147	100586	155352	
Q9UNZ2	Q9UNZ2	NSF1C_HUMAN	NSFL1C	NSFL1 cofactor p47	5.50681e+06	6.62275e+06	4.16798e+06	6.48338e+06
Q9UNZ5	Q9UNZ5	L10K_HUMAN	C19orf53	Leydig cell tumor 10 kDa protein homolog	74951.4	190772		95280.3
Q9UP38	Q9UP38	FZD1_HUMAN	FZD1	Frizzled-1	135477	170601	54456.6	
Q9UP83	Q9UP83	COG5_HUMAN	COG5	Conserved oligomeric Golgi complex subunit 5	91376.4			
Q9UPN3	Q03001;Q9UPN3;O94854	MACF1_HUMAN	MACF1	Microtubule-actin cross-linking factor 1, isoforms 1/2/3/4/5	765415	513782	1.36865e+06	457952
Q9UPN7	Q9UPN7	PP6R1_HUMAN	PPP6R1	Serine/threonine-protein phosphatase 6 regulatory subunit 1	134166	93067.6		394778
Q9UPN9	Q9UPN9	TRI33_HUMAN	TRIM33	E3 ubiquitin-protein ligase TRIM33	935253		1.26042e+06	
Q9UPQ8	Q9UPQ8	DOLK_HUMAN	DOLK	Dolichol kinase	22991.5	22575.5	64730.2	
Q9UPQ9	Q9UPQ9	TNR6B_HUMAN	TNRC6B	Trinucleotide repeat-containing gene 6B protein	91585.6	60178.7		
Q9UPT5	Q9UPT5	EXOC7_HUMAN	EXOC7	Exocyst complex component 7	593576	380428	683911	460489
Q9UPT8	Q9UPT8	ZC3H4_HUMAN	ZC3H4	Zinc finger CCCH domain-containing protein 4	411098	274855	90846.1	194740
Q9UPU5	Q9UPU5	UBP24_HUMAN	USP24	Ubiquitin carboxyl-terminal hydrolase 24	508048	177927	513313	
Q9UPU7	Q9UPU7	TBD2B_HUMAN	TBC1D2B	TBC1 domain family member 2B	261484	152139	344703	
Q9UPW6	Q01826;Q9UPW6	SATB2_HUMAN	SATB2	DNA-binding protein SATB2	374017	110404	225036	
Q9UPY8	Q9UPY8	MARE3_HUMAN	MAPRE3	Microtubule-associated protein RP/EB family member 3	1.27643e+06	614681	1.4146e+06	281754
Q9UQ13	Q9UQ13	SHOC2_HUMAN	SHOC2	Leucine-rich repeat protein SHOC-2	490116	316413	606097	
Q9UQ16	Q9UQ16	DYN3_HUMAN	DNM3	Dynamin-3	1.35734e+06	867353	461960	1.89926e+06
Q9UQ35	Q9UQ35	SRRM2_HUMAN	SRRM2	Serine/arginine repetitive matrix protein 2	459007	527205	43692.3	499724
Q9UQ80	Q9UQ80	PA2G4_HUMAN	PA2G4	Proliferation-associated protein 2G4	1.23959e+07	1.42186e+07	1.14227e+07	9.37725e+06
Q9UQB8	Q9UQB8	BAIP2_HUMAN	BAIAP2	Brain-specific angiogenesis inhibitor 1-associated protein 2	633830	375361	214972	
Q9UQE7	Q9UQE7	SMC3_HUMAN	SMC3	Structural maintenance of chromosomes protein 3	3.37407e+06	1.43987e+06	5.15474e+06	1.72942e+06
Q9UQN3	Q9UQN3	CHM2B_HUMAN	CHMP2B	Charged multivesicular body protein 2b	2.33754e+06	2.63954e+06	338007	2.62829e+06
Q9Y217	Q9Y217	MTMR6_HUMAN	MTMR6	Myotubularin-related protein 6	324033	235556	345366	248745
Q9Y221	Q9Y221	NIP7_HUMAN	NIP7	60S ribosome subunit biogenesis protein NIP7 homolog	257809	255339	179535	
Q9Y223	Q9Y223	GLCNE_HUMAN	GNE	Bifunctional UDP-N-acetylglucosamine 2-epimerase/N-acetylmannosamine kinase	242421	970882	1.74346e+06	1.18379e+06
Q9Y224	Q9Y224	RTRAF_HUMAN	RTRAF	RNA transcription, translation and transport factor protein	1.82599e+06	3.75201e+06	1.43389e+06	1.79137e+06
Q9Y228	Q9Y228	T3JAM_HUMAN	TRAF3IP3	TRAF3-interacting JNK-activating modulator	14049.3	25752.3	81088.5	
Q9Y230	Q9Y230	RUVB2_HUMAN	RUVBL2	RuvB-like 2	7.13329e+06	5.38169e+06	3.2271e+06	3.11691e+06
Q9Y232	Q9Y232	CDYL_HUMAN	CDYL	Chromodomain Y-like protein	87180		91472.4	
Q9Y237	Q9Y237	PIN4_HUMAN	PIN4	Peptidyl-prolyl cis-trans isomerase NIMA-interacting 4	1.66453e+06	1.73819e+06	1.50072e+06	924909
Q9Y241	Q9Y241	HIG1A_HUMAN	HIGD1A	HIG1 domain family member 1A, mitochondrial	1.22721e+06	915738	3.46601e+06	1.66514e+07
Q9Y243	Q9Y243	AKT3_HUMAN	AKT3	RAC-gamma serine/threonine-protein kinase	69285	55658.2	37029.5	
Q9Y248	Q9Y248	PSF2_HUMAN	GINS2	DNA replication complex GINS protein PSF2	67245.9	69265.8		
Q9Y256	Q9Y256	FACE2_HUMAN	RCE1	CAAX prenyl protease 2	116985		234709	
Q9Y259	Q9Y259	CHKB_HUMAN	CHKB	Choline/ethanolamine kinase	270900	396311	243706	
Q9Y262	Q9Y262	EIF3L_HUMAN	EIF3L	Eukaryotic translation initiation factor 3 subunit L	1.58779e+06	1.12876e+06	1.79378e+06	1.23221e+06
Q9Y263	Q9Y263	PLAP_HUMAN	PLAA	Phospholipase A-2-activating protein	1.35503e+06	817050	1.1994e+06	749665
Q9Y265	Q9Y265	RUVB1_HUMAN	RUVBL1	RuvB-like 1	6.32772e+06	4.66741e+06	2.71322e+06	3.03223e+06
Q9Y266	Q9Y266	NUDC_HUMAN	NUDC	Nuclear migration protein nudC	7.04942e+06	5.85587e+06	4.04769e+06	3.20639e+06
Q9Y275	Q9Y275	TN13B_HUMAN	TNFSF13B	Tumor necrosis factor ligand superfamily member 13B	365083	438591	389078	3.43308e+06
Q9Y276	Q9Y276	BCS1_HUMAN	BCS1L	Mitochondrial chaperone BCS1	3.087e+06		894675	1.65452e+06
Q9Y277	Q9Y277	VDAC3_HUMAN	VDAC3	Voltage-dependent anion-selective channel protein 3	1.08145e+07	1.3317e+07	1.3409e+07	8.43515e+06
Q9Y279	Q9Y279	VSIG4_HUMAN	VSIG4	V-set and immunoglobulin domain-containing protein 4	167571	222925	276029	
Q9Y281	Q9Y281	COF2_HUMAN	CFL2	Cofilin-2	933628	1.13597e+06	944644	703119
Q9Y282	Q9Y282	ERGI3_HUMAN	ERGIC3	Endoplasmic reticulum-Golgi intermediate compartment protein 3	861954	1.33536e+06	801451	978568
Q9Y285	Q9Y285	SYFA_HUMAN	FARSA	Phenylalanine--tRNA ligase alpha subunit	2.21258e+06	2.50536e+06	2.15393e+06	1.86287e+06
Q9Y286	Q9Y286	SIGL7_HUMAN	SIGLEC7	Sialic acid-binding Ig-like lectin 7		574914	570007	
Q9Y287	Q9Y287	ITM2B_HUMAN	ITM2B	Integral membrane protein 2B	172533	259062	257631	
Q9Y289	Q9Y289	SC5A6_HUMAN	SLC5A6	Sodium-dependent multivitamin transporter	656845	258571	169236	
Q9Y291	Q9Y291	RT33_HUMAN	MRPS33	Small ribosomal subunit protein mS33	235100	107930	451442	370855
Q9Y294	Q9NVP2;Q9Y294	ASF1A_HUMAN	ASF1A	Histone chaperone ASF1A	967404	760651	846253	1.02914e+06
Q9Y295	Q9Y295	DRG1_HUMAN	DRG1	Developmentally-regulated GTP-binding protein 1	2.95606e+06	1.80767e+06	1.76123e+06	819606
Q9Y296	Q9Y296	TPPC4_HUMAN	TRAPPC4	Trafficking protein particle complex subunit 4	1.39841e+06	1.60936e+06	1.88757e+06	1.13386e+06
Q9Y2A7	Q9Y2A7	NCKP1_HUMAN	NCKAP1	Nck-associated protein 1	1.53484e+06	447813	1.17767e+06	1.45492e+06
Q9Y2A9	Q9Y2A9	B3GN3_HUMAN	B3GNT3	N-acetyllactosaminide beta-1,3-N-acetylglucosaminyltransferase 3	437042	522677	840406	1.37968e+06
Q9Y2B0	Q9Y2B0	CNPY2_HUMAN	CNPY2	Protein canopy homolog 2	6.29843e+06	1.72707e+07	8.68138e+06	1.11228e+07
Q9Y2C3	Q9Y2C3	B3GT5_HUMAN	B3GALT5	Beta-1,3-galactosyltransferase 5		366450	1.03234e+06	754930
Q9Y2C4	Q9Y2C4	EXOG_HUMAN	EXOG	Nuclease EXOG, mitochondrial	306908	180269	496169	
Q9Y2D0	Q9Y2D0	CAH5B_HUMAN	CA5B	Carbonic anhydrase 5B, mitochondrial	265985	278103	178941	
Q9Y2D2	Q9Y2D2	S35A3_HUMAN	SLC35A3	UDP-N-acetylglucosamine transporter	438973	314111	1.15616e+06	
Q9Y2D4	Q9Y2D4	EXC6B_HUMAN	EXOC6B	Exocyst complex component 6B	73900.3		153698	
Q9Y2D5	Q9Y2D5	AKAP2_HUMAN	AKAP2	A-kinase anchor protein 2	1.21495e+06	884823	304890	936364
Q9Y2E5	Q9Y2E5	MA2B2_HUMAN	MAN2B2	Epididymis-specific alpha-mannosidase	391466	627055	469333	
Q9Y2G2	Q9Y2G2	CARD8_HUMAN	CARD8	Caspase recruitment domain-containing protein 8	55540	105506	103504	
Q9Y2G3	P98196;Q8NB49;Q9Y2G3	AT11B_HUMAN	ATP11B	Phospholipid-transporting ATPase IF	247062	179596	414987	
Q9Y2G5	Q9Y2G5	OFUT2_HUMAN	POFUT2	GDP-fucose protein O-fucosyltransferase 2	1.16571e+06	1.01429e+06	1.15056e+06	267577
Q9Y2H0	Q9Y2H0	DLGP4_HUMAN	DLGAP4	Disks large-associated protein 4	1.07346e+06	1.0708e+06	357909	897624
Q9Y2H1	Q9Y2H1	ST38L_HUMAN	STK38L	Serine/threonine-protein kinase 38-like	445020	417754	380149	241070
Q9Y2H5	Q9Y2H5	PKHA6_HUMAN	PLEKHA6	Pleckstrin homology domain-containing family A member 6	1.20375e+06	901594	2.08994e+06	1.89398e+06
Q9Y2H6	Q9Y2H6	FND3A_HUMAN	FNDC3A	Fibronectin type-III domain-containing protein 3A	1.174e+06	1.55435e+06	1.8151e+06	
Q9Y2I1	Q9Y2I1	NISCH_HUMAN	NISCH	Nischarin	120320	122659	63283	
Q9Y2I8	Q9Y2I8	WDR37_HUMAN	WDR37	WD repeat-containing protein 37	404380	358324		482216
Q9Y2J2	Q9Y2J2	E41L3_HUMAN	EPB41L3	Band 4.1-like protein 3	535253	740330	739173	905561
Q9Y2J8	Q9Y2J8	PADI2_HUMAN	PADI2	Protein-arginine deiminase type-2	846624	1.50535e+06	3.78412e+06	3.06336e+06
Q9Y2K7	Q9Y2K7	KDM2A_HUMAN	KDM2A	Lysine-specific demethylase 2A	433425	285127	402047	
Q9Y2L1	Q9Y2L1	RRP44_HUMAN	DIS3	Exosome complex exonuclease RRP44	1.27101e+06	450367	741730	771418
Q9Y2L5	Q9Y2L5	TPPC8_HUMAN	TRAPPC8	Trafficking protein particle complex subunit 8	54558.9		122098	
Q9Y2L9	Q9Y2L9	LRCH1_HUMAN	LRCH1	Leucine-rich repeat and calponin homology domain-containing protein 1	163833	32937.3	150191	
Q9Y2P8	Q9Y2P8	RCL1_HUMAN	RCL1	RNA 3'-terminal phosphate cyclase-like protein	200905		164684	
Q9Y2Q0	Q9Y2Q0	AT8A1_HUMAN	ATP8A1	Phospholipid-transporting ATPase IA	106343	134983	307109	
Q9Y2Q3	Q9Y2Q3	GSTK1_HUMAN	GSTK1	Glutathione S-transferase kappa 1	9.84128e+06	1.93671e+07	7.05714e+06	9.78207e+06
Q9Y2Q5	Q9Y2Q5	LTOR2_HUMAN	LAMTOR2	Ragulator complex protein LAMTOR2	1.7662e+06	2.24598e+06	1.99238e+06	1.51652e+06
Q9Y2Q9	Q9Y2Q9	RT28_HUMAN	MRPS28	Small ribosomal subunit protein bS1m	2.00874e+06	1.67153e+06	2.97009e+06	2.83376e+06
Q9Y2R0	Q9Y2R0	COA3_HUMAN	COA3	Cytochrome c oxidase assembly factor 3 homolog, mitochondrial	984918	2.50793e+06	1.29854e+06	1.43257e+06
Q9Y2R5	Q9Y2R5	RT17_HUMAN	MRPS17	Small ribosomal subunit protein uS17m	378139		917674	
Q9Y2R9	Q9Y2R9	RT07_HUMAN	MRPS7	Small ribosomal subunit protein uS7m	348048	178857	386390	103323
Q9Y2S2	Q9Y2S2	CRYL1_HUMAN	CRYL1	Lambda-crystallin homolog	1.78822e+06	2.18781e+06	1.31374e+06	2.03236e+06
Q9Y2S6	Q9Y2S6;A0A024R1R8	TMA7_HUMAN	TMA7	Translation machinery-associated protein 7	1.24687e+07	1.11438e+07	9.1448e+06	6.57443e+06
Q9Y2S7	Q9Y2S7	PDIP2_HUMAN	POLDIP2	Polymerase delta-interacting protein 2	1.8499e+06	1.75719e+06	1.32785e+06	568288
Q9Y2T2	Q9Y2T2	AP3M1_HUMAN	AP3M1	AP-3 complex subunit mu-1	1.14279e+06	804072	1.96793e+06	677513
Q9Y2T3	Q9Y2T3	GUAD_HUMAN	GDA	Guanine deaminase	464626	1.5024e+06	934914	1.02328e+06
Q9Y2T7	Q9Y2T7	YBOX2_HUMAN	YBX2	Y-box-binding protein 2	125864			
Q9Y2U8	Q9Y2U8	MAN1_HUMAN	LEMD3	Inner nuclear membrane protein Man1	492565	166316	765028	365915
Q9Y2V2	Q9Y2V2	CHSP1_HUMAN	CARHSP1	Calcium-regulated heat-stable protein 1	4.54927e+06	4.45952e+06	2.6816e+06	3.38182e+06
Q9Y2V7	Q9Y2V7	COG6_HUMAN	COG6	Conserved oligomeric Golgi complex subunit 6	414128	213347		902585
Q9Y2W1	Q9Y2W1	TR150_HUMAN	THRAP3	Thyroid hormone receptor-associated protein 3	830191	459954	1.69959e+06	163889
Q9Y2W2	Q9Y2W2	WBP11_HUMAN	WBP11	WW domain-binding protein 11	890672	789754	554144	695352
Q9Y2W6	Q9Y2W6	TDRKH_HUMAN	TDRKH	Tudor and KH domain-containing protein	177487	167205		70625.4
Q9Y2X3	Q9Y2X3	NOP58_HUMAN	NOP58	Nucleolar protein 58	956902	725390	1.41634e+06	
Q9Y2Y8	Q9Y2Y8	PRG3_HUMAN	PRG3	Proteoglycan 3	4.68765e+06	4.4299e+06	7.36085e+06	3.11286e+06
Q9Y2Z0	Q9Y2Z0	SGT1_HUMAN	SUGT1	Protein SGT1 homolog	4.69418e+06	2.84109e+06	2.49361e+06	2.00113e+06
Q9Y2Z4	Q9Y2Z4	SYYM_HUMAN	YARS2	Tyrosine--tRNA ligase, mitochondrial	333377	246986	558534	649602
Q9Y2Z9	Q9Y2Z9	COQ6_HUMAN	COQ6	Ubiquinone biosynthesis monooxygenase COQ6, mitochondrial	40216	46426.2		2.34938e+06
Q9Y303	Q9Y303	NAGA_HUMAN	AMDHD2	N-acetylglucosamine-6-phosphate deacetylase	1.15463e+06	1.0853e+06	910473	845201
Q9Y305	Q9Y305	ACOT9_HUMAN	ACOT9	Acyl-coenzyme A thioesterase 9, mitochondrial	2.462e+06	1.82212e+06	1.50678e+06	1.23881e+06
Q9Y312	Q9Y312	AAR2_HUMAN	AAR2	Protein AAR2 homolog	403069	183490	248388	
Q9Y314	Q9Y314	NOSIP_HUMAN	NOSIP	Nitric oxide synthase-interacting protein	418865	343486	315425	
Q9Y315	Q9Y315	DEOC_HUMAN	DERA	Deoxyribose-phosphate aldolase	610382	522627	658067	318911
Q9Y316	Q9Y316	MEMO1_HUMAN	MEMO1	Protein MEMO1	1.43857e+06	1.3876e+06	1.35382e+06	1.11758e+06
Q9Y320	Q9Y320	TMX2_HUMAN	TMX2	Thioredoxin-related transmembrane protein 2	1.20744e+06	608897	1.9889e+06	1.08547e+06
Q9Y333	Q9Y333	LSM2_HUMAN	LSM2	U6 snRNA-associated Sm-like protein LSm2	2.9285e+06	4.02633e+06	2.65693e+06	3.24834e+06
Q9Y336	Q9Y336	SIGL9_HUMAN	SIGLEC9	Sialic acid-binding Ig-like lectin 9	156881	143459	290954	
Q9Y365	Q9Y365	STA10_HUMAN	STARD10	START domain-containing protein 10	2.93623e+06	4.63861e+06	5.02779e+06	8.3374e+06
Q9Y371	Q9Y371	SHLB1_HUMAN	SH3GLB1	Endophilin-B1	1.97358e+06	2.30164e+06	1.41855e+06	2.43083e+06
Q9Y376	Q9Y376;Q9H9S4	CAB39_HUMAN	CAB39	Calcium-binding protein 39	2.55888e+06	2.76264e+06	3.2642e+06	998485
Q9Y383	Q9Y383	LC7L2_HUMAN	LUC7L2	Putative RNA-binding protein Luc7-like 2	2.09665e+06	1.7087e+06	1.8307e+06	1.30818e+06
Q9Y385	Q9Y385	UB2J1_HUMAN	UBE2J1	Ubiquitin-conjugating enzyme E2 J1	392282	1.64088e+06	1.63359e+06	1.56742e+06
Q9Y394	Q9Y394	DHRS7_HUMAN	DHRS7	Dehydrogenase/reductase SDR family member 7	2.58375e+06	2.8626e+06	3.36923e+06	5.14994e+06
Q9Y399	Q9Y399	RT02_HUMAN	MRPS2	Small ribosomal subunit protein uS2m	968965	357797	1.43655e+06	5.08643e+06
Q9Y3A3	Q9Y3A3	PHOCN_HUMAN	MOB4	MOB-like protein phocein	1.36212e+06	836711	955058	466325
Q9Y3A5	Q9Y3A5	SBDS_HUMAN	SBDS	Ribosome maturation protein SBDS	5.98854e+06	4.31417e+06	3.51121e+06	1.75596e+06
Q9Y3A6	Q9Y3A6	TMED5_HUMAN	TMED5	Transmembrane emp24 domain-containing protein 5	3.84138e+06	9.11112e+06	3.16263e+06	3.78492e+06
Q9Y3B2	Q9Y3B2	EXOS1_HUMAN	EXOSC1	Exosome complex component CSL4	1.31056e+06	1.15474e+06	354448	
Q9Y3B3	Q9Y3B3	TMED7_HUMAN	TMED7	Transmembrane emp24 domain-containing protein 7	4.09749e+06	5.43298e+06	5.84248e+06	4.45909e+06
Q9Y3B4	Q9Y3B4	SF3B6_HUMAN	SF3B6	Splicing factor 3B subunit 6	1.00516e+06	498806	1.18469e+06	
Q9Y3B7	Q9Y3B7	RM11_HUMAN	MRPL11	Large ribosomal subunit protein uL11m	1.56431e+06	1.803e+06	531054	1.45545e+06
Q9Y3B8	Q9Y3B8	ORN_HUMAN	REXO2	Oligoribonuclease, mitochondrial	3.38387e+06	3.92447e+06	2.43707e+06	1.06193e+06
Q9Y3C0	Q9Y3C0	WASC3_HUMAN	WASHC3	WASH complex subunit 3	334925	503671	335485	
Q9Y3C1	Q9Y3C1	NOP16_HUMAN	NOP16	Nucleolar protein 16	316038	318211	194745	
Q9Y3C4	Q9Y3C4	TPRKB_HUMAN	TPRKB	EKC/KEOPS complex subunit TPRKB	420103	467499	365836	118178
Q9Y3C6	Q9Y3C6	PPIL1_HUMAN	PPIL1	Peptidyl-prolyl cis-trans isomerase-like 1	2.1275e+06	2.18004e+06	2.08498e+06	1.68362e+06
Q9Y3C8	Q9Y3C8	UFC1_HUMAN	UFC1	Ubiquitin-fold modifier-conjugating enzyme 1	3.09367e+06	6.24443e+06	4.44249e+06	5.52244e+06
Q9Y3D2	Q9Y3D2	MSRB2_HUMAN	MSRB2	Methionine-R-sulfoxide reductase B2, mitochondrial	1.02517e+06	1.20293e+06	651484	1.0266e+06
Q9Y3D3	Q9Y3D3	RT16_HUMAN	MRPS16	Small ribosomal subunit protein bS16m	459853		1.09384e+06	1.04292e+06
Q9Y3D6	Q9Y3D6	FIS1_HUMAN	FIS1	Mitochondrial fission 1 protein	5.39188e+06	8.05595e+06	6.46949e+06	3.79464e+06
Q9Y3D7	Q9Y3D7	TIM16_HUMAN	PAM16	Mitochondrial import inner membrane translocase subunit TIM16	2.17319e+06	1.97526e+06	959828	2.73385e+06
Q9Y3D9	Q9Y3D9	RT23_HUMAN	MRPS23	Small ribosomal subunit protein mS23	3.02586e+06	1.33741e+06	4.4844e+06	3.78085e+06
Q9Y3E0	Q9Y3E0	GOT1B_HUMAN	GOLT1B	Vesicle transport protein GOT1B	419390	387098	478857	
Q9Y3E1	Q9Y3E1	HDGR3_HUMAN	HDGFL3	Hepatoma-derived growth factor-related protein 3	722773	938612	740759	642536
Q9Y3E2	Q9Y3E2	BOLA1_HUMAN	BOLA1	BolA-like protein 1	81213.1	168268	97439.8	
Q9Y3E5	Q9Y3E5	PTH2_HUMAN	PTRH2	Peptidyl-tRNA hydrolase 2, mitochondrial	1.11931e+06	1.12631e+06	638067	1.12709e+06
Q9Y3E7	Q9Y3E7	CHMP3_HUMAN	CHMP3	Charged multivesicular body protein 3	2.30177e+06	2.14797e+06	1.18746e+06	1.2046e+06
Q9Y3F4	Q9Y3F4	STRAP_HUMAN	STRAP	Serine-threonine kinase receptor-associated protein	3.9852e+06	4.03017e+06	2.6252e+06	1.6603e+06
Q9Y3I0	Q9Y3I0	RTCB_HUMAN	RTCB	RNA-splicing ligase RtcB homolog	4.84575e+06	6.53579e+06	3.82858e+06	2.9258e+06
Q9Y3I1	Q9Y3I1	FBX7_HUMAN	FBXO7	F-box only protein 7	628080	540454	506842	
Q9Y3L3	Q6ZT62;Q9Y3L3	3BP1_HUMAN	SH3BP1	SH3 domain-binding protein 1	4.5324e+06	4.84462e+06	2.49573e+06	4.41774e+06
Q9Y3L5	Q9Y3L5	RAP2C_HUMAN	RAP2C	Ras-related protein Rap-2c	763601	815514		
Q9Y3P9	Q9Y3P9	RBGP1_HUMAN	RABGAP1	Rab GTPase-activating protein 1	320783	143885	272331	717958
Q9Y3Q3	Q9Y3Q3	TMED3_HUMAN	TMED3	Transmembrane emp24 domain-containing protein 3	438489	680351	716080	373256
Q9Y3Q8	Q9Y3Q8	T22D4_HUMAN	TSC22D4	TSC22 domain family protein 4	611892	660588	561533	261099
Q9Y3R5	Q9Y3R5	DOP2_HUMAN	DOP1B	Protein dopey-2	106150	104165	288812	577521
Q9Y3S1	Q9Y3S1	WNK2_HUMAN	WNK2	Serine/threonine-protein kinase WNK2	105961		82185.7	
Q9Y3S2	Q9Y3S2	ZN330_HUMAN	ZNF330	Zinc finger protein 330	191275	98019.1	121680	
Q9Y3T9	Q9Y3T9	NOC2L_HUMAN	NOC2L	Nucleolar complex protein 2 homolog	369103	86435.7	143213	
Q9Y3U8	Q9Y3U8	RL36_HUMAN	RPL36	Large ribosomal subunit protein eL36	1.25576e+06	596673	1.18816e+06	997958
Q9Y3X0	Q9Y3X0	CCDC9_HUMAN	CCDC9	Coiled-coil domain-containing protein 9	1.59036e+06	1.88867e+06	862525	465730
Q9Y3Y2	Q9Y3Y2	CHTOP_HUMAN	CHTOP	Chromatin target of PRMT1 protein	207949	178546	56214.8	
Q9Y3Z3	Q9Y3Z3	SAMH1_HUMAN	SAMHD1	Deoxynucleoside triphosphate triphosphohydrolase SAMHD1	6.48084e+06	5.66645e+06	5.58876e+06	4.32004e+06
Q9Y426	Q9Y426	C2CD2_HUMAN	C2CD2	C2 domain-containing protein 2	95394.7			
Q9Y446	Q9Y446	PKP3_HUMAN	PKP3	Plakophilin-3	1.77752e+06	888492	1.25856e+06	1.76938e+06
Q9Y450	Q9Y450	HBS1L_HUMAN	HBS1L	HBS1-like protein	1.30434e+06	1.16085e+06	724542	
Q9Y478	Q9Y478	AAKB1_HUMAN	PRKAB1	5'-AMP-activated protein kinase subunit beta-1	573989	532643	828560	320710
Q9Y484	Q9Y484	WIPI4_HUMAN	WDR45	WD repeat domain phosphoinositide-interacting protein 4	459327	827746	440919	
Q9Y490	Q9Y490	TLN1_HUMAN	TLN1	Talin-1	1.27136e+07	6.73974e+06	1.29756e+07	6.5849e+06
Q9Y496	Q9Y496	KIF3A_HUMAN	KIF3A	Kinesin-like protein KIF3A	134682	77895.8		
Q9Y4A5	Q9Y4A5	TRRAP_HUMAN	TRRAP	Transformation/transcription domain-associated protein	54159		75846.2	
Q9Y4B6	Q9Y4B6	DCAF1_HUMAN	DCAF1	DDB1- and CUL4-associated factor 1	251632		252418	
Q9Y4C2	Q9Y4C2	TCAF1_HUMAN	TCAF1	TRPM8 channel-associated factor 1	164209	80420	190649	
Q9Y4C8	Q9Y4C8	RBM19_HUMAN	RBM19	Probable RNA-binding protein 19	99868.9	52849.9	38991	
Q9Y4D7	Q9Y4D7	PLXD1_HUMAN	PLXND1	Plexin-D1	183957		104675	1.91335e+06
Q9Y4E1	Q9Y4E1	WAC2C_HUMAN	WASHC2C	WASH complex subunit 2C	88448.8	35738.1		
Q9Y4E8	Q9Y4E8	UBP15_HUMAN	USP15	Ubiquitin carboxyl-terminal hydrolase 15	977140	954827	1.2594e+06	822259
Q9Y4F1	Q9Y4F1	FARP1_HUMAN	FARP1	FERM, ARHGEF and pleckstrin domain-containing protein 1	3.80935e+06	2.09778e+06	2.50187e+06	7.64238e+06
Q9Y4F9	Q9Y4F9	RIPR2_HUMAN	RIPOR2	Rho family-interacting cell polarization regulator 2	325646		670205	
Q9Y4G6	Q9Y4G6	TLN2_HUMAN	TLN2	Talin-2	652134	482632	686908	456759
Q9Y4G8	Q8TEU7;Q9Y4G8	RPGF2_HUMAN	RAPGEF2	Rap guanine nucleotide exchange factor 2	124024		98914.4	
Q9Y4I1	Q9Y4I1	MYO5A_HUMAN	MYO5A	Unconventional myosin-Va			290036	
Q9Y4K0	Q9Y4K0	LOXL2_HUMAN	LOXL2	Lysyl oxidase homolog 2	446395	120281	180914	
Q9Y4K1	Q9Y4K1	CRBG1_HUMAN	CRYBG1	Beta/gamma crystallin domain-containing protein 1	392352	430293	640268	
Q9Y4K3	Q9Y4K3	TRAF6_HUMAN	TRAF6	TNF receptor-associated factor 6	139143	80059.2	153511	
Q9Y4L1	Q9Y4L1	HYOU1_HUMAN	HYOU1	Hypoxia up-regulated protein 1	1.00304e+07	2.19094e+07	6.75517e+06	1.20594e+07
Q9Y4P1	Q9Y4P1	ATG4B_HUMAN	ATG4B	Cysteine protease ATG4B	261315	183053	60893.5	
Q9Y4P3	Q9Y4P3	TBL2_HUMAN	TBL2	Transducin beta-like protein 2	768217	583990	1.30355e+06	998876
Q9Y4R8	Q9Y4R8	TELO2_HUMAN	TELO2	Telomere length regulation protein TEL2 homolog	94851.3	8711.96		
Q9Y4W6	Q9Y4W6	AFG32_HUMAN	AFG3L2	AFG3-like protein 2	928975	918255	2.00307e+06	3.13009e+06
Q9Y4X5	Q9Y4X5	ARI1_HUMAN	ARIH1	E3 ubiquitin-protein ligase ARIH1	340904	588110	361633	
Q9Y4Z0	Q9Y4Z0	LSM4_HUMAN	LSM4	U6 snRNA-associated Sm-like protein LSm4	2.28521e+06	2.18281e+06	1.30407e+06	1.04847e+06
Q9Y508	Q9Y508	RN114_HUMAN	RNF114	E3 ubiquitin-protein ligase RNF114	3.19789e+06	1.61222e+06	998272	1.38289e+06
Q9Y512	Q9Y512	SAM50_HUMAN	SAMM50	Sorting and assembly machinery component 50 homolog	279157	315538	1.01908e+06	654610
Q9Y520	Q9Y520	PRC2C_HUMAN	PRRC2C	Protein PRRC2C	1.44243e+06	984672	534225	1.49527e+06
Q9Y530	Q9Y530	OARD1_HUMAN	OARD1	ADP-ribose glycohydrolase OARD1	684279	697657	659177	1.1294e+06
Q9Y547	Q9Y547	IFT25_HUMAN	IFT25	Intraflagellar transport protein 25 homolog	813727	1.11313e+06	549267	
Q9Y570	Q9Y570	PPME1_HUMAN	PPME1	Protein phosphatase methylesterase 1	2.13819e+06	1.31924e+06	1.15466e+06	999397
Q9Y584	Q9Y584	TIM22_HUMAN	TIMM22	Mitochondrial import inner membrane translocase subunit Tim22	383169	599203		
Q9Y587	Q9Y587	AP4S1_HUMAN	AP4S1	AP-4 complex subunit sigma-1	22445.3	22557		
Q9Y592	Q9Y592	CEP83_HUMAN	CEP83	Centrosomal protein of 83 kDa		136493		
Q9Y5A7	Q9Y5A7	NUB1_HUMAN	NUB1	NEDD8 ultimate buster 1	780700	518728	480373	114050
Q9Y5A9	Q9Y5A9	YTHD2_HUMAN	YTHDF2	YTH domain-containing family protein 2	1.02165e+06	861386	782655	995991
Q9Y5B0	Q9Y5B0	CTDP1_HUMAN	CTDP1	RNA polymerase II subunit A C-terminal domain phosphatase	318502	182461	321072	301010
Q9Y5B9	Q9Y5B9	SP16H_HUMAN	SUPT16H	FACT complex subunit SPT16	1.0915e+06	881022	1.4402e+06	755980
Q9Y5J1	Q9Y5J1	UTP18_HUMAN	UTP18	U3 small nucleolar RNA-associated protein 18 homolog	114919			
Q9Y5J5	Q9Y5J5	PHLA3_HUMAN	PHLDA3	Pleckstrin homology-like domain family A member 3	146160	225405	173200	
Q9Y5J7	Q9Y5J7	TIM9_HUMAN	TIMM9	Mitochondrial import inner membrane translocase subunit Tim9	91052.2	322756		49109.6
Q9Y5K5	Q9Y5K5	UCHL5_HUMAN	UCHL5	Ubiquitin carboxyl-terminal hydrolase isozyme L5	1.59653e+06	1.24875e+06	401145	1.42384e+06
Q9Y5K6	Q9Y5K6	CD2AP_HUMAN	CD2AP	CD2-associated protein	2.77576e+06	2.9724e+06	1.84043e+06	4.23176e+06
Q9Y5K8	Q9Y5K8	VATD_HUMAN	ATP6V1D	V-type proton ATPase subunit D	864102	1.36655e+06	837895	891147
Q9Y5L0	Q9Y5L0	TNPO3_HUMAN	TNPO3	Transportin-3	703070	305822	267485	
Q9Y5L3	Q9Y5L3	ENTP2_HUMAN	ENTPD2	Ectonucleoside triphosphate diphosphohydrolase 2	169408	59450.9	90249.5	
Q9Y5L4	Q9Y5L4	TIM13_HUMAN	TIMM13	Mitochondrial import inner membrane translocase subunit Tim13	2.18806e+06	3.41859e+06	1.05866e+06	1.97245e+06
Q9Y5M8	Q9Y5M8	SRPRB_HUMAN	SRPRB	Signal recognition particle receptor subunit beta	3.93124e+06	5.34555e+06	3.1102e+06	1.97877e+06
Q9Y5N5	Q9Y5N5	N6MT1_HUMAN	N6AMT1	Methyltransferase N6AMT1	57077.5	55754.9		
Q9Y5P4	Q9Y5P4	CERT_HUMAN	CERT1	Ceramide transfer protein	773317	661304	924797	417305
Q9Y5P6	Q9Y5P6	GMPPB_HUMAN	GMPPB	Mannose-1-phosphate guanyltransferase beta	3.95212e+06	1.08295e+07	6.4982e+06	4.27906e+06
Q9Y5Q8	Q9Y5Q8	TF3C5_HUMAN	GTF3C5	General transcription factor 3C polypeptide 5	107252	43680.6	151476	
Q9Y5R5	Q9Y5R5	DMRT2_HUMAN	DMRT2	Doublesex- and mab-3-related transcription factor 2			7.55091e+06	
Q9Y5R8	Q9Y5R8	TPPC1_HUMAN	TRAPPC1	Trafficking protein particle complex subunit 1	754428	781394	779993	555393
Q9Y5S1	Q9Y5S1	TRPV2_HUMAN	TRPV2	Transient receptor potential cation channel subfamily V member 2	95417.3	61834.6	146784	
Q9Y5S2	Q9Y5S2	MRCKB_HUMAN	CDC42BPB	Serine/threonine-protein kinase MRCK beta	634064	528197	851289	1.31846e+06
Q9Y5S8	Q9Y5S8	NOX1_HUMAN	NOX1	NADPH oxidase 1	674316	139648	185718	
Q9Y5S9	Q9Y5S9	RBM8A_HUMAN	RBM8A	RNA-binding protein 8A	2.8486e+06	3.04532e+06	4.21302e+06	2.57866e+06
Q9Y5U8	Q9Y5U8	MPC1_HUMAN	MPC1	Mitochondrial pyruvate carrier 1	701428	864171	1.10497e+06	2.12335e+06
Q9Y5U9	Q9Y5U9	IR3IP_HUMAN	IER3IP1	Immediate early response 3-interacting protein 1			562269	
Q9Y5V0	Q9Y5V0	ZN706_HUMAN	ZNF706	Zinc finger protein 706	350294	321792	166310	
Q9Y5X1	Q9Y5X1	SNX9_HUMAN	SNX9	Sorting nexin-9	740250	449781	857741	1.03748e+06
Q9Y5X2	Q9Y5X2	SNX8_HUMAN	SNX8	Sorting nexin-8	320826	214478	169985	
Q9Y5X3	Q9Y5X3	SNX5_HUMAN	SNX5	Sorting nexin-5	2.30493e+06	2.6034e+06	3.24483e+06	1.67891e+06
Q9Y5Y2	Q9Y5Y2	NUBP2_HUMAN	NUBP2	Cytosolic Fe-S cluster assembly factor NUBP2	954066	886716	182459	380851
Q9Y5Y5	Q9Y5Y5	PEX16_HUMAN	PEX16	Peroxisomal membrane protein PEX16	73096.6		51270.7	
Q9Y5Y6	Q9Y5Y6	ST14_HUMAN	ST14	Suppressor of tumorigenicity 14 protein	1.9025e+06	2.12674e+06	2.61936e+06	3.46407e+06
Q9Y5Y7	Q9Y5Y7	LYVE1_HUMAN	LYVE1	Lymphatic vessel endothelial hyaluronic acid receptor 1	75459.6	105063	68782.6	
Q9Y5Z4	Q9Y5Z4	HEBP2_HUMAN	HEBP2	Heme-binding protein 2	3.49579e+06	5.13306e+06	4.16654e+06	4.39669e+06
Q9Y605	Q9Y605	MOFA1_HUMAN	MRFAP1	MORF4 family-associated protein 1	119320	206272	33850	
Q9Y606	Q9Y606	PUS1_HUMAN	PUS1	Pseudouridylate synthase 1 homolog	1.06616e+06	811753	825938	280706
Q9Y608	Q9Y608	LRRF2_HUMAN	LRRFIP2	Leucine-rich repeat flightless-interacting protein 2	420356	391344	255948	812028
Q9Y613	Q9Y613	FHOD1_HUMAN	FHOD1	FH1/FH2 domain-containing protein 1	189238	111721	304670	
Q9Y617	Q9Y617	SERC_HUMAN	PSAT1	Phosphoserine aminotransferase	2.79517e+06	1.91083e+06	1.33452e+06	586620
Q9Y618	Q9Y618	NCOR2_HUMAN	NCOR2	Nuclear receptor corepressor 2	135382			
Q9Y619	Q9BXI2;Q9Y619	ORNT1_HUMAN	SLC25A15	Mitochondrial ornithine transporter 1	328234	388452	357025	
Q9Y624	Q9Y624	JAM1_HUMAN	F11R	Junctional adhesion molecule A	2.97377e+06	3.93132e+06	3.16504e+06	4.28225e+06
Q9Y625	Q9Y625	GPC6_HUMAN	GPC6	Glypican-6	754326	744050	446125	235833
Q9Y639	Q9Y639	NPTN_HUMAN	NPTN	Neuroplastin	3.89876e+06	4.8466e+06	5.11387e+06	3.39009e+06
Q9Y646	Q9Y646	CBPQ_HUMAN	CPQ	Carboxypeptidase Q	1.56477e+06	2.56768e+06	1.41448e+06	937395
Q9Y653	Q9Y653	AGRG1_HUMAN	ADGRG1	Adhesion G-protein coupled receptor G1	174885	123284	78538.4	
Q9Y666	Q9Y666	S12A7_HUMAN	SLC12A7	Solute carrier family 12 member 7	701463	440063	595113	479062
Q9Y672	Q9Y672	ALG6_HUMAN	ALG6	Dolichyl pyrophosphate Man9GlcNAc2 alpha-1,3-glucosyltransferase	177765		443933	
Q9Y673	Q9Y673	ALG5_HUMAN	ALG5	Dolichyl-phosphate beta-glucosyltransferase	1.0565e+06	2.42649e+06	1.00679e+06	3.06903e+06
Q9Y676	Q9Y676	RT18B_HUMAN	MRPS18B	Small ribosomal subunit protein mS40	295160	67375.7	388989	266540
Q9Y678	Q9Y678	COPG1_HUMAN	COPG1	Coatomer subunit gamma-1	2.45567e+06	1.23388e+06	4.17013e+06	4.34104e+06
Q9Y679	Q9Y679	AUP1_HUMAN	AUP1	Lipid droplet-regulating VLDL assembly factor AUP1	474038	376988	437549	395371
Q9Y680	Q9Y680	FKBP7_HUMAN	FKBP7	Peptidyl-prolyl cis-trans isomerase FKBP7	1.28134e+06	1.22102e+06	656570	938200
Q9Y689	Q96KC2;Q9Y689	ARL5A_HUMAN	ARL5A	ADP-ribosylation factor-like protein 5A	907190	921241	886097	584671
Q9Y696	Q9Y696	CLIC4_HUMAN	CLIC4	Chloride intracellular channel protein 4	5.01384e+06	5.41992e+06	3.73595e+06	3.02775e+06
Q9Y697	Q9Y697	NFS1_HUMAN	NFS1	Cysteine desulfurase	2.30698e+06	1.86792e+06	965092	1.68979e+06
Q9Y6A4	Q9Y6A4	CFA20_HUMAN	CFAP20	Cilia- and flagella-associated protein 20	749903	566839	600617	171199
Q9Y6A5	Q9Y6A5	TACC3_HUMAN	TACC3	Transforming acidic coiled-coil-containing protein 3	182489	142371	198793	
Q9Y6A9	Q9Y6A9	SPCS1_HUMAN	SPCS1	Signal peptidase complex subunit 1	212322	1.19085e+06	112139	
Q9Y6B6	Q9Y6B6	SAR1B_HUMAN	SAR1B	GTP-binding protein SAR1b	2.00589e+06	4.65084e+06	2.48614e+06	1.35017e+06
Q9Y6C2	Q9Y6C2	EMIL1_HUMAN	EMILIN1	EMILIN-1	817002	869504	2.0752e+06	1.08165e+06
Q9Y6C9	Q9Y6C9	MTCH2_HUMAN	MTCH2	Mitochondrial carrier homolog 2	1.05242e+06	239563	2.86554e+06	3.75904e+06
Q9Y6D5	Q9Y6D5	BIG2_HUMAN	ARFGEF2	Brefeldin A-inhibited guanine nucleotide-exchange protein 2	651048	257877	615972	592570
Q9Y6D6	Q9Y6D5;Q9Y6D6	BIG1_HUMAN	ARFGEF1	Brefeldin A-inhibited guanine nucleotide-exchange protein 1	1.72692e+06	918813	2.08197e+06	1.83351e+06
Q9Y6D9	Q9Y6D9	MD1L1_HUMAN	MAD1L1	Mitotic spindle assembly checkpoint protein MAD1	652358	288451	675049	
Q9Y6E0	Q9Y6E0	STK24_HUMAN	STK24	Serine/threonine-protein kinase 24	1.5382e+06	950818	582557	983378
Q9Y6E2	Q9Y6E2	5MP1_HUMAN	BZW2	eIF5-mimic protein 1	5.41866e+06	3.32445e+06	1.83818e+06	1.6779e+06
Q9Y6F6	Q9Y6F6	IRAG1_HUMAN	IRAG1	Inositol 1,4,5-triphosphate receptor associated 1	178278	77675	240042	168816
Q9Y6G5	Q9Y6G5	COMDA_HUMAN	COMMD10	COMM domain-containing protein 10	352671	403380	476178	
Q9Y6G9	Q9Y6G9	DC1L1_HUMAN	DYNC1LI1	Cytoplasmic dynein 1 light intermediate chain 1	1.19775e+06	842846	528772	1.19472e+06
Q9Y6H1	Q9Y6H1;Q5T1J5	CHCH2_HUMAN	CHCHD2	Coiled-coil-helix-coiled-coil-helix domain-containing protein 2	2.77631e+06	2.19149e+06	1.41313e+06	1.89205e+06
Q9Y6I3	Q9Y6I3	EPN1_HUMAN	EPN1	Epsin-1	1.0029e+06	1.21418e+06	674557	588740
Q9Y6I4	Q9Y6I4	UBP3_HUMAN	USP3	Ubiquitin carboxyl-terminal hydrolase 3	232450	219718	162008	
Q9Y6I8	Q9Y6I8	PXMP4_HUMAN	PXMP4	Peroxisomal membrane protein 4	216665	332602	308402	406342
Q9Y6I9	Q9Y6I9	TX264_HUMAN	TEX264	Testis-expressed protein 264	487754	247950	784331	2.12042e+06
Q9Y6K0	Q9Y6K0	CEPT1_HUMAN	CEPT1	Choline/ethanolaminephosphotransferase 1	527697	276113	2.32064e+06	
Q9Y6K5	Q9Y6K5	OAS3_HUMAN	OAS3	2'-5'-oligoadenylate synthase 3	2.51646e+06	1.32101e+06	2.23172e+06	1.04601e+06
Q9Y6K9	Q9Y6K9	NEMO_HUMAN	IKBKG	NF-kappa-B essential modulator	1.06075e+06	796357	1.43029e+06	
Q9Y6M1	Q9Y6M1	IF2B2_HUMAN	IGF2BP2	Insulin-like growth factor 2 mRNA-binding protein 2	2.73945e+06	1.20254e+06	1.01385e+06	1.41181e+06
Q9Y6M5	Q9Y6M5	ZNT1_HUMAN	SLC30A1	Proton-coupled zinc antiporter SLC30A1	829168	746352	465790	1.2332e+06
Q9Y6M7	Q9Y6M7	S4A7_HUMAN	SLC4A7	Sodium bicarbonate cotransporter 3	141017	100412	138085	
Q9Y6M9	Q9Y6M9	NDUB9_HUMAN	NDUFB9	NADH dehydrogenase [ubiquinone] 1 beta subcomplex subunit 9	891337	779727	3.20041e+06	3.77472e+06
Q9Y6N1	Q9Y6N1	COX11_HUMAN	COX11	Cytochrome c oxidase assembly protein COX11, mitochondrial	272170	103746		
Q9Y6N5	Q9Y6N5	SQOR_HUMAN	SQOR	Sulfide:quinone oxidoreductase, mitochondrial	2.36519e+06	1.73065e+06	8.38615e+06	9.97526e+06
Q9Y6N7	Q9Y6N7	ROBO1_HUMAN	ROBO1	Roundabout homolog 1	376637	247049	223109	
Q9Y6N9	Q9Y6N9	USH1C_HUMAN	USH1C	Harmonin	395892	418411	586973	529330
Q9Y6Q2	Q9Y6Q2	STON1_HUMAN	STON1	Stonin-1	76822.8		38502.7	
Q9Y6Q5	Q9Y6Q5	AP1M2_HUMAN	AP1M2	AP-1 complex subunit mu-2	634478	395047	1.64117e+06	1.39118e+06
Q9Y6R0	Q9Y6R0	NUMBL_HUMAN	NUMBL	Numb-like protein	348008		716741	
Q9Y6R1	Q9Y6R1	S4A4_HUMAN	SLC4A4	Electrogenic sodium bicarbonate cotransporter 1		489090	1.20427e+06	1.17249e+06
Q9Y6R4	Q9Y6R4	M3K4_HUMAN	MAP3K4	Mitogen-activated protein kinase kinase kinase 4	1.22153e+06	1.17898e+06	1.35988e+06	1.15215e+06
Q9Y6R7	Q9Y6R7	FCGBP_HUMAN	FCGBP	IgGFc-binding protein	790641	3.8983e+07	4.81097e+07	8.44041e+07
Q9Y6U3	Q9Y6U3	SCIN_HUMAN	SCIN	Scinderin	417006	1.74609e+06	2.42149e+06	2.5442e+06
Q9Y6W3	Q9Y6W3	CAN7_HUMAN	CAPN7	Calpain-7	340733	218893	481405	481145
Q9Y6W5	Q9Y6W5	WASF2_HUMAN	WASF2	Actin-binding protein WASF2	2.03436e+06	2.14973e+06	582548	5.91432e+06
Q9Y6X3	Q9Y6X3	SCC4_HUMAN	MAU2	MAU2 chromatid cohesion factor homolog	135738	70449.6	99454.3	
Q9Y6X4	Q9Y6X4	F169A_HUMAN	FAM169A	Soluble lamin-associated protein of 75 kDa	96905.2	275526	459557	
Q9Y6X5	Q9Y6X5	ENPP4_HUMAN	ENPP4	Bis(5'-adenosyl)-triphosphatase ENPP4	365635	1.20633e+06	859171	758929
Q9Y6X8	Q9Y6X8	ZHX2_HUMAN	ZHX2	Zinc fingers and homeoboxes protein 2	57841.2	46014.6		
Q9Y6X9	Q9Y6X9	MORC2_HUMAN	MORC2	ATPase MORC2	109197			
Q9Y6Y0	Q9Y6Y0	NS1BP_HUMAN	IVNS1ABP	Influenza virus NS1A-binding protein	198360	150292	330775	
Q9Y6Y8	Q9Y6Y8	S23IP_HUMAN	SEC23IP	SEC23-interacting protein	1.66569e+06	1.11503e+06	3.13101e+06	1.50023e+06
