Protein.Group	Protein.Ids	Protein.Names	Genes	First.Protein.Description	D:\HFX\2023_08\HFX252_GLASGOW_PROTEOME_DIA_25.raw	D:\HFX\2023_08\HFX252_GLASGOW_PROTEOME_DIA_26.raw	D:\HFX\2023_08\HFX252_GLASGOW_PROTEOME_DIA_27.raw	D:\HFX\2023_08\HFX252_GLASGOW_PROTEOME_DIA_28.raw
A0A075B6H7;A0A0C4DH55;P01624	P01624;A0A075B6H7;A0A0C4DH55	KV315_HUMAN;KV37_HUMAN;KVD07_HUMAN	IGKV3-15;IGKV3-7;IGKV3D-7	Probable non-functional immunoglobulin kappa variable 3-7	5.26769e+07	6.00541e+07	4.49938e+07	1.89663e+07
A0A075B6H9	A0A075B6H9	LV469_HUMAN	IGLV4-69	Immunoglobulin lambda variable 4-69	1.20128e+06	872459	966058	423918
A0A075B6I0	A0A075B6I0	LV861_HUMAN	IGLV8-61	Immunoglobulin lambda variable 8-61	1.96309e+06	1.87748e+06	1.27486e+06	736115
A0A075B6I1	A0A075B6I1	LV460_HUMAN	IGLV4-60	Immunoglobulin lambda variable 4-60	844965	482963	621408	190485
A0A075B6I9;P04211	P04211;A0A075B6I9	LV743_HUMAN;LV746_HUMAN	IGLV7-43;IGLV7-46	Immunoglobulin lambda variable 7-46	3.14408e+06	2.66913e+06	2.55501e+06	1.09446e+06
A0A075B6J9	A0A075B6J9	LV218_HUMAN	IGLV2-18	Immunoglobulin lambda variable 2-18	362821	561805	407263	569148
A0A075B6K4	P01715;A0A075B6K4	LV310_HUMAN	IGLV3-10	Immunoglobulin lambda variable 3-10	4.04345e+06	3.09419e+06	2.86977e+06	1.40037e+06
A0A075B6K5	A0A075B6K5	LV39_HUMAN	IGLV3-9	Immunoglobulin lambda variable 3-9	1.53224e+06	584446	628688	348702
A0A075B6R2	A0A075B6R2	HV404_HUMAN	IGHV4-4	Immunoglobulin heavy variable 4-4	5.88505e+06	3.81185e+06	3.91213e+06	1.93634e+06
A0A075B6R9;A0A0C4DH68	A0A075B6R9;A0A0C4DH68	KV224_HUMAN;KVD24_HUMAN	IGKV2-24;IGKV2D-24	Probable non-functional immunoglobulin kappa variable 2D-24	1.51988e+06	1.77373e+06	1.4593e+06	523747
A0A087WSX0;A0A0G2JS06	A0A087WSX0;A0A0G2JS06	LV539_HUMAN;LV545_HUMAN	IGLV5-39;IGLV5-45	Immunoglobulin lambda variable 5-45	708542		198990	
A0A087WSY6	A0A087WSY6	KVD15_HUMAN	IGKV3D-15	Immunoglobulin kappa variable 3D-15	1.01719e+07	7.02263e+06	1.01205e+07	4.17905e+06
A0A0A0MRZ8;P04433	P04433;A0A0A0MRZ8	KV311_HUMAN;KVD11_HUMAN	IGKV3-11;IGKV3D-11	Immunoglobulin kappa variable 3D-11	2.31746e+07	3.84996e+07	2.2136e+07	9.17367e+06
A0A0A0MS15	A0A0A0MS15;A0A0B4J1V6	HV349_HUMAN	IGHV3-49	Immunoglobulin heavy variable 3-49	2.21305e+06	1.49295e+06	1.76211e+06	914111
A0A0A0MT36	A0A0A0MT36;A0A0C4DH26	KVD21_HUMAN	IGKV6D-21	Immunoglobulin kappa variable 6D-21	1.27771e+06	1.22653e+06	775715	526670
A0A0B4J1U3	A0A0B4J1U3	LV136_HUMAN	IGLV1-36	Immunoglobulin lambda variable 1-36	316553		327127	211653
A0A0B4J1U7	A0A0B4J1U7	HV601_HUMAN	IGHV6-1	Immunoglobulin heavy variable 6-1	3.33758e+06	2.51807e+06	2.82662e+06	1.38335e+06
A0A0B4J1V0	A0A0B4J1V0	HV315_HUMAN	IGHV3-15	Immunoglobulin heavy variable 3-15	534321	681341	526364	226780
A0A0B4J1V2	A0A0B4J1V2	HV226_HUMAN	IGHV2-26	Immunoglobulin heavy variable 2-26	614736	352080	553089	238648
A0A0B4J1X5	P01764;P01768;P01772;P01767;A0A0B4J1X5;A0A0C4DH42;P0DP02	HV374_HUMAN	IGHV3-74	Immunoglobulin heavy variable 3-74	1.48795e+07	1.10376e+07	1.37345e+07	5.50259e+06
A0A0B4J1X8	A0A0B4J1X8	HV343_HUMAN	IGHV3-43	Immunoglobulin heavy variable 3-43	475202	306922	303721	154952
A0A0B4J1Y8	A0A0B4J1Y8	LV949_HUMAN	IGLV9-49	Immunoglobulin lambda variable 9-49	1.49192e+06		725132	
A0A0B4J1Y9	A0A0B4J1Y9	HV372_HUMAN	IGHV3-72	Immunoglobulin heavy variable 3-72	2.38375e+07	1.79702e+07	1.84418e+07	8.67498e+06
A0A0B4J2D5;P0DPI2	A0A0B4J2D5;P0DPI2	GAL3A_HUMAN;GAL3B_HUMAN	GATD3;GATD3B	Putative glutamine amidotransferase-like class 1 domain-containing protein 3B, mitochondrial	4.62702e+06	5.32912e+06	1.47868e+06	3.19127e+06
A0A0B4J2D9	A0A0B4J2D9	KVD13_HUMAN	IGKV1D-13	Immunoglobulin kappa variable 1D-13	478391		327370	
A0A0C4DH24	A0A0C4DH24	KV621_HUMAN	IGKV6-21	Immunoglobulin kappa variable 6-21	732725	362201	436764	
A0A0C4DH25	A0A0C4DH25	KVD20_HUMAN	IGKV3D-20	Immunoglobulin kappa variable 3D-20	6.57233e+06	6.02313e+06	4.12966e+06	1.86199e+06
A0A0C4DH29	A0A0C4DH29	HV103_HUMAN	IGHV1-3	Immunoglobulin heavy variable 1-3	522952	743440	519422	303475
A0A0C4DH31	A0A0C4DH31	HV118_HUMAN	IGHV1-18	Immunoglobulin heavy variable 1-18	5.96378e+06	3.13262e+06	5.48479e+06	2.54863e+06
A0A0C4DH34	A0A0C4DH34	HV428_HUMAN	IGHV4-28	Immunoglobulin heavy variable 4-28	3.43009e+06	1.92869e+06	2.44933e+06	698023
A0A0C4DH35	A0A0C4DH35	HV335_HUMAN	IGHV3-35	Probable non-functional immunoglobulin heavy variable 3-35	3.32375e+06	2.90399e+06	2.15894e+06	1.15498e+06
A0A0C4DH36	A0A0C4DH36	HV338_HUMAN	IGHV3-38	Probable non-functional immunoglobulin heavy variable 3-38	1.57529e+06	1.46545e+06	1.70139e+06	803957
A0A0C4DH38	A0A0C4DH38	HV551_HUMAN	IGHV5-51	Immunoglobulin heavy variable 5-51	2.10683e+06	1.59461e+06	1.53907e+06	699264
A0A0C4DH41;P01824;P01825;P06331;P0DP06;P0DP08	P01824;P01825;P06331;A0A0C4DH41;P0DP06;P0DP08	HV434_HUMAN;HV439_HUMAN;HV459_HUMAN;HV461_HUMAN;HVD34_HUMAN;HVD82_HUMAN	IGHV4-30-4;IGHV4-34;IGHV4-38-2;IGHV4-39;IGHV4-59;IGHV4-61	Immunoglobulin heavy variable 4-61	1.26228e+07	1.07055e+07	1.11555e+07	4.74713e+06
A0A0C4DH43	P01814;A0A0C4DH43	HV70D_HUMAN	IGHV2-70D	Immunoglobulin heavy variable 2-70D	3.93447e+06	2.24528e+06	3.62689e+06	2.08545e+06
A0A0C4DH67;A0A0C4DH69	A0A075B6S5;A0A0C4DH67;A0A0C4DH69	KV108_HUMAN;KV109_HUMAN	IGKV1-8;IGKV1-9	Immunoglobulin kappa variable 1-8	3.86131e+06		3.82004e+06	1.4016e+06
A0A0J9YX35	A0A0J9YX35	HV64D_HUMAN	IGHV3-64D	Immunoglobulin heavy variable 3-64D	2.33941e+06	1.63039e+06	1.86467e+06	1.02615e+06
A0A0J9YXX1	A0A0J9YXX1	HV5X1_HUMAN	IGHV5-10-1	Immunoglobulin heavy variable 5-10-1	4.5638e+06	3.46373e+06	3.46297e+06	1.56959e+06
A0A0U1RR37	A0A0U1RR37	CA232_HUMAN	C1orf232	Uncharacterized protein C1orf232		186424		373994
A0A1B0GVG6	A0A1B0GVG6	TEX54_HUMAN	TEX54	Testis-expressed protein 54		1.20207e+06		
A0A1W2PQ73	A0A1W2PQ73	ERFL_HUMAN	ERFL	ETS domain-containing transcription factor ERF-like	3.67465e+06	2.85596e+06	2.78535e+06	1.16652e+06
A0AV96	A0AV96	RBM47_HUMAN	RBM47	RNA-binding protein 47	1.33864e+06	1.15956e+06	521556	987720
A0AVT1	A0AVT1	UBA6_HUMAN	UBA6	Ubiquitin-like modifier-activating enzyme 6	1.40589e+06	1.23853e+06	1.72631e+06	1.89813e+06
A0FGR8	A0FGR8	ESYT2_HUMAN	ESYT2	Extended synaptotagmin-2	1.22982e+06	1.72194e+06	1.98178e+06	1.75611e+06
A0M8Q6	A0M8Q6	IGLC7_HUMAN	IGLC7	Immunoglobulin lambda constant 7	1.28315e+06	1.4372e+06	776398	360939
A0MZ66	A0MZ66	SHOT1_HUMAN	SHTN1	Shootin-1	1.02482e+06	1.09187e+06		580753
A0PJW6	A0PJW6	TM223_HUMAN	TMEM223	Transmembrane protein 223	489260	168005		128479
A1A5B4	A1A5B4	ANO9_HUMAN	ANO9	Anoctamin-9	335586	195742		
A1L0T0	A1L0T0	HACL2_HUMAN	ILVBL	2-hydroxyacyl-CoA lyase 2	2.59778e+06	2.48653e+06	531467	1.21917e+06
A1X283	A1X283	SPD2B_HUMAN	SH3PXD2B	SH3 and PX domain-containing protein 2B	661376	773600	752934	1.91866e+06
A2NJV5	A0A075B6S2;A2NJV5	KV229_HUMAN	IGKV2-29	Immunoglobulin kappa variable 2-29	8.8276e+06	8.48251e+06	8.48436e+06	4.13982e+06
A2RRP1	A2RRP1	NBAS_HUMAN	NBAS	NBAS subunit of NRZ tethering complex	1.20109e+06	606704	992731	752159
A3KMH1	A3KMH1	VWA8_HUMAN	VWA8	von Willebrand factor A domain-containing protein 8	990353	1.04583e+06	382406	522847
A4D1P6	A4D1P6	WDR91_HUMAN	WDR91	WD repeat-containing protein 91	270150		627828	321408
A4D1U4	A4D1U4	DEN11_HUMAN	DENND11	DENN domain-containing protein 11	346672			
A5YKK6	A5YKK6	CNOT1_HUMAN	CNOT1	CCR4-NOT transcription complex subunit 1	737709	531554	680945	1.10826e+06
A6NC98	A6NC98	CC88B_HUMAN	CCDC88B	Coiled-coil domain-containing protein 88B	351600		386329	579282
A6NCE7;Q9GZQ8	Q9GZQ8;Q9H492;A6NCE7	MLP3B_HUMAN;MP3B2_HUMAN	MAP1LC3B;MAP1LC3B2	Microtubule-associated proteins 1A/1B light chain 3 beta 2	708322	1.33773e+06	1.55714e+06	1.63912e+06
A6NCS6	A6NCS6	CB072_HUMAN	C2orf72	Uncharacterized protein C2orf72	502812	360162		
A6NDG6	A6NDG6	PGP_HUMAN	PGP	Glycerol-3-phosphate phosphatase	4.5971e+06	5.47168e+06	5.56503e+06	4.7654e+06
A6NDU8	A6NDU8	RIMC1_HUMAN	RIMOC1	RAB7A-interacting MON1-CCZ1 complex subunit 1	113734			
A6NGC4	A6NGC4	TLCD2_HUMAN	TLCD2	TLC domain-containing protein 2		62085.9		
A6NHL2	A6NHL2	TBAL3_HUMAN	TUBAL3	Tubulin alpha chain-like 3	2.15617e+06			2.19299e+06
A6NHR9	A6NHR9	SMHD1_HUMAN	SMCHD1	Structural maintenance of chromosomes flexible hinge domain-containing protein 1	287748	316689	1.09601e+06	666925
A6NI72;P14598	P14598;A6NI72;A8MVU1	NCF1B_HUMAN;NCF1_HUMAN	NCF1;NCF1B	Putative neutrophil cytosol factor 1B	1.11097e+06	1.02192e+06	8.4503e+06	3.553e+06
A6NIH7	A6NIH7;Q13432	U119B_HUMAN	UNC119B	Protein unc-119 homolog B	341006		348499	482512
A7E2V4	A7E2V4	ZSWM8_HUMAN	ZSWIM8	Zinc finger SWIM domain-containing protein 8	294732	250369	405941	426572
A8K2U0	A8K2U0	A2ML1_HUMAN	A2ML1	Alpha-2-macroglobulin-like protein 1		570137	1.55076e+06	
A8K7I4	A8K7I4	CLCA1_HUMAN	CLCA1	Calcium-activated chloride channel regulator 1	1.01482e+07	3.39452e+06		913953
A8MTT3	A8MTT3	CEBOS_HUMAN	CEBPZOS	Protein CEBPZOS	249512	179076	240045	671111
A8MV81;Q9Y241	Q9Y241;A8MV81	HIG1A_HUMAN;HIG1C_HUMAN	HIGD1A;HIGD1C	HIG1 domain family member 1C	2.59644e+06		937396	2.37097e+06
A8MVS5	A8MVS5	HIDE1_HUMAN	HIDE1	Protein HIDE1			941859	308584
A8MWD9;P62308	P62308;A8MWD9	RUXGL_HUMAN;RUXG_HUMAN	SNRPG;SNRPGP15	Putative small nuclear ribonucleoprotein G-like protein 15	4.44267e+06	1.61947e+06	1.02597e+07	8.76744e+06
A8MXV4	A8MXV4	NUD19_HUMAN	NUDT19	Acyl-coenzyme A diphosphatase NUDT19	788180	679152	409604	642612
A9UHW6	A9UHW6	MI4GD_HUMAN	MIF4GD	MIF4G domain-containing protein	68610.4			77909.4
B0I1T2	B0I1T2	MYO1G_HUMAN	MYO1G	Unconventional myosin-Ig	497735		642608	483015
B1AK53	B1AK53	ESPN_HUMAN	ESPN	Espin				139344
B3EWG5	B3EWG5	FM25C_HUMAN	FAM25C	Protein FAM25C		1.54046e+06	1.52932e+06	1.63696e+06
B7ZAQ6	B7ZAQ6	GPHRA_HUMAN	GPR89A	Golgi pH regulator A	572328	552507	408709	614398
B9A064	A0M8Q6;P0CG04;P0DOY2;P0DOY3;P0CF74;B9A064;P0DOX8	IGLL5_HUMAN	IGLL5	Immunoglobulin lambda-like polypeptide 5	2.93671e+08	3.5185e+08	1.83425e+08	9.10496e+07
C4AMC7;Q6VEQ5	A8K0Z3;C4AMC7;Q6VEQ5;A8MWX3;Q9NQA3	WASH2_HUMAN;WASH3_HUMAN	WASH2P;WASH3P	Putative WAS protein family homolog 3	1.08809e+06	1.61428e+06		878574
C9JI98	C9JI98	TM238_HUMAN	TMEM238	Transmembrane protein 238	954310	917598		759656
C9JLW8	C9JLW8	MCRI1_HUMAN	MCRIP1	Mapk-regulated corepressor-interacting protein 1	271842		378669	460334
C9JN71	C9JN71	ZN878_HUMAN	ZNF878	Zinc finger protein 878	409330	160868	285331	483550
E9PAV3;Q13765	Q13765;E9PAV3	NACAM_HUMAN;NACA_HUMAN	NACA	Nascent polypeptide-associated complex subunit alpha, muscle-specific form	4.00995e+06	5.73632e+06	2.09251e+06	3.50367e+06
HLA:HLA00001	HLA:HLA00001	A*01:01:01:01	A*01:01:01:01		5.07149e+06	5.46519e+06	9.52412e+06	8.73304e+06
HLA:HLA00005	HLA:HLA00001;HLA:HLA00005;HLA:HLA00146;HLA:HLA00318	A*02:01:01:01	A*02:01:01:01		1.57856e+07	1.42061e+07	2.53776e+07	2.56649e+07
HLA:HLA00146	HLA:HLA00146	B*08:01:01:01	B*08:01:01:01		6.77892e+06	8.18014e+06	1.5769e+07	1.99121e+07
HLA:HLA00318	HLA:HLA00318	B*44:02:01:01	B*44:02:01:01		2.66783e+06	3.10829e+06	5.23487e+06	6.43604e+06
HLA:HLA00427	P01893;HLA:HLA00427	C*05:01:01:01	C*05:01:01:01		3.86582e+06	4.93316e+06	4.25117e+06	4.48649e+06
HLA:HLA00433	HLA:HLA00433	C*07:01:01:01	C*07:01:01:01		843662	1.06369e+06	1.2986e+06	1.36535e+06
HLA:HLA00521	HLA:HLA00521	DPB1*04:01:01:01	DPB1*04:01:01:01		1.70387e+06	2.2049e+06	2.7923e+06	1.52225e+06
HLA:HLA00625	HLA:HLA00625	DQB1*03:01:01:01	DQB1*03:01:01:01		2.89566e+06	2.73098e+06	3.0808e+06	2.36496e+06
HLA:HLA00685	HLA:HLA00685	DRB1*04:01:01:01	DRB1*04:01:01:01		8.34307e+06	7.39144e+06	1.39894e+07	8.84113e+06
HLA:HLA00751	HLA:HLA00751	DRB1*11:01:01:01	DRB1*11:01:01:01		6.25483e+06	6.24876e+06	1.50407e+07	1.00827e+07
HLA:HLA00887	HLA:HLA00887	DRB3*01:01:02:01	DRB3*01:01:02:01		240016	169541	925467	447333
HLA:HLA00905	HLA:HLA00905	DRB4*01:01:01:01	DRB4*01:01:01:01		554955	773796	1.32669e+06	725587
HLA:HLA00934;HLA:HLA00936	HLA:HLA00934;HLA:HLA00936	E*01:01:01:01;E*01:03:01:01	E*01:01:01:01;E*01:03:01:01		527047	617515		677109
L0R6Q1	L0R6Q1	S35U4_HUMAN	SLC35A4	SLC35A4 upstream open reading frame protein	1.00805e+06	415516	329544	753543
L0R8F8	L0R8F8	MIDUO_HUMAN	MIEF1	Mitochondrial ribosome and complex I assembly factor AltMIEF1	791158			639743
O00115	O00115	DNS2A_HUMAN	DNASE2	Deoxyribonuclease-2-alpha	319336	447024	407830	304248
O00116	O00116	ADAS_HUMAN	AGPS	Alkyldihydroxyacetonephosphate synthase, peroxisomal	1.65574e+06	1.65141e+06	993593	1.90183e+06
O00139	O00139	KIF2A_HUMAN	KIF2A	Kinesin-like protein KIF2A	486950		549116	458707
O00142	O00142	KITM_HUMAN	TK2	Thymidine kinase 2, mitochondrial	143610		176994	191773
O00148	O00148	DX39A_HUMAN	DDX39A	ATP-dependent RNA helicase DDX39A	1.09523e+06	1.72225e+06	993930	1.64389e+06
O00151	O00151	PDLI1_HUMAN	PDLIM1	PDZ and LIM domain protein 1	7.55759e+06	8.56313e+06	1.02817e+06	3.56288e+06
O00154	O00154	BACH_HUMAN	ACOT7	Cytosolic acyl coenzyme A thioester hydrolase	2.3026e+06	2.0533e+06	847341	3.03563e+06
O00159	O00159	MYO1C_HUMAN	MYO1C	Unconventional myosin-Ic	1.05261e+06	962135	1.08762e+06	1.1215e+06
O00160	O00160	MYO1F_HUMAN	MYO1F	Unconventional myosin-If	1.07576e+06	1.06128e+06	1.53433e+06	1.15679e+06
O00161	O00161	SNP23_HUMAN	SNAP23	Synaptosomal-associated protein 23	1.38991e+06	1.03286e+06	803940	650348
O00165	O00165	HAX1_HUMAN	HAX1	HCLS1-associated protein X-1	257076	167637		147082
O00170	O00170	AIP_HUMAN	AIP	AH receptor-interacting protein	1.21689e+06	1.50454e+06	943097	2.07127e+06
O00178	O00178	GTPB1_HUMAN	GTPBP1	GTP-binding protein 1	375117	231781	95691.9	524542
O00182	O00182	LEG9_HUMAN	LGALS9	Galectin-9	3.15332e+06	2.0935e+06	1.57577e+06	1.76237e+06
O00186	O00186	STXB3_HUMAN	STXBP3	Syntaxin-binding protein 3	2.1934e+06	2.4877e+06	1.526e+06	2.09635e+06
O00187	O00187	MASP2_HUMAN	MASP2	Mannan-binding lectin serine protease 2	285526	274719	458703	148893
O00193	O00193	SMAP_HUMAN	SMAP	Small acidic protein	2.22525e+06	2.35336e+06		992184
O00194	O00194	RB27B_HUMAN	RAB27B	Ras-related protein Rab-27B	693841	671685	127142	326483
O00203	O00203;Q13367	AP3B1_HUMAN	AP3B1	AP-3 complex subunit beta-1	2.16018e+06	1.7134e+06	2.43371e+06	2.2645e+06
O00204	O00204	ST2B1_HUMAN	SULT2B1	Sulfotransferase 2B1			1.7816e+06	1.33214e+06
O00214	O00214	LEG8_HUMAN	LGALS8	Galectin-8	419070		617440	490374
O00217	O00217	NDUS8_HUMAN	NDUFS8	NADH dehydrogenase [ubiquinone] iron-sulfur protein 8, mitochondrial	2.07955e+06	1.74131e+06	416599	867680
O00231	O00231	PSD11_HUMAN	PSMD11	26S proteasome non-ATPase regulatory subunit 11	8.13521e+06	6.79277e+06	1.49548e+06	7.84186e+06
O00232	O00232	PSD12_HUMAN	PSMD12	26S proteasome non-ATPase regulatory subunit 12	3.03897e+06	2.00065e+06	2.06934e+06	3.34923e+06
O00233	O00233	PSMD9_HUMAN	PSMD9	26S proteasome non-ATPase regulatory subunit 9	1.60229e+06	2.25436e+06	1.69872e+06	1.71324e+06
O00241	O00241	SIRB1_HUMAN	SIRPB1	Signal-regulatory protein beta-1			438490	191900
O00244	O00244	ATOX1_HUMAN	ATOX1	Copper transport protein ATOX1	1.56983e+06	2.01999e+06	1.78435e+06	3.04801e+06
O00264	O00264	PGRC1_HUMAN	PGRMC1	Membrane-associated progesterone receptor component 1	5.40887e+06	5.78083e+06	4.0606e+06	5.51396e+06
O00267	O00267	SPT5H_HUMAN	SUPT5H	Transcription elongation factor SPT5	693855	701259	968868	1.06659e+06
O00273	O00273	DFFA_HUMAN	DFFA	DNA fragmentation factor subunit alpha	830149	1.04996e+06		397702
O00291	O00291	HIP1_HUMAN	HIP1	Huntingtin-interacting protein 1	716496	2.2338e+06	1.36142e+06	995073
O00292;O75610	O00292;O75610	LFTY1_HUMAN;LFTY2_HUMAN	LEFTY1;LEFTY2	Left-right determination factor 2	351725	369879		
O00299	O00299	CLIC1_HUMAN	CLIC1	Chloride intracellular channel protein 1	4.17836e+07	4.79735e+07	4.32253e+07	6.51523e+07
O00303	O00303	EIF3F_HUMAN	EIF3F	Eukaryotic translation initiation factor 3 subunit F	2.41922e+06	1.66341e+06	1.42076e+06	2.58614e+06
O00329	O00329	PK3CD_HUMAN	PIK3CD	Phosphatidylinositol 4,5-bisphosphate 3-kinase catalytic subunit delta isoform	366585	464980	355073	203085
O00330	O00330	ODPX_HUMAN	PDHX	Pyruvate dehydrogenase protein X component, mitochondrial	1.39415e+06	1.35433e+06	477515	735287
O00338	O00338	ST1C2_HUMAN	SULT1C2	Sulfotransferase 1C2	319803			174357
O00391	O00391	QSOX1_HUMAN	QSOX1	Sulfhydryl oxidase 1	1.15919e+06	1.30406e+06	1.5157e+06	697480
O00399	O00399	DCTN6_HUMAN	DCTN6	Dynactin subunit 6	695758	700086	901907	667611
O00400	O00400	ACATN_HUMAN	SLC33A1	Acetyl-coenzyme A transporter 1	493025	272453	231926	368323
O00401	O00401	WASL_HUMAN	WASL	Actin nucleation-promoting factor WASL	949125	1.4237e+06	273402	
O00410	O00410	IPO5_HUMAN	IPO5	Importin-5	2.76007e+06	1.85822e+06	182961	1.14173e+06
O00422	O00422	SAP18_HUMAN	SAP18	Histone deacetylase complex subunit SAP18	308726	350194	427347	802520
O00423	O00423	EMAL1_HUMAN	EML1	Echinoderm microtubule-associated protein-like 1	295153	482048	534340	532880
O00425	O00425	IF2B3_HUMAN	IGF2BP3	Insulin-like growth factor 2 mRNA-binding protein 3	116666			635709
O00429	O00429	DNM1L_HUMAN	DNM1L	Dynamin-1-like protein	2.5857e+06	2.11732e+06	651510	1.83173e+06
O00442	O00442	RTCA_HUMAN	RTCA	RNA 3'-terminal phosphate cyclase	2.03268e+06	1.85791e+06	1.24645e+06	1.79222e+06
O00461	O00461	GOLI4_HUMAN	GOLIM4	Golgi integral membrane protein 4	1.47888e+06	1.7e+06	833370	1.69976e+06
O00462	O00462	MANBA_HUMAN	MANBA	Beta-mannosidase	613995	656827	803524	472787
O00468	O00468	AGRIN_HUMAN	AGRN	Agrin	547860	873283	652642	1.16832e+06
O00469	O00469	PLOD2_HUMAN	PLOD2	Procollagen-lysine,2-oxoglutarate 5-dioxygenase 2	525640	427589	2.96133e+06	3.25609e+06
O00471	O00471	EXOC5_HUMAN	EXOC5	Exocyst complex component 5	363160	981586	438464	390641
O00478	O00478	BT3A3_HUMAN	BTN3A3	Butyrophilin subfamily 3 member A3	563944	682641	730752	720309
O00479	O00479	HMGN4_HUMAN	HMGN4	High mobility group nucleosome-binding domain-containing protein 4	1.20868e+07	9.43271e+06	5.85382e+06	1.43778e+07
O00483	O00483	NDUA4_HUMAN	NDUFA4	Cytochrome c oxidase subunit NDUFA4	5.05227e+06	3.93269e+06		697050
O00487	O00487	PSDE_HUMAN	PSMD14	26S proteasome non-ATPase regulatory subunit 14	4.17986e+06	3.11482e+06	780762	3.18288e+06
O00499	O00499	BIN1_HUMAN	BIN1	Myc box-dependent-interacting protein 1	367133	517471	309181	470037
O00505	O00505;O00629	IMA4_HUMAN	KPNA3	Importin subunit alpha-4	1.43149e+06	1.4273e+06	661444	2.04097e+06
O00507	O00507	USP9Y_HUMAN	USP9Y	Probable ubiquitin carboxyl-terminal hydrolase FAF-Y	143184			127003
O00515	O00515	LAD1_HUMAN	LAD1	Ladinin-1	2.16644e+06	4.09247e+06	749111	1.10451e+06
O00519	O00519	FAAH1_HUMAN	FAAH	Fatty-acid amide hydrolase 1	310938		137301	245522
O00533	O00533	NCHL1_HUMAN	CHL1	Neural cell adhesion molecule L1-like protein	459786	527503		
O00534	O00534	VMA5A_HUMAN	VWA5A	von Willebrand factor A domain-containing protein 5A	5.50613e+06	3.81265e+06	2.34376e+06	1.86461e+06
O00541	O00541	PESC_HUMAN	PES1	Pescadillo homolog				161211
O00560	O00560	SDCB1_HUMAN	SDCBP	Syntenin-1	312460	318605	2.66207e+06	1.379e+06
O00562	O00562	PITM1_HUMAN	PITPNM1	Membrane-associated phosphatidylinositol transfer protein 1			435125	612422
O00567	O00567	NOP56_HUMAN	NOP56	Nucleolar protein 56	140422	278018	362836	354453
O00571	O00571;O15523	DDX3X_HUMAN	DDX3X	ATP-dependent RNA helicase DDX3X	2.50007e+06	3.22179e+06	2.08907e+06	4.28521e+06
O00584	O00584	RNT2_HUMAN	RNASET2	Ribonuclease T2	2.307e+06	1.77776e+06	2.14672e+06	1.02232e+06
O00592	O00592	PODXL_HUMAN	PODXL	Podocalyxin	485749	571829	167245	703779
O00602	O00602	FCN1_HUMAN	FCN1	Ficolin-1		1.03866e+06	2.12466e+06	1.42429e+06
O00625	O00625	PIR_HUMAN	PIR	Pirin	402435	340039	461849	1.41009e+06
O00629	O00629	IMA3_HUMAN	KPNA4	Importin subunit alpha-3	473981	558847	183331	401171
O00743	O00743	PPP6_HUMAN	PPP6C	Serine/threonine-protein phosphatase 6 catalytic subunit	1.08036e+06	695437	1.13879e+06	1.30108e+06
O00748	O00748;P22303;Q5XG92	EST2_HUMAN	CES2	Cocaine esterase	8.03661e+06	5.37082e+06	515492	3.56101e+06
O00754	O00754	MA2B1_HUMAN	MAN2B1	Lysosomal alpha-mannosidase	8.21204e+06	5.80651e+06	1.23886e+07	6.87722e+06
O00757	O00757	F16P2_HUMAN	FBP2	Fructose-1,6-bisphosphatase isozyme 2	1.56715e+06	1.64288e+06	2.54194e+06	1.60301e+06
O00764	O00764	PDXK_HUMAN	PDXK	Pyridoxal kinase	3.20202e+06	1.63428e+06	5.0113e+06	4.34952e+06
O00767	O00767	SCD_HUMAN	SCD	Stearoyl-CoA desaturase	580932	596317		1.01315e+06
O14493	O14493	CLD4_HUMAN	CLDN4	Claudin-4	955816	2.36491e+06		516510
O14494	O14494	PLPP1_HUMAN	PLPP1	Phospholipid phosphatase 1	408700	176503	301747	380853
O14495	O14495	PLPP3_HUMAN	PLPP3	Phospholipid phosphatase 3	1.15838e+06	575069		220470
O14497	O14497	ARI1A_HUMAN	ARID1A	AT-rich interactive domain-containing protein 1A	180012		54025.7	155760
O14498	O14498	ISLR_HUMAN	ISLR	Immunoglobulin superfamily containing leucine-rich repeat protein	459425		551127	1.21545e+06
O14521	O14521	DHSD_HUMAN	SDHD	Succinate dehydrogenase [ubiquinone] cytochrome b small subunit, mitochondrial	1.77595e+06	716604	414194	1.09753e+06
O14530	O14530	TXND9_HUMAN	TXNDC9	Thioredoxin domain-containing protein 9	136307		85717.8	341281
O14548	O14548	COX7R_HUMAN	COX7A2L	Cytochrome c oxidase subunit 7A-related protein, mitochondrial	2.20239e+06	2.72536e+06	419021	1.56988e+06
O14562	O14562	UBFD1_HUMAN	UBFD1	Ubiquitin domain-containing protein UBFD1	827911	737473	1.07375e+06	1.08097e+06
O14569	O14569	C56D2_HUMAN	CYB561D2	Transmembrane reductase CYB561D2	614106	453849	643741	505299
O14578	O14578	CTRO_HUMAN	CIT	Citron Rho-interacting kinase	275724	159527		239358
O14579	O14579	COPE_HUMAN	COPE	Coatomer subunit epsilon	4.8625e+06	2.27622e+06	2.76135e+06	4.94633e+06
O14607;O15550	O14607;O15550	KDM6A_HUMAN;UTY_HUMAN	KDM6A;UTY	Histone demethylase UTY	560982			452952
O14617	O14617	AP3D1_HUMAN	AP3D1	AP-3 complex subunit delta-1	1.31347e+06	1.18405e+06	1e+06	1.33434e+06
O14618	O14618	CCS_HUMAN	CCS	Copper chaperone for superoxide dismutase	1.77876e+06	1.66219e+06	1.09208e+06	945570
O14639	O14639	ABLM1_HUMAN	ABLIM1	Actin-binding LIM protein 1	218728	314333		202393
O14641	O14641;Q92997	DVL2_HUMAN	DVL2	Segment polarity protein dishevelled homolog DVL-2	352790		355478	313164
O14653	O14653	GOSR2_HUMAN	GOSR2	Golgi SNAP receptor complex member 2	951907	982240	696111	960584
O14656	O14656	TOR1A_HUMAN	TOR1A	Torsin-1A	403666		292078	539740
O14657	O14657	TOR1B_HUMAN	TOR1B	Torsin-1B	1.17287e+06	788725	440189	808674
O14662	O14662	STX16_HUMAN	STX16	Syntaxin-16	329551	315939	179798	304053
O14672	O14672	ADA10_HUMAN	ADAM10	Disintegrin and metalloproteinase domain-containing protein 10	2.46734e+06	2.32967e+06	2.7304e+06	2.17814e+06
O14681	O14681	EI24_HUMAN	EI24	Etoposide-induced protein 2.4 homolog	846743	414426	415030	599138
O14683	O14683	P5I11_HUMAN	TP53I11	Tumor protein p53-inducible protein 11	1.38226e+06	832560		451072
O14684	O14684	PTGES_HUMAN	PTGES	Prostaglandin E synthase	461159	1.24084e+06	3.04718e+06	3.35941e+06
O14727	O14727	APAF_HUMAN	APAF1	Apoptotic protease-activating factor 1	487779	522301	541519	638152
O14732	O14732	IMPA2_HUMAN	IMPA2	Inositol monophosphatase 2	621927	772167	635882	365420
O14733	O14733	MP2K7_HUMAN	MAP2K7	Dual specificity mitogen-activated protein kinase kinase 7	921948	384381	1.11006e+06	543526
O14734	O14734	ACOT8_HUMAN	ACOT8	Acyl-coenzyme A thioesterase 8	821119	1.00246e+06	686880	740548
O14735	O14735	CDIPT_HUMAN	CDIPT	CDP-diacylglycerol--inositol 3-phosphatidyltransferase	2.27125e+06	1.5685e+06	1.97526e+06	3.42797e+06
O14737	O14737	PDCD5_HUMAN	PDCD5	Programmed cell death protein 5	2.61189e+06	2.5067e+06		666022
O14744	O14744	ANM5_HUMAN	PRMT5	Protein arginine N-methyltransferase 5	2.29321e+06	2.25556e+06	2.17379e+06	3.24966e+06
O14745	O14745	NHRF1_HUMAN	NHERF1	Na(+)/H(+) exchange regulatory cofactor NHE-RF1	4.01461e+06	6.22793e+06	4.02547e+06	4.81465e+06
O14772	O14772	FPGT_HUMAN	FPGT	Fucose-1-phosphate guanylyltransferase	345582		162829	314067
O14773	O14773	TPP1_HUMAN	TPP1	Tripeptidyl-peptidase 1	5.18795e+06	2.69519e+06	5.62536e+06	4.24027e+06
O14776	O14776	TCRG1_HUMAN	TCERG1	Transcription elongation regulator 1	534637	753112	676444	1.07029e+06
O14786	O14786	NRP1_HUMAN	NRP1	Neuropilin-1	269616	453327	536086	861574
O14787	O14787	TNPO2_HUMAN	TNPO2	Transportin-2	704570	484045	275526	518650
O14791	O14791	APOL1_HUMAN	APOL1	Apolipoprotein L1	2.0267e+06	1.04522e+06	536388	696533
O14798	O14798	TR10C_HUMAN	TNFRSF10C	Tumor necrosis factor receptor superfamily member 10C			183647	134849
O14815	O14815	CAN9_HUMAN	CAPN9	Calpain-9	565400	225001		
O14818	O14818	PSA7_HUMAN	PSMA7	Proteasome subunit alpha type-7	7.59258e+06	6.7933e+06	1.05382e+07	1.04078e+07
O14828	O14828	SCAM3_HUMAN	SCAMP3	Secretory carrier-associated membrane protein 3	1.67777e+06	1.8106e+06		1.51816e+06
O14841	O14841	OPLA_HUMAN	OPLAH	5-oxoprolinase	1.24282e+06	1.33762e+06	914308	2.16896e+06
O14867	O14867	BACH1_HUMAN	BACH1	Transcription regulator protein BACH1			267625	27042.1
O14874	O14874	BCKD_HUMAN	BCKDK	[3-methyl-2-oxobutanoate dehydrogenase [lipoamide]] kinase, mitochondrial	68158.2		52932.8	64385.5
O14879	O14879	IFIT3_HUMAN	IFIT3	Interferon-induced protein with tetratricopeptide repeats 3	336418	167719	341568	404432
O14880	O14880	MGST3_HUMAN	MGST3	Glutathione S-transferase 3, mitochondrial	1.37701e+07	7.06128e+06	6.54544e+06	1.23788e+07
O14896	O14896	IRF6_HUMAN	IRF6	Interferon regulatory factor 6	326003	305238	51866.4	156307
O14907	O14907	TX1B3_HUMAN	TAX1BP3	Tax1-binding protein 3	1.89119e+06	2.65136e+06	1.46119e+06	1.98404e+06
O14908	O14908;Q8TF64	GIPC1_HUMAN	GIPC1	PDZ domain-containing protein GIPC1	2.7104e+06	2.49503e+06	639198	1.02957e+06
O14920	O14920	IKKB_HUMAN	IKBKB	Inhibitor of nuclear factor kappa-B kinase subunit beta	313585	288630	172337	284441
O14925	O14925;Q5SRD1	TIM23_HUMAN	TIMM23	Mitochondrial import inner membrane translocase subunit Tim23	692513	342879		732847
O14929	O14929	HAT1_HUMAN	HAT1	Histone acetyltransferase type B catalytic subunit	825144	662315	1.05587e+06	1.47319e+06
O14933	O14933	UB2L6_HUMAN	UBE2L6	Ubiquitin/ISG15-conjugating enzyme E2 L6	777187	982740	1.41455e+06	1.84162e+06
O14936	O14936	CSKP_HUMAN	CASK	Peripheral plasma membrane protein CASK	1.32471e+06	943186	628206	832097
O14939	O14939	PLD2_HUMAN	PLD2	Phospholipase D2	454993		623351	608464
O14949	O14949	QCR8_HUMAN	UQCRQ	Cytochrome b-c1 complex subunit 8	1.1367e+07	8.0895e+06	2.04265e+06	7.38195e+06
O14950;P19105	O14950;P19105	ML12A_HUMAN;ML12B_HUMAN	MYL12A;MYL12B	Myosin regulatory light chain 12B	6.82925e+06	3.35313e+06	8.85176e+06	5.17934e+06
O14957	O14957	QCR10_HUMAN	UQCR11	Cytochrome b-c1 complex subunit 10	2.56809e+06			878169
O14964	O14964	HGS_HUMAN	HGS	Hepatocyte growth factor-regulated tyrosine kinase substrate	1.47081e+06	1.53103e+06	979668	1.90915e+06
O14972	O14972	VP26C_HUMAN	VPS26C	Vacuolar protein sorting-associated protein 26C	1.19993e+06	1.01101e+06	943078	910722
O14974	O14974	MYPT1_HUMAN	PPP1R12A	Protein phosphatase 1 regulatory subunit 12A	1.20511e+06	1.909e+06	1.295e+06	1.44474e+06
O14975	O14975	S27A2_HUMAN	SLC27A2	Long-chain fatty acid transport protein 2	1.2169e+06	1.03546e+06	670214	1.29603e+06
O14976	O14976	GAK_HUMAN	GAK	Cyclin-G-associated kinase	818107	1.42257e+06	656348	785217
O14979	O14979	HNRDL_HUMAN	HNRNPDL	Heterogeneous nuclear ribonucleoprotein D-like	3.56241e+06	3.94117e+06	2.39104e+06	5.86841e+06
O14980	O14980	XPO1_HUMAN	XPO1	Exportin-1	2.20954e+06	2.05377e+06	874091	1.91886e+06
O15020	O15020	SPTN2_HUMAN	SPTBN2	Spectrin beta chain, non-erythrocytic 2		177785	341345	178300
O15027	O15027	SC16A_HUMAN	SEC16A	Protein transport protein Sec16A	1.16205e+06	1.23073e+06	467260	847822
O15031	O15031	PLXB2_HUMAN	PLXNB2	Plexin-B2	5.12391e+06	5.48594e+06	4.96591e+06	5.27905e+06
O15040	O15040	TCPR2_HUMAN	TECPR2	Tectonin beta-propeller repeat-containing protein 2			557249	352598
O15042	O15042	SR140_HUMAN	U2SURP	U2 snRNP-associated SURP motif-containing protein	1.22759e+06	1.35496e+06	2.53612e+06	2.25408e+06
O15047	O15047	SET1A_HUMAN	SETD1A	Histone-lysine N-methyltransferase SETD1A	248718		138273	230867
O15067	O15067	PUR4_HUMAN	PFAS	Phosphoribosylformylglycinamidine synthase	1.35794e+06	1.24345e+06	727938	1.02015e+06
O15075	O15075	DCLK1_HUMAN	DCLK1	Serine/threonine-protein kinase DCLK1	77462.8		16143	103098
O15085	O15085	ARHGB_HUMAN	ARHGEF11	Rho guanine nucleotide exchange factor 11	82201.8			53530.6
O15091	O15091	MRPP3_HUMAN	PRORP	Mitochondrial ribonuclease P catalytic subunit	42079.6			105484
O15111	O15111	IKKA_HUMAN	CHUK	Inhibitor of nuclear factor kappa-B kinase subunit alpha	274370		181268	214143
O15116	O15116	LSM1_HUMAN	LSM1	U6 snRNA-associated Sm-like protein LSm1	565908	393319	544839	670449
O15117	O15117	FYB1_HUMAN	FYB1	FYN-binding protein 1	515003	315964	1.01627e+06	902577
O15118	O15118	NPC1_HUMAN	NPC1	NPC intracellular cholesterol transporter 1	599586	706525	1.2655e+06	1.44149e+06
O15120	O15120	PLCB_HUMAN	AGPAT2	1-acyl-sn-glycerol-3-phosphate acyltransferase beta	712283	596859	1.16674e+06	1.45592e+06
O15121	O15121	DEGS1_HUMAN	DEGS1	Sphingolipid delta(4)-desaturase DES1	291394		703942	557304
O15126	O15126	SCAM1_HUMAN	SCAMP1	Secretory carrier-associated membrane protein 1	695697	873704	654122	564337
O15127	O15127	SCAM2_HUMAN	SCAMP2	Secretory carrier-associated membrane protein 2	3.59367e+06	2.80338e+06	177626	2.87005e+06
O15143	O15143	ARC1B_HUMAN	ARPC1B	Actin-related protein 2/3 complex subunit 1B	6.33889e+06	6.26223e+06	2.47403e+07	1.3497e+07
O15144	O15144	ARPC2_HUMAN	ARPC2	Actin-related protein 2/3 complex subunit 2	1.21322e+07	7.62101e+06	3.62985e+07	1.8537e+07
O15145	O15145	ARPC3_HUMAN	ARPC3	Actin-related protein 2/3 complex subunit 3	1.48666e+07	1.51778e+07	3.27607e+07	2.33385e+07
O15155	O15155	BET1_HUMAN	BET1	BET1 homolog	589905	240581	190460	519698
O15160	O15160	RPAC1_HUMAN	POLR1C	DNA-directed RNA polymerases I and III subunit RPAC1	518941	547160	319559	768431
O15162	O15162	PLS1_HUMAN	PLSCR1	Phospholipid scramblase 1	600952	460426	3.44874e+06	1.34952e+06
O15173	O15173	PGRC2_HUMAN	PGRMC2	Membrane-associated progesterone receptor component 2	5.66974e+06	6.19219e+06	5.30027e+06	4.50434e+06
O15195	O15195	VILL_HUMAN	VILL	Villin-like protein	612822	961689		313078
O15204	O15204	ADEC1_HUMAN	ADAMDEC1	ADAM DEC1	254035	189552		
O15211	O15211	RGL2_HUMAN	RGL2	Ral guanine nucleotide dissociation stimulator-like 2				24264.7
O15212	O15212	PFD6_HUMAN	PFDN6	Prefoldin subunit 6	1.88702e+06	1.33075e+06	587121	2.34909e+06
O15228	O15228	GNPAT_HUMAN	GNPAT	Dihydroxyacetone phosphate acyltransferase	489571	362849	271716	841513
O15230	O15230	LAMA5_HUMAN	LAMA5	Laminin subunit alpha-5	177387	439520	577055	793473
O15231	O15231	ZN185_HUMAN	ZNF185	Zinc finger protein 185	182463	301164	342460	119611
O15235	O15235	RT12_HUMAN	MRPS12	Small ribosomal subunit protein uS12m	471977	635074		
O15243	O15243	OBRG_HUMAN	LEPROT	Leptin receptor gene-related protein	110697		55452.6	67932.7
O15247	O15247	CLIC2_HUMAN	CLIC2	Chloride intracellular channel protein 2	867391	1.52868e+06	875697	753378
O15254	O15254	ACOX3_HUMAN	ACOX3	Peroxisomal acyl-coenzyme A oxidase 3	609970	450282	912166	769235
O15258	O15258	RER1_HUMAN	RER1	Protein RER1	5.19846e+06	2.35688e+06	3.78786e+06	5.80507e+06
O15260	O15260	SURF4_HUMAN	SURF4	Surfeit locus protein 4	5.40467e+06	4.42167e+06	4.47326e+06	1.02109e+07
O15264	O15264	MK13_HUMAN	MAPK13	Mitogen-activated protein kinase 13	1.53769e+06	1.81798e+06	883785	1.90191e+06
O15269	O15269	SPTC1_HUMAN	SPTLC1	Serine palmitoyltransferase 1	909928	747554	533022	1.01451e+06
O15270	O15270	SPTC2_HUMAN	SPTLC2	Serine palmitoyltransferase 2	651652	231756	355966	643253
O15294	O15294	OGT1_HUMAN	OGT	UDP-N-acetylglucosamine--peptide N-acetylglucosaminyltransferase 110 kDa subunit	1.1773e+06	770714	470106	1.57732e+06
O15296	O15296	LX15B_HUMAN	ALOX15B	Polyunsaturated fatty acid lipoxygenase ALOX15B			878205	
O15305	O15305	PMM2_HUMAN	PMM2	Phosphomannomutase 2	5.75834e+06	5.92776e+06	1.63322e+06	3.69664e+06
O15321	O15321	TM9S1_HUMAN	TM9SF1	Transmembrane 9 superfamily member 1	3.02856e+06	2.96969e+06	2.16484e+06	2.97376e+06
O15327	O15327	INP4B_HUMAN	INPP4B	Inositol polyphosphate 4-phosphatase type II	765425	778547	3.02242e+06	1.19081e+06
O15347	O15347	HMGB3_HUMAN	HMGB3	High mobility group protein B3	2.37661e+06	3.28901e+06	4.03375e+06	3.52955e+06
O15355	O15355	PPM1G_HUMAN	PPM1G	Protein phosphatase 1G	2.11007e+06	2.46271e+06	838342	1.89543e+06
O15357	O15357	SHIP2_HUMAN	INPPL1	Phosphatidylinositol 3,4,5-trisphosphate 5-phosphatase 2	194064		172016	177257
O15371	O15371	EIF3D_HUMAN	EIF3D	Eukaryotic translation initiation factor 3 subunit D	1.45138e+06	1.03786e+06	1.35751e+06	2.0001e+06
O15372	O15372	EIF3H_HUMAN	EIF3H	Eukaryotic translation initiation factor 3 subunit H	1.343e+06	958277	812813	1.46616e+06
O15379	O15379	HDAC3_HUMAN	HDAC3	Histone deacetylase 3	170318		201029	204326
O15382	O15382	BCAT2_HUMAN	BCAT2	Branched-chain-amino-acid aminotransferase, mitochondrial	2.87057e+06	1.75891e+06	1.11022e+06	2.01519e+06
O15389	O15389;Q08ET2	SIGL5_HUMAN	SIGLEC5	Sialic acid-binding Ig-like lectin 5			2.26454e+06	717153
O15393	O15393	TMPS2_HUMAN	TMPRSS2	Transmembrane protease serine 2	96890.9	106199		178042
O15397	O15397	IPO8_HUMAN	IPO8	Importin-8	1.18186e+06	480864	937227	1.05532e+06
O15400	O15400	STX7_HUMAN	STX7	Syntaxin-7	3.18125e+06	3.84502e+06	1.9674e+06	4.02429e+06
O15427	O15427	MOT4_HUMAN	SLC16A3	Monocarboxylate transporter 4	1.14268e+06	858052	1.05045e+06	2.11505e+06
O15431	O15431	COPT1_HUMAN	SLC31A1	High affinity copper uptake protein 1	774689		224840	600272
O15438	O15438	MRP3_HUMAN	ABCC3	ATP-binding cassette sub-family C member 3	2.61211e+06	1.73164e+06		1.28134e+06
O15439	O15439	MRP4_HUMAN	ABCC4	ATP-binding cassette sub-family C member 4	596426	382730	897667	684672
O15460	O15460	P4HA2_HUMAN	P4HA2	Prolyl 4-hydroxylase subunit alpha-2	534523	580098	1.28299e+06	1.1729e+06
O15484	O15484	CAN5_HUMAN	CAPN5	Calpain-5	2.89137e+06	2.55511e+06	332843	1.13467e+06
O15498	O15498	YKT6_HUMAN	YKT6	Synaptobrevin homolog YKT6	1.91181e+06	1.59466e+06	1.83038e+06	2.29299e+06
O15511	O15511	ARPC5_HUMAN	ARPC5	Actin-related protein 2/3 complex subunit 5	1.40992e+07	1.46919e+07	3.86715e+07	1.85701e+07
O15523	O15523	DDX3Y_HUMAN	DDX3Y	ATP-dependent RNA helicase DDX3Y	926049	834211	776935	987643
O15530	O15530	PDPK1_HUMAN	PDPK1	3-phosphoinositide-dependent protein kinase 1	127274	1.56775e+06	60277.9	96411
O15533	O15533	TPSN_HUMAN	TAPBP	Tapasin	6.08102e+06	6.65432e+06	2.80819e+06	1.14861e+07
O15551	O14493;O15551;O95484;P56747	CLD3_HUMAN	CLDN3	Claudin-3	6.84037e+06	9.50511e+06	390952	3.78675e+06
O15554	O15554	KCNN4_HUMAN	KCNN4	Intermediate conductance calcium-activated potassium channel protein 4	62299.6			
O43143	O43143;O60231;Q14562	DHX15_HUMAN	DHX15	ATP-dependent RNA helicase DHX15	1.19204e+06	1.13017e+06	2.71228e+06	2.2319e+06
O43148	O43148	MCES_HUMAN	RNMT	mRNA cap guanine-N7 methyltransferase	731823	927948	1.20076e+06	1.11666e+06
O43149	O43149	ZZEF1_HUMAN	ZZEF1	Zinc finger ZZ-type and EF-hand domain-containing protein 1	402235	381980	308970	334737
O43157	O43157	PLXB1_HUMAN	PLXNB1	Plexin-B1	29117.8			39425.6
O43169	O43169	CYB5B_HUMAN	CYB5B	Cytochrome b5 type B	3.99724e+06	2.86738e+06	2.45038e+06	9.16857e+06
O43172	O43172	PRP4_HUMAN	PRPF4	U4/U6 small nuclear ribonucleoprotein Prp4			415376	466399
O43175	O43175	SERA_HUMAN	PHGDH	D-3-phosphoglycerate dehydrogenase	3.31096e+06	3.32417e+06	2.75638e+06	1.60166e+06
O43181	O43181	NDUS4_HUMAN	NDUFS4	NADH dehydrogenase [ubiquinone] iron-sulfur protein 4, mitochondrial	3.15909e+06	2.78171e+06	1.83317e+06	1.68356e+06
O43236	O43236	SEPT4_HUMAN	SEPTIN4	Septin-4			55690.3	105760
O43237	O43237	DC1L2_HUMAN	DYNC1LI2	Cytoplasmic dynein 1 light intermediate chain 2	2.39366e+06	3.15217e+06	452743	2.1721e+06
O43240	O43240	KLK10_HUMAN	KLK10	Kallikrein-10		503459	1.52486e+06	
O43242	O43242	PSMD3_HUMAN	PSMD3	26S proteasome non-ATPase regulatory subunit 3	3.49508e+06	3.34595e+06	1.77642e+06	3.39921e+06
O43251;Q9NWB1	O43251;Q9NWB1;A6NFN3	RFOX1_HUMAN;RFOX2_HUMAN	RBFOX1;RBFOX2	RNA binding protein fox-1 homolog 2	355822	508598	622601	791519
O43252	O43252	PAPS1_HUMAN	PAPSS1	Bifunctional 3'-phosphoadenosine 5'-phosphosulfate synthase 1	1.76647e+06	1.56552e+06	1.3963e+06	2.11664e+06
O43264	O43264	ZW10_HUMAN	ZW10	Centromere/kinetochore protein zw10 homolog	320461	227097		257349
O43278	O43278	SPIT1_HUMAN	SPINT1	Kunitz-type protease inhibitor 1	1.72978e+06	1.9012e+06	431738	2.20574e+06
O43290	O43290	SNUT1_HUMAN	SART1	U4/U6.U5 tri-snRNP-associated protein 1	513146	213810		364055
O43291	O43291	SPIT2_HUMAN	SPINT2	Kunitz-type protease inhibitor 2	792525	641959	395763	1.56612e+06
O43292	O43292	GPAA1_HUMAN	GPAA1	Glycosylphosphatidylinositol anchor attachment 1 protein	1.04674e+06	515663	833011	1.35333e+06
O43293	O43293	DAPK3_HUMAN	DAPK3	Death-associated protein kinase 3		308959	311170	515768
O43294	O43294	TGFI1_HUMAN	TGFB1I1	Transforming growth factor beta-1-induced transcript 1 protein	672436	1.09838e+06	132655	1.34612e+06
O43299	O43299	AP5Z1_HUMAN	AP5Z1	AP-5 complex subunit zeta-1	183483	247471	309766	397854
O43301	O43301	HS12A_HUMAN	HSPA12A	Heat shock 70 kDa protein 12A	154891			156015
O43306	O43306	ADCY6_HUMAN	ADCY6	Adenylate cyclase type 6	112892			80811.7
O43314	O43314;Q6PFW1	VIP2_HUMAN	PPIP5K2	Inositol hexakisphosphate and diphosphoinositol-pentakisphosphate kinase 2	948063		923731	674029
O43318	O43318	M3K7_HUMAN	MAP3K7	Mitogen-activated protein kinase kinase kinase 7	136872		125213	158831
O43324	O43324	MCA3_HUMAN	EEF1E1	Eukaryotic translation elongation factor 1 epsilon-1	1.07379e+06	537283	461577	1.22173e+06
O43390	O43390	HNRPR_HUMAN	HNRNPR	Heterogeneous nuclear ribonucleoprotein R	6.41535e+06	5.98321e+06	5.74205e+06	1.20865e+07
O43395	O43395	PRPF3_HUMAN	PRPF3	U4/U6 small nuclear ribonucleoprotein Prp3			414725	405499
O43396	O43396	TXNL1_HUMAN	TXNL1	Thioredoxin-like protein 1	6.30034e+06	5.23916e+06	5.72018e+06	1.16958e+07
O43399	O43399	TPD54_HUMAN	TPD52L2	Tumor protein D54	2.89377e+06	3.0524e+06	252459	1.07972e+06
O43402	O43402	EMC8_HUMAN	EMC8	ER membrane protein complex subunit 8	789010	1.14722e+06	213139	697445
O43414	O43414	ERI3_HUMAN	ERI3	ERI1 exoribonuclease 3	799113	668324	818149	1.3195e+06
O43426	O43426	SYNJ1_HUMAN	SYNJ1	Synaptojanin-1	53954.5		166245	108285
O43427	O43427	FIBP_HUMAN	FIBP	Acidic fibroblast growth factor intracellular-binding protein	202586			108869
O43432	O43432	IF4G3_HUMAN	EIF4G3	Eukaryotic translation initiation factor 4 gamma 3	85462.3	136145		204172
O43447	O43447	PPIH_HUMAN	PPIH	Peptidyl-prolyl cis-trans isomerase H	802640	948872	979547	1.20037e+06
O43451	O43451	MGA_HUMAN	MGAM	Maltase-glucoamylase	1.31049e+06		7.00444e+06	2.13683e+06
O43464	O43464;P83110	HTRA2_HUMAN	HTRA2	Serine protease HTRA2, mitochondrial	639858	636573	386324	914086
O43488	O43488	ARK72_HUMAN	AKR7A2	Aflatoxin B1 aldehyde reductase member 2	4.49412e+06	5.11629e+06	3.56686e+06	4.26015e+06
O43490	O43490	PROM1_HUMAN	PROM1	Prominin-1	157817	63612.2		371148
O43491	O43491	E41L2_HUMAN	EPB41L2	Band 4.1-like protein 2	1.97782e+06	2.52979e+06	1.21941e+06	2.37714e+06
O43493	O43493	TGON2_HUMAN	TGOLN2	Trans-Golgi network integral membrane protein 2	1.85055e+06	2.20459e+06	653753	1.2941e+06
O43505	O43505	B4GA1_HUMAN	B4GAT1	Beta-1,4-glucuronyltransferase 1	2.41182e+06	1.67404e+06		2.33791e+06
O43516	O43516	WIPF1_HUMAN	WIPF1	WAS/WASL-interacting protein family member 1	718878	1.33046e+06	1.66532e+06	2.07315e+06
O43520	O43520	AT8B1_HUMAN	ATP8B1	Phospholipid-transporting ATPase IC	1.87598e+06	1.59106e+06	176409	1.02816e+06
O43556	O43556	SGCE_HUMAN	SGCE	Epsilon-sarcoglycan	146320	251306	127684	320306
O43567	O43567	RNF13_HUMAN	RNF13	E3 ubiquitin-protein ligase RNF13			423997	161334
O43570	O43570	CAH12_HUMAN	CA12	Carbonic anhydrase 12	1.81425e+06	2.07258e+06	679919	651065
O43583	O43583	DENR_HUMAN	DENR	Density-regulated protein	875899	1.60629e+06		967803
O43586	O43586	PPIP1_HUMAN	PSTPIP1	Proline-serine-threonine phosphatase-interacting protein 1			599076	315628
O43592	O43592	XPOT_HUMAN	XPOT	Exportin-T	1.15501e+06	790558	527849	1.13883e+06
O43598	O43598	DNPH1_HUMAN	DNPH1	2'-deoxynucleoside 5'-phosphate N-hydrolase 1	2.64231e+06	2.58714e+06	830543	2.3957e+06
O43615	O43615	TIM44_HUMAN	TIMM44	Mitochondrial import inner membrane translocase subunit TIM44	1.1433e+06	1.01408e+06	375601	1.11028e+06
O43617	O43617	TPPC3_HUMAN	TRAPPC3	Trafficking protein particle complex subunit 3	1.33487e+06	1.07774e+06	594764	1.14914e+06
O43633	O43633	CHM2A_HUMAN	CHMP2A	Charged multivesicular body protein 2a	1.80172e+06	2.25435e+06	677335	1.25538e+06
O43639	O43639	NCK2_HUMAN	NCK2	Cytoplasmic protein NCK2	295664	1.01372e+06	582212	718150
O43657	O43657	TSN6_HUMAN	TSPAN6	Tetraspanin-6	583324	421348	89450.2	386378
O43660	O43660	PLRG1_HUMAN	PLRG1	Pleiotropic regulator 1	433682	330849	792163	872647
O43665	O43665	RGS10_HUMAN	RGS10	Regulator of G-protein signaling 10	881140	978198	755896	576764
O43670	O43670	ZN207_HUMAN	ZNF207	BUB3-interacting and GLEBS motif-containing protein ZNF207	1.29142e+06	1.31238e+06	378596	1.46459e+06
O43674	O43674	NDUB5_HUMAN	NDUFB5	NADH dehydrogenase [ubiquinone] 1 beta subcomplex subunit 5, mitochondrial	2.62843e+06	2.02227e+06	1.58822e+06	2.13354e+06
O43676	O43676	NDUB3_HUMAN	NDUFB3	NADH dehydrogenase [ubiquinone] 1 beta subcomplex subunit 3	2.18055e+06	2.32903e+06	1.24326e+06	1.36204e+06
O43678	O43678	NDUA2_HUMAN	NDUFA2	NADH dehydrogenase [ubiquinone] 1 alpha subcomplex subunit 2	3.19305e+06	2.5459e+06	1.54558e+06	2.14308e+06
O43681	O43681	GET3_HUMAN	GET3	ATPase GET3	3.02848e+06	2.25568e+06	2.56463e+06	2.44075e+06
O43684	O43684	BUB3_HUMAN	BUB3	Mitotic checkpoint protein BUB3	1.49396e+06	1.52342e+06	2.37957e+06	2.89489e+06
O43704	O43704	ST1B1_HUMAN	SULT1B1	Sulfotransferase 1B1	3.87527e+06	3.43399e+06		791590
O43707	O43707	ACTN4_HUMAN	ACTN4	Alpha-actinin-4	2.71227e+08	2.20137e+08	4.21816e+08	4.51057e+08
O43708	O43708	MAAI_HUMAN	GSTZ1	Maleylacetoacetate isomerase	961540	901613	253854	431747
O43716	O43716	GATC_HUMAN	GATC	Glutamyl-tRNA(Gln) amidotransferase subunit C, mitochondrial	240973	217482		229122
O43719	O43719	HTSF1_HUMAN	HTATSF1	HIV Tat-specific factor 1	911086	911273	487044	917252
O43731	O43731	ERD23_HUMAN	KDELR3	ER lumen protein-retaining receptor 3	1.74103e+06	548496	591425	902839
O43745	O43745	CHP2_HUMAN	CHP2	Calcineurin B homologous protein 2				291002
O43747	O43747	AP1G1_HUMAN	AP1G1	AP-1 complex subunit gamma-1	3.45424e+06	1.87233e+06	4.06448e+06	4.36814e+06
O43752	O43752	STX6_HUMAN	STX6	Syntaxin-6	261304	231496		
O43759	O43759	SNG1_HUMAN	SYNGR1	Synaptogyrin-1	580723	369010	500073	608327
O43760	O43760	SNG2_HUMAN	SYNGR2	Synaptogyrin-2	9.42063e+06	5.94368e+06	5.28275e+06	5.75003e+06
O43761	O43761	SNG3_HUMAN	SYNGR3	Synaptogyrin-3	127671	89908.8	95863.9	244437
O43765	O43765	SGTA_HUMAN	SGTA	Small glutamine-rich tetratricopeptide repeat-containing protein alpha	1.25408e+06	1.01313e+06	299491	877793
O43768	O43768;P56211	ENSA_HUMAN	ENSA	Alpha-endosulfine	591964	1.06915e+06	307142	328384
O43772	O43772	MCAT_HUMAN	SLC25A20	Mitochondrial carnitine/acylcarnitine carrier protein	2.84671e+06	1.94961e+06	2.46297e+06	3.96596e+06
O43776	O43776	SYNC_HUMAN	NARS1	Asparagine--tRNA ligase, cytoplasmic	4.09778e+06	5.74344e+06	4.18932e+06	1.05826e+07
O43790	O43790;P78385;P78386;Q14533;A6NCN2	KRT86_HUMAN	KRT86	Keratin, type II cuticular Hb6		401035	308515	100217
O43795	O43795;Q9UBC5	MYO1B_HUMAN	MYO1B	Unconventional myosin-Ib	1.17391e+06	694411	845860	1.04851e+06
O43808	O43808	PM34_HUMAN	SLC25A17	Peroxisomal membrane protein PMP34			18733.9	62386.5
O43809	O43809	CPSF5_HUMAN	NUDT21	Cleavage and polyadenylation specificity factor subunit 5	1.67388e+06	1.62601e+06	3.4143e+06	2.99298e+06
O43813	O43813	LANC1_HUMAN	LANCL1	Glutathione S-transferase LANCL1	1.60064e+06	1.54009e+06	1.5027e+06	2.05741e+06
O43815	O43815	STRN_HUMAN	STRN	Striatin	8.08122e+06	8.57316e+06	1.47783e+07	1.18766e+07
O43819	O43819	SCO2_HUMAN	SCO2	Protein SCO2 homolog, mitochondrial	1.38146e+06	1.28152e+06	274385	672088
O43823	O43823	AKAP8_HUMAN	AKAP8	A-kinase anchor protein 8	240014	217851		346900
O43826	O43826	G6PT1_HUMAN	SLC37A4	Glucose-6-phosphate exchanger SLC37A4	511739	647200	293242	700242
O43837	O43837	IDH3B_HUMAN	IDH3B	Isocitrate dehydrogenase [NAD] subunit beta, mitochondrial	2.30375e+06	1.70164e+06	372364	2.31895e+06
O43847	O43847	NRDC_HUMAN	NRDC	Nardilysin	1.33753e+06	684148	1.5847e+06	1.58032e+06
O43852	O43852	CALU_HUMAN	CALU	Calumenin	1.0501e+07	1.15222e+07	243180	2.1015e+06
O43865	O43865;Q96HN2	SAHH2_HUMAN	AHCYL1	S-adenosylhomocysteine hydrolase-like protein 1	2.46482e+06	2.48062e+06	1.23925e+06	1.89113e+06
O43866	O43866	CD5L_HUMAN	CD5L	CD5 antigen-like	1.23365e+06	1.08058e+06	903209	461777
O43896	O43896	KIF1C_HUMAN	KIF1C	Kinesin-like protein KIF1C	168638	138455		176237
O43913	O43913	ORC5_HUMAN	ORC5	Origin recognition complex subunit 5	97302.8			277965
O43920	O43920	NDUS5_HUMAN	NDUFS5	NADH dehydrogenase [ubiquinone] iron-sulfur protein 5	3.23862e+06	3.1049e+06	588046	1.1817e+06
O43924	O43924	PDE6D_HUMAN	PDE6D	Retinal rod rhodopsin-sensitive cGMP 3',5'-cyclic phosphodiesterase subunit delta	522288	750262	801880	846804
O43929	O43929	ORC4_HUMAN	ORC4	Origin recognition complex subunit 4	17789.7			63356.6
O60216	O60216;Q9H4I0	RAD21_HUMAN	RAD21	Double-strand-break repair protein rad21 homolog	244387	189945	148015	575736
O60218	O60218	AK1BA_HUMAN	AKR1B10	Aldo-keto reductase family 1 member B10	5.28208e+06	7.80076e+06	2.10278e+06	927133
O60231	O60231	DHX16_HUMAN	DHX16	Pre-mRNA-splicing factor ATP-dependent RNA helicase DHX16	294448		307729	425549
O60234	O60234	GMFG_HUMAN	GMFG	Glia maturation factor gamma	1.6732e+06	2.45381e+06	1.32072e+06	2.99775e+06
O60237	O60237	MYPT2_HUMAN	PPP1R12B	Protein phosphatase 1 regulatory subunit 12B	256534	731057		463384
O60256	O60256	KPRB_HUMAN	PRPSAP2	Phosphoribosyl pyrophosphate synthase-associated protein 2	2.75888e+06	2.36074e+06	2.50142e+06	1.87076e+06
O60264	O60264;P28370	SMCA5_HUMAN	SMARCA5	SWI/SNF-related matrix-associated actin-dependent regulator of chromatin subfamily A member 5	819907	1.03722e+06	1.26105e+06	2.15491e+06
O60268	O60268	K0513_HUMAN	KIAA0513	Uncharacterized protein KIAA0513	172261			
O60271	O60271	JIP4_HUMAN	SPAG9	C-Jun-amino-terminal kinase-interacting protein 4	1.16047e+06	1.11265e+06	432631	982695
O60306	O60306	AQR_HUMAN	AQR	RNA helicase aquarius	63568		85891.7	104293
O60313	O60313	OPA1_HUMAN	OPA1	Dynamin-like 120 kDa protein, mitochondrial	3.44706e+06	3.79153e+06		2.4703e+06
O60318	O60318	GANP_HUMAN	MCM3AP	Germinal-center associated nuclear protein	383975	113953	233094	372331
O60333	O43896;O60333;Q12756	KIF1B_HUMAN	KIF1B	Kinesin-like protein KIF1B	201438	132186	68167.8	283889
O60341	O60341	KDM1A_HUMAN	KDM1A	Lysine-specific histone demethylase 1A	475974	314822	714370	1.02102e+06
O60343	O60343	TBCD4_HUMAN	TBC1D4	TBC1 domain family member 4	267302	714772	245828	679700
O60359	O60359	CCG3_HUMAN	CACNG3	Voltage-dependent calcium channel gamma-3 subunit	1.49817e+06	3.02333e+06	837239	812028
O60437	O60437	PEPL_HUMAN	PPL	Periplakin	3.5624e+06	6.66486e+06	1.97062e+07	6.5155e+06
O60443	O60443	GSDME_HUMAN	GSDME	Gasdermin-E	59519.5			117372
O60449	O60449	LY75_HUMAN	LY75	Lymphocyte antigen 75	1.27973e+06	989739	1.23915e+06	1.23797e+06
O60462	O60462	NRP2_HUMAN	NRP2	Neuropilin-2		80728.1	217303	258467
O60476	O60476	MA1A2_HUMAN	MAN1A2	Mannosyl-oligosaccharide 1,2-alpha-mannosidase IB	330918	368961	386150	465570
O60486	O60486	PLXC1_HUMAN	PLXNC1	Plexin-C1	105635		482655	227788
O60488	O60488	ACSL4_HUMAN	ACSL4	Long-chain-fatty-acid--CoA ligase 4	5.45393e+06	5.5914e+06	1.78031e+07	1.32306e+07
O60493	O60493	SNX3_HUMAN	SNX3	Sorting nexin-3	3.3492e+06	3.87069e+06	4.68124e+06	5.33234e+06
O60496	O60496	DOK2_HUMAN	DOK2	Docking protein 2	763188	719319	1.22028e+06	1.00365e+06
O60499	O60499	STX10_HUMAN	STX10	Syntaxin-10	167701	414062		
O60502	O60502	OGA_HUMAN	OGA	Protein O-GlcNAcase	922307	911423	772113	912401
O60504	O60504	VINEX_HUMAN	SORBS3	Vinexin	487488		877286	1.86326e+06
O60506	O60506	HNRPQ_HUMAN	SYNCRIP	Heterogeneous nuclear ribonucleoprotein Q	1.00566e+07	9.27975e+06	1.03083e+07	1.88375e+07
O60507	O60507	TPST1_HUMAN	TPST1	Protein-tyrosine sulfotransferase 1				54660.9
O60512	O60512	B4GT3_HUMAN	B4GALT3	Beta-1,4-galactosyltransferase 3	366333	295648		
O60513	O60513	B4GT4_HUMAN	B4GALT4	Beta-1,4-galactosyltransferase 4	424886	278675	152449	297728
O60524	O60524	NEMF_HUMAN	NEMF	Ribosome quality control complex subunit NEMF	1.66981e+06	1.34703e+06	1.782e+06	2.36495e+06
O60547	O60547	GMDS_HUMAN	GMDS	GDP-mannose 4,6 dehydratase	1.92507e+07	1.19817e+07	1.12921e+06	6.37141e+06
O60551	O60551	NMT2_HUMAN	NMT2	Glycylpeptide N-tetradecanoyltransferase 2				106218
O60565	O60565	GREM1_HUMAN	GREM1	Gremlin-1			1.84296e+06	1.11905e+06
O60568	O60568	PLOD3_HUMAN	PLOD3	Multifunctional procollagen lysine hydroxylase and glycosyltransferase LH3	1.11178e+06	1.00993e+06	2.09993e+06	2.54377e+06
O60573	O60573	IF4E2_HUMAN	EIF4E2	Eukaryotic translation initiation factor 4E type 2	626464		1.27956e+06	986909
O60575	O60575	ISK4_HUMAN	SPINK4	Serine protease inhibitor Kazal-type 4	3.08805e+06	3.32196e+06		
O60603	O60603	TLR2_HUMAN	TLR2	Toll-like receptor 2			1.93863e+06	1.11736e+06
O60610	O60610	DIAP1_HUMAN	DIAPH1	Protein diaphanous homolog 1	1.02027e+06	1.19683e+06	750232	1.38923e+06
O60613	O60613	SEP15_HUMAN	SELENOF	Selenoprotein F	1.17373e+06	1.32047e+06	831437	1.2741e+06
O60635	O60635	TSN1_HUMAN	TSPAN1	Tetraspanin-1	1.49388e+06			435893
O60637	O60637	TSN3_HUMAN	TSPAN3	Tetraspanin-3	1.75866e+06	2.01706e+06	1.0445e+06	1.43083e+06
O60645	O60645	EXOC3_HUMAN	EXOC3	Exocyst complex component 3	765986	550294	187305	504277
O60664	O60664	PLIN3_HUMAN	PLIN3	Perilipin-3	3.26133e+06	4.3518e+06	1.09278e+06	3.40378e+06
O60669	O60669	MOT2_HUMAN	SLC16A7	Monocarboxylate transporter 2	35521.1		78072.4	38138.1
O60671	O60671	RAD1_HUMAN	RAD1	Cell cycle checkpoint protein RAD1	209194		184009	232201
O60678	O60678	ANM3_HUMAN	PRMT3	Protein arginine N-methyltransferase 3	104785			115322
O60684	O15131;O60684;P52294	IMA7_HUMAN	KPNA6	Importin subunit alpha-7	751818	633847	268985	618383
O60701	O60701	UGDH_HUMAN	UGDH	UDP-glucose 6-dehydrogenase	7.43703e+06	6.17129e+06	912797	5.53151e+06
O60711	O60711	LPXN_HUMAN	LPXN	Leupaxin	436913	424075		20103.8
O60716	O60716	CTND1_HUMAN	CTNND1	Catenin delta-1	4.8857e+06	5.78634e+06	349159	1.41903e+06
O60725	O60725	ICMT_HUMAN	ICMT	Protein-S-isoprenylcysteine O-methyltransferase	357157	157094		149486
O60739;P41567	P41567;O60739	EIF1B_HUMAN;EIF1_HUMAN	EIF1;EIF1B	Eukaryotic translation initiation factor 1b	1.53588e+06	933824	681147	1.08975e+06
O60749	O60749;Q13596	SNX2_HUMAN	SNX2	Sorting nexin-2	3.57607e+06	3.31496e+06	1.16375e+06	2.61479e+06
O60760	O60760	HPGDS_HUMAN	HPGDS	Hematopoietic prostaglandin D synthase	245356			85902.3
O60762	O60762	DPM1_HUMAN	DPM1	Dolichol-phosphate mannosyltransferase subunit 1	1.38787e+06	1.66479e+06	264596	1.34685e+06
O60763	O60763	USO1_HUMAN	USO1	General vesicular transport factor p115	2.25554e+07	1.72231e+07	2.20511e+06	1.50549e+07
O60784	O60784	TOM1_HUMAN	TOM1	Target of Myb1 membrane trafficking protein	536868	530029	402549	689928
O60825	O60825	F262_HUMAN	PFKFB2	6-phosphofructo-2-kinase/fructose-2,6-bisphosphatase 2	6.12866e+06	4.92447e+06	3.92354e+06	5.98434e+06
O60826	O60826	CCD22_HUMAN	CCDC22	Coiled-coil domain-containing protein 22	1.27651e+06	1.28048e+06		1.12444e+06
O60831	O60831	PRAF2_HUMAN	PRAF2	PRA1 family protein 2	1.60781e+06	1.27397e+06	999166	3.6586e+06
O60832	O60832	DKC1_HUMAN	DKC1	H/ACA ribonucleoprotein complex subunit DKC1	486563	442807	807808	770643
O60841	O60841	IF2P_HUMAN	EIF5B	Eukaryotic translation initiation factor 5B	943726	765564	1.16073e+06	1.53661e+06
O60844	O60844	ZG16_HUMAN	ZG16	Zymogen granule membrane protein 16	1.03991e+08	6.58511e+07	2.647e+06	2.06119e+06
O60869	O60869	EDF1_HUMAN	EDF1	Endothelial differentiation-related factor 1	2.64219e+06	3.2867e+06	3.33231e+06	4.57979e+06
O60870	O60870	KIN17_HUMAN	KIN	DNA/RNA-binding protein KIN17			56291.1	204681
O60879	O60879	DIAP2_HUMAN	DIAPH2	Protein diaphanous homolog 2	562904	776198	440698	700840
O60884	O60884	DNJA2_HUMAN	DNAJA2	DnaJ homolog subfamily A member 2	1.29339e+06	1.52775e+06	1.0518e+06	1.87432e+06
O60885	O60885	BRD4_HUMAN	BRD4	Bromodomain-containing protein 4	265778			189464
O60888	O60888	CUTA_HUMAN	CUTA	Protein CutA	1.33129e+06		798182	1.15153e+06
O60911	O60911	CATL2_HUMAN	CTSV	Cathepsin L2		220067	478673	340466
O60925	O60925	PFD1_HUMAN	PFDN1	Prefoldin subunit 1	927573	962662	397500	1.05012e+06
O60927	O60927	PP1RB_HUMAN	PPP1R11	E3 ubiquitin-protein ligase PPP1R11	76117.3		122491	192173
O60934	O60934	NBN_HUMAN	NBN	Nibrin	911736	1.02017e+06	1.14299e+06	1.38855e+06
O75015	O75015	FCG3B_HUMAN	FCGR3B	Low affinity immunoglobulin gamma Fc region receptor III-B			1.16265e+06	748983
O75023	O75023	LIRB5_HUMAN	LILRB5	Leukocyte immunoglobulin-like receptor subfamily B member 5	215956			
O75027	O75027	ABCB7_HUMAN	ABCB7	Iron-sulfur clusters transporter ABCB7, mitochondrial	824624	611161	429429	1.0133e+06
O75044;P0DJJ0;P0DMP2;Q7Z6B7	O75044;P0DJJ0;Q7Z6B7;P0DMP2	SRG2B_HUMAN;SRG2C_HUMAN;SRGP1_HUMAN;SRGP2_HUMAN	SRGAP1;SRGAP2;SRGAP2B;SRGAP2C	SLIT-ROBO Rho GTPase-activating protein 2	67697.1			92991.3
O75051	O75051;Q9HCM2	PLXA2_HUMAN	PLXNA2	Plexin-A2	148340	89498.2	39313.1	92449.5
O75054	O75054	IGSF3_HUMAN	IGSF3	Immunoglobulin superfamily member 3		1.67201e+06		
O75083	O75083	WDR1_HUMAN	WDR1	WD repeat-containing protein 1	1.92807e+07	1.84294e+07	3.25606e+07	2.86127e+07
O75084	O75084;Q14332	FZD7_HUMAN	FZD7	Frizzled-7			2.28652e+06	780912
O75110	O75110	ATP9A_HUMAN	ATP9A	Probable phospholipid-transporting ATPase IIA	2.19367e+06	5.70848e+06	1.28215e+06	1.90641e+06
O75116	O75116	ROCK2_HUMAN	ROCK2	Rho-associated protein kinase 2	1.40074e+06	1.73294e+06	1.078e+06	1.18225e+06
O75122	O75122	CLAP2_HUMAN	CLASP2	CLIP-associating protein 2	362295	211370	269682	426933
O75131	O75131	CPNE3_HUMAN	CPNE3	Copine-3	4.95134e+06	2.48871e+06	9.09273e+06	7.78385e+06
O75144	O75144	ICOSL_HUMAN	ICOSLG	ICOS ligand	168554		85407.7	115705
O75146	O75146	HIP1R_HUMAN	HIP1R	Huntingtin-interacting protein 1-related protein	825010	807785	504065	573567
O75152	O75152	ZC11A_HUMAN	ZC3H11A	Zinc finger CCCH domain-containing protein 11A	229355	570098		425555
O75153	O75153	CLU_HUMAN	CLUH	Clustered mitochondria protein homolog	903182	592144	258187	1.02528e+06
O75165	O75165	DJC13_HUMAN	DNAJC13	DnaJ homolog subfamily C member 13	1.77399e+06	1.29227e+06	2.00174e+06	1.96218e+06
O75170	O75170	PP6R2_HUMAN	PPP6R2	Serine/threonine-protein phosphatase 6 regulatory subunit 2	2.43407e+07	3.76217e+07	5.81459e+07	8.76828e+06
O75175	O75175	CNOT3_HUMAN	CNOT3	CCR4-NOT transcription complex subunit 3	401969	480433	578602	694212
O75179	O75179	ANR17_HUMAN	ANKRD17	Ankyrin repeat domain-containing protein 17	704983		605341	999777
O75185	O75185	AT2C2_HUMAN	ATP2C2	Calcium-transporting ATPase type 2C member 2	814105	472053		205378
O75190	O75190	DNJB6_HUMAN	DNAJB6	DnaJ homolog subfamily B member 6	1.20311e+06	1.77753e+06	621235	998527
O75191	O75191	XYLB_HUMAN	XYLB	Xylulose kinase				150293
O75208	O75208	COQ9_HUMAN	COQ9	Ubiquinone biosynthesis protein COQ9, mitochondrial	1.22939e+06	409490	246243	472404
O75223	O75223	GGCT_HUMAN	GGCT	Gamma-glutamylcyclotransferase	4.54543e+06	6.10721e+06	6.24875e+06	8.28901e+06
O75251	O75251	NDUS7_HUMAN	NDUFS7	NADH dehydrogenase [ubiquinone] iron-sulfur protein 7, mitochondrial	3.23078e+06	3.0486e+06	1.62693e+06	2.23473e+06
O75298	O75298	RTN2_HUMAN	RTN2	Reticulon-2	430645	213925	358260	425610
O75306	O75306	NDUS2_HUMAN	NDUFS2	NADH dehydrogenase [ubiquinone] iron-sulfur protein 2, mitochondrial	4.83651e+06	2.68544e+06	2.21324e+06	2.94533e+06
O75312	O75312	ZPR1_HUMAN	ZPR1	Zinc finger protein ZPR1	3.07799e+06	5.33123e+06	1.70415e+06	3.4252e+06
O75323	O75323	NIPS2_HUMAN	NIPSNAP2	Protein NipSnap homolog 2	1.86497e+06	1.89481e+06	941978	1.62003e+06
O75340	O75340	PDCD6_HUMAN	PDCD6	Programmed cell death protein 6	2.83111e+06	1.56119e+06	2.93483e+06	5.8477e+06
O75342	O75342	LX12B_HUMAN	ALOX12B	Arachidonate 12-lipoxygenase, 12R-type		841711	859007	104391
O75347	O75347	TBCA_HUMAN	TBCA	Tubulin-specific chaperone A	3.42117e+06	4.45236e+06	4.88252e+06	3.9153e+06
O75348	O75348	VATG1_HUMAN	ATP6V1G1	V-type proton ATPase subunit G 1	3.45999e+07	5.21562e+07	3.64395e+07	4.04297e+07
O75351	O75351	VPS4B_HUMAN	VPS4B	Vacuolar protein sorting-associated protein 4B	2.47758e+06	3.49147e+06	1.75519e+06	3.15581e+06
O75352	O75352	MPU1_HUMAN	MPDU1	Mannose-P-dolichol utilization defect 1 protein	4.08608e+06	5.08474e+06	556360	2.56209e+06
O75356	O75356	ENTP5_HUMAN	ENTPD5	Nucleoside diphosphate phosphatase ENTPD5	2.16299e+06	1.64833e+06	426004	235991
O75363	O75363	BCAS1_HUMAN	BCAS1	Breast carcinoma-amplified sequence 1	7.40421e+06	1.06802e+07		326237
O75367	O75367	H2AY_HUMAN	MACROH2A1	Core histone macro-H2A.1	534393	891583	1.16387e+07	3.14188e+06
O75368	O75368	SH3L1_HUMAN	SH3BGRL	Adapter SH3BGRL	7.76145e+06	7.76423e+06	9.79891e+06	8.767e+06
O75369	O75369	FLNB_HUMAN	FLNB	Filamin-B	1.21047e+07	1.65996e+07	1.36456e+07	1.63538e+07
O75376	O75376	NCOR1_HUMAN	NCOR1	Nuclear receptor corepressor 1	128245	304079		100188
O75380	O75380	NDUS6_HUMAN	NDUFS6	NADH dehydrogenase [ubiquinone] iron-sulfur protein 6, mitochondrial	2.29498e+06	1.84122e+06	1.06272e+06	1.43977e+06
O75381	O75381	PEX14_HUMAN	PEX14	Peroxisomal membrane protein PEX14	371873	370982	117186	302581
O75390	O75390	CISY_HUMAN	CS	Citrate synthase, mitochondrial	1.37497e+07	1.03607e+07	1.22002e+07	1.63249e+07
O75391	O75391	SPAG7_HUMAN	SPAG7	Sperm-associated antigen 7	513192	414416	551404	599476
O75396	O75396	SC22B_HUMAN	SEC22B	Vesicle-trafficking protein SEC22b	9.07796e+06	8.24098e+06	3.08102e+06	6.04249e+06
O75400	O75400	PR40A_HUMAN	PRPF40A	Pre-mRNA-processing factor 40 homolog A	204607		595442	435369
O75410	O75410;O95359	TACC1_HUMAN	TACC1	Transforming acidic coiled-coil-containing protein 1	1.06193e+06	911439	1.04144e+06	1.07288e+06
O75414	O75414	NDK6_HUMAN	NME6	Nucleoside diphosphate kinase 6	73432.9			199646
O75427	O75427	LRCH4_HUMAN	LRCH4	Leucine-rich repeat and calponin homology domain-containing protein 4	632651	859940	644532	649950
O75431	O75431	MTX2_HUMAN	MTX2	Metaxin-2	993627	613146	287020	741077
O75436	O75436	VP26A_HUMAN	VPS26A	Vacuolar protein sorting-associated protein 26A	9.40326e+06	3.25185e+06	1.26562e+07	1.1053e+07
O75438	O75438	NDUB1_HUMAN	NDUFB1	NADH dehydrogenase [ubiquinone] 1 beta subcomplex subunit 1	1.60347e+06	484097	350305	482303
O75439	O75439	MPPB_HUMAN	PMPCB	Mitochondrial-processing peptidase subunit beta	2.21769e+06	2.45948e+06	714030	2.38437e+06
O75475	O75475	PSIP1_HUMAN	PSIP1	PC4 and SFRS1-interacting protein	471656	958222	857171	699274
O75477	O75477	ERLN1_HUMAN	ERLIN1	Erlin-1	987968	944784	723975	846664
O75487	O75487	GPC4_HUMAN	GPC4	Glypican-4	42159.4			46667.2
O75489	O75489	NDUS3_HUMAN	NDUFS3	NADH dehydrogenase [ubiquinone] iron-sulfur protein 3, mitochondrial	7.61451e+06	5.33624e+06	3.9851e+06	4.75995e+06
O75494	O75494	SRS10_HUMAN	SRSF10	Serine/arginine-rich splicing factor 10	632083		1.00859e+06	1.00556e+06
O75503	O75503	CLN5_HUMAN	CLN5	Ceroid-lipofuscinosis neuronal protein 5	446793	256546	576725	713098
O75521	O75521	ECI2_HUMAN	ECI2	Enoyl-CoA delta isomerase 2	1.55924e+06	1.2538e+06		397531
O75531	O75531	BAF_HUMAN	BANF1	Barrier-to-autointegration factor	1.1104e+06	361685	659417	863963
O75533	O75533	SF3B1_HUMAN	SF3B1	Splicing factor 3B subunit 1	923068	953868	540337	1.79039e+06
O75534	O75534	CSDE1_HUMAN	CSDE1	Cold shock domain-containing protein E1	1.36308e+06	1.45303e+06	1.10615e+06	2.04246e+06
O75558	O75558	STX11_HUMAN	STX11	Syntaxin-11	185829	256286	282154	260365
O75563	O75563	SKAP2_HUMAN	SKAP2	Src kinase-associated phosphoprotein 2	332499	681390	2.55816e+06	1.30427e+06
O75569	O75569	PRKRA_HUMAN	PRKRA	Interferon-inducible double-stranded RNA-dependent protein kinase activator A	686565	789032	233415	764793
O75582;O75676	O75582;O75676	KS6A4_HUMAN;KS6A5_HUMAN	RPS6KA4;RPS6KA5	Ribosomal protein S6 kinase alpha-5	244648	192860		136043
O75594	O75594	PGRP1_HUMAN	PGLYRP1	Peptidoglycan recognition protein 1	1.30466e+06	551596	2.27244e+07	1.0445e+07
O75600	O75600	KBL_HUMAN	GCAT	2-amino-3-ketobutyrate coenzyme A ligase, mitochondrial	441373			
O75607	O75607	NPM3_HUMAN	NPM3	Nucleoplasmin-3	336168		383499	351379
O75608	O75608	LYPA1_HUMAN	LYPLA1	Acyl-protein thioesterase 1	4.9655e+06	4.45395e+06	2.91507e+06	3.72409e+06
O75616	O75616	ERAL1_HUMAN	ERAL1	GTPase Era, mitochondrial	99937.3			77088.3
O75629	O75629	CREG1_HUMAN	CREG1	Protein CREG1	1.09984e+06		5.69446e+06	1.75275e+06
O75635	O75635	SPB7_HUMAN	SERPINB7	Serpin B7		140270	553869	
O75636	O75636	FCN3_HUMAN	FCN3	Ficolin-3	1.34089e+06	737841	1.02901e+06	369919
O75643	O75643	U520_HUMAN	SNRNP200	U5 small nuclear ribonucleoprotein 200 kDa helicase	777386	785835	1.93102e+06	2.00483e+06
O75663	O75663	TIPRL_HUMAN	TIPRL	TIP41-like protein	1.24949e+06	1.25289e+06	489551	1.00948e+06
O75674	O75674	TM1L1_HUMAN	TOM1L1	TOM1-like protein 1	232302	413929		254532
O75688	O75688	PPM1B_HUMAN	PPM1B	Protein phosphatase 1B	913867	918868	972202	1.27357e+06
O75689	O75689	ADAP1_HUMAN	ADAP1	Arf-GAP with dual PH domain-containing protein 1	90892.4		174376	218590
O75694	O75694	NU155_HUMAN	NUP155	Nuclear pore complex protein Nup155	1.93459e+06	1.54439e+06	1.71331e+06	2.60204e+06
O75695	O75695	XRP2_HUMAN	RP2	Protein XRP2	907516	855543	3.31153e+06	1.56311e+06
O75718	O75718	CRTAP_HUMAN	CRTAP	Cartilage-associated protein	1.29716e+06	974996	390121	3.14953e+06
O75746	O75746	S2512_HUMAN	SLC25A12	Electrogenic aspartate/glutamate antiporter SLC25A12, mitochondrial	1.4423e+06	1.16721e+06	1.16513e+06	1.52619e+06
O75764	O75764	TCEA3_HUMAN	TCEA3	Transcription elongation factor A protein 3	207459	181902		
O75787	O75787	RENR_HUMAN	ATP6AP2	Renin receptor	130776			
O75791	O75791	GRAP2_HUMAN	GRAP2	GRB2-related adapter protein 2	185068		288489	252650
O75792	O75792	RNH2A_HUMAN	RNASEH2A	Ribonuclease H2 subunit A	641010			160186
O75794	O75794	CD123_HUMAN	CDC123	Cell division cycle protein 123 homolog	509105			493486
O75795	O75795;P54855	UDB17_HUMAN	UGT2B17	UDP-glucuronosyltransferase 2B17	3.99955e+06	5.92544e+06		255811
O75821	O75821	EIF3G_HUMAN	EIF3G	Eukaryotic translation initiation factor 3 subunit G	2.7945e+06	3.29555e+06	2.59914e+06	3.12851e+06
O75822	O75822	EIF3J_HUMAN	EIF3J	Eukaryotic translation initiation factor 3 subunit J	1.59784e+06	1.84456e+06	933192	1.59403e+06
O75828	O75828	CBR3_HUMAN	CBR3	Carbonyl reductase [NADPH] 3	7.55853e+06	8.12882e+06	6.71889e+06	8.80562e+06
O75832	O75832	PSD10_HUMAN	PSMD10	26S proteasome non-ATPase regulatory subunit 10	3.17823e+06	2.22454e+06	2.99417e+06	3.11255e+06
O75843	O75843	AP1G2_HUMAN	AP1G2	AP-1 complex subunit gamma-like 2	702984		902393	705224
O75844	O75844	FACE1_HUMAN	ZMPSTE24	CAAX prenyl protease 1 homolog	3.89079e+06	3.01782e+06	2.33177e+06	3.73668e+06
O75874	O75874	IDHC_HUMAN	IDH1	Isocitrate dehydrogenase [NADP] cytoplasmic	3.39084e+07	2.71409e+07	1.45129e+07	2.25579e+07
O75880	O75880	SCO1_HUMAN	SCO1	Protein SCO1 homolog, mitochondrial	1.47196e+06	1.39582e+06	781531	1.48636e+06
O75881	O75881	CP7B1_HUMAN	CYP7B1	Cytochrome P450 7B1	436782	1.51446e+06	705087	1.1174e+06
O75882	O75882	ATRN_HUMAN	ATRN	Attractin	809039	540253	579902	329922
O75884	O75884	RBBP9_HUMAN	RBBP9	Serine hydrolase RBBP9	1.2157e+06	1.22552e+06	1.10621e+06	1.36198e+06
O75886	O75886	STAM2_HUMAN	STAM2	Signal transducing adapter molecule 2	570953	517782	344429	572048
O75891	O75891	AL1L1_HUMAN	ALDH1L1	Cytosolic 10-formyltetrahydrofolate dehydrogenase	644203	609418	486000	358219
O75907	O75907	DGAT1_HUMAN	DGAT1	Diacylglycerol O-acyltransferase 1	915563			1.19495e+06
O75909	O75909	CCNK_HUMAN	CCNK	Cyclin-K	286619		393422	491044
O75911	O75911	DHRS3_HUMAN	DHRS3	Short-chain dehydrogenase/reductase 3	629066	902322		419040
O75915	O75915	PRAF3_HUMAN	ARL6IP5	PRA1 family protein 3	3.41612e+06	6.83924e+06	4.69322e+06	4.36445e+06
O75923	O75923	DYSF_HUMAN	DYSF	Dysferlin	942072	776155	6.30932e+06	3.89525e+06
O75925;O75928	O75925;O75928	PIAS1_HUMAN;PIAS2_HUMAN	PIAS1;PIAS2	E3 SUMO-protein ligase PIAS1	140513		143252	163857
O75934	O75934	SPF27_HUMAN	BCAS2	Pre-mRNA-splicing factor SPF27	193051		90115.8	157077
O75935	O75935	DCTN3_HUMAN	DCTN3	Dynactin subunit 3	1.44928e+06	1.04596e+06	517850	942934
O75937	O75937	DNJC8_HUMAN	DNAJC8	DnaJ homolog subfamily C member 8	1.44466e+06	1.35781e+06	1.84548e+06	1.90181e+06
O75947	O75947	ATP5H_HUMAN	ATP5PD	ATP synthase subunit d, mitochondrial	1.01473e+07	9.5221e+06	889240	2.64487e+06
O75954	O75954	TSN9_HUMAN	TSPAN9	Tetraspanin-9	234539		843260	585030
O75955	O75955	FLOT1_HUMAN	FLOT1	Flotillin-1	1.40509e+06	1.72818e+06	1.74374e+06	801276
O75962	O75962	TRIO_HUMAN	TRIO	Triple functional domain protein	98635.4		149254	225596
O75964	O75964	ATP5L_HUMAN	ATP5MG	ATP synthase subunit g, mitochondrial	2.67585e+07	2.74799e+07	1.17496e+06	1.05711e+07
O75976	O75976	CBPD_HUMAN	CPD	Carboxypeptidase D	3.63628e+06	2.78905e+06	980217	1.89479e+06
O75995	O75995	SASH3_HUMAN	SASH3	SAM and SH3 domain-containing protein 3	645436	1.08977e+06	1.40735e+06	886909
O76003	O76003	GLRX3_HUMAN	GLRX3	Glutaredoxin-3	5.94182e+06	4.5796e+06	3.49411e+06	7.90605e+06
O76009;Q15323	Q14525;Q15323;O76009	K1H1_HUMAN;KT33A_HUMAN	KRT31;KRT33A	Keratin, type I cuticular Ha3-I		900054	111349	88783.5
O76021	O76021	RL1D1_HUMAN	RSL1D1	Ribosomal L1 domain-containing protein 1	272242	420892	364514	528949
O76024	O76024	WFS1_HUMAN	WFS1	Wolframin	967571	1.073e+06	565741	994959
O76031	O76031	CLPX_HUMAN	CLPX	ATP-dependent Clp protease ATP-binding subunit clpX-like, mitochondrial	448698	702693		217493
O76038	O76038	SEGN_HUMAN	SCGN	Secretagogin	1.17092e+06	887684		
O76054	O76054	S14L2_HUMAN	SEC14L2	SEC14-like protein 2			538708	548023
O76071	O76071	CIAO1_HUMAN	CIAO1	Probable cytosolic iron-sulfur protein assembly protein CIAO1	1.0234e+06	755677	614270	1.09678e+06
O76074	O76074	PDE5A_HUMAN	PDE5A	cGMP-specific 3',5'-cyclic phosphodiesterase	54167.6	56290.5		132503
O76080	O76080	ZFAN5_HUMAN	ZFAND5	AN1-type zinc finger protein 5	32534			
O76094	O76094	SRP72_HUMAN	SRP72	Signal recognition particle subunit SRP72	2.16225e+06	1.70389e+06	531499	1.57055e+06
O76095	O76095	JTB_HUMAN	JTB	Protein JTB	1.22778e+06	1.26632e+06	565781	775993
O94760	O94760	DDAH1_HUMAN	DDAH1	N(G),N(G)-dimethylarginine dimethylaminohydrolase 1	1.13963e+07	1.00187e+07	2.37886e+06	6.56976e+06
O94766	O94766	B3GA3_HUMAN	B3GAT3	Galactosylgalactosylxylosylprotein 3-beta-glucuronosyltransferase 3	445227	2.93103e+06	515147	492325
O94768	O94768	ST17B_HUMAN	STK17B	Serine/threonine-protein kinase 17B				27075.5
O94776	O94776	MTA2_HUMAN	MTA2	Metastasis-associated protein MTA2	1.21645e+06	1.43151e+06	1.4767e+06	1.52134e+06
O94788	O94788	AL1A2_HUMAN	ALDH1A2	Retinal dehydrogenase 2	519610	1.26906e+06	248484	402651
O94804	O94804	STK10_HUMAN	STK10	Serine/threonine-protein kinase 10	430068		1.03664e+06	985363
O94811	O94811	TPPP_HUMAN	TPPP	Tubulin polymerization-promoting protein	91814.9	347561		
O94812	O94812	BAIP3_HUMAN	BAIAP3	BAI1-associated protein 3	1.43514e+06	561393	590342	548231
O94819	O94819	KBTBB_HUMAN	KBTBD11	Kelch repeat and BTB domain-containing protein 11	550186	297390	586220	498799
O94822	O94822	LTN1_HUMAN	LTN1	E3 ubiquitin-protein ligase listerin	86946.5			102181
O94826	O94826	TOM70_HUMAN	TOMM70	Mitochondrial import receptor subunit TOM70	2.54853e+06	1.74907e+06	306238	2.5725e+06
O94832	O94832	MYO1D_HUMAN	MYO1D	Unconventional myosin-Id	2.96254e+06	1.4489e+06	1.47223e+06	1.51822e+06
O94851	O94851	MICA2_HUMAN	MICAL2	[F-actin]-monooxygenase MICAL2	180808	187216	299886	454069
O94855	O94855	SC24D_HUMAN	SEC24D	Protein transport protein Sec24D	2.36355e+06	1.50077e+06	1.71105e+06	2.5729e+06
O94874	O94874;Q92845	UFL1_HUMAN	UFL1	E3 UFM1-protein ligase 1	3.61575e+06	2.44193e+06	1.10828e+06	2.34663e+06
O94875	O94875	SRBS2_HUMAN	SORBS2	Sorbin and SH3 domain-containing protein 2		1.7869e+06	149809	220901
O94886	O94886	CSCL1_HUMAN	TMEM63A	CSC1-like protein 1	613902	333654	291143	883652
O94887	O94887	FARP2_HUMAN	FARP2	FERM, ARHGEF and pleckstrin domain-containing protein 2	277227			131418
O94888	O94888	UBXN7_HUMAN	UBXN7	UBX domain-containing protein 7	342111	349227		251476
O94901	O94901	SUN1_HUMAN	SUN1	SUN domain-containing protein 1	2.59266e+06		2.67196e+06	1.0095e+06
O94903	O94903	PLPHP_HUMAN	PLPBP	Pyridoxal phosphate homeostasis protein	1.89282e+06	2.89049e+06	1.94865e+06	2.35013e+06
O94905	O75477;O94905	ERLN2_HUMAN	ERLIN2	Erlin-2	4.22482e+06	4.94706e+06	1.31187e+06	4.13717e+06
O94906	O94906	PRP6_HUMAN	PRPF6	Pre-mRNA-processing factor 6	439691	659067	395792	909535
O94911	O94911	ABCA8_HUMAN	ABCA8	ABC-type organic anion transporter ABCA8	114029			
O94915	O94915	FRYL_HUMAN	FRYL	Protein furry homolog-like	664707	497209	333834	504096
O94919	O94919	ENDD1_HUMAN	ENDOD1	Endonuclease domain-containing 1 protein	1.80352e+06	1.96036e+06	836104	1.2222e+06
O94923	O94923	GLCE_HUMAN	GLCE	D-glucuronyl C5-epimerase	867776	799756	590802	794352
O94925	O94925	GLSK_HUMAN	GLS	Glutaminase kidney isoform, mitochondrial	1.94234e+06	1.27025e+06	1.01389e+06	2.50094e+06
O94966	O94966	UBP19_HUMAN	USP19	Ubiquitin carboxyl-terminal hydrolase 19	130907	346150	150859	240147
O94973	O94973	AP2A2_HUMAN	AP2A2	AP-2 complex subunit alpha-2	1.20432e+06	861272	1.32044e+06	1.42606e+06
O94979	O94979	SC31A_HUMAN	SEC31A	Protein transport protein Sec31A	6.85711e+06	5.69576e+06	3.90991e+06	6.44803e+06
O94992	O94992	HEXI1_HUMAN	HEXIM1	Protein HEXIM1	440450	807611	1.25297e+06	1.08738e+06
O95049	O95049	ZO3_HUMAN	TJP3	Tight junction protein ZO-3	274113	506279		
O95059	O95059	RPP14_HUMAN	RPP14	Ribonuclease P protein subunit p14	239903			141646
O95070	O95070	YIF1A_HUMAN	YIF1A	Protein YIF1A	1.64902e+06	976533		433700
O95071	O95071	UBR5_HUMAN	UBR5	E3 ubiquitin-protein ligase UBR5	198610		69144.4	234683
O95081	O95081	AGFG2_HUMAN	AGFG2	Arf-GAP domain and FG repeat-containing protein 2	313464			151595
O95139	O95139	NDUB6_HUMAN	NDUFB6	NADH dehydrogenase [ubiquinone] 1 beta subcomplex subunit 6	1.58376e+06	1.85492e+06	787212	1.06457e+06
O95140	O95140	MFN2_HUMAN	MFN2	Mitofusin-2	657940	918768		655718
O95149	O95149	SPN1_HUMAN	SNUPN	Snurportin-1	52098		41145.4	128831
O95154	O95154	ARK73_HUMAN	AKR7A3	Aflatoxin B1 aldehyde reductase member 3	3.13151e+06	2.88887e+06	183413	5.96484e+06
O95155	O95155	UBE4B_HUMAN	UBE4B	Ubiquitin conjugation factor E4 B	306639	234646		427772
O95159	O95159	ZFPL1_HUMAN	ZFPL1	Zinc finger protein-like 1	809321	674798		698584
O95163	O95163	ELP1_HUMAN	ELP1	Elongator complex protein 1	5.62667e+06	3.9652e+06	3.1001e+06	5.29066e+06
O95164	O95164	UBL3_HUMAN	UBL3	Ubiquitin-like protein 3	366275	291113	405967	409469
O95166	O95166;Q9H0R8	GBRAP_HUMAN	GABARAP	Gamma-aminobutyric acid receptor-associated protein	530883		1.06428e+06	521337
O95168	O95168	NDUB4_HUMAN	NDUFB4	NADH dehydrogenase [ubiquinone] 1 beta subcomplex subunit 4	5.92254e+06	5.02506e+06	1.03685e+06	3.52326e+06
O95169	O95169	NDUB8_HUMAN	NDUFB8	NADH dehydrogenase [ubiquinone] 1 beta subcomplex subunit 8, mitochondrial	1.65531e+06	1.28986e+06	690485	1.09508e+06
O95182	O95182	NDUA7_HUMAN	NDUFA7	NADH dehydrogenase [ubiquinone] 1 alpha subcomplex subunit 7	1.62609e+06	1.90656e+06	235190	563696
O95183	O95183	VAMP5_HUMAN	VAMP5	Vesicle-associated membrane protein 5	464835	430371	455153	569715
O95197	O95197	RTN3_HUMAN	RTN3	Reticulon-3	9.95731e+06	5.87502e+06	1.17318e+07	1.72298e+07
O95202	O95202	LETM1_HUMAN	LETM1	Mitochondrial proton/calcium exchanger protein	2.59275e+06	2.79326e+06	1.72989e+06	2.4806e+06
O95208	O95208	EPN2_HUMAN	EPN2	Epsin-2	495209	649025	728101	549719
O95210	O95210	STBD1_HUMAN	STBD1	Starch-binding domain-containing protein 1	552389	407733	589313	610984
O95218	O95218	ZRAB2_HUMAN	ZRANB2	Zinc finger Ran-binding domain-containing protein 2	313057	360445	342225	258224
O95219	O95219	SNX4_HUMAN	SNX4	Sorting nexin-4	751817	732561	51702	459427
O95232	O95232	LC7L3_HUMAN	LUC7L3	Luc7-like protein 3	641242	262880	609061	491576
O95236	O95236	APOL3_HUMAN	APOL3	Apolipoprotein L3	213109	203310		45646.7
O95248	O95248;Q86WG5	MTMR5_HUMAN	SBF1	Myotubularin-related protein 5	189282		110811	195274
O95249	O95249	GOSR1_HUMAN	GOSR1	Golgi SNAP receptor complex member 1	945087	701765	683156	702924
O95260	O95260	ATE1_HUMAN	ATE1	Arginyl-tRNA--protein transferase 1	306007		247874	149194
O95273	O95273	CCDB1_HUMAN	CCNDBP1	Cyclin-D1-binding protein 1	44602.2			60252.5
O95292	O95292	VAPB_HUMAN	VAPB	Vesicle-associated membrane protein-associated protein B/C	1.81299e+06	2.11111e+06	1.09716e+06	1.83959e+06
O95295	O95295	SNAPN_HUMAN	SNAPIN	SNARE-associated protein Snapin	448916		331045	421416
O95297	O95297	MPZL1_HUMAN	MPZL1	Myelin protein zero-like protein 1	674664	732088	444913	658008
O95298	O95298	NDUC2_HUMAN	NDUFC2	NADH dehydrogenase [ubiquinone] 1 subunit C2	6.86963e+06	5.41014e+06	644797	2.18287e+06
O95299	O95299	NDUAA_HUMAN	NDUFA10	NADH dehydrogenase [ubiquinone] 1 alpha subcomplex subunit 10, mitochondrial	3.18056e+06	2.87317e+06	402188	1.64643e+06
O95302	O95302	FKBP9_HUMAN	FKBP9	Peptidyl-prolyl cis-trans isomerase FKBP9	2.47273e+06	1.88609e+06	3.83588e+06	7.01316e+06
O95319	O95319	CELF2_HUMAN	CELF2	CUGBP Elav-like family member 2	1.28607e+06	1.11434e+06	2.23885e+06	1.85622e+06
O95336	O95336	6PGL_HUMAN	PGLS	6-phosphogluconolactonase	4.43256e+06	3.49776e+06	3.44367e+06	4.24117e+06
O95340	O95340	PAPS2_HUMAN	PAPSS2	Bifunctional 3'-phosphoadenosine 5'-phosphosulfate synthase 2	4.80009e+06	5.46263e+06	1.05943e+06	3.11541e+06
O95342	O95342	ABCBB_HUMAN	ABCB11	Bile salt export pump				222477
O95347	O95347	SMC2_HUMAN	SMC2	Structural maintenance of chromosomes protein 2	444193	444922	390201	997755
O95352	O95352	ATG7_HUMAN	ATG7	Ubiquitin-like modifier-activating enzyme ATG7	9.63507e+06	5.41817e+06	1.42141e+07	9.67254e+06
O95359	O95359	TACC2_HUMAN	TACC2	Transforming acidic coiled-coil-containing protein 2	222632	329601		166480
O95361	O95361	TRI16_HUMAN	TRIM16	Tripartite motif-containing protein 16	304868	501579	231135	346535
O95363	O95363	SYFM_HUMAN	FARS2	Phenylalanine--tRNA ligase, mitochondrial	242800		90597.2	301029
O95372	O95372	LYPA2_HUMAN	LYPLA2	Acyl-protein thioesterase 2	3.59215e+06	2.58522e+06	1.7586e+06	2.80322e+06
O95373	O95373	IPO7_HUMAN	IPO7	Importin-7	1.53968e+06	1.10368e+06	774002	1.9766e+06
O95376	O95376	ARI2_HUMAN	ARIH2	E3 ubiquitin-protein ligase ARIH2	200508	1.11943e+06	292771	274116
O95379	O95379	TFIP8_HUMAN	TNFAIP8	Tumor necrosis factor alpha-induced protein 8	600190	1.05237e+06	987012	781082
O95394	O95394	AGM1_HUMAN	PGM3	Phosphoacetylglucosamine mutase	4.15634e+06	3.57851e+06	2.19208e+06	2.6654e+06
O95395	O95395	GCNT3_HUMAN	GCNT3	Beta-1,3-galactosyl-O-glycosyl-glycoprotein beta-1,6-N-acetylglucosaminyltransferase 3	398524	471187	127773	657348
O95396	O95396	MOCS3_HUMAN	MOCS3	Adenylyltransferase and sulfurtransferase MOCS3		287782		
O95400	O95400	CD2B2_HUMAN	CD2BP2	CD2 antigen cytoplasmic tail-binding protein 2	455153	508673		692065
O95407	O95407	TNF6B_HUMAN	TNFRSF6B	Tumor necrosis factor receptor superfamily member 6B				464049
O95425	O95425	SVIL_HUMAN	SVIL	Supervillin	562442	454552	342832	488127
O95427	O95427	PIGN_HUMAN	PIGN	GPI ethanolamine phosphate transferase 1	129112			93627
O95428	O95428	PPN_HUMAN	PAPLN	Papilin	91357.5	127085		113080
O95433	O95433	AHSA1_HUMAN	AHSA1	Activator of 90 kDa heat shock protein ATPase homolog 1	2.45078e+06	2.59391e+06	1.2988e+06	2.72867e+06
O95445	O95445	APOM_HUMAN	APOM	Apolipoprotein M	2.76256e+06	2.40443e+06	1.41146e+06	1.14178e+06
O95453	O95453	PARN_HUMAN	PARN	Poly(A)-specific ribonuclease PARN			81331.4	193495
O95455	O95455	TGDS_HUMAN	TGDS	dTDP-D-glucose 4,6-dehydratase	306737		393852	239422
O95456	O95456	PSMG1_HUMAN	PSMG1	Proteasome assembly chaperone 1	913531	1.34439e+06	732275	1.80479e+06
O95466	O95466	FMNL1_HUMAN	FMNL1	Formin-like protein 1	1.68722e+06	1.72777e+06	1.18784e+06	3.51554e+06
O95470	O95470	SGPL1_HUMAN	SGPL1	Sphingosine-1-phosphate lyase 1	2.03338e+06	1.47809e+06	1.16122e+06	1.27802e+06
O95471	O95471	CLD7_HUMAN	CLDN7	Claudin-7	3.37601e+06			346834
O95476	O95476	CNEP1_HUMAN	CTDNEP1	CTD nuclear envelope phosphatase 1	522493	382705	482060	509732
O95477	O95477	ABCA1_HUMAN	ABCA1	Phospholipid-transporting ATPase ABCA1	2.28811e+06	1.45339e+06	1.01392e+06	468264
O95479	O95479	G6PE_HUMAN	H6PD	GDH/6PGL endoplasmic bifunctional protein	1.54027e+06	1.18171e+06	4.30315e+06	3.17913e+06
O95486	O95486	SC24A_HUMAN	SEC24A	Protein transport protein Sec24A	2.68328e+06	1.78758e+06	1.9614e+06	2.21035e+06
O95487	O95487	SC24B_HUMAN	SEC24B	Protein transport protein Sec24B	713465	466541	638068	848825
O95490	O95490	AGRL2_HUMAN	ADGRL2	Adhesion G protein-coupled receptor L2	41755.5		169194	88856.7
O95497	O95497	VNN1_HUMAN	VNN1	Pantetheinase	303373	438924	3.43646e+06	910451
O95498	O95498	VNN2_HUMAN	VNN2	Pantetheine hydrolase VNN2	979978	412689	2.70477e+06	1.10248e+06
O95528	O95528	GTR10_HUMAN	SLC2A10	Solute carrier family 2, facilitated glucose transporter member 10	53660.9		26219	99711.5
O95544	O95544	NADK_HUMAN	NADK	NAD kinase	162029	2.55092e+06	1.137e+06	481587
O95551	O95551	TYDP2_HUMAN	TDP2	Tyrosyl-DNA phosphodiesterase 2	907281	1.25935e+06		433146
O95562	O95562	SFT2B_HUMAN	SFT2D2	Vesicle transport protein SFT2B	694208	635911	541938	858349
O95563	O95563	MPC2_HUMAN	MPC2	Mitochondrial pyruvate carrier 2	1.77076e+06	567764	326582	504634
O95571	O95571	ETHE1_HUMAN	ETHE1	Persulfide dioxygenase ETHE1, mitochondrial	2.80722e+07	2.37029e+07	4.67697e+06	6.70611e+06
O95573	O95573	ACSL3_HUMAN	ACSL3	Fatty acid CoA ligase Acsl3	1.92041e+06	2.19661e+06	1.25507e+06	2.00635e+06
O95602	O95602	RPA1_HUMAN	POLR1A	DNA-directed RNA polymerase I subunit RPA1			10230.4	107768
O95630	O95630	STABP_HUMAN	STAMBP	STAM-binding protein	3.24423e+06	4.16067e+06	2.73956e+06	3.65983e+06
O95671	O95671	ASML_HUMAN	ASMTL	Probable bifunctional dTTP/UTP pyrophosphatase/methyltransferase protein	414936	268628	139890	279705
O95674	O95674	CDS2_HUMAN	CDS2	Phosphatidate cytidylyltransferase 2	1.38599e+06	1.20459e+06	1.86036e+06	1.3141e+06
O95685	O95685	PPR3D_HUMAN	PPP1R3D	Protein phosphatase 1 regulatory subunit 3D	411139		311642	354492
O95716	O95716;P20336	RAB3D_HUMAN	RAB3D	Ras-related protein Rab-3D	4.67291e+06	5.1424e+06	1.17777e+06	2.44668e+06
O95721	O95721	SNP29_HUMAN	SNAP29	Synaptosomal-associated protein 29	1.09665e+06	1.31985e+06	224486	827625
O95747	O95747	OXSR1_HUMAN	OXSR1	Serine/threonine-protein kinase OSR1	2.64403e+06	4.01412e+06	4.67612e+06	3.72498e+06
O95749	O95749	GGPPS_HUMAN	GGPS1	Geranylgeranyl pyrophosphate synthase	367291	355538	317691	557209
O95757	O95757	HS74L_HUMAN	HSPA4L	Heat shock 70 kDa protein 4L	441831	640191	436956	119610
O95758	O95758	PTBP3_HUMAN	PTBP3	Polypyrimidine tract-binding protein 3	1.18935e+06	1.33171e+06	1.59939e+06	2.1605e+06
O95772	O95772	STR3N_HUMAN	STARD3NL	STARD3 N-terminal-like protein	158950			269544
O95777	O95777	LSM8_HUMAN	LSM8	U6 snRNA-associated Sm-like protein LSm8	2.07445e+06	2.53979e+06	2.64401e+06	2.36861e+06
O95782	O95782	AP2A1_HUMAN	AP2A1	AP-2 complex subunit alpha-1	1.90174e+06	1.6728e+06	3.50801e+06	3.62812e+06
O95786	O95786	RIGI_HUMAN	RIGI	Antiviral innate immune response receptor RIG-I	249607	224877	502715	373389
O95793	O95793	STAU1_HUMAN	STAU1	Double-stranded RNA-binding protein Staufen homolog 1	440180	469800	474142	783031
O95810	O95810	CAVN2_HUMAN	CAVIN2	Caveolae-associated protein 2	728851	1.33463e+06	184296	293480
O95816	O95816	BAG2_HUMAN	BAG2	BAG family molecular chaperone regulator 2	377576	347391	648503	519984
O95817	O95817	BAG3_HUMAN	BAG3	BAG family molecular chaperone regulator 3	921763	1.144e+06	502395	1.00254e+06
O95822	O95822	DCMC_HUMAN	MLYCD	Malonyl-CoA decarboxylase, mitochondrial	620213	631900	345977	469039
O95825	O95825	QORL1_HUMAN	CRYZL1	Quinone oxidoreductase-like protein 1	311221	373042	478418	426064
O95831	O95831	AIFM1_HUMAN	AIFM1	Apoptosis-inducing factor 1, mitochondrial	4.51415e+06	4.66546e+06	2.57979e+06	3.39752e+06
O95832	O95832	CLD1_HUMAN	CLDN1	Claudin-1				2.53974e+06
O95833	O95833	CLIC3_HUMAN	CLIC3	Chloride intracellular channel protein 3			1.41561e+06	948543
O95834	O95834	EMAL2_HUMAN	EML2	Echinoderm microtubule-associated protein-like 2	3.34731e+06	3.53155e+06	2.80267e+06	2.95902e+06
O95837	O95837	GNA14_HUMAN	GNA14	Guanine nucleotide-binding protein subunit alpha-14				222049
O95848	O95848	NUD14_HUMAN	NUDT14	Uridine diphosphate glucose pyrophosphatase NUDT14	66124.8		97516	287714
O95857	O95857	TSN13_HUMAN	TSPAN13	Tetraspanin-13	1.33591e+06	2.83032e+06		489590
O95858	O95858	TSN15_HUMAN	TSPAN15	Tetraspanin-15	1.00789e+06	469296	291806	687926
O95861	O95861	BPNT1_HUMAN	BPNT1	3'(2'),5'-bisphosphate nucleotidase 1	2.55775e+06	2.69973e+06	1.8456e+06	3.03185e+06
O95865	O95865	DDAH2_HUMAN	DDAH2	N(G),N(G)-dimethylarginine dimethylaminohydrolase 2	2.0945e+06	1.98823e+06	1.76421e+06	2.96487e+06
O95870	O95870	ABHGA_HUMAN	ABHD16A	Phosphatidylserine lipase ABHD16A	1.10403e+06	933902		813786
O95881	O95881	TXD12_HUMAN	TXNDC12	Thioredoxin domain-containing protein 12	6.89343e+06	8.27405e+06	5.61356e+06	8.20522e+06
O95967	O95967	FBLN4_HUMAN	EFEMP2	EGF-containing fibulin-like extracellular matrix protein 2	299728	470765	658761	941535
O95980	O95980	RECK_HUMAN	RECK	Reversion-inducing cysteine-rich protein with Kazal motifs	1.58743e+06	1.32916e+06	1.63525e+06	1.10006e+06
O95985	O95985	TOP3B_HUMAN	TOP3B	DNA topoisomerase 3-beta-1	53849.7		33882.5	95294
O95989	O95989	NUDT3_HUMAN	NUDT3	Diphosphoinositol polyphosphate phosphohydrolase 1	1.04924e+06	751941	2.94671e+06	2.57871e+06
O95994	O95994	AGR2_HUMAN	AGR2	Anterior gradient protein 2 homolog	2.88425e+08	1.9033e+08	1.43583e+07	3.62644e+07
O95999	O95999	BCL10_HUMAN	BCL10	B-cell lymphoma/leukemia 10	547916	525089		303232
O96000	O96000	NDUBA_HUMAN	NDUFB10	NADH dehydrogenase [ubiquinone] 1 beta subcomplex subunit 10	4.40104e+06	4.4769e+06	2.08865e+06	2.90169e+06
O96005	O96005	CLPT1_HUMAN	CLPTM1	Putative lipid scramblase CLPTM1	2.30427e+06	1.63761e+06	1.75224e+06	2.79137e+06
O96007	O96007	MOC2B_HUMAN	MOCS2	Molybdopterin synthase catalytic subunit	386042	148787	320513	286823
O96008	O96008	TOM40_HUMAN	TOMM40	Mitochondrial import receptor subunit TOM40 homolog	3.00166e+06	1.32986e+06		3.25702e+06
O96011	O96011	PX11B_HUMAN	PEX11B	Peroxisomal membrane protein 11B	1.13566e+06	1.0174e+06	325793	866628
O96013	O96013	PAK4_HUMAN	PAK4	Serine/threonine-protein kinase PAK 4	187607	155081		202925
O96019	O94805;O96019	ACL6A_HUMAN	ACTL6A	Actin-like protein 6A	1.82943e+06	1.9179e+06	2.73409e+06	2.71854e+06
P00156	P00156	CYB_HUMAN	MT-CYB	Cytochrome b	4.13691e+06	1.63346e+06	1.47571e+06	3.21207e+06
P00167	P00167	CYB5_HUMAN	CYB5A	Cytochrome b5	2.57016e+06	1.60649e+06	760143	2.01039e+06
P00325	P00325;P08319	ADH1B_HUMAN	ADH1B	All-trans-retinol dehydrogenase [NAD(+)] ADH1B	1.23623e+07	1.58551e+07	434304	288747
P00326	P00326	ADH1G_HUMAN	ADH1C	Alcohol dehydrogenase 1C	8.14891e+06	4.74102e+06		172779
P00338	P00338	LDHA_HUMAN	LDHA	L-lactate dehydrogenase A chain	5.66619e+07	5.35933e+07	1.16981e+08	1.04955e+08
P00352	P00352	AL1A1_HUMAN	ALDH1A1	Aldehyde dehydrogenase 1A1	6.7796e+06	4.02394e+06	3.14689e+06	937958
P00367	P00367;P49448	DHE3_HUMAN	GLUD1	Glutamate dehydrogenase 1, mitochondrial	9.6902e+06	9.43851e+06	9.80999e+06	1.22714e+07
P00374	P00374	DYR_HUMAN	DHFR	Dihydrofolate reductase	411779	560266		944377
P00387	P00387	NB5R3_HUMAN	CYB5R3	NADH-cytochrome b5 reductase 3	7.15147e+06	5.05949e+06	1.19995e+07	1.21396e+07
P00390	P00390	GSHR_HUMAN	GSR	Glutathione reductase, mitochondrial	1.47643e+07	1.15234e+07	1.60617e+07	1.15702e+07
P00395	P00395	COX1_HUMAN	MT-CO1	Cytochrome c oxidase subunit 1	4.5925e+06	1.15502e+06	2.68578e+06	3.23811e+06
P00403	P00403	COX2_HUMAN	MT-CO2	Cytochrome c oxidase subunit 2	5.3245e+07	3.57398e+07	1.19966e+07	2.07665e+07
P00414	P00414	COX3_HUMAN	MT-CO3	Cytochrome c oxidase subunit 3	1.91796e+06	621825	679319	1.04287e+06
P00441	P00441	SODC_HUMAN	SOD1	Superoxide dismutase [Cu-Zn]	3.41767e+07	5.24379e+07	3.49028e+07	5.18061e+07
P00450	P00450	CERU_HUMAN	CP	Ceruloplasmin	1.56559e+07	1.04215e+07	1.35307e+07	5.18508e+06
P00488	P00488	F13A_HUMAN	F13A1	Coagulation factor XIII A chain	1.20663e+07	3.61924e+06	2.48873e+06	2.19332e+06
P00491	P00491	PNPH_HUMAN	PNP	Purine nucleoside phosphorylase	7.80498e+06	5.19767e+06	1.66883e+07	9.41018e+06
P00492	P00492	HPRT_HUMAN	HPRT1	Hypoxanthine-guanine phosphoribosyltransferase	2.99761e+06	2.65596e+06	4.69791e+06	3.29194e+06
P00505	P00505	AATM_HUMAN	GOT2	Aspartate aminotransferase, mitochondrial	4.38331e+07	3.22215e+07	2.60358e+07	3.70566e+07
P00533	P00533	EGFR_HUMAN	EGFR	Epidermal growth factor receptor	650100	588918	361458	727349
P00558	P00558	PGK1_HUMAN	PGK1	Phosphoglycerate kinase 1	2.67094e+07	2.51661e+07	6.00198e+07	4.96988e+07
P00568	P00568	KAD1_HUMAN	AK1	Adenylate kinase isoenzyme 1	4.7183e+06	4.89854e+06	3.32641e+06	3.94713e+06
P00734	P00734	THRB_HUMAN	F2	Prothrombin	6.99377e+06	6.28282e+06	1.15213e+07	3.16371e+06
P00736	P00736	C1R_HUMAN	C1R	Complement C1r subcomponent	2.22606e+06	1.973e+06	2.78314e+06	1.73925e+06
P00738	P00738	HPT_HUMAN	HP	Haptoglobin	8.11449e+07	5.54025e+07	6.3555e+07	3.31331e+07
P00739	P00739	HPTR_HUMAN	HPR	Haptoglobin-related protein	1.36393e+06	466446	1.23768e+06	636083
P00740	P00740	FA9_HUMAN	F9	Coagulation factor IX	1.48657e+06	2.22947e+06	750597	988579
P00742	P00742	FA10_HUMAN	F10	Coagulation factor X	893081	845721	1.73907e+06	322479
P00746	P00746	CFAD_HUMAN	CFD	Complement factor D	987961	1.08631e+06	1.17386e+06	738253
P00747	P00747;P08519	PLMN_HUMAN	PLG	Plasminogen	8.73624e+06	7.30221e+06	1.71804e+07	2.4162e+06
P00748	P00748	FA12_HUMAN	F12	Coagulation factor XII	1.05945e+06	1.14065e+06	441061	468173
P00749	P00749	UROK_HUMAN	PLAU	Urokinase-type plasminogen activator	86446.5		267001	246093
P00751	P00751	CFAB_HUMAN	CFB	Complement factor B	1.32383e+07	1.14973e+07	1.30894e+07	7.3904e+06
P00813	P00813	ADA_HUMAN	ADA	Adenosine deaminase	3.29592e+06	2.08258e+06	3.91316e+06	3.90317e+06
P00846	P00846	ATP6_HUMAN	MT-ATP6	ATP synthase subunit a	5.64883e+06	3.12575e+06	1.2893e+06	4.6023e+06
P00915	P00915	CAH1_HUMAN	CA1	Carbonic anhydrase 1	1.98362e+08	9.13765e+07	3.07569e+08	2.90444e+07
P00918	P00918	CAH2_HUMAN	CA2	Carbonic anhydrase 2	5.53443e+07	3.53994e+07	5.26503e+07	7.18527e+06
P00966	P00966	ASSY_HUMAN	ASS1	Argininosuccinate synthase	8.98818e+06	9.99817e+06	281757	4.52421e+06
P00973	P00973	OAS1_HUMAN	OAS1	2'-5'-oligoadenylate synthase 1	1.53408e+06	1.24765e+06	1.65518e+06	3.43445e+06
P00995	P00995	ISK1_HUMAN	SPINK1	Serine protease inhibitor Kazal-type 1	1.39296e+06	375969		366481
P01008	P01008	ANT3_HUMAN	SERPINC1	Antithrombin-III	1.15024e+07	9.67786e+06	1.06808e+07	5.59819e+06
P01009	P01009	A1AT_HUMAN	SERPINA1	Alpha-1-antitrypsin	1.1088e+08	6.61857e+07	1.00952e+08	4.73561e+07
P01011	P01011	AACT_HUMAN	SERPINA3	Alpha-1-antichymotrypsin	3.00576e+07	1.60577e+07	5.11227e+07	1.40294e+07
P01019	P01019	ANGT_HUMAN	AGT	Angiotensinogen	3.61049e+06	3.34855e+06	3.04717e+06	1.78606e+06
P01023	P01023	A2MG_HUMAN	A2M	Alpha-2-macroglobulin	5.4048e+07	2.85233e+07	3.0393e+07	1.50004e+07
P01024	P01024	CO3_HUMAN	C3	Complement C3	5.8999e+07	4.13502e+07	6.52099e+07	2.3211e+07
P01031	P01031	CO5_HUMAN	C5	Complement C5	3.64286e+06	2.45457e+06	5.71941e+06	1.58411e+06
P01033	P01033	TIMP1_HUMAN	TIMP1	Metalloproteinase inhibitor 1	1.38554e+06	1.48399e+06	2.52682e+06	1.97554e+06
P01034	P01034	CYTC_HUMAN	CST3	Cystatin-C	5.88367e+06	7.84592e+06	1.4142e+06	1.44482e+06
P01036	P01036;P09228	CYTS_HUMAN	CST4	Cystatin-S		170226	23030.8	
P01040	P01040	CYTA_HUMAN	CSTA	Cystatin-A	1.31943e+06	7.82975e+06	9.78498e+06	3.04783e+06
P01042	P01042	KNG1_HUMAN	KNG1	Kininogen-1	1.15915e+07	1.26098e+07	1.01158e+07	4.8954e+06
P01111	P01111;P01112	RASN_HUMAN	NRAS	GTPase NRas	3.25248e+06	3.91644e+06	2.44482e+06	2.79202e+06
P01116	P01116	RASK_HUMAN	KRAS	GTPase KRas	801280	721435	534954	322176
P01130	P01130	LDLR_HUMAN	LDLR	Low-density lipoprotein receptor	172909	160682	56087.9	152581
P01137	P01137	TGFB1_HUMAN	TGFB1	Transforming growth factor beta-1 proprotein	422097	682379	1.71159e+06	948452
P01275	P01275	GLUC_HUMAN	GCG	Pro-glucagon	374868	122928		
P01344	P01344	IGF2_HUMAN	IGF2	Insulin-like growth factor II	138914	102214	120958	65570.3
P01591	P01591	IGJ_HUMAN	JCHAIN	Immunoglobulin J chain	5.21369e+07	4.25359e+07	3.4692e+06	2.42138e+06
P01593	P01593	KVD33_HUMAN	IGKV1D-33	Immunoglobulin kappa variable 1D-33	5.73492e+06	4.17761e+06	4.64217e+06	2.61731e+06
P01597	P01597;P01611;A0A0C4DH72;A0A0C4DH73	KV139_HUMAN	IGKV1-39	Immunoglobulin kappa variable 1-39	2.82421e+06	337218	2.84033e+06	1.16961e+06
P01599	P01599	KV117_HUMAN	IGKV1-17	Immunoglobulin kappa variable 1-17	1.57145e+06	869713	1.35258e+06	567486
P01601	P01601	KVD16_HUMAN	IGKV1D-16	Immunoglobulin kappa variable 1D-16	860191	681703	743891	291070
P01602	P01602;P0DOX7	KV105_HUMAN	IGKV1-5	Immunoglobulin kappa variable 1-5	3.51068e+06	6.87359e+06	3.56646e+06	1.8501e+06
P01614	P01614	KVD40_HUMAN	IGKV2D-40	Immunoglobulin kappa variable 2D-40	2.31155e+07	1.96662e+07	1.92993e+07	7.30635e+06
P01615	P01615	KVD28_HUMAN	IGKV2D-28	Immunoglobulin kappa variable 2D-28	1.24921e+06	277119	1.41561e+06	737984
P01619	P01619	KV320_HUMAN	IGKV3-20	Immunoglobulin kappa variable 3-20	1.90104e+07	1.61693e+07	1.59541e+07	6.37681e+06
P01700	P01700	LV147_HUMAN	IGLV1-47	Immunoglobulin lambda variable 1-47	8.83704e+06	7.97172e+06	1.01103e+07	4.00455e+06
P01701	P01701	LV151_HUMAN	IGLV1-51	Immunoglobulin lambda variable 1-51	5.80139e+06	3.70351e+06	4.03019e+06	1.14629e+06
P01703	P01703	LV140_HUMAN	IGLV1-40	Immunoglobulin lambda variable 1-40	2.7488e+06	518939	2.33769e+06	2.50769e+06
P01704	P01704	LV214_HUMAN	IGLV2-14	Immunoglobulin lambda variable 2-14	1.71181e+06	472594	1.24058e+06	434987
P01706	P01706	LV211_HUMAN	IGLV2-11	Immunoglobulin lambda variable 2-11	361715	633474	744705	
P01709	P01706;P01709;P0DOX8	LV208_HUMAN	IGLV2-8	Immunoglobulin lambda variable 2-8	4.64128e+06	2.95652e+06	3.46349e+06	1.38273e+06
P01714	P01714	LV319_HUMAN	IGLV3-19	Immunoglobulin lambda variable 3-19	7.4935e+06	4.41612e+06	4.96313e+06	1.92443e+06
P01717	P01717;P01718	LV325_HUMAN	IGLV3-25	Immunoglobulin lambda variable 3-25	1.07919e+06	1.35049e+06	1.11477e+06	430223
P01721	P01721	LV657_HUMAN	IGLV6-57	Immunoglobulin lambda variable 6-57	2.92305e+07		3.25623e+07	
P01730	P01730	CD4_HUMAN	CD4	T-cell surface glycoprotein CD4	35806.1		62902.1	56016.4
P01742	P01742	HV169_HUMAN	IGHV1-69	Immunoglobulin heavy variable 1-69	8.93313e+06	6.21865e+06	5.76621e+06	2.76567e+06
P01743	P01743	HV146_HUMAN	IGHV1-46	Immunoglobulin heavy variable 1-46	993252		542020	284974
P01766	P01766	HV313_HUMAN	IGHV3-13	Immunoglobulin heavy variable 3-13	679205	562641	482160	327703
P01768	P01768;P01772;P0DP02	HV330_HUMAN	IGHV3-30	Immunoglobulin heavy variable 3-30	8.62199e+06	5.65046e+06	7.17645e+06	2.99535e+06
P01780	P01780	HV307_HUMAN	IGHV3-7	Immunoglobulin heavy variable 3-7	4.11317e+07	3.22884e+07	3.61271e+07	1.53999e+07
P01782;P0DP04	P01782;P0DP04	HV309_HUMAN;HV43D_HUMAN	IGHV3-43D;IGHV3-9	Immunoglobulin heavy variable 3-9	1.55594e+06	1.44674e+06	1.29938e+06	696786
P01833	P01833	PIGR_HUMAN	PIGR	Polymeric immunoglobulin receptor	2.58289e+07	2.09801e+07	625794	1.67095e+06
P01834	P01834;P0DOX7	IGKC_HUMAN	IGKC	Immunoglobulin kappa constant	3.51499e+08	2.68176e+08	2.66758e+08	1.14648e+08
P01857	P01857;P01859;P0DOX5	IGHG1_HUMAN	IGHG1	Immunoglobulin heavy constant gamma 1	7.54451e+08	7.97538e+08	7.84923e+08	3.51858e+08
P01859	P01859	IGHG2_HUMAN	IGHG2	Immunoglobulin heavy constant gamma 2	3.65512e+08	3.34516e+08	3.58398e+08	1.5166e+08
P01860	P01860	IGHG3_HUMAN	IGHG3	Immunoglobulin heavy constant gamma 3	2.5322e+07	3.15656e+07	2.67748e+07	1.03653e+07
P01861	P01861	IGHG4_HUMAN	IGHG4	Immunoglobulin heavy constant gamma 4	2.60374e+07	2.64002e+07	1.9458e+07	8.59661e+06
P01871	P01871;P0DOX6	IGHM_HUMAN	IGHM	Immunoglobulin heavy constant mu	1.30679e+07	1.23081e+07	8.86711e+06	4.00673e+06
P01876	P01876;P01877;P0DOX2	IGHA1_HUMAN	IGHA1	Immunoglobulin heavy constant alpha 1	3.13133e+08	2.33909e+08	7.64845e+07	4.19479e+07
P01877	P01877;P0DOX2	IGHA2_HUMAN	IGHA2	Immunoglobulin heavy constant alpha 2	1.23388e+08	9.35718e+07	6.7336e+06	5.56871e+06
P01880	P01880;P0DOX3	IGHD_HUMAN	IGHD	Immunoglobulin heavy constant delta	1.69999e+06	1.48259e+06	1.23446e+06	747807
P01903	P01903;P01906	DRA_HUMAN	HLA-DRA	HLA class II histocompatibility antigen, DR alpha chain	7.41398e+06	2.90519e+06	1.45476e+07	8.9698e+06
P01909	P01909	DQA1_HUMAN	HLA-DQA1	HLA class II histocompatibility antigen, DQ alpha 1 chain	1.73284e+06	1.57025e+06	2.49504e+06	1.38295e+06
P02008	P02008	HBAZ_HUMAN	HBZ	Hemoglobin subunit zeta	885946	1.08405e+06		
P02042	P02042	HBD_HUMAN	HBD	Hemoglobin subunit delta	5.23259e+08	3.6804e+08	6.58313e+08	1.00607e+08
P02144	P02144	MYG_HUMAN	MB	Myoglobin	823724			
P02452	P02452	CO1A1_HUMAN	COL1A1	Collagen alpha-1(I) chain	1.87074e+06	2.61243e+06	7.32626e+06	1.064e+07
P02461	P02461	CO3A1_HUMAN	COL3A1	Collagen alpha-1(III) chain	508761	404732	2.36399e+06	2.79108e+06
P02462	P02462;P29400	CO4A1_HUMAN	COL4A1	Collagen alpha-1(IV) chain	281121	146278	1.14899e+06	1.54183e+06
P02511	P02511	CRYAB_HUMAN	CRYAB	Alpha-crystallin B chain	840464	878714	111320	729139
P02533	P02533	K1C14_HUMAN	KRT14	Keratin, type I cytoskeletal 14	3.74307e+07	9.22961e+07	2.72964e+08	2.60343e+07
P02538	P02538;P04259;P48668	K2C6A_HUMAN	KRT6A	Keratin, type II cytoskeletal 6A	6.60672e+06	1.17317e+07	1.5795e+08	3.00092e+06
P02545	P02545	LMNA_HUMAN	LMNA	Prelamin-A/C	5.52925e+06	1.15277e+07	1.62092e+07	9.60179e+06
P02549	P02549	SPTA1_HUMAN	SPTA1	Spectrin alpha chain, erythrocytic 1	3.44989e+06	2.64055e+06	1.61742e+07	1.58015e+06
P02647	P02647	APOA1_HUMAN	APOA1	Apolipoprotein A-I	1.52763e+08	7.53489e+07	6.08545e+06	5.04318e+07
P02649	P02649	APOE_HUMAN	APOE	Apolipoprotein E	9.98183e+06	8.89676e+06	1.27846e+06	4.64045e+06
P02652	P02652	APOA2_HUMAN	APOA2	Apolipoprotein A-II	5.97807e+06	9.8478e+06	1.10305e+06	1.79507e+06
P02654	P02654	APOC1_HUMAN	APOC1	Apolipoprotein C-I	5.05407e+06	2.58582e+06	2.13306e+06	1.98914e+06
P02656	P02656	APOC3_HUMAN	APOC3	Apolipoprotein C-III	6.60595e+06	2.71642e+06	1.17815e+06	1.90857e+06
P02671	P02671	FIBA_HUMAN	FGA	Fibrinogen alpha chain	3.61229e+07	3.73604e+07	3.9559e+07	2.3894e+07
P02675	P02675	FIBB_HUMAN	FGB	Fibrinogen beta chain	3.83559e+07	4.12278e+07	6.32442e+07	3.15188e+07
P02679	P02679	FIBG_HUMAN	FGG	Fibrinogen gamma chain	2.08869e+07	1.76071e+07	3.54444e+07	1.63762e+07
P02730	P02730	B3AT_HUMAN	SLC4A1	Band 3 anion transport protein	2.54007e+07	1.12208e+07	9.2688e+06	3.61629e+06
P02741	P02741	CRP_HUMAN	CRP	C-reactive protein	909918	338229	623164	374196
P02743	P02743	SAMP_HUMAN	APCS	Serum amyloid P-component	1.14751e+07	1.28924e+07	3.52274e+07	1.01632e+07
P02745	P02745	C1QA_HUMAN	C1QA	Complement C1q subcomponent subunit A	4.53178e+06	3.30719e+06	7.18068e+06	2.32176e+06
P02746	P02746	C1QB_HUMAN	C1QB	Complement C1q subcomponent subunit B	6.12229e+06	4.79484e+06	9.53235e+06	3.67972e+06
P02747	P02747	C1QC_HUMAN	C1QC	Complement C1q subcomponent subunit C	6.59234e+06	4.91822e+06	1.0264e+07	3.55503e+06
P02748	P02748	CO9_HUMAN	C9	Complement component C9	5.51412e+06	4.59658e+06	1.27145e+07	2.99108e+06
P02749	P02749	APOH_HUMAN	APOH	Beta-2-glycoprotein 1	2.94684e+07	1.25142e+07	4.38121e+07	1.69763e+07
P02750	P02750	A2GL_HUMAN	LRG1	Leucine-rich alpha-2-glycoprotein	2.44407e+06	1.10357e+06	837456	1.03376e+06
P02751	P02751	FINC_HUMAN	FN1	Fibronectin	2.8287e+06	2.4325e+06	2.7153e+07	1.27132e+07
P02753	P02753	RET4_HUMAN	RBP4	Retinol-binding protein 4	3.44272e+06	3.26882e+06	3.25349e+06	1.64094e+06
P02760	P02760	AMBP_HUMAN	AMBP	Protein AMBP	8.79134e+06	8.6127e+06	9.46172e+06	4.61246e+06
P02763	P02763	A1AG1_HUMAN	ORM1	Alpha-1-acid glycoprotein 1	3.89016e+07	1.90504e+07	2.05758e+07	1.51675e+07
P02765	P02765	FETUA_HUMAN	AHSG	Alpha-2-HS-glycoprotein	2.51781e+07	2.71702e+07	1.79759e+07	9.14149e+06
P02766	P02766	TTHY_HUMAN	TTR	Transthyretin	2.84851e+07	3.22997e+07	1.58273e+07	1.21416e+07
P02768	P02768	ALBU_HUMAN	ALB	Albumin	1.92892e+09	1.57881e+09	1.48554e+09	7.93759e+08
P02774	P02774	VTDB_HUMAN	GC	Vitamin D-binding protein	2.32016e+07	2.06144e+07	2.03298e+07	8.65748e+06
P02775	P02775	CXCL7_HUMAN	PPBP	Platelet basic protein	2.72622e+06	3.4154e+06	3.3701e+06	2.58336e+06
P02776	P02776	PLF4_HUMAN	PF4	Platelet factor 4	1.83258e+06	2.36007e+06	1.68003e+06	1.6426e+06
P02786	P02786	TFR1_HUMAN	TFRC	Transferrin receptor protein 1	3.19225e+06	2.16018e+06	4.93571e+06	1.05524e+07
P02787	P02787	TRFE_HUMAN	TF	Serotransferrin	1.19089e+08	1.056e+08	1.02548e+08	5.2632e+07
P02788	P02788	TRFL_HUMAN	LTF	Lactotransferrin	4.24754e+06	5.35437e+06	2.28847e+08	7.47309e+07
P02790	P02790	HEMO_HUMAN	HPX	Hemopexin	6.9942e+07	5.56156e+07	5.89753e+07	3.27029e+07
P02792	P02792	FRIL_HUMAN	FTL	Ferritin light chain	7.26746e+07	4.3057e+07	1.20531e+08	3.70793e+07
P02794	P02794	FRIH_HUMAN	FTH1	Ferritin heavy chain	1.1911e+07	1.19839e+07	5.3845e+07	2.12224e+07
P02795	P02795;P04732;P13640;P80297;Q8N339	MT2_HUMAN	MT2A	Metallothionein-2	3.70371e+06	4.95442e+06	8.61919e+06	6.51225e+06
P03886	P03886	NU1M_HUMAN	MT-ND1	NADH-ubiquinone oxidoreductase chain 1	2.08252e+06	485582	354395	1.12997e+06
P03891	P03891	NU2M_HUMAN	MT-ND2	NADH-ubiquinone oxidoreductase chain 2	1.56843e+06		272340	782221
P03897	P03897	NU3M_HUMAN	MT-ND3	NADH-ubiquinone oxidoreductase chain 3	282207			176505
P03905	P03905	NU4M_HUMAN	MT-ND4	NADH-ubiquinone oxidoreductase chain 4	3.47545e+06	1.33767e+06	2.16232e+06	1.76652e+06
P03915	P03915	NU5M_HUMAN	MT-ND5	NADH-ubiquinone oxidoreductase chain 5	5.53077e+06	3.6025e+06	4.04925e+06	3.94555e+06
P03950	P03950	ANGI_HUMAN	ANG	Angiogenin	618441	1.12849e+06	1.20552e+06	865195
P03951	P03951	FA11_HUMAN	F11	Coagulation factor XI	727947	754701	1.9081e+06	568569
P03952	P03952	KLKB1_HUMAN	KLKB1	Plasma kallikrein	1.32036e+06	1.30555e+06	1.45016e+06	523957
P03956	P03956	MMP1_HUMAN	MMP1	Interstitial collagenase	2.00765e+07	2.15972e+07	4.41703e+06	5.95774e+06
P03973	P03973	SLPI_HUMAN	SLPI	Antileukoproteinase	220039	194943	145825	
P04003	P04003	C4BPA_HUMAN	C4BPA	C4b-binding protein alpha chain	9.98839e+06	6.84358e+06	1.33399e+07	3.1644e+06
P04004	P04004	VTNC_HUMAN	VTN	Vitronectin	1.3881e+07	1.1247e+07	1.70245e+07	5.05723e+06
P04040	P04040	CATA_HUMAN	CAT	Catalase	1.77253e+07	1.24576e+07	5.03225e+07	1.6841e+07
P04054	P04054	PA21B_HUMAN	PLA2G1B	Phospholipase A2	592591		3.46296e+06	
P04062	P04062	GBA1_HUMAN	GBA1	Lysosomal acid glucosylceramidase	1.37713e+06	2.02192e+06	2.61295e+06	1.68058e+06
P04066	P04066	FUCO_HUMAN	FUCA1	Tissue alpha-L-fucosidase	2.40191e+07	8.16074e+06	3.3042e+06	2.85064e+06
P04070	P04070	PROC_HUMAN	PROC	Vitamin K-dependent protein C	831044	970944	554504	400580
P04075	P04075	ALDOA_HUMAN	ALDOA	Fructose-bisphosphate aldolase A	4.43536e+07	4.4978e+07	8.18132e+07	5.91098e+07
P04080	P04080	CYTB_HUMAN	CSTB	Cystatin-B	1.96598e+07	1.64062e+07	3.30804e+07	2.85783e+07
P04083	P04083	ANXA1_HUMAN	ANXA1	Annexin A1	1.39347e+07	1.92774e+07	1.52228e+08	4.44755e+07
P04114	P04114	APOB_HUMAN	APOB	Apolipoprotein B-100	1.62189e+07	9.22418e+06	5.88662e+06	5.20789e+06
P04156	P04156	PRIO_HUMAN	PRNP	Major prion protein	1.36687e+06	2.08693e+06	1.57228e+06	1.08339e+06
P04179	P04179	SODM_HUMAN	SOD2	Superoxide dismutase [Mn], mitochondrial	2.92101e+07	4.81366e+07	2.90781e+08	1.4799e+08
P04180	P04180	LCAT_HUMAN	LCAT	Phosphatidylcholine-sterol acyltransferase	523560	428135		135998
P04181	P04181	OAT_HUMAN	OAT	Ornithine aminotransferase, mitochondrial	991234	1.10466e+06	1.16182e+06	917662
P04183	P04183	KITH_HUMAN	TK1	Thymidine kinase, cytosolic				99819.1
P04196	P04196	HRG_HUMAN	HRG	Histidine-rich glycoprotein	7.27143e+06	6.68718e+06	1.32997e+07	2.72431e+06
P04216	P04216	THY1_HUMAN	THY1	Thy-1 membrane glycoprotein	2.10736e+06	1.43137e+06	5.4158e+06	8.76863e+06
P04217	P04217	A1BG_HUMAN	A1BG	Alpha-1B-glycoprotein	1.29203e+07	1.17496e+07	9.71705e+06	5.21707e+06
P04233	P04233	HG2A_HUMAN	CD74	HLA class II histocompatibility antigen gamma chain	3.85843e+06	3.25165e+06	3.41946e+06	9.26457e+06
P04259	P04259;P48668	K2C6B_HUMAN	KRT6B	Keratin, type II cytoskeletal 6B	5.93742e+06	7.7093e+06	3.72049e+07	1.89885e+06
P04264	P04259;P04264	K2C1_HUMAN	KRT1	Keratin, type II cytoskeletal 1	1.096e+08	9.26087e+08	2.80498e+08	1.7805e+08
P04271	P04271	S100B_HUMAN	S100B	Protein S100-B	173737			36054
P04275	P04275	VWF_HUMAN	VWF	von Willebrand factor	472929	643864	1.55315e+06	1.38511e+06
P04278	P04278	SHBG_HUMAN	SHBG	Sex hormone-binding globulin	89898.4		65165.6	22532.1
P04350	P04350	TBB4A_HUMAN	TUBB4A	Tubulin beta-4A chain	1.59586e+07		3.99544e+06	1.23959e+07
P04406	P04406	G3P_HUMAN	GAPDH	Glyceraldehyde-3-phosphate dehydrogenase	4.91213e+08	5.20177e+08	8.06507e+08	6.51729e+08
P04424	P04424	ARLY_HUMAN	ASL	Argininosuccinate lyase	6.89336e+06	6.33085e+06	3.56152e+06	6.41111e+06
P04430	P04430	KV116_HUMAN	IGKV1-16	Immunoglobulin kappa variable 1-16	728829	556382	675903	
P04626	P04626	ERBB2_HUMAN	ERBB2	Receptor tyrosine-protein kinase erbB-2	425051	270646		180498
P04632	P04632	CPNS1_HUMAN	CAPNS1	Calpain small subunit 1	9.36693e+06	6.98702e+06	4.55329e+06	8.2251e+06
P04732	P04732;P04733;P07438;Q93083	MT1E_HUMAN	MT1E	Metallothionein-1E	162647	451952	100411	103219
P04746;P0DTE7;P19961	P04746;P0DTE7;P19961	AMY1B_HUMAN;AMY2B_HUMAN;AMYP_HUMAN	AMY1B;AMY2A;AMY2B	Pancreatic alpha-amylase	137779	940315	146248	
P04792	P04792	HSPB1_HUMAN	HSPB1	Heat shock protein beta-1	2.45337e+07	3.59551e+07	2.52724e+07	6.4503e+07
P04818	P04818	TYSY_HUMAN	TYMS	Thymidylate synthase	115963			251677
P04839	P04839	CY24B_HUMAN	CYBB	Cytochrome b-245 heavy chain	4.39478e+06	2.07349e+06	7.22476e+06	6.84475e+06
P04843	P04843	RPN1_HUMAN	RPN1	Dolichyl-diphosphooligosaccharide--protein glycosyltransferase subunit 1	3.22309e+07	2.86382e+07	2.17948e+07	2.45607e+07
P04844	P04844	RPN2_HUMAN	RPN2	Dolichyl-diphosphooligosaccharide--protein glycosyltransferase subunit 2	1.76763e+07	8.2034e+06	3.83746e+06	9.11115e+06
P04899	P04899	GNAI2_HUMAN	GNAI2	Guanine nucleotide-binding protein G(i) subunit alpha-2	1.27549e+07	9.46102e+06	3.04334e+07	1.94152e+07
P04908;Q7L7L0;Q93077	P04908;Q7L7L0;Q93077	H2A1B_HUMAN;H2A1C_HUMAN;H2A3_HUMAN	H2AC25;H2AC4;H2AC6	Histone H2A type 1-B/E	378186	576031	1.40976e+06	534060
P05023	P05023	AT1A1_HUMAN	ATP1A1	Sodium/potassium-transporting ATPase subunit alpha-1	2.44057e+07	2.41887e+07	6.81395e+06	2.12416e+07
P05026	P05026	AT1B1_HUMAN	ATP1B1	Sodium/potassium-transporting ATPase subunit beta-1	1.70022e+07	1.37083e+07	4.18786e+06	1.84347e+07
P05062	P05062	ALDOB_HUMAN	ALDOB	Fructose-bisphosphate aldolase B	358572	402745	156046	205859
P05067	P05067	A4_HUMAN	APP	Amyloid-beta precursor protein	543571	328019	356047	1.29151e+06
P05089	P05089	ARGI1_HUMAN	ARG1	Arginase-1	850638	3.65719e+06	1.052e+07	2.94222e+06
P05090	P05090	APOD_HUMAN	APOD	Apolipoprotein D	1.09896e+07	1.01124e+07	8.5379e+06	5.30975e+06
P05091	O94788;P05091	ALDH2_HUMAN	ALDH2	Aldehyde dehydrogenase, mitochondrial	1.22746e+07	1.0941e+07	6.24388e+06	1.17139e+07
P05106	P05106	ITB3_HUMAN	ITGB3	Integrin beta-3	1.79811e+06	1.59459e+06	3.47031e+06	2.011e+06
P05107	P05107	ITB2_HUMAN	ITGB2	Integrin beta-2	2.0708e+06	3.16343e+06	5.12569e+07	1.04931e+07
P05109	P05109	S10A8_HUMAN	S100A8	Protein S100-A8	1.10583e+07	9.87932e+06	5.46851e+08	2.27668e+08
P05114	P05114	HMGN1_HUMAN	HMGN1	Non-histone chromosomal protein HMG-14	4.62214e+06	3.85355e+06	3.95686e+06	3.04216e+06
P05120	P05120	PAI2_HUMAN	SERPINB2	Plasminogen activator inhibitor 2			1.00277e+06	277584
P05121	P05121	PAI1_HUMAN	SERPINE1	Plasminogen activator inhibitor 1			404626	284507
P05141	P05141;P12235;P12236;Q9H0C2	ADT2_HUMAN	SLC25A5	ADP/ATP translocase 2	5.22444e+07	4.15416e+07	1.56412e+07	4.49512e+07
P05154	P05154	IPSP_HUMAN	SERPINA5	Plasma serine protease inhibitor	1.20996e+06	1.55796e+06	2.22948e+06	1.18095e+06
P05155	P05155	IC1_HUMAN	SERPING1	Plasma protease C1 inhibitor	1.43435e+07	9.0562e+06	1.05957e+07	5.70486e+06
P05156	P05156	CFAI_HUMAN	CFI	Complement factor I	1.09221e+07	9.77435e+06	1.24403e+07	5.6195e+06
P05160	P05160	F13B_HUMAN	F13B	Coagulation factor XIII B chain	2.51158e+06	2.09776e+06	7.68401e+06	896282
P05161	P05161	ISG15_HUMAN	ISG15	Ubiquitin-like protein ISG15	1.06851e+06	985031	4.83394e+06	2.56861e+06
P05162	P05162	LEG2_HUMAN	LGALS2	Galectin-2	1.95045e+06	2.65663e+06		
P05164	P05164	PERM_HUMAN	MPO	Myeloperoxidase	1.25346e+07	1.69334e+07	3.2337e+08	1.97742e+08
P05165	P05165	PCCA_HUMAN	PCCA	Propionyl-CoA carboxylase alpha chain, mitochondrial	3.13259e+06	2.27632e+06	882015	1.00602e+06
P05166	P05166	PCCB_HUMAN	PCCB	Propionyl-CoA carboxylase beta chain, mitochondrial	2.97222e+06	3.07983e+06	935342	1.17607e+06
P05186	P05186	PPBT_HUMAN	ALPL	Alkaline phosphatase, tissue-nonspecific isozyme	94892.9	187150	425983	292084
P05198	P05198	IF2A_HUMAN	EIF2S1	Eukaryotic translation initiation factor 2 subunit 1	2.87131e+06	2.87824e+06	2.27799e+06	3.20974e+06
P05204	P05204;O00479	HMGN2_HUMAN	HMGN2	Non-histone chromosomal protein HMG-17	2.32995e+06	2.97719e+06	5.61681e+06	4.78982e+06
P05362	P05362	ICAM1_HUMAN	ICAM1	Intercellular adhesion molecule 1	1.43076e+06	2.30461e+06	4.47468e+06	3.54024e+06
P05386	P05386	RLA1_HUMAN	RPLP1	Large ribosomal subunit protein P1	1.48623e+06		2.26253e+06	428297
P05387	P05387	RLA2_HUMAN	RPLP2	Large ribosomal subunit protein P2	1.34584e+07	7.02742e+06	2.41713e+06	1.13997e+06
P05388	P05388	RLA0_HUMAN	RPLP0	Large ribosomal subunit protein uL10	1.07506e+07	1.05314e+07	3.44169e+06	9.45823e+06
P05413	P05413	FABPH_HUMAN	FABP3	Fatty acid-binding protein, heart	3.37759e+06	3.17014e+06	2.78932e+06	2.3258e+06
P05451	P05451	REG1A_HUMAN	REG1A	Lithostathine-1-alpha			1.56059e+06	3.42308e+07
P05452	P05452	TETN_HUMAN	CLEC3B	Tetranectin	1.38186e+06	1.67298e+06	3.35225e+06	2.51255e+06
P05455	P05455	LA_HUMAN	SSB	Lupus La protein	3.10031e+06	3.66941e+06	3.68459e+06	5.01821e+06
P05496;P48201;Q06055	P05496;P48201;Q06055	AT5G1_HUMAN;AT5G2_HUMAN;AT5G3_HUMAN	ATP5MC1;ATP5MC2;ATP5MC3	ATP synthase F(0) complex subunit C1, mitochondrial	234705	3.1291e+06	344836	454554
P05543	P05543	THBG_HUMAN	SERPINA7	Thyroxine-binding globulin	972788	1.1499e+06	835069	403321
P05546	P05546	HEP2_HUMAN	SERPIND1	Heparin cofactor 2	4.75547e+06	4.41582e+06	5.55005e+06	2.37404e+06
P05556	P05556	ITB1_HUMAN	ITGB1	Integrin beta-1	8.29133e+06	1.09301e+07	7.3868e+06	1.11481e+07
P05771	P05771	KPCB_HUMAN	PRKCB	Protein kinase C beta type	371462	201641	897364	580537
P05783	P05783	K1C18_HUMAN	KRT18	Keratin, type I cytoskeletal 18	7.96506e+07	5.32602e+07	9.28956e+06	5.48321e+07
P05787	P05787	K2C8_HUMAN	KRT8	Keratin, type II cytoskeletal 8	1.80359e+08	1.49085e+08	2.21192e+07	7.79878e+07
P05976;P08590	P05976;P08590	MYL1_HUMAN;MYL3_HUMAN	MYL1;MYL3	Myosin light chain 1/3, skeletal muscle isoform	3.75841e+06	2.12656e+06	4.92003e+06	2.79847e+06
P05997	P05997	CO5A2_HUMAN	COL5A2	Collagen alpha-2(V) chain	662566		1.73785e+06	2.71649e+06
P06127	P06127	CD5_HUMAN	CD5	T-cell surface glycoprotein CD5	190847		459060	391528
P06132	P06132	DCUP_HUMAN	UROD	Uroporphyrinogen decarboxylase	2.4404e+06	1.41414e+06	2.74922e+06	2.94934e+06
P06213	P06213	INSR_HUMAN	INSR	Insulin receptor	324126	236501	137213	297817
P06276	P06276	CHLE_HUMAN	BCHE	Cholinesterase	591253	318512	343818	313774
P06280	P06280	AGAL_HUMAN	GLA	Alpha-galactosidase A	1.32446e+06	920904	1.53348e+06	1.41096e+06
P06310	P06310	KV230_HUMAN	IGKV2-30	Immunoglobulin kappa variable 2-30	1.16608e+07	1.41665e+07	8.87856e+06	5.522e+06
P06312	P06312	KV401_HUMAN	IGKV4-1	Immunoglobulin kappa variable 4-1	1.74273e+07	8.6162e+06	1.51071e+07	6.24244e+06
P06396	P06396	GELS_HUMAN	GSN	Gelsolin	5.49469e+07	5.9739e+07	1.38456e+08	3.75276e+07
P06400	P06400	RB_HUMAN	RB1	Retinoblastoma-associated protein	261803		242193	633529
P06454	P06454	PTMA_HUMAN	PTMA	Prothymosin alpha	4.905e+06	5.86622e+06	355060	4.35763e+06
P06493	P06493	CDK1_HUMAN	CDK1	Cyclin-dependent kinase 1	480562	424884	130580	551612
P06576	P06576	ATPB_HUMAN	ATP5F1B	ATP synthase subunit beta, mitochondrial	8.55991e+07	5.49973e+07	4.78958e+06	1.04232e+07
P06681	P06681	CO2_HUMAN	C2	Complement C2	2.05208e+06	1.51265e+06	2.51888e+06	1.63845e+06
P06702	P06702	S10A9_HUMAN	S100A9	Protein S100-A9	1.4522e+07	1.47388e+07	7.6352e+08	2.42694e+08
P06703	P06703	S10A6_HUMAN	S100A6	Protein S100-A6	1.488e+08	9.14369e+07	6.56112e+06	7.1174e+07
P06727	P06727	APOA4_HUMAN	APOA4	Apolipoprotein A-IV	1.14201e+07	5.77082e+06	1.18301e+06	2.04312e+06
P06729	P06729	CD2_HUMAN	CD2	T-cell surface antigen CD2			238475	211830
P06730	P06730	IF4E_HUMAN	EIF4E	Eukaryotic translation initiation factor 4E	2.68372e+06	2.74057e+06	2.57721e+06	3.57778e+06
P06731	P06731;P13688;P31997	CEAM5_HUMAN	CEACAM5	Carcinoembryonic antigen-related cell adhesion molecule 5	6.3025e+06	8.93897e+06	1.34382e+07	6.50094e+07
P06733	P06733	ENOA_HUMAN	ENO1	Alpha-enolase	9.09447e+07	8.21099e+07	2.39866e+08	1.70856e+08
P06737	P06737	PYGL_HUMAN	PYGL	Glycogen phosphorylase, liver form	2.96934e+06	2.37922e+06	7.21361e+06	4.66546e+06
P06744	P06744	G6PI_HUMAN	GPI	Glucose-6-phosphate isomerase	2.54954e+07	1.8968e+07	6.83634e+07	3.56404e+07
P06746	P06746	DPOLB_HUMAN	POLB	DNA polymerase beta				284810
P06748	P06748	NPM_HUMAN	NPM1	Nucleophosmin	1.25732e+07	1.712e+07	1.58236e+07	1.50808e+07
P06753	P06753	TPM3_HUMAN	TPM3	Tropomyosin alpha-3 chain	1.23941e+07	1.47947e+07	1.30351e+07	1.83933e+07
P06756	P06756	ITAV_HUMAN	ITGAV	Integrin alpha-V	2.77472e+06	2.32546e+06	3.4404e+06	4.46108e+06
P06865	P06865	HEXA_HUMAN	HEXA	Beta-hexosaminidase subunit alpha	5.44393e+06	3.14875e+06	4.77832e+06	3.00979e+06
P06870	P06870	KLK1_HUMAN	KLK1	Kallikrein-1	1.36844e+06	1.59782e+06		
P06899	P06899;P23527;P33778;Q16778;Q6DN03;Q6DRA6;Q8N257	H2B1J_HUMAN	H2BC11	Histone H2B type 1-J	796769	644732	6.59658e+06	1.49258e+06
P07093	P07093	GDN_HUMAN	SERPINE2	Glia-derived nexin			255753	349170
P07099	P07099	HYEP_HUMAN	EPHX1	Epoxide hydrolase 1	5.83861e+06	4.14389e+06	5.19732e+06	4.53728e+06
P07108	P07108	ACBP_HUMAN	DBI	Acyl-CoA-binding protein	1.20813e+07	4.23274e+06	3.08084e+06	8.91356e+06
P07148	P07148	FABPL_HUMAN	FABP1	Fatty acid-binding protein, liver	5.2492e+07	1.14484e+08	7.60777e+06	3.23184e+07
P07195	P07195	LDHB_HUMAN	LDHB	L-lactate dehydrogenase B chain	2.69194e+07	2.6782e+07	2.93788e+07	2.39124e+07
P07203	P07203	GPX1_HUMAN	GPX1	Glutathione peroxidase 1	4.44867e+06	5.33519e+06	4.87198e+06	3.75488e+06
P07204	P07204	TRBM_HUMAN	THBD	Thrombomodulin	81011.3		108409	168006
P07205	P07205	PGK2_HUMAN	PGK2	Phosphoglycerate kinase 2	305518		789697	703530
P07225	P07225	PROS_HUMAN	PROS1	Vitamin K-dependent protein S	1.79647e+06	1.27024e+06	3.58114e+06	1.00096e+06
P07237	P07237	PDIA1_HUMAN	P4HB	Protein disulfide-isomerase	5.98319e+07	5.77695e+07	5.85849e+07	6.5736e+07
P07305	P07305	H10_HUMAN	H1-0	Histone H1.0	1.12992e+06	1.63875e+06	9.11171e+06	3.56328e+06
P07311	P07311	ACYP1_HUMAN	ACYP1	Acylphosphatase-1	596950	628252	904064	1.06038e+06
P07332	P07332;P16591	FES_HUMAN	FES	Tyrosine-protein kinase Fes/Fps			226682	139947
P07339	P07339	CATD_HUMAN	CTSD	Cathepsin D	5.16266e+07	4.50823e+07	8.66376e+07	5.91368e+07
P07355	A6NMY6;P07355	ANXA2_HUMAN	ANXA2	Annexin A2	5.49354e+07	5.57755e+07	8.6929e+07	1.27979e+08
P07357	P07357	CO8A_HUMAN	C8A	Complement component C8 alpha chain	1.96643e+06	2.06949e+06	3.70068e+06	1.1582e+06
P07358	P07358	CO8B_HUMAN	C8B	Complement component C8 beta chain	2.11232e+06	1.61072e+06	4.14512e+06	1.55104e+06
P07359	P07359	GP1BA_HUMAN	GP1BA	Platelet glycoprotein Ib alpha chain	1.088e+06	920068	371205	379797
P07360	P07360	CO8G_HUMAN	C8G	Complement component C8 gamma chain	2.107e+06	1.61257e+06	3.78358e+06	1.45582e+06
P07384	P07384	CAN1_HUMAN	CAPN1	Calpain-1 catalytic subunit	7.67461e+06	5.90369e+06	1.28509e+07	8.70097e+06
P07437	P04350;P07437;P68371	TBB5_HUMAN	TUBB	Tubulin beta chain	9.77293e+07	6.89197e+07	1.23712e+07	4.26321e+07
P07451	P07451	CAH3_HUMAN	CA3	Carbonic anhydrase 3	926103	619658	1.44241e+06	124875
P07476	P07476	INVO_HUMAN	IVL	Involucrin			3.90787e+06	
P07477	P07477	TRY1_HUMAN	PRSS1	Serine protease 1	8.65494e+06	1.50852e+07	8.10993e+06	5.87351e+06
P07585	P07585	PGS2_HUMAN	DCN	Decorin	8.79581e+06	1.57187e+07	676724	1.13326e+07
P07602	P07602	SAP_HUMAN	PSAP	Prosaposin	1.6102e+07	6.40575e+06	1.09811e+07	1.62238e+07
P07686	P07686	HEXB_HUMAN	HEXB	Beta-hexosaminidase subunit beta	6.86578e+06	4.93344e+06	6.62223e+06	4.62429e+06
P07711	P07711	CATL1_HUMAN	CTSL	Procathepsin L	2.49367e+06	3.10528e+06	5.00077e+06	2.9928e+06
P07737	P07737	PROF1_HUMAN	PFN1	Profilin-1	1.0223e+08	1.22996e+08	3.35383e+08	2.28278e+08
P07738	P07738	PMGE_HUMAN	BPGM	Bisphosphoglycerate mutase	6.78378e+06	4.38753e+06	1.18608e+07	2.20826e+06
P07741	P07741	APT_HUMAN	APRT	Adenine phosphoribosyltransferase	9.87882e+06	9.31569e+06	1.2492e+06	3.99193e+06
P07766	P07766	CD3E_HUMAN	CD3E	T-cell surface glycoprotein CD3 epsilon chain	427282		416082	441426
P07814	P07814	SYEP_HUMAN	EPRS1	Bifunctional glutamate/proline--tRNA ligase	3.02219e+06	3.51278e+06	1.49685e+06	3.74023e+06
P07858	P07858	CATB_HUMAN	CTSB	Cathepsin B	1.89887e+07	1.45923e+07	3.27832e+07	2.70165e+07
P07900	P07900	HS90A_HUMAN	HSP90AA1	Heat shock protein HSP 90-alpha	2.47331e+07	2.32814e+07	2.69233e+07	3.39113e+07
P07902	P07902	GALT_HUMAN	GALT	Galactose-1-phosphate uridylyltransferase	609979	1.08123e+06	622522	529550
P07910	P07910	HNRPC_HUMAN	HNRNPC	Heterogeneous nuclear ribonucleoproteins C1/C2	1.95075e+07	2.09491e+07	1.99869e+07	3.29857e+07
P07919	P07919	QCR6_HUMAN	UQCRH	Cytochrome b-c1 complex subunit 6, mitochondrial	1.16021e+06	659286	1.22013e+06	709506
P07942	P07942	LAMB1_HUMAN	LAMB1	Laminin subunit beta-1	4.06874e+06	4.07283e+06	5.40922e+06	9.6796e+06
P07947	P07947	YES_HUMAN	YES1	Tyrosine-protein kinase Yes	369051	522667	362735	488183
P07948	P07948	LYN_HUMAN	LYN	Tyrosine-protein kinase Lyn	1.60818e+06	1.57188e+06	4.30076e+06	2.31491e+06
P07951	P07951	TPM2_HUMAN	TPM2	Tropomyosin beta chain	6.49558e+06	1.4642e+07	4.32096e+06	1.56339e+07
P07954	P07954	FUMH_HUMAN	FH	Fumarate hydratase, mitochondrial	1.16318e+07	1.05831e+07	5.86735e+06	7.9949e+06
P07996	P07996	TSP1_HUMAN	THBS1	Thrombospondin-1	2.86978e+06	2.80396e+06	5.90951e+06	6.11958e+06
P07998	P07998	RNAS1_HUMAN	RNASE1	Ribonuclease pancreatic	1.28289e+06	1.02459e+06	624201	385011
P08069	P08069	IGF1R_HUMAN	IGF1R	Insulin-like growth factor 1 receptor			283913	248734
P08123	P08123	CO1A2_HUMAN	COL1A2	Collagen alpha-2(I) chain	1.14378e+06	1.62769e+06	5.80467e+06	7.15086e+06
P08133	P08133	ANXA6_HUMAN	ANXA6	Annexin A6	2.07e+07	1.50078e+07	6.02531e+07	6.86564e+07
P08134	P08134	RHOC_HUMAN	RHOC	Rho-related GTP-binding protein RhoC	4.24608e+06	1.79506e+06	764688	3.68066e+06
P08174	P08174	DAF_HUMAN	CD55	Complement decay-accelerating factor	886661	718259	2.37331e+06	3.16427e+06
P08183	P08183	MDR1_HUMAN	ABCB1	ATP-dependent translocase ABCB1	498808	367388	1.5399e+06	1.63697e+07
P08185	P08185	CBG_HUMAN	SERPINA6	Corticosteroid-binding globulin	2.91558e+06	2.12709e+06	1.92577e+06	1.36208e+06
P08195	P08195	4F2_HUMAN	SLC3A2	Amino acid transporter heavy chain SLC3A2	2.0802e+06	1.36668e+06	2.08968e+06	3.18383e+06
P08236	P08236	BGLR_HUMAN	GUSB	Beta-glucuronidase	3.89198e+06	2.8492e+06	4.4363e+06	2.67837e+06
P08237	P08237	PFKAM_HUMAN	PFKM	ATP-dependent 6-phosphofructokinase, muscle type	1.2508e+06	1.28878e+06	296839	987858
P08238	P07900;P08238;Q14568;Q58FF8	HS90B_HUMAN	HSP90AB1	Heat shock protein HSP 90-beta	8.36708e+07	7.43639e+07	8.46813e+07	1.5217e+08
P08240	P08240	SRPRA_HUMAN	SRPRA	Signal recognition particle receptor subunit alpha	997310	741222	483641	1.11633e+06
P08243	P08243	ASNS_HUMAN	ASNS	Asparagine synthetase [glutamine-hydrolyzing]	504009	326207	117764	525347
P08246	P08246	ELNE_HUMAN	ELANE	Neutrophil elastase	8.23483e+06	8.94031e+06	1.31005e+08	4.74583e+07
P08247	P08247	SYPH_HUMAN	SYP	Synaptophysin	152009			
P08253	P08253	MMP2_HUMAN	MMP2	72 kDa type IV collagenase	398379	238244	1.71628e+06	1.77228e+06
P08254	P08254;P09238	MMP3_HUMAN	MMP3	Stromelysin-1		678741	1.94176e+06	1.06013e+06
P08294	P08294	SODE_HUMAN	SOD3	Extracellular superoxide dismutase [Cu-Zn]	3.03162e+06	3.89036e+06	1.48567e+06	2.58917e+06
P08311	P08311	CATG_HUMAN	CTSG	Cathepsin G	2.89943e+06	3.66392e+06	9.4483e+07	3.77982e+07
P08397	P08397	HEM3_HUMAN	HMBS	Porphobilinogen deaminase	3.59088e+06	3.05593e+06	2.99287e+06	2.29727e+06
P08473	P08473	NEP_HUMAN	MME	Neprilysin	231230		1.83452e+06	594133
P08514	P08514	ITA2B_HUMAN	ITGA2B	Integrin alpha-IIb	1.38558e+06	1.19793e+06	3.34398e+06	1.51123e+06
P08519	P08519	APOA_HUMAN	LPA	Apolipoprotein(a)	699368	1.16781e+06	547973	436892
P08559	P08559;P29803	ODPA_HUMAN	PDHA1	Pyruvate dehydrogenase E1 component subunit alpha, somatic form, mitochondrial	7.26138e+06	5.91127e+06	2.02778e+06	5.0721e+06
P08567	P08567	PLEK_HUMAN	PLEK	Pleckstrin	761110	641240	4.12959e+06	1.43727e+06
P08571	P08571	CD14_HUMAN	CD14	Monocyte differentiation antigen CD14	1.2931e+06	1.55898e+06	2.38688e+06	1.48422e+06
P08572	P08572	CO4A2_HUMAN	COL4A2	Collagen alpha-2(IV) chain	453421	850965	1.63296e+06	2.23346e+06
P08574	P08574	CY1_HUMAN	CYC1	Cytochrome c1, heme protein, mitochondrial	5.92455e+06	1.63632e+06	3.40024e+06	5.52835e+06
P08575	P08575	PTPRC_HUMAN	PTPRC	Receptor-type tyrosine-protein phosphatase C	3.04184e+06	2.55429e+06	1.37128e+07	4.9142e+06
P08579	P08579	RU2B_HUMAN	SNRPB2	U2 small nuclear ribonucleoprotein B''	1.70666e+06	2.30427e+06	1.74669e+06	2.2964e+06
P08582	P08582	TRFM_HUMAN	MELTF	Melanotransferrin				400161
P08603	P08603	CFAH_HUMAN	CFH	Complement factor H	1.16919e+07	1.06288e+07	1.557e+07	5.89801e+06
P08621	P08621	RU17_HUMAN	SNRNP70	U1 small nuclear ribonucleoprotein 70 kDa	1.1821e+06	1.62771e+06	3.66109e+06	3.07061e+06
P08631	P08631	HCK_HUMAN	HCK	Tyrosine-protein kinase HCK	1.68293e+06	1.04533e+06	4.71277e+06	3.53089e+06
P08637	O75015;P08637	FCG3A_HUMAN	FCGR3A	Low affinity immunoglobulin gamma Fc region receptor III-A	591924	1.10612e+06	5.993e+06	3.12345e+06
P08648	P08648	ITA5_HUMAN	ITGA5	Integrin alpha-5	1.31557e+06	1.75211e+06	3.23603e+06	3.93944e+06
P08651;Q12857	O00712;P08651;Q12857;Q14938	NFIA_HUMAN;NFIC_HUMAN	NFIA;NFIC	Nuclear factor 1 C-type	9.14356e+06	1.07721e+07	2.85521e+06	4.47405e+06
P08670	P08670	VIME_HUMAN	VIM	Vimentin	4.0519e+07	3.60682e+07	6.19e+06	1.9897e+07
P08697	P08697	A2AP_HUMAN	SERPINF2	Alpha-2-antiplasmin	5.87421e+06	4.62312e+06	1.05565e+07	2.0074e+06
P08708	P08708	RS17_HUMAN	RPS17	Small ribosomal subunit protein eS17	5.28303e+06	4.87671e+06	1.18663e+06	2.32734e+06
P08709	P08709	FA7_HUMAN	F7	Coagulation factor VII	237233		383172	347109
P08727	P08727;P13646	K1C19_HUMAN	KRT19	Keratin, type I cytoskeletal 19	9.86278e+07	5.29716e+07	4.33219e+06	2.80319e+07
P08754	P08754	GNAI3_HUMAN	GNAI3	Guanine nucleotide-binding protein G(i) subunit alpha-3	5.57356e+06	4.30668e+06	7.71231e+06	6.25919e+06
P08758	P08758	ANXA5_HUMAN	ANXA5	Annexin A5	5.73651e+07	5.22365e+07	1.2681e+08	8.52274e+07
P08779	P08779	K1C16_HUMAN	KRT16	Keratin, type I cytoskeletal 16	7.03741e+06	7.45734e+06	1.00998e+08	2.31266e+06
P08842	P08842	STS_HUMAN	STS	Steryl-sulfatase	214004	487595	167136	159598
P08865	P08865;A0A8I5KQE6	RSSA_HUMAN	RPSA	Small ribosomal subunit protein uS2	3.69484e+07	2.7273e+07	5.65782e+06	2.38433e+07
P08962	P08962	CD63_HUMAN	CD63	CD63 antigen	1.53322e+07	8.33755e+06	3.85156e+07	1.51753e+07
P09001	P09001	RM03_HUMAN	MRPL3	Large ribosomal subunit protein uL3m	1.17174e+06	790142	323853	979263
P09012	P09012	SNRPA_HUMAN	SNRPA	U1 small nuclear ribonucleoprotein A	926581	1.29681e+06	2.22948e+06	1.9196e+06
P09038	P09038	FGF2_HUMAN	FGF2	Fibroblast growth factor 2	276999	528164	1.85788e+06	649000
P09093	P09093	CEL3A_HUMAN	CELA3A	Chymotrypsin-like elastase family member 3A	1.46674e+06		8.09271e+06	389191
P09104	P09104	ENOG_HUMAN	ENO2	Gamma-enolase	1.58946e+06	2.18021e+06	2.20554e+06	1.64881e+06
P09105	P09105	HBAT_HUMAN	HBQ1	Hemoglobin subunit theta-1	571396	251699		
P09110	P09110	THIK_HUMAN	ACAA1	3-ketoacyl-CoA thiolase, peroxisomal	2.48951e+06	1.23918e+06	569490	1.46073e+06
P09132	P09132	SRP19_HUMAN	SRP19	Signal recognition particle 19 kDa protein	536558	1.02023e+06	248664	255686
P09211	P09211	GSTP1_HUMAN	GSTP1	Glutathione S-transferase P	4.80767e+07	3.24647e+07	6.37242e+07	7.79144e+07
P09234	P09234	RU1C_HUMAN	SNRPC	U1 small nuclear ribonucleoprotein C	274832	176310	187731	422296
P09237	P09237	MMP7_HUMAN	MMP7	Matrilysin		189452	219194	600418
P09326	P09326	CD48_HUMAN	CD48	CD48 antigen	540273	148876	560005	207621
P09327	P09327	VILI_HUMAN	VIL1	Villin-1	7.73575e+06	7.82088e+06	491822	1.84897e+06
P09341	P09341;P19875;P19876	GROA_HUMAN	CXCL1	Growth-regulated alpha protein			282326	203436
P09382	P09382	LEG1_HUMAN	LGALS1	Galectin-1	4.31556e+07	2.82134e+07	8.21424e+06	5.91715e+07
P09417	P09417	DHPR_HUMAN	QDPR	Dihydropteridine reductase	2.38163e+06	2.16197e+06	2.23176e+06	2.14491e+06
P09429	P09429;B2RPK0	HMGB1_HUMAN	HMGB1	High mobility group protein B1	8.79257e+06	1.17199e+07	1.77915e+07	3.05909e+07
P09455	P09455	RET1_HUMAN	RBP1	Retinol-binding protein 1	1.12011e+06	765518	613653	716028
P09467	O00757;P09467	F16P1_HUMAN	FBP1	Fructose-1,6-bisphosphatase 1	6.58678e+06	5.56e+06	1.20871e+07	7.3862e+06
P09471	P09471	GNAO_HUMAN	GNAO1	Guanine nucleotide-binding protein G(o) subunit alpha	1.75851e+06	1.75425e+06	974613	1.19464e+06
P09486	P09486	SPRC_HUMAN	SPARC	SPARC	946168	485728	2.22268e+06	3.93155e+06
P09493	P09493	TPM1_HUMAN	TPM1	Tropomyosin alpha-1 chain	8.89214e+06	1.38324e+07	2.93522e+06	1.68845e+07
P09496	P09496	CLCA_HUMAN	CLTA	Clathrin light chain A	3.6648e+06	3.36996e+06	2.25677e+06	2.54105e+06
P09497	P09497	CLCB_HUMAN	CLTB	Clathrin light chain B	1.68298e+06	2.1745e+06	1.0712e+06	712276
P09525	P09525	ANXA4_HUMAN	ANXA4	Annexin A4	1.26303e+07	1.38905e+07	2.26209e+07	4.65229e+07
P09543	P09543	CN37_HUMAN	CNP	2',3'-cyclic-nucleotide 3'-phosphodiesterase	1.3835e+06	1.70251e+06	1.763e+06	1.66553e+06
P09601	P09601	HMOX1_HUMAN	HMOX1	Heme oxygenase 1	2.19107e+06	2.4423e+06	4.15615e+06	2.47491e+06
P09619	P09619	PGFRB_HUMAN	PDGFRB	Platelet-derived growth factor receptor beta	399965	464887	722140	889770
P09622	P09622	DLDH_HUMAN	DLD	Dihydrolipoyl dehydrogenase, mitochondrial	8.61437e+06	8.42275e+06	5.28448e+06	4.84713e+06
P09651	P09651;A0A2R8Y4L2	ROA1_HUMAN	HNRNPA1	Heterogeneous nuclear ribonucleoprotein A1	2.35302e+07	1.94282e+07	2.88551e+07	3.04435e+07
P09661	P09661	RU2A_HUMAN	SNRPA1	U2 small nuclear ribonucleoprotein A'	1.10974e+06	1.63367e+06	1.58661e+06	2.34513e+06
P09668	P09668	CATH_HUMAN	CTSH	Pro-cathepsin H	2.74193e+06	2.04063e+06	4.88221e+06	2.71601e+06
P09669	P09669	COX6C_HUMAN	COX6C	Cytochrome c oxidase subunit 6C	2.28793e+07	2.00852e+07	7.84021e+06	1.26148e+07
P09769	P09769	FGR_HUMAN	FGR	Tyrosine-protein kinase Fgr	651448	1.18089e+06	1.57153e+06	1.22999e+06
P09871	P09871	C1S_HUMAN	C1S	Complement C1s subcomponent	4.57562e+06	4.04958e+06	6.0509e+06	3.77339e+06
P09874	P09874	PARP1_HUMAN	PARP1	Poly [ADP-ribose] polymerase 1	2.93064e+06	2.31049e+06	2.45128e+06	4.04358e+06
P09913	P09913	IFIT2_HUMAN	IFIT2	Interferon-induced protein with tetratricopeptide repeats 2			146115	192036
P09914	P09914	IFIT1_HUMAN	IFIT1	Interferon-induced protein with tetratricopeptide repeats 1	180369			237073
P09917	P09917	LOX5_HUMAN	ALOX5	Polyunsaturated fatty acid 5-lipoxygenase	564986	565056	6.46369e+06	1.43868e+06
P09923	P09923	PPBI_HUMAN	ALPI	Intestinal-type alkaline phosphatase			438744	
P09936	P09936	UCHL1_HUMAN	UCHL1	Ubiquitin carboxyl-terminal hydrolase isozyme L1	1.4865e+06	952175	627073	1.23162e+06
P09960	P09960	LKHA4_HUMAN	LTA4H	Leukotriene A-4 hydrolase	2.79544e+06	2.38111e+06	1.39636e+07	6.6239e+06
P09972	P09972	ALDOC_HUMAN	ALDOC	Fructose-bisphosphate aldolase C	1.48916e+06	2.11861e+06	4.19246e+06	3.56962e+06
P0C0L4	P0C0L4	CO4A_HUMAN	C4A	Complement C4-A	3.9489e+06	2.90753e+06	4.07282e+06	1.87017e+06
P0C0L5	P0C0L4;P0C0L5	CO4B_HUMAN	C4B	Complement C4-B	1.15659e+07	8.80313e+06	1.11993e+07	4.44953e+06
P0C0S5;Q71UI9	P0C0S5;Q71UI9	H2AV_HUMAN;H2AZ_HUMAN	H2AZ1;H2AZ2	Histone H2A.Z	434705	593875	424981	463172
P0C0S8;P20671;Q16777;Q6FI13;Q96KK5;Q99878;Q9BTM1	P04908;P0C0S8;P20671;Q16777;Q6FI13;Q7L7L0;Q93077;Q96KK5;Q99878;Q9BTM1	H2A1D_HUMAN;H2A1H_HUMAN;H2A1J_HUMAN;H2A1_HUMAN;H2A2A_HUMAN;H2A2C_HUMAN;H2AJ_HUMAN	H2AC11;H2AC12;H2AC14;H2AC18;H2AC20;H2AC7;H2AJ	Histone H2A type 1	992059	1.82633e+06	5.65387e+06	2.37757e+06
P0C7P0	P0C7P0	CISD3_HUMAN	CISD3	CDGSH iron-sulfur domain-containing protein 3, mitochondrial	131057			
P0C869	P0C869	PA24B_HUMAN	PLA2G4B	Cytosolic phospholipase A2 beta			639445	
P0CAP2	P0CAP2	GRL1A_HUMAN	POLR2M	DNA-directed RNA polymerase II subunit GRINL1A	216800	156513	162975	196245
P0CG40	P0CG40	SP9_HUMAN	SP9	Transcription factor Sp9	1.14431e+06	1.67814e+06	933977	1.94229e+06
P0CK96	P0CK96	S352B_HUMAN	SLC35E2B	Solute carrier family 35 member E2B	151607			60825.8
P0DJI8;P0DJI9	P0DJI8;P0DJI9	SAA1_HUMAN;SAA2_HUMAN	SAA1;SAA2	Serum amyloid A-1 protein	191052		104394	47092.8
P0DMM9	P0DMM9	ST1A3_HUMAN	SULT1A3	Sulfotransferase 1A3	1.23924e+06			409196
P0DMV8	P0DMV8;P34931	HS71A_HUMAN	HSPA1A	Heat shock 70 kDa protein 1A	2.194e+07	2.56873e+07	6.38766e+07	3.51692e+07
P0DOX2	P0DOX2	IGA2_HUMAN		Immunoglobulin alpha-2 heavy chain	1.18659e+07	9.52158e+06	6.75185e+06	2.56533e+06
P0DOX3	P0DOX3	IGD_HUMAN		Immunoglobulin delta heavy chain	1.59538e+06	2.09543e+06	2.12157e+06	1.03668e+06
P0DOX5	P0DOX5	IGG1_HUMAN		Immunoglobulin gamma-1 heavy chain	1.38208e+07	2.47253e+07	1.65936e+07	8.86668e+06
P0DOX7	P0DOX7	IGK_HUMAN		Immunoglobulin kappa light chain	1.53263e+08	1.7998e+08	1.45921e+08	5.72473e+07
P0DOY2;P0DOY3	P0DOY2;P0DOY3	IGLC2_HUMAN;IGLC3_HUMAN	IGLC2;IGLC3	Immunoglobulin lambda constant 2	9.58407e+07	1.31067e+08	8.03479e+07	5.66155e+07
P0DP23	P0DP23	CALM1_HUMAN	CALM1	Calmodulin-1	3.93586e+06	1.92975e+06	6.15455e+06	1.81248e+06
P0DP58	P0DP58	LYNX1_HUMAN	LYNX1	Ly-6/neurotoxin-like protein 1	890683	871453	972949	690189
P0DPB6	P0DPB6	RPAC2_HUMAN	POLR1D	DNA-directed RNA polymerases I and III subunit RPAC2	368472	406467	504582	1.14356e+06
P0DPD7	P0DPD7	EFMT4_HUMAN	EEF1AKMT4	EEF1A lysine methyltransferase 4	186377			213551
P0DPH7	P0DPH7;Q6PEY2;Q71U36	TBA3C_HUMAN	TUBA3C	Tubulin alpha-3C chain	2.08082e+06	7.61704e+06	119172	392746
P0DTE1	P0DTE1	HV383_HUMAN	IGHV3-38-3	Probable non-functional immunoglobulin heavy variable 3-38-3	615776	485196	466921	298914
P10109	P10109	ADX_HUMAN	FDX1	Adrenodoxin, mitochondrial	973543	1.05541e+06	898123	1.18774e+06
P10114	P10114	RAP2A_HUMAN	RAP2A	Ras-related protein Rap-2a	86271.4			55177.3
P10145	P10145	IL8_HUMAN	CXCL8	Interleukin-8			1.25522e+07	2.03549e+06
P10153	P10153	RNAS2_HUMAN	RNASE2	Non-secretory ribonuclease	1.05512e+07	8.06201e+06	3.009e+07	8.34399e+06
P10155	P10155	RO60_HUMAN	RO60	RNA-binding protein RO60	2.00028e+06	1.50207e+06	2.08321e+06	1.90052e+06
P10253	P10253	LYAG_HUMAN	GAA	Lysosomal alpha-glucosidase	3.30128e+06	1.75135e+06	2.56956e+06	2.15607e+06
P10301	P10301	RRAS_HUMAN	RRAS	Ras-related protein R-Ras	2.12322e+06	3.09517e+06	760595	3.03982e+06
P10398	P04049;P10398;P15056	ARAF_HUMAN	ARAF	Serine/threonine-protein kinase A-Raf	434212	708932		247589
P10412	P10412;P16402;P16403	H14_HUMAN	H1-4	Histone H1.4	2.18764e+07	2.91331e+07	1.68593e+07	1.89864e+07
P10515	P10515	ODP2_HUMAN	DLAT	Dihydrolipoyllysine-residue acetyltransferase component of pyruvate dehydrogenase complex, mitochondrial	4.12069e+06	4.86095e+06	1.71872e+06	3.132e+06
P10586	P10586	PTPRF_HUMAN	PTPRF	Receptor-type tyrosine-protein phosphatase F	1.21184e+06	1.31649e+06	904208	704111
P10599	P10599	THIO_HUMAN	TXN	Thioredoxin	2.67332e+07	3.07732e+07	2.97566e+07	3.63112e+07
P10606	P10606	COX5B_HUMAN	COX5B	Cytochrome c oxidase subunit 5B, mitochondrial	1.18592e+07	4.20977e+06	4.74219e+06	8.1524e+06
P10619	P10619	PPGB_HUMAN	CTSA	Lysosomal protective protein	1.74909e+06	1.39467e+06	2.44642e+06	1.8591e+06
P10620	P10620	MGST1_HUMAN	MGST1	Microsomal glutathione S-transferase 1	1.25603e+07	1.08147e+07	2.93646e+06	4.40014e+06
P10643	P10643	CO7_HUMAN	C7	Complement component C7	2.97542e+06	3.18893e+06	4.62682e+06	1.27309e+06
P10644	P10644	KAP0_HUMAN	PRKAR1A	cAMP-dependent protein kinase type I-alpha regulatory subunit	2.56624e+06	2.68238e+06	3.18253e+06	3.15423e+06
P10645	P10645	CMGA_HUMAN	CHGA	Chromogranin-A	5.40359e+06	4.69102e+06		
P10746	P10746	HEM4_HUMAN	UROS	Uroporphyrinogen-III synthase	305783	346253	379297	416318
P10768	P10768	ESTD_HUMAN	ESD	S-formylglutathione hydrolase	1.27317e+07	1.13723e+07	1.46174e+07	2.25001e+07
P10809	P10809	CH60_HUMAN	HSPD1	60 kDa heat shock protein, mitochondrial	2.71109e+07	2.98106e+07	2.36935e+06	1.01523e+07
P10909	P10909	CLUS_HUMAN	CLU	Clusterin	8.69757e+06	9.33261e+06	4.26327e+06	2.98866e+06
P10915	P10915	HPLN1_HUMAN	HAPLN1	Hyaluronan and proteoglycan link protein 1	551346	656947		
P11021	P11021	BIP_HUMAN	HSPA5	Endoplasmic reticulum chaperone BiP	9.91765e+07	9.69345e+07	6.9138e+07	7.63729e+07
P11047	P11047	LAMC1_HUMAN	LAMC1	Laminin subunit gamma-1	1.21069e+06	1.66766e+06	2.18233e+06	3.69313e+06
P11049	P11049	CD37_HUMAN	CD37	Leukocyte antigen CD37			147714	245929
P11117	P11117	PPAL_HUMAN	ACP2	Lysosomal acid phosphatase	2.21015e+06	1.5582e+06	3.52233e+06	2.97405e+06
P11142	P11142;P54652	HSP7C_HUMAN	HSPA8	Heat shock cognate 71 kDa protein	7.55908e+07	7.49457e+07	1.07665e+08	1.15807e+08
P11166	P11166	GTR1_HUMAN	SLC2A1	Solute carrier family 2, facilitated glucose transporter member 1	4.89449e+06	4.14566e+06	3.61788e+06	2.66785e+06
P11169	P11169;Q8TDB8	GTR3_HUMAN	SLC2A3	Solute carrier family 2, facilitated glucose transporter member 3	793715	626462	3.15129e+06	2.79046e+06
P11171	P11171;Q9H4G0;Q9Y2J2	EPB41_HUMAN	EPB41	Protein 4.1	1.20835e+06	1.08042e+06	1.60177e+06	790779
P11172	P11172	UMPS_HUMAN	UMPS	Uridine 5'-monophosphate synthase	1.77112e+06	1.10586e+06	928634	2.02087e+06
P11177	P11177	ODPB_HUMAN	PDHB	Pyruvate dehydrogenase E1 component subunit beta, mitochondrial	7.21753e+06	8.79216e+06	619620	1.08225e+06
P11182	P11182	ODB2_HUMAN	DBT	Lipoamide acyltransferase component of branched-chain alpha-keto acid dehydrogenase complex, mitochondrial	1.39747e+06	1.1185e+06	479409	1.01827e+06
P11215	P11215	ITAM_HUMAN	ITGAM	Integrin alpha-M	989157	1.2004e+06	5.85049e+07	1.06959e+07
P11216	P06737;P11216;P11217	PYGB_HUMAN	PYGB	Glycogen phosphorylase, brain form	5.18938e+07	2.7588e+07	9.23571e+06	1.67938e+07
P11226	P11226	MBL2_HUMAN	MBL2	Mannose-binding protein C	50093.5			60536.7
P11233	P11233	RALA_HUMAN	RALA	Ras-related protein Ral-A	1.3607e+06	1.73953e+06	1.79629e+06	2.06919e+06
P11234	P11233;P11234	RALB_HUMAN	RALB	Ras-related protein Ral-B	3.21777e+06	3.64394e+06	7.76773e+06	5.62503e+06
P11277	P11277	SPTB1_HUMAN	SPTB	Spectrin beta chain, erythrocytic	1.58602e+06	1.41969e+06	6.16793e+06	593016
P11279	P11279	LAMP1_HUMAN	LAMP1	Lysosome-associated membrane glycoprotein 1	9.74492e+06	6.55462e+06	2.09469e+07	1.56246e+07
P11310	P11310	ACADM_HUMAN	ACADM	Medium-chain specific acyl-CoA dehydrogenase, mitochondrial	3.90712e+06	3.61335e+06	748928	2.37877e+06
P11387	P11387	TOP1_HUMAN	TOP1	DNA topoisomerase 1	967390	618110	661961	1.17049e+06
P11388	P11388	TOP2A_HUMAN	TOP2A	DNA topoisomerase 2-alpha			142668	173300
P11413	P11413	G6PD_HUMAN	G6PD	Glucose-6-phosphate 1-dehydrogenase	4.85359e+06	4.17405e+06	2.23611e+07	1.28535e+07
P11441	P11441	UBL4A_HUMAN	UBL4A	Ubiquitin-like protein 4A	570262	345540	136837	501795
P11498	P11498	PYC_HUMAN	PC	Pyruvate carboxylase, mitochondrial	725426	970030	315888	514651
P11586	P11586	C1TC_HUMAN	MTHFD1	C-1-tetrahydrofolate synthase, cytoplasmic	7.72379e+06	7.86593e+06	772124	4.91105e+06
P11597	P11597	CETP_HUMAN	CETP	Cholesteryl ester transfer protein	157379			22536.1
P11678	P11678	PERE_HUMAN	EPX	Eosinophil peroxidase	2.61515e+06	3.80761e+06	3.16848e+06	2.16085e+06
P11717	P11717	MPRI_HUMAN	IGF2R	Cation-independent mannose-6-phosphate receptor	2.5441e+06	2.12443e+06	3.64172e+06	3.33335e+06
P11766	P11766	ADHX_HUMAN	ADH5	Alcohol dehydrogenase class-3	7.11093e+06	7.87877e+06	4.77337e+06	6.29123e+06
P11908	P11908	PRPS2_HUMAN	PRPS2	Ribose-phosphate pyrophosphokinase 2	1.01516e+06	417611	378017	550685
P11940	P11940;Q4VXU2	PABP1_HUMAN	PABPC1	Polyadenylate-binding protein 1	8.12459e+06	7.49173e+06	7.50823e+06	1.1267e+07
P12004	P12004	PCNA_HUMAN	PCNA	Proliferating cell nuclear antigen	3.76772e+06	4.08124e+06	405327	3.69372e+06
P12035	P12035	K2C3_HUMAN	KRT3	Keratin, type II cytoskeletal 3			692018	
P12081	P12081;P49590	HARS1_HUMAN	HARS1	Histidine--tRNA ligase, cytoplasmic	3.36579e+06	3.06069e+06	3.47425e+06	3.48723e+06
P12104	P12104	FABPI_HUMAN	FABP2	Fatty acid-binding protein, intestinal	3.81284e+06	2.75607e+06	186355	1.98436e+06
P12109	P12109	CO6A1_HUMAN	COL6A1	Collagen alpha-1(VI) chain	1.94333e+06	2.47748e+06	1.98469e+06	1.85826e+06
P12110	P12110	CO6A2_HUMAN	COL6A2	Collagen alpha-2(VI) chain	2.45338e+06	3.80574e+06	3.03186e+06	3.45999e+06
P12111	P12111	CO6A3_HUMAN	COL6A3	Collagen alpha-3(VI) chain	1.54503e+07	1.92368e+07	2.27066e+07	3.16205e+07
P12235	P12235	ADT1_HUMAN	SLC25A4	ADP/ATP translocase 1	3.12865e+06	2.29657e+06	619139	1.32575e+06
P12236	P12235;P12236	ADT3_HUMAN	SLC25A6	ADP/ATP translocase 3	1.33844e+07	9.41822e+06	3.7667e+06	1.06408e+07
P12259	P12259	FA5_HUMAN	F5	Coagulation factor V	382483	513293	1.28025e+06	243792
P12268	P12268	IMDH2_HUMAN	IMPDH2	Inosine-5'-monophosphate dehydrogenase 2	5.34131e+06	4.21316e+06	3.39256e+06	4.34779e+06
P12270	P12270	TPR_HUMAN	TPR	Nucleoprotein TPR	1.65228e+06	2.03895e+06	2.55609e+06	2.48737e+06
P12273	P12273	PIP_HUMAN	PIP	Prolactin-inducible protein	339952	2.08139e+06	473957	361855
P12277	P12277	KCRB_HUMAN	CKB	Creatine kinase B-type	3.04643e+07	3.3732e+07	1.4143e+06	4.29008e+06
P12314	P12314	FCGR1_HUMAN	FCGR1A	High affinity immunoglobulin gamma Fc receptor I	321236	229180	1.62403e+06	602810
P12318	P12318;P31994;P31995	FCG2A_HUMAN	FCGR2A	Low affinity immunoglobulin gamma Fc region receptor II-a	1.11797e+06	1.03028e+06	3.26347e+06	1.37757e+06
P12429	P12429	ANXA3_HUMAN	ANXA3	Annexin A3	5.88816e+06	7.35294e+06	1.00318e+08	3.61538e+07
P12532	P12532	KCRU_HUMAN	CKMT1A	Creatine kinase U-type, mitochondrial	1.8417e+07	1.38762e+07	3.88445e+06	1.42056e+07
P12694	P12694	ODBA_HUMAN	BCKDHA	2-oxoisovalerate dehydrogenase subunit alpha, mitochondrial	1.26294e+06	1.09445e+06		705180
P12724	P12724	ECP_HUMAN	RNASE3	Eosinophil cationic protein	4.41097e+06	5.98779e+06	2.04908e+07	7.13807e+06
P12814	P12814	ACTN1_HUMAN	ACTN1	Alpha-actinin-1	6.73417e+06	7.12214e+06	3.24745e+07	2.05439e+07
P12821	P12821	ACE_HUMAN	ACE	Angiotensin-converting enzyme	966053	669302	1.30297e+06	1.14128e+06
P12830	P12830	CADH1_HUMAN	CDH1	Cadherin-1	5.02551e+06	6.14347e+06	852176	2.10715e+06
P12838	P12838	DEF4_HUMAN	DEFA4	Defensin alpha 4	279427		1.86471e+07	3.88186e+06
P12931	P06241;P07947;P12931	SRC_HUMAN	SRC	Proto-oncogene tyrosine-protein kinase Src	1.30641e+06	1.55715e+06	1.38686e+06	1.4017e+06
P12955	P12955	PEPD_HUMAN	PEPD	Xaa-Pro dipeptidase	3.52451e+06	3.00983e+06	4.67193e+06	8.55144e+06
P12956	P12956	XRCC6_HUMAN	XRCC6	X-ray repair cross-complementing protein 6	5.44571e+06	4.169e+06	6.05015e+06	6.40241e+06
P13010	P13010	XRCC5_HUMAN	XRCC5	X-ray repair cross-complementing protein 5	5.38618e+06	3.36575e+06	6.1096e+06	6.17671e+06
P13051	P13051	UNG_HUMAN	UNG	Uracil-DNA glycosylase	624552			605530
P13073	P13073	COX41_HUMAN	COX4I1	Cytochrome c oxidase subunit 4 isoform 1, mitochondrial	3.00708e+07	1.82151e+07	1.22435e+07	1.85779e+07
P13164;Q01628;Q01629	P13164;Q01628;Q01629	IFM1_HUMAN;IFM2_HUMAN;IFM3_HUMAN	IFITM1;IFITM2;IFITM3	Interferon-induced transmembrane protein 1	1.01345e+06	708950	4.86698e+06	4.87571e+06
P13224	P13224	GP1BB_HUMAN	GP1BB	Platelet glycoprotein Ib beta chain	745668	426790	2.01959e+06	722430
P13284	P13284	GILT_HUMAN	IFI30	Gamma-interferon-inducible lysosomal thiol reductase	3.67135e+06	1.58857e+06	1.47824e+06	5.28034e+06
P13473	P13473	LAMP2_HUMAN	LAMP2	Lysosome-associated membrane glycoprotein 2	8.88617e+06	4.84311e+06	2.6105e+07	1.17675e+07
P13489	P13489	RINI_HUMAN	RNH1	Ribonuclease inhibitor	8.51883e+06	6.49954e+06	7.38085e+06	7.68316e+06
P13498	P13498	CY24A_HUMAN	CYBA	Cytochrome b-245 light chain	2.46513e+06	2.6557e+06	1.80509e+07	6.25421e+06
P13591	P13591	NCAM1_HUMAN	NCAM1	Neural cell adhesion molecule 1	359509	481960		55359.8
P13598	P13598	ICAM2_HUMAN	ICAM2	Intercellular adhesion molecule 2	254590			246478
P13611	P13611	CSPG2_HUMAN	VCAN	Versican core protein	2.61431e+06	2.56306e+06	6.34098e+06	1.16528e+07
P13612	P13612	ITA4_HUMAN	ITGA4	Integrin alpha-4	575424	603998	363729	550213
P13639	P13639	EF2_HUMAN	EEF2	Elongation factor 2	4.32024e+07	3.26121e+07	2.0975e+07	3.7081e+07
P13645	P13645	K1C10_HUMAN	KRT10	Keratin, type I cytoskeletal 10	4.22336e+07	4.24189e+08	2.49334e+08	1.00725e+08
P13646	P13646;P19012;Q99456	K1C13_HUMAN	KRT13	Keratin, type I cytoskeletal 13	854341	5.79337e+06	3.63742e+06	961208
P13647	P13647	K2C5_HUMAN	KRT5	Keratin, type II cytoskeletal 5	6.82346e+06	4.74007e+07	9.95139e+07	8.99697e+06
P13667	P13667	PDIA4_HUMAN	PDIA4	Protein disulfide-isomerase A4	3.0948e+07	3.17459e+07	1.13509e+07	1.2566e+07
P13671	P13671	CO6_HUMAN	C6	Complement component C6	2.1071e+06	2.36723e+06	3.04333e+06	1.12681e+06
P13674	P13674	P4HA1_HUMAN	P4HA1	Prolyl 4-hydroxylase subunit alpha-1	1.48949e+06	890402	3.60768e+06	3.2608e+06
P13686	P13686	PPA5_HUMAN	ACP5	Tartrate-resistant acid phosphatase type 5	961672	352825	1.00837e+06	959159
P13688	P13688	CEAM1_HUMAN	CEACAM1	Carcinoembryonic antigen-related cell adhesion molecule 1	507641	1.06413e+06	6.05062e+06	3.04568e+06
P13693	P13693;Q9HAU6	TCTP_HUMAN	TPT1	Translationally-controlled tumor protein	5.18983e+06	3.55789e+06	5.96257e+06	1.13341e+07
P13716	P13716	HEM2_HUMAN	ALAD	Delta-aminolevulinic acid dehydratase	4.23658e+06	2.44912e+06	5.8209e+06	1.64967e+06
P13726	P13726	TF_HUMAN	F3	Tissue factor	164141		65796.2	66105.8
P13727	P13727	PRG2_HUMAN	PRG2	Bone marrow proteoglycan	758830	776125	1.04829e+06	627244
P13796	P13796	PLSL_HUMAN	LCP1	Plastin-2	2.06734e+07	1.66507e+07	1.5776e+08	5.34325e+07
P13797	P13797	PLST_HUMAN	PLS3	Plastin-3	2.49951e+06	2.42479e+06	5.52624e+06	8.14017e+06
P13798	P13798	ACPH_HUMAN	APEH	Acylamino-acid-releasing enzyme	7.12561e+06	6.92041e+06	8.42841e+06	4.9285e+06
P13804	P13804	ETFA_HUMAN	ETFA	Electron transfer flavoprotein subunit alpha, mitochondrial	1.01958e+07	9.58194e+06	4.28273e+06	7.71956e+06
P13807	P13807	GYS1_HUMAN	GYS1	Glycogen [starch] synthase, muscle	686831	416593	602300	662798
P13861	P13861	KAP2_HUMAN	PRKAR2A	cAMP-dependent protein kinase type II-alpha regulatory subunit	3.78451e+06	3.61923e+06	1.88123e+06	3.30157e+06
P13866	P13866	SC5A1_HUMAN	SLC5A1	Sodium/glucose cotransporter 1			305681	623761
P13928;Q5VT79	P13928;Q5VT79	ANXA8_HUMAN;AXA81_HUMAN	ANXA8;ANXA8L1	Annexin A8			990644	
P13929	P13929	ENOB_HUMAN	ENO3	Beta-enolase			565161	61643
P13984	P13984	T2FB_HUMAN	GTF2F2	General transcription factor IIF subunit 2	153547			237719
P13987	P13987	CD59_HUMAN	CD59	CD59 glycoprotein	2.51431e+06	1.77568e+06	3.29561e+06	3.34023e+06
P13995	P13995	MTDC_HUMAN	MTHFD2	Bifunctional methylenetetrahydrofolate dehydrogenase/cyclohydrolase, mitochondrial	940430	1.2253e+06	73886.6	409948
P14091	P14091	CATE_HUMAN	CTSE	Cathepsin E	691394	633522	220123	
P14151	P14151	LYAM1_HUMAN	SELL	L-selectin	169198		420280	310932
P14174	P14174	MIF_HUMAN	MIF	Macrophage migration inhibitory factor	1.77467e+07	7.13066e+06	1.04936e+07	2.16056e+07
P14207	P14207;P41439	FOLR2_HUMAN	FOLR2	Folate receptor beta	879754	411701		
P14209	P14209	CD99_HUMAN	CD99	CD99 antigen	1.61933e+06	1.45114e+06		636768
P14210	P14210	HGF_HUMAN	HGF	Hepatocyte growth factor	27728.5		57649.4	36200.7
P14314	P14314	GLU2B_HUMAN	PRKCSH	Glucosidase 2 subunit beta	1.64847e+07	1.9855e+07	7.9805e+06	1.46282e+07
P14317	P14317	HCLS1_HUMAN	HCLS1	Hematopoietic lineage cell-specific protein	2.43571e+06	2.18069e+06	1.21521e+06	2.18503e+06
P14324	P14324	FPPS_HUMAN	FDPS	Farnesyl pyrophosphate synthase	4.75603e+06	2.94739e+06	1.95297e+06	4.55175e+06
P14384	P14384	CBPM_HUMAN	CPM	Carboxypeptidase M	455310	667544	1.00962e+06	690120
P14406	P14406	CX7A2_HUMAN	COX7A2	Cytochrome c oxidase subunit 7A2, mitochondrial	3.04319e+07	4.86234e+06	1.24361e+06	1.83559e+07
P14410	P14410	SUIS_HUMAN	SI	Sucrase-isomaltase, intestinal	607862	533815		615364
P14543	P14543	NID1_HUMAN	NID1	Nidogen-1	2.88356e+06	3.94833e+06	5.42608e+06	8.52976e+06
P14550	P14550	AK1A1_HUMAN	AKR1A1	Aldo-keto reductase family 1 member A1	1.13901e+07	1.07713e+07	8.78898e+06	8.33899e+06
P14555	P14555	PA2GA_HUMAN	PLA2G2A	Phospholipase A2, membrane associated	1.37727e+06	953322	383210	813353
P14618	P14618	KPYM_HUMAN	PKM	Pyruvate kinase PKM	7.71545e+07	7.56481e+07	8.11979e+07	1.0686e+08
P14621	P14621	ACYP2_HUMAN	ACYP2	Acylphosphatase-2	506609	381762	624801	676490
P14625	P14625	ENPL_HUMAN	HSP90B1	Endoplasmin	1.71707e+08	1.40065e+08	6.33275e+07	7.92852e+07
P14678;P63162	P14678;P63162	RSMB_HUMAN;RSMN_HUMAN	SNRPB;SNRPN	Small nuclear ribonucleoprotein-associated proteins B and B'	3.84725e+06	3.79214e+06	7.02716e+06	6.38933e+06
P14735	P14735	IDE_HUMAN	IDE	Insulin-degrading enzyme	1.85079e+06	1.37544e+06	2.56841e+06	1.8912e+06
P14770	P14770	GPIX_HUMAN	GP9	Platelet glycoprotein IX	225346		498594	195087
P14780	P14780	MMP9_HUMAN	MMP9	Matrix metalloproteinase-9	755575	852937	4.25724e+07	1.30798e+07
P14854	P14854	CX6B1_HUMAN	COX6B1	Cytochrome c oxidase subunit 6B1	1.03348e+07	7.3641e+06	2.35519e+06	5.2396e+06
P14859	P14859;Q9UKI9	PO2F1_HUMAN	POU2F1	POU domain, class 2, transcription factor 1	344201	364541	145583	560302
P14866	P14866	HNRPL_HUMAN	HNRNPL	Heterogeneous nuclear ribonucleoprotein L	3.33163e+06	4.18435e+06	4.66409e+06	5.74653e+06
P14868	P14868	SYDC_HUMAN	DARS1	Aspartate--tRNA ligase, cytoplasmic	7.98447e+06	6.00398e+06	2.1375e+06	6.48531e+06
P14902	P14902	I23O1_HUMAN	IDO1	Indoleamine 2,3-dioxygenase 1	615835	109844	2.06676e+06	477821
P14923	P14923	PLAK_HUMAN	JUP	Junction plakoglobin	3.72626e+06	7.94362e+06	7.85893e+06	4.09446e+06
P14927	P14927	QCR7_HUMAN	UQCRB	Cytochrome b-c1 complex subunit 7	7.97115e+06	7.05804e+06	3.05001e+06	5.65271e+06
P15088	P15088	CBPA3_HUMAN	CPA3	Mast cell carboxypeptidase A	1.49252e+06	1.36625e+06	155143	656232
P15090	P02689;P15090	FABP4_HUMAN	FABP4	Fatty acid-binding protein, adipocyte	577451	409497	590211	451186
P15104	P15104	GLNA_HUMAN	GLUL	Glutamine synthetase	1.69962e+06	1.12135e+06	5.50789e+06	1.66519e+06
P15121	P15121	ALDR_HUMAN	AKR1B1	Aldo-keto reductase family 1 member B1	7.98339e+06	7.46397e+06	1.14148e+07	8.45725e+06
P15144	P15144	AMPN_HUMAN	ANPEP	Aminopeptidase N	2.29578e+06	1.45222e+06	2.10416e+07	1.00343e+07
P15151	P15151	PVR_HUMAN	PVR	Poliovirus receptor	506223	547740	504764	517569
P15153	P15153	RAC2_HUMAN	RAC2	Ras-related C3 botulinum toxin substrate 2	6.66837e+06	5.11896e+06	2.20536e+06	5.318e+06
P15169	P15169	CBPN_HUMAN	CPN1	Carboxypeptidase N catalytic chain	508707	360341	200256	205876
P15170	P15170	ERF3A_HUMAN	GSPT1	Eukaryotic peptide chain release factor GTP-binding subunit ERF3A	2.75529e+06	2.9673e+06	1.1759e+06	2.3866e+06
P15260	P15260	INGR1_HUMAN	IFNGR1	Interferon gamma receptor 1				499226
P15289	P15289	ARSA_HUMAN	ARSA	Arylsulfatase A	2.45347e+07	1.84881e+07	1.99468e+07	9.22886e+06
P15291	P15291	B4GT1_HUMAN	B4GALT1	Beta-1,4-galactosyltransferase 1	1.01527e+06	580998	1.36235e+06	1.36576e+06
P15309	P15309	PPAP_HUMAN	ACP3	Prostatic acid phosphatase	782173	900933	1.30734e+06	240013
P15311	P15311	EZRI_HUMAN	EZR	Ezrin	5.40877e+06	9.8214e+06	4.84931e+06	1.23717e+07
P15374	P15374	UCHL3_HUMAN	UCHL3	Ubiquitin carboxyl-terminal hydrolase isozyme L3	3.07269e+06	1.78194e+06	1.52584e+06	2.77128e+06
P15428	P15428	PGDH_HUMAN	HPGD	15-hydroxyprostaglandin dehydrogenase [NAD(+)]	505638	1.42053e+06		149545
P15498	P15498	VAV_HUMAN	VAV1	Proto-oncogene vav	372803		735007	564711
P15509	P15509	CSF2R_HUMAN	CSF2RA	Granulocyte-macrophage colony-stimulating factor receptor subunit alpha			135776	44225.4
P15529	P15529	MCP_HUMAN	CD46	Membrane cofactor protein	1.77469e+06	1.12702e+06	1.2038e+06	2.31534e+06
P15531	P15531	NDKA_HUMAN	NME1	Nucleoside diphosphate kinase A	5.27013e+06	2.89273e+06	4.2776e+06	4.68372e+06
P15559	P15559	NQO1_HUMAN	NQO1	NAD(P)H dehydrogenase [quinone] 1	2.44965e+06	1.9982e+06	1.58726e+06	9.60899e+06
P15586	P15586	GNS_HUMAN	GNS	N-acetylglucosamine-6-sulfatase	2.23591e+06	1.9105e+06	7.50942e+06	4.5199e+06
P15848	P15848	ARSB_HUMAN	ARSB	Arylsulfatase B	434310	428564	891691	572531
P15880	P15880	RS2_HUMAN	RPS2	Small ribosomal subunit protein uS5	1.23799e+07	1.26038e+07	3.44144e+06	8.6602e+06
P15907	P15907	SIAT1_HUMAN	ST6GAL1	Beta-galactoside alpha-2,6-sialyltransferase 1	1.1584e+06	1.15132e+06		415923
P15924	P15924	DESP_HUMAN	DSP	Desmoplakin	3.14535e+06	1.45145e+07	1.82341e+07	3.3349e+06
P15927	P15927	RFA2_HUMAN	RPA2	Replication protein A 32 kDa subunit	820789	794685	975365	970504
P15941	P15941	MUC1_HUMAN	MUC1	Mucin-1	273843			312143
P15954	P15954	COX7C_HUMAN	COX7C	Cytochrome c oxidase subunit 7C, mitochondrial	2.41683e+06	1.17264e+06	300393	473615
P16035	P16035	TIMP2_HUMAN	TIMP2	Metalloproteinase inhibitor 2	234546	403231	1.6886e+06	1.38619e+06
P16050	P16050	LOX15_HUMAN	ALOX15	Polyunsaturated fatty acid lipoxygenase ALOX15			491850	
P16070	P16070	CD44_HUMAN	CD44	CD44 antigen	6.14249e+06	6.63746e+06	1.10678e+07	8.14946e+06
P16083	P16083	NQO2_HUMAN	NQO2	Ribosyldihydronicotinamide dehydrogenase [quinone]	1.78757e+06	2.06718e+06	5.84526e+06	3.28732e+06
P16104	P16104	H2AX_HUMAN	H2AX	Histone H2AX	1.98141e+07	3.92102e+07	1.19673e+08	3.82076e+07
P16112	P16112	PGCA_HUMAN	ACAN	Aggrecan core protein	211533		134466	705062
P16144	P16144	ITB4_HUMAN	ITGB4	Integrin beta-4	3.10045e+06	3.87745e+06	361141	1.0437e+06
P16152	P16152	CBR1_HUMAN	CBR1	Carbonyl reductase [NADPH] 1	1.05475e+07	9.83237e+06	9.04427e+06	2.03183e+07
P16157	P16157	ANK1_HUMAN	ANK1	Ankyrin-1	2.91107e+06	2.65122e+06	3.945e+06	911933
P16219	P16219	ACADS_HUMAN	ACADS	Short-chain specific acyl-CoA dehydrogenase, mitochondrial	5.31522e+06	4.10182e+06	1.27661e+06	2.57848e+06
P16220	P16220;P18846	CREB1_HUMAN	CREB1	Cyclic AMP-responsive element-binding protein 1	487139	464126	416636	644302
P16234	P16234	PGFRA_HUMAN	PDGFRA	Platelet-derived growth factor receptor alpha			123733	252141
P16260	P16260	GDC_HUMAN	SLC25A16	Solute carrier family 25 member 16	216141			967495
P16278	P16278	BGAL_HUMAN	GLB1	Beta-galactosidase	5.05445e+07	3.32944e+07	4.974e+07	4.28951e+07
P16284	P16284	PECA1_HUMAN	PECAM1	Platelet endothelial cell adhesion molecule	1.9723e+06	2.58732e+06	3.15612e+06	3.32633e+06
P16298	P16298	PP2BB_HUMAN	PPP3CB	Serine/threonine-protein phosphatase 2B catalytic subunit beta isoform	786233		1.08816e+06	796788
P16333	P16333	NCK1_HUMAN	NCK1	Cytoplasmic protein NCK1	859721	1.23707e+06	1.44682e+06	1.32136e+06
P16401	P16401	H15_HUMAN	H1-5	Histone H1.5	4.49023e+06	5.78236e+06	1.1414e+07	5.93078e+06
P16402	P16402	H13_HUMAN	H1-3	Histone H1.3	1.5832e+06	1.65123e+06	2.69101e+06	1.62657e+06
P16403	P16403	H12_HUMAN	H1-2	Histone H1.2	1.3761e+06	4.15604e+06	4.73194e+06	3.20025e+06
P16422	P16422	EPCAM_HUMAN	EPCAM	Epithelial cell adhesion molecule	1.54618e+07	1.3209e+07	1.85988e+06	1.13084e+07
P16435	P16435	NCPR_HUMAN	POR	NADPH--cytochrome P450 reductase	2.89668e+06	2.73523e+06	5.64966e+06	7.3664e+06
P16442	P16442	BGAT_HUMAN	ABO	Histo-blood group ABO system transferase	1.12649e+06	884425		621221
P16444	P16444	DPEP1_HUMAN	DPEP1	Dipeptidase 1				134931
P16452	P16452	EPB42_HUMAN	EPB42	Protein 4.2	1.96703e+06	1.1173e+06	4.34841e+06	394560
P16455	P16455	MGMT_HUMAN	MGMT	Methylated-DNA--protein-cysteine methyltransferase	706637	509628	60230.2	394989
P16615	P16615	AT2A2_HUMAN	ATP2A2	Sarcoplasmic/endoplasmic reticulum calcium ATPase 2	8.92916e+06	6.19543e+06	3.43766e+06	7.98988e+06
P16662	P06133;P16662;O75310;P36537	UD2B7_HUMAN	UGT2B7	UDP-glucuronosyltransferase 2B7	1.0576e+06	667695		234572
P16671	P16671	CD36_HUMAN	CD36	Platelet glycoprotein 4	884085	1.01907e+06	955778	824975
P16870	P16870	CBPE_HUMAN	CPE	Carboxypeptidase E	642940	667396		
P16885	P16885	PLCG2_HUMAN	PLCG2	1-phosphatidylinositol 4,5-bisphosphate phosphodiesterase gamma-2	1.53232e+06	1.11372e+06	1.80567e+06	842585
P16930	P16930	FAAA_HUMAN	FAH	Fumarylacetoacetase	1.88716e+06	1.37503e+06	2.97714e+06	1.29441e+06
P16949	P16949	STMN1_HUMAN	STMN1	Stathmin	7.2074e+06	5.5528e+06	5.33565e+06	1.85347e+07
P16989	P16989	YBOX3_HUMAN	YBX3	Y-box-binding protein 3	1.2459e+06	1.46027e+06	510294	2.21868e+06
P17050	P17050	NAGAB_HUMAN	NAGA	Alpha-N-acetylgalactosaminidase	3.38894e+06	2.37625e+06	2.85279e+06	2.47456e+06
P17066;P48741	P17066;P48741	HSP76_HUMAN;HSP77_HUMAN	HSPA6;HSPA7	Heat shock 70 kDa protein 6	1.46273e+08	1.47598e+08	1.86235e+08	1.62962e+08
P17096	P17096	HMGA1_HUMAN	HMGA1	High mobility group protein HMG-I/HMG-Y	2.05051e+06	2.70787e+06	1.22824e+06	1.65534e+06
P17152	P17152	TMM11_HUMAN	TMEM11	Transmembrane protein 11, mitochondrial	1.38202e+06	1.15599e+06	68037	447322
P17174	P17174	AATC_HUMAN	GOT1	Aspartate aminotransferase, cytoplasmic	9.7814e+06	8.1288e+06	6.65861e+06	1.29419e+07
P17213	P17213	BPI_HUMAN	BPI	Bactericidal permeability-increasing protein	1.17933e+06	2.00965e+06	5.21145e+07	2.12616e+07
P17252	P17252	KPCA_HUMAN	PRKCA	Protein kinase C alpha type	1.00044e+06	658213	1.01399e+06	1.00209e+06
P17301	P17301	ITA2_HUMAN	ITGA2	Integrin alpha-2	1.76833e+06	1.3707e+06	1.03101e+06	1.29393e+06
P17405	P17405	ASM_HUMAN	SMPD1	Sphingomyelin phosphodiesterase	259960		291158	359980
P17480	P17480	UBF1_HUMAN	UBTF	Nucleolar transcription factor 1	766953	1.00741e+06	1.67388e+06	992609
P17516	P17516	AK1C4_HUMAN	AKR1C4	Aldo-keto reductase family 1 member C4				454095
P17568	P17568	NDUB7_HUMAN	NDUFB7	NADH dehydrogenase [ubiquinone] 1 beta subcomplex subunit 7	1.66023e+06	1.4837e+06	909966	1.12827e+06
P17612	P17612;P22694	KAPCA_HUMAN	PRKACA	cAMP-dependent protein kinase catalytic subunit alpha	3.88054e+06	4.6616e+06	4.29383e+06	4.7694e+06
P17655	P17655	CAN2_HUMAN	CAPN2	Calpain-2 catalytic subunit	3.82562e+08	3.25169e+08	2.1644e+08	3.693e+08
P17661	P17661	DESM_HUMAN	DES	Desmin	1.03508e+06	1.46613e+06		392301
P17693	P01893;P17693;HLA:HLA00001;HLA:HLA00146;HLA:HLA00318;HLA:HLA00427;HLA:HLA00934;HLA:HLA00936	HLAG_HUMAN	HLA-G	HLA class I histocompatibility antigen, alpha chain G	2.94236e+07	2.75401e+07	6.19571e+07	5.07942e+07
P17706	P17706	PTN2_HUMAN	PTPN2	Tyrosine-protein phosphatase non-receptor type 2	1.21117e+07		2.44585e+07	1.58419e+07
P17812	P17812;Q9NRF8	PYRG1_HUMAN	CTPS1	CTP synthase 1	1.33134e+06	843653	802084	1.21337e+06
P17813	P17813	EGLN_HUMAN	ENG	Endoglin	885626	844156	1.48788e+06	2.24811e+06
P17844	P17844	DDX5_HUMAN	DDX5	Probable ATP-dependent RNA helicase DDX5	6.62582e+06	1.04498e+07	7.77634e+06	1.06987e+07
P17858	P08237;P17858	PFKAL_HUMAN	PFKL	ATP-dependent 6-phosphofructokinase, liver type	6.48632e+06	6.03977e+06	1.3617e+06	4.90866e+06
P17900	P17900	SAP3_HUMAN	GM2A	Ganglioside GM2 activator	3.26275e+06	2.43919e+06	6.94157e+06	3.53887e+06
P17927	P17927	CR1_HUMAN	CR1	Complement receptor type 1			1.30829e+06	512733
P17931	P17931	LEG3_HUMAN	LGALS3	Galectin-3	9.16217e+07	5.28381e+07	2.96037e+07	5.7237e+07
P17980	P17980	PRS6A_HUMAN	PSMC3	26S proteasome regulatory subunit 6A	4.23888e+06	3.75415e+06	2.83109e+06	3.41549e+06
P17987	P17987	TCPA_HUMAN	TCP1	T-complex protein 1 subunit alpha	1.40366e+07	1.0148e+07	2.50961e+06	8.47183e+06
P18031	P18031	PTN1_HUMAN	PTPN1	Tyrosine-protein phosphatase non-receptor type 1	3.11721e+06	1.87968e+06	1.93917e+06	2.9509e+06
P18065	P18065	IBP2_HUMAN	IGFBP2	Insulin-like growth factor-binding protein 2	1.45761e+06	1.33094e+06		
P18077	P18077	RL35A_HUMAN	RPL35A	Large ribosomal subunit protein eL33	8.1572e+06	6.00397e+06	3.34539e+06	6.5735e+06
P18084	P18084	ITB5_HUMAN	ITGB5	Integrin beta-5	3.34617e+06	3.07016e+06	4.09e+06	4.27476e+06
P18085	P18085	ARF4_HUMAN	ARF4	ADP-ribosylation factor 4	2.50733e+07	1.58771e+07	2.93486e+06	1.53523e+07
P18124	P18124	RL7_HUMAN	RPL7	Large ribosomal subunit protein uL30	1.20466e+07	9.02434e+06	2.94556e+06	8.05706e+06
P18206	P18206	VINC_HUMAN	VCL	Vinculin	1.09667e+07	1.4148e+07	2.19506e+07	2.36883e+07
P18283	P18283	GPX2_HUMAN	GPX2	Glutathione peroxidase 2	2.71605e+06	2.14289e+06	196915	1.54244e+06
P18428	P18428	LBP_HUMAN	LBP	Lipopolysaccharide-binding protein	1.50696e+06	579687	1.04274e+06	1.01881e+06
P18433	P18433	PTPRA_HUMAN	PTPRA	Receptor-type tyrosine-protein phosphatase alpha	898745	1.16759e+06	572554	1.6624e+06
P18440	P18440	ARY1_HUMAN	NAT1	Arylamine N-acetyltransferase 1	817504	299539	365898	388179
P18510	P18510	IL1RA_HUMAN	IL1RN	Interleukin-1 receptor antagonist protein	581702	656300	4.69404e+06	572227
P18577;Q02161	P18577;Q02161	RHCE_HUMAN;RHD_HUMAN	RHCE;RHD	Blood group Rh(CE) polypeptide	453711		441605	108617
P18615	P18615	NELFE_HUMAN	NELFE	Negative elongation factor E	274126			225730
P18621	P18621	RL17_HUMAN	RPL17	Large ribosomal subunit protein uL22	9.14502e+06	9.40624e+06	1.35549e+06	1.24548e+06
P18669	P18669	PGAM1_HUMAN	PGAM1	Phosphoglycerate mutase 1	2.70002e+07	2.77942e+07	6.41269e+07	4.00501e+07
P18754	P18754	RCC1_HUMAN	RCC1	Regulator of chromosome condensation	1.4628e+06	2.2359e+06	1.53011e+06	2.15547e+06
P18827	P18827	SDC1_HUMAN	SDC1	Syndecan-1	3.82592e+06	812302		812217
P18846	P18846	ATF1_HUMAN	ATF1	Cyclic AMP-dependent transcription factor ATF-1	72199.4			
P18858	P18858	DNLI1_HUMAN	LIG1	DNA ligase 1				451136
P18859	P18859	ATP5J_HUMAN	ATP5PF	ATP synthase-coupling factor 6, mitochondrial	1.01284e+06	554573	264628	402442
P18887	P18887	XRCC1_HUMAN	XRCC1	DNA repair protein XRCC1	395904	455589	488150	534355
P19012	P19012	K1C15_HUMAN	KRT15	Keratin, type I cytoskeletal 15	799165	645314	1.60134e+06	896945
P19013	P19013	K2C4_HUMAN	KRT4	Keratin, type II cytoskeletal 4		1.70076e+06	957053	193648
P19075	P19075	TSN8_HUMAN	TSPAN8	Tetraspanin-8	1.39041e+07	7.95143e+06	4.24743e+06	2.70221e+07
P19174	P19174	PLCG1_HUMAN	PLCG1	1-phosphatidylinositol 4,5-bisphosphate phosphodiesterase gamma-1	441443		482828	694387
P19224	P19224	UD16_HUMAN	UGT1A6	UDP-glucuronosyltransferase 1-6				565014
P19256	P19256	LFA3_HUMAN	CD58	Lymphocyte function-associated antigen 3	823678	439071	676397	852360
P19320	P19320	VCAM1_HUMAN	VCAM1	Vascular cell adhesion protein 1	615026	969152	985112	861670
P19338	P19338	NUCL_HUMAN	NCL	Nucleolin	1.59497e+07	1.93336e+07	1.41904e+07	2.79139e+07
P19367	P19367	HXK1_HUMAN	HK1	Hexokinase-1	6.34522e+06	6.40762e+06	9.25595e+06	8.30875e+06
P19387	P19387	RPB3_HUMAN	POLR2C	DNA-directed RNA polymerase II subunit RPB3	853548	927714	618459	710279
P19388	P19388	RPAB1_HUMAN	POLR2E	DNA-directed RNA polymerases I, II, and III subunit RPABC1	738936	918839	350021	992066
P19397	P19397	CD53_HUMAN	CD53	Leukocyte surface antigen CD53	2.41271e+06	2.1319e+06	8.8998e+06	3.68711e+06
P19404	P19404	NDUV2_HUMAN	NDUFV2	NADH dehydrogenase [ubiquinone] flavoprotein 2, mitochondrial	8.09326e+06	6.66543e+06	3.56316e+06	5.27352e+06
P19440	A6NGU5;P19440;Q14390;B5MD39	GGT1_HUMAN	GGT1	Glutathione hydrolase 1 proenzyme	1.3522e+06	1.50344e+06	1.58004e+06	1.01202e+06
P19474	P19474	RO52_HUMAN	TRIM21	E3 ubiquitin-protein ligase TRIM21	963974	1.01215e+06	965401	1.28701e+06
P19525	P19525	E2AK2_HUMAN	EIF2AK2	Interferon-induced, double-stranded RNA-activated protein kinase	1.77311e+06	1.82174e+06	1.89595e+06	3.0789e+06
P19623	P19623	SPEE_HUMAN	SRM	Spermidine synthase	4.18492e+06	2.31276e+06	1.171e+06	3.62668e+06
P19634	P19634	SL9A1_HUMAN	SLC9A1	Sodium/hydrogen exchanger 1	307759		401580	303882
P19652	P19652	A1AG2_HUMAN	ORM2	Alpha-1-acid glycoprotein 2	1.07428e+07	6.99474e+06	4.62437e+06	4.55752e+06
P19784	P19784	CSK22_HUMAN	CSNK2A2	Casein kinase II subunit alpha'	329596	1.32984e+06	146015	347077
P19793	P19793	RXRA_HUMAN	RXRA	Retinoic acid receptor RXR-alpha	331377	265155	144354	255332
P19801	P19801	AOC1_HUMAN	AOC1	Amiloride-sensitive amine oxidase [copper-containing]	2.4475e+06	1.3041e+06	502096	274021
P19823	P19823	ITIH2_HUMAN	ITIH2	Inter-alpha-trypsin inhibitor heavy chain H2	1.16636e+07	1.15099e+07	5.70162e+06	4.3531e+06
P19827	P19827	ITIH1_HUMAN	ITIH1	Inter-alpha-trypsin inhibitor heavy chain H1	6.13719e+06	5.00029e+06	5.34268e+06	3.40831e+06
P19838	P19838	NFKB1_HUMAN	NFKB1	Nuclear factor NF-kappa-B p105 subunit	1.00896e+06	849948	1.22751e+06	1.3772e+06
P19878	P19878	NCF2_HUMAN	NCF2	Neutrophil cytosol factor 2	2.00582e+06	2.15129e+06	1.19128e+07	6.2988e+06
P19957	P19957	ELAF_HUMAN	PI3	Elafin	185994	320228		
P19971	P19971	TYPH_HUMAN	TYMP	Thymidine phosphorylase	1.09745e+07	1.7881e+07	2.03375e+07	1.16454e+07
P20020	P20020	AT2B1_HUMAN	ATP2B1	Plasma membrane calcium-transporting ATPase 1	1.07172e+06	1.11726e+06	866998	865390
P20036	P20036	DPA1_HUMAN	HLA-DPA1	HLA class II histocompatibility antigen, DP alpha 1 chain	1.69635e+06	1.11207e+06	2.09992e+06	1.53841e+06
P20042	P20042	IF2B_HUMAN	EIF2S2	Eukaryotic translation initiation factor 2 subunit 2	1.25373e+06	1.47914e+06	728902	1.35149e+06
P20061	P20061	TCO1_HUMAN	TCN1	Transcobalamin-1			2.51225e+06	708942
P20073	P20073	ANXA7_HUMAN	ANXA7	Annexin A7	5.57211e+06	5.65202e+06	6.40828e+06	5.96504e+06
P20132	P20132	SDHL_HUMAN	SDS	L-serine dehydratase/L-threonine deaminase	207383			186104
P20138	P20138	CD33_HUMAN	CD33	Myeloid cell surface antigen CD33			378826	
P20160	P20160	CAP7_HUMAN	AZU1	Azurocidin	3.58661e+06	6.77468e+06	1.41976e+08	6.00572e+07
P20226	P20226;Q6SJ96	TBP_HUMAN	TBP	TATA-box-binding protein				183987
P20231;Q15661	P20231;Q15661	TRYB1_HUMAN;TRYB2_HUMAN	TPSAB1;TPSB2	Tryptase beta-2	1.59102e+07	1.16965e+07	2.15399e+06	3.25098e+06
P20290	P20290	BTF3_HUMAN	BTF3	Transcription factor BTF3	1.48547e+06	2.76688e+06	764435	974104
P20292	P20292	AL5AP_HUMAN	ALOX5AP	Arachidonate 5-lipoxygenase-activating protein	4.24959e+06	5.79447e+06	6.89892e+07	2.58518e+07
P20338	P20338	RAB4A_HUMAN	RAB4A	Ras-related protein Rab-4A	870686	892570	698033	790973
P20339	P20339	RAB5A_HUMAN	RAB5A	Ras-related protein Rab-5A	2.65357e+06	3.5705e+06	1.31747e+06	1.36334e+06
P20340	P20340;Q9H0N0;Q9NRW1	RAB6A_HUMAN	RAB6A	Ras-related protein Rab-6A	8.16943e+06	7.3627e+06	6.68954e+06	9.87895e+06
P20591	P20591	MX1_HUMAN	MX1	Interferon-induced GTP-binding protein Mx1	474707	237675		508958
P20592	P20592	MX2_HUMAN	MX2	Interferon-induced GTP-binding protein Mx2			232127	206447
P20618	P20618	PSB1_HUMAN	PSMB1	Proteasome subunit beta type-1	1.00623e+07	7.45909e+06	1.33301e+07	1.49973e+07
P20645	P20645	MPRD_HUMAN	M6PR	Cation-dependent mannose-6-phosphate receptor	2.35227e+06	1.75653e+06	3.54383e+06	2.46141e+06
P20674	P20674	COX5A_HUMAN	COX5A	Cytochrome c oxidase subunit 5A, mitochondrial	7.52243e+06	2.6371e+06	1.68438e+06	2.90977e+06
P20700	P20700	LMNB1_HUMAN	LMNB1	Lamin-B1	5.95365e+06	7.65307e+06	5.62523e+06	6.52898e+06
P20701	P20701	ITAL_HUMAN	ITGAL	Integrin alpha-L	401176	414134	1.64523e+06	545796
P20702	P20702	ITAX_HUMAN	ITGAX	Integrin alpha-X	568398	535972	3.55391e+06	1.21879e+06
P20711	P20711	DDC_HUMAN	DDC	Aromatic-L-amino-acid decarboxylase	1.57096e+06	2.29629e+06	1.37463e+06	1.49365e+06
P20742	P20742	PZP_HUMAN	PZP	Pregnancy zone protein	378225		254125	112155
P20749	P20749	BCL3_HUMAN	BCL3	B-cell lymphoma 3 protein	166534		87963.4	203055
P20774	P20774	MIME_HUMAN	OGN	Mimecan	2.75931e+06	2.92361e+06	1.38033e+06	3.1742e+06
P20810	P20810	ICAL_HUMAN	CAST	Calpastatin	5.90401e+06	7.50816e+06	2.00278e+06	3.57071e+06
P20839	P20839	IMDH1_HUMAN	IMPDH1	Inosine-5'-monophosphate dehydrogenase 1	417328	339458	850031	533171
P20851	P20851	C4BPB_HUMAN	C4BPB	C4b-binding protein beta chain	441231	210337	519447	239207
P20908	P20908	CO5A1_HUMAN	COL5A1	Collagen alpha-1(V) chain	270021		440544	681537
P20930	P20930	FILA_HUMAN	FLG	Filaggrin	560323	8.48372e+06	4.06568e+06	641694
P20933	P20933	ASPG_HUMAN	AGA	N(4)-(beta-N-acetylglucosaminyl)-L-asparaginase	604990	658170	1.05445e+06	429101
P20936	P20936	RASA1_HUMAN	RASA1	Ras GTPase-activating protein 1	353409	311621	356625	433394
P20962	P20962	PTMS_HUMAN	PTMS	Parathymosin	3.89506e+06	4.43013e+06	581830	6.42913e+06
P21127;Q9UQ88	P21127;Q13882;Q9UQ88	CD11A_HUMAN;CD11B_HUMAN	CDK11A;CDK11B	Cyclin-dependent kinase 11B	1.24958e+06	1.1685e+06	1.10839e+06	1.77e+06
P21217;Q11128	P21217;P51993;Q11128	FUT3_HUMAN;FUT5_HUMAN	FUT3;FUT5	3-galactosyl-N-acetylglucosaminide 4-alpha-L-fucosyltransferase FUT3	1.63846e+06	1.08135e+06	103323	211172
P21266	P21266	GSTM3_HUMAN	GSTM3	Glutathione S-transferase Mu 3	3.02342e+06	2.61765e+06	2.97959e+06	3.56614e+06
P21281	P21281	VATB2_HUMAN	ATP6V1B2	V-type proton ATPase subunit B, brain isoform	5.04577e+06	6.79679e+06	3.10827e+06	3.86843e+06
P21283	P21283	VATC1_HUMAN	ATP6V1C1	V-type proton ATPase subunit C 1	1.63008e+06	1.54987e+06	2.17469e+06	2.17334e+06
P21291	P21291	CSRP1_HUMAN	CSRP1	Cysteine and glycine-rich protein 1	3.68968e+06	3.73042e+06	3.03525e+06	7.20788e+06
P21333	P21333	FLNA_HUMAN	FLNA	Filamin-A	1.65069e+07	2.99329e+07	6.10811e+07	4.69134e+07
P21397	P21397	AOFA_HUMAN	MAOA	Amine oxidase [flavin-containing] A	8.28993e+06	6.33501e+06	709487	1.66002e+06
P21399	P21399	ACOHC_HUMAN	ACO1	Cytoplasmic aconitate hydratase	4.75606e+06	4.47007e+06	4.02947e+06	4.87969e+06
P21462	P21462	FPR1_HUMAN	FPR1	fMet-Leu-Phe receptor			2.10959e+06	585160
P21589	P21589	5NTD_HUMAN	NT5E	5'-nucleotidase	479927	395149	990834	833686
P21695	P21695	GPDA_HUMAN	GPD1	Glycerol-3-phosphate dehydrogenase [NAD(+)], cytoplasmic	763208			475755
P21730	P21730	C5AR1_HUMAN	C5AR1	C5a anaphylatoxin chemotactic receptor 1			692826	334756
P21741	P21741	MK_HUMAN	MDK	Midkine	296556	352633	150928	446949
P21757	P21757	MSRE_HUMAN	MSR1	Macrophage scavenger receptor types I and II	208556		234027	169840
P21796	P21796	VDAC1_HUMAN	VDAC1	Voltage-dependent anion-selective channel protein 1	1.45471e+07	1.02197e+07	9.45287e+06	2.51203e+07
P21810	P21810	PGS1_HUMAN	BGN	Biglycan	2.63968e+06	2.46074e+06	286451	7.94484e+06
P21817	P21817	RYR1_HUMAN	RYR1	Ryanodine receptor 1				41723.5
P21912	P21912	SDHB_HUMAN	SDHB	Succinate dehydrogenase [ubiquinone] iron-sulfur subunit, mitochondrial	7.78106e+06	6.26023e+06	4.6404e+06	4.3552e+06
P21926	P21926	CD9_HUMAN	CD9	CD9 antigen	6.07665e+06	4.07341e+06	2.38051e+06	4.01171e+06
P21953	P21953	ODBB_HUMAN	BCKDHB	2-oxoisovalerate dehydrogenase subunit beta, mitochondrial	2.14054e+06	1.21767e+06		1.20681e+06
P21964	P21964	COMT_HUMAN	COMT	Catechol O-methyltransferase	3.36696e+06	3.17676e+06	819121	1.72525e+06
P21980	P21980	TGM2_HUMAN	TGM2	Protein-glutamine gamma-glutamyltransferase 2	1.50489e+06	1.84747e+06	1.60734e+06	3.30234e+06
P22001	P22001	KCNA3_HUMAN	KCNA3	Potassium voltage-gated channel subfamily A member 3	270432			
P22033	P22033	MUTA_HUMAN	MMUT	Methylmalonyl-CoA mutase, mitochondrial	1.40425e+06	1.49814e+06	628785	1.04672e+06
P22059	P22059	OSBP1_HUMAN	OSBP	Oxysterol-binding protein 1	1.69131e+06	1.49842e+06	730106	1.45323e+06
P22061	P22061	PIMT_HUMAN	PCMT1	Protein-L-isoaspartate(D-aspartate) O-methyltransferase	8.64059e+06	7.8307e+06	5.05364e+06	9.4006e+06
P22087	P22087	FBRL_HUMAN	FBL	rRNA 2'-O-methyltransferase fibrillarin	2.04892e+06	4.16878e+06	1.06634e+06	1.407e+06
P22090	P22090;Q8TD47	RS4Y1_HUMAN	RPS4Y1	Small ribosomal subunit protein eS4, Y isoform 1	562125	353130		312818
P22102	P22102	PUR2_HUMAN	GART	Trifunctional purine biosynthetic protein adenosine-3	9.30273e+06	7.13846e+06	5.84819e+06	1.50631e+07
P22105	P22105	TENX_HUMAN	TNXB	Tenascin-X	295756	489896	202393	211644
P22234	P22234	PUR6_HUMAN	PAICS	Bifunctional phosphoribosylaminoimidazole carboxylase/phosphoribosylaminoimidazole succinocarboxamide synthetase	3.59083e+06	2.80684e+06	2.7338e+06	3.32503e+06
P22307	P22307	SCP2_HUMAN	SCP2	Sterol carrier protein 2	9.45771e+06	9.4296e+06	5.15222e+06	7.57057e+06
P22314	P22314	UBA1_HUMAN	UBA1	Ubiquitin-like modifier-activating enzyme 1	1.48476e+07	1.53597e+07	1.54346e+07	1.80849e+07
P22352	P22352	GPX3_HUMAN	GPX3	Glutathione peroxidase 3	1.29525e+06	1.489e+06	1.46811e+06	1.5568e+06
P22392	P22392;O60361	NDKB_HUMAN	NME2	Nucleoside diphosphate kinase B	4.48581e+07	3.68886e+07	3.20638e+07	5.20984e+07
P22570	P22570	ADRO_HUMAN	FDXR	NADPH:adrenodoxin oxidoreductase, mitochondrial	3.48013e+06	6.78518e+06	2.86112e+06	1.48705e+06
P22612	P22612	KAPCG_HUMAN	PRKACG	cAMP-dependent protein kinase catalytic subunit gamma	628914		794596	1.07072e+06
P22626	P22626	ROA2_HUMAN	HNRNPA2B1	Heterogeneous nuclear ribonucleoproteins A2/B1	2.54402e+07	2.33415e+07	2.77698e+07	3.7973e+07
P22676	P22676	CALB2_HUMAN	CALB2	Calretinin	753850	541873	85492.8	442663
P22681	P22681	CBL_HUMAN	CBL	E3 ubiquitin-protein ligase CBL	206269		371916	377755
P22692	P22692	IBP4_HUMAN	IGFBP4	Insulin-like growth factor-binding protein 4	241205	344431	221567	350488
P22694	P22694	KAPCB_HUMAN	PRKACB	cAMP-dependent protein kinase catalytic subunit beta	693475	497666	137875	332580
P22695	P22695	QCR2_HUMAN	UQCRC2	Cytochrome b-c1 complex subunit 2, mitochondrial	1.27185e+07	1.05102e+07	1.04942e+06	3.45513e+06
P22735	P22735	TGM1_HUMAN	TGM1	Protein-glutamine gamma-glutamyltransferase K	637503	2.68014e+06	4.20753e+06	656588
P22748	P22748	CAH4_HUMAN	CA4	Carbonic anhydrase 4	73071.5	123215	553176	197592
P22792	P22792	CPN2_HUMAN	CPN2	Carboxypeptidase N subunit 2	5.24309e+06	5.1577e+06	2.35149e+06	2.16299e+06
P22830	P22830	HEMH_HUMAN	FECH	Ferrochelatase, mitochondrial	587875	410774	168782	451504
P22891	P22891	PROZ_HUMAN	PROZ	Vitamin K-dependent protein Z	342040	147940	1.28747e+06	121680
P22894	P22894	MMP8_HUMAN	MMP8	Neutrophil collagenase	356743	341525	1.51552e+07	4.75602e+06
P22897	P22897	MRC1_HUMAN	MRC1	Macrophage mannose receptor 1	1.61239e+06	912668	1.87864e+06	1.00459e+06
P23141	P23141	EST1_HUMAN	CES1	Liver carboxylesterase 1	852922	1.13741e+06	2.18903e+06	1.23853e+06
P23142	P23142	FBLN1_HUMAN	FBLN1	Fibulin-1	5.92558e+06	9.9497e+06	1.74396e+07	1.06816e+07
P23193	P23193;Q15560	TCEA1_HUMAN	TCEA1	Transcription elongation factor A protein 1	991763	1.13589e+06	683741	1.20148e+06
P23219	P23219	PGH1_HUMAN	PTGS1	Prostaglandin G/H synthase 1	2.48854e+06	3.48555e+06	4.59112e+06	2.54657e+06
P23229	P23229	ITA6_HUMAN	ITGA6	Integrin alpha-6	4.32593e+06	4.05289e+06	1.01506e+06	2.01866e+06
P23246	P23246	SFPQ_HUMAN	SFPQ	Splicing factor, proline- and glutamine-rich	2.81367e+06	2.87315e+06	3.29752e+06	4.43881e+06
P23258	P23258;Q9NRH3	TBG1_HUMAN	TUBG1	Tubulin gamma-1 chain	717690	648318		472001
P23284	P23284	PPIB_HUMAN	PPIB	Peptidyl-prolyl cis-trans isomerase B	2.55591e+07	2.26038e+07	1.11238e+07	2.54494e+07
P23368	P23368	MAOM_HUMAN	ME2	NAD-dependent malic enzyme, mitochondrial	3.37545e+06	2.35698e+06	4.70905e+06	4.22453e+06
P23381	P23381	SYWC_HUMAN	WARS1	Tryptophan--tRNA ligase, cytoplasmic	1.16976e+07	1.22309e+07	2.6859e+07	1.34261e+07
P23396	P23396	RS3_HUMAN	RPS3	Small ribosomal subunit protein uS3	2.71927e+07	2.18225e+07	7.04766e+06	2.03687e+07
P23434	P23434	GCSH_HUMAN	GCSH	Glycine cleavage system H protein, mitochondrial	339184			357894
P23443;Q9UBS0	P23443;Q9UBS0	KS6B1_HUMAN;KS6B2_HUMAN	RPS6KB1;RPS6KB2	Ribosomal protein S6 kinase beta-1	302245	632376		773793
P23458	P23458	JAK1_HUMAN	JAK1	Tyrosine-protein kinase JAK1				117475
P23469	P23469	PTPRE_HUMAN	PTPRE	Receptor-type tyrosine-protein phosphatase epsilon	417985		305232	531482
P23470	P23470	PTPRG_HUMAN	PTPRG	Receptor-type tyrosine-protein phosphatase gamma	499704		345841	439860
P23490	P23490	LORI_HUMAN	LORICRIN	Loricrin		1.71843e+06	531804	194950
P23526	P23526	SAHH_HUMAN	AHCY	Adenosylhomocysteinase	1.10662e+07	7.8529e+06	9.02624e+06	1.05526e+07
P23528	P23528;Q9Y281	COF1_HUMAN	CFL1	Cofilin-1	1.17832e+08	9.64869e+07	8.5266e+07	1.2799e+08
P23588	P23588	IF4B_HUMAN	EIF4B	Eukaryotic translation initiation factor 4B	2.98865e+06	5.21226e+06	1.39164e+06	4.53749e+06
P23610	P23610	HAP40_HUMAN	F8A1	40-kDa huntingtin-associated protein	174543			
P23634	P20020;P23634	AT2B4_HUMAN	ATP2B4	Plasma membrane calcium-transporting ATPase 4	2.48356e+06	2.58306e+06	3.02648e+06	2.8316e+06
P23743	P23743	DGKA_HUMAN	DGKA	Diacylglycerol kinase alpha	724641	300838	344125	372773
P23786	P23786	CPT2_HUMAN	CPT2	Carnitine O-palmitoyltransferase 2, mitochondrial	2.50562e+06	1.84444e+06	1.33072e+06	1.5268e+06
P23919	P23919	KTHY_HUMAN	DTYMK	Thymidylate kinase	1.1694e+06	814047	355879	1.20488e+06
P23921	P23921	RIR1_HUMAN	RRM1	Ribonucleoside-diphosphate reductase large subunit	2.45147e+06	1.68751e+06	1.34051e+06	6.6072e+06
P23946	P23946	CMA1_HUMAN	CMA1	Chymase	516177	573148		
P24001	P24001	IL32_HUMAN	IL32	Interleukin-32	768454			465281
P24071	P24071	FCAR_HUMAN	FCAR	Immunoglobulin alpha Fc receptor			4.77671e+06	1.4729e+06
P24158	P24158	PRTN3_HUMAN	PRTN3	Myeloblastin	4.80309e+06	3.74843e+06	2.60474e+08	8.1157e+07
P24298	P24298	ALAT1_HUMAN	GPT	Alanine aminotransferase 1	1.85689e+06	2.01085e+06	315508	258717
P24311	P24311	COX7B_HUMAN	COX7B	Cytochrome c oxidase subunit 7B, mitochondrial	8.26401e+06	3.32432e+06	1.68852e+06	4.28478e+06
P24390	P24390	ERD21_HUMAN	KDELR1	ER lumen protein-retaining receptor 1	3.08279e+06		1.37957e+06	2.7138e+06
P24534	P24534	EF1B_HUMAN	EEF1B2	Elongation factor 1-beta	1.05447e+07	1.49442e+07	1.98799e+06	1.08456e+07
P24539	P24539	AT5F1_HUMAN	ATP5PB	ATP synthase F(0) complex subunit B1, mitochondrial	1.14239e+07	8.8789e+06	1.16581e+06	7.08335e+06
P24557	P24557	THAS_HUMAN	TBXAS1	Thromboxane-A synthase	2.50146e+06	1.62763e+06	4.51141e+06	2.06557e+06
P24593	P24593	IBP5_HUMAN	IGFBP5	Insulin-like growth factor-binding protein 5	87688.6	245429	411858	663444
P24666	P24666	PPAC_HUMAN	ACP1	Low molecular weight phosphotyrosine protein phosphatase	6.75258e+06	6.09294e+06	1.28057e+06	3.39117e+06
P24723	P24723	KPCL_HUMAN	PRKCH	Protein kinase C eta type	163440			531370
P24752	P24752	THIL_HUMAN	ACAT1	Acetyl-CoA acetyltransferase, mitochondrial	1.01691e+07	1.08015e+07	2.10544e+06	1.89511e+06
P24821	P24821	TENA_HUMAN	TNC	Tenascin	1.291e+06	1.38167e+06	1.4461e+07	1.43761e+07
P24844	P24844	MYL9_HUMAN	MYL9	Myosin regulatory light polypeptide 9	1.28482e+07	5.11483e+06	1.01302e+07	9.91695e+06
P24855	P24855	DNAS1_HUMAN	DNASE1	Deoxyribonuclease-1	659009	738891	1.05976e+06	680218
P24928	P24928	RPB1_HUMAN	POLR2A	DNA-directed RNA polymerase II subunit RPB1	574862	554276		268948
P24941	P24941;Q00526	CDK2_HUMAN	CDK2	Cyclin-dependent kinase 2	230978		178418	164416
P25024	P25024	CXCR1_HUMAN	CXCR1	C-X-C chemokine receptor type 1			137860	220023
P25025	P25024;P25025	CXCR2_HUMAN	CXCR2	C-X-C chemokine receptor type 2			147462	537217
P25090	P25090	FPR2_HUMAN	FPR2	N-formyl peptide receptor 2			2.5903e+06	496257
P25092	P25092	GUC2C_HUMAN	GUCY2C	Guanylyl cyclase C	96944.3			277013
P25098	P25098;P35626	ARBK1_HUMAN	GRK2	Beta-adrenergic receptor kinase 1	867480	644333	1.28863e+06	1.70314e+06
P25101	P25101	EDNRA_HUMAN	EDNRA	Endothelin-1 receptor				280420
P25205	P25205	MCM3_HUMAN	MCM3	DNA replication licensing factor MCM3	555582	304878	159371	1.49554e+06
P25208	P25208	NFYB_HUMAN	NFYB	Nuclear transcription factor Y subunit beta	219400		90855.7	311775
P25311	P25311	ZA2G_HUMAN	AZGP1	Zinc-alpha-2-glycoprotein	9.64412e+06	1.17259e+07	1.06963e+07	4.87146e+06
P25325	P25325	THTM_HUMAN	MPST	3-mercaptopyruvate sulfurtransferase	3.50269e+06	4.95199e+06	1.35926e+06	3.34523e+06
P25398	P25398	RS12_HUMAN	RPS12	Small ribosomal subunit protein eS12	9.25873e+06	9.07619e+06	2.40598e+06	8.22762e+06
P25445	P25445	TNR6_HUMAN	FAS	Tumor necrosis factor receptor superfamily member 6	472676	514235	304937	188075
P25490	P25490	TYY1_HUMAN	YY1	Transcriptional repressor protein YY1	201666	123779	128843	281970
P25685	P25685;Q9UDY4	DNJB1_HUMAN	DNAJB1	DnaJ homolog subfamily B member 1	1.64345e+06	1.90133e+06	1.02608e+06	1.83549e+06
P25686	O75190;P25686;Q8NHS0	DNJB2_HUMAN	DNAJB2	DnaJ homolog subfamily B member 2	431948	565176	327395	310798
P25705	P25705	ATPA_HUMAN	ATP5F1A	ATP synthase subunit alpha, mitochondrial	1.14221e+08	9.39397e+07	6.1338e+06	3.88863e+07
P25774	P25774	CATS_HUMAN	CTSS	Cathepsin S	5.6733e+06	5.57471e+06	8.268e+06	4.75354e+06
P25786	P25786	PSA1_HUMAN	PSMA1	Proteasome subunit alpha type-1	9.06087e+06	9.6101e+06	1.12174e+07	1.26138e+07
P25787	P25787	PSA2_HUMAN	PSMA2	Proteasome subunit alpha type-2	6.05563e+06	5.86721e+06	7.71869e+06	8.77181e+06
P25788	P25788	PSA3_HUMAN	PSMA3	Proteasome subunit alpha type-3	1.06416e+07	8.06134e+06	1.29229e+07	1.6598e+07
P25789	P25789	PSA4_HUMAN	PSMA4	Proteasome subunit alpha type-4	8.93147e+06	6.4186e+06	1.2257e+07	1.59663e+07
P25815	P25815	S100P_HUMAN	S100P	Protein S100-P	1.94248e+07	7.34446e+06	8.79836e+06	1.16587e+07
P25942	P25942	TNR5_HUMAN	CD40	Tumor necrosis factor receptor superfamily member 5	255112	396177	1.05288e+06	456847
P26006	P26006	ITA3_HUMAN	ITGA3	Integrin alpha-3	1.63825e+06	1.39974e+06	274055	686326
P26010	P26010	ITB7_HUMAN	ITGB7	Integrin beta-7	114810			
P26022	P26022	PTX3_HUMAN	PTX3	Pentraxin-related protein PTX3	283255	1.36837e+06	3.63554e+06	1.33655e+06
P26038	P26038	MOES_HUMAN	MSN	Moesin	1.38251e+07	1.87322e+07	5.9899e+07	4.59635e+07
P26196	P26196	DDX6_HUMAN	DDX6	Probable ATP-dependent RNA helicase DDX6	2.77755e+06	1.51524e+06	3.15143e+06	4.77424e+06
P26358	P26358	DNMT1_HUMAN	DNMT1	DNA (cytosine-5)-methyltransferase 1	383385	719275	332796	397245
P26368	P26368	U2AF2_HUMAN	U2AF2	Splicing factor U2AF 65 kDa subunit	718557	527675	1.54319e+06	1.67587e+06
P26373	P26373	RL13_HUMAN	RPL13	Large ribosomal subunit protein eL13	9.76584e+06	8.76245e+06	1.25321e+06	3.3921e+06
P26440	P26440	IVD_HUMAN	IVD	Isovaleryl-CoA dehydrogenase, mitochondrial	6.02841e+06	4.53356e+06	2.84158e+06	3.35727e+06
P26447	P26447	S10A4_HUMAN	S100A4	Protein S100-A4	2.33538e+07	2.40256e+07	3.84687e+07	3.6919e+07
P26572	P26572	MGAT1_HUMAN	MGAT1	Alpha-1,3-mannosyl-glycoprotein 2-beta-N-acetylglucosaminyltransferase	928779	1.1387e+06	1.35311e+06	1.16166e+06
P26583	P09429;P26583	HMGB2_HUMAN	HMGB2	High mobility group protein B2	3.59615e+06	4.20976e+06	3.08086e+07	1.27691e+07
P26599	P26599	PTBP1_HUMAN	PTBP1	Polypyrimidine tract-binding protein 1	7.35952e+06	1.17738e+07	1.05006e+07	1.41461e+07
P26639	A2RTX5;P26639	SYTC_HUMAN	TARS1	Threonine--tRNA ligase 1, cytoplasmic	3.71837e+06	3.44249e+06	4.1783e+06	8.17515e+06
P26640	P26640	SYVC_HUMAN	VARS1	Valine--tRNA ligase	4.17143e+06	3.7504e+06	1.52386e+06	4.49529e+06
P26641	P26641	EF1G_HUMAN	EEF1G	Elongation factor 1-gamma	2.03298e+07	2.02611e+07	1.66986e+07	2.85885e+07
P26885	P26885	FKBP2_HUMAN	FKBP2	Peptidyl-prolyl cis-trans isomerase FKBP2	3.30694e+07	1.94365e+07	1.69014e+07	1.46429e+07
P26927	P26927;Q2TV78	HGFL_HUMAN	MST1	Hepatocyte growth factor-like protein	6.2359e+06	4.10679e+06	7.04082e+06	2.40067e+06
P27105	P27105	STOM_HUMAN	STOM	Stomatin	8.95018e+06	1.45063e+07	2.00351e+07	1.41838e+07
P27144	P27144	KAD4_HUMAN	AK4	Adenylate kinase 4, mitochondrial	1.23884e+06	1.37732e+06	437868	391991
P27169	P27169	PON1_HUMAN	PON1	Serum paraoxonase/arylesterase 1	5.41972e+06	4.79584e+06	3.40862e+06	1.87648e+06
P27216	P27216	ANX13_HUMAN	ANXA13	Annexin A13	992389	761517	292236	92004.8
P27338	P27338	AOFB_HUMAN	MAOB	Amine oxidase [flavin-containing] B	1.23538e+06	1.89338e+06	1.31318e+06	873060
P27348	P27348	1433T_HUMAN	YWHAQ	14-3-3 protein theta	1.28917e+07	9.53827e+06	5.38009e+06	4.61904e+06
P27361	P27361	MK03_HUMAN	MAPK3	Mitogen-activated protein kinase 3	2.37473e+06	2.29957e+06	1.47374e+06	2.26426e+06
P27449	P27449	VATL_HUMAN	ATP6V0C	V-type proton ATPase 16 kDa proteolipid subunit c	522987		1.1495e+06	679005
P27482	P27482	CALL3_HUMAN	CALML3	Calmodulin-like protein 3		1.33323e+06	7.87637e+06	489569
P27487	P27487	DPP4_HUMAN	DPP4	Dipeptidyl peptidase 4	1.09125e+06	592112	2.71511e+06	3.01462e+06
P27635	P27635;Q96L21	RL10_HUMAN	RPL10	Large ribosomal subunit protein uL16	9.29536e+06	6.17347e+06	1.16075e+06	775745
P27658	P27658	CO8A1_HUMAN	COL8A1	Collagen alpha-1(VIII) chain			427179	253334
P27694	P27694	RFA1_HUMAN	RPA1	Replication protein A 70 kDa DNA-binding subunit	2.38981e+06	1.86451e+06	2.17754e+06	2.32181e+06
P27695	P27695	APEX1_HUMAN	APEX1	DNA-(apurinic or apyrimidinic site) endonuclease	2.08949e+06	3.52483e+06	3.86277e+06	3.95723e+06
P27701	P27701	CD82_HUMAN	CD82	CD82 antigen	796843	705296	3.11921e+06	2.43612e+06
P27707	P27707	DCK_HUMAN	DCK	Deoxycytidine kinase	464615	359053	307714	533674
P27708	P27708	PYR1_HUMAN	CAD	CAD protein	3.91246e+06	3.30512e+06	1.94665e+06	5.14801e+06
P27797	P27797	CALR_HUMAN	CALR	Calreticulin	9.02221e+07	5.86999e+07	7.41313e+07	6.67432e+07
P27816	P27816	MAP4_HUMAN	MAP4	Microtubule-associated protein 4	2.53345e+06	3.40624e+06	879527	3.7753e+06
P27824	P27824	CALX_HUMAN	CANX	Calnexin	2.2034e+07	1.59557e+07	2.59371e+07	1.90062e+07
P27918	P27918	PROP_HUMAN	CFP	Properdin	1.46934e+06	1.79367e+06	9.50659e+06	2.33085e+06
P27930	P27930	IL1R2_HUMAN	IL1R2	Interleukin-1 receptor type 2	377662	456266	161680	
P27986	P27986	P85A_HUMAN	PIK3R1	Phosphatidylinositol 3-kinase regulatory subunit alpha	266252	193145	638447	430177
P28039	P28039	AOAH_HUMAN	AOAH	Acyloxyacyl hydrolase	80915.9		191682	87947.5
P28062	P28062	PSB8_HUMAN	PSMB8	Proteasome subunit beta type-8	6.85675e+06	4.52435e+06	8.36176e+06	1.06117e+07
P28065	P28065	PSB9_HUMAN	PSMB9	Proteasome subunit beta type-9	4.81773e+06	5.00103e+06	8.60582e+06	8.46148e+06
P28066	P28066	PSA5_HUMAN	PSMA5	Proteasome subunit alpha type-5	7.08902e+06	5.74831e+06	7.08112e+06	9.33156e+06
P28067	P28067	DMA_HUMAN	HLA-DMA	HLA class II histocompatibility antigen, DM alpha chain	353733			311130
P28068	P28068	DMB_HUMAN	HLA-DMB	HLA class II histocompatibility antigen, DM beta chain	1.33914e+06	1.08083e+06	1.63391e+06	895978
P28070	P28070	PSB4_HUMAN	PSMB4	Proteasome subunit beta type-4	6.64593e+06	5.03029e+06	7.9878e+06	9.02026e+06
P28072	P28072	PSB6_HUMAN	PSMB6	Proteasome subunit beta type-6	7.49443e+06	7.18575e+06	6.96941e+06	8.91374e+06
P28074	P28074	PSB5_HUMAN	PSMB5	Proteasome subunit beta type-5	1.14702e+06	929781	1.88001e+06	1.72661e+06
P28161	P09488;P28161;Q03013	GSTM2_HUMAN	GSTM2	Glutathione S-transferase Mu 2	2.71536e+06	2.10614e+06	988508	1.12563e+06
P28288	P28288	ABCD3_HUMAN	ABCD3	ATP-binding cassette sub-family D member 3	1.46258e+06	1.13975e+06	465211	1.33289e+06
P28289	P28289	TMOD1_HUMAN	TMOD1	Tropomodulin-1	499248		1.19061e+06	
P28331	P28331	NDUS1_HUMAN	NDUFS1	NADH-ubiquinone oxidoreductase 75 kDa subunit, mitochondrial	5.66276e+06	4.4486e+06	2.93413e+06	3.30771e+06
P28340	P28340	DPOD1_HUMAN	POLD1	DNA polymerase delta catalytic subunit	3.46171e+06	3.02415e+06	1.30966e+06	4.03429e+06
P28482	P27361;P28482;P31152;Q16659	MK01_HUMAN	MAPK1	Mitogen-activated protein kinase 1	4.59623e+06	3.98012e+06	7.97548e+06	6.78299e+06
P28676	P28676	GRAN_HUMAN	GCA	Grancalcin	1.87124e+06	1.81898e+06	1.18222e+07	7.4882e+06
P28702	P19793;P28702	RXRB_HUMAN	RXRB	Retinoic acid receptor RXR-beta	271776			351472
P28799	P28799	GRN_HUMAN	GRN	Progranulin	2.88925e+06	3.2476e+06	5.519e+06	3.37881e+06
P28838	P28838	AMPL_HUMAN	LAP3	Cytosol aminopeptidase	1.21269e+07	1.26352e+07	1.93195e+07	1.33979e+07
P28845	P28845	DHI1_HUMAN	HSD11B1	11-beta-hydroxysteroid dehydrogenase 1	100213		466484	1.00507e+06
P28906	P28906	CD34_HUMAN	CD34	Hematopoietic progenitor cell antigen CD34	342926	431117		488376
P28907	P28907	CD38_HUMAN	CD38	ADP-ribosyl cyclase/cyclic ADP-ribose hydrolase 1	2.65545e+06	1.62507e+06	754506	373811
P29034	P29034	S10A2_HUMAN	S100A2	Protein S100-A2		325636	3.23982e+06	
P29120	P29120	NEC1_HUMAN	PCSK1	Neuroendocrine convertase 1	75886.2			41802
P29144	P29144	TPP2_HUMAN	TPP2	Tripeptidyl-peptidase 2	3.2248e+06	2.24212e+06	2.96686e+06	3.47507e+06
P29218	P29218	IMPA1_HUMAN	IMPA1	Inositol monophosphatase 1	4.75477e+06	4.62216e+06	3.85549e+06	4.94165e+06
P29317	P29317	EPHA2_HUMAN	EPHA2	Ephrin type-A receptor 2	126526		32601.9	125028
P29323	P29323;Q15375	EPHB2_HUMAN	EPHB2	Ephrin type-B receptor 2	1.4524e+06	968537	513563	846863
P29350	P29350	PTN6_HUMAN	PTPN6	Tyrosine-protein phosphatase non-receptor type 6	2.14168e+06	1.94696e+06	2.20761e+06	2.44471e+06
P29353	P29353;P98077	SHC1_HUMAN	SHC1	SHC-transforming protein 1	293259	478573	1.22392e+06	448361
P29372	P29372	3MG_HUMAN	MPG	DNA-3-methyladenine glycosylase	345974	347732	785180	624229
P29373	P29373	RABP2_HUMAN	CRABP2	Cellular retinoic acid-binding protein 2	323142	700519	4.42964e+06	587325
P29401	P29401	TKT_HUMAN	TKT	Transketolase	3.65878e+07	4.55585e+07	1.43214e+08	6.75541e+07
P29466	P29466	CASP1_HUMAN	CASP1	Caspase-1	2.51246e+06	2.74104e+06	2.20949e+06	1.95646e+06
P29474	P29474	NOS3_HUMAN	NOS3	Nitric oxide synthase 3			107560	76951.5
P29508	P29508	SPB3_HUMAN	SERPINB3	Serpin B3	469344	3.98051e+06	4.49998e+07	572494
P29536	P29536	LMOD1_HUMAN	LMOD1	Leiomodin-1	958160	1.33373e+06	434284	1.05132e+06
P29558	P29558	RBMS1_HUMAN	RBMS1	RNA-binding motif, single-stranded-interacting protein 1		1.14002e+06	2.61919e+06	1.62847e+06
P29590	P29590	PML_HUMAN	PML	Protein PML	1.53462e+06	1.97131e+06	1.46168e+06	3.26175e+06
P29622	P29622	KAIN_HUMAN	SERPINA4	Kallistatin	1.86525e+06	1.37156e+06	2.6602e+06	1.30546e+06
P29692	P29692	EF1D_HUMAN	EEF1D	Elongation factor 1-delta	2.30802e+07	3.1712e+07	5.09936e+06	1.82152e+07
P29728	P29728	OAS2_HUMAN	OAS2	2'-5'-oligoadenylate synthase 2	463435	315636	319227	496792
P29762	P29762	RABP1_HUMAN	CRABP1	Cellular retinoic acid-binding protein 1	251913	223815		
P29966	P29966	MARCS_HUMAN	MARCKS	Myristoylated alanine-rich C-kinase substrate	8.77432e+06	9.25287e+06	2.46437e+06	4.47615e+06
P29972	P29972	AQP1_HUMAN	AQP1	Aquaporin-1	699441		1.06598e+06	638542
P29992	P29992	GNA11_HUMAN	GNA11	Guanine nucleotide-binding protein subunit alpha-11	2.1416e+06	2.71408e+06	830572	1.83865e+06
P30038	P30038	AL4A1_HUMAN	ALDH4A1	Delta-1-pyrroline-5-carboxylate dehydrogenase, mitochondrial	3.02857e+06	3.7445e+06	2.67328e+06	1.07991e+07
P30039	P30039	PBLD_HUMAN	PBLD	Phenazine biosynthesis-like domain-containing protein	486954	497176		883220
P30040	P30040	ERP29_HUMAN	ERP29	Endoplasmic reticulum resident protein 29	2.14191e+07	2.55213e+07	1.64952e+07	1.8854e+07
P30041	P30041	PRDX6_HUMAN	PRDX6	Peroxiredoxin-6	3.89859e+07	3.52388e+07	3.52402e+07	2.5245e+07
P30043	P30043	BLVRB_HUMAN	BLVRB	Flavin reductase (NADPH)	4.00345e+07	2.75001e+07	5.85146e+07	1.36354e+07
P30044	P30044	PRDX5_HUMAN	PRDX5	Peroxiredoxin-5, mitochondrial	3.12095e+07	1.91003e+07	4.70785e+06	2.13431e+07
P30046	P30046;A6NHG4	DOPD_HUMAN	DDT	D-dopachrome decarboxylase	8.63116e+06	6.66735e+06	7.98331e+06	7.34141e+06
P30047	P30047	GFRP_HUMAN	GCHFR	GTP cyclohydrolase 1 feedback regulatory protein	568862		1.34743e+06	1.56557e+06
P30048	P30048	PRDX3_HUMAN	PRDX3	Thioredoxin-dependent peroxide reductase, mitochondrial	2.13446e+07	1.61913e+07	1.82754e+07	2.30421e+07
P30049	P30049	ATPD_HUMAN	ATP5F1D	ATP synthase subunit delta, mitochondrial	6.77725e+06	5.4411e+06	890071	1.51625e+06
P30050	P30050	RL12_HUMAN	RPL12	Large ribosomal subunit protein uL11	1.09466e+07	1.13977e+07	3.56746e+06	8.92672e+06
P30084	P30084	ECHM_HUMAN	ECHS1	Enoyl-CoA hydratase, mitochondrial	7.77403e+06	5.23235e+06	1.53842e+06	5.67864e+06
P30085	P30085	KCY_HUMAN	CMPK1	UMP-CMP kinase	1.44281e+07	1.18016e+07	3.27288e+06	1.00915e+07
P30086	P30086	PEBP1_HUMAN	PEBP1	Phosphatidylethanolamine-binding protein 1	2.46328e+07	3.13598e+07	1.87172e+07	2.54596e+07
P30101	P30101	PDIA3_HUMAN	PDIA3	Protein disulfide-isomerase A3	7.45891e+07	8.65513e+07	6.36915e+07	7.88321e+07
P30153	P30153	2AAA_HUMAN	PPP2R1A	Serine/threonine-protein phosphatase 2A 65 kDa regulatory subunit A alpha isoform	7.31855e+06	4.17085e+06	1.27551e+06	4.52093e+06
P30203	P30203	CD6_HUMAN	CD6	T-cell differentiation antigen CD6			212080	111602
P30273	P30273	FCERG_HUMAN	FCER1G	High affinity immunoglobulin epsilon receptor subunit gamma	1.40441e+06	1.02595e+06		419113
P30405	P30405	PPIF_HUMAN	PPIF	Peptidyl-prolyl cis-trans isomerase F, mitochondrial	2.45435e+06	2.48463e+06	2.47986e+06	1.9948e+06
P30408	P30408	T4S1_HUMAN	TM4SF1	Transmembrane 4 L6 family member 1	148688	123131	139245	147823
P30419	O60551;P30419	NMT1_HUMAN	NMT1	Glycylpeptide N-tetradecanoyltransferase 1	1.20706e+06	1.46789e+06	1.79569e+06	2.29259e+06
P30511	P30511	HLAF_HUMAN	HLA-F	HLA class I histocompatibility antigen, alpha chain F	3.42781e+06	4.06641e+06	4.55371e+06	5.74607e+06
P30519	P30519	HMOX2_HUMAN	HMOX2	Heme oxygenase 2	1.01494e+06	1.03702e+06	765313	1.42625e+06
P30520	P30520	PURA2_HUMAN	ADSS2	Adenylosuccinate synthetase isozyme 2	1.93537e+06	2.12597e+06	6.5015e+06	3.32727e+06
P30530	P30530	UFO_HUMAN	AXL	Tyrosine-protein kinase receptor UFO	516951		812495	501469
P30533	P30533	AMRP_HUMAN	LRPAP1	Alpha-2-macroglobulin receptor-associated protein	507469	737568	981715	815243
P30536	P30536	TSPO_HUMAN	TSPO	Translocator protein	1.15257e+07	6.55547e+06	5.02557e+06	8.65782e+06
P30566	P30566	PUR8_HUMAN	ADSL	Adenylosuccinate lyase	1.6103e+06	1.39937e+06	1.26951e+06	1.06011e+06
P30613	P30613	KPYR_HUMAN	PKLR	Pyruvate kinase PKLR	1.90315e+06	1.03565e+06	2.07757e+06	411260
P30622	P30622	CLIP1_HUMAN	CLIP1	CAP-Gly domain-containing linker protein 1	752665	835699	1.36488e+06	1.07306e+06
P30626	P30626	SORCN_HUMAN	SRI	Sorcin	1.14083e+07	6.59503e+06	823108	1.04517e+07
P30711	P30711	GSTT1_HUMAN	GSTT1	Glutathione S-transferase theta-1	3.31718e+06	2.97817e+06	1.49024e+06	2.44827e+06
P30740	P30740	ILEU_HUMAN	SERPINB1	Leukocyte elastase inhibitor	1.41868e+07	1.2686e+07	7.77269e+07	3.24619e+07
P30825	P30825	CTR1_HUMAN	SLC7A1	High affinity cationic amino acid transporter 1	261035			227018
P30837	P30837	AL1B1_HUMAN	ALDH1B1	Aldehyde dehydrogenase X, mitochondrial	3.26154e+06	3.02235e+06	1.77994e+06	1.54529e+06
P30838	P30838	AL3A1_HUMAN	ALDH3A1	Aldehyde dehydrogenase, dimeric NADP-preferring	226945	462641	742412	252249
P30876	P30876	RPB2_HUMAN	POLR2B	DNA-directed RNA polymerase II subunit RPB2	1.10209e+06	1.07964e+06	818201	1.1224e+06
P31025	P31025	LCN1_HUMAN	LCN1	Lipocalin-1	469464	3.41104e+06	2.72284e+06	575782
P31040	P31040	SDHA_HUMAN	SDHA	Succinate dehydrogenase [ubiquinone] flavoprotein subunit, mitochondrial	8.14846e+06	7.73609e+06	4.56535e+06	5.98294e+06
P31146	P31146	COR1A_HUMAN	CORO1A	Coronin-1A	9.07492e+06	1.0686e+07	6.91348e+07	2.88312e+07
P31150	P31150	GDIA_HUMAN	GDI1	Rab GDP dissociation inhibitor alpha	2.90021e+06	2.21866e+06	5.08603e+06	3.91043e+06
P31151	P31151;Q86SG5	S10A7_HUMAN	S100A7	Protein S100-A7	159404	3.99444e+06	4.26584e+06	310825
P31153	P31153	METK2_HUMAN	MAT2A	S-adenosylmethionine synthase isoform type-2	5.82648e+06	4.96984e+06	5.4413e+06	5.97682e+06
P31323	P31323	KAP3_HUMAN	PRKAR2B	cAMP-dependent protein kinase type II-beta regulatory subunit	1.86852e+06	2.43282e+06	465738	1.34436e+06
P31350	P31350	RIR2_HUMAN	RRM2	Ribonucleoside-diphosphate reductase subunit M2	196226	373941	25273.6	320133
P31431	P31431	SDC4_HUMAN	SDC4	Syndecan-4	513333	697936		244751
P31483	P31483	TIA1_HUMAN	TIA1	Cytotoxic granule associated RNA binding protein TIA1	370426	570457	367986	505657
P31513	P31513	FMO3_HUMAN	FMO3	Flavin-containing monooxygenase 3	51877.4		48590.7	139875
P31689	P31689	DNJA1_HUMAN	DNAJA1	DnaJ homolog subfamily A member 1	738497	803593	803228	1.21139e+06
P31749	P31749	AKT1_HUMAN	AKT1	RAC-alpha serine/threonine-protein kinase	822835	1.17167e+06	739364	1.05964e+06
P31751	P31751	AKT2_HUMAN	AKT2	RAC-beta serine/threonine-protein kinase	114962		31419.8	148297
P31930	P31930	QCR1_HUMAN	UQCRC1	Cytochrome b-c1 complex subunit 1, mitochondrial	1.22411e+07	7.72679e+06	4.41076e+06	8.58209e+06
P31937	P31937	3HIDH_HUMAN	HIBADH	3-hydroxyisobutyrate dehydrogenase, mitochondrial	4.11841e+06	3.52625e+06	2.80558e+06	4.44678e+06
P31939	P31939	PUR9_HUMAN	ATIC	Bifunctional purine biosynthesis protein ATIC	8.50354e+06	6.46988e+06	5.52727e+06	9.23027e+06
P31941	P31941;Q9UH17	ABC3A_HUMAN	APOBEC3A	DNA dC->dU-editing enzyme APOBEC-3A			1.41032e+06	174680
P31942	P31942	HNRH3_HUMAN	HNRNPH3	Heterogeneous nuclear ribonucleoprotein H3	2.88425e+06	2.93669e+06	1.36487e+06	3.1478e+06
P31943	P31943	HNRH1_HUMAN	HNRNPH1	Heterogeneous nuclear ribonucleoprotein H	1.07726e+07	9.61577e+06	9.24628e+06	1.3097e+07
P31944	P31944	CASPE_HUMAN	CASP14	Caspase-14	356124	4.57883e+06	3.4845e+06	434697
P31946	P31946	1433B_HUMAN	YWHAB	14-3-3 protein beta/alpha	1.26051e+07	9.35232e+06	9.95789e+06	1.77517e+07
P31947	P31947	1433S_HUMAN	SFN	14-3-3 protein sigma	4.6151e+06	3.92952e+06	1.22034e+07	4.28693e+06
P31948	P31948	STIP1_HUMAN	STIP1	Stress-induced-phosphoprotein 1	9.38004e+06	9.01085e+06	8.05913e+06	1.12865e+07
P31949	P31949	S10AB_HUMAN	S100A11	Protein S100-A11	1.90098e+07	1.85386e+07	1.00061e+07	1.53693e+07
P31997	P31997	CEAM8_HUMAN	CEACAM8	Carcinoembryonic antigen-related cell adhesion molecule 8	847897		1.04098e+07	3.27784e+06
P32004	P32004	L1CAM_HUMAN	L1CAM	Neural cell adhesion molecule L1	384455			244811
P32119	P32119	PRDX2_HUMAN	PRDX2	Peroxiredoxin-2	9.99498e+07	8.78143e+07	1.09366e+08	2.42713e+07
P32121	P32121	ARRB2_HUMAN	ARRB2	Beta-arrestin-2	254249		447255	741763
P32189	P32189;Q14409	GLPK_HUMAN	GK	Glycerol kinase	609933	375290	1.06326e+06	1.90197e+06
P32246	P32246	CCR1_HUMAN	CCR1	C-C chemokine receptor type 1	968946			1.0697e+06
P32249	P32249	GP183_HUMAN	GPR183	G-protein coupled receptor 183	175502		205635	197818
P32320	P32320	CDD_HUMAN	CDA	Cytidine deaminase		842711	3.61307e+06	1.6793e+06
P32321	P32321	DCTD_HUMAN	DCTD	Deoxycytidylate deaminase	930571	413349	791679	1.48999e+06
P32322	P32322	P5CR1_HUMAN	PYCR1	Pyrroline-5-carboxylate reductase 1, mitochondrial	844393	737745	361216	1.30041e+06
P32455	P32455;Q9H0R5	GBP1_HUMAN	GBP1	Guanylate-binding protein 1	3.66953e+06	4.47949e+06	3.00404e+07	1.23972e+07
P32456	P32456;Q9H0R5	GBP2_HUMAN	GBP2	Guanylate-binding protein 2	1.11724e+06	1.38924e+06	3.08359e+06	2.3124e+06
P32519	P32519	ELF1_HUMAN	ELF1	ETS-related transcription factor Elf-1	320267	503252		
P32926	P32926	DSG3_HUMAN	DSG3	Desmoglein-3			327856	
P32929	P32929	CGL_HUMAN	CTH	Cystathionine gamma-lyase	692957	647281		447191
P32942	P32942	ICAM3_HUMAN	ICAM3	Intercellular adhesion molecule 3	957242	903814	7.88023e+06	2.3367e+06
P32969	P32969	RL9_HUMAN	RPL9	Large ribosomal subunit protein uL6	1.04653e+07	9.09648e+06	2.14207e+06	8.51443e+06
P33121	P33121	ACSL1_HUMAN	ACSL1	Long-chain-fatty-acid--CoA ligase 1	2.04179e+06	1.41593e+06	2.97782e+06	3.95884e+06
P33151	P33151	CADH5_HUMAN	CDH5	Cadherin-5	1.14187e+06	784468	470205	984214
P33176	O60282;P33176;Q12840	KINH_HUMAN	KIF5B	Kinesin-1 heavy chain	2.81739e+06	2.96391e+06	2.50482e+06	3.7203e+06
P33240	P33240	CSTF2_HUMAN	CSTF2	Cleavage stimulation factor subunit 2	381780	415301		110485
P33241	P33241	LSP1_HUMAN	LSP1	Lymphocyte-specific protein 1	2.56787e+06	2.2792e+06	2.78403e+06	2.92025e+06
P33316	P33316	DUT_HUMAN	DUT	Deoxyuridine 5'-triphosphate nucleotidohydrolase, mitochondrial	2.18213e+06	2.53276e+06	614025	3.09359e+06
P33527	P33527	MRP1_HUMAN	ABCC1	Multidrug resistance-associated protein 1	598262	386526	545979	861038
P33897	P33897	ABCD1_HUMAN	ABCD1	ATP-binding cassette sub-family D member 1	369774	164255		362179
P33908	P33908	MA1A1_HUMAN	MAN1A1	Mannosyl-oligosaccharide 1,2-alpha-mannosidase IA	1.76175e+06	1.51415e+06	993568	1.15015e+06
P33947	P33947	ERD22_HUMAN	KDELR2	ER lumen protein-retaining receptor 2	3.31762e+06	3.1569e+06	1.85053e+06	3.39235e+06
P33991	P33991	MCM4_HUMAN	MCM4	DNA replication licensing factor MCM4	1.69775e+06	1.62963e+06	354908	2.52283e+06
P33992	P33992	MCM5_HUMAN	MCM5	DNA replication licensing factor MCM5	536137	367121	228689	1.33896e+06
P33993	P33993	MCM7_HUMAN	MCM7	DNA replication licensing factor MCM7	934223	541422	218018	1.47067e+06
P34059	P34059	GALNS_HUMAN	GALNS	N-acetylgalactosamine-6-sulfatase	1.16136e+06	472847	2.21399e+06	1.20214e+06
P34096	P34096	RNAS4_HUMAN	RNASE4	Ribonuclease 4	941605	818978	529567	319181
P34741	P34741	SDC2_HUMAN	SDC2	Syndecan-2	290073	319111		249249
P34810	P34810	CD68_HUMAN	CD68	Macrosialin	1.154e+06	500949	2.28429e+06	1.03091e+06
P34896	P34896	GLYC_HUMAN	SHMT1	Serine hydroxymethyltransferase, cytosolic	1.22766e+06	703038	766171	1.09308e+06
P34897	P34897	GLYM_HUMAN	SHMT2	Serine hydroxymethyltransferase, mitochondrial	5.95619e+06	5.38002e+06	2.93136e+06	7.74895e+06
P34910	P34910	EVI2B_HUMAN	EVI2B	Protein EVI2B	579677	745072		
P34913	P34913	HYES_HUMAN	EPHX2	Bifunctional epoxide hydrolase 2	3.40624e+06	2.84517e+06	765074	3.63856e+06
P34932	P34932	HSP74_HUMAN	HSPA4	Heat shock 70 kDa protein 4	3.94079e+06	3.71868e+06	4.44366e+06	5.09088e+06
P34949	P34949	MPI_HUMAN	MPI	Mannose-6-phosphate isomerase	1.01784e+06	771532	663683	1.17113e+06
P35030	P35030	TRY3_HUMAN	PRSS3	Trypsin-3	3.37229e+06	1.56155e+07	3.08605e+06	2.82968e+06
P35052	P35052	GPC1_HUMAN	GPC1	Glypican-1	173889	172565	187894	391928
P35080	P35080	PROF2_HUMAN	PFN2	Profilin-2	2.12699e+06	2.97683e+06	2.21944e+06	2.83544e+06
P35221	P26232;P35221	CTNA1_HUMAN	CTNNA1	Catenin alpha-1	5.19203e+06	5.28981e+06	1.06418e+06	3.24863e+06
P35222	P35222	CTNB1_HUMAN	CTNNB1	Catenin beta-1	7.4499e+06	7.88153e+06	1.8929e+06	5.50357e+06
P35228	P35228	NOS2_HUMAN	NOS2	Nitric oxide synthase, inducible			59395.2	173587
P35232	P35232	PHB1_HUMAN	PHB1	Prohibitin 1	1.11852e+07	1.22363e+07	7.5675e+06	1.21983e+07
P35237	P35237	SPB6_HUMAN	SERPINB6	Serpin B6	1.3908e+07	9.32807e+06	1.41737e+07	1.87927e+07
P35241	P35241	RADI_HUMAN	RDX	Radixin	796204	936602	682139	921380
P35244	P35244	RFA3_HUMAN	RPA3	Replication protein A 14 kDa subunit	428979	177742	272045	428935
P35249	P35249	RFC4_HUMAN	RFC4	Replication factor C subunit 4	351896	321031	324232	688365
P35250	P35250	RFC2_HUMAN	RFC2	Replication factor C subunit 2	350667	338126		277609
P35251	P35251	RFC1_HUMAN	RFC1	Replication factor C subunit 1	34188		49069.1	208314
P35268	P35268	RL22_HUMAN	RPL22	Large ribosomal subunit protein eL22	1.13649e+07	1.61193e+07	4.79386e+06	1.47203e+07
P35269	P35269	T2FA_HUMAN	GTF2F1	General transcription factor IIF subunit 1	127882	111613	125769	158788
P35270	P35270	SPRE_HUMAN	SPR	Sepiapterin reductase	6.53932e+06	4.75304e+06	1.51724e+06	9.07085e+06
P35354	P35354	PGH2_HUMAN	PTGS2	Prostaglandin G/H synthase 2			1.77699e+06	461726
P35414	P35414	APJ_HUMAN	APLNR	Apelin receptor				211527
P35442	P35442	TSP2_HUMAN	THBS2	Thrombospondin-2	202228		1.01201e+06	1.56517e+06
P35475	P35475	IDUA_HUMAN	IDUA	Alpha-L-iduronidase	598224	883066	671196	437867
P35520	P35520	CBS_HUMAN	CBS	Cystathionine beta-synthase	443716		199286	
P35527	P35527	K1C9_HUMAN	KRT9	Keratin, type I cytoskeletal 9	7.11689e+07	4.25747e+08	6.75639e+07	9.94036e+07
P35542	P35542	SAA4_HUMAN	SAA4	Serum amyloid A-4 protein	4.1758e+06	4.97839e+06	2.28433e+06	1.76047e+06
P35555	P35555	FBN1_HUMAN	FBN1	Fibrillin-1	1.61279e+06	5.01958e+06	3.07961e+06	2.66939e+06
P35556	P35556	FBN2_HUMAN	FBN2	Fibrillin-2			156098	138703
P35558	P35558	PCKGC_HUMAN	PCK1	Phosphoenolpyruvate carboxykinase, cytosolic [GTP]	844907	1.0313e+06		291030
P35573	P35573	GDE_HUMAN	AGL	Glycogen debranching enzyme	972641	660874	874820	862260
P35579	P35579	MYH9_HUMAN	MYH9	Myosin-9	1.4102e+07	4.951e+06	5.05923e+07	1.66541e+07
P35580	P35580	MYH10_HUMAN	MYH10	Myosin-10	552907		1.09087e+06	592674
P35606	P35606	COPB2_HUMAN	COPB2	Coatomer subunit beta'	8.74862e+06	7.5018e+06	5.93449e+06	7.41653e+06
P35609	P35609	ACTN2_HUMAN	ACTN2	Alpha-actinin-2	198179	179776	317786	233344
P35610	P35610	SOAT1_HUMAN	SOAT1	Sterol O-acyltransferase 1	844602	746095	1.53761e+06	872782
P35611	P35611	ADDA_HUMAN	ADD1	Alpha-adducin	1.44752e+06	1.82023e+06	1.59661e+06	1.6689e+06
P35612	P35612	ADDB_HUMAN	ADD2	Beta-adducin	384453	388206	593163	
P35613	P35613	BASI_HUMAN	BSG	Basigin	3.99581e+06	5.13725e+06	7.5485e+06	6.93849e+06
P35625	P35625	TIMP3_HUMAN	TIMP3	Metalloproteinase inhibitor 3				300888
P35637	P35637	FUS_HUMAN	FUS	RNA-binding protein FUS	5.39121e+06	5.57547e+06	4.70837e+06	8.81161e+06
P35658	P35658	NU214_HUMAN	NUP214	Nuclear pore complex protein Nup214	531471	901352	609009	615925
P35659	P35659	DEK_HUMAN	DEK	Protein DEK	3.75293e+06	3.77075e+06	5.23959e+06	7.11161e+06
P35749	P35749	MYH11_HUMAN	MYH11	Myosin-11	5.60566e+06	4.6183e+06	4.13873e+06	4.86584e+06
P35754	P35754	GLRX1_HUMAN	GLRX	Glutaredoxin-1	2.17873e+06	1.61492e+06	2.73485e+06	1.96459e+06
P35813	O75688;P35813	PPM1A_HUMAN	PPM1A	Protein phosphatase 1A	1.20809e+06	1.21486e+06	698853	1.25198e+06
P35858	P35858	ALS_HUMAN	IGFALS	Insulin-like growth factor-binding protein complex acid labile subunit	1.50928e+06	1.15441e+06	1.25268e+06	786178
P35869	P35869	AHR_HUMAN	AHR	Aryl hydrocarbon receptor				154791
P35900	P35900	K1C20_HUMAN	KRT20	Keratin, type I cytoskeletal 20	8.04356e+06	1.17662e+07	1.35176e+06	1.99518e+06
P35908	P35908	K22E_HUMAN	KRT2	Keratin, type II cytoskeletal 2 epidermal	4.16393e+07	2.93377e+08	9.10546e+07	8.90794e+07
P35914	P35914	HMGCL_HUMAN	HMGCL	Hydroxymethylglutaryl-CoA lyase, mitochondrial	5.76089e+06	4.90271e+06	1.51735e+06	2.66578e+06
P35998	P35998	PRS7_HUMAN	PSMC2	26S proteasome regulatory subunit 7	2.71111e+06	2.3717e+06	881889	2.08091e+06
P36222	P36222	CH3L1_HUMAN	CHI3L1	Chitinase-3-like protein 1	128276	196286	5.23829e+06	1.47423e+06
P36269	P36269	GGT5_HUMAN	GGT5	Glutathione hydrolase 5 proenzyme	5.24001e+06	7.17949e+06	8.68701e+06	1.00265e+07
P36404	P36404	ARL2_HUMAN	ARL2	ADP-ribosylation factor-like protein 2	816941	962864	469891	859735
P36405	P36405	ARL3_HUMAN	ARL3	ADP-ribosylation factor-like protein 3	1.44237e+06	1.64453e+06	1.47232e+06	2.10182e+06
P36507	P36507	MP2K2_HUMAN	MAP2K2	Dual specificity mitogen-activated protein kinase kinase 2	2.6837e+06	2.71338e+06	668101	1.15638e+06
P36542	P36542	ATPG_HUMAN	ATP5F1C	ATP synthase subunit gamma, mitochondrial	7.97566e+06	7.07472e+06	826635	3.75156e+06
P36543	P36543;Q96A05	VATE1_HUMAN	ATP6V1E1	V-type proton ATPase subunit E 1	3.36057e+06	4.21388e+06	1.80215e+06	2.29834e+06
P36551	P36551	HEM6_HUMAN	CPOX	Oxygen-dependent coproporphyrinogen-III oxidase, mitochondrial	1.84117e+06	1.19811e+06	2.09989e+06	2.31766e+06
P36575	P36575	ARRC_HUMAN	ARR3	Arrestin-C				1.02547e+06
P36578	P36578	RL4_HUMAN	RPL4	Large ribosomal subunit protein uL4	1.09738e+07	8.07858e+06	1.17194e+06	2.69821e+06
P36639	P36639	8ODP_HUMAN	NUDT1	Oxidized purine nucleoside triphosphate hydrolase	261973	215897	275316	387431
P36776	P36776	LONM_HUMAN	LONP1	Lon protease homolog, mitochondrial	2.03472e+06	2.20143e+06	632668	1.58557e+06
P36871	P36871	PGM1_HUMAN	PGM1	Phosphoglucomutase-1	7.84524e+06	6.26553e+06	1.0451e+07	8.13872e+06
P36873	P36873	PP1G_HUMAN	PPP1CC	Serine/threonine-protein phosphatase PP1-gamma catalytic subunit	1.10983e+06	1.17565e+06	1.23822e+06	2.05381e+06
P36915	P36915	GNL1_HUMAN	GNL1	Guanine nucleotide-binding protein-like 1	411725	462761	166012	587711
P36952	P36952	SPB5_HUMAN	SERPINB5	Serpin B5	2.34183e+06	3.02023e+06	2.88081e+06	5.44609e+06
P36955	P36955	PEDF_HUMAN	SERPINF1	Pigment epithelium-derived factor	4.1627e+06	4.4841e+06	8.51003e+06	8.84854e+06
P36957	P36957	ODO2_HUMAN	DLST	Dihydrolipoyllysine-residue succinyltransferase component of 2-oxoglutarate dehydrogenase complex, mitochondrial	8.20126e+06	9.47938e+06	6.77814e+06	8.65066e+06
P36959	P36959	GMPR1_HUMAN	GMPR	GMP reductase 1	539180	326471	300984	242458
P36969	P36969	GPX4_HUMAN	GPX4	Phospholipid hydroperoxide glutathione peroxidase	1.09074e+06	1.11204e+06	2.07024e+06	1.20095e+06
P36980	P36980	FHR2_HUMAN	CFHR2	Complement factor H-related protein 2	807223	763090	2.08573e+06	567510
P37023	P37023	ACVL1_HUMAN	ACVRL1	Serine/threonine-protein kinase receptor R3	382450			219871
P37059	P37059	DHB2_HUMAN	HSD17B2	17-beta-hydroxysteroid dehydrogenase type 2	3.61833e+06	2.36632e+06	1.32233e+06	419490
P37108	P37108	SRP14_HUMAN	SRP14	Signal recognition particle 14 kDa protein	2.25528e+06	1.75495e+06	1.12397e+06	2.77527e+06
P37198	P37198	NUP62_HUMAN	NUP62	Nuclear pore glycoprotein p62	726572			507834
P37235	P37235	HPCL1_HUMAN	HPCAL1	Hippocalcin-like protein 1	9.39064e+06	2.16896e+06	5.60163e+06	5.67473e+06
P37268	P37268	FDFT_HUMAN	FDFT1	Squalene synthase	971341	477637	183128	1.40396e+06
P37802	P37802	TAGL2_HUMAN	TAGLN2	Transgelin-2	4.56343e+07	6.13798e+07	3.63336e+07	9.70818e+07
P37837	P37837	TALDO_HUMAN	TALDO1	Transaldolase	2.12302e+07	2.1819e+07	6.64314e+07	4.02732e+07
P37840	P37840	SYUA_HUMAN	SNCA	Alpha-synuclein	5.54788e+06	4.68768e+06	1.36544e+06	1.65565e+06
P38117	P38117	ETFB_HUMAN	ETFB	Electron transfer flavoprotein subunit beta	1.57129e+07	1.68524e+07	6.55551e+06	1.13895e+07
P38159	P38159	RBMX_HUMAN	RBMX	RNA-binding motif protein, X chromosome	5.64849e+06	9.34858e+06	8.49208e+06	1.07874e+07
P38435	P38435	VKGC_HUMAN	GGCX	Vitamin K-dependent gamma-carboxylase	341393	329357		571724
P38571	P38571	LICH_HUMAN	LIPA	Lysosomal acid lipase/cholesteryl ester hydrolase	1.3579e+06	562682	982590	894493
P38606	P38606	VATA_HUMAN	ATP6V1A	V-type proton ATPase catalytic subunit A	6.51246e+06	5.36532e+06	4.0575e+06	3.35828e+06
P38646	P38646	GRP75_HUMAN	HSPA9	Stress-70 protein, mitochondrial	2.12812e+07	2.15875e+07	1.84246e+07	2.63498e+07
P38919	P38919	IF4A3_HUMAN	EIF4A3	Eukaryotic initiation factor 4A-III	1.3179e+06	1.25269e+06	779352	1.90261e+06
P39019	P39019	RS19_HUMAN	RPS19	Small ribosomal subunit protein eS19	8.16347e+06	8.77877e+06	500577	3.1851e+06
P39023	P39023	RL3_HUMAN	RPL3	Large ribosomal subunit protein uL3	1.06278e+07	7.36031e+06	1.35951e+06	3.54179e+06
P39059	P39059	COFA1_HUMAN	COL15A1	Collagen alpha-1(XV) chain	604976	791270	2.66703e+06	8.11272e+06
P39060	P39060	COIA1_HUMAN	COL18A1	Collagen alpha-1(XVIII) chain	1.12798e+06	1.66011e+06	4.65749e+06	4.83261e+06
P39656	P39656	OST48_HUMAN	DDOST	Dolichyl-diphosphooligosaccharide--protein glycosyltransferase 48 kDa subunit	2.58153e+07	1.56251e+07	1.5735e+07	2.24909e+07
P39687	P39687;O43423	AN32A_HUMAN	ANP32A	Acidic leucine-rich nuclear phosphoprotein 32 family member A	1.32256e+07	1.43005e+07	1.53866e+07	2.13604e+07
P39748	P39748	FEN1_HUMAN	FEN1	Flap endonuclease 1	1.30061e+06	1.43076e+06	647443	1.46119e+06
P39900	P39900	MMP12_HUMAN	MMP12	Macrophage metalloelastase	466729		1.16889e+06	456062
P40121	P40121	CAPG_HUMAN	CAPG	Macrophage-capping protein	8.72537e+06	1.11324e+07	2.52886e+07	1.73474e+07
P40123	P40123	CAP2_HUMAN	CAP2	Adenylyl cyclase-associated protein 2	224849	159838	141682	417296
P40199	P40199	CEAM6_HUMAN	CEACAM6	Carcinoembryonic antigen-related cell adhesion molecule 6	970934	386505	2.68015e+07	1.19645e+07
P40222	P40222	TXLNA_HUMAN	TXLNA	Alpha-taxilin	500448	428513	393403	664015
P40227	P40227	TCPZ_HUMAN	CCT6A	T-complex protein 1 subunit zeta	9.5494e+06	7.48505e+06	3.68031e+06	8.734e+06
P40261	P40261	NNMT_HUMAN	NNMT	Nicotinamide N-methyltransferase	2.39733e+06	3.35019e+06	5.08313e+06	1.23345e+07
P40305	P40305	IFI27_HUMAN	IFI27	Interferon alpha-inducible protein 27, mitochondrial				237849
P40306	P40306	PSB10_HUMAN	PSMB10	Proteasome subunit beta type-10	3.12415e+06	2.65933e+06	4.08575e+06	4.17583e+06
P40429	P40429;Q6NVV1	RL13A_HUMAN	RPL13A	Large ribosomal subunit protein uL13	4.32e+06	3.24173e+06	726734	1.48987e+06
P40616	P40616	ARL1_HUMAN	ARL1	ADP-ribosylation factor-like protein 1	8.42081e+06	6.37442e+06	1.22013e+06	5.65795e+06
P40763	P40763	STAT3_HUMAN	STAT3	Signal transducer and activator of transcription 3	3.58281e+06	2.37189e+06	3.11882e+06	3.56554e+06
P40818	P40818	UBP8_HUMAN	USP8	Ubiquitin carboxyl-terminal hydrolase 8	274522	628194	440172	300133
P40879	P40879	S26A3_HUMAN	SLC26A3	Chloride anion exchanger	289901	998277	153049	268120
P40925	P40925	MDHC_HUMAN	MDH1	Malate dehydrogenase, cytoplasmic	2.89519e+07	2.11568e+07	3.16513e+07	3.98944e+07
P40926	P40926	MDHM_HUMAN	MDH2	Malate dehydrogenase, mitochondrial	4.04464e+07	4.45884e+07	3.39831e+07	8.64558e+07
P40937	P40937	RFC5_HUMAN	RFC5	Replication factor C subunit 5	661702	695262		803893
P40938	P40938	RFC3_HUMAN	RFC3	Replication factor C subunit 3	713133			1.08738e+06
P40939	P40939	ECHA_HUMAN	HADHA	Trifunctional enzyme subunit alpha, mitochondrial	8.35268e+06	6.70707e+06	5.80229e+06	9.8202e+06
P40967	P40967	PMEL_HUMAN	PMEL	Melanocyte protein PMEL	586052	390420	360513	444770
P41091	P41091	IF2G_HUMAN	EIF2S3	Eukaryotic translation initiation factor 2 subunit 3	2.31e+06	2.05202e+06	1.70522e+06	2.90181e+06
P41208	P41208	CETN2_HUMAN	CETN2	Centrin-2	190895	147116	290645	251822
P41212	P41212	ETV6_HUMAN	ETV6	Transcription factor ETV6	264305	353046	160320	301873
P41218	P41218	MNDA_HUMAN	MNDA	Myeloid cell nuclear differentiation antigen	2.0837e+06	2.34092e+06	3.8569e+07	1.96543e+07
P41221	P41221	WNT5A_HUMAN	WNT5A	Protein Wnt-5a	58483.8		104748	146244
P41223	P41223	BUD31_HUMAN	BUD31	Protein BUD31 homolog	89138.4		206302	198793
P41226	P41226	UBA7_HUMAN	UBA7	Ubiquitin-like modifier-activating enzyme 7	1.1341e+06	1.22536e+06	1.03933e+06	1.12628e+06
P41227	P41227;Q9BSU3	NAA10_HUMAN	NAA10	N-alpha-acetyltransferase 10	509188	666199	283570	870877
P41236	P41236;Q6NXS1	IPP2_HUMAN	PPP1R2	Protein phosphatase inhibitor 2	403198	633135		421151
P41240	P41240	CSK_HUMAN	CSK	Tyrosine-protein kinase CSK	2.70951e+06	2.74984e+06	4.4528e+06	3.54561e+06
P41250	P41250	GARS_HUMAN	GARS1	Glycine--tRNA ligase	4.61694e+06	3.46552e+06	2.07417e+06	4.80643e+06
P41252	P41252	SYIC_HUMAN	IARS1	Isoleucine--tRNA ligase, cytoplasmic	2.86886e+06	2.30785e+06	1.11634e+06	3.07144e+06
P41732	P41732	TSN7_HUMAN	TSPAN7	Tetraspanin-7	187579	122640		118293
P41743	P41743	KPCI_HUMAN	PRKCI	Protein kinase C iota type	320731			543315
P42025	P42025	ACTY_HUMAN	ACTR1B	Beta-centractin	859400	2.50211e+06	482169	631032
P42126	P42126	ECI1_HUMAN	ECI1	Enoyl-CoA delta isomerase 1, mitochondrial	5.91573e+06	5.5935e+06	2.15558e+06	5.01134e+06
P42166	P42166	LAP2A_HUMAN	TMPO	Lamina-associated polypeptide 2, isoform alpha	211918	245446		311335
P42167	P42167	LAP2B_HUMAN	TMPO	Lamina-associated polypeptide 2, isoforms beta/gamma	1.63321e+07	2.55282e+07	6.26003e+06	1.21438e+07
P42224	P42224	STAT1_HUMAN	STAT1	Signal transducer and activator of transcription 1-alpha/beta	2.63493e+06	2.45896e+06	7.99729e+06	6.805e+06
P42226	P42226	STAT6_HUMAN	STAT6	Signal transducer and activator of transcription 6	2.13412e+06	2.76636e+06	2.81373e+06	3.48096e+06
P42229	P42229	STA5A_HUMAN	STAT5A	Signal transducer and activator of transcription 5A	654769		765459	542179
P42285	P42285	MTREX_HUMAN	MTREX	Exosome RNA helicase MTR4	460715	784423	711741	992987
P42330	P42330	AK1C3_HUMAN	AKR1C3	Aldo-keto reductase family 1 member C3	9.37057e+06	1.12672e+07	1.29369e+07	1.26552e+08
P42331	P42331	RHG25_HUMAN	ARHGAP25	Rho GTPase-activating protein 25	1.02336e+06	964617	1.54215e+06	1.39556e+06
P42345	P42345	MTOR_HUMAN	MTOR	Serine/threonine-protein kinase mTOR	394449	392182	250834	346547
P42356	P42356	PI4KA_HUMAN	PI4KA	Phosphatidylinositol 4-kinase alpha	200644	120685	108311	284175
P42357	P42357	HUTH_HUMAN	HAL	Histidine ammonia-lyase		945061	785942	
P42566	P42566	EPS15_HUMAN	EPS15	Epidermal growth factor receptor substrate 15	1.20207e+06	898948	1.10794e+06	1.35707e+06
P42574	P42574	CASP3_HUMAN	CASP3	Caspase-3	2.0521e+06	2.73673e+06	1.51931e+06	1.87429e+06
P42677	P42677;Q71UM5	RS27_HUMAN	RPS27	Small ribosomal subunit protein eS27	4.12228e+06	5.77807e+06	1.93669e+06	2.71696e+06
P42685	P42685	FRK_HUMAN	FRK	Tyrosine-protein kinase FRK				271319
P42704	P42704	LPPRC_HUMAN	LRPPRC	Leucine-rich PPR motif-containing protein, mitochondrial	1.13752e+07	7.83705e+06	2.03526e+06	9.77506e+06
P42765	P42765	THIM_HUMAN	ACAA2	3-ketoacyl-CoA thiolase, mitochondrial	7.4931e+06	7.59541e+06	1.06548e+07	4.69695e+07
P42766	P42766	RL35_HUMAN	RPL35	Large ribosomal subunit protein uL29	4.87106e+06	2.26466e+06	380329	509462
P42768	P42768	WASP_HUMAN	WAS	Actin nucleation-promoting factor WAS	738737	925597	1.72288e+06	1.13342e+06
P42785	P42785	PCP_HUMAN	PRCP	Lysosomal Pro-X carboxypeptidase	1.17916e+06	1.37958e+06	5.10858e+06	3.41783e+06
P42830	P42830	CXCL5_HUMAN	CXCL5	C-X-C motif chemokine 5			332728	189112
P42858	P42858	HD_HUMAN	HTT	Huntingtin	419104	185260	156825	438863
P42892	P42892	ECE1_HUMAN	ECE1	Endothelin-converting enzyme 1	649693	274121	503082	1.069e+06
P42898	P42898	MTHR_HUMAN	MTHFR	Methylenetetrahydrofolate reductase (NADPH)	154624		118530	202798
P43003	P43003	EAA1_HUMAN	SLC1A3	Excitatory amino acid transporter 1			41933.4	49346.9
P43007	P43007	SATT_HUMAN	SLC1A4	Neutral amino acid transporter A	2.08688e+06	1.49549e+06	123779	1.35511e+06
P43034	P43034	LIS1_HUMAN	PAFAH1B1	Platelet-activating factor acetylhydrolase IB subunit beta	3.97735e+06	3.40388e+06	6.13967e+06	5.74877e+06
P43121	P43121	MUC18_HUMAN	MCAM	Cell surface glycoprotein MUC18	2.42265e+06	4.07519e+06	2.63788e+06	5.24041e+06
P43155	P43155	CACP_HUMAN	CRAT	Carnitine O-acetyltransferase	562333	434456	378938	824959
P43235	P43235	CATK_HUMAN	CTSK	Cathepsin K	424711		485352	686073
P43243	P43243	MATR3_HUMAN	MATR3	Matrin-3	2.71941e+06	2.96497e+06	1.07497e+06	3.0601e+06
P43246	P43246	MSH2_HUMAN	MSH2	DNA mismatch repair protein Msh2	2.00391e+06	1.56939e+06	1.13257e+06	3.22454e+06
P43251	P43251	BTD_HUMAN	BTD	Biotinidase	1.43415e+06	532086	751028	459311
P43304	P43304	GPDM_HUMAN	GPD2	Glycerol-3-phosphate dehydrogenase, mitochondrial	2.96294e+06	2.83902e+06	3.91676e+06	3.36026e+06
P43307	P43307	SSRA_HUMAN	SSR1	Translocon-associated protein subunit alpha	1.11419e+07	1.34327e+07	8.04576e+06	9.77608e+06
P43353	P43353	AL3B1_HUMAN	ALDH3B1	Aldehyde dehydrogenase family 3 member B1	2.12294e+06	1.83056e+06	6.17476e+06	4.12853e+06
P43378	P43378	PTN9_HUMAN	PTPN9	Tyrosine-protein phosphatase non-receptor type 9	315266	255374	470660	651322
P43405	P43405	KSYK_HUMAN	SYK	Tyrosine-protein kinase SYK	709762	917232	846253	977869
P43487	P43487	RANG_HUMAN	RANBP1	Ran-specific GTPase-activating protein	3.00379e+06	3.50047e+06	1.71259e+06	3.06256e+06
P43490	P43490	NAMPT_HUMAN	NAMPT	Nicotinamide phosphoribosyltransferase	3.73455e+06	3.87617e+06	3.7984e+06	4.00065e+06
P43652	P43652	AFAM_HUMAN	AFM	Afamin	4.0987e+06	2.59972e+06	2.59698e+06	1.6524e+06
P43686	P43686	PRS6B_HUMAN	PSMC4	26S proteasome regulatory subunit 6B	3.53176e+06	3.20664e+06	1.88216e+06	2.11085e+06
P43897	P43897	EFTS_HUMAN	TSFM	Elongation factor Ts, mitochondrial	1.18422e+06	1.08387e+06	899340	1.30169e+06
P45877	P45877	PPIC_HUMAN	PPIC	Peptidyl-prolyl cis-trans isomerase C	557656	414690	671882	766829
P45880	P45880	VDAC2_HUMAN	VDAC2	Voltage-dependent anion-selective channel protein 2	1.41258e+07	1.11545e+07	8.96972e+06	1.7264e+07
P45954	P45954	ACDSB_HUMAN	ACADSB	Short/branched chain specific acyl-CoA dehydrogenase, mitochondrial	2.84736e+06	2.50345e+06	440059	1.22038e+06
P45973	P45973	CBX5_HUMAN	CBX5	Chromobox protein homolog 5	317296	496141	416888	512137
P45974	P45974	UBP5_HUMAN	USP5	Ubiquitin carboxyl-terminal hydrolase 5	4.80523e+06	5.62109e+06	3.0513e+06	4.2703e+06
P45983	P45983	MK08_HUMAN	MAPK8	Mitogen-activated protein kinase 8	65597			112279
P45984	P45984	MK09_HUMAN	MAPK9	Mitogen-activated protein kinase 9	691737	630872	158930	515385
P45985	P45985	MP2K4_HUMAN	MAP2K4	Dual specificity mitogen-activated protein kinase kinase 4	156864			179911
P46013	P46013	KI67_HUMAN	MKI67	Proliferation marker protein Ki-67	269441			3.11944e+06
P46019	P46019	KPB2_HUMAN	PHKA2	Phosphorylase b kinase regulatory subunit alpha, liver isoform	4.93383e+06	6.7418e+06	2.52855e+06	3.92967e+06
P46060	P46060	RAGP1_HUMAN	RANGAP1	Ran GTPase-activating protein 1	1.69781e+06	1.59756e+06	1.24289e+06	1.954e+06
P46063	P46063	RECQ1_HUMAN	RECQL	ATP-dependent DNA helicase Q1	4.76886e+06	5.58215e+06	8.82698e+06	1.09497e+07
P46087	P46087	NOP2_HUMAN	NOP2	Probable 28S rRNA (cytosine(4447)-C(5))-methyltransferase	419601	274871		377636
P46092	P46092	CCR10_HUMAN	CCR10	C-C chemokine receptor type 10	551509			
P46100	P46100	ATRX_HUMAN	ATRX	Transcriptional regulator ATRX				41967.7
P46108	P46108	CRK_HUMAN	CRK	Adapter molecule crk	2.67449e+06	3.88186e+06	1.21447e+06	2.65314e+06
P46109	P46109	CRKL_HUMAN	CRKL	Crk-like protein	3.57433e+06	2.45823e+06	3.54464e+06	3.94061e+06
P46379	P46379	BAG6_HUMAN	BAG6	Large proline-rich protein BAG6	1.22969e+06	1.52004e+06		791256
P46439	P46439	GSTM5_HUMAN	GSTM5	Glutathione S-transferase Mu 5	129074		76453	204882
P46459	P46459	NSF_HUMAN	NSF	Vesicle-fusing ATPase	4.66129e+06	3.94426e+06	1.45022e+06	2.66228e+06
P46527	P46527	CDN1B_HUMAN	CDKN1B	Cyclin-dependent kinase inhibitor 1B	262273	286670		
P46734	P46734	MP2K3_HUMAN	MAP2K3	Dual specificity mitogen-activated protein kinase kinase 3	881984	791815	322077	556558
P46736	P46736	BRCC3_HUMAN	BRCC3	Lys-63-specific deubiquitinase BRCC36	590065	360028	818742	654514
P46776	P46776	RL27A_HUMAN	RPL27A	Large ribosomal subunit protein uL15	1.91567e+07	1.90274e+07	3.18124e+06	8.73166e+06
P46777	P46777	RL5_HUMAN	RPL5	Large ribosomal subunit protein uL18	4.98534e+06	4.19957e+06	1.36222e+06	6.12653e+06
P46778	P46778	RL21_HUMAN	RPL21	Large ribosomal subunit protein eL21	3.6578e+06	2.89417e+06	611128	1.28432e+06
P46779	P46779	RL28_HUMAN	RPL28	Large ribosomal subunit protein eL28	1.23577e+07	1.03224e+07	1.70329e+06	2.31257e+06
P46781	P46781	RS9_HUMAN	RPS9	Small ribosomal subunit protein uS4	2.17665e+07	1.59854e+07	7.19602e+06	2.07569e+07
P46782	P46782	RS5_HUMAN	RPS5	Small ribosomal subunit protein uS7	1.21628e+07	1.30279e+07	1.60662e+06	5.51184e+06
P46783	P46783;Q9NQ39	RS10_HUMAN	RPS10	Small ribosomal subunit protein eS10	5.72694e+06	5.09601e+06	424823	1.86873e+06
P46821	P46821	MAP1B_HUMAN	MAP1B	Microtubule-associated protein 1B	215284	340630	58448.7	273045
P46926	P46926;Q8TDQ7	GNPI1_HUMAN	GNPDA1	Glucosamine-6-phosphate isomerase 1	2.50709e+06	1.58401e+06	3.58834e+06	2.9404e+06
P46934	P46934	NEDD4_HUMAN	NEDD4	E3 ubiquitin-protein ligase NEDD4	213479	218322	248343	446555
P46937	P46937	YAP1_HUMAN	YAP1	Transcriptional coactivator YAP1	736113	911527		464034
P46939	P46939	UTRN_HUMAN	UTRN	Utrophin	769630	892255	664357	841388
P46940	P46940	IQGA1_HUMAN	IQGAP1	Ras GTPase-activating-like protein IQGAP1	1.11135e+07	1.2005e+07	9.81568e+06	1.1975e+07
P46952	P46952	3HAO_HUMAN	HAAO	3-hydroxyanthranilate 3,4-dioxygenase	1.39441e+06	1.34176e+06	870843	766278
P46976	P46976	GLYG_HUMAN	GYG1	Glycogenin-1	4.70414e+06	2.7778e+06	7.95095e+06	7.02362e+06
P46977	P46977	STT3A_HUMAN	STT3A	Dolichyl-diphosphooligosaccharide--protein glycosyltransferase subunit STT3A	1.08702e+07	6.81112e+06	2.09589e+06	7.97689e+06
P47224	P47224	MSS4_HUMAN	RABIF	Guanine nucleotide exchange factor MSS4	588539	201080	773010	777435
P47712	P47712	PA24A_HUMAN	PLA2G4A	Cytosolic phospholipase A2	782786	824640	1.38105e+06	1.47864e+06
P47736	P47736	RPGP1_HUMAN	RAP1GAP	Rap1 GTPase-activating protein 1	484152	275097		147753
P47755	P47755	CAZA2_HUMAN	CAPZA2	F-actin-capping protein subunit alpha-2	4.73461e+06	4.9088e+06	6.39576e+06	4.12562e+06
P47756	P47756	CAPZB_HUMAN	CAPZB	F-actin-capping protein subunit beta	1.00151e+07	1.09584e+07	2.4606e+07	1.3587e+07
P47813	P47813;O14602	IF1AX_HUMAN	EIF1AX	Eukaryotic translation initiation factor 1A, X-chromosomal	635759	1.10539e+06	235894	345328
P47895	P47895	AL1A3_HUMAN	ALDH1A3	Retinaldehyde dehydrogenase 3	1.773e+06		3.08735e+06	390280
P47897	P47897	SYQ_HUMAN	QARS1	Glutamine--tRNA ligase	3.67261e+06	2.89921e+06	2.7085e+06	4.5523e+06
P47902	O14627;P47902;Q99626	CDX1_HUMAN	CDX1	Homeobox protein CDX-1	115991	63076		227846
P47914	P47914	RL29_HUMAN	RPL29	Large ribosomal subunit protein eL29	8.46003e+06	9.2945e+06	375783	1.0516e+06
P47929	P47929	LEG7_HUMAN	LGALS7	Galectin-7	1.36309e+06	5.97213e+06	8.26419e+07	842707
P47985	P47985;P0C7P4	UCRI_HUMAN	UQCRFS1	Cytochrome b-c1 complex subunit Rieske, mitochondrial	1.58277e+07	1.50247e+07	8.67919e+06	8.50472e+06
P47989	P47989	XDH_HUMAN	XDH	Xanthine dehydrogenase/oxidase	283212		419012	248247
P48047	P48047	ATPO_HUMAN	ATP5PO	ATP synthase subunit O, mitochondrial	2.30373e+07	2.11989e+07	1.3967e+06	1.19975e+07
P48059	P48059	LIMS1_HUMAN	LIMS1	LIM and senescent cell antigen-like-containing domain protein 1	1.36715e+06	1.83788e+06	2.42886e+06	3.08312e+06
P48060	P48060	GLIP1_HUMAN	GLIPR1	Glioma pathogenesis-related protein 1			273983	187333
P48147	P48147	PPCE_HUMAN	PREP	Prolyl endopeptidase	5.01712e+06	3.53096e+06	3.20071e+06	3.83074e+06
P48163	P48163	MAOX_HUMAN	ME1	NADP-dependent malic enzyme	1.27605e+07	9.85427e+06	1.08925e+07	8.75576e+06
P48200	P48200	IREB2_HUMAN	IREB2	Iron-responsive element-binding protein 2	715131	974466	888884	1.41181e+06
P48304	P48304	REG1B_HUMAN	REG1B	Lithostathine-1-beta			31273.3	663995
P48426	P48426	PI42A_HUMAN	PIP4K2A	Phosphatidylinositol 5-phosphate 4-kinase type-2 alpha	389978	636517	1.37661e+06	695354
P48444	P48444	COPD_HUMAN	ARCN1	Coatomer subunit delta	8.4718e+06	8.13432e+06	4.42708e+06	7.66327e+06
P48449	P48449	LSS_HUMAN	LSS	Lanosterol synthase	1.54873e+06	1.36553e+06	1.18994e+06	1.635e+06
P48506	P48506	GSH1_HUMAN	GCLC	Glutamate--cysteine ligase catalytic subunit	2.96956e+06	1.71571e+06	2.52427e+06	2.51256e+06
P48507	P48507	GSH0_HUMAN	GCLM	Glutamate--cysteine ligase regulatory subunit	2.18984e+06	1.5359e+06	1.66639e+06	1.592e+06
P48509	P48509	CD151_HUMAN	CD151	CD151 antigen	2.04125e+06	1.2245e+06	799335	1.62916e+06
P48553	P48553	TPC10_HUMAN	TRAPPC10	Trafficking protein particle complex subunit 10	232152		72988	128337
P48556	P48556	PSMD8_HUMAN	PSMD8	26S proteasome non-ATPase regulatory subunit 8	3.57162e+06	2.38268e+06	1.30092e+06	3.83807e+06
P48594	P48594	SPB4_HUMAN	SERPINB4	Serpin B4			1.0451e+07	
P48595	P48595	SPB10_HUMAN	SERPINB10	Serpin B10	441520	461767	1.00241e+07	2.75848e+06
P48637	P48637	GSHB_HUMAN	GSS	Glutathione synthetase	6.73616e+06	6.34571e+06	5.00193e+06	5.80476e+06
P48643	P48643	TCPE_HUMAN	CCT5	T-complex protein 1 subunit epsilon	6.15235e+06	5.37696e+06	2.19152e+06	5.61653e+06
P48651	P48651	PTSS1_HUMAN	PTDSS1	Phosphatidylserine synthase 1	802329		1.34216e+06	1.39e+06
P48681	P48681	NEST_HUMAN	NES	Nestin	1.00911e+06	893351		687643
P48723	P48723	HSP13_HUMAN	HSPA13	Heat shock 70 kDa protein 13	1.99509e+06	602007	570598	1.12588e+06
P48728	P48728	GCST_HUMAN	AMT	Aminomethyltransferase, mitochondrial	310186	330973		
P48729	P48729;Q8N752	KC1A_HUMAN	CSNK1A1	Casein kinase I isoform alpha	1.01203e+06	1.03784e+06	1.06204e+06	1.16809e+06
P48730;P49674	P48730;P49674	KC1D_HUMAN;KC1E_HUMAN	CSNK1D;CSNK1E	Casein kinase I isoform delta	278048	249357	330224	369637
P48735	P48735	IDHP_HUMAN	IDH2	Isocitrate dehydrogenase [NADP], mitochondrial	1.65165e+07	1.06001e+07	6.06524e+06	1.23314e+07
P48739	P48739	PIPNB_HUMAN	PITPNB	Phosphatidylinositol transfer protein beta isoform	2.35164e+06	1.59702e+06	2.93815e+06	3.18783e+06
P48740	P48740	MASP1_HUMAN	MASP1	Mannan-binding lectin serine protease 1	435348	862467	513044	448280
P48764	P48764	SL9A3_HUMAN	SLC9A3	Sodium/hydrogen exchanger 3				368504
P48960	P48960	AGRE5_HUMAN	ADGRE5	Adhesion G protein-coupled receptor E5	2.52519e+06	1.064e+06	4.36963e+06	2.54019e+06
P49005	P49005	DPOD2_HUMAN	POLD2	DNA polymerase delta subunit 2	252074	338359		
P49006	P49006	MRP_HUMAN	MARCKSL1	MARCKS-related protein	3.16423e+06	4.911e+06	259977	1.87775e+06
P49023	P49023	PAXI_HUMAN	PXN	Paxillin	314310	430339	362165	503023
P49137	P49137	MAPK2_HUMAN	MAPKAPK2	MAP kinase-activated protein kinase 2	1.04572e+06	804910	1.6515e+06	1.41198e+06
P49189	P49189	AL9A1_HUMAN	ALDH9A1	4-trimethylaminobutyraldehyde dehydrogenase	1.02788e+07	8.02628e+06	2.37255e+06	5.52579e+06
P49207	P49207	RL34_HUMAN	RPL34	Large ribosomal subunit protein eL34	7.87911e+06	6.02456e+06	711196	2.47635e+06
P49247	P49247	RPIA_HUMAN	RPIA	Ribose-5-phosphate isomerase	1.33842e+06	1.01221e+06	2.51757e+06	1.63797e+06
P49257	P49257	LMAN1_HUMAN	LMAN1	Protein ERGIC-53	1.51701e+07	1.27912e+07	4.58492e+06	1.21419e+07
P49321	P49321	NASP_HUMAN	NASP	Nuclear autoantigenic sperm protein	2.80978e+06	3.11165e+06	988502	1.43982e+06
P49326	P49326	FMO5_HUMAN	FMO5	Flavin-containing monooxygenase 5	2.21101e+06	1.86433e+06	1.38684e+06	591834
P49327	P49327	FAS_HUMAN	FASN	Fatty acid synthase	4.76588e+06	4.11148e+06	2.26623e+06	5.98024e+06
P49354	P49354	FNTA_HUMAN	FNTA	Protein farnesyltransferase/geranylgeranyltransferase type-1 subunit alpha	651650	380603	752451	917544
P49356	P49356	FNTB_HUMAN	FNTB	Protein farnesyltransferase subunit beta	363710	210727	425566	668928
P49366	P49366	DHYS_HUMAN	DHPS	Deoxyhypusine synthase	64612			153537
P49368	P49368	TCPG_HUMAN	CCT3	T-complex protein 1 subunit gamma	8.49961e+06	5.07734e+06	1.44968e+06	5.09818e+06
P49406	P49406	RM19_HUMAN	MRPL19	Large ribosomal subunit protein bL19m	1.64277e+06	1.04782e+06	713130	1.35428e+06
P49407	P49407	ARRB1_HUMAN	ARRB1	Beta-arrestin-1	954470	449609	574792	1.359e+06
P49411	P49411	EFTU_HUMAN	TUFM	Elongation factor Tu, mitochondrial	1.00439e+07	1.31181e+07	500821	4.177e+06
P49419	P49419	AL7A1_HUMAN	ALDH7A1	Alpha-aminoadipic semialdehyde dehydrogenase	4.70381e+06	4.57829e+06	562573	2.1094e+06
P49441	P49441	INPP_HUMAN	INPP1	Inositol polyphosphate 1-phosphatase	1.00789e+06	1.4624e+06	207404	745990
P49458	P49458	SRP09_HUMAN	SRP9	Signal recognition particle 9 kDa protein	3.40939e+06	2.29268e+06	1.5808e+06	5.37872e+06
P49585	P49585	PCY1A_HUMAN	PCYT1A	Choline-phosphate cytidylyltransferase A	830244	1.49612e+06	1.42419e+06	1.52486e+06
P49588	P49588	SYAC_HUMAN	AARS1	Alanine--tRNA ligase, cytoplasmic	4.93002e+06	3.5008e+06	2.70702e+06	5.85524e+06
P49589	P49589	SYCC_HUMAN	CARS1	Cysteine--tRNA ligase, cytoplasmic	1.45249e+06	1.44402e+06	1.42149e+06	1.49652e+06
P49590	P49590	SYHM_HUMAN	HARS2	Histidine--tRNA ligase, mitochondrial	495343	456273	213997	420765
P49591	P49591	SYSC_HUMAN	SARS1	Serine--tRNA ligase, cytoplasmic	3.29664e+06	2.85961e+06	1.05134e+06	2.67084e+06
P49593	P49593	PPM1F_HUMAN	PPM1F	Protein phosphatase 1F	897132	1.06339e+06		704991
P49641	P49641	MA2A2_HUMAN	MAN2A2	Alpha-mannosidase 2x	469406		633987	795809
P49643	P49643	PRI2_HUMAN	PRIM2	DNA primase large subunit			527943	105665
P49662	P49662	CASP4_HUMAN	CASP4	Caspase-4			369926	227327
P49711;Q8NI51	P49711;Q8NI51	CTCFL_HUMAN;CTCF_HUMAN	CTCF;CTCFL	Transcriptional repressor CTCF	58769.6		29998.5	93533.9
P49720	P49720	PSB3_HUMAN	PSMB3	Proteasome subunit beta type-3	4.2997e+06	2.99501e+06	5.86958e+06	6.71537e+06
P49721	P49721	PSB2_HUMAN	PSMB2	Proteasome subunit beta type-2	6.46611e+06	5.91743e+06	8.31894e+06	9.21851e+06
P49736	P49736	MCM2_HUMAN	MCM2	DNA replication licensing factor MCM2	867998	602056	312069	1.84002e+06
P49748	P49748	ACADV_HUMAN	ACADVL	Very long-chain specific acyl-CoA dehydrogenase, mitochondrial	9.30495e+06	7.65385e+06	9.01616e+06	9.47796e+06
P49750	P49750	YLPM1_HUMAN	YLPM1	YLP motif-containing protein 1	161916	256841	57815.7	217619
P49754	P49754	VPS41_HUMAN	VPS41	Vacuolar protein sorting-associated protein 41 homolog	423490	193521	360316	531339
P49755	P49755	TMEDA_HUMAN	TMED10	Transmembrane emp24 domain-containing protein 10	1.15296e+07	1.04803e+07	2.98324e+06	8.23353e+06
P49756	P49756	RBM25_HUMAN	RBM25	RNA-binding protein 25	145797	221191	611786	388069
P49757	P49757	NUMB_HUMAN	NUMB	Protein numb homolog	258687	305079	166328	341566
P49768	P49768	PSN1_HUMAN	PSEN1	Presenilin-1	315496	159101		590478
P49770	P49770	EI2BB_HUMAN	EIF2B2	Translation initiation factor eIF-2B subunit beta	640305	449896		780267
P49773	P49773	HINT1_HUMAN	HINT1	Adenosine 5'-monophosphoramidase HINT1	5.8264e+06	6.25638e+06	3.86901e+06	5.74307e+06
P49788	P49788	TIG1_HUMAN	RARRES1	Retinoic acid receptor responder protein 1	255868	240095	79510.9	160802
P49789	P49789	FHIT_HUMAN	FHIT	Bis(5'-adenosyl)-triphosphatase	301498	414899	199101	279701
P49790	P49790	NU153_HUMAN	NUP153	Nuclear pore complex protein Nup153	445851	402829	626456	719586
P49792	P49792	RBP2_HUMAN	RANBP2	E3 SUMO-protein ligase RanBP2	997734	1.28101e+06	1.04048e+06	1.47489e+06
P49796	P49796	RGS3_HUMAN	RGS3	Regulator of G-protein signaling 3	35081.6			22105.8
P49821	P49821	NDUV1_HUMAN	NDUFV1	NADH dehydrogenase [ubiquinone] flavoprotein 1, mitochondrial	3.82579e+06	3.0529e+06	1.82054e+06	2.25432e+06
P49840	P49840;P49841	GSK3A_HUMAN	GSK3A	Glycogen synthase kinase-3 alpha	538569	206366	769756	755691
P49841	P49841	GSK3B_HUMAN	GSK3B	Glycogen synthase kinase-3 beta	143344	79913.4	100971	215135
P49862	P49862	KLK7_HUMAN	KLK7	Kallikrein-7		531393	243791	
P49902	P49902	5NTC_HUMAN	NT5C2	Cytosolic purine 5'-nucleotidase	3.91987e+06	1.72246e+06	8.63139e+06	6.0365e+06
P49903	P49903	SPS1_HUMAN	SEPHS1	Selenide, water dikinase 1	923450	1.71461e+06	1.43714e+06	1.47829e+06
P49908	P49908	SEPP1_HUMAN	SELENOP	Selenoprotein P	357379	301887	211874	166854
P49913	P49913	CAMP_HUMAN	CAMP	Cathelicidin antimicrobial peptide	3.50775e+06	7.45565e+06	2.74421e+08	6.61123e+07
P49914	P49914	MTHFS_HUMAN	MTHFS	5-formyltetrahydrofolate cyclo-ligase	408149	535156	368703	526515
P49915	P49915	GUAA_HUMAN	GMPS	GMP synthase [glutamine-hydrolyzing]	1.87648e+06	1.64686e+06	818373	2.40848e+06
P49916	P49916	DNLI3_HUMAN	LIG3	DNA ligase 3	237818	153666	104784	264674
P49917	P49917	DNLI4_HUMAN	LIG4	DNA ligase 4			49324.1	86160.6
P49959	P49959	MRE11_HUMAN	MRE11	Double-strand break repair protein MRE11	627088	686660	702357	1.06087e+06
P49961	P49961	ENTP1_HUMAN	ENTPD1	Ectonucleoside triphosphate diphosphohydrolase 1	3.67996e+06	3.09179e+06	4.54664e+06	5.58026e+06
P50053	P50053	KHK_HUMAN	KHK	Ketohexokinase	138336			270981
P50135	P50135	HNMT_HUMAN	HNMT	Histamine N-methyltransferase	5.4441e+06	4.7949e+06	3.37056e+06	6.15392e+06
P50148	P50148	GNAQ_HUMAN	GNAQ	Guanine nucleotide-binding protein G(q) subunit alpha	3.43231e+06	4.05692e+06	3.71941e+06	3.39557e+06
P50213	P50213	IDH3A_HUMAN	IDH3A	Isocitrate dehydrogenase [NAD] subunit alpha, mitochondrial	3.94379e+06	3.24257e+06	250418	806296
P50225	P50225;P50226	ST1A1_HUMAN	SULT1A1	Sulfotransferase 1A1	4.81289e+06	5.1627e+06	816988	2.99387e+06
P50238	P50238	CRIP1_HUMAN	CRIP1	Cysteine-rich protein 1	1.71338e+07	2.34512e+07	1.09802e+07	1.73681e+07
P50281	P50281	MMP14_HUMAN	MMP14	Matrix metalloproteinase-14	1.29813e+06	1.01314e+06	2.7589e+06	4.38539e+06
P50336	P50336	PPOX_HUMAN	PPOX	Protoporphyrinogen oxidase	716899	520077	216280	461834
P50395	P50395	GDIB_HUMAN	GDI2	Rab GDP dissociation inhibitor beta	1.85435e+07	1.4688e+07	2.75773e+07	3.2507e+07
P50402	P50402	EMD_HUMAN	EMD	Emerin	2.41934e+06	2.86183e+06	536539	591470
P50416	P50416	CPT1A_HUMAN	CPT1A	Carnitine O-palmitoyltransferase 1, liver isoform	3.66641e+06	2.98489e+06	1.76553e+06	9.48722e+06
P50440	P50440	GATM_HUMAN	GATM	Glycine amidinotransferase, mitochondrial	1.14401e+06	1.46524e+06	774065	530938
P50443	P50443	S26A2_HUMAN	SLC26A2	Sulfate transporter	584537	408389	103554	263620
P50452	P50452	SPB8_HUMAN	SERPINB8	Serpin B8	681946	1.08737e+06	2.43672e+06	1.32539e+06
P50453	P50453	SPB9_HUMAN	SERPINB9	Serpin B9	4.08472e+06	3.92507e+06	1.42386e+07	7.87155e+06
P50454	P50454	SERPH_HUMAN	SERPINH1	Serpin H1	4.11593e+06	5.01731e+06	2.73662e+06	2.00708e+07
P50479	P50479	PDLI4_HUMAN	PDLIM4	PDZ and LIM domain protein 4	426999	794380	823909	1.15883e+06
P50502	P50502;Q8NFI4	F10A1_HUMAN	ST13	Hsc70-interacting protein	7.54729e+06	7.51431e+06	8.22687e+06	1.09053e+07
P50552	P50552	VASP_HUMAN	VASP	Vasodilator-stimulated phosphoprotein	3.28682e+06	5.52271e+06	6.90989e+06	6.07025e+06
P50570	P50570;Q9UQ16	DYN2_HUMAN	DNM2	Dynamin-2	1.05052e+07	1.18665e+07	2.76798e+06	4.79722e+06
P50579	P50579	MAP2_HUMAN	METAP2	Methionine aminopeptidase 2	1.02996e+06	1.41574e+06	1.07936e+06	1.94675e+06
P50583	P50583	AP4A_HUMAN	NUDT2	Bis(5'-nucleosyl)-tetraphosphatase [asymmetrical]	656162	538187	438096	427061
P50613	P50613;Q9C098	CDK7_HUMAN	CDK7	Cyclin-dependent kinase 7	727517	770212	674312	857597
P50749	P50749;Q9H2L5	RASF2_HUMAN	RASSF2	Ras association domain-containing protein 2	179890	240412	319818	546374
P50750	P50750	CDK9_HUMAN	CDK9	Cyclin-dependent kinase 9	169992	150882	65707.7	184521
P50851	P50851	LRBA_HUMAN	LRBA	Lipopolysaccharide-responsive and beige-like anchor protein	3.6681e+06	2.84858e+06	1.23647e+06	3.25828e+06
P50895	P50895	BCAM_HUMAN	BCAM	Basal cell adhesion molecule	312305	526322	346542	339805
P50897	P50897	PPT1_HUMAN	PPT1	Palmitoyl-protein thioesterase 1	2.89722e+06	2.41032e+06	2.22104e+06	5.37625e+06
P50914	P50914	RL14_HUMAN	RPL14	Large ribosomal subunit protein eL14	1.13304e+07	7.50617e+06	1.25922e+06	1.65468e+06
P50990	P50990	TCPQ_HUMAN	CCT8	T-complex protein 1 subunit theta	9.62098e+06	7.35019e+06	5.54166e+06	9.96682e+06
P50991	P50991	TCPD_HUMAN	CCT4	T-complex protein 1 subunit delta	1.39532e+07	9.34415e+06	2.98766e+06	1.26341e+07
P50995	P50995	ANX11_HUMAN	ANXA11	Annexin A11	5.60932e+06	5.31471e+06	1.52693e+07	9.16003e+06
P51003	P51003;Q9NRJ5	PAPOA_HUMAN	PAPOLA	Poly(A) polymerase alpha	2.65954e+06	1.19651e+06	2.58059e+06	2.7281e+06
P51114	P51114	FXR1_HUMAN	FXR1	RNA-binding protein FXR1	678065	1.1219e+06	610147	1.27838e+06
P51116	P51116	FXR2_HUMAN	FXR2	RNA-binding protein FXR2	48452		2672.53	48244.2
P51148	P20339;P51148;P61020	RAB5C_HUMAN	RAB5C	Ras-related protein Rab-5C	1.56306e+07	1.14472e+07	1.175e+07	1.68089e+07
P51149	P51149	RAB7A_HUMAN	RAB7A	Ras-related protein Rab-7a	1.23536e+07	1.04939e+07	3.00638e+07	1.97549e+07
P51151	P51151;Q9NP90	RAB9A_HUMAN	RAB9A	Ras-related protein Rab-9A	856350	783841		435176
P51153	P51153	RAB13_HUMAN	RAB13	Ras-related protein Rab-13	1.6751e+06	1.53833e+06	1.76575e+06	2.40035e+06
P51159	P51159	RB27A_HUMAN	RAB27A	Ras-related protein Rab-27A	6.78116e+06	5.69544e+06	1.26616e+06	3.17077e+06
P51178	P51178	PLCD1_HUMAN	PLCD1	1-phosphatidylinositol 4,5-bisphosphate phosphodiesterase delta-1	609877	731812	399745	283843
P51397	P51397	DAP1_HUMAN	DAP	Death-associated protein 1	2.02083e+06	2.00518e+06	281877	778441
P51398	P51398	RT29_HUMAN	DAP3	Small ribosomal subunit protein mS29	798930	570567	160301	835680
P51452	P51452	DUS3_HUMAN	DUSP3	Dual specificity protein phosphatase 3	1.78179e+06	2.55107e+06	381056	2.40682e+06
P51530	P51530	DNA2_HUMAN	DNA2	DNA replication ATP-dependent helicase/nuclease DNA2	44287		21673.5	63065.2
P51531	P51531	SMCA2_HUMAN	SMARCA2	Probable global transcription activator SNF2L2			97100.3	121110
P51532	P51531;P51532	SMCA4_HUMAN	SMARCA4	Transcription activator BRG1	456828		358406	560256
P51553	P51553	IDH3G_HUMAN	IDH3G	Isocitrate dehydrogenase [NAD] subunit gamma, mitochondrial	3.05312e+06	2.8236e+06	472992	2.11296e+06
P51570	P51570	GALK1_HUMAN	GALK1	Galactokinase	2.01713e+06	2.13865e+06	656933	1.0088e+06
P51571	P51571	SSRD_HUMAN	SSR4	Translocon-associated protein subunit delta	1.42746e+07	8.06395e+06	1.54396e+06	6.4392e+06
P51572	P51572	BAP31_HUMAN	BCAP31	B-cell receptor-associated protein 31	9.00995e+06	9.30757e+06	6.59375e+06	1.00663e+07
P51575	P51575	P2RX1_HUMAN	P2RX1	P2X purinoceptor 1	121433	274636	311177	
P51580	P51580	TPMT_HUMAN	TPMT	Thiopurine S-methyltransferase	1.70031e+06	1.59547e+06	1.03774e+06	2.69543e+06
P51606	P51606	RENBP_HUMAN	RENBP	N-acylglucosamine 2-epimerase	790243	522674	1.01356e+06	675524
P51608	P51608	MECP2_HUMAN	MECP2	Methyl-CpG-binding protein 2	231015	503905	208968	160099
P51610	P51610	HCFC1_HUMAN	HCFC1	Host cell factor 1	2.42036e+06	2.60831e+06	3.87069e+06	3.46951e+06
P51636	P51636	CAV2_HUMAN	CAV2	Caveolin-2	240120		174291	193330
P51648	P51648	AL3A2_HUMAN	ALDH3A2	Aldehyde dehydrogenase family 3 member A2	1.75062e+06	1.59185e+06	1.97008e+06	1.99461e+06
P51649	P51649	SSDH_HUMAN	ALDH5A1	Succinate-semialdehyde dehydrogenase, mitochondrial	4.16389e+06	3.50794e+06	1.27175e+06	3.7696e+06
P51659	P51659	DHB4_HUMAN	HSD17B4	Peroxisomal multifunctional enzyme type 2	6.71816e+06	6.9987e+06	7.0496e+06	1.00671e+07
P51665	P51665	PSMD7_HUMAN	PSMD7	26S proteasome non-ATPase regulatory subunit 7	2.73074e+06	1.86575e+06	2.13553e+06	3.41523e+06
P51668;Q9Y2X8	P51668;Q9Y2X8	UB2D1_HUMAN;UB2D4_HUMAN	UBE2D1;UBE2D4	Ubiquitin-conjugating enzyme E2 D1	739498	480571	850812	1.08875e+06
P51687	P51687	SUOX_HUMAN	SUOX	Sulfite oxidase, mitochondrial	307036	427067	334005	442225
P51688	P51688	SPHM_HUMAN	SGSH	N-sulphoglucosamine sulphohydrolase	871487	835676	968655	774825
P51690	P51690	ARSL_HUMAN	ARSL	Arylsulfatase L	870084	644520		
P51692	P51692	STA5B_HUMAN	STAT5B	Signal transducer and activator of transcription 5B	819399	1.20147e+06	1.88998e+06	1.36925e+06
P51784	P51784	UBP11_HUMAN	USP11	Ubiquitin carboxyl-terminal hydrolase 11	183989		162075	257858
P51790	P51790	CLCN3_HUMAN	CLCN3	H(+)/Cl(-) exchange transporter 3	712447	598012	286649	539579
P51798	P51798	CLCN7_HUMAN	CLCN7	H(+)/Cl(-) exchange transporter 7	759779	484108	390577	801439
P51808	P51808	DYLT3_HUMAN	DYNLT3	Dynein light chain Tctex-type 3	52469.6			134500
P51809	P51809	VAMP7_HUMAN	VAMP7	Vesicle-associated membrane protein 7	738045	619453	1.14098e+06	994123
P51812	P51812	KS6A3_HUMAN	RPS6KA3	Ribosomal protein S6 kinase alpha-3	1.53547e+06	1.75541e+06	323076	1.20869e+06
P51857	P51857	AK1D1_HUMAN	AKR1D1	Aldo-keto reductase family 1 member D1				6.33621e+07
P51858	P51858	HDGF_HUMAN	HDGF	Hepatoma-derived growth factor	4.68459e+06	9.03936e+06	1.13833e+07	1.22506e+07
P51884	P51884	LUM_HUMAN	LUM	Lumican	1.06897e+07	1.43462e+07	6.75675e+06	1.72179e+07
P51888	P51888	PRELP_HUMAN	PRELP	Prolargin	557747	3.36397e+06	766471	4.36448e+06
P51911	P51911	CNN1_HUMAN	CNN1	Calponin-1	5.39753e+06	1.45386e+07	4.86194e+06	1.73465e+07
P51965;Q969T4;Q96LR5	P51965;Q969T4;Q96LR5	UB2E1_HUMAN;UB2E2_HUMAN;UB2E3_HUMAN	UBE2E1;UBE2E2;UBE2E3	Ubiquitin-conjugating enzyme E2 E1	547443	488267	594108	956020
P51970	P51970	NDUA8_HUMAN	NDUFA8	NADH dehydrogenase [ubiquinone] 1 alpha subcomplex subunit 8	3.11961e+06	2.88648e+06	1.47906e+06	1.65971e+06
P51991	P51991	ROA3_HUMAN	HNRNPA3	Heterogeneous nuclear ribonucleoprotein A3	1.36035e+07	1.17311e+07	1.39484e+07	1.53446e+07
P52209	P52209	6PGD_HUMAN	PGD	6-phosphogluconate dehydrogenase, decarboxylating	1.00477e+07	9.61905e+06	5.55916e+07	2.00596e+07
P52272	P52272	HNRPM_HUMAN	HNRNPM	Heterogeneous nuclear ribonucleoprotein M	8.7457e+06	1.37072e+07	4.12388e+06	8.16781e+06
P52292	P52292	IMA1_HUMAN	KPNA2	Importin subunit alpha-1	1.5464e+06	3.29193e+06		1.79088e+06
P52294	P52294	IMA5_HUMAN	KPNA1	Importin subunit alpha-5	271432	279322	157776	290085
P52298	P52298	NCBP2_HUMAN	NCBP2	Nuclear cap-binding protein subunit 2	697148	892347	568593	690970
P52306	P52306	GDS1_HUMAN	RAP1GDS1	Rap1 GTPase-GDP dissociation stimulator 1	1.01838e+06	924745		858182
P52434	P52434	RPAB3_HUMAN	POLR2H	DNA-directed RNA polymerases I, II, and III subunit RPABC3	688955	581140	473428	838731
P52564	P52564	MP2K6_HUMAN	MAP2K6	Dual specificity mitogen-activated protein kinase kinase 6	1.0114e+06	750064		391249
P52565	P52565	GDIR1_HUMAN	ARHGDIA	Rho GDP-dissociation inhibitor 1	2.99077e+07	2.79446e+07	3.966e+07	4.28438e+07
P52566	P52566	GDIR2_HUMAN	ARHGDIB	Rho GDP-dissociation inhibitor 2	1.50773e+07	1.87273e+07	7.50894e+07	3.75706e+07
P52594	P52594;O95081	AGFG1_HUMAN	AGFG1	Arf-GAP domain and FG repeat-containing protein 1	1.06602e+06	1.02649e+06	1.71939e+06	1.51973e+06
P52597	P52597	HNRPF_HUMAN	HNRNPF	Heterogeneous nuclear ribonucleoprotein F	5.64564e+06	6.24317e+06	5.62769e+06	7.93775e+06
P52630	P52630	STAT2_HUMAN	STAT2	Signal transducer and activator of transcription 2	2.87854e+06	2.45424e+06	1.98097e+06	3.55972e+06
P52657	P52657	T2AG_HUMAN	GTF2A2	Transcription initiation factor IIA subunit 2	193166	159799	63889.6	186539
P52701	P52701	MSH6_HUMAN	MSH6	DNA mismatch repair protein Msh6	239116			480688
P52735	P52735	VAV2_HUMAN	VAV2	Guanine nucleotide exchange factor VAV2	375520	713054	820306	1.1777e+06
P52758	P52758	RIDA_HUMAN	RIDA	2-iminobutanoate/2-iminopropanoate deaminase	2.30362e+06	2.5349e+06	1.11347e+06	1.64046e+06
P52788	P52788	SPSY_HUMAN	SMS	Spermine synthase	1.43768e+06	948339	543586	1.11346e+06
P52789	P52789	HXK2_HUMAN	HK2	Hexokinase-2	4.07085e+06	4.23867e+06	1.60511e+06	2.35729e+06
P52790	P52790	HXK3_HUMAN	HK3	Hexokinase-3	718032	790317	9.12067e+06	3.47386e+06
P52799	P52799	EFNB2_HUMAN	EFNB2	Ephrin-B2	214485	242585		86943.8
P52815	P52815	RM12_HUMAN	MRPL12	Large ribosomal subunit protein bL12m	2.53268e+06	1.40777e+06	389028	2.13711e+06
P52824	P52824	DGKQ_HUMAN	DGKQ	Diacylglycerol kinase theta	86940.9		46420.6	74904.2
P52848	P52848	NDST1_HUMAN	NDST1	Bifunctional heparan sulfate N-deacetylase/N-sulfotransferase 1			162294	149291
P52888	P52888	THOP1_HUMAN	THOP1	Thimet oligopeptidase	1.27633e+06	1.27322e+06	1.31751e+06	1.25542e+06
P52895	P52895;Q04828	AK1C2_HUMAN	AKR1C2	Aldo-keto reductase family 1 member C2	1.82764e+06	3.52642e+06	4.39371e+06	6.69124e+06
P52907	P52907	CAZA1_HUMAN	CAPZA1	F-actin-capping protein subunit alpha-1	7.33815e+06	7.8779e+06	1.60819e+07	1.08426e+07
P52943	P52943	CRIP2_HUMAN	CRIP2	Cysteine-rich protein 2	1.5056e+06	3.42705e+06	1.11173e+06	2.29142e+06
P52948	P52948	NUP98_HUMAN	NUP98	Nuclear pore complex protein Nup98-Nup96	553375	1.05984e+06	656055	829535
P53004	P53004	BIEA_HUMAN	BLVRA	Biliverdin reductase A	3.74181e+06	2.37576e+06	6.57766e+06	5.57865e+06
P53007	P53007	TXTP_HUMAN	SLC25A1	Tricarboxylate transport protein, mitochondrial	3.2605e+06	3.19903e+06	654413	3.15495e+06
P53041	P53041	PPP5_HUMAN	PPP5C	Serine/threonine-protein phosphatase 5	1.39787e+06	1.51533e+06	1.08597e+06	1.8615e+06
P53365	P53365	ARFP2_HUMAN	ARFIP2	Arfaptin-2	2.35559e+06	2.10827e+06		2.13296e+06
P53367	P53367	ARFP1_HUMAN	ARFIP1	Arfaptin-1	3.25337e+06	2.72916e+06		3.03674e+06
P53370	P53370	NUDT6_HUMAN	NUDT6	Nucleoside diphosphate-linked moiety X motif 6	201568		40894.3	93077.9
P53384	P53384	NUBP1_HUMAN	NUBP1	Cytosolic Fe-S cluster assembly factor NUBP1	1.32773e+06	1.76349e+06	833044	701639
P53396	P53396	ACLY_HUMAN	ACLY	ATP-citrate synthase	5.13999e+06	4.14656e+06	5.88458e+06	4.16255e+06
P53582	P53582	MAP11_HUMAN	METAP1	Methionine aminopeptidase 1	622498	501563	525031	1.06521e+06
P53597	P53597	SUCA_HUMAN	SUCLG1	Succinate--CoA ligase [ADP/GDP-forming] subunit alpha, mitochondrial	9.80328e+06	8.52101e+06	630493	5.01025e+06
P53602	P53602	MVD1_HUMAN	MVD	Diphosphomevalonate decarboxylase	1.74462e+06	1.90514e+06	1.21555e+06	1.84537e+06
P53609	P53609	PGTB1_HUMAN	PGGT1B	Geranylgeranyl transferase type-1 subunit beta	594649	292295	721319	716493
P53611	P53611	PGTB2_HUMAN	RABGGTB	Geranylgeranyl transferase type-2 subunit beta	883441	993452	684120	1.05531e+06
P53618	P53618	COPB_HUMAN	COPB1	Coatomer subunit beta	1.00997e+07	7.91206e+06	2.35176e+06	4.97836e+06
P53621	P53621	COPA_HUMAN	COPA	Coatomer subunit alpha	1.04465e+07	8.98458e+06	6.87282e+06	8.90219e+06
P53634	P53634	CATC_HUMAN	CTSC	Dipeptidyl peptidase 1	1.40031e+07	8.32786e+06	1.5584e+07	9.36472e+06
P53680	P53680	AP2S1_HUMAN	AP2S1	AP-2 complex subunit sigma	3.60688e+06	3.28992e+06	6.64315e+06	5.00737e+06
P53701	P53701	CCHL_HUMAN	HCCS	Holocytochrome c-type synthase	1.05311e+06	932699	679219	1.06237e+06
P53801	P53801	PTTG_HUMAN	PTTG1IP	Pituitary tumor-transforming gene 1 protein-interacting protein	432755	227989	2.6438e+06	295686
P53814	P53814	SMTN_HUMAN	SMTN	Smoothelin	780512	1.47239e+06	609790	816308
P53985	P53985	MOT1_HUMAN	SLC16A1	Monocarboxylate transporter 1	752203	970944	482105	936833
P53990	P53990	IST1_HUMAN	IST1	IST1 homolog	1.65867e+06	1.51128e+06	891786	1.6871e+06
P53992	P53992	SC24C_HUMAN	SEC24C	Protein transport protein Sec24C	2.79639e+06	2.16797e+06	2.5049e+06	3.279e+06
P53999	P53999	TCP4_HUMAN	SUB1	Activated RNA polymerase II transcriptional coactivator p15	7.12171e+06	4.69938e+06	5.16228e+06	5.70807e+06
P54105	P54105	ICLN_HUMAN	CLNS1A	Methylosome subunit pICln	899324	1.0006e+06		290635
P54108	P54108	CRIS3_HUMAN	CRISP3	Cysteine-rich secretory protein 3	77003.5	16406.1	3.79101e+06	972497
P54136	P54136	SYRC_HUMAN	RARS1	Arginine--tRNA ligase, cytoplasmic	5.1491e+06	4.52779e+06	1.4182e+06	3.41377e+06
P54252	P54252	ATX3_HUMAN	ATXN3	Ataxin-3	506522	400434		336458
P54289	P54289	CA2D1_HUMAN	CACNA2D1	Voltage-dependent calcium channel subunit alpha-2/delta-1	414905	507958	499031	490199
P54577	P54577	SYYC_HUMAN	YARS1	Tyrosine--tRNA ligase, cytoplasmic	4.06697e+06	4.43104e+06	2.27495e+06	5.78054e+06
P54578	P54578	UBP14_HUMAN	USP14	Ubiquitin carboxyl-terminal hydrolase 14	4.08088e+06	3.25235e+06	4.14656e+06	5.18656e+06
P54619	P54619	AAKG1_HUMAN	PRKAG1	5'-AMP-activated protein kinase subunit gamma-1	2.24694e+06	2.11501e+06	994034	2.97835e+06
P54652	P54652	HSP72_HUMAN	HSPA2	Heat shock-related 70 kDa protein 2	4.60505e+06	5.1348e+06	3.5456e+06	3.86327e+06
P54687	P54687	BCAT1_HUMAN	BCAT1	Branched-chain-amino-acid aminotransferase, cytosolic			1.16643e+06	902458
P54709	P54709	AT1B3_HUMAN	ATP1B3	Sodium/potassium-transporting ATPase subunit beta-3	5.11416e+06	3.31682e+06	4.53846e+06	5.03037e+06
P54725	P54725	RD23A_HUMAN	RAD23A	UV excision repair protein RAD23 homolog A	1.4313e+06	1.23865e+06	1.18143e+06	994722
P54727	P54727	RD23B_HUMAN	RAD23B	UV excision repair protein RAD23 homolog B	6.03871e+06	6.14359e+06	4.22737e+06	5.90819e+06
P54760	P54753;P54760	EPHB4_HUMAN	EPHB4	Ephrin type-B receptor 4	101382		23279.8	110571
P54802	P54802	ANAG_HUMAN	NAGLU	Alpha-N-acetylglucosaminidase	753440	360349	550487	683797
P54819	P54819	KAD2_HUMAN	AK2	Adenylate kinase 2, mitochondrial	9.22405e+06	1.17164e+07	1.13527e+07	1.09464e+07
P54852	P54852	EMP3_HUMAN	EMP3	Epithelial membrane protein 3	548380		950655	889807
P54868	P54868	HMCS2_HUMAN	HMGCS2	Hydroxymethylglutaryl-CoA synthase, mitochondrial	1.65078e+07	1.20756e+07	1.45593e+06	1.63729e+06
P54886	P54886	P5CS_HUMAN	ALDH18A1	Delta-1-pyrroline-5-carboxylate synthase	2.57904e+06	2.53045e+06	839400	1.61102e+06
P54920	P54920	SNAA_HUMAN	NAPA	Alpha-soluble NSF attachment protein	2.06035e+07	1.59932e+07	4.52729e+06	1.03059e+07
P54922	P54922	ADPRH_HUMAN	ADPRH	ADP-ribosylhydrolase ARH1	364948		580296	529599
P55001	P55001	MFAP2_HUMAN	MFAP2	Microfibrillar-associated protein 2	199865	239784	231167	278459
P55008	P55008	AIF1_HUMAN	AIF1	Allograft inflammatory factor 1	1.68578e+06	1.0666e+06	4.71471e+06	1.42711e+06
P55010	P55010	IF5_HUMAN	EIF5	Eukaryotic translation initiation factor 5	1.13598e+06	1.66991e+06	895049	1.65909e+06
P55011	P55011	S12A2_HUMAN	SLC12A2	Solute carrier family 12 member 2	6.69088e+06	5.10886e+06	487314	4.34031e+06
P55036	P55036	PSMD4_HUMAN	PSMD4	26S proteasome non-ATPase regulatory subunit 4	1.92867e+06	1.92332e+06	403872	1.05194e+06
P55039	P55039	DRG2_HUMAN	DRG2	Developmentally-regulated GTP-binding protein 2	710832	1.14225e+06	274932	1.23224e+06
P55056	P55056	APOC4_HUMAN	APOC4	Apolipoprotein C-IV	288781			
P55058	P55058	PLTP_HUMAN	PLTP	Phospholipid transfer protein	569431	319402	474506	400575
P55060	P55060	XPO2_HUMAN	CSE1L	Exportin-2	3.17344e+06	2.33709e+06	1.24005e+06	4.74508e+06
P55061	P55061	BI1_HUMAN	TMBIM6	Bax inhibitor 1	636324	84659.2	723303	644142
P55072	P55072	TERA_HUMAN	VCP	Transitional endoplasmic reticulum ATPase	1.66957e+07	1.50331e+07	1.68653e+07	1.32816e+07
P55083	P55083	MFAP4_HUMAN	MFAP4	Microfibril-associated glycoprotein 4	2.71687e+06	4.30659e+06	2.5116e+06	1.8784e+06
P55084	P55084	ECHB_HUMAN	HADHB	Trifunctional enzyme subunit beta, mitochondrial	2.7629e+07	2.49684e+07	1.96896e+07	2.78689e+07
P55145	P55145	MANF_HUMAN	MANF	Mesencephalic astrocyte-derived neurotrophic factor	4.90762e+06	5.5282e+06	2.36025e+06	3.14771e+06
P55157	P55157	MTP_HUMAN	MTTP	Microsomal triglyceride transfer protein large subunit	506146	513367	439780	747916
P55160	P55160	NCKPL_HUMAN	NCKAP1L	Nck-associated protein 1-like	661256	482941	342631	650930
P55196	P55196	AFAD_HUMAN	AFDN	Afadin	756342	874330	516473	647610
P55209	P55209	NP1L1_HUMAN	NAP1L1	Nucleosome assembly protein 1-like 1	1.53727e+06	832885	349035	2.4598e+06
P55210	P55210	CASP7_HUMAN	CASP7	Caspase-7	1.82412e+06	1.31341e+06	1.24984e+06	1.02696e+06
P55212	P55212	CASP6_HUMAN	CASP6	Caspase-6	2.38403e+06	1.36772e+06	540959	1.36965e+06
P55263	P55263	ADK_HUMAN	ADK	Adenosine kinase	2.98388e+06	2.95988e+06	4.05761e+06	3.51881e+06
P55265	P55265	DSRAD_HUMAN	ADAR	Double-stranded RNA-specific adenosine deaminase	824991	1.18058e+06	1.4317e+06	1.71967e+06
P55268	P55268	LAMB2_HUMAN	LAMB2	Laminin subunit beta-2	433592	678981	675445	1.02205e+06
P55287	P55287	CAD11_HUMAN	CDH11	Cadherin-11	395034			586309
P55290	P55290	CAD13_HUMAN	CDH13	Cadherin-13	679370	1.04088e+06	442198	922247
P55327	P55327	TPD52_HUMAN	TPD52	Tumor protein D52	1.15741e+07	1.00253e+07		2.14661e+06
P55735	P55735	SEC13_HUMAN	SEC13	Protein SEC13 homolog	4.09347e+06	3.33302e+06	4.27522e+06	5.29931e+06
P55769	P55769	NH2L1_HUMAN	SNU13	NHP2-like protein 1	1.34202e+06	1.9851e+06	1.10166e+06	1.90631e+06
P55786	P55786;A6NEC2	PSA_HUMAN	NPEPPS	Puromycin-sensitive aminopeptidase	3.34489e+06	3.18657e+06	1.36019e+06	3.80812e+06
P55789	P55789	ALR_HUMAN	GFER	FAD-linked sulfhydryl oxidase ALR	264547	305819	80522.3	139091
P55795	P55795	HNRH2_HUMAN	HNRNPH2	Heterogeneous nuclear ribonucleoprotein H2	2.1519e+06	1.67911e+06	2.58341e+06	2.62219e+06
P55809	P55809;Q9BYC2	SCOT1_HUMAN	OXCT1	Succinyl-CoA:3-ketoacid coenzyme A transferase 1, mitochondrial	4.33132e+06	3.99011e+06	2.15207e+06	2.45659e+06
P55854	P55854	SUMO3_HUMAN	SUMO3	Small ubiquitin-related modifier 3	86950.6	123781	125541	188044
P55884	P55884	EIF3B_HUMAN	EIF3B	Eukaryotic translation initiation factor 3 subunit B	3.08937e+06	2.50674e+06	3.51837e+06	4.68081e+06
P55899	P55899	FCGRN_HUMAN	FCGRT	IgG receptor FcRn large subunit p51	1.24564e+06	684012	772949	860274
P55957	P55957	BID_HUMAN	BID	BH3-interacting domain death agonist	1.0042e+06	645233		1.1261e+06
P56134	P56134	ATPK_HUMAN	ATP5MF	ATP synthase subunit f, mitochondrial	1.09596e+07	2.86969e+07	4.91136e+06	9.16104e+06
P56181	P56181	NDUV3_HUMAN	NDUFV3	NADH dehydrogenase [ubiquinone] flavoprotein 3, mitochondrial	858175	722670	320327	404356
P56182	P56182	RRP1_HUMAN	RRP1	Ribosomal RNA processing protein 1 homolog A				101612
P56192	P56192	SYMC_HUMAN	MARS1	Methionine--tRNA ligase, cytoplasmic	1.6258e+06	1.1885e+06	457578	1.15708e+06
P56199	P56199	ITA1_HUMAN	ITGA1	Integrin alpha-1	1.65861e+06	2.04217e+06	1.56189e+06	2.85311e+06
P56277	P56277	CMC4_HUMAN	CMC4	Cx9C motif-containing protein 4	217707		113622	162540
P56377	P56377	AP1S2_HUMAN	AP1S2	AP-1 complex subunit sigma-2	582814	765333	2.50549e+06	1.07087e+06
P56378	P56378	ATP68_HUMAN	ATP5MJ	ATP synthase subunit ATP5MJ, mitochondrial	1.32421e+06	491406	368869	805234
P56381	P56381;Q5VTU8	ATP5E_HUMAN	ATP5F1E	ATP synthase subunit epsilon, mitochondrial	1.58826e+07	2.22165e+07	4.91215e+06	8.40286e+06
P56385	P56385	ATP5I_HUMAN	ATP5ME	ATP synthase subunit e, mitochondrial	9.391e+06	8.41271e+06	543849	2.0396e+06
P56470	P56470	LEG4_HUMAN	LGALS4	Galectin-4	1.10758e+08	7.69009e+07	1.30276e+07	6.03284e+07
P56537	P56537	IF6_HUMAN	EIF6	Eukaryotic translation initiation factor 6	4.60015e+06	6.08839e+06	4.7385e+06	1.00893e+07
P56545	P56545	CTBP2_HUMAN	CTBP2	C-terminal-binding protein 2	654431	528175		634785
P56556	P56556	NDUA6_HUMAN	NDUFA6	NADH dehydrogenase [ubiquinone] 1 alpha subcomplex subunit 6	2.82145e+06	1.7402e+06	1.4292e+06	1.4646e+06
P56589	P56589	PEX3_HUMAN	PEX3	Peroxisomal biogenesis factor 3	119043			194310
P56937	P56937	DHB7_HUMAN	HSD17B7	3-keto-steroid reductase/17-beta-hydroxysteroid dehydrogenase 7	482746	515290	185217	627806
P56945	P56945	BCAR1_HUMAN	BCAR1	Breast cancer anti-estrogen resistance protein 1	497068	555236		482716
P56962	P56962	STX17_HUMAN	STX17	Syntaxin-17	638818	1.02571e+06		468735
P57081	P57081	WDR4_HUMAN	WDR4	tRNA (guanine-N(7)-)-methyltransferase non-catalytic subunit WDR4	389585		279151	731475
P57087	P57087	JAM2_HUMAN	JAM2	Junctional adhesion molecule B		66754.2		40007
P57088	P57088	TMM33_HUMAN	TMEM33	Transmembrane protein 33	4.79825e+06	2.17179e+06	1.87093e+06	6.64412e+06
P57105	P57105	SYJ2B_HUMAN	SYNJ2BP	Synaptojanin-2-binding protein	2.00891e+06	1.66576e+06	1.02794e+06	2.02774e+06
P57678	P57678	GEMI4_HUMAN	GEMIN4	Gem-associated protein 4	6.38484e+06	3.30721e+06	1.85004e+06	6.30125e+06
P57730	P57730	CAR18_HUMAN	CARD18	Caspase recruitment domain-containing protein 18		226467	1.44073e+06	
P57735	P57735	RAB25_HUMAN	RAB25	Ras-related protein Rab-25	2.92618e+06	2.533e+06	634560	2.03274e+06
P57737	P57737	CORO7_HUMAN	CORO7	Coronin-7	1.88826e+06	2.09933e+06	2.72993e+06	1.92155e+06
P57740	P57740	NU107_HUMAN	NUP107	Nuclear pore complex protein Nup107	570529	199592	438794	751049
P57764	P57764	GSDMD_HUMAN	GSDMD	Gasdermin-D	3.94633e+06	3.3496e+06		2.61233e+06
P57772	P57772	SELB_HUMAN	EEFSEC	Selenocysteine-specific elongation factor	1.64786e+06	394826	1.39748e+06	2.52233e+06
P57789	P57789	KCNKA_HUMAN	KCNK10	Potassium channel subfamily K member 10			2.65093e+06	
P58107	P58107	EPIPL_HUMAN	EPPK1	Epiplakin	626953	537493	1.66029e+06	867755
P58335	P58335	ANTR2_HUMAN	ANTXR2	Anthrax toxin receptor 2	365417	757711	218869	406210
P58397	P58397	ATS12_HUMAN	ADAMTS12	A disintegrin and metalloproteinase with thrombospondin motifs 12				33014.1
P58499	P58499	FAM3B_HUMAN	FAM3B	Protein FAM3B				993552
P58546	P58546	MTPN_HUMAN	MTPN	Myotrophin	1.82057e+06	1.37349e+06	1.70236e+06	1.52315e+06
P59665	P59665	DEF1_HUMAN	DEFA1	Neutrophil defensin 1			690569	101814
P59666	P59665;P59666	DEF3_HUMAN	DEFA3	Neutrophil defensin 3	1.69892e+07	1.60605e+07	6.98223e+08	2.95288e+08
P59998	P59998	ARPC4_HUMAN	ARPC4	Actin-related protein 2/3 complex subunit 4	2.29346e+07	1.5954e+07	5.92107e+07	3.63173e+07
P60033	P60033	CD81_HUMAN	CD81	CD81 antigen	2.0307e+06	1.98882e+06	1.92715e+06	2.778e+06
P60059	P60059	SC61G_HUMAN	SEC61G	Protein transport protein Sec61 subunit gamma	5.30298e+06	1.41773e+07	842351	2.74051e+06
P60174	P60174	TPIS_HUMAN	TPI1	Triosephosphate isomerase	4.12842e+07	4.33174e+07	6.75347e+07	5.45201e+07
P60228	P60228	EIF3E_HUMAN	EIF3E	Eukaryotic translation initiation factor 3 subunit E	3.88695e+06	3.07654e+06	2.33792e+06	4.76511e+06
P60323	P60323	NANO3_HUMAN	NANOS3	Nanos homolog 3	311820	768117	534835	455759
P60468	P60468	SC61B_HUMAN	SEC61B	Protein transport protein Sec61 subunit beta	7.31217e+06	6.27183e+06	1.62718e+06	6.63622e+06
P60484	P60484	PTEN_HUMAN	PTEN	Phosphatidylinositol 3,4,5-trisphosphate 3-phosphatase and dual-specificity protein phosphatase PTEN	267695	365366	253211	347749
P60510	P60510	PP4C_HUMAN	PPP4C	Serine/threonine-protein phosphatase 4 catalytic subunit	1.33309e+06	762198	1.2655e+06	1.62275e+06
P60520	P60520	GBRL2_HUMAN	GABARAPL2	Gamma-aminobutyric acid receptor-associated protein-like 2	1.03935e+06	1.20523e+06	1.88421e+06	2.5337e+06
P60602	P60602	ROMO1_HUMAN	ROMO1	Reactive oxygen species modulator 1	752199	1.1589e+06	411326	1.34858e+06
P60604	P60604	UB2G2_HUMAN	UBE2G2	Ubiquitin-conjugating enzyme E2 G2	491766	185085		594366
P60660	P60660	MYL6_HUMAN	MYL6	Myosin light polypeptide 6	1.01619e+07	4.86199e+06	1.39091e+07	5.95443e+06
P60673	P60673	PROF3_HUMAN	PFN3	Profilin-3	227783		734752	373269
P60709	P60709;P63261	ACTB_HUMAN	ACTB	Actin, cytoplasmic 1	8.43107e+08	9.061e+08	3.62346e+08	5.2013e+08
P60842	P60842	IF4A1_HUMAN	EIF4A1	Eukaryotic initiation factor 4A-I	3.86227e+07	2.19448e+07	1.02129e+07	4.48848e+07
P60866	P60866	RS20_HUMAN	RPS20	Small ribosomal subunit protein uS10	7.48325e+06	7.20446e+06	688305	2.52737e+06
P60891	P11908;P21108;P60891	PRPS1_HUMAN	PRPS1	Ribose-phosphate pyrophosphokinase 1	6.51196e+06	4.56792e+06	4.13724e+06	3.68124e+06
P60900	P60900	PSA6_HUMAN	PSMA6	Proteasome subunit alpha type-6	1.03552e+07	8.85468e+06	1.38757e+07	1.6888e+07
P60903	P60903	S10AA_HUMAN	S100A10	Protein S100-A10	7.05727e+06	7.57408e+06	1.15688e+06	4.26551e+06
P60953	P60953	CDC42_HUMAN	CDC42	Cell division control protein 42 homolog	8.13405e+06	6.41435e+06	1.27174e+07	9.53644e+06
P60981	P60981	DEST_HUMAN	DSTN	Destrin	1.91077e+06	1.74131e+06	927032	1.68486e+06
P60983	O60234;P60983	GMFB_HUMAN	GMFB	Glia maturation factor beta	1.96743e+06	2.00464e+06	1.50112e+06	2.52179e+06
P61006	P61006;Q92930	RAB8A_HUMAN	RAB8A	Ras-related protein Rab-8A	1.00884e+07	9.57132e+06	8.26171e+06	1.00848e+07
P61009	P61009	SPCS3_HUMAN	SPCS3	Signal peptidase complex subunit 3	9.19824e+06	6.68413e+06	768512	4.29037e+06
P61011	P61011	SRP54_HUMAN	SRP54	Signal recognition particle subunit SRP54	1.2985e+06	1.39218e+06	1.00448e+06	1.26377e+06
P61018	P61018	RAB4B_HUMAN	RAB4B	Ras-related protein Rab-4B	1.11126e+06	877831	1.36768e+06	1.30724e+06
P61019	P61019;Q8WUD1	RAB2A_HUMAN	RAB2A	Ras-related protein Rab-2A	1.39864e+07	9.74405e+06	7.30701e+06	1.23189e+07
P61020	P61020	RAB5B_HUMAN	RAB5B	Ras-related protein Rab-5B	2.77146e+06	2.64729e+06	1.30197e+06	1.99843e+06
P61024	P61024	CKS1_HUMAN	CKS1B	Cyclin-dependent kinases regulatory subunit 1	206102			514144
P61026	P61026	RAB10_HUMAN	RAB10	Ras-related protein Rab-10	5.17224e+06	4.21295e+06	5.63365e+06	7.94828e+06
P61077	P61077;P62837	UB2D3_HUMAN	UBE2D3	Ubiquitin-conjugating enzyme E2 D3	4.25547e+06	2.82516e+06	5.07987e+06	5.40816e+06
P61081	P61081	UBC12_HUMAN	UBE2M	NEDD8-conjugating enzyme Ubc12	2.08265e+06	1.92576e+06	2.34011e+06	3.02334e+06
P61086	P61086	UBE2K_HUMAN	UBE2K	Ubiquitin-conjugating enzyme E2 K	2.72269e+06	2.3044e+06	2.52582e+06	3.18057e+06
P61088	P61088	UBE2N_HUMAN	UBE2N	Ubiquitin-conjugating enzyme E2 N	1.24115e+07	9.43467e+06	1.46146e+07	1.97413e+07
P61106	P61106	RAB14_HUMAN	RAB14	Ras-related protein Rab-14	6.1523e+06	4.61635e+06	4.40897e+06	6.87299e+06
P61158	P61158	ARP3_HUMAN	ACTR3	Actin-related protein 3	9.19282e+06	8.41765e+06	2.4042e+07	1.51412e+07
P61160	P61160	ARP2_HUMAN	ACTR2	Actin-related protein 2	1.09403e+07	9.32277e+06	2.77623e+07	1.79803e+07
P61163	P42025;P61163	ACTZ_HUMAN	ACTR1A	Alpha-centractin	4.11464e+06	4.45051e+06	2.42905e+06	3.21792e+06
P61165	P61165	TM258_HUMAN	TMEM258	Transmembrane protein 258	862439	792792	395395	522214
P61201	P61201	CSN2_HUMAN	COPS2	COP9 signalosome complex subunit 2	1.62568e+06	970519	720862	1.69882e+06
P61204;P84077	P61204;P84077	ARF1_HUMAN;ARF3_HUMAN	ARF1;ARF3	ADP-ribosylation factor 3	1.52219e+07	1.3161e+07	7.57262e+06	1.71502e+07
P61221	P61221	ABCE1_HUMAN	ABCE1	ATP-binding cassette sub-family E member 1	2.35111e+06	2.03343e+06	1.68775e+06	3.4587e+06
P61224	P61224;P62834	RAP1B_HUMAN	RAP1B	Ras-related protein Rap-1b	2.33824e+07	2.62749e+07	5.20749e+07	4.75529e+07
P61225	P10114;P61225;Q9Y3L5	RAP2B_HUMAN	RAP2B	Ras-related protein Rap-2b	2.25195e+06	2.09994e+06	1.48656e+06	1.26283e+06
P61247	P61247	RS3A_HUMAN	RPS3A	Small ribosomal subunit protein eS1	2.89351e+07	2.55736e+07	2.44679e+06	8.23087e+06
P61254	P61254;Q9UNX3	RL26_HUMAN	RPL26	Large ribosomal subunit protein uL24	6.11558e+06	5.41935e+06	574822	1.00356e+06
P61289	P61289	PSME3_HUMAN	PSME3	Proteasome activator complex subunit 3	1.89144e+06	1.47406e+06	565959	1.5591e+06
P61313	P61313	RL15_HUMAN	RPL15	Large ribosomal subunit protein eL15	9.93892e+06	6.6523e+06	3.08051e+06	8.27954e+06
P61326;Q96A72	P61326;Q96A72	MGN2_HUMAN;MGN_HUMAN	MAGOH;MAGOHB	Protein mago nashi homolog	1.42327e+06	1.22167e+06	2.15433e+06	2.25688e+06
P61353	P61353	RL27_HUMAN	RPL27	Large ribosomal subunit protein eL27	1.58369e+07	1.29864e+07	2.85359e+06	7.36638e+06
P61421	P61421	VA0D1_HUMAN	ATP6V0D1	V-type proton ATPase subunit d 1	1.08537e+06	548363	677006	613239
P61457	P61457;Q9H0N5	PHS_HUMAN	PCBD1	Pterin-4-alpha-carbinolamine dehydratase	4.21809e+06	3.27459e+06	1.67381e+06	3.0555e+06
P61513	P61513;A6NKH3	RL37A_HUMAN	RPL37A	Large ribosomal subunit protein eL43	2.43583e+06	1.58969e+06	234797	769923
P61586	P08134;P61586;P62745	RHOA_HUMAN	RHOA	Transforming protein RhoA	2.40208e+07	1.92408e+07	3.54862e+07	3.363e+07
P61599	P61599	NAA20_HUMAN	NAA20	N-alpha-acetyltransferase 20	127668		64814	169762
P61601	P61601	NCALD_HUMAN	NCALD	Neurocalcin-delta	96435.9			162760
P61604	P61604	CH10_HUMAN	HSPE1	10 kDa heat shock protein, mitochondrial	4.32818e+07	6.57664e+07	2.25042e+07	5.37623e+07
P61619	P61619;Q9H9S3	S61A1_HUMAN	SEC61A1	Protein transport protein Sec61 subunit alpha isoform 1	9.72582e+06	6.25118e+06	392502	4.42316e+06
P61626	P61626	LYSC_HUMAN	LYZ	Lysozyme C	4.74499e+07	5.9812e+07	1.37442e+09	3.71713e+08
P61758	P61758	PFD3_HUMAN	VBP1	Prefoldin subunit 3	457670	410036	531465	780695
P61764	P61764	STXB1_HUMAN	STXBP1	Syntaxin-binding protein 1	225075	381670	192098	388966
P61769	P61769	B2MG_HUMAN	B2M	Beta-2-microglobulin	1.94451e+07	1.84143e+07	2.15871e+07	2.20372e+07
P61803	P61803	DAD1_HUMAN	DAD1	Dolichyl-diphosphooligosaccharide--protein glycosyltransferase subunit DAD1	3.46532e+06	1.89895e+06	2.06849e+06	2.187e+06
P61916	P61916	NPC2_HUMAN	NPC2	NPC intracellular cholesterol transporter 2	5.38718e+06	4.32549e+06	1.04666e+07	4.56394e+06
P61923	P61923	COPZ1_HUMAN	COPZ1	Coatomer subunit zeta-1	3.19398e+06	1.98447e+06	253595	720025
P61927	P61927	RL37_HUMAN	RPL37	Large ribosomal subunit protein eL37	1.71123e+06	1.69065e+06	410214	138710
P61956	P55854;P61956;Q6EEV6	SUMO2_HUMAN	SUMO2	Small ubiquitin-related modifier 2	6.01248e+06	1.04249e+07	8.08859e+06	1.11903e+07
P61960	P61960	UFM1_HUMAN	UFM1	Ubiquitin-fold modifier 1	1.51882e+07	7.34475e+06	6.18781e+06	8.88606e+06
P61962	P61962	DCAF7_HUMAN	DCAF7	DDB1- and CUL4-associated factor 7	397539	273009	304025	455958
P61964	P61964	WDR5_HUMAN	WDR5	WD repeat-containing protein 5	408539	384870	685470	915721
P61966	P61966	AP1S1_HUMAN	AP1S1	AP-1 complex subunit sigma-1A	1.56295e+06	1.70165e+06	804760	1.5276e+06
P61970	P61970	NTF2_HUMAN	NUTF2	Nuclear transport factor 2	3.14624e+06	2.52317e+06	3.61973e+06	3.76751e+06
P61978	P61978	HNRPK_HUMAN	HNRNPK	Heterogeneous nuclear ribonucleoprotein K	2.33538e+07	2.33981e+07	1.41907e+07	2.63849e+07
P61981	P61981	1433G_HUMAN	YWHAG	14-3-3 protein gamma	1.56616e+07	1.35368e+07	1.75587e+07	3.35425e+07
P62070	P62070	RRAS2_HUMAN	RRAS2	Ras-related protein R-Ras2	329835	338716	66344.2	201958
P62072	P62072	TIM10_HUMAN	TIMM10	Mitochondrial import inner membrane translocase subunit Tim10	371812	168853	301700	255027
P62081	P62081	RS7_HUMAN	RPS7	Small ribosomal subunit protein eS7	7.20624e+06	1.15324e+07	1.26431e+06	1.77278e+06
P62136	P36873;P62136;P62140	PP1A_HUMAN	PPP1CA	Serine/threonine-protein phosphatase PP1-alpha catalytic subunit	2.06272e+06	1.38176e+06	3.29426e+06	3.79739e+06
P62140	P62140	PP1B_HUMAN	PPP1CB	Serine/threonine-protein phosphatase PP1-beta catalytic subunit	2.37465e+06	1.97346e+06	2.34483e+06	3.70959e+06
P62191	P62191	PRS4_HUMAN	PSMC1	26S proteasome regulatory subunit 4	2.87799e+06	3.45621e+06	916949	1.71328e+06
P62195	P62195	PRS8_HUMAN	PSMC5	26S proteasome regulatory subunit 8	3.18121e+06	2.91938e+06	2.512e+06	2.82235e+06
P62241	P62241	RS8_HUMAN	RPS8	Small ribosomal subunit protein eS8	1.27794e+07	1.0544e+07	2.43775e+06	5.7316e+06
P62244	P62244	RS15A_HUMAN	RPS15A	Small ribosomal subunit protein uS8	5.3072e+06	6.46867e+06	2.71999e+06	7.1473e+06
P62249	P62249	RS16_HUMAN	RPS16	Small ribosomal subunit protein uS9	1.41558e+07	8.92174e+06	2.31171e+06	1.08586e+07
P62253	P62253	UB2G1_HUMAN	UBE2G1	Ubiquitin-conjugating enzyme E2 G1	1.40899e+06		1.13468e+06	2.34501e+06
P62256	P62256	UBE2H_HUMAN	UBE2H	Ubiquitin-conjugating enzyme E2 H	800021		566636	922507
P62258	P62258	1433E_HUMAN	YWHAE	14-3-3 protein epsilon	2.05212e+07	1.14461e+07	1.18324e+07	2.1781e+07
P62263	P62263	RS14_HUMAN	RPS14	Small ribosomal subunit protein uS11	8.02278e+06	1.22236e+07	1.03601e+06	1.32858e+06
P62266	P62266	RS23_HUMAN	RPS23	Small ribosomal subunit protein uS12	7.69709e+06	4.45354e+06	2.2553e+06	3.89515e+06
P62269	P62269	RS18_HUMAN	RPS18	Small ribosomal subunit protein uS13	2.64336e+07	2.48898e+07	1.92657e+06	9.92195e+06
P62273	P62273	RS29_HUMAN	RPS29	Small ribosomal subunit protein uS14	533934	223815	140438	118064
P62277	P62277	RS13_HUMAN	RPS13	Small ribosomal subunit protein uS15	3.17231e+07	3.63413e+07	6.8124e+06	6.00331e+06
P62280	P62280	RS11_HUMAN	RPS11	Small ribosomal subunit protein uS17	7.98e+06	8.98868e+06	1.93843e+06	5.05704e+06
P62304	P62304	RUXE_HUMAN	SNRPE	Small nuclear ribonucleoprotein E	2.87146e+06	4.03267e+06	5.5411e+06	4.83889e+06
P62306	P62306	RUXF_HUMAN	SNRPF	Small nuclear ribonucleoprotein F	1.04655e+06	890855	1.2699e+06	1.91107e+06
P62310	P62310	LSM3_HUMAN	LSM3	U6 snRNA-associated Sm-like protein LSm3	617679	341418	794166	540140
P62312	P62312	LSM6_HUMAN	LSM6	U6 snRNA-associated Sm-like protein LSm6	2.15704e+06	2.95446e+06	2.73971e+06	2.45598e+06
P62314	P62314	SMD1_HUMAN	SNRPD1	Small nuclear ribonucleoprotein Sm D1	2.04944e+06	1.26771e+06	5.54646e+06	4.20573e+06
P62316	P62316	SMD2_HUMAN	SNRPD2	Small nuclear ribonucleoprotein Sm D2	3.53945e+06	5.42047e+06	8.70592e+06	7.02368e+06
P62318	P62318	SMD3_HUMAN	SNRPD3	Small nuclear ribonucleoprotein Sm D3	5.84279e+06	1.09137e+07	1.26089e+07	1.08756e+07
P62328	P62328	TYB4_HUMAN	TMSB4X	Thymosin beta-4	4.39212e+06	7.18768e+06	3.05792e+06	2.3785e+06
P62330	P62330	ARF6_HUMAN	ARF6	ADP-ribosylation factor 6	6.98818e+06	4.21456e+06	3.4585e+06	5.20973e+06
P62333	P62333	PRS10_HUMAN	PSMC6	26S proteasome regulatory subunit 10B	3.16498e+06	2.73956e+06	1.4644e+06	2.57243e+06
P62341	P62341	SELT_HUMAN	SELENOT	Thioredoxin reductase-like selenoprotein T	763272	496542	492093	750860
P62380	P62380	TBPL1_HUMAN	TBPL1	TATA box-binding protein-like 1				56860.4
P62424	P62424	RL7A_HUMAN	RPL7A	Large ribosomal subunit protein eL8	8.83152e+06	9.18967e+06	3.53448e+06	6.40869e+06
P62487	P62487	RPB7_HUMAN	POLR2G	DNA-directed RNA polymerase II subunit RPB7	141580		284355	327532
P62495	P62495	ERF1_HUMAN	ETF1	Eukaryotic peptide chain release factor subunit 1	3.55399e+06	2.52431e+06	4.0741e+06	4.42376e+06
P62633	P62633	CNBP_HUMAN	CNBP	CCHC-type zinc finger nucleic acid binding protein	1.81484e+06	2.21567e+06	655836	1.57926e+06
P62699	P62699	YPEL5_HUMAN	YPEL5	Protein yippee-like 5	327099	352068	313775	318338
P62701	P62701;Q8TD47	RS4X_HUMAN	RPS4X	Small ribosomal subunit protein eS4, X isoform	1.65067e+07	1.49489e+07	6.02812e+06	1.7403e+07
P62714	P62714	PP2AB_HUMAN	PPP2CB	Serine/threonine-protein phosphatase 2A catalytic subunit beta isoform	400401	334692	330187	449228
P62736	P62736;P63267;P68032;P68133	ACTA_HUMAN	ACTA2	Actin, aortic smooth muscle	1.52239e+08	2.22424e+08	1.26996e+07	4.4002e+07
P62745	P62745	RHOB_HUMAN	RHOB	Rho-related GTP-binding protein RhoB	176232		118524	202937
P62750	P62750	RL23A_HUMAN	RPL23A	Large ribosomal subunit protein uL23	5.39207e+06	6.85119e+06	2.44607e+06	3.26369e+06
P62753	P62753	RS6_HUMAN	RPS6	Small ribosomal subunit protein eS6	8.09448e+06	6.327e+06	1.48115e+06	1.48344e+06
P62760	P62760	VISL1_HUMAN	VSNL1	Visinin-like protein 1	164445		111640	593016
P62805	P62805	H4_HUMAN	H4C1	Histone H4	7.04944e+06	7.97904e+06	7.88371e+07	1.04894e+07
P62807	O60814;P06899;P23527;P33778;P57053;P58876;P62807;Q16778;Q5QNW6;Q8N257;Q93079;Q96A08;Q99877;Q99879;Q99880	H2B1C_HUMAN	H2BC4	Histone H2B type 1-C/E/F/G/I	1.74627e+07	1.95395e+07	1.03106e+08	2.62071e+07
P62820	P62820;Q9H0U4	RAB1A_HUMAN	RAB1A	Ras-related protein Rab-1A	6.1282e+07	5.24233e+07	4.21184e+07	5.68784e+07
P62826	P62826	RAN_HUMAN	RAN	GTP-binding nuclear protein Ran	2.86069e+07	2.59554e+07	3.18586e+07	5.23211e+07
P62829	P62829	RL23_HUMAN	RPL23	Large ribosomal subunit protein uL14	4.29563e+06	2.90475e+06	992382	712751
P62834	P62834	RAP1A_HUMAN	RAP1A	Ras-related protein Rap-1A	1.01623e+06	710653	1.51852e+06	1.06662e+06
P62837	P62837	UB2D2_HUMAN	UBE2D2	Ubiquitin-conjugating enzyme E2 D2	1.6747e+06		1.66927e+06	1.33729e+06
P62841	P62841	RS15_HUMAN	RPS15	Small ribosomal subunit protein uS19	5.239e+06	2.96786e+06	629520	1.50004e+06
P62847	P62847	RS24_HUMAN	RPS24	Small ribosomal subunit protein eS24	2.55643e+06	2.01215e+06	800500	1.0098e+06
P62851	P62851	RS25_HUMAN	RPS25	Small ribosomal subunit protein eS25	1.58347e+07	1.86e+07	2.16355e+06	2.74035e+06
P62854	P62854;Q5JNZ5	RS26_HUMAN	RPS26	Small ribosomal subunit protein eS26	1.42207e+07	1.29028e+07	855660	680841
P62857	P62857	RS28_HUMAN	RPS28	Small ribosomal subunit protein eS28	1.97957e+07	1.99901e+07	4.43171e+06	1.76642e+07
P62873	P16520;P62873	GBB1_HUMAN	GNB1	Guanine nucleotide-binding protein G(I)/G(S)/G(T) subunit beta-1	2.46991e+06	1.15072e+06	4.37542e+06	3.50086e+06
P62877	P62877	RBX1_HUMAN	RBX1	E3 ubiquitin-protein ligase RBX1	890378	1.45356e+06	885279	1.0708e+06
P62879	P62873;P62879	GBB2_HUMAN	GNB2	Guanine nucleotide-binding protein G(I)/G(S)/G(T) subunit beta-2	1.75443e+07	1.26738e+07	3.4378e+07	2.35495e+07
P62888	P62888	RL30_HUMAN	RPL30	Large ribosomal subunit protein eL30	4.87423e+06	3.85394e+06	1.51017e+06	5.87461e+06
P62891;Q59GN2	P62891;Q59GN2	R39L5_HUMAN;RL39_HUMAN	RPL39;RPL39P5	Large ribosomal subunit protein eL39	873929		144354	
P62899	P62899	RL31_HUMAN	RPL31	Large ribosomal subunit protein eL31	1.3293e+07	1.16321e+07	781814	299286
P62906	P62906	RL10A_HUMAN	RPL10A	Large ribosomal subunit protein uL1	1.11722e+07	5.59161e+06	5.56547e+06	1.16603e+07
P62910	P62910	RL32_HUMAN	RPL32	Large ribosomal subunit protein eL32	1.21566e+07	7.78595e+06	1.41147e+06	1.78508e+06
P62913	P62913	RL11_HUMAN	RPL11	Large ribosomal subunit protein uL5	1.34627e+07	1.40722e+07	3.37022e+06	9.01381e+06
P62917	P62917	RL8_HUMAN	RPL8	Large ribosomal subunit protein uL2	1.79744e+07	1.6399e+07	2.25991e+06	3.88799e+06
P62937	P62937	PPIA_HUMAN	PPIA	Peptidyl-prolyl cis-trans isomerase A	7.67114e+07	8.61329e+07	1.09582e+08	1.4166e+08
P62942	P62942	FKB1A_HUMAN	FKBP1A	Peptidyl-prolyl cis-trans isomerase FKBP1A	2.02084e+07	2.91587e+07	4.39852e+07	3.74152e+07
P62979	P62979	RS27A_HUMAN	RPS27A	Ubiquitin-ribosomal protein eS31 fusion protein	7.16574e+07	4.42611e+07	6.65281e+07	4.53556e+07
P62993	P62993	GRB2_HUMAN	GRB2	Growth factor receptor-bound protein 2	2.74176e+06	2.86211e+06	7.93256e+06	3.84254e+06
P62995	P62995	TRA2B_HUMAN	TRA2B	Transformer-2 protein homolog beta	1.12784e+06	1.85172e+06	829659	847590
P63000	P15153;P60763;P63000	RAC1_HUMAN	RAC1	Ras-related C3 botulinum toxin substrate 1	1.08893e+07	1.15253e+07	1.48535e+07	1.51811e+07
P63010	P63010;Q10567	AP2B1_HUMAN	AP2B1	AP-2 complex subunit beta	2.90001e+06	2.44516e+06	4.06403e+06	4.24454e+06
P63027	P63027	VAMP2_HUMAN	VAMP2	Vesicle-associated membrane protein 2	750188			
P63092;Q5JWF2	P63092;Q5JWF2	GNAS1_HUMAN;GNAS2_HUMAN	GNAS	Guanine nucleotide-binding protein G(s) subunit alpha isoforms short	2.71052e+06	1.90031e+06	1.31317e+06	1.96292e+06
P63096	P63096	GNAI1_HUMAN	GNAI1	Guanine nucleotide-binding protein G(i) subunit alpha-1	1.10895e+06	1.26654e+06	1.32386e+06	1.33595e+06
P63098	P63098	CANB1_HUMAN	PPP3R1	Calcineurin subunit B type 1	171280		209861	182084
P63104	P63104	1433Z_HUMAN	YWHAZ	14-3-3 protein zeta/delta	5.32691e+07	4.09755e+07	4.36797e+07	7.94819e+07
P63151	P63151	2ABA_HUMAN	PPP2R2A	Serine/threonine-protein phosphatase 2A 55 kDa regulatory subunit B alpha isoform	1.81205e+06	1.79414e+06	2.32269e+06	2.75107e+06
P63165	G2XKQ0;P63165	SUMO1_HUMAN	SUMO1	Small ubiquitin-related modifier 1	1.81159e+06	1.93282e+06	3.24581e+06	4.27432e+06
P63167	P63167;Q96FJ2	DYL1_HUMAN	DYNLL1	Dynein light chain 1, cytoplasmic	7.87473e+06	4.6207e+06	4.11626e+06	5.67458e+06
P63172	P63172	DYLT1_HUMAN	DYNLT1	Dynein light chain Tctex-type 1	648574	579431	242196	579551
P63173	P63173	RL38_HUMAN	RPL38	Large ribosomal subunit protein eL38	495599		141175	173626
P63208	P63208	SKP1_HUMAN	SKP1	S-phase kinase-associated protein 1	3.63784e+06	2.56054e+06	1.91386e+06	3.33151e+06
P63218	P63218;A0A804HLA8	GBG5_HUMAN	GNG5	Guanine nucleotide-binding protein G(I)/G(S)/G(O) subunit gamma-5	219037	209334	314021	268712
P63220	P63220	RS21_HUMAN	RPS21	Small ribosomal subunit protein eS21	1.19171e+07	1.30328e+07	1.82579e+06	9.61299e+06
P63241	P63241;Q9GZV4;Q6IS14	IF5A1_HUMAN	EIF5A	Eukaryotic translation initiation factor 5A-1	1.2194e+07	1.24539e+07	5.56678e+06	1.1229e+07
P63244	P63244	RACK1_HUMAN	RACK1	Small ribosomal subunit protein RACK1	2.16653e+07	1.23245e+07	6.00139e+06	1.90129e+07
P63261	P63261	ACTG_HUMAN	ACTG1	Actin, cytoplasmic 2	268269	872063		198702
P63267	P63267	ACTH_HUMAN	ACTG2	Actin, gamma-enteric smooth muscle	440898	900606		
P63272	P63272	SPT4H_HUMAN	SUPT4H1	Transcription elongation factor SPT4	303670	168378	339203	318417
P63279	P63279	UBC9_HUMAN	UBE2I	SUMO-conjugating enzyme UBC9	2.75311e+06	2.5927e+06	4.37766e+06	4.45128e+06
P63313	P63313	TYB10_HUMAN	TMSB10	Thymosin beta-10	2.09874e+06	3.17314e+06	2.82628e+06	4.22447e+06
P67775	P62714;P67775	PP2AA_HUMAN	PPP2CA	Serine/threonine-protein phosphatase 2A catalytic subunit alpha isoform	7.14221e+06	4.82342e+06	7.69987e+06	9.97109e+06
P67809	P67809	YBOX1_HUMAN	YBX1	Y-box-binding protein 1	8.39099e+06	1.0448e+07	4.67572e+06	1.06523e+07
P67812	P67812	SC11A_HUMAN	SEC11A	Signal peptidase complex catalytic subunit SEC11A	6.96811e+06	4.89764e+06	1.60863e+06	7.14533e+06
P67870	P67870	CSK2B_HUMAN	CSNK2B	Casein kinase II subunit beta	428302	272315	82715	429959
P67936	P06753;P07951;P09493;P67936	TPM4_HUMAN	TPM4	Tropomyosin alpha-4 chain	5.37348e+07	5.49845e+07	5.31556e+07	1.22565e+08
P68036	P68036;A0A1B0GUS4	UB2L3_HUMAN	UBE2L3	Ubiquitin-conjugating enzyme E2 L3	5.14473e+06	4.88305e+06	7.19658e+06	6.08425e+06
P68104;Q5VTE0	P68104;Q5VTE0	EF1A1_HUMAN;EF1A3_HUMAN	EEF1A1;EEF1A1P5	Elongation factor 1-alpha 1	1.23257e+08	1.43408e+08	6.308e+07	2.27266e+08
P68366	A6NHL2;P68363;P68366;Q71U36;Q9BQE3	TBA4A_HUMAN	TUBA4A	Tubulin alpha-4A chain	1.14055e+08	7.59481e+07	1.44029e+07	3.40331e+07
P68371	P04350;P68371	TBB4B_HUMAN	TUBB4B	Tubulin beta-4B chain	1.32573e+08	1.48454e+08	2.57638e+07	1.18619e+07
P68400;Q8NEV1	P68400;Q8NEV1	CSK21_HUMAN;CSK23_HUMAN	CSNK2A1;CSNK2A3	Casein kinase II subunit alpha	1.11659e+06	499711	740861	1.08555e+06
P68402	P68402	PA1B2_HUMAN	PAFAH1B2	Platelet-activating factor acetylhydrolase IB subunit alpha2	8.33161e+06	6.0054e+06	7.65997e+06	1.00526e+07
P68871	P02042;P68871	HBB_HUMAN	HBB	Hemoglobin subunit beta	9.62821e+09	4.06194e+09	8.38256e+09	1.98307e+09
P69849;Q5JPE7	P69849;Q5JPE7	NOMO2_HUMAN;NOMO3_HUMAN	NOMO2;NOMO3	BOS complex subunit NOMO3	669733			
P69891	P69891;P69892	HBG1_HUMAN	HBG1	Hemoglobin subunit gamma-1	1.25294e+07	5.02677e+06	9.21465e+06	1.65832e+06
P69892	P69892	HBG2_HUMAN	HBG2	Hemoglobin subunit gamma-2	2.26226e+06	2.53364e+06	1.75396e+06	484641
P69905	P69905	HBA_HUMAN	HBA1	Hemoglobin subunit alpha	1.69378e+09	1.76338e+09	1.67196e+09	3.8263e+08
P78310	P78310	CXAR_HUMAN	CXADR	Coxsackievirus and adenovirus receptor	897421	840346	312321	840766
P78312	P78312	F193A_HUMAN	FAM193A	Protein FAM193A			149327	290642
P78318	P78318	IGBP1_HUMAN	IGBP1	Immunoglobulin-binding protein 1	2.80871e+06	3.41366e+06	1.14762e+06	1.82589e+06
P78324	P78324;Q9P1W8;Q5TFQ8	SHPS1_HUMAN	SIRPA	Tyrosine-protein phosphatase non-receptor type substrate 1	739158	955055	5.48082e+06	1.56964e+06
P78325	P78325	ADAM8_HUMAN	ADAM8	Disintegrin and metalloproteinase domain-containing protein 8			877696	277165
P78330	P78330	SERB_HUMAN	PSPH	Phosphoserine phosphatase	459876	317547	450144	762755
P78344	P78344	IF4G2_HUMAN	EIF4G2	Eukaryotic translation initiation factor 4 gamma 2	1.45022e+06	1.73064e+06	875788	2.45957e+06
P78346	P78346	RPP30_HUMAN	RPP30	Ribonuclease P protein subunit p30	93647.7			131444
P78347	P78347	GTF2I_HUMAN	GTF2I	General transcription factor II-I	1.72597e+06	1.7936e+06	1.10525e+06	3.93703e+06
P78356	P78356	PI42B_HUMAN	PIP4K2B	Phosphatidylinositol 5-phosphate 4-kinase type-2 beta	286113		419559	491388
P78357	P78357	CNTP1_HUMAN	CNTNAP1	Contactin-associated protein 1	140261		188681	279635
P78364	P78364	PHC1_HUMAN	PHC1	Polyhomeotic-like protein 1	543957	577273		210462
P78371	P78371	TCPB_HUMAN	CCT2	T-complex protein 1 subunit beta	5.69413e+06	4.78649e+06	2.09488e+06	8.66752e+06
P78380	P78380	OLR1_HUMAN	OLR1	Oxidized low-density lipoprotein receptor 1	205243		3.25262e+06	1.08417e+06
P78381	P78381	S35A2_HUMAN	SLC35A2	UDP-galactose translocator		1.81988e+06		
P78382	P78382	S35A1_HUMAN	SLC35A1	CMP-sialic acid transporter	866932	531953	685028	378776
P78383	P78383	S35B1_HUMAN	SLC35B1	Solute carrier family 35 member B1			62821.8	392663
P78406	P78406	RAE1L_HUMAN	RAE1	mRNA export factor RAE1	478691	619258	960979	986542
P78417	P78417	GSTO1_HUMAN	GSTO1	Glutathione S-transferase omega-1	1.54843e+07	8.90236e+06	3.85314e+07	2.57436e+07
P78527	P78527	PRKDC_HUMAN	PRKDC	DNA-dependent protein kinase catalytic subunit	4.60799e+06	3.95998e+06	1.4941e+06	4.44601e+06
P78537	P78537	BL1S1_HUMAN	BLOC1S1	Biogenesis of lysosome-related organelles complex 1 subunit 1	129093			112527
P78560	P78560	CRADD_HUMAN	CRADD	Death domain-containing protein CRADD	56753.7			49284.6
P80108	P80108	PHLD_HUMAN	GPLD1	Phosphatidylinositol-glycan-specific phospholipase D	1.22282e+06	1.05458e+06	704632	494795
P80188	P80188	NGAL_HUMAN	LCN2	Neutrophil gelatinase-associated lipocalin	3.1998e+06	1.95129e+06	1.18153e+08	3.31617e+07
P80217	P80217	IN35_HUMAN	IFI35	Interferon-induced 35 kDa protein	1.26822e+06	1.08645e+06	1.06665e+06	2.44213e+06
P80303	P80303	NUCB2_HUMAN	NUCB2	Nucleobindin-2	3.26446e+06	2.71202e+06	412530	999190
P80365	P80365	DHI2_HUMAN	HSD11B2	11-beta-hydroxysteroid dehydrogenase type 2	5.05854e+06	3.42246e+06	235801	941743
P80404	P80404	GABT_HUMAN	ABAT	4-aminobutyrate aminotransferase, mitochondrial	1.09248e+06	695453	966827	1.51774e+06
P80511	P80511	S10AC_HUMAN	S100A12	Protein S100-A12	1.72191e+06	997059	6.84241e+07	2.69967e+07
P80723	P80723	BASP1_HUMAN	BASP1	Brain acid soluble protein 1	2.80849e+06	4.46623e+06	689064	4.51677e+06
P80748	P80748	LV321_HUMAN	IGLV3-21	Immunoglobulin lambda variable 3-21	6.7503e+06	4.97329e+06	4.87341e+06	1.63691e+06
P81605	P81605	DCD_HUMAN	DCD	Dermcidin	2.02738e+06	8.69242e+06	2.47014e+06	2.42702e+06
P82094	P82094	TMF1_HUMAN	TMF1	TATA element modulatory factor	486378	503380	342238	370559
P82650	P82650	RT22_HUMAN	MRPS22	Small ribosomal subunit protein mS22	1.75421e+06	1.02716e+06	699035	1.25018e+06
P82663	P82663	RT25_HUMAN	MRPS25	Small ribosomal subunit protein mS25	1.74498e+06			1.50004e+06
P82664	P82664	RT10_HUMAN	MRPS10	Small ribosomal subunit protein uS10m	142415			84738.5
P82673	P82673	RT35_HUMAN	MRPS35	Small ribosomal subunit protein mS35	406882	415574	170436	440561
P82675	P82675	RT05_HUMAN	MRPS5	Small ribosomal subunit protein uS5m	721884	579029	116441	545684
P82909	P82909	KGD4_HUMAN	MRPS36	Alpha-ketoglutarate dehydrogenase component 4	1.34348e+06	1.58809e+06		393203
P82912	P82912	RT11_HUMAN	MRPS11	Small ribosomal subunit protein uS11m	678181	389303		492794
P82914	P82914	RT15_HUMAN	MRPS15	Small ribosomal subunit protein uS15m	760669	513756	83616.1	218120
P82921	P82921	RT21_HUMAN	MRPS21	Small ribosomal subunit protein bS21m	348432	395573		
P82930	P82930	RT34_HUMAN	MRPS34	Small ribosomal subunit protein mS34	1.11145e+06	718622	387672	928203
P82932	P82932	RT06_HUMAN	MRPS6	Small ribosomal subunit protein bS6m	134043			
P82933	P82933	RT09_HUMAN	MRPS9	Small ribosomal subunit protein uS9m	468378	315830	57331.2	274366
P82970	P82970	HMGN5_HUMAN	HMGN5	High mobility group nucleosome-binding domain-containing protein 5	352495			19364.8
P82979	P82979	SARNP_HUMAN	SARNP	SAP domain-containing ribonucleoprotein	1.73473e+06	2.84075e+06	364722	871139
P83111	P83111	LACTB_HUMAN	LACTB	Serine beta-lactamase-like protein LACTB, mitochondrial	646245	78446.4	1.02947e+06	657470
P83436	P83436	COG7_HUMAN	COG7	Conserved oligomeric Golgi complex subunit 7	625904	633753		330792
P83731	P83731	RL24_HUMAN	RPL24	Large ribosomal subunit protein eL24	4.82978e+06	2.87823e+06	852428	291445
P83876	P83876	TXN4A_HUMAN	TXNL4A	Thioredoxin-like protein 4A	116627		182209	225895
P83881	P83881	RL36A_HUMAN	RPL36A	Large ribosomal subunit protein eL42	362440			
P83916	P83916	CBX1_HUMAN	CBX1	Chromobox protein homolog 1	727839	910941	1.32115e+06	859616
P84085	P84085	ARF5_HUMAN	ARF5	ADP-ribosylation factor 5	4.73107e+07	3.32277e+07	2.48088e+07	3.62101e+07
P84090	P84090	ERH_HUMAN	ERH	Enhancer of rudimentary homolog	1.12061e+06	813206	1.2154e+06	1.96084e+06
P84095	P84095	RHOG_HUMAN	RHOG	Rho-related GTP-binding protein RhoG	2.87127e+06	3.23903e+06	2.58532e+06	2.94794e+06
P84098	P84098	RL19_HUMAN	RPL19	Large ribosomal subunit protein eL19	7.30556e+06	7.04539e+06	887539	1.00815e+06
P84101	P84101	SERF2_HUMAN	SERF2	Small EDRK-rich factor 2	430688	601117	468245	604742
P84103	P84103	SRSF3_HUMAN	SRSF3	Serine/arginine-rich splicing factor 3	3.52404e+06	4.06621e+06	2.79812e+06	4.95264e+06
P84157	P84157	MXRA7_HUMAN	MXRA7	Matrix-remodeling-associated protein 7	86086.5			178425
P84243	P84243	H33_HUMAN	H3-3A	Histone H3.3	2.41575e+06	2.87432e+06	2.14927e+07	4.13896e+06
P85037	P85037	FOXK1_HUMAN	FOXK1	Forkhead box protein K1	754664	646916	646724	1.28515e+06
P85298	P85298	RHG08_HUMAN	ARHGAP8	Rho GTPase-activating protein 8	522049	727690		317035
P86791	P86791	CCZ1_HUMAN	CCZ1	Vacuolar fusion protein CCZ1 homolog	191069	175228	102517	237078
P98082	P98082	DAB2_HUMAN	DAB2	Disabled homolog 2	625417	912319	554071	807040
P98088	P98088	MUC5A_HUMAN	MUC5AC	Mucin-5AC		197247		
P98095	P98095	FBLN2_HUMAN	FBLN2	Fibulin-2	736201	823943	2.69349e+06	1.72146e+06
P98160	P98160	PGBM_HUMAN	HSPG2	Basement membrane-specific heparan sulfate proteoglycan core protein	877538	1.60904e+06	3.44873e+06	6.1125e+06
P98170	P98170	XIAP_HUMAN	XIAP	E3 ubiquitin-protein ligase XIAP	488596	365227	287918	502742
P98171	P98171	RHG04_HUMAN	ARHGAP4	Rho GTPase-activating protein 4	745353		1.01351e+06	1.12187e+06
P98172	P98172	EFNB1_HUMAN	EFNB1	Ephrin-B1	561184	1.32309e+06		355851
P98173	P98173	FAM3A_HUMAN	FAM3A	Protein FAM3A	283215	238473	217222	262976
P98179	P98179	RBM3_HUMAN	RBM3	RNA-binding protein 3	4.33475e+06	6.11967e+06	2.93634e+06	3.96493e+06
P98194	P98194	AT2C1_HUMAN	ATP2C1	Calcium-transporting ATPase type 2C member 1	516270	397628	126483	466803
P98196	P98196	AT11A_HUMAN	ATP11A	Phospholipid-transporting ATPase IH			575850	689668
P99999	P99999	CYC_HUMAN	CYCS	Cytochrome c	1.59891e+07	2.75107e+07	9.67003e+06	1.17027e+07
Q00013	Q00013	EM55_HUMAN	MPP1	55 kDa erythrocyte membrane protein	997349	840569	1.27536e+06	854185
Q00059	Q00059	TFAM_HUMAN	TFAM	Transcription factor A, mitochondrial	530940	287530	357150	607052
Q00169	Q00169	PIPNA_HUMAN	PITPNA	Phosphatidylinositol transfer protein alpha isoform	1.13013e+06	893904	1.63626e+06	1.16861e+06
Q00325	Q00325	S25A3_HUMAN	SLC25A3	Solute carrier family 25 member 3	4.05395e+07	3.05135e+07	1.98582e+07	6.32209e+07
Q00341	Q00341	VIGLN_HUMAN	HDLBP	Vigilin	6.27218e+06	5.80576e+06	2.06908e+06	4.36517e+06
Q00534	Q00534	CDK6_HUMAN	CDK6	Cyclin-dependent kinase 6	1.72228e+06	628711	1.10203e+06	3.43616e+06
Q00535	Q00535	CDK5_HUMAN	CDK5	Cyclin-dependent kinase 5	513369	440326	95642.7	278129
Q00577	Q00577	PURA_HUMAN	PURA	Transcriptional activator protein Pur-alpha	1.7268e+06	1.97068e+06	1.68773e+06	1.90698e+06
Q00610	P53675;Q00610	CLH1_HUMAN	CLTC	Clathrin heavy chain 1	1.19406e+07	8.24299e+06	1.02551e+07	8.30389e+06
Q00613	Q00613;Q03933;Q9ULV5	HSF1_HUMAN	HSF1	Heat shock factor protein 1				210849
Q00653	Q00653	NFKB2_HUMAN	NFKB2	Nuclear factor NF-kappa-B p100 subunit	1.30798e+06	1.33504e+06	1.77614e+06	2.42997e+06
Q00688	Q00688	FKBP3_HUMAN	FKBP3	Peptidyl-prolyl cis-trans isomerase FKBP3	3.58392e+06	4.84246e+06	4.76272e+06	6.09868e+06
Q00722	Q00722	PLCB2_HUMAN	PLCB2	1-phosphatidylinositol 4,5-bisphosphate phosphodiesterase beta-2	989047		6.53159e+06	3.1429e+06
Q00765	Q00765	REEP5_HUMAN	REEP5	Receptor expression-enhancing protein 5	2.9524e+06	3.86382e+06	2.20808e+06	2.66795e+06
Q00796	Q00796	DHSO_HUMAN	SORD	Sorbitol dehydrogenase	4.2724e+06	2.83213e+06	3.31525e+06	1.14526e+07
Q00839	Q00839	HNRPU_HUMAN	HNRNPU	Heterogeneous nuclear ribonucleoprotein U	1.81453e+07	2.23316e+07	1.46338e+07	2.20946e+07
Q00978	Q00978	IRF9_HUMAN	IRF9	Interferon regulatory factor 9		95502.7		130274
Q01081	Q01081	U2AF1_HUMAN	U2AF1	Splicing factor U2AF 35 kDa subunit	3.91896e+06	4.74987e+06	2.40812e+06	4.39117e+06
Q01082	Q01082	SPTB2_HUMAN	SPTBN1	Spectrin beta chain, non-erythrocytic 1	5.87337e+06	6.83421e+06	7.57626e+06	1.01203e+07
Q01085	P31483;Q01085	TIAR_HUMAN	TIAL1	Nucleolysin TIAR	2.8666e+06	3.70539e+06	2.78177e+06	4.16594e+06
Q01105	Q01105	SET_HUMAN	SET	Protein SET	6.61445e+06	7.01846e+06	7.16336e+06	1.23764e+07
Q01130	Q01130	SRSF2_HUMAN	SRSF2	Serine/arginine-rich splicing factor 2	5.22402e+06	6.62042e+06	6.85152e+06	8.07215e+06
Q01415	Q01415	GALK2_HUMAN	GALK2	N-acetylgalactosamine kinase	1.31187e+06	1.57818e+06	364911	923594
Q01432	Q01432	AMPD3_HUMAN	AMPD3	AMP deaminase 3	709849		1.02162e+06	1.202e+06
Q01433	Q01433	AMPD2_HUMAN	AMPD2	AMP deaminase 2	750180	442000	1.02355e+06	1.4591e+06
Q01459	Q01459	DIAC_HUMAN	CTBS	Di-N-acetylchitobiase	880710	519908	2.08178e+06	813260
Q01469	Q01469	FABP5_HUMAN	FABP5	Fatty acid-binding protein 5	1.17173e+07	1.66423e+07	1.30844e+07	7.50984e+06
Q01484	Q01484	ANK2_HUMAN	ANK2	Ankyrin-2	106619	129193		39253.6
Q01518	Q01518	CAP1_HUMAN	CAP1	Adenylyl cyclase-associated protein 1	2.26554e+07	2.47092e+07	5.00745e+07	4.39778e+07
Q01524	Q01524	DEF6_HUMAN	DEFA6	Defensin-6	119506	100942		
Q01546	Q01546	K22O_HUMAN	KRT76	Keratin, type II cytoskeletal 2 oral			633706	
Q01581	Q01581	HMCS1_HUMAN	HMGCS1	Hydroxymethylglutaryl-CoA synthase, cytoplasmic	3.0301e+06	3.57477e+06	2.11145e+06	7.47615e+06
Q01650	Q01650	LAT1_HUMAN	SLC7A5	Large neutral amino acids transporter small subunit 1	1.03027e+06	519857		1.17553e+06
Q01658	Q01658	NC2B_HUMAN	DR1	Protein Dr1	527781	721745		303482
Q01780	Q01780	EXOSX_HUMAN	EXOSC10	Exosome component 10	263492		379121	741898
Q01813	Q01813	PFKAP_HUMAN	PFKP	ATP-dependent 6-phosphofructokinase, platelet type	2.6397e+06	3.42806e+06	1.15208e+06	2.54514e+06
Q01844	Q01844	EWS_HUMAN	EWSR1	RNA-binding protein EWS	8.28159e+06	8.38743e+06	9.1911e+06	1.10882e+07
Q01970	Q01970	PLCB3_HUMAN	PLCB3	1-phosphatidylinositol 4,5-bisphosphate phosphodiesterase beta-3	938437	1.22803e+06	837496	1.66471e+06
Q01974	Q01974	ROR2_HUMAN	ROR2	Tyrosine-protein kinase transmembrane receptor ROR2	43885.6		118308	185405
Q01995	Q01995	TAGL_HUMAN	TAGLN	Transgelin	1.4009e+07	2.45826e+07	1.51005e+07	6.44779e+07
Q02083	Q02083	NAAA_HUMAN	NAAA	N-acylethanolamine-hydrolyzing acid amidase	1.13926e+06	527739	816894	601054
Q02094	Q02094	RHAG_HUMAN	RHAG	Ammonium transporter Rh type A	1.42913e+06	485322	1.51203e+06	272040
Q02108	Q02108	GCYA1_HUMAN	GUCY1A1	Guanylate cyclase soluble subunit alpha-1		59762.2	249621	485249
Q02127	Q02127	PYRD_HUMAN	DHODH	Dihydroorotate dehydrogenase (quinone), mitochondrial	513343	433572	448375	514310
Q02153	Q02153	GCYB1_HUMAN	GUCY1B1	Guanylate cyclase soluble subunit beta-1	194623	105098	529070	806363
Q02218	Q02218	ODO1_HUMAN	OGDH	2-oxoglutarate dehydrogenase complex component E1	7.64904e+06	7.05791e+06	6.39855e+06	6.56593e+06
Q02224	Q02224	CENPE_HUMAN	CENPE	Centromere-associated protein E	71327.9			114038
Q02252	Q02252	MMSA_HUMAN	ALDH6A1	Methylmalonate-semialdehyde dehydrogenase [acylating], mitochondrial	4.37826e+06	3.9857e+06	969028	1.80845e+06
Q02318	Q02318	CP27A_HUMAN	CYP27A1	Sterol 26-hydroxylase, mitochondrial	974307	910246	699934	950220
Q02338	Q02338	BDH_HUMAN	BDH1	D-beta-hydroxybutyrate dehydrogenase, mitochondrial	4.7514e+06	3.26552e+06	108316	703148
Q02388	Q02388	CO7A1_HUMAN	COL7A1	Collagen alpha-1(VII) chain	282674		1.90126e+06	1.40603e+06
Q02413	Q02413	DSG1_HUMAN	DSG1	Desmoglein-1	789448	5.09891e+06	2.29469e+06	1.07824e+06
Q02487	Q02487;Q14574	DSC2_HUMAN	DSC2	Desmocollin-2	1.1043e+06	1.74244e+06	1.31502e+06	1.26379e+06
Q02539	Q02539	H11_HUMAN	H1-1	Histone H1.1				70101.6
Q02543	Q02543	RL18A_HUMAN	RPL18A	Large ribosomal subunit protein eL20	5.21919e+06	3.18213e+06	954169	3.39049e+06
Q02750	Q02750	MP2K1_HUMAN	MAP2K1	Dual specificity mitogen-activated protein kinase kinase 1	2.96708e+06	2.69288e+06	3.00067e+06	3.21787e+06
Q02790	Q02790	FKBP4_HUMAN	FKBP4	Peptidyl-prolyl cis-trans isomerase FKBP4	2.84282e+06	2.53047e+06	2.05304e+06	3.86189e+06
Q02809	Q02809	PLOD1_HUMAN	PLOD1	Procollagen-lysine,2-oxoglutarate 5-dioxygenase 1	2.04547e+06	1.17725e+06	5.21976e+06	6.41395e+06
Q02817	Q02817	MUC2_HUMAN	MUC2	Mucin-2	7.41071e+07	4.60574e+07	2.51906e+06	1.04836e+06
Q02818	Q02818	NUCB1_HUMAN	NUCB1	Nucleobindin-1	4.8677e+07	2.91899e+07	7.85236e+06	1.70054e+07
Q02878	Q02878	RL6_HUMAN	RPL6	Large ribosomal subunit protein eL6	1.54233e+07	1.14996e+07	3.81692e+06	9.9266e+06
Q02880	Q02880	TOP2B_HUMAN	TOP2B	DNA topoisomerase 2-beta	244798	132868	471610	557679
Q02952	Q02952	AKA12_HUMAN	AKAP12	A-kinase anchor protein 12	665311	1.0704e+06		558978
Q02978	Q02978	M2OM_HUMAN	SLC25A11	Mitochondrial 2-oxoglutarate/malate carrier protein	5.01782e+06	3.99449e+06	1.10189e+06	3.55538e+06
Q03001	Q03001	DYST_HUMAN	DST	Dystonin	224308		398048	331839
Q03111	Q03111	ENL_HUMAN	MLLT1	Protein ENL			293252	239525
Q03135	Q03135	CAV1_HUMAN	CAV1	Caveolin-1	8.41997e+06	1.05266e+07	7.06851e+06	5.79374e+06
Q03154	Q03154	ACY1_HUMAN	ACY1	Aminoacylase-1	3.23243e+06	2.33707e+06	1.18366e+06	2.61293e+06
Q03169	Q03169	TNAP2_HUMAN	TNFAIP2	Tumor necrosis factor alpha-induced protein 2	221092		139120	403715
Q03252	Q03252	LMNB2_HUMAN	LMNB2	Lamin-B2	1.34783e+06	2.16944e+06	2.98521e+06	1.55184e+06
Q03405	Q03405	UPAR_HUMAN	PLAUR	Urokinase plasminogen activator surface receptor			1.00271e+06	371409
Q03426	Q03426	KIME_HUMAN	MVK	Mevalonate kinase	604241	497143		357796
Q03518	Q03518	TAP1_HUMAN	TAP1	Antigen peptide transporter 1	3.84186e+06	3.6268e+06	1.01323e+06	6.0159e+06
Q03519	Q03519	TAP2_HUMAN	TAP2	Antigen peptide transporter 2	2.98969e+06	2.20604e+06	584217	2.24026e+06
Q03591	P36980;Q03591	FHR1_HUMAN	CFHR1	Complement factor H-related protein 1	1.49889e+06	1.61254e+06	4.32744e+06	1.33933e+06
Q04206	Q04206	TF65_HUMAN	RELA	Transcription factor p65	1.14657e+06	1.37998e+06	1.0475e+06	1.37597e+06
Q04323	Q04323	UBXN1_HUMAN	UBXN1	UBX domain-containing protein 1	1.18872e+06	1.70264e+06	742695	1.41179e+06
Q04446	Q04446	GLGB_HUMAN	GBE1	1,4-alpha-glucan-branching enzyme	1.56862e+06	1.44923e+06	5.41897e+06	2.6986e+06
Q04637	Q04637	IF4G1_HUMAN	EIF4G1	Eukaryotic translation initiation factor 4 gamma 1	2.8044e+06	3.1115e+06	1.57502e+06	3.36707e+06
Q04695	Q04695	K1C17_HUMAN	KRT17	Keratin, type I cytoskeletal 17	633341	2.00411e+06	3.44789e+07	724527
Q04721	Q04721	NOTC2_HUMAN	NOTCH2	Neurogenic locus notch homolog protein 2			69552.4	39875
Q04726	Q04724;Q04725;Q04726;Q04727	TLE3_HUMAN	TLE3	Transducin-like enhancer protein 3	793411	763086	1.29438e+06	1.37125e+06
Q04756	Q04756	HGFA_HUMAN	HGFAC	Hepatocyte growth factor activator	467675	244900	354482	201236
Q04760	Q04760	LGUL_HUMAN	GLO1	Lactoylglutathione lyase	8.29005e+06	7.17638e+06	7.87932e+06	1.36171e+07
Q04837	Q04837	SSBP_HUMAN	SSBP1	Single-stranded DNA-binding protein, mitochondrial	5.72179e+06	6.87487e+06	3.58571e+06	4.90538e+06
Q04864	Q04864	REL_HUMAN	REL	Proto-oncogene c-Rel	1.68923e+06	1.10106e+06	2.00203e+06	2.19925e+06
Q04912	Q04912	RON_HUMAN	MST1R	Macrophage-stimulating protein receptor	198557	234734		180627
Q04917	Q04917	1433F_HUMAN	YWHAH	14-3-3 protein eta	7.68434e+06	6.47834e+06	3.27339e+06	1.03174e+07
Q04941	Q04941	PLP2_HUMAN	PLP2	Proteolipid protein 2	3.87347e+06	6.87087e+06	626441	2.58607e+06
Q05048	Q05048	CSTF1_HUMAN	CSTF1	Cleavage stimulation factor subunit 1	416966	367735	667868	861377
Q05084	Q05084;Q8NDH6	ICA69_HUMAN	ICA1	Islet cell autoantigen 1	368041			223501
Q05086	Q05086	UBE3A_HUMAN	UBE3A	Ubiquitin-protein ligase E3A	779860	862190		677475
Q05193	Q05193	DYN1_HUMAN	DNM1	Dynamin-1	286345	173843	593693	1.19355e+06
Q05209	Q05209	PTN12_HUMAN	PTPN12	Tyrosine-protein phosphatase non-receptor type 12	1.21454e+06	1.20449e+06	756145	2.25265e+06
Q05315	Q05315;A8MUM7	LEG10_HUMAN	CLC	Galectin-10	2.51138e+07	4.07722e+07	5.22277e+07	1.95479e+07
Q05397	Q05397	FAK1_HUMAN	PTK2	Focal adhesion kinase 1	142165		90636.4	275826
Q05513	Q05513	KPCZ_HUMAN	PRKCZ	Protein kinase C zeta type	191093			123352
Q05519	Q05519	SRS11_HUMAN	SRSF11	Serine/arginine-rich splicing factor 11	609068		221485	396914
Q05655	Q05655	KPCD_HUMAN	PRKCD	Protein kinase C delta type	1.01196e+06	1.06904e+06	1.13368e+06	1.3e+06
Q05682	Q05682	CALD1_HUMAN	CALD1	Caldesmon	6.26671e+06	1.00747e+07	8.66401e+06	1.66182e+07
Q05707	Q05707	COEA1_HUMAN	COL14A1	Collagen alpha-1(XIV) chain	2.81141e+06	5.68853e+06	3.30363e+06	3.04426e+06
Q05823	Q05823	RN5A_HUMAN	RNASEL	2-5A-dependent ribonuclease	80430.1		34736.8	84795.3
Q05BV3	Q05BV3	EMAL5_HUMAN	EML5	Echinoderm microtubule-associated protein-like 5	5.34611e+06	4.32845e+06	1.27759e+08	5.56871e+07
Q06033	Q06033	ITIH3_HUMAN	ITIH3	Inter-alpha-trypsin inhibitor heavy chain H3	988737	977761	1.11027e+06	399719
Q06124	Q06124	PTN11_HUMAN	PTPN11	Tyrosine-protein phosphatase non-receptor type 11	929029	1.23198e+06	1.40227e+06	1.49745e+06
Q06136	Q06136	KDSR_HUMAN	KDSR	3-ketodihydrosphingosine reductase	892860	401182	902118	1.53193e+06
Q06141	Q06141	REG3A_HUMAN	REG3A	Regenerating islet-derived protein 3-alpha			219730	1.38459e+06
Q06203	Q06203	PUR1_HUMAN	PPAT	Amidophosphoribosyltransferase	1.69039e+06	925393	971453	1.53597e+06
Q06210	Q06210	GFPT1_HUMAN	GFPT1	Glutamine--fructose-6-phosphate aminotransferase [isomerizing] 1	8.2692e+06	7.5899e+06	915557	4.58783e+06
Q06265	Q06265	EXOS9_HUMAN	EXOSC9	Exosome complex component RRP45	56093.2		94358.4	213651
Q06278	Q06278	AOXA_HUMAN	AOX1	Aldehyde oxidase			735984	347982
Q06323	Q06323	PSME1_HUMAN	PSME1	Proteasome activator complex subunit 1	2.45015e+07	2.0049e+07	1.20759e+07	2.82614e+07
Q06481	Q06481	APLP2_HUMAN	APLP2	Amyloid beta precursor like protein 2	17482.2		22599.1	38702.2
Q06546	Q06546	GABPA_HUMAN	GABPA	GA-binding protein alpha chain	283395	262245		376946
Q06587;Q99496	Q06587;Q99496	RING1_HUMAN;RING2_HUMAN	RING1;RNF2	E3 ubiquitin-protein ligase RING1	149016		90871.2	203118
Q06787	Q06787	FMR1_HUMAN	FMR1	Fragile X messenger ribonucleoprotein 1	106054	94601.8	248092	188813
Q06828	Q06828	FMOD_HUMAN	FMOD	Fibromodulin	1.56314e+06	1.75857e+06	2.57197e+06	4.58762e+06
Q06830	Q06830	PRDX1_HUMAN	PRDX1	Peroxiredoxin-1	4.71959e+07	5.52366e+07	6.18777e+07	7.64807e+07
Q07020	Q07020	RL18_HUMAN	RPL18	Large ribosomal subunit protein eL18	1.07246e+07	8.64041e+06	2.82326e+06	6.18459e+06
Q07021	Q07021	C1QBP_HUMAN	C1QBP	Complement component 1 Q subcomponent-binding protein, mitochondrial	4.64244e+06	3.23373e+06	2.16135e+06	2.34622e+06
Q07065	Q07065	CKAP4_HUMAN	CKAP4	Cytoskeleton-associated protein 4	8.51122e+06	8.63829e+06	3.38771e+06	7.22995e+06
Q07075	Q07075	AMPE_HUMAN	ENPEP	Glutamyl aminopeptidase	111516		326763	686707
Q07108	Q07108	CD69_HUMAN	CD69	Early activation antigen CD69			43146.3	
Q07157	Q07157	ZO1_HUMAN	TJP1	Tight junction protein ZO-1	256327	277312	208951	313110
Q07325	Q07325	CXCL9_HUMAN	CXCL9	C-X-C motif chemokine 9			72320.6	
Q07654	Q07654	TFF3_HUMAN	TFF3	Trefoil factor 3	1.83781e+06	1.12801e+06		
Q07666	O75525;Q07666;Q5VWX1	KHDR1_HUMAN	KHDRBS1	KH domain-containing, RNA-binding, signal transduction-associated protein 1	2.90948e+06	4.5963e+06	3.81228e+06	4.64629e+06
Q07812	Q07812	BAX_HUMAN	BAX	Apoptosis regulator BAX	2.85141e+06	2.54542e+06	2.8307e+06	2.80425e+06
Q07817	Q07817	B2CL1_HUMAN	BCL2L1	Bcl-2-like protein 1	501089	563486	350104	516389
Q07820	Q07820	MCL1_HUMAN	MCL1	Induced myeloid leukemia cell differentiation protein Mcl-1	262807			
Q07866	Q07866;Q9H0B6	KLC1_HUMAN	KLC1	Kinesin light chain 1	766087	862822	239786	895636
Q07889	Q07889;Q07890	SOS1_HUMAN	SOS1	Son of sevenless homolog 1	408535	333571	337943	457400
Q07954	Q07954	LRP1_HUMAN	LRP1	Prolow-density lipoprotein receptor-related protein 1	1.41123e+06	1.65292e+06	3.26175e+06	2.56955e+06
Q07955	Q07955	SRSF1_HUMAN	SRSF1	Serine/arginine-rich splicing factor 1	1.38277e+06	1.75398e+06	2.48221e+06	2.75227e+06
Q07960	Q07960	RHG01_HUMAN	ARHGAP1	Rho GTPase-activating protein 1	8.36876e+06	8.83224e+06	8.15364e+06	1.82504e+07
Q08043	Q08043	ACTN3_HUMAN	ACTN3	Alpha-actinin-3				194389
Q08170	Q08170	SRSF4_HUMAN	SRSF4	Serine/arginine-rich splicing factor 4	100186	50928.1	209964	158106
Q08174	Q08174	PCDH1_HUMAN	PCDH1	Protocadherin-1	564732	717942		349584
Q08188	Q08188	TGM3_HUMAN	TGM3	Protein-glutamine gamma-glutamyltransferase E	1.39047e+06	5.09239e+06	2.15705e+06	1.24821e+06
Q08209	P16298;P48454;Q08209	PP2BA_HUMAN	PPP3CA	Protein phosphatase 3 catalytic subunit alpha	2.83155e+06	2.47357e+06	3.74295e+06	2.89739e+06
Q08211	Q08211	DHX9_HUMAN	DHX9	ATP-dependent RNA helicase A	3.6439e+06	3.06214e+06	2.64385e+06	6.41487e+06
Q08257	Q08257	QOR_HUMAN	CRYZ	Quinone oxidoreductase	3.67431e+06	3.07159e+06	2.92676e+06	5.69697e+06
Q08345	Q08345	DDR1_HUMAN	DDR1	Epithelial discoidin domain-containing receptor 1	181763	72696.5		233225
Q08378	Q08378	GOGA3_HUMAN	GOLGA3	Golgin subfamily A member 3	3.8406e+06	3.99302e+06	2.9712e+06	2.17752e+06
Q08379	Q08379	GOGA2_HUMAN	GOLGA2	Golgin subfamily A member 2	952671	1.35693e+06	456414	782348
Q08380	Q08380	LG3BP_HUMAN	LGALS3BP	Galectin-3-binding protein	8.13288e+06	5.0156e+06	3.30203e+06	7.64445e+06
Q08426	Q08426	ECHP_HUMAN	EHHADH	Peroxisomal bifunctional enzyme	987070	858854	174034	168284
Q08431	Q08431	MFGM_HUMAN	MFGE8	Lactadherin	7.57804e+06	1.35332e+07	1.65824e+07	2.96092e+07
Q08477	Q08477	CP4F3_HUMAN	CYP4F3	Cytochrome P450 4F3	812514		8.20517e+06	2.18897e+06
Q08495	Q08495	DEMA_HUMAN	DMTN	Dematin	739175	602837	1.03491e+06	228290
Q08554	Q08554	DSC1_HUMAN	DSC1	Desmocollin-1	409381	3.26634e+06	693817	568229
Q08623	Q08623	HDHD1_HUMAN	PUDP	Pseudouridine-5'-phosphatase	346124		345047	342769
Q08722	Q08722	CD47_HUMAN	CD47	Leukocyte surface antigen CD47	4.26191e+06	3.49998e+06	9.63585e+06	4.08989e+06
Q08752	Q08752	PPID_HUMAN	PPID	Peptidyl-prolyl cis-trans isomerase D	1.4467e+06	1.85389e+06	1.48108e+06	2.66184e+06
Q08945	Q08945	SSRP1_HUMAN	SSRP1	FACT complex subunit SSRP1	424785	311043	518746	783553
Q08AD1	Q08AD1	CAMP2_HUMAN	CAMSAP2	Calmodulin-regulated spectrin-associated protein 2	38571.7		58347.5	47221.5
Q08AF3	Q08AF3	SLFN5_HUMAN	SLFN5	Schlafen family member 5	572202	358956	641710	910579
Q08AI8	Q08AI8	MB214_HUMAN	MAB21L4	Protein mab-21-like 4			480844	
Q08AM6	Q08AM6	VAC14_HUMAN	VAC14	Protein VAC14 homolog	1.48823e+06	1.21575e+06	655378	1.35348e+06
Q08ET2	Q08ET2	SIG14_HUMAN	SIGLEC14	Sialic acid-binding Ig-like lectin 14			476110	93461.9
Q08J23	Q08J23	NSUN2_HUMAN	NSUN2	RNA cytosine C(5)-methyltransferase NSUN2	1.34036e+06	1.33453e+06	295826	2.59956e+06
Q09028	Q09028	RBBP4_HUMAN	RBBP4	Histone-binding protein RBBP4	1.30759e+06	2.48806e+06	1.62575e+06	2.31214e+06
Q09161	Q09161	NCBP1_HUMAN	NCBP1	Nuclear cap-binding protein subunit 1	475647	286987	308743	918555
Q09328	Q09328	MGT5A_HUMAN	MGAT5	Alpha-1,6-mannosylglycoprotein 6-beta-N-acetylglucosaminyltransferase A	199732		274973	722411
Q09472	Q09472;Q92793	EP300_HUMAN	EP300	Histone acetyltransferase p300	525979	726260	590047	728862
Q09666	Q09666	AHNK_HUMAN	AHNAK	Neuroblast differentiation-associated protein AHNAK	2.29819e+07	3.94119e+07	1.71025e+07	2.18664e+07
Q0GE19	Q0GE19	NTCP7_HUMAN	SLC10A7	Sodium/bile acid cotransporter 7	119598		73490.6	97509.6
Q0IIM8	Q0IIM8	TBC8B_HUMAN	TBC1D8B	TBC1 domain family member 8B	273807	230396		62705
Q0JRZ9	Q0JRZ9	FCHO2_HUMAN	FCHO2	F-BAR domain only protein 2	530555	561167	326608	332865
Q0P6H9	Q0P6H9	TMM62_HUMAN	TMEM62	Transmembrane protein 62				258802
Q0PNE2	Q0PNE2	ELP6_HUMAN	ELP6	Elongator complex protein 6	223807			122039
Q0VD83	Q0VD83	APOBR_HUMAN	APOBR	Apolipoprotein B receptor	2.38731e+06	3.0929e+06	202030	708985
Q0VDF9	Q0VDF9	HSP7E_HUMAN	HSPA14	Heat shock 70 kDa protein 14	476041		162003	372105
Q0VDG4	Q0VDG4	SCRN3_HUMAN	SCRN3	Secernin-3	175579		147717	201930
Q0VGL1	Q0VGL1	LTOR4_HUMAN	LAMTOR4	Ragulator complex protein LAMTOR4	1.26365e+06	1.68234e+06	1.99236e+06	1.6467e+06
Q0ZGT2	Q0ZGT2	NEXN_HUMAN	NEXN	Nexilin	94686.1		240530	270613
Q10469	Q10469	MGAT2_HUMAN	MGAT2	Alpha-1,6-mannosyl-glycoprotein 2-beta-N-acetylglucosaminyltransferase	1.07759e+06	871693	649672	991285
Q10471	Q10471	GALT2_HUMAN	GALNT2	Polypeptide N-acetylgalactosaminyltransferase 2	1.87047e+06	1.71676e+06	2.06679e+06	2.17212e+06
Q10472	Q10472	GALT1_HUMAN	GALNT1	Polypeptide N-acetylgalactosaminyltransferase 1	4.04424e+06	3.368e+06	3.33775e+06	3.55815e+06
Q10567	Q10567	AP1B1_HUMAN	AP1B1	AP-1 complex subunit beta-1	2.43517e+06	1.81109e+06	3.00863e+06	2.74966e+06
Q10570	Q10570	CPSF1_HUMAN	CPSF1	Cleavage and polyadenylation specificity factor subunit 1	404559	267462	590165	863894
Q10588	Q10588	BST1_HUMAN	BST1	ADP-ribosyl cyclase/cyclic ADP-ribose hydrolase 2	196673	320193	5.59407e+06	1.6402e+06
Q10589	Q10589	BST2_HUMAN	BST2	Bone marrow stromal antigen 2	1.178e+06	641276	972735	851140
Q10713	Q10713	MPPA_HUMAN	PMPCA	Mitochondrial-processing peptidase subunit alpha	2.45156e+06	2.40034e+06	1.47707e+06	3.3265e+06
Q11206	Q11206	SIA4C_HUMAN	ST3GAL4	CMP-N-acetylneuraminate-beta-galactosamide-alpha-2,3-sialyltransferase 4	1.22168e+06	1.27178e+06		193096
Q12765	Q12765	SCRN1_HUMAN	SCRN1	Secernin-1	814157	1.1289e+06	1.26556e+06	1.90637e+06
Q12768	Q12768	WASC5_HUMAN	WASHC5	WASH complex subunit 5	1.04848e+06	910624	411607	1.38318e+06
Q12769	Q12769	NU160_HUMAN	NUP160	Nuclear pore complex protein Nup160	191771	339923		191933
Q12792	Q12792	TWF1_HUMAN	TWF1	Twinfilin-1	2.48697e+06	2.91552e+06	2.14176e+06	4.3479e+06
Q12797	Q12797	ASPH_HUMAN	ASPH	Aspartyl/asparaginyl beta-hydroxylase	1.69527e+06	1.78152e+06	3.23566e+06	5.07773e+06
Q12800	Q12800;Q9NZI7	TFCP2_HUMAN	TFCP2	Alpha-globin transcription factor CP2	524392		373143	622648
Q12802	Q12802	AKP13_HUMAN	AKAP13	A-kinase anchor protein 13	168012	260398	736293	865589
Q12805	Q12805	FBLN3_HUMAN	EFEMP1	EGF-containing fibulin-like extracellular matrix protein 1	1.70283e+06	2.8375e+06	4.17099e+06	2.48022e+06
Q12824	Q12824	SNF5_HUMAN	SMARCB1	SWI/SNF-related matrix-associated actin-dependent regulator of chromatin subfamily B member 1	648997	846145	626170	519493
Q12841	Q12841	FSTL1_HUMAN	FSTL1	Follistatin-related protein 1	159833		190691	342233
Q12846	Q12846	STX4_HUMAN	STX4	Syntaxin-4	1.51837e+06	1.47244e+06	1.28073e+06	1.15954e+06
Q12849	Q12849	GRSF1_HUMAN	GRSF1	G-rich sequence factor 1	2.60415e+06	4.63371e+06	1.82487e+06	1.48051e+06
Q12864	Q12864	CAD17_HUMAN	CDH17	Cadherin-17	1.12796e+07	1.12577e+07	667197	4.57027e+06
Q12866	Q12866	MERTK_HUMAN	MERTK	Tyrosine-protein kinase Mer	668840	874661	885496	1.20023e+06
Q12874	Q12874	SF3A3_HUMAN	SF3A3	Splicing factor 3A subunit 3	2.89171e+06	3.17655e+06	1.73334e+06	5.05404e+06
Q12882	Q12882	DPYD_HUMAN	DPYD	Dihydropyrimidine dehydrogenase [NADP(+)]	1.83284e+06	1.79396e+06	5.7796e+06	2.79049e+06
Q12884	Q12884	SEPR_HUMAN	FAP	Prolyl endopeptidase FAP	456263	1.35756e+06	2.43255e+06	2.69156e+06
Q12888	Q12888	TP53B_HUMAN	TP53BP1	TP53-binding protein 1	825061	671481	516484	535976
Q12899	Q12899	TRI26_HUMAN	TRIM26	Tripartite motif-containing protein 26	481388		332897	482164
Q12904	Q12904	AIMP1_HUMAN	AIMP1	Aminoacyl tRNA synthase complex-interacting multifunctional protein 1	2.00743e+06	2.48285e+06	1.20963e+06	2.61909e+06
Q12905	Q12905	ILF2_HUMAN	ILF2	Interleukin enhancer-binding factor 2	4.76077e+06	3.04258e+06	7.46081e+06	9.75818e+06
Q12906	Q12906;Q96SI9	ILF3_HUMAN	ILF3	Interleukin enhancer-binding factor 3	8.076e+06	7.39481e+06	1.03387e+07	1.25618e+07
Q12907	Q12907	LMAN2_HUMAN	LMAN2	Vesicular integral-membrane protein VIP36	1.0818e+07	9.75633e+06	9.403e+06	8.05629e+06
Q12913	Q12913	PTPRJ_HUMAN	PTPRJ	Receptor-type tyrosine-protein phosphatase eta	636632	810088	3.77778e+06	1.71798e+06
Q12929	Q12929	EPS8_HUMAN	EPS8	Epidermal growth factor receptor kinase substrate 8		242251		1.06452e+06
Q12931	Q12931	TRAP1_HUMAN	TRAP1	Heat shock protein 75 kDa, mitochondrial	4.13706e+06	3.21701e+06	975123	4.19767e+06
Q12933	Q12933	TRAF2_HUMAN	TRAF2	TNF receptor-associated factor 2	1.03207e+06	1.04907e+06	1.02677e+06	890270
Q12955	Q12955	ANK3_HUMAN	ANK3	Ankyrin-3	377395	481843	242831	487039
Q12959	Q12959;Q15700	DLG1_HUMAN	DLG1	Disks large homolog 1	909301	1.25815e+06	652843	1.16147e+06
Q12965	Q12965	MYO1E_HUMAN	MYO1E	Unconventional myosin-Ie	640740	396410	556186	639055
Q12972	Q12972	PP1R8_HUMAN	PPP1R8	Nuclear inhibitor of protein phosphatase 1	671224	525267	528179	388365
Q12974	Q12974	TP4A2_HUMAN	PTP4A2	Protein tyrosine phosphatase type IVA 2	249427		306221	283890
Q12979	Q12979	ABR_HUMAN	ABR	Active breakpoint cluster region-related protein	1.20266e+06	1.11031e+06	855518	1.40943e+06
Q12981	Q12981	SEC20_HUMAN	BNIP1	Vesicle transport protein SEC20	538123	452538	650820	480920
Q12982	Q12982	BNIP2_HUMAN	BNIP2	BCL2/adenovirus E1B 19 kDa protein-interacting protein 2	70149.6		206426	265556
Q12996	Q12996	CSTF3_HUMAN	CSTF3	Cleavage stimulation factor subunit 3	592519	450132	909268	1.02649e+06
Q12999	P35240;Q12999	TSN31_HUMAN	TSPAN31	Tetraspanin-31	1.19789e+06	576292	420225	1.02348e+06
Q13011	Q13011	ECH1_HUMAN	ECH1	Delta(3,5)-Delta(2,4)-dienoyl-CoA isomerase, mitochondrial	1.1369e+07	1.01518e+07	7.26799e+06	1.40701e+07
Q13033	Q13033	STRN3_HUMAN	STRN3	Striatin-3	1.3464e+06	1.4637e+06	1.57209e+06	1.62522e+06
Q13042	Q13042	CDC16_HUMAN	CDC16	Cell division cycle protein 16 homolog	152246	86852.7		247917
Q13043	Q13043;Q13188	STK4_HUMAN	STK4	Serine/threonine-protein kinase 4	882199	135898	1.14927e+06	1.15471e+06
Q13045	Q13045	FLII_HUMAN	FLII	Protein flightless-1 homolog	1.14867e+06	1.54612e+06	2.31263e+06	1.45517e+06
Q13057	Q13057	COASY_HUMAN	COASY	Bifunctional coenzyme A synthase	1.44494e+06	1.29235e+06	637266	2.54795e+06
Q13077	Q13077	TRAF1_HUMAN	TRAF1	TNF receptor-associated factor 1			283536	253089
Q13084	Q13084	RM28_HUMAN	MRPL28	Large ribosomal subunit protein bL28m	732523	233656	249409	660973
Q13085	Q13085	ACACA_HUMAN	ACACA	Acetyl-CoA carboxylase 1	1.37494e+06	382522	495179	1.35329e+06
Q13094	Q13094	LCP2_HUMAN	LCP2	Lymphocyte cytosolic protein 2	527802	408846	1.04466e+06	1.46259e+06
Q13098	Q13098	CSN1_HUMAN	GPS1	COP9 signalosome complex subunit 1	1.66474e+06	1.33163e+06	1.0851e+06	1.64067e+06
Q13107	Q13107	UBP4_HUMAN	USP4	Ubiquitin carboxyl-terminal hydrolase 4	611299	531043	428755	742699
Q13123	Q13123	RED_HUMAN	IK	Protein Red	96794.4		890306	790943
Q13126	Q13126	MTAP_HUMAN	MTAP	S-methyl-5'-thioadenosine phosphorylase	2.84506e+06	2.41108e+06	4.06522e+06	3.14023e+06
Q13131	Q13131	AAPK1_HUMAN	PRKAA1	5'-AMP-activated protein kinase catalytic subunit alpha-1	1.1405e+06	1.49484e+06	1.06151e+06	1.77859e+06
Q13136	Q13136	LIPA1_HUMAN	PPFIA1	Liprin-alpha-1	287313	130880	161199	304691
Q13137	Q13137	CACO2_HUMAN	CALCOCO2	Calcium-binding and coiled-coil domain-containing protein 2	131327		86203.4	170411
Q13144	Q13144	EI2BE_HUMAN	EIF2B5	Translation initiation factor eIF-2B subunit epsilon	1.06072e+06	655867	797758	1.14609e+06
Q13148	Q13148	TADBP_HUMAN	TARDBP	TAR DNA-binding protein 43	2.58658e+06	3.65816e+06	837671	3.28526e+06
Q13151	Q13151	ROA0_HUMAN	HNRNPA0	Heterogeneous nuclear ribonucleoprotein A0	3.70823e+06	5.79422e+06	1.17387e+06	1.88443e+06
Q13153	Q13153	PAK1_HUMAN	PAK1	Serine/threonine-protein kinase PAK 1	1.67473e+06	1.92913e+06	949187	1.46817e+06
Q13155	Q13155	AIMP2_HUMAN	AIMP2	Aminoacyl tRNA synthase complex-interacting multifunctional protein 2	781769	1.40862e+06	420626	919573
Q13158	Q13158	FADD_HUMAN	FADD	FAS-associated death domain protein	139673			204787
Q13162	Q13162	PRDX4_HUMAN	PRDX4	Peroxiredoxin-4	2.09155e+07	1.39269e+07	7.00304e+06	6.98483e+06
Q13177	Q13177	PAK2_HUMAN	PAK2	Serine/threonine-protein kinase PAK 2	1.67609e+06	2.49636e+06	774805	2.39195e+06
Q13185	Q13185	CBX3_HUMAN	CBX3	Chromobox protein homolog 3	999812	1.49334e+06	2.44223e+06	2.37217e+06
Q13188	Q13188	STK3_HUMAN	STK3	Serine/threonine-protein kinase 3	34235.8		32253.2	223606
Q13190	Q13190	STX5_HUMAN	STX5	Syntaxin-5	1.18483e+06	1.07205e+06	1.3222e+06	1.3402e+06
Q13200	Q13200	PSMD2_HUMAN	PSMD2	26S proteasome non-ATPase regulatory subunit 2	1.25251e+07	9.66011e+06	1.38357e+07	1.51801e+07
Q13201	Q13201	MMRN1_HUMAN	MMRN1	Multimerin-1	127411	112150	260482	202252
Q13217	Q13217	DNJC3_HUMAN	DNAJC3	DnaJ homolog subfamily C member 3	1.81955e+06	2.79563e+06	1.32812e+06	2.14638e+06
Q13228	Q13228	SBP1_HUMAN	SELENBP1	Methanethiol oxidase	3.3606e+07	2.29124e+07	1.26983e+07	1.95516e+07
Q13231	Q13231	CHIT1_HUMAN	CHIT1	Chitotriosidase-1	215922		3.14809e+06	700815
Q13232	Q13232	NDK3_HUMAN	NME3	Nucleoside diphosphate kinase 3	2.46965e+06	1.90836e+06	1.31222e+06	1.14078e+06
Q13242	Q13242	SRSF9_HUMAN	SRSF9	Serine/arginine-rich splicing factor 9	736142	538697	548384	971736
Q13243	Q13243	SRSF5_HUMAN	SRSF5	Serine/arginine-rich splicing factor 5	269660			139526
Q13247	Q08170;Q13247	SRSF6_HUMAN	SRSF6	Serine/arginine-rich splicing factor 6	2.96017e+06	3.94519e+06	2.4279e+06	3.88101e+06
Q13257	Q13257	MD2L1_HUMAN	MAD2L1	Mitotic spindle assembly checkpoint protein MAD2A	454915		322831	803535
Q13263	Q13263	TIF1B_HUMAN	TRIM28	Transcription intermediary factor 1-beta	3.94703e+06	4.48429e+06	1.20428e+06	4.14905e+06
Q13277	Q13277	STX3_HUMAN	STX3	Syntaxin-3	328074	421096	1.69973e+06	752813
Q13283	Q13283	G3BP1_HUMAN	G3BP1	Ras GTPase-activating protein-binding protein 1	2.18276e+06	2.16274e+06	1.94643e+06	6.05711e+06
Q13287	Q13287	NMI_HUMAN	NMI	N-myc-interactor	573731	439947	1.29686e+06	1.19096e+06
Q13303	Q13303	KCAB2_HUMAN	KCNAB2	Voltage-gated potassium channel subunit beta-2	749248	272632	3.54687e+06	1.82607e+06
Q13308	Q13308	PTK7_HUMAN	PTK7	Inactive tyrosine-protein kinase 7	1.69222e+06	1.62943e+06	3.41848e+06	4.13892e+06
Q13310	Q13310	PABP4_HUMAN	PABPC4	Polyadenylate-binding protein 4	2.40085e+06	1.989e+06	1.38131e+06	1.67059e+06
Q13315	Q13315	ATM_HUMAN	ATM	Serine-protein kinase ATM	384375	732241	343671	317278
Q13325	Q13325	IFIT5_HUMAN	IFIT5	Interferon-induced protein with tetratricopeptide repeats 5	333302	434869	140680	443588
Q13336	Q13336	UT1_HUMAN	SLC14A1	Urea transporter 1	782915		486729	
Q13347	Q13347	EIF3I_HUMAN	EIF3I	Eukaryotic translation initiation factor 3 subunit I	2.13895e+06	2.64326e+06	2.08589e+06	2.72621e+06
Q13356	Q13356	PPIL2_HUMAN	PPIL2	RING-type E3 ubiquitin-protein ligase PPIL2			84459.2	79096.1
Q13362	Q13362	2A5G_HUMAN	PPP2R5C	Serine/threonine-protein phosphatase 2A 56 kDa regulatory subunit gamma isoform	266519	455077	130168	245196
Q13363	P56545;Q13363	CTBP1_HUMAN	CTBP1	C-terminal-binding protein 1	1.8571e+06	1.91675e+06	396279	792080
Q13393	Q13393	PLD1_HUMAN	PLD1	Phospholipase D1	118615		187103	167501
Q13395	Q13395	TARB1_HUMAN	TARBP1	Probable methyltransferase TARBP1	96784.5			338641
Q13404	Q13404	UB2V1_HUMAN	UBE2V1	Ubiquitin-conjugating enzyme E2 variant 1	8.03029e+06	9.44854e+06	1.12552e+07	1.26152e+07
Q13405	Q13405	RM49_HUMAN	MRPL49	Large ribosomal subunit protein mL49	1.34504e+06	856194	396966	1.12267e+06
Q13409	Q13409	DC1I2_HUMAN	DYNC1I2	Cytoplasmic dynein 1 intermediate chain 2	1.61567e+06	2.6222e+06	1.16194e+06	1.59607e+06
Q13418	Q13418	ILK_HUMAN	ILK	Integrin-linked protein kinase	1.81806e+06	3.03954e+06	1.45174e+06	3.71984e+06
Q13423	Q13423	NNTM_HUMAN	NNT	NAD(P) transhydrogenase, mitochondrial	4.42078e+06	3.69683e+06	1.50031e+06	3.69682e+06
Q13425	Q13425	SNTB2_HUMAN	SNTB2	Beta-2-syntrophin	805958	1.45481e+06	711150	1.34632e+06
Q13426	Q13426	XRCC4_HUMAN	XRCC4	DNA repair protein XRCC4	397850		452237	403306
Q13427	Q13427	PPIG_HUMAN	PPIG	Peptidyl-prolyl cis-trans isomerase G			90639.9	71298.8
Q13428	Q13428	TCOF_HUMAN	TCOF1	Treacle protein	642465	695326	534322	1.79597e+06
Q13435	Q13435	SF3B2_HUMAN	SF3B2	Splicing factor 3B subunit 2	612609	817234	464259	881302
Q13438	Q13438	OS9_HUMAN	OS9	Protein OS-9	294504	204778		73182.8
Q13439	Q13439	GOGA4_HUMAN	GOLGA4	Golgin subfamily A member 4	815272	738134	534434	517457
Q13442	Q13442	HAP28_HUMAN	PDAP1	28 kDa heat- and acid-stable phosphoprotein	1.42309e+06	2.58484e+06	923838	1.97933e+06
Q13443	Q13443	ADAM9_HUMAN	ADAM9	Disintegrin and metalloproteinase domain-containing protein 9	843657	847959	716764	959822
Q13445	Q13445	TMED1_HUMAN	TMED1	Transmembrane emp24 domain-containing protein 1	1.59491e+06	876165		826871
Q13449	Q13449	LSAMP_HUMAN	LSAMP	Limbic system-associated membrane protein	177919	478202	269717	509900
Q13451	Q13451	FKBP5_HUMAN	FKBP5	Peptidyl-prolyl cis-trans isomerase FKBP5	1.16687e+06	822946	1.06265e+06	1.01513e+06
Q13459	Q13459	MYO9B_HUMAN	MYO9B	Unconventional myosin-IXb	168564	243937	270368	291440
Q13464	Q13464	ROCK1_HUMAN	ROCK1	Rho-associated protein kinase 1	1.15253e+06	1.60735e+06	2.39029e+06	1.58871e+06
Q13485	Q13485	SMAD4_HUMAN	SMAD4	Mothers against decapentaplegic homolog 4	221599	223016	68755	442955
Q13488	Q13488	VPP3_HUMAN	TCIRG1	V-type proton ATPase 116 kDa subunit a 3	622307	449642	652458	595384
Q13489;Q13490	Q13489;Q13490	BIRC2_HUMAN;BIRC3_HUMAN	BIRC2;BIRC3	Baculoviral IAP repeat-containing protein 3	40056.9			65877.2
Q13492	Q13492	PICAL_HUMAN	PICALM	Phosphatidylinositol-binding clathrin assembly protein	3.40304e+06	2.75619e+06	5.78797e+06	6.14881e+06
Q13496	Q13496	MTM1_HUMAN	MTM1	Myotubularin	445153	391285	270683	290463
Q13501	Q13501	SQSTM_HUMAN	SQSTM1	Sequestosome-1	261260	379437	280352	771781
Q13505	Q13505	MTX1_HUMAN	MTX1	Metaxin-1	757964	673679		855031
Q13509	Q13509	TBB3_HUMAN	TUBB3	Tubulin beta-3 chain	3.61187e+06	3.37207e+06	625170	1.97201e+06
Q13510	Q13510	ASAH1_HUMAN	ASAH1	Acid ceramidase	1.04575e+07	7.48733e+06	1.50933e+07	7.62932e+06
Q13523	Q13523	PRP4B_HUMAN	PRPF4B	Serine/threonine-protein kinase PRP4 homolog	128954		261304	335817
Q13526	Q13526	PIN1_HUMAN	PIN1	Peptidyl-prolyl cis-trans isomerase NIMA-interacting 1	2.91517e+06	4.00824e+06	2.22853e+06	2.57221e+06
Q13530	Q13530	SERC3_HUMAN	SERINC3	Serine incorporator 3	73487.7		126729	144763
Q13546	Q13546	RIPK1_HUMAN	RIPK1	Receptor-interacting serine/threonine-protein kinase 1	548309	288117	312274	521863
Q13547	Q13547	HDAC1_HUMAN	HDAC1	Histone deacetylase 1	2.72337e+06	2.78261e+06	2.83054e+06	3.97875e+06
Q13555	Q13555	KCC2G_HUMAN	CAMK2G	Calcium/calmodulin-dependent protein kinase type II subunit gamma	402474	545169	772504	811198
Q13557	Q13557	KCC2D_HUMAN	CAMK2D	Calcium/calmodulin-dependent protein kinase type II subunit delta	2.36105e+06	2.78004e+06	1.10164e+06	1.66799e+06
Q13561	Q13561	DCTN2_HUMAN	DCTN2	Dynactin subunit 2	5.74518e+06	5.39246e+06	1.12719e+06	1.79544e+06
Q13564	Q13564	ULA1_HUMAN	NAE1	NEDD8-activating enzyme E1 regulatory subunit	1.82455e+06	1.48045e+06	1.06582e+06	2.50425e+06
Q13568	Q13568	IRF5_HUMAN	IRF5	Interferon regulatory factor 5	47139.7		49724.3	172363
Q13572	Q13572	ITPK1_HUMAN	ITPK1	Inositol-tetrakisphosphate 1-kinase	241603	772638		
Q13573	Q13573	SNW1_HUMAN	SNW1	SNW domain-containing protein 1	220068		350079	253060
Q13576	Q13576	IQGA2_HUMAN	IQGAP2	Ras GTPase-activating-like protein IQGAP2	2.3854e+06	1.83194e+06	1.27206e+06	1.29165e+06
Q13586	Q13586	STIM1_HUMAN	STIM1	Stromal interaction molecule 1	604588	890812	295600	455987
Q13595	Q13595	TRA2A_HUMAN	TRA2A	Transformer-2 protein homolog alpha	733259		1.19588e+06	1.03241e+06
Q13596	Q13596	SNX1_HUMAN	SNX1	Sorting nexin-1	1.51071e+06	1.64093e+06	460250	1.61077e+06
Q13610	Q13610	PWP1_HUMAN	PWP1	Periodic tryptophan protein 1 homolog	288124			389958
Q13615	Q13615;Q9NYA4	MTMR3_HUMAN	MTMR3	Myotubularin-related protein 3	161420		418189	368725
Q13616	Q13616	CUL1_HUMAN	CUL1	Cullin-1	750605	659446	900927	817031
Q13617	Q13617	CUL2_HUMAN	CUL2	Cullin-2	938186	707942	681722	1.0703e+06
Q13618	Q13618	CUL3_HUMAN	CUL3	Cullin-3	992873	629744	1.4347e+06	1.43345e+06
Q13619	Q13619	CUL4A_HUMAN	CUL4A	Cullin-4A	532807	430368	267157	829331
Q13620	Q13620	CUL4B_HUMAN	CUL4B	Cullin-4B	738901	557266	610827	1.192e+06
Q13630	Q13630	FCL_HUMAN	GFUS	GDP-L-fucose synthase	5.60348e+06	6.4068e+06	3.06613e+06	5.27358e+06
Q13636	Q13636;Q9UL26	RAB31_HUMAN	RAB31	Ras-related protein Rab-31	1.25937e+06	1.87115e+06	4.5717e+06	4.17239e+06
Q13637	Q13637	RAB32_HUMAN	RAB32	Ras-related protein Rab-32	2.16011e+06	1.48796e+06	1.38361e+06	2.52283e+06
Q13641	Q13641	TPBG_HUMAN	TPBG	Trophoblast glycoprotein	472928	702496	715910	701002
Q13642	Q13642	FHL1_HUMAN	FHL1	Four and a half LIM domains protein 1	2.29994e+06	3.73669e+06	1.06449e+06	1.52523e+06
Q13643	Q13643	FHL3_HUMAN	FHL3	Four and a half LIM domains protein 3	364071	643187	387251	1.40698e+06
Q13671	Q13671	RIN1_HUMAN	RIN1	Ras and Rab interactor 1	88120.2		47009.3	128462
Q13683	Q13683	ITA7_HUMAN	ITGA7	Integrin alpha-7		580598	186133	447648
Q13685	Q13685	AAMP_HUMAN	AAMP	Angio-associated migratory cell protein	572241	717542	593556	659933
Q13724	Q13724	MOGS_HUMAN	MOGS	Mannosyl-oligosaccharide glucosidase	4.41275e+06	6.0421e+06	6.07874e+06	4.94876e+06
Q13740	Q13740	CD166_HUMAN	ALCAM	CD166 antigen	2.0173e+06	1.95248e+06	1.24457e+06	848570
Q13751	Q13751	LAMB3_HUMAN	LAMB3	Laminin subunit beta-3	327419	375500	179713	446153
Q13795	Q13795	ARFRP_HUMAN	ARFRP1	ADP-ribosylation factor-related protein 1	1.03353e+06	430955		602732
Q13813	Q13813	SPTN1_HUMAN	SPTAN1	Spectrin alpha chain, non-erythrocytic 1	5.10821e+06	5.71214e+06	7.46477e+06	7.85175e+06
Q13825	Q13825	AUHM_HUMAN	AUH	Methylglutaconyl-CoA hydratase, mitochondrial	1.28166e+06	1.73108e+06	555536	907080
Q13835	Q13835	PKP1_HUMAN	PKP1	Plakophilin-1	260033	1.68911e+06	4.06364e+06	341341
Q13838	O00148;Q13838	DX39B_HUMAN	DDX39B	Spliceosome RNA helicase DDX39B	9.69145e+06	6.54462e+06	1.1196e+07	1.62167e+07
Q13867	Q13867	BLMH_HUMAN	BLMH	Bleomycin hydrolase	3.12399e+06	7.08487e+06	6.48433e+06	3.59134e+06
Q13868	Q13868	EXOS2_HUMAN	EXOSC2	Exosome complex component RRP4	572497	445012	663946	832518
Q13884	Q13884	SNTB1_HUMAN	SNTB1	Beta-1-syntrophin	349593	257567	276894	605410
Q13885	Q13885;Q9BVA1	TBB2A_HUMAN	TUBB2A	Tubulin beta-2A chain	5.18746e+06	3.35347e+06	1.17641e+06	1.90774e+06
Q13895	Q13895	BYST_HUMAN	BYSL	Bystin	98722.3			158217
Q13905	Q13905	RPGF1_HUMAN	RAPGEF1	Rap guanine nucleotide exchange factor 1	72798.1		85075.3	103533
Q13907	Q13907	IDI1_HUMAN	IDI1	Isopentenyl-diphosphate Delta-isomerase 1	808716	524952	433410	4.14742e+06
Q13938	Q13938	CAYP1_HUMAN	CAPS	Calcyphosin	1.43137e+06	1.61413e+06		1.09802e+06
Q13948	P39880;Q13948	CASP_HUMAN	CUX1	Protein CASP	683833	357952	262660	542553
Q13951	Q13951	PEBB_HUMAN	CBFB	Core-binding factor subunit beta	1.05515e+06	766713	1.65008e+06	1.75164e+06
Q13952	Q13952	NFYC_HUMAN	NFYC	Nuclear transcription factor Y subunit gamma	595767	462079		714266
Q13976	Q13976	KGP1_HUMAN	PRKG1	cGMP-dependent protein kinase 1	707199	769812	635482	1.28536e+06
Q14002	Q14002	CEAM7_HUMAN	CEACAM7	Carcinoembryonic antigen-related cell adhesion molecule 7	1.01203e+06	1.79795e+06	469089	437440
Q14005	Q14005	IL16_HUMAN	IL16	Pro-interleukin-16	1.20811e+06	807524	2.42078e+06	1.14501e+06
Q14008	Q14008	CKAP5_HUMAN	CKAP5	Cytoskeleton-associated protein 5	575664	840897	653270	1.13875e+06
Q14011	Q14011	CIRBP_HUMAN	CIRBP	Cold-inducible RNA-binding protein	2.47434e+06	2.73155e+06	2.23726e+06	2.62663e+06
Q14019	Q14019	COTL1_HUMAN	COTL1	Coactosin-like protein	1.43629e+07	1.43227e+07	4.12101e+07	2.11512e+07
Q14103	Q14103	HNRPD_HUMAN	HNRNPD	Heterogeneous nuclear ribonucleoprotein D0	1.65859e+07	1.72187e+07	2.11795e+07	3.37412e+07
Q14108	Q14108	SCRB2_HUMAN	SCARB2	Lysosome membrane protein 2	5.068e+06	3.44728e+06	6.25718e+06	5.9392e+06
Q14112	Q14112	NID2_HUMAN	NID2	Nidogen-2	1.35023e+06	1.46879e+06	3.18909e+06	4.96376e+06
Q14116	Q14116	IL18_HUMAN	IL18	Interleukin-18	4.68371e+06	3.44905e+06	3.06713e+06	9.77328e+06
Q14118	Q14118	DAG1_HUMAN	DAG1	Dystroglycan 1	755875	895237	291870	538065
Q14126	Q14126	DSG2_HUMAN	DSG2	Desmoglein-2	2.51878e+06	2.65284e+06	369087	2.4946e+06
Q14134	Q14134	TRI29_HUMAN	TRIM29	Tripartite motif-containing protein 29		278242	1.72927e+06	55985.5
Q14139	Q14139	UBE4A_HUMAN	UBE4A	Ubiquitin conjugation factor E4 A	739416	557913	228229	847454
Q14141	Q14141	SEPT6_HUMAN	SEPTIN6	Septin-6	663912	653163	1.9649e+06	942239
Q14142	Q14142	TRI14_HUMAN	TRIM14	Tripartite motif-containing protein 14	127988		185860	203544
Q14145	Q14145	KEAP1_HUMAN	KEAP1	Kelch-like ECH-associated protein 1	253432		212301	167128
Q14151	Q14151	SAFB2_HUMAN	SAFB2	Scaffold attachment factor B2		319522	714498	572223
Q14152	Q14152	EIF3A_HUMAN	EIF3A	Eukaryotic translation initiation factor 3 subunit A	3.06116e+06	3.5456e+06	2.70706e+06	4.2899e+06
Q14155	Q14155;Q15052	ARHG7_HUMAN	ARHGEF7	Rho guanine nucleotide exchange factor 7	439906	414459	636287	665207
Q14157	Q14157	UBP2L_HUMAN	UBAP2L	Ubiquitin-associated protein 2-like	716434	1.07127e+06	27764.1	586421
Q14160	Q14160	SCRIB_HUMAN	SCRIB	Protein scribble homolog	927051	1.03101e+06	450203	1.22491e+06
Q14161	Q14161	GIT2_HUMAN	GIT2	ARF GTPase-activating protein GIT2	564820	700780	462917	707186
Q14165	Q14165	MLEC_HUMAN	MLEC	Malectin	1.00113e+07	6.73565e+06	5.93407e+06	8.92225e+06
Q14166	Q14166	TTL12_HUMAN	TTLL12	Tubulin--tyrosine ligase-like protein 12	2.99474e+06	2.03487e+06	1.17927e+06	3.36508e+06
Q14185	Q14185	DOCK1_HUMAN	DOCK1	Dedicator of cytokinesis protein 1	342455	317668	476627	715893
Q14192	Q14192	FHL2_HUMAN	FHL2	Four and a half LIM domains protein 2	1.86047e+06	2.73439e+06	1.23901e+06	2.36906e+06
Q14194	Q14194	DPYL1_HUMAN	CRMP1	Dihydropyrimidinase-related protein 1	110988	140769		
Q14195	Q14195	DPYL3_HUMAN	DPYSL3	Dihydropyrimidinase-related protein 3	2.68751e+06	5.84599e+06	4.11961e+06	9.07401e+06
Q14197	Q14197	ICT1_HUMAN	MRPL58	Large ribosomal subunit protein mL62	1.62575e+06	2.80216e+06	459029	1.36755e+06
Q14203	Q14203	DCTN1_HUMAN	DCTN1	Dynactin subunit 1	1.99601e+06	2.10246e+06	2.00335e+06	1.89438e+06
Q14204	Q14204	DYHC1_HUMAN	DYNC1H1	Cytoplasmic dynein 1 heavy chain 1	8.02418e+06	6.75148e+06	2.22873e+06	7.35824e+06
Q14210	Q14210	LY6D_HUMAN	LY6D	Lymphocyte antigen 6D		373740	900293	
Q14232	Q14232	EI2BA_HUMAN	EIF2B1	Translation initiation factor eIF-2B subunit alpha	1.04438e+06	707373	491195	1.30539e+06
Q14240	Q14240	IF4A2_HUMAN	EIF4A2	Eukaryotic initiation factor 4A-II	2.99793e+06	2.15943e+06	1.54352e+06	3.06905e+06
Q14244	Q14244	MAP7_HUMAN	MAP7	Ensconsin	1.00095e+06	1.33476e+06	133747	614607
Q14247	Q14247	SRC8_HUMAN	CTTN	Src substrate cortactin	2.09804e+06	2.9217e+06	885048	2.58563e+06
Q14249	Q14249	NUCG_HUMAN	ENDOG	Endonuclease G, mitochondrial	886690	377215	212850	394974
Q14254	Q14254	FLOT2_HUMAN	FLOT2	Flotillin-2	1.39473e+06	1.50042e+06	1.48161e+06	762991
Q14257	Q14257	RCN2_HUMAN	RCN2	Reticulocalbin-2	275327	405068		
Q14258	Q14258	TRI25_HUMAN	TRIM25	E3 ubiquitin/ISG15 ligase TRIM25	1.57391e+06	1.66101e+06	1.60776e+06	2.19473e+06
Q14289	Q14289	FAK2_HUMAN	PTK2B	Protein-tyrosine kinase 2-beta	619825	590795	494199	797985
Q14314	Q14314	FGL2_HUMAN	FGL2	Fibroleukin	875163	1.03406e+06	1.36829e+06	1.79673e+06
Q14315	Q14315	FLNC_HUMAN	FLNC	Filamin-C	3.99857e+06	6.6955e+06	8.50647e+06	1.1786e+07
Q14318	Q14318	FKBP8_HUMAN	FKBP8	Peptidyl-prolyl cis-trans isomerase FKBP8	1.04449e+06	1.18406e+06	408380	1.77035e+06
Q14320	Q14320	FA50A_HUMAN	FAM50A	Protein FAM50A	140608		170594	242186
Q14344	Q14344	GNA13_HUMAN	GNA13	Guanine nucleotide-binding protein subunit alpha-13	2.09991e+07	1.91259e+07	2.40635e+07	1.76518e+07
Q14376	Q14376	GALE_HUMAN	GALE	UDP-glucose 4-epimerase	5.45838e+06	4.40077e+06	925087	3.73636e+06
Q14392	Q14392	LRC32_HUMAN	LRRC32	Transforming growth factor beta activator LRRC32				304945
Q14410	Q14410	GLPK2_HUMAN	GK2	Glycerol kinase 2				94298
Q14432	Q14432	PDE3A_HUMAN	PDE3A	cGMP-inhibited 3',5'-cyclic phosphodiesterase 3A	342780	466384		556373
Q14435	Q14435	GALT3_HUMAN	GALNT3	Polypeptide N-acetylgalactosaminyltransferase 3	2.83349e+06	2.23046e+06	491224	1.1037e+06
Q14444	Q14444	CAPR1_HUMAN	CAPRIN1	Caprin-1	1.3472e+06	1.5002e+06	1.31608e+06	3.14008e+06
Q14498	Q14498;Q86U06	RBM39_HUMAN	RBM39	RNA-binding protein 39	752793	786626	1.23954e+06	1.50669e+06
Q14508	Q14508	WFDC2_HUMAN	WFDC2	WAP four-disulfide core domain protein 2	1.14955e+06	807564		
Q14520	Q14520	HABP2_HUMAN	HABP2	Hyaluronan-binding protein 2	187367		148021	
Q14534	Q14534	ERG1_HUMAN	SQLE	Squalene monooxygenase	3.16382e+06		2.80754e+06	3.55921e+06
Q14554	Q14554	PDIA5_HUMAN	PDIA5	Protein disulfide-isomerase A5	1.75361e+06	1.16999e+06	339464	1.1096e+06
Q14558	Q14558	KPRA_HUMAN	PRPSAP1	Phosphoribosyl pyrophosphate synthase-associated protein 1	877219	510894	284780	479890
Q14566	Q14566	MCM6_HUMAN	MCM6	DNA replication licensing factor MCM6	924438	836642	180968	1.52662e+06
Q14571	Q14571	ITPR2_HUMAN	ITPR2	Inositol 1,4,5-trisphosphate receptor type 2	407625	151783	238908	349360
Q14573	Q14573	ITPR3_HUMAN	ITPR3	Inositol 1,4,5-trisphosphate receptor type 3	982889	759929	353373	1.4507e+06
Q14574	Q14574	DSC3_HUMAN	DSC3	Desmocollin-3	239363	1.08334e+06	660614	249072
Q14624	Q14624	ITIH4_HUMAN	ITIH4	Inter-alpha-trypsin inhibitor heavy chain H4	1.35961e+07	1.21041e+07	1.14444e+07	4.4552e+06
Q14643	Q14643	ITPR1_HUMAN	ITPR1	Inositol 1,4,5-trisphosphate receptor type 1	214431	107767	136672	217510
Q14644	Q14644	RASA3_HUMAN	RASA3	Ras GTPase-activating protein 3			158905	246524
Q14651	Q14651	PLSI_HUMAN	PLS1	Plastin-1	4.96611e+06	6.24179e+06	1.00327e+06	3.80672e+06
Q14653	Q14653	IRF3_HUMAN	IRF3	Interferon regulatory factor 3	494598	661241	179969	427128
Q14657	Q14657	LAGE3_HUMAN	LAGE3	EKC/KEOPS complex subunit LAGE3	212398	38234		
Q14669	Q14669	TRIPC_HUMAN	TRIP12	E3 ubiquitin-protein ligase TRIP12	355963	401105	429541	551315
Q14671	Q14671;Q8TB72	PUM1_HUMAN	PUM1	Pumilio homolog 1	446991	323434		461116
Q14676	Q14676	MDC1_HUMAN	MDC1	Mediator of DNA damage checkpoint protein 1	320846		276967	
Q14677	Q14677	EPN4_HUMAN	CLINT1	Clathrin interactor 1	1.4691e+06	1.70816e+06	1.15363e+06	855432
Q14683	Q14683	SMC1A_HUMAN	SMC1A	Structural maintenance of chromosomes protein 1A	511291	514738	825704	753608
Q14684	Q14684	RRP1B_HUMAN	RRP1B	Ribosomal RNA processing protein 1 homolog B	37860.6			140044
Q14690	Q14690	RRP5_HUMAN	PDCD11	Protein RRP5 homolog			212073	358063
Q14694	Q14694	UBP10_HUMAN	USP10	Ubiquitin carboxyl-terminal hydrolase 10	854873	762449	319555	1.26773e+06
Q14696	Q14696	MESD_HUMAN	MESD	LRP chaperone MESD	2.29767e+06	4.1556e+06	3.65219e+06	2.23737e+06
Q14697	Q14697	GANAB_HUMAN	GANAB	Neutral alpha-glucosidase AB	2.46014e+07	1.86709e+07	2.02493e+07	2.27106e+07
Q14699	Q14699	RFTN1_HUMAN	RFTN1	Raftlin	468555	535009	241510	1.15257e+06
Q14728	Q14728	MFS10_HUMAN	MFSD10	Major facilitator superfamily domain-containing protein 10	778970	612452	751957	1.2629e+06
Q14738	Q14738	2A5D_HUMAN	PPP2R5D	Serine/threonine-protein phosphatase 2A 56 kDa regulatory subunit delta isoform	665083	866549	176441	677383
Q14739	Q14739	LBR_HUMAN	LBR	Delta(14)-sterol reductase LBR	2.13691e+06	1.95287e+06	5.63584e+06	2.85403e+06
Q14746	Q14746	COG2_HUMAN	COG2	Conserved oligomeric Golgi complex subunit 2	481117	454785		277357
Q14761	Q14761	PTCA_HUMAN	PTPRCAP	Protein tyrosine phosphatase receptor type C-associated protein	263060		212352	133773
Q14764	Q14764	MVP_HUMAN	MVP	Major vault protein	9.94856e+06	1.03695e+07	5.12905e+06	7.36267e+06
Q14766	Q14766	LTBP1_HUMAN	LTBP1	Latent-transforming growth factor beta-binding protein 1	76010.1	433514	443285	278956
Q14767	Q14767	LTBP2_HUMAN	LTBP2	Latent-transforming growth factor beta-binding protein 2	447884	1.07983e+06	1.09181e+06	1.11421e+06
Q14789	Q14789	GOGB1_HUMAN	GOLGB1	Golgin subfamily B member 1	8.53072e+06	7.94998e+06	5.53363e+06	5.68443e+06
Q14790	Q14790	CASP8_HUMAN	CASP8	Caspase-8	2.89294e+06	4.86544e+06	1.95983e+06	2.27683e+06
Q14802	Q14802	FXYD3_HUMAN	FXYD3	FXYD domain-containing ion transport regulator 3	2.19736e+06	1.06654e+06		319379
Q14807	Q14807	KIF22_HUMAN	KIF22	Kinesin-like protein KIF22				23319.9
Q14814	Q14814	MEF2D_HUMAN	MEF2D	Myocyte-specific enhancer factor 2D	358755	121331	124319	262918
Q14839	Q14839	CHD4_HUMAN	CHD4	Chromodomain-helicase-DNA-binding protein 4	5.08788e+06	3.90472e+06	7.25266e+06	8.32313e+06
Q14847	Q14847	LASP1_HUMAN	LASP1	LIM and SH3 domain protein 1	1.08932e+07	2.53201e+07	7.01226e+06	1.30549e+07
Q14894	Q14894	CRYM_HUMAN	CRYM	Ketimine reductase mu-crystallin	3.94999e+06	2.10359e+06	862923	1.56078e+06
Q14914	Q14914	PTGR1_HUMAN	PTGR1	Prostaglandin reductase 1	1.70457e+06	1.56026e+06	1.4863e+06	4.03702e+06
Q14919	Q14919	NC2A_HUMAN	DRAP1	Dr1-associated corepressor	1.03536e+06	1.24323e+06	1.00908e+07	5.49177e+06
Q14956	Q14956	GPNMB_HUMAN	GPNMB	Transmembrane glycoprotein NMB	2.6323e+06	2.47651e+06	3.34294e+06	1.47965e+06
Q14974	Q14974	IMB1_HUMAN	KPNB1	Importin subunit beta-1	4.89745e+06	4.36119e+06	3.77989e+06	5.046e+06
Q14978	Q14978	NOLC1_HUMAN	NOLC1	Nucleolar and coiled-body phosphoprotein 1	349439	640175	591408	834694
Q14980	Q14980	NUMA1_HUMAN	NUMA1	Nuclear mitotic apparatus protein 1	1.73712e+06	2.26614e+06	1.86888e+06	1.91532e+06
Q14994	Q14994	NR1I3_HUMAN	NR1I3	Nuclear receptor subfamily 1 group I member 3	294144		55328.3	129713
Q14997	Q14997	PSME4_HUMAN	PSME4	Proteasome activator complex subunit 4	262547		234494	267426
Q14BN4	Q14BN4	SLMAP_HUMAN	SLMAP	Sarcolemmal membrane-associated protein	974493	1.5077e+06	595326	1.04796e+06
Q14C86	Q14C86	GAPD1_HUMAN	GAPVD1	GTPase-activating protein and VPS9 domain-containing protein 1	480197	481435	516080	410040
Q14CN4	Q14CN4	K2C72_HUMAN	KRT72	Keratin, type II cytoskeletal 72	148002	2.09033e+06	497370	320520
Q14CX7	Q14CX7	NAA25_HUMAN	NAA25	N-alpha-acetyltransferase 25, NatB auxiliary subunit	138441		158697	325143
Q14CZ7	Q14CZ7	FAKD3_HUMAN	FASTKD3	FAST kinase domain-containing protein 3, mitochondrial				87286.5
Q15005	Q15005	SPCS2_HUMAN	SPCS2	Signal peptidase complex subunit 2	1.78635e+07	1.59701e+07	1.62702e+06	7.57121e+06
Q15006	Q15006	EMC2_HUMAN	EMC2	ER membrane protein complex subunit 2	1.18794e+06	1.42512e+06	950176	1.29319e+06
Q15007	Q15007	FL2D_HUMAN	WTAP	Pre-mRNA-splicing regulator WTAP	46570.7	138709		89831
Q15008	Q15008	PSMD6_HUMAN	PSMD6	26S proteasome non-ATPase regulatory subunit 6	2.69816e+07	1.89772e+07	1.05072e+07	2.77802e+07
Q15011	Q15011	HERP1_HUMAN	HERPUD1	Homocysteine-responsive endoplasmic reticulum-resident ubiquitin-like domain member 1 protein	405745	493214		109800
Q15018	Q15018	ABRX2_HUMAN	ABRAXAS2	BRISC complex subunit Abraxas 2	991583	604647	641923	970849
Q15019	Q15019	SEPT2_HUMAN	SEPTIN2	Septin-2	3.30272e+06	4.756e+06	4.62605e+06	6.08414e+06
Q15020	Q15020	SART3_HUMAN	SART3	Squamous cell carcinoma antigen recognized by T-cells 3	1.71252e+06	1.23506e+06	1.35687e+06	2.1492e+06
Q15021	Q15021	CND1_HUMAN	NCAPD2	Condensin complex subunit 1	169769			321987
Q15024	Q15024	EXOS7_HUMAN	EXOSC7	Exosome complex component RRP42	429408		636430	709579
Q15025	Q15025	TNIP1_HUMAN	TNIP1	TNFAIP3-interacting protein 1	213311	279777	232640	
Q15027	Q15027	ACAP1_HUMAN	ACAP1	Arf-GAP with coiled-coil, ANK repeat and PH domain-containing protein 1	281175	221288	832071	434435
Q15029	Q15029	U5S1_HUMAN	EFTUD2	116 kDa U5 small nuclear ribonucleoprotein component	821477	1.20819e+06	1.63419e+06	1.56797e+06
Q15031	Q15031	SYLM_HUMAN	LARS2	Leucine--tRNA ligase, mitochondrial	1.45524e+06	1.15674e+06		924131
Q15035	Q15035	TRAM2_HUMAN	TRAM2	Translocating chain-associated membrane protein 2	604999	199384	302756	
Q15036	Q15036	SNX17_HUMAN	SNX17	Sorting nexin-17	2.59636e+06	2.84912e+06	2.80268e+06	3.44693e+06
Q15041	Q15041	AR6P1_HUMAN	ARL6IP1	ADP-ribosylation factor-like protein 6-interacting protein 1	1.59966e+06	900282	2.54696e+06	2.9002e+06
Q15042	Q15042	RB3GP_HUMAN	RAB3GAP1	Rab3 GTPase-activating protein catalytic subunit	944944	339432	752765	1.04914e+06
Q15043	Q15043	S39AE_HUMAN	SLC39A14	Metal cation symporter ZIP14	761605	246193	519686	1.73464e+06
Q15046	Q15046	SYK_HUMAN	KARS1	Lysine--tRNA ligase	2.07632e+06	2.26725e+06	1.863e+06	3.23715e+06
Q15052	Q15052	ARHG6_HUMAN	ARHGEF6	Rho guanine nucleotide exchange factor 6	787442	1.96514e+06	1.81004e+06	2.00181e+06
Q15056	Q15056	IF4H_HUMAN	EIF4H	Eukaryotic translation initiation factor 4H	6.55041e+06	1.04787e+07	4.3759e+06	8.46011e+06
Q15057	Q15057	ACAP2_HUMAN	ACAP2	Arf-GAP with coiled-coil, ANK repeat and PH domain-containing protein 2	739781	567910	1.08119e+06	829434
Q15061	Q15061	WDR43_HUMAN	WDR43	WD repeat-containing protein 43			127754	199905
Q15063	Q15063	POSTN_HUMAN	POSTN	Periostin	1.89363e+06	1.67572e+06	3.69006e+06	1.32465e+07
Q15067	Q15067	ACOX1_HUMAN	ACOX1	Peroxisomal acyl-coenzyme A oxidase 1	1.15618e+06	1.38118e+06	2.51376e+06	1.78219e+06
Q15070	Q15070	OXA1L_HUMAN	OXA1L	Mitochondrial inner membrane protein OXA1L	1.1713e+06	705833		579924
Q15075	Q15075	EEA1_HUMAN	EEA1	Early endosome antigen 1	1.68157e+06	2.09937e+06	2.36833e+06	2.08569e+06
Q15080	Q15080	NCF4_HUMAN	NCF4	Neutrophil cytosol factor 4	1.23209e+06	1.15552e+06	4.83649e+06	3.09528e+06
Q15084	Q15084	PDIA6_HUMAN	PDIA6	Protein disulfide-isomerase A6	3.66869e+07	3.32789e+07	2.23239e+07	2.50796e+07
Q15102	Q15102	PA1B3_HUMAN	PAFAH1B3	Platelet-activating factor acetylhydrolase IB subunit alpha1	3.60162e+06	2.52903e+06	1.08769e+06	3.64135e+06
Q15113	Q15113	PCOC1_HUMAN	PCOLCE	Procollagen C-endopeptidase enhancer 1	1.01556e+06	1.44735e+06	3.38652e+06	2.62187e+06
Q15118	Q15118	PDK1_HUMAN	PDK1	[Pyruvate dehydrogenase (acetyl-transferring)] kinase isozyme 1, mitochondrial	1.18155e+06	915910		251264
Q15120	Q15120	PDK3_HUMAN	PDK3	[Pyruvate dehydrogenase (acetyl-transferring)] kinase isozyme 3, mitochondrial	359942	624079	61180.4	475082
Q15121	Q15121	PEA15_HUMAN	PEA15	Astrocytic phosphoprotein PEA-15	1.42915e+06	1.41908e+06	161776	2.09039e+06
Q15124	Q15124	PGM5_HUMAN	PGM5	Phosphoglucomutase-like protein 5	1.49193e+06	2.57586e+06	336272	1.77111e+06
Q15125	Q15125	EBP_HUMAN	EBP	3-beta-hydroxysteroid-Delta(8),Delta(7)-isomerase	6.30427e+06	3.80789e+06	2.56251e+06	6.34324e+06
Q15126	Q15126	PMVK_HUMAN	PMVK	Phosphomevalonate kinase	1.04908e+06	1.04087e+06	840309	1.03948e+06
Q15149	Q15149	PLEC_HUMAN	PLEC	Plectin	9.40578e+06	1.14383e+07	1.76093e+07	1.50834e+07
Q15155	P69849;Q15155;Q5JPE7	NOMO1_HUMAN	NOMO1	BOS complex subunit NOMO1	3.17944e+06	2.84859e+06	2.91839e+06	3.59825e+06
Q15165	Q15165	PON2_HUMAN	PON2	Serum paraoxonase/arylesterase 2	1.30117e+06	1.03449e+06	983308	1.78106e+06
Q15166	Q15166	PON3_HUMAN	PON3	Serum paraoxonase/lactonase 3	3.03466e+06	1.76421e+06	2.1273e+06	973956
Q15172	Q15172	2A5A_HUMAN	PPP2R5A	Serine/threonine-protein phosphatase 2A 56 kDa regulatory subunit alpha isoform	393022	220931	521394	658073
Q15181	Q15181	IPYR_HUMAN	PPA1	Inorganic pyrophosphatase	1.13914e+07	1.07193e+07	4.82195e+06	1.08629e+07
Q15185	Q15185	TEBP_HUMAN	PTGES3	Prostaglandin E synthase 3	4.6676e+06	3.57886e+06	4.32269e+06	8.1287e+06
Q15208	Q15208	STK38_HUMAN	STK38	Serine/threonine-protein kinase 38	689390	810552	628927	1.07233e+06
Q15233	Q15233	NONO_HUMAN	NONO	Non-POU domain-containing octamer-binding protein	6.11248e+06	5.9507e+06	5.81155e+06	1.14484e+07
Q15257	Q15257	PTPA_HUMAN	PTPA	Serine/threonine-protein phosphatase 2A activator	4.47217e+06	2.13949e+06	6.46414e+06	4.8941e+06
Q15262	Q15262	PTPRK_HUMAN	PTPRK	Receptor-type tyrosine-protein phosphatase kappa	2.06747e+06	525879	675853	1.2138e+06
Q15274	Q15274	NADC_HUMAN	QPRT	Nicotinate-nucleotide pyrophosphorylase [carboxylating]	916427	804656	240812	1.34016e+06
Q15276	Q15276	RABE1_HUMAN	RABEP1	Rab GTPase-binding effector protein 1	219708	148904	207124	242237
Q15286	Q15286	RAB35_HUMAN	RAB35	Ras-related protein Rab-35	3.30377e+06	3.08483e+06	4.56799e+06	4.8043e+06
Q15287	Q15287	RNPS1_HUMAN	RNPS1	RNA-binding protein with serine-rich domain 1	367573	565984	494895	642140
Q15291	Q15291	RBBP5_HUMAN	RBBP5	Retinoblastoma-binding protein 5	201222	434093	349551	393211
Q15293	Q15293	RCN1_HUMAN	RCN1	Reticulocalbin-1	6.17934e+06	7.40202e+06	1.09699e+06	5.74566e+06
Q15306	Q15306	IRF4_HUMAN	IRF4	Interferon regulatory factor 4	1.51214e+06	1.83175e+06		572275
Q15363	Q15363	TMED2_HUMAN	TMED2	Transmembrane emp24 domain-containing protein 2	6.99553e+06	4.04915e+06	4.6223e+06	5.32492e+06
Q15365	Q15365	PCBP1_HUMAN	PCBP1	Poly(rC)-binding protein 1	1.54881e+07	2.02803e+07	7.28334e+06	2.15059e+07
Q15366	Q15366	PCBP2_HUMAN	PCBP2	Poly(rC)-binding protein 2	1.0603e+07	9.71383e+06	2.98893e+06	8.26443e+06
Q15369	Q15369	ELOC_HUMAN	ELOC	Elongin-C	1.19622e+06	840492	707241	1.75212e+06
Q15370	Q15370	ELOB_HUMAN	ELOB	Elongin-B	2.8791e+06	1.79167e+06	2.09616e+06	3.27855e+06
Q15382	Q15382	RHEB_HUMAN	RHEB	GTP-binding protein Rheb	1.01993e+06	672403	166270	1.36569e+06
Q15386	Q15386	UBE3C_HUMAN	UBE3C	Ubiquitin-protein ligase E3C	358304			297020
Q15388	Q15388	TOM20_HUMAN	TOMM20	Mitochondrial import receptor subunit TOM20 homolog	2.15527e+06	1.3853e+06	820462	2.08964e+06
Q15392	Q15392	DHC24_HUMAN	DHCR24	Delta(24)-sterol reductase	666819	553694	366261	1.21773e+06
Q15393	Q15393	SF3B3_HUMAN	SF3B3	Splicing factor 3B subunit 3	2.12697e+06	2.05438e+06	5.58891e+06	4.78169e+06
Q15404	Q15404	RSU1_HUMAN	RSU1	Ras suppressor protein 1	3.17486e+06	4.88481e+06	6.86483e+06	7.31637e+06
Q15417	Q15417	CNN3_HUMAN	CNN3	Calponin-3	849890	1.63798e+06	1.43649e+06	1.83314e+06
Q15418	P51812;Q15349;Q15418;Q9UK32	KS6A1_HUMAN	RPS6KA1	Ribosomal protein S6 kinase alpha-1	2.36928e+06	2.17432e+06	733721	1.80632e+06
Q15424	Q14151;Q15424	SAFB1_HUMAN	SAFB	Scaffold attachment factor B1	706022	852759	465181	1.08177e+06
Q15427	Q15427	SF3B4_HUMAN	SF3B4	Splicing factor 3B subunit 4	547561	625817	851682	1.13462e+06
Q15428	Q15428	SF3A2_HUMAN	SF3A2	Splicing factor 3A subunit 2	513700	677016	817946	790721
Q15435	Q15435	PP1R7_HUMAN	PPP1R7	Protein phosphatase 1 regulatory subunit 7	3.21283e+06	3.26458e+06	3.16427e+06	3.38842e+06
Q15436	Q15436	SC23A_HUMAN	SEC23A	Protein transport protein Sec23A	3.81218e+06	3.65141e+06	4.66413e+06	7.58918e+06
Q15437	Q15437	SC23B_HUMAN	SEC23B	Protein transport protein Sec23B	4.05526e+06	2.83915e+06	1.36794e+06	1.79077e+06
Q15438	O43739;Q15438;Q99418;Q9UIA0	CYH1_HUMAN	CYTH1	Cytohesin-1	587316		1.29551e+06	771820
Q15459	Q15459	SF3A1_HUMAN	SF3A1	Splicing factor 3A subunit 1	1.42124e+06	1.52974e+06	2.68729e+06	2.99022e+06
Q15477	Q15477	SKI2_HUMAN	SKIC2	Superkiller complex protein 2	510842	458383	357284	653521
Q15485	Q15485	FCN2_HUMAN	FCN2	Ficolin-2	418981		811445	210380
Q15517	Q15517	CDSN_HUMAN	CDSN	Corneodesmosin		3.8029e+06	901176	506322
Q15526	Q15526	SURF1_HUMAN	SURF1	Surfeit locus protein 1	737016	765629		613865
Q15554	Q15554	TERF2_HUMAN	TERF2	Telomeric repeat-binding factor 2	88246.4			120571
Q15555	Q15555	MARE2_HUMAN	MAPRE2	Microtubule-associated protein RP/EB family member 2	543771	536238	296339	826004
Q15582	Q15582	BGH3_HUMAN	TGFBI	Transforming growth factor-beta-induced protein ig-h3	2.33181e+06	3.32827e+06	7.60897e+06	1.21645e+07
Q15599	Q15599	NHRF2_HUMAN	NHERF2	Na(+)/H(+) exchange regulatory cofactor NHE-RF2	282391	541431	186357	507043
Q15628	Q15628	TRADD_HUMAN	TRADD	Tumor necrosis factor receptor type 1-associated DEATH domain protein	407050	352463		253491
Q15629	Q15629	TRAM1_HUMAN	TRAM1	Translocating chain-associated membrane protein 1	3.29379e+06	2.16811e+06	2.53931e+06	3.81135e+06
Q15631	Q15631	TSN_HUMAN	TSN	Translin	2.77509e+06	1.41128e+06	3.72058e+06	5.4366e+06
Q15637	Q15637	SF01_HUMAN	SF1	Splicing factor 1	2.1256e+06	2.48157e+06	1.71948e+06	3.16371e+06
Q15642	Q15642	CIP4_HUMAN	TRIP10	Cdc42-interacting protein 4	479296	461493	285823	622131
Q15643	Q15643	TRIPB_HUMAN	TRIP11	Thyroid receptor-interacting protein 11	403893	341164	250081	426935
Q15645	Q15645	PCH2_HUMAN	TRIP13	Pachytene checkpoint protein 2 homolog	267011			638373
Q15648	Q15648	MED1_HUMAN	MED1	Mediator of RNA polymerase II transcription subunit 1	50056.4		99376.4	109655
Q15650	Q15650	TRIP4_HUMAN	TRIP4	Activating signal cointegrator 1	207716	315370	351532	291936
Q15654	Q15654	TRIP6_HUMAN	TRIP6	Thyroid receptor-interacting protein 6	227364	250522	163362	430389
Q15691	Q15691	MARE1_HUMAN	MAPRE1	Microtubule-associated protein RP/EB family member 1	3.40459e+06	3.56862e+06	3.86456e+06	5.78826e+06
Q15717	Q15717	ELAV1_HUMAN	ELAVL1	ELAV-like protein 1	7.86056e+06	9.57215e+06	8.94906e+06	9.94599e+06
Q15722	Q15722	LT4R1_HUMAN	LTB4R	Leukotriene B4 receptor 1				158353
Q15738	Q15738	NSDHL_HUMAN	NSDHL	Sterol-4-alpha-carboxylate 3-dehydrogenase, decarboxylating	1.68596e+06	2.07617e+06	1.23555e+06	2.07227e+06
Q15746	Q15746	MYLK_HUMAN	MYLK	Myosin light chain kinase, smooth muscle	2.34073e+06	4.93258e+06	3.10977e+06	4.66688e+06
Q15750	Q15750	TAB1_HUMAN	TAB1	TGF-beta-activated kinase 1 and MAP3K7-binding protein 1	192904	335314		194210
Q15758	Q15758	AAAT_HUMAN	SLC1A5	Neutral amino acid transporter B(0)	1.35116e+06	792518	361315	1.34407e+06
Q15771	Q15771	RAB30_HUMAN	RAB30	Ras-related protein Rab-30	294024	209954		132268
Q15785	Q15785	TOM34_HUMAN	TOMM34	Mitochondrial import receptor subunit TOM34	396280	722254	457162	984502
Q15796	O15198;P84022;Q15796	SMAD2_HUMAN	SMAD2	Mothers against decapentaplegic homolog 2	460986		130725	539409
Q15797;Q99717	Q15797;Q99717	SMAD1_HUMAN;SMAD5_HUMAN	SMAD1;SMAD5	Mothers against decapentaplegic homolog 1				137115
Q15800	Q15800	MSMO1_HUMAN	MSMO1	Methylsterol monooxygenase 1	292151	153806	220679	871430
Q15811	Q15811	ITSN1_HUMAN	ITSN1	Intersectin-1	340359	174456	319092	384374
Q15813	Q15813	TBCE_HUMAN	TBCE	Tubulin-specific chaperone E	595040	560313	400121	736179
Q15814	Q15814	TBCC_HUMAN	TBCC	Tubulin-specific chaperone C	820200	611781	667906	883866
Q15819	Q15819	UB2V2_HUMAN	UBE2V2	Ubiquitin-conjugating enzyme E2 variant 2	2.05813e+06	2.37512e+06	2.02403e+06	2.37715e+06
Q15828	Q15828	CYTM_HUMAN	CST6	Cystatin-M		745593	1.04458e+06	
Q15833	Q15833	STXB2_HUMAN	STXBP2	Syntaxin-binding protein 2	1.72528e+06	1.90992e+06	3.32576e+06	2.09835e+06
Q15836	P23763;P63027;Q15836	VAMP3_HUMAN	VAMP3	Vesicle-associated membrane protein 3	6.15524e+06	4.72071e+06	3.20304e+06	4.00758e+06
Q15843	Q15843	NEDD8_HUMAN	NEDD8	NEDD8	2.38852e+06	1.42781e+06	1.65897e+06	2.32078e+06
Q15848	Q15848	ADIPO_HUMAN	ADIPOQ	Adiponectin	174289	273561	213557	200866
Q15904	Q15904	VAS1_HUMAN	ATP6AP1	V-type proton ATPase subunit S1	1.41313e+06	986439	3.48775e+06	1.95767e+06
Q15907	P62491;Q15907	RB11B_HUMAN	RAB11B	Ras-related protein Rab-11B	1.45409e+07	1.66488e+07	2.00216e+07	2.1119e+07
Q15942	Q15942	ZYX_HUMAN	ZYX	Zyxin	3.0504e+06	4.63946e+06	452811	1.82293e+06
Q16134	Q16134	ETFD_HUMAN	ETFDH	Electron transfer flavoprotein-ubiquinone oxidoreductase, mitochondrial	1.51956e+06	1.46813e+06	1.26177e+06	1.25776e+06
Q16181	Q16181	SEPT7_HUMAN	SEPTIN7	Septin-7	2.13138e+06	3.19e+06	3.86164e+06	4.28158e+06
Q16186	Q16186	ADRM1_HUMAN	ADRM1	Proteasomal ubiquitin receptor ADRM1	1.88207e+06	2.07692e+06	1.42245e+06	1.77854e+06
Q16204	Q16204	CCDC6_HUMAN	CCDC6	Coiled-coil domain-containing protein 6	1.04503e+06	1.08188e+06	271478	792670
Q16222	Q16222	UAP1_HUMAN	UAP1	UDP-N-acetylhexosamine pyrophosphorylase	3.50191e+06	2.78774e+06	532610	945596
Q16270	Q16270	IBP7_HUMAN	IGFBP7	Insulin-like growth factor-binding protein 7	647313	550812	1.50578e+06	3.93413e+06
Q16363	Q16363	LAMA4_HUMAN	LAMA4	Laminin subunit alpha-4	852628	1.08388e+06	1.36242e+06	2.62912e+06
Q16401	Q16401	PSMD5_HUMAN	PSMD5	26S proteasome non-ATPase regulatory subunit 5	2.48133e+06	2.04671e+06	899764	1.92841e+06
Q16512	Q16512	PKN1_HUMAN	PKN1	Serine/threonine-protein kinase N1	883045	1.18135e+06	514862	1.30437e+06
Q16513	Q16513	PKN2_HUMAN	PKN2	Serine/threonine-protein kinase N2	45105.5		115213	73685.7
Q16527	Q16527	CSRP2_HUMAN	CSRP2	Cysteine and glycine-rich protein 2	323889	764555	867475	1.51847e+06
Q16531	Q16531	DDB1_HUMAN	DDB1	DNA damage-binding protein 1	2.85233e+06	2.5532e+06	3.56641e+06	3.57736e+06
Q16537	Q16537	2A5E_HUMAN	PPP2R5E	Serine/threonine-protein phosphatase 2A 56 kDa regulatory subunit epsilon isoform	2.66376e+06	1.19396e+06	933519	3.25317e+06
Q16539	Q16539	MK14_HUMAN	MAPK14	Mitogen-activated protein kinase 14	5.15787e+06	4.88045e+06	1.19914e+07	7.69998e+06
Q16540	Q16540	RM23_HUMAN	MRPL23	Large ribosomal subunit protein uL23m	997217	1.07301e+06	489759	864120
Q16543	Q16543	CDC37_HUMAN	CDC37	Hsp90 co-chaperone Cdc37	4.04423e+06	4.47225e+06	3.68831e+06	5.05001e+06
Q16555	Q16555	DPYL2_HUMAN	DPYSL2	Dihydropyrimidinase-related protein 2	8.07313e+06	1.1404e+07	9.30583e+06	9.79308e+06
Q16563	Q16563	SYPL1_HUMAN	SYPL1	Synaptophysin-like protein 1	6.4574e+06	4.2734e+06	2.63913e+06	3.53372e+06
Q16566	Q16566	KCC4_HUMAN	CAMK4	Calcium/calmodulin-dependent protein kinase type IV	774242	506965	738791	239482
Q16576	Q16576	RBBP7_HUMAN	RBBP7	Histone-binding protein RBBP7	3.82807e+06	3.61567e+06	4.2308e+06	5.48634e+06
Q16594;Q9HBM6	Q16594;Q9HBM6	TAF9B_HUMAN;TAF9_HUMAN	TAF9;TAF9B	Transcription initiation factor TFIID subunit 9	63972.9		37414.9	46491.2
Q16595	Q16595	FRDA_HUMAN	FXN	Frataxin, mitochondrial	466271			799369
Q16610	Q16610	ECM1_HUMAN	ECM1	Extracellular matrix protein 1	597481	1.03549e+06	1.57937e+06	872161
Q16611	Q16611	BAK_HUMAN	BAK1	Bcl-2 homologous antagonist/killer	814270	701574	426134	848666
Q16625	Q16625	OCLN_HUMAN	OCLN	Occludin	288794	578159		194384
Q16629	Q16629	SRSF7_HUMAN	SRSF7	Serine/arginine-rich splicing factor 7	1.55904e+06	1.94347e+06	3.31474e+06	3.27936e+06
Q16630	Q16630	CPSF6_HUMAN	CPSF6	Cleavage and polyadenylation specificity factor subunit 6	1.67127e+06	1.91241e+06	2.0145e+06	2.37942e+06
Q16637	Q16637	SMN_HUMAN	SMN1	Survival motor neuron protein	105902			65600.8
Q16643	Q16643	DREB_HUMAN	DBN1	Drebrin	372462	615822		24839.2
Q16644	Q16644	MAPK3_HUMAN	MAPKAPK3	MAP kinase-activated protein kinase 3	149748	177934	289233	253689
Q16647	Q16647	PTGIS_HUMAN	PTGIS	Prostacyclin synthase	1.08832e+06			1.55736e+06
Q16651	Q16651	PRSS8_HUMAN	PRSS8	Prostasin	678550	707630	920159	1.07523e+06
Q16656	Q16656	NRF1_HUMAN	NRF1	Nuclear respiratory factor 1	916621		1.02634e+06	1.36159e+06
Q16658	Q16658	FSCN1_HUMAN	FSCN1	Fascin	3.30945e+06	2.80702e+06	8.2905e+06	1.05581e+07
Q16663	Q16663	CCL15_HUMAN	CCL15	C-C motif chemokine 15	276633			
Q16666	Q16666	IF16_HUMAN	IFI16	Gamma-interferon-inducible protein 16	964350	1.11719e+06	2.35897e+06	1.76845e+06
Q16698	Q16698	DECR_HUMAN	DECR1	2,4-dienoyl-CoA reductase [(3E)-enoyl-CoA-producing], mitochondrial	8.78947e+06	9.11423e+06	2.01147e+06	7.25208e+06
Q16706	Q16706	MA2A1_HUMAN	MAN2A1	Alpha-mannosidase 2	2.71934e+06	1.69158e+06	1.21793e+06	1.29099e+06
Q16718	Q16718	NDUA5_HUMAN	NDUFA5	NADH dehydrogenase [ubiquinone] 1 alpha subcomplex subunit 5	1.22383e+06	851572	331966	627029
Q16719	Q16719	KYNU_HUMAN	KYNU	Kynureninase	130074		1.03626e+06	440482
Q16740	Q16740	CLPP_HUMAN	CLPP	ATP-dependent Clp protease proteolytic subunit, mitochondrial	1.74915e+06	1.64688e+06		593489
Q16762	Q16762	THTR_HUMAN	TST	Thiosulfate sulfurtransferase	1.4575e+07	1.00417e+07	2.56634e+06	4.49793e+06
Q16769	Q16769	QPCT_HUMAN	QPCT	Glutaminyl-peptide cyclotransferase	183331		2.20004e+06	810951
Q16774	Q16774	KGUA_HUMAN	GUK1	Guanylate kinase	954230	1.17509e+06	892872	1.56332e+06
Q16775	Q16775	GLO2_HUMAN	HAGH	Hydroxyacylglutathione hydrolase, mitochondrial	2.94347e+06	2.51959e+06	3.15116e+06	1.7947e+06
Q16787	Q16787	LAMA3_HUMAN	LAMA3	Laminin subunit alpha-3	108726		49237.1	113600
Q16790	Q16790	CAH9_HUMAN	CA9	Carbonic anhydrase 9				641760
Q16795	Q16795	NDUA9_HUMAN	NDUFA9	NADH dehydrogenase [ubiquinone] 1 alpha subcomplex subunit 9, mitochondrial	3.82714e+06	1.76769e+06	1.85513e+06	2.17462e+06
Q16798	Q16798	MAON_HUMAN	ME3	NADP-dependent malic enzyme, mitochondrial	219682	210196	141775	324585
Q16799	Q16799	RTN1_HUMAN	RTN1	Reticulon-1	234792	617262	175706	145144
Q16819	Q16819	MEP1A_HUMAN	MEP1A	Meprin A subunit alpha	645521	417276	75526.9	202816
Q16822	Q16822	PCKGM_HUMAN	PCK2	Phosphoenolpyruvate carboxykinase [GTP], mitochondrial	7.04798e+06	5.98392e+06	1.6736e+06	3.36792e+06
Q16831	Q16831	UPP1_HUMAN	UPP1	Uridine phosphorylase 1	1.0313e+06	1.76105e+06	1.1871e+06	1.54682e+06
Q16832	Q16832	DDR2_HUMAN	DDR2	Discoidin domain-containing receptor 2	500689			354908
Q16836	Q16836	HCDH_HUMAN	HADH	Hydroxyacyl-coenzyme A dehydrogenase, mitochondrial	6.12182e+06	6.31774e+06	2.6626e+06	5.54353e+06
Q16850	Q16850	CP51A_HUMAN	CYP51A1	Lanosterol 14-alpha demethylase	1.42636e+06	1.60666e+06	711557	1.08612e+06
Q16851	Q16851	UGPA_HUMAN	UGP2	UTP--glucose-1-phosphate uridylyltransferase	8.4256e+06	7.79762e+06	1.18808e+07	8.84439e+06
Q16853	Q16853	AOC3_HUMAN	AOC3	Membrane primary amine oxidase	7.9937e+06	1.44159e+07	1.80096e+06	4.99046e+06
Q16854	Q16854	DGUOK_HUMAN	DGUOK	Deoxyguanosine kinase, mitochondrial	905781	2.19582e+06	812473	798370
Q16875	Q16875	F263_HUMAN	PFKFB3	6-phosphofructo-2-kinase/fructose-2,6-bisphosphatase 3	231148	204326	380083	389540
Q16880	Q16880	CGT_HUMAN	UGT8	2-hydroxyacylsphingosine 1-beta-galactosyltransferase	387128			509114
Q16881	Q16881	TRXR1_HUMAN	TXNRD1	Thioredoxin reductase 1, cytoplasmic	3.24688e+06	2.95823e+06	5.22713e+06	6.75287e+06
Q16891	Q16891	MIC60_HUMAN	IMMT	MICOS complex subunit MIC60	5.94229e+06	5.44035e+06	3.10999e+06	4.4228e+06
Q17RN3	Q17RN3	FA98C_HUMAN	FAM98C	Protein FAM98C	387674	335964		123472
Q1KMD3	Q1KMD3	HNRL2_HUMAN	HNRNPUL2	Heterogeneous nuclear ribonucleoprotein U-like protein 2	3.49903e+06	3.19691e+06	4.45019e+06	4.60473e+06
Q27J81	Q27J81	INF2_HUMAN	INF2	Inverted formin-2	1.0498e+06	1.74564e+06	1.08942e+06	1.17819e+06
Q29RF7	Q29RF7	PDS5A_HUMAN	PDS5A	Sister chromatid cohesion protein PDS5 homolog A	636847	885018	288646	798294
Q2M2H8	Q2M2H8	MGAL_HUMAN	MGAM2	Probable maltase-glucoamylase 2				230383
Q2M2I8	Q2M2I8;Q9NSY1	AAK1_HUMAN	AAK1	AP2-associated protein kinase 1	677349	757113	854795	932766
Q2M385	Q2M385	MPEG1_HUMAN	MPEG1	Macrophage-expressed gene 1 protein	926303	618189	1.29286e+06	
Q2M389	Q2M389	WASC4_HUMAN	WASHC4	WASH complex subunit 4	652493	568221	63029.5	855489
Q2NL82	Q2NL82	TSR1_HUMAN	TSR1	Pre-rRNA-processing protein TSR1 homolog	118497			237242
Q2PPJ7	Q2PPJ7	RGPA2_HUMAN	RALGAPA2	Ral GTPase-activating protein subunit alpha-2	37523.3			45720.3
Q2PZI1	Q6NUT2;Q2PZI1	D19L1_HUMAN	DPY19L1	Probable C-mannosyltransferase DPY19L1	266424		153599	351582
Q2TAA2	Q2TAA2	IAH1_HUMAN	IAH1	Isoamyl acetate-hydrolyzing esterase 1 homolog	1.54839e+06	2.00777e+06	1.8368e+06	1.60978e+06
Q2TAA5	Q2TAA5	ALG11_HUMAN	ALG11	GDP-Man:Man(3)GlcNAc(2)-PP-Dol alpha-1,2-mannosyltransferase	761453	598711	324590	631195
Q2TAL8	Q2TAL8	QRIC1_HUMAN	QRICH1	Transcriptional regulator QRICH1	371358	526170		266916
Q2TAY7	Q2TAY7	SMU1_HUMAN	SMU1	WD40 repeat-containing protein SMU1	616956	404876	681498	762399
Q2TB90	Q2TB90	HKDC1_HUMAN	HKDC1	Hexokinase HKDC1	1.52802e+06	758975		
Q32MK0;Q86YV6;Q9H1R3	Q32MK0;Q9H1R3;Q86YV6	MYLK2_HUMAN;MYLK3_HUMAN;MYLK4_HUMAN	MYLK2;MYLK3;MYLK4	Myosin light chain kinase 3	1.77738e+06	3.57273e+06	2.95884e+06	4.43496e+06
Q32MZ4	Q32MZ4	LRRF1_HUMAN	LRRFIP1	Leucine-rich repeat flightless-interacting protein 1	1.09693e+06	1.33803e+06	687093	719805
Q32NB8	Q32NB8	PGPS1_HUMAN	PGS1	CDP-diacylglycerol--glycerol-3-phosphate 3-phosphatidyltransferase, mitochondrial	39575.8		84438	134701
Q32P28	Q32P28	P3H1_HUMAN	P3H1	Prolyl 3-hydroxylase 1	1.42279e+06	1.17796e+06	2.55268e+06	3.99281e+06
Q32P41	Q32P41	TRM5_HUMAN	TRMT5	tRNA (guanine(37)-N1)-methyltransferase	278304	274294	203500	784824
Q32P44	Q32P44	EMAL3_HUMAN	EML3	Echinoderm microtubule-associated protein-like 3	1.05012e+06	946153	1.44559e+06	1.68136e+06
Q38SD2	Q38SD2	LRRK1_HUMAN	LRRK1	Leucine-rich repeat serine/threonine-protein kinase 1	2.54612e+06			3.55522e+06
Q3B7J2	Q3B7J2	GFOD2_HUMAN	GFOD2	Glucose-fructose oxidoreductase domain-containing protein 2	140258		157204	147467
Q3KQV9	Q3KQV9	UAP1L_HUMAN	UAP1L1	UDP-N-acetylhexosamine pyrophosphorylase-like protein 1	300396	283910	181492	559231
Q3KQZ1	Q3KQZ1	S2535_HUMAN	SLC25A35	Solute carrier family 25 member 35	126712		33716.6	78691.9
Q3KRA6	Q3KRA6	CB076_HUMAN	C2orf76	UPF0538 protein C2orf76	129280		155699	250338
Q3LXA3	Q3LXA3	TKFC_HUMAN	TKFC	Triokinase/FMN cyclase	1.35927e+06	1.25722e+06	1.36367e+06	2.0491e+06
Q3MHD2	Q3MHD2	LSM12_HUMAN	LSM12	Protein LSM12	1.06022e+06	812849	789633	1.29475e+06
Q3MIR4	Q3MIR4	CC50B_HUMAN	TMEM30B	Cell cycle control protein 50B	818357	672777		424056
Q3SXM5	Q3SXM5	HSDL1_HUMAN	HSDL1	Inactive hydroxysteroid dehydrogenase-like protein 1	414557	263069	105756	318531
Q3SY69	Q3SY69	AL1L2_HUMAN	ALDH1L2	Mitochondrial 10-formyltetrahydrofolate dehydrogenase	1.1689e+06	1.1616e+06	627333	671490
Q3SYC2	Q3SYC2	MOGT2_HUMAN	MOGAT2	2-acylglycerol O-acyltransferase 2	147269			
Q3T906	Q3T906	GNPTA_HUMAN	GNPTAB	N-acetylglucosamine-1-phosphotransferase subunits alpha/beta	104681	37723.6	71910.9	33996.2
Q3YBM2	Q3YBM2	T176B_HUMAN	TMEM176B	Transmembrane protein 176B	906223		303548	790654
Q3YEC7	Q3YEC7	RABL6_HUMAN	RABL6	Rab-like protein 6	643059	687606	633231	593682
Q3ZCQ3	Q3ZCQ3	F174B_HUMAN	FAM174B	Membrane protein FAM174B	191958			
Q3ZCQ8	Q3ZCQ8	TIM50_HUMAN	TIMM50	Mitochondrial import inner membrane translocase subunit TIM50	1.12979e+06	1.32019e+06		670912
Q3ZCW2	Q3ZCW2	LEGL_HUMAN	LGALSL	Galectin-related protein	549136	375417	546745	470113
Q460N5	Q460N5	PAR14_HUMAN	PARP14	Protein mono-ADP-ribosyltransferase PARP14	224646		303795	489491
Q49A26	Q49A26	GLYR1_HUMAN	GLYR1	Cytokine-like nuclear factor N-PAC	329741	583760	1.12561e+06	475152
Q49AR2	Q49AR2	CE022_HUMAN	C5orf22	UPF0489 protein C5orf22	245881			222918
Q49B96	Q49B96	COX19_HUMAN	COX19	Cytochrome c oxidase assembly protein COX19	538356	499636		248633
Q4G0F5	Q4G0F5	VP26B_HUMAN	VPS26B	Vacuolar protein sorting-associated protein 26B	1.2529e+06	855871	2.08394e+06	1.15375e+06
Q4G0J3	Q4G0J3	LARP7_HUMAN	LARP7	La-related protein 7	382948	205160	573422	635363
Q4G0N4	Q4G0N4	NAKD2_HUMAN	NADK2	NAD kinase 2, mitochondrial	1.07454e+06	1.16724e+06	569288	1.1164e+06
Q4G0X4	Q4G0X4;Q719H9	KCD21_HUMAN	KCTD21	BTB/POZ domain-containing protein KCTD21	119900		92059.5	174736
Q4G148	Q4G148	GXLT1_HUMAN	GXYLT1	Glucoside xylosyltransferase 1	48750.3		38980.9	84420.9
Q4G176	Q4G176	ACSF3_HUMAN	ACSF3	Malonate--CoA ligase ACSF3, mitochondrial	1.4517e+06	905462	753812	1.1365e+06
Q4J6C6	Q4J6C6	PPCEL_HUMAN	PREPL	Prolyl endopeptidase-like	519709		444427	572465
Q4KMQ2	Q4KMQ2	ANO6_HUMAN	ANO6	Anoctamin-6	489121	116436	493175	712884
Q4KWH8	Q4KWH8	PLCH1_HUMAN	PLCH1	1-phosphatidylinositol 4,5-bisphosphate phosphodiesterase eta-1	1.06765e+06	740965	403166	
Q4L180	Q4L180	FIL1L_HUMAN	FILIP1L	Filamin A-interacting protein 1-like	184776	312121	528566	848993
Q4U2R6	Q4U2R6	RM51_HUMAN	MRPL51	Large ribosomal subunit protein mL51	111132			105839
Q4V328	Q4V328	GRAP1_HUMAN	GRIPAP1	GRIP1-associated protein 1	579535	729635	707132	534887
Q4V9L6	Q4V9L6	TM119_HUMAN	TMEM119	Transmembrane protein 119	351718			
Q4VC31	Q4VC31	MIX23_HUMAN	MIX23	Protein MIX23	2.13148e+06	1.37282e+06	1.48064e+06	2.19439e+06
Q4ZHG4	Q4ZHG4	FNDC1_HUMAN	FNDC1	Fibronectin type III domain-containing protein 1				229788
Q52LA3	Q52LA3	LIN52_HUMAN	LIN52	Protein lin-52 homolog	555502			
Q52LJ0	Q52LJ0	FA98B_HUMAN	FAM98B	Protein FAM98B	1.07188e+06	1.10609e+06	1.0443e+06	1.27758e+06
Q53EL6	Q53EL6	PDCD4_HUMAN	PDCD4	Programmed cell death protein 4	2.64375e+06	4.99027e+06		1.14485e+06
Q53EP0	Q53EP0	FND3B_HUMAN	FNDC3B	Fibronectin type III domain-containing protein 3B	97710.7		118043	168764
Q53EU6	Q53EU6	GPAT3_HUMAN	GPAT3	Glycerol-3-phosphate acyltransferase 3	2.35389e+06	2.0972e+06	1.61856e+06	1.36439e+06
Q53FA7	Q53FA7	QORX_HUMAN	TP53I3	Quinone oxidoreductase PIG3	3.19229e+06	2.62668e+06	2.24523e+06	2.33974e+06
Q53FT3	Q53FT3	HIKES_HUMAN	HIKESHI	Protein Hikeshi	311664			403240
Q53FZ2	Q53FZ2	ACSM3_HUMAN	ACSM3	Acyl-coenzyme A synthetase ACSM3, mitochondrial	790119	576722		290708
Q53GD3	Q53GD3	CTL4_HUMAN	SLC44A4	Choline transporter-like protein 4	641837	249808	196660	829708
Q53GG5	Q53GG5	PDLI3_HUMAN	PDLIM3	PDZ and LIM domain protein 3	891400	1.71436e+06	265680	873677
Q53GL7	Q53GL7	PAR10_HUMAN	PARP10	Protein mono-ADP-ribosyltransferase PARP10	619736	453278	534694	688194
Q53GQ0	Q53GQ0	DHB12_HUMAN	HSD17B12	Very-long-chain 3-oxoacyl-CoA reductase	1.04204e+07	6.22646e+06	804626	2.99052e+06
Q53GS9	Q53GS9	UBP39_HUMAN	USP39	Ubiquitin carboxyl-terminal hydrolase 39	349783	447125	989433	790094
Q53GT1	Q53GT1	KLH22_HUMAN	KLHL22	Kelch-like protein 22	132462			123942
Q53H12	Q53H12	AGK_HUMAN	AGK	Acylglycerol kinase, mitochondrial	1.43845e+06	945997	521192	1.49281e+06
Q53H82	Q53H82	LACB2_HUMAN	LACTB2	Endoribonuclease LACTB2	2.47463e+06	1.3832e+06	2.08524e+06	7.75093e+06
Q53H96	Q53H96	P5CR3_HUMAN	PYCR3	Pyrroline-5-carboxylate reductase 3	613578	425798		289879
Q53HC9	Q53HC9	EIPR1_HUMAN	EIPR1	EARP and GARP complex-interacting protein 1	631863	673397		677189
Q53RT3	Q53RT3	APRV1_HUMAN	ASPRV1	Retroviral-like aspartic protease 1		1.92554e+06	4.62184e+06	307814
Q53RY4	Q53RY4	KCP3_HUMAN	KRTCAP3	Keratinocyte-associated protein 3	321713	230338		
Q53S58	Q53S58	TM177_HUMAN	TMEM177	Transmembrane protein 177	220381	153115		325937
Q53T59	Q53T59	H1BP3_HUMAN	HS1BP3	HCLS1-binding protein 3	724237	760887	662472	974653
Q53TN4	Q53TN4	CYBR1_HUMAN	CYBRD1	Plasma membrane ascorbate-dependent reductase CYBRD1	1.47528e+06	2.32563e+06		1.3194e+06
Q562E7	Q562E7	WDR81_HUMAN	WDR81	WD repeat-containing protein 81	311230			393995
Q562R1	Q562R1	ACTBL_HUMAN	ACTBL2	Beta-actin-like protein 2	920781		581289	502121
Q567U6	Q567U6	CCD93_HUMAN	CCDC93	Coiled-coil domain-containing protein 93	772680	786384	406065	657620
Q56VL3	Q56VL3	OCAD2_HUMAN	OCIAD2	OCIA domain-containing protein 2	3.05095e+06	2.77091e+06	889915	3.45931e+06
Q587I9	Q587I9	SFT2C_HUMAN	SFT2D3	Vesicle transport protein SFT2C	567532	413760		223602
Q5BJD5	Q5BJD5	TM41B_HUMAN	TMEM41B	Transmembrane protein 41B	329581	300364		674316
Q5BJF2	Q5BJF2	SGMR2_HUMAN	TMEM97	Sigma intracellular receptor 2	925357	661934	484518	1.31248e+06
Q5BJH2	Q5BJH2	TM128_HUMAN	TMEM128	Transmembrane protein 128	354041			272982
Q5BJH7	Q5BJH7	YIF1B_HUMAN	YIF1B	Protein YIF1B	92484.3			
Q5BKT4;Q5I7T1	Q5BKT4;Q5I7T1	AG10A_HUMAN;AG10B_HUMAN	ALG10;ALG10B	Dol-P-Glc:Glc(2)Man(9)GlcNAc(2)-PP-Dol alpha-1,2-glucosyltransferase	640440		222599	327982
Q5D862	Q5D862	FILA2_HUMAN	FLG2	Filaggrin-2	836880	6.42826e+06	2.14787e+06	776084
Q5EB52	Q5EB52	MEST_HUMAN	MEST	Mesoderm-specific transcript homolog protein				70004.6
Q5EBL8	Q5EBL8	PDZ11_HUMAN	PDZD11	PDZ domain-containing protein 11	808974	1.28387e+06	485893	840080
Q5EG05	Q5EG05	CAR16_HUMAN	CARD16	Caspase recruitment domain-containing protein 16	812770	868294		201674
Q5F1R6	Q5F1R6	DJC21_HUMAN	DNAJC21	DnaJ homolog subfamily C member 21	382149		210626	236603
Q5GLZ8	Q5GLZ8	HERC4_HUMAN	HERC4	Probable E3 ubiquitin-protein ligase HERC4	3.05239e+06	2.07129e+06	3.07337e+06	4.07145e+06
Q5H8A4	Q5H8A4	PIGG_HUMAN	PIGG	GPI ethanolamine phosphate transferase 2	184319			121478
Q5H9L2;Q969E4	Q5H9L2;Q969E4	TCAL3_HUMAN;TCAL5_HUMAN	TCEAL3;TCEAL5	Transcription elongation factor A protein-like 5	488158	889614	260831	623167
Q5H9R7	Q5H9R7	PP6R3_HUMAN	PPP6R3	Serine/threonine-protein phosphatase 6 regulatory subunit 3	751277	476071	264214	715547
Q5HYI8	Q5HYI8	RABL3_HUMAN	RABL3	Rab-like protein 3	1.25051e+06	1.25778e+06	4.94144e+06	618378
Q5HYK3	Q5HYK3	COQ5_HUMAN	COQ5	2-methoxy-6-polyprenyl-1,4-benzoquinol methylase, mitochondrial	518299	331688		210528
Q5HYK7	Q5HYK7	SH319_HUMAN	SH3D19	SH3 domain-containing protein 19		300310		230907
Q5J8M3	Q5J8M3	EMC4_HUMAN	EMC4	ER membrane protein complex subunit 4	815515	162868	164329	556142
Q5JRA6	Q5JRA6	TGO1_HUMAN	MIA3	Transport and Golgi organization protein 1 homolog	5.51518e+06	6.2825e+06	2.01596e+06	3.55816e+06
Q5JRX3	Q5JRX3	PREP_HUMAN	PITRM1	Presequence protease, mitochondrial	1.74134e+06	1.97536e+06	1.52556e+06	2.81289e+06
Q5JS37	Q5JS37	NHLC3_HUMAN	NHLRC3	NHL repeat-containing protein 3	494074	229486	528803	491252
Q5JSH3	Q5JSH3	WDR44_HUMAN	WDR44	WD repeat-containing protein 44	350900	469401	465547	535786
Q5JSL3	Q5JSL3	DOC11_HUMAN	DOCK11	Dedicator of cytokinesis protein 11	448103	355881	766761	497688
Q5JSZ5	Q5JSZ5	PRC2B_HUMAN	PRRC2B	Protein PRRC2B	282629	196064	523997	196062
Q5JTH9	Q5JTH9	RRP12_HUMAN	RRP12	RRP12-like protein	105135		147823	145533
Q5JTJ3	Q5JTJ3	COA6_HUMAN	COA6	Cytochrome c oxidase assembly factor 6 homolog	1.22791e+06	1.26303e+06	612091	1.05086e+06
Q5JTV8	Q5JTV8	TOIP1_HUMAN	TOR1AIP1	Torsin-1A-interacting protein 1	2.43326e+06	2.28663e+06	6.97983e+06	3.50773e+06
Q5JTZ9	Q5JTZ9	SYAM_HUMAN	AARS2	Alanine--tRNA ligase, mitochondrial	1.09638e+06	1.27473e+06	558379	849393
Q5JU69	Q8N2E6;Q5JU69	TOR2A_HUMAN	TOR2A	Torsin-2A	429801		205753	298910
Q5JVF3	Q5JVF3	PCID2_HUMAN	PCID2	PCI domain-containing protein 2	29725.3		9973.96	102728
Q5K4L6	Q5K4L6	S27A3_HUMAN	SLC27A3	Long-chain fatty acid transport protein 3	681730	793818		244878
Q5K651	Q5K651	SAMD9_HUMAN	SAMD9	Sterile alpha motif domain-containing protein 9	344612	148509	550629	531251
Q5M775	Q5M775	CYTSB_HUMAN	SPECC1	Cytospin-B	88920.4	91090.4	32883.7	91850.1
Q5MNZ6	Q5MNZ6	WIPI3_HUMAN	WDR45B	WD repeat domain phosphoinositide-interacting protein 3	185322	102479	183788	363427
Q5MNZ9	Q5MNZ9	WIPI1_HUMAN	WIPI1	WD repeat domain phosphoinositide-interacting protein 1	927719	628340	771922	574349
Q5MY95	Q5MY95	ENTP8_HUMAN	ENTPD8	Ectonucleoside triphosphate diphosphohydrolase 8	172666		83918.8	116208
Q5NDL2	Q5NDL2	EOGT_HUMAN	EOGT	EGF domain-specific O-linked N-acetylglucosamine transferase	523907		1.17752e+06	1.88137e+06
Q5QGZ9	Q5QGZ9	CL12A_HUMAN	CLEC12A	C-type lectin domain family 12 member A	683879		2.43706e+06	748357
Q5QJ74	Q5QJ74	TBCEL_HUMAN	TBCEL	Tubulin-specific chaperone cofactor E-like protein	523310	312297	386220	552829
Q5R372	Q5R372	RBG1L_HUMAN	RABGAP1L	Rab GTPase-activating protein 1-like	241001		197368	222794
Q5R3I4	Q5R3I4	TTC38_HUMAN	TTC38	Tetratricopeptide repeat protein 38	3.40249e+06	2.67881e+06	711007	2.1963e+06
Q5R3K3	Q5R3K3	CAHM6_HUMAN	CALHM6	Calcium homeostasis modulator protein 6			9.37214e+06	2.45938e+06
Q5RI15	Q5RI15	COX20_HUMAN	COX20	Cytochrome c oxidase assembly protein COX20, mitochondrial	641892	581071		743132
Q5RKV6	Q5RKV6	EXOS6_HUMAN	EXOSC6	Exosome complex component MTR3	171426	345916		332459
Q5SQ80;Q5TYW2;Q5VUR7	Q5SQ80;Q5TYW2;Q5VUR7	A20A1_HUMAN;A20A2_HUMAN;A20A3_HUMAN	ANKRD20A1;ANKRD20A2P;ANKRD20A3P	Putative ankyrin repeat domain-containing protein 20A2			324050	
Q5SRE5	Q5SRE5	NU188_HUMAN	NUP188	Nucleoporin NUP188	21141.6			79885.3
Q5SRH9	Q5SRH9	TT39A_HUMAN	TTC39A	Tetratricopeptide repeat protein 39A	664410	594466		
Q5SRI9	Q5SRI9	MANEA_HUMAN	MANEA	Glycoprotein endo-alpha-1,2-mannosidase	504163	212152	70384.4	254151
Q5SSJ5	Q5SSJ5	HP1B3_HUMAN	HP1BP3	Heterochromatin protein 1-binding protein 3	1.56819e+06	1.73276e+06	1.12169e+06	1.5895e+06
Q5SWX8	Q5SWX8	ODR4_HUMAN	ODR4	Protein odr-4 homolog	1.44493e+06	1.18032e+06	985253	1.03218e+06
Q5T013	Q5T013	HYI_HUMAN	HYI	Putative hydroxypyruvate isomerase	592741	219903	826868	398699
Q5T0D9	Q5T0D9	TPRGL_HUMAN	TPRG1L	Tumor protein p63-regulated gene 1-like protein	1.47057e+06	1.32095e+06		1.5266e+06
Q5T0F9	Q5T0F9	C2D1B_HUMAN	CC2D1B	Coiled-coil and C2 domain-containing protein 1B		780597		36213.2
Q5T0N5	Q5T0N5	FBP1L_HUMAN	FNBP1L	Formin-binding protein 1-like	637246	421456		384733
Q5T160	Q5T160	SYRM_HUMAN	RARS2	Probable arginine--tRNA ligase, mitochondrial	282342			301509
Q5T1C6	Q5T1C6	THEM4_HUMAN	THEM4	Acyl-coenzyme A thioesterase THEM4	191525		122112	261348
Q5T1M5	Q5T1M5	FKB15_HUMAN	FKBP15	FK506-binding protein 15	427089	435820	767422	566330
Q5T2E6	Q5T2E6	ARMD3_HUMAN	ARMH3	Armadillo-like helical domain-containing protein 3	319803	181295	100159	324701
Q5T3F8	Q5T3F8	CSCL2_HUMAN	TMEM63B	CSC1-like protein 2	188120	433770		149301
Q5T440	Q5T440	CAF17_HUMAN	IBA57	Putative transferase CAF17, mitochondrial	898971	971234	411241	729071
Q5T447	Q5T447	HECD3_HUMAN	HECTD3	E3 ubiquitin-protein ligase HECTD3	885430	831241		520842
Q5T4B2	Q5T4B2	GT253_HUMAN	CERCAM	Inactive glycosyltransferase 25 family member 3				78521.3
Q5T4S7	Q5T4S7	UBR4_HUMAN	UBR4	E3 ubiquitin-protein ligase UBR4	2.61452e+06	1.92333e+06	2.22748e+06	3.19525e+06
Q5T5C0	Q5T5C0;Q9Y2K9	STXB5_HUMAN	STXBP5	Syntaxin-binding protein 5	428581	615820	1.16705e+06	550655
Q5T5P2	Q5T5P2	SKT_HUMAN	KIAA1217	Sickle tail protein homolog	327367	366546	171980	384255
Q5T653	Q5T653	RM02_HUMAN	MRPL2	Large ribosomal subunit protein uL2m	1.53226e+06	1.38702e+06	813642	1.23383e+06
Q5T6F2	Q5T6F2	UBAP2_HUMAN	UBAP2	Ubiquitin-associated protein 2	204450	428327		
Q5T6V5	Q5T6V5	QNG1_HUMAN	QNG1	Queuosine 5'-phosphate N-glycosylase/hydrolase	3.69989e+06	5.01544e+06	2.60267e+06	5.18976e+06
Q5T749	Q5T749	KPRP_HUMAN	KPRP	Keratinocyte proline-rich protein	609280	3.88632e+06	3.39868e+06	895381
Q5T750	Q5T750	KPLCE_HUMAN	KPLCE	Protein KPLCE	1.05125e+06	1.12051e+07	2.18843e+06	1.25973e+06
Q5T8D3	Q5T8D3	ACBD5_HUMAN	ACBD5	Acyl-CoA-binding domain-containing protein 5	220776	180219		300551
Q5T8P6	Q5T8P6	RBM26_HUMAN	RBM26	RNA-binding protein 26	67016.9			102037
Q5T9A4	Q5T9A4	ATD3B_HUMAN	ATAD3B	ATPase family AAA domain-containing protein 3B	196650	146603		154265
Q5T9L3	Q5T9L3	WLS_HUMAN	WLS	Protein wntless homolog	406254	153803	218927	696980
Q5TA45	Q5TA45	INT11_HUMAN	INTS11	Integrator complex subunit 11	234002		191817	321662
Q5TA50	Q5TA50	CPTP_HUMAN	CPTP	Ceramide-1-phosphate transfer protein	142361			28396.7
Q5TAQ9	Q5TAQ9	DCAF8_HUMAN	DCAF8	DDB1- and CUL4-associated factor 8	630949	763843	347790	575542
Q5TAX3	Q5TAX3	TUT4_HUMAN	TUT4	Terminal uridylyltransferase 4	9.32785e+06	7.2724e+06	3.63755e+06	4.89747e+06
Q5TC12	Q5TC12	ATPF1_HUMAN	ATPAF1	ATP synthase mitochondrial F1 complex assembly factor 1	169293	229516		185985
Q5TC84	Q5TC84	OGRL1_HUMAN	OGFRL1	Opioid growth factor receptor-like protein 1			185412	
Q5TDH0	Q5TDH0	DDI2_HUMAN	DDI2	Protein DDI1 homolog 2	1.91817e+06	2.00487e+06	722552	832062
Q5TEC6	P68431;P84243;Q16695;Q6NXT2;Q71DI3;Q5TEC6	H37_HUMAN	H3-7	Histone H3-7	5.73292e+06	6.96344e+06	6.10545e+07	7.0747e+06
Q5TEJ8	Q5TEJ8	THMS2_HUMAN	THEMIS2	Protein THEMIS2	700600	3.04355e+06	980878	743089
Q5TFE4	Q5TFE4	NT5D1_HUMAN	NT5DC1	5'-nucleotidase domain-containing protein 1	2.63344e+06	2.14833e+06	1.7036e+06	2.17749e+06
Q5TFQ8	Q5TFQ8	SIRBL_HUMAN	SIRPB1	Signal-regulatory protein beta-1 isoform 3			227724	
Q5TGY1	Q5TGY1	TMCO4_HUMAN	TMCO4	Transmembrane and coiled-coil domain-containing protein 4	136034			146761
Q5TGZ0	Q5TGZ0	MIC10_HUMAN	MICOS10	MICOS complex subunit MIC10	1.4691e+06	1.27146e+06	593107	1.08573e+06
Q5TH69	Q5TH69	BIG3_HUMAN	ARFGEF3	Brefeldin A-inhibited guanine nucleotide-exchange protein 3	495496	488276		242122
Q5TZA2	Q5TZA2	CROCC_HUMAN	CROCC	Rootletin	346192	389104	449746	215805
Q5U5X0	Q5U5X0	LYRM7_HUMAN	LYRM7	Complex III assembly factor LYRM7	496625	218781		783268
Q5UCC4	Q5UCC4	EMC10_HUMAN	EMC10	ER membrane protein complex subunit 10	528625	554825	584581	580929
Q5UIP0	Q5UIP0	RIF1_HUMAN	RIF1	Telomere-associated protein RIF1				121897
Q5VIR6	Q5VIR6	VPS53_HUMAN	VPS53	Vacuolar protein sorting-associated protein 53 homolog	435061	310508	416770	474139
Q5VSL9	Q5VSL9	STRP1_HUMAN	STRIP1	Striatin-interacting protein 1	353208	236543	80587.4	426224
Q5VT25	Q5VT25	MRCKA_HUMAN	CDC42BPA	Serine/threonine-protein kinase MRCK alpha				180140
Q5VT52	Q5VT52	RPRD2_HUMAN	RPRD2	Regulation of nuclear pre-mRNA domain-containing protein 2				182061
Q5VTL8	Q5VTL8	PR38B_HUMAN	PRPF38B	Pre-mRNA-splicing factor 38B	288664		591448	477512
Q5VTQ0	Q5VTQ0	TT39B_HUMAN	TTC39B	Tetratricopeptide repeat protein 39B	482320	163430	319608	642427
Q5VTR2	O75150;Q5VTR2	BRE1A_HUMAN	RNF20	E3 ubiquitin-protein ligase BRE1A	354477	239812	319717	617702
Q5VU43	Q5VU43	MYOME_HUMAN	PDE4DIP	Myomegalin	510801	353909		723961
Q5VV41	Q5VV41	ARHGG_HUMAN	ARHGEF16	Rho guanine nucleotide exchange factor 16	656831	540172		691386
Q5VV42	Q5VV42	CDKAL_HUMAN	CDKAL1	Threonylcarbamoyladenosine tRNA methylthiotransferase	235873		151126	406816
Q5VVQ6	Q5VVQ6	OTU1_HUMAN	YOD1	Ubiquitin thioesterase OTU1	487203		957651	316524
Q5VW32	Q5VW32	BROX_HUMAN	BROX	BRO1 domain-containing protein BROX	1.47048e+06	1.23909e+06	1.50202e+06	1.83228e+06
Q5VW36	Q5VW36	FOCAD_HUMAN	FOCAD	Focadhesin	567988	280465	240088	443079
Q5VW38	Q5VW38	GP107_HUMAN	GPR107	Protein GPR107	431912	341464	49582.7	284691
Q5VWC8	Q5VWC8	HACD4_HUMAN	HACD4	Very-long-chain (3R)-3-hydroxyacyl-CoA dehydratase 4	253919		120957	227791
Q5VWJ9	Q5VWJ9	SNX30_HUMAN	SNX30	Sorting nexin-30	187887	855958		282513
Q5VWP2	Q5VWP2	TET5C_HUMAN	TENT5C	Terminal nucleotidyltransferase 5C	482315	1.01071e+06	198324	322215
Q5VWZ2	Q5VWZ2	LYPL1_HUMAN	LYPLAL1	Lysophospholipase-like protein 1	1.08451e+06	944487	949722	1.05703e+06
Q5VYK3	Q5VYK3	ECM29_HUMAN	ECPAS	Proteasome adapter and scaffold protein ECM29	1.89946e+06	1.67903e+06	1.31525e+06	2.28996e+06
Q5VYS8	Q5VYS8	TUT7_HUMAN	TUT7	Terminal uridylyltransferase 7	54280.4			90008.3
Q5VYY1	Q5VYY1	ANR22_HUMAN	ANKRD22	Ankyrin repeat domain-containing protein 22	1.72662e+06	939959	3.63561e+06	1.80196e+06
Q5VZ89	Q5VZ89	DEN4C_HUMAN	DENND4C	DENN domain-containing protein 4C	227093	327930	282606	249822
Q5VZK9	Q5VZK9	CARL1_HUMAN	CARMIL1	F-actin-uncapping protein LRRC16A	617538	721596		447849
Q5W0V3	Q5W0V3	FHI2A_HUMAN	FHIP2A	FHF complex subunit HOOK interacting protein 2A	1.52956e+06	1.43515e+06	1.04206e+06	2.29983e+06
Q5W0Z9	Q5W0Z9	ZDH20_HUMAN	ZDHHC20	Palmitoyltransferase ZDHHC20		289030	276953	499304
Q5W111	Q5W111	SPRY7_HUMAN	SPRYD7	SPRY domain-containing protein 7	564072	663155	475272	1.09084e+06
Q5XKE5	Q5XKE5	K2C79_HUMAN	KRT79	Keratin, type II cytoskeletal 79	234041		510286	
Q5XKP0	Q5XKP0	MIC13_HUMAN	MICOS13	MICOS complex subunit MIC13	663133	860387		161007
Q5XPI4	Q5XPI4	RN123_HUMAN	RNF123	E3 ubiquitin-protein ligase RNF123	638789	423425	557089	518763
Q5XXA6	Q5XXA6	ANO1_HUMAN	ANO1	Anoctamin-1	158434		56505.1	171291
Q5ZPR3	Q5ZPR3	CD276_HUMAN	CD276	CD276 antigen	886390	762941	1.29864e+06	1.69499e+06
Q629K1	Q629K1	TRIQK_HUMAN	TRIQK	Triple QxxK/R motif-containing protein	944902	1.24541e+06	127228	258584
Q63HN8	Q63HN8	RN213_HUMAN	RNF213	E3 ubiquitin-protein ligase RNF213	2.71547e+06	2.18663e+06	1.78997e+06	3.1292e+06
Q63HQ2	Q63HQ2	EGFLA_HUMAN	EGFLAM	Pikachurin			22514.3	83520.3
Q63HR2	Q63HR2	TENS2_HUMAN	TNS2	Tensin-2	243912	796765		19776
Q63ZY3	Q63ZY3	KANK2_HUMAN	KANK2	KN motif and ankyrin repeat domain-containing protein 2	440770	889301		372382
Q641Q2	Q641Q2;Q9Y4E1	WAC2A_HUMAN	WASHC2A	WASH complex subunit 2A	470086	678900	494564	434220
Q643R3	Q643R3	LPCT4_HUMAN	LPCAT4	Lysophospholipid acyltransferase LPCAT4	257523			52217.4
Q658P3	Q658P3	STEA3_HUMAN	STEAP3	Metalloreductase STEAP3	442441	554986		295346
Q658Y4	Q658Y4	F91A1_HUMAN	FAM91A1	Protein FAM91A1	262803	134847	239340	325614
Q66K14	Q66K14	TBC9B_HUMAN	TBC1D9B	TBC1 domain family member 9B	293710	333706		157605
Q66K74	Q66K74	MAP1S_HUMAN	MAP1S	Microtubule-associated protein 1S	404934	443741		60268.1
Q66PJ3	Q66PJ3	AR6P4_HUMAN	ARL6IP4	ADP-ribosylation factor-like protein 6-interacting protein 4	71596	96777.6		
Q676U5	Q676U5	A16L1_HUMAN	ATG16L1	Autophagy-related protein 16-1	193002			64065.6
Q684P5	Q684P5	RPGP2_HUMAN	RAP1GAP2	Rap1 GTPase-activating protein 2	1.0634e+06	660900	1.30773e+06	954226
Q687X5	Q687X5	STEA4_HUMAN	STEAP4	Metalloreductase STEAP4	213579	190984	957453	560837
Q68CP4	Q68CP4	HGNAT_HUMAN	HGSNAT	Heparan-alpha-glucosaminide N-acetyltransferase	248163			321737
Q68CQ4	Q68CQ4	UTP25_HUMAN	UTP25	U3 small nucleolar RNA-associated protein 25 homolog			60649.7	273962
Q68CQ7	Q68CQ7	GL8D1_HUMAN	GLT8D1	Glycosyltransferase 8 domain-containing protein 1	420471	560591	351665	496296
Q68CR1	Q68CR1	SE1L3_HUMAN	SEL1L3	Protein sel-1 homolog 3	368484			295942
Q68CZ2	Q68CZ2	TENS3_HUMAN	TNS3	Tensin-3	1.07872e+06	929256	1.87934e+06	2.00423e+06
Q68D91	Q68D91	MBLC2_HUMAN	MBLAC2	Acyl-coenzyme A thioesterase MBLAC2	151839		203536	218378
Q68DK2	Q68DK2	ZFY26_HUMAN	ZFYVE26	Zinc finger FYVE domain-containing protein 26	439007		263273	207988
Q68DL7	Q68DL7	CR063_HUMAN	C18orf63	Uncharacterized protein C18orf63	7.00533e+06	6.89053e+06	4.1521e+06	3.01003e+06
Q68E01	Q68E01	INT3_HUMAN	INTS3	Integrator complex subunit 3	937322		2.01308e+06	2.26068e+06
Q68EM7	Q68EM7	RHG17_HUMAN	ARHGAP17	Rho GTPase-activating protein 17	959784	988706	794318	871130
Q69YN2	Q69YN2	C19L1_HUMAN	CWF19L1	CWF19-like protein 1	220322	211121	321758	361531
Q69YN4	Q69YN4	VIR_HUMAN	VIRMA	Protein virilizer homolog				75703.4
Q6AI08	Q6AI08	HEAT6_HUMAN	HEATR6	HEAT repeat-containing protein 6				11855.7
Q6BCY4	Q6BCY4	NB5R2_HUMAN	CYB5R2	NADH-cytochrome b5 reductase 2	400645	498040	821266	296551
Q6BDI9	Q6BDI9	REP15_HUMAN	REP15	Rab15 effector protein	853471	568286		
Q6DD88	Q6DD88	ATLA3_HUMAN	ATL3	Atlastin-3	3.37446e+06	2.41033e+06	1.64072e+06	4.00143e+06
Q6DKJ4	Q6DKJ4	NXN_HUMAN	NXN	Nucleoredoxin	424607	407225	625419	981802
Q6DKK2	Q6DKK2	TTC19_HUMAN	TTC19	Tetratricopeptide repeat protein 19, mitochondrial	195000			
Q6DN12	Q6DN12	MCTP2_HUMAN	MCTP2	Multiple C2 and transmembrane domain-containing protein 2	213396		66113	140030
Q6E0U4	Q6E0U4	DMKN_HUMAN	DMKN	Dermokine		641300		
Q6EMK4	Q6EMK4	VASN_HUMAN	VASN	Vasorin	189914	294862	383240	798304
Q6FHJ7	Q6FHJ7	SFRP4_HUMAN	SFRP4	Secreted frizzled-related protein 4			83109.6	213190
Q6FI81	Q6FI81	CPIN1_HUMAN	CIAPIN1	Anamorsin	1.39951e+06	1.11366e+06	700491	1.35122e+06
Q6GMV2	Q6GMV2	SMYD5_HUMAN	SMYD5	Histone-lysine N-trimethyltransferase SMYD5	290179		284309	416046
Q6GMV3	Q6GMV3	PTRD1_HUMAN	PTRHD1	Putative peptidyl-tRNA hydrolase PTRHD1	941767	711718		666859
Q6GTX8;Q6ISS4	Q6GTX8;Q6ISS4	LAIR1_HUMAN;LAIR2_HUMAN	LAIR1;LAIR2	Leukocyte-associated immunoglobulin-like receptor 1			1.65404e+06	570255
Q6I9Y2	Q6I9Y2	THOC7_HUMAN	THOC7	THO complex subunit 7 homolog	139163		206893	177727
Q6IA17	Q6IA17	SIGIR_HUMAN	SIGIRR	Single Ig IL-1-related receptor	625570	1.02014e+06		251356
Q6IA69	Q6IA69	NADE_HUMAN	NADSYN1	Glutamine-dependent NAD(+) synthetase	1.51068e+06	1.07195e+06	1.52678e+06	983636
Q6IA86	Q6IA86	ELP2_HUMAN	ELP2	Elongator complex protein 2	564847	822515	402453	549669
Q6IAA8	Q6IAA8	LTOR1_HUMAN	LAMTOR1	Ragulator complex protein LAMTOR1	1.12017e+06	1.24985e+06	579523	792095
Q6IAN0	Q6IAN0	DRS7B_HUMAN	DHRS7B	Dehydrogenase/reductase SDR family member 7B	1.08765e+06	1.0199e+06	425762	683507
Q6IBS0	Q12792;Q6IBS0	TWF2_HUMAN	TWF2	Twinfilin-2	2.87527e+06	2.67696e+06	5.02644e+06	5.5985e+06
Q6IC98	Q6IC98	GRAM4_HUMAN	GRAMD4	GRAM domain-containing protein 4	249109	478409		252288
Q6ICL3	Q6ICL3	TNG2_HUMAN	TANGO2	Transport and Golgi organization protein 2 homolog	754012	684785	950677	627480
Q6IN85	Q6IN85	P4R3A_HUMAN	PPP4R3A	Serine/threonine-protein phosphatase 4 regulatory subunit 3A	565294	396627	421941	673142
Q6IPR1	Q6IPR1	ETFR1_HUMAN	ETFRF1	Electron transfer flavoprotein regulatory factor 1	77047.5		35977.7	90003.5
Q6IQ22	Q6IQ22	RAB12_HUMAN	RAB12	Ras-related protein Rab-12	342230	306297	462442	505827
Q6JBY9	Q6JBY9	CPZIP_HUMAN	RCSD1	CapZ-interacting protein	374318	315065	215178	357128
Q6JQN1	Q6JQN1	ACD10_HUMAN	ACAD10	Acyl-CoA dehydrogenase family member 10	263561			
Q6KB66	Q6KB66	K2C80_HUMAN	KRT80	Keratin, type II cytoskeletal 80	462920	2.71266e+06	2.57644e+06	853701
Q6KCM7	Q6KCM7	SCMC2_HUMAN	SLC25A25	Mitochondrial adenyl nucleotide antiporter SLC25A25	241328			175243
Q6L8Q7	Q6L8Q7	PDE12_HUMAN	PDE12	2',5'-phosphodiesterase 12	1.48393e+06	1.32177e+06	779698	1.52073e+06
Q6MZM0	Q6MZM0	HPHL1_HUMAN	HEPHL1	Ferroxidase HEPHL1			212326	
Q6N075	Q6N075	MFSD5_HUMAN	MFSD5	Molybdate-anion transporter	62179.7		60309.4	82794.1
Q6NT55	Q6NT55	CP4FN_HUMAN	CYP4F22	Ultra-long-chain fatty acid omega-hydroxylase			559716	
Q6NTF9	Q6NTF9	RHBD2_HUMAN	RHBDD2	Rhomboid domain-containing protein 2	392150		459433	570976
Q6NUK1	Q6NUK1	SCMC1_HUMAN	SLC25A24	Mitochondrial adenyl nucleotide antiporter SLC25A24	1.04798e+07	8.95825e+06	5.95625e+06	7.69931e+06
Q6NUK4	Q6NUK4	REEP3_HUMAN	REEP3	Receptor expression-enhancing protein 3	300675	222584		257946
Q6NUM9	Q6NUM9	RETST_HUMAN	RETSAT	All-trans-retinol 13,14-reductase	741643	866898	339979	605611
Q6NUQ1	Q6NUQ1	RINT1_HUMAN	RINT1	RAD50-interacting protein 1	60918.8			46401.6
Q6NUQ4	Q6NUQ4	TM214_HUMAN	TMEM214	Transmembrane protein 214	839705	688890	633159	904732
Q6NUT3	Q6NUT3	MFS12_HUMAN	MFSD12	Major facilitator superfamily domain-containing protein 12	439307		194660	531999
Q6NVY1	Q6NVY1	HIBCH_HUMAN	HIBCH	3-hydroxyisobutyryl-CoA hydrolase, mitochondrial	3.64151e+06	2.91529e+06	1.23619e+06	2.87059e+06
Q6NW29	Q6NW29	RWDD4_HUMAN	RWDD4	RWD domain-containing protein 4	134414			98366.6
Q6NXG1	Q6NXG1;Q9H6T0	ESRP1_HUMAN	ESRP1	Epithelial splicing regulatory protein 1	1.50901e+06	1.21766e+06	326645	815276
Q6NXT4	Q6NXT4	ZNT6_HUMAN	SLC30A6	Zinc transporter 6	220401		66566.6	114360
Q6NXT6	Q6NXT6	TAPT1_HUMAN	TAPT1	Transmembrane anterior posterior transformation protein 1 homolog	233434		161790	262469
Q6NYC1	Q6NYC1	JMJD6_HUMAN	JMJD6	Bifunctional arginine demethylase and lysyl-hydroxylase JMJD6	122737		114749	165610
Q6NYC8	Q6NYC8	PPR18_HUMAN	PPP1R18	Phostensin	656348	858925		970180
Q6NZI2	Q6NZI2	CAVN1_HUMAN	CAVIN1	Caveolae-associated protein 1	5.5397e+06	7.29111e+06	1.01518e+06	2.9423e+06
Q6NZY4	Q6NZY4	ZCHC8_HUMAN	ZCCHC8	Zinc finger CCHC domain-containing protein 8	130431			222833
Q6P161	Q6P161	RM54_HUMAN	MRPL54	Large ribosomal subunit protein mL54	991762	1.46975e+06		
Q6P179	Q6P179	ERAP2_HUMAN	ERAP2	Endoplasmic reticulum aminopeptidase 2	4.62254e+06	3.44036e+06	3.95748e+06	6.59144e+06
Q6P1A2	Q6P1A2	MBOA5_HUMAN	LPCAT3	Lysophospholipid acyltransferase 5	1.85443e+06	670860	976394	2.57707e+06
Q6P1J9	Q6P1J9	CDC73_HUMAN	CDC73	Parafibromin	170532	560366	458525	375112
Q6P1L8	Q6P1L8	RM14_HUMAN	MRPL14	Large ribosomal subunit protein uL14m	216044	54130.1		58874.4
Q6P1M0	Q6P1M0	S27A4_HUMAN	SLC27A4	Long-chain fatty acid transport protein 4	661849	609828	686017	887462
Q6P1M3	Q6P1M3	L2GL2_HUMAN	LLGL2	LLGL scribble cell polarity complex component 2	729734	667776	309438	352377
Q6P1N0	Q6P1N0	C2D1A_HUMAN	CC2D1A	Coiled-coil and C2 domain-containing protein 1A	554523	962673	373741	473645
Q6P1N9	Q6P1N9	TATD1_HUMAN	TATDN1	Deoxyribonuclease TATDN1	552856	432887	548061	1.13594e+06
Q6P1Q0	Q6P1Q0	LTMD1_HUMAN	LETMD1	LETM1 domain-containing protein 1	142788		125893	233981
Q6P1Q9	Q6P1Q9	MET2B_HUMAN	METTL2B	tRNA N(3)-methylcytidine methyltransferase METTL2B	124963			
Q6P1X6	Q6P1X6	CH082_HUMAN	C8orf82	UPF0598 protein C8orf82	2.37796e+06	2.1282e+06	1.43061e+06	1.68031e+06
Q6P2E9	Q6P2E9	EDC4_HUMAN	EDC4	Enhancer of mRNA-decapping protein 4	1.12065e+06	1.73715e+06	1.19751e+06	1.29223e+06
Q6P2H8	Q6P2H8	TMM53_HUMAN	TMEM53	Transmembrane protein 53				153283
Q6P2Q9	Q6P2Q9	PRP8_HUMAN	PRPF8	Pre-mRNA-processing-splicing factor 8	1.71829e+06	1.43885e+06	5.00821e+06	4.08546e+06
Q6P3W7	Q6P3W7	SCYL2_HUMAN	SCYL2	SCY1-like protein 2	503951	218645	115763	218090
Q6P3X3	Q6P3X3	TTC27_HUMAN	TTC27	Tetratricopeptide repeat protein 27	163616			262686
Q6P4A7	Q6P4A7	SFXN4_HUMAN	SFXN4	Sideroflexin-4	261653			235953
Q6P4A8	Q6P4A8	PLBL1_HUMAN	PLBD1	Phospholipase B-like 1	3.2802e+06	2.20548e+06	2.10079e+07	7.144e+06
Q6P4E1	Q6P4E1	GOLM2_HUMAN	GOLM2	Protein GOLM2	1.09242e+06	1.43635e+06	489588	859774
Q6P4Q7	Q6P4Q7	CNNM4_HUMAN	CNNM4	Metal transporter CNNM4	3.63251e+06	3.37967e+06	1.25737e+07	1.82746e+06
Q6P531	Q6P531	GGT6_HUMAN	GGT6	Glutathione hydrolase 6	278846	335967		47498.8
Q6P587	Q6P587	FAHD1_HUMAN	FAHD1	Acylpyruvase FAHD1, mitochondrial	3.00141e+06	2.14334e+06	1.17905e+06	1.57489e+06
Q6P589	Q6P589	TP8L2_HUMAN	TNFAIP8L2	Tumor necrosis factor alpha-induced protein 8-like protein 2	477085	125553		342837
Q6P5R6	Q6P5R6	RL22L_HUMAN	RPL22L1	Ribosomal protein eL22-like	90559.2			
Q6P5W5	Q6P5W5	S39A4_HUMAN	SLC39A4	Zinc transporter ZIP4				1.53151e+06
Q6P6C2	Q6P6C2	ALKB5_HUMAN	ALKBH5	RNA demethylase ALKBH5	274702	107294	293771	132726
Q6P996	Q6P996;Q6P474	PDXD1_HUMAN	PDXDC1	Pyridoxal-dependent decarboxylase domain-containing protein 1	6.14347e+06	4.62408e+06	256967	1.18665e+06
Q6P9B6	Q6P9B6	MEAK7_HUMAN	MEAK7	MTOR-associated protein MEAK7	299870	411604	320579	478273
Q6P9B9	Q6P9B9	INT5_HUMAN	INTS5	Integrator complex subunit 5	357892	345135	215496	260507
Q6PCB0	Q6PCB0	VWA1_HUMAN	VWA1	von Willebrand factor A domain-containing protein 1	232608		743901	1.18271e+06
Q6PCB6	Q6PCB6;Q96GS6	AB17C_HUMAN	ABHD17C	Alpha/beta hydrolase domain-containing protein 17C	115025			116938
Q6PCB7	Q6PCB7	S27A1_HUMAN	SLC27A1	Long-chain fatty acid transport protein 1	258033	576744	142527	211728
Q6PCB8	Q6PCB8	EMB_HUMAN	EMB	Embigin	385670	363357	1.48563e+06	712392
Q6PCE3	Q6PCE3	PGM2L_HUMAN	PGM2L1	Glucose 1,6-bisphosphate synthase	8.03652e+06	5.687e+06	8.6595e+06	9.79286e+06
Q6PD62	Q6PD62	CTR9_HUMAN	CTR9	RNA polymerase-associated protein CTR9 homolog	142234		94825	135010
Q6PD74	Q6PD74	AAGAB_HUMAN	AAGAB	Alpha- and gamma-adaptin-binding protein p34	288124			247276
Q6PGP7	Q6PGP7	SKI3_HUMAN	SKIC3	Superkiller complex protein 3	571273	422049	376613	580349
Q6PHW0	Q6PHW0	IYD1_HUMAN	IYD	Iodotyrosine deiodinase 1	275901		142409	264128
Q6PI48	Q6PI48	SYDM_HUMAN	DARS2	Aspartate--tRNA ligase, mitochondrial	1.23642e+06	852940	759468	1.77555e+06
Q6PI73	Q6PI73	LIRA6_HUMAN	LILRA6	Leukocyte immunoglobulin-like receptor subfamily A member 6			739352	198975
Q6PI78	Q6PI78	TMM65_HUMAN	TMEM65	Transmembrane protein 65	305448	327439	283422	680908
Q6PIF6	Q6PIF6	MYO7B_HUMAN	MYO7B	Unconventional myosin-VIIb	896013	694968	142174	964400
Q6PIU2	Q6PIU2	NCEH1_HUMAN	NCEH1	Neutral cholesterol ester hydrolase 1	1.90883e+06	2.11454e+06	3.27608e+06	2.79348e+06
Q6PJ69	Q6PJ69	TRI65_HUMAN	TRIM65	E3 ubiquitin-protein ligase TRIM65	356060	568968		399967
Q6PJG6	Q6PJG6	BRAT1_HUMAN	BRAT1	BRCA1-associated ATM activator 1	147264	84294.4	94123.6	218345
Q6PJT7	Q6PJT7	ZC3HE_HUMAN	ZC3H14	Zinc finger CCCH domain-containing protein 14				377153
Q6PK18	Q6PK18	OGFD3_HUMAN	OGFOD3	2-oxoglutarate and iron-dependent oxygenase domain-containing protein 3	218517		145560	431299
Q6PKC3	Q6PKC3	TXD11_HUMAN	TXNDC11	Thioredoxin domain-containing protein 11	185398	307417		
Q6PKG0	Q6PKG0	LARP1_HUMAN	LARP1	La-related protein 1	1.00207e+06	789944	1.17063e+06	1.58201e+06
Q6PL24	Q6PL24	TMED8_HUMAN	TMED8	Protein TMED8	251763	178637	392525	291634
Q6PML9	Q6PML9	ZNT9_HUMAN	SLC30A9	Proton-coupled zinc antiporter SLC30A9, mitochondrial	396047	814110	170159	548294
Q6QNY0	Q6QNY0	BL1S3_HUMAN	BLOC1S3	Biogenesis of lysosome-related organelles complex 1 subunit 3	343601	426696		
Q6RW13	Q6RW13	ATRAP_HUMAN	AGTRAP	Type-1 angiotensin II receptor-associated protein	1.13919e+06	822356	3.69174e+06	1.4763e+06
Q6S8J7	A0JP26;A5A3E0;Q6S8J3;B2RU33;P0CG38;P0CG39;A0A0A6YYL3;Q6S545;Q6S5H5;Q6S8J7;A6NI47	POTEA_HUMAN	POTEA	POTE ankyrin domain family member A	1.53446e+06	1.03382e+06	176616	600274
Q6UB35	Q6UB35	C1TM_HUMAN	MTHFD1L	Monofunctional C1-tetrahydrofolate synthase, mitochondrial	484886	877597	147978	810998
Q6UN15	Q6UN15	FIP1_HUMAN	FIP1L1	Pre-mRNA 3'-end-processing factor FIP1	302720	378984		504166
Q6UVK1	Q6UVK1	CSPG4_HUMAN	CSPG4	Chondroitin sulfate proteoglycan 4	572888	789374	456832	1.12831e+06
Q6UVY6	Q6UVY6	MOXD1_HUMAN	MOXD1	DBH-like monooxygenase protein 1	271365		468110	393212
Q6UW02	Q6UW02	CP20A_HUMAN	CYP20A1	Cytochrome P450 20A1	1.10017e+06	637937	685607	503431
Q6UW56	Q6UW56	ARAID_HUMAN	ATRAID	All-trans retinoic acid-induced differentiation factor	288290			495193
Q6UW63	Q6UW63	PLGT2_HUMAN	POGLUT2	Protein O-glucosyltransferase 2			245205	435945
Q6UW68	Q6UW68	TM205_HUMAN	TMEM205	Transmembrane protein 205	4.35344e+06	2.59114e+06	2.6676e+06	3.03923e+06
Q6UWF7	Q6UWF7	NXPE4_HUMAN	NXPE4	NXPE family member 4	1.08418e+06	633440		
Q6UWP2	Q6UWP2	DHR11_HUMAN	DHRS11	Dehydrogenase/reductase SDR family member 11	3.01185e+06	3.03993e+06	1.50358e+06	2.04366e+06
Q6UWP7	Q6UWP7	LCLT1_HUMAN	LCLAT1	Lysocardiolipin acyltransferase 1	827541	505340	481700	1.29871e+06
Q6UWP8	Q6UWP8	SBSN_HUMAN	SBSN	Suprabasin	159149	1.84332e+06	744002	178180
Q6UWW8	Q6UWW8	EST3_HUMAN	CES3	Carboxylesterase 3	436058	321298		96878
Q6UWY2	Q6UWY2	PRS57_HUMAN	PRSS57	Serine protease 57			545614	212766
Q6UWY5	Q6UWY5	OLFL1_HUMAN	OLFML1	Olfactomedin-like protein 1	321745	502878	752199	610211
Q6UX01;Q8WVP7	Q6UX01;Q8WVP7	LMBR1_HUMAN;LMBRL_HUMAN	LMBR1;LMBR1L	Protein LMBR1L	121549			85588.3
Q6UX06	Q6UX06	OLFM4_HUMAN	OLFM4	Olfactomedin-4	4.27774e+06	1.1351e+06	1.75741e+07	6.28256e+06
Q6UX53	Q6UX53	TMT1B_HUMAN	TMT1B	Thiol S-methyltransferase TMT1B	672992	761141		369414
Q6UX65	Q6UX65	DRAM2_HUMAN	DRAM2	DNA damage-regulated autophagy modulator protein 2	337901			
Q6UX71	Q6UX71	PXDC2_HUMAN	PLXDC2	Plexin domain-containing protein 2	286874		618375	907891
Q6UXD5	Q6UXD5	SE6L2_HUMAN	SEZ6L2	Seizure 6-like protein 2				303861
Q6UXG2	Q6UXG2	ELAP1_HUMAN	ELAPOR1	Endosome/lysosome-associated apoptosis and autophagy regulator 1	3.16943e+06	2.12235e+06		
Q6UXH1	Q6UXH1	CREL2_HUMAN	CRELD2	Protein disulfide isomerase CRELD2	3.50513e+06	3.31649e+06	1.23611e+06	1.19978e+06
Q6UXN9	Q6UXN9	WDR82_HUMAN	WDR82	WD repeat-containing protein 82	730398	627805	1.11348e+06	1.23959e+06
Q6UXV1	Q6UXV1	IZUM2_HUMAN	IZUMO2	Izumo sperm-egg fusion protein 2	389114	535817	321380	240536
Q6UXV4	Q6UXV4	MIC27_HUMAN	APOOL	MICOS complex subunit MIC27	1.2246e+06	1.31225e+06	208180	458270
Q6UXY8	Q6UXY8	TMC5_HUMAN	TMC5	Transmembrane channel-like protein 5				389065
Q6V1X1	Q6V1X1	DPP8_HUMAN	DPP8	Dipeptidyl peptidase 8	258232		87143.3	178915
Q6VY07	Q6VY07	PACS1_HUMAN	PACS1	Phosphofurin acidic cluster sorting protein 1	140141	229418	440527	327583
Q6WKZ4	Q6WKZ4	RFIP1_HUMAN	RAB11FIP1	Rab11 family-interacting protein 1	1.18313e+06	2.48864e+06	601488	847452
Q6XQN6	Q6XQN6	PNCB_HUMAN	NAPRT	Nicotinate phosphoribosyltransferase	4.74814e+06	4.93161e+06	5.53725e+06	1.02712e+07
Q6XZF7	Q6XZF7	DNMBP_HUMAN	DNMBP	Dynamin-binding protein			485761	134086
Q6Y1H2	Q6Y1H2	HACD2_HUMAN	HACD2	Very-long-chain (3R)-3-hydroxyacyl-CoA dehydratase 2	823677	1.24488e+06		820660
Q6Y288	Q6Y288	B3GLT_HUMAN	B3GLCT	Beta-1,3-glucosyltransferase			89024.3	292591
Q6Y7W6	Q6Y7W6	GGYF2_HUMAN	GIGYF2	GRB10-interacting GYF protein 2	41790.5			49568.5
Q6YHK3	Q6YHK3	CD109_HUMAN	CD109	CD109 antigen	490141	412482	680610	742084
Q6YN16	Q6YN16	HSDL2_HUMAN	HSDL2	Hydroxysteroid dehydrogenase-like protein 2	3.65328e+06	4.32265e+06	2.61198e+06	5.41138e+06
Q6YP21	Q6YP21	KAT3_HUMAN	KYAT3	Kynurenine--oxoglutarate transaminase 3	1.0391e+06	859746	800378	881046
Q6ZMB0	Q6ZMB0	B3GN6_HUMAN	B3GNT6	Acetylgalactosaminyl-O-glycosyl-glycoprotein beta-1,3-N-acetylglucosaminyltransferase	1.81977e+06	822089		
Q6ZMD2	Q6ZMD2	SPNS3_HUMAN	SPNS3	Protein spinster homolog 3	115917		152621	87169.1
Q6ZMG9	Q6ZMG9	CERS6_HUMAN	CERS6	Ceramide synthase 6	1.03766e+06	690589	792854	1.39761e+06
Q6ZMI0	Q6ZMI0	PPR21_HUMAN	PPP1R21	Protein phosphatase 1 regulatory subunit 21	103601		165055	163678
Q6ZMZ3	Q6ZMZ3	SYNE3_HUMAN	SYNE3	Nesprin-3	22991.5		552838	287626
Q6ZNB6	Q6ZNB6	NFXL1_HUMAN	NFXL1	NF-X1-type zinc finger protein NFXL1	162404	233477		149958
Q6ZNC8	Q6ZNC8	MBOA1_HUMAN	MBOAT1	Lysophospholipid acyltransferase 1	211042			151719
Q6ZNF0	Q6ZNF0	ACP7_HUMAN	ACP7	Acid phosphatase type 7			100121	
Q6ZNJ1	Q6ZNJ1	NBEL2_HUMAN	NBEAL2	Neurobeachin-like protein 2	524352	307516	456248	695783
Q6ZNW5	Q6ZNW5	GDPP1_HUMAN	GDPGP1	GDP-D-glucose phosphorylase 1	94646.8		78042	96036.1
Q6ZPD9	Q6ZPD9	D19L3_HUMAN	DPY19L3	Probable C-mannosyltransferase DPY19L3	816759		1.3858e+06	1.62408e+06
Q6ZQN7	Q6ZQN7	SO4C1_HUMAN	SLCO4C1	Solute carrier organic anion transporter family member 4C1			720005	
Q6ZRP7	Q6ZRP7	QSOX2_HUMAN	QSOX2	Sulfhydryl oxidase 2	497091		360021	681293
Q6ZRS2	Q6ZRS2	SRCAP_HUMAN	SRCAP	Helicase SRCAP	2.01846e+06	697730	1.26377e+06	624918
Q6ZRV2	Q6ZRV2	FA83H_HUMAN	FAM83H	Protein FAM83H	1.02927e+06	874673	1.67606e+06	1.55593e+06
Q6ZS17	Q6ZS17	RIPR1_HUMAN	RIPOR1	Rho family-interacting cell polarization regulator 1	79509.7		138552	175360
Q6ZS30	Q6ZS30	NBEL1_HUMAN	NBEAL1	Neurobeachin-like protein 1	318365			188909
Q6ZS81	Q6ZS81	WDFY4_HUMAN	WDFY4	WD repeat- and FYVE domain-containing protein 4	143374		234430	154782
Q6ZSR9	Q6ZSR9	YJ005_HUMAN		Uncharacterized protein FLJ45252	840628	718996		413326
Q6ZSS7	Q6ZSS7	MFSD6_HUMAN	MFSD6	Major facilitator superfamily domain-containing protein 6	196445	245448		142941
Q6ZT21	Q6ZT21	TMPPE_HUMAN	TMPPE	Transmembrane protein with metallophosphoesterase domain	267499			193044
Q6ZTR7	Q6ZTR7	CBAR2_HUMAN	CIBAR2	CBY1-interacting BAR domain-containing protein 2	211897	69220.9	46538.1	122874
Q6ZUM4	Q6ZUM4	RHG27_HUMAN	ARHGAP27	Rho GTPase-activating protein 27	4.85796e+06	3.92285e+06	4.09541e+06	6.75779e+06
Q6ZUX7	Q6ZUX7	LHPL2_HUMAN	LHFPL2	LHFPL tetraspan subfamily member 2 protein				455468
Q6ZVK8	Q6ZVK8	NUD18_HUMAN	NUDT18	8-oxo-dGDP phosphatase NUDT18	255478	227275	305031	236420
Q6ZVM7	Q6ZVM7	TM1L2_HUMAN	TOM1L2	TOM1-like protein 2	482968	508601	58960.8	247395
Q6ZVX7	Q6ZVX7	FBX50_HUMAN	NCCRP1	F-box only protein 50		1.59083e+06	2.5168e+06	434395
Q6ZWT7	Q6ZWT7	MBOA2_HUMAN	MBOAT2	Lysophospholipid acyltransferase 2	289964	160508	231936	227346
Q6ZXV5	Q6ZXV5	TMTC3_HUMAN	TMTC3	Protein O-mannosyl-transferase TMTC3	416186	675836	763329	960354
Q709C8	Q709C8	VP13C_HUMAN	VPS13C	Intermembrane lipid transfer protein VPS13C	1.25515e+06	945594	739110	1.08381e+06
Q70IA6	Q70IA6	MOB2_HUMAN	MOB2	MOB kinase activator 2	392702	341357	726907	552112
Q70J99	Q70J99	UN13D_HUMAN	UNC13D	Protein unc-13 homolog D	717572	528378	2.06695e+06	1.13122e+06
Q70UQ0	Q70UQ0	IKIP_HUMAN	IKBIP	Inhibitor of nuclear factor kappa-B kinase-interacting protein	1.02958e+06	1.34332e+06	2.03884e+06	3.0671e+06
Q712K3	Q712K3	UB2R2_HUMAN	UBE2R2	Ubiquitin-conjugating enzyme E2 R2	741355	1.03271e+06	1.71319e+06	1.28409e+06
Q71RC2	Q71RC2	LARP4_HUMAN	LARP4	La-related protein 4	150639			54192.4
Q71UM5	Q71UM5	RS27L_HUMAN	RPS27L	Ribosomal protein eS27-like	2.41061e+06	4.22086e+06	2.51662e+06	1.02567e+06
Q75QN2	Q75QN2	INT8_HUMAN	INTS8	Integrator complex subunit 8	259070	88660.8	19376.8	270592
Q76M96	Q76M96	CCD80_HUMAN	CCDC80	Coiled-coil domain-containing protein 80				116462
Q76MJ5	Q76MJ5	ERN2_HUMAN	ERN2	Serine/threonine-protein kinase/endoribonuclease IRE2	874512	1.04024e+06		228226
Q7KYR7	Q7KYR7;Q8WVV5	BT2A1_HUMAN	BTN2A1	Butyrophilin subfamily 2 member A1	50645.5		63163.5	79219.1
Q7KZ85	Q7KZ85	SPT6H_HUMAN	SUPT6H	Transcription elongation factor SPT6	234382	113151	295387	392755
Q7KZF4	Q7KZF4	SND1_HUMAN	SND1	Staphylococcal nuclease domain-containing protein 1	8.66615e+06	7.48312e+06	6.99692e+06	7.74447e+06
Q7KZI7	Q7KZI7	MARK2_HUMAN	MARK2	Serine/threonine-protein kinase MARK2	672242	766258	666234	728145
Q7KZN9	Q7KZN9	COX15_HUMAN	COX15	Cytochrome c oxidase assembly protein COX15 homolog	420527	208709	234358	695678
Q7L014	Q7L014	DDX46_HUMAN	DDX46	Probable ATP-dependent RNA helicase DDX46	2.08592e+06	2.36722e+06	2.90737e+06	2.75467e+06
Q7L0Y3	Q7L0Y3	TM10C_HUMAN	TRMT10C	tRNA methyltransferase 10 homolog C	148829	174859	139930	465042
Q7L1Q6	Q7L1Q6	5MP2_HUMAN	BZW1	eIF5-mimic protein 2	3.09762e+06	2.92535e+06	1.00212e+06	3.77579e+06
Q7L1T6	Q7L1T6	NB5R4_HUMAN	CYB5R4	Cytochrome b5 reductase 4	88323.7		321009	154693
Q7L1V2	Q7L1V2	MON1B_HUMAN	MON1B	Vacuolar fusion protein MON1 homolog B	117053			201289
Q7L211	Q7L211	ABHDD_HUMAN	ABHD13	Protein ABHD13	146569		226944	220770
Q7L266	Q7L266	ASGL1_HUMAN	ASRGL1	Isoaspartyl peptidase/L-asparaginase	1.04283e+06	629416	901752	813306
Q7L2E3	Q7L2E3	DHX30_HUMAN	DHX30	ATP-dependent RNA helicase DHX30	336838	201865	108978	482467
Q7L2H7	Q7L2H7	EIF3M_HUMAN	EIF3M	Eukaryotic translation initiation factor 3 subunit M	1.34218e+06	1.49904e+06	1.0433e+06	1.68222e+06
Q7L3T8	Q7L3T8	SYPM_HUMAN	PARS2	Probable proline--tRNA ligase, mitochondrial	415775	295121	556990	231949
Q7L523	Q5VZM2;Q7L523	RRAGA_HUMAN	RRAGA	Ras-related GTP-binding protein A	541418	375113	1.15958e+06	865914
Q7L576	Q7L576	CYFP1_HUMAN	CYFIP1	Cytoplasmic FMR1-interacting protein 1	3.13835e+06	3.08068e+06	1.19231e+06	2.9924e+06
Q7L591	Q7L591	DOK3_HUMAN	DOK3	Docking protein 3	318552	338182	912863	528699
Q7L592	Q7L592	NDUF7_HUMAN	NDUFAF7	Protein arginine methyltransferase NDUFAF7, mitochondrial	560884			668301
Q7L5D6	Q7L5D6	GET4_HUMAN	GET4	Golgi to ER traffic protein 4 homolog	1.06479e+06	644357	1.1667e+06	1.71912e+06
Q7L5L3	Q7L5L3	GDPD3_HUMAN	GDPD3	Lysophospholipase D GDPD3	749510	1.3792e+06	1.11885e+06	193662
Q7L5N1	Q7L5N1	CSN6_HUMAN	COPS6	COP9 signalosome complex subunit 6	1.14902e+06	858907	673833	1.1073e+06
Q7L5N7	Q7L5N7	PCAT2_HUMAN	LPCAT2	Lysophosphatidylcholine acyltransferase 2	1.04393e+06	948720	3.19033e+06	1.57945e+06
Q7L775	Q7L775	EPMIP_HUMAN	EPM2AIP1	EPM2A-interacting protein 1	281582	277232	215374	244933
Q7L7V1	Q7L7V1	DHX32_HUMAN	DHX32	Putative pre-mRNA-splicing factor ATP-dependent RNA helicase DHX32	440272	181433		133308
Q7L8L6	Q7L8L6	FAKD5_HUMAN	FASTKD5	FAST kinase domain-containing protein 5, mitochondrial	250970			378958
Q7L9L4;Q9H8S9	Q7L9L4;Q9H8S9	MOB1A_HUMAN;MOB1B_HUMAN	MOB1A;MOB1B	MOB kinase activator 1B	1.84015e+06	1.47442e+06	1.67456e+06	3.15954e+06
Q7LBC6	Q7LBC6	KDM3B_HUMAN	KDM3B	Lysine-specific demethylase 3B	172748	356584	129834	272945
Q7LBR1	Q7LBR1	CHM1B_HUMAN	CHMP1B	Charged multivesicular body protein 1b	1.54582e+06	2.37797e+06	2.05493e+06	1.92044e+06
Q7LG56	Q7LG56	RIR2B_HUMAN	RRM2B	Ribonucleoside-diphosphate reductase subunit M2 B	663817	690650	1.0608e+06	520436
Q7LGA3	Q7LGA3	HS2ST_HUMAN	HS2ST1	Heparan sulfate 2-O-sulfotransferase 1	293055		788692	830105
Q7RTP6	Q7RTP6	MICA3_HUMAN	MICAL3	[F-actin]-monooxygenase MICAL3			58579.7	41322.9
Q7RTS9	Q7RTS9	DYM_HUMAN	DYM	Dymeclin	379547	101551		350939
Q7RTV0	Q7RTV0	PHF5A_HUMAN	PHF5A	PHD finger-like domain-containing protein 5A	972933	1.15573e+06	1.3542e+06	1.50001e+06
Q7Z2H8	Q7Z2H8	S36A1_HUMAN	SLC36A1	Proton-coupled amino acid transporter 1	65572.4		83858.9	151357
Q7Z2K6	Q7Z2K6	ERMP1_HUMAN	ERMP1	Endoplasmic reticulum metallopeptidase 1	882056	611085	787204	1.44196e+06
Q7Z2W4	Q7Z2W4	ZCCHV_HUMAN	ZC3HAV1	Zinc finger CCCH-type antiviral protein 1	2.00427e+06	2.15445e+06	2.3203e+06	2.11726e+06
Q7Z2W9	Q7Z2W9	RM21_HUMAN	MRPL21	Large ribosomal subunit protein bL21m	1.66836e+06	2.01498e+06	973237	1.4085e+06
Q7Z2Z2	Q7Z2Z2	EFL1_HUMAN	EFL1	Elongation factor-like GTPase 1	927880	739208	650456	1.1465e+06
Q7Z392	Q7Z392	TPC11_HUMAN	TRAPPC11	Trafficking protein particle complex subunit 11	278475		358091	294803
Q7Z3B0	Q7Z3B0	SIM15_HUMAN	SMIM15	Small integral membrane protein 15	178232			233686
Q7Z3B1	Q7Z3B1	NEGR1_HUMAN	NEGR1	Neuronal growth regulator 1	263904	2.04935e+06		123030
Q7Z3B4	Q7Z3B4	NUP54_HUMAN	NUP54	Nucleoporin p54	904995	720851	1.01304e+06	1.3046e+06
Q7Z3C6	Q7Z3C6	ATG9A_HUMAN	ATG9A	Autophagy-related protein 9A	134763	1.02468e+06	78294	200516
Q7Z3E5	Q7Z3E5	ARMC9_HUMAN	ARMC9	LisH domain-containing protein ARMC9	105766			83933.9
Q7Z3J2	Q7Z3J2	VP35L_HUMAN	VPS35L	VPS35 endosomal protein-sorting factor-like	878256	582723		470261
Q7Z3T8	Q7Z3T8	ZFY16_HUMAN	ZFYVE16	Zinc finger FYVE domain-containing protein 16	112937	123532	198091	209788
Q7Z3U7	Q7Z3U7	MON2_HUMAN	MON2	Protein MON2 homolog	978243	524610	232521	379311
Q7Z404	Q7Z404	TMC4_HUMAN	TMC4	Transmembrane channel-like protein 4	301172			238928
Q7Z406	P35580;Q7Z406	MYH14_HUMAN	MYH14	Myosin-14	3.50414e+06	1.67405e+06	2.39909e+06	2.80308e+06
Q7Z417	Q7Z417	NUFP2_HUMAN	NUFIP2	FMR1-interacting protein NUFIP2	218073	213650		258883
Q7Z434	Q7Z434	MAVS_HUMAN	MAVS	Mitochondrial antiviral-signaling protein	933335	1.19588e+06		323126
Q7Z449	Q7Z449	CP2U1_HUMAN	CYP2U1	Cytochrome P450 2U1	542748	521150		418208
Q7Z460	O75122;Q7Z460	CLAP1_HUMAN	CLASP1	CLIP-associating protein 1	222220	111079	191671	339675
Q7Z478	Q7Z478	DHX29_HUMAN	DHX29	ATP-dependent RNA helicase DHX29	351686	233243	289899	248149
Q7Z4G4	Q7Z4G4	TRM11_HUMAN	TRMT11	tRNA (guanine(10)-N2)-methyltransferase homolog				138731
Q7Z4H3	Q7Z4H3	HDDC2_HUMAN	HDDC2	5'-deoxynucleotidase HDDC2	609092	713058	213545	671903
Q7Z4H8	Q7Z4H8	PLGT3_HUMAN	POGLUT3	Protein O-glucosyltransferase 3	880490	819160	1.21307e+06	1.6933e+06
Q7Z4Q2	Q7Z4Q2	HEAT3_HUMAN	HEATR3	HEAT repeat-containing protein 3	307953		202853	
Q7Z4S6	Q7Z4S6	KI21A_HUMAN	KIF21A	Kinesin-like protein KIF21A	72892.9	55014.6		
Q7Z4V5	Q7Z4V5	HDGR2_HUMAN	HDGFL2	Hepatoma-derived growth factor-related protein 2	288299	384502	217664	219819
Q7Z4W1	Q7Z4W1	DCXR_HUMAN	DCXR	L-xylulose reductase	6.24296e+06	5.1267e+06	3.91372e+06	5.85693e+06
Q7Z5G4	Q7Z5G4;Q2TAP0	GOGA7_HUMAN	GOLGA7	Golgin subfamily A member 7	376619			471725
Q7Z5L9	Q7Z5L9	I2BP2_HUMAN	IRF2BP2	Interferon regulatory factor 2-binding protein 2	409787	337556		271633
Q7Z5N4	Q7Z5N4	SDK1_HUMAN	SDK1	Protein sidekick-1			442420	350595
Q7Z5R6	Q7Z5R6	AB1IP_HUMAN	APBB1IP	Amyloid beta A4 precursor protein-binding family B member 1-interacting protein	153366	158895	1.46923e+06	1.02097e+06
Q7Z6K3	Q7Z6K3	PTAR1_HUMAN	PTAR1	Protein prenyltransferase alpha subunit repeat-containing protein 1	163764			205806
Q7Z6K5	Q7Z6K5	ARPIN_HUMAN	ARPIN	Arpin	2.30643e+06	3.34972e+06	582778	1.67341e+06
Q7Z6L1	Q7Z6L1	TCPR1_HUMAN	TECPR1	Tectonin beta-propeller repeat-containing protein 1	70219.2		49768	66739
Q7Z6M1	Q7Z6M1	RABEK_HUMAN	RABEPK	Rab9 effector protein with kelch motifs	128685			108883
Q7Z6Z7	Q7Z6Z7	HUWE1_HUMAN	HUWE1	E3 ubiquitin-protein ligase HUWE1	9.97716e+06	8.74428e+06	5.45245e+06	9.32432e+06
Q7Z739	Q7Z739;Q9BYJ9;Q9Y5A9	YTHD3_HUMAN	YTHDF3	YTH domain-containing family protein 3	746041	1.07102e+06	900489	1.63918e+06
Q7Z794	Q7Z794	K2C1B_HUMAN	KRT77	Keratin, type II cytoskeletal 1b	340153	6.50167e+06	2.44824e+06	683464
Q7Z7A4	Q7Z7A4	PXK_HUMAN	PXK	PX domain-containing protein kinase-like protein	98885.3		227834	223695
Q7Z7E8	Q7Z7E8	UB2Q1_HUMAN	UBE2Q1	Ubiquitin-conjugating enzyme E2 Q1	266430	183604	190718	435374
Q7Z7F7	Q7Z7F7	RM55_HUMAN	MRPL55	Large ribosomal subunit protein mL55	430194	560819	171658	452083
Q7Z7G0	Q7Z7G0	TARSH_HUMAN	ABI3BP	Target of Nesh-SH3	1.33145e+06		1.43617e+06	1.29973e+06
Q7Z7H5	Q7Z7H5	TMED4_HUMAN	TMED4	Transmembrane emp24 domain-containing protein 4	8.36622e+06	8.30169e+06	6.65985e+06	8.37181e+06
Q7Z7H8	Q7Z7H8	RM10_HUMAN	MRPL10	Large ribosomal subunit protein uL10m	9.26292e+06	7.18396e+06		3.65907e+06
Q7Z7K0	Q7Z7K0	COXM1_HUMAN	CMC1	COX assembly mitochondrial protein homolog	2.83641e+06	3.79744e+06	1.18893e+06	2.98344e+06
Q7Z7K6	Q7Z7K6	CENPV_HUMAN	CENPV	Centromere protein V	46989.9			113791
Q7Z7L7	Q7Z7L7	ZER1_HUMAN	ZER1	Protein zer-1 homolog	68770.6			61352.4
Q7Z7M8	Q7Z7M8	B3GN8_HUMAN	B3GNT8	UDP-GlcNAc:betaGal beta-1,3-N-acetylglucosaminyltransferase 8	111539		178181	141580
Q7Z7M9	Q7Z7M9	GALT5_HUMAN	GALNT5	Polypeptide N-acetylgalactosaminyltransferase 5	1.34401e+06	982160	273771	275534
Q7Z7N9	Q7Z7N9	T179B_HUMAN	TMEM179B	Transmembrane protein 179B	602803	484174	165831	720189
Q86SE5	Q86SE5	RALYL_HUMAN	RALYL	RNA-binding Raly-like protein	4.0357e+06	2.76859e+06	4.50217e+06	5.24857e+06
Q86SF2	Q86SF2	GALT7_HUMAN	GALNT7	N-acetylgalactosaminyltransferase 7	4.59744e+06	3.78915e+06	919268	1.33153e+06
Q86SK9	Q86SK9	SCD5_HUMAN	SCD5	Stearoyl-CoA desaturase 5	101238		24991.4	110097
Q86SX6	Q86SX6	GLRX5_HUMAN	GLRX5	Glutaredoxin-related protein 5, mitochondrial	1.06596e+06	849975		350799
Q86SZ2	Q86SZ2	TPC6B_HUMAN	TRAPPC6B	Trafficking protein particle complex subunit 6B	414594	567766	638396	600283
Q86T03	Q86T03	PP4P1_HUMAN	PIP4P1	Type 1 phosphatidylinositol 4,5-bisphosphate 4-phosphatase	368955		388442	347264
Q86TB9	Q86TB9	PATL1_HUMAN	PATL1	Protein PAT1 homolog 1	264062	450814		279726
Q86TI0	Q86TI0	TBCD1_HUMAN	TBC1D1	TBC1 domain family member 1	45985.8			27823.1
Q86TI2	Q86TI2	DPP9_HUMAN	DPP9	Dipeptidyl peptidase 9	1.11763e+06	915935	1.30706e+06	1.11849e+06
Q86TM6	Q86TM6	SYVN1_HUMAN	SYVN1	E3 ubiquitin-protein ligase synoviolin	1.08055e+06	884219	640524	853496
Q86TP1	Q86TP1	PRUN1_HUMAN	PRUNE1	Exopolyphosphatase PRUNE1	552737	131782		307786
Q86TU7	Q86TU7	SETD3_HUMAN	SETD3	Actin-histidine N-methyltransferase	567330	544521	573128	967799
Q86TX2	P49753;Q86TX2	ACOT1_HUMAN	ACOT1	Acyl-coenzyme A thioesterase 1	1.77446e+06	2.42971e+06	865391	1.72635e+06
Q86U28	Q86U28	ISCA2_HUMAN	ISCA2	Iron-sulfur cluster assembly 2 homolog, mitochondrial	460355	372023		167184
Q86U38	Q86U38	NOP9_HUMAN	NOP9	Nucleolar protein 9	265788	207576		198352
Q86U42	Q86U42;A6NDY0	PABP2_HUMAN	PABPN1	Polyadenylate-binding protein 2	2.76375e+06	3.33592e+06	1.96364e+06	3.39e+06
Q86U44	Q86U44	MTA70_HUMAN	METTL3	N6-adenosine-methyltransferase catalytic subunit	288700		376518	443261
Q86U90	Q86U90	YRDC_HUMAN	YRDC	Threonylcarbamoyl-AMP synthase	274917		919633	336748
Q86UA1	Q86UA1	PRP39_HUMAN	PRPF39	Pre-mRNA-processing factor 39	727888	518438	308040	693362
Q86UE4	Q86UE4	LYRIC_HUMAN	MTDH	Protein LYRIC	2.39909e+06	1.91594e+06	1.66075e+06	1.9368e+06
Q86UK7	Q86UK7	ZN598_HUMAN	ZNF598	E3 ubiquitin-protein ligase ZNF598	86392.6			97906.6
Q86UL3	Q86UL3	GPAT4_HUMAN	GPAT4	Glycerol-3-phosphate acyltransferase 4	244090	47886.8		249240
Q86UP2	Q86UP2	KTN1_HUMAN	KTN1	Kinectin	1.27877e+06	1.33119e+06	1.0917e+06	1.66567e+06
Q86UT6	Q86UT6	NLRX1_HUMAN	NLRX1	NLR family member X1	229742		241531	270899
Q86UU1	Q86UU1	PHLB1_HUMAN	PHLDB1	Pleckstrin homology-like domain family B member 1	696244	1.65948e+06		275406
Q86UV5	Q86UV5	UBP48_HUMAN	USP48	Ubiquitin carboxyl-terminal hydrolase 48	190645	113950		282346
Q86UX7	Q86UX7	URP2_HUMAN	FERMT3	Fermitin family homolog 3	2.87207e+06	2.61166e+06	4.61243e+06	4.91481e+06
Q86UY8	Q86UY8	NT5D3_HUMAN	NT5DC3	5'-nucleotidase domain-containing protein 3	612703	621136	432787	610797
Q86V21	Q86V21	AACS_HUMAN	AACS	Acetoacetyl-CoA synthetase	1.16201e+06	987990	102778	484560
Q86V48	Q86V48	LUZP1_HUMAN	LUZP1	Leucine zipper protein 1	220563	198156	147016	357724
Q86V81	Q86V81	THOC4_HUMAN	ALYREF	THO complex subunit 4	3.90703e+06	5.56056e+06	3.80672e+06	6.98592e+06
Q86V85	Q86V85	GP180_HUMAN	GPR180	Integral membrane protein GPR180	157498	140448	129943	205675
Q86V88	Q86V88	MGDP1_HUMAN	MDP1	Magnesium-dependent phosphatase 1	962744	831496	847575	605965
Q86VB7	Q86VB7	C163A_HUMAN	CD163	Scavenger receptor cysteine-rich type 1 protein M130	1.85512e+06	1.44711e+06	2.72269e+06	1.46701e+06
Q86VE9	Q86VE9	SERC5_HUMAN	SERINC5	Serine incorporator 5	883065	324846		476918
Q86VN1	Q86VN1	VPS36_HUMAN	VPS36	Vacuolar protein-sorting-associated protein 36	1.06487e+06	1.88295e+06	980351	1.04104e+06
Q86VP1	Q86VP1	TAXB1_HUMAN	TAX1BP1	Tax1-binding protein 1	444766	235311	270069	747590
Q86VP6	Q86VP6	CAND1_HUMAN	CAND1	Cullin-associated NEDD8-dissociated protein 1	9.37818e+06	5.93988e+06	961467	7.41416e+06
Q86VR2	Q86VR2	RETR3_HUMAN	RETREG3	Reticulophagy regulator 3	842871		388875	890294
Q86VS8	Q86VS8	HOOK3_HUMAN	HOOK3	Protein Hook homolog 3	412999	285024	493525	600728
Q86VU5	Q86VU5	CMTD1_HUMAN	COMTD1	Catechol O-methyltransferase domain-containing protein 1	529407			188666
Q86VX2	Q86VX2	COMD7_HUMAN	COMMD7	COMM domain-containing protein 7	735715	610780	364331	724249
Q86W42	Q86W42	THOC6_HUMAN	THOC6	THO complex subunit 6 homolog	257176	222412	613078	651397
Q86W50	Q86W50	MET16_HUMAN	METTL16	RNA N6-adenosine-methyltransferase METTL16	134260	77608.2	212268	253279
Q86W56	Q86W56	PARG_HUMAN	PARG	Poly(ADP-ribose) glycohydrolase	221824		180125	153567
Q86W92	Q86W92;Q8ND30	LIPB1_HUMAN	PPFIBP1	Liprin-beta-1	492109	753418	349177	787147
Q86WA6	Q86WA6	BPHL_HUMAN	BPHL	Valacyclovir hydrolase	990350	761239	562284	1.01489e+06
Q86WA8	Q86WA8	LONP2_HUMAN	LONP2	Lon protease homolog 2, peroxisomal			7528.26	62313.6
Q86WD7	Q86WD7	SPA9_HUMAN	SERPINA9	Serpin A9			62120.4	
Q86WJ1	Q86WJ1	CHD1L_HUMAN	CHD1L	Chromodomain-helicase-DNA-binding protein 1-like				201503
Q86WN1	Q86WN1	FCSD1_HUMAN	FCHSD1	F-BAR and double SH3 domains protein 1			341027	236558
Q86WQ0	Q86WQ0	NR2CA_HUMAN	NR2C2AP	Nuclear receptor 2C2-associated protein	309869	403383	213855	296503
Q86WR0	Q86WR0	CCD25_HUMAN	CCDC25	Coiled-coil domain-containing protein 25	336352	382288	278140	512576
Q86WU2	Q86WU2	LDHD_HUMAN	LDHD	Probable D-lactate dehydrogenase, mitochondrial	467209	271367		
Q86WV6	Q86WV6	STING_HUMAN	STING1	Stimulator of interferon genes protein	3.75422e+06	2.13978e+06	1.78334e+06	3.60007e+06
Q86X10	Q86X10	RLGPB_HUMAN	RALGAPB	Ral GTPase-activating protein subunit beta	145387		86917	146572
Q86X29	Q86X29	LSR_HUMAN	LSR	Lipolysis-stimulated lipoprotein receptor	926899	1.60008e+06		449694
Q86X55	Q86X55	CARM1_HUMAN	CARM1	Histone-arginine methyltransferase CARM1	1.28085e+06	1.0003e+06	680116	1.18244e+06
Q86X76	Q86X76	NIT1_HUMAN	NIT1	Deaminated glutathione amidase	2.12923e+06	1.98041e+06	1.79958e+06	1.85279e+06
Q86X83	Q86X83	COMD2_HUMAN	COMMD2	COMM domain-containing protein 2	749575	768777	71920.6	837935
Q86XA9	Q86XA9	HTR5A_HUMAN	HEATR5A	HEAT repeat-containing protein 5A	164873			155677
Q86XP0	Q86XP0	PA24D_HUMAN	PLA2G4D	Cytosolic phospholipase A2 delta			742234	
Q86XP3	Q86XP3	DDX42_HUMAN	DDX42	ATP-dependent RNA helicase DDX42	703112	1.00078e+06	1.12773e+06	1.07072e+06
Q86XZ4	Q86XZ4	SPAS2_HUMAN	SPATS2	Spermatogenesis-associated serine-rich protein 2	74416.5			79433.4
Q86Y34	Q86Y34	AGRG3_HUMAN	ADGRG3	Adhesion G protein-coupled receptor G3			1.47262e+06	465891
Q86Y39	Q86Y39	NDUAB_HUMAN	NDUFA11	NADH dehydrogenase [ubiquinone] 1 alpha subcomplex subunit 11	2.59324e+06	930450	1.21044e+06	1.36742e+06
Q86Y56	Q86Y56	DAAF5_HUMAN	DNAAF5	Dynein axonemal assembly factor 5	314140	345450		140785
Q86Y82	Q86Y82	STX12_HUMAN	STX12	Syntaxin-12	2.90109e+06	2.69602e+06	1.33244e+06	3.1176e+06
Q86YB7	Q86YB7	ECHD2_HUMAN	ECHDC2	Enoyl-CoA hydratase domain-containing protein 2, mitochondrial	1.09777e+06	2.07512e+06		
Q86YH6	Q86YH6	DLP1_HUMAN	PDSS2	All trans-polyprenyl-diphosphate synthase PDSS2	562757			148570
Q86YN1	Q86YN1	DOPP1_HUMAN	DOLPP1	Dolichyldiphosphatase 1	860832		372279	740236
Q86YP4	Q86YP4	P66A_HUMAN	GATAD2A	Transcriptional repressor p66-alpha	259123	337575	86364.5	207680
Q86YQ8	Q8IYJ1;Q9HCH3;Q86YQ8	CPNE8_HUMAN	CPNE8	Copine-8	57198.6		74191.2	80752.4
Q86YS6	Q86YS6	RAB43_HUMAN	RAB43	Ras-related protein Rab-43	590037	673335	156814	495865
Q86YS7	Q86YS7	C2CD5_HUMAN	C2CD5	C2 domain-containing protein 5	416635		239742	269461
Q86YV0	Q86YV0	RASL3_HUMAN	RASAL3	RAS protein activator like-3	112978			182885
Q86YZ3	Q86YZ3	HORN_HUMAN	HRNR	Hornerin	5.30343e+06	1.95955e+07	4.71864e+06	6.52848e+06
Q8IU85	Q8IU85	KCC1D_HUMAN	CAMK1D	Calcium/calmodulin-dependent protein kinase type 1D	616204	386895	312903	390468
Q8IUC4	Q8IUC4	RHPN2_HUMAN	RHPN2	Rhophilin-2	413730	391484	125324	700871
Q8IUD2	Q8IUD2	RB6I2_HUMAN	ERC1	ELKS/Rab6-interacting/CAST family member 1	969223	1.2552e+06	1.0635e+06	1.14364e+06
Q8IUE6	Q8IUE6	H2A2B_HUMAN	H2AC21	Histone H2A type 2-B	498833	394515	3.05624e+06	848431
Q8IUH3	Q8IUH3	RBM45_HUMAN	RBM45	RNA-binding protein 45				75238.3
Q8IUH4	Q8IUH4	ZDH13_HUMAN	ZDHHC13	Palmitoyltransferase ZDHHC13	78514.1	259088		59935.2
Q8IUH5	Q8IUH5	ZDH17_HUMAN	ZDHHC17	Palmitoyltransferase ZDHHC17	232568		202600	196693
Q8IUI8	Q8IUI8	CRLF3_HUMAN	CRLF3	Cytokine receptor-like factor 3	515856	310968	1.60573e+06	538291
Q8IUR0	Q8IUR0	TPPC5_HUMAN	TRAPPC5	Trafficking protein particle complex subunit 5	1.01721e+06	831196	864209	972109
Q8IUR7	Q8IUR7	ARMC8_HUMAN	ARMC8	Armadillo repeat-containing protein 8	426420	266707	180363	279415
Q8IUX1	Q8IUX1	T126B_HUMAN	TMEM126B	Complex I assembly factor TMEM126B, mitochondrial	211666	272549		
Q8IUX7	Q8IUX7	AEBP1_HUMAN	AEBP1	Adipocyte enhancer-binding protein 1	444618	328426	1.04444e+06	1.38653e+06
Q8IUZ5	Q8IUZ5	AT2L2_HUMAN	PHYKPL	5-phosphohydroxy-L-lysine phospho-lyase	1.76083e+06	1.82542e+06	1.93449e+06	1.27682e+06
Q8IV04	Q8IV04	TB10C_HUMAN	TBC1D10C	Carabin	67791.1		84537.3	191828
Q8IV08	Q8IV08	PLD3_HUMAN	PLD3	5'-3' exonuclease PLD3	3.95484e+06	2.29097e+06	4.47279e+06	1.96289e+06
Q8IV20	Q8IV20	LACC1_HUMAN	LACC1	Purine nucleoside phosphorylase LACC1	291810		126991	185130
Q8IV36	Q8IV36	HID1_HUMAN	HID1	Protein HID1	6.53393e+06	7.74045e+06		1.53954e+06
Q8IV38	Q8IV38	ANKY2_HUMAN	ANKMY2	Ankyrin repeat and MYND domain-containing protein 2	380478	292360		516248
Q8IV50	Q8IV50	LYSM2_HUMAN	LYSMD2	LysM and putative peptidoglycan-binding domain-containing protein 2	308563		233489	415305
Q8IVD9	Q8IVD9	NUDC3_HUMAN	NUDCD3	NudC domain-containing protein 3	558071	461761	727506	882965
Q8IVF2	Q8IVF2	AHNK2_HUMAN	AHNAK2	Protein AHNAK2	408192	910565	601011	729859
Q8IVH4	Q8IVH4	MMAA_HUMAN	MMAA	Methylmalonic aciduria type A protein, mitochondrial	590872	299479		258476
Q8IVL5	Q8IVL5	P3H2_HUMAN	P3H2	Prolyl 3-hydroxylase 2	150669			24435
Q8IVL6	Q8IVL6	P3H3_HUMAN	P3H3	Prolyl 3-hydroxylase 3	437514	423963	811858	1.24273e+06
Q8IVM0	Q8IVM0	CCD50_HUMAN	CCDC50	Coiled-coil domain-containing protein 50	362598	495528		378530
Q8IVP5	Q8IVP5	FUND1_HUMAN	FUNDC1	FUN14 domain-containing protein 1	114690			141506
Q8IVT2	Q8IVT2	MISP_HUMAN	MISP	Mitotic interactor and substrate of PLK1	633201	1.16114e+06		290153
Q8IVW6;Q99856	Q8IVW6;Q99856	ARI3A_HUMAN;ARI3B_HUMAN	ARID3A;ARID3B	AT-rich interactive domain-containing protein 3B	341005		367205	391321
Q8IW35	Q8IW35	CEP97_HUMAN	CEP97	Centrosomal protein of 97 kDa	107390		193863	279256
Q8IW41	Q8IW41	MAPK5_HUMAN	MAPKAPK5	MAP kinase-activated protein kinase 5	465772	484752		417717
Q8IW45	Q8IW45	NNRD_HUMAN	NAXD	ATP-dependent (S)-NAD(P)H-hydrate dehydratase	1.74854e+06	2.25373e+06	1.0372e+06	1.58014e+06
Q8IW52	Q8IW52	SLIK4_HUMAN	SLITRK4	SLIT and NTRK-like protein 4	4.9925e+06			8.26188e+06
Q8IW75	Q8IW75	SPA12_HUMAN	SERPINA12	Serpin A12		763872	874138	
Q8IWA4	Q8IWA4	MFN1_HUMAN	MFN1	Mitofusin-1	372722	300103	131349	317894
Q8IWA5	Q8IWA5	CTL2_HUMAN	SLC44A2	Choline transporter-like protein 2	1.44729e+06	1.23159e+06	3.43235e+06	1.72886e+06
Q8IWB1	Q8IWB1	IPRI_HUMAN	ITPRIP	Inositol 1,4,5-trisphosphate receptor-interacting protein				27885.2
Q8IWB7	Q8IWB7	WDFY1_HUMAN	WDFY1	WD repeat and FYVE domain-containing protein 1	945431	567819	1.55583e+06	1.73191e+06
Q8IWB9	Q8IWB9	TEX2_HUMAN	TEX2	Testis-expressed protein 2	900074	3.47739e+06	572546	776166
Q8IWE2	Q8IWE2	NXP20_HUMAN	FAM114A1	Protein NOXP20	1.55488e+06	2.08122e+06		1.10414e+06
Q8IWJ2	Q8IWJ2	GCC2_HUMAN	GCC2	GRIP and coiled-coil domain-containing protein 2	494246	519785	268111	429264
Q8IWR0	Q8IWR0	Z3H7A_HUMAN	ZC3H7A	Zinc finger CCCH domain-containing protein 7A	382093			254092
Q8IWS0	Q8IWS0	PHF6_HUMAN	PHF6	PHD finger protein 6	196271		118707	388675
Q8IWT0	Q8IWT0	ARCH_HUMAN	ZBTB8OS	Protein archease	279793		247684	289336
Q8IWT6	Q8IWT6	LRC8A_HUMAN	LRRC8A	Volume-regulated anion channel subunit LRRC8A	168472	717712	101291	373533
Q8IWU6	Q8IWU6	SULF1_HUMAN	SULF1	Extracellular sulfatase Sulf-1			154776	675274
Q8IWV7	Q8IWV7	UBR1_HUMAN	UBR1	E3 ubiquitin-protein ligase UBR1	190328		136743	239002
Q8IWV8	Q8IWV8	UBR2_HUMAN	UBR2	E3 ubiquitin-protein ligase UBR2	184647			254647
Q8IX04	Q8IX04	UEVLD_HUMAN	UEVLD	Ubiquitin-conjugating enzyme E2 variant 3	963179		985616	667642
Q8IX12	Q8IX12	CCAR1_HUMAN	CCAR1	Cell division cycle and apoptosis regulator protein 1	410597	519498	693599	659557
Q8IX19	Q8IX19	MCEM1_HUMAN	MCEMP1	Mast cell-expressed membrane protein 1			3.26191e+06	770444
Q8IXB1	Q8IXB1	DJC10_HUMAN	DNAJC10	DnaJ homolog subfamily C member 10	587042	468684	309504	632763
Q8IXH7	Q8IXH7	NELFD_HUMAN	NELFCD	Negative elongation factor C/D	491332			482367
Q8IXI1	Q8IXI1	MIRO2_HUMAN	RHOT2	Mitochondrial Rho GTPase 2	1.15025e+06	1.18407e+06	441704	929043
Q8IXI2	Q8IXI2	MIRO1_HUMAN	RHOT1	Mitochondrial Rho GTPase 1	737718	548256	652417	568256
Q8IXJ6	Q8IXJ6	SIR2_HUMAN	SIRT2	NAD-dependent protein deacetylase sirtuin-2	404728	196914	378155	397553
Q8IXK2	Q8IXK2	GLT12_HUMAN	GALNT12	Polypeptide N-acetylgalactosaminyltransferase 12	1.36263e+06	1.16589e+06		350615
Q8IXL7	Q8IXL7	MSRB3_HUMAN	MSRB3	Methionine-R-sulfoxide reductase B3			817193	1.33425e+06
Q8IXM2	Q8IXM2	BAP18_HUMAN	BAP18	Chromatin complexes subunit BAP18	1.1479e+06	1.16989e+06	1.76627e+06	1.22555e+06
Q8IXM3	Q8IXM3	RM41_HUMAN	MRPL41	Large ribosomal subunit protein mL41	987514	1.18541e+06	462313	727494
Q8IXM6	Q8IXM6	NRM_HUMAN	NRM	Nurim	453178		700461	1.34779e+06
Q8IXQ6	Q8IXQ6	PARP9_HUMAN	PARP9	Protein mono-ADP-ribosyltransferase PARP9	201201		137234	327208
Q8IXT5	Q8IXT5	RB12B_HUMAN	RBM12B	RNA-binding protein 12B			156776	152966
Q8IY17	Q8IY17	PLPL6_HUMAN	PNPLA6	Patatin-like phospholipase domain-containing protein 6	613428	516193		554151
Q8IY21	Q8IY21	DDX60_HUMAN	DDX60	Probable ATP-dependent RNA helicase DDX60	537062	1.62892e+06	331633	686583
Q8IY34	Q8IY34	S15A3_HUMAN	SLC15A3	Solute carrier family 15 member 3	129182		105271	344346
Q8IY47	Q8IY47	KBTB2_HUMAN	KBTBD2	Kelch repeat and BTB domain-containing protein 2				158184
Q8IY67	Q8IY67	RAVR1_HUMAN	RAVER1	Ribonucleoprotein PTB-binding 1	902882	908037	871331	1.25532e+06
Q8IY95	Q8IY95	TM192_HUMAN	TMEM192	Transmembrane protein 192	531302	239432		380773
Q8IYB1	Q8IYB1	M21D2_HUMAN	MB21D2	Nucleotidyltransferase MB21D2			61649.7	100729
Q8IYB3	Q8IYB3	SRRM1_HUMAN	SRRM1	Serine/arginine repetitive matrix protein 1	31318.4		92782	143213
Q8IYB5	Q8IYB5	SMAP1_HUMAN	SMAP1	Stromal membrane-associated protein 1	2.37126e+06	1.41749e+06	1.98002e+06	2.01698e+06
Q8IYB7	Q8IYB7	DI3L2_HUMAN	DIS3L2	DIS3-like exonuclease 2	3.52755e+06	4.99999e+06	2.17497e+06	1.94861e+06
Q8IYB8	Q8IYB8	SUV3_HUMAN	SUPV3L1	ATP-dependent RNA helicase SUPV3L1, mitochondrial	108354		70510.8	171941
Q8IYD1	Q8IYD1	ERF3B_HUMAN	GSPT2	Eukaryotic peptide chain release factor GTP-binding subunit ERF3B	317954			
Q8IYI6	Q8IYI6	EXOC8_HUMAN	EXOC8	Exocyst complex component 8	461229	660823	312296	455981
Q8IYJ2	Q8IYJ2	CJ067_HUMAN	C10orf67	Uncharacterized protein C10orf67, mitochondrial	5.48755e+06			
Q8IYJ3	Q8IYJ3	SYTL1_HUMAN	SYTL1	Synaptotagmin-like protein 1	513629	601003	338508	190460
Q8IYM0	Q8IYM0	F186B_HUMAN	FAM186B	Protein FAM186B	3.27617e+06	2.66637e+06	2.48669e+06	2.1585e+06
Q8IYM9	Q8IYM9	TRI22_HUMAN	TRIM22	E3 ubiquitin-protein ligase TRIM22	306769	385105	542700	349798
Q8IYQ7	Q8IYQ7	THNS1_HUMAN	THNSL1	Threonine synthase-like 1	369766			247859
Q8IYS2	Q8IYS2	K2013_HUMAN	KIAA2013	Uncharacterized protein KIAA2013	1.04048e+06	799891	269330	785529
Q8IYT4	Q8IYT4	KATL2_HUMAN	KATNAL2	Katanin p60 ATPase-containing subunit A-like 2	1.22304e+07	1.34822e+07	1.40868e+07	1.10091e+07
Q8IYU8	Q8IYU8	MICU2_HUMAN	MICU2	Calcium uptake protein 2, mitochondrial	272966			256393
Q8IZ07	Q8IZ07	AN13A_HUMAN	ANKRD13A	Ankyrin repeat domain-containing protein 13A	560335	617067	843847	872603
Q8IZ21	Q8IZ21	PHAR4_HUMAN	PHACTR4	Phosphatase and actin regulator 4	239618	270759	36518	249871
Q8IZ81	Q8IZ81	ELMD2_HUMAN	ELMOD2	ELMO domain-containing protein 2	1.19876e+06	1.08781e+06	1.06404e+06	1.62735e+06
Q8IZ83	Q8IZ83	A16A1_HUMAN	ALDH16A1	Aldehyde dehydrogenase family 16 member A1	1.56473e+06	1.42303e+06	1.9776e+06	1.51028e+06
Q8IZA0	Q8IZA0	K319L_HUMAN	KIAA0319L	Dyslexia-associated protein KIAA0319-like protein	311157			198154
Q8IZE3	Q8IZE3	PACE1_HUMAN	SCYL3	Protein-associating with the carboxyl-terminal domain of ezrin	130596			
Q8IZF2	Q8IZF2	AGRF5_HUMAN	ADGRF5	Adhesion G protein-coupled receptor F5				251315
Q8IZH2	Q8IZH2	XRN1_HUMAN	XRN1	5'-3' exoribonuclease 1	407942	772750	800809	804649
Q8IZL8	Q8IZL8	PELP1_HUMAN	PELP1	Proline-, glutamic acid- and leucine-rich protein 1	248430		75432.2	281340
Q8IZP0	Q8IZP0;Q9NYB9	ABI1_HUMAN	ABI1	Abl interactor 1	1.65381e+06	1.8405e+06	564361	1.09943e+06
Q8IZQ1	Q8IZQ1	WDFY3_HUMAN	WDFY3	WD repeat and FYVE domain-containing protein 3	67554.9		122832	85588.9
Q8IZQ5	Q8IZQ5	SELH_HUMAN	SELENOH	Selenoprotein H	887133	1.45623e+06		225322
Q8IZR5	Q8IZR5	CKLF4_HUMAN	CMTM4	CKLF-like MARVEL transmembrane domain-containing protein 4	357731	278126		
Q8IZU2	Q8IZU2	WDR17_HUMAN	WDR17	WD repeat-containing protein 17	3.04233e+06	1.71007e+06	2.28462e+06	2.49343e+06
Q8IZV5	Q8IZV5	RDH10_HUMAN	RDH10	Retinol dehydrogenase 10	156247		149333	269238
Q8N0U8	Q8N0U8	VKORL_HUMAN	VKORC1L1	Vitamin K epoxide reductase complex subunit 1-like protein 1	1.40375e+06	706890	977692	1.28113e+06
Q8N0W3	Q8N0W3	FCSK_HUMAN	FCSK	L-fucose kinase	561141	626182	160469	422368
Q8N0X4	Q8N0X4	CLYBL_HUMAN	CLYBL	Citramalyl-CoA lyase, mitochondrial	1.06556e+06	1.16741e+06	583705	1.57707e+06
Q8N0X7	Q8N0X7	SPART_HUMAN	SPART	Spartin	140266	247318		231412
Q8N0Z6	Q8N0Z6	TTC5_HUMAN	TTC5	Tetratricopeptide repeat protein 5	111828			
Q8N108	Q8N108	MIER1_HUMAN	MIER1	Mesoderm induction early response protein 1	232928	152559		137824
Q8N118	Q8N118	CP4X1_HUMAN	CYP4X1	Cytochrome P450 4X1				321134
Q8N122	Q8N122	RPTOR_HUMAN	RPTOR	Regulatory-associated protein of mTOR	124915		48032.2	162612
Q8N128	Q8N128	F177A_HUMAN	FAM177A1	Protein FAM177A1	483778	317888		
Q8N129	Q8N129	CNPY4_HUMAN	CNPY4	Protein canopy homolog 4	349552	254132		556055
Q8N138	Q8N138	ORML3_HUMAN	ORMDL3	ORM1-like protein 3	1.12992e+06	1.14501e+06		271095
Q8N142	Q8N142	PURA1_HUMAN	ADSS1	Adenylosuccinate synthetase isozyme 1	18336		21099.1	
Q8N149	Q8N149	LIRA2_HUMAN	LILRA2	Leukocyte immunoglobulin-like receptor subfamily A member 2			179125	132083
Q8N163	Q8N163	CCAR2_HUMAN	CCAR2	Cell cycle and apoptosis regulator protein 2	2.14423e+06	2.16069e+06	486368	2.11897e+06
Q8N183	Q8N183	NDUF2_HUMAN	NDUFAF2	NADH dehydrogenase [ubiquinone] 1 alpha subcomplex assembly factor 2	930856	967262	544887	616205
Q8N1A6	Q8N1A6	CD033_HUMAN	C4orf33	UPF0462 protein C4orf33	215216		147824	173344
Q8N1B4	Q8N1B4	VPS52_HUMAN	VPS52	Vacuolar protein sorting-associated protein 52 homolog	739869	592211	661268	621686
Q8N1F7	Q8N1F7	NUP93_HUMAN	NUP93	Nuclear pore complex protein Nup93	1.00958e+06	1.03534e+06	404245	1.08516e+06
Q8N1F8	Q8N1F8	S11IP_HUMAN	STK11IP	Serine/threonine-protein kinase 11-interacting protein	151331		37432.8	62384
Q8N1G2	Q8N1G2	CMTR1_HUMAN	CMTR1	Cap-specific mRNA (nucleoside-2'-O-)-methyltransferase 1	168113	385896	305572	368587
Q8N1G4	Q8N1G4	LRC47_HUMAN	LRRC47	Leucine-rich repeat-containing protein 47	964365	1.0415e+06	329709	668286
Q8N1N4	Q8N1N4	K2C78_HUMAN	KRT78	Keratin, type II cytoskeletal 78	578888	4.41259e+06	1.67678e+06	796543
Q8N1Q1	Q8N1Q1	CAH13_HUMAN	CA13	Carbonic anhydrase 13	499958		560800	774043
Q8N1S5	Q8N1S5	S39AB_HUMAN	SLC39A11	Zinc transporter ZIP11	1.4281e+06	1.01584e+06	791896	807602
Q8N201	Q8N201	INT1_HUMAN	INTS1	Integrator complex subunit 1	880558		8.41029e+06	1.73122e+06
Q8N2F6	Q8N2F6	ARM10_HUMAN	ARMC10	Armadillo repeat-containing protein 10	676532	1.1339e+06		291231
Q8N2G8	Q8N2G8	GHDC_HUMAN	GHDC	GH3 domain-containing protein	853916	1.23571e+06	608680	1.1333e+06
Q8N2H4	Q8N2H4	SYS1_HUMAN	SYS1	Protein SYS1 homolog	518338			411436
Q8N2K0	Q8N2K0	ABD12_HUMAN	ABHD12	Lysophosphatidylserine lipase ABHD12	987736	651522	790303	1.04443e+06
Q8N2S1	Q8N2S1	LTBP4_HUMAN	LTBP4	Latent-transforming growth factor beta-binding protein 4	1.09934e+06	1.95085e+06	379777	335204
Q8N2U9	Q8N2U9	S66A2_HUMAN	SLC66A2	Solute carrier family 66 member 2	216990		123346	167728
Q8N323	Q8N323	NXPE1_HUMAN	NXPE1	NXPE family member 1	545227	174310		
Q8N335	Q8N335	GPD1L_HUMAN	GPD1L	Glycerol-3-phosphate dehydrogenase 1-like protein	2.71164e+06	2.40977e+06		800858
Q8N357	Q8N357	S35F6_HUMAN	SLC35F6	Solute carrier family 35 member F6	582390	502696	156521	216388
Q8N370	Q8N370	LAT4_HUMAN	SLC43A2	Large neutral amino acids transporter small subunit 4	56327.6		52338	40951.2
Q8N386	Q8N386	LRC25_HUMAN	LRRC25	Leucine-rich repeat-containing protein 25	329844	156027	1.04117e+06	523829
Q8N392	Q8N392	RHG18_HUMAN	ARHGAP18	Rho GTPase-activating protein 18	466283	450296	193871	711976
Q8N3C0	Q8N3C0	ASCC3_HUMAN	ASCC3	Activating signal cointegrator 1 complex subunit 3	390473	471624	138611	337549
Q8N3D4	Q8N3D4	EH1L1_HUMAN	EHBP1L1	EH domain-binding protein 1-like protein 1	308096	609166	270800	238674
Q8N3E9	Q8N3E9	PLCD3_HUMAN	PLCD3	1-phosphatidylinositol 4,5-bisphosphate phosphodiesterase delta-3	183686	315397		299096
Q8N3P4	Q8N3P4	VPS8_HUMAN	VPS8	Vacuolar protein sorting-associated protein 8 homolog	213300		276468	196156
Q8N3U4	Q8N3U4	STAG2_HUMAN	STAG2	Cohesin subunit SA-2	408846		377599	721897
Q8N3Y7	Q8N3Y7	RDHE2_HUMAN	SDR16C5	Epidermal retinol dehydrogenase 2	289696		438660	
Q8N423	O75022;P59901;Q8N423;Q8N6C8;Q6PI73	LIRB2_HUMAN	LILRB2	Leukocyte immunoglobulin-like receptor subfamily B member 2	447809	125919	1.57557e+06	464329
Q8N465	Q8N465	D2HDH_HUMAN	D2HGDH	D-2-hydroxyglutarate dehydrogenase, mitochondrial	294541	137809		126076
Q8N468	Q8N468	MFD4A_HUMAN	MFSD4A	Major facilitator superfamily domain-containing protein 4A	521482	575280		
Q8N490	Q8N490	PNKD_HUMAN	PNKD	Probable hydrolase PNKD	112395		279213	149488
Q8N4A0	Q8N4A0	GALT4_HUMAN	GALNT4	Polypeptide N-acetylgalactosaminyltransferase 4	2.20929e+06	2.08376e+06	593346	2.10002e+06
Q8N4C8	Q8N4C8	MINK1_HUMAN	MINK1	Misshapen-like kinase 1	131945	116642	71806.2	199696
Q8N4J0	Q8N4J0	CARME_HUMAN	CARNMT1	Carnosine N-methyltransferase	48537.9			155148
Q8N4M1	Q8N4M1	CTL3_HUMAN	SLC44A3	Choline transporter-like protein 3	177044			
Q8N4Q0	Q8N4Q0	PTGR3_HUMAN	PTGR3	Prostaglandin reductase 3	740848	539254		462067
Q8N4T8	Q8N4T8	CBR4_HUMAN	CBR4	3-oxoacyl-[acyl-carrier-protein] reductase	1.62946e+06	2.07656e+06	447583	804070
Q8N4V1	Q8N4V1	EMC5_HUMAN	MMGT1	ER membrane protein complex subunit 5	1.01301e+06	396660		268012
Q8N511	Q8N511	TM199_HUMAN	TMEM199	Transmembrane protein 199	270721			549947
Q8N543	Q8N543	OGFD1_HUMAN	OGFOD1	Prolyl 3-hydroxylase OGFOD1				107004
Q8N556	Q8N556	AFAP1_HUMAN	AFAP1	Actin filament-associated protein 1	313094		300350	442130
Q8N573	Q8N573	OXR1_HUMAN	OXR1	Oxidation resistance protein 1	470394	425106	377740	564762
Q8N5A5	Q8N5A5	ZGPAT_HUMAN	ZGPAT	Zinc finger CCCH-type with G patch domain-containing protein			28704.8	69174
Q8N5C1	Q8N5C1	CAHM5_HUMAN	CALHM5	Calcium homeostasis modulator protein 5			587388	664401
Q8N5I2	Q8N5I2	ARRD1_HUMAN	ARRDC1	Arrestin domain-containing protein 1	270760		246035	336280
Q8N5I4	Q8N5I4	DHRSX_HUMAN	DHRSX	Dehydrogenase/reductase SDR family member on chromosome X	612693	517595	696433	661800
Q8N5J2	Q8N5J2	MINY1_HUMAN	MINDY1	Ubiquitin carboxyl-terminal hydrolase MINDY-1	316919	178762	204456	350110
Q8N5K1	Q8N5K1	CISD2_HUMAN	CISD2	CDGSH iron-sulfur domain-containing protein 2	3.8828e+06	3.29887e+06	3.47019e+06	3.54541e+06
Q8N5M1	Q8N5M1	ATPF2_HUMAN	ATPAF2	ATP synthase mitochondrial F1 complex assembly factor 2	312023			141770
Q8N5M4	Q8N5M4	TTC9C_HUMAN	TTC9C	Tetratricopeptide repeat protein 9C	404938	177628		516522
Q8N5M9	Q8N5M9	JAGN1_HUMAN	JAGN1	Protein jagunal homolog 1	978526	741268	280634	966580
Q8N5N7	Q8N5N7	RM50_HUMAN	MRPL50	Large ribosomal subunit protein mL50	843735			
Q8N5R6	Q8N5R6	CCD33_HUMAN	CCDC33	Coiled-coil domain-containing protein 33	3.55407e+06	4.11618e+06	4.11718e+06	7.45493e+06
Q8N668	Q8N668	COMD1_HUMAN	COMMD1	COMM domain-containing protein 1	337965	589913	305577	199842
Q8N684	Q8N684	CPSF7_HUMAN	CPSF7	Cleavage and polyadenylation specificity factor subunit 7	812077	1.10435e+06	848882	1.07994e+06
Q8N697	Q8N697	S15A4_HUMAN	SLC15A4	Solute carrier family 15 member 4			930407	3.03108e+06
Q8N6C8	Q8N6C8;Q8NHL6	LIRA3_HUMAN	LILRA3	Leukocyte immunoglobulin-like receptor subfamily A member 3	767864	603983	1.96812e+06	790157
Q8N6G5	Q8N6G5	CGAT2_HUMAN	CSGALNACT2	Chondroitin sulfate N-acetylgalactosaminyltransferase 2	108696		398896	273716
Q8N6H7	Q8N6H7	ARFG2_HUMAN	ARFGAP2	ADP-ribosylation factor GTPase-activating protein 2	1.11609e+06	2.10201e+06	459342	888076
Q8N6L1	Q8N6L1	KTAP2_HUMAN	KRTCAP2	Keratinocyte-associated protein 2	5.0987e+06	2.10971e+06		1.09859e+06
Q8N6M0	Q8N6M0	OTU6B_HUMAN	OTUD6B	Deubiquitinase OTUD6B	415332	660158	48961.2	629892
Q8N6M3	Q8N6M3	FITM2_HUMAN	FITM2	Acyl-coenzyme A diphosphatase FITM2	200912		130984	321931
Q8N6Q3	Q8N6Q3	CD177_HUMAN	CD177	CD177 antigen	626606	827785	8.47236e+06	1.69183e+06
Q8N6R0	Q8N6R0	EFNMT_HUMAN	METTL13	eEF1A lysine and N-terminal methyltransferase	8505.44			65622.6
Q8N6T3	Q8N6T3	ARFG1_HUMAN	ARFGAP1	ADP-ribosylation factor GTPase-activating protein 1	1.37973e+06	1.84419e+06	1.00718e+06	1.40244e+06
Q8N6V4	Q8N6V4	CJ053_HUMAN	C10orf53	UPF0728 protein C10orf53	2.8124e+06	2.25196e+06		1.43542e+06
Q8N755	Q8N755	S66A3_HUMAN	SLC66A3	Solute carrier family 66 member 3	516276	158788		392414
Q8N766	Q8N766	EMC1_HUMAN	EMC1	ER membrane protein complex subunit 1	1.12166e+06	990095	1.21364e+06	1.27655e+06
Q8N7H5	Q8N7H5	PAF1_HUMAN	PAF1	RNA polymerase II-associated factor 1 homolog	145651	243711	261554	415934
Q8N7R7	Q8N7R7	CCYL1_HUMAN	CCNYL1	Cyclin-Y-like protein 1	186622	150681	26765.2	217971
Q8N806	Q8N806	UBR7_HUMAN	UBR7	Putative E3 ubiquitin-protein ligase UBR7	394849	281184	179966	450729
Q8N8A2	O15084;Q8N8A2	ANR44_HUMAN	ANKRD44	Serine/threonine-protein phosphatase 6 regulatory ankyrin repeat subunit B	324086	156452	390764	382390
Q8N8J7	Q8N8J7	F241A_HUMAN	FAM241A	Uncharacterized protein FAM241A	142115		171491	205512
Q8N8N7	Q8N8N7	PTGR2_HUMAN	PTGR2	Prostaglandin reductase 2	998269	930960	360758	1.43468e+06
Q8N8R5	Q8N8R5	CB069_HUMAN	C2orf69	Mitochondrial protein C2orf69	118220			237798
Q8N8S7	Q8N8S7	ENAH_HUMAN	ENAH	Protein enabled homolog	646680	777410	773623	1.35414e+06
Q8N8V2	Q8N8V2	GBP7_HUMAN	GBP7	Guanylate-binding protein 7			216865	443593
Q8N8V4	Q8N8V4	ANS4B_HUMAN	ANKS4B	Ankyrin repeat and SAM domain-containing protein 4B	161295	363990		154349
Q8N954	Q8N954	GPT11_HUMAN	GPATCH11	G patch domain-containing protein 11				129485
Q8N983	Q8N983	RM43_HUMAN	MRPL43	Large ribosomal subunit protein mL43	1.32772e+06	1.24352e+06	482872	1.19965e+06
Q8N9A8	Q8N9A8	NEPR1_HUMAN	CNEP1R1	Nuclear envelope phosphatase-regulatory subunit 1	215324		91787	299032
Q8N9N2	Q8N9N2	ASCC1_HUMAN	ASCC1	Activating signal cointegrator 1 complex subunit 1	206875		213882	316085
Q8N9N7	Q8N9N7	LRC57_HUMAN	LRRC57	Leucine-rich repeat-containing protein 57	1.22527e+06	1.26898e+06	1.17957e+06	1.59998e+06
Q8N9N8	Q8N9N8	EIF1A_HUMAN	EIF1AD	Probable RNA-binding protein EIF1AD		203382		276094
Q8NB16	Q8NB16	MLKL_HUMAN	MLKL	Mixed lineage kinase domain-like protein	365310	296780	839951	843276
Q8NB37	Q8NB37	GALD1_HUMAN	GATD1	Glutamine amidotransferase-like class 1 domain-containing protein 1	453662	412587		448852
Q8NB90	Q8NB90	AFG2A_HUMAN	AFG2A	ATPase family gene 2 protein homolog A	264486	165294		186697
Q8NBF2	Q8NBF2	NHLC2_HUMAN	NHLRC2	NHL repeat-containing protein 2	886626	822542	855621	1.22646e+06
Q8NBF6	Q8NBF6	AVL9_HUMAN	AVL9	Late secretory pathway protein AVL9 homolog	585968	1.12126e+06	114832	512111
Q8NBI5	Q8NBI5	S43A3_HUMAN	SLC43A3	Equilibrative nucleobase transporter 1	83185.8		119497	139283
Q8NBI6	Q8NBI6	XXLT1_HUMAN	XXYLT1	Xyloside xylosyltransferase 1			146514	252466
Q8NBJ4	Q8NBJ4	GOLM1_HUMAN	GOLM1	Golgi membrane protein 1	4.40461e+06	4.05992e+06	526132	2.35723e+06
Q8NBJ5	Q8NBJ5	GT251_HUMAN	COLGALT1	Procollagen galactosyltransferase 1	1.52016e+06	1.42988e+06	3.08917e+06	3.02978e+06
Q8NBJ7	Q8NBJ7	SUMF2_HUMAN	SUMF2	Inactive C-alpha-formylglycine-generating enzyme 2	1.95428e+06	2.46815e+06	1.478e+06	2.1223e+06
Q8NBJ9	Q8NBJ9	SIDT2_HUMAN	SIDT2	SID1 transmembrane family member 2	484782		207744	234088
Q8NBK3	Q8NBK3	SUMF1_HUMAN	SUMF1	Formylglycine-generating enzyme	652095	1.0748e+06	813401	830788
Q8NBL1	Q8NBL1	PGLT1_HUMAN	POGLUT1	Protein O-glucosyltransferase 1	598731	647193	842405	896282
Q8NBM8	Q8NBM8	PCYXL_HUMAN	PCYOX1L	Prenylcysteine oxidase-like	364632	415570	1.17104e+06	760603
Q8NBN3	Q8NBN3	TM87A_HUMAN	TMEM87A	Transmembrane protein 87A	1.37895e+06	1.69534e+06	623314	1.09541e+06
Q8NBN7	Q8NBN7	RDH13_HUMAN	RDH13	Retinol dehydrogenase 13	1.0865e+06	1.26053e+06		657705
Q8NBP5	Q8NBP5	MFSD9_HUMAN	MFSD9	Major facilitator superfamily domain-containing protein 9	159527	115549		17456
Q8NBQ5	Q8NBQ5	DHB11_HUMAN	HSD17B11	Estradiol 17-beta-dehydrogenase 11	3.53914e+06	2.54993e+06	1.26188e+06	3.29922e+06
Q8NBS9	Q8NBS9	TXND5_HUMAN	TXNDC5	Thioredoxin domain-containing protein 5	7.99708e+07	5.2751e+07	1.11257e+07	1.95475e+07
Q8NBU5	Q8NBU5	ATAD1_HUMAN	ATAD1	Outer mitochondrial transmembrane helix translocase	937586	609632	328024	685696
Q8NBX0	Q8NBX0	SCPDL_HUMAN	SCCPDH	Saccharopine dehydrogenase-like oxidoreductase	2.48461e+06	2.66858e+06	2.76144e+06	3.08691e+06
Q8NC42	Q8NC42	RN149_HUMAN	RNF149	E3 ubiquitin-protein ligase RNF149	100095		307363	315559
Q8NC51	Q8NC51	SERB1_HUMAN	SERBP1	SERPINE1 mRNA-binding protein 1	5.66948e+06	6.09202e+06	1.50725e+06	5.14455e+06
Q8NC56	Q8NC56	LEMD2_HUMAN	LEMD2	LEM domain-containing protein 2	720280	645979	300918	1.18522e+06
Q8NC60	Q8NC60	NOA1_HUMAN	NOA1	Nitric oxide-associated protein 1	586286	425522	856865	368237
Q8NC96	Q8NC96	NECP1_HUMAN	NECAP1	Adaptin ear-binding coat-associated protein 1	1.10992e+06	426470	1.13456e+06	976235
Q8NCA5	Q8NCA5	FA98A_HUMAN	FAM98A	Protein FAM98A	927790		897250	1.39964e+06
Q8NCC3	Q8NCC3	PAG15_HUMAN	PLA2G15	Phospholipase A2 group XV	158200		230816	187732
Q8NCE2	Q8NCE2	MTMRE_HUMAN	MTMR14	Myotubularin-related protein 14	161499		37271.5	144657
Q8NCG7	Q8NCG7	DGLB_HUMAN	DAGLB	Diacylglycerol lipase-beta	195519	285144	200622	259217
Q8NCH0	Q8NCH0	CHSTE_HUMAN	CHST14	Carbohydrate sulfotransferase 14	386146	601010	346709	496415
Q8NCL4	Q8NCL4	GALT6_HUMAN	GALNT6	Polypeptide N-acetylgalactosaminyltransferase 6	305388	251036	185121	453510
Q8NCN5	Q8NCN5	PDPR_HUMAN	PDPR	Pyruvate dehydrogenase phosphatase regulatory subunit, mitochondrial	774327	979507	651014	903565
Q8NCR9	Q8NCR9	CLRN3_HUMAN	CLRN3	Clarin-3	336836			637129
Q8NCS4	Q8NCS4	TM35B_HUMAN	TMEM35B	Transmembrane protein 35B	543750	250470		581388
Q8NCW5	Q8NCW5	NNRE_HUMAN	NAXE	NAD(P)H-hydrate epimerase	2.92209e+06	3.06411e+06	1.63328e+06	2.12019e+06
Q8ND24	Q8ND24	RN214_HUMAN	RNF214	RING finger protein 214	284925	168553	215637	306540
Q8ND30	Q8ND30	LIPB2_HUMAN	PPFIBP2	Liprin-beta-2			220412	
Q8ND56	Q8ND56	LS14A_HUMAN	LSM14A	Protein LSM14 homolog A	578035	541844	147891	396748
Q8ND71	Q8ND71	GIMA8_HUMAN	GIMAP8	GTPase IMAP family member 8	303462		430672	690831
Q8NDA8	Q8NDA8	MROH1_HUMAN	MROH1	Maestro heat-like repeat-containing protein family member 1	405249	221218	83486.7	218902
Q8NDH2	Q8NDH2	CC168_HUMAN	CCDC168	Leucine-rich repeat transmembrane protein CCDC168			476795	431065
Q8NDH3	Q8NDH3	PEPL1_HUMAN	NPEPL1	Probable aminopeptidase NPEPL1	618973	631019	763658	664808
Q8NDZ4	Q8NDZ4	DIK2A_HUMAN	DIPK2A	Divergent protein kinase domain 2A	86157.9		122961	99045.4
Q8NE01	Q8NE01	CNNM3_HUMAN	CNNM3	Metal transporter CNNM3	98540.7	44795.4		118850
Q8NE62	Q8NE62	CHDH_HUMAN	CHDH	Choline dehydrogenase, mitochondrial	2.43634e+06	2.86883e+06	311414	1.45303e+06
Q8NE71	Q8NE71	ABCF1_HUMAN	ABCF1	ATP-binding cassette sub-family F member 1	960077	745062	438079	724747
Q8NE86	Q8NE86	MCU_HUMAN	MCU	Calcium uniporter protein, mitochondrial	2.21804e+06	1.90085e+06	710511	1.3051e+06
Q8NEB9	Q8NEB9	PK3C3_HUMAN	PIK3C3	Phosphatidylinositol 3-kinase catalytic subunit type 3	584452	355843		397367
Q8NEN9	Q8NEN9	PDZD8_HUMAN	PDZD8	PDZ domain-containing protein 8	340225	97611	98415.5	418580
Q8NEU8	Q8NEU8	DP13B_HUMAN	APPL2	DCC-interacting protein 13-beta	996968	1.66696e+06	780917	1.303e+06
Q8NEW0	Q8NEW0	ZNT7_HUMAN	SLC30A7	Zinc transporter 7	1.82859e+06	861993	1.29585e+06	1.52515e+06
Q8NEX9	Q8NEX9	DR9C7_HUMAN	SDR9C7	Short-chain dehydrogenase/reductase family 9C member 7		164007	456433	
Q8NEZ5	Q8NEZ5	FBX22_HUMAN	FBXO22	F-box only protein 22	790112	703819	850885	926007
Q8NF37	Q8NF37	PCAT1_HUMAN	LPCAT1	Lysophosphatidylcholine acyltransferase 1	708990			519509
Q8NF50	Q8NF50	DOCK8_HUMAN	DOCK8	Dedicator of cytokinesis protein 8	737132	620458	1.10417e+06	819997
Q8NF64;Q9ULJ6	Q8NF64;Q9ULJ6	ZMIZ1_HUMAN;ZMIZ2_HUMAN	ZMIZ1;ZMIZ2	Zinc finger MIZ domain-containing protein 2	323110	647166	383163	516665
Q8NF91	Q8NF91	SYNE1_HUMAN	SYNE1	Nesprin-1	4.25762e+06	4.35941e+06	4.47506e+06	2.98462e+06
Q8NFC6	Q8NFC6	BD1L1_HUMAN	BOD1L1	Biorientation of chromosomes in cell division protein 1-like 1	74130.7	58153	113891	99365.7
Q8NFF5	Q8NFF5	FAD1_HUMAN	FLAD1	FAD synthase	417333		167338	263288
Q8NFG4	Q8NFG4	FLCN_HUMAN	FLCN	Folliculin	45895.7			104208
Q8NFH3	Q8NFH3	NUP43_HUMAN	NUP43	Nucleoporin Nup43	305678	521464		412452
Q8NFH4	Q8NFH4	NUP37_HUMAN	NUP37	Nucleoporin Nup37	1.1805e+06		1.33816e+06	1.97271e+06
Q8NFH5	Q8NFH5	NUP35_HUMAN	NUP35	Nucleoporin NUP35	183013	481167		
Q8NFJ5	Q8NFJ5	RAI3_HUMAN	GPRC5A	Retinoic acid-induced protein 3	485020		772048	1.85587e+06
Q8NFL0	Q8NFL0	B3GN7_HUMAN	B3GNT7	UDP-GlcNAc:betaGal beta-1,3-N-acetylglucosaminyltransferase 7	1.41124e+06	959081		326373
Q8NFQ8	Q8NFQ8	TOIP2_HUMAN	TOR1AIP2	Torsin-1A-interacting protein 2	492827	700060		418917
Q8NFT2	Q8NFT2	STEA2_HUMAN	STEAP2	Metalloreductase STEAP2			242175	317706
Q8NFU0	Q8NFU0	BEST4_HUMAN	BEST4	Bestrophin-4	156721			
Q8NFU1	Q8NFU1	BEST2_HUMAN	BEST2	Bestrophin-2	163952			
Q8NFU3	Q8NFU3	TSTD1_HUMAN	TSTD1	Thiosulfate:glutathione sulfurtransferase	1.22971e+06	1.11112e+06		552473
Q8NFV4	Q8NFV4	ABHDB_HUMAN	ABHD11	Protein ABHD11	2.89389e+06	2.80684e+06	780735	1.89426e+06
Q8NFW8	Q8NFW8	NEUA_HUMAN	CMAS	N-acylneuraminate cytidylyltransferase	1.79388e+06	1.89926e+06	979909	862541
Q8NG08	Q8NG08	HELB_HUMAN	HELB	DNA helicase B	302793		193704	99893.3
Q8NG11	Q8NG11	TSN14_HUMAN	TSPAN14	Tetraspanin-14	384576		898868	417468
Q8NGA1	Q8NGA1	OR1M1_HUMAN	OR1M1	Olfactory receptor 1M1	6.05017e+06	2.56493e+06	1.40485e+07	1.24608e+07
Q8NHH9	Q8NHH9	ATLA2_HUMAN	ATL2	Atlastin-2	450102	334235	111551	586573
Q8NHJ6	Q8NHJ6	LIRB4_HUMAN	LILRB4	Leukocyte immunoglobulin-like receptor subfamily B member 4			151072	26260.1
Q8NHP1	Q8NHP1	ARK74_HUMAN	AKR7L	Aflatoxin B1 aldehyde reductase member 4	451444			1.1588e+06
Q8NHP6	Q8NHP6	MSPD2_HUMAN	MOSPD2	Motile sperm domain-containing protein 2	280554	122864	848258	471841
Q8NHP8	Q8NHP8	PLBL2_HUMAN	PLBD2	Putative phospholipase B-like 2	1.10742e+06	692474	1.70256e+06	1.40248e+06
Q8NHQ9	Q8NHQ9	DDX55_HUMAN	DDX55	ATP-dependent RNA helicase DDX55	1.26569e+07	1.25678e+07	7.57795e+06	5.84934e+06
Q8NHV1	Q8NHV1	GIMA7_HUMAN	GIMAP7	GTPase IMAP family member 7	18141.3		106566	94191.7
Q8NHV4	Q8NHV4	NEDD1_HUMAN	NEDD1	Protein NEDD1		169966		309075
Q8NI27	Q8NI27	THOC2_HUMAN	THOC2	THO complex subunit 2			92171.1	132593
Q8NI60	Q8NI60	COQ8A_HUMAN	COQ8A	Atypical kinase COQ8A, mitochondrial	390209			444663
Q8TAA5	Q8TAA5	GRPE2_HUMAN	GRPEL2	GrpE protein homolog 2, mitochondrial				101038
Q8TAD4	Q8TAD4	ZNT5_HUMAN	SLC30A5	Proton-coupled zinc antiporter SLC30A5	616021		348535	383782
Q8TAE8	Q8TAE8	G45IP_HUMAN	GADD45GIP1	Large ribosomal subunit protein mL64	471881			370661
Q8TAF3	Q8TAF3	WDR48_HUMAN	WDR48	WD repeat-containing protein 48	1.32511e+06		866502	915120
Q8TAQ2	Q8TAQ2	SMRC2_HUMAN	SMARCC2	SWI/SNF complex subunit SMARCC2	823762	675804	785048	1.12315e+06
Q8TAT6	Q8TAT6	NPL4_HUMAN	NPLOC4	Nuclear protein localization protein 4 homolog	867085	1.1034e+06	1.25324e+06	1.41092e+06
Q8TAX9	Q8TAX9	GSDMB_HUMAN	GSDMB	Gasdermin-B	381645	738945		151314
Q8TB03	Q8TB03	CX038_HUMAN	CXorf38	Uncharacterized protein CXorf38	354305	274387	168648	475495
Q8TB22	Q8TB22	SPT20_HUMAN	SPATA20	Spermatogenesis-associated protein 20	587914	593053	540252	643065
Q8TB24	Q8TB24	RIN3_HUMAN	RIN3	Ras and Rab interactor 3	80908.5		229000	170247
Q8TB36	Q8TB36	GDAP1_HUMAN	GDAP1	Ganglioside-induced differentiation-associated protein 1	166071		127920	535858
Q8TB37	Q8TB37	NUBPL_HUMAN	NUBPL	Iron-sulfur protein NUBPL	738476	573947		556631
Q8TB40	Q8TB40	ABHD4_HUMAN	ABHD4	(Lyso)-N-acylphosphatidylethanolamine lipase	45701.3		63511.3	95222.6
Q8TB61	Q8TB61	S35B2_HUMAN	SLC35B2	Adenosine 3'-phospho 5'-phosphosulfate transporter 1	811639	525284		561082
Q8TB72	Q8TB72	PUM2_HUMAN	PUM2	Pumilio homolog 2	559244			331586
Q8TB96	Q8TB96	TIP_HUMAN	ITFG1	T-cell immunomodulatory protein	307374	227242	104201	245336
Q8TBA6	Q8TBA6	GOGA5_HUMAN	GOLGA5	Golgin subfamily A member 5	594675	728965	262111	557588
Q8TBC4	Q8TBC4	UBA3_HUMAN	UBA3	NEDD8-activating enzyme E1 catalytic subunit	1.23234e+06	1.32806e+06	1.21465e+06	2.06359e+06
Q8TBF2	Q8TBF2	PXL2B_HUMAN	PRXL2B	Prostamide/prostaglandin F synthase	866851	611017	234921	635625
Q8TBP6	Q8TBP6	S2540_HUMAN	SLC25A40	Probable mitochondrial glutathione transporter SLC25A40	326754		188147	519737
Q8TBQ9	Q8TBQ9	KISHA_HUMAN	TMEM167A	Protein kish-A	3.45354e+06	2.31474e+06	2.41064e+06	3.54854e+06
Q8TBX8	Q8TBX8	PI42C_HUMAN	PIP4K2C	Phosphatidylinositol 5-phosphate 4-kinase type-2 gamma	610391	568525	475080	565453
Q8TC07	Q8TC07	TBC15_HUMAN	TBC1D15	TBC1 domain family member 15	901799	601482	882560	1.3498e+06
Q8TC12	Q8TC12	RDH11_HUMAN	RDH11	Retinol dehydrogenase 11	3.02224e+06	2.83013e+06	1.81468e+06	3.34312e+06
Q8TCA0	Q8TCA0	LRC20_HUMAN	LRRC20	Leucine-rich repeat-containing protein 20	83859.5			160821
Q8TCC3	Q8TCC3	RM30_HUMAN	MRPL30	Large ribosomal subunit protein uL30m	476076	363567	172646	354136
Q8TCD1	Q8TCD1	CR032_HUMAN	C18orf32	UPF0729 protein C18orf32	311362		378634	265661
Q8TCD5	Q8TCD5	NT5C_HUMAN	NT5C	5'(3')-deoxyribonucleotidase, cytosolic type	843223	749427	417778	386394
Q8TCE6	Q8TCE6;Q6NSW5	DEN10_HUMAN	DENND10	DENN domain-containing protein 10	676818	813240	374924	731766
Q8TCG2	Q8TCG2	P4K2B_HUMAN	PI4K2B	Phosphatidylinositol 4-kinase type 2-beta	80990.7		16474.4	78853
Q8TCJ2	Q8TCJ2	STT3B_HUMAN	STT3B	Dolichyl-diphosphooligosaccharide--protein glycosyltransferase subunit STT3B	7.40419e+06	5.93059e+06	2.01703e+06	6.40323e+06
Q8TCS8	Q8TCS8	PNPT1_HUMAN	PNPT1	Polyribonucleotide nucleotidyltransferase 1, mitochondrial	1.57126e+06	1.56278e+06	573670	2.55923e+06
Q8TCT7	Q8TCT7	SPP2B_HUMAN	SPPL2B	Signal peptide peptidase-like 2B	250705		140571	201116
Q8TCT8	Q8TCT8	SPP2A_HUMAN	SPPL2A	Signal peptide peptidase-like 2A	177928		405976	369682
Q8TCT9	Q8TCT9	HM13_HUMAN	HM13	Minor histocompatibility antigen H13	8.62236e+06	5.51867e+06	3.32184e+06	5.3842e+06
Q8TCU6	Q8TCU6	PREX1_HUMAN	PREX1	Phosphatidylinositol 3,4,5-trisphosphate-dependent Rac exchanger 1 protein	252736	406706	761107	447501
Q8TD06	Q8TD06	AGR3_HUMAN	AGR3	Anterior gradient protein 3	5.49606e+06	4.62114e+06	893104	1.08327e+06
Q8TD08	Q8TD08	MK15_HUMAN	MAPK15	Mitogen-activated protein kinase 15	3.13639e+06	2.47729e+06	4.40976e+06	5.0178e+06
Q8TD16	Q8TD16	BICD2_HUMAN	BICD2	Protein bicaudal D homolog 2	60998.4	76849.1	187590	184134
Q8TD19	Q8TD19	NEK9_HUMAN	NEK9	Serine/threonine-protein kinase Nek9	636996	667728	773167	744683
Q8TD43	Q8TD43	TRPM4_HUMAN	TRPM4	Transient receptor potential cation channel subfamily M member 4	1.36547e+06	1.15636e+06		477861
Q8TD46	Q8TD46	MO2R1_HUMAN	CD200R1	Cell surface glycoprotein CD200 receptor 1			682993	157124
Q8TD47	Q8TD47	RS4Y2_HUMAN	RPS4Y2	Small ribosomal subunit protein eS4, Y isoform 2	435643			465990
Q8TD55	Q8TD55	PKHO2_HUMAN	PLEKHO2	Pleckstrin homology domain-containing family O member 2	599152	915473	1.37484e+06	911580
Q8TDB6	Q8TDB6	DTX3L_HUMAN	DTX3L	E3 ubiquitin-protein ligase DTX3L	208796	180427	327462	377303
Q8TDH9	Q8TDH9	BL1S5_HUMAN	BLOC1S5	Biogenesis of lysosome-related organelles complex 1 subunit 5	513840	672387	505322	487172
Q8TDN6	Q8TDN6	BRX1_HUMAN	BRIX1	Ribosome biogenesis protein BRX1 homolog	31557.3			102780
Q8TDP1	Q8TDP1	RNH2C_HUMAN	RNASEH2C	Ribonuclease H2 subunit C	170380			237745
Q8TDQ1	A8K4G0;Q8TDQ1	CLM1_HUMAN	CD300LF	CMRF35-like molecule 1			689726	247899
Q8TDQ7	Q8TDQ7	GNPI2_HUMAN	GNPDA2	Glucosamine-6-phosphate isomerase 2	406409	258746	568926	637136
Q8TDX7	Q8TDX7	NEK7_HUMAN	NEK7	Serine/threonine-protein kinase Nek7	124553	152126	136470	112605
Q8TDZ2	Q8TDZ2	MICA1_HUMAN	MICAL1	[F-actin]-monooxygenase MICAL1	1.41253e+06	1.44365e+06	2.06007e+06	1.65731e+06
Q8TE04;Q9H999	Q8TE04;Q9H999	PANK1_HUMAN;PANK3_HUMAN	PANK1;PANK3	Pantothenate kinase 1	370693			
Q8TE67	Q8TE67	ES8L3_HUMAN	EPS8L3	Epidermal growth factor receptor kinase substrate 8-like protein 3	756987	855096	207204	1.09712e+06
Q8TE68	Q8TE68	ES8L1_HUMAN	EPS8L1	Epidermal growth factor receptor kinase substrate 8-like protein 1	211111	692196	365363	115873
Q8TE77	Q8TE77	SSH3_HUMAN	SSH3	Protein phosphatase Slingshot homolog 3	1.15011e+06	1.13655e+06	123589	502805
Q8TE99	Q8TE99	PXYP1_HUMAN	PXYLP1	2-phosphoxylose phosphatase 1				105230
Q8TEA7	Q8TEA7	TBCK_HUMAN	TBCK	TBC domain-containing protein kinase-like protein			28191.2	61827.1
Q8TEA8	Q8TEA8	DTD1_HUMAN	DTD1	D-aminoacyl-tRNA deacylase 1	495438	601541	512146	707765
Q8TEB1	Q8TEB1	DCA11_HUMAN	DCAF11	DDB1- and CUL4-associated factor 11	123724		82213.2	127847
Q8TED1	Q8TED1	GPX8_HUMAN	GPX8	Probable glutathione peroxidase 8	278991		361094	799847
Q8TEM1	Q8TEM1	PO210_HUMAN	NUP210	Nuclear pore membrane glycoprotein 210	358729	299907	553598	480322
Q8TEQ6	Q8TEQ6	GEMI5_HUMAN	GEMIN5	Gem-associated protein 5	119089		118906	203299
Q8TEQ8	Q8TEQ8	PIGO_HUMAN	PIGO	GPI ethanolamine phosphate transferase 3	305795	292198		338155
Q8TEX9	Q8TEX9	IPO4_HUMAN	IPO4	Importin-4	552541	563668	87721.1	408187
Q8TF05	Q8TF05	PP4R1_HUMAN	PPP4R1	Serine/threonine-protein phosphatase 4 regulatory subunit 1	382370	361081	239574	238171
Q8TF42	Q8TF42	UBS3B_HUMAN	UBASH3B	Ubiquitin-associated and SH3 domain-containing protein B			267117	95686.4
Q8TF65	Q8TF65	GIPC2_HUMAN	GIPC2	PDZ domain-containing protein GIPC2	752603	621617		901508
Q8TF66	Q8TF66	LRC15_HUMAN	LRRC15	Leucine-rich repeat-containing protein 15	463535		815252	1.34408e+06
Q8TF74	Q8TF74	WIPF2_HUMAN	WIPF2	WAS/WASL-interacting protein family member 2	153812	326184		125914
Q8WTS1	Q8WTS1	ABHD5_HUMAN	ABHD5	1-acylglycerol-3-phosphate O-acyltransferase ABHD5	239653		607869	292418
Q8WTS6	Q8WTS6	SETD7_HUMAN	SETD7	Histone-lysine N-methyltransferase SETD7	401464	570527	379836	689180
Q8WTV0	Q8WTV0	SCRB1_HUMAN	SCARB1	Scavenger receptor class B member 1	145751	202907		460022
Q8WTW3	Q8WTW3	COG1_HUMAN	COG1	Conserved oligomeric Golgi complex subunit 1	1.34096e+06	1.00368e+06		584484
Q8WU39	Q8WU39	MZB1_HUMAN	MZB1	Marginal zone B- and B1-cell-specific protein	5.66891e+07	3.35697e+07	1.08644e+06	3.41542e+06
Q8WU67	Q8WU67	ABHD3_HUMAN	ABHD3	Phospholipase ABHD3	137481	80082.6		161057
Q8WU76	Q8WU76	SCFD2_HUMAN	SCFD2	Sec1 family domain-containing protein 2	311755		87564	172186
Q8WU79	Q8WU79	SMAP2_HUMAN	SMAP2	Stromal membrane-associated protein 2	842667	1.11755e+06	1.87518e+06	1.26183e+06
Q8WU90	Q8WU90	ZC3HF_HUMAN	ZC3H15	Zinc finger CCCH domain-containing protein 15	745027	781740	567663	1.06426e+06
Q8WUA2	Q8WUA2	PPIL4_HUMAN	PPIL4	Peptidyl-prolyl cis-trans isomerase-like 4	258233	140041	558577	496004
Q8WUA4	Q8WUA4	TF3C2_HUMAN	GTF3C2	General transcription factor 3C polypeptide 2				77878.9
Q8WUA7	Q8WUA7	TB22A_HUMAN	TBC1D22A	TBC1 domain family member 22A	1.00232e+06	1.62012e+06	296869	1.06218e+06
Q8WUD1	Q8WUD1	RAB2B_HUMAN	RAB2B	Ras-related protein Rab-2B	348873	431689	270189	268075
Q8WUF5	Q8WUF5	IASPP_HUMAN	PPP1R13L	RelA-associated inhibitor	758864		1.16596e+06	1.43797e+06
Q8WUF8	Q8WUF8	F172A_HUMAN	FAM172A	Cotranscriptional regulator FAM172A	101783	100206	131529	198349
Q8WUH1	Q8WUH1	CHUR_HUMAN	CHURC1	Protein Churchill	200576		143001	283319
Q8WUH2	Q8WUH2	TGFA1_HUMAN	TGFBRAP1	Transforming growth factor-beta receptor-associated protein 1	215454	44016.4	329104	241431
Q8WUH6	Q8WUH6	TM263_HUMAN	TMEM263	Transmembrane protein 263	867636	1.33911e+06		116677
Q8WUJ3	Q8WUJ3	CEMIP_HUMAN	CEMIP	Cell migration-inducing and hyaluronan-binding protein			167264	270278
Q8WUK0	Q8WUK0	PTPM1_HUMAN	PTPMT1	Phosphatidylglycerophosphatase and protein-tyrosine phosphatase 1	120569			
Q8WUM0	Q8WUM0	NU133_HUMAN	NUP133	Nuclear pore complex protein Nup133	379626	296453	563497	641497
Q8WUM4	Q8WUM4	PDC6I_HUMAN	PDCD6IP	Programmed cell death 6-interacting protein	6.67711e+06	7.44923e+06	6.32235e+06	6.28939e+06
Q8WUP2	Q8WUP2	FBLI1_HUMAN	FBLIM1	Filamin-binding LIM protein 1	754282	716689	668551	1.27841e+06
Q8WUX9	Q8WUX9	CHMP7_HUMAN	CHMP7	Charged multivesicular body protein 7	257583	190991		274715
Q8WUY1	Q8WUY1	THEM6_HUMAN	THEM6	Protein THEM6	920204	912985	796855	2.10796e+06
Q8WUY3	Q8WUY3	PRUN2_HUMAN	PRUNE2	Protein prune homolog 2	22315.2		64494.6	173862
Q8WUZ0	Q9BQE9;Q4VC05;Q8WUZ0	BCL7C_HUMAN	BCL7C	B-cell CLL/lymphoma 7 protein family member C	389248	407725	494375	599812
Q8WV74	Q8WV74	NUDT8_HUMAN	NUDT8	Mitochondrial coenzyme A diphosphatase NUDT8	373994			97686.2
Q8WVC6	Q8WVC6	DCAKD_HUMAN	DCAKD	Dephospho-CoA kinase domain-containing protein	1.04299e+06	821711		777589
Q8WVI0	Q8WVI0	UQCC5_HUMAN	UQCC5	Ubiquinol-cytochrome-c reductase complex assembly factor 5	218401			159569
Q8WVJ2	Q8WVJ2	NUDC2_HUMAN	NUDCD2	NudC domain-containing protein 2	1.33571e+06	1.41929e+06	399302	1.12407e+06
Q8WVL7	Q8WVL7	ANR49_HUMAN	ANKRD49	Ankyrin repeat domain-containing protein 49				70328.1
Q8WVM7	Q8WVM7	STAG1_HUMAN	STAG1	Cohesin subunit SA-1				107860
Q8WVM8	Q8WVM8	SCFD1_HUMAN	SCFD1	Sec1 family domain-containing protein 1	1.8157e+06	1.65988e+06	617715	1.07041e+06
Q8WVQ1	Q8WVQ1	CANT1_HUMAN	CANT1	Soluble calcium-activated nucleotidase 1	1.63828e+06	1.87563e+06	567256	1.17301e+06
Q8WVT3	Q8WVT3	TPC12_HUMAN	TRAPPC12	Trafficking protein particle complex subunit 12	346166		224561	250904
Q8WVV4	Q8WVV4	POF1B_HUMAN	POF1B	Protein POF1B	769526	1.81418e+06	2.30473e+06	259834
Q8WVV9	Q8WVV9	HNRLL_HUMAN	HNRNPLL	Heterogeneous nuclear ribonucleoprotein L-like	372877	534653	429290	562368
Q8WVX9	Q8WVX9	FACR1_HUMAN	FAR1	Fatty acyl-CoA reductase 1	369626			218309
Q8WVY7	Q8WVY7	UBCP1_HUMAN	UBLCP1	Ubiquitin-like domain-containing CTD phosphatase 1	1.14025e+06	1.84983e+06	2.16332e+06	1.9741e+06
Q8WW12	Q8WW12	PCNP_HUMAN	PCNP	PEST proteolytic signal-containing nuclear protein	1.0979e+06	1.83075e+06		1.00934e+06
Q8WW43	Q8WW43	APH1B_HUMAN	APH1B	Gamma-secretase subunit APH-1B			548818	323638
Q8WW59	Q8WW59	SPRY4_HUMAN	SPRYD4	SPRY domain-containing protein 4	1.50823e+06	966883		949152
Q8WWA0	Q8WWA0	ITLN1_HUMAN	ITLN1	Intelectin-1	2.94329e+07	1.55963e+07	386527	1.17434e+06
Q8WWC4	Q8WWC4	MAIP1_HUMAN	MAIP1	m-AAA protease-interacting protein 1, mitochondrial	752326	336696		680218
Q8WWH5	Q8WWH5	TRUB1_HUMAN	TRUB1	Pseudouridylate synthase TRUB1	213934	276235	120739	331636
Q8WWI1	Q8WWI1	LMO7_HUMAN	LMO7	LIM domain only protein 7	504159	866723	435638	1.43667e+06
Q8WWI5	Q8WWI5	CTL1_HUMAN	SLC44A1	Choline transporter-like protein 1	1.51348e+06	908823	811367	893926
Q8WWM7	Q8WWM7	ATX2L_HUMAN	ATXN2L	Ataxin-2-like protein	1.33975e+06	2.06752e+06	712942	1.18903e+06
Q8WWM9	Q8WWM9	CYGB_HUMAN	CYGB	Cytoglobin	1.66244e+06	1.35124e+06	1.43552e+06	2.17099e+06
Q8WWP7	Q8WWP7	GIMA1_HUMAN	GIMAP1	GTPase IMAP family member 1	646754	762725	407950	606383
Q8WWQ0	Q8WWQ0	PHIP_HUMAN	PHIP	PH-interacting protein				77485.6
Q8WWV3	Q8WWV3	RT4I1_HUMAN	RTN4IP1	Reticulon-4-interacting protein 1, mitochondrial	632037	601345	318986	489316
Q8WWW0	Q8WWW0	RASF5_HUMAN	RASSF5	Ras association domain-containing protein 5	101351		43963.9	217586
Q8WWX9	Q8WWX9	SELM_HUMAN	SELENOM	Selenoprotein M	421240	268053	267794	596798
Q8WWY3	Q8WWY3	PRP31_HUMAN	PRPF31	U4/U6 small nuclear ribonucleoprotein Prp31	501606	478043		311528
Q8WWY8	Q8WWY8	LIPH_HUMAN	LIPH	Lipase member H	194090			62818
Q8WX92	Q8WX92	NELFB_HUMAN	NELFB	Negative elongation factor B	530898	397351	123771	982224
Q8WX93	Q8WX93	PALLD_HUMAN	PALLD	Palladin	1.39512e+06	2.16852e+06	1.42012e+06	4.34829e+06
Q8WXB1	Q8WXB1	MT21A_HUMAN	METTL21A	Protein N-lysine methyltransferase METTL21A			139590	73999.7
Q8WXF1	Q8WXF1	PSPC1_HUMAN	PSPC1	Paraspeckle component 1	1.18043e+06	1.23824e+06	919368	1.67853e+06
Q8WXG6	Q8WXG6	MADD_HUMAN	MADD	MAP kinase-activating death domain protein	28523.5			107712
Q8WXH0	Q8WXH0	SYNE2_HUMAN	SYNE2	Nesprin-2	1.10281e+06	964095	632261	860454
Q8WXI4	Q8WXI4	ACO11_HUMAN	ACOT11	Acyl-coenzyme A thioesterase 11	997690	953880	131987	662821
Q8WXI9	Q8WXI9	P66B_HUMAN	GATAD2B	Transcriptional repressor p66-beta				307004
Q8WXR4	Q8WXR4	MYO3B_HUMAN	MYO3B	Myosin-IIIb	195691		348893	369672
Q8WXX5	Q8WXX5	DNJC9_HUMAN	DNAJC9	DnaJ homolog subfamily C member 9	1.14523e+06	698942	2.48722e+06	1.33033e+06
Q8WY22	Q8WY22	BRI3B_HUMAN	BRI3BP	BRI3-binding protein	1.89544e+06	1.20666e+06	2.24514e+06	2.59003e+06
Q8WYA6	Q8WYA6	CTBL1_HUMAN	CTNNBL1	Beta-catenin-like protein 1	311441		334882	735261
Q8WYJ6	Q8WYJ6	SEPT1_HUMAN	SEPTIN1	Septin-1	441784	314931	137348	183839
Q8WZ82	Q8WZ82	OVCA2_HUMAN	OVCA2	Esterase OVCA2	349382		349332	465264
Q8WZA0	Q8WZA0	LZIC_HUMAN	LZIC	Protein LZIC	1.68193e+06	1.50525e+06	421870	364435
Q8WZA1	Q8WZA1	PMGT1_HUMAN	POMGNT1	Protein O-linked-mannose beta-1,2-N-acetylglucosaminyltransferase 1	72657.1		87306	124247
Q8WZA9	Q8WZA9	IRGQ_HUMAN	IRGQ	Immunity-related GTPase family Q protein	6.52848e+06	5.82251e+06	1.50508e+06	3.73375e+06
Q92466	Q92466	DDB2_HUMAN	DDB2	DNA damage-binding protein 2	531630	1.30459e+06	1.32249e+06	925254
Q92484	Q92484	ASM3A_HUMAN	SMPDL3A	Acid sphingomyelinase-like phosphodiesterase 3a	977920	710488	238358	378647
Q92485	Q92485	ASM3B_HUMAN	SMPDL3B	Acid sphingomyelinase-like phosphodiesterase 3b	347867	399210		134258
Q92496	Q02985;Q92496	FHR4_HUMAN	CFHR4	Complement factor H-related protein 4	400957	342960	813747	225742
Q92499	Q92499	DDX1_HUMAN	DDX1	ATP-dependent RNA helicase DDX1	4.05643e+06	4.37666e+06	3.84652e+06	4.33705e+06
Q92506	Q92506	DHB8_HUMAN	HSD17B8	(3R)-3-hydroxyacyl-CoA dehydrogenase	1.15517e+06	1.21632e+06	335411	614047
Q92508	Q92508	PIEZ1_HUMAN	PIEZO1	Piezo-type mechanosensitive ion channel component 1	457327		566232	775160
Q92520	Q92520	FAM3C_HUMAN	FAM3C	Protein FAM3C	1.89401e+06	1.77904e+06	1.10831e+06	1.43649e+06
Q92522	Q92522	H1X_HUMAN	H1-10	Histone H1.10	1.55245e+06	2.58477e+06	1.00206e+06	1.38674e+06
Q92526	Q92526	TCPW_HUMAN	CCT6B	T-complex protein 1 subunit zeta-2			141351	
Q92530	Q92530	PSMF1_HUMAN	PSMF1	Proteasome inhibitor PI31 subunit	1.92776e+06	1.08281e+06	945109	2.1103e+06
Q92536	Q92536	YLAT2_HUMAN	SLC7A6	Y+L amino acid transporter 2	27859.2			67816.3
Q92538	Q92538	GBF1_HUMAN	GBF1	Golgi-specific brefeldin A-resistance guanine nucleotide exchange factor 1	909371	379178	89982.5	649706
Q92541	Q92541	RTF1_HUMAN	RTF1	RNA polymerase-associated protein RTF1 homolog	857290	622921	621196	1.11245e+06
Q92542	Q92542	NICA_HUMAN	NCSTN	Nicastrin	1.73829e+06	1.67801e+06	3.11832e+06	2.77676e+06
Q92544	Q92544	TM9S4_HUMAN	TM9SF4	Transmembrane 9 superfamily member 4	4.03016e+06	2.14037e+06	1.41021e+06	3.52331e+06
Q92546	Q92546	RGP1_HUMAN	RGP1	RAB6A-GEF complex partner protein 2	104408			
Q92551	Q92551	IP6K1_HUMAN	IP6K1	Inositol hexakisphosphate kinase 1	29165.1		47981.2	141847
Q92552	Q92552	RT27_HUMAN	MRPS27	Small ribosomal subunit protein mS27	1.10215e+06	781692	276190	893862
Q92556	Q92556	ELMO1_HUMAN	ELMO1	Engulfment and cell motility protein 1	4.22651e+06	2.57109e+06	3.948e+06	4.51441e+06
Q92572	Q92572	AP3S1_HUMAN	AP3S1	AP-3 complex subunit sigma-1	756816	785638	238586	468046
Q92574	Q92574	TSC1_HUMAN	TSC1	Hamartin	46092.1			47723.9
Q92575	Q92575	UBXN4_HUMAN	UBXN4	UBX domain-containing protein 4	916401	1.45617e+06	592500	1.92106e+06
Q92581	Q92581	SL9A6_HUMAN	SLC9A6	Sodium/hydrogen exchanger 6	249448		210596	199421
Q92597	Q92597	NDRG1_HUMAN	NDRG1	Protein NDRG1	3.54726e+06	4.79715e+06	1.26045e+06	1.37093e+06
Q92598	Q92598	HS105_HUMAN	HSPH1	Heat shock protein 105 kDa	3.19802e+06	2.37384e+06	3.26807e+06	7.48969e+06
Q92599	Q92599	SEPT8_HUMAN	SEPTIN8	Septin-8	771207	861656	853395	1.57647e+06
Q92600	Q92600	CNOT9_HUMAN	CNOT9	CCR4-NOT transcription complex subunit 9	457801	446893	376813	767778
Q92604	Q92604	LGAT1_HUMAN	LPGAT1	Acyl-CoA:lysophosphatidylglycerol acyltransferase 1	196422		275136	389803
Q92608	Q92608	DOCK2_HUMAN	DOCK2	Dedicator of cytokinesis protein 2	653959	531379	1.9922e+06	895368
Q92609	Q92609	TBCD5_HUMAN	TBC1D5	TBC1 domain family member 5	385057	864167	94285.4	188725
Q92614	Q92614	MY18A_HUMAN	MYO18A	Unconventional myosin-XVIIIa	237398		437767	276992
Q92615	Q92615	LAR4B_HUMAN	LARP4B	La-related protein 4B	568863	842329	341021	647133
Q92616	Q92616	GCN1_HUMAN	GCN1	Stalled ribosome sensor GCN1	2.82353e+06	2.08682e+06	577634	1.69263e+06
Q92619	Q92619	HMHA1_HUMAN	ARHGAP45	Rho GTPase-activating protein 45	174887	271681	402073	312358
Q92620	Q92620	PRP16_HUMAN	DHX38	Pre-mRNA-splicing factor ATP-dependent RNA helicase PRP16	1.28966e+06	1.48641e+06	2.12712e+06	3.26417e+06
Q92621	Q92621	NU205_HUMAN	NUP205	Nuclear pore complex protein Nup205	469785	591273	211639	371602
Q92625	Q92625	ANS1A_HUMAN	ANKS1A	Ankyrin repeat and SAM domain-containing protein 1A	548130	471097		565004
Q92626	Q92626	PXDN_HUMAN	PXDN	Peroxidasin homolog	443610	585964	663575	1.01092e+06
Q92629	Q92629	SGCD_HUMAN	SGCD	Delta-sarcoglycan	443196	853732		317425
Q92633	Q92633	LPAR1_HUMAN	LPAR1	Lysophosphatidic acid receptor 1	95022.9	140723		117269
Q92643	Q92643	GPI8_HUMAN	PIGK	GPI-anchor transamidase	772899	688384	355247	935519
Q92665	Q92665	RT31_HUMAN	MRPS31	Small ribosomal subunit protein mS31	382202	826088		190357
Q92667	Q92667	AKAP1_HUMAN	AKAP1	A-kinase anchor protein 1, mitochondrial	249804	467125		273571
Q92673	Q92673	SORL_HUMAN	SORL1	Sortilin-related receptor	1.20233e+06	727630	2.19904e+06	1.49534e+06
Q92685	Q92685	ALG3_HUMAN	ALG3	Dol-P-Man:Man(5)GlcNAc(2)-PP-Dol alpha-1,3-mannosyltransferase	957003		442540	943949
Q92688	Q92688	AN32B_HUMAN	ANP32B	Acidic leucine-rich nuclear phosphoprotein 32 family member B	7.79654e+06	7.02919e+06	1.13702e+07	1.37333e+07
Q92692	Q92692	NECT2_HUMAN	NECTIN2	Nectin-2	1.50946e+06	1.58693e+06	1.75506e+06	1.85708e+06
Q92696	Q92696	PGTA_HUMAN	RABGGTA	Geranylgeranyl transferase type-2 subunit alpha	796994	595180	550816	666192
Q92733	Q92733	PRCC_HUMAN	PRCC	Proline-rich protein PRCC	148159		56118.8	300991
Q92734	Q92734	TFG_HUMAN	TFG	Protein TFG	4.87266e+06	4.07502e+06	3.79231e+06	6.95178e+06
Q92743	Q92743	HTRA1_HUMAN	HTRA1	Serine protease HTRA1	49007.4		95444.4	143288
Q92747	Q92747	ARC1A_HUMAN	ARPC1A	Actin-related protein 2/3 complex subunit 1A	3.98699e+06	3.66241e+06	3.22134e+06	2.84777e+06
Q92769	Q92769	HDAC2_HUMAN	HDAC2	Histone deacetylase 2	617170	678203	522772	636964
Q92783	Q92783	STAM1_HUMAN	STAM	Signal transducing adapter molecule 1	515505	324321	364142	781874
Q92785	Q92785	REQU_HUMAN	DPF2	Zinc finger protein ubi-d4	198570			233968
Q92791	Q92791	SC65_HUMAN	P3H4	Endoplasmic reticulum protein SC65	841855	339887		1.10499e+06
Q92796	Q92796	DLG3_HUMAN	DLG3	Disks large homolog 3	185589	292435		
Q92797	Q92797	SYMPK_HUMAN	SYMPK	Symplekin	597080	333581	403211	833379
Q92804	Q92804	RBP56_HUMAN	TAF15	TATA-binding protein-associated factor 2N	421489	248556	483671	533539
Q92805	Q92805	GOGA1_HUMAN	GOLGA1	Golgin subfamily A member 1	206039	118141	25627	208407
Q92817	Q92817	EVPL_HUMAN	EVPL	Envoplakin	931343	218758	1.6921e+06	396454
Q92820	Q92820	GGH_HUMAN	GGH	Gamma-glutamyl hydrolase	4.65094e+06	3.22835e+06	8.37155e+06	7.44986e+06
Q92823	Q92823	NRCAM_HUMAN	NRCAM	Neuronal cell adhesion molecule			160562	295202
Q92828	Q92828	COR2A_HUMAN	CORO2A	Coronin-2A	682552	835108	714707	631529
Q92835	Q92835	SHIP1_HUMAN	INPP5D	Phosphatidylinositol 3,4,5-trisphosphate 5-phosphatase 1	3.0187e+06	3.48689e+06	7.4801e+06	4.86436e+06
Q92841	Q92841	DDX17_HUMAN	DDX17	Probable ATP-dependent RNA helicase DDX17	2.53613e+06	3.86909e+06	3.80558e+06	6.18462e+06
Q92851	Q92851	CASPA_HUMAN	CASP10	Caspase-10	746178		438542	517931
Q92854	Q92854	SEM4D_HUMAN	SEMA4D	Semaphorin-4D	76519.8		142879	94456
Q92859	Q92859	NEO1_HUMAN	NEO1	Neogenin	101453	131759	26715.2	108441
Q92874	Q92874	DNSL2_HUMAN	DNASE1L2	Deoxyribonuclease-1-like 2			784004	
Q92876	Q92876	KLK6_HUMAN	KLK6	Kallikrein-6			178051	
Q92878	Q92878	RAD50_HUMAN	RAD50	DNA repair protein RAD50	1.68757e+06	2.71566e+06	2.67454e+06	2.4018e+06
Q92879	Q92879	CELF1_HUMAN	CELF1	CUGBP Elav-like family member 1	561425	572654	560508	1.57568e+06
Q92882	Q92882	OSTF1_HUMAN	OSTF1	Osteoclast-stimulating factor 1	2.80755e+06	2.91711e+06	9.0375e+06	4.61281e+06
Q92888	Q92888	ARHG1_HUMAN	ARHGEF1	Rho guanine nucleotide exchange factor 1	1.19843e+06	1.86232e+06	1.01724e+06	1.91214e+06
Q92890	Q92890	UFD1_HUMAN	UFD1	Ubiquitin recognition factor in ER-associated degradation protein 1	1.69267e+06	1.93105e+06	2.0773e+06	2.01228e+06
Q92896	Q92896	GSLG1_HUMAN	GLG1	Golgi apparatus protein 1	3.96151e+06	3.92506e+06	3.215e+06	3.72828e+06
Q92900	Q92900	RENT1_HUMAN	UPF1	Regulator of nonsense transcripts 1	2.10992e+06	1.71524e+06	2.02457e+06	3.06862e+06
Q92903	Q92903	CDS1_HUMAN	CDS1	Phosphatidate cytidylyltransferase 1	209335	173540		149916
Q92905	Q92905	CSN5_HUMAN	COPS5	COP9 signalosome complex subunit 5	1.66655e+06	1.2576e+06	793443	2.01683e+06
Q92917	Q92917	GPKOW_HUMAN	GPKOW	G-patch domain and KOW motifs-containing protein	531862	578512		699216
Q92922	Q92922	SMRC1_HUMAN	SMARCC1	SWI/SNF complex subunit SMARCC1	78858.1			137662
Q92925	Q6STE5;Q92925	SMRD2_HUMAN	SMARCD2	SWI/SNF-related matrix-associated actin-dependent regulator of chromatin subfamily D member 2	379052	266774	375771	358782
Q92930	Q92930	RAB8B_HUMAN	RAB8B	Ras-related protein Rab-8B	1.36235e+06	1.64712e+06	5.10798e+06	2.83969e+06
Q92934	Q92934	BAD_HUMAN	BAD	Bcl2-associated agonist of cell death	267797	522916		220740
Q92945	Q92945	FUBP2_HUMAN	KHSRP	Far upstream element-binding protein 2	6.40043e+06	6.8445e+06	405069	4.13942e+06
Q92947	Q92947	GCDH_HUMAN	GCDH	Glutaryl-CoA dehydrogenase, mitochondrial	4.17155e+06	2.54073e+06	114926	762288
Q92954	Q92954	PRG4_HUMAN	PRG4	Proteoglycan 4	609243	602350	558539	351607
Q92959	Q92959	SO2A1_HUMAN	SLCO2A1	Solute carrier organic anion transporter family member 2A1	139517	263080		185071
Q92973	Q92973	TNPO1_HUMAN	TNPO1	Transportin-1	2.44568e+06	1.79753e+06	477166	1.44346e+06
Q92974	Q92974	ARHG2_HUMAN	ARHGEF2	Rho guanine nucleotide exchange factor 2	647775	811916	1.08815e+06	1.13868e+06
Q92979	Q92979	NEP1_HUMAN	EMG1	Ribosomal RNA small subunit methyltransferase NEP1				1.58217e+06
Q92989	Q92989	CLP1_HUMAN	CLP1	Polyribonucleotide 5'-hydroxyl-kinase Clp1	264335	213233	269652	422252
Q92990	Q92990	GLMN_HUMAN	GLMN	Glomulin	259485			447049
Q93008	O00507;Q93008	USP9X_HUMAN	USP9X	Probable ubiquitin carboxyl-terminal hydrolase FAF-X	906794	565158	397629	733368
Q93009	Q93009	UBP7_HUMAN	USP7	Ubiquitin carboxyl-terminal hydrolase 7	1.24942e+06	1.07598e+06	1.38259e+06	1.60841e+06
Q93033	Q93033	IGSF2_HUMAN	CD101	Immunoglobulin superfamily member 2	408283		1.78178e+06	634404
Q93034	Q93034	CUL5_HUMAN	CUL5	Cullin-5	804528	618300	929459	858993
Q93045	Q93045	STMN2_HUMAN	STMN2	Stathmin-2	2.32585e+06	1.92351e+06	1.83707e+06	6.79583e+06
Q93050	Q93050	VPP1_HUMAN	ATP6V0A1	V-type proton ATPase 116 kDa subunit a 1	1.20739e+06	1.0016e+06	1.2824e+06	1.11999e+06
Q93052	Q93052	LPP_HUMAN	LPP	Lipoma-preferred partner	2.08518e+06	4.33305e+06	640720	1.65739e+06
Q93062	Q93062	RBPMS_HUMAN	RBPMS	RNA-binding protein with multiple splicing	239592	746051		613800
Q93063	Q93063	EXT2_HUMAN	EXT2	Exostosin-2				237064
Q93084	Q93084	AT2A3_HUMAN	ATP2A3	Sarcoplasmic/endoplasmic reticulum calcium ATPase 3	7.61661e+06	5.25585e+06	2.5915e+06	4.10718e+06
Q93091	Q93091	RNAS6_HUMAN	RNASE6	Ribonuclease K6	818654	727030	1.20432e+06	413259
Q93096	Q93096	TP4A1_HUMAN	PTP4A1	Protein tyrosine phosphatase type IVA 1	1.06086e+06	1.06888e+06	605395	1.05494e+06
Q93099	Q93099	HGD_HUMAN	HGD	Homogentisate 1,2-dioxygenase	412515		71466.3	264139
Q93100	Q93100	KPBB_HUMAN	PHKB	Phosphorylase b kinase regulatory subunit beta	224012	200256		284069
Q969E2	Q969E2	SCAM4_HUMAN	SCAMP4	Secretory carrier-associated membrane protein 4	725743	629717	388955	694900
Q969G3	Q969G3	SMCE1_HUMAN	SMARCE1	SWI/SNF-related matrix-associated actin-dependent regulator of chromatin subfamily E member 1	645453	497593	438277	760511
Q969G5	Q969G5	CAVN3_HUMAN	CAVIN3	Caveolae-associated protein 3	1.58387e+06	2.20231e+06		711536
Q969G6	Q969G6	RIFK_HUMAN	RFK	Riboflavin kinase		309857		211527
Q969H8	Q969H8	MYDGF_HUMAN	MYDGF	Myeloid-derived growth factor	9.99932e+06	5.96056e+06	6.2807e+06	5.97014e+06
Q969K7	Q969K7	TMM54_HUMAN	TMEM54	Transmembrane protein 54	332416	380393		
Q969L2	Q969L2	MAL2_HUMAN	MAL2	Protein MAL2	2.03774e+06	1.55158e+06	608656	1.4983e+06
Q969M1	Q969M1	TM40L_HUMAN	TOMM40L	Mitochondrial import receptor subunit TOM40B	186908		244240	258853
Q969M3	Q969M3	YIPF5_HUMAN	YIPF5	Protein YIPF5	962890	620643		722606
Q969M7	Q969M7	UBE2F_HUMAN	UBE2F	NEDD8-conjugating enzyme UBE2F	136570		196110	
Q969N2	Q969N2	PIGT_HUMAN	PIGT	GPI transamidase component PIG-T	1.11262e+06	927411	852262	1.61324e+06
Q969P0	Q969P0	IGSF8_HUMAN	IGSF8	Immunoglobulin superfamily member 8	411294	773740	160719	418256
Q969P6	Q969P6	TOP1M_HUMAN	TOP1MT	DNA topoisomerase I, mitochondrial	193608		216406	286907
Q969Q0	P83881;Q969Q0	RL36L_HUMAN	RPL36AL	Ribosomal protein eL42-like	2.46243e+06	533687	627795	241432
Q969Q5	Q969Q5	RAB24_HUMAN	RAB24	Ras-related protein Rab-24	554335	430779	1.24208e+06	570933
Q969R2	Q969R2	OSBP2_HUMAN	OSBP2	Oxysterol-binding protein 2	416198	326791		319719
Q969S3	Q969S3	ZN622_HUMAN	ZNF622	Cytoplasmic 60S subunit biogenesis factor ZNF622	36955.2		5484.68	114507
Q969S9	Q969S9	RRF2M_HUMAN	GFM2	Ribosome-releasing factor 2, mitochondrial	214818			72105.2
Q969T9	Q969T9	WBP2_HUMAN	WBP2	WW domain-binding protein 2	1.06633e+06	1.04447e+06	2.77732e+06	1.07457e+06
Q969U7	Q969U7	PSMG2_HUMAN	PSMG2	Proteasome assembly chaperone 2	337038	276110	323021	594678
Q969V3	Q969V3	NCLN_HUMAN	NCLN	BOS complex subunit NCLN	2.40351e+06	1.91988e+06	771921	1.37239e+06
Q969X1	Q969X1	LFG3_HUMAN	TMBIM1	Protein lifeguard 3	846543	1.04375e+06		1.29506e+06
Q969X2	Q969X2	SIA7F_HUMAN	ST6GALNAC6	Alpha-N-acetylgalactosaminide alpha-2,6-sialyltransferase 6	1.54262e+06	1.80549e+06		
Q969X5	Q969X5	ERGI1_HUMAN	ERGIC1	Endoplasmic reticulum-Golgi intermediate compartment protein 1	3.89071e+06	2.41009e+06	947011	1.85402e+06
Q969Z0	Q969Z0	FAKD4_HUMAN	TBRG4	FAST kinase domain-containing protein 4	1.40087e+06	943068		1.24507e+06
Q969Z3	Q969Z3	MARC2_HUMAN	MTARC2	Mitochondrial amidoxime reducing component 2	647097	566623	461109	852958
Q96A26	Q96A26	F162A_HUMAN	FAM162A	Protein FAM162A	8.11768e+06	9.42445e+06	1.54072e+06	3.5409e+06
Q96A29	Q96A29	FUCT1_HUMAN	SLC35C1	GDP-fucose transporter 1	1.26176e+06	686803	242363	690321
Q96A33	Q96A33	CCD47_HUMAN	CCDC47	PAT complex subunit CCDC47	768353	1.0534e+06	419476	764318
Q96A35	Q96A35	RM24_HUMAN	MRPL24	Large ribosomal subunit protein uL24m	1.93127e+06	1.8627e+06	950024	1.75273e+06
Q96A49	Q96A49	SYAP1_HUMAN	SYAP1	Synapse-associated protein 1	1.34762e+06	1.47703e+06	234081	814674
Q96A57	Q96A57	TM230_HUMAN	TMEM230	Transmembrane protein 230	619949	674151	694035	1.88543e+06
Q96A65	Q96A65	EXOC4_HUMAN	EXOC4	Exocyst complex component 4	496365	553233		289033
Q96AA3	Q96AA3	RFT1_HUMAN	RFT1	Protein RFT1 homolog	1.69608e+06	1.46868e+06	423724	1.42916e+06
Q96AB3	Q96AB3	ISOC2_HUMAN	ISOC2	Isochorismatase domain-containing protein 2	1.64178e+06		476165	487865
Q96AC1	Q96AC1;Q9BQL6	FERM2_HUMAN	FERMT2	Fermitin family homolog 2	1.0165e+06	1.48952e+06	1.48577e+06	3.18535e+06
Q96AE4	Q96AE4	FUBP1_HUMAN	FUBP1	Far upstream element-binding protein 1	6.51833e+06	8.59312e+06	4.97485e+06	1.00187e+07
Q96AG4	Q96AG4	LRC59_HUMAN	LRRC59	Leucine-rich repeat-containing protein 59	6.71457e+06	5.9165e+06	2.66726e+06	5.28815e+06
Q96AH8	Q96AH8	RAB7B_HUMAN	RAB7B	Ras-related protein Rab-7b			213161	
Q96AJ9	Q96AJ9	VTI1A_HUMAN	VTI1A	Vesicle transport through interaction with t-SNAREs homolog 1A	518637	548445	272841	270131
Q96AM1	Q96AM1	MRGRF_HUMAN	MRGPRF	Mas-related G-protein coupled receptor member F	273342		45995.4	312086
Q96AP7	Q96AP7	ESAM_HUMAN	ESAM	Endothelial cell-selective adhesion molecule	452016		245656	764653
Q96AQ6	Q96AQ6	PBIP1_HUMAN	PBXIP1	Pre-B-cell leukemia transcription factor-interacting protein 1	996892	1.01732e+06		714689
Q96AT1	Q96AT1	K1143_HUMAN	KIAA1143	Uncharacterized protein KIAA1143	243865	363153		
Q96AX1	Q96AX1	VP33A_HUMAN	VPS33A	Vacuolar protein sorting-associated protein 33A	646881	573135	1.10728e+06	920223
Q96AX2	Q96AX2;Q9ULW5	RAB37_HUMAN	RAB37	Ras-related protein Rab-37	200664		716189	403851
Q96AY3	Q96AY3	FKB10_HUMAN	FKBP10	Peptidyl-prolyl cis-trans isomerase FKBP10	1.70889e+06	1.34051e+06	5.18876e+06	6.9841e+06
Q96AZ6	Q96AZ6	ISG20_HUMAN	ISG20	Interferon-stimulated gene 20 kDa protein	656635	294474	669181	606185
Q96B21	Q96B21	TM45B_HUMAN	TMEM45B	Transmembrane protein 45B	865037	351016	185549	301291
Q96B26	Q96B26	EXOS8_HUMAN	EXOSC8	Exosome complex component RRP43	308207		294357	396998
Q96B97	Q96B97	SH3K1_HUMAN	SH3KBP1	SH3 domain-containing kinase-binding protein 1	1.6037e+06	1.71973e+06	1.05547e+06	1.52012e+06
Q96BI1	Q96BI1	S22AI_HUMAN	SLC22A18	Solute carrier family 22 member 18	1.70983e+06	1.65247e+06	578668	1.05557e+06
Q96BI3	Q96BI3	APH1A_HUMAN	APH1A	Gamma-secretase subunit APH-1A	91216.4			180222
Q96BJ3	Q96BJ3	AIDA_HUMAN	AIDA	Axin interactor, dorsalization-associated protein	789638	1.27637e+06	778177	1.11604e+06
Q96BJ8	Q96BJ8	ELMO3_HUMAN	ELMO3	Engulfment and cell motility protein 3	409210			265658
Q96BM9	Q96BM9	ARL8A_HUMAN	ARL8A	ADP-ribosylation factor-like protein 8A	1.56265e+06	1.71811e+06	2.02721e+06	1.98953e+06
Q96BN8	Q96BN8	OTUL_HUMAN	OTULIN	Ubiquitin thioesterase otulin	241265	172614		217262
Q96BP3	Q96BP3	PPWD1_HUMAN	PPWD1	Peptidylprolyl isomerase domain and WD repeat-containing protein 1	263233	267136	396864	387173
Q96BQ1	Q96BQ1	FAM3D_HUMAN	FAM3D	Protein FAM3D	1.3061e+07	9.70929e+06	785001	3.54393e+06
Q96BR1	Q96BR1	SGK3_HUMAN	SGK3	Serine/threonine-protein kinase Sgk3	211583		159951	231135
Q96BR5	Q96BR5	COA7_HUMAN	COA7	Cytochrome c oxidase assembly factor 7	714030	493149	340630	814733
Q96BS2	Q96BS2	CHP3_HUMAN	TESC	Calcineurin B homologous protein 3				136856
Q96BW5	Q96BW5	PTER_HUMAN	PTER	Phosphotriesterase-related protein	1.27216e+06	854946	797298	1.36454e+06
Q96BX8	Q96BX8	MOB3A_HUMAN	MOB3A	MOB kinase activator 3A	530419	534093	632154	373320
Q96BY6	Q96BY6	DOC10_HUMAN	DOCK10	Dedicator of cytokinesis protein 10	52168.6		52570.4	88309.3
Q96BY9	Q96BY9	SARAF_HUMAN	SARAF	Store-operated calcium entry-associated regulatory factor	311012		326176	287771
Q96C01	Q96C01	F136A_HUMAN	FAM136A	Protein FAM136A	951260	704323	248652	634760
Q96C11	Q96C11	FGGY_HUMAN	FGGY	FGGY carbohydrate kinase domain-containing protein	260261		249582	101071
Q96C19	Q96C19	EFHD2_HUMAN	EFHD2	EF-hand domain-containing protein D2	7.22236e+06	6.88933e+06	1.99446e+07	9.8732e+06
Q96C23	Q96C23	GALM_HUMAN	GALM	Galactose mutarotase	3.12013e+06	3.1496e+06	1.73993e+06	2.95338e+06
Q96C36	Q96C36	P5CR2_HUMAN	PYCR2	Pyrroline-5-carboxylate reductase 2	819569	708513	512350	738211
Q96C86	Q96C86	DCPS_HUMAN	DCPS	m7GpppX diphosphatase	3.02139e+06	3.34725e+06	2.40658e+06	2.84067e+06
Q96C90	Q96C90	PP14B_HUMAN	PPP1R14B	Protein phosphatase 1 regulatory subunit 14B	541118	1.17293e+06	326754	555162
Q96CD0	Q96CD0	FBXL8_HUMAN	FBXL8	F-box/LRR-repeat protein 8	1.00314e+06	536700	286090	481666
Q96CD2	Q96CD2	COAC_HUMAN	PPCDC	Phosphopantothenoylcysteine decarboxylase	290340	112102	325254	233033
Q96CG8	Q96CG8	CTHR1_HUMAN	CTHRC1	Collagen triple helix repeat-containing protein 1	2.03413e+06		1.87781e+06	2.20428e+06
Q96CM8	Q96CM8	ACSF2_HUMAN	ACSF2	Medium-chain acyl-CoA ligase ACSF2, mitochondrial	1.0787e+06	919267	638568	1.4298e+06
Q96CN7	Q96CN7	ISOC1_HUMAN	ISOC1	Isochorismatase domain-containing protein 1	3.24356e+06	2.05246e+06	2.76045e+06	1.77793e+06
Q96CN9	Q96CN9	GCC1_HUMAN	GCC1	GRIP and coiled-coil domain-containing protein 1	249728	273775		220177
Q96CS3	Q96CS3	FAF2_HUMAN	FAF2	FAS-associated factor 2	1.00706e+06	988210	305021	790031
Q96CT7	Q96CT7	CC124_HUMAN	CCDC124	Coiled-coil domain-containing protein 124	378085	343500	469325	471896
Q96CU9	Q96CU9	FXRD1_HUMAN	FOXRED1	FAD-dependent oxidoreductase domain-containing protein 1	324849	773634		388657
Q96CV9	Q96CV9	OPTN_HUMAN	OPTN	Optineurin	557577	776051	129672	408411
Q96CW1	Q96CW1	AP2M1_HUMAN	AP2M1	AP-2 complex subunit mu	7.7355e+06	6.15549e+06	1.10481e+07	9.84108e+06
Q96CW5	Q96CW5	GCP3_HUMAN	TUBGCP3	Gamma-tubulin complex component 3	568404			438573
Q96CX2	Q96CX2;Q68DU8	KCD12_HUMAN	KCTD12	BTB/POZ domain-containing protein KCTD12	4.37481e+06	4.52985e+06	3.73514e+06	2.24975e+06
Q96D15	Q96D15	RCN3_HUMAN	RCN3	Reticulocalbin-3	819568	992017		422211
Q96D46	Q96D46	NMD3_HUMAN	NMD3	60S ribosomal export protein NMD3	109967		61089.4	171953
Q96D71	Q96D71	REPS1_HUMAN	REPS1	RalBP1-associated Eps domain-containing protein 1	99249.4	110473		123965
Q96D96	Q96D96	HVCN1_HUMAN	HVCN1	Voltage-gated hydrogen channel 1	846243	1.11507e+06	6.35067e+06	2.11304e+06
Q96DA0	Q96DA0	ZG16B_HUMAN	ZG16B	Zymogen granule protein 16 homolog B		691910	194673	40309.1
Q96DA6	Q96DA6	TIM14_HUMAN	DNAJC19	Mitochondrial import inner membrane translocase subunit TIM14	575933	736277	329391	570254
Q96DB5	Q96DB5	RMD1_HUMAN	RMDN1	Regulator of microtubule dynamics protein 1	1.73737e+06	1.53598e+06	1.74023e+06	2.83056e+06
Q96DC9	Q96DC9	OTUB2_HUMAN	OTUB2	Ubiquitin thioesterase OTUB2				105102
Q96DE0	Q96DE0	NUD16_HUMAN	NUDT16	U8 snoRNA-decapping enzyme	1.30942e+06	1.39259e+06	993271	1.06659e+06
Q96DG6	Q96DG6	CMBL_HUMAN	CMBL	Carboxymethylenebutenolidase homolog	5.64911e+06	4.58108e+06	1.80818e+06	8.35206e+06
Q96DH6	Q96DH6	MSI2H_HUMAN	MSI2	RNA-binding protein Musashi homolog 2	954749		480089	1.29001e+06
Q96DI7	Q96DI7	SNR40_HUMAN	SNRNP40	U5 small nuclear ribonucleoprotein 40 kDa protein	260803	191769	763637	527477
Q96DM3	Q96DM3	RMC1_HUMAN	RMC1	Regulator of MON1-CCZ1 complex	389637	186902	247706	494061
Q96DP5	Q96DP5	FMT_HUMAN	MTFMT	Methionyl-tRNA formyltransferase, mitochondrial	174909			
Q96DT6	Q96DT6	ATG4C_HUMAN	ATG4C	Cysteine protease ATG4C	78780.7		40253.1	84190.7
Q96DU7	Q96DU7	IP3KC_HUMAN	ITPKC	Inositol-trisphosphate 3-kinase C			69272.9	
Q96DV4	Q96DV4	RM38_HUMAN	MRPL38	Large ribosomal subunit protein mL38	1.69959e+06	1.96446e+06	420385	1.35999e+06
Q96DX4	Q96DX4	RSPRY_HUMAN	RSPRY1	RING finger and SPRY domain-containing protein 1	243253		184540	266446
Q96DZ1	Q96DZ1	ERLEC_HUMAN	ERLEC1	Endoplasmic reticulum lectin 1	2.31324e+06	1.54543e+06	1.01289e+06	1.32856e+06
Q96E11	Q96E11	RRFM_HUMAN	MRRF	Ribosome-recycling factor, mitochondrial	1.00201e+06	1.65134e+06	565685	757140
Q96E39	Q96E39	RMXL1_HUMAN	RBMXL1	RNA binding motif protein, X-linked-like-1	623790	768465	1.23446e+06	950710
Q96E52	Q96E52	OMA1_HUMAN	OMA1	Metalloendopeptidase OMA1, mitochondrial	243759		94971.1	103487
Q96EA4	Q96EA4	SPDLY_HUMAN	SPDL1	Protein Spindly		420964	120505	
Q96EC8	Q96EC8	YIPF6_HUMAN	YIPF6	Protein YIPF6	682806	472522	328134	406197
Q96EE3	Q96EE3	SEH1_HUMAN	SEH1L	Nucleoporin SEH1	796891	961698	967423	1.03114e+06
Q96EE4	Q96EE4	CC126_HUMAN	CCDC126	Coiled-coil domain-containing protein 126				149051
Q96EK5	Q96EK5	KBP_HUMAN	KIFBP	KIF-binding protein	251466			565456
Q96EK6	Q96EK6	GNA1_HUMAN	GNPNAT1	Glucosamine 6-phosphate N-acetyltransferase	1.25695e+06	591319	232972	545757
Q96EL2	Q96EL2	RT24_HUMAN	MRPS24	Small ribosomal subunit protein uS3m	705535	670315	340814	793239
Q96EL3	Q96EL3	RM53_HUMAN	MRPL53	Large ribosomal subunit protein mL53	970595	1.00616e+06		
Q96EM0	Q96EM0	T3HPD_HUMAN	L3HYPDH	Trans-3-hydroxy-L-proline dehydratase			381868	395432
Q96EP0	Q96EP0	RNF31_HUMAN	RNF31	E3 ubiquitin-protein ligase RNF31	341015	138700		206393
Q96EP5	Q96EP5	DAZP1_HUMAN	DAZAP1	DAZ-associated protein 1	2.49335e+06	3.61294e+06	1.388e+06	3.02046e+06
Q96ER9	Q96ER9	MITOK_HUMAN	CCDC51	Mitochondrial potassium channel	547429	318974	255179	653235
Q96EU7	Q96EU7	C1GLC_HUMAN	C1GALT1C1	C1GALT1-specific chaperone 1	103014		122167	225350
Q96EX1	Q96EX1	SIM12_HUMAN	SMIM12	Small integral membrane protein 12	338622	260136		93116.7
Q96EY1	Q96EY1	DNJA3_HUMAN	DNAJA3	DnaJ homolog subfamily A member 3, mitochondrial	949205	1.06378e+06	429540	1.24172e+06
Q96EY5	Q96EY5	MB12A_HUMAN	MVB12A	Multivesicular body subunit 12A	638292	1.2371e+06	352477	623329
Q96EY7	Q96EY7	PTCD3_HUMAN	PTCD3	Small ribosomal subunit protein mS39	855899	562199	207424	782480
Q96EY8	Q96EY8	MMAB_HUMAN	MMAB	Corrinoid adenosyltransferase MMAB	490524			448785
Q96F07	Q96F07	CYFP2_HUMAN	CYFIP2	Cytoplasmic FMR1-interacting protein 2	538168		225779	741893
Q96F15	Q96F15	GIMA5_HUMAN	GIMAP5	GTPase IMAP family member 5	387130	797068	577303	492639
Q96F24	Q96F24	NRBF2_HUMAN	NRBF2	Nuclear receptor-binding factor 2			3.3706e+06	1.33159e+06
Q96F85	Q96F85	CNRP1_HUMAN	CNRIP1	CB1 cannabinoid receptor-interacting protein 1	764777	390937	524062	577241
Q96FJ2	Q96FJ2	DYL2_HUMAN	DYNLL2	Dynein light chain 2, cytoplasmic	1.40406e+06	2.14827e+06	971970	1.02212e+06
Q96FN4	Q96FN4	CPNE2_HUMAN	CPNE2	Copine-2	625978		2.07848e+06	762317
Q96FQ6	Q96FQ6	S10AG_HUMAN	S100A16	Protein S100-A16	2.35962e+06	2.15037e+06	1.09263e+06	1.36631e+06
Q96FS4	Q96FS4	SIPA1_HUMAN	SIPA1	Signal-induced proliferation-associated protein 1	416246	718991	1.09434e+06	896783
Q96FV2	Q96FV2	SCRN2_HUMAN	SCRN2	Secernin-2	1.15426e+06	981687	851772	780430
Q96FV9	Q96FV9	THOC1_HUMAN	THOC1	THO complex subunit 1		53172.5	308048	313486
Q96FW1	Q96FW1	OTUB1_HUMAN	OTUB1	Ubiquitin thioesterase OTUB1	4.91206e+06	3.4579e+06	1.7133e+06	3.75692e+06
Q96FX7	Q96FX7	TRM61_HUMAN	TRMT61A	tRNA (adenine(58)-N(1))-methyltransferase catalytic subunit TRMT61A	131726			390058
Q96FZ2	Q96FZ2	HMCES_HUMAN	HMCES	Abasic site processing protein HMCES	611524	495942		766832
Q96FZ5	Q96FZ5	CKLF7_HUMAN	CMTM7	CKLF-like MARVEL transmembrane domain-containing protein 7		293098	330376	288315
Q96FZ7	Q96FZ7	CHMP6_HUMAN	CHMP6	Charged multivesicular body protein 6	843948	905471	468081	984357
Q96G03	Q96G03	PGM2_HUMAN	PGM2	Phosphopentomutase	3.69063e+06	3.95395e+06	6.85755e+06	5.20668e+06
Q96G23	Q96G23	CERS2_HUMAN	CERS2	Ceramide synthase 2	1.25551e+06	571879	864262	2.02388e+06
Q96G97	Q96G97	BSCL2_HUMAN	BSCL2	Seipin	179093			
Q96GA7	Q96GA7	SDSL_HUMAN	SDSL	Serine dehydratase-like	1.80152e+06	2.1826e+06	558780	462115
Q96GC5	Q96GC5	RM48_HUMAN	MRPL48	Large ribosomal subunit protein mL48	391922	442800		115161
Q96GC9	Q96GC9	VMP1_HUMAN	VMP1	Vacuole membrane protein 1	1.70166e+06	1.04231e+06	1.12538e+06	1.33442e+06
Q96GD0	Q96GD0	PLPP_HUMAN	PDXP	Chronophin	1.59705e+06	1.66388e+06	2.08686e+06	1.69115e+06
Q96GE6	Q96GE6	CALL4_HUMAN	CALML4	Calmodulin-like protein 4	979737	888252		485999
Q96GF1	Q96GF1	RN185_HUMAN	RNF185	E3 ubiquitin-protein ligase RNF185	298120			251372
Q96GG9	Q6PH85;Q96GG9	DCNL1_HUMAN	DCUN1D1	DCN1-like protein 1	1.47048e+06	685836	1.58664e+06	1.329e+06
Q96GK7	Q96GK7	FAH2A_HUMAN	FAHD2A	Fumarylacetoacetate hydrolase domain-containing protein 2A	929823	834384	585617	1.31176e+06
Q96GQ5	Q96GQ5	RUSF1_HUMAN	RUSF1	RUS family member 1	1.57528e+06	1.01801e+06	251367	1.25623e+06
Q96GQ7	Q96GQ7	DDX27_HUMAN	DDX27	Probable ATP-dependent RNA helicase DDX27				218082
Q96GS4	Q96GS4	BORC6_HUMAN	BORCS6	BLOC-1-related complex subunit 6	261823			205669
Q96GW9	Q96GW9	SYMM_HUMAN	MARS2	Methionine--tRNA ligase, mitochondrial	55787.1			68248.3
Q96GX9	Q96GX9	MTNB_HUMAN	APIP	Methylthioribulose-1-phosphate dehydratase	770827	998505	927175	1.29131e+06
Q96GZ6	Q96GZ6	S41A3_HUMAN	SLC41A3	Solute carrier family 41 member 3	117387			64381.5
Q96H20	Q96H20	SNF8_HUMAN	SNF8	Vacuolar-sorting protein SNF8	756758	710289		729931
Q96H79	Q96H79	ZCCHL_HUMAN	ZC3HAV1L	Zinc finger CCCH-type antiviral protein 1-like	600132	546011	649281	951460
Q96HC4	Q96HC4	PDLI5_HUMAN	PDLIM5	PDZ and LIM domain protein 5	2.70755e+06	3.60154e+06	2.15736e+06	4.77148e+06
Q96HD1	Q96HD1	CREL1_HUMAN	CRELD1	Protein disulfide isomerase CRELD1	258861	414091	287167	304375
Q96HE7	Q96HE7	ERO1A_HUMAN	ERO1A	ERO1-like protein alpha	3.76745e+06	5.04461e+06	9.53375e+06	6.65567e+06
Q96HH6	Q96HH6	TMM19_HUMAN	TMEM19	Transmembrane protein 19	638525		263175	542326
Q96HL8	Q96HL8	SH3Y1_HUMAN	SH3YL1	SH3 domain-containing YSC84-like protein 1	81276.3			137026
Q96HN2	Q96HN2	SAHH3_HUMAN	AHCYL2	Adenosylhomocysteinase 3	3.29789e+06	3.51194e+06	375074	1.0034e+06
Q96HP0	Q96HP0	DOCK6_HUMAN	DOCK6	Dedicator of cytokinesis protein 6	314532			368954
Q96HP8	Q96HP8	T176A_HUMAN	TMEM176A	Transmembrane protein 176A	260866		203411	450020
Q96HR9	Q96HR9	REEP6_HUMAN	REEP6	Receptor expression-enhancing protein 6	142098	109749	84299.7	1.17079e+06
Q96HS1	Q96HS1	PGAM5_HUMAN	PGAM5	Serine/threonine-protein phosphatase PGAM5, mitochondrial	587393	564181	241996	379115
Q96HU1	Q96HU1	SGSM3_HUMAN	SGSM3	Small G protein signaling modulator 3	789374	677852		
Q96HV5	Q96HV5	TM41A_HUMAN	TMEM41A	Transmembrane protein 41A	351005		212708	385667
Q96HW7	Q96HW7	INT4_HUMAN	INTS4	Integrator complex subunit 4	96742.2			142879
Q96HY6	Q96HY6	DDRGK_HUMAN	DDRGK1	DDRGK domain-containing protein 1	870621	834511	298256	550911
Q96HY7	Q96HY7	DHTK1_HUMAN	DHTKD1	2-oxoadipate dehydrogenase complex component E1	1.12012e+06	974646	176463	896303
Q96I15	Q96I15	SCLY_HUMAN	SCLY	Selenocysteine lyase	442737	473541	350870	498195
Q96I23	Q96I23	PREY_HUMAN	PYURF	Protein preY, mitochondrial	3.2987e+06	4.76461e+06		
Q96I24	Q96I24	FUBP3_HUMAN	FUBP3	Far upstream element-binding protein 3	3.63021e+06	4.6271e+06	280644	3.61585e+06
Q96I25	Q96I25	SPF45_HUMAN	RBM17	Splicing factor 45	380907	196942	847161	994685
Q96I36	Q96I36	COX14_HUMAN	COX14	Cytochrome c oxidase assembly protein COX14	531479	357638	188173	612436
Q96I45	Q96I45	TM141_HUMAN	TMEM141	Transmembrane protein 141	101538			138159
Q96I51	Q96I51	RCC1L_HUMAN	RCC1L	RCC1-like G exchanging factor-like protein	129708			292263
Q96I59	Q96I59	SYNM_HUMAN	NARS2	Probable asparagine--tRNA ligase, mitochondrial	933444	679596	167325	1.03267e+06
Q96I99	Q96I99	SUCB2_HUMAN	SUCLG2	Succinate--CoA ligase [GDP-forming] subunit beta, mitochondrial	1.41797e+07	9.76447e+06	791499	2.58504e+06
Q96IG2	Q96IG2	FXL20_HUMAN	FBXL20	F-box/LRR-repeat protein 20	279272			706433
Q96IJ6	Q96IJ6	GMPPA_HUMAN	GMPPA	Mannose-1-phosphate guanyltransferase alpha	3.9364e+06	4.4787e+06	640994	1.42556e+06
Q96IQ7	Q96IQ7	VSIG2_HUMAN	VSIG2	V-set and immunoglobulin domain-containing protein 2	2.06793e+06	1.53909e+06		
Q96IU4	Q96IU4	ABHEB_HUMAN	ABHD14B	Putative protein-lysine deacylase ABHD14B	8.62336e+06	5.33289e+06	2.29886e+06	3.32814e+06
Q96IV0	Q96IV0	NGLY1_HUMAN	NGLY1	Peptide-N(4)-(N-acetyl-beta-glucosaminyl)asparagine amidase	453352	272009	203346	204299
Q96IX5	Q96IX5	ATPMK_HUMAN	ATP5MK	ATP synthase membrane subunit K, mitochondrial	4.63713e+06	3.94052e+06	2.42129e+06	4.80812e+06
Q96IY4	Q96IY4	CBPB2_HUMAN	CPB2	Carboxypeptidase B2	1.51938e+06	1.41903e+06	3.115e+06	1.05947e+06
Q96IZ0	Q96IZ0	PAWR_HUMAN	PAWR	PRKC apoptosis WT1 regulator protein	554517	1.23031e+06		159752
Q96J01	Q96J01	THOC3_HUMAN	THOC3	THO complex subunit 3			353404	449132
Q96J02	Q96J02	ITCH_HUMAN	ITCH	E3 ubiquitin-protein ligase Itchy homolog	299158	314790	177358	236102
Q96J42	Q96J42	TXD15_HUMAN	TXNDC15	Thioredoxin domain-containing protein 15	181083			80913.5
Q96J84	Q96J84	KIRR1_HUMAN	KIRREL1	Kin of IRRE-like protein 1			74495.7	102882
Q96JA1	Q96JA1	LRIG1_HUMAN	LRIG1	Leucine-rich repeats and immunoglobulin-like domains protein 1			149769	209872
Q96JB2	Q96JB2	COG3_HUMAN	COG3	Conserved oligomeric Golgi complex subunit 3	1.07586e+06	907450		722534
Q96JB5	Q96JB5	CK5P3_HUMAN	CDK5RAP3	CDK5 regulatory subunit-associated protein 3	1.20398e+06	1.13205e+06	121692	435508
Q96JC1	Q96JC1	VPS39_HUMAN	VPS39	Vam6/Vps39-like protein			108403	147704
Q96JD6	Q96JD6	AKCL2_HUMAN	AKR1E2	1,5-anhydro-D-fructose reductase	1.36833e+07	1.4458e+07	9.94374e+06	9.58085e+06
Q96JG6	Q96JG6	VPS50_HUMAN	VPS50	Syndetin	411852	329981		288431
Q96JH7	Q96JH7	VCIP1_HUMAN	VCPIP1	Deubiquitinating protein VCPIP1	294936	601332	197188	320924
Q96JJ3	Q96JJ3	ELMO2_HUMAN	ELMO2	Engulfment and cell motility protein 2	432144	301623	437992	547225
Q96JJ7	Q96JJ7	TMX3_HUMAN	TMX3	Protein disulfide-isomerase TMX3	2.32063e+06	1.10056e+06	2.29288e+06	3.68304e+06
Q96JM3	Q96JM3	CHAP1_HUMAN	CHAMP1	Chromosome alignment-maintaining phosphoprotein 1	94057.2	76346.6		82809.6
Q96JQ2	Q96JQ2	CLMN_HUMAN	CLMN	Calmin	1.03324e+06	803499	160077	360208
Q96JY6	Q96JY6	PDLI2_HUMAN	PDLIM2	PDZ and LIM domain protein 2	242809	218356	105284	255848
Q96K12	Q96K12	FACR2_HUMAN	FAR2	Fatty acyl-CoA reductase 2				115559
Q96K17	Q96K17	BT3L4_HUMAN	BTF3L4	Transcription factor BTF3 homolog 4	2.16946e+06	2.0961e+06	825418	1.50694e+06
Q96K19	Q96K19	RN170_HUMAN	RNF170	E3 ubiquitin-protein ligase RNF170	331339	355954	116890	406542
Q96K37	Q96K37	S35E1_HUMAN	SLC35E1	Solute carrier family 35 member E1	260612	351847	121781	230404
Q96K49	Q96K49	TM87B_HUMAN	TMEM87B	Transmembrane protein 87B	1.53572e+06	1.13405e+06	727811	1.0966e+06
Q96K76	Q96K76	UBP47_HUMAN	USP47	Ubiquitin carboxyl-terminal hydrolase 47	824274	911444	889990	1.06793e+06
Q96KA5	Q96KA5	CLP1L_HUMAN	CLPTM1L	Lipid scramblase CLPTM1L	1.73356e+06	1.06184e+06	617439	1.27777e+06
Q96KB5	Q96KB5	TOPK_HUMAN	PBK	Lymphokine-activated killer T-cell-originated protein kinase				215621
Q96KC8	Q96KC8	DNJC1_HUMAN	DNAJC1	DnaJ homolog subfamily C member 1	398894	587944	366991	314891
Q96KG9	Q96KG9	SCYL1_HUMAN	SCYL1	N-terminal kinase-like protein	1.74092e+06	1.62379e+06	1.15391e+06	1.59656e+06
Q96KN1	Q96KN1	LRAT2_HUMAN	LRATD2	Protein LRATD2	321730	461506	147637	312289
Q96KN2	Q96KN2	CNDP1_HUMAN	CNDP1	Beta-Ala-His dipeptidase	188046	253284		142456
Q96KN4	Q96KN4	LRAT1_HUMAN	LRATD1	Protein LRATD1	619363	452090		403169
Q96KP1	Q96KP1	EXOC2_HUMAN	EXOC2	Exocyst complex component 2	582426	489975	348994	525415
Q96KP4	Q96KP4	CNDP2_HUMAN	CNDP2	Cytosolic non-specific dipeptidase	1.95244e+07	1.92187e+07	3.81532e+06	1.93134e+07
Q96KR1	Q96KR1	ZFR_HUMAN	ZFR	Zinc finger RNA-binding protein	651798	592049	725258	1.02139e+06
Q96KR6	Q96KR6	F210B_HUMAN	FAM210B	Protein FAM210B, mitochondrial	320747		245128	308739
Q96L46	Q96L46	CPNS2_HUMAN	CAPNS2	Calpain small subunit 2			172808	
Q96L92	Q96L92	SNX27_HUMAN	SNX27	Sorting nexin-27	1.20343e+06	1.84669e+06	1.50109e+06	2.18998e+06
Q96L93	Q96L93	KI16B_HUMAN	KIF16B	Kinesin-like protein KIF16B	49689.8			55550.5
Q96LA9	Q96LA9	MRGX4_HUMAN	MRGPRX4	Mas-related G-protein coupled receptor member X4	164377			
Q96LD4	Q96LD4	TRI47_HUMAN	TRIM47	E3 ubiquitin-protein ligase TRIM47	1.027e+06	1.34955e+06	1.25726e+06	1.66128e+06
Q96LI5	Q96LI5;Q9ULM6	CNO6L_HUMAN	CNOT6L	CCR4-NOT transcription complex subunit 6-like	208042		124981	315542
Q96LJ7	Q96LJ7	DHRS1_HUMAN	DHRS1	Dehydrogenase/reductase SDR family member 1	688571	604857	335933	631184
Q96LT7	Q96LT7	CI072_HUMAN	C9orf72	Guanine nucleotide exchange factor C9orf72	65279.2	48119.9	98782.3	64378
Q96LW7	Q96LW7	CAR19_HUMAN	CARD19	Caspase recruitment domain-containing protein 19	690583	374980	208523	477753
Q96LZ7	Q96LZ7	RMD2_HUMAN	RMDN2	Regulator of microtubule dynamics protein 2	108554			119670
Q96M27	Q96M27	PRRC1_HUMAN	PRRC1	Protein PRRC1	5.91e+06	6.44527e+06	4.61456e+06	5.8005e+06
Q96M96	Q96M96	FGD4_HUMAN	FGD4	FYVE, RhoGEF and PH domain-containing protein 4	648911	545115	102780	325981
Q96ME1	Q96ME1	FXL18_HUMAN	FBXL18	F-box/LRR-repeat protein 18			283115	550311
Q96MF6;Q9H8M1	Q96MF6;Q9H8M1	CQ10A_HUMAN;CQ10B_HUMAN	COQ10A;COQ10B	Coenzyme Q-binding protein COQ10 homolog A, mitochondrial	135296			57527.3
Q96MG8	Q96MG8	PCMD1_HUMAN	PCMTD1	Protein-L-isoaspartate O-methyltransferase domain-containing protein 1	503001	535912		
Q96MK3	Q8IXL6;Q96MK3	FA20A_HUMAN	FAM20A	Pseudokinase FAM20A			239144	145996
Q96MM6	Q96MM6	HS12B_HUMAN	HSPA12B	Heat shock 70 kDa protein 12B	22702.7			69719.8
Q96MU7	Q96MU7	YTDC1_HUMAN	YTHDC1	YTH domain-containing protein 1			206257	416015
Q96MV1	Q96MV1	TLCD4_HUMAN	TLCD4	TLC domain-containing protein 4	181757		107754	43851.3
Q96MW1	Q96MW1	CCD43_HUMAN	CCDC43	Coiled-coil domain-containing protein 43	237139	414857	100639	233720
Q96MW5	Q96MW5	COG8_HUMAN	COG8	Conserved oligomeric Golgi complex subunit 8	1.38606e+06	1.03279e+06	395837	1.14128e+06
Q96N66	Q96N66	MBOA7_HUMAN	MBOAT7	Lysophospholipid acyltransferase 7	1.54537e+06	1.4988e+06	650645	1.56424e+06
Q96N67	Q96N67	DOCK7_HUMAN	DOCK7	Dedicator of cytokinesis protein 7	377111	199149	224963	351494
Q96NB2	Q96NB2	SFXN2_HUMAN	SFXN2	Sideroflexin-2	1.14386e+06	858544		351321
Q96NC0	Q96NC0	ZMAT2_HUMAN	ZMAT2	Zinc finger matrin-type protein 2			65348.1	54360.7
Q96NT0	Q96NT0	CC115_HUMAN	CCDC115	Coiled-coil domain-containing protein 115	234133			329587
Q96NY7	Q96NY7	CLIC6_HUMAN	CLIC6	Chloride intracellular channel protein 6	236840	249688	81009.5	241703
Q96P11	Q96P11	NSUN5_HUMAN	NSUN5	28S rRNA (cytosine-C(5))-methyltransferase	30420.1			87626.4
Q96P16	Q96P16	RPR1A_HUMAN	RPRD1A	Regulation of nuclear pre-mRNA domain-containing protein 1A	358480		1.52679e+06	715869
Q96P47	Q96P47	AGAP3_HUMAN	AGAP3	Arf-GAP with GTPase, ANK repeat and PH domain-containing protein 3			158007	
Q96P48	Q96P48	ARAP1_HUMAN	ARAP1	Arf-GAP with Rho-GAP domain, ANK repeat and PH domain-containing protein 1	322253	42340	1.47969e+06	940716
Q96P63	Q96P63	SPB12_HUMAN	SERPINB12	Serpin B12	263537	3.07179e+06	879075	379811
Q96P70	Q96P70	IPO9_HUMAN	IPO9	Importin-9	1.22703e+06	889621	344050	886495
Q96PB1	Q96PB1	CASD1_HUMAN	CASD1	N-acetylneuraminate 9-O-acetyltransferase	653000	767905		
Q96PC3	Q96PC3	AP1S3_HUMAN	AP1S3	AP-1 complex subunit sigma-3	145146		51825.4	110533
Q96PC5	Q96PC5	MIA2_HUMAN	MIA2	Melanoma inhibitory activity protein 2	1.05581e+06	900385	587199	682799
Q96PD5	Q96PD5	PGRP2_HUMAN	PGLYRP2	N-acetylmuramoyl-L-alanine amidase	1.6994e+06	1.94856e+06	1.58197e+06	846433
Q96PE7	Q96PE7	MCEE_HUMAN	MCEE	Methylmalonyl-CoA epimerase, mitochondrial	618244	386074	169214	532533
Q96PK6	Q96PK6	RBM14_HUMAN	RBM14	RNA-binding protein 14	1.51714e+06	2.16414e+06	603010	1.70897e+06
Q96PP8	Q96PP8	GBP5_HUMAN	GBP5	Guanylate-binding protein 5	360389	365732	1.59908e+06	470159
Q96PP9	Q96PP9	GBP4_HUMAN	GBP4	Guanylate-binding protein 4	332165	258396	478294	762849
Q96PQ0	Q96PQ0	SORC2_HUMAN	SORCS2	VPS10 domain-containing receptor SorCS2	305478		541366	544733
Q96PU5	Q96PU5	NED4L_HUMAN	NEDD4L	E3 ubiquitin-protein ligase NEDD4-like	1.04826e+06	624652	778837	1.01315e+06
Q96PU8	Q96PU8	QKI_HUMAN	QKI	KH domain-containing RNA-binding protein QKI	1.36379e+06	1.92779e+06	1.76281e+06	2.35619e+06
Q96PZ0	Q96PZ0	PUS7_HUMAN	PUS7	Pseudouridylate synthase 7 homolog	279775		191834	522090
Q96PZ7	Q96PZ7	CSMD1_HUMAN	CSMD1	CUB and sushi domain-containing protein 1	307372	388115		
Q96Q05	Q96Q05	TPPC9_HUMAN	TRAPPC9	Trafficking protein particle complex subunit 9	317327	345793	196330	191307
Q96Q11	Q96Q11	TRNT1_HUMAN	TRNT1	CCA tRNA nucleotidyltransferase 1, mitochondrial	1.73467e+06	1.29591e+06	1.63085e+06	1.97733e+06
Q96Q80	Q96Q80;Q9GZP9	DERL3_HUMAN	DERL3	Derlin-3	2.14561e+06	787387	1.01152e+06	1.4865e+06
Q96QA5	Q96QA5	GSDMA_HUMAN	GSDMA	Gasdermin-A	177836	1.33909e+06	1.81321e+06	338412
Q96QC0	Q96QC0	PP1RA_HUMAN	PPP1R10	Serine/threonine-protein phosphatase 1 regulatory subunit 10	255374	279599	275697	326217
Q96QF0	Q96QF0	RAB3I_HUMAN	RAB3IP	Rab-3A-interacting protein	298951			403635
Q96QG7	Q96QG7	MTMR9_HUMAN	MTMR9	Myotubularin-related protein 9	166412	76004.1	344233	258903
Q96QH2	Q96QH2	PRAM_HUMAN	PRAM1	PML-RARA-regulated adapter molecule 1	385268		1.2303e+06	1.11893e+06
Q96QK1	Q96QK1	VPS35_HUMAN	VPS35	Vacuolar protein sorting-associated protein 35	7.26214e+06	4.86302e+06	5.00245e+06	8.79092e+06
Q96QR8	Q96QR8	PURB_HUMAN	PURB	Transcriptional activator protein Pur-beta	1.69666e+06	1.49214e+06	1.25906e+06	1.47546e+06
Q96R05	Q96R05	RET7_HUMAN	RBP7	Retinoid-binding protein 7			548184	212567
Q96RE7	Q96BF6;Q96RE7	NACC1_HUMAN	NACC1	Nucleus accumbens-associated protein 1	119408	119450	92538.7	151085
Q96RF0	Q96RF0	SNX18_HUMAN	SNX18	Sorting nexin-18	303418		364492	146256
Q96RL7	Q96RL7	VP13A_HUMAN	VPS13A	Intermembrane lipid transfer protein VPS13A	1.49557e+06		1.49237e+06	1.8973e+06
Q96RN5	Q96RN5	MED15_HUMAN	MED15	Mediator of RNA polymerase II transcription subunit 15	31064.1		84288.6	78277.4
Q96RP9	Q96RP9	EFGM_HUMAN	GFM1	Elongation factor G, mitochondrial	1.57439e+06	1.48833e+06	778134	1.49962e+06
Q96RQ1	Q96RQ1	ERGI2_HUMAN	ERGIC2	Endoplasmic reticulum-Golgi intermediate compartment protein 2	550006	434957		235711
Q96RQ3	Q96RQ3	MCCA_HUMAN	MCCC1	Methylcrotonoyl-CoA carboxylase subunit alpha, mitochondrial	2.42126e+06	2.23082e+06		1.10497e+06
Q96RQ9	Q96RQ9	OXLA_HUMAN	IL4I1	L-amino-acid oxidase	310330	299581	587146	555266
Q96RS6	Q96RS6	NUDC1_HUMAN	NUDCD1	NudC domain-containing protein 1	2.77707e+06	5.34855e+06	1.41328e+06	3.68949e+06
Q96RT1	Q96RT1	ERBIN_HUMAN	ERBIN	Erbin	466930	475164		290232
Q96RU3	Q96RU3	FNBP1_HUMAN	FNBP1	Formin-binding protein 1	431488	580569	1.54533e+06	745592
Q96S06	Q96S06	LMF1_HUMAN	LMF1	Lipase maturation factor 1	141693		65070	59037
Q96S19	Q96S19	MTL26_HUMAN	METTL26	Methyltransferase-like 26			46140.7	142181
Q96S44	Q96S44	PRPK_HUMAN	TP53RK	EKC/KEOPS complex subunit TP53RK	982243	811370	921920	1.38136e+06
Q96S52	Q96S52	PIGS_HUMAN	PIGS	GPI transamidase component PIG-S	1.60584e+06	1.07007e+06	607783	2.15132e+06
Q96S59	Q96S59	RANB9_HUMAN	RANBP9	Ran-binding protein 9	122899		153921	211303
Q96S66	Q96S66	CLCC1_HUMAN	CLCC1	Chloride channel CLIC-like protein 1	650558	898836	388416	451412
Q96S86	Q96S86	HPLN3_HUMAN	HAPLN3	Hyaluronan and proteoglycan link protein 3			95500.6	134325
Q96S97	Q96S97	MYADM_HUMAN	MYADM	Myeloid-associated differentiation marker	1.53503e+06	1.14573e+06	3.20044e+06	2.5472e+06
Q96S99	Q96S99	PKHF1_HUMAN	PLEKHF1	Pleckstrin homology domain-containing family F member 1	335330	448303	241338	574734
Q96SB3	Q96SB3	NEB2_HUMAN	PPP1R9B	Neurabin-2	71635.5	91423.5	230592	251605
Q96SB4	Q96SB4	SRPK1_HUMAN	SRPK1	SRSF protein kinase 1	540462	158077	355701	753226
Q96SI9	Q96SI9	STRBP_HUMAN	STRBP	Spermatid perinuclear RNA-binding protein	414552	341018	388832	520276
Q96SL4	Q96SL4	GPX7_HUMAN	GPX7	Glutathione peroxidase 7	304259	286326		583462
Q96SM3	Q96SM3	CPXM1_HUMAN	CPXM1	Probable carboxypeptidase X1			116194	390205
Q96SQ9	Q96SQ9	CP2S1_HUMAN	CYP2S1	Cytochrome P450 2S1	1.18959e+06	737034	468389	1.69823e+06
Q96ST2	Q96ST2	IWS1_HUMAN	IWS1	Protein IWS1 homolog	792561	771321	544861	1.12726e+06
Q96ST3	Q96ST3	SIN3A_HUMAN	SIN3A	Paired amphipathic helix protein Sin3a	306104	552881	308010	437166
Q96SU4	Q96SU4	OSBL9_HUMAN	OSBPL9	Oxysterol-binding protein-related protein 9	864147	586271	1.05778e+06	1.18493e+06
Q96SW2	Q96SW2	CRBN_HUMAN	CRBN	Protein cereblon			46407.6	60153.6
Q96SZ5	Q96SZ5	AEDO_HUMAN	ADO	2-aminoethanethiol dioxygenase	468189	683837	371004	574734
Q96T37	Q96T37	RBM15_HUMAN	RBM15	RNA-binding protein 15	183671	195928	567536	590488
Q96T51	Q96T51	RUFY1_HUMAN	RUFY1	RUN and FYVE domain-containing protein 1	797852	1.01408e+06	328189	575842
Q96T58	Q96T58	MINT_HUMAN	SPEN	Msx2-interacting protein			84416	85571.3
Q96T60	Q96T60	PNKP_HUMAN	PNKP	Bifunctional polynucleotide phosphatase/kinase	588915	993579	653601	837953
Q96T76	Q96T76	MMS19_HUMAN	MMS19	MMS19 nucleotide excision repair protein homolog	633777	351726	334045	333346
Q96T88	Q96T88	UHRF1_HUMAN	UHRF1	E3 ubiquitin-protein ligase UHRF1				85811.5
Q96TA1	Q96TA1	NIBA2_HUMAN	NIBAN2	Protein Niban 2	3.56812e+06	3.58414e+06	3.74665e+06	4.61302e+06
Q96TA2	Q96TA2	YMEL1_HUMAN	YME1L1	ATP-dependent zinc metalloprotease YME1L1				320886
Q96TC7	Q96TC7	RMD3_HUMAN	RMDN3	Regulator of microtubule dynamics protein 3	629873	489670	367607	792271
Q99102	Q99102	MUC4_HUMAN	MUC4	Mucin-4	1.1204e+06	1.30279e+06		
Q99417	Q99417	MYCBP_HUMAN	MYCBP	c-Myc-binding protein	1.3023e+06	980288	142300	563413
Q99424	Q99424	ACOX2_HUMAN	ACOX2	Peroxisomal acyl-coenzyme A oxidase 2	504865	689023	401291	1.10799e+06
Q99426	Q99426	TBCB_HUMAN	TBCB	Tubulin-folding cofactor B	1.4434e+06	1.77166e+06	1.64867e+06	2.26715e+06
Q99436	Q99436	PSB7_HUMAN	PSMB7	Proteasome subunit beta type-7	2.98016e+06	1.66773e+06	3.68132e+06	4.4019e+06
Q99439	Q99439	CNN2_HUMAN	CNN2	Calponin-2	3.24623e+06	4.10936e+06	4.16972e+06	8.81933e+06
Q99442	Q99442	SEC62_HUMAN	SEC62	Translocation protein SEC62	2.31521e+06	2.14504e+06	1.34135e+06	3.12608e+06
Q99447	Q99447	PCY2_HUMAN	PCYT2	Ethanolamine-phosphate cytidylyltransferase	1.21043e+06	1.28563e+06	423964	1.75562e+06
Q99459	Q99459	CDC5L_HUMAN	CDC5L	Cell division cycle 5-like protein	1.1873e+06	1.72694e+06	1.11542e+06	1.30426e+06
Q99460	Q99460	PSMD1_HUMAN	PSMD1	26S proteasome non-ATPase regulatory subunit 1	3.44914e+06	2.88682e+06	2.98673e+06	3.96766e+06
Q99467	Q99467	CD180_HUMAN	CD180	CD180 antigen	174832		121665	104366
Q99470	Q99470	SDF2_HUMAN	SDF2	Stromal cell-derived factor 2	1.02319e+06	916009	1.47335e+06	1.16427e+06
Q99471	Q99471	PFD5_HUMAN	PFDN5	Prefoldin subunit 5	807296	480526	322344	1.07778e+06
Q99487	Q99487	PAFA2_HUMAN	PAFAH2	Platelet-activating factor acetylhydrolase 2, cytoplasmic	719035	423423	202180	309548
Q99497	Q99497	PARK7_HUMAN	PARK7	Parkinson disease protein 7	2.96891e+07	3.99609e+07	1.84229e+07	2.98453e+07
Q99519	Q99519	NEUR1_HUMAN	NEU1	Sialidase-1	426655	200595	164432	209829
Q99523	Q99523	SORT_HUMAN	SORT1	Sortilin	1.77785e+06	1.25106e+06	731386	968918
Q99536	Q99536	VAT1_HUMAN	VAT1	Synaptic vesicle membrane protein VAT-1 homolog	1.47396e+07	1.41111e+07	2.46683e+07	2.22253e+07
Q99538	Q99538	LGMN_HUMAN	LGMN	Legumain	4.42606e+06	3.42833e+06	413422	2.19203e+06
Q99541	Q99541	PLIN2_HUMAN	PLIN2	Perilipin-2	225427		242627	533161
Q99543	Q99543	DNJC2_HUMAN	DNAJC2	DnaJ homolog subfamily C member 2	44776.2		67177.6	132127
Q99567	Q99567	NUP88_HUMAN	NUP88	Nuclear pore complex protein Nup88	459536	682092	275379	617306
Q99570	Q99570	PI3R4_HUMAN	PIK3R4	Phosphoinositide 3-kinase regulatory subunit 4	212459	121013	110551	167213
Q99571	Q99571	P2RX4_HUMAN	P2RX4	P2X purinoceptor 4	1.05997e+06	595681	1.25651e+06	765222
Q99584	Q99584	S10AD_HUMAN	S100A13	Protein S100-A13	1.96925e+06	1.90465e+06	1.57696e+06	1.79463e+06
Q99595	Q99595	TI17A_HUMAN	TIMM17A	Mitochondrial import inner membrane translocase subunit Tim17-A	278941			96360.4
Q99598	Q99598	TSNAX_HUMAN	TSNAX	Translin-associated protein X	1.19189e+06	974557	1.82893e+06	1.9297e+06
Q99611	Q99611	SPS2_HUMAN	SEPHS2	Selenide, water dikinase 2	770791	1.05043e+06	735064	533684
Q99613	Q99613;B5ME19	EIF3C_HUMAN	EIF3C	Eukaryotic translation initiation factor 3 subunit C	2.38603e+06	2.3107e+06	1.7669e+06	3.33866e+06
Q99614	Q99614	TTC1_HUMAN	TTC1	Tetratricopeptide repeat protein 1	1.33715e+06	1.43416e+06	1.14753e+06	1.36019e+06
Q99615	Q99615	DNJC7_HUMAN	DNAJC7	DnaJ homolog subfamily C member 7	1.06018e+06	820259	693251	1.23128e+06
Q99623	Q99623	PHB2_HUMAN	PHB2	Prohibitin-2	1.28725e+07	1.12088e+07	9.93813e+06	1.43528e+07
Q99627	Q99627	CSN8_HUMAN	COPS8	COP9 signalosome complex subunit 8	1.53907e+06	1.05097e+06	1.43517e+06	1.63042e+06
Q99643	Q99643	C560_HUMAN	SDHC	Succinate dehydrogenase cytochrome b560 subunit, mitochondrial	960242		411343	671221
Q99653	Q99653	CHP1_HUMAN	CHP1	Calcineurin B homologous protein 1	1.12612e+06	500739	1.67746e+06	2.08353e+06
Q99661	Q99661	KIF2C_HUMAN	KIF2C	Kinesin-like protein KIF2C				64161.3
Q99685	Q99685	MGLL_HUMAN	MGLL	Monoglyceride lipase	882750		450587	1.00219e+06
Q99700	Q99700	ATX2_HUMAN	ATXN2	Ataxin-2	647694			851435
Q99714	Q99714	HCD2_HUMAN	HSD17B10	3-hydroxyacyl-CoA dehydrogenase type-2	1.0901e+07	8.36194e+06	7.32167e+06	8.75775e+06
Q99715	Q99715	COCA1_HUMAN	COL12A1	Collagen alpha-1(XII) chain	1.10273e+06	620243	8.47827e+06	1.03139e+07
Q99719	Q99719	SEPT5_HUMAN	SEPTIN5	Septin-5	131100	136264	1.4736e+06	586409
Q99720	Q99720	SGMR1_HUMAN	SIGMAR1	Sigma non-opioid intracellular receptor 1	1.5955e+06	562355	1.86975e+06	2.09917e+06
Q99729	Q99729	ROAA_HUMAN	HNRNPAB	Heterogeneous nuclear ribonucleoprotein A/B	4.77246e+06	4.97886e+06	2.9618e+06	4.12074e+06
Q99732	Q99732	LITAF_HUMAN	LITAF	Lipopolysaccharide-induced tumor necrosis factor-alpha factor	2.09077e+06	2.08663e+06	8.18705e+06	3.7073e+06
Q99733	Q99733	NP1L4_HUMAN	NAP1L4	Nucleosome assembly protein 1-like 4	3.16068e+06	3.03598e+06	1.03863e+06	2.92783e+06
Q99735	Q99735	MGST2_HUMAN	MGST2	Microsomal glutathione S-transferase 2	1.53575e+07	1.07982e+07	9.96351e+06	1.64506e+07
Q99747	Q99747	SNAG_HUMAN	NAPG	Gamma-soluble NSF attachment protein	1.22093e+06	1.47444e+06		483271
Q99757	Q99757	THIOM_HUMAN	TXN2	Thioredoxin, mitochondrial	302749		117168	100355
Q99766	Q99766	ATP5S_HUMAN	DMAC2L	ATP synthase subunit s, mitochondrial	351213	139634	142727	314311
Q99795	Q99795	GPA33_HUMAN	GPA33	Cell surface A33 antigen	7.00113e+06	7.71306e+06	244610	1.46709e+06
Q99797	Q99797	MIPEP_HUMAN	MIPEP	Mitochondrial intermediate peptidase	659982	533927	258126	867175
Q99798	Q99798	ACON_HUMAN	ACO2	Aconitate hydratase, mitochondrial	1.40942e+07	1.09406e+07	7.76699e+06	9.25916e+06
Q99805	Q99805	TM9S2_HUMAN	TM9SF2	Transmembrane 9 superfamily member 2	9.6909e+06	4.96101e+06	4.31727e+06	6.09471e+06
Q99807	Q99807	COQ7_HUMAN	COQ7	5-demethoxyubiquinone hydroxylase, mitochondrial	901997	890965		291704
Q99808	Q99808	S29A1_HUMAN	SLC29A1	Equilibrative nucleoside transporter 1	263348		390403	413668
Q99816	Q99816	TS101_HUMAN	TSG101	Tumor susceptibility gene 101 protein	1.55488e+06	2.00465e+06	1.17569e+06	1.6784e+06
Q99828	Q99828	CIB1_HUMAN	CIB1	Calcium and integrin-binding protein 1	391873	403574		153429
Q99829	Q99829	CPNE1_HUMAN	CPNE1	Copine-1	1.45209e+06	1.42458e+06	1.80073e+06	3.16057e+06
Q99832	Q99832	TCPH_HUMAN	CCT7	T-complex protein 1 subunit eta	6.30379e+07	4.9988e+07	1.22198e+07	6.39897e+07
Q99836	Q99836	MYD88_HUMAN	MYD88	Myeloid differentiation primary response protein MyD88	230035	262552	146089	145673
Q99873	Q99873	ANM1_HUMAN	PRMT1	Protein arginine N-methyltransferase 1	3.26017e+06	2.7694e+06	4.32252e+06	4.58217e+06
Q99895	Q99895	CTRC_HUMAN	CTRC	Chymotrypsin-C	795136		3.57396e+06	121516
Q99933	Q99933	BAG1_HUMAN	BAG1	BAG family molecular chaperone regulator 1	465950		445333	309191
Q99943	Q99943	PLCA_HUMAN	AGPAT1	1-acyl-sn-glycerol-3-phosphate acyltransferase alpha	470949	220939		
Q99959	Q99959	PKP2_HUMAN	PKP2	Plakophilin-2	498770	510150		155055
Q99961	Q99961;Q99962	SH3G1_HUMAN	SH3GL1	Endophilin-A2	1.3586e+06	1.62696e+06	1.6031e+06	2.17304e+06
Q99969	Q99969	RARR2_HUMAN	RARRES2	Retinoic acid receptor responder protein 2	347480	648681	513844	664899
Q99973	Q99973	TEP1_HUMAN	TEP1	Telomerase protein component 1	414881	438910	297828	301456
Q99986	Q99986	VRK1_HUMAN	VRK1	Serine/threonine-protein kinase VRK1	296655	740116	827190	732861
Q99996	Q99996	AKAP9_HUMAN	AKAP9	A-kinase anchor protein 9	202383	222259		59353.3
Q9BPV8	Q9BPV8	P2Y13_HUMAN	P2RY13	P2Y purinoceptor 13			768010	
Q9BPW8	Q9BPW8	NIPS1_HUMAN	NIPSNAP1	Protein NipSnap homolog 1	1.38596e+06	1.20473e+06	297546	1.42617e+06
Q9BPW9	Q9BPW9	DHRS9_HUMAN	DHRS9	Dehydrogenase/reductase SDR family member 9	555250	524645	505655	
Q9BPX3	Q9BPX3	CND3_HUMAN	NCAPG	Condensin complex subunit 3	98455.6			207296
Q9BPX5	Q9BPX5	ARP5L_HUMAN	ARPC5L	Actin-related protein 2/3 complex subunit 5-like protein	4.69143e+06	3.0914e+06	4.22336e+06	4.57458e+06
Q9BPX6	Q9BPX6	MICU1_HUMAN	MICU1	Calcium uptake protein 1, mitochondrial	483880	349497	205160	379287
Q9BPX7	Q9BPX7	CG025_HUMAN	C7orf25	UPF0415 protein C7orf25			106903	97389.8
Q9BQ39	Q9BQ39	DDX50_HUMAN	DDX50	ATP-dependent RNA helicase DDX50			20451.3	203289
Q9BQ48	Q9BQ48	RM34_HUMAN	MRPL34	Large ribosomal subunit protein bL34m	334555	486575		252295
Q9BQ49	Q9BQ49	SMIM7_HUMAN	SMIM7	Small integral membrane protein 7	222840	50657.4	22313.5	128642
Q9BQ50	Q9BQ50	TREX2_HUMAN	TREX2	Three prime repair exonuclease 2		427699	3.74317e+06	
Q9BQ52	Q9BQ52	RNZ2_HUMAN	ELAC2	Zinc phosphodiesterase ELAC protein 2	235228	182234	108434	342469
Q9BQ61	Q9BQ61	TRIR_HUMAN	TRIR	Telomerase RNA component interacting RNase	334316	331999		336733
Q9BQ67	Q9BQ67	GRWD1_HUMAN	GRWD1	Glutamate-rich WD repeat-containing protein 1	4.1399e+06	4.03589e+06	1.64022e+06	4.84973e+06
Q9BQ69	Q9BQ69	MACD1_HUMAN	MACROD1	ADP-ribose glycohydrolase MACROD1	943454	843398	242309	1.70635e+06
Q9BQ70	Q9BQ70	TCF25_HUMAN	TCF25	Ribosome quality control complex subunit TCF25	136453			106733
Q9BQ89	Q9BQ89	F110A_HUMAN	FAM110A	Protein FAM110A				788818
Q9BQ95	Q9BQ95	ECSIT_HUMAN	ECSIT	Evolutionarily conserved signaling intermediate in Toll pathway, mitochondrial	179229			144304
Q9BQA1	Q9BQA1	MEP50_HUMAN	WDR77	Methylosome protein WDR77	1.90337e+06	1.90564e+06	1.81938e+06	2.3471e+06
Q9BQA9	Q9BQA9	CYBC1_HUMAN	CYBC1	Cytochrome b-245 chaperone 1	1.46645e+06	1.16294e+06	903713	1.2481e+06
Q9BQB6	Q9BQB6	VKOR1_HUMAN	VKORC1	Vitamin K epoxide reductase complex subunit 1	576281	539063	276872	693445
Q9BQC6	Q9BQC6	RT63_HUMAN	MRPL57	Large ribosomal subunit protein mL63	569840	520888	118894	516639
Q9BQE3	P0DPH7;Q6PEY2;Q71U36;Q9BQE3;Q9NY65	TBA1C_HUMAN	TUBA1C	Tubulin alpha-1C chain	7.59085e+07	7.1556e+07	6.29068e+06	2.60353e+07
Q9BQE4	Q9BQE4	SELS_HUMAN	SELENOS	Selenoprotein S	829122	636517		591307
Q9BQE5	Q9BQE5	APOL2_HUMAN	APOL2	Apolipoprotein L2	3.55127e+06	3.86098e+06	3.01698e+06	2.14853e+06
Q9BQG0	Q9BQG0	MBB1A_HUMAN	MYBBP1A	Myb-binding protein 1A	318839		257027	630213
Q9BQG2	Q9BQG2	NUD12_HUMAN	NUDT12	NAD-capped RNA hydrolase NUDT12	77445.3			26743.4
Q9BQL6	Q9BQL6	FERM1_HUMAN	FERMT1	Fermitin family homolog 1	960277	991350	585926	1.43958e+06
Q9BQP7	Q9BQP7	MGME1_HUMAN	MGME1	Mitochondrial genome maintenance exonuclease 1	231834			462211
Q9BQQ3	Q9BQQ3	GORS1_HUMAN	GORASP1	Golgi reassembly-stacking protein 1	135002	82952.9		113280
Q9BQS7	Q9BQS7	HEPH_HUMAN	HEPH	Hephaestin	1.25975e+06	1.58623e+06	241824	558542
Q9BQS8	Q9BQS8	FYCO1_HUMAN	FYCO1	FYVE and coiled-coil domain-containing protein 1	410637	343395	320408	406693
Q9BR61	Q9BR61	ACBD6_HUMAN	ACBD6	Acyl-CoA-binding domain-containing protein 6	113645			194178
Q9BR76	Q9BR76	COR1B_HUMAN	CORO1B	Coronin-1B	7.11472e+06	1.20558e+07	7.32637e+06	9.78401e+06
Q9BRA2	Q9BRA2	TXD17_HUMAN	TXNDC17	Thioredoxin domain-containing protein 17	9.07398e+06	7.6312e+06	7.01267e+06	6.83563e+06
Q9BRF8	Q9BRF8	CPPED_HUMAN	CPPED1	Serine/threonine-protein phosphatase CPPED1	2.29851e+06	2.24307e+06	6.91935e+06	3.92424e+06
Q9BRG1	Q9BRG1	VPS25_HUMAN	VPS25	Vacuolar protein-sorting-associated protein 25	1.48115e+06	1.1203e+06	994758	1.85271e+06
Q9BRJ2	Q9BRJ2	RM45_HUMAN	MRPL45	Large ribosomal subunit protein mL45	1.16299e+06	847041	568862	956448
Q9BRJ6	Q9BRJ6	CG050_HUMAN	C7orf50	Uncharacterized protein C7orf50	332188	318169	198574	188773
Q9BRJ7	Q9BRJ7	TIRR_HUMAN	NUDT16L1	Tudor-interacting repair regulator protein	493658	287150	471858	564390
Q9BRK3	Q9BRK3	MXRA8_HUMAN	MXRA8	Matrix remodeling-associated protein 8	419173	165372	319900	553456
Q9BRK5	Q9BRK5	CAB45_HUMAN	SDF4	45 kDa calcium-binding protein	1.10231e+06	939578		188823
Q9BRP4	Q9BRP4	PAAF1_HUMAN	PAAF1	Proteasomal ATPase-associated factor 1	470082	227257	503161	491976
Q9BRP8	Q9BRP8	PYM1_HUMAN	PYM1	Partner of Y14 and mago	595565	902549	533711	946306
Q9BRQ6	Q9BRQ6	MIC25_HUMAN	CHCHD6	MICOS complex subunit MIC25	343686	323869	221161	328057
Q9BRQ8	Q9BRQ8	FSP1_HUMAN	AIFM2	Ferroptosis suppressor protein 1	740482	522717	569604	1.2046e+06
Q9BRR3	Q9BRR3	PGAP4_HUMAN	PGAP4	Post-GPI attachment to proteins factor 4	155294			
Q9BRR6	Q9BRR6	ADPGK_HUMAN	ADPGK	ADP-dependent glucokinase	583582	271598	1.52957e+06	863372
Q9BRT2	Q9BRT2	UQCC2_HUMAN	UQCC2	Ubiquinol-cytochrome-c reductase complex assembly factor 2	590704	848279		719447
Q9BRV3	Q9BRV3	SWET1_HUMAN	SLC50A1	Sugar transporter SWEET1	1.3084e+06	408623		497088
Q9BRX5	Q9BRX5	PSF3_HUMAN	GINS3	DNA replication complex GINS protein PSF3	26746.6			39877.3
Q9BRX8	Q9BRX8	PXL2A_HUMAN	PRXL2A	Peroxiredoxin-like 2A	1.20559e+06	1.12566e+06	712821	456604
Q9BRZ2	Q15834;Q9BRZ2	TRI56_HUMAN	TRIM56	E3 ubiquitin-protein ligase TRIM56	320898	144047	336262	497074
Q9BS26	Q9BS26	ERP44_HUMAN	ERP44	Endoplasmic reticulum resident protein 44	1.02359e+07	8.51018e+06	1.09605e+07	8.9683e+06
Q9BS40	Q9BS40	LXN_HUMAN	LXN	Latexin	2.4457e+06	2.58093e+06	1.75485e+06	2.34929e+06
Q9BSB4	Q9BSB4	ATGA1_HUMAN	ATG101	Autophagy-related protein 101	193347			148043
Q9BSD7	Q9BSD7	NTPCR_HUMAN	NTPCR	Cancer-related nucleoside-triphosphatase	1.3474e+06	1.69817e+06		
Q9BSE4	Q9BSE4	HERP2_HUMAN	HERPUD2	Homocysteine-responsive endoplasmic reticulum-resident ubiquitin-like domain member 2 protein	70202.4			150617
Q9BSE5	Q9BSE5	GDAH_HUMAN	AGMAT	Guanidino acid hydrolase, mitochondrial	1.43139e+06	1.44774e+06	595000	3.99821e+06
Q9BSF4	Q9BSF4	TIM29_HUMAN	TIMM29	Mitochondrial import inner membrane translocase subunit Tim29	499913	287465		387116
Q9BSH5	Q9BSH5	HDHD3_HUMAN	HDHD3	Haloacid dehalogenase-like hydrolase domain-containing protein 3	1.857e+06	1.80748e+06	522506	1.65026e+06
Q9BSJ2	Q9BSJ2	GCP2_HUMAN	TUBGCP2	Gamma-tubulin complex component 2	281697	302049	227725	427736
Q9BSJ5	Q9BSJ5	CQ080_HUMAN	C17orf80	Uncharacterized protein C17orf80	637207	505735	457887	458743
Q9BSJ8	Q9BSJ8	ESYT1_HUMAN	ESYT1	Extended synaptotagmin-1	3.0415e+06	3.20746e+06	3.4887e+06	4.38654e+06
Q9BSK0	Q9BSK0	MALD1_HUMAN	MARVELD1	MARVEL domain-containing protein 1	166727			184820
Q9BSK2	Q9BSK2	S2533_HUMAN	SLC25A33	Solute carrier family 25 member 33	57464.4			103361
Q9BSL1	Q9BSL1	UBAC1_HUMAN	UBAC1	Ubiquitin-associated domain-containing protein 1	508177	721955	244880	498997
Q9BSR8	Q9BSR8	YIPF4_HUMAN	YIPF4	Protein YIPF4	1.13725e+06	1.25096e+06		233963
Q9BSV6	Q9BSV6	SEN34_HUMAN	TSEN34	tRNA-splicing endonuclease subunit Sen34	89929.1			
Q9BSW2	Q9BSW2	EFC4B_HUMAN	CRACR2A	EF-hand calcium-binding domain-containing protein 4B	342300	276856		91605
Q9BT09	Q9BT09	CNPY3_HUMAN	CNPY3	Protein canopy homolog 3	562160	1.12652e+06	847024	1.04545e+06
Q9BT22	Q9BT22	ALG1_HUMAN	ALG1	Chitobiosyldiphosphodolichol beta-mannosyltransferase	2.18499e+06	1.7272e+06	227512	957835
Q9BT23	Q9BT23	LIMD2_HUMAN	LIMD2	LIM domain-containing protein 2	41763.3		226793	146772
Q9BT40	Q9BT40	INP5K_HUMAN	INPP5K	Inositol polyphosphate 5-phosphatase K	291320		208895	371479
Q9BT73	Q9BT73	PSMG3_HUMAN	PSMG3	Proteasome assembly chaperone 3	146792		31997.8	53789.7
Q9BT78	Q9BT78	CSN4_HUMAN	COPS4	COP9 signalosome complex subunit 4	2.17629e+06	1.62125e+06	1.19641e+06	2.05124e+06
Q9BTC0	Q9BTC0	DIDO1_HUMAN	DIDO1	Death-inducer obliterator 1		986568	225171	279652
Q9BTC8	Q13330;Q9BTC8	MTA3_HUMAN	MTA3	Metastasis-associated protein MTA3	88728.5			236094
Q9BTE1	Q9BTE1	DCTN5_HUMAN	DCTN5	Dynactin subunit 5	928722	1.02973e+06	589577	759898
Q9BTE3	Q9BTE3	MCMBP_HUMAN	MCMBP	Mini-chromosome maintenance complex-binding protein	190079	313840	237616	413943
Q9BTE6	Q9BTE6	AASD1_HUMAN	AARSD1	Alanyl-tRNA editing protein Aarsd1	469345	686499	306406	599922
Q9BTE7	Q92564;Q9BTE7	DCNL5_HUMAN	DCUN1D5	DCN1-like protein 5	428501	346790		521502
Q9BTT0	Q9BTT0	AN32E_HUMAN	ANP32E	Acidic leucine-rich nuclear phosphoprotein 32 family member E	697315	811787	626387	1.27084e+06
Q9BTT6	Q9BTT6	LRRC1_HUMAN	LRRC1	Leucine-rich repeat-containing protein 1	623806	604222		339194
Q9BTU6	Q9BTU6	P4K2A_HUMAN	PI4K2A	Phosphatidylinositol 4-kinase type 2-alpha	1.12602e+06	521470	1.73267e+06	1.4631e+06
Q9BTV4	Q9BTV4	TMM43_HUMAN	TMEM43	Transmembrane protein 43	3.08801e+06	3.07386e+06	6.13573e+06	5.96774e+06
Q9BTW9	Q9BTW9	TBCD_HUMAN	TBCD	Tubulin-specific chaperone D	1.50423e+06	1.07741e+06		2.30733e+06
Q9BTX1	Q9BTX1	NDC1_HUMAN	NDC1	Nucleoporin NDC1	453733	378887		201050
Q9BTX3	Q9BTX3	TM208_HUMAN	TMEM208	Transmembrane protein 208	336641		261210	415428
Q9BTY2	Q9BTY2	FUCO2_HUMAN	FUCA2	Plasma alpha-L-fucosidase	518995		251208	500231
Q9BTZ2	Q9BTZ2;P0CG22	DHRS4_HUMAN	DHRS4	Dehydrogenase/reductase SDR family member 4	2.11736e+06	2.25146e+06	159633	325907
Q9BU23	Q9BU23	LMF2_HUMAN	LMF2	Lipase maturation factor 2	859826	1.33296e+06	225227	968776
Q9BU61	Q9BU61	NDUF3_HUMAN	NDUFAF3	NADH dehydrogenase [ubiquinone] 1 alpha subcomplex assembly factor 3	1.20588e+06	867947	457143	906500
Q9BUB7	Q9BUB7	TMM70_HUMAN	TMEM70	Transmembrane protein 70, mitochondrial	1.14636e+06			1.05538e+06
Q9BUD6	Q9BUD6	SPON2_HUMAN	SPON2	Spondin-2			70119.2	100502
Q9BUE6	Q9BUE6	ISCA1_HUMAN	ISCA1	Iron-sulfur cluster assembly 1 homolog, mitochondrial	312866	293047		376920
Q9BUF5	Q13509;Q9BUF5	TBB6_HUMAN	TUBB6	Tubulin beta-6 chain	4.70567e+06	6.44883e+06	3.10614e+06	2.83449e+06
Q9BUH6	Q9BUH6	PAXX_HUMAN	PAXX	Protein PAXX	1.72979e+06	1.94488e+06	1.34976e+06	1.81113e+06
Q9BUJ2	Q9BUJ2	HNRL1_HUMAN	HNRNPUL1	Heterogeneous nuclear ribonucleoprotein U-like protein 1	2.09341e+06	1.23427e+06	2.75776e+06	3.48035e+06
Q9BUK0	Q9BUK0	CHCH7_HUMAN	CHCHD7	Coiled-coil-helix-coiled-coil-helix domain-containing protein 7	335014	484633	104789	145562
Q9BUK6	Q9BUK6	MSTO1_HUMAN	MSTO1	Protein misato homolog 1	205190			65965.1
Q9BUL8	Q9BUL8	PDC10_HUMAN	PDCD10	Programmed cell death protein 10	2.88877e+06	4.00973e+06	1.46858e+06	2.77421e+06
Q9BUN8	Q9BUN8	DERL1_HUMAN	DERL1	Derlin-1	3.38325e+06	1.65737e+06	1.54161e+06	2.42739e+06
Q9BUP3	Q9BUP3	HTAI2_HUMAN	HTATIP2	Oxidoreductase HTATIP2	3.37185e+06	3.23046e+06	2.6527e+06	4.55075e+06
Q9BUQ8	Q9BUQ8	DDX23_HUMAN	DDX23	Probable ATP-dependent RNA helicase DDX23	331853	498581	656210	590248
Q9BUR5	Q9BUR5	MIC26_HUMAN	APOO	MICOS complex subunit MIC26	1.78571e+06	1.66546e+06	266960	1.66612e+06
Q9BUT1	Q9BUT1	DHRS6_HUMAN	BDH2	Dehydrogenase/reductase SDR family member 6	1.42374e+06	1.58997e+06	1.39475e+06	3.17219e+06
Q9BV10	Q9BV10	ALG12_HUMAN	ALG12	Dol-P-Man:Man(7)GlcNAc(2)-PP-Dol alpha-1,6-mannosyltransferase	879977	413880		610545
Q9BV20	Q9BV20	MTNA_HUMAN	MRI1	Methylthioribose-1-phosphate isomerase	870192	800065	846150	1.00213e+06
Q9BV23	Q9BV23	ABHD6_HUMAN	ABHD6	Monoacylglycerol lipase ABHD6	280182	144255	231451	359932
Q9BV36	Q9BV36	MELPH_HUMAN	MLPH	Melanophilin	290714	463808		
Q9BV38	Q9BV38	WDR18_HUMAN	WDR18	WD repeat-containing protein 18	219310	459283	87919.3	372228
Q9BV40	Q9BV40	VAMP8_HUMAN	VAMP8	Vesicle-associated membrane protein 8	1.53219e+06	2.28588e+06	1.11836e+06	1.87951e+06
Q9BV44	Q9BV44	THUM3_HUMAN	THUMPD3	tRNA (guanine(6)-N2)-methyltransferase THUMP3	175066	136698		122259
Q9BV57	Q9BV57	MTND_HUMAN	ADI1	Acireductone dioxygenase	745678	404730	362380	731478
Q9BV79	Q9BV79	MECR_HUMAN	MECR	Enoyl-[acyl-carrier-protein] reductase, mitochondrial	971648	1.01405e+06	900014	1.05498e+06
Q9BV86	Q9BV86	NTM1A_HUMAN	NTMT1	N-terminal Xaa-Pro-Lys N-methyltransferase 1	887702	841379	269393	1.04069e+06
Q9BV94	Q9BV94	EDEM2_HUMAN	EDEM2	ER degradation-enhancing alpha-mannosidase-like protein 2	299514			
Q9BVA1	Q9BVA1	TBB2B_HUMAN	TUBB2B	Tubulin beta-2B chain	464215	578539		
Q9BVC4	Q9BVC4	LST8_HUMAN	MLST8	Target of rapamycin complex subunit LST8	229154	265805		268912
Q9BVC6	Q9BVC6	TM109_HUMAN	TMEM109	Transmembrane protein 109	1.78794e+07	1.89911e+07	1.30903e+07	1.85456e+07
Q9BVG4	Q9BVG4	PBDC1_HUMAN	PBDC1	Protein PBDC1	1.27776e+06	1.6906e+06	1.30063e+06	1.66665e+06
Q9BVG9	Q9BVG9	PTSS2_HUMAN	PTDSS2	Phosphatidylserine synthase 2	528585	258551	420668	703555
Q9BVJ7	Q9BVJ7	DUS23_HUMAN	DUSP23	Dual specificity protein phosphatase 23	1.39272e+06	1.3052e+06	214152	759239
Q9BVK2	Q9BVK2	ALG8_HUMAN	ALG8	Probable dolichyl pyrophosphate Glc1Man9GlcNAc2 alpha-1,3-glucosyltransferase	612139	294129	420322	732409
Q9BVK6	Q9BVK6	TMED9_HUMAN	TMED9	Transmembrane emp24 domain-containing protein 9	9.92556e+06	8.13893e+06	7.36896e+06	7.22583e+06
Q9BVK8	Q9BVK8	TM147_HUMAN	TMEM147	BOS complex subunit TMEM147	295940	111640		262791
Q9BVL2	Q9BVL2	NUP58_HUMAN	NUP58	Nucleoporin p58/p45	219204	71719.3	167212	400142
Q9BVL4	Q9BVL4	SELO_HUMAN	SELENOO	Protein adenylyltransferase SelO, mitochondrial	439041	615294	362121	313248
Q9BVM4	Q9BVM4	GGACT_HUMAN	GGACT	Gamma-glutamylaminecyclotransferase	894893	634457	746103	964532
Q9BVP2	Q9BVP2	GNL3_HUMAN	GNL3	Guanine nucleotide-binding protein-like 3		113499		73861.3
Q9BVT8	Q9BVT8	TMUB1_HUMAN	TMUB1	Transmembrane and ubiquitin-like domain-containing protein 1	309486	294104		
Q9BVV7	Q9BVV7	TIM21_HUMAN	TIMM21	Mitochondrial import inner membrane translocase subunit Tim21	365316		227366	439438
Q9BW04	Q9BW04	SARG_HUMAN	SARG	Specifically androgen-regulated gene protein	177238			
Q9BW30	Q9BW30	TPPP3_HUMAN	TPPP3	Tubulin polymerization-promoting protein family member 3	564823	1.03798e+06	429322	811189
Q9BW60	Q9BW60	ELOV1_HUMAN	ELOVL1	Elongation of very long chain fatty acids protein 1	509283	285938	789813	836446
Q9BW83	Q9BW83	IFT27_HUMAN	IFT27	Intraflagellar transport protein 27 homolog	701855	781660	283966	559874
Q9BW85	Q9BW85	YJU2_HUMAN	YJU2	Splicing factor YJU2	63225		77583.2	91538.1
Q9BW91	Q9BW91	NUDT9_HUMAN	NUDT9	ADP-ribose pyrophosphatase, mitochondrial	555659	662632	334161	590720
Q9BW92	Q9BW92	SYTM_HUMAN	TARS2	Threonine--tRNA ligase, mitochondrial	1.42229e+06	1.46494e+06	406096	1.14984e+06
Q9BWD1	Q9BWD1	THIC_HUMAN	ACAT2	Acetyl-CoA acetyltransferase, cytosolic	3.20295e+06	4.72184e+06	3.21606e+06	4.17584e+06
Q9BWF3	Q9BWF3	RBM4_HUMAN	RBM4	RNA-binding protein 4	1.30773e+06	1.23839e+06	855544	1.70441e+06
Q9BWG4	Q9BWG4	SSBP4_HUMAN	SSBP4	Single-stranded DNA-binding protein 4	497422			449780
Q9BWH2	Q9BWH2	FUND2_HUMAN	FUNDC2	FUN14 domain-containing protein 2	1.40529e+06	1.18479e+06	333191	1.10723e+06
Q9BWM7	Q9BWM7	SFXN3_HUMAN	SFXN3	Sideroflexin-3	1.66879e+06	1.71246e+06	1.30891e+06	1.16662e+06
Q9BWS9	Q9BWS9	CHID1_HUMAN	CHID1	Chitinase domain-containing protein 1	1.22942e+06	1.089e+06	892489	713120
Q9BWU0	Q9BWU0	NADAP_HUMAN	SLC4A1AP	Kanadaptin	287048		89293.9	257140
Q9BX59	Q9BX59	TPSNR_HUMAN	TAPBPL	Tapasin-related protein	649091	570795	577815	671109
Q9BX66	Q9BX66	SRBS1_HUMAN	SORBS1	Sorbin and SH3 domain-containing protein 1	572433	1.13657e+06		369194
Q9BX68	Q9BX68	HINT2_HUMAN	HINT2	Adenosine 5'-monophosphoramidase HINT2	1.78111e+06	1.17853e+06	436419	904820
Q9BX93	Q9BX93	PG12B_HUMAN	PLA2G12B	Group XIIB secretory phospholipase A2-like protein				158419
Q9BX95	Q9BX95	SGPP1_HUMAN	SGPP1	Sphingosine-1-phosphate phosphatase 1	347143	307306		253407
Q9BX97	Q9BX97	PLVAP_HUMAN	PLVAP	Plasmalemma vesicle-associated protein	747232	1.5111e+06	430162	1.02932e+06
Q9BXB4	Q9BXB4	OSB11_HUMAN	OSBPL11	Oxysterol-binding protein-related protein 11	422430		360533	501309
Q9BXB5	Q9BXB5	OSB10_HUMAN	OSBPL10	Oxysterol-binding protein-related protein 10	358383		301888	389738
Q9BXD5	Q9BXD5	NPL_HUMAN	NPL	N-acetylneuraminate lyase	228032	227753	28017.1	62486.2
Q9BXI6	Q9BXI6	TB10A_HUMAN	TBC1D10A	TBC1 domain family member 10A	118051			104616
Q9BXJ0	Q9BXJ0	C1QT5_HUMAN	C1QTNF5	Complement C1q tumor necrosis factor-related protein 5			444037	1.09504e+06
Q9BXJ8	Q9BXJ8	TACAN_HUMAN	TMEM120A	Ion channel TACAN	767288	549585	472630	981248
Q9BXJ9	Q6N069;Q9BXJ9	NAA15_HUMAN	NAA15	N-alpha-acetyltransferase 15, NatA auxiliary subunit	826469	750052	612607	1.5692e+06
Q9BXK5	Q9BXK5	B2L13_HUMAN	BCL2L13	Bcl-2-like protein 13	823632			116174
Q9BXN1	Q9BXN1	ASPN_HUMAN	ASPN	Asporin	596873	1.17722e+06		1.03586e+06
Q9BXP2	Q9BXP2	S12A9_HUMAN	SLC12A9	Solute carrier family 12 member 9	327141		262430	283777
Q9BXP5	Q9BXP5	SRRT_HUMAN	SRRT	Serrate RNA effector molecule homolog	1.05754e+06	1.1173e+06	767141	2.07637e+06
Q9BXR0	Q9BXR0	TGT_HUMAN	QTRT1	Queuine tRNA-ribosyltransferase catalytic subunit 1	688305	477473	402279	683261
Q9BXR6	Q9BXR6	FHR5_HUMAN	CFHR5	Complement factor H-related protein 5	736643	581946	2.12393e+06	569377
Q9BXS4	Q9BXS4	TMM59_HUMAN	TMEM59	Transmembrane protein 59	101922			148358
Q9BXS5	Q9BXS5	AP1M1_HUMAN	AP1M1	AP-1 complex subunit mu-1	4.86059e+06	3.48192e+06	9.43367e+06	8.4564e+06
Q9BXW6	Q9BXW6	OSBL1_HUMAN	OSBPL1A	Oxysterol-binding protein-related protein 1	206402	180921	376699	222337
Q9BXW7	Q9BXW7	HDHD5_HUMAN	HDHD5	Haloacid dehalogenase-like hydrolase domain-containing 5	1.27399e+06	1.13363e+06	166441	664989
Q9BY15	Q9BY15	AGRE3_HUMAN	ADGRE3	Adhesion G protein-coupled receptor E3			1.37963e+06	273716
Q9BY32	Q9BY32	ITPA_HUMAN	ITPA	Inosine triphosphate pyrophosphatase	2.61004e+06	4.06337e+06	1.17494e+06	2.71299e+06
Q9BY42	Q9BY42	RTF2_HUMAN	RTF2	Replication termination factor 2	144987	261798	140695	219324
Q9BY43	Q9BY43	CHM4A_HUMAN	CHMP4A	Charged multivesicular body protein 4a	1.66736e+06	1.87517e+06	615122	1.57633e+06
Q9BY44	Q9BY44	EIF2A_HUMAN	EIF2A	Eukaryotic translation initiation factor 2A	3.72135e+06	5.29919e+06	3.75196e+06	5.97211e+06
Q9BY50	Q9BY50	SC11C_HUMAN	SEC11C	Signal peptidase complex catalytic subunit SEC11C	2.37906e+07	1.58099e+07	565637	3.71826e+06
Q9BY77	Q9BY77	PDIP3_HUMAN	POLDIP3	Polymerase delta-interacting protein 3	448024	795056		
Q9BYB4	Q9BYB4	GNB1L_HUMAN	GNB1L	Guanine nucleotide-binding protein subunit beta-like protein 1	118286		49250.7	125307
Q9BYC5	Q9BYC5	FUT8_HUMAN	FUT8	Alpha-(1,6)-fucosyltransferase	278028	307766	162315	269887
Q9BYC8	Q9BYC8	RM32_HUMAN	MRPL32	Large ribosomal subunit protein bL32m	557921		268369	291201
Q9BYC9	Q9BYC9	RM20_HUMAN	MRPL20	Large ribosomal subunit protein bL20m	1.41516e+06	1.07909e+06	576811	984150
Q9BYD1	Q9BYD1	RM13_HUMAN	MRPL13	Large ribosomal subunit protein uL13m	6.04753e+06	3.60218e+06	2.23413e+06	3.86705e+06
Q9BYD2	Q9BYD2	RM09_HUMAN	MRPL9	Large ribosomal subunit protein bL9m	1.91844e+06	1.47095e+06	272942	1.00943e+06
Q9BYD3	Q9BYD3	RM04_HUMAN	MRPL4	Large ribosomal subunit protein uL4m	2.60483e+06	1.85053e+06	1.0075e+06	2.35372e+06
Q9BYD6	Q9BYD6	RM01_HUMAN	MRPL1	Large ribosomal subunit protein uL1m	1.20436e+06	1.02798e+06	593525	1.48328e+06
Q9BYG3	Q9BYG3	MK67I_HUMAN	NIFK	MKI67 FHA domain-interacting nucleolar phosphoprotein				279770
Q9BYG5	Q9BYG4;Q9BYG5;Q9NPB6	PAR6B_HUMAN	PARD6B	Partitioning defective 6 homolog beta		279010	122711	686052
Q9BYN8	Q9BYN8	RT26_HUMAN	MRPS26	Small ribosomal subunit protein mS26	926191	517259		
Q9BYT8	Q9BYT8	NEUL_HUMAN	NLN	Neurolysin, mitochondrial	598148	392005	518754	723009
Q9BYV8	Q9BYV8	CEP41_HUMAN	CEP41	Centrosomal protein of 41 kDa				38149.9
Q9BYX2	Q9BYX2	TBD2A_HUMAN	TBC1D2	TBC1 domain family member 2A	221579		197166	265906
Q9BYX4	Q9BYX4	IFIH1_HUMAN	IFIH1	Interferon-induced helicase C domain-containing protein 1	68468.9		137701	169161
Q9BYX7	Q9BYX7	ACTBM_HUMAN	POTEKP	Putative beta-actin-like protein 3		1.88738e+06		530190
Q9BYZ2	Q9BYZ2	LDH6B_HUMAN	LDHAL6B	L-lactate dehydrogenase A-like 6B	655024		1.41835e+06	1.70891e+06
Q9BYZ8	Q9BYZ8	REG4_HUMAN	REG4	Regenerating islet-derived protein 4	1.99569e+07	1.89083e+07	779577	271328
Q9BZ23	Q9BZ23	PANK2_HUMAN	PANK2	Pantothenate kinase 2, mitochondrial	394090	280120		274614
Q9BZ29	Q9BZ29	DOCK9_HUMAN	DOCK9	Dedicator of cytokinesis protein 9	124415		182316	250122
Q9BZ67	Q9BZ67	FRMD8_HUMAN	FRMD8	FERM domain-containing protein 8		178511		
Q9BZD2	Q9BZD2	S29A3_HUMAN	SLC29A3	Equilibrative nucleoside transporter 3	64344.2			67036.5
Q9BZE1	Q9BZE1	RM37_HUMAN	MRPL37	Large ribosomal subunit protein mL37	1.34707e+06	935767	405431	1.06811e+06
Q9BZE4	Q9BZE4	GTPB4_HUMAN	GTPBP4	GTP-binding protein 4	614291	505364	511334	808829
Q9BZE9	Q9BZE9	ASPC1_HUMAN	ASPSCR1	Tether containing UBX domain for GLUT4	706724	742990	536682	1.06642e+06
Q9BZF1	Q9BZF1;Q9H0X9	OSBL8_HUMAN	OSBPL8	Oxysterol-binding protein-related protein 8	332332		1.24561e+06	787772
Q9BZF9	Q9BZF9	UACA_HUMAN	UACA	Uveal autoantigen with coiled-coil domains and ankyrin repeats	90952.3		54851.4	67052.6
Q9BZG1	Q9BZG1	RAB34_HUMAN	RAB34	Ras-related protein Rab-34	298290	216987		83807.7
Q9BZG8	Q9BZG8	DPH1_HUMAN	DPH1	2-(3-amino-3-carboxypropyl)histidine synthase subunit 1	341781		65348.4	278390
Q9BZH6	Q9BZH6	WDR11_HUMAN	WDR11	WD repeat-containing protein 11	534926	669798	602927	858606
Q9BZI7	Q9BZI7	REN3B_HUMAN	UPF3B	Regulator of nonsense transcripts 3B	120846		59465.4	205336
Q9BZJ0	Q9BZJ0	CRNL1_HUMAN	CRNKL1	Crooked neck-like protein 1	196261		230991	223535
Q9BZK7	O60907;Q9BZK7	TBL1R_HUMAN	TBL1XR1	F-box-like/WD repeat-containing protein TBL1XR1	630957	587562	837233	977513
Q9BZL1	Q9BZL1	UBL5_HUMAN	UBL5	Ubiquitin-like protein 5	1.74484e+06	2.17021e+06	1.07277e+06	1.7173e+06
Q9BZL4	Q9BZL4	PP12C_HUMAN	PPP1R12C	Protein phosphatase 1 regulatory subunit 12C	113049	273665		163849
Q9BZL6	Q9BZL6	KPCD2_HUMAN	PRKD2	Serine/threonine-protein kinase D2	360505	653548	292084	360486
Q9BZQ6	Q9BZQ6	EDEM3_HUMAN	EDEM3	ER degradation-enhancing alpha-mannosidase-like protein 3	1.25562e+06	959110	145552	643965
Q9BZQ8	Q9BZQ8	NIBA1_HUMAN	NIBAN1	Protein Niban 1	739043	583322	265352	409633
Q9BZV1	Q9BZV1	UBXN6_HUMAN	UBXN6	UBX domain-containing protein 6	313222	208373	155195	319107
Q9BZX2	Q9BZX2;Q9HA47	UCK2_HUMAN	UCK2	Uridine-cytidine kinase 2	345025	361711		236142
Q9BZZ5	Q9BZZ5	API5_HUMAN	API5	Apoptosis inhibitor 5	2.51563e+06	2.07876e+06	2.46035e+06	3.3883e+06
Q9C002	Q9C002	NMES1_HUMAN	NMES1	Normal mucosa of esophagus-specific gene 1 protein	1.14217e+07	8.22298e+06	886634	
Q9C040	Q9C040	TRIM2_HUMAN	TRIM2	Tripartite motif-containing protein 2	198450	784379		244648
Q9C075	Q9C075	K1C23_HUMAN	KRT23	Keratin, type I cytoskeletal 23	176309	972767	1.32032e+06	217838
Q9C0B1	Q9C0B1	FTO_HUMAN	FTO	Alpha-ketoglutarate-dependent dioxygenase FTO	729872	867914	896645	1.11833e+06
Q9C0B5	Q9C0B5	ZDHC5_HUMAN	ZDHHC5	Palmitoyltransferase ZDHHC5	275909	672750		308451
Q9C0C2	Q9C0C2	TB182_HUMAN	TNKS1BP1	182 kDa tankyrase-1-binding protein	1.2575e+06	1.90339e+06	421493	641297
Q9C0C9	Q9C0C9	UBE2O_HUMAN	UBE2O	(E3-independent) E2 ubiquitin-conjugating enzyme	640260	461543	410597	340196
Q9C0D5	Q9C0D5	TANC1_HUMAN	TANC1	Protein TANC1		218563		409647
Q9C0D9	Q9C0D9	EPT1_HUMAN	SELENOI	Ethanolaminephosphotransferase 1	799940		388575	1.53771e+06
Q9C0E2	Q9C0E2	XPO4_HUMAN	XPO4	Exportin-4	155003			150374
Q9C0E8	Q9C0E8	LNP_HUMAN	LNPK	Endoplasmic reticulum junction formation protein lunapark	1.50156e+06	1.67827e+06	1.25316e+06	930049
Q9C0H2	Q9C0H2	TTYH3_HUMAN	TTYH3	Protein tweety homolog 3	372583	528840		452538
Q9C0J8	Q9C0J8	WDR33_HUMAN	WDR33	pre-mRNA 3' end processing protein WDR33			267466	196006
Q9GZL7	Q9GZL7	WDR12_HUMAN	WDR12	Ribosome biogenesis protein WDR12	173434		269058	702451
Q9GZM5	Q9GZM5	YIPF3_HUMAN	YIPF3	Protein YIPF3	902517	513483	880387	626158
Q9GZM7	Q9GZM7	TINAL_HUMAN	TINAGL1	Tubulointerstitial nephritis antigen-like				55099
Q9GZN8	Q9GZN8	ADSSP_HUMAN	ADISSP	Adipose-secreted signaling protein	255665	294283	1.77963e+06	908764
Q9GZP4	Q9GZP4	PITH1_HUMAN	PITHD1	PITH domain-containing protein 1	1.90121e+06	1.18505e+06	2.66353e+06	1.54612e+06
Q9GZP8	Q9GZP8	IMUP_HUMAN	IMUP	Immortalization up-regulated protein		398141		62242.3
Q9GZQ3	Q9GZQ3	COMD5_HUMAN	COMMD5	COMM domain-containing protein 5	649248	418703	339923	739737
Q9GZS3	Q9GZS3	SKI8_HUMAN	SKIC8	Superkiller complex protein 8	1.66631e+06	1.51117e+06	1.9278e+06	2.14486e+06
Q9GZS9	Q9GZS9	CHST5_HUMAN	CHST5	Carbohydrate sulfotransferase 5	1.0813e+06	796697		
Q9GZT3	Q9GZT3	SLIRP_HUMAN	SLIRP	SRA stem-loop-interacting RNA-binding protein, mitochondrial	4.02874e+06	4.75771e+06	744810	3.6468e+06
Q9GZT8	Q9GZT8	NIF3L_HUMAN	NIF3L1	NIF3-like protein 1	1.86769e+06	1.39669e+06	1.16176e+06	1.37299e+06
Q9GZT9	Q9GZT9	EGLN1_HUMAN	EGLN1	Egl nine homolog 1	77229.7		194841	209286
Q9GZU7	Q9GZU7	CTDS1_HUMAN	CTDSP1	Carboxy-terminal domain RNA polymerase II polypeptide A small phosphatase 1	274891	382083	354585	417911
Q9GZY8	Q9GZY8	MFF_HUMAN	MFF	Mitochondrial fission factor	324325	211160	69532.1	108719
Q9GZZ1	Q9GZZ1	NAA50_HUMAN	NAA50	N-alpha-acetyltransferase 50	609961	567995	466416	894368
Q9GZZ8	Q9GZZ8	LACRT_HUMAN	LACRT	Extracellular glycoprotein lacritin		275076	160843	98722.9
Q9GZZ9	Q9GZZ9	UBA5_HUMAN	UBA5	Ubiquitin-like modifier-activating enzyme 5	1.47792e+06	1.12796e+06		626271
Q9H008	Q9H008	LHPP_HUMAN	LHPP	Phospholysine phosphohistidine inorganic pyrophosphate phosphatase	1.75864e+06	2.09211e+06	1.91019e+06	2.06525e+06
Q9H019	Q9H019	MFR1L_HUMAN	MTFR1L	Mitochondrial fission regulator 1-like	107122	245947		128488
Q9H061	Q9H061	T126A_HUMAN	TMEM126A	Transmembrane protein 126A	964097	859160	341679	969960
Q9H063	Q9H063	MAF1_HUMAN	MAF1	Repressor of RNA polymerase III transcription MAF1 homolog	90785.6			88131.4
Q9H074	Q9H074	PAIP1_HUMAN	PAIP1	Polyadenylate-binding protein-interacting protein 1	1.52711e+06	840472	953017	2.24438e+06
Q9H078	Q9H078	CLPB_HUMAN	CLPB	Mitochondrial disaggregase	356337	314469	268124	527829
Q9H082	Q9H082	RB33B_HUMAN	RAB33B	Ras-related protein Rab-33B	5.23671e+07	3.63032e+07	5.19727e+07	6.01911e+07
Q9H089	Q9H089	LSG1_HUMAN	LSG1	Large subunit GTPase 1 homolog	341504	471818	169870	488098
Q9H098	Q9H098	F107B_HUMAN	FAM107B	Protein FAM107B	143280	246161	362145	252687
Q9H0A0	Q9H0A0	NAT10_HUMAN	NAT10	RNA cytidine acetyltransferase	171584	106417		437549
Q9H0A8	Q9H0A8	COMD4_HUMAN	COMMD4	COMM domain-containing protein 4	112118		131721	75873.8
Q9H0B6	Q9H0B6	KLC2_HUMAN	KLC2	Kinesin light chain 2	185859	388960		153126
Q9H0B8	Q9H0B8	CRLD2_HUMAN	CRISPLD2	Cysteine-rich secretory protein LCCL domain-containing 2			804932	375475
Q9H0C8	Q9H0C8	ILKAP_HUMAN	ILKAP	Integrin-linked kinase-associated serine/threonine phosphatase 2C	909731	1.26357e+06		965525
Q9H0D6	Q9H0D6	XRN2_HUMAN	XRN2	5'-3' exoribonuclease 2	884521	1.10811e+06	1.46392e+06	1.47274e+06
Q9H0E2	Q9H0E2	TOLIP_HUMAN	TOLLIP	Toll-interacting protein	1.43709e+06	1.4244e+06	2.74218e+06	1.81276e+06
Q9H0E9	Q9H0E9	BRD8_HUMAN	BRD8	Bromodomain-containing protein 8			152417	168853
Q9H0J9	Q9H0J9	PAR12_HUMAN	PARP12	Protein mono-ADP-ribosyltransferase PARP12	223243	245469	437354	448140
Q9H0N5	Q9H0N5	PHS2_HUMAN	PCBD2	Pterin-4-alpha-carbinolamine dehydratase 2	502280	515302		413241
Q9H0P0	Q9H0P0	5NT3A_HUMAN	NT5C3A	Cytosolic 5'-nucleotidase 3A	1.05903e+06	1.63449e+06	635095	981124
Q9H0Q0	Q9H0Q0	CYRIA_HUMAN	CYRIA	CYFIP-related Rac1 interactor A	421687			499995
Q9H0R3	Q9H0R3	TM222_HUMAN	TMEM222	Transmembrane protein 222	159367			217330
Q9H0R4	Q9H0R4	HDHD2_HUMAN	HDHD2	Haloacid dehalogenase-like hydrolase domain-containing protein 2	1.23262e+06	887010	1.97572e+06	1.43727e+06
Q9H0R5	Q9H0R5	GBP3_HUMAN	GBP3	Guanylate-binding protein 3		139889		
Q9H0R6	Q9H0R6	GATA_HUMAN	QRSL1	Glutamyl-tRNA(Gln) amidotransferase subunit A, mitochondrial	1.3943e+06	1.37587e+06		1.32054e+06
Q9H0U3	Q9H0U3	MAGT1_HUMAN	MAGT1	Magnesium transporter protein 1	2.54545e+06	2.31863e+06	2.31959e+06	2.76204e+06
Q9H0U4	Q9H0U4;Q92928	RAB1B_HUMAN	RAB1B	Ras-related protein Rab-1B	3.58879e+06	3.64271e+06	2.02242e+06	2.80915e+06
Q9H0U6	Q9H0U6	RM18_HUMAN	MRPL18	Large ribosomal subunit protein uL18m	959755	870035	268085	794293
Q9H0V1	Q9H0V1	TM168_HUMAN	TMEM168	Transmembrane protein 168	469315			222118
Q9H0V9	Q9H0V9	LMA2L_HUMAN	LMAN2L	VIP36-like protein	637420		691553	792913
Q9H0W9	Q9H0W9	CK054_HUMAN	C11orf54	Ester hydrolase C11orf54	2.16767e+06	2.73347e+06	1.70301e+06	2.38506e+06
Q9H0X4	Q9H0X4	F234A_HUMAN	FAM234A	Protein FAM234A	147034	88247		103913
Q9H0X9	Q9H0X9	OSBL5_HUMAN	OSBPL5	Oxysterol-binding protein-related protein 5			321062	372644
Q9H173	Q9H173	SIL1_HUMAN	SIL1	Nucleotide exchange factor SIL1	524073	327693		434408
Q9H190	Q9H190	SDCB2_HUMAN	SDCBP2	Syntenin-2	157933	249362	393718	
Q9H1A3	Q9H1A3	METL9_HUMAN	METTL9	Protein-L-histidine N-pros-methyltransferase	314858		318228	349357
Q9H1A4	Q9H1A4	APC1_HUMAN	ANAPC1	Anaphase-promoting complex subunit 1	375450		183361	492843
Q9H1B5	Q9H1B5	XYLT2_HUMAN	XYLT2	Xylosyltransferase 2	94969.2		31731.7	57504.3
Q9H1C4	Q9H1C4	UN93B_HUMAN	UNC93B1	Protein unc-93 homolog B1	231651	225612	253534	230790
Q9H1C7	Q9H1C7	CYTM1_HUMAN	CYSTM1	Cysteine-rich and transmembrane domain-containing protein 1	864207			772446
Q9H1D9	Q9H1D9	RPC6_HUMAN	POLR3F	DNA-directed RNA polymerase III subunit RPC6	123635			165424
Q9H1E1	Q9H1E1	RNAS7_HUMAN	RNASE7	Ribonuclease 7			470116	
Q9H1E3	Q9H1E3	NUCKS_HUMAN	NUCKS1	Nuclear ubiquitous casein and cyclin-dependent kinase substrate 1	1.87297e+06	2.55614e+06	116551	339225
Q9H1E5	Q9H1E5	TMX4_HUMAN	TMX4	Thioredoxin-related transmembrane protein 4	1.1668e+06	1.06399e+06	1.88464e+06	1.82153e+06
Q9H1I8	Q9H1I8	ASCC2_HUMAN	ASCC2	Activating signal cointegrator 1 complex subunit 2	236919		169173	251030
Q9H1K1	Q9H1K1	ISCU_HUMAN	ISCU	Iron-sulfur cluster assembly enzyme ISCU	223683			308067
Q9H1N7	Q9H1N7	S35B3_HUMAN	SLC35B3	Adenosine 3'-phospho 5'-phosphosulfate transporter 2	338604			187971
Q9H1P3	Q9H1P3	OSBL2_HUMAN	OSBPL2	Oxysterol-binding protein-related protein 2	615010	335012	520791	524650
Q9H1Y0	Q9H1Y0	ATG5_HUMAN	ATG5	Autophagy protein 5	622903	354574	470072	369767
Q9H1Z4	Q9H1Z4	WDR13_HUMAN	WDR13	WD repeat-containing protein 13	786216	896349	629679	922701
Q9H201	Q9H201	EPN3_HUMAN	EPN3	Epsin-3	27284.4		75785.8	
Q9H223	Q9H223;Q9NZN3	EHD4_HUMAN	EHD4	EH domain-containing protein 4	2.82782e+06	3.39545e+06	937639	2.12338e+06
Q9H267	Q9H267	VP33B_HUMAN	VPS33B	Vacuolar protein sorting-associated protein 33B	825950		796024	1.22492e+06
Q9H269	Q9H269	VPS16_HUMAN	VPS16	Vacuolar protein sorting-associated protein 16 homolog	2.74112e+06	2.43482e+06	2.31958e+06	3.2049e+06
Q9H270	Q9H270	VPS11_HUMAN	VPS11	Vacuolar protein sorting-associated protein 11 homolog	492676	653909	968999	724363
Q9H299	Q9H299	SH3L3_HUMAN	SH3BGRL3	SH3 domain-binding glutamic acid-rich-like protein 3	1.34002e+07	1.09309e+07	1.70181e+07	1.2673e+07
Q9H2C0	Q9H2C0	GAN_HUMAN	GAN	Gigaxonin	112247		176047	78829.9
Q9H2D1	Q9H2D1	MFTC_HUMAN	SLC25A32	Mitochondrial folate transporter/carrier	100954	98592.2		180501
Q9H2D6	Q9H2D6	TARA_HUMAN	TRIOBP	TRIO and F-actin-binding protein	354123	508946	536768	566290
Q9H2G2	Q9H2G2	SLK_HUMAN	SLK	STE20-like serine/threonine-protein kinase	834771	1.41483e+06	645900	1.13113e+06
Q9H2H8	Q9H2H8	PPIL3_HUMAN	PPIL3	Peptidyl-prolyl cis-trans isomerase-like 3	2.526e+06	2.15607e+06	2.81516e+06	3.16651e+06
Q9H2H9	Q9H2H9	S38A1_HUMAN	SLC38A1	Sodium-coupled neutral amino acid symporter 1	523362	305114	321947	681964
Q9H2J4	Q9H2J4	PDCL3_HUMAN	PDCL3	Phosducin-like protein 3	441072	749667	362683	576911
Q9H2K8	Q9H2K8	TAOK3_HUMAN	TAOK3	Serine/threonine-protein kinase TAO3	242604	435220		472811
Q9H2M9	Q9H2M9	RBGPR_HUMAN	RAB3GAP2	Rab3 GTPase-activating protein non-catalytic subunit	1.01539e+06	1.13108e+06	979380	1.42095e+06
Q9H2P0	Q9H2P0	ADNP_HUMAN	ADNP	Activity-dependent neuroprotector homeobox protein				206747
Q9H2U1	Q9H2U1	DHX36_HUMAN	DHX36	ATP-dependent DNA/RNA helicase DHX36	191852	205255	182009	436447
Q9H2U2	Q9H2U2	IPYR2_HUMAN	PPA2	Inorganic pyrophosphatase 2, mitochondrial	6.95897e+06	5.96869e+06	2.59318e+06	4.59636e+06
Q9H2V7	Q9H2V7	SPNS1_HUMAN	SPNS1	Protein spinster homolog 1	253926	339197	243770	357837
Q9H2W6	Q9H2W6	RM46_HUMAN	MRPL46	Large ribosomal subunit protein mL46	833911	642028	582609	788654
Q9H329	Q9H329;Q9HCM4	E41LB_HUMAN	EPB41L4B	Band 4.1-like protein 4B	59962.7			16418.4
Q9H330	Q9H330	TM245_HUMAN	TMEM245	Transmembrane protein 245	299938	170351	307828	521354
Q9H3G5	Q9H3G5	CPVL_HUMAN	CPVL	Probable serine carboxypeptidase CPVL	5.08752e+06	4.56054e+06	3.48684e+06	2.16732e+06
Q9H3H3	Q9H3H3	CK068_HUMAN	C11orf68	UPF0696 protein C11orf68	792689	764983	1.04417e+06	1.15834e+06
Q9H3H5	Q9H3H5	GPT_HUMAN	DPAGT1	UDP-N-acetylglucosamine--dolichyl-phosphate N-acetylglucosaminephosphotransferase	1.20643e+06	860793	1.00433e+06	1.31323e+06
Q9H3K2	Q9H3K2	GHITM_HUMAN	GHITM	Growth hormone-inducible transmembrane protein	2.55696e+06	1.84476e+06	1.82968e+06	3.65263e+06
Q9H3K6	Q9H3K6	BOLA2_HUMAN	BOLA2	BolA-like protein 2	2.73897e+06	2.14239e+06	643701	1.66875e+06
Q9H3M7	Q9H3M7	TXNIP_HUMAN	TXNIP	Thioredoxin-interacting protein	335328		596472	325119
Q9H3N1	Q9H3N1	TMX1_HUMAN	TMX1	Thioredoxin-related transmembrane protein 1	2.89398e+06	3.09344e+06	4.58004e+06	3.94909e+06
Q9H3P2	Q9H3P2	NELFA_HUMAN	NELFA	Negative elongation factor A	233384	182370	191211	428813
Q9H3P7	Q9H3P7	GCP60_HUMAN	ACBD3	Golgi resident protein GCP60	2.06918e+06	1.94309e+06	960135	1.96627e+06
Q9H3Q1	Q9H3Q1	BORG4_HUMAN	CDC42EP4	Cdc42 effector protein 4	285710	304801		
Q9H3Q3	Q9H3Q3	G3ST2_HUMAN	GAL3ST2	Galactose-3-O-sulfotransferase 2	1.06222e+06	1.05252e+06		
Q9H3R2	Q9H3R2	MUC13_HUMAN	MUC13	Mucin-13	2.23107e+06	1.146e+06	1.95092e+06	5.20277e+06
Q9H3S1	Q9H3S1	SEM4A_HUMAN	SEMA4A	Semaphorin-4A	537649		647419	400372
Q9H3S4	Q9H3S4	TPK1_HUMAN	TPK1	Thiamin pyrophosphokinase 1	845222	411028	1.04771e+06	1.63537e+06
Q9H3S7	Q9H3S7	PTN23_HUMAN	PTPN23	Tyrosine-protein phosphatase non-receptor type 23	1.20317e+06	1.13274e+06	1.07051e+06	1.49587e+06
Q9H3U1	Q9H3U1	UN45A_HUMAN	UNC45A	Protein unc-45 homolog A	1.07642e+06	1.13963e+06	444813	703189
Q9H3U5	Q9H3U5	MFSD1_HUMAN	MFSD1	Major facilitator superfamily domain-containing protein 1	656739	359519		550330
Q9H3Z4	Q9H3Z4	DNJC5_HUMAN	DNAJC5	DnaJ homolog subfamily C member 5	3.217e+06	2.45655e+06	1.28388e+07	4.81195e+06
Q9H400	Q9H400	LIME1_HUMAN	LIME1	Lck-interacting transmembrane adapter 1	788341	488222		
Q9H444	Q9H444	CHM4B_HUMAN	CHMP4B	Charged multivesicular body protein 4b	3.44201e+06	4.18602e+06	786226	1.4759e+06
Q9H446	Q9H446	RWDD1_HUMAN	RWDD1	RWD domain-containing protein 1	202967		117101	218624
Q9H477	Q9H477	RBSK_HUMAN	RBKS	Ribokinase	220730	106840	274353	257642
Q9H479	Q9H479	FN3K_HUMAN	FN3K	Fructosamine-3-kinase	1.11411e+06	1.08032e+06	612761	962869
Q9H488	Q9H488	OFUT1_HUMAN	POFUT1	GDP-fucose protein O-fucosyltransferase 1	1.20144e+06	772207	1.47851e+06	3.22904e+06
Q9H490	Q9H490	PIGU_HUMAN	PIGU	Phosphatidylinositol glycan anchor biosynthesis class U protein	729511	391388	186355	1.01298e+06
Q9H4A3	Q9H4A3	WNK1_HUMAN	WNK1	Serine/threonine-protein kinase WNK1	1.01535e+06	804288	1.00984e+06	621314
Q9H4A4	Q9H4A4	AMPB_HUMAN	RNPEP	Aminopeptidase B	5.69145e+06	3.37882e+06	6.15264e+06	5.16095e+06
Q9H4A5	Q9H4A5	GLP3L_HUMAN	GOLPH3L	Golgi phosphoprotein 3-like	2.06281e+06	1.98162e+06		615151
Q9H4A6	Q9H4A6	GOLP3_HUMAN	GOLPH3	Golgi phosphoprotein 3	1.20081e+06	1.18524e+06		836825
Q9H4B7	Q9H4B7	TBB1_HUMAN	TUBB1	Tubulin beta-1 chain	779626	930524	624541	463646
Q9H4E7	Q9H4E7	DEFI6_HUMAN	DEF6	Differentially expressed in FDCP 6 homolog	1.39122e+06	964651	2.67081e+06	2.44659e+06
Q9H4G0	Q9H4G0	E41L1_HUMAN	EPB41L1	Band 4.1-like protein 1	272419			277737
Q9H4G4	Q9H4G4	GAPR1_HUMAN	GLIPR2	Golgi-associated plant pathogenesis-related protein 1	1.84851e+06	3.99423e+06	8.91039e+06	3.47252e+06
Q9H4H8	Q9H4H8	FA83D_HUMAN	FAM83D	Protein FAM83D				460122
Q9H4I3	Q9H4I3	TRABD_HUMAN	TRABD	TraB domain-containing protein	516684	694103	150999	255430
Q9H4I9	Q9H4I9	EMRE_HUMAN	SMDT1	Essential MCU regulator, mitochondrial	992981	738632	273583	470705
Q9H4L5	Q9H4L5	OSBL3_HUMAN	OSBPL3	Oxysterol-binding protein-related protein 3	114343	47101.8	77010.4	157877
Q9H4M9	Q9H4M9;Q9NZN3	EHD1_HUMAN	EHD1	EH domain-containing protein 1	3.00718e+06	3.21497e+06	2.95202e+06	4.14876e+06
Q9H4Z3	Q9H4Z3	CAPAM_HUMAN	PCIF1	mRNA (2'-O-methyladenosine-N(6)-)-methyltransferase	212544	52016.6		167023
Q9H553	Q9H553	ALG2_HUMAN	ALG2	Alpha-1,3/1,6-mannosyltransferase ALG2	1.0294e+06	333572	188911	767507
Q9H583	Q9H583	HEAT1_HUMAN	HEATR1	HEAT repeat-containing protein 1			111019	277504
Q9H5N1	Q9H5N1	RABE2_HUMAN	RABEP2	Rab GTPase-binding effector protein 2	719196	486584		
Q9H5Q4	Q9H5Q4	TFB2M_HUMAN	TFB2M	Dimethyladenosine transferase 2, mitochondrial	56673.6			83377.7
Q9H5V8	Q9H5V8	CDCP1_HUMAN	CDCP1	CUB domain-containing protein 1	756480	553002	455635	598036
Q9H5X1	Q9H5X1	CIA2A_HUMAN	CIAO2A	Cytosolic iron-sulfur assembly component 2A	3.25657e+06	4.10485e+06	1.69197e+06	2.59565e+06
Q9H6F2	Q9H6F2	TM38A_HUMAN	TMEM38A	Trimeric intracellular cation channel type A			143822	108909
Q9H6K4	Q9H6K4	OPA3_HUMAN	OPA3	Optic atrophy 3 protein	682141	474523		804166
Q9H6L2	Q9H6L2	TM231_HUMAN	TMEM231	Transmembrane protein 231			172165	175052
Q9H6Q4	Q9H6Q4	CIAO3_HUMAN	CIAO3	Cytosolic iron-sulfur assembly component 3	353045		258055	287694
Q9H6R3	Q9H6R3	ACSS3_HUMAN	ACSS3	Acyl-CoA synthetase short-chain family member 3, mitochondrial			233573	196756
Q9H6R6	Q9H6R6	ZDHC6_HUMAN	ZDHHC6	Palmitoyltransferase ZDHHC6				90521.6
Q9H6S0	Q9H6S0	YTDC2_HUMAN	YTHDC2	3'-5' RNA helicase YTHDC2	126442			291317
Q9H6S3	Q9H6S3	ES8L2_HUMAN	EPS8L2	Epidermal growth factor receptor kinase substrate 8-like protein 2	850503	1.74799e+06	398483	1.59229e+06
Q9H6T0	Q9H6T0	ESRP2_HUMAN	ESRP2	Epithelial splicing regulatory protein 2	460090	474401	318086	157483
Q9H6T3	Q9H6T3	RPAP3_HUMAN	RPAP3	RNA polymerase II-associated protein 3	260039	611956		354704
Q9H6U8	Q9H6U8	ALG9_HUMAN	ALG9	Alpha-1,2-mannosyltransferase ALG9	781739	815752	485644	765903
Q9H6V9	Q9H6V9	LDAH_HUMAN	LDAH	Lipid droplet-associated hydrolase	795472	587659	256972	818909
Q9H6X2	Q9H6X2	ANTR1_HUMAN	ANTXR1	Anthrax toxin receptor 1	137780	160989	235940	857796
Q9H6Y2	Q9H6Y2	WDR55_HUMAN	WDR55	WD repeat-containing protein 55	289320			
Q9H6Z4	Q9H6Z4	RANB3_HUMAN	RANBP3	Ran-binding protein 3	738398	701575	636208	818598
Q9H720	Q9H720	PG2IP_HUMAN	CWH43	PGAP2-interacting protein	304810		93140.1	
Q9H773	Q9H773	DCTP1_HUMAN	DCTPP1	dCTP pyrophosphatase 1	1.19079e+06	667663		605462
Q9H7B2	Q9H7B2	RPF2_HUMAN	RPF2	Ribosome production factor 2 homolog	31456.5		23485.1	68166.3
Q9H7C9	Q9H7C9	AAMDC_HUMAN	AAMDC	Mth938 domain-containing protein	546832	625805	71877.3	602984
Q9H7D0	Q9H7D0	DOCK5_HUMAN	DOCK5	Dedicator of cytokinesis protein 5	144921	74153	154719	120461
Q9H7D7	Q9H7D7	WDR26_HUMAN	WDR26	WD repeat-containing protein 26	642434	616550	964667	796488
Q9H7E2	Q9H7E2	TDRD3_HUMAN	TDRD3	Tudor domain-containing protein 3	627654		577661	812119
Q9H7E9	Q9H7E9	CH033_HUMAN	C8orf33	UPF0488 protein C8orf33	119618	108870		
Q9H7F0	Q9H7F0	AT133_HUMAN	ATP13A3	Polyamine-transporting ATPase 13A3	311559			255371
Q9H7M9	Q9H7M9	VISTA_HUMAN	VSIR	V-type immunoglobulin domain-containing suppressor of T-cell activation	234539	89556	1.22738e+06	339188
Q9H7Z7	Q9H7Z7	PGES2_HUMAN	PTGES2	Prostaglandin E synthase 2	1.7348e+06	1.70202e+06	636267	1.21751e+06
Q9H814	Q9H814	PHAX_HUMAN	PHAX	Phosphorylated adapter RNA export protein	46155.1		21540	92384.5
Q9H832	Q9H832	UBE2Z_HUMAN	UBE2Z	Ubiquitin-conjugating enzyme E2 Z	1.01326e+06	872982	1.23109e+06	1.43386e+06
Q9H845	Q9H845	ACAD9_HUMAN	ACAD9	Complex I assembly factor ACAD9, mitochondrial	1.34842e+06	1.40042e+06	453581	1.28243e+06
Q9H857	Q9H857	NT5D2_HUMAN	NT5DC2	5'-nucleotidase domain-containing protein 2	399456	356733	292993	813528
Q9H8H3	Q9H8H3	TMT1A_HUMAN	TMT1A	N6-adenosine-methyltransferase TMT1A	1.24966e+07	5.04202e+06	3.52894e+06	3.61751e+06
Q9H8L6	Q9H8L6	MMRN2_HUMAN	MMRN2	Multimerin-2				165326
Q9H8M7	Q9H8M7	MINY3_HUMAN	MINDY3	Ubiquitin carboxyl-terminal hydrolase MINDY-3	869829	1.15122e+06	532838	621134
Q9H8P0	Q9H8P0	PORED_HUMAN	SRD5A3	Polyprenol reductase	439812			116663
Q9H8W4	Q9H8W4	PKHF2_HUMAN	PLEKHF2	Pleckstrin homology domain-containing family F member 2	481183	301739	305209	608282
Q9H8Y5	Q9H8Y5	ANKZ1_HUMAN	ANKZF1	tRNA endonuclease ANKZF1	180864			149937
Q9H8Y8	Q9H8Y8	GORS2_HUMAN	GORASP2	Golgi reassembly-stacking protein 2	2.83933e+06	2.02248e+06	2.03374e+06	2.83645e+06
Q9H900	Q9H900	ZWILC_HUMAN	ZWILCH	Protein zwilch homolog				88062.7
Q9H910	Q9H910	JUPI2_HUMAN	JPT2	Jupiter microtubule associated homolog 2	1.08293e+06	1.4876e+06		1.07244e+06
Q9H936	Q9H936	GHC1_HUMAN	SLC25A22	Mitochondrial glutamate carrier 1	1.16129e+06	1.11351e+06		972662
Q9H939	Q9H939	PPIP2_HUMAN	PSTPIP2	Proline-serine-threonine phosphatase-interacting protein 2	100623	202409	810700	320309
Q9H944	Q9H944	MED20_HUMAN	MED20	Mediator of RNA polymerase II transcription subunit 20	134377		180611	169701
Q9H993	Q9H993	ARMT1_HUMAN	ARMT1	Damage-control phosphatase ARMT1	1.01474e+06	308244	1.18215e+06	1.21251e+06
Q9H9A5	Q9H9A5	CNO10_HUMAN	CNOT10	CCR4-NOT transcription complex subunit 10	227542		159449	339537
Q9H9A6	Q9H9A6	LRC40_HUMAN	LRRC40	Leucine-rich repeat-containing protein 40	543213	212332	348208	775742
Q9H9B4	Q9H9B4	SFXN1_HUMAN	SFXN1	Sideroflexin-1	4.12214e+06	4.12775e+06	327534	1.80146e+06
Q9H9C1	Q9H9C1	SPE39_HUMAN	VIPAS39	Spermatogenesis-defective protein 39 homolog	182635	62709.9	205844	298407
Q9H9E3	Q9H9E3	COG4_HUMAN	COG4	Conserved oligomeric Golgi complex subunit 4	1.0676e+06	960091	1.14229e+06	446627
Q9H9G7	Q9H9G7	AGO3_HUMAN	AGO3	Protein argonaute-3	35324.3		217325	230797
Q9H9H4	Q9H9H4	VP37B_HUMAN	VPS37B	Vacuolar protein sorting-associated protein 37B	287254	194772	102310	267312
Q9H9J2	Q9H9J2	RM44_HUMAN	MRPL44	Large ribosomal subunit protein mL44	1.16923e+06	774832	281915	1.18962e+06
Q9H9P8	Q9H9P8	L2HDH_HUMAN	L2HGDH	L-2-hydroxyglutarate dehydrogenase, mitochondrial	673383	486143	66467.3	434109
Q9H9Q2	Q9H9Q2	CSN7B_HUMAN	COPS7B	COP9 signalosome complex subunit 7b	491629	274089	189353	426222
Q9H9S4	Q9H9S4	CB39L_HUMAN	CAB39L	Calcium-binding protein 39-like	106911		23062.4	317718
Q9H9T3	Q9H9T3	ELP3_HUMAN	ELP3	Elongator complex protein 3	1.87695e+06	1.74571e+06	1.34888e+06	1.99815e+06
Q9H9Y6	Q9H9Y6	RPA2_HUMAN	POLR1B	DNA-directed RNA polymerase I subunit RPA2				994971
Q9HA64	Q9HA64	KT3K_HUMAN	FN3KRP	Ketosamine-3-kinase	1.02744e+06	1.0916e+06	769130	1.03279e+06
Q9HA65	Q9HA65	TBC17_HUMAN	TBC1D17	TBC1 domain family member 17	705279	469523	94839.5	453179
Q9HA77	Q9HA77	SYCM_HUMAN	CARS2	Probable cysteine--tRNA ligase, mitochondrial	558750	471941	461447	791953
Q9HAB3	Q9HAB3	S52A2_HUMAN	SLC52A2	Solute carrier family 52, riboflavin transporter, member 2		263806		572800
Q9HAB8	Q9HAB8	PPCS_HUMAN	PPCS	Phosphopantothenate--cysteine ligase	1.94637e+06	1.69951e+06	1.36524e+06	1.81237e+06
Q9HAN9	Q9HAN9	NMNA1_HUMAN	NMNAT1	Nicotinamide/nicotinic acid mononucleotide adenylyltransferase 1	234086		389298	320127
Q9HAS0	Q9HAS0	NJMU_HUMAN	C17orf75	Protein Njmu-R1	301492			241183
Q9HAT2	Q9HAT2	SIAE_HUMAN	SIAE	Sialate O-acetylesterase	4.49221e+06	2.51856e+06	1.24956e+06	1.21131e+06
Q9HAU0	Q9HAU0	PKHA5_HUMAN	PLEKHA5	Pleckstrin homology domain-containing family A member 5	270927	323284	298348	434549
Q9HAU5	Q9HAU5	RENT2_HUMAN	UPF2	Regulator of nonsense transcripts 2	40243.5			187603
Q9HAV0	Q9HAV0	GBB4_HUMAN	GNB4	Guanine nucleotide-binding protein subunit beta-4	733538	826997	2.27515e+06	1.55412e+06
Q9HAV4	Q9HAV4	XPO5_HUMAN	XPO5	Exportin-5	401128	309232		988120
Q9HAV7	Q9HAV7	GRPE1_HUMAN	GRPEL1	GrpE protein homolog 1, mitochondrial	639803	168357	334076	431941
Q9HAW8	Q9HAW8	UD110_HUMAN	UGT1A10	UDP-glucuronosyltransferase 1A10	1.00061e+06	381148	490748	994814
Q9HB07	Q9HB07	MYG1_HUMAN	MYG1	MYG1 exonuclease	1.28914e+06	835990	1.50426e+06	2.0755e+06
Q9HB19	Q9HB19	PKHA2_HUMAN	PLEKHA2	Pleckstrin homology domain-containing family A member 2	199677		225062	272399
Q9HB21	Q9HB21	PKHA1_HUMAN	PLEKHA1	Pleckstrin homology domain-containing family A member 1	571111	156137		1.39173e+06
Q9HB40	Q9HB40	RISC_HUMAN	SCPEP1	Retinoid-inducible serine carboxypeptidase	1.01419e+06	748668	613395	1.06506e+06
Q9HB71	Q9HB71	CYBP_HUMAN	CACYBP	Calcyclin-binding protein	2.12067e+06	3.33955e+06	2.39142e+06	3.92291e+06
Q9HB90	Q9HB90;Q9NQL2	RRAGC_HUMAN	RRAGC	Ras-related GTP-binding protein C	678209	446006	1.10182e+06	1.23953e+06
Q9HBB8	Q9HBB8	CDHR5_HUMAN	CDHR5	Cadherin-related family member 5	301065			150476
Q9HBF4	Q9HBF4	ZFYV1_HUMAN	ZFYVE1	Zinc finger FYVE domain-containing protein 1				228563
Q9HBH5	Q9HBH5	RDH14_HUMAN	RDH14	Retinol dehydrogenase 14	1.26435e+06	955196	694299	1.14253e+06
Q9HBI0	Q9HBI0	PARVG_HUMAN	PARVG	Gamma-parvin	224571			406647
Q9HBI1	Q9HBI1	PARVB_HUMAN	PARVB	Beta-parvin	361299	262212	306448	330446
Q9HBI5	Q9HBI5	CEP15_HUMAN	CEP15	Centrosomal protein 15 kDa	1.28442e+06			1.60247e+06
Q9HBK9	Q9HBK9	AS3MT_HUMAN	AS3MT	Arsenite methyltransferase				153363
Q9HBL0	Q9HBL0	TENS1_HUMAN	TNS1	Tensin-1	2.74404e+06	4.9881e+06	4.63228e+06	7.61255e+06
Q9HBL7	Q9HBL7	PLRKT_HUMAN	PLGRKT	Plasminogen receptor (KT)	3.09047e+06	2.46128e+06	1.53506e+06	1.67202e+06
Q9HBL8	Q9HBL8	NMRL1_HUMAN	NMRAL1	NmrA-like family domain-containing protein 1	592772	665525	477600	476426
Q9HBR0	Q9HBR0	S38AA_HUMAN	SLC38A10	Putative sodium-coupled neutral amino acid transporter 10	258072	316887		166233
Q9HC07	Q9HC07	TM165_HUMAN	TMEM165	Transmembrane protein 165	2.27524e+06	1.45841e+06	422482	1.54236e+06
Q9HC16	Q9HC16	ABC3G_HUMAN	APOBEC3G	DNA dC->dU-editing enzyme APOBEC-3G	772407		617519	
Q9HC21	Q9HC21	TPC_HUMAN	SLC25A19	Mitochondrial thiamine pyrophosphate carrier	378369	387811	264739	340273
Q9HC24	Q9HC24	LFG4_HUMAN	TMBIM4	Protein lifeguard 4				496079
Q9HC35	Q9HC35	EMAL4_HUMAN	EML4	Echinoderm microtubule-associated protein-like 4	1.58887e+06	2.08687e+06	2.04853e+06	2.60574e+06
Q9HC36	Q9HC36	MRM3_HUMAN	MRM3	rRNA methyltransferase 3, mitochondrial				167959
Q9HC38	Q9HC38	GLOD4_HUMAN	GLOD4	Glyoxalase domain-containing protein 4	5.93806e+06	5.34137e+06	5.71011e+06	6.92631e+06
Q9HC84	Q9HC84	MUC5B_HUMAN	MUC5B	Mucin-5B	3.18167e+06	3.44543e+06		374223
Q9HCB6	Q9HCB6	SPON1_HUMAN	SPON1	Spondin-1	920548	1.19488e+06	348570	366070
Q9HCC0	Q9HCC0	MCCB_HUMAN	MCCC2	Methylcrotonoyl-CoA carboxylase beta chain, mitochondrial	1.95769e+06	1.77921e+06	408841	773169
Q9HCD5	Q9HCD5	NCOA5_HUMAN	NCOA5	Nuclear receptor coactivator 5			115765	41885
Q9HCE1	Q9HCE1	MOV10_HUMAN	MOV10	Helicase MOV-10	635081	482612	589609	1.15903e+06
Q9HCE5	Q9HCE5	MET14_HUMAN	METTL14	N6-adenosine-methyltransferase non-catalytic subunit	253508	205942	247718	345833
Q9HCE6	Q9HCE6	ARGAL_HUMAN	ARHGEF10L	Rho guanine nucleotide exchange factor 10-like protein	801281	848810	1.10546e+06	550365
Q9HCE7	Q9HCE7	SMUF1_HUMAN	SMURF1	E3 ubiquitin-protein ligase SMURF1	504502	293181	255295	530332
Q9HCH5	Q9HCH5	SYTL2_HUMAN	SYTL2	Synaptotagmin-like protein 2	423754	398134		325377
Q9HCJ1	Q9HCJ1	ANKH_HUMAN	ANKH	Progressive ankylosis protein homolog	70775.6			319915
Q9HCJ3	Q9HCJ3	RAVR2_HUMAN	RAVER2	Ribonucleoprotein PTB-binding 2	129400	55760.2		86956.3
Q9HCJ6	Q9HCJ6	VAT1L_HUMAN	VAT1L	Synaptic vesicle membrane protein VAT-1 homolog-like	513188	539260		
Q9HCN4	Q9HCN4	GPN1_HUMAN	GPN1	GPN-loop GTPase 1	107724	224358		60388.6
Q9HCN8	Q9HCN8	SDF2L_HUMAN	SDF2L1	Stromal cell-derived factor 2-like protein 1	4.46724e+06	4.39937e+06	1.62755e+06	1.54743e+06
Q9HCS2	Q9HCS2	CP4FC_HUMAN	CYP4F12	Cytochrome P450 4F12	1.12531e+06	663231		
Q9HCU0	Q9HCU0	CD248_HUMAN	CD248	Endosialin	360037	408009	700060	1.44778e+06
Q9HCU5	Q9HCU5	PREB_HUMAN	PREB	Prolactin regulatory element-binding protein	2.03301e+06	2.66309e+06	1.96877e+06	2.27309e+06
Q9HCU9	Q9HCU9	BRMS1_HUMAN	BRMS1	Breast cancer metastasis-suppressor 1	123262		2.1526e+06	662632
Q9HCY8	Q9HCY8	S10AE_HUMAN	S100A14	Protein S100-A14	469184	754783	1.59212e+06	102635
Q9HD15	Q9HD15	SRA1_HUMAN	SRA1	Steroid receptor RNA activator 1	1.37031e+06	1.07222e+06		1.08936e+06
Q9HD20	Q9HD20	AT131_HUMAN	ATP13A1	Endoplasmic reticulum transmembrane helix translocase	1.89371e+06	1.41186e+06	796219	1.02554e+06
Q9HD26	Q9HD26	GOPC_HUMAN	GOPC	Golgi-associated PDZ and coiled-coil motif-containing protein	1.13471e+06	1.69954e+06		1.03444e+06
Q9HD33	Q9HD33	RM47_HUMAN	MRPL47	Large ribosomal subunit protein uL29m	683210		324173	403655
Q9HD34	Q9HD34	LYRM4_HUMAN	LYRM4	LYR motif-containing protein 4	191342	107732		578360
Q9HD40	Q9HD40	SPCS_HUMAN	SEPSECS	O-phosphoseryl-tRNA(Sec) selenium transferase	106696	163828		241366
Q9HD42	Q9HD42	CHM1A_HUMAN	CHMP1A	Charged multivesicular body protein 1a	800460	833797	571504	628550
Q9HD45	Q9HD45	TM9S3_HUMAN	TM9SF3	Transmembrane 9 superfamily member 3	5.4566e+06	3.05336e+06	3.37679e+06	4.74136e+06
Q9HD89	Q9HD89	RETN_HUMAN	RETN	Resistin	588867	590456	1.24167e+07	5.73871e+06
Q9HDC9	Q9HDC9	APMAP_HUMAN	APMAP	Adipocyte plasma membrane-associated protein	6.96448e+06	5.837e+06	4.08867e+07	1.46369e+07
Q9NNW7	Q9NNW7	TRXR2_HUMAN	TXNRD2	Thioredoxin reductase 2, mitochondrial	673166	1.18068e+06	583572	620673
Q9NNX6	Q9NNX6	CD209_HUMAN	CD209	CD209 antigen	1.90824e+06	1.22746e+06	358639	305873
Q9NP58	Q2M3G0;Q9NP58	ABCB6_HUMAN	ABCB6	ATP-binding cassette sub-family B member 6	1.62731e+06		1.55045e+06	990559
Q9NP61	Q9NP61	ARFG3_HUMAN	ARFGAP3	ADP-ribosylation factor GTPase-activating protein 3	1.36251e+06	1.93164e+06	1.0334e+06	1.08884e+06
Q9NP72	Q9NP72	RAB18_HUMAN	RAB18	Ras-related protein Rab-18	3.33467e+06	3.31939e+06	2.09328e+06	1.96208e+06
Q9NP73	Q9NP73	ALG13_HUMAN	ALG13	Putative bifunctional UDP-N-acetylglucosamine transferase and deubiquitinase ALG13	446488	173555	26046.3	183485
Q9NP77	Q9NP77	SSU72_HUMAN	SSU72	RNA polymerase II subunit A C-terminal domain phosphatase SSU72	868408	665250	466229	942677
Q9NP79	Q9NP79	VTA1_HUMAN	VTA1	Vacuolar protein sorting-associated protein VTA1 homolog	1.2505e+06	1.16774e+06	831155	1.9335e+06
Q9NP80	Q9NP80	PLPL8_HUMAN	PNPLA8	Calcium-independent phospholipase A2-gamma	1.25626e+06	1.72546e+06	989914	3.94755e+06
Q9NP81	Q9NP81	SYSM_HUMAN	SARS2	Serine--tRNA ligase, mitochondrial	943420	1.11342e+06	422291	922657
Q9NP92	Q9NP92	RT30_HUMAN	MRPS30	Large ribosomal subunit protein mL65	738612	709256	166641	646920
Q9NP97	Q9NP97	DLRB1_HUMAN	DYNLRB1	Dynein light chain roadblock-type 1	2.64685e+06	3.01104e+06	305033	1.05901e+06
Q9NP99	Q9NP99	TREM1_HUMAN	TREM1	Triggering receptor expressed on myeloid cells 1			391790	104809
Q9NPA0	Q9NPA0	EMC7_HUMAN	EMC7	ER membrane protein complex subunit 7	845118	726920	520941	820731
Q9NPA2	Q9NPA2	MMP25_HUMAN	MMP25	Matrix metalloproteinase-25			456544	159629
Q9NPA8	Q9NPA8	ENY2_HUMAN	ENY2	Transcription and mRNA export factor ENY2	465735	671922	445802	545376
Q9NPD3	Q9NPD3	EXOS4_HUMAN	EXOSC4	Exosome complex component RRP41	352315		489718	478553
Q9NPF4	Q9NPF4	OSGEP_HUMAN	OSGEP	tRNA N6-adenosine threonylcarbamoyltransferase	1.00932e+06	945632	858564	1.06029e+06
Q9NPF5	Q9NPF5	DMAP1_HUMAN	DMAP1	DNA methyltransferase 1-associated protein 1	124909	99605.7		81107
Q9NPH0	Q9NPH0	PPA6_HUMAN	ACP6	Lysophosphatidic acid phosphatase type 6	310287	213867	175913	117822
Q9NPH2	Q9NPH2	INO1_HUMAN	ISYNA1	Inositol-3-phosphate synthase 1	1.45253e+06	1.1443e+06	2.64859e+06	2.28801e+06
Q9NPH3	Q9NPH3	IL1AP_HUMAN	IL1RAP	Interleukin-1 receptor accessory protein	113725		228759	165417
Q9NPJ3	Q9NPJ3	ACO13_HUMAN	ACOT13	Acyl-coenzyme A thioesterase 13	4.10277e+06	4.45292e+06	2.92848e+06	2.15626e+06
Q9NPL8	Q9NPL8	TIDC1_HUMAN	TIMMDC1	Complex I assembly factor TIMMDC1, mitochondrial	503789	375900		258398
Q9NPP4	Q9NPP4	NLRC4_HUMAN	NLRC4	NLR family CARD domain-containing protein 4			586480	366623
Q9NPQ8	Q9NPQ8;Q9NVN3	RIC8A_HUMAN	RIC8A	Synembryn-A	792359	683758		392099
Q9NPR2	Q9NPR2	SEM4B_HUMAN	SEMA4B	Semaphorin-4B	367367		160311	233481
Q9NPY3	Q9NPY3	C1QR1_HUMAN	CD93	Complement component C1q receptor	466213	331597	1.28523e+06	1.37902e+06
Q9NQ29	Q9NQ29	LUC7L_HUMAN	LUC7L	Putative RNA-binding protein Luc7-like 1	201927		217819	323567
Q9NQ48	Q9NQ48	LZTL1_HUMAN	LZTFL1	Leucine zipper transcription factor-like protein 1	396312	344153		242458
Q9NQ50	Q9NQ50	RM40_HUMAN	MRPL40	Large ribosomal subunit protein mL40	400393	237414		92784
Q9NQ88	Q9NQ88	TIGAR_HUMAN	TIGAR	Fructose-2,6-bisphosphatase TIGAR	1.29473e+06	1.39302e+06	2.00242e+06	1.33249e+06
Q9NQ94	Q9NQ94	A1CF_HUMAN	A1CF	APOBEC1 complementation factor	170684	212245		78442.5
Q9NQA3	A8K0Z3;C4AMC7;Q6VEQ5;A8MWX3;Q9NQA3	WASH6_HUMAN	WASH6P	WAS protein family homolog 6	100981	144078		110135
Q9NQC3	Q9NQC3	RTN4_HUMAN	RTN4	Reticulon-4	7.19442e+06	5.34032e+06	1.37871e+06	1.37473e+07
Q9NQC7	Q9NQC7	CYLD_HUMAN	CYLD	Ubiquitin carboxyl-terminal hydrolase CYLD	143034	106372	266636	209693
Q9NQE9	Q9NQE9	HINT3_HUMAN	HINT3	Adenosine 5'-monophosphoramidase HINT3	865861	1.26187e+06	992202	1.71208e+06
Q9NQG1	Q9NQG1	MANBL_HUMAN	MANBAL	Protein MANBAL	132169	173894	68222.3	236678
Q9NQG5	Q9NQG5	RPR1B_HUMAN	RPRD1B	Regulation of nuclear pre-mRNA domain-containing protein 1B	896496	969715	1.40974e+06	1.74052e+06
Q9NQH7	Q9NQH7	XPP3_HUMAN	XPNPEP3	Xaa-Pro aminopeptidase 3	2.8784e+07	2.08166e+07	2.09352e+07	3.07234e+07
Q9NQP4	Q9NQP4	PFD4_HUMAN	PFDN4	Prefoldin subunit 4	423318		183293	409797
Q9NQR4	Q9NQR4	NIT2_HUMAN	NIT2	Omega-amidase NIT2	2.01863e+06	1.97817e+06	2.02811e+06	2.89114e+06
Q9NQS5	Q9NQS5	GPR84_HUMAN	GPR84	G-protein coupled receptor 84			1.41381e+06	453279
Q9NQT4	Q9NQT4	EXOS5_HUMAN	EXOSC5	Exosome complex component RRP46	177330		214996	354547
Q9NQT5	Q9NQT5	EXOS3_HUMAN	EXOSC3	Exosome complex component RRP40	326963	240918	312762	689465
Q9NQT8	Q9NQT8	KI13B_HUMAN	KIF13B	Kinesin-like protein KIF13B	2.19845e+06	2.19908e+06	452512	934085
Q9NQW7	Q9NQW7	XPP1_HUMAN	XPNPEP1	Xaa-Pro aminopeptidase 1	4.43919e+06	2.9316e+06	3.06633e+06	3.64671e+06
Q9NQX3	Q9NQX3	GEPH_HUMAN	GPHN	Gephyrin	723911	851561	413436	524248
Q9NQX7	Q9NQX7	ITM2C_HUMAN	ITM2C	Integral membrane protein 2C	860267	447903		
Q9NQY0	Q9NQY0	BIN3_HUMAN	BIN3	Bridging integrator 3	185561	226653	113771	275214
Q9NQZ2	Q9NQZ2	SAS10_HUMAN	UTP3	Something about silencing protein 10				41088.6
Q9NQZ5	Q9NQZ5	STAR7_HUMAN	STARD7	StAR-related lipid transfer protein 7, mitochondrial	218064			360368
Q9NR09	Q9NR09	BIRC6_HUMAN	BIRC6	Baculoviral IAP repeat-containing protein 6	469504		358290	478172
Q9NR12	Q9NR12	PDLI7_HUMAN	PDLIM7	PDZ and LIM domain protein 7	1.92733e+06	4.45467e+06	2.03466e+06	5.22839e+06
Q9NR16	Q9NR16	C163B_HUMAN	CD163L1	Scavenger receptor cysteine-rich type 1 protein M160	3.21596e+06	1.4396e+06		675543
Q9NR19	Q9NR19	ACSA_HUMAN	ACSS2	Acetyl-coenzyme A synthetase, cytoplasmic	2.47471e+06	2.33866e+06	720597	2.22355e+06
Q9NR28	Q9NR28	DBLOH_HUMAN	DIABLO	Diablo IAP-binding mitochondrial protein	795799	239162	350161	723049
Q9NR30	Q9NR30	DDX21_HUMAN	DDX21	Nucleolar RNA helicase 2	603889	1.09371e+06	752473	1.75844e+06
Q9NR31	Q9NR31	SAR1A_HUMAN	SAR1A	GTP-binding protein SAR1a	7.03929e+06	6.40751e+06	2.13782e+06	6.72721e+06
Q9NR45	Q9NR45	SIAS_HUMAN	NANS	Sialic acid synthase	3.85772e+07	1.91596e+07	1.31552e+07	1.2343e+07
Q9NR46	Q9NR46	SHLB2_HUMAN	SH3GLB2	Endophilin-B2	1.51874e+06	1.71027e+06	953662	860646
Q9NR50	Q9NR50	EI2BG_HUMAN	EIF2B3	Translation initiation factor eIF-2B subunit gamma	542154	383250		475659
Q9NR56	Q5VZF2;Q9NR56	MBNL1_HUMAN	MBNL1	Muscleblind-like protein 1	809711	1.1762e+06	352689	759602
Q9NR77	Q9NR77	PXMP2_HUMAN	PXMP2	Peroxisomal membrane protein 2	680511	715955	250743	622464
Q9NR97	Q9NR97	TLR8_HUMAN	TLR8	Toll-like receptor 8	37068.3		149124	95814.8
Q9NR99	Q9NR99	MXRA5_HUMAN	MXRA5	Matrix-remodeling-associated protein 5	311226	1.96841e+06	859074	1.03182e+06
Q9NRA2	Q9NRA2	S17A5_HUMAN	SLC17A5	Sialin	310491	369254	365563	190534
Q9NRD1	Q9NRD1	FBX6_HUMAN	FBXO6	F-box only protein 6	200384		248659	191231
Q9NRD5	Q9NRD5	PICK1_HUMAN	PICK1	PRKCA-binding protein	173231			72409.3
Q9NRD8	Q9NRD8	DUOX2_HUMAN	DUOX2	Dual oxidase 2	293382	220033	95380.1	381007
Q9NRF8	Q9NRF8	PYRG2_HUMAN	CTPS2	CTP synthase 2	1.13672e+06	620644		908911
Q9NRF9	Q9NRF9	DPOE3_HUMAN	POLE3	DNA polymerase epsilon subunit 3	207315	343490		368470
Q9NRG0	Q9NRG0	CHRC1_HUMAN	CHRAC1	Chromatin accessibility complex protein 1	603625	1.62673e+06	193674	410111
Q9NRG1	Q9NRG1	PRDC1_HUMAN	PRTFDC1	Phosphoribosyltransferase domain-containing protein 1				853547
Q9NRG7	Q9NRG7	D39U1_HUMAN	SDR39U1	Epimerase family protein SDR39U1	609420	555563	396855	530628
Q9NRG9	Q9NRG9	AAAS_HUMAN	AAAS	Aladin	298134			288775
Q9NRK6	Q9NRK6	ABCBA_HUMAN	ABCB10	ATP-binding cassette sub-family B member 10, mitochondrial	253134	343172	112765	209297
Q9NRL2	Q9NRL2	BAZ1A_HUMAN	BAZ1A	Bromodomain adjacent to zinc finger domain protein 1A			43305.8	578112
Q9NRL3	Q9NRL3	STRN4_HUMAN	STRN4	Striatin-4	906537	900641	565710	615293
Q9NRN5	Q9NRN5	OLFL3_HUMAN	OLFML3	Olfactomedin-like protein 3	242791	497825	129229	393565
Q9NRN7	Q9NRN7	ADPPT_HUMAN	AASDHPPT	L-aminoadipate-semialdehyde dehydrogenase-phosphopantetheinyl transferase	654536	469261	777603	793191
Q9NRP0	Q9NRP0	OSTC_HUMAN	OSTC	Oligosaccharyltransferase complex subunit OSTC	3.94265e+06	1.27563e+06	916643	2.15983e+06
Q9NRP2	Q9NRP2	COXM2_HUMAN	CMC2	COX assembly mitochondrial protein 2 homolog	396782	385620	302491	648711
Q9NRQ2	Q9NRQ2	PLS4_HUMAN	PLSCR4	Phospholipid scramblase 4	273846		602294	851076
Q9NRR5	Q9NRR5	UBQL4_HUMAN	UBQLN4	Ubiquilin-4	1.10234e+06	506689	620749	1.12016e+06
Q9NRS4	Q9NRS4	TMPS4_HUMAN	TMPRSS4	Transmembrane protease serine 4	89337.4		109752	141256
Q9NRS6	Q9NRS6	SNX15_HUMAN	SNX15	Sorting nexin-15	860550	961110	443852	792799
Q9NRV9	Q9NRV9	HEBP1_HUMAN	HEBP1	Heme-binding protein 1	2.53688e+06	3.14378e+06	4.99677e+06	5.03929e+06
Q9NRW3	Q9NRW3	ABC3C_HUMAN	APOBEC3C	DNA dC->dU-editing enzyme APOBEC-3C	293991		428709	326549
Q9NRW7	Q9NRW7	VPS45_HUMAN	VPS45	Vacuolar protein sorting-associated protein 45	759544	478176	829549	899925
Q9NRX2	Q9NRX2	RM17_HUMAN	MRPL17	Large ribosomal subunit protein bL17m	1.0843e+06	1.05732e+06	363846	929234
Q9NRX4	Q9NRX4	PHP14_HUMAN	PHPT1	14 kDa phosphohistidine phosphatase	970077	590604	1.13329e+06	1.32735e+06
Q9NRX5	Q9NRX5	SERC1_HUMAN	SERINC1	Serine incorporator 1	216715	173039	148256	238884
Q9NRX6	Q9NRX6	KISHB_HUMAN	TMEM167B	Protein kish-B	170211			188827
Q9NRY4	Q9NRY4	RHG35_HUMAN	ARHGAP35	Rho GTPase-activating protein 35	83272.3		104157	151760
Q9NRY5	Q9NRY5	F1142_HUMAN	FAM114A2	Protein FAM114A2	1.16801e+06	1.0938e+06		302961
Q9NRY6	Q9NRY6	PLS3_HUMAN	PLSCR3	Phospholipid scramblase 3	45222.7			126620
Q9NRZ5	Q9NRZ5	PLCD_HUMAN	AGPAT4	1-acyl-sn-glycerol-3-phosphate acyltransferase delta	534348	683359	897897	1.43977e+06
Q9NRZ7	Q9NRZ7	PLCC_HUMAN	AGPAT3	1-acyl-sn-glycerol-3-phosphate acyltransferase gamma	582468	403166	394456	808014
Q9NS00	Q9NS00	C1GLT_HUMAN	C1GALT1	Glycoprotein-N-acetylgalactosamine 3-beta-galactosyltransferase 1	437269		388836	505758
Q9NS56	Q9NS56	TOPRS_HUMAN	TOPORS	E3 ubiquitin-protein ligase Topors	414488	208110		316850
Q9NS69	Q9NS69	TOM22_HUMAN	TOMM22	Mitochondrial import receptor subunit TOM22 homolog	351663			146840
Q9NS86	Q9NS86	LANC2_HUMAN	LANCL2	LanC-like protein 2	437564	176001	309547	459444
Q9NSC5	Q9NSC5	HOME3_HUMAN	HOMER3	Homer protein homolog 3			126044	
Q9NSC7	Q9NSC7	SIA7A_HUMAN	ST6GALNAC1	Alpha-N-acetylgalactosaminide alpha-2,6-sialyltransferase 1	6.06911e+06	4.18401e+06		424831
Q9NSD9	Q9NSD9	SYFB_HUMAN	FARSB	Phenylalanine--tRNA ligase beta subunit	2.89574e+06	3.06938e+06	525127	2.06743e+06
Q9NSE4	Q9NSE4	SYIM_HUMAN	IARS2	Isoleucine--tRNA ligase, mitochondrial	3.27758e+06	2.67564e+06	793531	2.36881e+06
Q9NSI8	O94885;Q9NSI8	SAMN1_HUMAN	SAMSN1	SAM domain-containing protein SAMSN-1		572191	370150	348696
Q9NSK0	Q9NSK0	KLC4_HUMAN	KLC4	Kinesin light chain 4	2.00017e+06	2.43048e+06		964668
Q9NSK7	Q9NSK7	CS012_HUMAN	C19orf12	Protein C19orf12	198479			311502
Q9NSY2	Q9NSY2	STAR5_HUMAN	STARD5	StAR-related lipid transfer protein 5	300684	346074	59722.4	36105
Q9NT62	Q9NT62	ATG3_HUMAN	ATG3	Ubiquitin-like-conjugating enzyme ATG3	1.21366e+06	1.53706e+06	862935	865896
Q9NTG7	Q9NTG7	SIR3_HUMAN	SIRT3	NAD-dependent protein deacetylase sirtuin-3, mitochondrial	224574		52431.8	196956
Q9NTI5	Q9NTI5	PDS5B_HUMAN	PDS5B	Sister chromatid cohesion protein PDS5 homolog B	263906	433670	473573	475178
Q9NTJ3	Q9NTJ3	SMC4_HUMAN	SMC4	Structural maintenance of chromosomes protein 4	372209	508982	374796	798964
Q9NTJ4	Q9NTJ4	MA2C1_HUMAN	MAN2C1	Alpha-mannosidase 2C1	776166	896874	1.06469e+06	790218
Q9NTJ5	Q9NTJ5	SAC1_HUMAN	SACM1L	Phosphatidylinositol-3-phosphatase SAC1	1.41528e+07	8.25339e+06	1.73639e+07	1.90224e+07
Q9NTK5	Q9NTK5	OLA1_HUMAN	OLA1	Obg-like ATPase 1	5.27346e+06	4.53242e+06	6.02878e+06	6.48023e+06
Q9NTM9	Q9NTM9	CUTC_HUMAN	CUTC	Copper homeostasis protein cutC homolog		402276	417710	373231
Q9NTN3	Q9NTN3	S35D1_HUMAN	SLC35D1	Nucleotide sugar transporter SLC35D1	599952	373404	230408	319544
Q9NTN9	Q9NTN9	SEM4G_HUMAN	SEMA4G	Semaphorin-4G	576722	414023		
Q9NTU7	Q9NTU7	CBLN4_HUMAN	CBLN4	Cerebellin-4		1.04501e+07		
Q9NTX5	Q9NTX5	ECHD1_HUMAN	ECHDC1	Ethylmalonyl-CoA decarboxylase	1.71131e+06	1.62218e+06	803183	773686
Q9NTZ6	Q9NTZ6	RBM12_HUMAN	RBM12	RNA-binding protein 12	1.19544e+06	1.16521e+06	1.36169e+06	1.91006e+06
Q9NUB1	Q9NUB1	ACS2L_HUMAN	ACSS1	Acetyl-coenzyme A synthetase 2-like, mitochondrial	1.38899e+06	748483	701398	1.3259e+06
Q9NUD5	Q9NUD5	ZCHC3_HUMAN	ZCCHC3	Zinc finger CCHC domain-containing protein 3	6190.48			79212.3
Q9NUI1	Q9NUI1	DECR2_HUMAN	DECR2	Peroxisomal 2,4-dienoyl-CoA reductase [(3E)-enoyl-CoA-producing]	458259	862270		324254
Q9NUJ1	Q9NUJ1	ABHDA_HUMAN	ABHD10	Palmitoyl-protein thioesterase ABHD10, mitochondrial	1.30869e+06	661533	1.0383e+06	1.11685e+06
Q9NUJ3	Q9NUJ3	T11L1_HUMAN	TCP11L1	T-complex protein 11-like protein 1	19762.2			8784.21
Q9NUL3	Q9NUL3	STAU2_HUMAN	STAU2	Double-stranded RNA-binding protein Staufen homolog 2	265563			159188
Q9NUL5	Q9NUL5	SHFL_HUMAN	SHFL	Shiftless antiviral inhibitor of ribosomal frameshifting protein	377814	1.05316e+06	846371	1.06029e+06
Q9NUM4	Q9NUM4	T106B_HUMAN	TMEM106B	Transmembrane protein 106B	634684	424676	786696	997089
Q9NUN5	Q9NUN5	LMBD1_HUMAN	LMBRD1	Lysosomal cobalamin transport escort protein LMBD1	228918	240516	251783	281562
Q9NUP1	Q9NUP1	BL1S4_HUMAN	BLOC1S4	Biogenesis of lysosome-related organelles complex 1 subunit 4	174456	102051	76981.2	208975
Q9NUP9	Q9NUP9	LIN7C_HUMAN	LIN7C	Protein lin-7 homolog C	1.8066e+06	2.287e+06	679925	1.38573e+06
Q9NUQ2	Q9NUQ2	PLCE_HUMAN	AGPAT5	1-acyl-sn-glycerol-3-phosphate acyltransferase epsilon	802790	534765	266250	447527
Q9NUQ6	Q9NUQ6	SPS2L_HUMAN	SPATS2L	SPATS2-like protein	151100	172602	495493	627811
Q9NUQ7	Q9NUQ7	UFSP2_HUMAN	UFSP2	Ufm1-specific protease 2	894234	342233	604502	989287
Q9NUQ8	Q9NUQ8	ABCF3_HUMAN	ABCF3	ATP-binding cassette sub-family F member 3	375309	352253	276248	521581
Q9NUQ9	Q9NUQ9;Q9H0Q0	CYRIB_HUMAN	CYRIB	CYFIP-related Rac1 interactor B	5.86323e+06	4.24997e+06	2.10753e+06	1.03712e+07
Q9NUT2	Q9NUT2	MITOS_HUMAN	ABCB8	Mitochondrial potassium channel ATP-binding subunit	192333			167719
Q9NUU6	Q9NUU6	OTULL_HUMAN	OTULINL	Inactive ubiquitin thioesterase OTULINL	1.26382e+06	824808	1.2995e+06	1.53291e+06
Q9NUU7	Q9NUU7;Q9UMR2	DD19A_HUMAN	DDX19A	ATP-dependent RNA helicase DDX19A	6.31611e+06	6.10786e+06	3.6724e+06	7.15228e+06
Q9NUV9	Q9NUV9	GIMA4_HUMAN	GIMAP4	GTPase IMAP family member 4	1.62989e+06	2.2637e+06	6.06229e+06	2.86147e+06
Q9NUW8	Q9NUW8	TYDP1_HUMAN	TDP1	Tyrosyl-DNA phosphodiesterase 1			110246	144940
Q9NUY8	Q9NUY8	TBC23_HUMAN	TBC1D23	TBC1 domain family member 23	744771	1.18277e+06	1.31332e+06	831734
Q9NV35	Q9NV35	NUD15_HUMAN	NUDT15	Nucleotide triphosphate diphosphatase NUDT15	96724.2			78860
Q9NV70	Q9NV70	EXOC1_HUMAN	EXOC1	Exocyst complex component 1	888322	2.81616e+06		734810
Q9NV88	Q9NV88	INT9_HUMAN	INTS9	Integrator complex subunit 9	307055	135741	404089	404832
Q9NV96	Q3MIR4;Q9NV96	CC50A_HUMAN	TMEM30A	Cell cycle control protein 50A	2.37159e+06	1.73579e+06	5.60957e+06	2.5955e+06
Q9NVA1	Q9NVA1	UQCC1_HUMAN	UQCC1	Ubiquinol-cytochrome-c reductase complex assembly factor 1	315373		125859	490159
Q9NVA2	Q14141;Q92599;Q9NVA2	SEP11_HUMAN	SEPTIN11	Septin-11	4.06293e+06	4.42874e+06	5.11365e+06	5.78204e+06
Q9NVD7	Q9NVD7	PARVA_HUMAN	PARVA	Alpha-parvin	1.37843e+06	1.86148e+06		2.33008e+06
Q9NVE7	Q9NVE7	PANK4_HUMAN	PANK4	4'-phosphopantetheine phosphatase	898455	1.19812e+06	382440	810541
Q9NVG8	Q9NVG8	TBC13_HUMAN	TBC1D13	TBC1 domain family member 13	303978	156168		415890
Q9NVH0	Q9NVH0	EXD2_HUMAN	EXD2	Exonuclease 3'-5' domain-containing protein 2	277610	369620		207435
Q9NVH1	Q9NVH1	DJC11_HUMAN	DNAJC11	DnaJ homolog subfamily C member 11	931004	762497	447656	810417
Q9NVH6	Q9NVH6	TMLH_HUMAN	TMLHE	Trimethyllysine dioxygenase, mitochondrial	344825	127708	232582	314418
Q9NVI7	Q9NVI7	ATD3A_HUMAN	ATAD3A	ATPase family AAA domain-containing protein 3A	2.04323e+06	1.71547e+06	239192	1.55902e+06
Q9NVJ2	Q96BM9;Q9NVJ2	ARL8B_HUMAN	ARL8B	ADP-ribosylation factor-like protein 8B	2.83451e+06	2.95173e+06	6.11446e+06	4.06662e+06
Q9NVK5	Q9NVK5	FGOP2_HUMAN	FGFR1OP2	FGFR1 oncogene partner 2	206789	237922		
Q9NVM6	Q9NVM6	DJC17_HUMAN	DNAJC17	DnaJ homolog subfamily C member 17				159367
Q9NVM9	Q9NVM9	INT13_HUMAN	INTS13	Integrator complex subunit 13	77632.5	112006	154444	205501
Q9NVP1	Q9NVP1	DDX18_HUMAN	DDX18	ATP-dependent RNA helicase DDX18	634205	474429	970465	901019
Q9NVR2	Q9NVR2	INT10_HUMAN	INTS10	Integrator complex subunit 10		551462		52656
Q9NVS2	Q9NVS2	RT18A_HUMAN	MRPS18A	Large ribosomal subunit protein mL66	878223	831936	208645	604766
Q9NVS9	Q9NVS9	PNPO_HUMAN	PNPO	Pyridoxine-5'-phosphate oxidase	1.11555e+06	997669	1.10009e+06	1.29945e+06
Q9NVT9	Q9NVT9	ARMC1_HUMAN	ARMC1	Armadillo repeat-containing protein 1	569499	1.33471e+06		541178
Q9NVV0	Q9NVV0	TM38B_HUMAN	TMEM38B	Trimeric intracellular cation channel type B	203792		577579	726841
Q9NVV4	Q9NVV4	PAPD1_HUMAN	MTPAP	Poly(A) RNA polymerase, mitochondrial	292482			367511
Q9NVV5	Q9NVV5	AIG1_HUMAN	AIG1	Androgen-induced gene 1 protein	803606	611249	162243	889311
Q9NVX2	Q9NVX2	NLE1_HUMAN	NLE1	Notchless protein homolog 1	311313	352278		605050
Q9NVZ3	Q9NVZ3	NECP2_HUMAN	NECAP2	Adaptin ear-binding coat-associated protein 2	1.13351e+06	712482	1.85966e+06	1.77564e+06
Q9NW15	Q9NW15	ANO10_HUMAN	ANO10	Anoctamin-10	692483	454201	701854	671062
Q9NW64	Q9NW64	RBM22_HUMAN	RBM22	Pre-mRNA-splicing factor RBM22		406895	426401	1.03162e+06
Q9NW68	Q9NW68	BSDC1_HUMAN	BSDC1	BSD domain-containing protein 1	281805	206153		36313.7
Q9NW82	Q9NW82	WDR70_HUMAN	WDR70	WD repeat-containing protein 70	6.80192e+06	7.64808e+06	6.42085e+06	3.49264e+06
Q9NWB6	Q9NWB6	ARGL1_HUMAN	ARGLU1	Arginine and glutamate-rich protein 1	796768	774488	1.50014e+06	944342
Q9NWM8	Q9NWM8	FKB14_HUMAN	FKBP14	Peptidyl-prolyl cis-trans isomerase FKBP14	83805.7		122458	180249
Q9NWQ8	Q9NWQ8	PHAG1_HUMAN	PAG1	Phosphoprotein associated with glycosphingolipid-enriched microdomains 1	59107			62231.7
Q9NWS1	Q9NWS1	PARI_HUMAN	PARPBP	PCNA-interacting partner	1.4437e+06		2.34731e+06	2.89733e+06
Q9NWS8	Q9NWS8	RMND1_HUMAN	RMND1	Required for meiotic nuclear division protein 1 homolog	327339	123708		487889
Q9NWT1	Q9NWT1	PK1IP_HUMAN	PAK1IP1	p21-activated protein kinase-interacting protein 1			419660	390193
Q9NWT6	Q9NWT6	HIF1N_HUMAN	HIF1AN	Hypoxia-inducible factor 1-alpha inhibitor	138343		225455	273075
Q9NWU1	Q9NWU1	OXSM_HUMAN	OXSM	3-oxoacyl-[acyl-carrier-protein] synthase, mitochondrial	413683	437913	232135	222863
Q9NWU5	Q9NWU5	RM22_HUMAN	MRPL22	Large ribosomal subunit protein uL22m	1.17187e+06	1.00441e+06	311033	1.02146e+06
Q9NWV4	Q9NWV4	CZIB_HUMAN	CZIB	CXXC motif containing zinc binding protein	1.2526e+06	1.65192e+06	1.55645e+06	1.61604e+06
Q9NWV8	Q9NWV8	BABA1_HUMAN	BABAM1	BRISC and BRCA1-A complex member 1	1.65628e+06	2.05539e+06	1.74299e+06	1.50486e+06
Q9NWW5	Q9NWW5	CLN6_HUMAN	CLN6	Ceroid-lipofuscinosis neuronal protein 6	354670			313351
Q9NWX6	Q9NWX6	THG1_HUMAN	THG1L	Probable tRNA(His) guanylyltransferase	669922	413002		309809
Q9NWY4	Q9NWY4;A8MVJ9	HPF1_HUMAN	HPF1	Histone PARylation factor 1	277958	281236	86202.2	454672
Q9NWZ3	Q9NWZ3	IRAK4_HUMAN	IRAK4	Interleukin-1 receptor-associated kinase 4	285737	429194		363011
Q9NX00	Q9NX00	TM160_HUMAN	TMEM160	Transmembrane protein 160	278646	917207		311869
Q9NX01	Q9NX01	TXN4B_HUMAN	TXNL4B	Thioredoxin-like protein 4B			13203.5	40686.1
Q9NX14	Q9NX14	NDUBB_HUMAN	NDUFB11	NADH dehydrogenase [ubiquinone] 1 beta subcomplex subunit 11, mitochondrial	2.63804e+06	1.8228e+06	411285	642620
Q9NX18	Q9NX18	SDHF2_HUMAN	SDHAF2	Succinate dehydrogenase assembly factor 2, mitochondrial	85106.3			221941
Q9NX20	Q9NX20	RM16_HUMAN	MRPL16	Large ribosomal subunit protein uL16m	514416	422610		239261
Q9NX40	Q9NX40	OCAD1_HUMAN	OCIAD1	OCIA domain-containing protein 1	2.60795e+06	2.8327e+06	1.28423e+06	2.48268e+06
Q9NX46	Q9NX46	ADPRS_HUMAN	ADPRS	ADP-ribosylhydrolase ARH3	1.81252e+06	1.83644e+06	2.56909e+06	2.10489e+06
Q9NX47	Q9NX47	MARH5_HUMAN	MARCHF5	E3 ubiquitin-protein ligase MARCHF5	832939	484027	315991	989038
Q9NX55	Q9NX55	HYPK_HUMAN	HYPK	Huntingtin-interacting protein K				104964
Q9NX57	Q9NX57	RAB20_HUMAN	RAB20	Ras-related protein Rab-20	267691			249193
Q9NX58	Q9NX58	LYAR_HUMAN	LYAR	Cell growth-regulating nucleolar protein	453932		949982	970144
Q9NX61	Q9NX61	T161A_HUMAN	TMEM161A	Transmembrane protein 161A	131687			91988.5
Q9NX62	Q9NX62	IMPA3_HUMAN	BPNT2	Golgi-resident adenosine 3',5'-bisphosphate 3'-phosphatase	1.35026e+06	1.2724e+06	866148	1.22373e+06
Q9NX63	Q9NX63	MIC19_HUMAN	CHCHD3	MICOS complex subunit MIC19	3.31218e+06	2.8305e+06	2.09314e+06	2.225e+06
Q9NX74	Q9NX74	DUS2L_HUMAN	DUS2	tRNA-dihydrouridine(20) synthase [NAD(P)+]-like	91428.5		32629.3	101999
Q9NX76	Q9NX76	CKLF6_HUMAN	CMTM6	CKLF-like MARVEL transmembrane domain-containing protein 6	541153	939788	734422	658002
Q9NXA8	Q9NXA8	SIR5_HUMAN	SIRT5	NAD-dependent protein deacylase sirtuin-5, mitochondrial	503939	678771	364168	336852
Q9NXC5	Q9NXC5	MIO_HUMAN	MIOS	GATOR complex protein MIOS	205651		199581	190685
Q9NXE4	Q9NXE4	NSMA3_HUMAN	SMPD4	Sphingomyelin phosphodiesterase 4	276302		249340	348412
Q9NXG2	Q9NXG2	THUM1_HUMAN	THUMPD1	THUMP domain-containing protein 1	969302	1.03935e+06	494398	920815
Q9NXH3	Q9NXH3	PP14D_HUMAN	PPP1R14D	Protein phosphatase 1 regulatory subunit 14D	90044.3			77227.1
Q9NXH8	Q9NXH8	TOR4A_HUMAN	TOR4A	Torsin-4A	229350	190696	141362	191938
Q9NXH9	Q9NXH9	TRM1_HUMAN	TRMT1	tRNA (guanine(26)-N(2))-dimethyltransferase	130743			76703.8
Q9NXN4	Q9NXN4	GDAP2_HUMAN	GDAP2	Ganglioside-induced differentiation-associated protein 2	154596			205256
Q9NXR7	Q9NXR7	BABA2_HUMAN	BABAM2	BRISC and BRCA1-A complex member 2	774739	680199		443273
Q9NXS2	Q9NXS2	QPCTL_HUMAN	QPCTL	Glutaminyl-peptide cyclotransferase-like protein	665538	552374	254240	334782
Q9NXU5	Q9NXU5	ARL15_HUMAN	ARL15	ADP-ribosylation factor-like protein 15	286565	330927		211325
Q9NXV2	Q9NXV2	KCTD5_HUMAN	KCTD5	BTB/POZ domain-containing protein KCTD5	146804		202496	249058
Q9NXV6	Q9NXV6	CARF_HUMAN	CDKN2AIP	CDKN2A-interacting protein	297761	331236	122111	207937
Q9NXW2	Q9NXW2	DJB12_HUMAN	DNAJB12	DnaJ homolog subfamily B member 12	253990	185081	402555	439708
Q9NY12	Q9NY12	GAR1_HUMAN	GAR1	H/ACA ribonucleoprotein complex subunit 1	681951	375302	698489	939783
Q9NY15	Q9NY15	STAB1_HUMAN	STAB1	Stabilin-1	1.50608e+06	1.29964e+06	725029	859548
Q9NY25	Q9NY25	CLC5A_HUMAN	CLEC5A	C-type lectin domain family 5 member A			801720	281886
Q9NY26	Q9NY26	S39A1_HUMAN	SLC39A1	Zinc transporter ZIP1	95486.8	65180		283339
Q9NY27	Q9NY27	PP4R2_HUMAN	PPP4R2	Serine/threonine-protein phosphatase 4 regulatory subunit 2	445672	303578		156014
Q9NY28	Q9NY28	GALT8_HUMAN	GALNT8	Probable polypeptide N-acetylgalactosaminyltransferase 8	463062	248331		
Q9NY33	Q9NY33	DPP3_HUMAN	DPP3	Dipeptidyl peptidase 3	5.30797e+06	4.67241e+06	5.08385e+06	5.45539e+06
Q9NY35	Q9NY35	CLDN1_HUMAN	CLDND1	Claudin domain-containing protein 1	183106		195803	289177
Q9NY59	Q9NY59	NSMA2_HUMAN	SMPD3	Sphingomyelin phosphodiesterase 3	543383	685152	289881	91670.5
Q9NY97	Q9NY97	B3GN2_HUMAN	B3GNT2	N-acetyllactosaminide beta-1,3-N-acetylglucosaminyltransferase 2			144478	320054
Q9NYA1	Q9NYA1	SPHK1_HUMAN	SPHK1	Sphingosine kinase 1	85500.2		189746	347187
Q9NYB0	Q9NYB0	TE2IP_HUMAN	TERF2IP	Telomeric repeat-binding factor 2-interacting protein 1	1.82925e+06	2.18826e+06	580503	2.33949e+06
Q9NYF8	Q9NYF8	BCLF1_HUMAN	BCLAF1	Bcl-2-associated transcription factor 1	617741	1.06753e+06	445085	1.0704e+06
Q9NYG2	Q9NYG2	ZDHC3_HUMAN	ZDHHC3	Palmitoyltransferase ZDHHC3	1.37095e+06	613085	716829	883448
Q9NYK5	Q9NYK5	RM39_HUMAN	MRPL39	Large ribosomal subunit protein mL39	847722	476796	271081	764831
Q9NYL2	Q9NYL2	M3K20_HUMAN	MAP3K20	Mitogen-activated protein kinase kinase kinase 20	214268		354377	887718
Q9NYL4	Q9NYL4	FKB11_HUMAN	FKBP11	Peptidyl-prolyl cis-trans isomerase FKBP11	1.2296e+07	7.66832e+06	2.61194e+06	3.30357e+06
Q9NYL9	Q9NYL9	TMOD3_HUMAN	TMOD3	Tropomodulin-3	1.62958e+06	1.11625e+06	3.00906e+06	2.23844e+06
Q9NYM9	Q9NYM9	BET1L_HUMAN	BET1L	BET1-like protein	668780			575189
Q9NYP7	Q9NXB9;Q9NYP7	ELOV5_HUMAN	ELOVL5	Elongation of very long chain fatty acids protein 5	196296		82626	390580
Q9NYT0	Q9NYT0	PLEK2_HUMAN	PLEK2	Pleckstrin-2	41321.8			41761
Q9NYU1	Q9NYU1	UGGG2_HUMAN	UGGT2	UDP-glucose:glycoprotein glucosyltransferase 2				71007.2
Q9NYU2	Q9NYU2	UGGG1_HUMAN	UGGT1	UDP-glucose:glycoprotein glucosyltransferase 1	6.84857e+06	5.1561e+06	5.65565e+06	7.08456e+06
Q9NYY8	Q9NYY8	FAKD2_HUMAN	FASTKD2	FAST kinase domain-containing protein 2, mitochondrial	370180			466403
Q9NYZ1	Q9NYZ1;Q96ET8	TV23B_HUMAN	TVP23B	Golgi apparatus membrane protein TVP23 homolog B	438323			310754
Q9NZ01	Q9NZ01	TECR_HUMAN	TECR	Very-long-chain enoyl-CoA reductase	4.6958e+06	2.84945e+06	1.88178e+06	3.32893e+06
Q9NZ08	Q9NZ08	ERAP1_HUMAN	ERAP1	Endoplasmic reticulum aminopeptidase 1	6.50484e+06	5.7505e+06	2.05187e+06	7.39177e+06
Q9NZ32	Q9NZ32	ARP10_HUMAN	ACTR10	Actin-related protein 10	831143	641910	967143	1.0114e+06
Q9NZ43	Q9NZ43	USE1_HUMAN	USE1	Vesicle transport protein USE1	488563	500254	327185	251988
Q9NZ45	Q9NZ45	CISD1_HUMAN	CISD1	CDGSH iron-sulfur domain-containing protein 1	1.70062e+06	1.3529e+06	1.57676e+06	2.04011e+06
Q9NZ52	Q9NZ52	GGA3_HUMAN	GGA3	ADP-ribosylation factor-binding protein GGA3	251690	66085.1	316633	401021
Q9NZ72	Q9NZ72	STMN3_HUMAN	STMN3	Stathmin-3				424472
Q9NZA1	Q9NZA1	CLIC5_HUMAN	CLIC5	Chloride intracellular channel protein 5	125991	257162		289952
Q9NZB2	Q9NZB2	F120A_HUMAN	FAM120A	Constitutive coactivator of PPAR-gamma-like protein 1	2.45928e+06	2.69174e+06		1.47511e+06
Q9NZC3	Q9NZC3	GDE1_HUMAN	GDE1	Glycerophosphodiester phosphodiesterase 1	591624	503124	683820	508291
Q9NZD2	Q9NZD2	GLTP_HUMAN	GLTP	Glycolipid transfer protein	638275	427904	582038	693612
Q9NZD8	Q9NZD8	SPG21_HUMAN	SPG21	Maspardin	270639		228922	487032
Q9NZE8	Q9NZE8	RM35_HUMAN	MRPL35	Large ribosomal subunit protein bL35m	191357			144469
Q9NZH8	Q9NZH8	IL36G_HUMAN	IL36G	Interleukin-36 gamma		249043	691258	
Q9NZJ6	Q9NZJ6	COQ3_HUMAN	COQ3	Ubiquinone biosynthesis O-methyltransferase, mitochondrial	886626	480023		337321
Q9NZJ7	Q9NZJ7	MTCH1_HUMAN	MTCH1	Mitochondrial carrier homolog 1	779449	814676		583916
Q9NZJ9	Q9NZJ9;A0A024RBG1	NUDT4_HUMAN	NUDT4	Diphosphoinositol polyphosphate phosphohydrolase 2	906458	1.13865e+06	482315	1.6762e+06
Q9NZK5	Q9NZK5	ADA2_HUMAN	ADA2	Adenosine deaminase 2	433534	193439	738109	320119
Q9NZL4	Q9NZL4	HPBP1_HUMAN	HSPBP1	Hsp70-binding protein 1	668113		102494	1.29292e+06
Q9NZL9	Q9NZL9	MAT2B_HUMAN	MAT2B	Methionine adenosyltransferase 2 subunit beta	2.40013e+06	2.42625e+06	2.43537e+06	2.63064e+06
Q9NZM1	Q9NZM1	MYOF_HUMAN	MYOF	Myoferlin	3.36183e+06	3.32174e+06	5.20217e+06	7.21755e+06
Q9NZM3	Q9NZM3	ITSN2_HUMAN	ITSN2	Intersectin-2	406728	349380	577794	492594
Q9NZN3	Q9NZN3	EHD3_HUMAN	EHD3	EH domain-containing protein 3	369366	452751		334873
Q9NZN4	Q9NZN4	EHD2_HUMAN	EHD2	EH domain-containing protein 2	2.8689e+06	5.66303e+06	2.11378e+06	3.76395e+06
Q9NZN5	Q9NZN5	ARHGC_HUMAN	ARHGEF12	Rho guanine nucleotide exchange factor 12		159705	135051	151596
Q9NZN8	Q9NZN8	CNOT2_HUMAN	CNOT2	CCR4-NOT transcription complex subunit 2	636858	1.08499e+06	375474	536064
Q9NZP8	Q9NZP8	C1RL_HUMAN	C1RL	Complement C1r subcomponent-like protein	542076	725434	368862	303195
Q9NZQ3	Q9NZQ3	SPN90_HUMAN	NCKIPSD	NCK-interacting protein with SH3 domain	138251			
Q9NZT1	Q9NZT1	CALL5_HUMAN	CALML5	Calmodulin-like protein 5	649194	1.75231e+07	6.55142e+06	920217
Q9NZT2	Q9NZT2	OGFR_HUMAN	OGFR	Opioid growth factor receptor	408801	922884	604422	876871
Q9NZU5	Q9NZU5	LMCD1_HUMAN	LMCD1	LIM and cysteine-rich domains protein 1	805488	1.87917e+06	1.10718e+06	2.91936e+06
Q9NZZ3	Q9NZZ3	CHMP5_HUMAN	CHMP5	Charged multivesicular body protein 5	588254	828742	462814	372930
Q9P000	Q9P000	COMD9_HUMAN	COMMD9	COMM domain-containing protein 9	262131	122747	262437	303878
Q9P013	Q9P013	CWC15_HUMAN	CWC15	Spliceosome-associated protein CWC15 homolog	409741	834601		445729
Q9P015	Q9P015	RM15_HUMAN	MRPL15	Large ribosomal subunit protein uL15m	1.70039e+06	1.58566e+06	660226	1.28008e+06
Q9P016	Q9P016	THYN1_HUMAN	THYN1	Thymocyte nuclear protein 1	1.21841e+06	1.28302e+06	1.6426e+06	1.38462e+06
Q9P032	Q9P032	NDUF4_HUMAN	NDUFAF4	NADH dehydrogenase [ubiquinone] 1 alpha subcomplex assembly factor 4	549633	647802		267164
Q9P035	Q9P035	HACD3_HUMAN	HACD3	Very-long-chain (3R)-3-hydroxyacyl-CoA dehydratase 3	2.27564e+06	1.43627e+06	1.81137e+06	3.32071e+06
Q9P0I2	Q9P0I2	EMC3_HUMAN	EMC3	ER membrane protein complex subunit 3	1.24532e+06	690941	278796	1.26012e+06
Q9P0J0	Q9P0J0	NDUAD_HUMAN	NDUFA13	NADH dehydrogenase [ubiquinone] 1 alpha subcomplex subunit 13	6.50159e+06	5.79317e+06	753368	2.4012e+06
Q9P0J1	Q9P0J1	PDP1_HUMAN	PDP1	[Pyruvate dehydrogenase [acetyl-transferring]]-phosphatase 1, mitochondrial	1.52206e+06	1.75401e+06	1.44633e+06	1.41455e+06
Q9P0J7	Q9P0J7	KCMF1_HUMAN	KCMF1	E3 ubiquitin-protein ligase KCMF1	56536.5		56181.9	108325
Q9P0K7	Q9P0K7	RAI14_HUMAN	RAI14	Ankycorbin	605080	456992	253478	421897
Q9P0L0	Q9P0L0	VAPA_HUMAN	VAPA	Vesicle-associated membrane protein-associated protein A	4.29388e+06	3.91349e+06	5.39261e+06	5.8301e+06
Q9P0L2	P27448;Q9P0L2	MARK1_HUMAN	MARK1	Serine/threonine-protein kinase MARK1	138007	296380	101685	159533
Q9P0M9	Q9P0M9	RM27_HUMAN	MRPL27	Large ribosomal subunit protein bL27m	785878	595265		229609
Q9P0P0	Q9P0P0	RN181_HUMAN	RNF181	E3 ubiquitin-protein ligase RNF181	386730	329194	285457	316253
Q9P0P8	Q9P0P8	MRES1_HUMAN	MTRES1	Mitochondrial transcription rescue factor 1	120284		116863	115926
Q9P0R6	Q9P0R6	GSKIP_HUMAN	GSKIP	GSK3B-interacting protein	110574			162776
Q9P0S9	Q9P0S9	TM14C_HUMAN	TMEM14C	Transmembrane protein 14C	3.44061e+06	1.80938e+06	2.3308e+06	3.29187e+06
Q9P0V9	Q9P0V9	SEP10_HUMAN	SEPTIN10	Septin-10	218079	418261	392685	981993
Q9P0Z9	Q9P0Z9	SOX_HUMAN	PIPOX	Peroxisomal sarcosine oxidase				83504.1
Q9P107	Q9P107	GMIP_HUMAN	GMIP	GEM-interacting protein	403485	464622	905894	721153
Q9P1F3	Q9P1F3	ABRAL_HUMAN	ABRACL	Costars family protein ABRACL	1.88198e+06	1.31822e+06	3.51763e+06	4.23756e+06
Q9P1Y5	Q9P1Y5	CAMP3_HUMAN	CAMSAP3	Calmodulin-regulated spectrin-associated protein 3	140479	104967		
Q9P1Z2	Q9P1Z2	CACO1_HUMAN	CALCOCO1	Calcium-binding and coiled-coil domain-containing protein 1				41177.8
Q9P206	Q9P206	K1522_HUMAN	KIAA1522	Uncharacterized protein KIAA1522	622369	1.17722e+06		
Q9P253	Q9P253	VPS18_HUMAN	VPS18	Vacuolar protein sorting-associated protein 18 homolog	627397	587648	934592	703034
Q9P258	Q9P258	RCC2_HUMAN	RCC2	Protein RCC2	1.22178e+06	1.25207e+06	2.20614e+06	2.47002e+06
Q9P260	Q9P260	RELCH_HUMAN	RELCH	RAB11-binding protein RELCH	253845	612240	100777	234141
Q9P265	Q9P265	DIP2B_HUMAN	DIP2B	Disco-interacting protein 2 homolog B	519421	506273	706809	562563
Q9P270	Q9P270	SLAI2_HUMAN	SLAIN2	SLAIN motif-containing protein 2	790397	1.12657e+06		
Q9P287	Q9P287	BCCIP_HUMAN	BCCIP	BRCA2 and CDKN1A-interacting protein	340762			349085
Q9P289	Q9P289	STK26_HUMAN	STK26	Serine/threonine-protein kinase 26	184731	187204	393976	656726
Q9P291	Q9P291	ARMX1_HUMAN	ARMCX1	Armadillo repeat-containing X-linked protein 1				107202
Q9P299	Q9P299	COPZ2_HUMAN	COPZ2	Coatomer subunit zeta-2	132634			129782
Q9P2B2	Q9P2B2	FPRP_HUMAN	PTGFRN	Prostaglandin F2 receptor negative regulator	2.08385e+06	2.62408e+06	944905	1.05288e+06
Q9P2B4	Q9P2B4	CT2NL_HUMAN	CTTNBP2NL	CTTNBP2 N-terminal-like protein	189364	197439	220773	279736
Q9P2D3	Q9P2D3	HTR5B_HUMAN	HEATR5B	HEAT repeat-containing protein 5B	289845	191236		276579
Q9P2E9	Q9P2E9	RRBP1_HUMAN	RRBP1	Ribosome-binding protein 1	9.25842e+06	1.18865e+07	4.13072e+06	6.29729e+06
Q9P2I0	Q9P2I0	CPSF2_HUMAN	CPSF2	Cleavage and polyadenylation specificity factor subunit 2	248233	561589	251800	652790
Q9P2J5	Q9P2J5	SYLC_HUMAN	LARS1	Leucine--tRNA ligase, cytoplasmic	3.67475e+06	3.79448e+06	1.34577e+06	3.12079e+06
Q9P2K8	Q9P2K8	E2AK4_HUMAN	EIF2AK4	eIF-2-alpha kinase GCN2	63238.6			111671
Q9P2M4	Q9P2M4	TBC14_HUMAN	TBC1D14	TBC1 domain family member 14	306240	58177.2	56859.6	199487
Q9P2M7	Q9P2M7	CING_HUMAN	CGN	Cingulin	2.65932e+06	3.17394e+06	958651	2.68736e+06
Q9P2N5	Q9P2N5	RBM27_HUMAN	RBM27	RNA-binding protein 27	184940	332743	328736	465100
Q9P2R3	Q9P2R3	ANFY1_HUMAN	ANKFY1	Rabankyrin-5	1.15021e+06	1.21572e+06	669204	948808
Q9P2R7	Q9P2R7	SUCB1_HUMAN	SUCLA2	Succinate--CoA ligase [ADP-forming] subunit beta, mitochondrial	4.59813e+06	4.88594e+06	810655	3.10083e+06
Q9P2T1	Q9P2T1	GMPR2_HUMAN	GMPR2	GMP reductase 2	2.66875e+06	2.62213e+06	2.68928e+06	1.84009e+06
Q9P2W9	Q9P2W9	STX18_HUMAN	STX18	Syntaxin-18	469632			486887
Q9P2X0	Q9P2X0	DPM3_HUMAN	DPM3	Dolichol-phosphate mannosyltransferase subunit 3	1.25436e+06	739855		159924
Q9P2X3	Q9P2X3	IMPCT_HUMAN	IMPACT	Protein IMPACT	286060	413501	209140	356591
Q9P2Y5	Q9P2Y5	UVRAG_HUMAN	UVRAG	UV radiation resistance-associated gene protein	126635			144390
Q9UBB4	Q9UBB4	ATX10_HUMAN	ATXN10	Ataxin-10	722203	490721		216240
Q9UBB6	Q9UBB6	NCDN_HUMAN	NCDN	Neurochondrin				128529
Q9UBB9	Q9UBB9	TFP11_HUMAN	TFIP11	Tuftelin-interacting protein 11	242273	223031	173346	
Q9UBC2	Q9UBC2	EP15R_HUMAN	EPS15L1	Epidermal growth factor receptor substrate 15-like 1	1.61692e+06	1.40791e+06	1.44892e+06	1.91818e+06
Q9UBC5	Q9UBC5	MYO1A_HUMAN	MYO1A	Unconventional myosin-Ia	857129	649331		136133
Q9UBD5	Q9UBD5	ORC3_HUMAN	ORC3	Origin recognition complex subunit 3				66581.2
Q9UBD6	Q9UBD6	RHCG_HUMAN	RHCG	Ammonium transporter Rh type C			205347	
Q9UBE0	Q9UBE0	SAE1_HUMAN	SAE1	SUMO-activating enzyme subunit 1	1.7765e+06	1.93092e+06	1.00019e+06	1.72386e+06
Q9UBF2	Q9UBF2	COPG2_HUMAN	COPG2	Coatomer subunit gamma-2	817597	480874	423254	743178
Q9UBG0	Q9UBG0	MRC2_HUMAN	MRC2	C-type mannose receptor 2	955431	860828	2.35948e+06	2.76329e+06
Q9UBH0	Q9UBH0	I36RA_HUMAN	IL36RN	Interleukin-36 receptor antagonist protein			894894	
Q9UBI1	Q9UBI1	COMD3_HUMAN	COMMD3	COMM domain-containing protein 3	321327		194254	268927
Q9UBI6	Q9UBI6	GBG12_HUMAN	GNG12	Guanine nucleotide-binding protein G(I)/G(S)/G(O) subunit gamma-12	1.50389e+06	2.1176e+06	331197	1.37133e+06
Q9UBK8	Q9UBK8	MTRR_HUMAN	MTRR	Methionine synthase reductase	116731			159752
Q9UBK9	Q9UBK9	UXT_HUMAN	UXT	Protein UXT				192055
Q9UBL3	Q9UBL3	ASH2L_HUMAN	ASH2L	Set1/Ash2 histone methyltransferase complex subunit ASH2	392268	575172	509919	847937
Q9UBM7	Q9UBM7	DHCR7_HUMAN	DHCR7	7-dehydrocholesterol reductase	1.30366e+06	1.23187e+06	566671	1.70577e+06
Q9UBN7	Q9UBN7	HDAC6_HUMAN	HDAC6	Histone deacetylase 6	504806	269272		229898
Q9UBP6	Q9UBP6	TRMB_HUMAN	METTL1	tRNA (guanine-N(7)-)-methyltransferase	193951		175564	352641
Q9UBQ0	Q9UBQ0	VPS29_HUMAN	VPS29	Vacuolar protein sorting-associated protein 29	5.19154e+06	4.32561e+06	4.81575e+06	5.79465e+06
Q9UBQ5	Q9UBQ5	EIF3K_HUMAN	EIF3K	Eukaryotic translation initiation factor 3 subunit K	1.95803e+06	1.35906e+06	1.11298e+06	2.24755e+06
Q9UBQ7	Q9UBQ7	GRHPR_HUMAN	GRHPR	Glyoxylate reductase/hydroxypyruvate reductase	4.34739e+06	3.24098e+06	3.7561e+06	3.43914e+06
Q9UBR2	Q9UBR2	CATZ_HUMAN	CTSZ	Cathepsin Z	1.68063e+07	1.33919e+07	1.96521e+07	1.29242e+07
Q9UBS4	Q9UBS4	DJB11_HUMAN	DNAJB11	DnaJ homolog subfamily B member 11	4.8572e+06	4.97054e+06	3.10058e+06	3.1746e+06
Q9UBS8	Q9UBS8	RNF14_HUMAN	RNF14	E3 ubiquitin-protein ligase RNF14	249795		231076	130690
Q9UBT2	Q9UBT2	SAE2_HUMAN	UBA2	SUMO-activating enzyme subunit 2	1.52133e+06	1.51792e+06	1.13146e+06	1.92458e+06
Q9UBU6	Q9UBU6	FA8A1_HUMAN	FAM8A1	Protein FAM8A1	366845	825493	234002	441107
Q9UBU8	Q9UBU8	MO4L1_HUMAN	MORF4L1	Mortality factor 4-like protein 1			296054	232143
Q9UBU9	Q9UBU9	NXF1_HUMAN	NXF1	Nuclear RNA export factor 1	346333	465023	511413	752816
Q9UBV2	Q9UBV2	SE1L1_HUMAN	SEL1L	Protein sel-1 homolog 1	1.4658e+06	830511	1.17312e+06	1.0263e+06
Q9UBV7	Q9UBV7	B4GT7_HUMAN	B4GALT7	Beta-1,4-galactosyltransferase 7	108611		152431	161493
Q9UBV8	Q9UBV8	PEF1_HUMAN	PEF1	Peflin	1.46301e+06	1.17968e+06	368817	1.14475e+06
Q9UBW5	Q9UBW5	BIN2_HUMAN	BIN2	Bridging integrator 2	1.22872e+06	1.24787e+06	3.03095e+06	1.57574e+06
Q9UBW7	Q9UBW7	ZMYM2_HUMAN	ZMYM2	Zinc finger MYM-type protein 2	400493	1.00498e+06	411563	476406
Q9UBW8	Q9UBW8	CSN7A_HUMAN	COPS7A	COP9 signalosome complex subunit 7a	782920	575719	207079	664414
Q9UBX3	Q9UBX3	DIC_HUMAN	SLC25A10	Mitochondrial dicarboxylate carrier	1.90235e+06	1.44295e+06		1.6269e+06
Q9UBX5	Q9UBX5	FBLN5_HUMAN	FBLN5	Fibulin-5	1.25703e+06	2.76645e+06	1.46558e+06	1.50639e+06
Q9UD71	Q9UD71	PPR1B_HUMAN	PPP1R1B	Protein phosphatase 1 regulatory subunit 1B	784517	700423		355445
Q9UDT6	Q9UDT6	CLIP2_HUMAN	CLIP2	CAP-Gly domain-containing linker protein 2	489376	1.02757e+06	425575	1.31629e+06
Q9UDW1	Q9UDW1	QCR9_HUMAN	UQCR10	Cytochrome b-c1 complex subunit 9	8.03613e+06	3.3736e+06	3.73583e+06	7.80943e+06
Q9UDX3	Q9UDX3	S14L4_HUMAN	SEC14L4	SEC14-like protein 4	279278	208654	407312	
Q9UDY2	Q9UDY2	ZO2_HUMAN	TJP2	Tight junction protein ZO-2	807612	1.11914e+06	702862	1.24813e+06
Q9UDY4	Q9UDY4	DNJB4_HUMAN	DNAJB4	DnaJ homolog subfamily B member 4	195116	296801	264201	391694
Q9UDY8	Q9UDY8	MALT1_HUMAN	MALT1	Mucosa-associated lymphoid tissue lymphoma translocation protein 1	295577			138605
Q9UEE9	Q9UEE9	CFDP1_HUMAN	CFDP1	Craniofacial development protein 1	398675	760626	223088	505032
Q9UEU0	Q9UEU0	VTI1B_HUMAN	VTI1B	Vesicle transport through interaction with t-SNAREs homolog 1B	457274	451179	332999	469691
Q9UEW8	Q9UEW8	STK39_HUMAN	STK39	STE20/SPS1-related proline-alanine-rich protein kinase	1.52461e+06	1.18309e+06	1.79323e+06	1.06952e+06
Q9UEY8	Q9UEY8	ADDG_HUMAN	ADD3	Gamma-adducin	2.11226e+06	1.33437e+06	1.43946e+06	2.63217e+06
Q9UFC0	Q9UFC0	LRWD1_HUMAN	LRWD1	Leucine-rich repeat and WD repeat-containing protein 1	72525.5		61864	171631
Q9UFN0	Q9UFN0;Q9BS92	NPS3A_HUMAN	NIPSNAP3A	Protein NipSnap homolog 3A	2.91865e+06	1.82875e+06	3.51477e+06	2.69081e+06
Q9UFW8	Q9UFW8	CGBP1_HUMAN	CGGBP1	CGG triplet repeat-binding protein 1	110287	141785	227113	212883
Q9UG56	Q9UG56	PISD_HUMAN	PISD	Phosphatidylserine decarboxylase proenzyme, mitochondrial	153800		120042	272396
Q9UG63	Q9UG63	ABCF2_HUMAN	ABCF2	ATP-binding cassette sub-family F member 2	162772		223061	246060
Q9UGI8	Q9UGI8	TES_HUMAN	TES	Testin	1.51387e+07	2.02795e+07	4.92058e+06	1.07999e+07
Q9UGK3	Q9UGK3	STAP2_HUMAN	STAP2	Signal-transducing adaptor protein 2	854103	1.12654e+06	243303	296737
Q9UGM3	Q9UGM3	DMBT1_HUMAN	DMBT1	Deleted in malignant brain tumors 1 protein	321336	393003	1.18033e+06	9.83424e+06
Q9UGM5	Q9UGM5	FETUB_HUMAN	FETUB	Fetuin-B	665044	662404	613249	346615
Q9UGM6	Q9UGM6	SYWM_HUMAN	WARS2	Tryptophan--tRNA ligase, mitochondrial	276248	485421		148950
Q9UGN4	Q9UGN4	CLM8_HUMAN	CD300A	CMRF35-like molecule 8			599431	319534
Q9UGP4	Q9UGP4	LIMD1_HUMAN	LIMD1	LIM domain-containing protein 1	258632	370153		
Q9UGP8	Q9UGP8	SEC63_HUMAN	SEC63	Translocation protein SEC63 homolog	890922	801442	585226	1.00961e+06
Q9UGQ2	Q9UGQ2	FLOWR_HUMAN	CACFD1	Calcium channel flower homolog	443410	328842		
Q9UGR2	Q9UGR2	Z3H7B_HUMAN	ZC3H7B	Zinc finger CCCH domain-containing protein 7B			79633.5	141518
Q9UGT4	Q9UGT4	SUSD2_HUMAN	SUSD2	Sushi domain-containing protein 2	356019		603321	532355
Q9UGV2	Q9UGV2	NDRG3_HUMAN	NDRG3	Protein NDRG3	2.81941e+06	3.30694e+06	2.01119e+06	2.63236e+06
Q9UH03	Q9UH03	SEPT3_HUMAN	SEPTIN3	Neuronal-specific septin-3			131643	179118
Q9UH62	Q9UH62	ARMX3_HUMAN	ARMCX3	Armadillo repeat-containing X-linked protein 3	708399	723179	593471	614016
Q9UH65	Q9UH65	SWP70_HUMAN	SWAP70	Switch-associated protein 70	1.23437e+06	1.38857e+06	1.58174e+06	2.00333e+06
Q9UH99	Q9UH99	SUN2_HUMAN	SUN2	SUN domain-containing protein 2	584794	678091	1.44538e+06	1.21678e+06
Q9UHA4	Q9UHA4	LTOR3_HUMAN	LAMTOR3	Ragulator complex protein LAMTOR3	3.30734e+06	426601	4.35802e+06	3.2286e+06
Q9UHB6	Q9UHB6	LIMA1_HUMAN	LIMA1	LIM domain and actin-binding protein 1	3.11955e+06	4.78508e+06	1.60153e+06	1.90668e+06
Q9UHB9	Q9UHB9	SRP68_HUMAN	SRP68	Signal recognition particle subunit SRP68	1.16198e+06	925441	515069	841579
Q9UHD1	Q9UHD1	CHRD1_HUMAN	CHORDC1	Cysteine and histidine-rich domain-containing protein 1	552676	481231	644998	778264
Q9UHD2	Q9UHD2	TBK1_HUMAN	TBK1	Serine/threonine-protein kinase TBK1	453619	230637		527561
Q9UHD8	Q9UHD8	SEPT9_HUMAN	SEPTIN9	Septin-9	2.61667e+06	4.46987e+06	3.18445e+06	3.5784e+06
Q9UHD9	Q9UHD9	UBQL2_HUMAN	UBQLN2	Ubiquilin-2	677430	1.03423e+06	623851	704891
Q9UHE8	Q9UHE8;Q6NZ63	STEA1_HUMAN	STEAP1	Metalloreductase STEAP1			466487	473729
Q9UHG3	Q9UHG3	PCYOX_HUMAN	PCYOX1	Prenylcysteine oxidase 1	4.20527e+06	2.78278e+06	3.83159e+06	4.67804e+06
Q9UHJ6	Q9UHJ6	SHPK_HUMAN	SHPK	Sedoheptulokinase	1.12532e+06	1.27833e+06	168056	431186
Q9UHK6	Q9UHK6	AMACR_HUMAN	AMACR	Alpha-methylacyl-CoA racemase	688079	342843	454859	1.89133e+06
Q9UHL4	Q9UHL4	DPP2_HUMAN	DPP7	Dipeptidyl peptidase 2	3.11234e+06	3.01871e+06	3.74388e+06	2.35062e+06
Q9UHN6	Q9UHN6	CEIP2_HUMAN	CEMIP2	Inactive cell surface hyaluronidase CEMIP2	666568	607798	843919	840089
Q9UHQ4	Q9UHQ4	BAP29_HUMAN	BCAP29	B-cell receptor-associated protein 29	310176	418826	236062	358896
Q9UHQ9	Q9UHQ9	NB5R1_HUMAN	CYB5R1	NADH-cytochrome b5 reductase 1	1.65127e+07	1.42273e+07	2.15795e+07	1.72029e+07
Q9UHR4	Q9UHR4	BI2L1_HUMAN	BAIAP2L1	Brain-specific angiogenesis inhibitor 1-associated protein 2-like protein 1	360892	369184	166330	393888
Q9UHV9	Q9UHV9	PFD2_HUMAN	PFDN2	Prefoldin subunit 2	3.55971e+06	3.451e+06	1.87227e+06	4.91817e+06
Q9UHW9	Q9UHW9	S12A6_HUMAN	SLC12A6	Solute carrier family 12 member 6	290695		276305	164853
Q9UHX1	Q9UHX1	PUF60_HUMAN	PUF60	Poly(U)-binding-splicing factor PUF60	1.342e+06	1.15448e+06	1.97904e+06	3.22434e+06
Q9UHX3	Q9UHX3	AGRE2_HUMAN	ADGRE2	Adhesion G protein-coupled receptor E2			297190	147923
Q9UHY1	Q9UHY1	NRBP_HUMAN	NRBP1	Nuclear receptor-binding protein	397449		200122	404474
Q9UHY7	Q9UHY7	ENOPH_HUMAN	ENOPH1	Enolase-phosphatase E1	1.13001e+06		888966	1.70706e+06
Q9UI08	Q9UI08	EVL_HUMAN	EVL	Ena/VASP-like protein	999034	1.01865e+06	1.71392e+06	886713
Q9UI09	Q9UI09	NDUAC_HUMAN	NDUFA12	NADH dehydrogenase [ubiquinone] 1 alpha subcomplex subunit 12	4.28808e+06	3.0922e+06	1.04038e+06	2.45946e+06
Q9UI10	Q9UI10	EI2BD_HUMAN	EIF2B4	Translation initiation factor eIF-2B subunit delta	544144	560106	186992	583063
Q9UI12	Q9UI12	VATH_HUMAN	ATP6V1H	V-type proton ATPase subunit H	1.42347e+06	776594	514674	1.36744e+06
Q9UI14	Q9UI14	PRAF1_HUMAN	RABAC1	Prenylated Rab acceptor protein 1	1.94878e+06	3.40539e+06	211678	1.23265e+06
Q9UI26	Q9UI26	IPO11_HUMAN	IPO11	Importin-11	142566			51550
Q9UI30	Q9UI30	TR112_HUMAN	TRMT112	Multifunctional methyltransferase subunit TRM112-like protein	557191	562870	145725	382190
Q9UI42	Q9UI42	CBPA4_HUMAN	CPA4	Carboxypeptidase A4		968883	1.2656e+06	141845
Q9UIA9	Q9UIA9	XPO7_HUMAN	XPO7	Exportin-7	2.80104e+06	2.06757e+06	694674	1.95845e+06
Q9UIB8	Q9UIB8	SLAF5_HUMAN	CD84	SLAM family member 5			167374	105416
Q9UIC8	Q9UIC8	LCMT1_HUMAN	LCMT1	Leucine carboxyl methyltransferase 1	744177	627977	357029	483653
Q9UID3	Q9UID3	VPS51_HUMAN	VPS51	Vacuolar protein sorting-associated protein 51 homolog	554321	440081	164623	408241
Q9UIG0	Q9UIG0	BAZ1B_HUMAN	BAZ1B	Tyrosine-protein kinase BAZ1B			61735	144006
Q9UII2	Q9UII2	ATIF1_HUMAN	ATP5IF1	ATPase inhibitor, mitochondrial	3.4573e+06	5.09622e+06	1.79184e+06	3.05176e+06
Q9UIJ7	Q9UIJ7	KAD3_HUMAN	AK3	GTP:AMP phosphotransferase AK3, mitochondrial	5.63691e+06	6.0532e+06	4.06013e+06	4.59889e+06
Q9UIQ6	Q9UIQ6	LCAP_HUMAN	LNPEP	Leucyl-cystinyl aminopeptidase	1.67122e+06	766676	843235	1.99886e+06
Q9UIV1	Q9UIV1	CNOT7_HUMAN	CNOT7	CCR4-NOT transcription complex subunit 7	278722		217487	325698
Q9UIV8	Q9UIV8	SPB13_HUMAN	SERPINB13	Serpin B13		140424	593061	
Q9UIW2	Q9UIW2	PLXA1_HUMAN	PLXNA1	Plexin-A1	219434	107865	116457	188338
Q9UJ14	Q9UJ14	GGT7_HUMAN	GGT7	Glutathione hydrolase 7	32934.4		119832	136826
Q9UJ37	Q9UJ37	SIA7B_HUMAN	ST6GALNAC2	Alpha-N-acetylgalactosaminide alpha-2,6-sialyltransferase 2	802804	1.1217e+06	709143	602986
Q9UJ41	Q9UJ41	RABX5_HUMAN	RABGEF1	Rab5 GDP/GTP exchange factor	130423		175673	141567
Q9UJ68	Q9UJ68	MSRA_HUMAN	MSRA	Mitochondrial peptide methionine sulfoxide reductase	584853	672512	1.91848e+06	1.08536e+06
Q9UJ70	Q9UJ70	NAGK_HUMAN	NAGK	N-acetyl-D-glucosamine kinase	3.9251e+06	3.52269e+06	7.51839e+06	3.9379e+06
Q9UJ71	Q9UJ71	CLC4K_HUMAN	CD207	C-type lectin domain family 4 member K			286166	
Q9UJA5	Q9UJA5	TRM6_HUMAN	TRMT6	tRNA (adenine(58)-N(1))-methyltransferase non-catalytic subunit TRM6	396664		165042	457516
Q9UJC3	Q9UJC3	HOOK1_HUMAN	HOOK1	Protein Hook homolog 1	695170	773117		331775
Q9UJC5	Q9UJC5	SH3L2_HUMAN	SH3BGRL2	SH3 domain-binding glutamic acid-rich-like protein 2	1.59285e+06		908028	1.33563e+06
Q9UJS0	Q9UJS0	S2513_HUMAN	SLC25A13	Electrogenic aspartate/glutamate antiporter SLC25A13, mitochondrial	8.57035e+06	6.24821e+06	2.11551e+06	9.13735e+06
Q9UJU6	Q9UJU6	DBNL_HUMAN	DBNL	Drebrin-like protein	4.34424e+06	5.92075e+06	6.7999e+06	5.50967e+06
Q9UJW0	Q9UJW0	DCTN4_HUMAN	DCTN4	Dynactin subunit 4	756686	835904	742980	866652
Q9UJX2	Q9UJX2	CDC23_HUMAN	CDC23	Cell division cycle protein 23 homolog	270472		240837	366449
Q9UJX3	Q9UJX3	APC7_HUMAN	ANAPC7	Anaphase-promoting complex subunit 7	97059.5		42264.9	150126
Q9UJX6	Q9UJX6	ANC2_HUMAN	ANAPC2	Anaphase-promoting complex subunit 2	230020		122698	234729
Q9UJY4	Q9UJY4	GGA2_HUMAN	GGA2	ADP-ribosylation factor-binding protein GGA2	144124			96999.4
Q9UJY5	Q9UJY5	GGA1_HUMAN	GGA1	ADP-ribosylation factor-binding protein GGA1	1.27181e+06	913812	656356	894821
Q9UJZ1	Q9UJZ1	STML2_HUMAN	STOML2	Stomatin-like protein 2, mitochondrial	3.14201e+06	3.95257e+06	485511	1.39241e+06
Q9UK22	Q9UK22	FBX2_HUMAN	FBXO2	F-box only protein 2			1.55521e+06	890735
Q9UK41	Q9UK41	VPS28_HUMAN	VPS28	Vacuolar protein sorting-associated protein 28 homolog	1.12332e+06	656854	480497	730324
Q9UK45	Q9UK45	LSM7_HUMAN	LSM7	U6 snRNA-associated Sm-like protein LSm7	3.27784e+06	3.77166e+06	3.39192e+06	3.94447e+06
Q9UK55	Q9UK55	ZPI_HUMAN	SERPINA10	Protein Z-dependent protease inhibitor	382005	380100	568061	262136
Q9UK59	Q9UK59	DBR1_HUMAN	DBR1	Lariat debranching enzyme				271693
Q9UK76	Q9UK76	JUPI1_HUMAN	JPT1	Jupiter microtubule associated homolog 1	828838	1.16053e+06	130219	766728
Q9UK99	Q9UK99	FBX3_HUMAN	FBXO3	F-box only protein 3	707754		488409	735629
Q9UKA9	Q9UKA9	PTBP2_HUMAN	PTBP2	Polypyrimidine tract-binding protein 2	2.76958e+06	3.74158e+06	4.73654e+06	6.43195e+06
Q9UKB1	Q9UKB1	FBW1B_HUMAN	FBXW11	F-box/WD repeat-containing protein 11	190640		457997	310730
Q9UKD2	Q9UKD2	MRT4_HUMAN	MRTO4	mRNA turnover protein 4 homolog	90885.6		61114.4	162994
Q9UKF6	Q9UKF6	CPSF3_HUMAN	CPSF3	Cleavage and polyadenylation specificity factor subunit 3	274705	135128	407178	523367
Q9UKF7	Q9UKF7	PITC1_HUMAN	PITPNC1	Cytoplasmic phosphatidylinositol transfer protein 1	252870	116566	353260	454803
Q9UKG1	Q9UKG1	DP13A_HUMAN	APPL1	DCC-interacting protein 13-alpha	1.41409e+06	1.58002e+06	1.67787e+06	1.45744e+06
Q9UKG9	Q9UKG9	OCTC_HUMAN	CROT	Peroxisomal carnitine O-octanoyltransferase	293395	477740	340694	365764
Q9UKJ1	Q9UKJ1	PILRA_HUMAN	PILRA	Paired immunoglobulin-like type 2 receptor alpha			106749	
Q9UKK3	Q9UKK3	PARP4_HUMAN	PARP4	Protein mono-ADP-ribosyltransferase PARP4	1.15626e+06	1.05791e+06	821898	1.48881e+06
Q9UKK9	Q9UKK9	NUDT5_HUMAN	NUDT5	ADP-sugar pyrophosphatase	3.48318e+06	3.94339e+06	3.73796e+06	7.37444e+06
Q9UKL0	Q9UKL0	RCOR1_HUMAN	RCOR1	REST corepressor 1	108377	160262	174536	197885
Q9UKL6	Q9UKL6	PPCT_HUMAN	PCTP	Phosphatidylcholine transfer protein	860577	551351	256212	301321
Q9UKM7	Q9UKM7	MA1B1_HUMAN	MAN1B1	Endoplasmic reticulum mannosyl-oligosaccharide 1,2-alpha-mannosidase	3.17941e+06	2.85762e+06	1.48464e+06	5.46774e+06
Q9UKM9	Q9UKM9	RALY_HUMAN	RALY	RNA-binding protein Raly	6.96654e+06	6.9757e+06	2.30313e+06	6.91678e+06
Q9UKN1	Q9UKN1	MUC12_HUMAN	MUC12	Mucin-12	2.95071e+06	4.03633e+06	2.79785e+06	4.8794e+06
Q9UKN8	Q9UKN8	TF3C4_HUMAN	GTF3C4	General transcription factor 3C polypeptide 4	162557		112943	310178
Q9UKR5	Q9UKR5	ERG28_HUMAN	ERG28	Ergosterol biosynthetic protein 28 homolog	2.07024e+06	1.21562e+06	302917	1.51514e+06
Q9UKS6	Q9UKS6	PACN3_HUMAN	PACSIN3	Protein kinase C and casein kinase substrate in neurons protein 3			152207	306505
Q9UKU7	Q9UKU7	ACAD8_HUMAN	ACAD8	Isobutyryl-CoA dehydrogenase, mitochondrial	1.13327e+06	653007	277368	303646
Q9UKU9	O95841;Q9UKU9	ANGL2_HUMAN	ANGPTL2	Angiopoietin-related protein 2			377200	300041
Q9UKV3	Q9UKV3	ACINU_HUMAN	ACIN1	Apoptotic chromatin condensation inducer in the nucleus	569335	757923	574166	766516
Q9UKV8	Q9H9G7;Q9UKV8;Q9UL18	AGO2_HUMAN	AGO2	Protein argonaute-2	886527	1.09092e+06	1.9889e+06	1.52688e+06
Q9UKX5	Q9UKX5	ITA11_HUMAN	ITGA11	Integrin alpha-11	91440.1		316309	545869
Q9UKX7	Q9UKX7	NUP50_HUMAN	NUP50	Nuclear pore complex protein Nup50	609790	1.16916e+06	1.73029e+06	962935
Q9UKY3	Q9UKY3	CES1P_HUMAN	CES1P1	Putative inactive carboxylesterase 4	742449		1.92265e+06	1.24277e+06
Q9UKY7	Q9UKY7	CDV3_HUMAN	CDV3	Protein CDV3 homolog	3.15074e+06	4.40099e+06	2.13982e+06	2.10251e+06
Q9UKZ1	Q9UKZ1	CNO11_HUMAN	CNOT11	CCR4-NOT transcription complex subunit 11	92729.4	94869		
Q9UL03	Q9UL03	INT6_HUMAN	INTS6	Integrator complex subunit 6	53119.9		60202.1	94307.5
Q9UL15	Q9UL15	BAG5_HUMAN	BAG5	BAG family molecular chaperone regulator 5	273762	176076	150789	243159
Q9UL18	Q9UL18	AGO1_HUMAN	AGO1	Protein argonaute-1	610475	1.19643e+06	1.18781e+06	984786
Q9UL25	Q9UL25	RAB21_HUMAN	RAB21	Ras-related protein Rab-21	1.90922e+06	1.46938e+06	3.46361e+06	2.91481e+06
Q9UL26	Q9UL26	RB22A_HUMAN	RAB22A	Ras-related protein Rab-22A	335066	218899	342233	424672
Q9UL33	Q9UL33	TPC2L_HUMAN	TRAPPC2L	Trafficking protein particle complex subunit 2-like protein	369697	277079	404887	406288
Q9UL46	Q9UL46	PSME2_HUMAN	PSME2	Proteasome activator complex subunit 2	1.50272e+07	1.28492e+07	1.51394e+06	1.14562e+07
Q9ULA0	Q9ULA0	DNPEP_HUMAN	DNPEP	Aspartyl aminopeptidase	3.54792e+06	3.71382e+06	3.56517e+06	2.47976e+06
Q9ULC3	Q9ULC3	RAB23_HUMAN	RAB23	Ras-related protein Rab-23	1.48385e+06	1.98592e+06	1.4485e+06	2.10658e+06
Q9ULC4	Q9ULC4;A0A3B3IRV3	MCTS1_HUMAN	MCTS1	Malignant T-cell-amplified sequence 1	1.84241e+06	2.93134e+06	3.1004e+06	3.65082e+06
Q9ULC5	Q9ULC5	ACSL5_HUMAN	ACSL5	Long-chain-fatty-acid--CoA ligase 5	2.41173e+06	2.12121e+06	1.53438e+06	1.74712e+06
Q9ULE0	Q9ULE0	WWC3_HUMAN	WWC3	Protein WWC3	512071		476682	834449
Q9ULE6	Q9ULE6	PALD_HUMAN	PALD1	Paladin			121327	95209.4
Q9ULH1	Q9ULH1	ASAP1_HUMAN	ASAP1	Arf-GAP with SH3 domain, ANK repeat and PH domain-containing protein 1	145878	142510	553980	355192
Q9ULK4	Q9ULK4	MED23_HUMAN	MED23	Mediator of RNA polymerase II transcription subunit 23	132914			163536
Q9ULP9	Q9ULP9	TBC24_HUMAN	TBC1D24	TBC1 domain family member 24	842833	877619	494189	428479
Q9ULQ1	Q9ULQ1	TPC1_HUMAN	TPCN1	Two pore channel protein 1	111137	89391.5	97411.1	77635.1
Q9ULR3	Q9ULR3	PPM1H_HUMAN	PPM1H	Protein phosphatase 1H	160637			272649
Q9ULT8	Q9ULT8	HECD1_HUMAN	HECTD1	E3 ubiquitin-protein ligase HECTD1	197880	153772	293953	356555
Q9ULV0	Q9ULV0	MYO5B_HUMAN	MYO5B	Unconventional myosin-Vb	224912		221995	185932
Q9ULV4	Q9ULV4	COR1C_HUMAN	CORO1C	Coronin-1C	2.185e+06	3.77859e+06	6.58401e+06	6.00431e+06
Q9ULX3	Q9ULX3	NOB1_HUMAN	NOB1	RNA-binding protein NOB1	399344	301357		576911
Q9ULZ3	Q9ULZ3	ASC_HUMAN	PYCARD	Apoptosis-associated speck-like protein containing a CARD	4.55932e+06	4.21497e+06	2.5004e+06	3.83579e+06
Q9UM00	Q9UM00	TMCO1_HUMAN	TMCO1	Calcium load-activated calcium channel	1.29314e+06	879064	701449	2.34694e+06
Q9UM07	Q9UM07	PADI4_HUMAN	PADI4	Protein-arginine deiminase type-4	415135	550779	5.22073e+06	3.20726e+06
Q9UM22	Q9UM22	EPDR1_HUMAN	EPDR1	Mammalian ependymin-related protein 1	642565	919360	936676	799973
Q9UM47	Q9UM47	NOTC3_HUMAN	NOTCH3	Neurogenic locus notch homolog protein 3		2.80311e+06	47900.2	86395.6
Q9UM54	Q9UM54	MYO6_HUMAN	MYO6	Unconventional myosin-VI	4.67092e+06	1.51609e+06	4.31072e+06	5.49854e+06
Q9UMS0	Q9UMS0	NFU1_HUMAN	NFU1	NFU1 iron-sulfur cluster scaffold homolog, mitochondrial	269303		61192.2	108617
Q9UMS4	Q9UMS4	PRP19_HUMAN	PRPF19	Pre-mRNA-processing factor 19	2.7994e+06	2.37055e+06	4.76047e+06	5.42578e+06
Q9UMS6	Q9UMS6	SYNP2_HUMAN	SYNPO2	Synaptopodin-2	355861	1.0219e+06		113610
Q9UMX0	Q9UMX0	UBQL1_HUMAN	UBQLN1	Ubiquilin-1	1.05607e+06	1.46027e+06	1.17796e+06	1.18099e+06
Q9UMX5	Q9UMX5	NENF_HUMAN	NENF	Neudesin	861734	1.33022e+06	516448	938172
Q9UMY4	Q9UMY4	SNX12_HUMAN	SNX12	Sorting nexin-12	2.75441e+06	4.17147e+06	2.85649e+06	3.65946e+06
Q9UMZ2	Q9UMZ2	SYNRG_HUMAN	SYNRG	Synergin gamma	237429			
Q9UN36	Q9UN36	NDRG2_HUMAN	NDRG2	Protein NDRG2	1.63557e+06	1.38967e+06	609239	559034
Q9UN37	Q9UN37	VPS4A_HUMAN	VPS4A	Vacuolar protein sorting-associated protein 4A	1.38469e+06	1.83391e+06	527139	992206
Q9UN76	Q9UN76	S6A14_HUMAN	SLC6A14	Sodium- and chloride-dependent neutral and basic amino acid transporter B(0+)			176810	
Q9UN86	Q9UN86	G3BP2_HUMAN	G3BP2	Ras GTPase-activating protein-binding protein 2	715342	1.11894e+06	521642	1.02817e+06
Q9UNE7	Q9UNE7	CHIP_HUMAN	STUB1	E3 ubiquitin-protein ligase CHIP	490320	373799	199796	486599
Q9UNF0	Q9UNF0	PACN2_HUMAN	PACSIN2	Protein kinase C and casein kinase substrate in neurons protein 2	2.59667e+06	2.50641e+06	2.69866e+06	2.53694e+06
Q9UNF1	Q9UNF1	MAGD2_HUMAN	MAGED2	Melanoma-associated antigen D2	480123	593876	427537	1.22494e+06
Q9UNH6	Q9UNH6	SNX7_HUMAN	SNX7	Sorting nexin-7	735653	610431	275605	456655
Q9UNH7	Q9UNH7	SNX6_HUMAN	SNX6	Sorting nexin-6	1.6123e+06	1.62127e+06	1.37664e+06	2.13186e+06
Q9UNK0	Q9UNK0	STX8_HUMAN	STX8	Syntaxin-8	541793	348321	225751	257310
Q9UNL2	Q9UNL2	SSRG_HUMAN	SSR3	Translocon-associated protein subunit gamma	2.29582e+06	1.1497e+06	569453	1.76287e+06
Q9UNM6	Q9UNM6	PSD13_HUMAN	PSMD13	26S proteasome non-ATPase regulatory subunit 13	8.75546e+06	7.25411e+06	1.65927e+06	7.74642e+06
Q9UNN5	Q9UNN5	FAF1_HUMAN	FAF1	FAS-associated factor 1	693636	793084	338653	937343
Q9UNN8	Q9UNN8	EPCR_HUMAN	PROCR	Endothelial protein C receptor	1.58111e+06	1.06625e+06	1.42634e+06	2.06582e+06
Q9UNP9	Q9UNP9	PPIE_HUMAN	PPIE	Peptidyl-prolyl cis-trans isomerase E	624918	748396	791859	883302
Q9UNQ0	Q9UNQ0	ABCG2_HUMAN	ABCG2	Broad substrate specificity ATP-binding cassette transporter ABCG2				135600
Q9UNQ2	Q9UNQ2	DIM1_HUMAN	DIMT1	Probable dimethyladenosine transferase	126712			164495
Q9UNS2	Q9UNS2	CSN3_HUMAN	COPS3	COP9 signalosome complex subunit 3	1.2036e+06	956463	1.44599e+06	1.23352e+06
Q9UNW1	Q9UNW1	MINP1_HUMAN	MINPP1	Multiple inositol polyphosphate phosphatase 1	736039	1.15973e+06	414685	564077
Q9UNW9	P51513;Q9UNW9	NOVA2_HUMAN	NOVA2	RNA-binding protein Nova-2				492390
Q9UNX3	Q9UNX3	RL26L_HUMAN	RPL26L1	Ribosomal protein uL24-like	344914			
Q9UNY4	Q9UNY4	TTF2_HUMAN	TTF2	Transcription termination factor 2				75295.4
Q9UNZ2	Q9UNZ2	NSF1C_HUMAN	NSFL1C	NSFL1 cofactor p47	3.76807e+06	4.58186e+06	2.7296e+06	7.79544e+06
Q9UP83	Q9UP83	COG5_HUMAN	COG5	Conserved oligomeric Golgi complex subunit 5	1.17185e+06	842584		659532
Q9UP95	Q9UHW9;Q9UP95	S12A4_HUMAN	SLC12A4	Solute carrier family 12 member 4	409602	200509	689436	901217
Q9UPN3	Q9UPN3	MACF1_HUMAN	MACF1	Microtubule-actin cross-linking factor 1, isoforms 1/2/3/4/5	1.89959e+06	1.96198e+06	3.91038e+06	3.30942e+06
Q9UPN6	O95104;Q9UPN6	SCAF8_HUMAN	SCAF8	SR-related and CTD-associated factor 8	662050		72391.3	514958
Q9UPN7	Q9UPN7	PP6R1_HUMAN	PPP6R1	Serine/threonine-protein phosphatase 6 regulatory subunit 1	730628	966944		427850
Q9UPN9	Q9UPN9	TRI33_HUMAN	TRIM33	E3 ubiquitin-protein ligase TRIM33	566570		360896	1.12899e+06
Q9UPQ8	Q9UPQ8	DOLK_HUMAN	DOLK	Dolichol kinase	192849		307607	191587
Q9UPR3	Q9UPR3	SMG5_HUMAN	SMG5	Nonsense-mediated mRNA decay factor SMG5				21766.8
Q9UPT5	Q9UPT5	EXOC7_HUMAN	EXOC7	Exocyst complex component 7	336131	469893	321659	456376
Q9UPT8	Q9UPT8	ZC3H4_HUMAN	ZC3H4	Zinc finger CCCH domain-containing protein 4	195744	322047		132664
Q9UPU5	Q9UPU5	UBP24_HUMAN	USP24	Ubiquitin carboxyl-terminal hydrolase 24	442494	364458	358742	435724
Q9UPU7	Q9UPU7	TBD2B_HUMAN	TBC1D2B	TBC1 domain family member 2B	333553	359920	232027	359888
Q9UPY3	Q9UPY3	DICER_HUMAN	DICER1	Endoribonuclease Dicer	192353		186520	237503
Q9UPZ9	Q9UPZ9	CILK1_HUMAN	CILK1	Serine/threonine-protein kinase ICK	232260		163327	286692
Q9UQ13	Q9UQ13	SHOC2_HUMAN	SHOC2	Leucine-rich repeat protein SHOC-2	386242	147678	613738	510125
Q9UQ16	Q9UQ16	DYN3_HUMAN	DNM3	Dynamin-3	2.93296e+06	1.9771e+06	266567	337922
Q9UQ35	Q9UQ35	SRRM2_HUMAN	SRRM2	Serine/arginine repetitive matrix protein 2	520129	624909		
Q9UQ80	Q9UQ80	PA2G4_HUMAN	PA2G4	Proliferation-associated protein 2G4	5.36483e+06	6.57396e+06	6.84858e+06	1.05402e+07
Q9UQB8	Q9UQB8	BAIP2_HUMAN	BAIAP2	Brain-specific angiogenesis inhibitor 1-associated protein 2	134585	272706	298290	290820
Q9UQE7	Q9UQE7	SMC3_HUMAN	SMC3	Structural maintenance of chromosomes protein 3	809688	627988	920891	1.19463e+06
Q9UQN3	Q9UQN3	CHM2B_HUMAN	CHMP2B	Charged multivesicular body protein 2b	1.0794e+06	1.91923e+06	144021	306724
Q9Y217	Q9Y217	MTMR6_HUMAN	MTMR6	Myotubularin-related protein 6	2.2624e+06	3.44135e+06	3.09372e+06	3.17535e+06
Q9Y223	Q9Y223	GLCNE_HUMAN	GNE	Bifunctional UDP-N-acetylglucosamine 2-epimerase/N-acetylmannosamine kinase	3.43349e+06	2.75774e+06		593051
Q9Y224	Q9Y224	RTRAF_HUMAN	RTRAF	RNA transcription, translation and transport factor protein	2.04678e+06	1.38739e+06	539189	2.1304e+06
Q9Y228	Q9Y228	T3JAM_HUMAN	TRAF3IP3	TRAF3-interacting JNK-activating modulator	85382.5	72669.6	206702	73239.5
Q9Y230	Q9Y230	RUVB2_HUMAN	RUVBL2	RuvB-like 2	2.61001e+06	2.60135e+06	2.09078e+06	3.19172e+06
Q9Y237	Q9Y237	PIN4_HUMAN	PIN4	Peptidyl-prolyl cis-trans isomerase NIMA-interacting 4	542216	528869	737392	809025
Q9Y240	Q9Y240	CLC11_HUMAN	CLEC11A	C-type lectin domain family 11 member A				247694
Q9Y243	Q9Y243	AKT3_HUMAN	AKT3	RAC-gamma serine/threonine-protein kinase				44598.6
Q9Y248	Q9Y248	PSF2_HUMAN	GINS2	DNA replication complex GINS protein PSF2			478197	79230.7
Q9Y256	Q9Y256	FACE2_HUMAN	RCE1	CAAX prenyl protease 2	294817			393322
Q9Y259	Q9Y259	CHKB_HUMAN	CHKB	Choline/ethanolamine kinase	1.33766e+06		1.50362e+06	484506
Q9Y262	Q9Y262	EIF3L_HUMAN	EIF3L	Eukaryotic translation initiation factor 3 subunit L	5.19703e+06	3.70544e+06	4.15808e+06	6.65821e+06
Q9Y263	Q9Y263	PLAP_HUMAN	PLAA	Phospholipase A-2-activating protein	1.66259e+06	1.45444e+06	1.59718e+06	1.66858e+06
Q9Y265	Q9Y265	RUVB1_HUMAN	RUVBL1	RuvB-like 1	2.36544e+06	2.82156e+06	2.29469e+06	3.26858e+06
Q9Y266	Q9Y266	NUDC_HUMAN	NUDC	Nuclear migration protein nudC	2.0908e+06	2.27462e+06	1.95723e+06	3.26899e+06
Q9Y276	Q9Y276	BCS1_HUMAN	BCS1L	Mitochondrial chaperone BCS1	462172	463907	396943	700647
Q9Y277	Q9Y277	VDAC3_HUMAN	VDAC3	Voltage-dependent anion-selective channel protein 3	1.09876e+07	6.08711e+06	5.2744e+06	8.29921e+06
Q9Y281	Q9Y281	COF2_HUMAN	CFL2	Cofilin-2	1.10246e+06	1.47561e+06	807420	1.07624e+06
Q9Y282	Q9Y282	ERGI3_HUMAN	ERGIC3	Endoplasmic reticulum-Golgi intermediate compartment protein 3	1.18775e+06	1.07589e+06	49792.5	518226
Q9Y285	Q9Y285	SYFA_HUMAN	FARSA	Phenylalanine--tRNA ligase alpha subunit	1.74048e+06	2.26571e+06	1.18671e+06	1.45396e+06
Q9Y287	Q9Y287	ITM2B_HUMAN	ITM2B	Integral membrane protein 2B	94073.4	210784		225106
Q9Y289	Q9Y289	SC5A6_HUMAN	SLC5A6	Sodium-dependent multivitamin transporter	56784.9			441341
Q9Y291	Q9Y291	RT33_HUMAN	MRPS33	Small ribosomal subunit protein mS33	439430	748964		326923
Q9Y294	Q9NVP2;Q9Y294	ASF1A_HUMAN	ASF1A	Histone chaperone ASF1A	533918	500353	304550	746065
Q9Y295	Q9Y295	DRG1_HUMAN	DRG1	Developmentally-regulated GTP-binding protein 1	1.00015e+06	1.35125e+06	1.21976e+06	2.68076e+06
Q9Y296	Q9Y296	TPPC4_HUMAN	TRAPPC4	Trafficking protein particle complex subunit 4	817074	765474	848029	970924
Q9Y2A7	Q9Y2A7	NCKP1_HUMAN	NCKAP1	Nck-associated protein 1	1.24833e+06	1.36964e+06	388000	1.26685e+06
Q9Y2A9	Q9Y2A9	B3GN3_HUMAN	B3GNT3	N-acetyllactosaminide beta-1,3-N-acetylglucosaminyltransferase 3	1.22401e+06	1.38567e+06	1.30278e+06	728217
Q9Y2B0	Q9Y2B0	CNPY2_HUMAN	CNPY2	Protein canopy homolog 2	6.68961e+06	5.41624e+06	3.1942e+06	5.47475e+06
Q9Y2C3	Q9Y2C3	B3GT5_HUMAN	B3GALT5	Beta-1,3-galactosyltransferase 5	2.08843e+06	672724		
Q9Y2C4	Q9Y2C4	EXOG_HUMAN	EXOG	Nuclease EXOG, mitochondrial	559645		428576	439268
Q9Y2D2	Q9Y2D2	S35A3_HUMAN	SLC35A3	UDP-N-acetylglucosamine transporter	805479	426321		684838
Q9Y2D5	Q9Y2D5	AKAP2_HUMAN	AKAP2	A-kinase anchor protein 2	556202	723908		830716
Q9Y2E5	Q9Y2E5	MA2B2_HUMAN	MAN2B2	Epididymis-specific alpha-mannosidase	319259	132693	403289	384783
Q9Y2G2	Q9Y2G2	CARD8_HUMAN	CARD8	Caspase recruitment domain-containing protein 8	193420		208401	380966
Q9Y2G3	Q9Y2G3	AT11B_HUMAN	ATP11B	Phospholipid-transporting ATPase IF	395667	211580	863505	482901
Q9Y2G5	Q9Y2G5	OFUT2_HUMAN	POFUT2	GDP-fucose protein O-fucosyltransferase 2	617223		708212	840410
Q9Y2H0	Q9Y2H0	DLGP4_HUMAN	DLGAP4	Disks large-associated protein 4	1.11115e+06	1.57531e+06		1.17693e+06
Q9Y2H1	Q9Y2H1	ST38L_HUMAN	STK38L	Serine/threonine-protein kinase 38-like	291716	166074	118331	353023
Q9Y2H5	Q9Y2H5	PKHA6_HUMAN	PLEKHA6	Pleckstrin homology domain-containing family A member 6	480210	975693	148443	384919
Q9Y2H6	Q9Y2H6	FND3A_HUMAN	FNDC3A	Fibronectin type-III domain-containing protein 3A	1.20053e+06	1.05997e+06	1.01038e+06	1.17183e+06
Q9Y2I1	Q9Y2I1	NISCH_HUMAN	NISCH	Nischarin	71030.2		33568.3	102457
Q9Y2I8	Q9Y2I8	WDR37_HUMAN	WDR37	WD repeat-containing protein 37	256536	488694		168907
Q9Y2J2	Q9Y2J2	E41L3_HUMAN	EPB41L3	Band 4.1-like protein 3	674516	1.00789e+06	918635	766616
Q9Y2J8	Q9Y2J8	PADI2_HUMAN	PADI2	Protein-arginine deiminase type-2	3.84432e+06	1.46861e+06	2.37994e+06	1.19114e+06
Q9Y2K7	Q9Y2K7	KDM2A_HUMAN	KDM2A	Lysine-specific demethylase 2A		261584	133920	155134
Q9Y2L1	Q9Y2L1	RRP44_HUMAN	DIS3	Exosome complex exonuclease RRP44	773980	1.01333e+06	911420	1.35205e+06
Q9Y2L5	Q9Y2L5	TPPC8_HUMAN	TRAPPC8	Trafficking protein particle complex subunit 8	238859	321709	192867	183602
Q9Y2L9	Q9Y2L9	LRCH1_HUMAN	LRCH1	Leucine-rich repeat and calponin homology domain-containing protein 1	596848		745303	629933
Q9Y2Q0	Q9Y2Q0	AT8A1_HUMAN	ATP8A1	Phospholipid-transporting ATPase IA	402661	355034	718465	378313
Q9Y2Q3	Q9Y2Q3	GSTK1_HUMAN	GSTK1	Glutathione S-transferase kappa 1	9.5338e+06	1.00015e+07	2.52785e+06	4.41655e+06
Q9Y2Q5	Q9Y2Q5	LTOR2_HUMAN	LAMTOR2	Ragulator complex protein LAMTOR2	917826	518091	1.51063e+06	1.13679e+06
Q9Y2Q9	Q9Y2Q9	RT28_HUMAN	MRPS28	Small ribosomal subunit protein bS1m	1.13533e+06	1.25154e+06	548124	1.08135e+06
Q9Y2R0	Q9Y2R0	COA3_HUMAN	COA3	Cytochrome c oxidase assembly factor 3 homolog, mitochondrial	811992	720274	407599	976345
Q9Y2R5	Q9Y2R5	RT17_HUMAN	MRPS17	Small ribosomal subunit protein uS17m	744556	324775	212806	626490
Q9Y2R9	Q9Y2R9	RT07_HUMAN	MRPS7	Small ribosomal subunit protein uS7m	555921			264366
Q9Y2S2	Q9Y2S2	CRYL1_HUMAN	CRYL1	Lambda-crystallin homolog	2.82712e+06	1.8695e+06	800661	3.17936e+06
Q9Y2S6	Q9Y2S6;A0A024R1R8	TMA7_HUMAN	TMA7	Translation machinery-associated protein 7	2.81986e+06	4.44931e+06	7.0305e+06	4.56622e+06
Q9Y2S7	Q9Y2S7	PDIP2_HUMAN	POLDIP2	Polymerase delta-interacting protein 2	629736	796149	264131	769705
Q9Y2T2	Q9Y2T2	AP3M1_HUMAN	AP3M1	AP-3 complex subunit mu-1	954996	836274	1.3719e+06	1.07807e+06
Q9Y2T3	Q9Y2T3	GUAD_HUMAN	GDA	Guanine deaminase	1.51091e+06	1.53717e+06	1.58475e+06	3.66464e+06
Q9Y2U8	Q9Y2U8	MAN1_HUMAN	LEMD3	Inner nuclear membrane protein Man1	777104	1.58042e+06	810400	3.43477e+06
Q9Y2V2	Q9Y2V2	CHSP1_HUMAN	CARHSP1	Calcium-regulated heat-stable protein 1	1.90702e+06	2.31211e+06	1.69152e+06	2.26601e+06
Q9Y2V7	Q9Y2V7	COG6_HUMAN	COG6	Conserved oligomeric Golgi complex subunit 6	1.2697e+06	1.03022e+06		538157
Q9Y2W1	Q9Y2W1	TR150_HUMAN	THRAP3	Thyroid hormone receptor-associated protein 3	305206	523306	1.10698e+06	899904
Q9Y2W2	Q9Y2W2	WBP11_HUMAN	WBP11	WW domain-binding protein 11	240374	334435	305833	260960
Q9Y2W6	Q9Y2W6	TDRKH_HUMAN	TDRKH	Tudor and KH domain-containing protein	717605	1.24303e+06		180275
Q9Y2X3	Q9Y2X3	NOP58_HUMAN	NOP58	Nucleolar protein 58	423306	271344	308573	347134
Q9Y2Y8	Q9Y2Y8	PRG3_HUMAN	PRG3	Proteoglycan 3	539643	1.6902e+06	817056	375364
Q9Y2Z0	Q9Y2Z0	SGT1_HUMAN	SUGT1	Protein SGT1 homolog	1.92164e+06	2.17622e+06	1.85808e+06	2.22862e+06
Q9Y2Z4	Q9Y2Z4	SYYM_HUMAN	YARS2	Tyrosine--tRNA ligase, mitochondrial	574735	691044	213880	521882
Q9Y2Z9	Q9Y2Z9	COQ6_HUMAN	COQ6	Ubiquinone biosynthesis monooxygenase COQ6, mitochondrial	1.4448e+06	547044	518379	712786
Q9Y303	Q9Y303	NAGA_HUMAN	AMDHD2	N-acetylglucosamine-6-phosphate deacetylase	640236	705593	428337	1.00844e+06
Q9Y305	Q9Y305	ACOT9_HUMAN	ACOT9	Acyl-coenzyme A thioesterase 9, mitochondrial	1.81112e+06	2.00546e+06	494106	1.60295e+06
Q9Y312	Q9Y312	AAR2_HUMAN	AAR2	Protein AAR2 homolog			69430.7	454837
Q9Y315	Q9Y315	DEOC_HUMAN	DERA	Deoxyribose-phosphate aldolase	1.46958e+06	1.91532e+06	1.59096e+06	1.24943e+06
Q9Y316	Q9Y316	MEMO1_HUMAN	MEMO1	Protein MEMO1	721816	646876	1.00156e+06	1.17465e+06
Q9Y320	Q9Y320	TMX2_HUMAN	TMX2	Thioredoxin-related transmembrane protein 2	1.27722e+06	1.09317e+06	704207	1.63038e+06
Q9Y333	Q9Y333	LSM2_HUMAN	LSM2	U6 snRNA-associated Sm-like protein LSm2	1.34184e+06	778886	1.60421e+06	1.48212e+06
Q9Y336	Q9Y336	SIGL9_HUMAN	SIGLEC9	Sialic acid-binding Ig-like lectin 9			299176	103523
Q9Y343	Q9Y343	SNX24_HUMAN	SNX24	Sorting nexin-24	46041.7			27593.6
Q9Y365	Q9Y365	STA10_HUMAN	STARD10	START domain-containing protein 10	6.80488e+06	9.60463e+06	1.86001e+06	2.26455e+06
Q9Y371	Q9Y371	SHLB1_HUMAN	SH3GLB1	Endophilin-B1	1.98311e+06	2.3428e+06	884065	1.68364e+06
Q9Y376	Q9Y376	CAB39_HUMAN	CAB39	Calcium-binding protein 39	2.14738e+06	1.49033e+06	3.5546e+06	2.4536e+06
Q9Y383	Q9Y383	LC7L2_HUMAN	LUC7L2	Putative RNA-binding protein Luc7-like 2	1.09332e+06	1.09004e+06	894244	1.24333e+06
Q9Y385	Q9Y385	UB2J1_HUMAN	UBE2J1	Ubiquitin-conjugating enzyme E2 J1	2.52878e+06	1.85162e+06	619999	521510
Q9Y394	Q9Y394	DHRS7_HUMAN	DHRS7	Dehydrogenase/reductase SDR family member 7	4.4019e+06	3.85987e+06	1.58513e+06	4.63174e+06
Q9Y399	Q9Y399	RT02_HUMAN	MRPS2	Small ribosomal subunit protein uS2m	924136	856271	462838	1.02106e+06
Q9Y3A3	Q9Y3A3	PHOCN_HUMAN	MOB4	MOB-like protein phocein	656989	356001	916550	1.10147e+06
Q9Y3A5	Q9Y3A5	SBDS_HUMAN	SBDS	Ribosome maturation protein SBDS	1.36283e+06	1.80907e+06	1.52098e+06	4.59551e+06
Q9Y3A6	Q9Y3A6	TMED5_HUMAN	TMED5	Transmembrane emp24 domain-containing protein 5	4.66347e+06	3.44755e+06	818096	2.07088e+06
Q9Y3B2	Q9Y3B2	EXOS1_HUMAN	EXOSC1	Exosome complex component CSL4	297226			490378
Q9Y3B3	Q9Y3B3	TMED7_HUMAN	TMED7	Transmembrane emp24 domain-containing protein 7	5.11379e+06	5.14813e+06	2.00637e+06	4.3149e+06
Q9Y3B4	Q9Y3B4	SF3B6_HUMAN	SF3B6	Splicing factor 3B subunit 6	458973	796424	1.46481e+06	1.52017e+06
Q9Y3B7	Q9Y3B7	RM11_HUMAN	MRPL11	Large ribosomal subunit protein uL11m	1.27749e+06	1.16343e+06		418084
Q9Y3B8	Q9Y3B8	ORN_HUMAN	REXO2	Oligoribonuclease, mitochondrial	1.53586e+06	1.16075e+06	1.30557e+06	2.09351e+06
Q9Y3C0	Q9Y3C0	WASC3_HUMAN	WASHC3	WASH complex subunit 3	225468			201192
Q9Y3C4	Q9Y3C4	TPRKB_HUMAN	TPRKB	EKC/KEOPS complex subunit TPRKB	228397	186366	191057	337826
Q9Y3C6	Q9Y3C6	PPIL1_HUMAN	PPIL1	Peptidyl-prolyl cis-trans isomerase-like 1	813025	779562	1.29183e+06	1.76134e+06
Q9Y3C8	Q9Y3C8	UFC1_HUMAN	UFC1	Ubiquitin-fold modifier-conjugating enzyme 1	1.41357e+07	1.21151e+07	1.1378e+07	1.17264e+07
Q9Y3D0	Q9Y3D0	CIA2B_HUMAN	CIAO2B	Cytosolic iron-sulfur assembly component 2B	208654		83410.1	91960.7
Q9Y3D2	Q9Y3D2	MSRB2_HUMAN	MSRB2	Methionine-R-sulfoxide reductase B2, mitochondrial	391911	485653	466092	601090
Q9Y3D3	Q9Y3D3	RT16_HUMAN	MRPS16	Small ribosomal subunit protein bS16m	1.10405e+06	1.04019e+06	520545	1.13216e+06
Q9Y3D6	Q9Y3D6	FIS1_HUMAN	FIS1	Mitochondrial fission 1 protein	3.74847e+06	3.34499e+06	3.19405e+06	4.09302e+06
Q9Y3D7	Q9Y3D7	TIM16_HUMAN	PAM16	Mitochondrial import inner membrane translocase subunit TIM16	543457	579905		437764
Q9Y3D8	Q9Y3D8	KAD6_HUMAN	AK6	Adenylate kinase isoenzyme 6		149810		
Q9Y3D9	Q9Y3D9	RT23_HUMAN	MRPS23	Small ribosomal subunit protein mS23	3.16404e+06	2.52497e+06	996004	2.61672e+06
Q9Y3E0	Q9Y3E0	GOT1B_HUMAN	GOLT1B	Vesicle transport protein GOT1B	697119	628871	468626	582950
Q9Y3E1	Q9Y3E1	HDGR3_HUMAN	HDGFL3	Hepatoma-derived growth factor-related protein 3		390294	138216	442351
Q9Y3E5	Q9Y3E5	PTH2_HUMAN	PTRH2	Peptidyl-tRNA hydrolase 2, mitochondrial	794110	843638		730249
Q9Y3E7	Q9Y3E7	CHMP3_HUMAN	CHMP3	Charged multivesicular body protein 3	910520	1.28388e+06	798206	1.13535e+06
Q9Y3F4	Q9Y3F4	STRAP_HUMAN	STRAP	Serine-threonine kinase receptor-associated protein	1.62923e+06	1.56562e+06	1.68669e+06	2.62096e+06
Q9Y3I0	Q9Y3I0	RTCB_HUMAN	RTCB	RNA-splicing ligase RtcB homolog	3.8491e+06	4.03074e+06	3.4139e+06	4.42943e+06
Q9Y3I1	Q9Y3I1	FBX7_HUMAN	FBXO7	F-box only protein 7	888945	388184	1.30703e+06	399940
Q9Y3L3	Q6ZT62;Q9Y3L3	3BP1_HUMAN	SH3BP1	SH3 domain-binding protein 1	659732	671816		662519
Q9Y3L5	Q9Y3L5	RAP2C_HUMAN	RAP2C	Ras-related protein Rap-2c	130800			48188.8
Q9Y3P9	Q9Y3P9	RBGP1_HUMAN	RABGAP1	Rab GTPase-activating protein 1	621935	519686	212551	417351
Q9Y3Q3	Q9Y3Q3	TMED3_HUMAN	TMED3	Transmembrane emp24 domain-containing protein 3	1.1619e+06	887386	452631	533543
Q9Y3R4	Q9Y3R4	NEUR2_HUMAN	NEU2	Sialidase-2	1.33041e+06	1.03277e+06	1.38612e+06	
Q9Y3R5	Q9Y3R5	DOP2_HUMAN	DOP1B	Protein dopey-2	793467	933817		
Q9Y3S1	Q9Y3S1	WNK2_HUMAN	WNK2	Serine/threonine-protein kinase WNK2	1.19724e+06	1.68593e+07	594196	789974
Q9Y3T6	Q9Y3T6	R3HC1_HUMAN	R3HCC1	R3H and coiled-coil domain-containing protein 1	252801			740484
Q9Y3U8	Q9Y3U8	RL36_HUMAN	RPL36	Large ribosomal subunit protein eL36	2.70668e+06	1.49516e+06	763891	1.38343e+06
Q9Y3Y2	Q9Y3Y2	CHTOP_HUMAN	CHTOP	Chromatin target of PRMT1 protein	174531	310148		76936.3
Q9Y3Z3	Q9Y3Z3	SAMH1_HUMAN	SAMHD1	Deoxynucleoside triphosphate triphosphohydrolase SAMHD1	5.0851e+06	4.68766e+06	1.26009e+06	3.72338e+06
Q9Y446	Q9Y446	PKP3_HUMAN	PKP3	Plakophilin-3	715797	894642	1.02597e+06	572320
Q9Y450	Q9Y450	HBS1L_HUMAN	HBS1L	HBS1-like protein	197128			274311
Q9Y478	Q9Y478	AAKB1_HUMAN	PRKAB1	5'-AMP-activated protein kinase subunit beta-1	509439	291092	295232	619918
Q9Y484	Q9Y484	WIPI4_HUMAN	WDR45	WD repeat domain phosphoinositide-interacting protein 4	230602		52547.3	194701
Q9Y487	Q9Y487	VPP2_HUMAN	ATP6V0A2	V-type proton ATPase 116 kDa subunit a 2	409917	345884	359470	447304
Q9Y490	Q9Y490	TLN1_HUMAN	TLN1	Talin-1	8.75901e+06	1.12039e+07	1.58793e+07	1.65916e+07
Q9Y4B6	Q9Y4B6	DCAF1_HUMAN	DCAF1	DDB1- and CUL4-associated factor 1	717073	454225	552959	910537
Q9Y4C2	Q9Y4C2	TCAF1_HUMAN	TCAF1	TRPM8 channel-associated factor 1	150194			174132
Q9Y4D7	Q9Y4D7	PLXD1_HUMAN	PLXND1	Plexin-D1	478170		555201	552209
Q9Y4E1	Q9Y4E1	WAC2C_HUMAN	WASHC2C	WASH complex subunit 2C			73971.4	84827.7
Q9Y4E6	Q9Y4E6	WDR7_HUMAN	WDR7	WD repeat-containing protein 7	198998	103507		142272
Q9Y4E8	Q9Y4E8	UBP15_HUMAN	USP15	Ubiquitin carboxyl-terminal hydrolase 15	1.51756e+06	1.15388e+06	2.49933e+06	1.66938e+06
Q9Y4F1	Q9Y4F1	FARP1_HUMAN	FARP1	FERM, ARHGEF and pleckstrin domain-containing protein 1	1.31054e+06	785037	262694	1.2311e+06
Q9Y4F9	Q9Y4F9	RIPR2_HUMAN	RIPOR2	Rho family-interacting cell polarization regulator 2			891688	471039
Q9Y4G6	Q9Y4G6	TLN2_HUMAN	TLN2	Talin-2	1.32532e+06	1.72314e+06	968815	994404
Q9Y4G8	Q9Y4G8	RPGF2_HUMAN	RAPGEF2	Rap guanine nucleotide exchange factor 2			73711.1	206825
Q9Y4I1	Q9Y4I1	MYO5A_HUMAN	MYO5A	Unconventional myosin-Va	735917	311930	527415	410468
Q9Y4K0	Q9Y4K0	LOXL2_HUMAN	LOXL2	Lysyl oxidase homolog 2	30037.9		163990	183794
Q9Y4K1	Q9Y4K1	CRBG1_HUMAN	CRYBG1	Beta/gamma crystallin domain-containing protein 1	353955	422340	946777	434326
Q9Y4L1	Q9Y4L1	HYOU1_HUMAN	HYOU1	Hypoxia up-regulated protein 1	1.34086e+07	1.23777e+07	2.32617e+06	6.10559e+06
Q9Y4P1	Q9Y4P1	ATG4B_HUMAN	ATG4B	Cysteine protease ATG4B	143566			188444
Q9Y4P3	Q9Y4P3	TBL2_HUMAN	TBL2	Transducin beta-like protein 2	1.05908e+06	931942	828776	1.05765e+06
Q9Y4W6	Q9Y4W6	AFG32_HUMAN	AFG3L2	AFG3-like protein 2	2.17078e+06	2.33869e+06	467295	1.62498e+06
Q9Y4X5	Q9Y4X5	ARI1_HUMAN	ARIH1	E3 ubiquitin-protein ligase ARIH1	759967	763057	1.02356e+06	639981
Q9Y4Z0	Q9Y4Z0	LSM4_HUMAN	LSM4	U6 snRNA-associated Sm-like protein LSm4	841313	839312	457204	865908
Q9Y508	Q9Y508	RN114_HUMAN	RNF114	E3 ubiquitin-protein ligase RNF114	814254	1.36215e+06	280988	708147
Q9Y512	Q9Y512	SAM50_HUMAN	SAMM50	Sorting and assembly machinery component 50 homolog	1.67709e+06	860176	1.25874e+06	1.59151e+06
Q9Y520	Q9Y520	PRC2C_HUMAN	PRRC2C	Protein PRRC2C	582546	915425	215931	826465
Q9Y530	Q9Y530	OARD1_HUMAN	OARD1	ADP-ribose glycohydrolase OARD1	490582	432594	385483	874849
Q9Y547	Q9Y547	IFT25_HUMAN	IFT25	Intraflagellar transport protein 25 homolog	742842		798079	950522
Q9Y570	Q9Y570	PPME1_HUMAN	PPME1	Protein phosphatase methylesterase 1	1.189e+06	1.03634e+06	978224	1.29566e+06
Q9Y580	Q9Y580	RBM7_HUMAN	RBM7	RNA-binding protein 7	138639			285373
Q9Y584	Q9Y584	TIM22_HUMAN	TIMM22	Mitochondrial import inner membrane translocase subunit Tim22	2.81257e+06			
Q9Y587	Q9Y587	AP4S1_HUMAN	AP4S1	AP-4 complex subunit sigma-1	38462.8		36447.1	28406
Q9Y5A7	Q9Y5A7	NUB1_HUMAN	NUB1	NEDD8 ultimate buster 1	259102	222087	324153	556555
Q9Y5A9	Q9Y5A9	YTHD2_HUMAN	YTHDF2	YTH domain-containing family protein 2	162801	310765	182569	372790
Q9Y5B0	Q9Y5B0	CTDP1_HUMAN	CTDP1	RNA polymerase II subunit A C-terminal domain phosphatase	307092	393407	155612	356395
Q9Y5B9	Q9Y5B9	SP16H_HUMAN	SUPT16H	FACT complex subunit SPT16	774140	733695	1.77309e+06	1.42653e+06
Q9Y5K5	Q9Y5K5	UCHL5_HUMAN	UCHL5	Ubiquitin carboxyl-terminal hydrolase isozyme L5	1.8242e+06	1.20122e+06	634880	1.34878e+06
Q9Y5K6	Q9Y5K6	CD2AP_HUMAN	CD2AP	CD2-associated protein	2.57578e+06	3.12341e+06	1.18196e+06	2.29313e+06
Q9Y5K8	Q9Y5K8	VATD_HUMAN	ATP6V1D	V-type proton ATPase subunit D	3.57898e+06	1.47376e+06	3.22603e+06	1.65054e+06
Q9Y5L0	Q9Y5L0	TNPO3_HUMAN	TNPO3	Transportin-3	822536	1.3222e+06	266687	489261
Q9Y5L3	Q9Y5L3	ENTP2_HUMAN	ENTPD2	Ectonucleoside triphosphate diphosphohydrolase 2	66413.9			524184
Q9Y5L4	Q9Y5L4	TIM13_HUMAN	TIMM13	Mitochondrial import inner membrane translocase subunit Tim13	1.89514e+06	833773		815089
Q9Y5M8	Q9Y5M8	SRPRB_HUMAN	SRPRB	Signal recognition particle receptor subunit beta	3.39514e+06	2.45673e+06	1.55163e+06	2.50985e+06
Q9Y5P4	Q9Y5P4	CERT_HUMAN	CERT1	Ceramide transfer protein	1.49471e+06	1.36675e+06	1.58489e+06	804286
Q9Y5P6	Q9Y5P6	GMPPB_HUMAN	GMPPB	Mannose-1-phosphate guanyltransferase beta	6.66912e+06	4.5604e+06	2.38996e+06	2.57588e+06
Q9Y5Q6	Q9Y5Q6	INSL5_HUMAN	INSL5	Insulin-like peptide INSL5	1.85439e+06			
Q9Y5Q8	Q9Y5Q8	TF3C5_HUMAN	GTF3C5	General transcription factor 3C polypeptide 5	223612		304337	690644
Q9Y5R8	Q9Y5R8	TPPC1_HUMAN	TRAPPC1	Trafficking protein particle complex subunit 1	620232	581451	648106	751657
Q9Y5S1	Q9Y5S1	TRPV2_HUMAN	TRPV2	Transient receptor potential cation channel subfamily V member 2	156829		551402	414808
Q9Y5S2	Q9Y5S2	MRCKB_HUMAN	CDC42BPB	Serine/threonine-protein kinase MRCK beta	1.02468e+06	1.19992e+06	717973	1.28963e+06
Q9Y5S8	Q9Y5S8	NOX1_HUMAN	NOX1	NADPH oxidase 1	291507	138662	723692	307117
Q9Y5S9	Q9Y5S9	RBM8A_HUMAN	RBM8A	RNA-binding protein 8A	1.68759e+06	1.78604e+06	2.57105e+06	3.32212e+06
Q9Y5U8	Q9Y5U8	MPC1_HUMAN	MPC1	Mitochondrial pyruvate carrier 1	1.95263e+06	2.13547e+06		
Q9Y5U9	Q9Y5U9	IR3IP_HUMAN	IER3IP1	Immediate early response 3-interacting protein 1	710943			531989
Q9Y5X1	Q9Y5X1	SNX9_HUMAN	SNX9	Sorting nexin-9	755009	507615	491072	1.0314e+06
Q9Y5X2	Q9Y5X2	SNX8_HUMAN	SNX8	Sorting nexin-8				741244
Q9Y5X3	Q9Y5X3	SNX5_HUMAN	SNX5	Sorting nexin-5	2.24508e+06	1.89598e+06	1.685e+06	1.85379e+06
Q9Y5Y2	Q9Y5Y2	NUBP2_HUMAN	NUBP2	Cytosolic Fe-S cluster assembly factor NUBP2	716297	129339		
Q9Y5Y5	Q9Y5Y5	PEX16_HUMAN	PEX16	Peroxisomal membrane protein PEX16	278359	214537		645849
Q9Y5Y6	Q9Y5Y6	ST14_HUMAN	ST14	Suppressor of tumorigenicity 14 protein	3.50334e+06	3.841e+06	693750	1.13714e+06
Q9Y5Y7	Q9Y5Y7	LYVE1_HUMAN	LYVE1	Lymphatic vessel endothelial hyaluronic acid receptor 1	57579.5		24031.3	40697.4
Q9Y5Z4	Q9Y5Z4	HEBP2_HUMAN	HEBP2	Heme-binding protein 2	2.23707e+06	2.81527e+06	3.32622e+06	2.63179e+06
Q9Y606	Q9Y606	PUS1_HUMAN	PUS1	Pseudouridylate synthase 1 homolog	501120	479101	510394	1.00893e+06
Q9Y608	Q9Y608	LRRF2_HUMAN	LRRFIP2	Leucine-rich repeat flightless-interacting protein 2	401752	407176	508307	297108
Q9Y613	Q9Y613	FHOD1_HUMAN	FHOD1	FH1/FH2 domain-containing protein 1	441001	519121	681792	522633
Q9Y617	Q9Y617	SERC_HUMAN	PSAT1	Phosphoserine aminotransferase	965223	665230	614297	265237
Q9Y618	Q9Y618	NCOR2_HUMAN	NCOR2	Nuclear receptor corepressor 2	34622.7		48976.3	57109.3
Q9Y619	Q9Y619	ORNT1_HUMAN	SLC25A15	Mitochondrial ornithine transporter 1	595696	437683	321955	871680
Q9Y624	Q9Y624	JAM1_HUMAN	F11R	Junctional adhesion molecule A	2.78245e+06	2.93825e+06	2.09816e+06	3.14189e+06
Q9Y625	Q9Y625	GPC6_HUMAN	GPC6	Glypican-6	206748		246407	329542
Q9Y639	Q9Y639	NPTN_HUMAN	NPTN	Neuroplastin	2.01277e+06	2.52793e+06	3.01523e+06	3.12489e+06
Q9Y646	Q9Y646	CBPQ_HUMAN	CPQ	Carboxypeptidase Q	773358	598273	1.23773e+06	989689
Q9Y653	Q9Y653	AGRG1_HUMAN	ADGRG1	Adhesion G-protein coupled receptor G1	154197			347218
Q9Y666	Q9Y666	S12A7_HUMAN	SLC12A7	Solute carrier family 12 member 7	919120	577883	872489	1.43227e+06
Q9Y672	Q9Y672	ALG6_HUMAN	ALG6	Dolichyl pyrophosphate Man9GlcNAc2 alpha-1,3-glucosyltransferase	954214	512517	574619	744192
Q9Y673	Q9Y673	ALG5_HUMAN	ALG5	Dolichyl-phosphate beta-glucosyltransferase	3.66379e+06	2.49294e+06	156554	949492
Q9Y676	Q9Y676	RT18B_HUMAN	MRPS18B	Small ribosomal subunit protein mS40	373357	435876		314189
Q9Y678	Q9UBF2;Q9Y678	COPG1_HUMAN	COPG1	Coatomer subunit gamma-1	7.87871e+06	6.68737e+06	2.17939e+06	5.39532e+06
Q9Y679	Q9Y679	AUP1_HUMAN	AUP1	Lipid droplet-regulating VLDL assembly factor AUP1	787641	516851		538046
Q9Y680	Q9Y680	FKBP7_HUMAN	FKBP7	Peptidyl-prolyl cis-trans isomerase FKBP7	383526	589127	562749	809784
Q9Y689	Q96KC2;Q9Y689	ARL5A_HUMAN	ARL5A	ADP-ribosylation factor-like protein 5A	723865	375307		1.05241e+06
Q9Y696	Q9Y696	CLIC4_HUMAN	CLIC4	Chloride intracellular channel protein 4	2.86479e+06	3.03234e+06	3.94209e+06	6.13652e+06
Q9Y697	Q9Y697	NFS1_HUMAN	NFS1	Cysteine desulfurase	1.57706e+06	1.44523e+06	783713	1.41807e+06
Q9Y6A4	Q9Y6A4	CFA20_HUMAN	CFAP20	Cilia- and flagella-associated protein 20	1.60702e+06	2.77737e+06	1.98098e+06	3.07009e+06
Q9Y6A5	Q9Y6A5	TACC3_HUMAN	TACC3	Transforming acidic coiled-coil-containing protein 3	1.19269e+06		875853	1.14812e+06
Q9Y6A9	Q9Y6A9	SPCS1_HUMAN	SPCS1	Signal peptidase complex subunit 1	766680	364772		133341
Q9Y6B6	Q9Y6B6	SAR1B_HUMAN	SAR1B	GTP-binding protein SAR1b	2.40626e+06	1.99945e+06	662730	1.4499e+06
Q9Y6C2	Q9Y6C2	EMIL1_HUMAN	EMILIN1	EMILIN-1	871416	1.59823e+06	2.24717e+06	2.8295e+06
Q9Y6C9	Q9Y6C9	MTCH2_HUMAN	MTCH2	Mitochondrial carrier homolog 2	5.18053e+06	3.61114e+06	655910	3.43971e+06
Q9Y6D5	Q9Y6D5	BIG2_HUMAN	ARFGEF2	Brefeldin A-inhibited guanine nucleotide-exchange protein 2	798145	688456	287978	505258
Q9Y6D6	Q9Y6D5;Q9Y6D6	BIG1_HUMAN	ARFGEF1	Brefeldin A-inhibited guanine nucleotide-exchange protein 1	2.15671e+06	1.72036e+06	1.69612e+06	1.61315e+06
Q9Y6D9	Q9Y6D9	MD1L1_HUMAN	MAD1L1	Mitotic spindle assembly checkpoint protein MAD1	245099	200168	278221	357071
Q9Y6E0	Q9P289;Q9Y6E0	STK24_HUMAN	STK24	Serine/threonine-protein kinase 24	864734	1.29634e+06	231965	931890
Q9Y6E2	Q9Y6E2	5MP1_HUMAN	BZW2	eIF5-mimic protein 1	1.4055e+06	1.09496e+06	383498	2.51662e+06
Q9Y6F6	Q9Y6F6	IRAG1_HUMAN	IRAG1	Inositol 1,4,5-triphosphate receptor associated 1	314221	236941	192638	519533
Q9Y6G5	Q9Y6G5	COMDA_HUMAN	COMMD10	COMM domain-containing protein 10	571444	315594	599940	487512
Q9Y6G9	Q9Y6G9	DC1L1_HUMAN	DYNC1LI1	Cytoplasmic dynein 1 light intermediate chain 1	987669	965994	771459	1.30781e+06
Q9Y6H1	Q9Y6H1;Q5T1J5	CHCH2_HUMAN	CHCHD2	Coiled-coil-helix-coiled-coil-helix domain-containing protein 2	1.56066e+06	627546		69426.4
Q9Y6I3	Q9H201;Q9Y6I3	EPN1_HUMAN	EPN1	Epsin-1	352714	318828	204932	365438
Q9Y6I4	Q9Y6I4	UBP3_HUMAN	USP3	Ubiquitin carboxyl-terminal hydrolase 3	183292		304877	310392
Q9Y6I8	Q9Y6I8	PXMP4_HUMAN	PXMP4	Peroxisomal membrane protein 4	326404	335269	181031	357012
Q9Y6I9	Q9Y6I9	TX264_HUMAN	TEX264	Testis-expressed protein 264	577408	742103	162458	495828
Q9Y6K0	Q9Y6K0	CEPT1_HUMAN	CEPT1	Choline/ethanolaminephosphotransferase 1	1.51749e+06		1.23328e+06	1.98183e+06
Q9Y6K5	Q9Y6K5	OAS3_HUMAN	OAS3	2'-5'-oligoadenylate synthase 3	748141	1.00706e+06	1.72902e+06	2.57024e+06
Q9Y6K9	Q9Y6K9	NEMO_HUMAN	IKBKG	NF-kappa-B essential modulator	563081	539158	618339	547854
Q9Y6M1	Q9Y6M1	IF2B2_HUMAN	IGF2BP2	Insulin-like growth factor 2 mRNA-binding protein 2	770575	1.21941e+06		1.0985e+06
Q9Y6M5	Q9Y6M5	ZNT1_HUMAN	SLC30A1	Proton-coupled zinc antiporter SLC30A1	508297	2.03977e+06	661021	1.14254e+06
Q9Y6M9	Q9Y6M9	NDUB9_HUMAN	NDUFB9	NADH dehydrogenase [ubiquinone] 1 beta subcomplex subunit 9	1.84912e+06	1.46325e+06	1.07079e+06	1.49809e+06
Q9Y6N5	Q9Y6N5	SQOR_HUMAN	SQOR	Sulfide:quinone oxidoreductase, mitochondrial	1.01189e+07	1.06296e+07	6.41497e+06	5.49835e+06
Q9Y6N7	Q9Y6N7	ROBO1_HUMAN	ROBO1	Roundabout homolog 1	143641		431607	329861
Q9Y6N9	Q9Y6N9	USH1C_HUMAN	USH1C	Harmonin	728465	738640		470286
Q9Y6Q5	Q9Y6Q5	AP1M2_HUMAN	AP1M2	AP-1 complex subunit mu-2	2.18475e+06	2.30985e+06	559332	1.21474e+06
Q9Y6R1	Q9Y6R1	S4A4_HUMAN	SLC4A4	Electrogenic sodium bicarbonate cotransporter 1	1.49923e+06	1.04137e+06		
Q9Y6R4	Q9Y6R4	M3K4_HUMAN	MAP3K4	Mitogen-activated protein kinase kinase kinase 4	1.04817e+06	1.68345e+06	1.84016e+06	1.93789e+06
Q9Y6R7	Q9Y6R7	FCGBP_HUMAN	FCGBP	IgGFc-binding protein	9.5525e+07	7.43212e+07	967910	1.7188e+06
Q9Y6U3	Q9Y6U3	SCIN_HUMAN	SCIN	Scinderin	1.67229e+06	1.55994e+06	626400	726665
Q9Y6W3	Q9Y6W3	CAN7_HUMAN	CAPN7	Calpain-7	489372	325663	447381	417085
Q9Y6W5	Q9Y6W5	WASF2_HUMAN	WASF2	Actin-binding protein WASF2	1.72494e+06	2.85325e+06	416677	787293
Q9Y6X3	Q9Y6X3	SCC4_HUMAN	MAU2	MAU2 chromatid cohesion factor homolog	115472		145319	131258
Q9Y6X5	Q9Y6X5	ENPP4_HUMAN	ENPP4	Bis(5'-adenosyl)-triphosphatase ENPP4	595323	563777	850085	621445
Q9Y6Y0	Q9Y6Y0	NS1BP_HUMAN	IVNS1ABP	Influenza virus NS1A-binding protein	661531	207908		244675
Q9Y6Y8	Q9Y6Y8	S23IP_HUMAN	SEC23IP	SEC23-interacting protein	2.24737e+06	2.12378e+06	1.56785e+06	2.02974e+06
