Protein.Group	Protein.Ids	Protein.Names	Genes	First.Protein.Description	D:\HFX\2023_08\HFX252_GLASGOW_PROTEOME_DIA_29.raw	D:\HFX\2023_08\HFX252_GLASGOW_PROTEOME_DIA_30.raw	D:\HFX\2023_08\HFX252_GLASGOW_PROTEOME_DIA_31.raw	D:\HFX\2023_08\HFX252_GLASGOW_PROTEOME_DIA_32.raw
A0A075B6H8	A0A075B6H8	KVD42_HUMAN	IGKV1D-42	Probable non-functional immunoglobulin kappa variable 1D-42	4.39621e+06	3.3049e+06	1.06249e+07	4.88907e+06
A0A075B6H9	A0A075B6H9	LV469_HUMAN	IGLV4-69	Immunoglobulin lambda variable 4-69	546930	256168	644195	844492
A0A075B6I0	A0A075B6I0	LV861_HUMAN	IGLV8-61	Immunoglobulin lambda variable 8-61	1.58794e+06	4.0723e+06	2.39194e+06	1.96517e+06
A0A075B6I1	A0A075B6I1	LV460_HUMAN	IGLV4-60	Immunoglobulin lambda variable 4-60	369558	461500	406656	500807
A0A075B6J9	A0A075B6J9	LV218_HUMAN	IGLV2-18	Immunoglobulin lambda variable 2-18	3.99115e+06	4.36451e+06	8.09811e+06	7.05649e+06
A0A075B6K5	A0A075B6K5	LV39_HUMAN	IGLV3-9	Immunoglobulin lambda variable 3-9	1.99384e+06	2.1926e+06	2.22517e+06	2.68798e+06
A0A075B6R2	A0A075B6R2	HV404_HUMAN	IGHV4-4	Immunoglobulin heavy variable 4-4	408589	427308	775642	515741
A0A075B6R9;A0A0C4DH68	A0A075B6R9;A0A0C4DH68	KV224_HUMAN;KVD24_HUMAN	IGKV2-24;IGKV2D-24	Probable non-functional immunoglobulin kappa variable 2D-24	1.20005e+07	1.53295e+07	1.56678e+07	1.69167e+07
A0A075B6S2	A0A075B6S2;A2NJV5	KVD29_HUMAN	IGKV2D-29	Immunoglobulin kappa variable 2D-29		770741	637676	844715
A0A075B6S5	A0A075B6S5;A0A0C4DH67;A0A0C4DH69	KV127_HUMAN	IGKV1-27	Immunoglobulin kappa variable 1-27	2.32284e+06	2.01975e+06	2.10029e+06	2.72406e+06
A0A0A0MRZ8;P04433	P04433;A0A0A0MRZ8	KV311_HUMAN;KVD11_HUMAN	IGKV3-11;IGKV3D-11	Immunoglobulin kappa variable 3D-11	1.52721e+07	1.16595e+07	1.61849e+07	2.00544e+07
A0A0A0MS15	A0A0A0MS15;A0A0B4J1V6	HV349_HUMAN	IGHV3-49	Immunoglobulin heavy variable 3-49	3.06152e+06	3.09334e+06	2.74264e+06	4.10854e+06
A0A0B4J1U3	A0A0B4J1U3	LV136_HUMAN	IGLV1-36	Immunoglobulin lambda variable 1-36	250289	485599	354818	472756
A0A0B4J1U7	A0A0B4J1U7	HV601_HUMAN	IGHV6-1	Immunoglobulin heavy variable 6-1	3.85174e+06	4.24837e+06	4.41617e+06	5.1619e+06
A0A0B4J1V0	A0A0B4J1V0	HV315_HUMAN	IGHV3-15	Immunoglobulin heavy variable 3-15	549355	1.31696e+07	980097	1.14221e+06
A0A0B4J1V2	A0A0B4J1V2	HV226_HUMAN	IGHV2-26	Immunoglobulin heavy variable 2-26	538244	479663	510113	950733
A0A0B4J1X5	P01764;P01768;P01772;P01767;A0A0B4J1X5;A0A0C4DH42;P0DP02	HV374_HUMAN	IGHV3-74	Immunoglobulin heavy variable 3-74	1.43059e+07	1.77334e+07	1.68703e+07	1.79663e+07
A0A0B4J1X8	A0A0B4J1X8	HV343_HUMAN	IGHV3-43	Immunoglobulin heavy variable 3-43	195321	232739	237344	241613
A0A0B4J1Y9	A0A0B4J1Y9	HV372_HUMAN	IGHV3-72	Immunoglobulin heavy variable 3-72	1.29612e+07	1.96393e+07	2.21676e+07	2.28902e+07
A0A0B4J2D5;P0DPI2	A0A0B4J2D5;P0DPI2	GAL3A_HUMAN;GAL3B_HUMAN	GATD3;GATD3B	Putative glutamine amidotransferase-like class 1 domain-containing protein 3B, mitochondrial	7.69438e+06	2.10678e+06	6.64321e+06	7.02493e+06
A0A0C4DH24	A0A0C4DH24	KV621_HUMAN	IGKV6-21	Immunoglobulin kappa variable 6-21	428890		652913	486576
A0A0C4DH25	A0A0C4DH25	KVD20_HUMAN	IGKV3D-20	Immunoglobulin kappa variable 3D-20	4.33008e+06	2.43579e+06	4.02176e+06	3.47086e+06
A0A0C4DH29	A0A0C4DH29	HV103_HUMAN	IGHV1-3	Immunoglobulin heavy variable 1-3		345306	392517	469570
A0A0C4DH31	A0A0C4DH31	HV118_HUMAN	IGHV1-18	Immunoglobulin heavy variable 1-18	8.44633e+06	1.12474e+07	1.21742e+07	1.32217e+07
A0A0C4DH34	A0A0C4DH34	HV428_HUMAN	IGHV4-28	Immunoglobulin heavy variable 4-28	1.08327e+07	4.44409e+06	1.06696e+07	1.23123e+07
A0A0C4DH35	A0A0C4DH35	HV335_HUMAN	IGHV3-35	Probable non-functional immunoglobulin heavy variable 3-35	1.81885e+06	2.84287e+06	3.20377e+06	2.9001e+06
A0A0C4DH36	A0A0C4DH36	HV338_HUMAN	IGHV3-38	Probable non-functional immunoglobulin heavy variable 3-38	1.51866e+06	1.9053e+06	1.79577e+06	1.94094e+06
A0A0C4DH38	A0A0C4DH38	HV551_HUMAN	IGHV5-51	Immunoglobulin heavy variable 5-51	2.6362e+06	3.91266e+06	3.61396e+06	4.11908e+06
A0A0C4DH41;P01824;P01825;P06331;P0DP06;P0DP08	P01824;P01825;P06331;A0A0C4DH41;P0DP06;P0DP08	HV434_HUMAN;HV439_HUMAN;HV459_HUMAN;HV461_HUMAN;HVD34_HUMAN;HVD82_HUMAN	IGHV4-30-4;IGHV4-34;IGHV4-38-2;IGHV4-39;IGHV4-59;IGHV4-61	Immunoglobulin heavy variable 4-61	8.72076e+06	1.27342e+07	1.21973e+07	1.22033e+07
A0A0C4DH43	P01814;A0A0C4DH43	HV70D_HUMAN	IGHV2-70D	Immunoglobulin heavy variable 2-70D	4.40174e+06	5.26811e+06	5.04377e+06	5.29996e+06
A0A0C4DH73;P01611	P01611;A0A0C4DH73	KV112_HUMAN;KVD12_HUMAN	IGKV1-12;IGKV1D-12	Immunoglobulin kappa variable 1-12	262315	392050	651343	352724
A0A0J9YX35	A0A0J9YX35	HV64D_HUMAN	IGHV3-64D	Immunoglobulin heavy variable 3-64D	1.29396e+06	1.6477e+06	1.44337e+06	1.73181e+06
A0A0J9YXX1	A0A0J9YXX1	HV5X1_HUMAN	IGHV5-10-1	Immunoglobulin heavy variable 5-10-1	5.93662e+06	4.47139e+06	8.26277e+06	7.01018e+06
A0A1B0GVG6	A0A1B0GVG6	TEX54_HUMAN	TEX54	Testis-expressed protein 54	457024	386585	351436	
A0A5B9;P01850;P0DSE2;P0DTU4	P01850;P0DSE2;P0DTU4;A0A5B9	TRBC1_HUMAN;TRBC2_HUMAN;TRBR1_HUMAN;TRBR2_HUMAN	TRB;TRBC1;TRBC2	T cell receptor beta constant 2	489661	271099	324177	160146
A0AV96	A0AV96	RBM47_HUMAN	RBM47	RNA-binding protein 47	2.07543e+06	1.27416e+06	2.32954e+06	3.08951e+06
A0AVI2	A0AVI2	FR1L5_HUMAN	FER1L5	Fer-1-like protein 5	439822	357446		417168
A0AVT1	A0AVT1	UBA6_HUMAN	UBA6	Ubiquitin-like modifier-activating enzyme 6	9.98859e+06	1.28784e+07	1.0783e+07	1.09018e+07
A0FGR8	A0FGR8	ESYT2_HUMAN	ESYT2	Extended synaptotagmin-2	2.62267e+06	2.09152e+06	818333	2.00203e+06
A0M8Q6	A0M8Q6	IGLC7_HUMAN	IGLC7	Immunoglobulin lambda constant 7	720119	1.00069e+06	1.18939e+06	1.10307e+06
A0MZ66	A0MZ66	SHOT1_HUMAN	SHTN1	Shootin-1	1.78595e+06	452710	1.00895e+06	2.30552e+06
A0PJW6	A0PJW6	TM223_HUMAN	TMEM223	Transmembrane protein 223	475081		422893	475806
A1L0T0	A1L0T0	HACL2_HUMAN	ILVBL	2-hydroxyacyl-CoA lyase 2	3.31325e+06	1.62709e+06	3.16431e+06	3.39929e+06
A1X283	A1X283	SPD2B_HUMAN	SH3PXD2B	SH3 and PX domain-containing protein 2B	1.24328e+06	1.54148e+06	516560	843131
A2RRP1	A2RRP1	NBAS_HUMAN	NBAS	NBAS subunit of NRZ tethering complex	725865	657401	46059.4	643379
A3KMH1	A3KMH1	VWA8_HUMAN	VWA8	von Willebrand factor A domain-containing protein 8	525796		117824	559272
A4D126	A4D126	ISPD_HUMAN	CRPPA	D-ribitol-5-phosphate cytidylyltransferase	257030		125515	359308
A4D1P6	A4D1P6	WDR91_HUMAN	WDR91	WD repeat-containing protein 91	411398	699254		370604
A4D1S5	A4D1S5	RAB19_HUMAN	RAB19	Ras-related protein Rab-19	492060	152541	693851	594781
A4D1U4	A4D1U4	DEN11_HUMAN	DENND11	DENN domain-containing protein 11	455935	123103	372982	470441
A4FU01	A4FU01	MTMRB_HUMAN	MTMR11	Myotubularin-related protein 11	1.492e+06		1.40854e+06	1.09496e+06
A5D8V6	A5D8V6	VP37C_HUMAN	VPS37C	Vacuolar protein sorting-associated protein 37C	776899	596349	859398	1.01095e+06
A5PLN9	A5PLN9	TPC13_HUMAN	TRAPPC13	Trafficking protein particle complex subunit 13	176752			201131
A5YKK6	A5YKK6	CNOT1_HUMAN	CNOT1	CCR4-NOT transcription complex subunit 1	2.68272e+06	2.27036e+06	465874	2.86413e+06
A6NC98	A6NC98	CC88B_HUMAN	CCDC88B	Coiled-coil domain-containing protein 88B	399435	463901		257797
A6NCE7;Q9GZQ8	Q9GZQ8;Q9H492;A6NCE7	MLP3B_HUMAN;MP3B2_HUMAN	MAP1LC3B;MAP1LC3B2	Microtubule-associated proteins 1A/1B light chain 3 beta 2	2.56109e+06	2.24956e+06	2.81546e+06	2.19472e+06
A6NCN2;O43790;P78385;P78386;Q14533	O43790;P78385;P78386;Q14533;A6NCN2	KR87P_HUMAN;KRT81_HUMAN;KRT83_HUMAN;KRT85_HUMAN;KRT86_HUMAN	KRT81;KRT83;KRT85;KRT86;KRT87P	Putative keratin-87 protein	214671	273068	137210	111390
A6NCS6	A6NCS6	CB072_HUMAN	C2orf72	Uncharacterized protein C2orf72	386481		578684	434245
A6NDG6	A6NDG6	PGP_HUMAN	PGP	Glycerol-3-phosphate phosphatase	1.69404e+06	2.20688e+06	3.34166e+06	2.20487e+06
A6NDU8	A6NDU8	RIMC1_HUMAN	RIMOC1	RAB7A-interacting MON1-CCZ1 complex subunit 1	163528		151980	218903
A6NHL2	A6NHL2	TBAL3_HUMAN	TUBAL3	Tubulin alpha chain-like 3	9.17667e+06	3.60459e+06	4.45357e+06	1.24973e+07
A6NHR9	A6NHR9	SMHD1_HUMAN	SMCHD1	Structural maintenance of chromosomes flexible hinge domain-containing protein 1	893904	976343		732477
A6NHS7	A6NHS7	MANS4_HUMAN	MANSC4	MANSC domain-containing protein 4	1.5994e+06	958803	1.51315e+06	1.46746e+06
A6NIH7	A6NIH7;Q13432	U119B_HUMAN	UNC119B	Protein unc-119 homolog B	698522	567235	536245	630505
A6PVY3	A6PVY3	F177B_HUMAN	FAM177B	Protein FAM177B	105600		114750	68708.2
A6ZKI3	A6ZKI3;Q17RB0;Q9BWD3	RTL8C_HUMAN	RTL8C	Retrotransposon Gag-like protein 8C	226115		277420	179935
A7KAX9	A7KAX9;O14559;Q7Z6I6	RHG32_HUMAN	ARHGAP32	Rho GTPase-activating protein 32	496291	347283	111938	304426
A8K2U0	A8K2U0	A2ML1_HUMAN	A2ML1	Alpha-2-macroglobulin-like protein 1	343374	1.24307e+06	341155	276742
A8K7I4	A8K7I4	CLCA1_HUMAN	CLCA1	Calcium-activated chloride channel regulator 1	5.41435e+07	5.50064e+06	3.82234e+07	7.5318e+07
A8MTT3	A8MTT3	CEBOS_HUMAN	CEBPZOS	Protein CEBPZOS	171709	94057.3	124632	130976
A8MVS5	A8MVS5	HIDE1_HUMAN	HIDE1	Protein HIDE1	295983	642481	223263	
A8MWD9;P62308	P62308;A8MWD9	RUXGL_HUMAN;RUXG_HUMAN	SNRPG;SNRPGP15	Putative small nuclear ribonucleoprotein G-like protein 15	7.02285e+06	6.22651e+06	3.37579e+06	6.03887e+06
A8MXE2	A8MXE2	B3GT9_HUMAN	B3GALT9	Beta-1,3-galactosyltransferase 9	746273	1.12369e+06	527867	553402
A8MXV4	A8MXV4	NUD19_HUMAN	NUDT19	Acyl-coenzyme A diphosphatase NUDT19	3.6363e+06	2.37493e+06	2.85838e+06	3.59968e+06
A9UHW6	A9UHW6	MI4GD_HUMAN	MIF4GD	MIF4G domain-containing protein	136911	71484.5	97474.5	98359.8
B0I1T2	B0I1T2	MYO1G_HUMAN	MYO1G	Unconventional myosin-Ig	1.29381e+06	649155	698506	813439
B1AK53	B1AK53	ESPN_HUMAN	ESPN	Espin			182342	58718.3
B2RN74	B2RN74	O11HC_HUMAN	OR11H12	Olfactory receptor 11H12	6.74144e+06	1.9854e+07	9.78306e+06	7.27814e+06
B3EWG5	B3EWG5	FM25C_HUMAN	FAM25C	Protein FAM25C	814765	589124		688524
B7ZAQ6	B7ZAQ6	GPHRA_HUMAN	GPR89A	Golgi pH regulator A	910339	883450	633108	897641
B9A064	A0M8Q6;P0CG04;P0DOY2;P0DOY3;P0CF74;B9A064;P0DOX8	IGLL5_HUMAN	IGLL5	Immunoglobulin lambda-like polypeptide 5	1.82655e+08	2.08724e+08	3.00281e+08	2.43366e+08
C4AMC7;Q6VEQ5	C4AMC7;Q6VEQ5	WASH2_HUMAN;WASH3_HUMAN	WASH2P;WASH3P	Putative WAS protein family homolog 3	1.37397e+06	704592	663805	1.22434e+06
C9JI98	C9JI98	TM238_HUMAN	TMEM238	Transmembrane protein 238	473634		767835	640237
C9JLW8	C9JLW8	MCRI1_HUMAN	MCRIP1	Mapk-regulated corepressor-interacting protein 1	601253			364240
E9PAV3;Q13765	Q13765;E9PAV3	NACAM_HUMAN;NACA_HUMAN	NACA	Nascent polypeptide-associated complex subunit alpha, muscle-specific form	6.14271e+06	3.66202e+06	8.01985e+06	6.70726e+06
E9PRG8	E9PRG8	CK098_HUMAN	C11orf98	Uncharacterized protein C11orf98	55573.9			96261.9
HLA:HLA00037	HLA:HLA00037;HLA:HLA00089;HLA:HLA00153;HLA:HLA00237	A*03:01:01:01	A*03:01:01:01		2.7724e+07	2.16892e+07	5.22582e+07	1.61508e+07
HLA:HLA00089	HLA:HLA00089	A*30:01:01:01	A*30:01:01:01		1.49151e+07	1.16426e+07	3.00412e+07	8.92929e+06
HLA:HLA00153	HLA:HLA00153;HLA:HLA00237	B*13:02:01:01	B*13:02:01:01		1.81079e+07	1.37996e+07	3.49002e+07	1.13444e+07
HLA:HLA00237	HLA:HLA00237	B*35:01:01:01	B*35:01:01:01		5.56328e+06	6.55198e+06	1.43016e+07	3.2724e+06
HLA:HLA00420	HLA:HLA00420	C*04:01:01:01	C*04:01:01:01		7.68892e+06	7.07311e+06	1.65685e+07	5.52855e+06
HLA:HLA00430	P01893;HLA:HLA00420;HLA:HLA00430	C*06:02:01:01	C*06:02:01:01		1.35133e+07	1.02426e+07	2.59837e+07	9.042e+06
HLA:HLA00520	HLA:HLA00520	DPB1*03:01:01:01	DPB1*03:01:01:01		2.6515e+06	2.70008e+06	4.51985e+06	2.45793e+06
HLA:HLA00534	HLA:HLA00520;HLA:HLA00534	DPB1*17:01:01:01	DPB1*17:01:01:01		1.19917e+07	1.02986e+07	1.83414e+07	9.16212e+06
HLA:HLA00622	HLA:HLA00622	DQB1*02:01:01	DQB1*02:01:01		1.77774e+06	2.1481e+06	1.6537e+06	913308
HLA:HLA00625	HLA:HLA00625	DQB1*03:01:01:01	DQB1*03:01:01:01		3.37239e+06	3.17336e+06	3.62815e+06	2.08972e+06
HLA:HLA00688	HLA:HLA00688	DRB1*04:03:01:01	DRB1*04:03:01:01		8.10886e+06	9.41145e+06	1.58823e+07	5.81015e+06
HLA:HLA00719	HLA:HLA00719	DRB1*07:01:01:01	DRB1*07:01:01:01		2.28517e+07	2.22293e+07	4.26672e+07	1.5587e+07
HLA:HLA00905	HLA:HLA00905	DRB4*01:01:01:01	DRB4*01:01:01:01		3.47536e+06	3.91005e+06	4.32171e+06	2.05372e+06
HLA:HLA00936	HLA:HLA00936	E*01:03:01:01	E*01:03:01:01		759344	422591	978283	650572
L0R6Q1	L0R6Q1	S35U4_HUMAN	SLC35A4	SLC35A4 upstream open reading frame protein	1.88673e+06	372161	2.0298e+06	1.91859e+06
L0R8F8	L0R8F8	MIDUO_HUMAN	MIEF1	Mitochondrial ribosome and complex I assembly factor AltMIEF1	483300	236781	514957	498596
O00115	O00115	DNS2A_HUMAN	DNASE2	Deoxyribonuclease-2-alpha	804606	1.1763e+06	2.05774e+06	596991
O00116	O00116	ADAS_HUMAN	AGPS	Alkyldihydroxyacetonephosphate synthase, peroxisomal	1.72078e+06	1.23002e+06	1.0303e+06	1.63218e+06
O00139	O00139	KIF2A_HUMAN	KIF2A	Kinesin-like protein KIF2A	521291	490272	207893	291093
O00142	O00142	KITM_HUMAN	TK2	Thymidine kinase 2, mitochondrial	235661	207254	101708	192958
O00148	O00148	DX39A_HUMAN	DDX39A	ATP-dependent RNA helicase DDX39A	3.11434e+06	3.19256e+06	3.97875e+06	2.93561e+06
O00151	O00151	PDLI1_HUMAN	PDLIM1	PDZ and LIM domain protein 1	1.01874e+07	1.8127e+06	6.67222e+06	1.07289e+07
O00154	O00154	BACH_HUMAN	ACOT7	Cytosolic acyl coenzyme A thioester hydrolase	2.56865e+06	2.35589e+06	5.34693e+06	3.02352e+06
O00159	O00159	MYO1C_HUMAN	MYO1C	Unconventional myosin-Ic	2.37779e+06	1.60013e+06	1.12201e+06	2.24512e+06
O00160	O00160	MYO1F_HUMAN	MYO1F	Unconventional myosin-If	1.51245e+06	1.05806e+06	902632	974639
O00161	O00161	SNP23_HUMAN	SNAP23	Synaptosomal-associated protein 23	3.64712e+06	1.25269e+06	4.62467e+06	3.29484e+06
O00165	O00165	HAX1_HUMAN	HAX1	HCLS1-associated protein X-1	268228	115408	160853	272497
O00168	O00168	PLM_HUMAN	FXYD1	Phospholemman	202605		380134	237288
O00170	O00170	AIP_HUMAN	AIP	AH receptor-interacting protein	3.34333e+06	3.46235e+06	3.05881e+06	3.05165e+06
O00175	O00175	CCL24_HUMAN	CCL24	C-C motif chemokine 24	2.10282e+06	2.87848e+06	3.31019e+06	2.29169e+06
O00178	O00178	GTPB1_HUMAN	GTPBP1	GTP-binding protein 1	947534	418744	697907	687253
O00182	O00182	LEG9_HUMAN	LGALS9	Galectin-9	5.36942e+06	2.74085e+06	8.53576e+06	5.71404e+06
O00186	O00186	STXB3_HUMAN	STXBP3	Syntaxin-binding protein 3	5.56953e+06	3.52324e+06	3.52805e+06	5.10786e+06
O00193	O00193	SMAP_HUMAN	SMAP	Small acidic protein	2.07883e+06	415597	2.62612e+06	3.09001e+06
O00194	O00194	RB27B_HUMAN	RAB27B	Ras-related protein Rab-27B	1.70446e+06	526179	929591	779618
O00203	O00203	AP3B1_HUMAN	AP3B1	AP-3 complex subunit beta-1	2.43131e+06	2.43868e+06	1.02207e+06	2.13556e+06
O00214	O00214	LEG8_HUMAN	LGALS8	Galectin-8	804843	870235	728491	684263
O00217	O00217	NDUS8_HUMAN	NDUFS8	NADH dehydrogenase [ubiquinone] iron-sulfur protein 8, mitochondrial	4.19681e+06	823349	1.9438e+06	4.84491e+06
O00231	O00231	PSD11_HUMAN	PSMD11	26S proteasome non-ATPase regulatory subunit 11	7.60518e+06	6.72186e+06	3.09662e+06	8.56401e+06
O00232	O00232	PSD12_HUMAN	PSMD12	26S proteasome non-ATPase regulatory subunit 12	2.89464e+06	3.36773e+06	1.32934e+06	3.49067e+06
O00233	O00233	PSMD9_HUMAN	PSMD9	26S proteasome non-ATPase regulatory subunit 9	2.68242e+06	3.51213e+06	3.09085e+06	2.70095e+06
O00241	O00241	SIRB1_HUMAN	SIRPB1	Signal-regulatory protein beta-1		97174.6		
O00244	O00244	ATOX1_HUMAN	ATOX1	Copper transport protein ATOX1	1.53556e+06	1.16067e+06	4.58241e+06	1.9418e+06
O00258	O00258	GET1_HUMAN	GET1	Guided entry of tail-anchored proteins factor 1	291976	254752	225926	194080
O00264	O00264	PGRC1_HUMAN	PGRMC1	Membrane-associated progesterone receptor component 1	1.01858e+07	3.23702e+06	1.15275e+07	9.23362e+06
O00267	O00267	SPT5H_HUMAN	SUPT5H	Transcription elongation factor SPT5	1.94185e+06	1.74257e+06	961989	1.72782e+06
O00273	O00273	DFFA_HUMAN	DFFA	DNA fragmentation factor subunit alpha	582408	513684	836691	906122
O00291	O00291	HIP1_HUMAN	HIP1	Huntingtin-interacting protein 1	1.35197e+06	1.43588e+06		1.47122e+06
O00299	O00299	CLIC1_HUMAN	CLIC1	Chloride intracellular channel protein 1	7.68892e+07	6.45416e+07	1.17306e+08	8.1177e+07
O00303	O00303	EIF3F_HUMAN	EIF3F	Eukaryotic translation initiation factor 3 subunit F	2.83286e+06	2.3771e+06	2.34667e+06	3.06428e+06
O00330	O00330	ODPX_HUMAN	PDHX	Pyruvate dehydrogenase protein X component, mitochondrial	1.67731e+06	776442	940025	2.0108e+06
O00391	O00391	QSOX1_HUMAN	QSOX1	Sulfhydryl oxidase 1	1.56844e+06	1.46987e+06	2.62969e+06	2.16637e+06
O00399	O00399	DCTN6_HUMAN	DCTN6	Dynactin subunit 6	782460	727232	815728	843064
O00400	O00400	ACATN_HUMAN	SLC33A1	Acetyl-coenzyme A transporter 1	728111	660576	572779	684197
O00401	O00401	WASL_HUMAN	WASL	Actin nucleation-promoting factor WASL	1.2469e+06		1.01892e+06	1.41937e+06
O00410	O00410	IPO5_HUMAN	IPO5	Importin-5	2.5597e+06	574209	1.65956e+06	3.02145e+06
O00422	O00422	SAP18_HUMAN	SAP18	Histone deacetylase complex subunit SAP18	505103	241288	449324	513594
O00423	O00423	EMAL1_HUMAN	EML1	Echinoderm microtubule-associated protein-like 1	949150	1.05624e+06		712833
O00429	O00429	DNM1L_HUMAN	DNM1L	Dynamin-1-like protein	3.44485e+06	1.83452e+06	1.43687e+06	3.02327e+06
O00442	O00442	RTCA_HUMAN	RTCA	RNA 3'-terminal phosphate cyclase	1.63394e+06	1.84346e+06	1.61254e+06	1.74077e+06
O00459	O00459	P85B_HUMAN	PIK3R2	Phosphatidylinositol 3-kinase regulatory subunit beta	212967		123953	250665
O00461	O00461	GOLI4_HUMAN	GOLIM4	Golgi integral membrane protein 4	1.97607e+06	1.6043e+06	1.9924e+06	2.06874e+06
O00462	O00462	MANBA_HUMAN	MANBA	Beta-mannosidase	679227	1.02539e+06	1.25292e+06	863001
O00468	O00468	AGRIN_HUMAN	AGRN	Agrin	1.16219e+06	1.30413e+06	1.09637e+06	1.08892e+06
O00469	O00469	PLOD2_HUMAN	PLOD2	Procollagen-lysine,2-oxoglutarate 5-dioxygenase 2	1.83367e+06	1.87381e+06	500551	424436
O00471	O00471	EXOC5_HUMAN	EXOC5	Exocyst complex component 5	1.09592e+07	8.48996e+06		9.75101e+06
O00478	O00478	BT3A3_HUMAN	BTN3A3	Butyrophilin subfamily 3 member A3	1.80243e+06	1.29447e+06	2.3329e+06	1.40043e+06
O00479	O00479	HMGN4_HUMAN	HMGN4	High mobility group nucleosome-binding domain-containing protein 4	1.07809e+06	925049	920843	1.59868e+06
O00483	O00483	NDUA4_HUMAN	NDUFA4	Cytochrome c oxidase subunit NDUFA4	4.27786e+06	413480	3.55715e+06	5.45414e+06
O00487	O00487	PSDE_HUMAN	PSMD14	26S proteasome non-ATPase regulatory subunit 14	2.97788e+06	1.97592e+06	1.03592e+06	3.18715e+06
O00499	O00499	BIN1_HUMAN	BIN1	Myc box-dependent-interacting protein 1	2.11223e+06	1.65164e+06	1.42942e+06	2.05679e+06
O00501	O00501	CLD5_HUMAN	CLDN5	Claudin-5	424439	316813	327688	300796
O00505	O00505	IMA4_HUMAN	KPNA3	Importin subunit alpha-4	916884	448044	736775	1.13199e+06
O00507	O00507	USP9Y_HUMAN	USP9Y	Probable ubiquitin carboxyl-terminal hydrolase FAF-Y	97507.7	108889	51786.7	118519
O00515	O00515	LAD1_HUMAN	LAD1	Ladinin-1	2.09324e+06	710877	1.22289e+06	3.42138e+06
O00519	O00519	FAAH1_HUMAN	FAAH	Fatty-acid amide hydrolase 1	830468	396836	1.13551e+06	1.17045e+06
O00533	O00533	NCHL1_HUMAN	CHL1	Neural cell adhesion molecule L1-like protein	425192	215925	558184	678300
O00534	O00534	VMA5A_HUMAN	VWA5A	von Willebrand factor A domain-containing protein 5A	2.78427e+06	2.35777e+06	1.48422e+06	2.279e+06
O00541	O00541	PESC_HUMAN	PES1	Pescadillo homolog	300768	91834.4	90772.6	272273
O00560	O00560	SDCB1_HUMAN	SDCBP	Syntenin-1	4.21048e+06	7.60166e+06	5.81189e+06	3.56349e+06
O00567	O00567	NOP56_HUMAN	NOP56	Nucleolar protein 56	9.96337e+06	5.3166e+06	1.62262e+06	6.68676e+06
O00571	O00571;O15523	DDX3X_HUMAN	DDX3X	ATP-dependent RNA helicase DDX3X	3.82653e+06	3.74075e+06	2.14294e+06	2.50214e+06
O00584	O00584	RNT2_HUMAN	RNASET2	Ribonuclease T2	2.232e+06	2.4742e+06	4.37606e+06	3.29891e+06
O00592	O00592	PODXL_HUMAN	PODXL	Podocalyxin	1.1906e+06	758641	600922	772493
O00602	O00602	FCN1_HUMAN	FCN1	Ficolin-1	377069	3.23445e+06	291761	
O00625	O00625	PIR_HUMAN	PIR	Pirin	331983	477106	751192	438877
O00629	O00505;O00629	IMA3_HUMAN	KPNA4	Importin subunit alpha-3	2.09734e+06	1.40189e+06	1.66759e+06	2.16761e+06
O00743	O00743	PPP6_HUMAN	PPP6C	Serine/threonine-protein phosphatase 6 catalytic subunit	1.29408e+06	1.71029e+06	1.61596e+06	1.52638e+06
O00748	O00748;P22303;Q5XG92	EST2_HUMAN	CES2	Cocaine esterase	6.93295e+06	1.71548e+06	1.97611e+07	9.49944e+06
O00754	O00754	MA2B1_HUMAN	MAN2B1	Lysosomal alpha-mannosidase	1.30371e+06	1.92822e+06	2.81437e+06	1.41351e+06
O00757	O00757	F16P2_HUMAN	FBP2	Fructose-1,6-bisphosphatase isozyme 2	1.37859e+06	1.15955e+06	838495	766361
O00764	O00764	PDXK_HUMAN	PDXK	Pyridoxal kinase	4.49825e+06	6.31139e+06	7.86814e+06	4.54051e+06
O00767	O00767	SCD_HUMAN	SCD	Stearoyl-CoA desaturase	633984	428069	717275	481682
O14493	O14493	CLD4_HUMAN	CLDN4	Claudin-4	1.03428e+06	419710	3.9094e+06	1.79245e+06
O14494	O14494	PLPP1_HUMAN	PLPP1	Phospholipid phosphatase 1	432610	1.17479e+06	703613	487511
O14495	O14495	PLPP3_HUMAN	PLPP3	Phospholipid phosphatase 3	438849	599939	248928	253615
O14497	O14497	ARI1A_HUMAN	ARID1A	AT-rich interactive domain-containing protein 1A	291091	147854		237287
O14498	O14498	ISLR_HUMAN	ISLR	Immunoglobulin superfamily containing leucine-rich repeat protein	1.42285e+06	835601	367491	
O14521	O14521	DHSD_HUMAN	SDHD	Succinate dehydrogenase [ubiquinone] cytochrome b small subunit, mitochondrial	2.31916e+06	630298	1.72868e+06	2.51534e+06
O14523	O14523	C2C2L_HUMAN	C2CD2L	Phospholipid transfer protein C2CD2L	33705.2	32179.5		
O14530	O14530	TXND9_HUMAN	TXNDC9	Thioredoxin domain-containing protein 9	246896	199354	246057	232417
O14545	O14545	TRAD1_HUMAN	TRAFD1	TRAF-type zinc finger domain-containing protein 1	87672.8	35175.1	34422.9	97163.8
O14548	O14548	COX7R_HUMAN	COX7A2L	Cytochrome c oxidase subunit 7A-related protein, mitochondrial	3.70843e+06	1.03595e+06	3.64608e+06	4.18675e+06
O14558	O14558	HSPB6_HUMAN	HSPB6	Heat shock protein beta-6	1.37493e+06		606969	893682
O14562	O14562	UBFD1_HUMAN	UBFD1	Ubiquitin domain-containing protein UBFD1	1.02535e+06	1.46221e+06	1.33175e+06	1.23154e+06
O14569	O14569	C56D2_HUMAN	CYB561D2	Transmembrane reductase CYB561D2	973444	1.03793e+06	1.00581e+06	693544
O14579	O14579	COPE_HUMAN	COPE	Coatomer subunit epsilon	4.47412e+06	1.90169e+06	4.30411e+06	4.36369e+06
O14602	O14602	IF1AY_HUMAN	EIF1AY	Eukaryotic translation initiation factor 1A, Y-chromosomal	342359		827616	410055
O14617	O14617	AP3D1_HUMAN	AP3D1	AP-3 complex subunit delta-1	1.38201e+06	1.54944e+06	676911	1.39515e+06
O14618	O14618	CCS_HUMAN	CCS	Copper chaperone for superoxide dismutase	1.87723e+06	1.59924e+06	2.92316e+06	2.30178e+06
O14639	O14639	ABLM1_HUMAN	ABLIM1	Actin-binding LIM protein 1	562962		725679	548021
O14653	O14653	GOSR2_HUMAN	GOSR2	Golgi SNAP receptor complex member 2	1.03154e+06	674683	1.02727e+06	852466
O14656	O14656	TOR1A_HUMAN	TOR1A	Torsin-1A	884861	579183	915263	499558
O14657	O14657	TOR1B_HUMAN	TOR1B	Torsin-1B	1.41852e+06	984687	1.56646e+06	994421
O14662	O14662	STX16_HUMAN	STX16	Syntaxin-16	426938	467322	176602	427847
O14672	O14672	ADA10_HUMAN	ADAM10	Disintegrin and metalloproteinase domain-containing protein 10	4.31533e+06	3.53707e+06	6.27789e+06	4.25608e+06
O14678	O14678	ABCD4_HUMAN	ABCD4	Lysosomal cobalamin transporter ABCD4	511581		318227	336504
O14681	O14681	EI24_HUMAN	EI24	Etoposide-induced protein 2.4 homolog	900455	565626	639910	897879
O14683	O14683	P5I11_HUMAN	TP53I11	Tumor protein p53-inducible protein 11	2.68533e+06		2.12615e+06	2.78633e+06
O14684	O14684	PTGES_HUMAN	PTGES	Prostaglandin E synthase	1.03201e+06	4.03891e+06	534148	542841
O14727	O14727	APAF_HUMAN	APAF1	Apoptotic protease-activating factor 1	1.57836e+06	1.83279e+06	896486	1.48269e+06
O14732	O14732	IMPA2_HUMAN	IMPA2	Inositol monophosphatase 2	1.27921e+06	877425	1.72224e+06	1.39562e+06
O14734	O14734	ACOT8_HUMAN	ACOT8	Acyl-coenzyme A thioesterase 8	1.894e+06	411003	1.52809e+06	2.13583e+06
O14735	O14735	CDIPT_HUMAN	CDIPT	CDP-diacylglycerol--inositol 3-phosphatidyltransferase	4.91038e+06	3.51105e+06	3.36918e+06	2.97701e+06
O14737	O14737	PDCD5_HUMAN	PDCD5	Programmed cell death protein 5	3.26041e+06		4.70655e+06	3.62147e+06
O14744	O14744	ANM5_HUMAN	PRMT5	Protein arginine N-methyltransferase 5	2.31266e+06	2.71175e+06	1.43569e+06	2.95849e+06
O14745	O14745	NHRF1_HUMAN	NHERF1	Na(+)/H(+) exchange regulatory cofactor NHE-RF1	3.881e+06	3.30283e+06	5.51856e+06	4.20466e+06
O14756	O14756	H17B6_HUMAN	HSD17B6	17-beta-hydroxysteroid dehydrogenase type 6	643246	456019	588484	724397
O14772	O14772	FPGT_HUMAN	FPGT	Fucose-1-phosphate guanylyltransferase	703071	547908	554186	862190
O14773	O14773	TPP1_HUMAN	TPP1	Tripeptidyl-peptidase 1	1.29335e+07	1.094e+07	2.06223e+07	1.18727e+07
O14776	O14776	TCRG1_HUMAN	TCERG1	Transcription elongation regulator 1	1.07137e+06	898669	549148	1.00645e+06
O14786	O14786	NRP1_HUMAN	NRP1	Neuropilin-1	941895	1.09616e+06	442609	623391
O14787	O14787	TNPO2_HUMAN	TNPO2	Transportin-2	600641	170077	329528	794699
O14791	O14791	APOL1_HUMAN	APOL1	Apolipoprotein L1	1.74588e+06	887589	1.74761e+06	2.16308e+06
O14795	O14795	UN13B_HUMAN	UNC13B	Protein unc-13 homolog B	191673			249105
O14798	O14798	TR10C_HUMAN	TNFRSF10C	Tumor necrosis factor receptor superfamily member 10C		271474		
O14815	O14815	CAN9_HUMAN	CAPN9	Calpain-9	696532	120533	413801	812465
O14818	O14818	PSA7_HUMAN	PSMA7	Proteasome subunit alpha type-7	7.5855e+06	9.96126e+06	7.14386e+06	8.48165e+06
O14828	O14828	SCAM3_HUMAN	SCAMP3	Secretory carrier-associated membrane protein 3	2.46838e+06	1.11067e+06	3.70661e+06	2.16167e+06
O14841	O14841	OPLA_HUMAN	OPLAH	5-oxoprolinase	926302	699052	1.05347e+06	1.37153e+06
O14874	O14874	BCKD_HUMAN	BCKDK	[3-methyl-2-oxobutanoate dehydrogenase [lipoamide]] kinase, mitochondrial	108806	94156.6	21047.4	90877
O14879	O14879	IFIT3_HUMAN	IFIT3	Interferon-induced protein with tetratricopeptide repeats 3	934774	502189	304531	
O14880	O14880	MGST3_HUMAN	MGST3	Glutathione S-transferase 3, mitochondrial	1.7982e+07	8.94258e+06	8.4457e+06	1.77407e+07
O14896	O14896	IRF6_HUMAN	IRF6	Interferon regulatory factor 6	3.83472e+06		5.18648e+06	6.93876e+06
O14907	O14907	TX1B3_HUMAN	TAX1BP3	Tax1-binding protein 3	3.10755e+06	2.78057e+06	5.90999e+06	3.0429e+06
O14908	O14908;Q8TF64	GIPC1_HUMAN	GIPC1	PDZ domain-containing protein GIPC1	2.66457e+06	899664	4.92198e+06	3.71089e+06
O14920	O14920	IKKB_HUMAN	IKBKB	Inhibitor of nuclear factor kappa-B kinase subunit beta	388545	451609	68390.4	378085
O14925	O14925;Q5SRD1	TIM23_HUMAN	TIMM23	Mitochondrial import inner membrane translocase subunit Tim23	955900	422577	1.30038e+06	1.11947e+06
O14929	O14929	HAT1_HUMAN	HAT1	Histone acetyltransferase type B catalytic subunit	1.12928e+06	1.56939e+06	1.32351e+06	1.34936e+06
O14933	O14933	UB2L6_HUMAN	UBE2L6	Ubiquitin/ISG15-conjugating enzyme E2 L6	1.6127e+06	1.19033e+06	2.71114e+06	970745
O14936	O14936	CSKP_HUMAN	CASK	Peripheral plasma membrane protein CASK	1.96494e+06	1.04194e+06	1.09583e+06	2.33778e+06
O14939	O14939	PLD2_HUMAN	PLD2	Phospholipase D2	675354	755816	452245	625345
O14949	O14949	QCR8_HUMAN	UQCRQ	Cytochrome b-c1 complex subunit 8	1.45197e+07	4.31002e+06	1.23224e+07	1.49541e+07
O14950;P19105	O14950;P19105	ML12A_HUMAN;ML12B_HUMAN	MYL12A;MYL12B	Myosin regulatory light chain 12B	8.51185e+06	6.31023e+06	3.67618e+06	5.4561e+06
O14957	O14957	QCR10_HUMAN	UQCR11	Cytochrome b-c1 complex subunit 10	3.5034e+06	400983	5.35394e+06	4.6731e+06
O14964	O14964	HGS_HUMAN	HGS	Hepatocyte growth factor-regulated tyrosine kinase substrate	2.66427e+06	2.01786e+06	1.15173e+06	2.45625e+06
O14966	O14966	RAB7L_HUMAN	RAB29	Ras-related protein Rab-7L1	960386	502685	802691	640959
O14972	O14972	VP26C_HUMAN	VPS26C	Vacuolar protein sorting-associated protein 26C	1.04603e+06	851340	445214	922669
O14974	O14974	MYPT1_HUMAN	PPP1R12A	Protein phosphatase 1 regulatory subunit 12A	5.76145e+06	4.15318e+06	1.69876e+06	3.79411e+06
O14975	O14975	S27A2_HUMAN	SLC27A2	Long-chain fatty acid transport protein 2	1.64419e+06	1.39347e+06	2.02563e+06	2.22963e+06
O14976	O14976	GAK_HUMAN	GAK	Cyclin-G-associated kinase	822323	593458	439175	1.05306e+06
O14979	O14979	HNRDL_HUMAN	HNRNPDL	Heterogeneous nuclear ribonucleoprotein D-like	4.60528e+06	2.55753e+06	2.9974e+06	4.37397e+06
O14980	O14980	XPO1_HUMAN	XPO1	Exportin-1	3.76196e+06	1.97021e+06	1.66218e+06	4.47837e+06
O14981	O14981	BTAF1_HUMAN	BTAF1	TATA-binding protein-associated factor 172	402654		248772	381502
O15027	O15027	SC16A_HUMAN	SEC16A	Protein transport protein Sec16A	1.13238e+06	780211	350189	1.32952e+06
O15031	O15031	PLXB2_HUMAN	PLXNB2	Plexin-B2	4.82104e+06	5.23467e+06	6.3476e+06	5.21761e+06
O15040	O15040	TCPR2_HUMAN	TECPR2	Tectonin beta-propeller repeat-containing protein 2	107967	98264	31625.8	
O15042	O15042	SR140_HUMAN	U2SURP	U2 snRNP-associated SURP motif-containing protein	2.67167e+06	2.72554e+06	2.51706e+06	2.16177e+06
O15047	O15047	SET1A_HUMAN	SETD1A	Histone-lysine N-methyltransferase SETD1A	432212			279543
O15061	O15061	SYNEM_HUMAN	SYNM	Synemin	601156		194494	280123
O15067	O15067	PUR4_HUMAN	PFAS	Phosphoribosylformylglycinamidine synthase	2.28059e+06	2.65853e+06	3.57726e+06	2.37609e+06
O15075	O15075	DCLK1_HUMAN	DCLK1	Serine/threonine-protein kinase DCLK1	305104	196358		223792
O15084	O15084	ANR28_HUMAN	ANKRD28	Serine/threonine-protein phosphatase 6 regulatory ankyrin repeat subunit A	361403	772949		320474
O15085	O15085	ARHGB_HUMAN	ARHGEF11	Rho guanine nucleotide exchange factor 11	160274			116019
O15091	O15091	MRPP3_HUMAN	PRORP	Mitochondrial ribonuclease P catalytic subunit	104265	52346.8	63313.7	100043
O15111	O15111	IKKA_HUMAN	CHUK	Inhibitor of nuclear factor kappa-B kinase subunit alpha	202304	241163		225690
O15116	O15116	LSM1_HUMAN	LSM1	U6 snRNA-associated Sm-like protein LSm1	898749	588359	1.06094e+06	1.04919e+06
O15117	O15117	FYB1_HUMAN	FYB1	FYN-binding protein 1	976604	1.19508e+06	552366	636127
O15118	O15118	NPC1_HUMAN	NPC1	NPC intracellular cholesterol transporter 1	965676	1.37826e+06	1.32474e+06	807649
O15120	O15120	PLCB_HUMAN	AGPAT2	1-acyl-sn-glycerol-3-phosphate acyltransferase beta	672492	281675	571884	699054
O15121	O15121	DEGS1_HUMAN	DEGS1	Sphingolipid delta(4)-desaturase DES1	825801	597874	542322	415085
O15126	O15126	SCAM1_HUMAN	SCAMP1	Secretory carrier-associated membrane protein 1	802307	562358	905401	645144
O15127	O15127	SCAM2_HUMAN	SCAMP2	Secretory carrier-associated membrane protein 2	5.04854e+06	3.31112e+06	8.15421e+06	4.95173e+06
O15143	O15143	ARC1B_HUMAN	ARPC1B	Actin-related protein 2/3 complex subunit 1B	1.0523e+07	1.52156e+07	6.58147e+06	7.90508e+06
O15144	O15144	ARPC2_HUMAN	ARPC2	Actin-related protein 2/3 complex subunit 2	1.64481e+07	2.38917e+07	9.29702e+06	1.22994e+07
O15145	O15145	ARPC3_HUMAN	ARPC3	Actin-related protein 2/3 complex subunit 3	2.06117e+07	2.56934e+07	1.62124e+07	1.62836e+07
O15155	O15155	BET1_HUMAN	BET1	BET1 homolog	893203	707714	1.22589e+06	803807
O15160	O15160	RPAC1_HUMAN	POLR1C	DNA-directed RNA polymerases I and III subunit RPAC1	804141	604939	502882	693941
O15162	O15162	PLS1_HUMAN	PLSCR1	Phospholipid scramblase 1	1.25422e+06	2.0173e+06	1.37033e+06	838824
O15173	O15173	PGRC2_HUMAN	PGRMC2	Membrane-associated progesterone receptor component 2	6.44901e+06	6.60259e+06	9.66657e+06	6.26915e+06
O15195	O15195	VILL_HUMAN	VILL	Villin-like protein	1.00108e+06	431375	881635	1.35822e+06
O15204	O15204	ADEC1_HUMAN	ADAMDEC1	ADAM DEC1	357812	485932	448031	440845
O15212	O15212	PFD6_HUMAN	PFDN6	Prefoldin subunit 6	2.81546e+06	432535	2.54002e+06	3.36014e+06
O15228	O15228	GNPAT_HUMAN	GNPAT	Dihydroxyacetone phosphate acyltransferase	875361	733369	492636	765479
O15230	O15230	LAMA5_HUMAN	LAMA5	Laminin subunit alpha-5	625373	987258	382015	441191
O15231	O15231	ZN185_HUMAN	ZNF185	Zinc finger protein 185	314251		231579	348443
O15235	O15235	RT12_HUMAN	MRPS12	Small ribosomal subunit protein uS12m	265321		175918	454463
O15239	O15239	NDUA1_HUMAN	NDUFA1	NADH dehydrogenase [ubiquinone] 1 alpha subcomplex subunit 1	570806			536512
O15243	O15243	OBRG_HUMAN	LEPROT	Leptin receptor gene-related protein	200401	125372	154449	156395
O15247	O15247	CLIC2_HUMAN	CLIC2	Chloride intracellular channel protein 2	2.06857e+06	1.75489e+06	2.0065e+06	2.12602e+06
O15254	O15254	ACOX3_HUMAN	ACOX3	Peroxisomal acyl-coenzyme A oxidase 3	809303	651829	384895	698043
O15258	O15258	RER1_HUMAN	RER1	Protein RER1	4.3551e+06	4.45246e+06	4.52264e+06	3.5263e+06
O15260	O15260	SURF4_HUMAN	SURF4	Surfeit locus protein 4	1.03029e+07	1.19869e+07	7.92249e+06	8.67921e+06
O15264	O15264	MK13_HUMAN	MAPK13	Mitogen-activated protein kinase 13	3.08878e+06	2.01721e+06	2.49294e+06	3.80433e+06
O15269	O15269	SPTC1_HUMAN	SPTLC1	Serine palmitoyltransferase 1	1.22544e+06	825082	755249	1.21895e+06
O15270	O15270	SPTC2_HUMAN	SPTLC2	Serine palmitoyltransferase 2	1.16879e+06	870671	860798	1.22187e+06
O15294	O15294	OGT1_HUMAN	OGT	UDP-N-acetylglucosamine--peptide N-acetylglucosaminyltransferase 110 kDa subunit	1.5217e+06	966515	347142	1.53703e+06
O15296	O15296	LX15B_HUMAN	ALOX15B	Polyunsaturated fatty acid lipoxygenase ALOX15B		816920		
O15297	O15297	PPM1D_HUMAN	PPM1D	Protein phosphatase 1D	296936	214299	171303	217803
O15305	O15305	PMM2_HUMAN	PMM2	Phosphomannomutase 2	3.90433e+06	3.59793e+06	8.79114e+06	5.36677e+06
O15321	O15321	TM9S1_HUMAN	TM9SF1	Transmembrane 9 superfamily member 1	8.95841e+06	1.16912e+07	1.10355e+07	9.25818e+06
O15327	O15327	INP4B_HUMAN	INPP4B	Inositol polyphosphate 4-phosphatase type II	151135	81883.7	60084.4	104797
O15347	O15347	HMGB3_HUMAN	HMGB3	High mobility group protein B3	3.80536e+06	4.27358e+06	4.44914e+06	4.00907e+06
O15355	O15355	PPM1G_HUMAN	PPM1G	Protein phosphatase 1G	1.64613e+06	1.01711e+06	1.45267e+06	1.88351e+06
O15357	O15357	SHIP2_HUMAN	INPPL1	Phosphatidylinositol 3,4,5-trisphosphate 5-phosphatase 2	678949	642494	273120	639618
O15371	O15371	EIF3D_HUMAN	EIF3D	Eukaryotic translation initiation factor 3 subunit D	2.44539e+06	2.67066e+06	1.33173e+06	2.61501e+06
O15372	O15372	EIF3H_HUMAN	EIF3H	Eukaryotic translation initiation factor 3 subunit H	1.8282e+06	1.79816e+06	1.33411e+06	2.06896e+06
O15379	O15379	HDAC3_HUMAN	HDAC3	Histone deacetylase 3	263022	189050		235976
O15382	O15382	BCAT2_HUMAN	BCAT2	Branched-chain-amino-acid aminotransferase, mitochondrial	3.74901e+06	1.88284e+06	3.51844e+06	4.53837e+06
O15389	O15389;Q08ET2	SIGL5_HUMAN	SIGLEC5	Sialic acid-binding Ig-like lectin 5	288290	1.79163e+06	358890	
O15393	O15393	TMPS2_HUMAN	TMPRSS2	Transmembrane protease serine 2		9284.54	215393	115312
O15394	O15394	NCAM2_HUMAN	NCAM2	Neural cell adhesion molecule 2			286541	365240
O15397	O15397	IPO8_HUMAN	IPO8	Importin-8	1.14992e+06	852136	774874	1.2469e+06
O15400	O15400	STX7_HUMAN	STX7	Syntaxin-7	5.67493e+06	1.46391e+06	5.0517e+06	3.84732e+06
O15427	O15427	MOT4_HUMAN	SLC16A3	Monocarboxylate transporter 4	1.96641e+06	2.02285e+06	2.46638e+06	1.28743e+06
O15431	O15431	COPT1_HUMAN	SLC31A1	High affinity copper uptake protein 1	1.31509e+06	429302	1.27267e+06	1.34638e+06
O15438	O15438	MRP3_HUMAN	ABCC3	ATP-binding cassette sub-family C member 3	4.34691e+06	1.93981e+06	3.62032e+06	5.4222e+06
O15439	O15439	MRP4_HUMAN	ABCC4	ATP-binding cassette sub-family C member 4	734812	539847	328206	712384
O15455	O15455	TLR3_HUMAN	TLR3	Toll-like receptor 3	455817	479995	455492	370395
O15460	O15460	P4HA2_HUMAN	P4HA2	Prolyl 4-hydroxylase subunit alpha-2	1.50839e+06	2.24155e+06	1.18964e+06	918099
O15484	O15484	CAN5_HUMAN	CAPN5	Calpain-5	2.31176e+06	635282	2.97728e+06	3.11156e+06
O15496	O15496	PA2GX_HUMAN	PLA2G10	Group 10 secretory phospholipase A2			950489	482307
O15498	O15498	YKT6_HUMAN	YKT6	Synaptobrevin homolog YKT6	2.23739e+06	2.37212e+06	4.13491e+06	2.34497e+06
O15511	O15511	ARPC5_HUMAN	ARPC5	Actin-related protein 2/3 complex subunit 5	1.27026e+07	1.95813e+07	1.21103e+07	1.06534e+07
O15522;O95096	O15522;O95096	NKX22_HUMAN;NKX28_HUMAN	NKX2-2;NKX2-8	Homeobox protein Nkx-2.8	1.85749e+06	506797	2.01656e+06	1.87465e+06
O15523	O15523	DDX3Y_HUMAN	DDX3Y	ATP-dependent RNA helicase DDX3Y	769731	732598	393352	401699
O15530	O15530	PDPK1_HUMAN	PDPK1	3-phosphoinositide-dependent protein kinase 1	317406	239507	184642	223799
O15533	O15533	TPSN_HUMAN	TAPBP	Tapasin	2.11594e+07	7.74812e+06	2.96356e+07	1.22836e+07
O15551	O14493;O15551;O95484;P56747	CLD3_HUMAN	CLDN3	Claudin-3	1.28843e+07	3.67499e+06	4.7889e+07	2.22951e+07
O15554	O15554	KCNN4_HUMAN	KCNN4	Intermediate conductance calcium-activated potassium channel protein 4	220186		99429	199131
O43143	O43143;O60231;Q14562	DHX15_HUMAN	DHX15	ATP-dependent RNA helicase DHX15	2.07783e+06	2.72913e+06	1.25699e+06	1.83085e+06
O43148	O43148	MCES_HUMAN	RNMT	mRNA cap guanine-N7 methyltransferase	1.09753e+06	1.46647e+06	656344	746612
O43149	O43149	ZZEF1_HUMAN	ZZEF1	Zinc finger ZZ-type and EF-hand domain-containing protein 1	886940	658990	471810	1.07438e+06
O43150	O43150	ASAP2_HUMAN	ASAP2	Arf-GAP with SH3 domain, ANK repeat and PH domain-containing protein 2	104055	126894		160786
O43157	O43157	PLXB1_HUMAN	PLXNB1	Plexin-B1	72333.6	16619.2	67916	66775.7
O43169	O43169	CYB5B_HUMAN	CYB5B	Cytochrome b5 type B	5.79154e+06	3.65749e+06	8.78158e+06	5.38221e+06
O43172	O43172	PRP4_HUMAN	PRPF4	U4/U6 small nuclear ribonucleoprotein Prp4	319059	293211	533948	362261
O43175	O43175	SERA_HUMAN	PHGDH	D-3-phosphoglycerate dehydrogenase	2.3949e+06	1.11208e+06	2.79804e+06	2.60408e+06
O43181	O43181	NDUS4_HUMAN	NDUFS4	NADH dehydrogenase [ubiquinone] iron-sulfur protein 4, mitochondrial	4.144e+06	2.79451e+06	1.91358e+06	5.00116e+06
O43236	O43236	SEPT4_HUMAN	SEPTIN4	Septin-4	157613	140148		80623.7
O43237	O43237	DC1L2_HUMAN	DYNC1LI2	Cytoplasmic dynein 1 light intermediate chain 2	3.02751e+06	1.64228e+06	1.59977e+06	3.64307e+06
O43242	O43242	PSMD3_HUMAN	PSMD3	26S proteasome non-ATPase regulatory subunit 3	3.44767e+06	3.60729e+06	1.3193e+06	3.6516e+06
O43251;Q9NWB1	O43251;Q9NWB1;A6NFN3	RFOX1_HUMAN;RFOX2_HUMAN	RBFOX1;RBFOX2	RNA binding protein fox-1 homolog 2	650537	711262	401618	561462
O43252	O43252	PAPS1_HUMAN	PAPSS1	Bifunctional 3'-phosphoadenosine 5'-phosphosulfate synthase 1	2.31437e+06	2.02381e+06	1.13979e+06	2.27676e+06
O43264	O43264	ZW10_HUMAN	ZW10	Centromere/kinetochore protein zw10 homolog	659382	245536	99874.7	814802
O43278	O43278	SPIT1_HUMAN	SPINT1	Kunitz-type protease inhibitor 1	1.02257e+06	631372	3.51647e+06	1.5962e+06
O43290	O43290	SNUT1_HUMAN	SART1	U4/U6.U5 tri-snRNP-associated protein 1	426423	127349		388183
O43291	O43291	SPIT2_HUMAN	SPINT2	Kunitz-type protease inhibitor 2	2.02009e+06	1.06408e+06	5.18827e+06	2.74313e+06
O43292	O43292	GPAA1_HUMAN	GPAA1	Glycosylphosphatidylinositol anchor attachment 1 protein	1.7566e+06	1.54024e+06	1.18921e+06	1.7489e+06
O43294	O43294	TGFI1_HUMAN	TGFB1I1	Transforming growth factor beta-1-induced transcript 1 protein	4.36391e+06	662208	89488	2.1717e+06
O43299	O43299	AP5Z1_HUMAN	AP5Z1	AP-5 complex subunit zeta-1	349060	275070	390187	315171
O43301	O43301	HS12A_HUMAN	HSPA12A	Heat shock 70 kDa protein 12A	450716	322448	83273.9	535925
O43306	O43306	ADCY6_HUMAN	ADCY6	Adenylate cyclase type 6	870991		689096	910981
O43314	O43314;Q6PFW1	VIP2_HUMAN	PPIP5K2	Inositol hexakisphosphate and diphosphoinositol-pentakisphosphate kinase 2	427436	552166	308216	479047
O43324	O43324	MCA3_HUMAN	EEF1E1	Eukaryotic translation elongation factor 1 epsilon-1	1.35542e+06	776421	975245	1.61475e+06
O43390	O43390	HNRPR_HUMAN	HNRNPR	Heterogeneous nuclear ribonucleoprotein R	1.21882e+07	1.11893e+07	5.13237e+06	1.15047e+07
O43395	O43395	PRPF3_HUMAN	PRPF3	U4/U6 small nuclear ribonucleoprotein Prp3	555274	432908		390209
O43396	O43396	TXNL1_HUMAN	TXNL1	Thioredoxin-like protein 1	6.24469e+06	7.07091e+06	1.05541e+07	7.68605e+06
O43399	O43399	TPD54_HUMAN	TPD52L2	Tumor protein D54	6.82677e+06	818700	1.07367e+07	6.88669e+06
O43402	O43402	EMC8_HUMAN	EMC8	ER membrane protein complex subunit 8	1.65386e+06	815350	680280	1.1264e+06
O43414	O43414	ERI3_HUMAN	ERI3	ERI1 exoribonuclease 3	1.7047e+06	1.43642e+06	1.85426e+06	1.73362e+06
O43426	O43426	SYNJ1_HUMAN	SYNJ1	Synaptojanin-1	96804.1	149904	23972.5	92730.3
O43427	O43427	FIBP_HUMAN	FIBP	Acidic fibroblast growth factor intracellular-binding protein	594007	464310	418976	699876
O43432	O43432	IF4G3_HUMAN	EIF4G3	Eukaryotic translation initiation factor 4 gamma 3	262649	178817	101160	234336
O43447	O43447	PPIH_HUMAN	PPIH	Peptidyl-prolyl cis-trans isomerase H	1.76274e+06	1.45421e+06	2.24393e+06	1.74532e+06
O43451	O43451	MGA_HUMAN	MGAM	Maltase-glucoamylase	967215	3.84229e+06	1.08344e+06	1.02484e+06
O43464	O43464;P83110	HTRA2_HUMAN	HTRA2	Serine protease HTRA2, mitochondrial	4.27861e+06	3.75668e+06	4.02954e+06	4.09849e+06
O43488	O43488	ARK72_HUMAN	AKR7A2	Aflatoxin B1 aldehyde reductase member 2	6.9303e+06	5.83358e+06	1.00447e+07	8.6378e+06
O43490	O43490	PROM1_HUMAN	PROM1	Prominin-1	209278	99883.3	396658	226526
O43491	O43491	E41L2_HUMAN	EPB41L2	Band 4.1-like protein 2	3.12351e+06	1.63078e+06	2.98967e+06	4.37339e+06
O43493	O43493	TGON2_HUMAN	TGOLN2	Trans-Golgi network integral membrane protein 2	2.13709e+06	1.09868e+06	3.33556e+06	1.64859e+06
O43504	O43504	LTOR5_HUMAN	LAMTOR5	Ragulator complex protein LAMTOR5	3.55549e+06		3.94049e+06	4.40234e+06
O43505	O43505	B4GA1_HUMAN	B4GAT1	Beta-1,4-glucuronyltransferase 1	911069	675183	1.05248e+06	862257
O43516	O43516	WIPF1_HUMAN	WIPF1	WAS/WASL-interacting protein family member 1	1.51665e+06	1.85395e+06	1.20004e+06	1.03831e+06
O43520	O43520	AT8B1_HUMAN	ATP8B1	Phospholipid-transporting ATPase IC	1.19832e+06	180246	1.54179e+06	1.68915e+06
O43524	O43524	FOXO3_HUMAN	FOXO3	Forkhead box protein O3	821708		125819	1.11104e+06
O43556	O43556	SGCE_HUMAN	SGCE	Epsilon-sarcoglycan	1.54568e+06	1.04089e+06	1.02326e+06	1.20648e+06
O43567	O43567	RNF13_HUMAN	RNF13	E3 ubiquitin-protein ligase RNF13	546541	577173	487232	
O43570	O43570	CAH12_HUMAN	CA12	Carbonic anhydrase 12	1.83444e+06	969670	6.02837e+06	2.99704e+06
O43583	O43583	DENR_HUMAN	DENR	Density-regulated protein	1.46014e+06	621587	1.04254e+06	1.29045e+06
O43586	O43586	PPIP1_HUMAN	PSTPIP1	Proline-serine-threonine phosphatase-interacting protein 1	368917	477451		
O43592	O43592	XPOT_HUMAN	XPOT	Exportin-T	1.84606e+06	1.61386e+06	1.11699e+06	2.06187e+06
O43598	O43598	DNPH1_HUMAN	DNPH1	2'-deoxynucleoside 5'-phosphate N-hydrolase 1	4.14951e+06	1.88578e+06	9.60098e+06	4.94877e+06
O43615	O43615	TIM44_HUMAN	TIMM44	Mitochondrial import inner membrane translocase subunit TIM44	4.38815e+06	3.26049e+06	2.71081e+06	4.36188e+06
O43617	O43617	TPPC3_HUMAN	TRAPPC3	Trafficking protein particle complex subunit 3	1.90356e+06	417785	1.86624e+06	2.04404e+06
O43633	O43633	CHM2A_HUMAN	CHMP2A	Charged multivesicular body protein 2a	2.13661e+06	310529	3.03006e+06	3.37143e+06
O43639	O43639	NCK2_HUMAN	NCK2	Cytoplasmic protein NCK2	874910	699685	603375	716263
O43657	O43657	TSN6_HUMAN	TSPAN6	Tetraspanin-6	736786	702971	2.79156e+06	991909
O43660	O43660	PLRG1_HUMAN	PLRG1	Pleiotropic regulator 1	1.33379e+06	1.20922e+06	335827	706199
O43665	O43665	RGS10_HUMAN	RGS10	Regulator of G-protein signaling 10	1.53051e+06	1.35768e+06	1.63099e+06	1.69362e+06
O43670	O43670	ZN207_HUMAN	ZNF207	BUB3-interacting and GLEBS motif-containing protein ZNF207	2.45151e+06	869895	2.19601e+06	2.46932e+06
O43674	O43674	NDUB5_HUMAN	NDUFB5	NADH dehydrogenase [ubiquinone] 1 beta subcomplex subunit 5, mitochondrial	2.10881e+06	1.64279e+06	1.407e+06	2.40057e+06
O43676	O43676	NDUB3_HUMAN	NDUFB3	NADH dehydrogenase [ubiquinone] 1 beta subcomplex subunit 3	3.17324e+06	2.16675e+06	1.78149e+06	3.47449e+06
O43678	O43678	NDUA2_HUMAN	NDUFA2	NADH dehydrogenase [ubiquinone] 1 alpha subcomplex subunit 2	4.22589e+06	2.01607e+06	2.61957e+06	5.5894e+06
O43681	O43681	GET3_HUMAN	GET3	ATPase GET3	4.90489e+06	3.79355e+06	6.34525e+06	4.7796e+06
O43684	O43684	BUB3_HUMAN	BUB3	Mitotic checkpoint protein BUB3	2.72148e+06	2.93309e+06	1.91984e+06	2.51086e+06
O43688	O43688	PLPP2_HUMAN	PLPP2	Phospholipid phosphatase 2			890775	752060
O43704	O43704	ST1B1_HUMAN	SULT1B1	Sulfotransferase 1B1	3.88666e+06	532852	4.82779e+06	4.11456e+06
O43707	O43707	ACTN4_HUMAN	ACTN4	Alpha-actinin-4	7.39563e+08	7.36137e+08	3.54722e+08	7.09384e+08
O43708	O43708	MAAI_HUMAN	GSTZ1	Maleylacetoacetate isomerase	1.28753e+06	605605	2.22643e+06	1.47829e+06
O43716	O43716	GATC_HUMAN	GATC	Glutamyl-tRNA(Gln) amidotransferase subunit C, mitochondrial	352713		245524	380346
O43719	O43719	HTSF1_HUMAN	HTATSF1	HIV Tat-specific factor 1	1.06546e+06	701717	396449	1.5754e+06
O43731	O43731	ERD23_HUMAN	KDELR3	ER lumen protein-retaining receptor 3	1.24366e+06	887350	1.29681e+06	1.2068e+06
O43745	O43745	CHP2_HUMAN	CHP2	Calcineurin B homologous protein 2	411810		412282	528775
O43747	O43747	AP1G1_HUMAN	AP1G1	AP-1 complex subunit gamma-1	8.17624e+06	8.3339e+06	3.13148e+06	9.31723e+06
O43752	O43752	STX6_HUMAN	STX6	Syntaxin-6	592950		439324	724455
O43759	O43759	SNG1_HUMAN	SYNGR1	Synaptogyrin-1	1.3969e+06	1.26882e+06	1.90293e+06	1.42528e+06
O43760	O43760	SNG2_HUMAN	SYNGR2	Synaptogyrin-2	1.21201e+07	1.16232e+07	2.50189e+07	1.26537e+07
O43761	O43761	SNG3_HUMAN	SYNGR3	Synaptogyrin-3	197482	268688	167061	194558
O43765	O43765	SGTA_HUMAN	SGTA	Small glutamine-rich tetratricopeptide repeat-containing protein alpha	2.59001e+06	1.04212e+06	4.70612e+06	3.16946e+06
O43768	O43768;P56211	ENSA_HUMAN	ENSA	Alpha-endosulfine	1.12625e+06	220195	3.58276e+06	2.23655e+06
O43772	O43772	MCAT_HUMAN	SLC25A20	Mitochondrial carnitine/acylcarnitine carrier protein	4.19537e+06	4.84003e+06	3.36663e+06	3.72898e+06
O43776	O43776	SYNC_HUMAN	NARS1	Asparagine--tRNA ligase, cytoplasmic	4.90689e+06	4.53719e+06	4.60942e+06	5.38564e+06
O43795	O43795	MYO1B_HUMAN	MYO1B	Unconventional myosin-Ib	763566	775596	305158	679409
O43808	O43808	PM34_HUMAN	SLC25A17	Peroxisomal membrane protein PMP34	38980.6			
O43809	O43809	CPSF5_HUMAN	NUDT21	Cleavage and polyadenylation specificity factor subunit 5	3.11185e+06	2.93655e+06	1.07064e+06	3.08706e+06
O43813	O43813	LANC1_HUMAN	LANCL1	Glutathione S-transferase LANCL1	2.71703e+06	2.28074e+06	1.97135e+06	2.5656e+06
O43815	O43815	STRN_HUMAN	STRN	Striatin	2.16738e+06	2.27803e+06	263014	1.86246e+06
O43819	O43819	SCO2_HUMAN	SCO2	Protein SCO2 homolog, mitochondrial	1.27547e+06	709749	1.46877e+06	1.21754e+06
O43823	O43823	AKAP8_HUMAN	AKAP8	A-kinase anchor protein 8	274183	283854		240102
O43826	O43826	G6PT1_HUMAN	SLC37A4	Glucose-6-phosphate exchanger SLC37A4	815808	590872	718719	780749
O43837	O43837	IDH3B_HUMAN	IDH3B	Isocitrate dehydrogenase [NAD] subunit beta, mitochondrial	3.02446e+06	1.54498e+06	2.78061e+06	2.7487e+06
O43847	O43847	NRDC_HUMAN	NRDC	Nardilysin	4.7136e+06	6.72383e+06	6.79327e+06	4.65781e+06
O43852	O43852	CALU_HUMAN	CALU	Calumenin	1.11126e+07	991951	1.57295e+07	9.35893e+06
O43865	O43865	SAHH2_HUMAN	AHCYL1	S-adenosylhomocysteine hydrolase-like protein 1	860685	754328	751787	1.13683e+06
O43866	O43866	CD5L_HUMAN	CD5L	CD5 antigen-like	2.79289e+06	4.48409e+06	2.11251e+06	3.86556e+06
O43868	O43868	S28A2_HUMAN	SLC28A2	Sodium/nucleoside cotransporter 2	266977		180884	140593
O43920	O43920	NDUS5_HUMAN	NDUFS5	NADH dehydrogenase [ubiquinone] iron-sulfur protein 5	3.92597e+06	2.40403e+06	1.87174e+06	4.27362e+06
O43924	O43924	PDE6D_HUMAN	PDE6D	Retinal rod rhodopsin-sensitive cGMP 3',5'-cyclic phosphodiesterase subunit delta	886132	1.11664e+06	1.10095e+06	825191
O43929	O43929	ORC4_HUMAN	ORC4	Origin recognition complex subunit 4	36146.1	24258.8		69599.6
O60216	O60216;Q9H4I0	RAD21_HUMAN	RAD21	Double-strand-break repair protein rad21 homolog	757944	347332		695218
O60218	C9JRZ8;O60218	AK1BA_HUMAN	AKR1B10	Aldo-keto reductase family 1 member B10	1.08576e+06	1.36397e+06	7.78785e+06	3.19365e+06
O60229	O60229	KALRN_HUMAN	KALRN	Kalirin	205381	137307	115239	199083
O60231	O60231	DHX16_HUMAN	DHX16	Pre-mRNA-splicing factor ATP-dependent RNA helicase DHX16	468928	554254	349692	322708
O60234	O60234;P60983	GMFG_HUMAN	GMFG	Glia maturation factor gamma	4.29989e+06	3.71715e+06	5.32079e+06	3.18526e+06
O60237	O60237	MYPT2_HUMAN	PPP1R12B	Protein phosphatase 1 regulatory subunit 12B	1.73745e+07	1.01922e+07	5.11278e+06	9.5068e+06
O60238;Q12983	O60238;Q12983	BNI3L_HUMAN;BNIP3_HUMAN	BNIP3;BNIP3L	BCL2/adenovirus E1B 19 kDa protein-interacting protein 3-like	407440	461869	330762	396477
O60256	O60256	KPRB_HUMAN	PRPSAP2	Phosphoribosyl pyrophosphate synthase-associated protein 2	2.31258e+06	2.10865e+06	2.20102e+06	2.66951e+06
O60264	O60264;P28370	SMCA5_HUMAN	SMARCA5	SWI/SNF-related matrix-associated actin-dependent regulator of chromatin subfamily A member 5	1.3851e+06	1.23921e+06	222937	692748
O60268	O60268	K0513_HUMAN	KIAA0513	Uncharacterized protein KIAA0513	234843	248431	321312	266728
O60271	O60271	JIP4_HUMAN	SPAG9	C-Jun-amino-terminal kinase-interacting protein 4	897692	586875	570259	1.04425e+06
O60313	O60313	OPA1_HUMAN	OPA1	Dynamin-like 120 kDa protein, mitochondrial	2.40462e+06	647851	850863	2.16668e+06
O60333	O60333	KIF1B_HUMAN	KIF1B	Kinesin-like protein KIF1B	303130	122857	163279	299432
O60341	O60341	KDM1A_HUMAN	KDM1A	Lysine-specific histone demethylase 1A	770210	651725		841011
O60343	O60343	TBCD4_HUMAN	TBC1D4	TBC1 domain family member 4				379508
O60437	O60437	PEPL_HUMAN	PPL	Periplakin	2.41952e+07	6.31699e+06	5.682e+06	1.64801e+07
O60443	O60443	GSDME_HUMAN	GSDME	Gasdermin-E	250315	246508	248196	275727
O60449	O60449	LY75_HUMAN	LY75	Lymphocyte antigen 75	2.83098e+06	2.26155e+06	4.08643e+06	2.36314e+06
O60462	O60462	NRP2_HUMAN	NRP2	Neuropilin-2	222891	221683	135995	151884
O60476	O60476	MA1A2_HUMAN	MAN1A2	Mannosyl-oligosaccharide 1,2-alpha-mannosidase IB	1.18872e+06	1.40867e+06	869264	1.09193e+06
O60486	O60486	PLXC1_HUMAN	PLXNC1	Plexin-C1	639091	1.10047e+06	471830	591290
O60487	O60487	MPZL2_HUMAN	MPZL2	Myelin protein zero-like protein 2	157557		355486	230348
O60488	O60488	ACSL4_HUMAN	ACSL4	Long-chain-fatty-acid--CoA ligase 4	3.44613e+06	7.63799e+06	1.92952e+06	1.98918e+06
O60493	O60493	SNX3_HUMAN	SNX3	Sorting nexin-3	5.10025e+06	6.8889e+06	7.25226e+06	4.36193e+06
O60496	O60496	DOK2_HUMAN	DOK2	Docking protein 2	1.87745e+06	1.60945e+06	1.53865e+06	1.3367e+06
O60499	O60499	STX10_HUMAN	STX10	Syntaxin-10	341987	715940	347578	430078
O60502	O60502	OGA_HUMAN	OGA	Protein O-GlcNAcase	611198	545916	520909	670686
O60504	O60504	VINEX_HUMAN	SORBS3	Vinexin	864642	459998	563472	581752
O60506	O60506	HNRPQ_HUMAN	SYNCRIP	Heterogeneous nuclear ribonucleoprotein Q	1.49068e+07	1.63972e+07	1.07788e+07	1.37674e+07
O60507	O60507	TPST1_HUMAN	TPST1	Protein-tyrosine sulfotransferase 1	25435	27884.5		
O60512	O60512	B4GT3_HUMAN	B4GALT3	Beta-1,4-galactosyltransferase 3	380890	153879	412253	435261
O60513	O60513	B4GT4_HUMAN	B4GALT4	Beta-1,4-galactosyltransferase 4	786847	269184	890204	780778
O60518	O60518	RNBP6_HUMAN	RANBP6	Ran-binding protein 6	542339		304094	538841
O60524	O60524	NEMF_HUMAN	NEMF	Ribosome quality control complex subunit NEMF	659930	570571	416745	397837
O60547	O60547	GMDS_HUMAN	GMDS	GDP-mannose 4,6 dehydratase	1.56584e+07	6.21242e+06	2.41463e+07	2.35201e+07
O60565	O60565	GREM1_HUMAN	GREM1	Gremlin-1	130123	40834.2		
O60568	O60568	PLOD3_HUMAN	PLOD3	Multifunctional procollagen lysine hydroxylase and glycosyltransferase LH3	2.64458e+06	3.31003e+06	1.27216e+06	1.7653e+06
O60573	O60573	IF4E2_HUMAN	EIF4E2	Eukaryotic translation initiation factor 4E type 2	460548	509171	287159	433991
O60575	O60575	ISK4_HUMAN	SPINK4	Serine protease inhibitor Kazal-type 4	5.76301e+06	426491	5.50527e+06	2.59671e+06
O60603	O60603	TLR2_HUMAN	TLR2	Toll-like receptor 2	359482	875525	334662	
O60610	O60610	DIAP1_HUMAN	DIAPH1	Protein diaphanous homolog 1	2.33796e+06	1.47664e+06	877669	2.10311e+06
O60613	O60613	SEP15_HUMAN	SELENOF	Selenoprotein F	1.70132e+06	1.74036e+06	2.18357e+06	1.673e+06
O60635	O60635	TSN1_HUMAN	TSPAN1	Tetraspanin-1	799434	1.06603e+06	6.37756e+06	1.71832e+06
O60636	O60636	TSN2_HUMAN	TSPAN2	Tetraspanin-2	115374	541539	188623	
O60637	O60637	TSN3_HUMAN	TSPAN3	Tetraspanin-3	1.69391e+06	1.25851e+06	5.13817e+06	2.21164e+06
O60645	O60645	EXOC3_HUMAN	EXOC3	Exocyst complex component 3	1.03897e+06	270493		1.13606e+06
O60656;Q9HAW7;Q9HAW9	O60656;Q9HAW7;Q9HAW9	UD17_HUMAN;UD18_HUMAN;UD19_HUMAN	UGT1A7;UGT1A8;UGT1A9	UDP-glucuronosyltransferase 1A9	300006		141283	376753
O60664	O60664	PLIN3_HUMAN	PLIN3	Perilipin-3	5.50084e+06	3.30211e+06	7.74819e+06	5.29186e+06
O60669	O60669	MOT2_HUMAN	SLC16A7	Monocarboxylate transporter 2	143623	194215	169829	160050
O60671	O60671	RAD1_HUMAN	RAD1	Cell cycle checkpoint protein RAD1	262974	206300	209892	215914
O60678	O60678	ANM3_HUMAN	PRMT3	Protein arginine N-methyltransferase 3	74013.1			39301.7
O60684	O60684	IMA7_HUMAN	KPNA6	Importin subunit alpha-7	919974	495941	649596	1.12685e+06
O60701	O60701	UGDH_HUMAN	UGDH	UDP-glucose 6-dehydrogenase	1.01577e+07	2.60551e+06	1.20646e+07	1.65874e+07
O60711	O60711	LPXN_HUMAN	LPXN	Leupaxin	1.06668e+06		155669	716676
O60716	O60716	CTND1_HUMAN	CTNND1	Catenin delta-1	4.99061e+06	1.02045e+06	3.29627e+06	6.7355e+06
O60725	O60725	ICMT_HUMAN	ICMT	Protein-S-isoprenylcysteine O-methyltransferase	505856		414463	354030
O60749	O60749;Q13596	SNX2_HUMAN	SNX2	Sorting nexin-2	4.95052e+06	3.63805e+06	3.65864e+06	5.00785e+06
O60760	O60760	HPGDS_HUMAN	HPGDS	Hematopoietic prostaglandin D synthase	819082	587317	376740	404273
O60762	O60762	DPM1_HUMAN	DPM1	Dolichol-phosphate mannosyltransferase subunit 1	2.44101e+06	1.05498e+06	2.59991e+06	1.92336e+06
O60763	O60763	USO1_HUMAN	USO1	General vesicular transport factor p115	1.80723e+07	1.16051e+07	8.49189e+06	1.82008e+07
O60783	O60783	RT14_HUMAN	MRPS14	Small ribosomal subunit protein uS14m	223857	77090.8	37842.6	282944
O60784	O60784	TOM1_HUMAN	TOM1	Target of Myb1 membrane trafficking protein	1.8139e+06	719144	1.77396e+06	1.59517e+06
O60814;P58876;P62807;Q5QNW6;Q93079;Q99877;Q99879;Q99880	O60814;P06899;P23527;P33778;P57053;P58876;P62807;Q16778;Q5QNW6;Q8N257;Q93079;Q96A08;Q99877;Q99879;Q99880	H2B1C_HUMAN;H2B1D_HUMAN;H2B1H_HUMAN;H2B1K_HUMAN;H2B1L_HUMAN;H2B1M_HUMAN;H2B1N_HUMAN;H2B2F_HUMAN	H2BC12;H2BC13;H2BC14;H2BC15;H2BC18;H2BC4;H2BC5;H2BC9	Histone H2B type 1-K	1.6179e+07	1.43057e+07	5.63666e+06	1.15915e+07
O60825	O60825	F262_HUMAN	PFKFB2	6-phosphofructo-2-kinase/fructose-2,6-bisphosphatase 2	2.08688e+06	1.35826e+06	2.34756e+06	3.04984e+06
O60826	O60826	CCD22_HUMAN	CCDC22	Coiled-coil domain-containing protein 22	4.06957e+06	1.65476e+06	1.13977e+06	4.34577e+06
O60830	O60830	TI17B_HUMAN	TIMM17B	Mitochondrial import inner membrane translocase subunit Tim17-B	916140		1.52149e+06	960380
O60831	O60831	PRAF2_HUMAN	PRAF2	PRA1 family protein 2	2.72486e+06	3.09217e+06	1.95582e+06	1.70207e+06
O60832	O60832	DKC1_HUMAN	DKC1	H/ACA ribonucleoprotein complex subunit DKC1	1.02344e+06	668611	293345	905405
O60841	O60841	IF2P_HUMAN	EIF5B	Eukaryotic translation initiation factor 5B	1.10041e+06	1.47169e+06	663927	862602
O60844	O60844	ZG16_HUMAN	ZG16	Zymogen granule membrane protein 16	2.42271e+07	6.6398e+06	1.69547e+08	6.72908e+07
O60858	O60858	TRI13_HUMAN	TRIM13	E3 ubiquitin-protein ligase TRIM13	41505.3			30853.4
O60869	O60869	EDF1_HUMAN	EDF1	Endothelial differentiation-related factor 1	2.21738e+06	2.09676e+06	2.49988e+06	1.87209e+06
O60879	O60879	DIAP2_HUMAN	DIAPH2	Protein diaphanous homolog 2	981988	673105	307471	886267
O60880	O60880	SH21A_HUMAN	SH2D1A	SH2 domain-containing protein 1A	422908		242024	58163.1
O60884	O60884	DNJA2_HUMAN	DNAJA2	DnaJ homolog subfamily A member 2	1.31511e+06	1.12428e+06	511371	1.46963e+06
O60885	O60885	BRD4_HUMAN	BRD4	Bromodomain-containing protein 4	79998.8		126610	100672
O60888	O60888	CUTA_HUMAN	CUTA	Protein CutA	2.16904e+06	638806	3.23201e+06	2.70407e+06
O60925	O60925	PFD1_HUMAN	PFDN1	Prefoldin subunit 1	1.10256e+06		963650	2.00548e+06
O60927	O60927	PP1RB_HUMAN	PPP1R11	E3 ubiquitin-protein ligase PPP1R11	140435	154643	239522	163911
O60934	O60934	NBN_HUMAN	NBN	Nibrin	1.54633e+06	1.08775e+06	274386	1.29547e+06
O75015	O75015	FCG3B_HUMAN	FCGR3B	Low affinity immunoglobulin gamma Fc region receptor III-B		1.96758e+06	737186	
O75022;Q6PI73	O75022;Q6PI73	LIRA6_HUMAN;LIRB3_HUMAN	LILRA6;LILRB3	Leukocyte immunoglobulin-like receptor subfamily B member 3	656088	860352	592212	160549
O75023	O75023	LIRB5_HUMAN	LILRB5	Leukocyte immunoglobulin-like receptor subfamily B member 5		56870.7	92083.6	554170
O75027	O75027	ABCB7_HUMAN	ABCB7	Iron-sulfur clusters transporter ABCB7, mitochondrial	2.27225e+06	1.34335e+06	1.32425e+06	2.0145e+06
O75044;P0DJJ0;P0DMP2;Q7Z6B7	O75044;P0DJJ0;Q7Z6B7;P0DMP2	SRG2B_HUMAN;SRG2C_HUMAN;SRGP1_HUMAN;SRGP2_HUMAN	SRGAP1;SRGAP2;SRGAP2B;SRGAP2C	SLIT-ROBO Rho GTPase-activating protein 2	130063			67236.1
O75051	O75051	PLXA2_HUMAN	PLXNA2	Plexin-A2	162985	37471.6	202812	254854
O75063	O75063	XYLK_HUMAN	FAM20B	Glycosaminoglycan xylosylkinase	345864	268540	235790	295058
O75083	O75083	WDR1_HUMAN	WDR1	WD repeat-containing protein 1	2.95535e+07	2.86364e+07	1.60445e+07	2.47563e+07
O75110	O75110	ATP9A_HUMAN	ATP9A	Probable phospholipid-transporting ATPase IIA	580200	300216	333989	530530
O75112	O75112	LDB3_HUMAN	LDB3	LIM domain-binding protein 3	6.46559e+06		1.23638e+07	7.25678e+06
O75116	O75116	ROCK2_HUMAN	ROCK2	Rho-associated protein kinase 2	2.5168e+06	2.1081e+06	733020	2.54821e+06
O75122	O75122	CLAP2_HUMAN	CLASP2	CLIP-associating protein 2	615756	249924		592700
O75131	O75131	CPNE3_HUMAN	CPNE3	Copine-3	6.1082e+06	6.37649e+06	6.42242e+06	6.1225e+06
O75144	O75144	ICOSL_HUMAN	ICOSLG	ICOS ligand	133190		200178	172637
O75146	O75146	HIP1R_HUMAN	HIP1R	Huntingtin-interacting protein 1-related protein	589284	340610	270692	671483
O75147	O75147	OBSL1_HUMAN	OBSL1	Obscurin-like protein 1	610280	441188		742800
O75152	O75152	ZC11A_HUMAN	ZC3H11A	Zinc finger CCCH domain-containing protein 11A	465904	293922		412045
O75153	O75153	CLU_HUMAN	CLUH	Clustered mitochondria protein homolog	1.4106e+06	566588	991108	2.07857e+06
O75157	O75157	T22D2_HUMAN	TSC22D2	TSC22 domain family protein 2	138827	79558.8	106048	130643
O75165	O75165	DJC13_HUMAN	DNAJC13	DnaJ homolog subfamily C member 13	2.58348e+06	2.5713e+06	569813	2.88344e+06
O75170	O75170	PP6R2_HUMAN	PPP6R2	Serine/threonine-protein phosphatase 6 regulatory subunit 2	340085		307038	307337
O75175	O75175	CNOT3_HUMAN	CNOT3	CCR4-NOT transcription complex subunit 3	375978	384610	157376	379126
O75179	O75179	ANR17_HUMAN	ANKRD17	Ankyrin repeat domain-containing protein 17	1.26092e+06	1.47716e+06	632216	988451
O75190	O75190	DNJB6_HUMAN	DNAJB6	DnaJ homolog subfamily B member 6	771441	545752	487531	890391
O75191	O75191	XYLB_HUMAN	XYLB	Xylulose kinase	671157	217776	557892	936930
O75208	O75208	COQ9_HUMAN	COQ9	Ubiquinone biosynthesis protein COQ9, mitochondrial	2.2562e+06	270877	2.67356e+06	2.62097e+06
O75223	O75223	GGCT_HUMAN	GGCT	Gamma-glutamylcyclotransferase	4.92256e+06	6.37603e+06	1.09285e+07	6.29312e+06
O75251	O75251	NDUS7_HUMAN	NDUFS7	NADH dehydrogenase [ubiquinone] iron-sulfur protein 7, mitochondrial	4.99005e+06	3.01416e+06	2.27386e+06	5.10185e+06
O75264	O75264	SIM24_HUMAN	SMIM24	Small integral membrane protein 24		204765	149185	
O75298	O75298	RTN2_HUMAN	RTN2	Reticulon-2	1.12727e+06	720241	568201	720525
O75306	O75306	NDUS2_HUMAN	NDUFS2	NADH dehydrogenase [ubiquinone] iron-sulfur protein 2, mitochondrial	5.59662e+06	3.52521e+06	2.4097e+06	6.48438e+06
O75312	O75312	ZPR1_HUMAN	ZPR1	Zinc finger protein ZPR1	961874	335527	1.07037e+06	1.02996e+06
O75323	O75323	NIPS2_HUMAN	NIPSNAP2	Protein NipSnap homolog 2	4.14847e+06	2.06856e+06	2.14063e+06	3.82642e+06
O75340	O75340	PDCD6_HUMAN	PDCD6	Programmed cell death protein 6	4.57973e+06	3.03921e+06	5.34482e+06	4.35374e+06
O75342	O75342	LX12B_HUMAN	ALOX12B	Arachidonate 12-lipoxygenase, 12R-type	326995	207907	79392.6	192281
O75347	O75347	TBCA_HUMAN	TBCA	Tubulin-specific chaperone A	4.50278e+06	5.40106e+06	1.05725e+07	5.24464e+06
O75348	O75348	VATG1_HUMAN	ATP6V1G1	V-type proton ATPase subunit G 1	6.19308e+07	5.56648e+07	3.7269e+07	4.86067e+07
O75351	O75351	VPS4B_HUMAN	VPS4B	Vacuolar protein sorting-associated protein 4B	4.65679e+06	3.46653e+06	3.38768e+06	4.8868e+06
O75352	O75352	MPU1_HUMAN	MPDU1	Mannose-P-dolichol utilization defect 1 protein	4.71021e+06	2.98372e+06	7.46846e+06	4.04947e+06
O75356	O75356	ENTP5_HUMAN	ENTPD5	Nucleoside diphosphate phosphatase ENTPD5	3.32009e+06	655308	4.7202e+06	4.46841e+06
O75363	O75363	BCAS1_HUMAN	BCAS1	Breast carcinoma-amplified sequence 1	3.66122e+06	954310	3.51037e+06	4.70015e+06
O75367	O75367	H2AY_HUMAN	MACROH2A1	Core histone macro-H2A.1	3.54441e+06	9.00243e+06	1.07567e+06	1.35429e+06
O75368	O75368	SH3L1_HUMAN	SH3BGRL	Adapter SH3BGRL	1.20816e+07	8.43808e+06	1.91227e+07	1.05762e+07
O75369	O75369	FLNB_HUMAN	FLNB	Filamin-B	1.88549e+07	1.36406e+07	3.89268e+06	2.22727e+07
O75376	O75376	NCOR1_HUMAN	NCOR1	Nuclear receptor corepressor 1	168627			157180
O75379	O75379	VAMP4_HUMAN	VAMP4	Vesicle-associated membrane protein 4	114743	164706	152865	111864
O75380	O75380	NDUS6_HUMAN	NDUFS6	NADH dehydrogenase [ubiquinone] iron-sulfur protein 6, mitochondrial	2.88438e+06	1.67925e+06	1.83273e+06	3.75485e+06
O75381	O75381	PEX14_HUMAN	PEX14	Peroxisomal membrane protein PEX14	631266	252786	165223	640928
O75390	O75390	CISY_HUMAN	CS	Citrate synthase, mitochondrial	1.73252e+07	1.29512e+07	1.14999e+07	1.75147e+07
O75391	O75391	SPAG7_HUMAN	SPAG7	Sperm-associated antigen 7	1.54131e+06	2.0322e+06	2.04446e+06	2.1423e+06
O75394	O75394	RM33_HUMAN	MRPL33	Large ribosomal subunit protein bL33m			30473.6	103809
O75396	O75396	SC22B_HUMAN	SEC22B	Vesicle-trafficking protein SEC22b	1.33611e+07	5.20301e+06	1.29236e+07	1.06291e+07
O75400	O75400	PR40A_HUMAN	PRPF40A	Pre-mRNA-processing factor 40 homolog A	350339	907067		338310
O75410	O75410;O95359	TACC1_HUMAN	TACC1	Transforming acidic coiled-coil-containing protein 1	2.64079e+06	2.03861e+06	597317	2.72444e+06
O75414	O75414	NDK6_HUMAN	NME6	Nucleoside diphosphate kinase 6	285647		292207	278000
O75427	O75427	LRCH4_HUMAN	LRCH4	Leucine-rich repeat and calponin homology domain-containing protein 4	666498	383292	221518	578875
O75431	O75431	MTX2_HUMAN	MTX2	Metaxin-2	2.4039e+06	1.53711e+06	1.0179e+06	2.4021e+06
O75436	O75436	VP26A_HUMAN	VPS26A	Vacuolar protein sorting-associated protein 26A	9.92996e+06	1.27201e+07	5.95769e+06	1.13691e+07
O75438	O75438	NDUB1_HUMAN	NDUFB1	NADH dehydrogenase [ubiquinone] 1 beta subcomplex subunit 1	952230	422556	600887	1.54492e+06
O75439	O75439	MPPB_HUMAN	PMPCB	Mitochondrial-processing peptidase subunit beta	3.28041e+06	2.22421e+06	2.5654e+06	3.28007e+06
O75448	O75448	MED24_HUMAN	MED24	Mediator of RNA polymerase II transcription subunit 24	117342			82015.8
O75475	O75475	PSIP1_HUMAN	PSIP1	PC4 and SFRS1-interacting protein	1.67246e+06	1.49259e+06	581492	967317
O75477	O75477	ERLN1_HUMAN	ERLIN1	Erlin-1	2.24245e+06	737234	420047	2.45429e+06
O75487	O75487	GPC4_HUMAN	GPC4	Glypican-4	575808	361377	836078	507430
O75489	O75489	NDUS3_HUMAN	NDUFS3	NADH dehydrogenase [ubiquinone] iron-sulfur protein 3, mitochondrial	2.26193e+07	1.35623e+07	9.95877e+06	2.43048e+07
O75494	O75494	SRS10_HUMAN	SRSF10	Serine/arginine-rich splicing factor 10	1.12624e+06	1.15144e+06	614214	977607
O75503	O75503	CLN5_HUMAN	CLN5	Ceroid-lipofuscinosis neuronal protein 5	760108	952643	1.63115e+06	694580
O75521	O75521	ECI2_HUMAN	ECI2	Enoyl-CoA delta isomerase 2	1.64219e+06	366763	975784	2.02326e+06
O75525	O75525	KHDR3_HUMAN	KHDRBS3	KH domain-containing, RNA-binding, signal transduction-associated protein 3	512998			401432
O75531	O75531	BAF_HUMAN	BANF1	Barrier-to-autointegration factor	1.00589e+06	218709	2.44114e+06	3.3983e+06
O75533	O75533	SF3B1_HUMAN	SF3B1	Splicing factor 3B subunit 1	1.47465e+06	1.2651e+06	113216	1.32152e+06
O75534	O75534	CSDE1_HUMAN	CSDE1	Cold shock domain-containing protein E1	2.83053e+06	3.02832e+06	1.70035e+06	3.34167e+06
O75558	O75558	STX11_HUMAN	STX11	Syntaxin-11	798005	930182	372895	299249
O75563	O75563	SKAP2_HUMAN	SKAP2	Src kinase-associated phosphoprotein 2	1.27131e+06	2.65247e+06	748616	640654
O75569	O75569	PRKRA_HUMAN	PRKRA	Interferon-inducible double-stranded RNA-dependent protein kinase activator A	1.57638e+06	1.10578e+06	792578	1.54763e+06
O75582	O75582	KS6A5_HUMAN	RPS6KA5	Ribosomal protein S6 kinase alpha-5	417378	98328	293787	427226
O75586	O75586	MED6_HUMAN	MED6	Mediator of RNA polymerase II transcription subunit 6	66836.7			70363.3
O75592	O75592	MYCB2_HUMAN	MYCBP2	E3 ubiquitin-protein ligase MYCBP2	259379	136422	143385	206413
O75594	O75594	PGRP1_HUMAN	PGLYRP1	Peptidoglycan recognition protein 1	782290	1.10855e+07	1.60628e+06	160927
O75600	O75600	KBL_HUMAN	GCAT	2-amino-3-ketobutyrate coenzyme A ligase, mitochondrial	997410		895932	780331
O75607	O75607	NPM3_HUMAN	NPM3	Nucleoplasmin-3	681107	1.42659e+06		
O75608	O75608	LYPA1_HUMAN	LYPLA1	Acyl-protein thioesterase 1	3.8743e+06	2.63224e+06	5.89271e+06	4.43613e+06
O75610	O75610	LFTY1_HUMAN	LEFTY1	Left-right determination factor 1	198760		422734	320639
O75616	O75616	ERAL1_HUMAN	ERAL1	GTPase Era, mitochondrial	121873		121168	145737
O75629	O75629	CREG1_HUMAN	CREG1	Protein CREG1	2.37619e+06	2.66081e+06	2.73744e+06	1.42224e+06
O75636	O75636	FCN3_HUMAN	FCN3	Ficolin-3	780779	967275	644138	1.14775e+06
O75643	O75643	U520_HUMAN	SNRNP200	U5 small nuclear ribonucleoprotein 200 kDa helicase	2.84682e+06	1.94615e+06	820491	2.22564e+06
O75663	O75663	TIPRL_HUMAN	TIPRL	TIP41-like protein	2.16693e+06	1.47217e+06	3.34728e+06	2.57582e+06
O75674	O75674	TM1L1_HUMAN	TOM1L1	TOM1-like protein 1	718821		601585	1.10858e+06
O75688	O75688	PPM1B_HUMAN	PPM1B	Protein phosphatase 1B	1.13024e+06	1.09639e+06	1.99999e+06	1.38299e+06
O75689	O75689;Q9NPF8	ADAP1_HUMAN	ADAP1	Arf-GAP with dual PH domain-containing protein 1	203655	115807	156697	188006
O75694	O75694	NU155_HUMAN	NUP155	Nuclear pore complex protein Nup155	6.55482e+06	3.18407e+06	1.67764e+06	5.74155e+06
O75695	O75695	XRP2_HUMAN	RP2	Protein XRP2	1.08439e+06	1.56763e+06	1.74332e+06	961390
O75718	O75718	CRTAP_HUMAN	CRTAP	Cartilage-associated protein	2.50491e+06	2.69065e+06	1.46397e+06	1.17801e+06
O75746	O75746	S2512_HUMAN	SLC25A12	Electrogenic aspartate/glutamate antiporter SLC25A12, mitochondrial	3.75719e+06	2.46378e+06	1.99715e+06	2.85635e+06
O75764	O75764	TCEA3_HUMAN	TCEA3	Transcription elongation factor A protein 3	251591		199236	369441
O75781	O75781	PALM_HUMAN	PALM	Paralemmin-1	464498		230914	457599
O75787	O75787	RENR_HUMAN	ATP6AP2	Renin receptor	479445	312340	470215	462724
O75791	O75791	GRAP2_HUMAN	GRAP2	GRB2-related adapter protein 2	625898	556602	432216	269823
O75792	O75792	RNH2A_HUMAN	RNASEH2A	Ribonuclease H2 subunit A	359240		509587	422355
O75794	O75794	CD123_HUMAN	CDC123	Cell division cycle protein 123 homolog	675105	380203	461298	587159
O75795	O75795;P54855;Q9BY64;O75310	UDB17_HUMAN	UGT2B17	UDP-glucuronosyltransferase 2B17	3.50874e+06	523992	1.13932e+07	1.07759e+07
O75817	O75817	POP7_HUMAN	POP7	Ribonuclease P protein subunit p20	163040	111240		151616
O75821	O75821	EIF3G_HUMAN	EIF3G	Eukaryotic translation initiation factor 3 subunit G	3.35517e+06	4.51321e+06	1.67411e+06	3.7961e+06
O75822	O75822	EIF3J_HUMAN	EIF3J	Eukaryotic translation initiation factor 3 subunit J	1.50051e+06	1.2273e+06	1.5684e+06	1.9946e+06
O75828	O75828	CBR3_HUMAN	CBR3	Carbonyl reductase [NADPH] 3	5.68849e+06	3.82519e+06	7.89015e+06	4.28349e+06
O75832	O75832	PSD10_HUMAN	PSMD10	26S proteasome non-ATPase regulatory subunit 10	4.37298e+06	4.03093e+06	5.06251e+06	5.13189e+06
O75843	O75843	AP1G2_HUMAN	AP1G2	AP-1 complex subunit gamma-like 2	952198	944514	251143	1.10871e+06
O75844	O75844	FACE1_HUMAN	ZMPSTE24	CAAX prenyl protease 1 homolog	4.01116e+06	3.12695e+06	4.64555e+06	3.25858e+06
O75874	O75874	IDHC_HUMAN	IDH1	Isocitrate dehydrogenase [NADP] cytoplasmic	3.42767e+07	2.55223e+07	6.95184e+07	4.78825e+07
O75879	O75879	GATB_HUMAN	GATB	Glutamyl-tRNA(Gln) amidotransferase subunit B, mitochondrial	652861	308777	594064	799006
O75880	O75880	SCO1_HUMAN	SCO1	Protein SCO1 homolog, mitochondrial	2.72099e+06	1.75663e+06	2.22874e+06	2.63413e+06
O75881	O75881	CP7B1_HUMAN	CYP7B1	Cytochrome P450 7B1	1.2461e+06	1.70002e+06	477345	574015
O75882	O75882	ATRN_HUMAN	ATRN	Attractin	871340	1.19768e+06	1.20497e+06	1.14152e+06
O75884	O75884	RBBP9_HUMAN	RBBP9	Serine hydrolase RBBP9	1.37293e+06	825472	2.36257e+06	1.74298e+06
O75886	O75886	STAM2_HUMAN	STAM2	Signal transducing adapter molecule 2	1.77213e+06	1.44989e+06	1.19055e+06	1.95292e+06
O75891	O75891	AL1L1_HUMAN	ALDH1L1	Cytosolic 10-formyltetrahydrofolate dehydrogenase	1.73419e+06	1.23332e+06	2.07468e+06	2.74081e+06
O75896	O75896	TUSC2_HUMAN	TUSC2	Tumor suppressor candidate 2	232436	349834	187388	136763
O75907	O75907	DGAT1_HUMAN	DGAT1	Diacylglycerol O-acyltransferase 1	1.1726e+06	861867	858009	1.33461e+06
O75909	O75909	CCNK_HUMAN	CCNK	Cyclin-K	550792	529346	252507	366535
O75911	O75911	DHRS3_HUMAN	DHRS3	Short-chain dehydrogenase/reductase 3	680819		577712	607880
O75915	O75915	PRAF3_HUMAN	ARL6IP5	PRA1 family protein 3	1.78569e+07	1.24624e+07	1.38541e+07	9.48157e+06
O75923	O75923	DYSF_HUMAN	DYSF	Dysferlin	1.41752e+06	2.56231e+06	445956	718253
O75925	O75925;O75928	PIAS1_HUMAN	PIAS1	E3 SUMO-protein ligase PIAS1	205273	242671	175807	214402
O75934	O75934	SPF27_HUMAN	BCAS2	Pre-mRNA-splicing factor SPF27	291482			222041
O75935	O75935	DCTN3_HUMAN	DCTN3	Dynactin subunit 3	1.69955e+06	478726	595113	1.88188e+06
O75937	O75937	DNJC8_HUMAN	DNAJC8	DnaJ homolog subfamily C member 8	3.5828e+06	3.74132e+06	2.707e+06	3.06509e+06
O75947	O75947	ATP5H_HUMAN	ATP5PD	ATP synthase subunit d, mitochondrial	1.78619e+07	1.86321e+06	9.75358e+06	1.7903e+07
O75954	O75954	TSN9_HUMAN	TSPAN9	Tetraspanin-9	686668	983283	255594	269860
O75955	O75955	FLOT1_HUMAN	FLOT1	Flotillin-1	2.85161e+07	8.83155e+06	1.97316e+07	2.60561e+07
O75962	O75962	TRIO_HUMAN	TRIO	Triple functional domain protein	260774	181954		96429.4
O75964	O75964	ATP5L_HUMAN	ATP5MG	ATP synthase subunit g, mitochondrial	4.01923e+07	6.05975e+06	2.94588e+07	3.91319e+07
O75976	O75976	CBPD_HUMAN	CPD	Carboxypeptidase D	9.21929e+06	4.99667e+06	1.54073e+07	1.04197e+07
O75995	O75995	SASH3_HUMAN	SASH3	SAM and SH3 domain-containing protein 3	1.18689e+06	2.1442e+06	1.30256e+06	676021
O76003	O76003	GLRX3_HUMAN	GLRX3	Glutaredoxin-3	3.95108e+06	3.05498e+06	5.73525e+06	4.31401e+06
O76021	O76021	RL1D1_HUMAN	RSL1D1	Ribosomal L1 domain-containing protein 1	636159	409116	474960	509536
O76024	O76024	WFS1_HUMAN	WFS1	Wolframin	870981	978524	586777	891064
O76031	O76031	CLPX_HUMAN	CLPX	ATP-dependent Clp protease ATP-binding subunit clpX-like, mitochondrial	671299		413478	736250
O76038	O76038	SEGN_HUMAN	SCGN	Secretagogin	1.7831e+06	604352	2.42749e+06	4.59876e+06
O76041;P20929	O76041;P20929	NEBL_HUMAN;NEBU_HUMAN	NEB;NEBL	Nebulette	217253			244708
O76070	O76070	SYUG_HUMAN	SNCG	Gamma-synuclein	357152		592855	560456
O76071	O76071	CIAO1_HUMAN	CIAO1	Probable cytosolic iron-sulfur protein assembly protein CIAO1	1.1881e+06	910013	1.20289e+06	1.26224e+06
O76074	O76074	PDE5A_HUMAN	PDE5A	cGMP-specific 3',5'-cyclic phosphodiesterase	698375	332080	136621	478072
O76075	O76075	DFFB_HUMAN	DFFB	DNA fragmentation factor subunit beta	150861	195969	229479	292697
O76080	O76080	ZFAN5_HUMAN	ZFAND5	AN1-type zinc finger protein 5	51992.6		53829.3	45299.5
O76094	O76094	SRP72_HUMAN	SRP72	Signal recognition particle subunit SRP72	1.91357e+06	1.20975e+06	927954	1.9486e+06
O76095	O76095	JTB_HUMAN	JTB	Protein JTB	1.29227e+06	1.87659e+06	1.61822e+06	1.08348e+06
O76096	O76096	CYTF_HUMAN	CST7	Cystatin-F	180031	1.03189e+06	200162	
O94760	O94760	DDAH1_HUMAN	DDAH1	N(G),N(G)-dimethylarginine dimethylaminohydrolase 1	1.66382e+07	5.65632e+06	2.24757e+07	2.17387e+07
O94766	O94766	B3GA3_HUMAN	B3GAT3	Galactosylgalactosylxylosylprotein 3-beta-glucuronosyltransferase 3	481806	364253	241932	327986
O94768	O94768	ST17B_HUMAN	STK17B	Serine/threonine-protein kinase 17B	18517	23880.6	18072.1	
O94776	O94776	MTA2_HUMAN	MTA2	Metastasis-associated protein MTA2	2.03787e+06	1.57284e+06	204950	1.76584e+06
O94804	O94804	STK10_HUMAN	STK10	Serine/threonine-protein kinase 10	830988	984619	480982	639198
O94811	O94811	TPPP_HUMAN	TPPP	Tubulin polymerization-promoting protein	249674		85574.9	290876
O94819	O94819	KBTBB_HUMAN	KBTBD11	Kelch repeat and BTB domain-containing protein 11	831461	739667	560202	1.04231e+06
O94822	O94822	LTN1_HUMAN	LTN1	E3 ubiquitin-protein ligase listerin				187925
O94826	O94826	TOM70_HUMAN	TOMM70	Mitochondrial import receptor subunit TOM70	4.34727e+06	1.73943e+06	2.34042e+06	4.73477e+06
O94832	B0I1T2;O94832	MYO1D_HUMAN	MYO1D	Unconventional myosin-Id	1.77342e+06	551648	1.0709e+06	2.02741e+06
O94842	O94842	TOX4_HUMAN	TOX4	TOX high mobility group box family member 4	123374	114322	78140.2	161772
O94851	O94851	MICA2_HUMAN	MICAL2	[F-actin]-monooxygenase MICAL2	377891	402858	39778.9	
O94855	O94855	SC24D_HUMAN	SEC24D	Protein transport protein Sec24D	2.14918e+06	2.71255e+06	1.81748e+06	2.13585e+06
O94874	O94874;Q92845	UFL1_HUMAN	UFL1	E3 UFM1-protein ligase 1	4.19022e+06	2.47105e+06	1.98213e+06	3.57754e+06
O94875	O94875	SRBS2_HUMAN	SORBS2	Sorbin and SH3 domain-containing protein 2	503397	195982		341164
O94886	O94886	CSCL1_HUMAN	TMEM63A	CSC1-like protein 1	1.25286e+06	496332	964391	1.04843e+06
O94887	O94887	FARP2_HUMAN	FARP2	FERM, ARHGEF and pleckstrin domain-containing protein 2	371594	121752	118742	311316
O94888	O94888	UBXN7_HUMAN	UBXN7	UBX domain-containing protein 7	486841		470244	725146
O94903	O94903	PLPHP_HUMAN	PLPBP	Pyridoxal phosphate homeostasis protein	2.60617e+06	2.34303e+06	3.07104e+06	2.71934e+06
O94905	O75477;O94905	ERLN2_HUMAN	ERLIN2	Erlin-2	5.34024e+06	2.61224e+06	745969	5.86395e+06
O94906	O94906	PRP6_HUMAN	PRPF6	Pre-mRNA-processing factor 6	762422	495071		606143
O94911	O94911	ABCA8_HUMAN	ABCA8	ABC-type organic anion transporter ABCA8	1.99283e+06	1.47086e+06	1.73079e+06	5.88804e+06
O94915	O94915	FRYL_HUMAN	FRYL	Protein furry homolog-like	813365	417123	203630	1.04232e+06
O94919	O94919	ENDD1_HUMAN	ENDOD1	Endonuclease domain-containing 1 protein	3.32404e+06	2.04282e+06	2.65539e+06	3.19927e+06
O94923	O94923	GLCE_HUMAN	GLCE	D-glucuronyl C5-epimerase	565455	460624	604469	669939
O94925	O94925	GLSK_HUMAN	GLS	Glutaminase kidney isoform, mitochondrial	2.21997e+06	1.04868e+06	1.0173e+06	2.01167e+06
O94956	O94956	SO2B1_HUMAN	SLCO2B1	Solute carrier organic anion transporter family member 2B1	327863	274804	255800	206537
O94966	O94966	UBP19_HUMAN	USP19	Ubiquitin carboxyl-terminal hydrolase 19	150413	203570	93549.6	129616
O94973	O94973	AP2A2_HUMAN	AP2A2	AP-2 complex subunit alpha-2	2.37344e+06	2.09851e+06	785889	2.45989e+06
O94979	O94979	SC31A_HUMAN	SEC31A	Protein transport protein Sec31A	5.50901e+06	5.69439e+06	2.48931e+06	5.43933e+06
O94992	O94992	HEXI1_HUMAN	HEXIM1	Protein HEXIM1	896858	693631	589491	636164
O95049	O95049	ZO3_HUMAN	TJP3	Tight junction protein ZO-3	545452		439531	647654
O95070	O95070	YIF1A_HUMAN	YIF1A	Protein YIF1A	3.09365e+06		2.87664e+06	2.45063e+06
O95071	O95071	UBR5_HUMAN	UBR5	E3 ubiquitin-protein ligase UBR5	84430.2	55841.9		188547
O95081	O95081	AGFG2_HUMAN	AGFG2	Arf-GAP domain and FG repeat-containing protein 2	1.02382e+06	527140	1.35348e+06	1.36534e+06
O95104	O95104;Q9UPN6	SCAF4_HUMAN	SCAF4	SR-related and CTD-associated factor 4	1.28172e+06	310661	727644	1.19867e+06
O95136	O95136	S1PR2_HUMAN	S1PR2	Sphingosine 1-phosphate receptor 2	180948	54980.5	136576	68417.5
O95139	O95139	NDUB6_HUMAN	NDUFB6	NADH dehydrogenase [ubiquinone] 1 beta subcomplex subunit 6	2.11069e+06	1.54958e+06	1.25158e+06	2.49487e+06
O95140	O95140	MFN2_HUMAN	MFN2	Mitofusin-2	1.15229e+06	504277	556803	1.08767e+06
O95154	O95154	ARK73_HUMAN	AKR7A3	Aflatoxin B1 aldehyde reductase member 3	2.05453e+06	951191	5.44585e+06	3.68844e+06
O95155	O95155	UBE4B_HUMAN	UBE4B	Ubiquitin conjugation factor E4 B	434206	407399	375666	619784
O95159	O95159	ZFPL1_HUMAN	ZFPL1	Zinc finger protein-like 1	3.75234e+06	3.58478e+06	3.38377e+06	3.90315e+06
O95163	O95163	ELP1_HUMAN	ELP1	Elongator complex protein 1	411027	469217	120275	426229
O95164	O95164	UBL3_HUMAN	UBL3	Ubiquitin-like protein 3	511869	293737	923910	487898
O95166	O95166;Q9H0R8	GBRAP_HUMAN	GABARAP	Gamma-aminobutyric acid receptor-associated protein	789668	995905	552705	540967
O95167	O95167	NDUA3_HUMAN	NDUFA3	NADH dehydrogenase [ubiquinone] 1 alpha subcomplex subunit 3	800118		381498	828010
O95168	O95168	NDUB4_HUMAN	NDUFB4	NADH dehydrogenase [ubiquinone] 1 beta subcomplex subunit 4	8.15671e+06	3.48587e+06	4.30747e+06	8.35394e+06
O95169	O95169	NDUB8_HUMAN	NDUFB8	NADH dehydrogenase [ubiquinone] 1 beta subcomplex subunit 8, mitochondrial	2.62873e+06	924140	1.71799e+06	3.80802e+06
O95182	O95182	NDUA7_HUMAN	NDUFA7	NADH dehydrogenase [ubiquinone] 1 alpha subcomplex subunit 7	1.98992e+06	731475	797611	2.36595e+06
O95183	O95183	VAMP5_HUMAN	VAMP5	Vesicle-associated membrane protein 5	2.4091e+06	1.6521e+06	2.72657e+06	1.46626e+06
O95197	O95197	RTN3_HUMAN	RTN3	Reticulon-3	1.77085e+07	2.15524e+07	1.34183e+07	1.36167e+07
O95202	O95202	LETM1_HUMAN	LETM1	Mitochondrial proton/calcium exchanger protein	2.88793e+06	1.84211e+06	3.05161e+06	3.2187e+06
O95208	O95208	EPN2_HUMAN	EPN2	Epsin-2	433489	386324	277899	421895
O95210	O95210	STBD1_HUMAN	STBD1	Starch-binding domain-containing protein 1	748294	1.70915e+06	716287	701058
O95218	O95218	ZRAB2_HUMAN	ZRANB2	Zinc finger Ran-binding domain-containing protein 2	482782	219540	200347	632724
O95219	O95219	SNX4_HUMAN	SNX4	Sorting nexin-4	837559	385857	780765	915532
O95232	O95232	LC7L3_HUMAN	LUC7L3	Luc7-like protein 3	1.04722e+06	706030	254012	873198
O95236	O95236	APOL3_HUMAN	APOL3	Apolipoprotein L3	585156		702554	300315
O95248	O95248;Q86WG5	MTMR5_HUMAN	SBF1	Myotubularin-related protein 5	848670	885645		795027
O95249	O95249	GOSR1_HUMAN	GOSR1	Golgi SNAP receptor complex member 1	2.95937e+06	2.29778e+06	2.65498e+06	2.82379e+06
O95260	O95260	ATE1_HUMAN	ATE1	Arginyl-tRNA--protein transferase 1	302662	228958	164149	355106
O95273	O95273	CCDB1_HUMAN	CCNDBP1	Cyclin-D1-binding protein 1	296664	343497	240557	309642
O95292	O95292	VAPB_HUMAN	VAPB	Vesicle-associated membrane protein-associated protein B/C	3.09728e+06	1.33593e+06	2.21027e+06	2.80588e+06
O95295	O95295	SNAPN_HUMAN	SNAPIN	SNARE-associated protein Snapin	626099	231346	200348	830480
O95297	O95297	MPZL1_HUMAN	MPZL1	Myelin protein zero-like protein 1	966340	629341	1.48182e+06	1.10988e+06
O95298	O95298	NDUC2_HUMAN	NDUFC2	NADH dehydrogenase [ubiquinone] 1 subunit C2	3.56955e+06	1.38619e+06	2.52028e+06	4.40358e+06
O95299	O95299	NDUAA_HUMAN	NDUFA10	NADH dehydrogenase [ubiquinone] 1 alpha subcomplex subunit 10, mitochondrial	5.44993e+06	1.62223e+06	3.05704e+06	6.1224e+06
O95302	O95302	FKBP9_HUMAN	FKBP9	Peptidyl-prolyl cis-trans isomerase FKBP9	2.07847e+06	3.12501e+06	2.30897e+06	1.39651e+06
O95319	O95319	CELF2_HUMAN	CELF2	CUGBP Elav-like family member 2	2.52093e+06	2.47729e+06	1.94239e+06	2.05696e+06
O95336	O95336	6PGL_HUMAN	PGLS	6-phosphogluconolactonase	6.15989e+06	2.57264e+06	1.09364e+07	9.00255e+06
O95340	O95340	PAPS2_HUMAN	PAPSS2	Bifunctional 3'-phosphoadenosine 5'-phosphosulfate synthase 2	4.62694e+06	2.42707e+06	2.63885e+06	6.5521e+06
O95347	O95347	SMC2_HUMAN	SMC2	Structural maintenance of chromosomes protein 2	478312	496809	367067	565878
O95352	O95352	ATG7_HUMAN	ATG7	Ubiquitin-like modifier-activating enzyme ATG7	1.22977e+06	1.70976e+06	971632	1.22841e+06
O95359	O95359	TACC2_HUMAN	TACC2	Transforming acidic coiled-coil-containing protein 2	273501	85527.5	204093	351469
O95361	O95361	TRI16_HUMAN	TRIM16	Tripartite motif-containing protein 16	248283			347013
O95363	O95363	SYFM_HUMAN	FARS2	Phenylalanine--tRNA ligase, mitochondrial	288871	206592	227367	330210
O95372	O95372	LYPA2_HUMAN	LYPLA2	Acyl-protein thioesterase 2	4.14143e+06	1.30494e+06	4.97964e+06	4.42629e+06
O95373	O95373	IPO7_HUMAN	IPO7	Importin-7	5.53317e+06	4.22261e+06	3.82958e+06	6.94292e+06
O95376	O95376	ARI2_HUMAN	ARIH2	E3 ubiquitin-protein ligase ARIH2	225908	305390	115368	238820
O95379	O95379	TFIP8_HUMAN	TNFAIP8	Tumor necrosis factor alpha-induced protein 8	1.3397e+06	1.42043e+06	1.4083e+06	952987
O95394	O95394	AGM1_HUMAN	PGM3	Phosphoacetylglucosamine mutase	4.42156e+06	3.73972e+06	6.68643e+06	4.92807e+06
O95395	O95395	GCNT3_HUMAN	GCNT3	Beta-1,3-galactosyl-O-glycosyl-glycoprotein beta-1,6-N-acetylglucosaminyltransferase 3	275438	297981	1.3602e+06	371022
O95396	O95396	MOCS3_HUMAN	MOCS3	Adenylyltransferase and sulfurtransferase MOCS3	416849	190861	215971	416984
O95400	O95400	CD2B2_HUMAN	CD2BP2	CD2 antigen cytoplasmic tail-binding protein 2	366069	351240	298068	512368
O95415	O95415	BRI3_HUMAN	BRI3	Membrane protein BRI3	274293		389491	247364
O95425	O95425	SVIL_HUMAN	SVIL	Supervillin	618654	720068		323008
O95427	O95427	PIGN_HUMAN	PIGN	GPI ethanolamine phosphate transferase 1	358049	424048	356886	394975
O95433	O95433	AHSA1_HUMAN	AHSA1	Activator of 90 kDa heat shock protein ATPase homolog 1	4.55523e+06	4.27244e+06	5.26886e+06	5.72452e+06
O95445	O95445	APOM_HUMAN	APOM	Apolipoprotein M	2.27653e+06	1.96469e+06	3.28092e+06	2.79743e+06
O95453	O95453	PARN_HUMAN	PARN	Poly(A)-specific ribonuclease PARN	376997	230370		424402
O95456	O95456	PSMG1_HUMAN	PSMG1	Proteasome assembly chaperone 1	1.05764e+06	1.15873e+06	1.33358e+06	1.26312e+06
O95466	O95466	FMNL1_HUMAN	FMNL1	Formin-like protein 1	1.62996e+06	1.35383e+06	957899	1.02954e+06
O95470	O95470	SGPL1_HUMAN	SGPL1	Sphingosine-1-phosphate lyase 1	3.02175e+06	1.69015e+06	1.36239e+06	1.88793e+06
O95471	O95471	CLD7_HUMAN	CLDN7	Claudin-7	2.45775e+06	866113	1.0979e+07	4.54548e+06
O95476	O95476	CNEP1_HUMAN	CTDNEP1	CTD nuclear envelope phosphatase 1	804681	481653	686271	575015
O95477	O95477	ABCA1_HUMAN	ABCA1	Phospholipid-transporting ATPase ABCA1	539945	522505	517164	559752
O95479	O95479	G6PE_HUMAN	H6PD	GDH/6PGL endoplasmic bifunctional protein	3.51079e+06	3.55517e+06	2.93868e+06	2.2948e+06
O95486	O95486	SC24A_HUMAN	SEC24A	Protein transport protein Sec24A	2.29213e+06	2.97468e+06	2.15159e+06	2.30613e+06
O95487	O95487	SC24B_HUMAN	SEC24B	Protein transport protein Sec24B	1.14416e+06	947896	608385	1.20927e+06
O95490	O95490	AGRL2_HUMAN	ADGRL2	Adhesion G protein-coupled receptor L2	169208	273132	148832	152595
O95497	O95497	VNN1_HUMAN	VNN1	Pantetheinase		98729.7	19388.3	
O95498	O95498	VNN2_HUMAN	VNN2	Pantetheine hydrolase VNN2	1.24179e+06	3.92807e+06	2.04536e+06	
O95528	O95528	GTR10_HUMAN	SLC2A10	Solute carrier family 2, facilitated glucose transporter member 10	123238	167749	117174	84109.8
O95544	O95544	NADK_HUMAN	NADK	NAD kinase	340625	1.00661e+06	308453	372878
O95551	O95551	TYDP2_HUMAN	TDP2	Tyrosyl-DNA phosphodiesterase 2	907576	386636	1.91533e+06	1.3552e+06
O95562	O95562	SFT2B_HUMAN	SFT2D2	Vesicle transport protein SFT2B	1.05974e+06	882399	1.47491e+06	808683
O95563	O95563	MPC2_HUMAN	MPC2	Mitochondrial pyruvate carrier 2	2.76955e+06	1.09439e+06	4.16333e+06	2.84795e+06
O95571	O95571	ETHE1_HUMAN	ETHE1	Persulfide dioxygenase ETHE1, mitochondrial	3.07435e+07	7.74491e+06	5.66119e+07	3.70088e+07
O95573	O95573	ACSL3_HUMAN	ACSL3	Fatty acid CoA ligase Acsl3	3.24935e+06	2.50227e+06	2.27665e+06	2.32814e+06
O95630	O95630	STABP_HUMAN	STAMBP	STAM-binding protein	3.96122e+06	4.75456e+06	5.74677e+06	5.18509e+06
O95639	O95639	CPSF4_HUMAN	CPSF4	Cleavage and polyadenylation specificity factor subunit 4	316918			279152
O95671	O95671	ASML_HUMAN	ASMTL	Probable bifunctional dTTP/UTP pyrophosphatase/methyltransferase protein	886129	803815	631581	1.17896e+06
O95674	O95674	CDS2_HUMAN	CDS2	Phosphatidate cytidylyltransferase 2	2.82795e+06	1.70811e+06	2.19939e+06	1.87426e+06
O95685	O95685	PPR3D_HUMAN	PPP1R3D	Protein phosphatase 1 regulatory subunit 3D	491943	403961	629624	
O95716	O95716;P20336	RAB3D_HUMAN	RAB3D	Ras-related protein Rab-3D	3.84325e+06	2.88117e+06	6.73243e+06	4.40923e+06
O95718;P11474	O95718;P11474	ERR1_HUMAN;ERR2_HUMAN	ESRRA;ESRRB	Steroid hormone receptor ERR2	19148.6			
O95721	O95721	SNP29_HUMAN	SNAP29	Synaptosomal-associated protein 29	1.24555e+06	372172	1.44268e+06	1.46133e+06
O95747	O95747	OXSR1_HUMAN	OXSR1	Serine/threonine-protein kinase OSR1	5.18465e+06	4.34794e+06	5.05383e+06	4.98765e+06
O95749	O95749	GGPPS_HUMAN	GGPS1	Geranylgeranyl pyrophosphate synthase	566676	364593	501869	617832
O95757	O95757	HS74L_HUMAN	HSPA4L	Heat shock 70 kDa protein 4L	787091	2.00853e+06	1.07777e+06	1.0623e+06
O95758	O95758	PTBP3_HUMAN	PTBP3	Polypyrimidine tract-binding protein 3	1.90401e+06	2.29294e+06	1.57174e+06	1.67467e+06
O95760	O95760	IL33_HUMAN	IL33	Interleukin-33	106351			
O95772	O95772	STR3N_HUMAN	STARD3NL	STARD3 N-terminal-like protein	280327	294961	404769	217274
O95777	O95777	LSM8_HUMAN	LSM8	U6 snRNA-associated Sm-like protein LSm8	3.05524e+06	3.2434e+06	3.04146e+06	2.90488e+06
O95782	O95782	AP2A1_HUMAN	AP2A1	AP-2 complex subunit alpha-1	2.77013e+06	3.41483e+06	926447	2.28661e+06
O95786	O95786	RIGI_HUMAN	RIGI	Antiviral innate immune response receptor RIG-I	500204	605618	245417	315009
O95793	O95793	STAU1_HUMAN	STAU1	Double-stranded RNA-binding protein Staufen homolog 1	1.10177e+06	978154	714397	944646
O95810	O95810	CAVN2_HUMAN	CAVIN2	Caveolae-associated protein 2	2.07513e+06	678689	395162	1.86889e+06
O95816	O95816	BAG2_HUMAN	BAG2	BAG family molecular chaperone regulator 2	464283	840135	295322	507381
O95817	O95817	BAG3_HUMAN	BAG3	BAG family molecular chaperone regulator 3	1.18742e+06	599347	1.01258e+06	1.18477e+06
O95822	O95822	DCMC_HUMAN	MLYCD	Malonyl-CoA decarboxylase, mitochondrial	1.23301e+06	1.04932e+06	799425	1.20811e+06
O95825	O95825	QORL1_HUMAN	CRYZL1	Quinone oxidoreductase-like protein 1	559868	465618	444403	546968
O95831	O95831	AIFM1_HUMAN	AIFM1	Apoptosis-inducing factor 1, mitochondrial	2.26234e+07	1.58417e+07	1.26884e+07	2.25323e+07
O95834	O95834	EMAL2_HUMAN	EML2	Echinoderm microtubule-associated protein-like 2	4.06327e+06	3.67413e+06	4.6433e+06	4.65096e+06
O95837	O95837	GNA14_HUMAN	GNA14	Guanine nucleotide-binding protein subunit alpha-14	214191	130949	184365	143971
O95848	O95848	NUD14_HUMAN	NUDT14	Uridine diphosphate glucose pyrophosphatase NUDT14	250507	207121	304716	241993
O95857	Q12999;O95857	TSN13_HUMAN	TSPAN13	Tetraspanin-13	1.80928e+06	1.84737e+06	6.80005e+06	2.8802e+06
O95858	O95858	TSN15_HUMAN	TSPAN15	Tetraspanin-15	1.37927e+06	790977	2.51634e+06	1.64025e+06
O95861	O95861	BPNT1_HUMAN	BPNT1	3'(2'),5'-bisphosphate nucleotidase 1	2.97284e+06	2.55117e+06	6.1153e+06	3.34005e+06
O95865	O95865	DDAH2_HUMAN	DDAH2	N(G),N(G)-dimethylarginine dimethylaminohydrolase 2	3.91575e+06	2.53317e+06	3.23822e+06	4.19868e+06
O95866	O95866	G6B_HUMAN	MPIG6B	Megakaryocyte and platelet inhibitory receptor G6b	591115	390426		
O95870	O95870	ABHGA_HUMAN	ABHD16A	Phosphatidylserine lipase ABHD16A	2.21232e+06	868577	1.34672e+06	1.56209e+06
O95881	O95881	TXD12_HUMAN	TXNDC12	Thioredoxin domain-containing protein 12	1.0237e+07	7.63129e+06	1.76499e+07	8.74288e+06
O95967	O95967	FBLN4_HUMAN	EFEMP2	EGF-containing fibulin-like extracellular matrix protein 2	1.0969e+06	1.056e+06	673344	585209
O95980	O95980	RECK_HUMAN	RECK	Reversion-inducing cysteine-rich protein with Kazal motifs	1.14758e+06	993282	871957	1.01422e+06
O95989	O95989	NUDT3_HUMAN	NUDT3	Diphosphoinositol polyphosphate phosphohydrolase 1	1.57896e+06	2.46675e+06	2.89981e+06	1.86675e+06
O95994	O95994	AGR2_HUMAN	AGR2	Anterior gradient protein 2 homolog	4.25924e+08	2.68177e+08	6.92616e+08	4.98097e+08
O95996	O95996	APCL_HUMAN	APC2	Adenomatous polyposis coli protein 2			1.35789e+06	783792
O95999	O95999	BCL10_HUMAN	BCL10	B-cell lymphoma/leukemia 10	480903	467549	586140	709604
O96000	O96000	NDUBA_HUMAN	NDUFB10	NADH dehydrogenase [ubiquinone] 1 beta subcomplex subunit 10	5.72093e+06	4.18405e+06	3.51632e+06	6.55999e+06
O96005	O96005	CLPT1_HUMAN	CLPTM1	Putative lipid scramblase CLPTM1	3.10119e+06	3.94604e+06	4.50261e+06	2.68509e+06
O96007	O96007	MOC2B_HUMAN	MOCS2	Molybdopterin synthase catalytic subunit	501707	548721	503007	420160
O96008	O96008	TOM40_HUMAN	TOMM40	Mitochondrial import receptor subunit TOM40 homolog	2.47931e+06	1.14927e+06	2.66976e+06	2.62365e+06
O96011	O96011	PX11B_HUMAN	PEX11B	Peroxisomal membrane protein 11B	1.82489e+06	958981	1.30557e+06	1.66804e+06
O96013	O96013;Q9P286	PAK4_HUMAN	PAK4	Serine/threonine-protein kinase PAK 4	257293	90865.7	233891	263418
O96019	O96019	ACL6A_HUMAN	ACTL6A	Actin-like protein 6A	3.91179e+06	3.46429e+06	2.41689e+06	3.55992e+06
P00156	P00156	CYB_HUMAN	MT-CYB	Cytochrome b	3.79722e+06	2.79479e+06	4.29317e+06	5.75804e+06
P00167	P00167	CYB5_HUMAN	CYB5A	Cytochrome b5	4.37403e+06	704716	6.22819e+06	4.4626e+06
P00325	P00325;P08319	ADH1B_HUMAN	ADH1B	All-trans-retinol dehydrogenase [NAD(+)] ADH1B	5.25792e+07	1.22302e+07	1.50678e+07	4.95853e+07
P00326	P00326	ADH1G_HUMAN	ADH1C	Alcohol dehydrogenase 1C	1.65396e+07	239824	3.70109e+06	1.59241e+07
P00338	P00338	LDHA_HUMAN	LDHA	L-lactate dehydrogenase A chain	6.19084e+07	8.10621e+07	6.79861e+07	5.41532e+07
P00352	P00352	AL1A1_HUMAN	ALDH1A1	Aldehyde dehydrogenase 1A1	7.56359e+06	6.23102e+06	8.70607e+06	1.2012e+07
P00367	P00367;P49448	DHE3_HUMAN	GLUD1	Glutamate dehydrogenase 1, mitochondrial	1.56179e+07	1.16437e+07	7.26687e+06	1.32599e+07
P00374	P00374	DYR_HUMAN	DHFR	Dihydrofolate reductase	1.04608e+06		2.24494e+06	1.5721e+06
P00387	P00387	NB5R3_HUMAN	CYB5R3	NADH-cytochrome b5 reductase 3	4.3195e+07	4.45696e+07	3.61838e+07	2.69839e+07
P00390	P00390	GSHR_HUMAN	GSR	Glutathione reductase, mitochondrial	1.33466e+07	1.22548e+07	1.48658e+07	1.36112e+07
P00395	P00395	COX1_HUMAN	MT-CO1	Cytochrome c oxidase subunit 1	6.77404e+06	3.97851e+06	3.91881e+06	6.90314e+06
P00403	P00403	COX2_HUMAN	MT-CO2	Cytochrome c oxidase subunit 2	6.65856e+07	1.93729e+07	3.64e+07	8.03146e+07
P00414	P00414	COX3_HUMAN	MT-CO3	Cytochrome c oxidase subunit 3	1.71223e+06	1.09699e+06	774514	1.9542e+06
P00441	P00441	SODC_HUMAN	SOD1	Superoxide dismutase [Cu-Zn]	4.20261e+07	4.7488e+07	7.72552e+07	4.00418e+07
P00450	P00450	CERU_HUMAN	CP	Ceruloplasmin	8.83655e+06	1.04043e+07	1.04013e+07	1.35826e+07
P00480	P00480	OTC_HUMAN	OTC	Ornithine transcarbamylase, mitochondrial	665642	416778	520040	798366
P00488	P00488	F13A_HUMAN	F13A1	Coagulation factor XIII A chain	1.9072e+07	5.98399e+06	5.41579e+06	2.05928e+07
P00491	P00491	PNPH_HUMAN	PNP	Purine nucleoside phosphorylase	1.36601e+07	3.2468e+07	2.6386e+07	1.39966e+07
P00492	P00492	HPRT_HUMAN	HPRT1	Hypoxanthine-guanine phosphoribosyltransferase	3.27663e+06	5.18617e+06	5.02711e+06	3.54692e+06
P00505	P00505	AATM_HUMAN	GOT2	Aspartate aminotransferase, mitochondrial	2.19794e+07	1.64544e+07	1.32249e+07	2.14768e+07
P00533	P00533	EGFR_HUMAN	EGFR	Epidermal growth factor receptor	961466	652991	889248	1.11129e+06
P00558	P00558	PGK1_HUMAN	PGK1	Phosphoglycerate kinase 1	4.5428e+07	6.50022e+07	6.88761e+07	4.31672e+07
P00568	P00568	KAD1_HUMAN	AK1	Adenylate kinase isoenzyme 1	5.07735e+06	9.00421e+06	7.17089e+06	5.62778e+06
P00734	P00734	THRB_HUMAN	F2	Prothrombin	1.06939e+07	1.21015e+07	8.61651e+06	9.55245e+06
P00736	P00736	C1R_HUMAN	C1R	Complement C1r subcomponent	2.91952e+06	3.77149e+06	1.99872e+06	2.55596e+06
P00738	P00738	HPT_HUMAN	HP	Haptoglobin	1.37967e+08	2.54349e+08	2.37727e+08	2.349e+08
P00739	P00739	HPTR_HUMAN	HPR	Haptoglobin-related protein	2.60146e+06	3.34612e+06	2.56762e+06	3.92057e+06
P00740	P00740	FA9_HUMAN	F9	Coagulation factor IX	1.57455e+06	1.77499e+06	1.84169e+06	1.98276e+06
P00742	P00742	FA10_HUMAN	F10	Coagulation factor X	926157	1.00402e+06	632401	746765
P00746	P00746	CFAD_HUMAN	CFD	Complement factor D	2.00315e+07	1.6478e+07	1.42398e+07	1.46009e+07
P00747	P00747;P08519	PLMN_HUMAN	PLG	Plasminogen	6.17216e+06	5.99806e+06	3.0339e+06	6.28649e+06
P00748	P00748	FA12_HUMAN	F12	Coagulation factor XII	1.07733e+06	1.44815e+06	1.56741e+06	1.3022e+06
P00749	P00749	UROK_HUMAN	PLAU	Urokinase-type plasminogen activator	153087	224559	76426.7	57206.4
P00751	P00751	CFAB_HUMAN	CFB	Complement factor B	1.77097e+07	2.46814e+07	1.83544e+07	2.55008e+07
P00813	P00813	ADA_HUMAN	ADA	Adenosine deaminase	1.59191e+06	2.45851e+06	2.25768e+06	1.37454e+06
P00846	P00846	ATP6_HUMAN	MT-ATP6	ATP synthase subunit a	1.03897e+07	7.21501e+06	6.56767e+06	1.02863e+07
P00915	P00915	CAH1_HUMAN	CA1	Carbonic anhydrase 1	1.30099e+08	3.4516e+08	1.57458e+08	9.3801e+07
P00918	P00918	CAH2_HUMAN	CA2	Carbonic anhydrase 2	4.36152e+07	6.64204e+07	8.63711e+07	4.90237e+07
P00966	P00966	ASSY_HUMAN	ASS1	Argininosuccinate synthase	1.3208e+07	5.1824e+06	3.0815e+07	1.02394e+07
P00973	P00973	OAS1_HUMAN	OAS1	2'-5'-oligoadenylate synthase 1	621377	658442	703390	498815
P00995	P00995	ISK1_HUMAN	SPINK1	Serine protease inhibitor Kazal-type 1	1.36383e+06		2.90535e+06	2.74301e+06
P01008	P01008	ANT3_HUMAN	SERPINC1	Antithrombin-III	8.01751e+06	9.88837e+06	1.12323e+07	1.2128e+07
P01009	P01009	A1AT_HUMAN	SERPINA1	Alpha-1-antitrypsin	1.04247e+08	1.43755e+08	1.80759e+08	1.8318e+08
P01011	P01011	AACT_HUMAN	SERPINA3	Alpha-1-antichymotrypsin	1.74145e+07	1.56795e+07	2.03987e+07	2.44928e+07
P01019	P01019	ANGT_HUMAN	AGT	Angiotensinogen	5.09305e+06	6.34091e+06	5.66213e+06	7.81264e+06
P01023	P01023	A2MG_HUMAN	A2M	Alpha-2-macroglobulin	3.60586e+07	5.12141e+07	3.29564e+07	5.48795e+07
P01024	P01024	CO3_HUMAN	C3	Complement C3	5.24747e+07	6.67724e+07	3.88777e+07	7.03468e+07
P01031	P01031	CO5_HUMAN	C5	Complement C5	3.01662e+06	3.83137e+06	1.73817e+06	3.57253e+06
P01033	P01033	TIMP1_HUMAN	TIMP1	Metalloproteinase inhibitor 1	3.20388e+06	3.57266e+06	4.00586e+06	2.09839e+06
P01034	P01034	CYTC_HUMAN	CST3	Cystatin-C	6.48236e+06	3.78757e+06	1.15188e+07	8.78094e+06
P01040	P01040	CYTA_HUMAN	CSTA	Cystatin-A	3.62865e+06	4.69061e+06	5.16067e+06	3.61333e+06
P01042	P01042	KNG1_HUMAN	KNG1	Kininogen-1	1.08257e+07	1.16189e+07	1.12841e+07	1.44262e+07
P01111	P01111;P01112	RASN_HUMAN	NRAS	GTPase NRas	4.85473e+06	3.62927e+06	8.66115e+06	4.95462e+06
P01112	P01112	RASH_HUMAN	HRAS	GTPase HRas	118708		216667	
P01116	P01116	RASK_HUMAN	KRAS	GTPase KRas	847350	575752	2.34838e+06	1.19289e+06
P01130	P01130	LDLR_HUMAN	LDLR	Low-density lipoprotein receptor	713471	553470	930652	998718
P01137	P01137	TGFB1_HUMAN	TGFB1	Transforming growth factor beta-1 proprotein	953375	1.1469e+06	770603	497148
P01275	P01275	GLUC_HUMAN	GCG	Pro-glucagon	471210	203358	2.60688e+06	2.39333e+06
P01282	P01282	VIP_HUMAN	VIP	VIP peptides			239731	160912
P01344	P01344	IGF2_HUMAN	IGF2	Insulin-like growth factor II	2.13125e+06	3.33537e+06	3.59697e+06	3.2605e+06
P01591	P01591	IGJ_HUMAN	JCHAIN	Immunoglobulin J chain	2.5161e+07	1.59133e+07	6.95854e+07	4.27362e+07
P01593	P01593	KVD33_HUMAN	IGKV1D-33	Immunoglobulin kappa variable 1D-33	2.93234e+06	3.00024e+06	1.9844e+06	2.3826e+06
P01597	P01597;P01611;A0A0C4DH72;A0A0C4DH73	KV139_HUMAN	IGKV1-39	Immunoglobulin kappa variable 1-39	1.32786e+06	1.52891e+06	1.77087e+06	1.5384e+06
P01599	P01599	KV117_HUMAN	IGKV1-17	Immunoglobulin kappa variable 1-17	1.47529e+06	1.53371e+06	1.3854e+06	1.51207e+06
P01602	P01602;P0DOX7	KV105_HUMAN	IGKV1-5	Immunoglobulin kappa variable 1-5	2.45076e+06	1.50712e+07	3.00194e+06	3.56172e+06
P01614	P01614	KVD40_HUMAN	IGKV2D-40	Immunoglobulin kappa variable 2D-40		685663		
P01615	P01615	KVD28_HUMAN	IGKV2D-28	Immunoglobulin kappa variable 2D-28	1.54475e+07	2.4908e+07	1.79554e+07	2.21484e+07
P01619	P01619	KV320_HUMAN	IGKV3-20	Immunoglobulin kappa variable 3-20	1.86418e+07	2.18755e+07	2.56409e+07	2.418e+07
P01624	P01624;A0A075B6H7;A0A0C4DH55	KV315_HUMAN	IGKV3-15	Immunoglobulin kappa variable 3-15	2.06159e+07	2.45204e+07	3.13484e+07	3.07943e+07
P01700	P01700	LV147_HUMAN	IGLV1-47	Immunoglobulin lambda variable 1-47	7.34646e+06	9.4181e+06	8.30902e+06	7.67126e+06
P01701	P01701	LV151_HUMAN	IGLV1-51	Immunoglobulin lambda variable 1-51	2.98161e+06	4.11613e+06	3.97586e+06	4.36867e+06
P01703	P01703	LV140_HUMAN	IGLV1-40	Immunoglobulin lambda variable 1-40	933330	936481	898520	1.26227e+06
P01704	P01704	LV214_HUMAN	IGLV2-14	Immunoglobulin lambda variable 2-14	1.11077e+06	1.1571e+06	977206	1.53775e+06
P01705	P01705	LV223_HUMAN	IGLV2-23	Immunoglobulin lambda variable 2-23			44330.8	1.09589e+06
P01706	P01706	LV211_HUMAN	IGLV2-11	Immunoglobulin lambda variable 2-11	707792	743340	571488	837206
P01709	P01706;P01709;P0DOX8	LV208_HUMAN	IGLV2-8	Immunoglobulin lambda variable 2-8	3.50281e+06	4.3208e+06	6.55663e+06	7.51598e+06
P01714	P01714	LV319_HUMAN	IGLV3-19	Immunoglobulin lambda variable 3-19	3.16718e+06	4.17324e+06	3.24578e+06	3.67336e+06
P01715	P01715;A0A075B6K4	LV301_HUMAN	IGLV3-1	Immunoglobulin lambda variable 3-1	2.24426e+06	2.59601e+06	2.49267e+06	2.91401e+06
P01717	P01717;P01718	LV325_HUMAN	IGLV3-25	Immunoglobulin lambda variable 3-25	1.42544e+06	1.67053e+06	1.14638e+06	1.87705e+06
P01721	P01721	LV657_HUMAN	IGLV6-57	Immunoglobulin lambda variable 6-57	474452	486758	391802	404687
P01730	P01730	CD4_HUMAN	CD4	T-cell surface glycoprotein CD4	243561	185313	144227	135378
P01732	P01732	CD8A_HUMAN	CD8A	T-cell surface glycoprotein CD8 alpha chain	446043		560754	321114
P01742	P01742	HV169_HUMAN	IGHV1-69	Immunoglobulin heavy variable 1-69		1.00029e+06		807424
P01743	P01742;P01743;A0A0B4J2H0;A0A0C4DH29;P0DP01	HV146_HUMAN	IGHV1-46	Immunoglobulin heavy variable 1-46	3.66032e+06	6.8528e+06	7.35975e+06	7.38619e+06
P01766	P01766	HV313_HUMAN	IGHV3-13	Immunoglobulin heavy variable 3-13	530492	876814	1.82879e+06	827335
P01768	P01768;P01772;P0DP02	HV330_HUMAN	IGHV3-30	Immunoglobulin heavy variable 3-30	5.28134e+06	7.1382e+06	6.57377e+06	6.1223e+06
P01780	P01780	HV307_HUMAN	IGHV3-7	Immunoglobulin heavy variable 3-7	3.31843e+07	3.9388e+07	5.09405e+07	4.49032e+07
P01782;P0DP04	P01782;P0DP04	HV309_HUMAN;HV43D_HUMAN	IGHV3-43D;IGHV3-9	Immunoglobulin heavy variable 3-9	1.13122e+06	1.72146e+06	1.36711e+06	1.50753e+06
P01833	P01833	PIGR_HUMAN	PIGR	Polymeric immunoglobulin receptor	2.28854e+07	6.34606e+06	4.82472e+07	2.43681e+07
P01834	P01834;P0DOX7	IGKC_HUMAN	IGKC	Immunoglobulin kappa constant	1.14476e+08	2.13547e+08	2.20557e+08	1.96189e+08
P01857	P01857;P0DOX5	IGHG1_HUMAN	IGHG1	Immunoglobulin heavy constant gamma 1	2.9283e+08	4.75921e+08	2.83812e+08	4.08584e+08
P01859	P01857;P01859;P0DOX5	IGHG2_HUMAN	IGHG2	Immunoglobulin heavy constant gamma 2	8.45249e+07	1.03552e+08	7.87092e+07	1.12873e+08
P01860	P01860	IGHG3_HUMAN	IGHG3	Immunoglobulin heavy constant gamma 3	2.04843e+08	2.79639e+08	1.74168e+08	2.48455e+08
P01861	P01861	IGHG4_HUMAN	IGHG4	Immunoglobulin heavy constant gamma 4	1.90065e+06	2.79538e+06	1.6684e+06	1.98562e+06
P01871	P01871;P0DOX6	IGHM_HUMAN	IGHM	Immunoglobulin heavy constant mu	4.77516e+07	7.0722e+07	3.34323e+07	5.29061e+07
P01876	P01876;P01877;P0DOX2	IGHA1_HUMAN	IGHA1	Immunoglobulin heavy constant alpha 1	2.06185e+08	2.31401e+08	4.52513e+08	3.28091e+08
P01877	P01877;P0DOX2	IGHA2_HUMAN	IGHA2	Immunoglobulin heavy constant alpha 2	5.91833e+07	5.27194e+07	2.04487e+08	1.16024e+08
P01903	P01903;P01906	DRA_HUMAN	HLA-DRA	HLA class II histocompatibility antigen, DR alpha chain	1.65045e+07	1.63622e+07	3.17884e+07	1.16958e+07
P01906	P01906;P01909	DQA2_HUMAN	HLA-DQA2	HLA class II histocompatibility antigen, DQ alpha 2 chain	1.44134e+06	1.77251e+06	1.9921e+06	875208
P01909	P01909	DQA1_HUMAN	HLA-DQA1	HLA class II histocompatibility antigen, DQ alpha 1 chain	1.67147e+06	1.77651e+06	1.68821e+06	929714
P02042	P02042	HBD_HUMAN	HBD	Hemoglobin subunit delta	4.96427e+08	8.5937e+08	2.45364e+08	2.68943e+08
P02100	P02100	HBE_HUMAN	HBE1	Hemoglobin subunit epsilon		319234		
P02144	P02144	MYG_HUMAN	MB	Myoglobin	1.0722e+06		1.05704e+06	2.05669e+06
P02452	P02452	CO1A1_HUMAN	COL1A1	Collagen alpha-1(I) chain	8.61672e+06	1.26479e+07	4.33289e+06	4.34136e+06
P02458	P02458	CO2A1_HUMAN	COL2A1	Collagen alpha-1(II) chain	248624	363454	350626	279155
P02461	P02461	CO3A1_HUMAN	COL3A1	Collagen alpha-1(III) chain	1.14179e+06	3.25995e+06	462623	554542
P02462	P02462;P29400	CO4A1_HUMAN	COL4A1	Collagen alpha-1(IV) chain	677409	1.63673e+06	220976	351742
P02511	P02511	CRYAB_HUMAN	CRYAB	Alpha-crystallin B chain	2.91305e+06	1.06422e+06	1.49062e+06	4.27559e+06
P02533	P02533	K1C14_HUMAN	KRT14	Keratin, type I cytoskeletal 14	4.75331e+07	2.50313e+08	2.86447e+07	4.70853e+07
P02538	O95678;P02538;P48668	K2C6A_HUMAN	KRT6A	Keratin, type II cytoskeletal 6A	1.40257e+07	1.45603e+08	8.69718e+06	1.09465e+07
P02545	P02545	LMNA_HUMAN	LMNA	Prelamin-A/C	1.21939e+07	6.65955e+06	1.45329e+06	1.15223e+07
P02549	P02549	SPTA1_HUMAN	SPTA1	Spectrin alpha chain, erythrocytic 1	6.33866e+06	1.51792e+07	1.03947e+06	2.81503e+06
P02647	P02647	APOA1_HUMAN	APOA1	Apolipoprotein A-I	1.18199e+08	5.08742e+07	1.40795e+08	1.8188e+08
P02649	P02649	APOE_HUMAN	APOE	Apolipoprotein E	8.23981e+06	6.76198e+06	6.25123e+06	7.27686e+06
P02652	P02652	APOA2_HUMAN	APOA2	Apolipoprotein A-II	5.47751e+06	1.75723e+06	8.23755e+06	1.11903e+07
P02654	P02654	APOC1_HUMAN	APOC1	Apolipoprotein C-I	5.95961e+06	750625	3.81037e+06	4.73828e+06
P02655	P02655	APOC2_HUMAN	APOC2	Apolipoprotein C-II	176205		341855	
P02656	P02656	APOC3_HUMAN	APOC3	Apolipoprotein C-III	8.29575e+06	2.7834e+06	8.41699e+06	1.02701e+07
P02671	P02671	FIBA_HUMAN	FGA	Fibrinogen alpha chain	1.53427e+07	3.01177e+07	1.19326e+07	2.1248e+07
P02675	P02675	FIBB_HUMAN	FGB	Fibrinogen beta chain	1.63348e+07	3.53532e+07	1.43541e+07	2.78978e+07
P02679	P02679	FIBG_HUMAN	FGG	Fibrinogen gamma chain	8.70445e+06	1.84076e+07	7.27388e+06	1.43879e+07
P02686	P02686	MBP_HUMAN	MBP	Myelin basic protein	69208.6		111653	113325
P02730	P02730	B3AT_HUMAN	SLC4A1	Band 3 anion transport protein	3.02985e+07	2.5679e+07	5.95512e+06	1.26741e+07
P02741	P02741	CRP_HUMAN	CRP	C-reactive protein	2.88923e+06	1.85411e+06	252882	3.1469e+06
P02743	P02743	SAMP_HUMAN	APCS	Serum amyloid P-component	1.41006e+07	1.62755e+07	1.2356e+07	1.35221e+07
P02745	P02745	C1QA_HUMAN	C1QA	Complement C1q subcomponent subunit A	6.02879e+06	7.14654e+06	2.98158e+06	4.54518e+06
P02746	P02746	C1QB_HUMAN	C1QB	Complement C1q subcomponent subunit B	1.31566e+07	1.10283e+07	6.73551e+06	1.07454e+07
P02747	P02747	C1QC_HUMAN	C1QC	Complement C1q subcomponent subunit C	8.47251e+06	8.14019e+06	3.28975e+06	6.84662e+06
P02748	P02748	CO9_HUMAN	C9	Complement component C9	5.47418e+06	8.16289e+06	5.41516e+06	7.97164e+06
P02749	P02749	APOH_HUMAN	APOH	Beta-2-glycoprotein 1	4.25252e+07	3.91974e+07	3.06833e+07	3.17506e+07
P02750	P02750	A2GL_HUMAN	LRG1	Leucine-rich alpha-2-glycoprotein	2.05154e+06	651031	4.65165e+06	4.28988e+06
P02751	P02751	FINC_HUMAN	FN1	Fibronectin	5.41227e+06	2.106e+07	2.7533e+06	2.33972e+06
P02753	P02753	RET4_HUMAN	RBP4	Retinol-binding protein 4	2.9609e+06	4.15401e+06	4.70486e+06	4.29942e+06
P02760	P02760	AMBP_HUMAN	AMBP	Protein AMBP	8.00009e+06	1.16476e+07	1.11022e+07	1.24249e+07
P02763	P02763	A1AG1_HUMAN	ORM1	Alpha-1-acid glycoprotein 1	2.36759e+07	1.08845e+07	5.03234e+07	4.72988e+07
P02765	P02765	FETUA_HUMAN	AHSG	Alpha-2-HS-glycoprotein	1.00599e+07	1.32248e+07	1.528e+07	1.47137e+07
P02766	P02766	TTHY_HUMAN	TTR	Transthyretin	2.4206e+07	1.61004e+07	3.02257e+07	3.26186e+07
P02768	P02768	ALBU_HUMAN	ALB	Albumin	1.54715e+09	2.08646e+09	2.32222e+09	2.44107e+09
P02774	P02774	VTDB_HUMAN	GC	Vitamin D-binding protein	1.19948e+07	1.89336e+07	1.76694e+07	2.16476e+07
P02775	P02775	CXCL7_HUMAN	PPBP	Platelet basic protein	1.46774e+07	5.06733e+06	1.30704e+06	1.79999e+06
P02776	P02776;P10720	PLF4_HUMAN	PF4	Platelet factor 4	4.89702e+06	2.07628e+06	430341	507206
P02786	P02786	TFR1_HUMAN	TFRC	Transferrin receptor protein 1	8.59548e+06	9.20595e+06	7.23462e+06	4.71569e+06
P02787	P02787	TRFE_HUMAN	TF	Serotransferrin	9.9391e+07	1.375e+08	1.43935e+08	1.48088e+08
P02788	P02788	TRFL_HUMAN	LTF	Lactotransferrin	1.80428e+07	2.85747e+08	2.88928e+07	2.25767e+06
P02790	P02790	HEMO_HUMAN	HPX	Hemopexin	4.48821e+07	5.68843e+07	6.93778e+07	7.12693e+07
P02792	P02792	FRIL_HUMAN	FTL	Ferritin light chain	3.2457e+07	6.15544e+07	3.44811e+07	1.74414e+07
P02794	P02794	FRIH_HUMAN	FTH1	Ferritin heavy chain	1.37731e+07	2.81347e+07	1.22261e+07	1.03089e+07
P02795	P02795;P04732;P13640;P80297;Q8N339	MT2_HUMAN	MT2A	Metallothionein-2	1.20909e+07	1.22032e+07	1.41043e+07	1.17175e+07
P03886	P03886	NU1M_HUMAN	MT-ND1	NADH-ubiquinone oxidoreductase chain 1	1.29176e+06	448473	607704	1.42651e+06
P03891	P03891	NU2M_HUMAN	MT-ND2	NADH-ubiquinone oxidoreductase chain 2	1.67242e+06	1.11248e+06	939436	1.933e+06
P03897	P03897	NU3M_HUMAN	MT-ND3	NADH-ubiquinone oxidoreductase chain 3	319619		242019	846703
P03905	P03905	NU4M_HUMAN	MT-ND4	NADH-ubiquinone oxidoreductase chain 4	3.58929e+06	2.78425e+06	2.05698e+06	3.58444e+06
P03915	P03915	NU5M_HUMAN	MT-ND5	NADH-ubiquinone oxidoreductase chain 5	1.59498e+06	1.30766e+06	813468	1.76961e+06
P03950	P03950	ANGI_HUMAN	ANG	Angiogenin	756482	558171	456095	607525
P03951	P03951	FA11_HUMAN	F11	Coagulation factor XI	531630	1.19756e+06	507546	620437
P03952	P03952	KLKB1_HUMAN	KLKB1	Plasma kallikrein	1.19862e+06	1.88343e+06	1.19899e+06	1.48778e+06
P03956	P03956	MMP1_HUMAN	MMP1	Interstitial collagenase	610193	512017		
P03973	P03973	SLPI_HUMAN	SLPI	Antileukoproteinase	213417	323986	297798	409633
P04003	P04003	C4BPA_HUMAN	C4BPA	C4b-binding protein alpha chain	9.43229e+06	1.05294e+07	2.50904e+06	7.62606e+06
P04004	P04004	VTNC_HUMAN	VTN	Vitronectin	1.20853e+07	1.05219e+07	8.9768e+06	1.53135e+07
P04040	P04040	CATA_HUMAN	CAT	Catalase	1.90583e+07	5.0893e+07	1.71181e+07	1.35674e+07
P04062	P04062	GBA1_HUMAN	GBA1	Lysosomal acid glucosylceramidase	1.92852e+06	2.7561e+06	4.88779e+06	1.95403e+06
P04066	P04066	FUCO_HUMAN	FUCA1	Tissue alpha-L-fucosidase	1.04511e+07	1.43677e+07	3.95115e+07	3.36796e+07
P04070	P04070	PROC_HUMAN	PROC	Vitamin K-dependent protein C	985390	747504	827981	1.04747e+06
P04075	P04075	ALDOA_HUMAN	ALDOA	Fructose-bisphosphate aldolase A	4.55643e+07	6.57004e+07	8.89525e+07	5.12169e+07
P04080	P04080	CYTB_HUMAN	CSTB	Cystatin-B	2.88406e+07	2.56341e+07	5.31746e+07	2.64147e+07
P04083	P04083	ANXA1_HUMAN	ANXA1	Annexin A1	3.15455e+07	8.39003e+07	2.76415e+07	1.63738e+07
P04114	P04114	APOB_HUMAN	APOB	Apolipoprotein B-100	1.69121e+07	2.04095e+07	1.15177e+07	2.41263e+07
P04156	P04156	PRIO_HUMAN	PRNP	Major prion protein	1.58657e+06	1.53053e+06	1.7179e+06	1.15617e+06
P04179	P04179	SODM_HUMAN	SOD2	Superoxide dismutase [Mn], mitochondrial	9.45743e+07	2.03945e+08	5.11075e+07	2.83512e+07
P04180	P04180	LCAT_HUMAN	LCAT	Phosphatidylcholine-sterol acyltransferase	266519	200304	480160	415451
P04181	P04181	OAT_HUMAN	OAT	Ornithine aminotransferase, mitochondrial	2.15124e+06	1.17569e+06	1.82197e+06	2.24406e+06
P04183	P04183	KITH_HUMAN	TK1	Thymidine kinase, cytosolic			27278.3	29729.4
P04196	P04196	HRG_HUMAN	HRG	Histidine-rich glycoprotein	3.57079e+06	5.33189e+06	3.64927e+06	5.51654e+06
P04211	P04211;A0A075B6I9	LV743_HUMAN	IGLV7-43	Immunoglobulin lambda variable 7-43	3.29939e+06	2.71962e+06	3.24094e+06	4.01965e+06
P04216	P04216	THY1_HUMAN	THY1	Thy-1 membrane glycoprotein	1.38799e+07	1.31878e+07	9.65171e+06	4.31537e+06
P04217	P04217	A1BG_HUMAN	A1BG	Alpha-1B-glycoprotein	9.85605e+06	1.18785e+07	1.459e+07	1.49386e+07
P04233	P04233	HG2A_HUMAN	CD74	HLA class II histocompatibility antigen gamma chain	8.24494e+06	3.60102e+06	1.11178e+07	4.19531e+06
P04234	P04234	CD3D_HUMAN	CD3D	T-cell surface glycoprotein CD3 delta chain	298205		179831	
P04259	P04259;P48668	K2C6B_HUMAN	KRT6B	Keratin, type II cytoskeletal 6B	9.62488e+06	9.84704e+07	5.53588e+06	8.55659e+06
P04264	P04259;P04264	K2C1_HUMAN	KRT1	Keratin, type II cytoskeletal 1	2.53824e+08	1.39558e+09	2.13288e+08	3.68587e+08
P04271	P04271	S100B_HUMAN	S100B	Protein S100-B	364743		353903	657533
P04275	P04275	VWF_HUMAN	VWF	von Willebrand factor	1.17534e+06	2.07205e+06	695487	790581
P04278	P04278	SHBG_HUMAN	SHBG	Sex hormone-binding globulin	147853	142524	205306	208339
P04350	P04350;P68371	TBB4A_HUMAN	TUBB4A	Tubulin beta-4A chain	6.41764e+07	1.81185e+07	2.69187e+07	6.89651e+07
P04406	P04406	G3P_HUMAN	GAPDH	Glyceraldehyde-3-phosphate dehydrogenase	5.31011e+08	6.63347e+08	5.93985e+08	4.92717e+08
P04424	P04424	ARLY_HUMAN	ASL	Argininosuccinate lyase	6.56317e+06	4.72834e+06	7.95277e+06	7.84822e+06
P04430	P04430	KV116_HUMAN	IGKV1-16	Immunoglobulin kappa variable 1-16	2.66221e+06	3.97093e+06	1.01217e+06	1.28463e+06
P04626	P04626	ERBB2_HUMAN	ERBB2	Receptor tyrosine-protein kinase erbB-2	343656		369094	482716
P04632	P04632	CPNS1_HUMAN	CAPNS1	Calpain small subunit 1	1.17565e+07	5.52816e+06	1.38008e+07	1.43056e+07
P04732	P04732	MT1E_HUMAN	MT1E	Metallothionein-1E	437302	98476.8	579402	1.05943e+06
P04792	P04792	HSPB1_HUMAN	HSPB1	Heat shock protein beta-1	4.41465e+07	3.39514e+07	4.05112e+07	3.98197e+07
P04818	P04818	TYSY_HUMAN	TYMS	Thymidylate synthase	37826.9	151696	204676	53546.5
P04839	P04839	CY24B_HUMAN	CYBB	Cytochrome b-245 heavy chain	7.95594e+06	7.92062e+06	6.47799e+06	3.07513e+06
P04843	P04843	RPN1_HUMAN	RPN1	Dolichyl-diphosphooligosaccharide--protein glycosyltransferase subunit 1	2.24644e+07	2.65211e+07	1.56225e+07	2.0974e+07
P04844	P04844	RPN2_HUMAN	RPN2	Dolichyl-diphosphooligosaccharide--protein glycosyltransferase subunit 2	1.41827e+07	1.00182e+07	1.00977e+07	1.3644e+07
P04899	P04899	GNAI2_HUMAN	GNAI2	Guanine nucleotide-binding protein G(i) subunit alpha-2	1.86139e+07	2.3792e+07	2.06851e+07	1.47796e+07
P04908;Q7L7L0;Q93077	P04908;Q7L7L0;Q93077	H2A1B_HUMAN;H2A1C_HUMAN;H2A3_HUMAN	H2AC25;H2AC4;H2AC6	Histone H2A type 1-B/E	557374	240079		202599
P05023	P05023	AT1A1_HUMAN	ATP1A1	Sodium/potassium-transporting ATPase subunit alpha-1	9.79376e+07	3.80307e+07	1.25844e+08	1.13737e+08
P05026	P05026	AT1B1_HUMAN	ATP1B1	Sodium/potassium-transporting ATPase subunit beta-1	2.1015e+07	7.93042e+06	3.18213e+07	2.7187e+07
P05060	P05060	SCG1_HUMAN	CHGB	Secretogranin-1	4.83763e+06		7.10326e+06	9.111e+06
P05062	P05062	ALDOB_HUMAN	ALDOB	Fructose-bisphosphate aldolase B	275409	994415	344793	
P05067	P05067	A4_HUMAN	APP	Amyloid-beta precursor protein	491696	463220	450300	376153
P05089	P05089	ARGI1_HUMAN	ARG1	Arginase-1	2.16069e+06	8.90229e+06	1.53456e+06	2.12246e+06
P05090	P05090	APOD_HUMAN	APOD	Apolipoprotein D	7.01193e+06	5.23109e+06	9.69171e+06	7.56591e+06
P05091	O94788;P05091	ALDH2_HUMAN	ALDH2	Aldehyde dehydrogenase, mitochondrial	2.99213e+07	1.60076e+07	2.04336e+07	3.10745e+07
P05106	P05106	ITB3_HUMAN	ITGB3	Integrin beta-3	5.88427e+06	3.49659e+06	1.52911e+06	1.60953e+06
P05107	P05107	ITB2_HUMAN	ITGB2	Integrin beta-2	9.64083e+06	3.07792e+07	7.99158e+06	2.3941e+06
P05109	P05109	S10A8_HUMAN	S100A8	Protein S100-A8	6.20653e+07	2.1134e+08	1.41463e+08	1.12348e+07
P05114	P05114	HMGN1_HUMAN	HMGN1	Non-histone chromosomal protein HMG-14	5.42717e+06	3.06713e+06	5.73327e+06	5.4125e+06
P05120	P05120	PAI2_HUMAN	SERPINB2	Plasminogen activator inhibitor 2	323466	846019	331222	124333
P05141	P05141;P12235;P12236;Q9H0C2	ADT2_HUMAN	SLC25A5	ADP/ATP translocase 2	5.60211e+07	3.33941e+07	3.85639e+07	5.20786e+07
P05154	P05154	IPSP_HUMAN	SERPINA5	Plasma serine protease inhibitor	1.08409e+06	1.51722e+06	771518	1.06556e+06
P05155	P05155	IC1_HUMAN	SERPING1	Plasma protease C1 inhibitor	1.10851e+07	1.29896e+07	1.35034e+07	1.47107e+07
P05156	P05156	CFAI_HUMAN	CFI	Complement factor I	2.21305e+06	3.48946e+06	2.88494e+06	3.03973e+06
P05160	P05160	F13B_HUMAN	F13B	Coagulation factor XIII B chain	741615	1.47551e+06	367812	547525
P05161	P05161	ISG15_HUMAN	ISG15	Ubiquitin-like protein ISG15	2.1882e+06	3.56046e+06	2.69868e+06	893268
P05162	P05162	LEG2_HUMAN	LGALS2	Galectin-2	810866		416135	523550
P05164	P05164	PERM_HUMAN	MPO	Myeloperoxidase	5.07303e+07	4.12653e+08	6.11161e+07	6.166e+06
P05165	P05165	PCCA_HUMAN	PCCA	Propionyl-CoA carboxylase alpha chain, mitochondrial	3.51476e+06	1.41395e+06	822387	3.85154e+06
P05166	P05166	PCCB_HUMAN	PCCB	Propionyl-CoA carboxylase beta chain, mitochondrial	4.02215e+06	1.83551e+06	601161	4.45528e+06
P05186	P05186	PPBT_HUMAN	ALPL	Alkaline phosphatase, tissue-nonspecific isozyme	1.02705e+06	1.40792e+06	999924	464532
P05198	P05198	IF2A_HUMAN	EIF2S1	Eukaryotic translation initiation factor 2 subunit 1	4.0156e+06	3.50549e+06	4.4551e+06	4.09483e+06
P05204	P05204;O00479	HMGN2_HUMAN	HMGN2	Non-histone chromosomal protein HMG-17	4.44458e+06	5.64871e+06	2.84115e+06	3.73212e+06
P05362	P05362	ICAM1_HUMAN	ICAM1	Intercellular adhesion molecule 1	4.81729e+06	6.33592e+06	5.48463e+06	2.26386e+06
P05386	P05386	RLA1_HUMAN	RPLP1	Large ribosomal subunit protein P1	1.99968e+06	442935	3.93313e+06	2.71393e+06
P05387	P05387	RLA2_HUMAN	RPLP2	Large ribosomal subunit protein P2	1.4063e+07	472983	1.77106e+07	1.69074e+07
P05388	P05388	RLA0_HUMAN	RPLP0	Large ribosomal subunit protein uL10	1.02897e+07	6.64365e+06	5.7855e+06	1.09184e+07
P05413	P05413	FABPH_HUMAN	FABP3	Fatty acid-binding protein, heart	3.80508e+06	1.01852e+07	5.04915e+06	3.15095e+06
P05451	P05451	REG1A_HUMAN	REG1A	Lithostathine-1-alpha		1.93976e+06		
P05452	P05452	TETN_HUMAN	CLEC3B	Tetranectin	1.76692e+06	3.51776e+06	1.62016e+06	1.86987e+06
P05455	P05455	LA_HUMAN	SSB	Lupus La protein	4.4961e+06	5.55497e+06	3.95923e+06	4.749e+06
P05496;P48201;Q06055	P05496;P48201;Q06055	AT5G1_HUMAN;AT5G2_HUMAN;AT5G3_HUMAN	ATP5MC1;ATP5MC2;ATP5MC3	ATP synthase F(0) complex subunit C1, mitochondrial	921846		375988	775942
P05543	P05543	THBG_HUMAN	SERPINA7	Thyroxine-binding globulin	624584	891922	889120	1.00118e+06
P05546	P05546	HEP2_HUMAN	SERPIND1	Heparin cofactor 2	4.96198e+06	6.59124e+06	4.70808e+06	6.63416e+06
P05556	P05556	ITB1_HUMAN	ITGB1	Integrin beta-1	1.85778e+07	1.49294e+07	1.87061e+07	1.41979e+07
P05771	P05771	KPCB_HUMAN	PRKCB	Protein kinase C beta type	1.31828e+06	1.6736e+06	591341	641790
P05783	P05783	K1C18_HUMAN	KRT18	Keratin, type I cytoskeletal 18	6.76804e+07	1.98413e+07	3.68835e+06	9.37579e+07
P05787	P05787	K2C8_HUMAN	KRT8	Keratin, type II cytoskeletal 8	1.34636e+08	2.87989e+07	1.04397e+07	2.10847e+08
P05976;P08590	P05976;P08590	MYL1_HUMAN;MYL3_HUMAN	MYL1;MYL3	Myosin light chain 1/3, skeletal muscle isoform	4.95302e+06	2.02569e+06	6.22627e+06	5.14235e+06
P05997	P05997	CO5A2_HUMAN	COL5A2	Collagen alpha-2(V) chain	172855	341882		
P06127	P06127	CD5_HUMAN	CD5	T-cell surface glycoprotein CD5	1.88093e+06	1.27674e+06	2.1141e+06	839407
P06132	P06132	DCUP_HUMAN	UROD	Uroporphyrinogen decarboxylase	2.77448e+06	4.12252e+06	5.46875e+06	2.89067e+06
P06213	P06213	INSR_HUMAN	INSR	Insulin receptor	604072	264689	529635	643202
P06239	P06239	LCK_HUMAN	LCK	Tyrosine-protein kinase Lck	635431	425474	453674	381843
P06276	P06276	CHLE_HUMAN	BCHE	Cholinesterase	822766	751828	819244	896877
P06280	P06280	AGAL_HUMAN	GLA	Alpha-galactosidase A	2.20419e+06	3.19932e+06	3.88852e+06	2.55937e+06
P06310	P06310;A0A075B6S6	KV230_HUMAN	IGKV2-30	Immunoglobulin kappa variable 2-30	3.12895e+06	4.19586e+06	2.36833e+06	2.94841e+06
P06312	P06312	KV401_HUMAN	IGKV4-1	Immunoglobulin kappa variable 4-1	1.38352e+07	1.52326e+07	1.27276e+07	1.6981e+07
P06340	P06340	DOA_HUMAN	HLA-DOA	HLA class II histocompatibility antigen, DO alpha chain	184917		145337	
P06396	P06396	GELS_HUMAN	GSN	Gelsolin	5.52505e+07	9.66658e+07	6.00253e+07	6.01038e+07
P06400	P06400	RB_HUMAN	RB1	Retinoblastoma-associated protein	781613	357896	435107	638133
P06454	P06454	PTMA_HUMAN	PTMA	Prothymosin alpha	8.1992e+06	5.12185e+06	5.30664e+07	1.46788e+07
P06493	P06493	CDK1_HUMAN	CDK1	Cyclin-dependent kinase 1	754333	169509	693424	738805
P06576	P06576	ATPB_HUMAN	ATP5F1B	ATP synthase subunit beta, mitochondrial	9.72589e+07	4.91608e+06	9.23283e+07	9.11635e+07
P06681	P06681	CO2_HUMAN	C2	Complement C2	2.34365e+06	2.86598e+06	2.59467e+06	2.55205e+06
P06702	P06702	S10A9_HUMAN	S100A9	Protein S100-A9	5.19648e+07	2.45836e+08	1.05038e+08	8.79931e+06
P06703	P06703	S10A6_HUMAN	S100A6	Protein S100-A6	1.39581e+08	2.61768e+07	1.20175e+08	2.29018e+08
P06727	P06727	APOA4_HUMAN	APOA4	Apolipoprotein A-IV	5.4795e+06	456796	5.52641e+06	8.32558e+06
P06729	P06729	CD2_HUMAN	CD2	T-cell surface antigen CD2	564334	351743	268794	194301
P06730	P06730	IF4E_HUMAN	EIF4E	Eukaryotic translation initiation factor 4E	3.06064e+06	2.8983e+06	3.37781e+06	3.50434e+06
P06731	P06731	CEAM5_HUMAN	CEACAM5	Carcinoembryonic antigen-related cell adhesion molecule 5	7.73965e+06	9.52203e+06	1.65594e+07	4.29816e+06
P06732	P06732	KCRM_HUMAN	CKM	Creatine kinase M-type	1.13729e+06			857131
P06733	P06733	ENOA_HUMAN	ENO1	Alpha-enolase	7.90768e+07	1.33127e+08	1.25196e+08	8.13794e+07
P06737	P06737	PYGL_HUMAN	PYGL	Glycogen phosphorylase, liver form	3.7707e+06	4.98549e+06	4.42875e+06	4.17417e+06
P06744	P06744	G6PI_HUMAN	GPI	Glucose-6-phosphate isomerase	2.63493e+07	4.29225e+07	4.01442e+07	2.7271e+07
P06748	P06748	NPM_HUMAN	NPM1	Nucleophosmin	1.91035e+07	2.08131e+07	6.47122e+06	1.61707e+07
P06753	P06753	TPM3_HUMAN	TPM3	Tropomyosin alpha-3 chain	2.84287e+07	2.4483e+07	2.25136e+07	2.10985e+07
P06756	P06756	ITAV_HUMAN	ITGAV	Integrin alpha-V	1.00317e+07	8.76092e+06	9.6536e+06	7.75649e+06
P06865	P06865	HEXA_HUMAN	HEXA	Beta-hexosaminidase subunit alpha	5.23257e+06	7.14688e+06	1.10222e+07	6.98048e+06
P06870	P06870	KLK1_HUMAN	KLK1	Kallikrein-1	943098		2.20471e+06	1.79354e+06
P07093	P07093	GDN_HUMAN	SERPINE2	Glia-derived nexin	856822	401094	293952	260243
P07099	P07099	HYEP_HUMAN	EPHX1	Epoxide hydrolase 1	8.9151e+06	1.00136e+07	6.74674e+06	8.81037e+06
P07108	P07108	ACBP_HUMAN	DBI	Acyl-CoA-binding protein	2.07961e+07	1.68752e+06	5.25074e+07	2.49711e+07
P07148	P07148	FABPL_HUMAN	FABP1	Fatty acid-binding protein, liver	3.35742e+07	2.28009e+07	2.50849e+08	9.34867e+07
P07195	P07195	LDHB_HUMAN	LDHB	L-lactate dehydrogenase B chain	2.88772e+07	4.30032e+07	3.61115e+07	3.18542e+07
P07203	P07203	GPX1_HUMAN	GPX1	Glutathione peroxidase 1	8.97048e+06	9.09347e+06	1.12181e+07	8.9897e+06
P07204	P07204	TRBM_HUMAN	THBD	Thrombomodulin	198276	157714	117480	101630
P07205	P07205	PGK2_HUMAN	PGK2	Phosphoglycerate kinase 2	1.18318e+06	1.40125e+06	1.38514e+06	1.02923e+06
P07225	P07225	PROS_HUMAN	PROS1	Vitamin K-dependent protein S	2.70935e+06	2.62621e+06	1.03444e+06	1.90445e+06
P07237	P07237	PDIA1_HUMAN	P4HB	Protein disulfide-isomerase	5.85902e+07	7.20661e+07	1.13102e+08	5.71225e+07
P07305	P07305	H10_HUMAN	H1-0	Histone H1.0	4.08203e+06	3.2313e+06	552152	2.33614e+06
P07311	P07311	ACYP1_HUMAN	ACYP1	Acylphosphatase-1	813718	889720	1.27898e+06	765427
P07333	P07333	CSF1R_HUMAN	CSF1R	Macrophage colony-stimulating factor 1 receptor	58568.2		24103.3	30079.7
P07339	P07339	CATD_HUMAN	CTSD	Cathepsin D	8.67764e+07	9.13737e+07	1.08421e+08	6.35916e+07
P07355	A6NMY6;P07355	ANXA2_HUMAN	ANXA2	Annexin A2	1.42498e+08	1.39668e+08	9.51247e+07	1.19604e+08
P07357	P07357	CO8A_HUMAN	C8A	Complement component C8 alpha chain	1.91193e+06	2.74035e+06	1.56526e+06	2.33868e+06
P07358	P07358	CO8B_HUMAN	C8B	Complement component C8 beta chain	3.11811e+06	4.63899e+06	2.71202e+06	3.81136e+06
P07359	P07359	GP1BA_HUMAN	GP1BA	Platelet glycoprotein Ib alpha chain	1.35054e+06	563937	727082	600733
P07360	P07360	CO8G_HUMAN	C8G	Complement component C8 gamma chain	2.13706e+06	2.47365e+06	1.61573e+06	2.48456e+06
P07384	P07384	CAN1_HUMAN	CAPN1	Calpain-1 catalytic subunit	9.44082e+06	1.13932e+07	6.70161e+06	9.34289e+06
P07437	P04350;P07437;P68371	TBB5_HUMAN	TUBB	Tubulin beta chain	1.12552e+08	2.4345e+07	4.84051e+07	1.0269e+08
P07451	P07451	CAH3_HUMAN	CA3	Carbonic anhydrase 3	2.68973e+06	6.11608e+06	1.54373e+06	1.47856e+06
P07477	P07477;Q9BYE2	TRY1_HUMAN	PRSS1	Serine protease 1	1.37948e+07	6.76713e+06	2.98584e+07	5.91186e+06
P07478	P07478	TRY2_HUMAN	PRSS2	Trypsin-2			410283	
P07585	P07585	PGS2_HUMAN	DCN	Decorin	3.39715e+07	3.75251e+06	1.31528e+07	2.37359e+07
P07602	P07602	SAP_HUMAN	PSAP	Prosaposin	3.102e+07	2.74873e+07	5.62559e+07	2.21349e+07
P07686	P07686	HEXB_HUMAN	HEXB	Beta-hexosaminidase subunit beta	6.75629e+06	1.02928e+07	1.35107e+07	8.68794e+06
P07711	P07711	CATL1_HUMAN	CTSL	Procathepsin L	4.2523e+06	4.62473e+06	4.26343e+06	3.57795e+06
P07737	P07737	PROF1_HUMAN	PFN1	Profilin-1	1.52397e+08	2.60859e+08	3.35748e+08	1.45211e+08
P07738	P07738	PMGE_HUMAN	BPGM	Bisphosphoglycerate mutase	3.48718e+06	9.68296e+06	2.21511e+06	2.50179e+06
P07741	P07741	APT_HUMAN	APRT	Adenine phosphoribosyltransferase	1.30686e+07	5.2538e+06	2.67679e+07	1.51402e+07
P07766	P07766	CD3E_HUMAN	CD3E	T-cell surface glycoprotein CD3 epsilon chain	985744	596973	827381	513349
P07814	P07814	SYEP_HUMAN	EPRS1	Bifunctional glutamate/proline--tRNA ligase	5.41359e+06	3.94447e+06	1.82438e+06	5.46463e+06
P07858	P07858	CATB_HUMAN	CTSB	Cathepsin B	4.21926e+07	4.26921e+07	4.69645e+07	2.4251e+07
P07900	P07900	HS90A_HUMAN	HSP90AA1	Heat shock protein HSP 90-alpha	3.47974e+07	3.32778e+07	3.10213e+07	3.98666e+07
P07902	P07902	GALT_HUMAN	GALT	Galactose-1-phosphate uridylyltransferase	954668	872017	1.67371e+06	1.20285e+06
P07910	P07910	HNRPC_HUMAN	HNRNPC	Heterogeneous nuclear ribonucleoproteins C1/C2	3.33793e+07	2.64223e+07	1.02287e+07	2.76414e+07
P07919	P07919	QCR6_HUMAN	UQCRH	Cytochrome b-c1 complex subunit 6, mitochondrial	2.89332e+06	715145	4.2832e+06	5.57965e+06
P07942	P07942	LAMB1_HUMAN	LAMB1	Laminin subunit beta-1	7.90637e+06	9.48193e+06	4.17687e+06	6.87476e+06
P07947	P07947	YES_HUMAN	YES1	Tyrosine-protein kinase Yes	1.08887e+06	796804	807336	1.04899e+06
P07948	P07948	LYN_HUMAN	LYN	Tyrosine-protein kinase Lyn	2.34112e+06	2.71154e+06	2.01158e+06	1.63153e+06
P07951	P07951	TPM2_HUMAN	TPM2	Tropomyosin beta chain	1.92588e+07	6.37051e+06	4.67968e+06	6.74529e+06
P07954	P07954	FUMH_HUMAN	FH	Fumarate hydratase, mitochondrial	1.18195e+07	7.55534e+06	1.14785e+07	1.30148e+07
P07996	P07996	TSP1_HUMAN	THBS1	Thrombospondin-1	1.50412e+07	6.083e+06	1.48815e+06	2.80994e+06
P07998	P07998	RNAS1_HUMAN	RNASE1	Ribonuclease pancreatic	790685	1.32159e+06	5.13825e+06	3.40007e+06
P08123	P08123	CO1A2_HUMAN	COL1A2	Collagen alpha-2(I) chain	3.08673e+06	4.06608e+06	418817	1.16552e+06
P08133	P08133	ANXA6_HUMAN	ANXA6	Annexin A6	4.18196e+07	5.37911e+07	4.25118e+07	2.83384e+07
P08134	P08134	RHOC_HUMAN	RHOC	Rho-related GTP-binding protein RhoC	6.41613e+06	2.60394e+06	9.43598e+06	5.83354e+06
P08138	P08138	TNR16_HUMAN	NGFR	Tumor necrosis factor receptor superfamily member 16	294131		304252	310178
P08174	P08174	DAF_HUMAN	CD55	Complement decay-accelerating factor	1.051e+06	2.25497e+06	1.59423e+06	927009
P08183	P08183	MDR1_HUMAN	ABCB1	ATP-dependent translocase ABCB1	271192	212481	151395	209100
P08185	P08185	CBG_HUMAN	SERPINA6	Corticosteroid-binding globulin	3.55375e+06	3.68767e+06	4.78883e+06	5.10808e+06
P08195	P08195	4F2_HUMAN	SLC3A2	Amino acid transporter heavy chain SLC3A2	3.37557e+06	3.781e+06	3.90824e+06	2.12208e+06
P08236	P08236	BGLR_HUMAN	GUSB	Beta-glucuronidase	3.86133e+06	5.86668e+06	8.75386e+06	6.08672e+06
P08237	P08237	PFKAM_HUMAN	PFKM	ATP-dependent 6-phosphofructokinase, muscle type	1.21924e+06	780737	714050	1.45491e+06
P08238	P07900;P08238;Q14568;Q58FF8	HS90B_HUMAN	HSP90AB1	Heat shock protein HSP 90-beta	1.24552e+08	1.43827e+08	1.0671e+08	1.38583e+08
P08240	P08240	SRPRA_HUMAN	SRPRA	Signal recognition particle receptor subunit alpha	1.35233e+06	817349	803699	1.0417e+06
P08243	P08243	ASNS_HUMAN	ASNS	Asparagine synthetase [glutamine-hydrolyzing]	652707	864461	2.09845e+06	1.07677e+06
P08246	P08246	ELNE_HUMAN	ELANE	Neutrophil elastase	2.49886e+07	1.14932e+08	2.83667e+07	2.94541e+06
P08247	P08247	SYPH_HUMAN	SYP	Synaptophysin	342275	155777	617736	540000
P08253	P08253	MMP2_HUMAN	MMP2	72 kDa type IV collagenase	965613	1.53683e+06	594953	370105
P08254	P08254;P09238	MMP3_HUMAN	MMP3	Stromelysin-1	815684	846677	498641	821828
P08263	P08263;P09210	GSTA1_HUMAN	GSTA1	Glutathione S-transferase A1	485293	176658	219017	454022
P08294	P08294	SODE_HUMAN	SOD3	Extracellular superoxide dismutase [Cu-Zn]	5.85339e+06	3.16476e+06	4.79878e+06	5.57048e+06
P08311	P08311	CATG_HUMAN	CTSG	Cathepsin G	1.05978e+07	9.10161e+07	5.94969e+06	1.41588e+06
P08397	P08397	HEM3_HUMAN	HMBS	Porphobilinogen deaminase	1.45084e+06	2.09404e+06	1.88228e+06	1.36219e+06
P08473	P08473	NEP_HUMAN	MME	Neprilysin	120969	673391	184015	145885
P08514	P08514	ITA2B_HUMAN	ITGA2B	Integrin alpha-IIb	9.24641e+06	4.46335e+06	448655	969433
P08559	P08559;P29803	ODPA_HUMAN	PDHA1	Pyruvate dehydrogenase E1 component subunit alpha, somatic form, mitochondrial	9.16498e+06	4.06338e+06	5.72864e+06	1.00694e+07
P08567	P08567	PLEK_HUMAN	PLEK	Pleckstrin	3.75065e+06	3.39854e+06	1.53292e+06	1.23004e+06
P08571	P08571	CD14_HUMAN	CD14	Monocyte differentiation antigen CD14	2.94224e+06	3.4541e+06	4.7162e+06	1.86362e+06
P08572	P08572	CO4A2_HUMAN	COL4A2	Collagen alpha-2(IV) chain	1.0029e+06	1.16254e+06	387950	413273
P08574	P08574	CY1_HUMAN	CYC1	Cytochrome c1, heme protein, mitochondrial	6.48003e+06	4.00773e+06	5.26157e+06	7.16905e+06
P08575	P08575	PTPRC_HUMAN	PTPRC	Receptor-type tyrosine-protein phosphatase C	8.29876e+06	1.19253e+07	7.3769e+06	3.78227e+06
P08579	P08579	RU2B_HUMAN	SNRPB2	U2 small nuclear ribonucleoprotein B''	2.50214e+06	1.62383e+06	1.00107e+06	2.14892e+06
P08581	P08581	MET_HUMAN	MET	Hepatocyte growth factor receptor	260411	60309.7	379949	346436
P08603	P08603	CFAH_HUMAN	CFH	Complement factor H	2.26015e+07	3.19898e+07	1.50557e+07	2.53829e+07
P08621	P08621	RU17_HUMAN	SNRNP70	U1 small nuclear ribonucleoprotein 70 kDa	3.22234e+06	3.28641e+06	615007	2.50971e+06
P08631	P08631	HCK_HUMAN	HCK	Tyrosine-protein kinase HCK	1.33877e+06	1.77333e+06	670602	599523
P08637	O75015;P08637	FCG3A_HUMAN	FCGR3A	Low affinity immunoglobulin gamma Fc region receptor III-A	2.42575e+06	3.40606e+06	2.87032e+06	591112
P08648	P08648	ITA5_HUMAN	ITGA5	Integrin alpha-5	3.22742e+06	3.0983e+06	2.12794e+06	1.73493e+06
P08670	P08670	VIME_HUMAN	VIM	Vimentin	5.27585e+07	5.39222e+06	3.14701e+06	3.33614e+07
P08697	P08697	A2AP_HUMAN	SERPINF2	Alpha-2-antiplasmin	4.60737e+06	3.73806e+06	4.86746e+06	7.25888e+06
P08708	P08708	RS17_HUMAN	RPS17	Small ribosomal subunit protein eS17	4.30085e+06	1.50261e+06	2.34812e+06	6.04258e+06
P08709	P08709	FA7_HUMAN	F7	Coagulation factor VII	286748	621271	244920	211107
P08727	P08727;P13646	K1C19_HUMAN	KRT19	Keratin, type I cytoskeletal 19	3.44586e+07	4.66483e+06	3.55863e+06	5.84104e+07
P08754	P08754	GNAI3_HUMAN	GNAI3	Guanine nucleotide-binding protein G(i) subunit alpha-3	8.21823e+06	8.81919e+06	1.05176e+07	7.14809e+06
P08758	P08758	ANXA5_HUMAN	ANXA5	Annexin A5	9.60271e+07	1.40841e+08	1.30693e+08	7.34939e+07
P08779	P08779	K1C16_HUMAN	KRT16	Keratin, type I cytoskeletal 16	1.64829e+07	1.11543e+08	8.25211e+06	8.71205e+06
P08842	P08842	STS_HUMAN	STS	Steryl-sulfatase	1.32293e+06	1.58928e+06	2.06192e+06	1.49527e+06
P08865	P08865;A0A8I5KQE6	RSSA_HUMAN	RPSA	Small ribosomal subunit protein uS2	4.74638e+07	1.61795e+07	6.7888e+07	5.19339e+07
P08962	P08962	CD63_HUMAN	CD63	CD63 antigen	2.35573e+07	3.88131e+07	3.74678e+07	1.94086e+07
P09001	P09001	RM03_HUMAN	MRPL3	Large ribosomal subunit protein uL3m	1.01142e+06	502264	420451	1.30854e+06
P09012	P09012	SNRPA_HUMAN	SNRPA	U1 small nuclear ribonucleoprotein A	1.93975e+06	2.00371e+06	603748	1.576e+06
P09038	P09038	FGF2_HUMAN	FGF2	Fibroblast growth factor 2	390558	1.35278e+06	583683	527883
P09093	P09093	CEL3A_HUMAN	CELA3A	Chymotrypsin-like elastase family member 3A		166994	662753	
P09104	P09104	ENOG_HUMAN	ENO2	Gamma-enolase	1.90439e+06	1.88276e+06	2.86897e+06	2.4776e+06
P09105	P09105	HBAT_HUMAN	HBQ1	Hemoglobin subunit theta-1	667251	483537	433832	461556
P09110	P09110	THIK_HUMAN	ACAA1	3-ketoacyl-CoA thiolase, peroxisomal	3.69447e+06	1.4546e+06	4.30109e+06	3.73292e+06
P09132	P09132	SRP19_HUMAN	SRP19	Signal recognition particle 19 kDa protein	524905	297421	310838	471712
P09211	P09211	GSTP1_HUMAN	GSTP1	Glutathione S-transferase P	4.91976e+07	7.38799e+07	1.11175e+08	6.94868e+07
P09234	P09234	RU1C_HUMAN	SNRPC	U1 small nuclear ribonucleoprotein C	816069	444619	845374	809405
P09237	P09237	MMP7_HUMAN	MMP7	Matrilysin	367967	544947		
P09326	P09326	CD48_HUMAN	CD48	CD48 antigen	728470	561164	1.08712e+06	552484
P09327	P09327	VILI_HUMAN	VIL1	Villin-1	5.54472e+06	2.70954e+06	9.32223e+06	1.34183e+07
P09341	P09341;P19875;P19876	GROA_HUMAN	CXCL1	Growth-regulated alpha protein		564876	39159.1	
P09382	P09382	LEG1_HUMAN	LGALS1	Galectin-1	7.69785e+07	2.74123e+07	9.3653e+07	6.34735e+07
P09417	P09417	DHPR_HUMAN	QDPR	Dihydropteridine reductase	3.29595e+06	3.30046e+06	5.23447e+06	3.87966e+06
P09429	P09429;P26583	HMGB1_HUMAN	HMGB1	High mobility group protein B1	1.73619e+07	1.74643e+07	1.26948e+07	1.53575e+07
P09455	P09455	RET1_HUMAN	RBP1	Retinol-binding protein 1	1.08773e+06	1.49256e+06	1.68191e+06	1.70654e+06
P09467	O00757;P09467	F16P1_HUMAN	FBP1	Fructose-1,6-bisphosphatase 1	1.01547e+07	6.98501e+06	7.6499e+06	5.02784e+06
P09471	P09471	GNAO_HUMAN	GNAO1	Guanine nucleotide-binding protein G(o) subunit alpha	2.11956e+06	717215	1.97832e+06	2.42477e+06
P09486	P09486	SPRC_HUMAN	SPARC	SPARC	2.89902e+06	3.82887e+06	1.01127e+06	1.07351e+06
P09488	P09488;P28161;Q03013	GSTM1_HUMAN	GSTM1	Glutathione S-transferase Mu 1	2.9127e+06	3.33076e+06	5.26443e+06	3.89344e+06
P09493	P09493	TPM1_HUMAN	TPM1	Tropomyosin alpha-1 chain	3.16957e+07	6.8442e+06	8.14483e+06	1.15703e+07
P09496	P09496	CLCA_HUMAN	CLTA	Clathrin light chain A	5.14538e+06	1.90621e+06	4.14986e+06	7.09137e+06
P09497	P09497	CLCB_HUMAN	CLTB	Clathrin light chain B	2.33225e+06	652249	1.58969e+06	2.98129e+06
P09525	P09525	ANXA4_HUMAN	ANXA4	Annexin A4	1.85978e+07	2.10225e+07	3.40433e+07	1.63611e+07
P09543	P09543	CN37_HUMAN	CNP	2',3'-cyclic-nucleotide 3'-phosphodiesterase	2.14037e+06	1.98286e+06	1.90852e+06	1.86755e+06
P09564	P09564	CD7_HUMAN	CD7	T-cell antigen CD7	626351		889075	
P09601	P09601	HMOX1_HUMAN	HMOX1	Heme oxygenase 1	3.88295e+06	3.86754e+06	2.65513e+06	2.05587e+06
P09619	P09619	PGFRB_HUMAN	PDGFRB	Platelet-derived growth factor receptor beta	1.08708e+06	610470	374095	472884
P09622	P09622	DLDH_HUMAN	DLD	Dihydrolipoyl dehydrogenase, mitochondrial	1.23482e+07	7.38831e+06	8.2243e+06	1.21324e+07
P09651	P09651;A0A2R8Y4L2	ROA1_HUMAN	HNRNPA1	Heterogeneous nuclear ribonucleoprotein A1	3.18449e+07	3.24869e+07	2.51055e+07	2.95298e+07
P09661	P09661	RU2A_HUMAN	SNRPA1	U2 small nuclear ribonucleoprotein A'	2.40823e+06	2.13833e+06	1.16351e+06	2.08637e+06
P09668	P09668	CATH_HUMAN	CTSH	Pro-cathepsin H	5.092e+06	8.10734e+06	6.45327e+06	3.03102e+06
P09669	P09669	COX6C_HUMAN	COX6C	Cytochrome c oxidase subunit 6C	2.73228e+07	1.36167e+07	1.8825e+07	2.62309e+07
P09693	P09693	CD3G_HUMAN	CD3G	T-cell surface glycoprotein CD3 gamma chain	445985	328857	412089	125968
P09769	P09769	FGR_HUMAN	FGR	Tyrosine-protein kinase Fgr	704375	1.85298e+06	521293	
P09871	P09871	C1S_HUMAN	C1S	Complement C1s subcomponent	5.50868e+06	6.82675e+06	3.63077e+06	4.88276e+06
P09874	P09874	PARP1_HUMAN	PARP1	Poly [ADP-ribose] polymerase 1	2.40883e+06	2.36251e+06	994224	1.40694e+06
P09914	P09914	IFIT1_HUMAN	IFIT1	Interferon-induced protein with tetratricopeptide repeats 1	454914	416990	261911	234922
P09917	P09917	LOX5_HUMAN	ALOX5	Polyunsaturated fatty acid 5-lipoxygenase	1.74065e+06	3.49888e+06	616056	674209
P09936	P09936	UCHL1_HUMAN	UCHL1	Ubiquitin carboxyl-terminal hydrolase isozyme L1	2.74588e+06	1.42384e+06	3.53736e+06	4.52475e+06
P09960	P09960	LKHA4_HUMAN	LTA4H	Leukotriene A-4 hydrolase	4.99485e+06	1.02831e+07	4.59654e+06	4.74805e+06
P09972	P09972	ALDOC_HUMAN	ALDOC	Fructose-bisphosphate aldolase C	2.50673e+06	4.1694e+06	4.32773e+06	3.04245e+06
P0C0L4	P0C0L4	CO4A_HUMAN	C4A	Complement C4-A	1.1261e+07	1.26614e+07	8.39611e+06	1.44313e+07
P0C0L5	P0C0L4;P0C0L5	CO4B_HUMAN	C4B	Complement C4-B	2.259e+07	2.57762e+07	1.67092e+07	2.74349e+07
P0C0S5;Q71UI9	P0C0S5;Q71UI9	H2AV_HUMAN;H2AZ_HUMAN	H2AZ1;H2AZ2	Histone H2A.Z	1.16068e+06	458599	1.03454e+06	1.30161e+06
P0C0S8;P20671;Q16777;Q6FI13;Q96KK5;Q99878;Q9BTM1	P04908;P0C0S8;P20671;Q16777;Q6FI13;Q7L7L0;Q93077;Q96KK5;Q99878;Q9BTM1	H2A1D_HUMAN;H2A1H_HUMAN;H2A1J_HUMAN;H2A1_HUMAN;H2A2A_HUMAN;H2A2C_HUMAN;H2AJ_HUMAN	H2AC11;H2AC12;H2AC14;H2AC18;H2AC20;H2AC7;H2AJ	Histone H2A type 1	4.25169e+07	3.68607e+07	1.47669e+07	3.14126e+07
P0C7P0	P0C7P0	CISD3_HUMAN	CISD3	CDGSH iron-sulfur domain-containing protein 3, mitochondrial	741001		675492	785643
P0C870	P0C870	JMJD7_HUMAN	JMJD7	Bifunctional peptidase and (3S)-lysyl hydroxylase JMJD7	160351		255217	220789
P0CAP2	P0CAP2	GRL1A_HUMAN	POLR2M	DNA-directed RNA polymerase II subunit GRINL1A	298729	186299	161043	252977
P0CK96	P0CK96	S352B_HUMAN	SLC35E2B	Solute carrier family 35 member E2B	177584		229594	194322
P0DI81	P0DI81	TPC2A_HUMAN	TRAPPC2	Trafficking protein particle complex subunit 2	973446	491089	860714	1.33732e+06
P0DJI8	P0DJI8;P0DJI9	SAA1_HUMAN	SAA1	Serum amyloid A-1 protein	299029	475843	319137	780993
P0DM35;P80294	P80294;P0DM35	M1BL1_HUMAN;MT1H_HUMAN	MT1H;MT1HL1	Metallothionein 1H-like protein 1	125162		83883.8	106518
P0DMM9	P0DMM9	ST1A3_HUMAN	SULT1A3	Sulfotransferase 1A3	6.30613e+06	2.95654e+06	1.74497e+07	1.05997e+07
P0DMV8	P0DMV8;P34931	HS71A_HUMAN	HSPA1A	Heat shock 70 kDa protein 1A	4.10175e+07	4.88757e+07	2.31047e+07	4.18603e+07
P0DOX2	P0DOX2	IGA2_HUMAN		Immunoglobulin alpha-2 heavy chain	2.50787e+06	2.59718e+06	3.79508e+06	2.99946e+06
P0DOX3	P0DOX3	IGD_HUMAN		Immunoglobulin delta heavy chain	1.95076e+06	1.92385e+06	1.5443e+06	2.25671e+06
P0DOX5	P0DOX5	IGG1_HUMAN		Immunoglobulin gamma-1 heavy chain	6.61545e+06	1.59556e+07	1.35324e+07	9.41302e+06
P0DOX7	P0DOX7	IGK_HUMAN		Immunoglobulin kappa light chain	1.29558e+07	4.27991e+07	1.70883e+07	1.78529e+07
P0DOX8	P0DOX8	IGL1_HUMAN		Immunoglobulin lambda-1 light chain			814529	
P0DOY3	P0DOY3	IGLC3_HUMAN	IGLC3	Immunoglobulin lambda constant 3	1.22609e+07	1.52955e+07	1.48719e+07	1.53389e+07
P0DP23	P0DP23	CALM1_HUMAN	CALM1	Calmodulin-1	3.44575e+06	800344	9.33625e+06	7.66772e+06
P0DPB6	P0DPB6	RPAC2_HUMAN	POLR1D	DNA-directed RNA polymerases I and III subunit RPAC2	1.00569e+06	759589	524027	927616
P0DPH7	P0DPH7;Q6PEY2;Q71U36	TBA3C_HUMAN	TUBA3C	Tubulin alpha-3C chain	3.92817e+06		520143	2.16854e+06
P0DTE1	P0DTE1	HV383_HUMAN	IGHV3-38-3	Probable non-functional immunoglobulin heavy variable 3-38-3	390485	372295	392661	555480
P0DTE7	P04746;P0DTE7;P19961	AMY1B_HUMAN	AMY1B	Alpha-amylase 1B	212271	152614	1.42816e+06	319340
P10109	P10109	ADX_HUMAN	FDX1	Adrenodoxin, mitochondrial	1.37847e+06	739825	1.25906e+06	1.16613e+06
P10114	P10114	RAP2A_HUMAN	RAP2A	Ras-related protein Rap-2a	132984	45760.1	186085	168287
P10153	P10153	RNAS2_HUMAN	RNASE2	Non-secretory ribonuclease	3.96521e+07	8.64753e+07	9.25592e+07	2.31351e+07
P10155	P10155	RO60_HUMAN	RO60	RNA-binding protein RO60	6.31333e+06	6.20932e+06	4.46581e+06	6.57708e+06
P10253	P10253	LYAG_HUMAN	GAA	Lysosomal alpha-glucosidase	7.35542e+06	5.69443e+06	1.25916e+07	8.35672e+06
P10301	P10301	RRAS_HUMAN	RRAS	Ras-related protein R-Ras	5.07255e+06	1.54985e+06	4.56204e+06	2.73069e+06
P10398	P10398	ARAF_HUMAN	ARAF	Serine/threonine-protein kinase A-Raf	426816	151553	257795	572749
P10412	P10412	H14_HUMAN	H1-4	Histone H1.4	7.38139e+06	9.56356e+06	2.32411e+06	6.65302e+06
P10415	P10415	BCL2_HUMAN	BCL2	Apoptosis regulator Bcl-2	359695	304396	336702	331209
P10515	P10515	ODP2_HUMAN	DLAT	Dihydrolipoyllysine-residue acetyltransferase component of pyruvate dehydrogenase complex, mitochondrial	4.66976e+06	2.89938e+06	832644	5.94765e+06
P10586	P10586	PTPRF_HUMAN	PTPRF	Receptor-type tyrosine-protein phosphatase F	1.24418e+06		1.09417e+06	1.26075e+06
P10599	P10599	THIO_HUMAN	TXN	Thioredoxin	4.01171e+07	4.31247e+07	7.11024e+07	5.13541e+07
P10606	P10606	COX5B_HUMAN	COX5B	Cytochrome c oxidase subunit 5B, mitochondrial	1.63488e+07	3.59793e+06	1.44188e+07	2.4296e+07
P10619	P10619	PPGB_HUMAN	CTSA	Lysosomal protective protein	1.35962e+07	2.08392e+07	2.52844e+07	1.3491e+07
P10620	P10620	MGST1_HUMAN	MGST1	Microsomal glutathione S-transferase 1	1.37363e+07	1.10939e+07	2.0885e+07	1.73685e+07
P10636	P10636	TAU_HUMAN	MAPT	Microtubule-associated protein tau	335740		88203.8	509922
P10643	P10643	CO7_HUMAN	C7	Complement component C7	3.86799e+06	4.82676e+06	3.48701e+06	4.86739e+06
P10644	P10644	KAP0_HUMAN	PRKAR1A	cAMP-dependent protein kinase type I-alpha regulatory subunit	4.50341e+06	3.18466e+06	3.92207e+06	3.98641e+06
P10645	P10645	CMGA_HUMAN	CHGA	Chromogranin-A	4.76249e+06	397211	1.33753e+07	2.16761e+07
P10745	P10745	RET3_HUMAN	RBP3	Retinol-binding protein 3	3.133e+06	560486	3.41834e+06	3.46263e+06
P10746	P10746	HEM4_HUMAN	UROS	Uroporphyrinogen-III synthase	820396	864024	810069	715987
P10768	P10768	ESTD_HUMAN	ESD	S-formylglutathione hydrolase	1.80158e+07	2.039e+07	2.48145e+07	2.09106e+07
P10809	P10809	CH60_HUMAN	HSPD1	60 kDa heat shock protein, mitochondrial	4.10882e+07	6.51691e+06	3.26e+07	3.9315e+07
P10909	P10909	CLUS_HUMAN	CLU	Clusterin	8.37027e+06	7.03758e+06	8.10293e+06	1.18808e+07
P10915	P10915	HPLN1_HUMAN	HAPLN1	Hyaluronan and proteoglycan link protein 1	2.40346e+06		1.4831e+06	2.64541e+06
P11021	P11021	BIP_HUMAN	HSPA5	Endoplasmic reticulum chaperone BiP	7.24301e+07	1.045e+08	9.97501e+07	7.0293e+07
P11047	P11047	LAMC1_HUMAN	LAMC1	Laminin subunit gamma-1	6.84511e+06	8.72044e+06	3.56539e+06	5.48336e+06
P11049	P11049	CD37_HUMAN	CD37	Leukocyte antigen CD37	622505	452590	464106	194798
P11117	P11117	PPAL_HUMAN	ACP2	Lysosomal acid phosphatase	3.61398e+06	3.82385e+06	6.4645e+06	2.88695e+06
P11142	P11142;P54652	HSP7C_HUMAN	HSPA8	Heat shock cognate 71 kDa protein	9.94458e+07	1.30332e+08	6.3962e+07	9.76633e+07
P11166	P11166	GTR1_HUMAN	SLC2A1	Solute carrier family 2, facilitated glucose transporter member 1	6.55458e+06	6.40294e+06	2.42562e+06	2.7567e+06
P11169	P11169;Q8TDB8	GTR3_HUMAN	SLC2A3	Solute carrier family 2, facilitated glucose transporter member 3	3.05228e+06	4.30995e+06	1.53877e+06	561568
P11171	P11171	EPB41_HUMAN	EPB41	Protein 4.1	3.45073e+06	4.4411e+06	2.06328e+06	2.60818e+06
P11172	P11172	UMPS_HUMAN	UMPS	Uridine 5'-monophosphate synthase	1.34109e+06	883263	1.36569e+06	1.53827e+06
P11177	P11177	ODPB_HUMAN	PDHB	Pyruvate dehydrogenase E1 component subunit beta, mitochondrial	9.78104e+06	1.74457e+06	6.4319e+06	1.10065e+07
P11182	P11182	ODB2_HUMAN	DBT	Lipoamide acyltransferase component of branched-chain alpha-keto acid dehydrogenase complex, mitochondrial	2.08795e+06	1.05296e+06	391380	3.19847e+06
P11215	P11215	ITAM_HUMAN	ITGAM	Integrin alpha-M	3.70741e+06	2.09111e+07	3.71824e+06	706763
P11216	P06737;P11216;P11217	PYGB_HUMAN	PYGB	Glycogen phosphorylase, brain form	4.15273e+07	1.22416e+07	4.84675e+07	5.34338e+07
P11217	P11217	PYGM_HUMAN	PYGM	Glycogen phosphorylase, muscle form	2.22904e+06		1.82524e+06	1.71286e+06
P11233	P11233	RALA_HUMAN	RALA	Ras-related protein Ral-A	2.27219e+06	2.2065e+06	3.09583e+06	2.07658e+06
P11234	P11233;P11234	RALB_HUMAN	RALB	Ras-related protein Ral-B	5.54058e+06	6.22033e+06	7.87836e+06	4.92485e+06
P11277	P11277	SPTB1_HUMAN	SPTB	Spectrin beta chain, erythrocytic	6.23309e+06	1.54943e+07	917032	2.60811e+06
P11279	P11279	LAMP1_HUMAN	LAMP1	Lysosome-associated membrane glycoprotein 1	1.29341e+07	2.02902e+07	1.97751e+07	8.22453e+06
P11310	P11310	ACADM_HUMAN	ACADM	Medium-chain specific acyl-CoA dehydrogenase, mitochondrial	8.60022e+06	3.0623e+06	4.19292e+06	9.45151e+06
P11387	P11387	TOP1_HUMAN	TOP1	DNA topoisomerase 1	1.69109e+06	849105	895121	1.63017e+06
P11413	P11413	G6PD_HUMAN	G6PD	Glucose-6-phosphate 1-dehydrogenase	6.12329e+06	1.68426e+07	7.25028e+06	4.48655e+06
P11441	P11441	UBL4A_HUMAN	UBL4A	Ubiquitin-like protein 4A	847743	184501	647818	900171
P11498	P11498	PYC_HUMAN	PC	Pyruvate carboxylase, mitochondrial	1.14962e+06	486435	465501	1.24819e+06
P11532	P11532	DMD_HUMAN	DMD	Dystrophin	635103	604239		321995
P11586	P11586	C1TC_HUMAN	MTHFD1	C-1-tetrahydrofolate synthase, cytoplasmic	7.1602e+06	2.21124e+06	6.97824e+06	8.03021e+06
P11678	P11678	PERE_HUMAN	EPX	Eosinophil peroxidase	1.43318e+07	1.28865e+07	7.29871e+06	6.36039e+06
P11717	P11717	MPRI_HUMAN	IGF2R	Cation-independent mannose-6-phosphate receptor	7.05644e+06	7.52985e+06	5.33677e+06	5.43511e+06
P11766	P11766	ADHX_HUMAN	ADH5	Alcohol dehydrogenase class-3	1.08787e+07	9.28969e+06	1.00205e+07	1.1563e+07
P11908	P11908	PRPS2_HUMAN	PRPS2	Ribose-phosphate pyrophosphokinase 2	1.44125e+06	727796	1.90014e+06	1.85372e+06
P11940	P11940;Q4VXU2	PABP1_HUMAN	PABPC1	Polyadenylate-binding protein 1	1.09822e+07	1.35364e+07	7.45832e+06	1.20443e+07
P12004	P12004	PCNA_HUMAN	PCNA	Proliferating cell nuclear antigen	5.32048e+06	1.68372e+06	1.04143e+07	6.08429e+06
P12081	P12081;P49590	HARS1_HUMAN	HARS1	Histidine--tRNA ligase, cytoplasmic	3.94432e+06	4.73748e+06	3.8953e+06	4.40131e+06
P12104	P12104	FABPI_HUMAN	FABP2	Fatty acid-binding protein, intestinal	2.56467e+06	633967	4.79022e+06	2.71337e+06
P12109	P12109	CO6A1_HUMAN	COL6A1	Collagen alpha-1(VI) chain	5.0701e+06	5.97843e+06	1.43577e+06	4.72821e+06
P12110	P12110	CO6A2_HUMAN	COL6A2	Collagen alpha-2(VI) chain	4.94155e+06	5.73453e+06	1.54226e+06	4.32468e+06
P12111	P12111	CO6A3_HUMAN	COL6A3	Collagen alpha-3(VI) chain	9.0931e+06	1.18913e+07	4.29081e+06	6.65221e+06
P12235	P12235	ADT1_HUMAN	SLC25A4	ADP/ATP translocase 1	4.596e+06	3.0986e+06	3.70667e+06	4.75851e+06
P12236	P12235;P12236	ADT3_HUMAN	SLC25A6	ADP/ATP translocase 3	2.08024e+07	1.17827e+07	1.23962e+07	1.77714e+07
P12259	P12259	FA5_HUMAN	F5	Coagulation factor V	1.92319e+06	1.85811e+06	517937	721186
P12268	P12268	IMDH2_HUMAN	IMPDH2	Inosine-5'-monophosphate dehydrogenase 2	4.45703e+06	4.55427e+06	3.7847e+06	5.64604e+06
P12270	P12270	TPR_HUMAN	TPR	Nucleoprotein TPR	1.32074e+06	762146	286078	1.16829e+06
P12273	P12273	PIP_HUMAN	PIP	Prolactin-inducible protein	1.68366e+06	801555	591804	1.21923e+06
P12277	P12277	KCRB_HUMAN	CKB	Creatine kinase B-type	5.76635e+07	1.35207e+07	1.28469e+08	1.16253e+08
P12314	P12314;Q92637	FCGR1_HUMAN	FCGR1A	High affinity immunoglobulin gamma Fc receptor I	1.19061e+06	939990	1.0892e+06	269138
P12318;P31995	P12318;P31995	FCG2A_HUMAN;FCG2C_HUMAN	FCGR2A;FCGR2C	Low affinity immunoglobulin gamma Fc region receptor II-a	1.01764e+06	877605	1.09732e+06	527679
P12429	P12429	ANXA3_HUMAN	ANXA3	Annexin A3	6.83377e+06	4.33468e+07	1.40049e+07	5.3759e+06
P12532	P12532	KCRU_HUMAN	CKMT1A	Creatine kinase U-type, mitochondrial	2.06488e+07	6.7738e+06	2.73792e+07	2.32499e+07
P12544	P12544	GRAA_HUMAN	GZMA	Granzyme A	289464		846115	261231
P12694	P12694	ODBA_HUMAN	BCKDHA	2-oxoisovalerate dehydrogenase subunit alpha, mitochondrial	2.07656e+06	753523	1.07676e+06	2.29942e+06
P12724	P12724	ECP_HUMAN	RNASE3	Eosinophil cationic protein	2.10857e+07	4.77275e+07	1.48117e+07	9.1206e+06
P12814	P12814	ACTN1_HUMAN	ACTN1	Alpha-actinin-1	2.06335e+07	2.58875e+07	3.71197e+06	1.04095e+07
P12821	P12821	ACE_HUMAN	ACE	Angiotensin-converting enzyme	903139	983139	740831	470223
P12830	P12830	CADH1_HUMAN	CDH1	Cadherin-1	6.30848e+06	2.02218e+06	6.81581e+06	9.42137e+06
P12838	P12838	DEF4_HUMAN	DEFA4	Defensin alpha 4	1.58021e+06	4.2172e+07	6.60995e+06	
P12931	P06241;P07947;P12931	SRC_HUMAN	SRC	Proto-oncogene tyrosine-protein kinase Src	2.30032e+06	1.69037e+06	1.94965e+06	2.09e+06
P12955	P12955	PEPD_HUMAN	PEPD	Xaa-Pro dipeptidase	3.05316e+06	4.39351e+06	6.24101e+06	3.81425e+06
P12956	P12956	XRCC6_HUMAN	XRCC6	X-ray repair cross-complementing protein 6	7.08923e+06	8.58477e+06	5.25598e+06	7.3547e+06
P13010	P13010	XRCC5_HUMAN	XRCC5	X-ray repair cross-complementing protein 5	5.92814e+06	6.86318e+06	4.25274e+06	6.11789e+06
P13051	P13051	UNG_HUMAN	UNG	Uracil-DNA glycosylase	589374	253703	561196	784564
P13073	P13073	COX41_HUMAN	COX4I1	Cytochrome c oxidase subunit 4 isoform 1, mitochondrial	3.9357e+07	2.00313e+07	3.68951e+07	3.92429e+07
P13224	P13224	GP1BB_HUMAN	GP1BB	Platelet glycoprotein Ib beta chain	4.24726e+06	1.08333e+06		1.29474e+06
P13284	P13284	GILT_HUMAN	IFI30	Gamma-interferon-inducible lysosomal thiol reductase	1.00986e+07	2.47626e+06	1.65221e+07	5.63805e+06
P13473	P13473	LAMP2_HUMAN	LAMP2	Lysosome-associated membrane glycoprotein 2	9.888e+06	1.87092e+07	2.02491e+07	8.35077e+06
P13489	P13489	RINI_HUMAN	RNH1	Ribonuclease inhibitor	8.07189e+06	1.06585e+07	1.26866e+07	1.11782e+07
P13498	P13498	CY24A_HUMAN	CYBA	Cytochrome b-245 light chain	7.80643e+06	1.58343e+07	6.96902e+06	3.10204e+06
P13521	P13521	SCG2_HUMAN	SCG2	Secretogranin-2	267265		754061	1.08352e+06
P13591	P13591	NCAM1_HUMAN	NCAM1	Neural cell adhesion molecule 1	3.33863e+06	1.9136e+06	4.52459e+06	5.82942e+06
P13598	P13598	ICAM2_HUMAN	ICAM2	Intercellular adhesion molecule 2	754233	730708	951686	622192
P13611	P13611	CSPG2_HUMAN	VCAN	Versican core protein	8.66825e+06	8.10418e+06	2.59414e+06	3.64027e+06
P13612	P13612	ITA4_HUMAN	ITGA4	Integrin alpha-4	677973	687576	815085	546442
P13639	P13639	EF2_HUMAN	EEF2	Elongation factor 2	4.37053e+07	4.54069e+07	4.75215e+07	5.0917e+07
P13645	P13645	K1C10_HUMAN	KRT10	Keratin, type I cytoskeletal 10	1.06513e+08	1.09961e+09	1.01708e+08	1.90896e+08
P13647	P13647	K2C5_HUMAN	KRT5	Keratin, type II cytoskeletal 5	2.81663e+07	1.36241e+08	1.9658e+07	3.37303e+07
P13667	P13667	PDIA4_HUMAN	PDIA4	Protein disulfide-isomerase A4	3.00914e+07	4.11548e+07	4.41806e+07	3.47349e+07
P13671	P13671	CO6_HUMAN	C6	Complement component C6	1.34836e+06	1.93782e+06	1.08742e+06	2.04516e+06
P13674	P13674	P4HA1_HUMAN	P4HA1	Prolyl 4-hydroxylase subunit alpha-1	2.70142e+06	3.4982e+06	1.5423e+06	1.72281e+06
P13686	P13686	PPA5_HUMAN	ACP5	Tartrate-resistant acid phosphatase type 5	1.22646e+06	1.71439e+06	1.35453e+06	914563
P13688	P13688	CEAM1_HUMAN	CEACAM1	Carcinoembryonic antigen-related cell adhesion molecule 1	1.45234e+06	4.37882e+06	3.16595e+06	622592
P13693	P13693;Q9HAU6	TCTP_HUMAN	TPT1	Translationally-controlled tumor protein	5.13807e+06	7.00839e+06	9.58818e+06	4.93481e+06
P13716	P13716	HEM2_HUMAN	ALAD	Delta-aminolevulinic acid dehydratase	2.65137e+06	6.06117e+06	2.43242e+06	2.48834e+06
P13726	P13726	TF_HUMAN	F3	Tissue factor	1.0602e+06	964101	3.15088e+06	1.83087e+06
P13727	P13727	PRG2_HUMAN	PRG2	Bone marrow proteoglycan	6.76483e+06	1.11118e+07	4.71704e+06	2.24172e+06
P13796	P13796	PLSL_HUMAN	LCP1	Plastin-2	4.52778e+07	1.10924e+08	5.21902e+07	2.70893e+07
P13797	P13797	PLST_HUMAN	PLS3	Plastin-3	4.17251e+06	5.29297e+06	2.28794e+06	2.73516e+06
P13798	P13798	ACPH_HUMAN	APEH	Acylamino-acid-releasing enzyme	4.31028e+06	6.43595e+06	5.53018e+06	5.74259e+06
P13804	P13804	ETFA_HUMAN	ETFA	Electron transfer flavoprotein subunit alpha, mitochondrial	9.34707e+06	3.08563e+06	1.00862e+07	1.11426e+07
P13807	P13807	GYS1_HUMAN	GYS1	Glycogen [starch] synthase, muscle	563726	701858	725370	577327
P13861	P13861	KAP2_HUMAN	PRKAR2A	cAMP-dependent protein kinase type II-alpha regulatory subunit	4.69545e+06	3.22332e+06	3.53725e+06	5.17577e+06
P13984	P13984	T2FB_HUMAN	GTF2F2	General transcription factor IIF subunit 2	863293	602625	617554	857561
P13987	P13987	CD59_HUMAN	CD59	CD59 glycoprotein	3.22859e+06	4.15828e+06	1.06019e+07	3.65025e+06
P13995	P13995	MTDC_HUMAN	MTHFD2	Bifunctional methylenetetrahydrofolate dehydrogenase/cyclohydrolase, mitochondrial	2.80565e+06	3.23676e+06	3.82212e+06	2.6645e+06
P14091	P14091	CATE_HUMAN	CTSE	Cathepsin E	3.43723e+06	6.65049e+06	9.786e+06	6.55839e+06
P14151	P14151	LYAM1_HUMAN	SELL	L-selectin	264908	513153	390451	244837
P14174	P14174	MIF_HUMAN	MIF	Macrophage migration inhibitory factor	2.24813e+07	8.90222e+06	5.45519e+07	3.6668e+07
P14207	P14207	FOLR2_HUMAN	FOLR2	Folate receptor beta	1.49139e+06	1.27179e+06	2.58426e+06	1.95824e+06
P14209	P14209	CD99_HUMAN	CD99	CD99 antigen	1.79965e+06	338988	2.9231e+06	2.61702e+06
P14210	P14210	HGF_HUMAN	HGF	Hepatocyte growth factor		71932.7	11547.8	
P14314	P14314	GLU2B_HUMAN	PRKCSH	Glucosidase 2 subunit beta	1.90072e+07	1.40806e+07	3.09691e+07	1.82411e+07
P14317	P14317	HCLS1_HUMAN	HCLS1	Hematopoietic lineage cell-specific protein	4.37277e+06	1.65834e+06	5.25106e+06	5.34919e+06
P14324	P14324	FPPS_HUMAN	FDPS	Farnesyl pyrophosphate synthase	6.01076e+06	4.9882e+06	1.46809e+07	8.49584e+06
P14384	P14384	CBPM_HUMAN	CPM	Carboxypeptidase M	3.8851e+06	3.202e+06	2.92747e+06	2.5393e+06
P14406	P14406	CX7A2_HUMAN	COX7A2	Cytochrome c oxidase subunit 7A2, mitochondrial	2.83676e+07	7.52405e+06	3.07418e+07	2.87391e+07
P14410	P14410	SUIS_HUMAN	SI	Sucrase-isomaltase, intestinal	548654		438749	500380
P14543	P14543	NID1_HUMAN	NID1	Nidogen-1	4.21006e+06	4.60405e+06	2.68352e+06	3.1005e+06
P14550	P14550	AK1A1_HUMAN	AKR1A1	Aldo-keto reductase family 1 member A1	1.2722e+07	1.52763e+07	2.83974e+07	1.63071e+07
P14555	P14555	PA2GA_HUMAN	PLA2G2A	Phospholipase A2, membrane associated	1.25618e+06	631308	1.92914e+06	1.32272e+06
P14598	P14598;A6NI72;A8MVU1	NCF1_HUMAN	NCF1	Neutrophil cytosol factor 1	3.79001e+06	1.23471e+07	3.51803e+06	1.79071e+06
P14618	P14618	KPYM_HUMAN	PKM	Pyruvate kinase PKM	9.30684e+07	1.1975e+08	1.23006e+08	8.54865e+07
P14621	P14621	ACYP2_HUMAN	ACYP2	Acylphosphatase-2	702901	961239	1.20264e+06	804719
P14625	P14625	ENPL_HUMAN	HSP90B1	Endoplasmin	1.27204e+08	1.30293e+08	2.13083e+08	1.32061e+08
P14678;P63162	P14678;P63162	RSMB_HUMAN;RSMN_HUMAN	SNRPB;SNRPN	Small nuclear ribonucleoprotein-associated proteins B and B'	5.63082e+06	6.22003e+06	3.05962e+06	5.13507e+06
P14735	P14735	IDE_HUMAN	IDE	Insulin-degrading enzyme	5.70629e+06	7.88113e+06	9.40516e+06	7.26736e+06
P14770	P14770	GPIX_HUMAN	GP9	Platelet glycoprotein IX	1.04953e+06	154448	42901.3	233881
P14780	P14780	MMP9_HUMAN	MMP9	Matrix metalloproteinase-9	1.94607e+06	2.95163e+07	3.43631e+06	377603
P14854	P14854	CX6B1_HUMAN	COX6B1	Cytochrome c oxidase subunit 6B1	1.37805e+07	1.84372e+06	2.12694e+07	1.77037e+07
P14859	P14859;Q9UKI9	PO2F1_HUMAN	POU2F1	POU domain, class 2, transcription factor 1	809426	437491	787033	860265
P14866	P14866	HNRPL_HUMAN	HNRNPL	Heterogeneous nuclear ribonucleoprotein L	6.77294e+06	6.3762e+06	2.19403e+06	5.27792e+06
P14868	P14868	SYDC_HUMAN	DARS1	Aspartate--tRNA ligase, cytoplasmic	1.13725e+07	3.71705e+06	5.83267e+06	1.1467e+07
P14902	P14902	I23O1_HUMAN	IDO1	Indoleamine 2,3-dioxygenase 1	536308	946434	1.15845e+06	
P14923	P14923	PLAK_HUMAN	JUP	Junction plakoglobin	4.5616e+06	1.00367e+07	3.22633e+06	5.70527e+06
P14927	P14927	QCR7_HUMAN	UQCRB	Cytochrome b-c1 complex subunit 7	1.22384e+07	5.20435e+06	1.56156e+07	1.38106e+07
P15086	P15085;P15086	CBPB1_HUMAN	CPB1	Carboxypeptidase B			727524	
P15088	P15088	CBPA3_HUMAN	CPA3	Mast cell carboxypeptidase A	4.00023e+06	1.41049e+06	361416	365363
P15090	P02689;P15090	FABP4_HUMAN	FABP4	Fatty acid-binding protein, adipocyte	1.0107e+06	624409	991872	1.55535e+06
P15104	P15104	GLNA_HUMAN	GLUL	Glutamine synthetase	3.67338e+06	5.80058e+06	2.86295e+06	3.12102e+06
P15121	P15121	ALDR_HUMAN	AKR1B1	Aldo-keto reductase family 1 member B1	5.72605e+06	1.44775e+07	1.34332e+07	8.03627e+06
P15144	P15144	AMPN_HUMAN	ANPEP	Aminopeptidase N	5.06031e+06	1.14247e+07	5.30399e+06	2.67436e+06
P15151	P15151	PVR_HUMAN	PVR	Poliovirus receptor	702600	599410	1.06835e+06	745145
P15153	P15153	RAC2_HUMAN	RAC2	Ras-related C3 botulinum toxin substrate 2	1.42978e+07	7.86221e+06	2.32915e+07	8.09597e+06
P15169	P15169	CBPN_HUMAN	CPN1	Carboxypeptidase N catalytic chain	369025	604205	373457	497894
P15170	P15170	ERF3A_HUMAN	GSPT1	Eukaryotic peptide chain release factor GTP-binding subunit ERF3A	4.94479e+06	3.59001e+06	4.78195e+06	6.01087e+06
P15260	P15260	INGR1_HUMAN	IFNGR1	Interferon gamma receptor 1	265627	191131	169291	190627
P15289	P15289	ARSA_HUMAN	ARSA	Arylsulfatase A	1.38647e+06	2.10392e+06	3.79787e+06	2.02138e+06
P15291	P15291	B4GT1_HUMAN	B4GALT1	Beta-1,4-galactosyltransferase 1	1.51229e+06	1.48877e+06	2.21419e+06	1.20803e+06
P15309	P15309	PPAP_HUMAN	ACP3	Prostatic acid phosphatase	468616	433818	1.23577e+06	552909
P15311	P15311	EZRI_HUMAN	EZR	Ezrin	1.20877e+07	1.23977e+07	1.35848e+07	1.58716e+07
P15374	P15374	UCHL3_HUMAN	UCHL3	Ubiquitin carboxyl-terminal hydrolase isozyme L3	1.57767e+06	822759	3.78812e+06	2.14507e+06
P15428	P15428	PGDH_HUMAN	HPGD	15-hydroxyprostaglandin dehydrogenase [NAD(+)]	2.35073e+06	1.58746e+06	4.47559e+06	1.47579e+06
P15498	P15498	VAV_HUMAN	VAV1	Proto-oncogene vav	552369	737210	276411	345143
P15529	P15529	MCP_HUMAN	CD46	Membrane cofactor protein	1.85746e+06	1.69333e+06	4.31493e+06	2.5541e+06
P15531	P15531	NDKA_HUMAN	NME1	Nucleoside diphosphate kinase A	8.66635e+06	1.57672e+07	1.75485e+07	1.20648e+07
P15559	P15559	NQO1_HUMAN	NQO1	NAD(P)H dehydrogenase [quinone] 1	1.14995e+06	1.8164e+06	2.85084e+06	2.27238e+06
P15586	P15586	GNS_HUMAN	GNS	N-acetylglucosamine-6-sulfatase	3.7603e+06	7.05644e+06	6.23919e+06	2.90852e+06
P15735	P15735	PHKG2_HUMAN	PHKG2	Phosphorylase b kinase gamma catalytic chain, liver/testis isoform	238519	147311	210399	296584
P15848	P15848	ARSB_HUMAN	ARSB	Arylsulfatase B	808933	1.13069e+06	996811	595826
P15880	P15880	RS2_HUMAN	RPS2	Small ribosomal subunit protein uS5	1.58946e+07	1.01956e+07	6.48924e+06	1.95465e+07
P15907	P15907	SIAT1_HUMAN	ST6GAL1	Beta-galactoside alpha-2,6-sialyltransferase 1	1.14437e+06	1.92333e+06	2.32295e+06	1.41388e+06
P15924	P15924	DESP_HUMAN	DSP	Desmoplakin	9.35454e+06	2.87819e+07	6.43659e+06	1.07162e+07
P15927	P15927	RFA2_HUMAN	RPA2	Replication protein A 32 kDa subunit	1.38601e+06	1.26753e+06	944573	1.30264e+06
P15941	P15941	MUC1_HUMAN	MUC1	Mucin-1	356004	87307.9	1.70476e+06	582932
P15954	P15954	COX7C_HUMAN	COX7C	Cytochrome c oxidase subunit 7C, mitochondrial	1.45126e+06	467835	835667	2.3944e+06
P16035	P16035	TIMP2_HUMAN	TIMP2	Metalloproteinase inhibitor 2	656205	1.21175e+06	533558	284219
P16050	P16050	LOX15_HUMAN	ALOX15	Polyunsaturated fatty acid lipoxygenase ALOX15	1.90963e+06	3.23022e+06	1.99083e+06	778502
P16070	P16070	CD44_HUMAN	CD44	CD44 antigen	1.37345e+07	1.70846e+07	2.11214e+07	9.01047e+06
P16083	P16083	NQO2_HUMAN	NQO2	Ribosyldihydronicotinamide dehydrogenase [quinone]	2.22024e+06	4.40981e+06	3.69269e+06	2.3199e+06
P16109	P16109	LYAM3_HUMAN	SELP	P-selectin	565215	505526	297462	
P16144	P16144	ITB4_HUMAN	ITGB4	Integrin beta-4	2.61912e+06	2.03147e+06	3.57653e+06	4.48793e+06
P16150	P16150	LEUK_HUMAN	SPN	Leukosialin	579293	139773	1.20294e+06	318038
P16152	P16152	CBR1_HUMAN	CBR1	Carbonyl reductase [NADPH] 1	1.53492e+07	1.53055e+07	3.2977e+07	1.77689e+07
P16157	P16157	ANK1_HUMAN	ANK1	Ankyrin-1	7.52896e+06	9.61863e+06	1.55607e+06	3.80216e+06
P16219	P16219	ACADS_HUMAN	ACADS	Short-chain specific acyl-CoA dehydrogenase, mitochondrial	7.52748e+06	1.92987e+06	3.68731e+06	9.06838e+06
P16220	P16220;P18846	CREB1_HUMAN	CREB1	Cyclic AMP-responsive element-binding protein 1	1.71181e+06	2.54693e+06	1.75501e+06	1.53973e+06
P16278	P16278	BGAL_HUMAN	GLB1	Beta-galactosidase	5.02264e+06	7.03131e+06	1.12419e+07	6.82926e+06
P16284	P16284	PECA1_HUMAN	PECAM1	Platelet endothelial cell adhesion molecule	2.99083e+06	4.72913e+06	3.57642e+06	2.03272e+06
P16298	P16298	PP2BB_HUMAN	PPP3CB	Serine/threonine-protein phosphatase 2B catalytic subunit beta isoform	2.12905e+06	2.41137e+06	1.85989e+06	1.71584e+06
P16333	P16333	NCK1_HUMAN	NCK1	Cytoplasmic protein NCK1	905087	1.08925e+06	674890	745503
P16401	P16401	H15_HUMAN	H1-5	Histone H1.5	1.93277e+08	1.21717e+08	3.27328e+07	9.87954e+07
P16402	P16402	H13_HUMAN	H1-3	Histone H1.3	192096			168398
P16403	P10412;P16401;P16402;P16403;Q02539	H12_HUMAN	H1-2	Histone H1.2	3.47678e+07	9.95256e+06	7.06743e+06	2.16731e+07
P16422	P16422	EPCAM_HUMAN	EPCAM	Epithelial cell adhesion molecule	1.51779e+07	6.06886e+06	4.45212e+07	2.16185e+07
P16435	P16435	NCPR_HUMAN	POR	NADPH--cytochrome P450 reductase	4.74702e+06	5.00338e+06	4.02965e+06	3.48409e+06
P16452	P16452	EPB42_HUMAN	EPB42	Protein 4.2	3.47758e+06	5.6169e+06	530267	1.2474e+06
P16455	P16455	MGMT_HUMAN	MGMT	Methylated-DNA--protein-cysteine methyltransferase	1.62732e+06	568461	2.25063e+06	1.87258e+06
P16615	P16615	AT2A2_HUMAN	ATP2A2	Sarcoplasmic/endoplasmic reticulum calcium ATPase 2	9.70726e+06	6.33358e+06	5.51457e+06	8.3015e+06
P16662	P06133;P16662;O75310;P36537	UD2B7_HUMAN	UGT2B7	UDP-glucuronosyltransferase 2B7	861274	413954	2.64565e+06	2.43524e+06
P16671	P16671	CD36_HUMAN	CD36	Platelet glycoprotein 4	2.14839e+06	2.35587e+06	1.99913e+06	2.12562e+06
P16870	P16870	CBPE_HUMAN	CPE	Carboxypeptidase E	928697	370206	987267	756330
P16885	P16885	PLCG2_HUMAN	PLCG2	1-phosphatidylinositol 4,5-bisphosphate phosphodiesterase gamma-2	4.54976e+06	8.05241e+06	3.80587e+06	5.18007e+06
P16930	P16930	FAAA_HUMAN	FAH	Fumarylacetoacetase	2.42299e+06	3.71273e+06	3.63456e+06	3.14625e+06
P16949	P16949	STMN1_HUMAN	STMN1	Stathmin	3.99002e+06	2.45347e+06	8.10982e+06	5.80122e+06
P16989	P16989	YBOX3_HUMAN	YBX3	Y-box-binding protein 3	2.00521e+06	494641	2.5475e+06	3.04116e+06
P17050	P17050	NAGAB_HUMAN	NAGA	Alpha-N-acetylgalactosaminidase	2.81162e+06	3.30974e+06	6.70885e+06	4.12822e+06
P17066;P48741	P17066;P48741	HSP76_HUMAN;HSP77_HUMAN	HSPA6;HSPA7	Heat shock 70 kDa protein 6	1.29581e+08	1.95604e+08	1.32309e+08	1.33757e+08
P17096	P17096	HMGA1_HUMAN	HMGA1	High mobility group protein HMG-I/HMG-Y	2.24035e+06	591203	2.64698e+06	2.49378e+06
P17152	P17152	TMM11_HUMAN	TMEM11	Transmembrane protein 11, mitochondrial	2.82523e+06	435375	1.79599e+06	2.39642e+06
P17174	P17174	AATC_HUMAN	GOT1	Aspartate aminotransferase, cytoplasmic	3.21093e+07	2.79995e+07	6.98595e+07	4.75109e+07
P17213	P17213	BPI_HUMAN	BPI	Bactericidal permeability-increasing protein	3.41015e+06	2.47202e+07	2.64054e+06	431717
P17252	P17252	KPCA_HUMAN	PRKCA	Protein kinase C alpha type	1.8924e+06	1.3391e+06	812068	1.58433e+06
P17301	P17301	ITA2_HUMAN	ITGA2	Integrin alpha-2	2.1808e+06	2.82304e+06	3.86234e+06	3.28651e+06
P17405	P17405	ASM_HUMAN	SMPD1	Sphingomyelin phosphodiesterase	339103	547045	892792	423653
P17480	P17480	UBF1_HUMAN	UBTF	Nucleolar transcription factor 1	575932	424392	288085	476949
P17568	P17568	NDUB7_HUMAN	NDUFB7	NADH dehydrogenase [ubiquinone] 1 beta subcomplex subunit 7	1.7318e+06	1.19295e+06	1.07143e+06	1.96788e+06
P17612	P17612;P22694	KAPCA_HUMAN	PRKACA	cAMP-dependent protein kinase catalytic subunit alpha	5.92117e+06	5.50904e+06	4.21649e+06	5.08579e+06
P17655	P17655	CAN2_HUMAN	CAPN2	Calpain-2 catalytic subunit	9.69677e+06	7.50541e+06	9.67998e+06	1.19389e+07
P17661	P17661	DESM_HUMAN	DES	Desmin	3.07543e+06		575979	2.70893e+06
P17677	P17677	NEUM_HUMAN	GAP43	Neuromodulin	386510		969430	865663
P17693	P01893;P17693;HLA:HLA00037;HLA:HLA00089;HLA:HLA00153;HLA:HLA00237;HLA:HLA00420;HLA:HLA00430;HLA:HLA00936	HLAG_HUMAN	HLA-G	HLA class I histocompatibility antigen, alpha chain G	6.16895e+06	5.13815e+06	1.58348e+07	4.73294e+06
P17706	P17706	PTN2_HUMAN	PTPN2	Tyrosine-protein phosphatase non-receptor type 2	699625	613484	535541	548909
P17812	P17812	PYRG1_HUMAN	CTPS1	CTP synthase 1	1.1675e+06	697600	1.14416e+06	1.06311e+06
P17813	P17813	EGLN_HUMAN	ENG	Endoglin	1.79592e+06	3.17536e+06	1.23772e+06	796013
P17844	P17844	DDX5_HUMAN	DDX5	Probable ATP-dependent RNA helicase DDX5	2.54146e+06	2.17782e+06	863208	1.53591e+06
P17858	P08237;P17858	PFKAL_HUMAN	PFKL	ATP-dependent 6-phosphofructokinase, liver type	2.46604e+07	1.05992e+07	1.48644e+07	2.6606e+07
P17900	P17900	SAP3_HUMAN	GM2A	Ganglioside GM2 activator	4.05942e+06	5.1441e+06	6.59695e+06	3.60277e+06
P17927	P17927	CR1_HUMAN	CR1	Complement receptor type 1	323031	1.53409e+06		
P17931	P17931	LEG3_HUMAN	LGALS3	Galectin-3	6.689e+07	2.90209e+07	2.05647e+08	9.86508e+07
P17936	P17936	IBP3_HUMAN	IGFBP3	Insulin-like growth factor-binding protein 3	246602	342780	377833	317771
P17980	P17980	PRS6A_HUMAN	PSMC3	26S proteasome regulatory subunit 6A	5.39732e+06	3.71288e+06	2.79181e+06	5.80027e+06
P17987	P17987	TCPA_HUMAN	TCP1	T-complex protein 1 subunit alpha	5.65981e+07	1.76188e+07	4.18502e+07	6.61921e+07
P18031	P18031	PTN1_HUMAN	PTPN1	Tyrosine-protein phosphatase non-receptor type 1	2.80824e+06	2.88029e+06	1.83783e+06	1.67842e+06
P18065	P18065	IBP2_HUMAN	IGFBP2	Insulin-like growth factor-binding protein 2	844871		1.67747e+06	2.9154e+06
P18077	P18077	RL35A_HUMAN	RPL35A	Large ribosomal subunit protein eL33	8.60856e+06	8.52505e+06	2.84772e+06	9.27563e+06
P18084	P18084	ITB5_HUMAN	ITGB5	Integrin beta-5	4.45318e+06	5.13883e+06	4.04058e+06	2.91605e+06
P18085	P18085	ARF4_HUMAN	ARF4	ADP-ribosylation factor 4	2.46399e+07	1.78981e+07	4.945e+07	2.90508e+07
P18124	P18124	RL7_HUMAN	RPL7	Large ribosomal subunit protein uL30	9.5842e+06	6.37206e+06	3.05627e+06	1.06917e+07
P18206	P18206	VINC_HUMAN	VCL	Vinculin	2.50041e+07	2.4063e+07	9.79779e+06	1.57855e+07
P18283	P18283	GPX2_HUMAN	GPX2	Glutathione peroxidase 2	5.45085e+06	1.70783e+06	6.70103e+06	7.10394e+06
P18428	P18428	LBP_HUMAN	LBP	Lipopolysaccharide-binding protein	2.50987e+06	3.14392e+06	2.04362e+06	2.5016e+06
P18433	P18433	PTPRA_HUMAN	PTPRA	Receptor-type tyrosine-protein phosphatase alpha	1.30065e+06	830183	728685	1.04549e+06
P18440	P18440	ARY1_HUMAN	NAT1	Arylamine N-acetyltransferase 1	813876	366822	660502	964479
P18510	P18510	IL1RA_HUMAN	IL1RN	Interleukin-1 receptor antagonist protein	1.10733e+06	2.20099e+06	1.96899e+06	1.10172e+06
P18615	P18615	NELFE_HUMAN	NELFE	Negative elongation factor E	248911			203948
P18621	P18621	RL17_HUMAN	RPL17	Large ribosomal subunit protein uL22	2.74081e+06	1.36558e+06	1.49793e+06	6.13563e+06
P18669	P18669	PGAM1_HUMAN	PGAM1	Phosphoglycerate mutase 1	4.14754e+07	6.44678e+07	8.63114e+07	4.10942e+07
P18754	P18754	RCC1_HUMAN	RCC1	Regulator of chromosome condensation	4.20601e+06	3.12429e+06	4.10674e+06	3.73334e+06
P18827	P18827	SDC1_HUMAN	SDC1	Syndecan-1	1.71605e+06	1.35539e+06	6.32945e+06	3.2676e+06
P18846	P18846	ATF1_HUMAN	ATF1	Cyclic AMP-dependent transcription factor ATF-1	38897		72286.8	129214
P18858	P18858	DNLI1_HUMAN	LIG1	DNA ligase 1	35784.2	79760.9	51135.9	78768
P18859	P18859	ATP5J_HUMAN	ATP5PF	ATP synthase-coupling factor 6, mitochondrial	1.50379e+06	125552	899016	2.93918e+06
P18887	P18887	XRCC1_HUMAN	XRCC1	DNA repair protein XRCC1	672942	841349	312356	548602
P19012	P13646;P19012	K1C15_HUMAN	KRT15	Keratin, type I cytoskeletal 15	4.95964e+06	1.37437e+07	5.42612e+06	3.46309e+06
P19013	P19013	K2C4_HUMAN	KRT4	Keratin, type II cytoskeletal 4	983841	920874	1.05905e+06	921231
P19021	P19021	AMD_HUMAN	PAM	Peptidyl-glycine alpha-amidating monooxygenase	353995		437858	386116
P19075	P19075	TSN8_HUMAN	TSPAN8	Tetraspanin-8	1.11963e+07	1.01671e+07	5.52046e+07	2.1258e+07
P19174	P19174	PLCG1_HUMAN	PLCG1	1-phosphatidylinositol 4,5-bisphosphate phosphodiesterase gamma-1	888636	825455	506128	820028
P19256	P19256	LFA3_HUMAN	CD58	Lymphocyte function-associated antigen 3	1.60482e+06	1.78725e+06	2.34591e+06	1.11008e+06
P19320	P19320	VCAM1_HUMAN	VCAM1	Vascular cell adhesion protein 1	2.42094e+06	3.69893e+06	2.31248e+06	2.16613e+06
P19338	P19338	NUCL_HUMAN	NCL	Nucleolin	1.22339e+08	1.16324e+08	6.53979e+07	1.26085e+08
P19367	P19367	HXK1_HUMAN	HK1	Hexokinase-1	1.30523e+07	1.04975e+07	6.63732e+06	8.44747e+06
P19387	P19387	RPB3_HUMAN	POLR2C	DNA-directed RNA polymerase II subunit RPB3	390366	324298	161070	425330
P19388	P19388	RPAB1_HUMAN	POLR2E	DNA-directed RNA polymerases I, II, and III subunit RPABC1	5.09707e+06	3.53653e+06	2.05288e+06	3.92742e+06
P19397	P19397	CD53_HUMAN	CD53	Leukocyte surface antigen CD53	4.21521e+06	7.03773e+06	5.97935e+06	3.0724e+06
P19404	P19404	NDUV2_HUMAN	NDUFV2	NADH dehydrogenase [ubiquinone] flavoprotein 2, mitochondrial	1.03421e+07	6.82988e+06	5.43711e+06	1.30495e+07
P19440	A6NGU5;P19440;Q14390;B5MD39	GGT1_HUMAN	GGT1	Glutathione hydrolase 1 proenzyme	1.06139e+06	2.02023e+06	2.24441e+06	1.10291e+06
P19474	P19474	RO52_HUMAN	TRIM21	E3 ubiquitin-protein ligase TRIM21	1.54092e+06	1.53531e+06	725124	1.17991e+06
P19525	P19525	E2AK2_HUMAN	EIF2AK2	Interferon-induced, double-stranded RNA-activated protein kinase	1.12522e+06	924549	681622	733804
P19623	P19623	SPEE_HUMAN	SRM	Spermidine synthase	3.28514e+06	3.55737e+06	5.63697e+06	3.53748e+06
P19634	P19634	SL9A1_HUMAN	SLC9A1	Sodium/hydrogen exchanger 1	581479	555732	447230	482389
P19652	P19652	A1AG2_HUMAN	ORM2	Alpha-1-acid glycoprotein 2	1.13482e+07	4.99797e+06	1.69985e+07	1.78327e+07
P19784	P19784	CSK22_HUMAN	CSNK2A2	Casein kinase II subunit alpha'	367027	178092	225373	335900
P19801	P19801	AOC1_HUMAN	AOC1	Amiloride-sensitive amine oxidase [copper-containing]	3.83284e+06	1.45588e+06	6.64034e+06	4.93319e+06
P19823	P19823	ITIH2_HUMAN	ITIH2	Inter-alpha-trypsin inhibitor heavy chain H2	7.9807e+06	6.45068e+06	7.36878e+06	1.15209e+07
P19827	P19827	ITIH1_HUMAN	ITIH1	Inter-alpha-trypsin inhibitor heavy chain H1	9.59927e+06	1.12977e+07	7.50033e+06	1.25674e+07
P19838	P19838	NFKB1_HUMAN	NFKB1	Nuclear factor NF-kappa-B p105 subunit	5.90645e+06	6.20214e+06	3.36083e+06	6.93246e+06
P19878	P19878	NCF2_HUMAN	NCF2	Neutrophil cytosol factor 2	1.18364e+07	1.97047e+07	7.42375e+06	5.85858e+06
P19957	P19957	ELAF_HUMAN	PI3	Elafin	282168	36746.8	881288	98472
P19971	P19971	TYPH_HUMAN	TYMP	Thymidine phosphorylase	1.83407e+07	9.90813e+06	2.55268e+07	1.05149e+07
P20020	P20020	AT2B1_HUMAN	ATP2B1	Plasma membrane calcium-transporting ATPase 1	1.77339e+06	1.44443e+06	1.75103e+06	1.82769e+06
P20036	P20036	DPA1_HUMAN	HLA-DPA1	HLA class II histocompatibility antigen, DP alpha 1 chain	3.87675e+06	2.8664e+06	8.29328e+06	3.4564e+06
P20042	P20042	IF2B_HUMAN	EIF2S2	Eukaryotic translation initiation factor 2 subunit 2	1.49415e+06	1.47825e+06	1.41127e+06	1.39845e+06
P20061	P20061	TCO1_HUMAN	TCN1	Transcobalamin-1		1.99145e+06	401496	
P20073	P20073	ANXA7_HUMAN	ANXA7	Annexin A7	1.09561e+07	1.04151e+07	1.61513e+07	1.02785e+07
P20132	P20132	SDHL_HUMAN	SDS	L-serine dehydratase/L-threonine deaminase	318066		198204	315597
P20138	P20138	CD33_HUMAN	CD33	Myeloid cell surface antigen CD33		185771		
P20160	P20160	CAP7_HUMAN	AZU1	Azurocidin	1.11358e+07	1.08385e+08	1.50393e+07	825112
P20226;Q6SJ96	P20226;Q6SJ96	TBPL2_HUMAN;TBP_HUMAN	TBP;TBPL2	TATA-box-binding protein		156161		205427
P20231;Q15661	P20231;Q15661	TRYB1_HUMAN;TRYB2_HUMAN	TPSAB1;TPSB2	Tryptase beta-2	5.43096e+07	2.31245e+07	1.98993e+07	1.12816e+07
P20290	P20290	BTF3_HUMAN	BTF3	Transcription factor BTF3	2.82825e+06	1.32759e+06	3.00668e+06	2.68906e+06
P20292	P20292	AL5AP_HUMAN	ALOX5AP	Arachidonate 5-lipoxygenase-activating protein	1.4399e+07	3.3392e+07	6.98765e+06	4.88525e+06
P20336	P20336	RAB3A_HUMAN	RAB3A	Ras-related protein Rab-3A	1.96259e+06	1.75841e+06	3.12376e+06	2.79855e+06
P20337	P20337	RAB3B_HUMAN	RAB3B	Ras-related protein Rab-3B	415137		721851	793974
P20338	P20338	RAB4A_HUMAN	RAB4A	Ras-related protein Rab-4A	1.58441e+06	1.41392e+06	2.849e+06	1.80504e+06
P20339	P20339	RAB5A_HUMAN	RAB5A	Ras-related protein Rab-5A	4.34797e+06	2.00412e+06	6.59697e+06	4.42179e+06
P20340	P20340;Q9H0N0;Q9NRW1	RAB6A_HUMAN	RAB6A	Ras-related protein Rab-6A	9.33941e+07	8.58878e+07	1.44728e+08	8.00571e+07
P20591	P20591	MX1_HUMAN	MX1	Interferon-induced GTP-binding protein Mx1	1.5864e+06	770023	878258	511652
P20592	P20592	MX2_HUMAN	MX2	Interferon-induced GTP-binding protein Mx2	276187	265957		
P20618	P20618	PSB1_HUMAN	PSMB1	Proteasome subunit beta type-1	8.52511e+06	1.09592e+07	8.16199e+06	8.74941e+06
P20645	P20645	MPRD_HUMAN	M6PR	Cation-dependent mannose-6-phosphate receptor	3.81229e+06	4.66372e+06	6.13444e+06	3.02664e+06
P20674	P20674	COX5A_HUMAN	COX5A	Cytochrome c oxidase subunit 5A, mitochondrial	1.08006e+07	1.07244e+06	8.22547e+06	1.39714e+07
P20700	P20700	LMNB1_HUMAN	LMNB1	Lamin-B1	1.1275e+07	3.8235e+06	1.40049e+06	8.32744e+06
P20701	P20701	ITAL_HUMAN	ITGAL	Integrin alpha-L	1.64944e+06	1.81995e+06	1.58375e+06	589087
P20702	P20702	ITAX_HUMAN	ITGAX	Integrin alpha-X	4.09592e+06	4.91992e+06	2.67251e+06	1.53795e+06
P20711	P20711	DDC_HUMAN	DDC	Aromatic-L-amino-acid decarboxylase	1.30012e+06	624957	1.58943e+06	2.4144e+06
P20749	P20749	BCL3_HUMAN	BCL3	B-cell lymphoma 3 protein	297499	230379	256085	309697
P20774	P20774	MIME_HUMAN	OGN	Mimecan	1.42459e+07	2.66265e+06	5.85793e+06	1.34361e+07
P20810	P20810	ICAL_HUMAN	CAST	Calpastatin	5.73903e+06	2.59543e+06	4.73116e+06	6.91428e+06
P20839	P20839	IMDH1_HUMAN	IMPDH1	Inosine-5'-monophosphate dehydrogenase 1	706772	960093	442885	610214
P20851	P20851	C4BPB_HUMAN	C4BPB	C4b-binding protein beta chain	466543	508114		431668
P20908	P20908	CO5A1_HUMAN	COL5A1	Collagen alpha-1(V) chain	410495	609901		
P20930	P20930	FILA_HUMAN	FLG	Filaggrin	2.34402e+06	2.92902e+06	2.43193e+06	1.67893e+06
P20933	P20933	ASPG_HUMAN	AGA	N(4)-(beta-N-acetylglucosaminyl)-L-asparaginase	1.40962e+06	2.79117e+06	4.02363e+06	1.71093e+06
P20936	P20936	RASA1_HUMAN	RASA1	Ras GTPase-activating protein 1	642767	399966	212363	653777
P20962	P20962	PTMS_HUMAN	PTMS	Parathymosin	6.11484e+06	2.70213e+06	1.18424e+07	8.1332e+06
P21127;Q9UQ88	P21127;Q13882;Q9UQ88	CD11A_HUMAN;CD11B_HUMAN	CDK11A;CDK11B	Cyclin-dependent kinase 11B	1.00185e+06	711061	296058	812933
P21217	P21217;P51993;Q11128	FUT3_HUMAN	FUT3	3-galactosyl-N-acetylglucosaminide 4-alpha-L-fucosyltransferase FUT3	2.08292e+06	936512	4.47485e+06	2.45354e+06
P21266	P21266	GSTM3_HUMAN	GSTM3	Glutathione S-transferase Mu 3	7.596e+06	8.98746e+06	9.88739e+06	9.75816e+06
P21281	P21281	VATB2_HUMAN	ATP6V1B2	V-type proton ATPase subunit B, brain isoform	5.6118e+06	4.96199e+06	5.59193e+06	4.90907e+06
P21283	P21283	VATC1_HUMAN	ATP6V1C1	V-type proton ATPase subunit C 1	1.93323e+06	2.9432e+06	1.33986e+06	1.71309e+06
P21291	P21291	CSRP1_HUMAN	CSRP1	Cysteine and glycine-rich protein 1	1.52804e+07	6.53026e+06	3.69199e+06	1.00244e+07
P21333	P21333	FLNA_HUMAN	FLNA	Filamin-A	8.23e+07	4.35338e+07	2.26651e+06	2.76552e+07
P21397	P21397	AOFA_HUMAN	MAOA	Amine oxidase [flavin-containing] A	1.46166e+07	2.11214e+06	9.57779e+06	1.63987e+07
P21399	P21399	ACOHC_HUMAN	ACO1	Cytoplasmic aconitate hydratase	5.76035e+06	5.74992e+06	6.44581e+06	5.73325e+06
P21462	P21462	FPR1_HUMAN	FPR1	fMet-Leu-Phe receptor	511753	311953	289287	
P21579	P21579	SYT1_HUMAN	SYT1	Synaptotagmin-1			334944	383817
P21589	P21589	5NTD_HUMAN	NT5E	5'-nucleotidase	3.48932e+06	1.84517e+06	2.28435e+06	1.89872e+06
P21730	P21730	C5AR1_HUMAN	C5AR1	C5a anaphylatoxin chemotactic receptor 1		509447	153621	
P21741	P21741	MK_HUMAN	MDK	Midkine	182561	171712	885638	265298
P21757	P21757	MSRE_HUMAN	MSR1	Macrophage scavenger receptor types I and II	430233	274226	224798	134445
P21796	P21796	VDAC1_HUMAN	VDAC1	Voltage-dependent anion-selective channel protein 1	2.1706e+07	1.43474e+07	2.42321e+07	1.99383e+07
P21810	P21810	PGS1_HUMAN	BGN	Biglycan	1.79447e+07	1.74114e+06	4.70511e+06	6.34969e+06
P21912	P21912	SDHB_HUMAN	SDHB	Succinate dehydrogenase [ubiquinone] iron-sulfur subunit, mitochondrial	1.13392e+07	7.42321e+06	9.8171e+06	1.13748e+07
P21926	P21926	CD9_HUMAN	CD9	CD9 antigen	8.5288e+06	6.19587e+06	1.58996e+07	1.09877e+07
P21953	P21953	ODBB_HUMAN	BCKDHB	2-oxoisovalerate dehydrogenase subunit beta, mitochondrial	1.89764e+06	1.26643e+06	1.44919e+06	2.51025e+06
P21964	P21964	COMT_HUMAN	COMT	Catechol O-methyltransferase	6.62464e+06	1.53138e+06	6.93938e+06	5.95054e+06
P21980	P21980	TGM2_HUMAN	TGM2	Protein-glutamine gamma-glutamyltransferase 2	9.73273e+06	3.85113e+06	3.55199e+06	3.70059e+06
P22001	P22001	KCNA3_HUMAN	KCNA3	Potassium voltage-gated channel subfamily A member 3	189031	187431	250187	270697
P22033	P22033	MUTA_HUMAN	MMUT	Methylmalonyl-CoA mutase, mitochondrial	2.33908e+06	1.70143e+06	1.90214e+06	2.86047e+06
P22059	P22059	OSBP1_HUMAN	OSBP	Oxysterol-binding protein 1	2.07106e+06	2.03839e+06	1.72021e+06	2.6717e+06
P22061	P22061	PIMT_HUMAN	PCMT1	Protein-L-isoaspartate(D-aspartate) O-methyltransferase	8.54289e+06	1.03733e+07	1.26401e+07	8.25541e+06
P22087	P22087	FBRL_HUMAN	FBL	rRNA 2'-O-methyltransferase fibrillarin	6.07537e+06	1.46834e+06	1.16778e+06	3.70763e+06
P22090	P22090;Q8TD47	RS4Y1_HUMAN	RPS4Y1	Small ribosomal subunit protein eS4, Y isoform 1	778278	165479	407934	582861
P22102	P22102	PUR2_HUMAN	GART	Trifunctional purine biosynthetic protein adenosine-3	4.16605e+06	3.75618e+06	5.04934e+06	5.0975e+06
P22105	P22105;Q16473	TENX_HUMAN	TNXB	Tenascin-X	717581	542680	297660	424994
P22234	P22234	PUR6_HUMAN	PAICS	Bifunctional phosphoribosylaminoimidazole carboxylase/phosphoribosylaminoimidazole succinocarboxamide synthetase	3.28261e+06	3.32169e+06	3.62394e+06	4.82725e+06
P22307	P22307	SCP2_HUMAN	SCP2	Sterol carrier protein 2	1.0585e+07	9.02521e+06	1.55133e+07	1.26925e+07
P22314	P22314	UBA1_HUMAN	UBA1	Ubiquitin-like modifier-activating enzyme 1	1.32532e+07	1.71356e+07	1.91051e+07	1.45571e+07
P22352	P22352	GPX3_HUMAN	GPX3	Glutathione peroxidase 3	3.15747e+06	4.06031e+06	5.74196e+06	4.99743e+06
P22392	P22392;O60361	NDKB_HUMAN	NME2	Nucleoside diphosphate kinase B	4.46171e+07	5.08466e+07	7.01185e+07	5.41734e+07
P22570	P22570	ADRO_HUMAN	FDXR	NADPH:adrenodoxin oxidoreductase, mitochondrial	3.02072e+06	8.29325e+06	5.39533e+06	5.1645e+06
P22612	P22612	KAPCG_HUMAN	PRKACG	cAMP-dependent protein kinase catalytic subunit gamma	1.26467e+06	1.00822e+06	1.23384e+06	956654
P22626	P22626	ROA2_HUMAN	HNRNPA2B1	Heterogeneous nuclear ribonucleoproteins A2/B1	4.01977e+07	3.94875e+07	2.8701e+07	3.95807e+07
P22670	P22670	RFX1_HUMAN	RFX1	MHC class II regulatory factor RFX1			78597.2	282592
P22676	P22676	CALB2_HUMAN	CALB2	Calretinin	1.55507e+06	247705	2.62579e+06	3.78599e+06
P22681	P22681	CBL_HUMAN	CBL	E3 ubiquitin-protein ligase CBL	331236	483721	254807	281765
P22692	P22692	IBP4_HUMAN	IGFBP4	Insulin-like growth factor-binding protein 4	653161	253830	507195	609375
P22694	P22694	KAPCB_HUMAN	PRKACB	cAMP-dependent protein kinase catalytic subunit beta	1.72141e+06	676841	1.09944e+06	1.59503e+06
P22695	P22695	QCR2_HUMAN	UQCRC2	Cytochrome b-c1 complex subunit 2, mitochondrial	1.58548e+07	1.55813e+06	1.51685e+07	1.68495e+07
P22735	P22735	TGM1_HUMAN	TGM1	Protein-glutamine gamma-glutamyltransferase K	1.84797e+06	2.01407e+06	1.60434e+06	2.19395e+06
P22748	P22748	CAH4_HUMAN	CA4	Carbonic anhydrase 4	416874	555166	996384	461217
P22792	P22792	CPN2_HUMAN	CPN2	Carboxypeptidase N subunit 2	1.22543e+06	1.46392e+06	1.54331e+06	1.57146e+06
P22830	P22830	HEMH_HUMAN	FECH	Ferrochelatase, mitochondrial	1.18555e+06	593763	546611	1.1086e+06
P22891	P22891	PROZ_HUMAN	PROZ	Vitamin K-dependent protein Z	157778	185672		115485
P22894	P22894	MMP8_HUMAN	MMP8	Neutrophil collagenase	867934	1.3549e+07	2.17362e+06	407219
P22897	P22897	MRC1_HUMAN	MRC1	Macrophage mannose receptor 1	5.22199e+06	4.89142e+06	3.14548e+06	3.16775e+06
P23083	P23083	HV102_HUMAN	IGHV1-2	Immunoglobulin heavy variable 1-2	790810	1.0791e+06	1.10672e+06	1.30274e+06
P23141	P23141	EST1_HUMAN	CES1	Liver carboxylesterase 1	2.47499e+06	2.74861e+06	2.87057e+06	1.70895e+06
P23142	P23142	FBLN1_HUMAN	FBLN1	Fibulin-1	9.08664e+06	1.89501e+07	3.78443e+06	4.78576e+06
P23193	P23193;Q15560	TCEA1_HUMAN	TCEA1	Transcription elongation factor A protein 1	1.50265e+06	926510	735859	1.33561e+06
P23219	P23219	PGH1_HUMAN	PTGS1	Prostaglandin G/H synthase 1	2.61793e+06	3.76058e+06	3.3975e+06	2.36811e+06
P23229	P23229	ITA6_HUMAN	ITGA6	Integrin alpha-6	4.01083e+06	3.18931e+06	5.4228e+06	5.9283e+06
P23246	P23246	SFPQ_HUMAN	SFPQ	Splicing factor, proline- and glutamine-rich	1.21226e+07	1.13504e+07	3.22822e+06	9.12873e+06
P23258	P23258	TBG1_HUMAN	TUBG1	Tubulin gamma-1 chain	1.07031e+06		542757	1.01851e+06
P23284	P23284	PPIB_HUMAN	PPIB	Peptidyl-prolyl cis-trans isomerase B	3.04097e+07	3.3699e+07	7.35248e+07	2.83517e+07
P23368	P23368	MAOM_HUMAN	ME2	NAD-dependent malic enzyme, mitochondrial	6.05237e+06	5.29909e+06	4.01809e+06	5.43826e+06
P23381	P23381	SYWC_HUMAN	WARS1	Tryptophan--tRNA ligase, cytoplasmic	2.22411e+07	2.6577e+07	3.2397e+07	1.69162e+07
P23396	P23396	RS3_HUMAN	RPS3	Small ribosomal subunit protein uS3	6.78603e+07	4.34101e+07	3.47273e+07	7.67057e+07
P23434	P23434	GCSH_HUMAN	GCSH	Glycine cleavage system H protein, mitochondrial	697925	312849	1.5357e+06	1.00632e+06
P23469	P23469	PTPRE_HUMAN	PTPRE	Receptor-type tyrosine-protein phosphatase epsilon	3.71244e+06	2.48719e+06	2.36824e+06	3.30161e+06
P23497	P23497;Q9H930	SP100_HUMAN	SP100	Nuclear autoantigen Sp-100	473139		110892	236573
P23526	P23526	SAHH_HUMAN	AHCY	Adenosylhomocysteinase	1.13089e+07	1.37365e+07	1.37642e+07	1.4187e+07
P23528	P23528;Q9Y281	COF1_HUMAN	CFL1	Cofilin-1	9.48816e+07	6.59502e+07	1.56955e+08	1.01275e+08
P23588	P23588	IF4B_HUMAN	EIF4B	Eukaryotic translation initiation factor 4B	2.93083e+06	2.11075e+06	2.56439e+06	3.00887e+06
P23610	P23610	HAP40_HUMAN	F8A1	40-kDa huntingtin-associated protein	268893		196898	235175
P23634	P20020;P23634	AT2B4_HUMAN	ATP2B4	Plasma membrane calcium-transporting ATPase 4	1.35334e+07	9.28599e+06	9.37131e+06	1.11117e+07
P23743	P23743	DGKA_HUMAN	DGKA	Diacylglycerol kinase alpha	685549	684874	473556	541344
P23786	P23786	CPT2_HUMAN	CPT2	Carnitine O-palmitoyltransferase 2, mitochondrial	3.85374e+06	2.52231e+06	3.97405e+06	4.00541e+06
P23919	P23919	KTHY_HUMAN	DTYMK	Thymidylate kinase	1.43116e+06	770598	2.25423e+06	1.6041e+06
P23921	P23921	RIR1_HUMAN	RRM1	Ribonucleoside-diphosphate reductase large subunit	593026	740512	870167	866355
P23946	P23946	CMA1_HUMAN	CMA1	Chymase	1.70625e+06	647853	715146	
P24071	P24071	FCAR_HUMAN	FCAR	Immunoglobulin alpha Fc receptor	394030	2.60962e+06	695796	
P24158	P24158	PRTN3_HUMAN	PRTN3	Myeloblastin	7.71693e+06	1.33131e+08	1.53646e+07	711432
P24298	P24298	ALAT1_HUMAN	GPT	Alanine aminotransferase 1	1.75759e+06	468778	3.18142e+06	2.39314e+06
P24310	P24310	CX7A1_HUMAN	COX7A1	Cytochrome c oxidase subunit 7A1, mitochondrial	1.01243e+06	589415	379462	904008
P24311	P24311	COX7B_HUMAN	COX7B	Cytochrome c oxidase subunit 7B, mitochondrial	1.1153e+07	4.22727e+06	7.60273e+06	1.20193e+07
P24386	P24386	RAE1_HUMAN	CHM	Rab proteins geranylgeranyltransferase component A 1	159994	107633	181568	
P24390	P24390	ERD21_HUMAN	KDELR1	ER lumen protein-retaining receptor 1	5.14932e+06	1.95513e+06	2.80872e+06	2.35705e+06
P24534	P24534	EF1B_HUMAN	EEF1B2	Elongation factor 1-beta	1.45056e+07	6.83486e+06	7.89887e+06	1.47123e+07
P24539	P24539	AT5F1_HUMAN	ATP5PB	ATP synthase F(0) complex subunit B1, mitochondrial	2.03554e+07	6.88947e+06	9.96659e+06	1.90777e+07
P24557	P24557	THAS_HUMAN	TBXAS1	Thromboxane-A synthase	3.41818e+06	4.33833e+06	3.12348e+06	2.63224e+06
P24593	P24593	IBP5_HUMAN	IGFBP5	Insulin-like growth factor-binding protein 5	269852	425396	270909	
P24666	P24666	PPAC_HUMAN	ACP1	Low molecular weight phosphotyrosine protein phosphatase	7.90784e+06	4.44421e+06	1.18182e+07	7.53384e+06
P24752	P24752	THIL_HUMAN	ACAT1	Acetyl-CoA acetyltransferase, mitochondrial	1.51445e+07	3.01802e+06	1.04816e+07	1.70599e+07
P24821	P24821	TENA_HUMAN	TNC	Tenascin	4.33406e+06	1.73169e+07	1.86084e+06	1.63032e+06
P24844	P24844	MYL9_HUMAN	MYL9	Myosin regulatory light polypeptide 9	1.94443e+07	8.89623e+06	7.76794e+06	1.40066e+07
P24928	P24928	RPB1_HUMAN	POLR2A	DNA-directed RNA polymerase II subunit RPB1	678478	652806		649732
P24941	P24941	CDK2_HUMAN	CDK2	Cyclin-dependent kinase 2	1.06824e+06	563091	973574	1.38516e+06
P25024	P25024;P25025	CXCR1_HUMAN	CXCR1	C-X-C chemokine receptor type 1		781816		
P25025	P25025	CXCR2_HUMAN	CXCR2	C-X-C chemokine receptor type 2	184581	479420	148257	
P25090	P25090	FPR2_HUMAN	FPR2	N-formyl peptide receptor 2		566495		
P25092	P25092	GUC2C_HUMAN	GUCY2C	Guanylyl cyclase C	101805		20795.1	137230
P25098	P25098;P35626	ARBK1_HUMAN	GRK2	Beta-adrenergic receptor kinase 1	1.35991e+06	1.27484e+06	1.24462e+06	1.49353e+06
P25101	P25101	EDNRA_HUMAN	EDNRA	Endothelin-1 receptor	144770	304620	196514	209376
P25205	P25205	MCM3_HUMAN	MCM3	DNA replication licensing factor MCM3	877733	493683	1.0318e+06	900569
P25208	P25208	NFYB_HUMAN	NFYB	Nuclear transcription factor Y subunit beta	342027		673800	510280
P25311	P25311	ZA2G_HUMAN	AZGP1	Zinc-alpha-2-glycoprotein	6.21862e+06	7.84432e+06	7.81852e+06	8.81958e+06
P25325	P25325	THTM_HUMAN	MPST	3-mercaptopyruvate sulfurtransferase	4.91973e+06	2.6339e+06	1.0022e+07	6.24912e+06
P25398	P25398	RS12_HUMAN	RPS12	Small ribosomal subunit protein eS12	1.30129e+07	1.33251e+07	1.47769e+07	1.49909e+07
P25445	P25445	TNR6_HUMAN	FAS	Tumor necrosis factor receptor superfamily member 6	782913	654797	1.23964e+06	789998
P25490	O15391;P25490	TYY1_HUMAN	YY1	Transcriptional repressor protein YY1	318887	229535	176939	321917
P25685	P25685;Q9UDY4	DNJB1_HUMAN	DNAJB1	DnaJ homolog subfamily B member 1	1.85317e+06	1.1934e+06	1.56622e+06	2.20982e+06
P25686	P25686	DNJB2_HUMAN	DNAJB2	DnaJ homolog subfamily B member 2	659045	251410	511932	529729
P25705	P25705	ATPA_HUMAN	ATP5F1A	ATP synthase subunit alpha, mitochondrial	1.43806e+08	1.3164e+07	8.26524e+07	1.34894e+08
P25774	P25774	CATS_HUMAN	CTSS	Cathepsin S	9.06556e+06	1.16308e+07	2.39433e+07	1.11318e+07
P25786	P25786	PSA1_HUMAN	PSMA1	Proteasome subunit alpha type-1	1.128e+07	1.32109e+07	1.003e+07	1.15389e+07
P25787	P25787	PSA2_HUMAN	PSMA2	Proteasome subunit alpha type-2	5.98697e+06	7.86133e+06	5.67034e+06	6.47192e+06
P25788	P25788	PSA3_HUMAN	PSMA3	Proteasome subunit alpha type-3	1.0423e+07	1.35844e+07	1.00226e+07	1.16349e+07
P25789	P25789	PSA4_HUMAN	PSMA4	Proteasome subunit alpha type-4	8.00063e+06	1.06938e+07	8.41562e+06	9.38088e+06
P25815	P25815	S100P_HUMAN	S100P	Protein S100-P	3.767e+06	5.34979e+06	9.12356e+06	1.4337e+07
P25942	P25942	TNR5_HUMAN	CD40	Tumor necrosis factor receptor superfamily member 5	1.75947e+06	2.85895e+06	2.5033e+06	785804
P26006	P26006	ITA3_HUMAN	ITGA3	Integrin alpha-3	3.2001e+06	1.07358e+06	4.08731e+06	3.02504e+06
P26010	P26010	ITB7_HUMAN	ITGB7	Integrin beta-7	385602	341138	558376	373577
P26022	P26022	PTX3_HUMAN	PTX3	Pentraxin-related protein PTX3	388069	2.50306e+06	380246	373545
P26038	P26038	MOES_HUMAN	MSN	Moesin	3.58935e+07	5.94044e+07	2.21476e+07	2.37933e+07
P26196	P26196	DDX6_HUMAN	DDX6	Probable ATP-dependent RNA helicase DDX6	4.44092e+06	5.11703e+06	3.34522e+06	4.70375e+06
P26232	P26232	CTNA2_HUMAN	CTNNA2	Catenin alpha-2	1.67441e+06		975966	2.30288e+06
P26358	P26358	DNMT1_HUMAN	DNMT1	DNA (cytosine-5)-methyltransferase 1	391912	340798	135407	245474
P26368	P26368	U2AF2_HUMAN	U2AF2	Splicing factor U2AF 65 kDa subunit	1.83966e+06	3.25119e+06	1.20977e+06	2.16488e+06
P26373	P26373	RL13_HUMAN	RPL13	Large ribosomal subunit protein eL13	4.88377e+06	1.48438e+06	2.30369e+06	9.03458e+06
P26440	P26440	IVD_HUMAN	IVD	Isovaleryl-CoA dehydrogenase, mitochondrial	6.01846e+06	3.44843e+06	4.02148e+06	6.71513e+06
P26447	P26447	S10A4_HUMAN	S100A4	Protein S100-A4	4.72304e+07	5.25985e+07	2.52474e+07	3.038e+07
P26572	P26572	MGAT1_HUMAN	MGAT1	Alpha-1,3-mannosyl-glycoprotein 2-beta-N-acetylglucosaminyltransferase	1.32053e+06	1.26976e+06	715314	883042
P26583	P26583	HMGB2_HUMAN	HMGB2	High mobility group protein B2	8.61894e+06	1.64869e+07	6.56184e+06	6.34026e+06
P26599	P26599	PTBP1_HUMAN	PTBP1	Polypyrimidine tract-binding protein 1	1.40859e+07	1.49969e+07	7.84459e+06	1.00897e+07
P26639	A2RTX5;P26639	SYTC_HUMAN	TARS1	Threonine--tRNA ligase 1, cytoplasmic	5.06284e+06	6.24878e+06	4.85482e+06	5.51859e+06
P26640	P26640	SYVC_HUMAN	VARS1	Valine--tRNA ligase	7.30329e+06	4.98771e+06	3.32222e+06	7.55e+06
P26641	P26641	EF1G_HUMAN	EEF1G	Elongation factor 1-gamma	2.3785e+07	2.62687e+07	1.04719e+07	2.20231e+07
P26842	P26842	CD27_HUMAN	CD27	CD27 antigen		234234	645959	391516
P26885	P26885	FKBP2_HUMAN	FKBP2	Peptidyl-prolyl cis-trans isomerase FKBP2	1.25978e+07	1.85195e+07	2.83078e+07	1.36238e+07
P26927	P26927;Q2TV78	HGFL_HUMAN	MST1	Hepatocyte growth factor-like protein	580138	848246	655133	702630
P27105	P27105	STOM_HUMAN	STOM	Stomatin	1.82587e+07	1.57966e+07	1.35297e+07	8.21924e+06
P27144	P27144	KAD4_HUMAN	AK4	Adenylate kinase 4, mitochondrial	1.69687e+06	373572	1.5763e+06	2.04716e+06
P27169	P27169	PON1_HUMAN	PON1	Serum paraoxonase/arylesterase 1	2.4548e+06	2.90246e+06	2.75838e+06	3.31982e+06
P27216	P27216	ANX13_HUMAN	ANXA13	Annexin A13	2.56722e+06	621085	3.22202e+06	3.29314e+06
P27338	P27338	AOFB_HUMAN	MAOB	Amine oxidase [flavin-containing] B	4.82957e+06	2.8675e+06	1.83965e+06	2.21724e+06
P27348	P27348	1433T_HUMAN	YWHAQ	14-3-3 protein theta	1.91688e+07	4.99088e+06	2.98617e+07	2.38039e+07
P27361	P27361	MK03_HUMAN	MAPK3	Mitogen-activated protein kinase 3	3.07438e+06	2.05247e+06	3.68961e+06	3.4932e+06
P27449	P27449	VATL_HUMAN	ATP6V0C	V-type proton ATPase 16 kDa proteolipid subunit c	1.35269e+06	1.70911e+06	1.57988e+06	1.15449e+06
P27487	P27487	DPP4_HUMAN	DPP4	Dipeptidyl peptidase 4	1.32895e+06	1.61574e+06	1.28725e+06	1.00383e+06
P27635	P27635;Q96L21	RL10_HUMAN	RPL10	Large ribosomal subunit protein uL16	6.6699e+06	1.56773e+06	3.08587e+06	9.78462e+06
P27694	P27694	RFA1_HUMAN	RPA1	Replication protein A 70 kDa DNA-binding subunit	3.65339e+06	3.43517e+06	2.13993e+06	3.61583e+06
P27695	P27695	APEX1_HUMAN	APEX1	DNA-(apurinic or apyrimidinic site) endonuclease	4.806e+06	4.88103e+06	4.76148e+06	4.42425e+06
P27701	P27701	CD82_HUMAN	CD82	CD82 antigen	1.94654e+06	3.11225e+06	1.66292e+06	1.07974e+06
P27707	P27707	DCK_HUMAN	DCK	Deoxycytidine kinase	613256	530710	844874	545954
P27708	P27708	PYR1_HUMAN	CAD	CAD protein	5.63155e+06	4.60859e+06	2.20731e+06	6.6563e+06
P27797	P27797	CALR_HUMAN	CALR	Calreticulin	7.8404e+07	1.07057e+08	1.88058e+08	8.05902e+07
P27816	P27816	MAP4_HUMAN	MAP4	Microtubule-associated protein 4	8.28129e+06	6.18462e+06	5.44784e+06	1.07953e+07
P27824	P27824	CALX_HUMAN	CANX	Calnexin	2.58248e+07	3.46767e+07	3.66646e+07	2.41517e+07
P27918	P27918	PROP_HUMAN	CFP	Properdin	729129	2.31316e+06	673986	574858
P27930	P27930	IL1R2_HUMAN	IL1R2	Interleukin-1 receptor type 2	488749	193585	911111	1.10294e+06
P27986	P27986	P85A_HUMAN	PIK3R1	Phosphatidylinositol 3-kinase regulatory subunit alpha	456335	513666		362394
P28039	P28039	AOAH_HUMAN	AOAH	Acyloxyacyl hydrolase	286357	407682	638168	345951
P28062	P28062	PSB8_HUMAN	PSMB8	Proteasome subunit beta type-8	8.2324e+06	8.17961e+06	8.13772e+06	8.56911e+06
P28065	P28065	PSB9_HUMAN	PSMB9	Proteasome subunit beta type-9	7.00324e+06	6.44599e+06	7.53138e+06	5.77521e+06
P28066	P28066	PSA5_HUMAN	PSMA5	Proteasome subunit alpha type-5	5.46072e+06	5.18229e+06	6.55682e+06	6.56107e+06
P28067	P28067	DMA_HUMAN	HLA-DMA	HLA class II histocompatibility antigen, DM alpha chain	630475	669008	1.50914e+06	704519
P28068	P28068	DMB_HUMAN	HLA-DMB	HLA class II histocompatibility antigen, DM beta chain	1.66218e+06	1.78633e+06	2.72081e+06	1.28697e+06
P28070	P28070	PSB4_HUMAN	PSMB4	Proteasome subunit beta type-4	7.57295e+06	9.42276e+06	7.40253e+06	8.25298e+06
P28072	P28072	PSB6_HUMAN	PSMB6	Proteasome subunit beta type-6	3.1169e+06	5.3685e+06	1.91652e+06	5.02884e+06
P28074	P28074	PSB5_HUMAN	PSMB5	Proteasome subunit beta type-5	1.62402e+06	3.57348e+06	1.05485e+06	2.15083e+06
P28161	P28161	GSTM2_HUMAN	GSTM2	Glutathione S-transferase Mu 2	1.92001e+06	2.50343e+06	3.98753e+06	3.11858e+06
P28288	P28288	ABCD3_HUMAN	ABCD3	ATP-binding cassette sub-family D member 3	2.60162e+06	1.54142e+06	464545	2.60943e+06
P28289	P28289	TMOD1_HUMAN	TMOD1	Tropomodulin-1	783630	941747	759763	
P28331	P28331	NDUS1_HUMAN	NDUFS1	NADH-ubiquinone oxidoreductase 75 kDa subunit, mitochondrial	6.01034e+06	3.91704e+06	2.64051e+06	7.1793e+06
P28332	P28332	ADH6_HUMAN	ADH6	Alcohol dehydrogenase 6	742520		630315	865767
P28340	P28340	DPOD1_HUMAN	POLD1	DNA polymerase delta catalytic subunit	3.66861e+06	2.36964e+06	1.25093e+06	3.65313e+06
P28482	P28482	MK01_HUMAN	MAPK1	Mitogen-activated protein kinase 1	6.49115e+06	7.48954e+06	7.90123e+06	6.95831e+06
P28676	P28676	GRAN_HUMAN	GCA	Grancalcin	3.55255e+06	7.78017e+06	5.12565e+06	2.49884e+06
P28702	P28702	RXRB_HUMAN	RXRB	Retinoic acid receptor RXR-beta	278472	178251	67213.8	219436
P28799	P28799	GRN_HUMAN	GRN	Progranulin	4.92695e+06	9.92237e+06	8.07468e+06	4.67692e+06
P28838	P28838	AMPL_HUMAN	LAP3	Cytosol aminopeptidase	1.58879e+07	1.1912e+07	2.45476e+07	1.22186e+07
P28845	P28845	DHI1_HUMAN	HSD11B1	11-beta-hydroxysteroid dehydrogenase 1	1.43076e+06	1.16765e+06	257021	
P28906	P28906	CD34_HUMAN	CD34	Hematopoietic progenitor cell antigen CD34	891044	446177	550081	578224
P28907	P28907	CD38_HUMAN	CD38	ADP-ribosyl cyclase/cyclic ADP-ribose hydrolase 1	1.74262e+06	3.32436e+06	7.55319e+06	2.13836e+06
P29083	P29083	T2EA_HUMAN	GTF2E1	General transcription factor IIE subunit 1	450841		282558	512165
P29120	P29120	NEC1_HUMAN	PCSK1	Neuroendocrine convertase 1	162899		153445	90706.9
P29144	P29144	TPP2_HUMAN	TPP2	Tripeptidyl-peptidase 2	3.11236e+06	3.35802e+06	2.78065e+06	3.81865e+06
P29218	P29218	IMPA1_HUMAN	IMPA1	Inositol monophosphatase 1	5.05598e+06	4.36943e+06	8.90318e+06	5.34126e+06
P29317	P29317	EPHA2_HUMAN	EPHA2	Ephrin type-A receptor 2	222643	177814	267760	339512
P29320;P54756;P54764	P29320;P54756;P54764	EPHA3_HUMAN;EPHA4_HUMAN;EPHA5_HUMAN	EPHA3;EPHA4;EPHA5	Ephrin type-A receptor 3			149225	253928
P29323	P29323	EPHB2_HUMAN	EPHB2	Ephrin type-B receptor 2	1.63236e+06	877403	2.77398e+06	2.7387e+06
P29350	P29350	PTN6_HUMAN	PTPN6	Tyrosine-protein phosphatase non-receptor type 6	4.4709e+06	6.48649e+06	3.4987e+06	2.1371e+06
P29353	P29353	SHC1_HUMAN	SHC1	SHC-transforming protein 1	555043	315406	476236	714508
P29372	P29372	3MG_HUMAN	MPG	DNA-3-methyladenine glycosylase	1.40032e+06	1.32758e+06	688903	762049
P29373	P29373	RABP2_HUMAN	CRABP2	Cellular retinoic acid-binding protein 2	311894	488740	167416	129119
P29401	P29401	TKT_HUMAN	TKT	Transketolase	5.16336e+07	1.37911e+08	7.68258e+07	5.09913e+07
P29466	P29466	CASP1_HUMAN	CASP1	Caspase-1	5.58904e+06	3.7069e+06	7.02011e+06	5.26341e+06
P29508	P29508	SPB3_HUMAN	SERPINB3	Serpin B3	1.98519e+06	4.20295e+06	1.47973e+06	1.65506e+06
P29536	P29536	LMOD1_HUMAN	LMOD1	Leiomodin-1	1.61709e+06	840766	542606	1.43164e+06
P29558;Q15434	P29558;Q15434	RBMS1_HUMAN;RBMS2_HUMAN	RBMS1;RBMS2	RNA-binding motif, single-stranded-interacting protein 1	1.5619e+06			
P29590	P29590	PML_HUMAN	PML	Protein PML	4.44758e+06	4.15183e+06	1.05701e+06	2.62639e+06
P29622	P29622	KAIN_HUMAN	SERPINA4	Kallistatin	2.75297e+06	3.27969e+06	2.52196e+06	3.61959e+06
P29692	P29692	EF1D_HUMAN	EEF1D	Elongation factor 1-delta	2.28696e+07	6.21009e+06	8.33501e+06	2.28706e+07
P29728	P29728	OAS2_HUMAN	OAS2	2'-5'-oligoadenylate synthase 2	957885	653046	710977	532189
P29762	P29762	RABP1_HUMAN	CRABP1	Cellular retinoic acid-binding protein 1	600423	624830	1.24898e+06	831716
P29966	P29966	MARCS_HUMAN	MARCKS	Myristoylated alanine-rich C-kinase substrate	6.81918e+06	2.83481e+06	1.62828e+07	1.00143e+07
P29972	P29972	AQP1_HUMAN	AQP1	Aquaporin-1	1.05786e+06	954736	356718	415364
P29992	P29992	GNA11_HUMAN	GNA11	Guanine nucleotide-binding protein subunit alpha-11	5.36411e+06	3.08564e+06	5.8285e+06	5.19108e+06
P30038	P30038	AL4A1_HUMAN	ALDH4A1	Delta-1-pyrroline-5-carboxylate dehydrogenase, mitochondrial	1.62124e+06	1.73495e+06	1.10167e+06	1.55758e+06
P30039	P30039	PBLD_HUMAN	PBLD	Phenazine biosynthesis-like domain-containing protein	1.37374e+06	124110	1.35275e+06	1.32767e+06
P30040	P30040	ERP29_HUMAN	ERP29	Endoplasmic reticulum resident protein 29	1.99802e+07	2.34342e+07	3.48819e+07	2.07984e+07
P30041	P30041	PRDX6_HUMAN	PRDX6	Peroxiredoxin-6	5.83635e+07	6.44363e+07	6.78642e+07	5.79506e+07
P30043	P30043	BLVRB_HUMAN	BLVRB	Flavin reductase (NADPH)	1.58843e+07	3.69545e+07	1.82372e+07	1.36786e+07
P30044	P30044	PRDX5_HUMAN	PRDX5	Peroxiredoxin-5, mitochondrial	4.71688e+07	2.10793e+07	7.64096e+07	7.60756e+07
P30046	P30046;A6NHG4	DOPD_HUMAN	DDT	D-dopachrome decarboxylase	8.69135e+06	7.55692e+06	2.18075e+07	1.13693e+07
P30047	P30047	GFRP_HUMAN	GCHFR	GTP cyclohydrolase 1 feedback regulatory protein	1.5917e+06	891550	1.40904e+06	1.26825e+06
P30048	P30048	PRDX3_HUMAN	PRDX3	Thioredoxin-dependent peroxide reductase, mitochondrial	3.97018e+07	2.43209e+07	1.67718e+07	3.68173e+07
P30049	P30049	ATPD_HUMAN	ATP5F1D	ATP synthase subunit delta, mitochondrial	1.24802e+07	889970	1.48094e+07	1.31333e+07
P30050	P30050	RL12_HUMAN	RPL12	Large ribosomal subunit protein uL11	1.0558e+07	6.87411e+06	5.80083e+06	1.17013e+07
P30084	P30084	ECHM_HUMAN	ECHS1	Enoyl-CoA hydratase, mitochondrial	1.31137e+07	5.10293e+06	1.14378e+07	1.44942e+07
P30085	P30085	KCY_HUMAN	CMPK1	UMP-CMP kinase	1.97237e+07	9.25195e+06	2.3561e+07	2.21131e+07
P30086	P30086	PEBP1_HUMAN	PEBP1	Phosphatidylethanolamine-binding protein 1	3.62544e+07	3.38508e+07	6.85793e+07	4.40325e+07
P30101	P30101	PDIA3_HUMAN	PDIA3	Protein disulfide-isomerase A3	7.85116e+07	7.9266e+07	8.85765e+07	7.39553e+07
P30153	P30153	2AAA_HUMAN	PPP2R1A	Serine/threonine-protein phosphatase 2A 65 kDa regulatory subunit A alpha isoform	6.81961e+06	2.43639e+06	5.1975e+06	8.04862e+06
P30203	P30203	CD6_HUMAN	CD6	T-cell differentiation antigen CD6	1.22574e+06	1.35679e+06	1.46085e+06	1.21832e+06
P30260	P30260	CDC27_HUMAN	CDC27	Cell division cycle protein 27 homolog	191981	113795		195524
P30273	P30273	FCERG_HUMAN	FCER1G	High affinity immunoglobulin epsilon receptor subunit gamma	5.45684e+06	101748	4.19213e+06	1.43475e+06
P30405	P30405	PPIF_HUMAN	PPIF	Peptidyl-prolyl cis-trans isomerase F, mitochondrial	4.33072e+06	3.14334e+06	4.22971e+06	3.94972e+06
P30408	P30408	T4S1_HUMAN	TM4SF1	Transmembrane 4 L6 family member 1	145805	223247	275736	250024
P30419	O60551;P30419	NMT1_HUMAN	NMT1	Glycylpeptide N-tetradecanoyltransferase 1	3.14049e+06	3.49055e+06	2.98385e+06	1.92854e+06
P30511	P30511	HLAF_HUMAN	HLA-F	HLA class I histocompatibility antigen, alpha chain F	6.93143e+06	4.9501e+06	1.16615e+07	3.73599e+06
P30519	P30519	HMOX2_HUMAN	HMOX2	Heme oxygenase 2	2.39742e+06	2.2869e+06	2.4292e+06	2.1164e+06
P30520	P30520	PURA2_HUMAN	ADSS2	Adenylosuccinate synthetase isozyme 2	2.16727e+06	3.77159e+06	3.97882e+06	2.39833e+06
P30530	P30530	UFO_HUMAN	AXL	Tyrosine-protein kinase receptor UFO	575385	553988	297638	334680
P30533	P30533	AMRP_HUMAN	LRPAP1	Alpha-2-macroglobulin receptor-associated protein	1.5292e+06	1.82086e+06	1.18347e+06	997225
P30536	P30536	TSPO_HUMAN	TSPO	Translocator protein	1.47168e+07	4.82894e+06	1.39746e+07	1.11286e+07
P30566	P30566	PUR8_HUMAN	ADSL	Adenylosuccinate lyase	4.66363e+06	2.28392e+06	3.08435e+06	4.90278e+06
P30613	P30613	KPYR_HUMAN	PKLR	Pyruvate kinase PKLR	843489	1.99279e+06	569333	549924
P30622	P30622	CLIP1_HUMAN	CLIP1	CAP-Gly domain-containing linker protein 1	1.17823e+06	1.10973e+06	428781	1.03194e+06
P30626	P30626	SORCN_HUMAN	SRI	Sorcin	1.47132e+07	3.486e+06	2.16968e+07	1.73422e+07
P30711	P30711	GSTT1_HUMAN	GSTT1	Glutathione S-transferase theta-1	4.01512e+06	2.70289e+06	3.33499e+06	4.39182e+06
P30740	P30740	ILEU_HUMAN	SERPINB1	Leukocyte elastase inhibitor	1.4803e+07	4.14926e+07	2.65698e+07	1.38542e+07
P30825	P30825	CTR1_HUMAN	SLC7A1	High affinity cationic amino acid transporter 1	735393	300439	1.08568e+06	688405
P30837	P30837	AL1B1_HUMAN	ALDH1B1	Aldehyde dehydrogenase X, mitochondrial	1.07995e+07	1.99057e+06	4.85442e+06	1.14008e+07
P30838	P30838	AL3A1_HUMAN	ALDH3A1	Aldehyde dehydrogenase, dimeric NADP-preferring	548559	629965	699434	808345
P30876	P30876	RPB2_HUMAN	POLR2B	DNA-directed RNA polymerase II subunit RPB2	1.0182e+06	527455	230575	998751
P31025	P31025	LCN1_HUMAN	LCN1	Lipocalin-1	2.05108e+06	2.31349e+06	1.16917e+06	1.11589e+06
P31040	P31040	SDHA_HUMAN	SDHA	Succinate dehydrogenase [ubiquinone] flavoprotein subunit, mitochondrial	1.14534e+07	7.09212e+06	9.98226e+06	1.19217e+07
P31146	P31146	COR1A_HUMAN	CORO1A	Coronin-1A	2.33131e+07	4.32118e+07	1.18351e+07	1.17696e+07
P31150	P31150	GDIA_HUMAN	GDI1	Rab GDP dissociation inhibitor alpha	5.41519e+06	6.79349e+06	6.26088e+06	5.23336e+06
P31151	P31151;Q86SG5	S10A7_HUMAN	S100A7	Protein S100-A7	2.33205e+06	485933	888255	845998
P31153	P31153	METK2_HUMAN	MAT2A	S-adenosylmethionine synthase isoform type-2	6.04464e+06	5.99565e+06	8.74156e+06	7.41601e+06
P31323	P31323	KAP3_HUMAN	PRKAR2B	cAMP-dependent protein kinase type II-beta regulatory subunit	2.26697e+06	1.18029e+06	1.37841e+06	2.1342e+06
P31350	P31350	RIR2_HUMAN	RRM2	Ribonucleoside-diphosphate reductase subunit M2	661693		843998	718852
P31431	P31431	SDC4_HUMAN	SDC4	Syndecan-4	1.16482e+06	1.75094e+06	1.19808e+06	1.27998e+06
P31483	P31483	TIA1_HUMAN	TIA1	Cytotoxic granule associated RNA binding protein TIA1	701730	452069	524690	566180
P31513	P31513	FMO3_HUMAN	FMO3	Flavin-containing monooxygenase 3	90909.1	163270	68130.2	51377.3
P31689	P31689	DNJA1_HUMAN	DNAJA1	DnaJ homolog subfamily A member 1	2.22689e+06	2.20826e+06	766729	1.96334e+06
P31749	P31749	AKT1_HUMAN	AKT1	RAC-alpha serine/threonine-protein kinase	1.55777e+06	1.47063e+06	1.72602e+06	1.56458e+06
P31751	P31751	AKT2_HUMAN	AKT2	RAC-beta serine/threonine-protein kinase	471554	416704	383139	467400
P31930	P31930	QCR1_HUMAN	UQCRC1	Cytochrome b-c1 complex subunit 1, mitochondrial	2.28117e+07	1.09934e+07	2.63118e+07	2.44942e+07
P31937	P31937	3HIDH_HUMAN	HIBADH	3-hydroxyisobutyrate dehydrogenase, mitochondrial	6.33564e+06	4.47547e+06	3.49102e+06	6.52938e+06
P31939	P31939	PUR9_HUMAN	ATIC	Bifunctional purine biosynthesis protein ATIC	8.78295e+06	9.00847e+06	1.24672e+07	9.65346e+06
P31942	P31942	HNRH3_HUMAN	HNRNPH3	Heterogeneous nuclear ribonucleoprotein H3	4.73389e+06	2.07402e+06	2.33173e+06	4.54648e+06
P31943	P31943	HNRH1_HUMAN	HNRNPH1	Heterogeneous nuclear ribonucleoprotein H	1.69736e+07	1.28663e+07	1.18801e+07	2.14133e+07
P31944	P31944	CASPE_HUMAN	CASP14	Caspase-14	3.22601e+06	3.5102e+06	2.5915e+06	3.43392e+06
P31946	P31946	1433B_HUMAN	YWHAB	14-3-3 protein beta/alpha	1.44381e+07	1.56586e+07	1.70513e+07	1.40893e+07
P31947	P31947	1433S_HUMAN	SFN	14-3-3 protein sigma	6.97623e+06	2.27373e+06	2.06859e+07	1.15751e+07
P31948	P31948	STIP1_HUMAN	STIP1	Stress-induced-phosphoprotein 1	1.17797e+07	1.08691e+07	1.12006e+07	1.34142e+07
P31949	P31949	S10AB_HUMAN	S100A11	Protein S100-A11	3.99654e+07	8.68516e+06	3.57913e+07	3.44129e+07
P31994	P12318;P31994;P31995	FCG2B_HUMAN	FCGR2B	Low affinity immunoglobulin gamma Fc region receptor II-b	1.27868e+06	2.16592e+06	1.26648e+06	734730
P31997	P06731;P13688;P31997	CEAM8_HUMAN	CEACAM8	Carcinoembryonic antigen-related cell adhesion molecule 8	3.66999e+06	1.36182e+07	7.00246e+06	2.10357e+06
P32004	P32004	L1CAM_HUMAN	L1CAM	Neural cell adhesion molecule L1	1.50774e+06	595459	2.0363e+06	2.4489e+06
P32119	P32119	PRDX2_HUMAN	PRDX2	Peroxiredoxin-2	7.56113e+07	1.72806e+08	5.28454e+07	6.6039e+07
P32121	P32121	ARRB2_HUMAN	ARRB2	Beta-arrestin-2	648622	804485	594413	548071
P32189	P32189;Q14409	GLPK_HUMAN	GK	Glycerol kinase	1.67032e+06	1.60655e+06	943711	826114
P32246	P32246	CCR1_HUMAN	CCR1	C-C chemokine receptor type 1	375299	329425	324723	102945
P32249	P32249	GP183_HUMAN	GPR183	G-protein coupled receptor 183	269944	358929	371515	232627
P32320	P32320	CDD_HUMAN	CDA	Cytidine deaminase	2.37312e+06	1.054e+07	9.12912e+06	2.9639e+06
P32321	P32321	DCTD_HUMAN	DCTD	Deoxycytidylate deaminase	802653	1.05682e+06	991752	926756
P32322	P32322	P5CR1_HUMAN	PYCR1	Pyrroline-5-carboxylate reductase 1, mitochondrial	1.02174e+06	583437	1.20803e+06	1.32391e+06
P32418	P32418	NAC1_HUMAN	SLC8A1	Sodium/calcium exchanger 1	242841		134327	337683
P32455	P32455;Q9H0R5	GBP1_HUMAN	GBP1	Guanylate-binding protein 1	1.2175e+07	1.17116e+07	1.55829e+07	4.7224e+06
P32456	P32456	GBP2_HUMAN	GBP2	Guanylate-binding protein 2	2.95407e+06	2.76825e+06	3.06413e+06	1.64884e+06
P32519	P32519	ELF1_HUMAN	ELF1	ETS-related transcription factor Elf-1	400791		217088	339258
P32856	P32856	STX2_HUMAN	STX2	Syntaxin-2	118782	115800	95744.6	115675
P32929	P32929	CGL_HUMAN	CTH	Cystathionine gamma-lyase	599312	397199	1.02965e+06	781530
P32942	P32942	ICAM3_HUMAN	ICAM3	Intercellular adhesion molecule 3	1.92459e+06	5.92647e+06	4.39649e+06	1.18688e+06
P32969	P32969	RL9_HUMAN	RPL9	Large ribosomal subunit protein uL6	1.25817e+07	4.0936e+06	4.55962e+06	1.06055e+07
P33121	P33121	ACSL1_HUMAN	ACSL1	Long-chain-fatty-acid--CoA ligase 1	2.7549e+06	3.32501e+06	2.21531e+06	1.57558e+06
P33151	P33151	CADH5_HUMAN	CDH5	Cadherin-5	647283	648996	482432	739445
P33176	O60282;P33176;Q12840	KINH_HUMAN	KIF5B	Kinesin-1 heavy chain	6.24097e+06	5.5312e+06	1.78358e+06	7.27408e+06
P33240	P33240	CSTF2_HUMAN	CSTF2	Cleavage stimulation factor subunit 2	869601		711069	1.0799e+06
P33241	P33241	LSP1_HUMAN	LSP1	Lymphocyte-specific protein 1	2.65878e+06	2.00949e+06	2.59732e+06	2.09717e+06
P33316	P33316	DUT_HUMAN	DUT	Deoxyuridine 5'-triphosphate nucleotidohydrolase, mitochondrial	2.86646e+06	1.26304e+06	4.03824e+06	3.21134e+06
P33527	P33527	MRP1_HUMAN	ABCC1	Multidrug resistance-associated protein 1	1.11543e+06	1.15203e+06	813204	771943
P33897	P33897	ABCD1_HUMAN	ABCD1	ATP-binding cassette sub-family D member 1	770748	267995		367444
P33908	P33908	MA1A1_HUMAN	MAN1A1	Mannosyl-oligosaccharide 1,2-alpha-mannosidase IA	1.40212e+06	1.32577e+06	1.73434e+06	1.33403e+06
P33947	P33947	ERD22_HUMAN	KDELR2	ER lumen protein-retaining receptor 2	3.32718e+06	4.1669e+06	1.84463e+06	3.12796e+06
P33991	P33991	MCM4_HUMAN	MCM4	DNA replication licensing factor MCM4	1.00086e+07	5.31659e+06	9.15611e+06	1.11051e+07
P33992	P33992	MCM5_HUMAN	MCM5	DNA replication licensing factor MCM5	797616	280559	744553	875805
P33993	P33993	MCM7_HUMAN	MCM7	DNA replication licensing factor MCM7	1.21539e+06	496034	917855	1.44105e+06
P34059	P34059	GALNS_HUMAN	GALNS	N-acetylgalactosamine-6-sulfatase	1.17913e+06	1.86725e+06	1.71346e+06	1.09706e+06
P34096	P34096	RNAS4_HUMAN	RNASE4	Ribonuclease 4	851951	651397	966710	1.11798e+06
P34741	P34741	SDC2_HUMAN	SDC2	Syndecan-2	443157	363424	279954	238438
P34810	P34810	CD68_HUMAN	CD68	Macrosialin	2.53009e+06	3.42315e+06	3.25474e+06	1.70663e+06
P34896	P34896	GLYC_HUMAN	SHMT1	Serine hydroxymethyltransferase, cytosolic	1.13168e+06	620234	1.71837e+06	1.45919e+06
P34897	P34897	GLYM_HUMAN	SHMT2	Serine hydroxymethyltransferase, mitochondrial	6.26326e+06	5.67324e+06	5.95014e+06	6.01383e+06
P34910	P34910	EVI2B_HUMAN	EVI2B	Protein EVI2B	1.01997e+06		1.92172e+06	1.09455e+06
P34913	P34913	HYES_HUMAN	EPHX2	Bifunctional epoxide hydrolase 2	6.79573e+06	2.13436e+06	6.24624e+06	1.01124e+07
P34932	P34932	HSP74_HUMAN	HSPA4	Heat shock 70 kDa protein 4	5.02512e+06	6.95817e+06	5.69181e+06	5.80859e+06
P34949	P34949	MPI_HUMAN	MPI	Mannose-6-phosphate isomerase	1.20657e+06	1.12814e+06	2.30818e+06	1.51285e+06
P35030	P35030	TRY3_HUMAN	PRSS3	Trypsin-3	5.78419e+06	4.83672e+06	4.83525e+06	5.40315e+06
P35052	P35052	GPC1_HUMAN	GPC1	Glypican-1	489100	842800	512037	445448
P35070	P35070	BTC_HUMAN	BTC	Probetacellulin	59719.9		127019	69488.2
P35080	P35080	PROF2_HUMAN	PFN2	Profilin-2	3.11323e+06	3.28208e+06	2.22441e+06	3.20975e+06
P35219	P35219	CAH8_HUMAN	CA8	Carbonic anhydrase-related protein	73621.5		92936.9	478668
P35221	P26232;P35221	CTNA1_HUMAN	CTNNA1	Catenin alpha-1	5.53468e+06	2.61235e+06	3.45209e+06	7.97351e+06
P35222	P35222	CTNB1_HUMAN	CTNNB1	Catenin beta-1	6.01606e+06	2.77983e+06	3.68267e+06	8.09455e+06
P35232	P35232	PHB1_HUMAN	PHB1	Prohibitin 1	1.75156e+07	1.08086e+07	5.83208e+06	1.6752e+07
P35236	P35236	PTN7_HUMAN	PTPN7	Tyrosine-protein phosphatase non-receptor type 7	237792	1.1064e+06	400055	134935
P35237	P35237	SPB6_HUMAN	SERPINB6	Serpin B6	1.54636e+07	2.15212e+07	3.25665e+07	2.04253e+07
P35241	P35241	RADI_HUMAN	RDX	Radixin	784620	793785	494755	649477
P35244	P35244	RFA3_HUMAN	RPA3	Replication protein A 14 kDa subunit	881877	648752	798273	1.0057e+06
P35249	P35249	RFC4_HUMAN	RFC4	Replication factor C subunit 4	442572	213327	188423	360664
P35250	P35250	RFC2_HUMAN	RFC2	Replication factor C subunit 2	822218		378495	731772
P35251	P35251	RFC1_HUMAN	RFC1	Replication factor C subunit 1	90703.5	107357		45349.9
P35268	P35268	RL22_HUMAN	RPL22	Large ribosomal subunit protein eL22	1.67131e+07	1.11139e+07	1.39203e+07	1.64898e+07
P35269	P35269	T2FA_HUMAN	GTF2F1	General transcription factor IIF subunit 1	209811	426951	286888	257283
P35270	P35270	SPRE_HUMAN	SPR	Sepiapterin reductase	1.94767e+06	936965	2.58565e+06	2.26225e+06
P35354	P35354	PGH2_HUMAN	PTGS2	Prostaglandin G/H synthase 2		410946		
P35442	P35442	TSP2_HUMAN	THBS2	Thrombospondin-2	1.49715e+06	912431		
P35475	P35475	IDUA_HUMAN	IDUA	Alpha-L-iduronidase	632595	673590	932381	601003
P35527	P35527	K1C9_HUMAN	KRT9	Keratin, type I cytoskeletal 9	1.08149e+08	3.30834e+08	9.28084e+07	1.52243e+08
P35542	P35542	SAA4_HUMAN	SAA4	Serum amyloid A-4 protein	3.86905e+06	5.24732e+06	5.3605e+06	5.29439e+06
P35555	P35555	FBN1_HUMAN	FBN1	Fibrillin-1	1.72115e+06	1.79508e+06	1.02824e+06	3.19336e+06
P35558	P35558	PCKGC_HUMAN	PCK1	Phosphoenolpyruvate carboxykinase, cytosolic [GTP]	890352	128236	1.65158e+06	1.89603e+06
P35573	P35573	GDE_HUMAN	AGL	Glycogen debranching enzyme	1.61594e+06	1.44999e+06	2.14808e+06	1.97112e+06
P35579	P35579	MYH9_HUMAN	MYH9	Myosin-9	5.31902e+07	7.67035e+07	1.89033e+07	3.16538e+07
P35580	P35580	MYH10_HUMAN	MYH10	Myosin-10	825420	727458		375986
P35606	P35606	COPB2_HUMAN	COPB2	Coatomer subunit beta'	1.09122e+07	9.34843e+06	3.33922e+06	1.23511e+07
P35609	P35609	ACTN2_HUMAN	ACTN2	Alpha-actinin-2	695535	784554	238935	368863
P35610	P35610	SOAT1_HUMAN	SOAT1	Sterol O-acyltransferase 1	1.82731e+06	1.29061e+06	643677	906519
P35611	P35611	ADDA_HUMAN	ADD1	Alpha-adducin	2.37084e+06	2.88684e+06	738156	2.23264e+06
P35612	P35612	ADDB_HUMAN	ADD2	Beta-adducin	955891	1.47853e+06		853589
P35613	P35613	BASI_HUMAN	BSG	Basigin	6.39115e+06	9.53187e+06	1.20694e+07	5.90041e+06
P35625	P35625	TIMP3_HUMAN	TIMP3	Metalloproteinase inhibitor 3	237536			
P35637	P35637	FUS_HUMAN	FUS	RNA-binding protein FUS	8.76174e+06	7.85157e+06	4.12824e+06	6.84074e+06
P35658	P35658	NU214_HUMAN	NUP214	Nuclear pore complex protein Nup214	1.52203e+06	1.14632e+06	512193	1.48707e+06
P35659	P35659	DEK_HUMAN	DEK	Protein DEK	3.53593e+06	2.46806e+06	1.91534e+06	2.23802e+06
P35749	P35749	MYH11_HUMAN	MYH11	Myosin-11	1.76371e+07	5.67275e+06	1.62682e+06	1.16604e+07
P35754	P35754	GLRX1_HUMAN	GLRX	Glutaredoxin-1	2.03493e+06	1.69263e+06	5.42619e+06	2.93765e+06
P35813	O75688;P35813	PPM1A_HUMAN	PPM1A	Protein phosphatase 1A	1.64952e+06	1.12452e+06	2.53138e+06	1.7434e+06
P35858	P35858	ALS_HUMAN	IGFALS	Insulin-like growth factor-binding protein complex acid labile subunit	981147	795307	891757	1.13607e+06
P35900	P35900	K1C20_HUMAN	KRT20	Keratin, type I cytoskeletal 20	2.94908e+06	486679	990132	6.30917e+06
P35908	P35908	K22E_HUMAN	KRT2	Keratin, type II cytoskeletal 2 epidermal	6.34807e+07	2.31224e+08	4.67794e+07	1.02484e+08
P35914	P35914	HMGCL_HUMAN	HMGCL	Hydroxymethylglutaryl-CoA lyase, mitochondrial	7.59515e+06	2.2712e+06	6.03128e+06	8.67104e+06
P35998	P35998	PRS7_HUMAN	PSMC2	26S proteasome regulatory subunit 7	5.71032e+06	2.28669e+06	2.41916e+06	6.56936e+06
P36222	P36222	CH3L1_HUMAN	CHI3L1	Chitinase-3-like protein 1	2.03166e+06	9.34539e+06	1.65037e+06	450715
P36269	P36269	GGT5_HUMAN	GGT5	Glutathione hydrolase 5 proenzyme	8.15248e+06	7.93584e+06	6.54135e+06	4.41319e+06
P36404	P36404	ARL2_HUMAN	ARL2	ADP-ribosylation factor-like protein 2	1.42544e+06	1.14893e+06	1.72962e+06	1.57946e+06
P36405	P36405	ARL3_HUMAN	ARL3	ADP-ribosylation factor-like protein 3	1.28722e+06	1.74048e+06	2.28379e+06	1.52295e+06
P36507	P36507	MP2K2_HUMAN	MAP2K2	Dual specificity mitogen-activated protein kinase kinase 2	3.40833e+06	1.93001e+06	4.82893e+06	3.95636e+06
P36542	P36542	ATPG_HUMAN	ATP5F1C	ATP synthase subunit gamma, mitochondrial	1.34058e+07	2.5052e+06	5.47667e+06	1.07921e+07
P36543	P36543;Q96A05	VATE1_HUMAN	ATP6V1E1	V-type proton ATPase subunit E 1	3.92263e+06	2.86634e+06	3.33736e+06	3.78726e+06
P36551	P36551	HEM6_HUMAN	CPOX	Oxygen-dependent coproporphyrinogen-III oxidase, mitochondrial	1.87902e+06	1.76902e+06	1.21615e+06	1.60006e+06
P36575	P36575	ARRC_HUMAN	ARR3	Arrestin-C	1.77872e+06	748808	1.90589e+06	1.57651e+06
P36578	P36578	RL4_HUMAN	RPL4	Large ribosomal subunit protein uL4	8.30594e+06	2.51269e+06	3.02297e+06	1.20995e+07
P36639	P36639	8ODP_HUMAN	NUDT1	Oxidized purine nucleoside triphosphate hydrolase	352608	412074	638257	389362
P36776	P36776	LONM_HUMAN	LONP1	Lon protease homolog, mitochondrial	3.21724e+06	1.71033e+06	1.15539e+06	2.80962e+06
P36871	P36871	PGM1_HUMAN	PGM1	Phosphoglucomutase-1	8.65462e+06	8.96773e+06	1.38387e+07	1.02011e+07
P36873	P36873	PP1G_HUMAN	PPP1CC	Serine/threonine-protein phosphatase PP1-gamma catalytic subunit	2.79867e+06	2.23674e+06	1.82397e+06	2.2228e+06
P36897	P36897	TGFR1_HUMAN	TGFBR1	TGF-beta receptor type-1	2.54331e+06	3.37031e+06		
P36915	P36915	GNL1_HUMAN	GNL1	Guanine nucleotide-binding protein-like 1	890273	930746	575383	730937
P36952	P36952	SPB5_HUMAN	SERPINB5	Serpin B5	357183	2.35046e+06	2.61847e+06	1.18226e+06
P36954	P36954	RPB9_HUMAN	POLR2I	DNA-directed RNA polymerase II subunit RPB9	250543			351000
P36955	P36955	PEDF_HUMAN	SERPINF1	Pigment epithelium-derived factor	5.4936e+06	6.68118e+06	3.19108e+06	3.88118e+06
P36957	P36957	ODO2_HUMAN	DLST	Dihydrolipoyllysine-residue succinyltransferase component of 2-oxoglutarate dehydrogenase complex, mitochondrial	1.48063e+07	9.62645e+06	4.61745e+06	1.52471e+07
P36959	P36959	GMPR1_HUMAN	GMPR	GMP reductase 1	571944	791261	464926	342302
P36969	P36969	GPX4_HUMAN	GPX4	Phospholipid hydroperoxide glutathione peroxidase	2.06542e+06	3.02997e+06	2.38006e+06	2.35785e+06
P36980	P36980	FHR2_HUMAN	CFHR2	Complement factor H-related protein 2	290520	825138	358250	382974
P37023	P37023	ACVL1_HUMAN	ACVRL1	Serine/threonine-protein kinase receptor R3	516124		345187	524829
P37059	P37059	DHB2_HUMAN	HSD17B2	17-beta-hydroxysteroid dehydrogenase type 2	2.66897e+06	1.89389e+06	2.64352e+06	4.49608e+06
P37108	P37108	SRP14_HUMAN	SRP14	Signal recognition particle 14 kDa protein	2.862e+06	1.6059e+06	3.09163e+06	3.50001e+06
P37198	P37198	NUP62_HUMAN	NUP62	Nuclear pore glycoprotein p62	2.08311e+06		1.44275e+06	2.78297e+06
P37235	P37235	HPCL1_HUMAN	HPCAL1	Hippocalcin-like protein 1	3.36015e+06	1.57499e+06	4.29709e+06	3.77555e+06
P37268	P37268	FDFT_HUMAN	FDFT1	Squalene synthase	1.08515e+06	502116	2.76524e+06	2.22683e+06
P37802	P37802	TAGL2_HUMAN	TAGLN2	Transgelin-2	5.3321e+07	2.08965e+07	6.75697e+07	3.92729e+07
P37837	P37837	TALDO_HUMAN	TALDO1	Transaldolase	2.79183e+07	5.85731e+07	5.14905e+07	2.68963e+07
P37840	P37840	SYUA_HUMAN	SNCA	Alpha-synuclein	3.63661e+06	2.15066e+06	2.61975e+06	2.63911e+06
P38117	P38117	ETFB_HUMAN	ETFB	Electron transfer flavoprotein subunit beta	1.05683e+07	4.08867e+06	1.14402e+07	1.17988e+07
P38159	P38159;Q96E39	RBMX_HUMAN	RBMX	RNA-binding motif protein, X chromosome	1.12299e+07	1.08114e+07	3.6083e+06	6.91176e+06
P38435	P38435	VKGC_HUMAN	GGCX	Vitamin K-dependent gamma-carboxylase	968826	877358	562306	440650
P38570	P38570	ITAE_HUMAN	ITGAE	Integrin alpha-E	865661	362562	756696	817272
P38571	P38571	LICH_HUMAN	LIPA	Lysosomal acid lipase/cholesteryl ester hydrolase	2.08993e+06	3.7966e+06	3.39623e+06	2.32393e+06
P38606	P38606	VATA_HUMAN	ATP6V1A	V-type proton ATPase catalytic subunit A	8.68197e+06	3.06456e+06	7.21466e+06	7.27879e+06
P38646	P38646	GRP75_HUMAN	HSPA9	Stress-70 protein, mitochondrial	3.04586e+07	2.95329e+07	2.12606e+07	3.20328e+07
P38919	P38919	IF4A3_HUMAN	EIF4A3	Eukaryotic initiation factor 4A-III	4.07203e+06	2.42663e+06	1.7893e+06	3.91936e+06
P39019	P39019	RS19_HUMAN	RPS19	Small ribosomal subunit protein eS19	9.97691e+06	1.80033e+06	4.42652e+06	1.11757e+07
P39023	P39023	RL3_HUMAN	RPL3	Large ribosomal subunit protein uL3	1.20148e+07	3.55999e+06	4.59631e+06	1.47713e+07
P39059	P39059	COFA1_HUMAN	COL15A1	Collagen alpha-1(XV) chain	1.55214e+07	2.09238e+07	7.30602e+06	3.16266e+06
P39060	P39060	COIA1_HUMAN	COL18A1	Collagen alpha-1(XVIII) chain	4.33961e+06	6.14714e+06	2.20622e+06	1.56458e+06
P39210	P39210	MPV17_HUMAN	MPV17	Protein Mpv17	452284	422362	290508	317621
P39656	P39656	OST48_HUMAN	DDOST	Dolichyl-diphosphooligosaccharide--protein glycosyltransferase 48 kDa subunit	2.44857e+07	2.99537e+07	2.13751e+07	2.20091e+07
P39687	P39687;O43423	AN32A_HUMAN	ANP32A	Acidic leucine-rich nuclear phosphoprotein 32 family member A	1.22401e+07	9.7483e+06	2.64012e+07	1.41864e+07
P39748	P39748	FEN1_HUMAN	FEN1	Flap endonuclease 1	2.02418e+06	1.14888e+06	1.959e+06	1.85949e+06
P39900	P39900	MMP12_HUMAN	MMP12	Macrophage metalloelastase	362462	950863		
P40121	P40121	CAPG_HUMAN	CAPG	Macrophage-capping protein	1.93134e+07	3.06388e+07	1.82242e+07	1.17335e+07
P40123	P40123	CAP2_HUMAN	CAP2	Adenylyl cyclase-associated protein 2	515909	329351	77415.6	368471
P40197	P40197	GPV_HUMAN	GP5	Platelet glycoprotein V	416800	164273		
P40199	P40199	CEAM6_HUMAN	CEACAM6	Carcinoembryonic antigen-related cell adhesion molecule 6	6.71088e+06	2.16691e+07	2.88157e+06	435480
P40222	P40222	TXLNA_HUMAN	TXLNA	Alpha-taxilin	476391	601415	356703	516546
P40227	P40227	TCPZ_HUMAN	CCT6A	T-complex protein 1 subunit zeta	1.0122e+07	5.09072e+06	6.37943e+06	1.04641e+07
P40261	P40261	NNMT_HUMAN	NNMT	Nicotinamide N-methyltransferase	8.78258e+06	1.13539e+07	6.13364e+06	2.77172e+06
P40305	P40305	IFI27_HUMAN	IFI27	Interferon alpha-inducible protein 27, mitochondrial		132585	1.03287e+06	
P40306	P40306	PSB10_HUMAN	PSMB10	Proteasome subunit beta type-10	4.68537e+06	3.9236e+06	6.21886e+06	4.45909e+06
P40429	P40429;Q6NVV1	RL13A_HUMAN	RPL13A	Large ribosomal subunit protein uL13	3.41524e+06	1.77423e+06	1.41302e+06	4.58613e+06
P40616	P40616	ARL1_HUMAN	ARL1	ADP-ribosylation factor-like protein 1	1.40325e+07	7.88057e+06	1.76298e+07	1.33542e+07
P40763	P40763	STAT3_HUMAN	STAT3	Signal transducer and activator of transcription 3	3.25476e+06	3.27335e+06	1.76197e+06	2.92182e+06
P40818	P40818	UBP8_HUMAN	USP8	Ubiquitin carboxyl-terminal hydrolase 8	401442	238933	284671	430901
P40879	P40879	S26A3_HUMAN	SLC26A3	Chloride anion exchanger	1.57008e+06	1.01682e+06	6.27035e+06	2.54365e+06
P40925	P40925	MDHC_HUMAN	MDH1	Malate dehydrogenase, cytoplasmic	3.80969e+07	4.12828e+07	5.27765e+07	4.34816e+07
P40926	P40926	MDHM_HUMAN	MDH2	Malate dehydrogenase, mitochondrial	4.20839e+07	3.14957e+07	5.25949e+07	4.19004e+07
P40937	P40937	RFC5_HUMAN	RFC5	Replication factor C subunit 5	580740		217718	490781
P40938	P40938	RFC3_HUMAN	RFC3	Replication factor C subunit 3	227657	189347	131781	204858
P40939	P40939	ECHA_HUMAN	HADHA	Trifunctional enzyme subunit alpha, mitochondrial	1.58934e+07	9.29297e+06	3.89666e+06	1.25796e+07
P40967	P40967	PMEL_HUMAN	PMEL	Melanocyte protein PMEL	385628	271252	2.1605e+06	421020
P41091	P41091	IF2G_HUMAN	EIF2S3	Eukaryotic translation initiation factor 2 subunit 3	2.75277e+06	2.66276e+06	2.4837e+06	2.60573e+06
P41208	P41208	CETN2_HUMAN	CETN2	Centrin-2	719564	1.03805e+06	366485	565356
P41214	P41214	EIF2D_HUMAN	EIF2D	Eukaryotic translation initiation factor 2D	119770	297657		108520
P41217	P41217	OX2G_HUMAN	CD200	OX-2 membrane glycoprotein	112166	63937.3	64716.6	
P41218	P41218	MNDA_HUMAN	MNDA	Myeloid cell nuclear differentiation antigen	6.23014e+06	2.8391e+07	3.76362e+06	1.16743e+06
P41219	P41219	PERI_HUMAN	PRPH	Peripherin	907863			316307
P41221;Q9H1J7	P41221;Q9H1J7	WNT5A_HUMAN;WNT5B_HUMAN	WNT5A;WNT5B	Protein Wnt-5a		117170	43780.5	36644.3
P41222	P41222	PTGDS_HUMAN	PTGDS	Prostaglandin-H2 D-isomerase	1.21531e+06	1.13932e+06	1.3485e+06	1.12754e+06
P41223	P41223	BUD31_HUMAN	BUD31	Protein BUD31 homolog	115642	176964	161537	100741
P41226	P41226	UBA7_HUMAN	UBA7	Ubiquitin-like modifier-activating enzyme 7	2.09621e+06	1.91351e+06	2.75092e+06	1.88985e+06
P41227	P41227;Q9BSU3	NAA10_HUMAN	NAA10	N-alpha-acetyltransferase 10	849664	682692	840712	832935
P41236	P41236	IPP2_HUMAN	PPP1R2	Protein phosphatase inhibitor 2	586128	231648	1.01101e+06	817306
P41240	P41240	CSK_HUMAN	CSK	Tyrosine-protein kinase CSK	3.14621e+06	3.44513e+06	2.02693e+06	2.48936e+06
P41247	P41247	PLPL4_HUMAN	PNPLA4	Patatin-like phospholipase domain-containing protein 4	248576		268541	287858
P41250	P41250	GARS_HUMAN	GARS1	Glycine--tRNA ligase	3.26579e+06	2.48335e+06	4.1519e+06	3.69893e+06
P41252	P41252	SYIC_HUMAN	IARS1	Isoleucine--tRNA ligase, cytoplasmic	3.3109e+06	2.19216e+06	761617	3.44619e+06
P41271	P41271	NBL1_HUMAN	NBL1	Neuroblastoma suppressor of tumorigenicity 1	498435		1.39652e+06	894027
P41567	P41567;O60739	EIF1_HUMAN	EIF1	Eukaryotic translation initiation factor 1	2.11503e+06	1.98592e+06	3.4155e+06	2.39655e+06
P41732	P41732	TSN7_HUMAN	TSPAN7	Tetraspanin-7	375071	180638	497247	1.01284e+06
P41743	P41743	KPCI_HUMAN	PRKCI	Protein kinase C iota type	641008	622880	438208	641626
P42025	P42025	ACTY_HUMAN	ACTR1B	Beta-centractin	2.54488e+06	1.19072e+06	1.17133e+06	2.43855e+06
P42126	P42126	ECI1_HUMAN	ECI1	Enoyl-CoA delta isomerase 1, mitochondrial	7.10979e+06	2.50418e+06	4.34822e+06	8.40243e+06
P42166	P42166	LAP2A_HUMAN	TMPO	Lamina-associated polypeptide 2, isoform alpha	442895	184939		400058
P42167	P42167	LAP2B_HUMAN	TMPO	Lamina-associated polypeptide 2, isoforms beta/gamma	1.5424e+07	4.46191e+06	6.59993e+06	1.15096e+07
P42224	P42224	STAT1_HUMAN	STAT1	Signal transducer and activator of transcription 1-alpha/beta	1.05236e+07	8.07307e+06	7.59281e+06	4.5781e+06
P42226	P42226	STAT6_HUMAN	STAT6	Signal transducer and activator of transcription 6	4.25747e+06	4.7208e+06	2.52443e+06	3.9473e+06
P42229	P42229	STA5A_HUMAN	STAT5A	Signal transducer and activator of transcription 5A	430358	563532	214319	264155
P42285	P42285	MTREX_HUMAN	MTREX	Exosome RNA helicase MTR4	942824	714856	117805	973978
P42330	P42330	AK1C3_HUMAN	AKR1C3	Aldo-keto reductase family 1 member C3	8.49412e+06	5.51365e+06	9.07913e+06	6.70647e+06
P42331	P42331	RHG25_HUMAN	ARHGAP25	Rho GTPase-activating protein 25	3.19477e+06	3.23804e+06	1.39553e+06	1.85839e+06
P42338	O00329;P42338	PK3CB_HUMAN	PIK3CB	Phosphatidylinositol 4,5-bisphosphate 3-kinase catalytic subunit beta isoform	116893	129344	65225.8	118595
P42345	P42345	MTOR_HUMAN	MTOR	Serine/threonine-protein kinase mTOR	980363	576861	531415	998667
P42356	P42356	PI4KA_HUMAN	PI4KA	Phosphatidylinositol 4-kinase alpha	403492	212994	135282	343168
P42357	P42357	HUTH_HUMAN	HAL	Histidine ammonia-lyase	217527	613076	126112	303016
P42566	P42566	EPS15_HUMAN	EPS15	Epidermal growth factor receptor substrate 15	1.54198e+06	647191	515033	1.47381e+06
P42574	P42574	CASP3_HUMAN	CASP3	Caspase-3	2.0065e+06	2.09331e+06	4.36703e+06	2.35693e+06
P42677	P42677;Q71UM5	RS27_HUMAN	RPS27	Small ribosomal subunit protein eS27	5.89355e+06	2.11779e+06	5.64591e+06	8.01063e+06
P42685	P42685	FRK_HUMAN	FRK	Tyrosine-protein kinase FRK			1.68123e+06	1.90086e+06
P42704	P42704	LPPRC_HUMAN	LRPPRC	Leucine-rich PPR motif-containing protein, mitochondrial	9.32464e+06	2.34792e+06	2.27951e+06	1.13775e+07
P42765	P42765	THIM_HUMAN	ACAA2	3-ketoacyl-CoA thiolase, mitochondrial	1.08238e+07	3.97041e+06	3.8769e+06	1.03977e+07
P42766	P42766	RL35_HUMAN	RPL35	Large ribosomal subunit protein uL29	3.33053e+06	135045	1.27939e+06	5.31922e+06
P42768	P42768	WASP_HUMAN	WAS	Actin nucleation-promoting factor WAS	1.44501e+06	1.04605e+06	913911	880550
P42785	P42785	PCP_HUMAN	PRCP	Lysosomal Pro-X carboxypeptidase	2.87548e+06	5.15699e+06	4.00763e+06	2.17509e+06
P42830	P42830	CXCL5_HUMAN	CXCL5	C-X-C motif chemokine 5		515929	67310.2	
P42858	P42858	HD_HUMAN	HTT	Huntingtin	742135	482683	271068	747402
P42892	P42892	ECE1_HUMAN	ECE1	Endothelin-converting enzyme 1	910532	1.04271e+06	1.56e+06	903252
P42898	P42898	MTHR_HUMAN	MTHFR	Methylenetetrahydrofolate reductase (NADPH)	166830	249955	299131	219607
P43007	P43007	SATT_HUMAN	SLC1A4	Neutral amino acid transporter A	908829	696851	2.48146e+06	1.42978e+06
P43034	P43034	LIS1_HUMAN	PAFAH1B1	Platelet-activating factor acetylhydrolase IB subunit beta	3.76873e+06	4.0532e+06	2.5909e+06	3.70001e+06
P43121	P43121	MUC18_HUMAN	MCAM	Cell surface glycoprotein MUC18	4.32306e+06	3.81349e+06	3.53082e+06	3.28269e+06
P43155	P43155	CACP_HUMAN	CRAT	Carnitine O-acetyltransferase	766325	524151	554488	713115
P43166	P43166	CAH7_HUMAN	CA7	Carbonic anhydrase 7			335636	416899
P43243	P43243	MATR3_HUMAN	MATR3	Matrin-3	2.61269e+06	2.14407e+06	508717	2.70305e+06
P43246	P43246	MSH2_HUMAN	MSH2	DNA mismatch repair protein Msh2	874055	475302	388599	943061
P43250	P34947;P43250	GRK6_HUMAN	GRK6	G protein-coupled receptor kinase 6	99841.2	175763	150611	
P43251	P43251	BTD_HUMAN	BTD	Biotinidase	1.2186e+06	921974	2.01642e+06	1.62827e+06
P43304	P43304	GPDM_HUMAN	GPD2	Glycerol-3-phosphate dehydrogenase, mitochondrial	7.44449e+06	5.34885e+06	4.7417e+06	6.36676e+06
P43307	P43307	SSRA_HUMAN	SSR1	Translocon-associated protein subunit alpha	1.47448e+07	1.96015e+07	1.54973e+07	1.48337e+07
P43353	P43353	AL3B1_HUMAN	ALDH3B1	Aldehyde dehydrogenase family 3 member B1	2.00492e+06	2.98397e+06	1.99433e+06	1.083e+06
P43378	P43378	PTN9_HUMAN	PTPN9	Tyrosine-protein phosphatase non-receptor type 9	644447	607707	296063	421570
P43403	P43403	ZAP70_HUMAN	ZAP70	Tyrosine-protein kinase ZAP-70	340491		199398	282133
P43405	P43405	KSYK_HUMAN	SYK	Tyrosine-protein kinase SYK	1.36056e+06	1.11281e+06	585607	1.06254e+06
P43487	P43487	RANG_HUMAN	RANBP1	Ran-specific GTPase-activating protein	3.72542e+06	2.35039e+06	6.63208e+06	4.45389e+06
P43490	P43490	NAMPT_HUMAN	NAMPT	Nicotinamide phosphoribosyltransferase	1.03469e+07	6.43098e+06	1.50293e+07	8.1631e+06
P43652	P43652	AFAM_HUMAN	AFM	Afamin	2.26729e+06	3.2796e+06	3.62136e+06	3.4705e+06
P43686	P43686	PRS6B_HUMAN	PSMC4	26S proteasome regulatory subunit 6B	4.08393e+06	1.55808e+06	1.86916e+06	4.94433e+06
P43897	P43897	EFTS_HUMAN	TSFM	Elongation factor Ts, mitochondrial	2.3565e+06	1.94564e+06	2.44051e+06	2.56461e+06
P45381	P45381	ACY2_HUMAN	ASPA	Aspartoacylase	519124		402912	663486
P45877	P45877	PPIC_HUMAN	PPIC	Peptidyl-prolyl cis-trans isomerase C	1.78982e+06	2.18768e+06	2.58121e+06	1.61059e+06
P45880	P45880	VDAC2_HUMAN	VDAC2	Voltage-dependent anion-selective channel protein 2	1.87832e+07	1.3238e+07	1.62446e+07	1.78321e+07
P45954	P45954	ACDSB_HUMAN	ACADSB	Short/branched chain specific acyl-CoA dehydrogenase, mitochondrial	2.62074e+06	897189	2.17617e+06	3.10584e+06
P45973	P45973	CBX5_HUMAN	CBX5	Chromobox protein homolog 5	211877	149977	108743	197374
P45974	P45974	UBP5_HUMAN	USP5	Ubiquitin carboxyl-terminal hydrolase 5	5.5028e+06	4.69046e+06	5.923e+06	6.54415e+06
P45983	P45983	MK08_HUMAN	MAPK8	Mitogen-activated protein kinase 8	115969		141702	123533
P45984	P45984	MK09_HUMAN	MAPK9	Mitogen-activated protein kinase 9	922747	642908	933142	1.10843e+06
P45985	P45985	MP2K4_HUMAN	MAP2K4	Dual specificity mitogen-activated protein kinase kinase 4	1.2297e+06	1.26977e+06	1.11693e+06	1.49916e+06
P46019	P46019	KPB2_HUMAN	PHKA2	Phosphorylase b kinase regulatory subunit alpha, liver isoform	528321	339760	175825	564772
P46060	P46060	RAGP1_HUMAN	RANGAP1	Ran GTPase-activating protein 1	2.55786e+06	1.61769e+06	1.00139e+06	2.4928e+06
P46063	P46063	RECQ1_HUMAN	RECQL	ATP-dependent DNA helicase Q1	1.10592e+07	1.0128e+07	2.05951e+06	5.97811e+06
P46087	P46087	NOP2_HUMAN	NOP2	Probable 28S rRNA (cytosine(4447)-C(5))-methyltransferase	767001		111922	413973
P46092	P46092	CCR10_HUMAN	CCR10	C-C chemokine receptor type 10	286901	259469	751130	622910
P46108	P46108	CRK_HUMAN	CRK	Adapter molecule crk	2.59669e+06	1.61865e+06	4.85021e+06	2.99893e+06
P46109	P46109	CRKL_HUMAN	CRKL	Crk-like protein	3.01474e+06	2.5136e+06	3.43668e+06	2.96297e+06
P46199	P46199	IF2M_HUMAN	MTIF2	Translation initiation factor IF-2, mitochondrial	360342		277196	278650
P46379	P46379	BAG6_HUMAN	BAG6	Large proline-rich protein BAG6	4.96331e+06	711538	3.4922e+06	5.63246e+06
P46459	P46459	NSF_HUMAN	NSF	Vesicle-fusing ATPase	5.24255e+06	3.26887e+06	2.94589e+06	6.16105e+06
P46527	P46527	CDN1B_HUMAN	CDKN1B	Cyclin-dependent kinase inhibitor 1B	266518	131722	377943	346426
P46734	P46734	MP2K3_HUMAN	MAP2K3	Dual specificity mitogen-activated protein kinase kinase 3	1.94852e+06	848761	1.51412e+06	1.78393e+06
P46736	P46736	BRCC3_HUMAN	BRCC3	Lys-63-specific deubiquitinase BRCC36	534666	356833	355479	607066
P46776	P46776	RL27A_HUMAN	RPL27A	Large ribosomal subunit protein uL15	2.01683e+07	4.37066e+06	7.97969e+06	2.28431e+07
P46777	P46777	RL5_HUMAN	RPL5	Large ribosomal subunit protein uL18	6.03366e+06	5.04168e+06	4.755e+06	5.90773e+06
P46778	P46778	RL21_HUMAN	RPL21	Large ribosomal subunit protein eL21	2.41283e+06	808053	1.13424e+06	3.5947e+06
P46779	P46779	RL28_HUMAN	RPL28	Large ribosomal subunit protein eL28	4.41864e+06	1.10326e+06	1.98172e+06	6.87768e+06
P46781	P46781	RS9_HUMAN	RPS9	Small ribosomal subunit protein uS4	2.13145e+07	1.64182e+07	9.59033e+06	2.31671e+07
P46782	P46782	RS5_HUMAN	RPS5	Small ribosomal subunit protein uS7	7.46104e+06	2.60151e+06	4.44787e+06	9.10207e+06
P46783	P46783;Q9NQ39	RS10_HUMAN	RPS10	Small ribosomal subunit protein eS10	5.09131e+06	2.37751e+06	3.17332e+06	5.91105e+06
P46821	P46821	MAP1B_HUMAN	MAP1B	Microtubule-associated protein 1B	730488	269731	52210	702778
P46926	P46926;Q8TDQ7	GNPI1_HUMAN	GNPDA1	Glucosamine-6-phosphate isomerase 1	2.96591e+06	4.71625e+06	3.45329e+06	3.56805e+06
P46934	P46934	NEDD4_HUMAN	NEDD4	E3 ubiquitin-protein ligase NEDD4	215878	445960	148570	208001
P46937	P46937	YAP1_HUMAN	YAP1	Transcriptional coactivator YAP1	1.06687e+06		1.08834e+06	1.01691e+06
P46939	P46939	UTRN_HUMAN	UTRN	Utrophin	7.27691e+06	5.36242e+06	1.94656e+06	6.48485e+06
P46940	P46940	IQGA1_HUMAN	IQGAP1	Ras GTPase-activating-like protein IQGAP1	1.3765e+07	1.14974e+07	5.56727e+06	1.23427e+07
P46952	P46952	3HAO_HUMAN	HAAO	3-hydroxyanthranilate 3,4-dioxygenase	1.50816e+06	2.54366e+06	4.68282e+06	3.34291e+06
P46976	P46976	GLYG_HUMAN	GYG1	Glycogenin-1	7.00191e+06	1.21411e+07	1.73255e+07	7.36477e+06
P46977	P46977	STT3A_HUMAN	STT3A	Dolichyl-diphosphooligosaccharide--protein glycosyltransferase subunit STT3A	1.11358e+07	8.8367e+06	7.98535e+06	1.03329e+07
P47224	P47224	MSS4_HUMAN	RABIF	Guanine nucleotide exchange factor MSS4	1.48852e+06	1.07151e+06	3.08915e+06	1.68208e+06
P47712	P47712	PA24A_HUMAN	PLA2G4A	Cytosolic phospholipase A2	1.15625e+06	1.79684e+06	1.10676e+06	1.1227e+06
P47736	P47736	RPGP1_HUMAN	RAP1GAP	Rap1 GTPase-activating protein 1	422271		165836	354544
P47755	P47755	CAZA2_HUMAN	CAPZA2	F-actin-capping protein subunit alpha-2	4.83669e+06	5.09232e+06	4.13176e+06	5.21023e+06
P47756	P47756	CAPZB_HUMAN	CAPZB	F-actin-capping protein subunit beta	1.4268e+07	2.12367e+07	1.25501e+07	1.36082e+07
P47813	P47813;O14602	IF1AX_HUMAN	EIF1AX	Eukaryotic translation initiation factor 1A, X-chromosomal	681500	220119	1.26207e+06	737839
P47895	P47895	AL1A3_HUMAN	ALDH1A3	Retinaldehyde dehydrogenase 3	1.4138e+06	600626	914744	1.37167e+06
P47897	P47897	SYQ_HUMAN	QARS1	Glutamine--tRNA ligase	1.44635e+07	1.14812e+07	8.0051e+06	1.75907e+07
P47914	P47914	RL29_HUMAN	RPL29	Large ribosomal subunit protein eL29	4.65012e+06	1.14867e+06	1.89249e+06	6.81951e+06
P47929	P47929	LEG7_HUMAN	LGALS7	Galectin-7	3.55368e+06	4.57085e+06	3.2288e+06	2.60664e+06
P47974	P47974;Q07352	TISD_HUMAN	ZFP36L2	mRNA decay activator protein ZFP36L2	216718		155689	521140
P47985	P47985;P0C7P4	UCRI_HUMAN	UQCRFS1	Cytochrome b-c1 complex subunit Rieske, mitochondrial	2.10957e+07	1.25174e+07	2.63628e+07	2.53627e+07
P47989	P47989	XDH_HUMAN	XDH	Xanthine dehydrogenase/oxidase	592359	1.39103e+06	666860	488993
P48047	P48047	ATPO_HUMAN	ATP5PO	ATP synthase subunit O, mitochondrial	1.72012e+07	4.72861e+06	7.10667e+06	1.50378e+07
P48059	P48059	LIMS1_HUMAN	LIMS1	LIM and senescent cell antigen-like-containing domain protein 1	3.22123e+06	2.41211e+06	629765	2.00398e+06
P48060	P48060	GLIP1_HUMAN	GLIPR1	Glioma pathogenesis-related protein 1	228377	565105	286751	
P48067	P48067	SC6A9_HUMAN	SLC6A9	Sodium- and chloride-dependent glycine transporter 1			176736	
P48147	P48147	PPCE_HUMAN	PREP	Prolyl endopeptidase	5.66541e+06	4.4946e+06	1.00392e+07	7.52734e+06
P48163	P48163	MAOX_HUMAN	ME1	NADP-dependent malic enzyme	1.47341e+06	2.20136e+06	2.56175e+06	2.2831e+06
P48200	P48200	IREB2_HUMAN	IREB2	Iron-responsive element-binding protein 2	1.37461e+06	1.13686e+06	948949	877567
P48426	P48426;P78356	PI42A_HUMAN	PIP4K2A	Phosphatidylinositol 5-phosphate 4-kinase type-2 alpha	1.27718e+06	991551	691333	649379
P48444	P48444	COPD_HUMAN	ARCN1	Coatomer subunit delta	6.44825e+06	5.84356e+06	2.7655e+06	6.44855e+06
P48449	P48449	LSS_HUMAN	LSS	Lanosterol synthase	2.96019e+06	2.84831e+06	5.53618e+06	4.25955e+06
P48506	P48506	GSH1_HUMAN	GCLC	Glutamate--cysteine ligase catalytic subunit	2.5046e+06	4.04313e+06	3.16361e+06	3.62351e+06
P48507	P48507	GSH0_HUMAN	GCLM	Glutamate--cysteine ligase regulatory subunit	1.39904e+06	1.68111e+06	1.33555e+06	1.35662e+06
P48509	P48509	CD151_HUMAN	CD151	CD151 antigen	3.17695e+06	2.6426e+06	6.88928e+06	4.46769e+06
P48553	P48553	TPC10_HUMAN	TRAPPC10	Trafficking protein particle complex subunit 10	278499	169588		231905
P48556	P48556	PSMD8_HUMAN	PSMD8	26S proteasome non-ATPase regulatory subunit 8	4.38004e+06	2.97745e+06	4.11602e+06	4.76193e+06
P48595	P48595	SPB10_HUMAN	SERPINB10	Serpin B10	501053	4.20032e+06	796207	
P48634	P48634	PRC2A_HUMAN	PRRC2A	Protein PRRC2A	237307			268639
P48637	P48637	GSHB_HUMAN	GSS	Glutathione synthetase	8.89182e+06	7.98773e+06	1.4642e+07	1.09256e+07
P48643	P48643	TCPE_HUMAN	CCT5	T-complex protein 1 subunit epsilon	6.1988e+06	3.47851e+06	4.4476e+06	7.14697e+06
P48651	P48651	PTSS1_HUMAN	PTDSS1	Phosphatidylserine synthase 1	1.70001e+06	1.90399e+06	588005	975643
P48681	P48681	NEST_HUMAN	NES	Nestin	1.23444e+06		466122	1.22825e+06
P48723	P48723	HSP13_HUMAN	HSPA13	Heat shock 70 kDa protein 13	1.70922e+06	2.14104e+06	3.25445e+06	1.6401e+06
P48728	P48728	GCST_HUMAN	AMT	Aminomethyltransferase, mitochondrial	845290	221577	577572	1.02274e+06
P48729	P48729;Q8N752	KC1A_HUMAN	CSNK1A1	Casein kinase I isoform alpha	875686	743953	544219	992584
P48730;P49674	P48730;P49674	KC1D_HUMAN;KC1E_HUMAN	CSNK1D;CSNK1E	Casein kinase I isoform delta	382443	354173	227589	351681
P48735	P48735	IDHP_HUMAN	IDH2	Isocitrate dehydrogenase [NADP], mitochondrial	1.49055e+07	7.55245e+06	1.61327e+07	1.89692e+07
P48739	P48739	PIPNB_HUMAN	PITPNB	Phosphatidylinositol transfer protein beta isoform	3.1462e+06	3.66709e+06	4.95128e+06	2.95866e+06
P48740	P48740	MASP1_HUMAN	MASP1	Mannan-binding lectin serine protease 1	549027	754352	681316	638503
P48960	P48960	AGRE5_HUMAN	ADGRE5	Adhesion G protein-coupled receptor E5	3.60656e+06	3.68704e+06	5.55472e+06	2.98593e+06
P49005	P49005	DPOD2_HUMAN	POLD2	DNA polymerase delta subunit 2	306153		136315	220126
P49006	P49006	MRP_HUMAN	MARCKSL1	MARCKS-related protein	3.7022e+06	924382	7.0524e+06	4.87311e+06
P49023	P49023	PAXI_HUMAN	PXN	Paxillin	641759	596737	400714	797273
P49137	P49137	MAPK2_HUMAN	MAPKAPK2	MAP kinase-activated protein kinase 2	2.75738e+06	3.768e+06	2.50679e+06	2.52153e+06
P49189	P49189	AL9A1_HUMAN	ALDH9A1	4-trimethylaminobutyraldehyde dehydrogenase	1.41423e+07	8.20506e+06	1.57513e+07	1.6823e+07
P49207	P49207	RL34_HUMAN	RPL34	Large ribosomal subunit protein eL34	7.91374e+06	2.06389e+06	5.43751e+06	1.70028e+07
P49247	P49247	RPIA_HUMAN	RPIA	Ribose-5-phosphate isomerase	3.72186e+06	4.6829e+06	2.50726e+06	3.32243e+06
P49257	P49257	LMAN1_HUMAN	LMAN1	Protein ERGIC-53	1.60576e+07	1.34857e+07	1.63349e+07	1.34317e+07
P49279	P49279	NRAM1_HUMAN	SLC11A1	Natural resistance-associated macrophage protein 1	452953	763208	135988	
P49321	P49321	NASP_HUMAN	NASP	Nuclear autoantigenic sperm protein	2.62739e+06	898386	4.19021e+06	3.10837e+06
P49326	P49326	FMO5_HUMAN	FMO5	Flavin-containing monooxygenase 5	843836	1.80354e+06	565810	826423
P49327	P49327	FAS_HUMAN	FASN	Fatty acid synthase	2.92746e+06	2.5293e+06	2.59852e+06	5.47357e+06
P49354	P49354	FNTA_HUMAN	FNTA	Protein farnesyltransferase/geranylgeranyltransferase type-1 subunit alpha	1.18222e+06	1.44087e+06	1.48545e+06	1.14497e+06
P49356	P49356	FNTB_HUMAN	FNTB	Protein farnesyltransferase subunit beta	507363	651828	761008	524390
P49366	P49366	DHYS_HUMAN	DHPS	Deoxyhypusine synthase	609183	506046	626115	604397
P49368	P49368	TCPG_HUMAN	CCT3	T-complex protein 1 subunit gamma	8.07154e+06	2.25189e+06	5.41911e+06	9.33836e+06
P49406	P49406	RM19_HUMAN	MRPL19	Large ribosomal subunit protein bL19m	1.39099e+06	796835	619589	1.65211e+06
P49407	P49407	ARRB1_HUMAN	ARRB1	Beta-arrestin-1	2.07799e+06	1.00609e+06	2.27624e+06	1.96897e+06
P49411	P49411	EFTU_HUMAN	TUFM	Elongation factor Tu, mitochondrial	2.08624e+07	3.12511e+06	1.06862e+07	2.17908e+07
P49419	P49419	AL7A1_HUMAN	ALDH7A1	Alpha-aminoadipic semialdehyde dehydrogenase	6.24441e+06	2.78738e+06	7.82724e+06	7.64139e+06
P49427	P49427	UB2R1_HUMAN	CDC34	Ubiquitin-conjugating enzyme E2 R1	644769	590155	816894	700743
P49441	P49441	INPP_HUMAN	INPP1	Inositol polyphosphate 1-phosphatase	715476	548578	1.73507e+06	1.12033e+06
P49447	P49447	CY561_HUMAN	CYB561	Transmembrane ascorbate-dependent reductase CYB561	653242	515240	872705	781051
P49458	P49458	SRP09_HUMAN	SRP9	Signal recognition particle 9 kDa protein	4.29931e+06	3.79389e+06	5.34593e+06	5.11326e+06
P49459	P49459	UBE2A_HUMAN	UBE2A	Ubiquitin-conjugating enzyme E2 A	745938	427638	1.3644e+06	
P49585	P49585	PCY1A_HUMAN	PCYT1A	Choline-phosphate cytidylyltransferase A	2.0788e+06	2.29974e+06	1.00457e+06	1.90278e+06
P49588	P49588	SYAC_HUMAN	AARS1	Alanine--tRNA ligase, cytoplasmic	2.96067e+06	3.56451e+06	3.90984e+06	3.65058e+06
P49589	P49589	SYCC_HUMAN	CARS1	Cysteine--tRNA ligase, cytoplasmic	2.81471e+06	3.92834e+06	2.27584e+06	3.13022e+06
P49590	P49590	SYHM_HUMAN	HARS2	Histidine--tRNA ligase, mitochondrial	1.33087e+06	800710	798720	1.69039e+06
P49591	P49591	SYSC_HUMAN	SARS1	Serine--tRNA ligase, cytoplasmic	4.25839e+06	2.35539e+06	4.15935e+06	5.37229e+06
P49593	P49593	PPM1F_HUMAN	PPM1F	Protein phosphatase 1F	3.80801e+06	1.09201e+06	3.47296e+06	2.85587e+06
P49641	P49641	MA2A2_HUMAN	MAN2A2	Alpha-mannosidase 2x	256609	143389	234583	
P49662	P49662	CASP4_HUMAN	CASP4	Caspase-4	627041	1.0586e+06	571265	341451
P49711;Q8NI51	P49711;Q8NI51	CTCFL_HUMAN;CTCF_HUMAN	CTCF;CTCFL	Transcriptional repressor CTCF				110197
P49720	P49720	PSB3_HUMAN	PSMB3	Proteasome subunit beta type-3	3.57048e+06	4.62316e+06	4.1466e+06	3.79788e+06
P49721	P49721	PSB2_HUMAN	PSMB2	Proteasome subunit beta type-2	8.22328e+06	1.0976e+07	8.46162e+06	9.65871e+06
P49736	P49736	MCM2_HUMAN	MCM2	DNA replication licensing factor MCM2	1.00359e+06	575340	884933	1.21367e+06
P49748	P49748	ACADV_HUMAN	ACADVL	Very long-chain specific acyl-CoA dehydrogenase, mitochondrial	1.11997e+07	1.20903e+07	6.82214e+06	1.17064e+07
P49750	P49750	YLPM1_HUMAN	YLPM1	YLP motif-containing protein 1	2.64599e+07	3.86871e+07	2.00504e+07	1.33986e+07
P49753	P49753;Q86TX2	ACOT2_HUMAN	ACOT2	Acyl-coenzyme A thioesterase 2, mitochondrial	4.32763e+06	2.36649e+06	2.46091e+06	3.79683e+06
P49754	P49754	VPS41_HUMAN	VPS41	Vacuolar protein sorting-associated protein 41 homolog	1.41771e+06	1.0278e+06		1.14152e+06
P49755	P49755	TMEDA_HUMAN	TMED10	Transmembrane emp24 domain-containing protein 10	1.98547e+07	1.48885e+07	2.58871e+07	1.82855e+07
P49756	P49756	RBM25_HUMAN	RBM25	RNA-binding protein 25	686543	464850		519389
P49757	P49757	NUMB_HUMAN	NUMB	Protein numb homolog	588985	489437	375751	518435
P49768	P49768	PSN1_HUMAN	PSEN1	Presenilin-1	1.31371e+06	428756	1.36781e+06	1.34328e+06
P49770	P49770	EI2BB_HUMAN	EIF2B2	Translation initiation factor eIF-2B subunit beta	1.63593e+06		1.70412e+06	1.9188e+06
P49773	P49773	HINT1_HUMAN	HINT1	Adenosine 5'-monophosphoramidase HINT1	9.55161e+06	6.25082e+06	1.40502e+07	1.12146e+07
P49788	P49788	TIG1_HUMAN	RARRES1	Retinoic acid receptor responder protein 1	308834	58742.9	302239	325761
P49789	P49789	FHIT_HUMAN	FHIT	Bis(5'-adenosyl)-triphosphatase	709104	520787	896676	842216
P49790	P49790	NU153_HUMAN	NUP153	Nuclear pore complex protein Nup153	478621	311413		321858
P49792	P49792	RBP2_HUMAN	RANBP2	E3 SUMO-protein ligase RanBP2	2.20769e+06	1.71812e+06	2.65586e+06	2.06485e+06
P49796	P49796	RGS3_HUMAN	RGS3	Regulator of G-protein signaling 3	82555.8	22346.6	53376.6	61825.2
P49815	P49815	TSC2_HUMAN	TSC2	Tuberin	302936			266325
P49821	P49821	NDUV1_HUMAN	NDUFV1	NADH dehydrogenase [ubiquinone] flavoprotein 1, mitochondrial	4.61533e+06	2.95089e+06	2.10391e+06	5.31161e+06
P49840	P49840	GSK3A_HUMAN	GSK3A	Glycogen synthase kinase-3 alpha	426265	428189	373088	442647
P49841	P49840;P49841	GSK3B_HUMAN	GSK3B	Glycogen synthase kinase-3 beta	634626	672085	569220	555931
P49848	P49848	TAF6_HUMAN	TAF6	Transcription initiation factor TFIID subunit 6	78097.7			82926.5
P49863	P49863	GRAK_HUMAN	GZMK	Granzyme K	987003	140224		313032
P49902	P49902	5NTC_HUMAN	NT5C2	Cytosolic purine 5'-nucleotidase	1.07549e+06	1.46794e+06	985614	1.10063e+06
P49903	P49903	SPS1_HUMAN	SEPHS1	Selenide, water dikinase 1	1.58574e+06	1.88309e+06	1.89948e+06	1.65397e+06
P49908	P49908	SEPP1_HUMAN	SELENOP	Selenoprotein P	1.13569e+06	1.07603e+06	985607	1.16895e+06
P49913	P49913	CAMP_HUMAN	CAMP	Cathelicidin antimicrobial peptide	9.94285e+06	1.32503e+08	1.88576e+07	1.3185e+06
P49914	P49914	MTHFS_HUMAN	MTHFS	5-formyltetrahydrofolate cyclo-ligase	646983	774306	1.51684e+06	734129
P49915	P49915	GUAA_HUMAN	GMPS	GMP synthase [glutamine-hydrolyzing]	2.3587e+06	1.55722e+06	2.50601e+06	2.2915e+06
P49916	P49916	DNLI3_HUMAN	LIG3	DNA ligase 3	490567	294959	139415	489244
P49959	P49959	MRE11_HUMAN	MRE11	Double-strand break repair protein MRE11	1.25545e+06	931942	78217.1	960640
P49961	P49961	ENTP1_HUMAN	ENTPD1	Ectonucleoside triphosphate diphosphohydrolase 1	4.81134e+06	5.59038e+06	6.27611e+06	3.93545e+06
P50135	P50135	HNMT_HUMAN	HNMT	Histamine N-methyltransferase	6.4534e+06	4.94914e+06	8.78358e+06	8.44952e+06
P50148	P50148	GNAQ_HUMAN	GNAQ	Guanine nucleotide-binding protein G(q) subunit alpha	4.41208e+06	3.11225e+06	4.26809e+06	3.76202e+06
P50213	P50213	IDH3A_HUMAN	IDH3A	Isocitrate dehydrogenase [NAD] subunit alpha, mitochondrial	5.69678e+06	630525	5.04515e+06	4.9694e+06
P50225	P50225;P50226	ST1A1_HUMAN	SULT1A1	Sulfotransferase 1A1	4.20119e+06	3.08961e+06	7.77807e+06	5.05064e+06
P50238	P50238	CRIP1_HUMAN	CRIP1	Cysteine-rich protein 1	1.98275e+07	6.5458e+06	2.4259e+07	2.51527e+07
P50281	P50281	MMP14_HUMAN	MMP14	Matrix metalloproteinase-14	1.70162e+07	1.27297e+07	7.97082e+06	8.13089e+06
P50336	P50336	PPOX_HUMAN	PPOX	Protoporphyrinogen oxidase	419989	188606	138515	393721
P50395	P50395	GDIB_HUMAN	GDI2	Rab GDP dissociation inhibitor beta	2.04121e+07	2.69628e+07	3.23876e+07	2.14623e+07
P50402	P50402	EMD_HUMAN	EMD	Emerin	1.67064e+06	976937	1.97002e+06	2.48445e+06
P50416	P50416	CPT1A_HUMAN	CPT1A	Carnitine O-palmitoyltransferase 1, liver isoform	5.13061e+06	3.76306e+06	4.03743e+06	5.06158e+06
P50440	P50440	GATM_HUMAN	GATM	Glycine amidinotransferase, mitochondrial	1.82902e+06	1.75237e+06	1.50616e+06	2.94551e+06
P50443	P50443	S26A2_HUMAN	SLC26A2	Sulfate transporter	902048	243310	1.14355e+06	1.89264e+06
P50452	P50452	SPB8_HUMAN	SERPINB8	Serpin B8	2.10795e+06	4.50606e+06	2.66927e+06	1.85818e+06
P50453	P50453	SPB9_HUMAN	SERPINB9	Serpin B9	5.43187e+06	6.8496e+06	5.1083e+06	3.6459e+06
P50454	P50454	SERPH_HUMAN	SERPINH1	Serpin H1	1.77515e+07	9.96536e+06	4.12419e+06	5.22324e+06
P50479	P50479	PDLI4_HUMAN	PDLIM4	PDZ and LIM domain protein 4	3.71976e+06	567179	237863	897473
P50502	P50502;Q8NFI4	F10A1_HUMAN	ST13	Hsc70-interacting protein	1.0163e+07	1.16425e+07	9.27283e+06	1.10795e+07
P50552	P50552	VASP_HUMAN	VASP	Vasodilator-stimulated phosphoprotein	6.58262e+06	5.90819e+06	4.14394e+06	5.20024e+06
P50570	P50570;Q9UQ16	DYN2_HUMAN	DNM2	Dynamin-2	2.264e+07	1.60856e+07	1.04959e+07	2.37669e+07
P50579	P50579	MAP2_HUMAN	METAP2	Methionine aminopeptidase 2	550229	663965	738607	438834
P50583	P50583	AP4A_HUMAN	NUDT2	Bis(5'-nucleosyl)-tetraphosphatase [asymmetrical]	1.05071e+06	992066	2.356e+06	1.13765e+06
P50613	P50613	CDK7_HUMAN	CDK7	Cyclin-dependent kinase 7	540654	539793	255496	435300
P50747	P50747	BPL1_HUMAN	HLCS	Biotin--protein ligase	84401.2	46475.4	101528	96722.8
P50749	P50749;Q9H2L5	RASF2_HUMAN	RASSF2	Ras association domain-containing protein 2	498019	815982	198110	359967
P50750	P50750	CDK9_HUMAN	CDK9	Cyclin-dependent kinase 9	575891	245581	157021	418084
P50851	P50851	LRBA_HUMAN	LRBA	Lipopolysaccharide-responsive and beige-like anchor protein	4.86415e+06	2.57534e+06	3.00469e+06	6.3396e+06
P50895	P50895	BCAM_HUMAN	BCAM	Basal cell adhesion molecule	1.4652e+06	773637	860714	1.03344e+06
P50897	P50897	PPT1_HUMAN	PPT1	Palmitoyl-protein thioesterase 1	5.35307e+06	3.97915e+06	7.03915e+06	3.75431e+06
P50914	P50914	RL14_HUMAN	RPL14	Large ribosomal subunit protein eL14	7.84775e+06	1.35627e+06	2.88968e+06	1.03498e+07
P50990	P50990	TCPQ_HUMAN	CCT8	T-complex protein 1 subunit theta	1.05841e+07	7.09781e+06	9.62463e+06	1.19018e+07
P50991	P50991	TCPD_HUMAN	CCT4	T-complex protein 1 subunit delta	9.80254e+06	3.61334e+06	7.41156e+06	1.06569e+07
P50995	P50995	ANX11_HUMAN	ANXA11	Annexin A11	6.3243e+06	7.80192e+06	8.5108e+06	5.54186e+06
P51003	P51003	PAPOA_HUMAN	PAPOLA	Poly(A) polymerase alpha	4.34505e+06	5.5219e+06	4.3607e+06	4.60745e+06
P51114	P51114	FXR1_HUMAN	FXR1	RNA-binding protein FXR1	1.59426e+06	1.03979e+06	340317	901132
P51116	P51116	FXR2_HUMAN	FXR2	RNA-binding protein FXR2	157068		50259.4	99489.7
P51148	P20339;P51148;P61020	RAB5C_HUMAN	RAB5C	Ras-related protein Rab-5C	1.29136e+07	1.03028e+07	1.92013e+07	1.14044e+07
P51149	P51149	RAB7A_HUMAN	RAB7A	Ras-related protein Rab-7a	1.99344e+07	2.79195e+07	3.14324e+07	1.86704e+07
P51151	P51151	RAB9A_HUMAN	RAB9A	Ras-related protein Rab-9A	1.26256e+06	672910	2.16702e+06	1.36567e+06
P51153	P51153	RAB13_HUMAN	RAB13	Ras-related protein Rab-13	3.69882e+06	3.7163e+06	3.05528e+06	2.72116e+06
P51159	P51159	RB27A_HUMAN	RAB27A	Ras-related protein Rab-27A	8.29507e+06	4.27766e+06	1.12185e+07	7.2416e+06
P51178	P51178	PLCD1_HUMAN	PLCD1	1-phosphatidylinositol 4,5-bisphosphate phosphodiesterase delta-1	1.75595e+06	1.57809e+06	2.31169e+06	2.53775e+06
P51397	P51397	DAP1_HUMAN	DAP	Death-associated protein 1	1.78934e+06		2.9574e+06	2.17043e+06
P51398	P51398	RT29_HUMAN	DAP3	Small ribosomal subunit protein mS29	2.81493e+06	2.08106e+06	1.13915e+06	3.57099e+06
P51452	P51452	DUS3_HUMAN	DUSP3	Dual specificity protein phosphatase 3	3.19063e+06	1.51988e+06	2.72315e+06	2.16316e+06
P51511	P51511	MMP15_HUMAN	MMP15	Matrix metalloproteinase-15			116626	
P51530	P51530	DNA2_HUMAN	DNA2	DNA replication ATP-dependent helicase/nuclease DNA2	84070.2	71066.8		63432.9
P51531	P51531;P51532	SMCA2_HUMAN	SMARCA2	Probable global transcription activator SNF2L2	840433	559552	165758	740058
P51532	P51532	SMCA4_HUMAN	SMARCA4	Transcription activator BRG1	681667			534411
P51553	P51553	IDH3G_HUMAN	IDH3G	Isocitrate dehydrogenase [NAD] subunit gamma, mitochondrial	3.77317e+06	1.66544e+06	3.11762e+06	3.33439e+06
P51570	P51570	GALK1_HUMAN	GALK1	Galactokinase	2.02565e+06	1.2529e+06	1.70843e+06	2.40696e+06
P51571	P51571	SSRD_HUMAN	SSR4	Translocon-associated protein subunit delta	1.42441e+07	6.6075e+06	1.80053e+07	1.19985e+07
P51572	P51572	BAP31_HUMAN	BCAP31	B-cell receptor-associated protein 31	1.24254e+07	1.19865e+07	8.56936e+06	9.92732e+06
P51575	P51575	P2RX1_HUMAN	P2RX1	P2X purinoceptor 1	309983	274267	338073	238947
P51580	P51580	TPMT_HUMAN	TPMT	Thiopurine S-methyltransferase	2.34136e+06	2.31131e+06	4.85146e+06	3.17111e+06
P51589	P51589	CP2J2_HUMAN	CYP2J2	Cytochrome P450 2J2	198445		380686	649185
P51606	P51606	RENBP_HUMAN	RENBP	N-acylglucosamine 2-epimerase	1.09348e+06	1.53058e+06	1.43038e+06	1.02509e+06
P51608	P51608	MECP2_HUMAN	MECP2	Methyl-CpG-binding protein 2	554690	192994	96391.6	221462
P51610	P51610	HCFC1_HUMAN	HCFC1	Host cell factor 1	5.01132e+06	3.91434e+06	1.71153e+06	4.56005e+06
P51636	P51636	CAV2_HUMAN	CAV2	Caveolin-2	628451	977899	249416	718910
P51648	P51648	AL3A2_HUMAN	ALDH3A2	Aldehyde dehydrogenase family 3 member A2	2.58524e+06	2.68254e+06	2.11778e+06	2.96634e+06
P51649	P51649	SSDH_HUMAN	ALDH5A1	Succinate-semialdehyde dehydrogenase, mitochondrial	3.66765e+06	1.69092e+06	1.39536e+06	3.55354e+06
P51659	P51659	DHB4_HUMAN	HSD17B4	Peroxisomal multifunctional enzyme type 2	8.94693e+06	9.08115e+06	4.97149e+06	8.74396e+06
P51665	P51665	PSMD7_HUMAN	PSMD7	26S proteasome non-ATPase regulatory subunit 7	3.41261e+06	4.06133e+06	1.21062e+06	3.51192e+06
P51668	P51668;Q9Y2X8	UB2D1_HUMAN	UBE2D1	Ubiquitin-conjugating enzyme E2 D1	1.84205e+06	1.92569e+06	2.46419e+06	1.65446e+06
P51687	P51687	SUOX_HUMAN	SUOX	Sulfite oxidase, mitochondrial	1.20312e+06	792358	1.09457e+06	1.00491e+06
P51688	P51688	SPHM_HUMAN	SGSH	N-sulphoglucosamine sulphohydrolase	1.52504e+06	1.58185e+06	2.50604e+06	1.70139e+06
P51690	P51690	ARSL_HUMAN	ARSL	Arylsulfatase L	509666	521392	1.12089e+06	713048
P51692	P51692	STA5B_HUMAN	STAT5B	Signal transducer and activator of transcription 5B	2.52907e+06	3.2315e+06	1.34051e+06	1.91468e+06
P51784	P51784	UBP11_HUMAN	USP11	Ubiquitin carboxyl-terminal hydrolase 11	322443	264863	177888	339249
P51790	P51790	CLCN3_HUMAN	CLCN3	H(+)/Cl(-) exchange transporter 3	775834	639833	925465	864155
P51798	P51798	CLCN7_HUMAN	CLCN7	H(+)/Cl(-) exchange transporter 7	1.29176e+06	697396	700953	667270
P51808	P51808	DYLT3_HUMAN	DYNLT3	Dynein light chain Tctex-type 3	784172	1.10051e+06		839185
P51809	P51809	VAMP7_HUMAN	VAMP7	Vesicle-associated membrane protein 7	805563	922866	757216	532882
P51812	P51812	KS6A3_HUMAN	RPS6KA3	Ribosomal protein S6 kinase alpha-3	2.24031e+06	1.42927e+06	1.75638e+06	2.44395e+06
P51858	P51858	HDGF_HUMAN	HDGF	Hepatoma-derived growth factor	8.71623e+06	1.41024e+07	9.1314e+06	8.9694e+06
P51884	P51884	LUM_HUMAN	LUM	Lumican	4.23681e+07	1.80602e+07	2.65185e+07	3.55503e+07
P51888	P51888	PRELP_HUMAN	PRELP	Prolargin	1.06922e+07	873652	1.80844e+06	4.24136e+06
P51911	P51911	CNN1_HUMAN	CNN1	Calponin-1	1.91812e+07	8.01382e+06	4.89982e+06	7.55676e+06
P51965	P51965;Q969T4;Q96LR5	UB2E1_HUMAN	UBE2E1	Ubiquitin-conjugating enzyme E2 E1	588179	689070	999861	670878
P51970	P51970	NDUA8_HUMAN	NDUFA8	NADH dehydrogenase [ubiquinone] 1 alpha subcomplex subunit 8	3.03661e+06	1.94215e+06	1.52669e+06	3.64261e+06
P51991	P51991	ROA3_HUMAN	HNRNPA3	Heterogeneous nuclear ribonucleoprotein A3	1.98551e+07	1.79262e+07	8.80231e+06	1.75827e+07
P51993	P51993	FUT6_HUMAN	FUT6	4-galactosyl-N-acetylglucosaminide 3-alpha-L-fucosyltransferase FUT6	746846	555076	1.33769e+06	830852
P52209	P52209	6PGD_HUMAN	PGD	6-phosphogluconate dehydrogenase, decarboxylating	1.68685e+07	4.69033e+07	2.31478e+07	1.47545e+07
P52272	P52272	HNRPM_HUMAN	HNRNPM	Heterogeneous nuclear ribonucleoprotein M	1.26133e+07	9.62124e+06	5.01344e+06	1.34944e+07
P52292	P52292	IMA1_HUMAN	KPNA2	Importin subunit alpha-1	746013	279729	524075	715815
P52294	P52294	IMA5_HUMAN	KPNA1	Importin subunit alpha-5	382413	308092	341910	426361
P52298	P52298	NCBP2_HUMAN	NCBP2	Nuclear cap-binding protein subunit 2	1.13531e+06	778496	1.03062e+06	1.19583e+06
P52306	P52306	GDS1_HUMAN	RAP1GDS1	Rap1 GTPase-GDP dissociation stimulator 1	882849	511418	794430	1.07214e+06
P52434	P52434	RPAB3_HUMAN	POLR2H	DNA-directed RNA polymerases I, II, and III subunit RPABC3	1.6629e+06	1.07102e+06	1.91357e+06	1.6315e+06
P52564	P52564	MP2K6_HUMAN	MAP2K6	Dual specificity mitogen-activated protein kinase kinase 6	1.89281e+06	409312	2.00009e+06	2.5224e+06
P52565	P52565	GDIR1_HUMAN	ARHGDIA	Rho GDP-dissociation inhibitor 1	2.57297e+07	3.32869e+07	5.65131e+07	2.86399e+07
P52566	P52566	GDIR2_HUMAN	ARHGDIB	Rho GDP-dissociation inhibitor 2	2.99569e+07	7.02258e+07	5.07409e+07	1.94333e+07
P52594	P52594;O95081	AGFG1_HUMAN	AGFG1	Arf-GAP domain and FG repeat-containing protein 1	1.07274e+06	1.20781e+06	1.12915e+06	1.01994e+06
P52597	P52597	HNRPF_HUMAN	HNRNPF	Heterogeneous nuclear ribonucleoprotein F	6.29617e+06	6.44859e+06	6.29467e+06	8.78592e+06
P52630	P52630	STAT2_HUMAN	STAT2	Signal transducer and activator of transcription 2	7.15558e+06	5.67641e+06	3.24663e+06	4.8392e+06
P52655	P52655	TF2AA_HUMAN	GTF2A1	Transcription initiation factor IIA subunit 1	410788	348598	485633	489061
P52657	P52657	T2AG_HUMAN	GTF2A2	Transcription initiation factor IIA subunit 2	457084	243899	549244	550805
P52701	P52701	MSH6_HUMAN	MSH6	DNA mismatch repair protein Msh6	453703	112389	170493	473956
P52735	P52735	VAV2_HUMAN	VAV2	Guanine nucleotide exchange factor VAV2	392240	650508	159841	457013
P52758	P52758	RIDA_HUMAN	RIDA	2-iminobutanoate/2-iminopropanoate deaminase	1.19974e+06	676283	1.42392e+06	1.14334e+06
P52788	P52788	SPSY_HUMAN	SMS	Spermine synthase	1.62701e+06	1.17398e+06	1.8768e+06	2.12944e+06
P52789	P52789	HXK2_HUMAN	HK2	Hexokinase-2	3.56177e+06	2.08718e+06	3.06e+06	3.07987e+06
P52790	P52790	HXK3_HUMAN	HK3	Hexokinase-3	2.23487e+06	6.66427e+06	1.5094e+06	590199
P52799	P52799	EFNB2_HUMAN	EFNB2	Ephrin-B2	974802		1.55272e+06	904154
P52815	P52815	RM12_HUMAN	MRPL12	Large ribosomal subunit protein bL12m	2.78807e+06	300406	1.63436e+06	4.28951e+06
P52824	P52824	DGKQ_HUMAN	DGKQ	Diacylglycerol kinase theta	182053	100714	78029.4	193228
P52888	P52888	THOP1_HUMAN	THOP1	Thimet oligopeptidase	1.33632e+06	1.93208e+06	1.49344e+06	1.45104e+06
P52895	P52895;Q04828	AK1C2_HUMAN	AKR1C2	Aldo-keto reductase family 1 member C2	940755	755854	1.13807e+06	945146
P52907	P52907	CAZA1_HUMAN	CAPZA1	F-actin-capping protein subunit alpha-1	1.42849e+07	1.91772e+07	1.34743e+07	1.44927e+07
P52943	P52943	CRIP2_HUMAN	CRIP2	Cysteine-rich protein 2	5.85909e+06	868602	730932	4.34286e+06
P52948	P52948	NUP98_HUMAN	NUP98	Nuclear pore complex protein Nup98-Nup96	1.46838e+06	1.19249e+06	624812	1.32803e+06
P53004	P53004	BIEA_HUMAN	BLVRA	Biliverdin reductase A	6.00054e+06	1.16934e+07	7.72223e+06	4.71428e+06
P53007	P53007	TXTP_HUMAN	SLC25A1	Tricarboxylate transport protein, mitochondrial	6.04316e+06	1.95352e+06	4.66925e+06	5.55293e+06
P53041	P53041	PPP5_HUMAN	PPP5C	Serine/threonine-protein phosphatase 5	1.77403e+06	1.5869e+06	2.00232e+06	1.96111e+06
P53365	P53365	ARFP2_HUMAN	ARFIP2	Arfaptin-2	1.95188e+06	618083	2.86187e+06	2.27495e+06
P53367	P53367	ARFP1_HUMAN	ARFIP1	Arfaptin-1	3.78383e+06	1.13122e+06	4.66745e+06	4.18453e+06
P53370	P53370	NUDT6_HUMAN	NUDT6	Nucleoside diphosphate-linked moiety X motif 6	422345	244491	280560	547923
P53384	P53384	NUBP1_HUMAN	NUBP1	Cytosolic Fe-S cluster assembly factor NUBP1	1.46679e+06	554808	2.07376e+06	1.70565e+06
P53396	P53396	ACLY_HUMAN	ACLY	ATP-citrate synthase	3.54406e+06	4.88132e+06	2.12941e+06	3.97005e+06
P53582	P53582	MAP11_HUMAN	METAP1	Methionine aminopeptidase 1	943457	763483	769473	792416
P53597	P53597	SUCA_HUMAN	SUCLG1	Succinate--CoA ligase [ADP/GDP-forming] subunit alpha, mitochondrial	1.38288e+07	3.051e+06	1.16768e+07	1.44968e+07
P53602	P53602	MVD1_HUMAN	MVD	Diphosphomevalonate decarboxylase	1.26613e+06	1.17485e+06	4.48324e+06	1.94482e+06
P53609	P53609	PGTB1_HUMAN	PGGT1B	Geranylgeranyl transferase type-1 subunit beta	950445	1.0854e+06	1.07753e+06	1.05953e+06
P53611	P53611	PGTB2_HUMAN	RABGGTB	Geranylgeranyl transferase type-2 subunit beta	593633	353467	872793	845308
P53618	P53618	COPB_HUMAN	COPB1	Coatomer subunit beta	1.76425e+07	6.87009e+06	3.29615e+06	1.90279e+07
P53621	P53621	COPA_HUMAN	COPA	Coatomer subunit alpha	1.10866e+07	9.72854e+06	1.93988e+06	1.14617e+07
P53634	P53634	CATC_HUMAN	CTSC	Dipeptidyl peptidase 1	1.30743e+07	2.03448e+07	3.17651e+07	1.78842e+07
P53680	P53680	AP2S1_HUMAN	AP2S1	AP-2 complex subunit sigma	6.50892e+06	7.57696e+06	3.82021e+06	5.58752e+06
P53701	P53701	CCHL_HUMAN	HCCS	Holocytochrome c-type synthase	911138	689786	1.25268e+06	981411
P53801	P53801	PTTG_HUMAN	PTTG1IP	Pituitary tumor-transforming gene 1 protein-interacting protein	705685	1.03871e+06	986958	670650
P53814	P53814	SMTN_HUMAN	SMTN	Smoothelin	2.06017e+06	749530	413049	1.02263e+06
P53816;Q96KN8;Q9UL19	P53816;Q96KN8;Q9UL19	PLAT3_HUMAN;PLAT4_HUMAN;PLAT5_HUMAN	PLAAT3;PLAAT4;PLAAT5	Phospholipase A and acyltransferase 3	53386.3	27973.9		
P53985	P53985	MOT1_HUMAN	SLC16A1	Monocarboxylate transporter 1	877723	1.19594e+06	1.23812e+06	1.25971e+06
P53990	P53990	IST1_HUMAN	IST1	IST1 homolog	2.61721e+06	1.73783e+06	2.05214e+06	2.68342e+06
P53992	P53992	SC24C_HUMAN	SEC24C	Protein transport protein Sec24C	3.13453e+06	3.92826e+06	2.12016e+06	3.2971e+06
P53999	P53999	TCP4_HUMAN	SUB1	Activated RNA polymerase II transcriptional coactivator p15	1.05593e+07	1.21773e+07	1.47975e+07	1.1121e+07
P54105	P54105	ICLN_HUMAN	CLNS1A	Methylosome subunit pICln	1.13847e+06	387576	1.73042e+06	1.77441e+06
P54108	P54108	CRIS3_HUMAN	CRISP3	Cysteine-rich secretory protein 3	187772	3.54454e+06	858543	
P54136	P54136	SYRC_HUMAN	RARS1	Arginine--tRNA ligase, cytoplasmic	5.19999e+06	2.35377e+06	1.95042e+06	5.28251e+06
P54252	P54252	ATX3_HUMAN	ATXN3	Ataxin-3	466573		461893	559276
P54289	P54289	CA2D1_HUMAN	CACNA2D1	Voltage-dependent calcium channel subunit alpha-2/delta-1	1.2539e+06	1.54464e+06	1.51457e+06	1.00057e+06
P54577	P54577	SYYC_HUMAN	YARS1	Tyrosine--tRNA ligase, cytoplasmic	5.77313e+06	3.93284e+06	5.43877e+06	5.27095e+06
P54578	P54578	UBP14_HUMAN	USP14	Ubiquitin carboxyl-terminal hydrolase 14	4.69906e+06	6.36762e+06	4.65842e+06	4.71213e+06
P54619	P54619	AAKG1_HUMAN	PRKAG1	5'-AMP-activated protein kinase subunit gamma-1	3.52355e+06	2.65225e+06	1.74753e+06	3.49777e+06
P54652	P54652	HSP72_HUMAN	HSPA2	Heat shock-related 70 kDa protein 2	5.90899e+06	5.91525e+06	2.93371e+06	5.70579e+06
P54687	P54687	BCAT1_HUMAN	BCAT1	Branched-chain-amino-acid aminotransferase, cytosolic	1.01944e+06	1.50011e+06	898429	
P54709	P54709	AT1B3_HUMAN	ATP1B3	Sodium/potassium-transporting ATPase subunit beta-3	8.11326e+06	6.25979e+06	1.08838e+07	7.14796e+06
P54725	P54725	RD23A_HUMAN	RAD23A	UV excision repair protein RAD23 homolog A	3.06646e+06	1.6535e+06	4.5165e+06	3.29577e+06
P54727	P54725;P54727	RD23B_HUMAN	RAD23B	UV excision repair protein RAD23 homolog B	7.46499e+06	4.51547e+06	1.2299e+07	7.68704e+06
P54753	P54753	EPHB3_HUMAN	EPHB3	Ephrin type-B receptor 3	1.56634e+06	1.18404e+06	2.34182e+06	1.97228e+06
P54760	P54760	EPHB4_HUMAN	EPHB4	Ephrin type-B receptor 4	330485	237254	415955	505780
P54802	P54802	ANAG_HUMAN	NAGLU	Alpha-N-acetylglucosaminidase	1.37153e+06	1.71786e+06	3.73246e+06	1.57612e+06
P54803	P54803	GALC_HUMAN	GALC	Galactocerebrosidase	967711	1.54645e+06	1.3729e+06	924894
P54819	P54819	KAD2_HUMAN	AK2	Adenylate kinase 2, mitochondrial	1.26104e+07	9.72058e+06	1.53183e+07	1.02937e+07
P54852	P54852	EMP3_HUMAN	EMP3	Epithelial membrane protein 3	826156	1.29619e+06	1.22921e+06	811473
P54868	P54868	HMCS2_HUMAN	HMGCS2	Hydroxymethylglutaryl-CoA synthase, mitochondrial	3.98256e+06	3.37949e+06	9.41229e+06	3.25275e+07
P54886	P54886	P5CS_HUMAN	ALDH18A1	Delta-1-pyrroline-5-carboxylate synthase	2.67593e+06	774517	1.07673e+06	2.83452e+06
P54920	P54920	SNAA_HUMAN	NAPA	Alpha-soluble NSF attachment protein	1.50503e+07	4.75602e+06	1.72829e+07	1.57236e+07
P54922	P54922	ADPRH_HUMAN	ADPRH	ADP-ribosylhydrolase ARH1	711782	972340	721835	470546
P55008	P55008	AIF1_HUMAN	AIF1	Allograft inflammatory factor 1	2.35876e+06	2.80522e+06	4.46664e+06	2.25404e+06
P55010	P55010	IF5_HUMAN	EIF5	Eukaryotic translation initiation factor 5	1.61145e+06	1.39907e+06	1.52625e+06	1.57035e+06
P55011	P55011	S12A2_HUMAN	SLC12A2	Solute carrier family 12 member 2	5.12567e+06	1.6743e+06	7.80868e+06	8.56705e+06
P55036	P55036	PSMD4_HUMAN	PSMD4	26S proteasome non-ATPase regulatory subunit 4	2.01017e+06	1.06438e+06	1.57791e+06	2.17873e+06
P55039	P55039	DRG2_HUMAN	DRG2	Developmentally-regulated GTP-binding protein 2	2.2215e+06	2.10131e+06	2.02473e+06	2.54242e+06
P55056	P55056	APOC4_HUMAN	APOC4	Apolipoprotein C-IV	259783		295994	241287
P55058	P55058	PLTP_HUMAN	PLTP	Phospholipid transfer protein	566266	652913	596713	414399
P55060	P55060	XPO2_HUMAN	CSE1L	Exportin-2	5.04562e+06	4.93842e+06	3.35609e+06	5.38981e+06
P55061	P55061	BI1_HUMAN	TMBIM6	Bax inhibitor 1	1.14753e+06	1.07002e+06	1.01271e+06	985152
P55072	P55072	TERA_HUMAN	VCP	Transitional endoplasmic reticulum ATPase	2.2797e+07	2.91244e+07	1.96211e+07	2.54214e+07
P55083	P55083	MFAP4_HUMAN	MFAP4	Microfibril-associated glycoprotein 4	6.06765e+06	4.4887e+06	6.94328e+06	8.66383e+06
P55084	P55084	ECHB_HUMAN	HADHB	Trifunctional enzyme subunit beta, mitochondrial	3.41639e+07	1.89824e+07	1.02411e+07	2.85226e+07
P55145	P55145	MANF_HUMAN	MANF	Mesencephalic astrocyte-derived neurotrophic factor	3.81132e+06	6.78669e+06	7.74736e+06	4.29546e+06
P55160	P55160	NCKPL_HUMAN	NCKAP1L	Nck-associated protein 1-like	2.76699e+06	2.54387e+06	820102	2.358e+06
P55196	P55196	AFAD_HUMAN	AFDN	Afadin	1.6381e+06	1.20933e+06	530444	1.65138e+06
P55209	P55209	NP1L1_HUMAN	NAP1L1	Nucleosome assembly protein 1-like 1	2.92934e+06	1.95552e+06	2.67333e+06	2.46633e+06
P55210	P55210	CASP7_HUMAN	CASP7	Caspase-7	1.37323e+06	770478	2.11087e+06	1.30866e+06
P55212	P55212	CASP6_HUMAN	CASP6	Caspase-6	2.7245e+06	1.40762e+06	5.65341e+06	4.53031e+06
P55263	P55263	ADK_HUMAN	ADK	Adenosine kinase	3.9143e+06	4.68876e+06	6.72143e+06	4.56392e+06
P55265	P55265	DSRAD_HUMAN	ADAR	Double-stranded RNA-specific adenosine deaminase	1.77811e+06	2.07441e+06	629628	1.18988e+06
P55268	P55268	LAMB2_HUMAN	LAMB2	Laminin subunit beta-2	1.18591e+06	1.02206e+06	459011	577016
P55287	P55287	CAD11_HUMAN	CDH11	Cadherin-11	602010		263136	356525
P55290	P55290	CAD13_HUMAN	CDH13	Cadherin-13	1.36599e+06	1.29701e+06	1.11033e+06	872435
P55327	P55327	TPD52_HUMAN	TPD52	Tumor protein D52	9.21635e+06	1.55645e+06	2.21409e+07	1.31254e+07
P55735	P55735	SEC13_HUMAN	SEC13	Protein SEC13 homolog	3.57938e+06	4.70797e+06	4.73173e+06	5.72821e+06
P55769	P55769	NH2L1_HUMAN	SNU13	NHP2-like protein 1	2.46038e+06	1.71458e+06	1.55334e+06	1.96641e+06
P55786	P55786;A6NEC2	PSA_HUMAN	NPEPPS	Puromycin-sensitive aminopeptidase	5.10044e+06	4.21247e+06	4.34267e+06	5.39613e+06
P55789	P55789	ALR_HUMAN	GFER	FAD-linked sulfhydryl oxidase ALR	428753	292607	446671	450808
P55795	P55795	HNRH2_HUMAN	HNRNPH2	Heterogeneous nuclear ribonucleoprotein H2	2.48643e+06	2.4877e+06	1.80792e+06	2.55116e+06
P55809	P55809;Q9BYC2	SCOT1_HUMAN	OXCT1	Succinyl-CoA:3-ketoacid coenzyme A transferase 1, mitochondrial	4.0635e+06	1.6003e+06	5.24231e+06	4.50561e+06
P55854	P55854	SUMO3_HUMAN	SUMO3	Small ubiquitin-related modifier 3	225703	199431	159548	101826
P55884	P55884	EIF3B_HUMAN	EIF3B	Eukaryotic translation initiation factor 3 subunit B	6.26561e+06	7.35153e+06	2.1376e+06	6.54477e+06
P55899	P55899	FCGRN_HUMAN	FCGRT	IgG receptor FcRn large subunit p51	1.60383e+06	1.1108e+06	2.6271e+06	1.763e+06
P55957	P55957	BID_HUMAN	BID	BH3-interacting domain death agonist	1.0286e+06	356049	2.79242e+06	1.16182e+06
P56134	P56134	ATPK_HUMAN	ATP5MF	ATP synthase subunit f, mitochondrial	4.73268e+07	2.85827e+07	2.84426e+07	4.97088e+07
P56181	P56181	NDUV3_HUMAN	NDUFV3	NADH dehydrogenase [ubiquinone] flavoprotein 3, mitochondrial	1.66788e+06	1.17544e+06	908713	2.05972e+06
P56192	P56192	SYMC_HUMAN	MARS1	Methionine--tRNA ligase, cytoplasmic	3.26707e+06	1.02892e+06	1.15884e+06	3.07653e+06
P56199	P56199	ITA1_HUMAN	ITGA1	Integrin alpha-1	4.34919e+06	3.0271e+06	3.16926e+06	2.45795e+06
P56211	P56211	ARP19_HUMAN	ARPP19	cAMP-regulated phosphoprotein 19	312090		846721	759731
P56277	P56277	CMC4_HUMAN	CMC4	Cx9C motif-containing protein 4	398599	225788	573286	333596
P56377	P56377	AP1S2_HUMAN	AP1S2	AP-1 complex subunit sigma-2	964796	1.46836e+06	350179	678092
P56378	P56378	ATP68_HUMAN	ATP5MJ	ATP synthase subunit ATP5MJ, mitochondrial	6.22879e+06	2.29471e+06	9.94701e+06	5.80582e+06
P56381;Q5VTU8	P56381;Q5VTU8	AT5EL_HUMAN;ATP5E_HUMAN	ATP5F1E;ATP5F1EP2	ATP synthase subunit epsilon, mitochondrial	2.17053e+07	4.1165e+06	2.065e+07	2.34856e+07
P56385	P56385	ATP5I_HUMAN	ATP5ME	ATP synthase subunit e, mitochondrial	1.09506e+07	195570	8.05956e+06	1.34272e+07
P56470	P56470	LEG4_HUMAN	LGALS4	Galectin-4	1.10499e+08	3.12156e+07	1.7608e+08	1.64243e+08
P56537	P56537	IF6_HUMAN	EIF6	Eukaryotic translation initiation factor 6	7.74788e+06	9.51322e+06	1.73216e+07	9.76154e+06
P56545	P56545	CTBP2_HUMAN	CTBP2	C-terminal-binding protein 2	1.2585e+06	363231	1.03493e+06	1.27975e+06
P56556	P56556	NDUA6_HUMAN	NDUFA6	NADH dehydrogenase [ubiquinone] 1 alpha subcomplex subunit 6	3.83309e+06	2.09329e+06	1.80489e+06	3.87361e+06
P56937	P56937	DHB7_HUMAN	HSD17B7	3-keto-steroid reductase/17-beta-hydroxysteroid dehydrogenase 7	543724	288712	846207	573362
P56945	P56945	BCAR1_HUMAN	BCAR1	Breast cancer anti-estrogen resistance protein 1	487723	202467	314107	407741
P56962	P56962	STX17_HUMAN	STX17	Syntaxin-17	1.03029e+06	266164	682129	950192
P57057	P57057	G6PT2_HUMAN	SLC37A1	Glucose-6-phosphate exchanger SLC37A1	143452		185053	118782
P57081	P57081	WDR4_HUMAN	WDR4	tRNA (guanine-N(7)-)-methyltransferase non-catalytic subunit WDR4	490428	532969	680113	631888
P57087	P57087	JAM2_HUMAN	JAM2	Junctional adhesion molecule B	236067	240809	394777	335823
P57088	P57088	TMM33_HUMAN	TMEM33	Transmembrane protein 33	5.54991e+06	5.27641e+06	4.01042e+06	4.49214e+06
P57105	P57105	SYJ2B_HUMAN	SYNJ2BP	Synaptojanin-2-binding protein	2.3774e+06	1.43524e+06	3.58522e+06	2.28673e+06
P57678	P57678	GEMI4_HUMAN	GEMIN4	Gem-associated protein 4	92605		40373.9	126640
P57721	P57721	PCBP3_HUMAN	PCBP3	Poly(rC)-binding protein 3		734970	798235	
P57735	P57735	RAB25_HUMAN	RAB25	Ras-related protein Rab-25	3.30708e+06	577797	6.93599e+06	4.61739e+06
P57737	P57737	CORO7_HUMAN	CORO7	Coronin-7	8.22285e+06	9.1349e+06	7.52571e+06	8.59191e+06
P57740	P57740	NU107_HUMAN	NUP107	Nuclear pore complex protein Nup107	746973	407702	794524	652219
P57764	P57764	GSDMD_HUMAN	GSDMD	Gasdermin-D	4.66012e+06	2.87845e+06	8.25703e+06	4.02116e+06
P57772	P57772	SELB_HUMAN	EEFSEC	Selenocysteine-specific elongation factor	1.01534e+06	845160	1.0269e+06	1.02122e+06
P58107	P58107	EPIPL_HUMAN	EPPK1	Epiplakin	514595	496802	405969	1.11518e+06
P58335	P58335	ANTR2_HUMAN	ANTXR2	Anthrax toxin receptor 2	290528	178393	252666	210736
P58546	P58546	MTPN_HUMAN	MTPN	Myotrophin	3.76006e+06	1.23562e+06	5.25806e+06	5.26949e+06
P59190	P59190	RAB15_HUMAN	RAB15	Ras-related protein Rab-15	358565		319527	404491
P59665	P59665	DEF1_HUMAN	DEFA1	Neutrophil defensin 1		707233	79571.7	
P59666	P59665;P59666	DEF3_HUMAN	DEFA3	Neutrophil defensin 3	9.66431e+07	9.13009e+08	1.31113e+08	8.83537e+06
P59768	P59768	GBG2_HUMAN	GNG2	Guanine nucleotide-binding protein G(I)/G(S)/G(O) subunit gamma-2		162915	201446	185252
P59998	P59998	ARPC4_HUMAN	ARPC4	Actin-related protein 2/3 complex subunit 4	4.06703e+07	4.59316e+07	2.29451e+07	2.87045e+07
P60033	P60033	CD81_HUMAN	CD81	CD81 antigen	4.36435e+06	5.73357e+06	7.45296e+06	4.20049e+06
P60059	P60059	SC61G_HUMAN	SEC61G	Protein transport protein Sec61 subunit gamma	5.43267e+06	2.9114e+06	5.72684e+06	6.74327e+06
P60174	P60174	TPIS_HUMAN	TPI1	Triosephosphate isomerase	7.34578e+07	9.51333e+07	1.51807e+08	8.42682e+07
P60201	P60201	MYPR_HUMAN	PLP1	Myelin proteolipid protein	172684		349237	634210
P60228	P60228	EIF3E_HUMAN	EIF3E	Eukaryotic translation initiation factor 3 subunit E	3.01289e+06	2.83071e+06	1.36457e+06	3.39374e+06
P60323	P60323	NANO3_HUMAN	NANOS3	Nanos homolog 3	708705	1.61152e+06	445884	956625
P60468	P60468	SC61B_HUMAN	SEC61B	Protein transport protein Sec61 subunit beta	9.0048e+06	7.46443e+06	9.4302e+06	8.20523e+06
P60484	P60484	PTEN_HUMAN	PTEN	Phosphatidylinositol 3,4,5-trisphosphate 3-phosphatase and dual-specificity protein phosphatase PTEN	307186	445317	358681	405368
P60510	P60510	PP4C_HUMAN	PPP4C	Serine/threonine-protein phosphatase 4 catalytic subunit	1.41365e+06	1.04258e+06	1.91691e+06	2.18364e+06
P60520	P60520	GBRL2_HUMAN	GABARAPL2	Gamma-aminobutyric acid receptor-associated protein-like 2	1.66273e+06	1.79667e+06	2.43331e+06	2.02689e+06
P60602	P60602	ROMO1_HUMAN	ROMO1	Reactive oxygen species modulator 1	1.38165e+06	1.36063e+06	1.91621e+06	1.61661e+06
P60604	P60604	UB2G2_HUMAN	UBE2G2	Ubiquitin-conjugating enzyme E2 G2	1.15927e+06	184726	905031	1.21986e+06
P60660	P60660	MYL6_HUMAN	MYL6	Myosin light polypeptide 6	1.84036e+07	8.27187e+06	1.92344e+07	1.83447e+07
P60673	P60673	PROF3_HUMAN	PFN3	Profilin-3	378101	614426	669195	431862
P60709	P60709	ACTB_HUMAN	ACTB	Actin, cytoplasmic 1	4.40116e+07	3.92021e+07	1.329e+08	8.44717e+07
P60842	P60842	IF4A1_HUMAN	EIF4A1	Eukaryotic initiation factor 4A-I	4.38187e+07	2.26138e+07	5.39768e+07	4.53391e+07
P60866	P60866	RS20_HUMAN	RPS20	Small ribosomal subunit protein uS10	1.20513e+07	2.50547e+06	8.17889e+06	1.40384e+07
P60891	P11908;P21108;P60891	PRPS1_HUMAN	PRPS1	Ribose-phosphate pyrophosphokinase 1	4.98909e+06	4.88318e+06	5.91555e+06	5.42693e+06
P60900	P60900	PSA6_HUMAN	PSMA6	Proteasome subunit alpha type-6	1.1717e+07	1.60929e+07	1.26422e+07	1.28841e+07
P60903	P60903	S10AA_HUMAN	S100A10	Protein S100-A10	2.42476e+07	1.60372e+06	9.80925e+06	1.87147e+07
P60953	P60953	CDC42_HUMAN	CDC42	Cell division control protein 42 homolog	1.40044e+07	1.65203e+07	2.65528e+07	1.44718e+07
P60981	P60981	DEST_HUMAN	DSTN	Destrin	9.87358e+06	8.62258e+06	1.43025e+07	8.7153e+06
P60983	P60983	GMFB_HUMAN	GMFB	Glia maturation factor beta	2.3407e+06	1.89767e+06	4.048e+06	2.72175e+06
P61006	P61006;Q92930	RAB8A_HUMAN	RAB8A	Ras-related protein Rab-8A	1.24785e+07	1.27102e+07	2.05879e+07	1.14059e+07
P61009	P61009	SPCS3_HUMAN	SPCS3	Signal peptidase complex subunit 3	1.024e+07	5.06904e+06	1.58586e+07	1.11804e+07
P61011	P61011	SRP54_HUMAN	SRP54	Signal recognition particle subunit SRP54	1.71363e+06	1.53405e+06	1.12881e+06	1.60984e+06
P61018	P61018	RAB4B_HUMAN	RAB4B	Ras-related protein Rab-4B	2.4045e+06	2.19123e+06	3.30292e+06	2.13831e+06
P61019	P61019;Q8WUD1	RAB2A_HUMAN	RAB2A	Ras-related protein Rab-2A	1.08539e+07	8.73972e+06	1.92369e+07	1.14243e+07
P61020	P61020	RAB5B_HUMAN	RAB5B	Ras-related protein Rab-5B	2.57038e+06	1.59413e+06	4.07615e+06	2.59119e+06
P61024	P61024	CKS1_HUMAN	CKS1B	Cyclin-dependent kinases regulatory subunit 1	244690		724215	301921
P61026	P61026	RAB10_HUMAN	RAB10	Ras-related protein Rab-10	7.05209e+06	6.43913e+06	8.54485e+06	6.53264e+06
P61073	P61073	CXCR4_HUMAN	CXCR4	C-X-C chemokine receptor type 4	601549	2.20135e+06		608875
P61077	P61077;P62837	UB2D3_HUMAN	UBE2D3	Ubiquitin-conjugating enzyme E2 D3	5.44283e+06	5.82315e+06	1.12472e+07	5.73463e+06
P61081	P61081	UBC12_HUMAN	UBE2M	NEDD8-conjugating enzyme Ubc12	2.69292e+06	3.46972e+06	3.05475e+06	2.65677e+06
P61086	P61086	UBE2K_HUMAN	UBE2K	Ubiquitin-conjugating enzyme E2 K	3.61363e+06	3.96109e+06	7.72143e+06	4.48484e+06
P61088	P61088	UBE2N_HUMAN	UBE2N	Ubiquitin-conjugating enzyme E2 N	1.53763e+07	1.63792e+07	2.61108e+07	1.54621e+07
P61106	P61106	RAB14_HUMAN	RAB14	Ras-related protein Rab-14	6.20894e+06	5.47595e+06	1.02071e+07	5.8449e+06
P61158	P61158	ARP3_HUMAN	ACTR3	Actin-related protein 3	1.52334e+07	2.14226e+07	1.15127e+07	1.22579e+07
P61160	P61160	ARP2_HUMAN	ACTR2	Actin-related protein 2	1.85762e+07	2.2755e+07	1.4784e+07	1.43388e+07
P61163	P61163	ACTZ_HUMAN	ACTR1A	Alpha-centractin	5.58816e+06	3.18722e+06	2.21249e+06	5.55889e+06
P61165	P61165	TM258_HUMAN	TMEM258	Transmembrane protein 258	909010	859449	883589	1.01826e+06
P61201	P61201	CSN2_HUMAN	COPS2	COP9 signalosome complex subunit 2	2.16082e+06	2.16573e+06	935308	2.31448e+06
P61221	P61221	ABCE1_HUMAN	ABCE1	ATP-binding cassette sub-family E member 1	3.06846e+06	3.30229e+06	2.29289e+06	3.43768e+06
P61224	P61224;P62834	RAP1B_HUMAN	RAP1B	Ras-related protein Rap-1b	6.11159e+07	6.3163e+07	6.33355e+07	3.49702e+07
P61225	P10114;P61225;Q9Y3L5	RAP2B_HUMAN	RAP2B	Ras-related protein Rap-2b	3.18333e+06	2.75552e+06	4.18002e+06	2.3568e+06
P61247	P61247	RS3A_HUMAN	RPS3A	Small ribosomal subunit protein eS1	1.83475e+07	5.82042e+06	1.52022e+07	2.70655e+07
P61254	P61254;Q9UNX3	RL26_HUMAN	RPL26	Large ribosomal subunit protein uL24	7.55831e+06	758902	2.96329e+06	9.81963e+06
P61278	P61278	SMS_HUMAN	SST	Somatostatin			267207	317620
P61289	P61289	PSME3_HUMAN	PSME3	Proteasome activator complex subunit 3	2.07444e+06	670160	1.47585e+06	2.33127e+06
P61313	P61313	RL15_HUMAN	RPL15	Large ribosomal subunit protein eL15	1.08143e+07	5.59466e+06	3.84271e+06	1.10872e+07
P61326;Q96A72	P61326;Q96A72	MGN2_HUMAN;MGN_HUMAN	MAGOH;MAGOHB	Protein mago nashi homolog	2.63439e+06	2.52712e+06	2.05613e+06	2.38594e+06
P61353	P61353	RL27_HUMAN	RPL27	Large ribosomal subunit protein eL27	1.54183e+07	7.29172e+06	7.04958e+06	1.9157e+07
P61421	P61421	VA0D1_HUMAN	ATP6V0D1	V-type proton ATPase subunit d 1	2.32941e+06	454477	2.4424e+06	2.04107e+06
P61457	P61457;Q9H0N5	PHS_HUMAN	PCBD1	Pterin-4-alpha-carbinolamine dehydratase	5.02916e+06	2.11217e+06	7.47346e+06	5.99454e+06
P61513	P61513;A6NKH3	RL37A_HUMAN	RPL37A	Large ribosomal subunit protein eL43	1.69637e+06	236265	1.01204e+06	2.37214e+06
P61586	P08134;P61586;P62745	RHOA_HUMAN	RHOA	Transforming protein RhoA	3.14243e+07	3.18205e+07	5.73092e+07	3.09058e+07
P61599	P61599	NAA20_HUMAN	NAA20	N-alpha-acetyltransferase 20	172091	81738.8	386615	211819
P61601	P61601	NCALD_HUMAN	NCALD	Neurocalcin-delta	1.13506e+06	1.15658e+06	360536	339368
P61604	P61604	CH10_HUMAN	HSPE1	10 kDa heat shock protein, mitochondrial	7.62209e+07	4.35626e+07	8.22962e+07	7.1442e+07
P61619	P61619;Q9H9S3	S61A1_HUMAN	SEC61A1	Protein transport protein Sec61 subunit alpha isoform 1	1.05962e+07	2.84765e+06	8.53313e+06	9.60225e+06
P61626	P61626	LYSC_HUMAN	LYZ	Lysozyme C	9.57902e+07	7.74742e+08	1.53392e+08	2.54905e+07
P61758	P61758	PFD3_HUMAN	VBP1	Prefoldin subunit 3	840722	1.03384e+06	809337	950887
P61764	P61764	STXB1_HUMAN	STXBP1	Syntaxin-binding protein 1	766769	425049	518962	1.10851e+06
P61769	P61769	B2MG_HUMAN	B2M	Beta-2-microglobulin	3.3677e+07	1.94425e+07	8.42116e+07	2.72946e+07
P61803	P61803	DAD1_HUMAN	DAD1	Dolichyl-diphosphooligosaccharide--protein glycosyltransferase subunit DAD1	5.45633e+06	4.29119e+06	9.86899e+06	7.39301e+06
P61916	P61916	NPC2_HUMAN	NPC2	NPC intracellular cholesterol transporter 2	7.19416e+06	1.03771e+07	1.31547e+07	5.89029e+06
P61923	P61923	COPZ1_HUMAN	COPZ1	Coatomer subunit zeta-1	4.00074e+06	433841	5.12849e+06	5.41508e+06
P61927	P61927	RL37_HUMAN	RPL37	Large ribosomal subunit protein eL37	508378		417626	810352
P61956	P55854;P61956;Q6EEV6	SUMO2_HUMAN	SUMO2	Small ubiquitin-related modifier 2	1.39978e+07	1.63873e+07	1.47641e+07	1.12885e+07
P61960	P61960	UFM1_HUMAN	UFM1	Ubiquitin-fold modifier 1	6.03962e+06	5.16127e+06	1.66069e+07	9.85834e+06
P61962	P61962	DCAF7_HUMAN	DCAF7	DDB1- and CUL4-associated factor 7	804194	530177	461786	812952
P61964	P61964	WDR5_HUMAN	WDR5	WD repeat-containing protein 5	565466	645316	210872	530248
P61966	P56377;P61966;Q96PC3	AP1S1_HUMAN	AP1S1	AP-1 complex subunit sigma-1A	1.64635e+06	1.24209e+06	1.02318e+06	2.04669e+06
P61970	P61970	NTF2_HUMAN	NUTF2	Nuclear transport factor 2	4.61376e+06	3.06754e+06	1.10784e+07	6.62659e+06
P61978	P61978	HNRPK_HUMAN	HNRNPK	Heterogeneous nuclear ribonucleoprotein K	2.66957e+07	1.19636e+07	2.39379e+07	3.20007e+07
P61981	P61981	1433G_HUMAN	YWHAG	14-3-3 protein gamma	3.7348e+07	3.91912e+07	4.27402e+07	3.43779e+07
P62070	P62070	RRAS2_HUMAN	RRAS2	Ras-related protein R-Ras2	978720	377159	1.06151e+06	786818
P62072	P62072	TIM10_HUMAN	TIMM10	Mitochondrial import inner membrane translocase subunit Tim10	472864	88054.1	568194	691652
P62081	P62081	RS7_HUMAN	RPS7	Small ribosomal subunit protein eS7	8.66284e+06	1.63798e+06	8.09544e+06	8.45725e+06
P62136	P36873;P62136;P62140	PP1A_HUMAN	PPP1CA	Serine/threonine-protein phosphatase PP1-alpha catalytic subunit	4.08544e+06	3.50524e+06	3.53855e+06	3.71732e+06
P62140	P62140	PP1B_HUMAN	PPP1CB	Serine/threonine-protein phosphatase PP1-beta catalytic subunit	3.27202e+06	2.82643e+06	2.77728e+06	3.17664e+06
P62191	P62191	PRS4_HUMAN	PSMC1	26S proteasome regulatory subunit 4	4.52671e+06	3.41543e+06	1.97743e+06	5.21882e+06
P62195	P62195	PRS8_HUMAN	PSMC5	26S proteasome regulatory subunit 8	3.72532e+06	2.45051e+06	1.87888e+06	4.13286e+06
P62241	P62241	RS8_HUMAN	RPS8	Small ribosomal subunit protein eS8	1.09311e+07	3.15201e+06	5.63215e+06	1.45132e+07
P62244	P62244	RS15A_HUMAN	RPS15A	Small ribosomal subunit protein uS8	1.37503e+07	1.11045e+07	5.19701e+06	1.53465e+07
P62249	P62249	RS16_HUMAN	RPS16	Small ribosomal subunit protein uS9	1.54024e+07	7.32283e+06	6.62049e+06	1.65675e+07
P62253	P62253	UB2G1_HUMAN	UBE2G1	Ubiquitin-conjugating enzyme E2 G1	2.1573e+07	3.11876e+07	1.48293e+07	1.69162e+07
P62256	P62256	UBE2H_HUMAN	UBE2H	Ubiquitin-conjugating enzyme E2 H	1.50134e+06	1.7454e+06	2.45647e+06	1.60067e+06
P62258	P62258	1433E_HUMAN	YWHAE	14-3-3 protein epsilon	1.70002e+07	7.78071e+06	2.54348e+07	2.21383e+07
P62263	P62263	RS14_HUMAN	RPS14	Small ribosomal subunit protein uS11	7.73632e+06	634644	6.34002e+06	1.32142e+07
P62266	P62266	RS23_HUMAN	RPS23	Small ribosomal subunit protein uS12	6.36983e+06	3.75492e+06	5.25799e+06	8.03765e+06
P62269	P62269	RS18_HUMAN	RPS18	Small ribosomal subunit protein uS13	3.08303e+07	3.52585e+06	1.31686e+07	3.2433e+07
P62273	P62273	RS29_HUMAN	RPS29	Small ribosomal subunit protein uS14	246810	229495	887157	497672
P62277	P62277	RS13_HUMAN	RPS13	Small ribosomal subunit protein uS15	1.61753e+07	1.91986e+07	6.13759e+06	2.45754e+07
P62280	P62280	RS11_HUMAN	RPS11	Small ribosomal subunit protein uS17	6.64376e+06	1.33312e+06	7.59942e+06	1.11927e+07
P62304	P62304	RUXE_HUMAN	SNRPE	Small nuclear ribonucleoprotein E	9.55782e+06	9.37261e+06	5.15896e+06	8.14772e+06
P62306	P62306	RUXF_HUMAN	SNRPF	Small nuclear ribonucleoprotein F	1.59875e+06	1.17739e+06	1.11737e+06	1.50942e+06
P62310	P62310	LSM3_HUMAN	LSM3	U6 snRNA-associated Sm-like protein LSm3	1.25913e+06	420903	1.4946e+06	1.74439e+06
P62312	P62312	LSM6_HUMAN	LSM6	U6 snRNA-associated Sm-like protein LSm6	4.24502e+06	3.65236e+06	3.77464e+06	3.71761e+06
P62314	P62314	SMD1_HUMAN	SNRPD1	Small nuclear ribonucleoprotein Sm D1	4.97812e+06	4.83281e+06	1.63469e+06	3.61721e+06
P62316	P62316	SMD2_HUMAN	SNRPD2	Small nuclear ribonucleoprotein Sm D2	6.55822e+06	6.50692e+06	3.29413e+06	6.43402e+06
P62318	P62318	SMD3_HUMAN	SNRPD3	Small nuclear ribonucleoprotein Sm D3	7.03273e+06	5.73602e+06	3.71662e+06	7.26304e+06
P62328	P62328	TYB4_HUMAN	TMSB4X	Thymosin beta-4	7.58114e+06	1.93641e+06	1.23062e+07	1.37612e+07
P62330	P62330	ARF6_HUMAN	ARF6	ADP-ribosylation factor 6	8.84157e+06	6.45839e+06	1.33255e+07	9.46879e+06
P62333	P62333	PRS10_HUMAN	PSMC6	26S proteasome regulatory subunit 10B	4.90183e+06	1.47956e+06	2.5984e+06	5.39271e+06
P62341	P62341	SELT_HUMAN	SELENOT	Thioredoxin reductase-like selenoprotein T	769435	498948	856193	704251
P62380	P62380	TBPL1_HUMAN	TBPL1	TATA box-binding protein-like 1	21733.3	16659.3	68500.9	34849.3
P62424	P62424	RL7A_HUMAN	RPL7A	Large ribosomal subunit protein eL8	6.5219e+06	4.56338e+06	2.92133e+06	7.44191e+06
P62487	P62487	RPB7_HUMAN	POLR2G	DNA-directed RNA polymerase II subunit RPB7	1.98663e+06	2.08019e+06	998826	1.98521e+06
P62495	P62495	ERF1_HUMAN	ETF1	Eukaryotic peptide chain release factor subunit 1	5.60793e+06	6.9269e+06	5.06993e+06	6.49146e+06
P62633	P62633	CNBP_HUMAN	CNBP	CCHC-type zinc finger nucleic acid binding protein	2.06991e+06	3.13333e+06	1.46612e+06	3.21552e+06
P62699	P62699	YPEL5_HUMAN	YPEL5	Protein yippee-like 5	513536	321792	236183	528728
P62701	P62701;Q8TD47	RS4X_HUMAN	RPS4X	Small ribosomal subunit protein eS4, X isoform	1.44033e+07	8.86209e+06	6.83542e+06	1.34246e+07
P62714	P62714;P67775	PP2AB_HUMAN	PPP2CB	Serine/threonine-protein phosphatase 2A catalytic subunit beta isoform	8.20079e+06	9.30523e+06	1.20686e+07	1.0344e+07
P62745	P62745	RHOB_HUMAN	RHOB	Rho-related GTP-binding protein RhoB	686179	399618	810153	559999
P62750	P62750	RL23A_HUMAN	RPL23A	Large ribosomal subunit protein uL23	3.48983e+07	2.89943e+07	2.26608e+07	4.67656e+07
P62753	P62753	RS6_HUMAN	RPS6	Small ribosomal subunit protein eS6	6.47763e+06	1.07716e+06	4.77055e+06	9.20266e+06
P62760	P62760	VISL1_HUMAN	VSNL1	Visinin-like protein 1	376051	243264	808109	299803
P62805	P62805	H4_HUMAN	H4C1	Histone H4	3.01108e+07	2.30621e+07	8.1316e+06	1.98454e+07
P62820	P62820;Q9H0U4	RAB1A_HUMAN	RAB1A	Ras-related protein Rab-1A	3.34251e+07	2.87993e+07	6.40995e+07	3.50218e+07
P62826	P62826	RAN_HUMAN	RAN	GTP-binding nuclear protein Ran	3.23287e+07	3.6573e+07	4.76918e+07	2.93451e+07
P62829	P62829	RL23_HUMAN	RPL23	Large ribosomal subunit protein uL14	4.21662e+06	716967	7.61532e+06	9.28445e+06
P62834	P62834	RAP1A_HUMAN	RAP1A	Ras-related protein Rap-1A	2.49057e+06	1.69452e+06	3.09616e+06	2.87973e+06
P62841	P62841	RS15_HUMAN	RPS15	Small ribosomal subunit protein uS19	5.29532e+06	860689	2.90514e+06	7.42733e+06
P62847	P62847	RS24_HUMAN	RPS24	Small ribosomal subunit protein eS24	3.80363e+06	793461	2.6283e+06	5.23874e+06
P62851	P62851	RS25_HUMAN	RPS25	Small ribosomal subunit protein eS25	2.20214e+07	2.15415e+06	1.18461e+07	2.56211e+07
P62854	P62854;Q5JNZ5	RS26_HUMAN	RPS26	Small ribosomal subunit protein eS26	6.3924e+06		4.0755e+06	1.25183e+07
P62857	P62857	RS28_HUMAN	RPS28	Small ribosomal subunit protein eS28	1.91617e+07	8.29252e+06	2.41443e+07	1.90356e+07
P62861	P62861	RS30_HUMAN	FAU	Ubiquitin-like FUBI-ribosomal protein eS30 fusion protein			1.20657e+06	
P62873	P62873;P62879	GBB1_HUMAN	GNB1	Guanine nucleotide-binding protein G(I)/G(S)/G(T) subunit beta-1	2.95412e+07	3.26577e+07	3.78293e+07	2.7782e+07
P62877	P62877	RBX1_HUMAN	RBX1	E3 ubiquitin-protein ligase RBX1	1.18371e+06	827832	1.27973e+06	1.96414e+06
P62879	P62879	GBB2_HUMAN	GNB2	Guanine nucleotide-binding protein G(I)/G(S)/G(T) subunit beta-2	4.75065e+06	6.55082e+06	8.09346e+06	5.98852e+06
P62888	P62888	RL30_HUMAN	RPL30	Large ribosomal subunit protein eL30	1.12578e+07	1.00524e+07	7.65517e+06	1.23352e+07
P62891;Q59GN2	P62891;Q59GN2	R39L5_HUMAN;RL39_HUMAN	RPL39;RPL39P5	Large ribosomal subunit protein eL39			601007	1.3682e+06
P62899	P62899	RL31_HUMAN	RPL31	Large ribosomal subunit protein eL31	5.50726e+06	275055	3.71246e+06	9.41148e+06
P62906	P62906	RL10A_HUMAN	RPL10A	Large ribosomal subunit protein uL1	9.35393e+06	9.72947e+06	4.66077e+06	1.05261e+07
P62910	P62910	RL32_HUMAN	RPL32	Large ribosomal subunit protein eL32	5.66033e+06	1.23901e+06	3.40154e+06	7.66516e+06
P62913	P62913	RL11_HUMAN	RPL11	Large ribosomal subunit protein uL5	1.48625e+07	9.51057e+06	7.80506e+06	1.70272e+07
P62917	P62917	RL8_HUMAN	RPL8	Large ribosomal subunit protein uL2	2.56526e+07	3.875e+06	1.01463e+07	3.1896e+07
P62937	P62937	PPIA_HUMAN	PPIA	Peptidyl-prolyl cis-trans isomerase A	1.18217e+08	1.21704e+08	1.93486e+08	1.21451e+08
P62942	P62942	FKB1A_HUMAN	FKBP1A	Peptidyl-prolyl cis-trans isomerase FKBP1A	2.5605e+07	3.2492e+07	4.55768e+07	2.24717e+07
P62979	P62979	RS27A_HUMAN	RPS27A	Ubiquitin-ribosomal protein eS31 fusion protein	5.95494e+07	2.72872e+07	7.18024e+07	7.20929e+07
P62993	P62993	GRB2_HUMAN	GRB2	Growth factor receptor-bound protein 2	5.0227e+06	6.27377e+06	5.48859e+06	3.47791e+06
P62995	P62995	TRA2B_HUMAN	TRA2B	Transformer-2 protein homolog beta	1.33179e+06	1.71822e+06		1.62137e+06
P63000	P15153;P60763;P63000	RAC1_HUMAN	RAC1	Ras-related C3 botulinum toxin substrate 1	1.41485e+07	1.47855e+07	2.14369e+07	1.2009e+07
P63010	P63010;Q10567	AP2B1_HUMAN	AP2B1	AP-2 complex subunit beta	4.23715e+06	4.79841e+06	1.74465e+06	4.49963e+06
P63027	P63027	VAMP2_HUMAN	VAMP2	Vesicle-associated membrane protein 2	857840		964186	715446
P63092;Q5JWF2	P63092;Q5JWF2	GNAS1_HUMAN;GNAS2_HUMAN	GNAS	Guanine nucleotide-binding protein G(s) subunit alpha isoforms short	4.33152e+06	2.51023e+06	5.60623e+06	4.55658e+06
P63096	P63096	GNAI1_HUMAN	GNAI1	Guanine nucleotide-binding protein G(i) subunit alpha-1	2.0955e+06	3.20642e+06	2.35438e+06	1.93227e+06
P63098	P63098	CANB1_HUMAN	PPP3R1	Calcineurin subunit B type 1	136381	288301	435674	325184
P63104	P63104	1433Z_HUMAN	YWHAZ	14-3-3 protein zeta/delta	8.21513e+07	6.38897e+07	1.14507e+08	8.75923e+07
P63132	P63132	PO113_HUMAN	HERVK_113	Endogenous retrovirus group K member 113 Pol protein	4.40178e+06	2.48256e+06	5.8796e+06	8.29295e+06
P63151	P63151	2ABA_HUMAN	PPP2R2A	Serine/threonine-protein phosphatase 2A 55 kDa regulatory subunit B alpha isoform	2.21046e+06	2.43587e+06	1.99214e+06	2.31096e+06
P63165	G2XKQ0;P63165	SUMO1_HUMAN	SUMO1	Small ubiquitin-related modifier 1	3.50474e+06	3.32025e+06	2.01448e+06	2.68443e+06
P63167	P63167;Q96FJ2	DYL1_HUMAN	DYNLL1	Dynein light chain 1, cytoplasmic	9.04702e+06	3.37007e+06	5.86968e+06	1.07873e+07
P63172	P63172	DYLT1_HUMAN	DYNLT1	Dynein light chain Tctex-type 1	633075	586387	394575	740453
P63173	P63173	RL38_HUMAN	RPL38	Large ribosomal subunit protein eL38	287177		1.21157e+06	1.03241e+06
P63208	P63208	SKP1_HUMAN	SKP1	S-phase kinase-associated protein 1	5.0722e+06	2.5883e+06	6.36848e+06	5.71554e+06
P63218	P63218;A0A804HLA8	GBG5_HUMAN	GNG5	Guanine nucleotide-binding protein G(I)/G(S)/G(O) subunit gamma-5	380231	283587	422950	409143
P63220	P63220	RS21_HUMAN	RPS21	Small ribosomal subunit protein eS21	1.98186e+07	1.09056e+07	2.3874e+07	1.93115e+07
P63241	P63241;Q9GZV4;Q6IS14	IF5A1_HUMAN	EIF5A	Eukaryotic translation initiation factor 5A-1	1.5944e+07	1.3312e+07	2.09606e+07	1.85824e+07
P63244	P63244	RACK1_HUMAN	RACK1	Small ribosomal subunit protein RACK1	2.18111e+07	1.41897e+07	3.12833e+07	2.5122e+07
P63261	P60709;P63261	ACTG_HUMAN	ACTG1	Actin, cytoplasmic 2	1.483e+09	3.51011e+08	1.40709e+09	8.7387e+08
P63267	P62736;P63267;P68032;P68133	ACTH_HUMAN	ACTG2	Actin, gamma-enteric smooth muscle	3.05985e+08	1.2956e+07	1.21751e+08	1.28475e+08
P63272	P63272	SPT4H_HUMAN	SUPT4H1	Transcription elongation factor SPT4	521239	329260	200425	482784
P63279	P63279	UBC9_HUMAN	UBE2I	SUMO-conjugating enzyme UBC9	4.78618e+06	6.18819e+06	5.77982e+06	4.49356e+06
P63302	P63302	SELW_HUMAN	SELENOW	Selenoprotein W	91127.5	71555.3	60706.2	71888.7
P63313	P63313	TYB10_HUMAN	TMSB10	Thymosin beta-10	4.07626e+06	1.72388e+06	1.18451e+07	7.82106e+06
P67775	P67775	PP2AA_HUMAN	PPP2CA	Serine/threonine-protein phosphatase 2A catalytic subunit alpha isoform	479597	637858	2.12536e+06	888663
P67809	P67809	YBOX1_HUMAN	YBX1	Y-box-binding protein 1	8.44697e+06	1.02698e+07	1.26034e+07	1.23756e+07
P67812	P67812	SC11A_HUMAN	SEC11A	Signal peptidase complex catalytic subunit SEC11A	1.00319e+07	6.17149e+06	7.35603e+06	7.17122e+06
P67870	P67870	CSK2B_HUMAN	CSNK2B	Casein kinase II subunit beta	553105	138897	437047	742622
P67936	P67936	TPM4_HUMAN	TPM4	Tropomyosin alpha-4 chain	1.13209e+08	6.15935e+07	4.7859e+07	5.09556e+07
P68036	P68036;A0A1B0GUS4	UB2L3_HUMAN	UBE2L3	Ubiquitin-conjugating enzyme E2 L3	5.70543e+06	7.85533e+06	9.35723e+06	6.04719e+06
P68104;Q5VTE0	P68104;Q5VTE0	EF1A1_HUMAN;EF1A3_HUMAN	EEF1A1;EEF1A1P5	Elongation factor 1-alpha 1	2.58461e+08	2.17266e+08	2.00578e+08	2.43687e+08
P68133	P62736;P68032;P68133	ACTS_HUMAN	ACTA1	Actin, alpha skeletal muscle	5.49287e+07	2.58849e+06	1.89406e+07	2.33983e+07
P68366	A6NHL2;P68363;P68366;Q71U36;Q9BQE3	TBA4A_HUMAN	TUBA4A	Tubulin alpha-4A chain	1.34403e+08	1.57475e+07	6.13558e+07	1.56051e+08
P68371	P68371	TBB4B_HUMAN	TUBB4B	Tubulin beta-4B chain	2.17428e+07	145067	8.90342e+06	2.50193e+07
P68400;Q8NEV1	P68400;Q8NEV1	CSK21_HUMAN;CSK23_HUMAN	CSNK2A1;CSNK2A3	Casein kinase II subunit alpha	1.04419e+06	595130	596820	1.19211e+06
P68402	P68402	PA1B2_HUMAN	PAFAH1B2	Platelet-activating factor acetylhydrolase IB subunit alpha2	7.5883e+06	9.13197e+06	1.47133e+07	9.20806e+06
P68871	P02042;P68871	HBB_HUMAN	HBB	Hemoglobin subunit beta	9.17775e+09	1.22618e+10	5.19223e+09	6.41462e+09
P69849	P69849;Q5JPE7	NOMO3_HUMAN	NOMO3	BOS complex subunit NOMO3	645350		730059	845168
P69891	P69891;P69892	HBG1_HUMAN	HBG1	Hemoglobin subunit gamma-1	3.89279e+07	1.07701e+08	4.08147e+07	4.88994e+07
P69892	P69892	HBG2_HUMAN	HBG2	Hemoglobin subunit gamma-2	1.51855e+07	3.90806e+07	1.47367e+07	1.88672e+07
P69905	P69905	HBA_HUMAN	HBA1	Hemoglobin subunit alpha	1.28841e+09	2.00969e+09	6.52222e+08	9.12316e+08
P78310	P78310	CXAR_HUMAN	CXADR	Coxsackievirus and adenovirus receptor	1.33847e+06	660313	2.94035e+06	1.65949e+06
P78318	P78318	IGBP1_HUMAN	IGBP1	Immunoglobulin-binding protein 1	901369	666614	1.15128e+06	1.02402e+06
P78324	P78324;Q9P1W8;Q5TFQ8	SHPS1_HUMAN	SIRPA	Tyrosine-protein phosphatase non-receptor type substrate 1	1.25042e+06	2.6449e+06	1.4304e+06	574093
P78325	P78325	ADAM8_HUMAN	ADAM8	Disintegrin and metalloproteinase domain-containing protein 8		1.46342e+06	352004	
P78330	P78330	SERB_HUMAN	PSPH	Phosphoserine phosphatase	467797	869846	1.05029e+06	571560
P78344	P78344	IF4G2_HUMAN	EIF4G2	Eukaryotic translation initiation factor 4 gamma 2	2.33001e+06	2.4946e+06	1.23856e+06	2.15393e+06
P78346	P78346	RPP30_HUMAN	RPP30	Ribonuclease P protein subunit p30	188568	124492		129003
P78347	P78347	GTF2I_HUMAN	GTF2I	General transcription factor II-I	3.14021e+06	2.04275e+06	854607	2.62037e+06
P78356	P78356	PI42B_HUMAN	PIP4K2B	Phosphatidylinositol 5-phosphate 4-kinase type-2 beta	513364	314844	421979	547109
P78357	P78357	CNTP1_HUMAN	CNTNAP1	Contactin-associated protein 1	317936	315383	136387	79076.3
P78368;Q9Y6M4	P78368;Q9Y6M4	KC1G2_HUMAN;KC1G3_HUMAN	CSNK1G2;CSNK1G3	Casein kinase I isoform gamma-2	292466	196127	272258	221577
P78371	P78371	TCPB_HUMAN	CCT2	T-complex protein 1 subunit beta	8.15831e+06	4.24964e+06	5.81795e+06	8.54719e+06
P78380	P78380	OLR1_HUMAN	OLR1	Oxidized low-density lipoprotein receptor 1	417803	2.42528e+06	563929	
P78381	P78381	S35A2_HUMAN	SLC35A2	UDP-galactose translocator	963372		892860	787330
P78382	P78382	S35A1_HUMAN	SLC35A1	CMP-sialic acid transporter	1.15822e+06	337164	1.10342e+06	1.26798e+06
P78383	P78383	S35B1_HUMAN	SLC35B1	Solute carrier family 35 member B1			722623	356312
P78406	P78406	RAE1L_HUMAN	RAE1	mRNA export factor RAE1	1.09699e+06	1.10361e+06	695312	956795
P78410	P78410	BT3A2_HUMAN	BTN3A2	Butyrophilin subfamily 3 member A2	444353	190774	569830	262771
P78417	P78417	GSTO1_HUMAN	GSTO1	Glutathione S-transferase omega-1	1.11497e+07	1.91192e+07	1.99865e+07	1.11678e+07
P78504	P78504	JAG1_HUMAN	JAG1	Protein jagged-1			106177	106576
P78527	P78527	PRKDC_HUMAN	PRKDC	DNA-dependent protein kinase catalytic subunit	5.77262e+06	3.13614e+06	521852	5.63639e+06
P78536	P78536	ADA17_HUMAN	ADAM17	Disintegrin and metalloproteinase domain-containing protein 17	499992	440918	511196	465452
P78537	P78537	BL1S1_HUMAN	BLOC1S1	Biogenesis of lysosome-related organelles complex 1 subunit 1	621253	298170	428618	762794
P78560	P78560	CRADD_HUMAN	CRADD	Death domain-containing protein CRADD	257125	138419	401265	280299
P80108	P80108	PHLD_HUMAN	GPLD1	Phosphatidylinositol-glycan-specific phospholipase D	1.02698e+06	1.02135e+06	1.27119e+06	1.18271e+06
P80188	P80188	NGAL_HUMAN	LCN2	Neutrophil gelatinase-associated lipocalin	1.10412e+07	1.14103e+08	1.80186e+07	1.94508e+06
P80217	P80217	IN35_HUMAN	IFI35	Interferon-induced 35 kDa protein	2.76891e+06	2.54568e+06	3.69389e+06	2.25566e+06
P80303	P80303	NUCB2_HUMAN	NUCB2	Nucleobindin-2	4.30024e+06	1.85741e+06	8.65617e+06	4.9834e+06
P80365	P80365	DHI2_HUMAN	HSD11B2	11-beta-hydroxysteroid dehydrogenase type 2	4.75499e+06	787308	5.95081e+06	7.42747e+06
P80404	P80404	GABT_HUMAN	ABAT	4-aminobutyrate aminotransferase, mitochondrial	2.36362e+06	1.60842e+06	1.53578e+06	2.77824e+06
P80511	P80511	S10AC_HUMAN	S100A12	Protein S100-A12	5.95554e+06	2.0025e+07	9.81967e+06	944603
P80723	P80723	BASP1_HUMAN	BASP1	Brain acid soluble protein 1	4.88052e+06	5.22424e+06	5.83461e+06	3.24555e+06
P80748	P80748	LV321_HUMAN	IGLV3-21	Immunoglobulin lambda variable 3-21	1.94582e+06	2.33501e+06	1.95498e+06	2.61367e+06
P81605	P81605	DCD_HUMAN	DCD	Dermcidin	1.24755e+07	2.59783e+06	2.34931e+06	3.52926e+06
P81877;Q9BWG4;Q9BWW4	Q9BWW4;P81877;Q9BWG4	SSBP2_HUMAN;SSBP3_HUMAN;SSBP4_HUMAN	SSBP2;SSBP3;SSBP4	Single-stranded DNA-binding protein 2	325398		152183	493317
P82094	P82094	TMF1_HUMAN	TMF1	TATA element modulatory factor	649783	591761	172190	704578
P82650	P82650	RT22_HUMAN	MRPS22	Small ribosomal subunit protein mS22	957001	618711	361838	1.13801e+06
P82663	P82663	RT25_HUMAN	MRPS25	Small ribosomal subunit protein mS25	309835	219058	153605	338135
P82664	P82664	RT10_HUMAN	MRPS10	Small ribosomal subunit protein uS10m	181311	35145.5	55806.9	227615
P82673	P82673	RT35_HUMAN	MRPS35	Small ribosomal subunit protein mS35	494363	295010	153732	627236
P82675	P82675	RT05_HUMAN	MRPS5	Small ribosomal subunit protein uS5m	522904	552568	278988	742832
P82909	P82909	KGD4_HUMAN	MRPS36	Alpha-ketoglutarate dehydrogenase component 4	2.67134e+06	678632	1.84377e+06	2.6911e+06
P82912	P82912	RT11_HUMAN	MRPS11	Small ribosomal subunit protein uS11m	742832		332359	748477
P82914	P82914	RT15_HUMAN	MRPS15	Small ribosomal subunit protein uS15m	802237	180358	363233	1.13694e+06
P82921	P82921	RT21_HUMAN	MRPS21	Small ribosomal subunit protein bS21m	394917		149510	713599
P82930	P82930	RT34_HUMAN	MRPS34	Small ribosomal subunit protein mS34	1.57284e+06	802436	453357	1.68243e+06
P82932	P82932	RT06_HUMAN	MRPS6	Small ribosomal subunit protein bS6m	65094			173124
P82933	P82933	RT09_HUMAN	MRPS9	Small ribosomal subunit protein uS9m	659362	218052	291782	902886
P82970	P82970	HMGN5_HUMAN	HMGN5	High mobility group nucleosome-binding domain-containing protein 5	383494		482280	584574
P82979	P82979	SARNP_HUMAN	SARNP	SAP domain-containing ribonucleoprotein	2.5508e+06	1.59087e+06	2.25512e+06	3.03771e+06
P82980	P82980	RET5_HUMAN	RBP5	Retinol-binding protein 5	959694	753457	942671	972903
P83111	P83111	LACTB_HUMAN	LACTB	Serine beta-lactamase-like protein LACTB, mitochondrial	2.19835e+06	2.54934e+06	746222	1.01933e+06
P83436	P83436	COG7_HUMAN	COG7	Conserved oligomeric Golgi complex subunit 7	1.13967e+06	704768	346566	1.32181e+06
P83731	P83731	RL24_HUMAN	RPL24	Large ribosomal subunit protein eL24	1.68083e+06		2.07111e+06	5.78571e+06
P83876	P83876	TXN4A_HUMAN	TXNL4A	Thioredoxin-like protein 4A	205128	195872	365632	347845
P83881	P83881	RL36A_HUMAN	RPL36A	Large ribosomal subunit protein eL42			68337	260016
P83916	P83916	CBX1_HUMAN	CBX1	Chromobox protein homolog 1	1.72263e+06	1.65341e+06	891172	1.67232e+06
P84077	P61204;P84077	ARF1_HUMAN	ARF1	ADP-ribosylation factor 1	3.44177e+07	2.81962e+07	6.17197e+07	3.12339e+07
P84085	P84085	ARF5_HUMAN	ARF5	ADP-ribosylation factor 5	3.88706e+06	1.92263e+06	6.55409e+06	3.69883e+06
P84090	P84090	ERH_HUMAN	ERH	Enhancer of rudimentary homolog	2.71767e+06	1.48118e+06	1.35182e+06	2.16653e+06
P84095	P84095	RHOG_HUMAN	RHOG	Rho-related GTP-binding protein RhoG	6.03008e+06	5.41012e+06	8.17108e+06	4.15912e+06
P84098	P84098	RL19_HUMAN	RPL19	Large ribosomal subunit protein eL19	4.73432e+06	1.54735e+06	2.0357e+06	6.33107e+06
P84101	P84101	SERF2_HUMAN	SERF2	Small EDRK-rich factor 2	612143	633179	876115	864602
P84103	P84103	SRSF3_HUMAN	SRSF3	Serine/arginine-rich splicing factor 3	6.29599e+06	2.98968e+06	2.27568e+06	5.88599e+06
P84157	P84157	MXRA7_HUMAN	MXRA7	Matrix-remodeling-associated protein 7	1.89243e+06		1.06209e+06	1.59468e+06
P84243	P68431;P84243;Q16695;Q6NXT2;Q71DI3;Q5TEC6	H33_HUMAN	H3-3A	Histone H3.3	8.69857e+06	5.51272e+06	2.1059e+06	5.32755e+06
P85037	P85037	FOXK1_HUMAN	FOXK1	Forkhead box protein K1	1.35972e+06	460708	688006	1.21474e+06
P85298	P85298	RHG08_HUMAN	ARHGAP8	Rho GTPase-activating protein 8	413734	100676	404429	538994
P86791	P86791	CCZ1_HUMAN	CCZ1	Vacuolar fusion protein CCZ1 homolog	900724	773732	649922	857754
P98082	P98082	DAB2_HUMAN	DAB2	Disabled homolog 2	802408	1.05877e+06	603923	910708
P98088	P98088	MUC5A_HUMAN	MUC5AC	Mucin-5AC		314094	334745	
P98095	P98095	FBLN2_HUMAN	FBLN2	Fibulin-2	1.92511e+06	2.20722e+06	427418	483375
P98160	P98160	PGBM_HUMAN	HSPG2	Basement membrane-specific heparan sulfate proteoglycan core protein	3.05247e+06	3.74812e+06	993191	1.35879e+06
P98170	P98170	XIAP_HUMAN	XIAP	E3 ubiquitin-protein ligase XIAP	741834	581739	604426	614479
P98171	P98171	RHG04_HUMAN	ARHGAP4	Rho GTPase-activating protein 4	598953	993092	158461	360897
P98172	P98172	EFNB1_HUMAN	EFNB1	Ephrin-B1	876970	505777	1.24488e+06	906638
P98173	P98173	FAM3A_HUMAN	FAM3A	Protein FAM3A	374164	248835	465356	358864
P98179	P98179	RBM3_HUMAN	RBM3	RNA-binding protein 3	8.33999e+06	4.97445e+06	1.04017e+07	7.12223e+06
P98194	P98194	AT2C1_HUMAN	ATP2C1	Calcium-transporting ATPase type 2C member 1	722086	328424	423371	612999
P98196	P98196	AT11A_HUMAN	ATP11A	Phospholipid-transporting ATPase IH	233574	337063	160893	69349.7
P99999	P99999	CYC_HUMAN	CYCS	Cytochrome c	3.41971e+07	2.6208e+07	4.12722e+07	2.50708e+07
Q00013	Q00013	EM55_HUMAN	MPP1	55 kDa erythrocyte membrane protein	1.9638e+06	2.37121e+06	828637	1.09664e+06
Q00059	Q00059	TFAM_HUMAN	TFAM	Transcription factor A, mitochondrial	827553	651762	1.40272e+06	664971
Q00169	Q00169	PIPNA_HUMAN	PITPNA	Phosphatidylinositol transfer protein alpha isoform	1.59948e+06	1.88537e+06	2.67086e+06	1.77995e+06
Q00325	Q00325	S25A3_HUMAN	SLC25A3	Solute carrier family 25 member 3	3.05937e+07	1.86055e+07	2.49366e+07	2.81216e+07
Q00341	Q00341	VIGLN_HUMAN	HDLBP	Vigilin	6.31774e+06	4.18244e+06	3.0895e+06	6.6055e+06
Q00403	Q00403	TF2B_HUMAN	GTF2B	Transcription initiation factor IIB	134264		94821.2	173824
Q00532	Q00532	CDKL1_HUMAN	CDKL1	Cyclin-dependent kinase-like 1	1.04e+06		491949	977165
Q00534	Q00534	CDK6_HUMAN	CDK6	Cyclin-dependent kinase 6	2.99669e+06	2.87773e+06	3.2236e+06	3.22316e+06
Q00535	Q00535	CDK5_HUMAN	CDK5	Cyclin-dependent kinase 5	518302	149329	384939	567803
Q00577	Q00577	PURA_HUMAN	PURA	Transcriptional activator protein Pur-alpha	2.31771e+06	2.44864e+06	1.83836e+06	2.45349e+06
Q00610	P53675;Q00610	CLH1_HUMAN	CLTC	Clathrin heavy chain 1	1.63964e+07	1.31811e+07	1.45459e+06	1.89551e+07
Q00613	Q00613	HSF1_HUMAN	HSF1	Heat shock factor protein 1	63749.6			89113.9
Q00653	Q00653	NFKB2_HUMAN	NFKB2	Nuclear factor NF-kappa-B p100 subunit	2.00082e+06	1.93797e+06	588001	1.54081e+06
Q00688	Q00688	FKBP3_HUMAN	FKBP3	Peptidyl-prolyl cis-trans isomerase FKBP3	4.89858e+06	5.47806e+06	4.68236e+06	4.50741e+06
Q00722	Q00722	PLCB2_HUMAN	PLCB2	1-phosphatidylinositol 4,5-bisphosphate phosphodiesterase beta-2	1.97202e+06	3.85823e+06	1.22182e+06	850267
Q00765	Q00765	REEP5_HUMAN	REEP5	Receptor expression-enhancing protein 5	4.49095e+07	3.64214e+07	4.79952e+07	3.34808e+07
Q00796	Q00796	DHSO_HUMAN	SORD	Sorbitol dehydrogenase	8.6415e+06	6.81572e+06	6.00424e+06	9.25083e+06
Q00839	Q00839	HNRPU_HUMAN	HNRNPU	Heterogeneous nuclear ribonucleoprotein U	2.72943e+07	1.22999e+07	1.13518e+07	2.44974e+07
Q00978	Q00978	IRF9_HUMAN	IRF9	Interferon regulatory factor 9	536420	581244	437703	359824
Q01081	Q01081	U2AF1_HUMAN	U2AF1	Splicing factor U2AF 35 kDa subunit	6.74461e+06	3.45396e+06	1.21085e+06	8.97097e+06
Q01082	Q01082	SPTB2_HUMAN	SPTBN1	Spectrin beta chain, non-erythrocytic 1	1.21529e+07	1.08557e+07	1.52748e+06	1.46141e+07
Q01085	P31483;Q01085	TIAR_HUMAN	TIAL1	Nucleolysin TIAR	3.54713e+06	2.85817e+06	2.60701e+06	3.12831e+06
Q01105	P0DME0;Q01105	SET_HUMAN	SET	Protein SET	1.0966e+07	1.29326e+07	1.54498e+07	1.10895e+07
Q01118	Q01118	SCN7A_HUMAN	SCN7A	Sodium channel protein type 7 subunit alpha	145814		103085	256401
Q01130	Q01130	SRSF2_HUMAN	SRSF2	Serine/arginine-rich splicing factor 2	8.13406e+06	7.1995e+06	4.27269e+06	7.56628e+06
Q01415	Q01415	GALK2_HUMAN	GALK2	N-acetylgalactosamine kinase	1.28519e+06	893090	1.38005e+06	1.59114e+06
Q01432	Q01432	AMPD3_HUMAN	AMPD3	AMP deaminase 3	819696	1.67303e+06	469915	608397
Q01433	Q01433	AMPD2_HUMAN	AMPD2	AMP deaminase 2	951908	1.11693e+06	647560	918470
Q01459	Q01459	DIAC_HUMAN	CTBS	Di-N-acetylchitobiase	1.69305e+06	2.91548e+06	3.30544e+06	1.43925e+06
Q01469	Q01469	FABP5_HUMAN	FABP5	Fatty acid-binding protein 5	1.85134e+07	2.55993e+07	1.16489e+08	4.49949e+07
Q01484	Q01484	ANK2_HUMAN	ANK2	Ankyrin-2	1.70138e+06	253457	488660	1.3783e+06
Q01518	Q01518	CAP1_HUMAN	CAP1	Adenylyl cyclase-associated protein 1	3.69046e+07	5.41757e+07	2.54654e+07	3.55383e+07
Q01523	Q01523	DEF5_HUMAN	DEFA5	Defensin alpha 5	626198	986063	330693	511979
Q01524	Q01524	DEF6_HUMAN	DEFA6	Defensin-6		630388	1.80537e+06	600297
Q01546	Q01546	K22O_HUMAN	KRT76	Keratin, type II cytoskeletal 2 oral	401490	3.5901e+06		244733
Q01581	Q01581	HMCS1_HUMAN	HMGCS1	Hydroxymethylglutaryl-CoA synthase, cytoplasmic	2.68783e+06	1.48413e+06	1.43176e+07	7.39175e+06
Q01628	P13164;Q01628;Q01629	IFM3_HUMAN	IFITM3	Interferon-induced transmembrane protein 3	2.76692e+06	3.02355e+06	3.71356e+06	1.40861e+06
Q01650	Q01650	LAT1_HUMAN	SLC7A5	Large neutral amino acids transporter small subunit 1	1.14813e+06	785117	2.02745e+06	679044
Q01658	Q01658	NC2B_HUMAN	DR1	Protein Dr1	2.00537e+06		2.28575e+06	2.39596e+06
Q01780	Q01780	EXOSX_HUMAN	EXOSC10	Exosome component 10	422811	335407		298248
Q01813	Q01813	PFKAP_HUMAN	PFKP	ATP-dependent 6-phosphofructokinase, platelet type	2.65558e+06	1.39598e+06	1.64612e+06	2.41065e+06
Q01844	Q01844	EWS_HUMAN	EWSR1	RNA-binding protein EWS	9.60731e+06	1.11015e+07	6.45257e+06	9.0626e+06
Q01970	Q01970	PLCB3_HUMAN	PLCB3	1-phosphatidylinositol 4,5-bisphosphate phosphodiesterase beta-3	1.36658e+06	1.05447e+06	1.21188e+06	1.27328e+06
Q01974	Q01974	ROR2_HUMAN	ROR2	Tyrosine-protein kinase transmembrane receptor ROR2	372699	286796	51021.7	155212
Q01995	Q01995	TAGL_HUMAN	TAGLN	Transgelin	6.87283e+07	2.4515e+07	2.99091e+07	1.86344e+07
Q02083	Q02083	NAAA_HUMAN	NAAA	N-acylethanolamine-hydrolyzing acid amidase	1.09204e+06	1.04742e+06	1.59412e+06	1.45898e+06
Q02094	Q02094	RHAG_HUMAN	RHAG	Ammonium transporter Rh type A	2.15711e+06	2.87713e+06	360817	742867
Q02108	Q02108	GCYA1_HUMAN	GUCY1A1	Guanylate cyclase soluble subunit alpha-1	308137	421011	106863	161191
Q02127	Q02127	PYRD_HUMAN	DHODH	Dihydroorotate dehydrogenase (quinone), mitochondrial	891524	642417	970056	850167
Q02153	Q02153	GCYB1_HUMAN	GUCY1B1	Guanylate cyclase soluble subunit beta-1	941203	1.09057e+06	234009	446816
Q02161	P18577;Q02161	RHD_HUMAN	RHD	Blood group Rh(D) polypeptide	508964	695316	123629	235231
Q02218	Q02218	ODO1_HUMAN	OGDH	2-oxoglutarate dehydrogenase complex component E1	5.12933e+06	4.2599e+06	2.06689e+06	5.71277e+06
Q02252	Q02252	MMSA_HUMAN	ALDH6A1	Methylmalonate-semialdehyde dehydrogenase [acylating], mitochondrial	6.31995e+06	1.55729e+06	4.22701e+06	6.9161e+06
Q02318	Q02318	CP27A_HUMAN	CYP27A1	Sterol 26-hydroxylase, mitochondrial	2.81566e+06	1.27702e+06	686737	1.3871e+06
Q02338	Q02338	BDH_HUMAN	BDH1	D-beta-hydroxybutyrate dehydrogenase, mitochondrial	6.35584e+06	765932	5.76506e+06	7.54409e+06
Q02388	Q02388	CO7A1_HUMAN	COL7A1	Collagen alpha-1(VII) chain	152288	400504		
Q02413	Q02413	DSG1_HUMAN	DSG1	Desmoglein-1	2.75299e+06	9.24207e+06	1.84131e+06	2.71797e+06
Q02487	Q02487	DSC2_HUMAN	DSC2	Desmocollin-2	2.80562e+06	1.16365e+06	3.27999e+06	3.21299e+06
Q02543	Q02543	RL18A_HUMAN	RPL18A	Large ribosomal subunit protein eL20	5.12264e+06	3.20557e+06	1.68436e+06	5.74244e+06
Q02742	Q02742	GCNT1_HUMAN	GCNT1	Beta-1,3-galactosyl-O-glycosyl-glycoprotein beta-1,6-N-acetylglucosaminyltransferase	184000		122031	106841
Q02750	P36507;Q02750	MP2K1_HUMAN	MAP2K1	Dual specificity mitogen-activated protein kinase kinase 1	4.51559e+06	6.31753e+06	5.70132e+06	4.68863e+06
Q02790	Q02790	FKBP4_HUMAN	FKBP4	Peptidyl-prolyl cis-trans isomerase FKBP4	3.24628e+06	3.12739e+06	4.94003e+06	4.57542e+06
Q02809	Q02809	PLOD1_HUMAN	PLOD1	Procollagen-lysine,2-oxoglutarate 5-dioxygenase 1	2.37359e+06	3.21381e+06	1.00395e+06	1.16247e+06
Q02817	Q02817	MUC2_HUMAN	MUC2	Mucin-2	4.43149e+07	1.78099e+07	1.04396e+08	6.07367e+07
Q02818	Q02818	NUCB1_HUMAN	NUCB1	Nucleobindin-1	3.18063e+07	3.86849e+06	4.46162e+07	2.86226e+07
Q02878	Q02878	RL6_HUMAN	RPL6	Large ribosomal subunit protein eL6	1.19461e+07	7.15381e+06	3.56353e+06	1.32315e+07
Q02880	Q02880	TOP2B_HUMAN	TOP2B	DNA topoisomerase 2-beta	437712	511783	148287	346126
Q02952	Q02952	AKA12_HUMAN	AKAP12	A-kinase anchor protein 12	1.63954e+06	872499	641675	2.05198e+06
Q02978	Q02978	M2OM_HUMAN	SLC25A11	Mitochondrial 2-oxoglutarate/malate carrier protein	7.45424e+06	3.43707e+06	4.42872e+06	6.26513e+06
Q03013	Q03013	GSTM4_HUMAN	GSTM4	Glutathione S-transferase Mu 4			356195	214431
Q03135	Q03135	CAV1_HUMAN	CAV1	Caveolin-1	9.04336e+06	7.21083e+06	1.79951e+06	9.97146e+06
Q03154	Q03154	ACY1_HUMAN	ACY1	Aminoacylase-1	2.56787e+06	1.93841e+06	5.38662e+06	3.42362e+06
Q03169	Q03169	TNAP2_HUMAN	TNFAIP2	Tumor necrosis factor alpha-induced protein 2	798771	750864	308143	381649
Q03252	Q03252	LMNB2_HUMAN	LMNB2	Lamin-B2	9.59149e+06	5.81484e+06	1.43692e+06	7.9497e+06
Q03405	Q03405	UPAR_HUMAN	PLAUR	Urokinase plasminogen activator surface receptor	357200	618630	599060	
Q03426	Q03426	KIME_HUMAN	MVK	Mevalonate kinase	706699		1.17242e+06	959713
Q03518	Q03518	TAP1_HUMAN	TAP1	Antigen peptide transporter 1	7.36462e+06	3.28863e+06	5.51311e+06	3.92685e+06
Q03519	Q03519	TAP2_HUMAN	TAP2	Antigen peptide transporter 2	8.11944e+06	1.60023e+06	5.34701e+06	4.01008e+06
Q03591	P36980;Q03591	FHR1_HUMAN	CFHR1	Complement factor H-related protein 1	945221	1.31632e+06	614809	972615
Q04206	Q04206	TF65_HUMAN	RELA	Transcription factor p65	1.74506e+06	1.47981e+06	1.29537e+06	1.75001e+06
Q04323	Q04323	UBXN1_HUMAN	UBXN1	UBX domain-containing protein 1	1.80164e+06	902110	2.41496e+06	1.88599e+06
Q04446	Q04446	GLGB_HUMAN	GBE1	1,4-alpha-glucan-branching enzyme	1.76237e+06	3.75199e+06	2.2862e+06	1.76356e+06
Q04637	Q04637	IF4G1_HUMAN	EIF4G1	Eukaryotic translation initiation factor 4 gamma 1	7.64938e+06	7.16601e+06	3.84859e+06	7.50531e+06
Q04695	Q04695	K1C17_HUMAN	KRT17	Keratin, type I cytoskeletal 17	2.20932e+06	3.01222e+06	1.56781e+06	1.36638e+06
Q04726	Q04724;Q04725;Q04726;Q04727	TLE3_HUMAN	TLE3	Transducin-like enhancer protein 3	764849	678682	178178	688957
Q04760	Q04760	LGUL_HUMAN	GLO1	Lactoylglutathione lyase	8.35209e+06	8.18233e+06	1.68559e+07	1.07183e+07
Q04837	Q04837	SSBP_HUMAN	SSBP1	Single-stranded DNA-binding protein, mitochondrial	9.67486e+06	8.10617e+06	6.85299e+06	7.52607e+06
Q04844	Q04844	ACHE_HUMAN	CHRNE	Acetylcholine receptor subunit epsilon	58326.1	1.04851e+06	115900	290801
Q04864	Q04864	REL_HUMAN	REL	Proto-oncogene c-Rel	2.53253e+06	2.83874e+06	1.15861e+06	2.50598e+06
Q04912	Q04912	RON_HUMAN	MST1R	Macrophage-stimulating protein receptor	275545	599931	500523	447569
Q04917	Q04917	1433F_HUMAN	YWHAH	14-3-3 protein eta	7.89518e+06	6.20843e+06	9.36772e+06	8.02873e+06
Q04941	Q04941	PLP2_HUMAN	PLP2	Proteolipid protein 2	6.30706e+06	2.35393e+06	1.83206e+07	6.5054e+06
Q05048	Q05048	CSTF1_HUMAN	CSTF1	Cleavage stimulation factor subunit 1	995943	696671	371719	780837
Q05084	Q05084	ICA69_HUMAN	ICA1	Islet cell autoantigen 1	250834	58886.8	93206.9	381654
Q05086	Q05086	UBE3A_HUMAN	UBE3A	Ubiquitin-protein ligase E3A	591963	673493	457285	662072
Q05193	Q05193	DYN1_HUMAN	DNM1	Dynamin-1	380823	290554		247331
Q05209	Q05209	PTN12_HUMAN	PTPN12	Tyrosine-protein phosphatase non-receptor type 12	785072	442441	360694	573123
Q05315	Q05315	LEG10_HUMAN	CLC	Galectin-10	9.11262e+07	1.92703e+08	1.51514e+08	6.05515e+07
Q05397	Q05397	FAK1_HUMAN	PTK2	Focal adhesion kinase 1	1.09158e+06	828023	470657	1.04417e+06
Q05513	Q05513	KPCZ_HUMAN	PRKCZ	Protein kinase C zeta type	239122			324932
Q05519	Q05519	SRS11_HUMAN	SRSF11	Serine/arginine-rich splicing factor 11	907151		415651	1.39212e+06
Q05655	Q05655	KPCD_HUMAN	PRKCD	Protein kinase C delta type	2.6213e+06	1.98202e+06	1.5724e+06	2.12105e+06
Q05682	Q05682	CALD1_HUMAN	CALD1	Caldesmon	2.04551e+07	5.79258e+06	2.93842e+06	8.21373e+06
Q05707	Q05707	COEA1_HUMAN	COL14A1	Collagen alpha-1(XIV) chain	1.53906e+07	7.1875e+06	1.82509e+06	8.26275e+06
Q05823	Q05823	RN5A_HUMAN	RNASEL	2-5A-dependent ribonuclease	110793	45038.7	37579.8	54133.6
Q05BV3	Q05BV3	EMAL5_HUMAN	EML5	Echinoderm microtubule-associated protein-like 5	1.4145e+07	7.52918e+06	2.03502e+07	
Q05DH4	Q05DH4	FHI1A_HUMAN	FHIP1A	FHF complex subunit HOOK-interacting protein 1A	218911			41244.8
Q06033	Q06033	ITIH3_HUMAN	ITIH3	Inter-alpha-trypsin inhibitor heavy chain H3	1.57359e+06	2.0268e+06	1.66459e+06	2.46375e+06
Q06124	Q06124	PTN11_HUMAN	PTPN11	Tyrosine-protein phosphatase non-receptor type 11	1.31065e+06	1.52663e+06	957076	1.33434e+06
Q06136	Q06136	KDSR_HUMAN	KDSR	3-ketodihydrosphingosine reductase	4.93029e+06	3.11164e+06	2.73245e+06	3.32828e+06
Q06141	Q06141	REG3A_HUMAN	REG3A	Regenerating islet-derived protein 3-alpha		512185		
Q06187	Q06187	BTK_HUMAN	BTK	Tyrosine-protein kinase BTK	180920	481924	311168	
Q06203	Q06203	PUR1_HUMAN	PPAT	Amidophosphoribosyltransferase	685257	797718	969381	905889
Q06210	Q06210	GFPT1_HUMAN	GFPT1	Glutamine--fructose-6-phosphate aminotransferase [isomerizing] 1	8.2552e+06	4.0005e+06	5.8565e+06	1.2169e+07
Q06265	Q06265	EXOS9_HUMAN	EXOSC9	Exosome complex component RRP45	557920	708452		516256
Q06278	Q06278	AOXA_HUMAN	AOX1	Aldehyde oxidase	639847	903699	673409	787045
Q06323	Q06323	PSME1_HUMAN	PSME1	Proteasome activator complex subunit 1	3.72742e+07	3.35005e+07	6.76987e+07	3.88495e+07
Q06330	Q06330	SUH_HUMAN	RBPJ	Recombining binding protein suppressor of hairless	222830	159866		228605
Q06481	Q06481	APLP2_HUMAN	APLP2	Amyloid beta precursor like protein 2	120102	96098	137315	
Q06546	Q06546	GABPA_HUMAN	GABPA	GA-binding protein alpha chain	873256	1.02496e+06	647024	795878
Q06547	Q06547	GABP1_HUMAN	GABPB1	GA-binding protein subunit beta-1	145360		41151.1	266259
Q06587	Q06587	RING1_HUMAN	RING1	E3 ubiquitin-protein ligase RING1	616100	320545		564815
Q06787	Q06787	FMR1_HUMAN	FMR1	Fragile X messenger ribonucleoprotein 1	728048	670612	253634	483416
Q06828	Q06828	FMOD_HUMAN	FMOD	Fibromodulin	1.0422e+07	5.23125e+06	4.92845e+06	6.00475e+06
Q06830	Q06830	PRDX1_HUMAN	PRDX1	Peroxiredoxin-1	1.7699e+08	2.67166e+08	1.7033e+08	1.76301e+08
Q07020	Q07020	RL18_HUMAN	RPL18	Large ribosomal subunit protein eL18	1.21114e+07	6.70807e+06	3.74972e+06	1.3034e+07
Q07021	Q07021	C1QBP_HUMAN	C1QBP	Complement component 1 Q subcomponent-binding protein, mitochondrial	6.3406e+06	5.81678e+06	8.78464e+06	8.78837e+06
Q07065	Q07065	CKAP4_HUMAN	CKAP4	Cytoskeleton-associated protein 4	9.48339e+06	5.30051e+06	2.82707e+06	7.48821e+06
Q07075	Q07075	AMPE_HUMAN	ENPEP	Glutamyl aminopeptidase	214316	304570		
Q07092	Q07092	COGA1_HUMAN	COL16A1	Collagen alpha-1(XVI) chain		199356		62798.1
Q07108	Q07108	CD69_HUMAN	CD69	Early activation antigen CD69	72239.2	49838.1	79390	24948.5
Q07157	Q07157	ZO1_HUMAN	TJP1	Tight junction protein ZO-1	4.33796e+06	4.66936e+06	2.01165e+06	3.67889e+06
Q07507	Q07507	DERM_HUMAN	DPT	Dermatopontin	274063	113809	153593	148055
Q07617	Q07617	SPAG1_HUMAN	SPAG1	Sperm-associated antigen 1	582592	928017	534849	960195
Q07654	Q07654	TFF3_HUMAN	TFF3	Trefoil factor 3	514792	424346	1.2281e+06	1.37977e+06
Q07666	Q07666	KHDR1_HUMAN	KHDRBS1	KH domain-containing, RNA-binding, signal transduction-associated protein 1	6.34117e+06	5.05652e+06	3.1907e+06	5.44951e+06
Q07812	Q07812	BAX_HUMAN	BAX	Apoptosis regulator BAX	2.99022e+06	5.25423e+06	7.33366e+06	3.97105e+06
Q07817	Q07817	B2CL1_HUMAN	BCL2L1	Bcl-2-like protein 1	2.16145e+06	1.81251e+06	2.37691e+06	1.7252e+06
Q07820	Q07820	MCL1_HUMAN	MCL1	Induced myeloid leukemia cell differentiation protein Mcl-1	366737	438758	462536	720203
Q07866	Q07866	KLC1_HUMAN	KLC1	Kinesin light chain 1	1.75658e+06	790068	702083	1.88201e+06
Q07889	Q07889;Q07890	SOS1_HUMAN	SOS1	Son of sevenless homolog 1	1.28407e+06	741293	272464	794486
Q07954	Q07954	LRP1_HUMAN	LRP1	Prolow-density lipoprotein receptor-related protein 1	3.12706e+06	3.29067e+06	1.62422e+06	1.96357e+06
Q07955	Q07955	SRSF1_HUMAN	SRSF1	Serine/arginine-rich splicing factor 1	2.25934e+06	1.87665e+06	618106	2.33418e+06
Q07960	Q07960	RHG01_HUMAN	ARHGAP1	Rho GTPase-activating protein 1	2.00399e+07	1.24292e+07	1.38984e+07	1.07823e+07
Q08117	Q08117	TLE5_HUMAN	TLE5	TLE family member 5	261850		129312	351992
Q08170	Q08170	SRSF4_HUMAN	SRSF4	Serine/arginine-rich splicing factor 4	554903	402485		458443
Q08174	Q08174	PCDH1_HUMAN	PCDH1	Protocadherin-1	745653		868893	1.08235e+06
Q08188	Q08188	TGM3_HUMAN	TGM3	Protein-glutamine gamma-glutamyltransferase E	1.9085e+06	4.01198e+06	1.59868e+06	2.36209e+06
Q08209	P16298;P48454;Q08209	PP2BA_HUMAN	PPP3CA	Protein phosphatase 3 catalytic subunit alpha	5.66639e+06	6.56386e+06	6.17357e+06	6.70273e+06
Q08211	Q08211	DHX9_HUMAN	DHX9	ATP-dependent RNA helicase A	6.26355e+06	5.04101e+06	1.89006e+06	5.79334e+06
Q08257	Q08257	QOR_HUMAN	CRYZ	Quinone oxidoreductase	6.12515e+06	5.07752e+06	5.24791e+06	5.67235e+06
Q08345	Q08345	DDR1_HUMAN	DDR1	Epithelial discoidin domain-containing receptor 1	560887	174931	951701	848517
Q08378	Q08378	GOGA3_HUMAN	GOLGA3	Golgin subfamily A member 3	3.37705e+06	3.31312e+06	1.66689e+06	4.09942e+06
Q08379	Q08379	GOGA2_HUMAN	GOLGA2	Golgin subfamily A member 2	4.48526e+06	3.62419e+06	650046	4.42231e+06
Q08380	Q08380	LG3BP_HUMAN	LGALS3BP	Galectin-3-binding protein	1.18513e+07	1.01108e+07	2.24774e+07	1.39657e+07
Q08426	Q08426	ECHP_HUMAN	EHHADH	Peroxisomal bifunctional enzyme	5.28506e+06	2.46319e+06	4.25537e+06	6.72862e+06
Q08431	Q08431	MFGM_HUMAN	MFGE8	Lactadherin	740572	1.17983e+06	327840	299949
Q08477	Q08477	CP4F3_HUMAN	CYP4F3	Cytochrome P450 4F3	618032	2.49217e+06	656273	429848
Q08495	Q08495	DEMA_HUMAN	DMTN	Dematin	1.70522e+06	1.77189e+06	649277	1.06119e+06
Q08554	Q08554	DSC1_HUMAN	DSC1	Desmocollin-1	876450	3.95324e+06	770987	1.23174e+06
Q08623	Q08623	HDHD1_HUMAN	PUDP	Pseudouridine-5'-phosphatase	2.23507e+06	541112	1.37056e+06	1.48508e+06
Q08722	Q08722	CD47_HUMAN	CD47	Leukocyte surface antigen CD47	8.856e+06	8.75752e+06	1.09852e+07	6.4931e+06
Q08752	Q08752	PPID_HUMAN	PPID	Peptidyl-prolyl cis-trans isomerase D	1.64181e+06	1.53902e+06	1.56196e+06	1.66283e+06
Q08945	Q08945	SSRP1_HUMAN	SSRP1	FACT complex subunit SSRP1	1.25794e+06	1.20984e+06	498128	834020
Q08AF3	Q08AF3	SLFN5_HUMAN	SLFN5	Schlafen family member 5	1.20041e+06	556374	227383	559521
Q08AM6	Q08AM6	VAC14_HUMAN	VAC14	Protein VAC14 homolog	2.90345e+06	1.51548e+06	608054	2.26796e+06
Q08ET2	Q08ET2	SIG14_HUMAN	SIGLEC14	Sialic acid-binding Ig-like lectin 14		404838	54442.9	
Q08J23	Q08J23	NSUN2_HUMAN	NSUN2	RNA cytosine C(5)-methyltransferase NSUN2	3.81869e+06	1.95062e+06	2.51606e+06	4.91326e+06
Q09028	Q09028	RBBP4_HUMAN	RBBP4	Histone-binding protein RBBP4	2.51804e+06	1.3172e+06	1.38121e+06	2.05108e+06
Q09161	Q09161	NCBP1_HUMAN	NCBP1	Nuclear cap-binding protein subunit 1	755820	794727	346006	780463
Q09328	Q09328	MGT5A_HUMAN	MGAT5	Alpha-1,6-mannosylglycoprotein 6-beta-N-acetylglucosaminyltransferase A	122277	136802	171554	105243
Q09472	Q09472;Q92793	EP300_HUMAN	EP300	Histone acetyltransferase p300	518192	386151		511840
Q09666	Q09666	AHNK_HUMAN	AHNAK	Neuroblast differentiation-associated protein AHNAK	1.65534e+08	7.77034e+07	2.56003e+07	1.55594e+08
Q0GE19	Q0GE19	NTCP7_HUMAN	SLC10A7	Sodium/bile acid cotransporter 7	115199	180117	86413.5	131962
Q0IIM8	Q0IIM8	TBC8B_HUMAN	TBC1D8B	TBC1 domain family member 8B	2.34713e+06	370237	1.70987e+06	2.94162e+06
Q0JRZ9	Q0JRZ9	FCHO2_HUMAN	FCHO2	F-BAR domain only protein 2	719306	468601	154719	690655
Q0PNE2	Q0PNE2	ELP6_HUMAN	ELP6	Elongator complex protein 6	279069	219026	164020	331599
Q0VD83	Q0VD83	APOBR_HUMAN	APOBR	Apolipoprotein B receptor	3.9411e+06	1.68714e+06	4.0325e+06	4.82463e+06
Q0VDF9	Q0VDF9	HSP7E_HUMAN	HSPA14	Heat shock 70 kDa protein 14	1.16318e+06	459215	711246	1.23062e+06
Q0VDG4	Q0VDG4	SCRN3_HUMAN	SCRN3	Secernin-3	1.56788e+06	1.42431e+06	1.70192e+06	1.10912e+06
Q0VGL1	Q0VGL1	LTOR4_HUMAN	LAMTOR4	Ragulator complex protein LAMTOR4	1.99312e+06	2.21278e+06	2.69694e+06	1.74186e+06
Q0ZGT2	Q0ZGT2	NEXN_HUMAN	NEXN	Nexilin	686757	480415		528764
Q10469	Q10469	MGAT2_HUMAN	MGAT2	Alpha-1,6-mannosyl-glycoprotein 2-beta-N-acetylglucosaminyltransferase	8.47633e+06	1.05461e+07	1.27548e+07	8.12502e+06
Q10471	Q10471	GALT2_HUMAN	GALNT2	Polypeptide N-acetylgalactosaminyltransferase 2	2.14612e+06	2.52942e+06	2.66706e+06	1.82821e+06
Q10472	Q10472;Q8IUC8	GALT1_HUMAN	GALNT1	Polypeptide N-acetylgalactosaminyltransferase 1	1.72615e+06	1.51841e+06	2.00338e+06	1.76291e+06
Q10567	Q10567	AP1B1_HUMAN	AP1B1	AP-1 complex subunit beta-1	3.71753e+06	3.44415e+06	1.77382e+06	3.83593e+06
Q10570	Q10570	CPSF1_HUMAN	CPSF1	Cleavage and polyadenylation specificity factor subunit 1	720543	658762	563860	531257
Q10588	Q10588	BST1_HUMAN	BST1	ADP-ribosyl cyclase/cyclic ADP-ribose hydrolase 2	842385	4.24061e+06	1.3804e+06	444422
Q10589	Q10589	BST2_HUMAN	BST2	Bone marrow stromal antigen 2	1.4297e+06	1.30492e+06	2.27506e+06	1.12279e+06
Q10713	Q10713	MPPA_HUMAN	PMPCA	Mitochondrial-processing peptidase subunit alpha	2.27711e+06	1.62878e+06	1.87251e+06	2.1547e+06
Q11201	Q11201;Q16842	SIA4A_HUMAN	ST3GAL1	CMP-N-acetylneuraminate-beta-galactosamide-alpha-2,3-sialyltransferase 1	268036	171774	210797	
Q11206	Q11206	SIA4C_HUMAN	ST3GAL4	CMP-N-acetylneuraminate-beta-galactosamide-alpha-2,3-sialyltransferase 4	1.43124e+06	746668	2.37677e+06	1.45372e+06
Q12765	Q12765	SCRN1_HUMAN	SCRN1	Secernin-1	1.00013e+06	1.12842e+06	1.77068e+06	1.20443e+06
Q12768	Q12768	WASC5_HUMAN	WASHC5	WASH complex subunit 5	1.49652e+06	920188	365875	1.3776e+06
Q12769	Q12769	NU160_HUMAN	NUP160	Nuclear pore complex protein Nup160	490061			489758
Q12774	Q12774	ARHG5_HUMAN	ARHGEF5	Rho guanine nucleotide exchange factor 5	96274.5	45426.9		91986
Q12792	Q12792	TWF1_HUMAN	TWF1	Twinfilin-1	2.91501e+06	2.71418e+06	2.56015e+06	2.99704e+06
Q12797	Q12797	ASPH_HUMAN	ASPH	Aspartyl/asparaginyl beta-hydroxylase	3.67603e+06	3.15737e+06	1.64951e+06	2.21406e+06
Q12800	Q12800;Q9NZI7	TFCP2_HUMAN	TFCP2	Alpha-globin transcription factor CP2	578498	304804	428695	483106
Q12802	Q12802	AKP13_HUMAN	AKAP13	A-kinase anchor protein 13	203980	226910	194804	217875
Q12805	Q12805	FBLN3_HUMAN	EFEMP1	EGF-containing fibulin-like extracellular matrix protein 1	3.04644e+06	3.65339e+06	1.75139e+06	2.11929e+06
Q12824	Q12824	SNF5_HUMAN	SMARCB1	SWI/SNF-related matrix-associated actin-dependent regulator of chromatin subfamily B member 1	1.16397e+06	879592		1.15025e+06
Q12841	Q12841	FSTL1_HUMAN	FSTL1	Follistatin-related protein 1	328159	238491	208816	177357
Q12846	Q12846	STX4_HUMAN	STX4	Syntaxin-4	2.26113e+06	1.59613e+06	1.68516e+06	1.96578e+06
Q12849	Q12849	GRSF1_HUMAN	GRSF1	G-rich sequence factor 1	1.23359e+06	565330	1.29002e+06	1.19753e+06
Q12857	Q12857	NFIA_HUMAN	NFIA	Nuclear factor 1 A-type	1.55192e+07	3.67776e+06	1.60915e+07	9.10248e+06
Q12864	Q12864	CAD17_HUMAN	CDH17	Cadherin-17	1.63432e+07	2.37252e+06	3.21048e+07	2.2064e+07
Q12866	Q12866	MERTK_HUMAN	MERTK	Tyrosine-protein kinase Mer	910573	938823	966725	802239
Q12874	Q12874	SF3A3_HUMAN	SF3A3	Splicing factor 3A subunit 3	1.66196e+06	770924	339881	1.58238e+06
Q12882	Q12882	DPYD_HUMAN	DPYD	Dihydropyrimidine dehydrogenase [NADP(+)]	1.83453e+06	1.84705e+06	1.6023e+06	1.54727e+06
Q12884	Q12884	SEPR_HUMAN	FAP	Prolyl endopeptidase FAP	1.58717e+06	1.26034e+06	79163.8	
Q12888	Q12888	TP53B_HUMAN	TP53BP1	TP53-binding protein 1	2.405e+06	649821		2.61885e+06
Q12894	Q12894	IFRD2_HUMAN	IFRD2	Interferon-related developmental regulator 2	33221			14293.7
Q12899	Q12899	TRI26_HUMAN	TRIM26	Tripartite motif-containing protein 26	487813	504552	113822	404106
Q12904	Q12904	AIMP1_HUMAN	AIMP1	Aminoacyl tRNA synthase complex-interacting multifunctional protein 1	4.57754e+06	2.92239e+06	1.63942e+06	4.93361e+06
Q12905	Q12905	ILF2_HUMAN	ILF2	Interleukin enhancer-binding factor 2	9.43983e+06	1.13604e+07	4.93381e+06	8.43603e+06
Q12906	Q12906;Q96SI9	ILF3_HUMAN	ILF3	Interleukin enhancer-binding factor 3	9.10027e+06	1.09427e+07	3.56413e+06	8.08581e+06
Q12907	Q12907	LMAN2_HUMAN	LMAN2	Vesicular integral-membrane protein VIP36	1.11222e+07	1.31021e+07	1.84299e+07	1.06408e+07
Q12913	Q12913	PTPRJ_HUMAN	PTPRJ	Receptor-type tyrosine-protein phosphatase eta	1.36628e+06	2.29824e+06	1.22541e+06	810113
Q12929	Q12929	EPS8_HUMAN	EPS8	Epidermal growth factor receptor kinase substrate 8	283338		189033	237287
Q12931	Q12931	TRAP1_HUMAN	TRAP1	Heat shock protein 75 kDa, mitochondrial	6.12789e+06	4.83094e+06	5.3206e+06	6.95442e+06
Q12933	Q12933	TRAF2_HUMAN	TRAF2	TNF receptor-associated factor 2	1.08786e+06	1.59632e+06		1.55284e+06
Q12955	Q12955	ANK3_HUMAN	ANK3	Ankyrin-3	706851	326226	281494	934408
Q12959	Q12959;Q15700	DLG1_HUMAN	DLG1	Disks large homolog 1	1.7455e+06	1.12971e+06	1.14694e+06	1.7533e+06
Q12965	Q12965	MYO1E_HUMAN	MYO1E	Unconventional myosin-Ie	1.12093e+06	710591	703274	1.09432e+06
Q12972	Q12972	PP1R8_HUMAN	PPP1R8	Nuclear inhibitor of protein phosphatase 1	3.07435e+06	964877	2.93753e+06	3.26271e+06
Q12974	Q12974	TP4A2_HUMAN	PTP4A2	Protein tyrosine phosphatase type IVA 2	371081	325470	664479	383690
Q12979	Q12979	ABR_HUMAN	ABR	Active breakpoint cluster region-related protein	1.13901e+06	850484	563401	1.1061e+06
Q12981	Q12981	SEC20_HUMAN	BNIP1	Vesicle transport protein SEC20	888572	717084	498984	894466
Q12982	Q12982	BNIP2_HUMAN	BNIP2	BCL2/adenovirus E1B 19 kDa protein-interacting protein 2	233049	277494	118839	111839
Q12996	Q12996	CSTF3_HUMAN	CSTF3	Cleavage stimulation factor subunit 3	1.06461e+06	1.03544e+06	329674	925014
Q12999	P35240;Q12999	TSN31_HUMAN	TSPAN31	Tetraspanin-31	174685	119234	472249	198396
Q13011	Q13011	ECH1_HUMAN	ECH1	Delta(3,5)-Delta(2,4)-dienoyl-CoA isomerase, mitochondrial	1.50719e+07	8.72368e+06	1.42651e+07	1.61562e+07
Q13033	Q13033	STRN3_HUMAN	STRN3	Striatin-3	2.05305e+06	1.81476e+06		2.01076e+06
Q13042	Q13042	CDC16_HUMAN	CDC16	Cell division cycle protein 16 homolog	381260	182357		423530
Q13043	Q13043	STK4_HUMAN	STK4	Serine/threonine-protein kinase 4	1.63569e+06	956145	844657	1.27392e+06
Q13045	Q13045	FLII_HUMAN	FLII	Protein flightless-1 homolog	1.44065e+06	1.9072e+06	687789	1.42019e+06
Q13049	Q13049	TRI32_HUMAN	TRIM32	E3 ubiquitin-protein ligase TRIM32	1.31292e+06	430196	694093	752168
Q13057	Q13057	COASY_HUMAN	COASY	Bifunctional coenzyme A synthase	1.88939e+06	1.10266e+06	2.08622e+06	2.17379e+06
Q13084	Q13084	RM28_HUMAN	MRPL28	Large ribosomal subunit protein bL28m	1.04268e+06	636991	451280	1.09469e+06
Q13085	Q13085	ACACA_HUMAN	ACACA	Acetyl-CoA carboxylase 1	1.31199e+06	923878	558866	1.99106e+06
Q13094	Q13094	LCP2_HUMAN	LCP2	Lymphocyte cytosolic protein 2	1.34777e+06	1.13669e+06	697255	592540
Q13098	Q13098	CSN1_HUMAN	GPS1	COP9 signalosome complex subunit 1	1.96329e+06	1.76528e+06	753595	1.99724e+06
Q13107	Q13107	UBP4_HUMAN	USP4	Ubiquitin carboxyl-terminal hydrolase 4	708174	525763	458581	741386
Q13113	Q13113	PDZ1I_HUMAN	PDZK1IP1	PDZK1-interacting protein 1			507140	
Q13123	Q13123	RED_HUMAN	IK	Protein Red	464859	323554		400061
Q13126	Q13126	MTAP_HUMAN	MTAP	S-methyl-5'-thioadenosine phosphorylase	2.90883e+06	3.44383e+06	3.23228e+06	3.23273e+06
Q13131	Q13131	AAPK1_HUMAN	PRKAA1	5'-AMP-activated protein kinase catalytic subunit alpha-1	2.17662e+06	1.78719e+06	1.33343e+06	1.93515e+06
Q13136	Q13136	LIPA1_HUMAN	PPFIA1	Liprin-alpha-1	404915	247996	134827	414243
Q13137	Q13137	CACO2_HUMAN	CALCOCO2	Calcium-binding and coiled-coil domain-containing protein 2	80691.2			177063
Q13144	Q13144	EI2BE_HUMAN	EIF2B5	Translation initiation factor eIF-2B subunit epsilon	1.05851e+06	1.21999e+06	740846	1.24933e+06
Q13148	Q13148	TADBP_HUMAN	TARDBP	TAR DNA-binding protein 43	4.03763e+06	2.58694e+06	3.08205e+06	4.28355e+06
Q13151	Q13151	ROA0_HUMAN	HNRNPA0	Heterogeneous nuclear ribonucleoprotein A0	4.77113e+06	4.11883e+06	4.09137e+06	6.10548e+06
Q13153	Q13153	PAK1_HUMAN	PAK1	Serine/threonine-protein kinase PAK 1	1.55407e+06	1.00307e+06	1.43179e+06	1.98464e+06
Q13155	Q13155	AIMP2_HUMAN	AIMP2	Aminoacyl tRNA synthase complex-interacting multifunctional protein 2	1.09939e+06	840617	449708	1.24108e+06
Q13158	Q13158	FADD_HUMAN	FADD	FAS-associated death domain protein	273034		326069	269309
Q13162	Q13162	PRDX4_HUMAN	PRDX4	Peroxiredoxin-4	1.5103e+07	2.07519e+07	2.53684e+07	2.04884e+07
Q13177	Q13177	PAK2_HUMAN	PAK2	Serine/threonine-protein kinase PAK 2	2.5897e+06	2.27133e+06	2.27361e+06	2.59514e+06
Q13185	Q13185	CBX3_HUMAN	CBX3	Chromobox protein homolog 3	3.0133e+06	3.42384e+06	1.50901e+06	2.57266e+06
Q13188	Q13188	STK3_HUMAN	STK3	Serine/threonine-protein kinase 3	128567	103793	72252.7	60160.3
Q13190	Q13190	STX5_HUMAN	STX5	Syntaxin-5	1.13206e+06	1.28403e+06	453151	1.01732e+06
Q13200	Q13200	PSMD2_HUMAN	PSMD2	26S proteasome non-ATPase regulatory subunit 2	2.57628e+07	2.99868e+07	1.22885e+07	2.87518e+07
Q13201	Q13201	MMRN1_HUMAN	MMRN1	Multimerin-1	798532	384191	361344	
Q13217	Q13217	DNJC3_HUMAN	DNAJC3	DnaJ homolog subfamily C member 3	1.95481e+06	2.58397e+06	2.55552e+06	1.83977e+06
Q13219	Q13219	PAPP1_HUMAN	PAPPA	Pappalysin-1		374581	221872	
Q13228	Q13228	SBP1_HUMAN	SELENBP1	Methanethiol oxidase	3.95512e+07	2.4251e+07	5.66793e+07	4.49176e+07
Q13231	Q13231	CHIT1_HUMAN	CHIT1	Chitotriosidase-1	263170	2.66726e+06	373557	
Q13232	Q13232	NDK3_HUMAN	NME3	Nucleoside diphosphate kinase 3	3.46621e+06	2.95633e+06	2.71886e+06	3.38562e+06
Q13242	Q13242	SRSF9_HUMAN	SRSF9	Serine/arginine-rich splicing factor 9	1.45299e+06	1.18202e+06	525674	1.39299e+06
Q13243	Q13243	SRSF5_HUMAN	SRSF5	Serine/arginine-rich splicing factor 5	639857		194497	552918
Q13247	Q08170;Q13247	SRSF6_HUMAN	SRSF6	Serine/arginine-rich splicing factor 6	5.11517e+06	2.78085e+06	1.52069e+06	5.42806e+06
Q13257	Q13257	MD2L1_HUMAN	MAD2L1	Mitotic spindle assembly checkpoint protein MAD2A	615418	317225	985208	768717
Q13263	Q13263	TIF1B_HUMAN	TRIM28	Transcription intermediary factor 1-beta	1.46021e+07	5.36537e+06	1.11982e+06	1.47053e+07
Q13277	Q13277	STX3_HUMAN	STX3	Syntaxin-3	953474	1.48526e+06	1.02606e+06	663906
Q13283	Q13283	G3BP1_HUMAN	G3BP1	Ras GTPase-activating protein-binding protein 1	4.89468e+06	4.4621e+06	3.6443e+06	4.34142e+06
Q13287	Q13287	NMI_HUMAN	NMI	N-myc-interactor	1.70824e+06	1.96258e+06	2.04638e+06	1.43888e+06
Q13291	Q13291	SLAF1_HUMAN	SLAMF1	Signaling lymphocytic activation molecule	467800	404655	448340	451706
Q13303	Q13303	KCAB2_HUMAN	KCNAB2	Voltage-gated potassium channel subunit beta-2	1.95515e+06	2.87541e+06	1.13541e+06	938609
Q13308	Q13308	PTK7_HUMAN	PTK7	Inactive tyrosine-protein kinase 7	2.0998e+06	3.00251e+06	1.29622e+06	1.59658e+06
Q13310	Q13310	PABP4_HUMAN	PABPC4	Polyadenylate-binding protein 4	2.24913e+06	3.35117e+06	1.78377e+06	3.00407e+06
Q13315	Q13315	ATM_HUMAN	ATM	Serine-protein kinase ATM	719501	582104	69062.3	567984
Q13325	Q13325	IFIT5_HUMAN	IFIT5	Interferon-induced protein with tetratricopeptide repeats 5	720957	558208	468159	508249
Q13330	Q13330;Q9BTC8	MTA1_HUMAN	MTA1	Metastasis-associated protein MTA1	413961	201082		352223
Q13347	Q13347	EIF3I_HUMAN	EIF3I	Eukaryotic translation initiation factor 3 subunit I	2.54652e+06	2.8093e+06	1.04854e+06	2.64792e+06
Q13356	Q13356	PPIL2_HUMAN	PPIL2	RING-type E3 ubiquitin-protein ligase PPIL2	179011	109515		119701
Q13361	Q13361	MFAP5_HUMAN	MFAP5	Microfibrillar-associated protein 5			215415	594990
Q13362	Q13362	2A5G_HUMAN	PPP2R5C	Serine/threonine-protein phosphatase 2A 56 kDa regulatory subunit gamma isoform	296065	206745	191113	268908
Q13363	P56545;Q13363	CTBP1_HUMAN	CTBP1	C-terminal-binding protein 1	3.55162e+06	513146	3.61993e+06	3.71326e+06
Q13393	Q13393	PLD1_HUMAN	PLD1	Phospholipase D1	105559	143559	105257	102012
Q13395	Q13395	TARB1_HUMAN	TARBP1	Probable methyltransferase TARBP1	477208	570311		517145
Q13404	Q13404	UB2V1_HUMAN	UBE2V1	Ubiquitin-conjugating enzyme E2 variant 1	7.74709e+06	9.85874e+06	1.46174e+07	6.75378e+06
Q13405	Q13405	RM49_HUMAN	MRPL49	Large ribosomal subunit protein mL49	1.34732e+06	571907	622435	1.79597e+06
Q13409	Q13409	DC1I2_HUMAN	DYNC1I2	Cytoplasmic dynein 1 intermediate chain 2	1.10522e+07	7.53818e+06	2.43007e+06	1.22463e+07
Q13418	Q13418	ILK_HUMAN	ILK	Integrin-linked protein kinase	6.38185e+06	2.64169e+06	584700	2.84265e+06
Q13423	Q13423	NNTM_HUMAN	NNT	NAD(P) transhydrogenase, mitochondrial	4.98091e+06	2.46316e+06	1.61184e+06	4.44513e+06
Q13425	Q13425	SNTB2_HUMAN	SNTB2	Beta-2-syntrophin	3.96132e+06	2.77135e+06	902024	2.53164e+06
Q13426	Q13426	XRCC4_HUMAN	XRCC4	DNA repair protein XRCC4		216779		
Q13427	Q13427	PPIG_HUMAN	PPIG	Peptidyl-prolyl cis-trans isomerase G	84342.3	110584		
Q13428	Q13428	TCOF_HUMAN	TCOF1	Treacle protein	1.76929e+06	1.02606e+06	1.21366e+06	1.65597e+06
Q13435	Q13435	SF3B2_HUMAN	SF3B2	Splicing factor 3B subunit 2	1.4455e+06	538637	270485	1.48588e+06
Q13438	Q13438	OS9_HUMAN	OS9	Protein OS-9	784020	1.08076e+06	535634	697449
Q13439	Q13439	GOGA4_HUMAN	GOLGA4	Golgin subfamily A member 4	2.90498e+06	2.25531e+06	2.1723e+06	2.98529e+06
Q13442	Q13442	HAP28_HUMAN	PDAP1	28 kDa heat- and acid-stable phosphoprotein	2.32262e+06	2.04015e+06	2.32353e+06	2.72565e+06
Q13443	Q13443	ADAM9_HUMAN	ADAM9	Disintegrin and metalloproteinase domain-containing protein 9	986776	1.66172e+06	2.02338e+06	1.06999e+06
Q13444	Q13444	ADA15_HUMAN	ADAM15	Disintegrin and metalloproteinase domain-containing protein 15	471186	443346	846363	560515
Q13445	Q13445	TMED1_HUMAN	TMED1	Transmembrane emp24 domain-containing protein 1	1.26181e+06	378380	1.22711e+06	1.15749e+06
Q13451	Q13451	FKBP5_HUMAN	FKBP5	Peptidyl-prolyl cis-trans isomerase FKBP5	2.24502e+06	1.73161e+06	1.67869e+06	2.008e+06
Q13459	Q13459	MYO9B_HUMAN	MYO9B	Unconventional myosin-IXb	445646	390886	58474.1	279734
Q13464	Q13464	ROCK1_HUMAN	ROCK1	Rho-associated protein kinase 1	1.0466e+06	1.09288e+06	228335	892703
Q13477	Q13477	MADCA_HUMAN	MADCAM1	Mucosal addressin cell adhesion molecule 1		436835	588818	
Q13485	Q13485	SMAD4_HUMAN	SMAD4	Mothers against decapentaplegic homolog 4	284965		334025	489776
Q13488	Q13488	VPP3_HUMAN	TCIRG1	V-type proton ATPase 116 kDa subunit a 3	2.78523e+06	1.73163e+06	2.47532e+06	1.7784e+06
Q13489;Q13490	Q13489;Q13490	BIRC2_HUMAN;BIRC3_HUMAN	BIRC2;BIRC3	Baculoviral IAP repeat-containing protein 3	72010.4			72720.1
Q13491	Q13491	GPM6B_HUMAN	GPM6B	Neuronal membrane glycoprotein M6-b	251775	147552	227209	417629
Q13492	Q13492	PICAL_HUMAN	PICALM	Phosphatidylinositol-binding clathrin assembly protein	3.74981e+06	3.38837e+06	1.70346e+06	2.896e+06
Q13496	Q13496	MTM1_HUMAN	MTM1	Myotubularin	449441	269118	334004	554056
Q13501	Q13501	SQSTM_HUMAN	SQSTM1	Sequestosome-1	269885	171494		228971
Q13505	Q13505	MTX1_HUMAN	MTX1	Metaxin-1	1.40822e+06	933894	1.49528e+06	1.37584e+06
Q13509	Q13509;Q9BUF5	TBB3_HUMAN	TUBB3	Tubulin beta-3 chain	1.04575e+07	2.74439e+06	2.77e+06	9.38157e+06
Q13510	Q13510	ASAH1_HUMAN	ASAH1	Acid ceramidase	1.19591e+07	1.76625e+07	1.92171e+07	1.37934e+07
Q13523	Q13523	PRP4B_HUMAN	PRPF4B	Serine/threonine-protein kinase PRP4 homolog	504350	482639	140192	179928
Q13526	Q13526	PIN1_HUMAN	PIN1	Peptidyl-prolyl cis-trans isomerase NIMA-interacting 1	2.78422e+06	2.30171e+06	3.62093e+06	3.19587e+06
Q13530	Q13530	SERC3_HUMAN	SERINC3	Serine incorporator 3	192960	461365	538982	209200
Q13546	Q13546	RIPK1_HUMAN	RIPK1	Receptor-interacting serine/threonine-protein kinase 1	913885	826412	604699	887914
Q13547	Q13547	HDAC1_HUMAN	HDAC1	Histone deacetylase 1	5.94728e+06	3.87124e+06	1.75579e+06	5.93073e+06
Q13555	Q13555	KCC2G_HUMAN	CAMK2G	Calcium/calmodulin-dependent protein kinase type II subunit gamma	598093	518199		483842
Q13557	Q13557	KCC2D_HUMAN	CAMK2D	Calcium/calmodulin-dependent protein kinase type II subunit delta	5.14569e+06	2.09064e+06	1.30444e+06	6.3996e+06
Q13561	Q13561	DCTN2_HUMAN	DCTN2	Dynactin subunit 2	8.61071e+06	2.16667e+06	1.97747e+06	9.39115e+06
Q13564	Q13564	ULA1_HUMAN	NAE1	NEDD8-activating enzyme E1 regulatory subunit	3.30045e+06	3.77507e+06	3.9431e+06	3.77322e+06
Q13568	Q13568	IRF5_HUMAN	IRF5	Interferon regulatory factor 5	187348	84182.1	109166	153150
Q13571	Q13571	LAPM5_HUMAN	LAPTM5	Lysosomal-associated transmembrane protein 5	143665	53207.3	34955.1	57706.2
Q13572	Q13572	ITPK1_HUMAN	ITPK1	Inositol-tetrakisphosphate 1-kinase	647222		862927	704074
Q13573	Q13573	SNW1_HUMAN	SNW1	SNW domain-containing protein 1	62316.3			67595.9
Q13576	Q13576	IQGA2_HUMAN	IQGAP2	Ras GTPase-activating-like protein IQGAP2	2.86048e+06	1.7471e+06	925454	2.70722e+06
Q13586	Q13586	STIM1_HUMAN	STIM1	Stromal interaction molecule 1	1.10169e+06	610905	512830	996864
Q13595	Q13595	TRA2A_HUMAN	TRA2A	Transformer-2 protein homolog alpha	608642	527745	99507	571247
Q13596	Q13596	SNX1_HUMAN	SNX1	Sorting nexin-1	2.76414e+06	1.35685e+06	1.96362e+06	2.62913e+06
Q13608	Q13608	PEX6_HUMAN	PEX6	Peroxisomal ATPase PEX6	250871			294808
Q13610	Q13610	PWP1_HUMAN	PWP1	Periodic tryptophan protein 1 homolog	335597	169494	198405	215564
Q13613	Q13613	MTMR1_HUMAN	MTMR1	Myotubularin-related protein 1	450861	344047	185191	327183
Q13614	Q13614	MTMR2_HUMAN	MTMR2	Myotubularin-related protein 2	271943	245578		174125
Q13615	Q13615;Q9NYA4	MTMR3_HUMAN	MTMR3	Myotubularin-related protein 3	263127	342988	139601	279971
Q13616	Q13616	CUL1_HUMAN	CUL1	Cullin-1	1.68455e+06	1.84898e+06	683064	1.55627e+06
Q13617	Q13617	CUL2_HUMAN	CUL2	Cullin-2	1.13328e+06	1.36877e+06	411342	1.09007e+06
Q13618	Q13618	CUL3_HUMAN	CUL3	Cullin-3	1.4458e+06	1.90929e+06	626280	1.44525e+06
Q13619	Q13619;Q13620	CUL4A_HUMAN	CUL4A	Cullin-4A	1.28679e+06	1.0886e+06	335783	1.2199e+06
Q13620	Q13620	CUL4B_HUMAN	CUL4B	Cullin-4B	1.30278e+06	1.41006e+06	1.08106e+06	1.29433e+06
Q13630	Q13630	FCL_HUMAN	GFUS	GDP-L-fucose synthase	5.98435e+06	5.84453e+06	1.12925e+07	6.08021e+06
Q13636	Q13636	RAB31_HUMAN	RAB31	Ras-related protein Rab-31	1.54205e+06	2.34543e+06	1.08844e+06	626336
Q13637	Q13637	RAB32_HUMAN	RAB32	Ras-related protein Rab-32	3.10222e+06	2.47179e+06	4.2254e+06	2.66319e+06
Q13641	Q13641	TPBG_HUMAN	TPBG	Trophoblast glycoprotein	954235	982388	996198	695348
Q13642	Q13642	FHL1_HUMAN	FHL1	Four and a half LIM domains protein 1	4.56206e+06	2.61661e+06	923190	5.12726e+06
Q13643	Q13643	FHL3_HUMAN	FHL3	Four and a half LIM domains protein 3	1.63349e+06	442672		421219
Q13671	Q13671	RIN1_HUMAN	RIN1	Ras and Rab interactor 1	109819	128939	39020.2	137858
Q13683	Q13683	ITA7_HUMAN	ITGA7	Integrin alpha-7	1.8593e+06	711710	769686	484575
Q13685	Q13685	AAMP_HUMAN	AAMP	Angio-associated migratory cell protein	637688	598584	795348	722529
Q13724	Q13724	MOGS_HUMAN	MOGS	Mannosyl-oligosaccharide glucosidase	4.05699e+06	4.89644e+06	3.11594e+06	2.63178e+06
Q13740	Q13740	CD166_HUMAN	ALCAM	CD166 antigen	1.0338e+06	645571	2.19901e+06	1.43798e+06
Q13795	Q13795	ARFRP_HUMAN	ARFRP1	ADP-ribosylation factor-related protein 1	308953	204387	442652	262149
Q13797	Q13797	ITA9_HUMAN	ITGA9	Integrin alpha-9	624920	331535	523758	548324
Q13813	Q13813	SPTN1_HUMAN	SPTAN1	Spectrin alpha chain, non-erythrocytic 1	5.1617e+07	4.60586e+07	7.93276e+06	6.25457e+07
Q13825	Q13825	AUHM_HUMAN	AUH	Methylglutaconyl-CoA hydratase, mitochondrial	2.46375e+06	1.2397e+06	1.64152e+06	2.61244e+06
Q13835	Q13835	PKP1_HUMAN	PKP1	Plakophilin-1	473324	1.19699e+06	370746	512661
Q13838	O00148;Q13838	DX39B_HUMAN	DDX39B	Spliceosome RNA helicase DDX39B	2.31218e+07	2.26613e+07	1.7308e+07	2.12316e+07
Q13867	Q13867	BLMH_HUMAN	BLMH	Bleomycin hydrolase	4.96942e+06	8.02757e+06	7.2331e+06	6.53077e+06
Q13868	Q13868	EXOS2_HUMAN	EXOSC2	Exosome complex component RRP4	768371	782445	278444	656965
Q13882	Q13882	PTK6_HUMAN	PTK6	Protein-tyrosine kinase 6	419738	280647	726087	674072
Q13884	Q13884	SNTB1_HUMAN	SNTB1	Beta-1-syntrophin	1.04547e+06	487697	339106	672965
Q13885	Q13885	TBB2A_HUMAN	TUBB2A	Tubulin beta-2A chain	2.12834e+06		639060	2.87475e+06
Q13895	Q13895	BYST_HUMAN	BYSL	Bystin	174236	102670	74883.1	163601
Q13907	Q13907	IDI1_HUMAN	IDI1	Isopentenyl-diphosphate Delta-isomerase 1	705478	566000	2.82323e+06	1.28042e+06
Q13938	Q13938	CAYP1_HUMAN	CAPS	Calcyphosin	434829	144721	418007	989245
Q13948	P39880;Q13948	CASP_HUMAN	CUX1	Protein CASP	1.04908e+06	596088	466306	936383
Q13951	Q13951	PEBB_HUMAN	CBFB	Core-binding factor subunit beta	1.31726e+06	1.38087e+06	1.67836e+06	1.15822e+06
Q13952	Q13952	NFYC_HUMAN	NFYC	Nuclear transcription factor Y subunit gamma	873858		920679	1.02101e+06
Q13976	Q13976	KGP1_HUMAN	PRKG1	cGMP-dependent protein kinase 1	1.47214e+06	1.0387e+06	383888	1.15725e+06
Q14002	Q14002	CEAM7_HUMAN	CEACAM7	Carcinoembryonic antigen-related cell adhesion molecule 7	3.75073e+06	1.16008e+06	3.254e+07	2.72821e+06
Q14005	Q14005	IL16_HUMAN	IL16	Pro-interleukin-16	2.23255e+06	2.25471e+06	1.40142e+06	1.4222e+06
Q14008	Q14008	CKAP5_HUMAN	CKAP5	Cytoskeleton-associated protein 5	1.14425e+06	947859	269712	1.02494e+06
Q14011	Q14011	CIRBP_HUMAN	CIRBP	Cold-inducible RNA-binding protein	4.69724e+06	4.23862e+06	6.12791e+06	4.44593e+06
Q14012	Q14012	KCC1A_HUMAN	CAMK1	Calcium/calmodulin-dependent protein kinase type 1	217241		142732	142361
Q14019	Q14019	COTL1_HUMAN	COTL1	Coactosin-like protein	3.07865e+07	4.26651e+07	4.45796e+07	2.06392e+07
Q14103	Q14103	HNRPD_HUMAN	HNRNPD	Heterogeneous nuclear ribonucleoprotein D0	2.61067e+07	2.497e+07	1.73871e+07	2.52839e+07
Q14108	Q14108	SCRB2_HUMAN	SCARB2	Lysosome membrane protein 2	7.63864e+06	8.31217e+06	1.34227e+07	6.38469e+06
Q14112	Q14112	NID2_HUMAN	NID2	Nidogen-2	1.97344e+06	2.25066e+06	1.10215e+06	1.24083e+06
Q14116	Q14116	IL18_HUMAN	IL18	Interleukin-18	2.83407e+06	3.59232e+06	6.31444e+06	2.63639e+06
Q14118	Q14118	DAG1_HUMAN	DAG1	Dystroglycan 1	1.88091e+06	567316	2.41885e+06	1.91633e+06
Q14126	Q14126	DSG2_HUMAN	DSG2	Desmoglein-2	1.00909e+07	2.05862e+06	1.10356e+07	1.21168e+07
Q14139	Q14139	UBE4A_HUMAN	UBE4A	Ubiquitin conjugation factor E4 A	1.33735e+06	722342	613863	1.32448e+06
Q14141	Q14141	SEPT6_HUMAN	SEPTIN6	Septin-6	1.2802e+06	1.95484e+06	590030	809343
Q14142	Q14142	TRI14_HUMAN	TRIM14	Tripartite motif-containing protein 14	316233	141181		254964
Q14145	Q14145	KEAP1_HUMAN	KEAP1	Kelch-like ECH-associated protein 1	260092	228426	145816	358184
Q14152	Q14152	EIF3A_HUMAN	EIF3A	Eukaryotic translation initiation factor 3 subunit A	7.81891e+06	8.77564e+06	2.32139e+06	8.41262e+06
Q14155	Q14155;Q15052	ARHG7_HUMAN	ARHGEF7	Rho guanine nucleotide exchange factor 7	1.44526e+06	1.46656e+06	420839	1.2007e+06
Q14157	Q14157	UBP2L_HUMAN	UBAP2L	Ubiquitin-associated protein 2-like	1.21306e+06		947761	1.28946e+06
Q14160	Q14160	SCRIB_HUMAN	SCRIB	Protein scribble homolog	1.61075e+06	1.01167e+06	1.04397e+06	1.58444e+06
Q14161	Q14161	GIT2_HUMAN	GIT2	ARF GTPase-activating protein GIT2	770040	421933	161925	629888
Q14165	Q14165	MLEC_HUMAN	MLEC	Malectin	9.09353e+06	7.43484e+06	1.14979e+07	9.82372e+06
Q14166	Q14166	TTL12_HUMAN	TTLL12	Tubulin--tyrosine ligase-like protein 12	3.08364e+06	2.47901e+06	4.81816e+06	3.72751e+06
Q14185	Q14185	DOCK1_HUMAN	DOCK1	Dedicator of cytokinesis protein 1	856667	782852		629237
Q14192	Q14192	FHL2_HUMAN	FHL2	Four and a half LIM domains protein 2	4.04022e+06	2.07598e+06	318607	2.7559e+06
Q14194	Q14194	DPYL1_HUMAN	CRMP1	Dihydropyrimidinase-related protein 1	577439	420289	296877	822169
Q14195	Q14195	DPYL3_HUMAN	DPYSL3	Dihydropyrimidinase-related protein 3	1.17128e+07	6.97997e+06	3.36243e+06	5.68652e+06
Q14197	Q14197	ICT1_HUMAN	MRPL58	Large ribosomal subunit protein mL62	1.97761e+06	1.11023e+06	745509	2.3304e+06
Q14203	Q14203	DCTN1_HUMAN	DCTN1	Dynactin subunit 1	1.86656e+06	1.86861e+06	336604	2.02219e+06
Q14204	Q14204	DYHC1_HUMAN	DYNC1H1	Cytoplasmic dynein 1 heavy chain 1	1.71337e+07	1.10055e+07	1.79639e+06	1.78359e+07
Q14232	Q14232	EI2BA_HUMAN	EIF2B1	Translation initiation factor eIF-2B subunit alpha	1.35993e+06	1.44409e+06	1.77038e+06	1.63114e+06
Q14240	Q14240	IF4A2_HUMAN	EIF4A2	Eukaryotic initiation factor 4A-II	5.31282e+06	4.32264e+06	5.57492e+06	5.72462e+06
Q14242	Q14242	SELPL_HUMAN	SELPLG	P-selectin glycoprotein ligand 1	340285		935059	440950
Q14244	Q14244	MAP7_HUMAN	MAP7	Ensconsin	760746	384244	651466	1.29694e+06
Q14247	Q14247	SRC8_HUMAN	CTTN	Src substrate cortactin	4.01451e+06	1.21776e+06	3.18413e+06	4.96592e+06
Q14249	Q14249	NUCG_HUMAN	ENDOG	Endonuclease G, mitochondrial	795094	421451	1.08994e+06	948289
Q14254	Q14254	FLOT2_HUMAN	FLOT2	Flotillin-2	2.07925e+06	515958	1.81048e+06	2.17367e+06
Q14257	Q14257	RCN2_HUMAN	RCN2	Reticulocalbin-2	960463		847969	1.23845e+06
Q14258	Q14258	TRI25_HUMAN	TRIM25	E3 ubiquitin/ISG15 ligase TRIM25	3.3835e+06	3.0416e+06	1.37941e+06	2.86322e+06
Q14289	Q14289	FAK2_HUMAN	PTK2B	Protein-tyrosine kinase 2-beta	249680	414071	119968	200177
Q14314	Q14314	FGL2_HUMAN	FGL2	Fibroleukin	4.44191e+06	7.57607e+06	8.65078e+06	4.84402e+06
Q14315	Q14315	FLNC_HUMAN	FLNC	Filamin-C	8.23295e+06	3.66887e+06	1.66671e+06	3.07884e+06
Q14318	Q14318	FKBP8_HUMAN	FKBP8	Peptidyl-prolyl cis-trans isomerase FKBP8	2.2924e+06	1.18853e+06	1.81197e+06	2.07989e+06
Q14320	Q14320	FA50A_HUMAN	FAM50A	Protein FAM50A	520203	751534	409838	365672
Q14331	Q14331	FRG1_HUMAN	FRG1	Protein FRG1	341983	229250	296667	317508
Q14344	Q14344	GNA13_HUMAN	GNA13	Guanine nucleotide-binding protein subunit alpha-13	1.97533e+07	1.59002e+07	2.17439e+07	1.70356e+07
Q14353	Q14353	GAMT_HUMAN	GAMT	Guanidinoacetate N-methyltransferase		1.9469e+06	1.42568e+06	1.2987e+06
Q14376	Q14376	GALE_HUMAN	GALE	UDP-glucose 4-epimerase	5.84039e+06	2.16095e+06	1.00038e+07	6.84941e+06
Q14392	Q14392	LRC32_HUMAN	LRRC32	Transforming growth factor beta activator LRRC32	237818	66860.5	166102	
Q14393	Q14393	GAS6_HUMAN	GAS6	Growth arrest-specific protein 6	149457		131538	135521
Q14410	Q14410	GLPK2_HUMAN	GK2	Glycerol kinase 2	1.95277e+06	503396		
Q14432	Q14432	PDE3A_HUMAN	PDE3A	cGMP-inhibited 3',5'-cyclic phosphodiesterase 3A	713719	221190	438488	695378
Q14435	Q14435	GALT3_HUMAN	GALNT3	Polypeptide N-acetylgalactosaminyltransferase 3	1.89093e+06	1.18202e+06	1.60338e+06	2.20665e+06
Q14444	Q14444	CAPR1_HUMAN	CAPRIN1	Caprin-1	1.69457e+06	1.94024e+06	1.67172e+06	1.8224e+06
Q14498	Q14498	RBM39_HUMAN	RBM39	RNA-binding protein 39	1.76355e+06	1.71032e+06	706223	1.51978e+06
Q14508	Q14508	WFDC2_HUMAN	WFDC2	WAP four-disulfide core domain protein 2	1.48495e+06		5.49251e+06	4.23856e+06
Q14520	Q14520	HABP2_HUMAN	HABP2	Hyaluronan-binding protein 2	408196	490924	208651	362242
Q14534	Q14534	ERG1_HUMAN	SQLE	Squalene monooxygenase	586466		481683	562131
Q14542	Q14542	S29A2_HUMAN	SLC29A2	Equilibrative nucleoside transporter 2			86330.7	
Q14554	Q14554	PDIA5_HUMAN	PDIA5	Protein disulfide-isomerase A5	1.48223e+06	1.47622e+06	2.96399e+06	1.36848e+06
Q14558	Q14558	KPRA_HUMAN	PRPSAP1	Phosphoribosyl pyrophosphate synthase-associated protein 1	1.8507e+06	966470	2.0466e+06	2.21152e+06
Q14566	Q14566	MCM6_HUMAN	MCM6	DNA replication licensing factor MCM6	1.15854e+06	242034	909313	1.32405e+06
Q14571	Q14571	ITPR2_HUMAN	ITPR2	Inositol 1,4,5-trisphosphate receptor type 2	2.94012e+06	1.77859e+06	645981	2.19415e+06
Q14573	Q14573	ITPR3_HUMAN	ITPR3	Inositol 1,4,5-trisphosphate receptor type 3	595761	296899	122915	594360
Q14574	Q14574	DSC3_HUMAN	DSC3	Desmocollin-3	559878	1.60441e+06	431075	618070
Q14624	Q14624	ITIH4_HUMAN	ITIH4	Inter-alpha-trypsin inhibitor heavy chain H4	1.12135e+07	1.28985e+07	1.12224e+07	1.44516e+07
Q14642	Q14642	I5P1_HUMAN	INPP5A	Inositol polyphosphate-5-phosphatase A	631927	419045	544479	443840
Q14643	Q14643	ITPR1_HUMAN	ITPR1	Inositol 1,4,5-trisphosphate receptor type 1	758942	362418		445884
Q14644	Q14644	RASA3_HUMAN	RASA3	Ras GTPase-activating protein 3	228215	177726	37546.6	80029.5
Q14651	Q14651	PLSI_HUMAN	PLS1	Plastin-1	5.99022e+06	2.83293e+06	7.78928e+06	8.57493e+06
Q14653	Q14653	IRF3_HUMAN	IRF3	Interferon regulatory factor 3	2.83571e+06	2.45699e+06	3.25819e+06	3.01593e+06
Q14657	Q14657	LAGE3_HUMAN	LAGE3	EKC/KEOPS complex subunit LAGE3	346833		475945	528346
Q14669	Q14669	TRIPC_HUMAN	TRIP12	E3 ubiquitin-protein ligase TRIP12	405346	557545	76240.8	280660
Q14671	Q14671;Q8TB72	PUM1_HUMAN	PUM1	Pumilio homolog 1	627289	604629	370059	780537
Q14677	Q14677	EPN4_HUMAN	CLINT1	Clathrin interactor 1	1.90719e+06	1.3615e+06	1.29435e+06	1.98268e+06
Q14683	Q14683	SMC1A_HUMAN	SMC1A	Structural maintenance of chromosomes protein 1A	1.88153e+06	1.26939e+06	399199	1.64268e+06
Q14684	Q14684	RRP1B_HUMAN	RRP1B	Ribosomal RNA processing protein 1 homolog B	209125	73105.5		104031
Q14694	Q14694	UBP10_HUMAN	USP10	Ubiquitin carboxyl-terminal hydrolase 10	2.58505e+06	1.91571e+06	1.31476e+06	2.60752e+06
Q14696	Q14696	MESD_HUMAN	MESD	LRP chaperone MESD	3.58649e+06	2.94801e+06	4.86679e+06	3.58529e+06
Q14697	Q14697	GANAB_HUMAN	GANAB	Neutral alpha-glucosidase AB	3.16018e+07	3.34068e+07	5.15187e+07	2.90104e+07
Q14699	Q14699	RFTN1_HUMAN	RFTN1	Raftlin	2.65069e+06	1.78756e+06	1.46287e+06	1.19204e+06
Q14714	Q14714	SSPN_HUMAN	SSPN	Sarcospan	1.10312e+06	514799	593535	654741
Q14728	Q14728	MFS10_HUMAN	MFSD10	Major facilitator superfamily domain-containing protein 10	1.48925e+06	2.08273e+06	962334	1.11927e+06
Q14738	Q14738	2A5D_HUMAN	PPP2R5D	Serine/threonine-protein phosphatase 2A 56 kDa regulatory subunit delta isoform	1.05647e+06	787834	565090	1.07324e+06
Q14739	Q14739	LBR_HUMAN	LBR	Delta(14)-sterol reductase LBR	4.7527e+06	6.30894e+06	2.38805e+06	3.89297e+06
Q14746	Q14746	COG2_HUMAN	COG2	Conserved oligomeric Golgi complex subunit 2	848633	489735	139843	905995
Q14761	Q14761	PTCA_HUMAN	PTPRCAP	Protein tyrosine phosphatase receptor type C-associated protein	806893	251363	883036	387966
Q14764	Q14764	MVP_HUMAN	MVP	Major vault protein	9.55241e+06	6.5853e+06	8.23921e+06	1.19331e+07
Q14766	Q14766	LTBP1_HUMAN	LTBP1	Latent-transforming growth factor beta-binding protein 1	453721	743653		
Q14767	Q14767	LTBP2_HUMAN	LTBP2	Latent-transforming growth factor beta-binding protein 2	923022	1.09795e+06	220490	195265
Q14789	Q14789	GOGB1_HUMAN	GOLGB1	Golgin subfamily B member 1	5.74974e+06	3.78411e+06	3.84297e+06	6.40874e+06
Q14790	Q14790	CASP8_HUMAN	CASP8	Caspase-8	2.48037e+06	4.18187e+06	2.99976e+06	3.47135e+06
Q14802	Q14802	FXYD3_HUMAN	FXYD3	FXYD domain-containing ion transport regulator 3	2.62192e+06	548442	4.26992e+06	3.87934e+06
Q14814	Q14814	MEF2D_HUMAN	MEF2D	Myocyte-specific enhancer factor 2D		148645	154666	227192
Q14839	Q14839	CHD4_HUMAN	CHD4	Chromodomain-helicase-DNA-binding protein 4	1.63914e+06	1.04818e+06	271251	1.47381e+06
Q14847	Q14847	LASP1_HUMAN	LASP1	LIM and SH3 domain protein 1	2.03435e+07	9.14889e+06	1.2019e+07	1.85648e+07
Q14849	Q14849	STAR3_HUMAN	STARD3	StAR-related lipid transfer protein 3		46530		
Q14894	Q14894	CRYM_HUMAN	CRYM	Ketimine reductase mu-crystallin	1.62429e+06	128961	1.44252e+06	2.07092e+06
Q14914	Q14914	PTGR1_HUMAN	PTGR1	Prostaglandin reductase 1	2.59994e+06	2.17158e+06	3.04795e+06	2.78166e+06
Q14919	Q14919	NC2A_HUMAN	DRAP1	Dr1-associated corepressor	1.30012e+06	431280	1.0214e+06	1.28667e+06
Q14956	Q14956	GPNMB_HUMAN	GPNMB	Transmembrane glycoprotein NMB	7.28853e+06	1.10172e+07	9.06427e+06	6.81704e+06
Q14974	Q14974	IMB1_HUMAN	KPNB1	Importin subunit beta-1	7.84162e+06	3.44302e+06	5.43872e+06	8.21119e+06
Q14978	Q14978	NOLC1_HUMAN	NOLC1	Nucleolar and coiled-body phosphoprotein 1	399778	333495	172910	391991
Q14980	Q14980	NUMA1_HUMAN	NUMA1	Nuclear mitotic apparatus protein 1	7.25536e+06	4.7954e+06	2.60926e+06	5.91795e+06
Q14994	Q14994	NR1I3_HUMAN	NR1I3	Nuclear receptor subfamily 1 group I member 3		105200		
Q14997	Q14997	PSME4_HUMAN	PSME4	Proteasome activator complex subunit 4	141705	277835	128227	193656
Q14BN4	Q14BN4	SLMAP_HUMAN	SLMAP	Sarcolemmal membrane-associated protein	3.75883e+06	1.3744e+06	819934	2.1175e+06
Q14C86	Q14C86	GAPD1_HUMAN	GAPVD1	GTPase-activating protein and VPS9 domain-containing protein 1	868734	745744	366024	943452
Q14CN2	Q14CN2	CLCA4_HUMAN	CLCA4	Calcium-activated chloride channel regulator 4	1.93661e+07	1.99165e+06	1.07051e+07	2.54313e+07
Q14CN4	Q14CN4	K2C72_HUMAN	KRT72	Keratin, type II cytoskeletal 72	175858	2.11602e+06	275897	461749
Q14CX7	Q14CX7	NAA25_HUMAN	NAA25	N-alpha-acetyltransferase 25, NatB auxiliary subunit	258760	103138	183431	276429
Q15005	Q15005	SPCS2_HUMAN	SPCS2	Signal peptidase complex subunit 2	1.47984e+07	1.16078e+07	2.00931e+07	1.81729e+07
Q15006	Q15006	EMC2_HUMAN	EMC2	ER membrane protein complex subunit 2	1.82008e+06	1.97154e+06	842348	1.55481e+06
Q15007	Q15007	FL2D_HUMAN	WTAP	Pre-mRNA-splicing regulator WTAP	164133			111854
Q15008	Q15008	PSMD6_HUMAN	PSMD6	26S proteasome non-ATPase regulatory subunit 6	4.42332e+06	4.45962e+06	2.39092e+06	4.94477e+06
Q15011	Q15011	HERP1_HUMAN	HERPUD1	Homocysteine-responsive endoplasmic reticulum-resident ubiquitin-like domain member 1 protein	379100	225712	758658	409724
Q15018	Q15018	ABRX2_HUMAN	ABRAXAS2	BRISC complex subunit Abraxas 2	1.47214e+06	1.28049e+06	1.07064e+06	1.6614e+06
Q15019	Q15019	SEPT2_HUMAN	SEPTIN2	Septin-2	8.59423e+06	7.54085e+06	3.37555e+06	6.94742e+06
Q15020	Q15020	SART3_HUMAN	SART3	Squamous cell carcinoma antigen recognized by T-cells 3	1.84013e+06	1.20122e+06	809119	2.0354e+06
Q15024	Q15024	EXOS7_HUMAN	EXOSC7	Exosome complex component RRP42	1.27826e+06	1.02387e+06	845359	1.36227e+06
Q15027	Q15027	ACAP1_HUMAN	ACAP1	Arf-GAP with coiled-coil, ANK repeat and PH domain-containing protein 1	2.47665e+06	4.49499e+06	856801	1.53938e+06
Q15029	Q15029	U5S1_HUMAN	EFTUD2	116 kDa U5 small nuclear ribonucleoprotein component	1.79553e+06	1.23614e+06	502159	1.55019e+06
Q15031	Q15031	SYLM_HUMAN	LARS2	Leucine--tRNA ligase, mitochondrial	2.4952e+06	1.38889e+06	1.46874e+06	2.5188e+06
Q15035	Q15035	TRAM2_HUMAN	TRAM2	Translocating chain-associated membrane protein 2	842510	1.79038e+06	1.04001e+06	1.12636e+06
Q15036	Q15036	SNX17_HUMAN	SNX17	Sorting nexin-17	2.21605e+07	3.00851e+07	2.12103e+07	2.09122e+07
Q15041	Q15041	AR6P1_HUMAN	ARL6IP1	ADP-ribosylation factor-like protein 6-interacting protein 1	2.76822e+06	2.46922e+06	2.67272e+06	2.21147e+06
Q15042	Q15042	RB3GP_HUMAN	RAB3GAP1	Rab3 GTPase-activating protein catalytic subunit	675779	685522	311713	696499
Q15043	Q15043	S39AE_HUMAN	SLC39A14	Metal cation symporter ZIP14	722556	726478	1.0744e+06	704378
Q15046	Q15046	SYK_HUMAN	KARS1	Lysine--tRNA ligase	3.55088e+06	2.74223e+06	2.30769e+06	2.97753e+06
Q15052	Q15052	ARHG6_HUMAN	ARHGEF6	Rho guanine nucleotide exchange factor 6	516408	592483	172824	259229
Q15056	Q15056	IF4H_HUMAN	EIF4H	Eukaryotic translation initiation factor 4H	4.89333e+06	6.60534e+06	1.35158e+07	1.17936e+07
Q15057	Q15057	ACAP2_HUMAN	ACAP2	Arf-GAP with coiled-coil, ANK repeat and PH domain-containing protein 2	765545	1.05642e+06	464166	847884
Q15063	Q15063	POSTN_HUMAN	POSTN	Periostin	1.20843e+07	1.58493e+07	5.61272e+06	1.65145e+07
Q15067	Q15067	ACOX1_HUMAN	ACOX1	Peroxisomal acyl-coenzyme A oxidase 1	3.09172e+06	4.41543e+06	2.5207e+06	3.31617e+06
Q15070	Q15070	OXA1L_HUMAN	OXA1L	Mitochondrial inner membrane protein OXA1L	825321	931578	712505	966947
Q15075	Q15075	EEA1_HUMAN	EEA1	Early endosome antigen 1	3.99637e+06	4.82737e+06	905054	3.91143e+06
Q15080	Q15080	NCF4_HUMAN	NCF4	Neutrophil cytosol factor 4	1.5594e+06	4.86866e+06	2.20202e+06	1.36815e+06
Q15084	Q15084	PDIA6_HUMAN	PDIA6	Protein disulfide-isomerase A6	4.37646e+07	5.15687e+07	5.76017e+07	4.61694e+07
Q15102	Q15102	PA1B3_HUMAN	PAFAH1B3	Platelet-activating factor acetylhydrolase IB subunit alpha1	3.86279e+06	3.39508e+06	1.07937e+07	5.08579e+06
Q15113	Q15113	PCOC1_HUMAN	PCOLCE	Procollagen C-endopeptidase enhancer 1	2.00615e+06	3.9272e+06	748868	1.11193e+06
Q15118	Q15118	PDK1_HUMAN	PDK1	[Pyruvate dehydrogenase (acetyl-transferring)] kinase isozyme 1, mitochondrial	1.04955e+06	612452	909508	1.52987e+06
Q15119	Q15119	PDK2_HUMAN	PDK2	[Pyruvate dehydrogenase (acetyl-transferring)] kinase isozyme 2, mitochondrial	919287	507592	3.26718e+06	2.19819e+06
Q15120	Q15120	PDK3_HUMAN	PDK3	[Pyruvate dehydrogenase (acetyl-transferring)] kinase isozyme 3, mitochondrial	706310	461652	560994	707236
Q15121	Q15121	PEA15_HUMAN	PEA15	Astrocytic phosphoprotein PEA-15	2.8275e+06	431543	3.80252e+06	2.35324e+06
Q15124	Q15124	PGM5_HUMAN	PGM5	Phosphoglucomutase-like protein 5	6.08825e+06	1.87011e+06	2.02169e+06	3.16652e+06
Q15125	Q15125	EBP_HUMAN	EBP	3-beta-hydroxysteroid-Delta(8),Delta(7)-isomerase	8.09318e+06	4.11797e+06	1.40554e+07	9.8071e+06
Q15126	Q15126	PMVK_HUMAN	PMVK	Phosphomevalonate kinase	1.1434e+06	1.26482e+06	2.73057e+06	1.3658e+06
Q15147	Q15147	PLCB4_HUMAN	PLCB4	1-phosphatidylinositol 4,5-bisphosphate phosphodiesterase beta-4	188835		77697.7	148753
Q15149	Q15149	PLEC_HUMAN	PLEC	Plectin	1.36313e+08	1.38481e+08	1.7057e+07	1.07254e+08
Q15155	P69849;Q15155;Q5JPE7	NOMO1_HUMAN	NOMO1	BOS complex subunit NOMO1	3.42367e+06	4.09905e+06	2.86279e+06	2.95208e+06
Q15165	Q15165	PON2_HUMAN	PON2	Serum paraoxonase/arylesterase 2	1.8937e+06	1.89605e+06	2.71694e+06	1.74772e+06
Q15166	Q15166	PON3_HUMAN	PON3	Serum paraoxonase/lactonase 3	1.16031e+06	1.18225e+06	1.25883e+06	1.56487e+06
Q15172	Q15172	2A5A_HUMAN	PPP2R5A	Serine/threonine-protein phosphatase 2A 56 kDa regulatory subunit alpha isoform	1.17552e+06	820551	708056	1.12608e+06
Q15181	Q15181	IPYR_HUMAN	PPA1	Inorganic pyrophosphatase	1.11059e+07	7.31959e+06	1.85989e+07	1.23234e+07
Q15185	Q15185	TEBP_HUMAN	PTGES3	Prostaglandin E synthase 3	5.85232e+06	5.90762e+06	1.76412e+07	8.82012e+06
Q15208	Q15208	STK38_HUMAN	STK38	Serine/threonine-protein kinase 38	1.29973e+06	1.55082e+06	1.05179e+06	1.37482e+06
Q15233	Q15233	NONO_HUMAN	NONO	Non-POU domain-containing octamer-binding protein	3.73379e+06	3.61051e+06	996952	2.76798e+06
Q15257	Q15257	PTPA_HUMAN	PTPA	Serine/threonine-protein phosphatase 2A activator	5.39875e+06	7.00619e+06	8.33736e+06	5.75472e+06
Q15262	P28827;Q15262	PTPRK_HUMAN	PTPRK	Receptor-type tyrosine-protein phosphatase kappa	1.02545e+06	575705	1.42225e+06	1.41022e+06
Q15274	Q15274	NADC_HUMAN	QPRT	Nicotinate-nucleotide pyrophosphorylase [carboxylating]	1.81546e+06	1.69844e+06	3.74401e+06	3.46519e+06
Q15276	Q15276	RABE1_HUMAN	RABEP1	Rab GTPase-binding effector protein 1	208969	144727	52725.2	194701
Q15283	Q15283	RASA2_HUMAN	RASA2	Ras GTPase-activating protein 2	75759.9		44509.5	137733
Q15286	Q15286	RAB35_HUMAN	RAB35	Ras-related protein Rab-35	2.78165e+06	2.7117e+06	3.67623e+06	2.25513e+06
Q15287	Q15287	RNPS1_HUMAN	RNPS1	RNA-binding protein with serine-rich domain 1	865975	661614		755345
Q15291	Q15291	RBBP5_HUMAN	RBBP5	Retinoblastoma-binding protein 5	404739	341755	66906.7	397040
Q15293	Q15293	RCN1_HUMAN	RCN1	Reticulocalbin-1	9.26361e+06	4.80865e+06	1.59252e+07	8.74001e+06
Q15306	Q15306	IRF4_HUMAN	IRF4	Interferon regulatory factor 4	295198	497941	273434	327889
Q15363	Q15363	TMED2_HUMAN	TMED2	Transmembrane emp24 domain-containing protein 2	6.94427e+06	6.9174e+06	8.85342e+06	6.45462e+06
Q15365	Q15365	PCBP1_HUMAN	PCBP1	Poly(rC)-binding protein 1	2.52489e+07	1.86251e+07	2.47558e+07	2.63787e+07
Q15366	Q15366	PCBP2_HUMAN	PCBP2	Poly(rC)-binding protein 2	1.00991e+07	1.02647e+07	1.66012e+07	1.27541e+07
Q15369	Q15369	ELOC_HUMAN	ELOC	Elongin-C	3.5008e+06	2.52031e+06	4.73134e+06	4.14047e+06
Q15370	Q15370	ELOB_HUMAN	ELOB	Elongin-B	3.45158e+06	2.77581e+06	6.04735e+06	4.49657e+06
Q15382	Q15382	RHEB_HUMAN	RHEB	GTP-binding protein Rheb	1.24042e+06	1.00743e+06	2.25602e+06	1.19319e+06
Q15386	Q15386	UBE3C_HUMAN	UBE3C	Ubiquitin-protein ligase E3C	523228	255185	221643	533513
Q15388	Q15388	TOM20_HUMAN	TOMM20	Mitochondrial import receptor subunit TOM20 homolog	3.84495e+06	1.23639e+06	4.22588e+06	4.63083e+06
Q15392	Q15392	DHC24_HUMAN	DHCR24	Delta(24)-sterol reductase	597175	345511	792701	1.02576e+06
Q15393	Q15393	SF3B3_HUMAN	SF3B3	Splicing factor 3B subunit 3	5.23145e+06	5.2892e+06	1.33787e+06	4.48685e+06
Q15397	Q15397	PUM3_HUMAN	PUM3	Pumilio homolog 3	187462	114710		78874.4
Q15399	Q15399	TLR1_HUMAN	TLR1	Toll-like receptor 1		100279		
Q15404	Q15404	RSU1_HUMAN	RSU1	Ras suppressor protein 1	1.22945e+07	9.69611e+06	7.02144e+06	6.18683e+06
Q15417	Q15417	CNN3_HUMAN	CNN3	Calponin-3	4.78438e+06	2.93865e+06	3.34568e+06	3.41089e+06
Q15418	P51812;Q15349;Q15418;Q9UK32	KS6A1_HUMAN	RPS6KA1	Ribosomal protein S6 kinase alpha-1	3.24976e+06	1.70641e+06	2.87281e+06	4.43619e+06
Q15424	Q14151;Q15424	SAFB1_HUMAN	SAFB	Scaffold attachment factor B1	1.62593e+06	959373	438711	1.2492e+06
Q15427	Q15427	SF3B4_HUMAN	SF3B4	Splicing factor 3B subunit 4	1.39227e+06	1.17095e+06	516973	968243
Q15428	Q15428	SF3A2_HUMAN	SF3A2	Splicing factor 3A subunit 2	1.16769e+06	908414	236540	1.15497e+06
Q15435	Q15435	PP1R7_HUMAN	PPP1R7	Protein phosphatase 1 regulatory subunit 7	3.80033e+06	4.07541e+06	5.38181e+06	4.17049e+06
Q15436	Q15436	SC23A_HUMAN	SEC23A	Protein transport protein Sec23A	3.44156e+06	4.75853e+06	1.97372e+06	2.72621e+06
Q15437	Q15437	SC23B_HUMAN	SEC23B	Protein transport protein Sec23B	5.54278e+06	4.90208e+06	4.54734e+06	6.28936e+06
Q15438	O43739;Q15438;Q99418;Q9UIA0	CYH1_HUMAN	CYTH1	Cytohesin-1	1.07724e+06	1.37112e+06	635959	777025
Q15459	Q15459	SF3A1_HUMAN	SF3A1	Splicing factor 3A subunit 1	2.4155e+06	2.39565e+06	845577	2.35366e+06
Q15477	Q15477	SKI2_HUMAN	SKIC2	Superkiller complex protein 2	584066	579126	191885	610772
Q15485	Q15485	FCN2_HUMAN	FCN2	Ficolin-2		529227		
Q15517	Q15517	CDSN_HUMAN	CDSN	Corneodesmosin	698073	4.2924e+06		1.19009e+06
Q15526	Q15526	SURF1_HUMAN	SURF1	Surfeit locus protein 1	965582	276318	996733	951011
Q15554	Q15554	TERF2_HUMAN	TERF2	Telomeric repeat-binding factor 2	210558	85981.4		163462
Q15555	Q15555	MARE2_HUMAN	MAPRE2	Microtubule-associated protein RP/EB family member 2	1.33508e+06	638388	647468	818443
Q15582	Q15582	BGH3_HUMAN	TGFBI	Transforming growth factor-beta-induced protein ig-h3	6.85621e+06	8.25559e+06	4.56765e+06	4.70992e+06
Q15599	Q15599	NHRF2_HUMAN	NHERF2	Na(+)/H(+) exchange regulatory cofactor NHE-RF2	1.21962e+06	488495	607914	1.15518e+06
Q15628	Q15628	TRADD_HUMAN	TRADD	Tumor necrosis factor receptor type 1-associated DEATH domain protein	704786	532947	448806	735157
Q15629	Q15629	TRAM1_HUMAN	TRAM1	Translocating chain-associated membrane protein 1	4.06529e+06	4.9377e+06	2.59055e+06	3.99257e+06
Q15631	Q15631	TSN_HUMAN	TSN	Translin	3.68734e+06	4.54204e+06	3.09786e+06	4.19957e+06
Q15637	Q15637	SF01_HUMAN	SF1	Splicing factor 1	2.64053e+06	1.51925e+06	1.58476e+06	2.23066e+06
Q15642	Q15642	CIP4_HUMAN	TRIP10	Cdc42-interacting protein 4	531827	489684	326549	552413
Q15643	Q15643	TRIPB_HUMAN	TRIP11	Thyroid receptor-interacting protein 11	775817	487207		797329
Q15645	Q15645	PCH2_HUMAN	TRIP13	Pachytene checkpoint protein 2 homolog	257128		429212	326796
Q15648	Q15648	MED1_HUMAN	MED1	Mediator of RNA polymerase II transcription subunit 1	131725	106447		84334
Q15651	Q15651	HMGN3_HUMAN	HMGN3	High mobility group nucleosome-binding domain-containing protein 3	131178	122816		57268.9
Q15653	Q15653	IKBB_HUMAN	NFKBIB	NF-kappa-B inhibitor beta	383867	362482	380200	445102
Q15654	Q15654	TRIP6_HUMAN	TRIP6	Thyroid receptor-interacting protein 6	539371	401541	48434.7	431532
Q15691	Q15691	MARE1_HUMAN	MAPRE1	Microtubule-associated protein RP/EB family member 1	4.17266e+06	5.40457e+06	4.06896e+06	3.85496e+06
Q15717	Q15717	ELAV1_HUMAN	ELAVL1	ELAV-like protein 1	1.88151e+08	1.95755e+08	1.34707e+08	1.70812e+08
Q15722	Q15722	LT4R1_HUMAN	LTB4R	Leukotriene B4 receptor 1		395026		
Q15738	Q15738	NSDHL_HUMAN	NSDHL	Sterol-4-alpha-carboxylate 3-dehydrogenase, decarboxylating	1.29666e+06	1.15177e+06	2.45284e+06	1.42435e+06
Q15746	Q15746	MYLK_HUMAN	MYLK	Myosin light chain kinase, smooth muscle	1.28105e+07	6.86564e+06	2.22106e+06	6.75163e+06
Q15750	Q15750	TAB1_HUMAN	TAB1	TGF-beta-activated kinase 1 and MAP3K7-binding protein 1	540786	310486	391298	497992
Q15758	Q15758	AAAT_HUMAN	SLC1A5	Neutral amino acid transporter B(0)	1.5007e+06	779644	2.52595e+06	1.76817e+06
Q15771	Q15771	RAB30_HUMAN	RAB30	Ras-related protein Rab-30	372675	355300	702809	479112
Q15785	Q15785	TOM34_HUMAN	TOMM34	Mitochondrial import receptor subunit TOM34	827871	1.02161e+06	633108	951873
Q15796	O15198;P84022;Q15796	SMAD2_HUMAN	SMAD2	Mothers against decapentaplegic homolog 2	858945	687897	791204	921090
Q15797	Q15797;Q99717	SMAD1_HUMAN	SMAD1	Mothers against decapentaplegic homolog 1	161324	108546	128092	143251
Q15800	Q15800	MSMO1_HUMAN	MSMO1	Methylsterol monooxygenase 1	343255	190433	942172	586175
Q15811	Q15811	ITSN1_HUMAN	ITSN1	Intersectin-1	359550	252429	495197	358626
Q15813	Q15813	TBCE_HUMAN	TBCE	Tubulin-specific chaperone E	835713	865241	1.0593e+06	1.07022e+06
Q15814	Q15814	TBCC_HUMAN	TBCC	Tubulin-specific chaperone C	894166	741869	875224	984200
Q15819	Q15819	UB2V2_HUMAN	UBE2V2	Ubiquitin-conjugating enzyme E2 variant 2	1.36344e+07	1.54574e+07	2.40615e+07	1.34433e+07
Q15828	Q15828	CYTM_HUMAN	CST6	Cystatin-M		197742		211090
Q15833	Q15833	STXB2_HUMAN	STXBP2	Syntaxin-binding protein 2	2.93864e+06	3.16598e+06	1.70347e+06	2.0349e+06
Q15836	P23763;P63027;Q15836	VAMP3_HUMAN	VAMP3	Vesicle-associated membrane protein 3	9.91145e+06	4.52742e+06	1.35155e+07	7.74309e+06
Q15843	Q15843	NEDD8_HUMAN	NEDD8	NEDD8	2.05207e+06	926816	3.27183e+06	2.57513e+06
Q15848	Q15848	ADIPO_HUMAN	ADIPOQ	Adiponectin	186597	393154	160466	256852
Q15904	Q15904	VAS1_HUMAN	ATP6AP1	V-type proton ATPase subunit S1	2.93772e+06	4.61796e+06	4.59616e+06	2.31876e+06
Q15907	P62491;Q15907	RB11B_HUMAN	RAB11B	Ras-related protein Rab-11B	1.92277e+07	2.15506e+07	3.73649e+07	1.86386e+07
Q15942	Q15942	ZYX_HUMAN	ZYX	Zyxin	8.39828e+06	1.41275e+06	1.55052e+06	4.28137e+06
Q16134	Q16134	ETFD_HUMAN	ETFDH	Electron transfer flavoprotein-ubiquinone oxidoreductase, mitochondrial	7.79474e+06	5.33813e+06	5.51578e+06	8.60338e+06
Q16181	Q16181;Q6ZU15	SEPT7_HUMAN	SEPTIN7	Septin-7	5.54973e+06	5.96956e+06	1.89295e+06	4.41436e+06
Q16186	Q16186	ADRM1_HUMAN	ADRM1	Proteasomal ubiquitin receptor ADRM1	1.66643e+06	1.85263e+06	1.71393e+06	1.97762e+06
Q16204	Q16204	CCDC6_HUMAN	CCDC6	Coiled-coil domain-containing protein 6	3.10816e+06	1.91632e+06	2.0624e+06	3.578e+06
Q16222	Q16222	UAP1_HUMAN	UAP1	UDP-N-acetylhexosamine pyrophosphorylase	4.05284e+06	2.71689e+06	7.11043e+06	5.10553e+06
Q16270	Q16270	IBP7_HUMAN	IGFBP7	Insulin-like growth factor-binding protein 7	2.71467e+06	2.74463e+06	1.05268e+06	1.0295e+06
Q16363	Q16363	LAMA4_HUMAN	LAMA4	Laminin subunit alpha-4	3.50356e+06	3.77595e+06	1.52299e+06	2.55933e+06
Q16401	Q16401	PSMD5_HUMAN	PSMD5	26S proteasome non-ATPase regulatory subunit 5	2.49235e+06	887020	1.64796e+06	2.76901e+06
Q16512	Q16512	PKN1_HUMAN	PKN1	Serine/threonine-protein kinase N1	831254	489131	423568	601269
Q16513	Q16513	PKN2_HUMAN	PKN2	Serine/threonine-protein kinase N2	1.27673e+06	1.25947e+06	483773	777670
Q16527	Q16527	CSRP2_HUMAN	CSRP2	Cysteine and glycine-rich protein 2	2.66385e+06	1.72344e+06	201068	810786
Q16531	Q16531	DDB1_HUMAN	DDB1	DNA damage-binding protein 1	4.27727e+06	5.86156e+06	3.38536e+06	4.65488e+06
Q16537	Q16537	2A5E_HUMAN	PPP2R5E	Serine/threonine-protein phosphatase 2A 56 kDa regulatory subunit epsilon isoform	770024	454989	603369	974067
Q16539	Q16539	MK14_HUMAN	MAPK14	Mitogen-activated protein kinase 14	3.65882e+06	5.50527e+06	5.57473e+06	3.30243e+06
Q16540	Q16540	RM23_HUMAN	MRPL23	Large ribosomal subunit protein uL23m	1.3788e+06	781613	541712	1.57814e+06
Q16543	Q16543	CDC37_HUMAN	CDC37	Hsp90 co-chaperone Cdc37	8.00103e+06	7.78182e+06	6.6205e+06	8.91391e+06
Q16555	Q16555	DPYL2_HUMAN	DPYSL2	Dihydropyrimidinase-related protein 2	1.21768e+07	1.29592e+07	7.42779e+06	1.1817e+07
Q16563	Q16563	SYPL1_HUMAN	SYPL1	Synaptophysin-like protein 1	6.3502e+06	3.03757e+06	1.34673e+07	8.07573e+06
Q16566	O43353;Q16566	KCC4_HUMAN	CAMK4	Calcium/calmodulin-dependent protein kinase type IV	726640	611731	473704	808254
Q16576	Q16576	RBBP7_HUMAN	RBBP7	Histone-binding protein RBBP7	6.70573e+06	5.05638e+06	5.32303e+06	7.06326e+06
Q16585	Q16585	SGCB_HUMAN	SGCB	Beta-sarcoglycan	1.17195e+06	864673	491002	721695
Q16594;Q9HBM6	Q16594;Q9HBM6	TAF9B_HUMAN;TAF9_HUMAN	TAF9;TAF9B	Transcription initiation factor TFIID subunit 9	108333	40750.3		133627
Q16595	Q16595	FRDA_HUMAN	FXN	Frataxin, mitochondrial	974056	514229	1.05594e+06	809715
Q16610	Q16610	ECM1_HUMAN	ECM1	Extracellular matrix protein 1	627051	1.46257e+06	700322	615412
Q16611	Q16611	BAK_HUMAN	BAK1	Bcl-2 homologous antagonist/killer	1.0731e+06	745123	1.66584e+06	1.07804e+06
Q16625	Q16625	OCLN_HUMAN	OCLN	Occludin	504513	142301	737971	708076
Q16629	Q16629	SRSF7_HUMAN	SRSF7	Serine/arginine-rich splicing factor 7	2.25949e+06	1.75039e+06	965414	1.95015e+06
Q16630	Q16630	CPSF6_HUMAN	CPSF6	Cleavage and polyadenylation specificity factor subunit 6	3.48527e+06	2.03952e+06	1.14234e+06	3.23747e+06
Q16637	Q16637	SMN_HUMAN	SMN1	Survival motor neuron protein	50790.1			112355
Q16643	Q16643	DREB_HUMAN	DBN1	Drebrin	1.46217e+06		639415	1.41554e+06
Q16644	Q16644	MAPK3_HUMAN	MAPKAPK3	MAP kinase-activated protein kinase 3	286489	335964	286077	
Q16647	Q16647	PTGIS_HUMAN	PTGIS	Prostacyclin synthase	7.10842e+06	1.50915e+06	1.47024e+06	922429
Q16651	Q16651	PRSS8_HUMAN	PRSS8	Prostasin	1.50389e+06	2.53231e+06	2.22182e+06	1.56771e+06
Q16656	Q16656	NRF1_HUMAN	NRF1	Nuclear respiratory factor 1	1.2514e+06	1.23552e+06	961433	1.35509e+06
Q16658	Q16658	FSCN1_HUMAN	FSCN1	Fascin	4.05349e+06	6.64211e+06	3.18689e+06	3.90507e+06
Q16663	Q16663	CCL15_HUMAN	CCL15	C-C motif chemokine 15	232682	80187.4	1.03301e+06	262979
Q16666	Q16666	IF16_HUMAN	IFI16	Gamma-interferon-inducible protein 16	2.03921e+06	2.36688e+06	718035	932206
Q16698	Q16698	DECR_HUMAN	DECR1	2,4-dienoyl-CoA reductase [(3E)-enoyl-CoA-producing], mitochondrial	1.41706e+07	6.05735e+06	1.02028e+07	1.36824e+07
Q16706	Q16706	MA2A1_HUMAN	MAN2A1	Alpha-mannosidase 2	1.54508e+06	1.34858e+06	1.76864e+06	1.73163e+06
Q16718	Q16718	NDUA5_HUMAN	NDUFA5	NADH dehydrogenase [ubiquinone] 1 alpha subcomplex subunit 5	1.82786e+06	392252	825054	2.19617e+06
Q16719	Q16719	KYNU_HUMAN	KYNU	Kynureninase	1.09562e+06	2.3357e+06	662748	561061
Q16740	Q16740	CLPP_HUMAN	CLPP	ATP-dependent Clp protease proteolytic subunit, mitochondrial	1.71178e+06	252405	2.52551e+06	1.94104e+06
Q16762	Q16762	THTR_HUMAN	TST	Thiosulfate sulfurtransferase	1.67406e+07	5.42401e+06	3.47216e+07	2.0387e+07
Q16769	Q16769	QPCT_HUMAN	QPCT	Glutaminyl-peptide cyclotransferase	460426	2.07144e+06	757298	526969
Q16774	Q16774	KGUA_HUMAN	GUK1	Guanylate kinase	1.34314e+06	1.73784e+06	2.72091e+06	1.12437e+06
Q16775	Q16775	GLO2_HUMAN	HAGH	Hydroxyacylglutathione hydrolase, mitochondrial	3.56621e+06	5.25762e+06	5.11066e+06	3.37621e+06
Q16795	Q16795	NDUA9_HUMAN	NDUFA9	NADH dehydrogenase [ubiquinone] 1 alpha subcomplex subunit 9, mitochondrial	4.61158e+06	3.12717e+06	1.74181e+06	5.15811e+06
Q16798	Q16798	MAON_HUMAN	ME3	NADP-dependent malic enzyme, mitochondrial	425569	274934	622400	493699
Q16799	Q16799	RTN1_HUMAN	RTN1	Reticulon-1	759889	374023	423783	600761
Q16819	Q16819	MEP1A_HUMAN	MEP1A	Meprin A subunit alpha	628871	66298.5	1.05061e+06	641059
Q16822	Q16822	PCKGM_HUMAN	PCK2	Phosphoenolpyruvate carboxykinase [GTP], mitochondrial	9.27056e+06	1.40797e+06	4.83937e+06	9.91812e+06
Q16831	Q16831	UPP1_HUMAN	UPP1	Uridine phosphorylase 1	559153	746904	467354	363555
Q16836	Q16836	HCDH_HUMAN	HADH	Hydroxyacyl-coenzyme A dehydrogenase, mitochondrial	1.22391e+07	4.75106e+06	1.04477e+07	1.13577e+07
Q16850	Q16850	CP51A_HUMAN	CYP51A1	Lanosterol 14-alpha demethylase	4.7872e+06	3.30537e+06	8.62937e+06	9.14671e+06
Q16851	Q16851	UGPA_HUMAN	UGP2	UTP--glucose-1-phosphate uridylyltransferase	1.08437e+07	1.13952e+07	9.8511e+06	1.27698e+07
Q16853	Q16853	AOC3_HUMAN	AOC3	Membrane primary amine oxidase	1.94298e+07	1.10356e+07	2.05848e+07	1.48168e+07
Q16854	Q16854	DGUOK_HUMAN	DGUOK	Deoxyguanosine kinase, mitochondrial	1.24797e+06	1.01755e+06	626115	1.04446e+06
Q16873	Q16873	LTC4S_HUMAN	LTC4S	Leukotriene C4 synthase	1.37434e+06	1.16756e+06	967202	896276
Q16875	Q16875	F263_HUMAN	PFKFB3	6-phosphofructo-2-kinase/fructose-2,6-bisphosphatase 3	170947	239846		
Q16880	Q16880	CGT_HUMAN	UGT8	2-hydroxyacylsphingosine 1-beta-galactosyltransferase	211996	268789	276110	336289
Q16881	Q16881	TRXR1_HUMAN	TXNRD1	Thioredoxin reductase 1, cytoplasmic	5.28427e+06	7.42079e+06	7.07385e+06	5.44953e+06
Q16891	Q16891	MIC60_HUMAN	IMMT	MICOS complex subunit MIC60	9.13527e+06	4.64879e+06	1.07174e+06	9.0761e+06
Q17R89	Q17R89	RHG44_HUMAN	ARHGAP44	Rho GTPase-activating protein 44	155937			217470
Q17RN3	Q17RN3	FA98C_HUMAN	FAM98C	Protein FAM98C	383901	115498	309562	606089
Q1KMD3	Q1KMD3	HNRL2_HUMAN	HNRNPUL2	Heterogeneous nuclear ribonucleoprotein U-like protein 2	5.59486e+06	4.98747e+06	2.07624e+06	5.58751e+06
Q27J81	Q27J81	INF2_HUMAN	INF2	Inverted formin-2	1.88518e+06	1.39505e+06	584792	1.96352e+06
Q29RF7	Q29RF7	PDS5A_HUMAN	PDS5A	Sister chromatid cohesion protein PDS5 homolog A	1.54584e+06	854911	277958	1.31099e+06
Q2KHT3	Q2KHT3	CL16A_HUMAN	CLEC16A	Protein CLEC16A	68073.8	45413.2		72387.5
Q2M2I8	Q2M2I8;Q9NSY1	AAK1_HUMAN	AAK1	AP2-associated protein kinase 1	1.20076e+06	1.05855e+06	553326	953192
Q2M385	Q2M385	MPEG1_HUMAN	MPEG1	Macrophage-expressed gene 1 protein	410535	549545	477017	324390
Q2M389	Q2M389	WASC4_HUMAN	WASHC4	WASH complex subunit 4	972736	666332	288331	822158
Q2NL82	Q2NL82	TSR1_HUMAN	TSR1	Pre-rRNA-processing protein TSR1 homolog	453356		154345	383317
Q2PPJ7	Q2PPJ7	RGPA2_HUMAN	RALGAPA2	Ral GTPase-activating protein subunit alpha-2	111091			138031
Q2PZI1	Q6NUT2;Q2PZI1	D19L1_HUMAN	DPY19L1	Probable C-mannosyltransferase DPY19L1	589106	697110	339965	616195
Q2TAA2	Q2TAA2	IAH1_HUMAN	IAH1	Isoamyl acetate-hydrolyzing esterase 1 homolog	1.765e+06	2.17953e+06	2.1262e+06	1.80983e+06
Q2TAA5	Q2TAA5	ALG11_HUMAN	ALG11	GDP-Man:Man(3)GlcNAc(2)-PP-Dol alpha-1,2-mannosyltransferase	1.07226e+06	1.07401e+06	1.11891e+06	1.01531e+06
Q2TAL8	Q2TAL8	QRIC1_HUMAN	QRICH1	Transcriptional regulator QRICH1	565532	414150	452960	619217
Q2TAY7	Q2TAY7	SMU1_HUMAN	SMU1	WD40 repeat-containing protein SMU1	703009	697832	218573	539471
Q2TB90	Q2TB90	HKDC1_HUMAN	HKDC1	Hexokinase HKDC1	826777	295626	469377	1.288e+06
Q2UY09	Q2UY09	COSA1_HUMAN	COL28A1	Collagen alpha-1(XXVIII) chain	510569		23217.2	563370
Q2VPB7	Q2VPB7	AP5B1_HUMAN	AP5B1	AP-5 complex subunit beta-1	41223.3			
Q30201	Q30201	HFE_HUMAN	HFE	Hereditary hemochromatosis protein	221025	172383	432749	210229
Q32MZ4	Q32MZ4	LRRF1_HUMAN	LRRFIP1	Leucine-rich repeat flightless-interacting protein 1	964692	281174	745908	1.2591e+06
Q32P28	Q32P28	P3H1_HUMAN	P3H1	Prolyl 3-hydroxylase 1	3.30418e+06	4.00993e+06	1.47934e+06	1.58898e+06
Q32P41	Q32P41	TRM5_HUMAN	TRMT5	tRNA (guanine(37)-N1)-methyltransferase	624915	995205	790472	684390
Q32P44	Q32P44	EMAL3_HUMAN	EML3	Echinoderm microtubule-associated protein-like 3	4.50846e+06	4.70449e+06	717812	2.83519e+06
Q38SD2	Q38SD2	LRRK1_HUMAN	LRRK1	Leucine-rich repeat serine/threonine-protein kinase 1	2.56215e+06	3.86357e+06	3.59759e+06	3.29072e+06
Q3KQV9	Q3KQV9	UAP1L_HUMAN	UAP1L1	UDP-N-acetylhexosamine pyrophosphorylase-like protein 1	375803	381914	656238	499028
Q3KQZ1	Q3KQZ1	S2535_HUMAN	SLC25A35	Solute carrier family 25 member 35	574710	306967	391326	572592
Q3KRA6	Q3KRA6	CB076_HUMAN	C2orf76	UPF0538 protein C2orf76	99092.6	176295	210187	115083
Q3LXA3	Q3LXA3	TKFC_HUMAN	TKFC	Triokinase/FMN cyclase	1.93797e+06	2.38751e+06	2.36962e+06	2.31166e+06
Q3MHD2	Q3MHD2	LSM12_HUMAN	LSM12	Protein LSM12	1.29846e+06	1.16155e+06	716169	1.2851e+06
Q3MIR4	Q3MIR4	CC50B_HUMAN	TMEM30B	Cell cycle control protein 50B	1.21838e+06		1.42259e+06	1.54842e+06
Q3MIX3	Q3MIX3	ADCK5_HUMAN	ADCK5	Uncharacterized aarF domain-containing protein kinase 5	57161.5			
Q3SXM5	Q3SXM5	HSDL1_HUMAN	HSDL1	Inactive hydroxysteroid dehydrogenase-like protein 1	1.15276e+06	566083	697331	841512
Q3SY17;Q9H1U9	Q3SY17;Q9H1U9	S2551_HUMAN;S2552_HUMAN	SLC25A51;SLC25A52	Mitochondrial nicotinamide adenine dinucleotide transporter SLC25A52	170026	117633	63527.4	113176
Q3SY69	O75891;Q3SY69	AL1L2_HUMAN	ALDH1L2	Mitochondrial 10-formyltetrahydrofolate dehydrogenase	4.03402e+07	3.33185e+07	2.42622e+07	5.28486e+07
Q3SY84	Q3SY84	K2C71_HUMAN	KRT71	Keratin, type II cytoskeletal 71				412408
Q3SYC2	Q3SYC2	MOGT2_HUMAN	MOGAT2	2-acylglycerol O-acyltransferase 2	657764		602080	776094
Q3T906	Q3T906	GNPTA_HUMAN	GNPTAB	N-acetylglucosamine-1-phosphotransferase subunits alpha/beta	228975	232616	161359	161654
Q3V6T2	Q3V6T2	GRDN_HUMAN	CCDC88A	Girdin		56390.8		29506.8
Q3YBM2	Q3YBM2	T176B_HUMAN	TMEM176B	Transmembrane protein 176B	1.15836e+06	1.74556e+06	1.84116e+06	1.10776e+06
Q3YEC7	Q3YEC7	RABL6_HUMAN	RABL6	Rab-like protein 6	825357	863132	667910	1.05302e+06
Q3ZAQ7	Q3ZAQ7	VMA21_HUMAN	VMA21	Vacuolar ATPase assembly integral membrane protein VMA21	1.0176e+06		1.08223e+06	573480
Q3ZCQ3	Q3ZCQ3	F174B_HUMAN	FAM174B	Membrane protein FAM174B	123777		312001	195488
Q3ZCQ8	Q3ZCQ8	TIM50_HUMAN	TIMM50	Mitochondrial import inner membrane translocase subunit TIM50	2.30225e+06	695196	1.8921e+06	2.1294e+06
Q3ZCW2	Q3ZCW2	LEGL_HUMAN	LGALSL	Galectin-related protein	976813	348555	1.28312e+06	825075
Q460N5	Q460N5	PAR14_HUMAN	PARP14	Protein mono-ADP-ribosyltransferase PARP14	434546	284776	152309	190528
Q49A26	Q49A26	GLYR1_HUMAN	GLYR1	Cytokine-like nuclear factor N-PAC	544242	521882	120702	322589
Q49AR2	Q49AR2	CE022_HUMAN	C5orf22	UPF0489 protein C5orf22		36303.1	55077.4	46792.6
Q49B96	Q49B96	COX19_HUMAN	COX19	Cytochrome c oxidase assembly protein COX19	508335		1.25105e+06	747036
Q4G0F5	Q4G0F5	VP26B_HUMAN	VPS26B	Vacuolar protein sorting-associated protein 26B	1.68286e+06	1.78919e+06	820534	1.62754e+06
Q4G0J3	Q4G0J3	LARP7_HUMAN	LARP7	La-related protein 7	490072	726855	140272	548028
Q4G0N4	Q4G0N4	NAKD2_HUMAN	NADK2	NAD kinase 2, mitochondrial	885965	644279	883277	903075
Q4G0X4	Q4G0X4;Q719H9	KCD21_HUMAN	KCTD21	BTB/POZ domain-containing protein KCTD21	212794	131731	120569	227800
Q4G148	Q4G148	GXLT1_HUMAN	GXYLT1	Glucoside xylosyltransferase 1	63386.3	65705.6	95916.2	25138.8
Q4G176	Q4G176	ACSF3_HUMAN	ACSF3	Malonate--CoA ligase ACSF3, mitochondrial	2.2521e+06	1.28996e+06	1.27308e+06	2.19544e+06
Q4J6C6	Q4J6C6	PPCEL_HUMAN	PREPL	Prolyl endopeptidase-like	376466	403436	319434	322972
Q4KMQ2	Q4KMQ2	ANO6_HUMAN	ANO6	Anoctamin-6	1.35061e+06	967336	957554	1.08162e+06
Q4L180	Q4L180	FIL1L_HUMAN	FILIP1L	Filamin A-interacting protein 1-like	301014	164055	43963.2	
Q4U2R6	Q4U2R6	RM51_HUMAN	MRPL51	Large ribosomal subunit protein mL51	295640	202491		389448
Q4V328	Q4V328	GRAP1_HUMAN	GRIPAP1	GRIP1-associated protein 1	685744	697647	299709	698586
Q4V9L6	Q4V9L6	TM119_HUMAN	TMEM119	Transmembrane protein 119	756386		538703	897870
Q4VC31	Q4VC31	MIX23_HUMAN	MIX23	Protein MIX23	2.56354e+06	1.8676e+06	4.48614e+06	2.81832e+06
Q52LJ0	Q52LJ0	FA98B_HUMAN	FAM98B	Protein FAM98B	6.46597e+06	6.76833e+06	2.17704e+06	8.51665e+06
Q53EL6	Q53EL6	PDCD4_HUMAN	PDCD4	Programmed cell death protein 4	7.74851e+06	1.196e+06	4.79131e+06	7.44472e+06
Q53EP0	Q53EP0	FND3B_HUMAN	FNDC3B	Fibronectin type III domain-containing protein 3B	316091	279500	415684	213899
Q53EU6	Q53EU6	GPAT3_HUMAN	GPAT3	Glycerol-3-phosphate acyltransferase 3	285667	307553	264356	241046
Q53FA7	Q53FA7	QORX_HUMAN	TP53I3	Quinone oxidoreductase PIG3	4.39754e+06	5.85496e+06	7.66358e+06	4.5983e+06
Q53FP2	Q53FP2	NACHO_HUMAN	TMEM35A	Novel acetylcholine receptor chaperone	217106	20167.9	69620.3	145001
Q53FT3	Q53FT3	HIKES_HUMAN	HIKESHI	Protein Hikeshi	440354	266867	841480	415769
Q53FZ2	Q53FZ2	ACSM3_HUMAN	ACSM3	Acyl-coenzyme A synthetase ACSM3, mitochondrial	1.19783e+06	217050	866657	1.53691e+06
Q53GA4	Q53GA4	PHLA2_HUMAN	PHLDA2	Pleckstrin homology-like domain family A member 2	30547.5		213136	171047
Q53GD3	Q53GD3	CTL4_HUMAN	SLC44A4	Choline transporter-like protein 4	654659	290304	1.29151e+06	756045
Q53GG5	Q53GG5	PDLI3_HUMAN	PDLIM3	PDZ and LIM domain protein 3	5.84941e+06	2.42479e+06	2.34446e+06	5.23896e+06
Q53GL7	Q53GL7	PAR10_HUMAN	PARP10	Protein mono-ADP-ribosyltransferase PARP10	1.04476e+06	1.18217e+06	852285	901006
Q53GQ0	Q53GQ0	DHB12_HUMAN	HSD17B12	Very-long-chain 3-oxoacyl-CoA reductase	9.31149e+06	768783	8.39108e+06	9.601e+06
Q53GS9	Q53GS9	UBP39_HUMAN	USP39	Ubiquitin carboxyl-terminal hydrolase 39	516252	647095	299122	339397
Q53GT1	Q53GT1	KLH22_HUMAN	KLHL22	Kelch-like protein 22	152647	141282		191478
Q53H12	Q53H12	AGK_HUMAN	AGK	Acylglycerol kinase, mitochondrial	1.70146e+06	1.08797e+06	1.51406e+06	1.40346e+06
Q53H82	Q53H82	LACB2_HUMAN	LACTB2	Endoribonuclease LACTB2	3.63497e+06	4.04802e+06	5.74907e+06	4.08932e+06
Q53H96	Q53H96	P5CR3_HUMAN	PYCR3	Pyrroline-5-carboxylate reductase 3	573146	63928.3	487944	704585
Q53HC9	Q53HC9	EIPR1_HUMAN	EIPR1	EARP and GARP complex-interacting protein 1	741281	559175	584003	788590
Q53RT3	Q53RT3	APRV1_HUMAN	ASPRV1	Retroviral-like aspartic protease 1	1.04719e+06	1.34799e+06	1.34615e+06	1.16647e+06
Q53RY4	Q53RY4	KCP3_HUMAN	KRTCAP3	Keratinocyte-associated protein 3	1.55268e+06	2.09868e+06	1.80269e+06	1.57948e+06
Q53S33	Q53S33	BOLA3_HUMAN	BOLA3	BolA-like protein 3	191038	125336	263227	
Q53T59	Q53T59	H1BP3_HUMAN	HS1BP3	HCLS1-binding protein 3	1.36168e+06	1.46181e+06	1.42701e+06	1.41509e+06
Q53TN4	Q53TN4	CYBR1_HUMAN	CYBRD1	Plasma membrane ascorbate-dependent reductase CYBRD1	2.39006e+06	2.67506e+06	1.9608e+06	1.49357e+06
Q562E7	Q562E7	WDR81_HUMAN	WDR81	WD repeat-containing protein 81	1.29866e+06			1.69841e+06
Q562R1	Q562R1	ACTBL_HUMAN	ACTBL2	Beta-actin-like protein 2	5.75299e+06	1.90239e+06	4.43274e+06	3.90455e+06
Q567U6	Q567U6	CCD93_HUMAN	CCDC93	Coiled-coil domain-containing protein 93	1.02768e+06	804730		1.01361e+06
Q56VL3	Q56VL3	OCAD2_HUMAN	OCIAD2	OCIA domain-containing protein 2	3.57923e+06	2.70804e+06	4.20735e+06	4.11846e+06
Q587I9	Q587I9	SFT2C_HUMAN	SFT2D3	Vesicle transport protein SFT2C	499655	386183	1.37512e+06	526571
Q58DX5	Q58DX5	NADL2_HUMAN	NAALADL2	Inactive N-acetylated-alpha-linked acidic dipeptidase-like protein 2	158838	182585	205881	170471
Q58FF8	Q58FF8	H90B2_HUMAN	HSP90AB2P	Putative heat shock protein HSP 90-beta 2	1.80404e+06		1.48611e+06	1.64223e+06
Q5BJD5	Q5BJD5	TM41B_HUMAN	TMEM41B	Transmembrane protein 41B	330628	291023	362567	347810
Q5BJF2	Q5BJF2	SGMR2_HUMAN	TMEM97	Sigma intracellular receptor 2	1.16803e+06	820367	2.16858e+06	1.742e+06
Q5BJH2	Q5BJH2	TM128_HUMAN	TMEM128	Transmembrane protein 128	410755	316380	605745	541453
Q5BJH7	Q5BJH7	YIF1B_HUMAN	YIF1B	Protein YIF1B	851291		803875	567784
Q5BKT4;Q5I7T1	Q5BKT4;Q5I7T1	AG10A_HUMAN;AG10B_HUMAN	ALG10;ALG10B	Dol-P-Glc:Glc(2)Man(9)GlcNAc(2)-PP-Dol alpha-1,2-glucosyltransferase	851848	702710	459089	536796
Q5D862	Q5D862	FILA2_HUMAN	FLG2	Filaggrin-2	1.31053e+06	5.09813e+06	1.09093e+06	1.73349e+06
Q5EBL8	Q5EBL8	PDZ11_HUMAN	PDZD11	PDZ domain-containing protein 11	1.13984e+06	1.42397e+06	971493	1.69155e+06
Q5EBM0	Q5EBM0	CMPK2_HUMAN	CMPK2	UMP-CMP kinase 2, mitochondrial	2.17015e+06	1.3114e+06	2.30787e+06	1.601e+06
Q5EG05	Q5EG05	CAR16_HUMAN	CARD16	Caspase recruitment domain-containing protein 16	2.45649e+06	223477	2.64554e+06	2.56269e+06
Q5GLZ8	Q5GLZ8	HERC4_HUMAN	HERC4	Probable E3 ubiquitin-protein ligase HERC4	944651	911783	687911	996500
Q5H8A4	Q5H8A4	PIGG_HUMAN	PIGG	GPI ethanolamine phosphate transferase 2	303722	102223	188968	266678
Q5H9R7	Q5H9R7	PP6R3_HUMAN	PPP6R3	Serine/threonine-protein phosphatase 6 regulatory subunit 3	618880	370961	339053	727096
Q5HYI8	Q5HYI8	RABL3_HUMAN	RABL3	Rab-like protein 3	1.79027e+06	438221	1.51806e+06	1.86727e+06
Q5HYK3	Q5HYK3	COQ5_HUMAN	COQ5	2-methoxy-6-polyprenyl-1,4-benzoquinol methylase, mitochondrial	1.64598e+06	374771	1.47313e+06	1.72413e+06
Q5J8M3	Q5J8M3	EMC4_HUMAN	EMC4	ER membrane protein complex subunit 4	1.03865e+06	749465	767207	1.2768e+06
Q5JPH6	Q5JPH6	SYEM_HUMAN	EARS2	Probable glutamate--tRNA ligase, mitochondrial	902580	95764.3	425210	763673
Q5JRA6	Q5JRA6	TGO1_HUMAN	MIA3	Transport and Golgi organization protein 1 homolog	1.21116e+06	1.19853e+06	472224	1.29785e+06
Q5JRX3	Q5JRX3	PREP_HUMAN	PITRM1	Presequence protease, mitochondrial	4.4411e+06	3.58987e+06	2.9473e+06	3.85032e+06
Q5JS37	Q5JS37	NHLC3_HUMAN	NHLRC3	NHL repeat-containing protein 3	778581	784080	1.2811e+06	756137
Q5JSH3	Q5JSH3	WDR44_HUMAN	WDR44	WD repeat-containing protein 44	513204	533784	505173	533751
Q5JSL3	Q5JSL3	DOC11_HUMAN	DOCK11	Dedicator of cytokinesis protein 11	558461	552948	431730	451174
Q5JTH9	Q5JTH9	RRP12_HUMAN	RRP12	RRP12-like protein	254613	350345	68348.8	162427
Q5JTJ3	Q5JTJ3	COA6_HUMAN	COA6	Cytochrome c oxidase assembly factor 6 homolog	1.31079e+06	745382	2.65e+06	1.22759e+06
Q5JTV8	Q5JTV8	TOIP1_HUMAN	TOR1AIP1	Torsin-1A-interacting protein 1	5.43975e+06	6.63809e+06	2.56294e+06	3.23345e+06
Q5JTZ9	Q5JTZ9	SYAM_HUMAN	AARS2	Alanine--tRNA ligase, mitochondrial	1.68685e+06	655107	642584	1.53666e+06
Q5JU69	Q8N2E6;Q5JU69	TOR2A_HUMAN	TOR2A	Torsin-2A	445354	327688	753343	387356
Q5JVF3	Q5JVF3	PCID2_HUMAN	PCID2	PCI domain-containing protein 2	140577	97165		80440.9
Q5K4L6	Q5K4L6	S27A3_HUMAN	SLC27A3	Long-chain fatty acid transport protein 3	1.40626e+06	472998	593350	884086
Q5K651	Q5K651	SAMD9_HUMAN	SAMD9	Sterile alpha motif domain-containing protein 9	2.39328e+06	2.63681e+06	1.77158e+06	1.92432e+06
Q5KU26	Q5KU26	COL12_HUMAN	COLEC12	Collectin-12	160949	103565		77369.2
Q5M775	Q5M775	CYTSB_HUMAN	SPECC1	Cytospin-B	248447	194275		298246
Q5M7Z0	Q5M7Z0	RNFT1_HUMAN	RNFT1	E3 ubiquitin-protein ligase RNFT1	67150.3	51853.8		
Q5MIZ7	Q5MIZ7	P4R3B_HUMAN	PPP4R3B	Serine/threonine-protein phosphatase 4 regulatory subunit 3B	888362	273411	1.19061e+06	1.06996e+06
Q5MNZ6	Q5MNZ6	WIPI3_HUMAN	WDR45B	WD repeat domain phosphoinositide-interacting protein 3	857326	1.11061e+06	578662	671370
Q5MNZ9	Q5MNZ9	WIPI1_HUMAN	WIPI1	WD repeat domain phosphoinositide-interacting protein 1	1.0652e+06	1.50048e+06	1.12168e+06	1.23327e+06
Q5MY95	Q5MY95	ENTP8_HUMAN	ENTPD8	Ectonucleoside triphosphate diphosphohydrolase 8	135377	161208	393627	274429
Q5NDL2	Q5NDL2	EOGT_HUMAN	EOGT	EGF domain-specific O-linked N-acetylglucosamine transferase	3.67361e+06	3.23235e+06	1.94304e+06	1.33147e+06
Q5QGZ9	Q5QGZ9	CL12A_HUMAN	CLEC12A	C-type lectin domain family 12 member A		1.34096e+06	600394	
Q5QJ74	Q5QJ74	TBCEL_HUMAN	TBCEL	Tubulin-specific chaperone cofactor E-like protein	616656	785443	657818	596965
Q5R372	Q5R372	RBG1L_HUMAN	RABGAP1L	Rab GTPase-activating protein 1-like	244719	335468	143426	250994
Q5R3I4	Q5R3I4	TTC38_HUMAN	TTC38	Tetratricopeptide repeat protein 38	3.33329e+06	1.31201e+06	3.12125e+06	5.23648e+06
Q5R3K3	Q5R3K3	CAHM6_HUMAN	CALHM6	Calcium homeostasis modulator protein 6	275172	239049	326435	
Q5RI15	Q5RI15	COX20_HUMAN	COX20	Cytochrome c oxidase assembly protein COX20, mitochondrial	2.33046e+06	1.44222e+06	2.04662e+06	2.16434e+06
Q5RKV6	Q5RKV6	EXOS6_HUMAN	EXOSC6	Exosome complex component MTR3	382109	238445	116728	360681
Q5SQ64	Q5SQ64	LY66F_HUMAN	LY6G6F	Lymphocyte antigen 6 complex locus protein G6f	153995	22828.5		
Q5SQH8	Q5SQH8	CF136_HUMAN	C6orf136	Uncharacterized protein C6orf136	57642.9			
Q5SRE5	Q5SRE5	NU188_HUMAN	NUP188	Nucleoporin NUP188	483043			407797
Q5SRE7	Q5SRE7	PHYD1_HUMAN	PHYHD1	Phytanoyl-CoA dioxygenase domain-containing protein 1	358818	425545	497312	386896
Q5SRH9	Q5SRH9	TT39A_HUMAN	TTC39A	Tetratricopeptide repeat protein 39A	1.35303e+06	1.1396e+06	956566	1.64925e+06
Q5SRI9	Q5SRI9	MANEA_HUMAN	MANEA	Glycoprotein endo-alpha-1,2-mannosidase	863606	443796	1.86022e+06	984950
Q5SSJ5	Q5SSJ5	HP1B3_HUMAN	HP1BP3	Heterochromatin protein 1-binding protein 3	3.27717e+06	1.10379e+06	363427	2.66098e+06
Q5ST30	Q5ST30	SYVM_HUMAN	VARS2	Valine--tRNA ligase, mitochondrial	383816		231349	414718
Q5SW79	Q5SW79	CE170_HUMAN	CEP170	Centrosomal protein of 170 kDa	73738.6	20468.3		32565.3
Q5SW96	Q5SW96	ARH_HUMAN	LDLRAP1	Low density lipoprotein receptor adapter protein 1	108593		110028	65309.8
Q5SWX8	Q5SWX8	ODR4_HUMAN	ODR4	Protein odr-4 homolog	835031	676695	483149	900587
Q5T013	Q5T013	HYI_HUMAN	HYI	Putative hydroxypyruvate isomerase	711261	419269	989045	838686
Q5T0D9	Q5T0D9	TPRGL_HUMAN	TPRG1L	Tumor protein p63-regulated gene 1-like protein	726929	154273	954518	800166
Q5T0N5	Q5T0N5	FBP1L_HUMAN	FNBP1L	Formin-binding protein 1-like	295271	110401	66778.5	249181
Q5T160	Q5T160	SYRM_HUMAN	RARS2	Probable arginine--tRNA ligase, mitochondrial	675144	419581	407788	708076
Q5T1C6	Q5T1C6	THEM4_HUMAN	THEM4	Acyl-coenzyme A thioesterase THEM4	302058	210188	225392	257574
Q5T1J5;Q9Y6H1	Q9Y6H1;Q5T1J5	CHCH2_HUMAN;CHCH9_HUMAN	CHCHD2;CHCHD2P9	Putative coiled-coil-helix-coiled-coil-helix domain-containing protein CHCHD2P9, mitochondrial	815194		1.77206e+06	1.33178e+06
Q5T1M5	Q5T1M5	FKB15_HUMAN	FKBP15	FK506-binding protein 15	1.02546e+06	1.24622e+06	178586	804886
Q5T2E6	Q5T2E6	ARMD3_HUMAN	ARMH3	Armadillo-like helical domain-containing protein 3	2.36156e+06	1.38634e+06	1.40541e+06	2.30698e+06
Q5T2T1	Q5T2T1	MPP7_HUMAN	MPP7	MAGUK p55 subfamily member 7	129681		105247	105677
Q5T3F8	Q5T3F8	CSCL2_HUMAN	TMEM63B	CSC1-like protein 2	376079	156941	438430	358715
Q5T440	Q5T440	CAF17_HUMAN	IBA57	Putative transferase CAF17, mitochondrial	2.46874e+06	1.5514e+06	1.91153e+06	2.23892e+06
Q5T447	Q5T447	HECD3_HUMAN	HECTD3	E3 ubiquitin-protein ligase HECTD3	2.71957e+06	1.52418e+06	1.20827e+06	3.10398e+06
Q5T4S7	Q5T4S7	UBR4_HUMAN	UBR4	E3 ubiquitin-protein ligase UBR4	1.96353e+06	1.82879e+06	440288	2.12824e+06
Q5T5C0	Q5T5C0;Q9Y2K9	STXB5_HUMAN	STXBP5	Syntaxin-binding protein 5	1.07842e+06	1.28373e+06	689327	892234
Q5T5P2	Q5T5P2	SKT_HUMAN	KIAA1217	Sickle tail protein homolog	496823	288976	304903	539367
Q5T653	Q5T653	RM02_HUMAN	MRPL2	Large ribosomal subunit protein uL2m	1.11888e+06	827345	604657	1.30293e+06
Q5T6F2	Q5T6F2	UBAP2_HUMAN	UBAP2	Ubiquitin-associated protein 2	1.00066e+06		1.03783e+06	1.3741e+06
Q5T6J7	Q5T6J7	GNTK_HUMAN	IDNK	Probable gluconokinase	231387		307813	245273
Q5T6V5	Q5T6V5	QNG1_HUMAN	QNG1	Queuosine 5'-phosphate N-glycosylase/hydrolase	2.11559e+06	2.18847e+06	2.96478e+06	2.19181e+06
Q5T749	Q5T749	KPRP_HUMAN	KPRP	Keratinocyte proline-rich protein	1.22733e+06	5.83309e+06	976559	1.88642e+06
Q5T750	Q5T750	KPLCE_HUMAN	KPLCE	Protein KPLCE	2.0238e+06	3.37913e+06	1.16997e+06	2.33414e+06
Q5T7M9	Q5T7M9	DIK1A_HUMAN	DIPK1A	Divergent protein kinase domain 1A	259791	261641	326351	312932
Q5T8D3	Q5T8D3	ACBD5_HUMAN	ACBD5	Acyl-CoA-binding domain-containing protein 5	337059			404703
Q5T8P6	Q5T8P6	RBM26_HUMAN	RBM26	RNA-binding protein 26	168460	218715		119892
Q5T9A4	Q5T9A4	ATD3B_HUMAN	ATAD3B	ATPase family AAA domain-containing protein 3B	232942		57853.9	192771
Q5T9L3	Q5T9L3	WLS_HUMAN	WLS	Protein wntless homolog	385534	663507	428732	511336
Q5TA45	Q5TA45	INT11_HUMAN	INTS11	Integrator complex subunit 11	357800	320570	54982.8	282961
Q5TA50	Q5TA50	CPTP_HUMAN	CPTP	Ceramide-1-phosphate transfer protein	192774	56131.1	192614	290491
Q5TAQ9	Q5TAQ9	DCAF8_HUMAN	DCAF8	DDB1- and CUL4-associated factor 8	592720	613559	363730	707870
Q5TBB1	Q5TBB1	RNH2B_HUMAN	RNASEH2B	Ribonuclease H2 subunit B	83841.3	135817	149858	
Q5TBC7	Q5TBC7	B2L15_HUMAN	BCL2L15	Bcl-2-like protein 15			1.15721e+06	488657
Q5TC12	Q5TC12	ATPF1_HUMAN	ATPAF1	ATP synthase mitochondrial F1 complex assembly factor 1	296469	129354	264468	391672
Q5TC63	Q5TC63	GRTP1_HUMAN	GRTP1	Growth hormone-regulated TBC protein 1			222249	273365
Q5TDH0	Q5TDH0	DDI2_HUMAN	DDI2	Protein DDI1 homolog 2	1.93457e+06	1.4641e+06	2.09641e+06	2.07013e+06
Q5TEC6	P68431;P84243;Q16695;Q6NXT2;Q71DI3;Q5TEC6	H37_HUMAN	H3-7	Histone H3-7	1.54777e+07	1.29646e+07	5.84112e+06	1.03796e+07
Q5TEJ8	Q5TEJ8	THMS2_HUMAN	THEMIS2	Protein THEMIS2	898597	468770	399930	441200
Q5TFE4	Q5TFE4	NT5D1_HUMAN	NT5DC1	5'-nucleotidase domain-containing protein 1	1.67712e+06	1.56986e+06	3.23518e+06	2.43796e+06
Q5TGY1	Q5TGY1	TMCO4_HUMAN	TMCO4	Transmembrane and coiled-coil domain-containing protein 4	587536	396328	370703	624859
Q5TGZ0	Q5TGZ0	MIC10_HUMAN	MICOS10	MICOS complex subunit MIC10	2.08755e+06	1.18895e+06	3.65052e+06	2.00704e+06
Q5TH69	Q5TH69	BIG3_HUMAN	ARFGEF3	Brefeldin A-inhibited guanine nucleotide-exchange protein 3	493143		151315	586143
Q5U3C3	Q5U3C3	TM164_HUMAN	TMEM164	Transmembrane protein 164	110290	41800.9	185738	152204
Q5U5X0	Q5U5X0	LYRM7_HUMAN	LYRM7	Complex III assembly factor LYRM7	971229	356202	1.04093e+06	905758
Q5UCC4	Q5UCC4	EMC10_HUMAN	EMC10	ER membrane protein complex subunit 10	1.13658e+06	1.12694e+06	756709	1.04902e+06
Q5VIR6	Q5VIR6	VPS53_HUMAN	VPS53	Vacuolar protein sorting-associated protein 53 homolog	615907	516205		729949
Q5VSL9	Q5VSL9	STRP1_HUMAN	STRIP1	Striatin-interacting protein 1	980982	604010	331700	902168
Q5VT52	Q5VT52	RPRD2_HUMAN	RPRD2	Regulation of nuclear pre-mRNA domain-containing protein 2	253367			344217
Q5VTB9	Q5VTB9	RN220_HUMAN	RNF220	E3 ubiquitin-protein ligase RNF220	313631		232782	316270
Q5VTL8	Q5VTL8	PR38B_HUMAN	PRPF38B	Pre-mRNA-splicing factor 38B	375774	360015		274423
Q5VTQ0	Q5VTQ0	TT39B_HUMAN	TTC39B	Tetratricopeptide repeat protein 39B	656114	414114	540578	608281
Q5VTR2	Q5VTR2	BRE1A_HUMAN	RNF20	E3 ubiquitin-protein ligase BRE1A	557861	472788		488492
Q5VU43	Q5VU43	MYOME_HUMAN	PDE4DIP	Myomegalin	696266	881547	946099	649970
Q5VV41	Q5VV41	ARHGG_HUMAN	ARHGEF16	Rho guanine nucleotide exchange factor 16	2.31773e+06	1.47961e+06	2.47449e+06	2.4397e+06
Q5VVQ6	Q5VVQ6	OTU1_HUMAN	YOD1	Ubiquitin thioesterase OTU1	386969	786268	315898	284460
Q5VW32	Q5VW32	BROX_HUMAN	BROX	BRO1 domain-containing protein BROX	5.73636e+06	5.66683e+06	4.57648e+06	6.46024e+06
Q5VW36	Q5VW36	FOCAD_HUMAN	FOCAD	Focadhesin	495006	414600	144340	598475
Q5VW38	Q5VW38	GP107_HUMAN	GPR107	Protein GPR107	687630	380582	773997	568062
Q5VWC8	Q5VWC8	HACD4_HUMAN	HACD4	Very-long-chain (3R)-3-hydroxyacyl-CoA dehydratase 4	270899	272288	117083	211799
Q5VWJ9	Q5VWJ9	SNX30_HUMAN	SNX30	Sorting nexin-30	300948	150325	301726	336277
Q5VWP2	Q5VWP2	TET5C_HUMAN	TENT5C	Terminal nucleotidyltransferase 5C	630352	425668	394796	600279
Q5VWZ2	Q5VWZ2	LYPL1_HUMAN	LYPLAL1	Lysophospholipase-like protein 1	1.80348e+06	1.51596e+06	1.50928e+06	1.46202e+06
Q5VYK3	Q5VYK3	ECM29_HUMAN	ECPAS	Proteasome adapter and scaffold protein ECM29	1.62243e+06	1.10691e+06	605177	1.70273e+06
Q5VYY1	Q5VYY1	ANR22_HUMAN	ANKRD22	Ankyrin repeat domain-containing protein 22	1.4867e+06	960732	1.06176e+06	1.16208e+06
Q5VZ89	Q5VZ89	DEN4C_HUMAN	DENND4C	DENN domain-containing protein 4C	580174	557254	387398	804469
Q5VZK9	Q5VZK9	CARL1_HUMAN	CARMIL1	F-actin-uncapping protein LRRC16A	1.00182e+06	395082	411121	1.20464e+06
Q5W0V3	Q5W0V3	FHI2A_HUMAN	FHIP2A	FHF complex subunit HOOK interacting protein 2A	314700	94543.4	193851	272388
Q5W111	Q5W111	SPRY7_HUMAN	SPRYD7	SPRY domain-containing protein 7	716228	748034	1.44102e+06	780175
Q5XKP0	Q5XKP0	MIC13_HUMAN	MICOS13	MICOS complex subunit MIC13	1.68968e+06		1.29385e+06	1.61237e+06
Q5XPI4	Q5XPI4	RN123_HUMAN	RNF123	E3 ubiquitin-protein ligase RNF123	688921	978603	373600	605711
Q5XXA6	Q5XXA6	ANO1_HUMAN	ANO1	Anoctamin-1	155919	56490.6	143462	163761
Q5ZPR3	Q5ZPR3	CD276_HUMAN	CD276	CD276 antigen	2.07924e+06	2.45246e+06	1.896e+06	1.19089e+06
Q629K1	Q629K1	TRIQK_HUMAN	TRIQK	Triple QxxK/R motif-containing protein	1.26075e+06		1.416e+06	1.57943e+06
Q63HM1	Q63HM1	KFA_HUMAN	AFMID	Kynurenine formamidase			303515	
Q63HN8	Q63HN8	RN213_HUMAN	RNF213	E3 ubiquitin-protein ligase RNF213	5.52826e+06	4.03464e+06	1.75947e+06	3.53877e+06
Q63HR2	Q63HR2	TENS2_HUMAN	TNS2	Tensin-2	1.36e+06	945855	250475	1.00492e+06
Q63ZY3	Q5T7N3;Q63ZY3	KANK2_HUMAN	KANK2	KN motif and ankyrin repeat domain-containing protein 2	1.33139e+07	3.1109e+06	2.54597e+06	1.19828e+07
Q641Q2	Q641Q2;Q9Y4E1	WAC2A_HUMAN	WASHC2A	WASH complex subunit 2A	934660	861152	502178	1.03009e+06
Q643R3	Q643R3	LPCT4_HUMAN	LPCAT4	Lysophospholipid acyltransferase LPCAT4	1.47392e+06	303302	1.1598e+06	1.61372e+06
Q658P3	Q658P3	STEA3_HUMAN	STEAP3	Metalloreductase STEAP3	757256	442120	644604	540743
Q658Y4	Q658Y4	F91A1_HUMAN	FAM91A1	Protein FAM91A1	573090	349098	321957	549994
Q66K14	Q66K14	TBC9B_HUMAN	TBC1D9B	TBC1 domain family member 9B	705210	284637	458578	617929
Q66K74	Q66K74	MAP1S_HUMAN	MAP1S	Microtubule-associated protein 1S	3.19994e+06	2.53723e+06	1.34302e+06	2.99357e+06
Q66LE6	Q66LE6	2ABD_HUMAN	PPP2R2D	Serine/threonine-protein phosphatase 2A 55 kDa regulatory subunit B delta isoform	446395	500477	624015	524679
Q66PJ3	Q66PJ3	AR6P4_HUMAN	ARL6IP4	ADP-ribosylation factor-like protein 6-interacting protein 4	141537		77682.9	181360
Q676U5	Q676U5	A16L1_HUMAN	ATG16L1	Autophagy-related protein 16-1	529114	363856		584572
Q684P5	Q684P5	RPGP2_HUMAN	RAP1GAP2	Rap1 GTPase-activating protein 2	398054	404217	193362	446575
Q687X5	Q687X5	STEA4_HUMAN	STEAP4	Metalloreductase STEAP4	1.0108e+06	1.50271e+06	582186	847676
Q68CP9	Q68CP9	ARID2_HUMAN	ARID2	AT-rich interactive domain-containing protein 2	86253.6	82763.5		60816
Q68CQ4	Q68CQ4	UTP25_HUMAN	UTP25	U3 small nucleolar RNA-associated protein 25 homolog	106422	84507.3		62210.3
Q68CQ7	Q68CQ7	GL8D1_HUMAN	GLT8D1	Glycosyltransferase 8 domain-containing protein 1	478568	496314	446461	422472
Q68CR1	Q68CR1	SE1L3_HUMAN	SEL1L3	Protein sel-1 homolog 3	411713	404008	413492	449026
Q68CZ2	Q68CZ2	TENS3_HUMAN	TNS3	Tensin-3	2.06301e+06	1.50189e+06	841178	1.37311e+06
Q68D91	Q68D91	MBLC2_HUMAN	MBLAC2	Acyl-coenzyme A thioesterase MBLAC2	754377	637441	847973	628483
Q68DL7	Q68DL7	CR063_HUMAN	C18orf63	Uncharacterized protein C18orf63	1.57939e+06	2.40226e+06	1.43274e+06	1.90822e+06
Q68DU8	Q68DU8	KCD16_HUMAN	KCTD16	BTB/POZ domain-containing protein KCTD16	412198			
Q68E01	Q68E01	INT3_HUMAN	INTS3	Integrator complex subunit 3	533776	624198		426310
Q68EM7	Q68EM7	RHG17_HUMAN	ARHGAP17	Rho GTPase-activating protein 17	2.05865e+06	928684	865128	2.52634e+06
Q69YN2	Q69YN2	C19L1_HUMAN	CWF19L1	CWF19-like protein 1	386559	388593	210679	317433
Q69YN4	Q69YN4	VIR_HUMAN	VIRMA	Protein virilizer homolog	411218	239791		274513
Q69YW2	Q69YW2	STUM_HUMAN	STUM	Protein stum homolog	157926		96460.4	166826
Q6BCY4	Q6BCY4	NB5R2_HUMAN	CYB5R2	NADH-cytochrome b5 reductase 2	477971	562527	969730	499710
Q6BDI9	Q6BDI9	REP15_HUMAN	REP15	Rab15 effector protein	731013		619732	788902
Q6DD88	Q6DD88	ATLA3_HUMAN	ATL3	Atlastin-3	5.49507e+06	2.69525e+06	3.78279e+06	3.47606e+06
Q6DKJ4	Q6DKJ4	NXN_HUMAN	NXN	Nucleoredoxin	996287	1.18179e+06	465482	541474
Q6DKK2	Q6DKK2	TTC19_HUMAN	TTC19	Tetratricopeptide repeat protein 19, mitochondrial	570164		630509	754378
Q6DN12	Q6DN12	MCTP2_HUMAN	MCTP2	Multiple C2 and transmembrane domain-containing protein 2	173949	119465		174658
Q6EMK4	Q6EMK4	VASN_HUMAN	VASN	Vasorin	367060	663173	585949	
Q6FI81	Q6FI81	CPIN1_HUMAN	CIAPIN1	Anamorsin	3.20723e+06	2.2942e+06	4.11256e+06	4.02447e+06
Q6FIF0	Q6FIF0	ZFAN6_HUMAN	ZFAND6	AN1-type zinc finger protein 6	56744.4		175744	191130
Q6GMV2	Q6GMV2	SMYD5_HUMAN	SMYD5	Histone-lysine N-trimethyltransferase SMYD5	419110	428888	532614	726658
Q6GMV3	Q6GMV3	PTRD1_HUMAN	PTRHD1	Putative peptidyl-tRNA hydrolase PTRHD1	1.22821e+06	457341	2.12594e+06	1.73224e+06
Q6GTX8	Q6GTX8;Q6ISS4	LAIR1_HUMAN	LAIR1	Leukocyte-associated immunoglobulin-like receptor 1	1.22865e+06	1.45402e+06	1.32405e+06	473984
Q6I9Y2	Q6I9Y2	THOC7_HUMAN	THOC7	THO complex subunit 7 homolog	315236	147912		278105
Q6IA17	Q6IA17	SIGIR_HUMAN	SIGIRR	Single Ig IL-1-related receptor	2.40608e+06	944084	2.66361e+06	2.27456e+06
Q6IA69	Q6IA69	NADE_HUMAN	NADSYN1	Glutamine-dependent NAD(+) synthetase	1.15402e+06	1.60343e+06	1.30887e+06	1.4963e+06
Q6IA86	Q6IA86	ELP2_HUMAN	ELP2	Elongator complex protein 2	707421	607760	334959	706903
Q6IAA8	Q6IAA8	LTOR1_HUMAN	LAMTOR1	Ragulator complex protein LAMTOR1	2.10772e+06	1.36312e+06	2.15094e+06	2.00703e+06
Q6IAN0	Q6IAN0	DRS7B_HUMAN	DHRS7B	Dehydrogenase/reductase SDR family member 7B	1.54312e+06	895226	939986	1.20685e+06
Q6IBS0	Q12792;Q6IBS0	TWF2_HUMAN	TWF2	Twinfilin-2	4.88336e+06	5.44846e+06	4.08906e+06	3.72638e+06
Q6IC98	Q6IC98	GRAM4_HUMAN	GRAMD4	GRAM domain-containing protein 4	363650	201458	124478	285408
Q6ICB0	Q6ICB0	DESI1_HUMAN	DESI1	Desumoylating isopeptidase 1			81246.9	
Q6ICG6	Q6ICG6	K0930_HUMAN	KIAA0930	Uncharacterized protein KIAA0930		123240	151762	64452.6
Q6ICL3	Q6ICL3	TNG2_HUMAN	TANGO2	Transport and Golgi organization protein 2 homolog	779808	1.11426e+06	816209	758574
Q6IN85	Q5MIZ7;Q6IN85	P4R3A_HUMAN	PPP4R3A	Serine/threonine-protein phosphatase 4 regulatory subunit 3A	592412	520174	254052	654923
Q6IPR1	Q6IPR1	ETFR1_HUMAN	ETFRF1	Electron transfer flavoprotein regulatory factor 1	133518	130299	118992	125231
Q6IQ22	Q6IQ22	RAB12_HUMAN	RAB12	Ras-related protein Rab-12	837303	699310	707198	596841
Q6JBY9	Q6JBY9	CPZIP_HUMAN	RCSD1	CapZ-interacting protein	1.41911e+06	876803	1.58308e+06	1.49221e+06
Q6JQN1	Q6JQN1	ACD10_HUMAN	ACAD10	Acyl-CoA dehydrogenase family member 10	282244		136176	372096
Q6KB66	Q6KB66	K2C80_HUMAN	KRT80	Keratin, type II cytoskeletal 80	1.24241e+06	2.32035e+06	880085	1.36466e+06
Q6KC79	Q6KC79	NIPBL_HUMAN	NIPBL	Nipped-B-like protein	83593.5			
Q6L8Q7	Q6L8Q7	PDE12_HUMAN	PDE12	2',5'-phosphodiesterase 12	2.90291e+06	1.86972e+06	1.72598e+06	2.9768e+06
Q6N063	Q6N063	OGFD2_HUMAN	OGFOD2	2-oxoglutarate and iron-dependent oxygenase domain-containing protein 2	27637.3			
Q6N075	Q6N075	MFSD5_HUMAN	MFSD5	Molybdate-anion transporter	83985	141238	32471.1	34155.5
Q6NSJ0	Q6NSJ0	MYORG_HUMAN	MYORG	Myogenesis-regulating glycosidase	346130	385446	422703	575246
Q6NSJ5;Q8TDW0	Q6NSJ5;Q8TDW0	LRC8C_HUMAN;LRC8E_HUMAN	LRRC8C;LRRC8E	Volume-regulated anion channel subunit LRRC8E	124435	148390		50216.7
Q6NT16	Q6NT16	S18B1_HUMAN	SLC18B1	MFS-type transporter SLC18B1	171856	146113	287263	187289
Q6NTF9	Q6NTF9	RHBD2_HUMAN	RHBDD2	Rhomboid domain-containing protein 2	633467	549012	308600	445422
Q6NUK1	Q6NUK1	SCMC1_HUMAN	SLC25A24	Mitochondrial adenyl nucleotide antiporter SLC25A24	2.86988e+07	6.89341e+06	1.87281e+07	2.33154e+07
Q6NUK4	Q6NUK4	REEP3_HUMAN	REEP3	Receptor expression-enhancing protein 3	489585	402372	231561	288545
Q6NUM9	Q6NUM9	RETST_HUMAN	RETSAT	All-trans-retinol 13,14-reductase	1.11079e+06	802061	1.07904e+06	1.15731e+06
Q6NUQ1	Q6NUQ1	RINT1_HUMAN	RINT1	RAD50-interacting protein 1	62217.1	20555		70371.7
Q6NUQ4	Q6NUQ4	TM214_HUMAN	TMEM214	Transmembrane protein 214	1.73721e+06	2.02935e+06	908412	1.52424e+06
Q6NVY1	Q6NVY1	HIBCH_HUMAN	HIBCH	3-hydroxyisobutyryl-CoA hydrolase, mitochondrial	7.00843e+06	3.5322e+06	4.50048e+06	8.26352e+06
Q6NW29	Q6NW29	RWDD4_HUMAN	RWDD4	RWD domain-containing protein 4	164585		227102	283675
Q6NXG1	Q6NXG1	ESRP1_HUMAN	ESRP1	Epithelial splicing regulatory protein 1	1.40056e+06	721643	1.4796e+06	2.15619e+06
Q6NXR4	Q6NXR4	TTI2_HUMAN	TTI2	TELO2-interacting protein 2	250388			342196
Q6NXT4	Q6NXT4	ZNT6_HUMAN	SLC30A6	Zinc transporter 6	541736	422294		492509
Q6NXT6	Q6NXT6	TAPT1_HUMAN	TAPT1	Transmembrane anterior posterior transformation protein 1 homolog	447940	311988	288331	413767
Q6NYC1	Q6NYC1	JMJD6_HUMAN	JMJD6	Bifunctional arginine demethylase and lysyl-hydroxylase JMJD6	615416	936096	712997	755710
Q6NYC8	Q6NYC8	PPR18_HUMAN	PPP1R18	Phostensin	774282	312562	355741	438659
Q6NZ67	Q6NZ67;Q6P582	MZT2B_HUMAN	MZT2B	Mitotic-spindle organizing protein 2B	185440		138649	441201
Q6NZI2	Q6NZI2	CAVN1_HUMAN	CAVIN1	Caveolae-associated protein 1	1.01331e+07	2.03851e+06	1.59511e+06	9.02809e+06
Q6NZY4	Q6NZY4	ZCHC8_HUMAN	ZCCHC8	Zinc finger CCHC domain-containing protein 8	883363			975094
Q6NZY7	Q6NZY7	BORG3_HUMAN	CDC42EP5	Cdc42 effector protein 5	652747		481580	694656
Q6P161	Q6P161	RM54_HUMAN	MRPL54	Large ribosomal subunit protein mL54	1.52279e+06		1.61075e+06	2.19363e+06
Q6P179	Q6P179	ERAP2_HUMAN	ERAP2	Endoplasmic reticulum aminopeptidase 2	3.06676e+06	3.10391e+06	4.68376e+06	2.24651e+06
Q6P1A2	Q6P1A2	MBOA5_HUMAN	LPCAT3	Lysophospholipid acyltransferase 5	2.55876e+06	2.13742e+06	1.70944e+06	2.82769e+06
Q6P1J9	Q6P1J9	CDC73_HUMAN	CDC73	Parafibromin	389840	392813		272244
Q6P1L8	Q6P1L8	RM14_HUMAN	MRPL14	Large ribosomal subunit protein uL14m	369412		347869	637224
Q6P1M0	Q6P1M0	S27A4_HUMAN	SLC27A4	Long-chain fatty acid transport protein 4	1.46042e+06	1.52891e+06	1.39433e+06	1.35159e+06
Q6P1M3	Q6P1M3	L2GL2_HUMAN	LLGL2	LLGL scribble cell polarity complex component 2	916184	275646	894840	1.24495e+06
Q6P1N0	Q6P1N0	C2D1A_HUMAN	CC2D1A	Coiled-coil and C2 domain-containing protein 1A	733558	591280	537160	885016
Q6P1N9	Q6P1N9	TATD1_HUMAN	TATDN1	Deoxyribonuclease TATDN1	940694	979173	1.22452e+06	1.03642e+06
Q6P1Q9	Q6P1Q9	MET2B_HUMAN	METTL2B	tRNA N(3)-methylcytidine methyltransferase METTL2B	134513		176993	186197
Q6P1X6	Q6P1X6	CH082_HUMAN	C8orf82	UPF0598 protein C8orf82	2.89849e+06	1.73979e+06	3.69629e+06	2.82951e+06
Q6P2E9	Q6P2E9	EDC4_HUMAN	EDC4	Enhancer of mRNA-decapping protein 4	1.40754e+06	994814	824421	1.65482e+06
Q6P2Q9	Q6P2Q9	PRP8_HUMAN	PRPF8	Pre-mRNA-processing-splicing factor 8	3.67291e+06	3.05942e+06	2.35902e+06	3.18655e+06
Q6P3W7	Q6P3W7	SCYL2_HUMAN	SCYL2	SCY1-like protein 2	4.41056e+06	2.3314e+06	1.39685e+06	4.15416e+06
Q6P4A7	Q6P4A7	SFXN4_HUMAN	SFXN4	Sideroflexin-4	636490	313870	345321	552573
Q6P4A8	Q6P4A8	PLBL1_HUMAN	PLBD1	Phospholipase B-like 1	3.77266e+06	9.92388e+06	7.76313e+06	3.69158e+06
Q6P4E1	Q6P4E1	GOLM2_HUMAN	GOLM2	Protein GOLM2	1.49939e+06	782809	1.57348e+06	1.20224e+06
Q6P4F2	Q6P4F2	FDX2_HUMAN	FDX2	Ferredoxin-2, mitochondrial	181653	73034.9	267088	208765
Q6P4Q7	Q6P4Q7	CNNM4_HUMAN	CNNM4	Metal transporter CNNM4	1.73361e+06	547124	1.71955e+06	2.18951e+06
Q6P531	Q6P531	GGT6_HUMAN	GGT6	Glutathione hydrolase 6	416511		937200	595574
Q6P587	Q6P587	FAHD1_HUMAN	FAHD1	Acylpyruvase FAHD1, mitochondrial	4.05462e+06	2.28891e+06	4.49455e+06	4.17894e+06
Q6P589	Q6P589	TP8L2_HUMAN	TNFAIP8L2	Tumor necrosis factor alpha-induced protein 8-like protein 2	798056	887257	1.18117e+06	543895
Q6P6C2	Q6P6C2	ALKB5_HUMAN	ALKBH5	RNA demethylase ALKBH5	320371	242915	195294	186074
Q6P996	Q6P996;Q6P474	PDXD1_HUMAN	PDXDC1	Pyridoxal-dependent decarboxylase domain-containing protein 1	9.37044e+06	1.08864e+06	6.745e+06	9.20295e+06
Q6P9B6	Q6P9B6	MEAK7_HUMAN	MEAK7	MTOR-associated protein MEAK7	553165	461171	667522	466108
Q6P9B9	Q6P9B9	INT5_HUMAN	INTS5	Integrator complex subunit 5	404759	256386		326350
Q6P9H5	Q6P9H5	GIMA6_HUMAN	GIMAP6	GTPase IMAP family member 6	79381.3		104586	52402.5
Q6PCB0	Q6PCB0	VWA1_HUMAN	VWA1	von Willebrand factor A domain-containing protein 1	816394	931846		
Q6PCB6	Q6PCB6;Q96GS6	AB17C_HUMAN	ABHD17C	Alpha/beta hydrolase domain-containing protein 17C	247451	59064.6	361784	309246
Q6PCB7	Q6PCB7	S27A1_HUMAN	SLC27A1	Long-chain fatty acid transport protein 1	903389	635517	453654	628811
Q6PCB8	Q6PCB8	EMB_HUMAN	EMB	Embigin	517285	920366	528945	466267
Q6PCE3	Q6PCE3	PGM2L_HUMAN	PGM2L1	Glucose 1,6-bisphosphate synthase	3.16609e+06	3.34032e+06	1.93089e+06	2.30215e+06
Q6PD62	Q6PD62	CTR9_HUMAN	CTR9	RNA polymerase-associated protein CTR9 homolog	523719	370620	493213	440847
Q6PD74	Q6PD74	AAGAB_HUMAN	AAGAB	Alpha- and gamma-adaptin-binding protein p34	771325	350749	1.40319e+06	1.36567e+06
Q6PFW1	Q6PFW1	VIP1_HUMAN	PPIP5K1	Inositol hexakisphosphate and diphosphoinositol-pentakisphosphate kinase 1				142432
Q6PGP7	Q6PGP7	SKI3_HUMAN	SKIC3	Superkiller complex protein 3	1.07496e+06	736282	465569	1.16198e+06
Q6PHW0	Q6PHW0	IYD1_HUMAN	IYD	Iodotyrosine deiodinase 1	319288		228703	382360
Q6PI48	Q6PI48	SYDM_HUMAN	DARS2	Aspartate--tRNA ligase, mitochondrial	1.00255e+08	6.34702e+07	5.90289e+07	1.02344e+08
Q6PI78	Q6PI78	TMM65_HUMAN	TMEM65	Transmembrane protein 65	701312	572690	562097	514842
Q6PIF6	Q6PIF6	MYO7B_HUMAN	MYO7B	Unconventional myosin-VIIb	696100	466796	153076	1.03936e+06
Q6PIU2	Q6PIU2	NCEH1_HUMAN	NCEH1	Neutral cholesterol ester hydrolase 1	6.5003e+06	6.85246e+06	4.50762e+06	3.13941e+06
Q6PJ69	Q6PJ69	TRI65_HUMAN	TRIM65	E3 ubiquitin-protein ligase TRIM65	470200	427782		381956
Q6PJF5	Q6PJF5	RHDF2_HUMAN	RHBDF2	Inactive rhomboid protein 2	278946	357219	188877	
Q6PJG6	Q6PJG6	BRAT1_HUMAN	BRAT1	BRCA1-associated ATM activator 1	134640			168031
Q6PJT7	Q6PJT7	ZC3HE_HUMAN	ZC3H14	Zinc finger CCCH domain-containing protein 14	190148		75753	169770
Q6PK18	Q6PK18	OGFD3_HUMAN	OGFOD3	2-oxoglutarate and iron-dependent oxygenase domain-containing protein 3	289337	239624	240727	233662
Q6PKC3	Q6PKC3	TXD11_HUMAN	TXNDC11	Thioredoxin domain-containing protein 11	163595	262297	336827	258547
Q6PKG0	Q659C4;Q6PKG0	LARP1_HUMAN	LARP1	La-related protein 1	965350	1.28346e+06	670380	1.24515e+06
Q6PL24	Q6PL24	TMED8_HUMAN	TMED8	Protein TMED8	416183	737184	518962	322856
Q6PML9	Q6PML9	ZNT9_HUMAN	SLC30A9	Proton-coupled zinc antiporter SLC30A9, mitochondrial	795189	385338	279409	622083
Q6QNY0	Q6QNY0	BL1S3_HUMAN	BLOC1S3	Biogenesis of lysosome-related organelles complex 1 subunit 3	387791		590727	344399
Q6R327	Q6R327	RICTR_HUMAN	RICTOR	Rapamycin-insensitive companion of mTOR	87104.4			48936.2
Q6RW13	Q6RW13	ATRAP_HUMAN	AGTRAP	Type-1 angiotensin II receptor-associated protein	2.82603e+06	1.33551e+06	2.73664e+06	1.36512e+06
Q6SZW1	Q6SZW1	SARM1_HUMAN	SARM1	NAD(+) hydrolase SARM1	89542.8			51629.7
Q6UB35	Q6UB35	C1TM_HUMAN	MTHFD1L	Monofunctional C1-tetrahydrofolate synthase, mitochondrial	734080	841933	375278	547995
Q6UN15	Q6UN15	FIP1_HUMAN	FIP1L1	Pre-mRNA 3'-end-processing factor FIP1	706894			655809
Q6UVK1	Q6UVK1	CSPG4_HUMAN	CSPG4	Chondroitin sulfate proteoglycan 4	9.91163e+06	9.68585e+06	6.49769e+06	8.07084e+06
Q6UVY6	Q6UVY6	MOXD1_HUMAN	MOXD1	DBH-like monooxygenase protein 1	788620	833153	442144	345682
Q6UW02	Q6UW02	CP20A_HUMAN	CYP20A1	Cytochrome P450 20A1	1.14314e+06	758531	1.1303e+06	1.00936e+06
Q6UW56	Q6UW56	ARAID_HUMAN	ATRAID	All-trans retinoic acid-induced differentiation factor	668260	845933	818897	620959
Q6UW63	Q6UW63	PLGT2_HUMAN	POGLUT2	Protein O-glucosyltransferase 2	301445	302267		
Q6UW68	Q6UW68	TM205_HUMAN	TMEM205	Transmembrane protein 205	5.24837e+06	3.87973e+06	6.10023e+06	5.26192e+06
Q6UWE0	Q6UWE0	LRSM1_HUMAN	LRSAM1	E3 ubiquitin-protein ligase LRSAM1	633391	602880	515931	683338
Q6UWF7	Q6UWF7	NXPE4_HUMAN	NXPE4	NXPE family member 4	588693	120216	890388	957942
Q6UWM9	Q6UWM9	UD2A3_HUMAN	UGT2A3	UDP-glucuronosyltransferase 2A3	1.19879e+06			860032
Q6UWP2	Q6UWP2	DHR11_HUMAN	DHRS11	Dehydrogenase/reductase SDR family member 11	2.2058e+06	903117	3.68218e+06	2.51182e+06
Q6UWP7	Q6UWP7	LCLT1_HUMAN	LCLAT1	Lysocardiolipin acyltransferase 1	1.27202e+06	711442	792799	1.01164e+06
Q6UWP8	Q6UWP8	SBSN_HUMAN	SBSN	Suprabasin	268544	494248	273411	417502
Q6UWW8	Q6UWW8	EST3_HUMAN	CES3	Carboxylesterase 3	679598	157612	1.3715e+06	972424
Q6UWY5	Q6UWY5	OLFL1_HUMAN	OLFML1	Olfactomedin-like protein 1	1.05505e+06	374067	116124	365587
Q6UX01;Q8WVP7	Q6UX01;Q8WVP7	LMBR1_HUMAN;LMBRL_HUMAN	LMBR1;LMBR1L	Protein LMBR1L	152614	77438.6	145968	177073
Q6UX06	Q6UX06	OLFM4_HUMAN	OLFM4	Olfactomedin-4	2.72397e+06	4.60159e+06	2.20246e+06	2.00205e+06
Q6UX07	Q6UX07	DHR13_HUMAN	DHRS13	Dehydrogenase/reductase SDR family member 13				101478
Q6UX53	Q6UX53	TMT1B_HUMAN	TMT1B	Thiol S-methyltransferase TMT1B	971689	484639	1.18167e+06	1.34298e+06
Q6UX65	Q6UX65	DRAM2_HUMAN	DRAM2	DNA damage-regulated autophagy modulator protein 2	642681		868819	765989
Q6UX71	Q6UX71	PXDC2_HUMAN	PLXDC2	Plexin domain-containing protein 2	843361	505387	375209	290031
Q6UXG2	Q6UXG2	ELAP1_HUMAN	ELAPOR1	Endosome/lysosome-associated apoptosis and autophagy regulator 1	1.17324e+06	662907	1.51117e+06	1.90336e+06
Q6UXH1	Q6UXH1	CREL2_HUMAN	CRELD2	Protein disulfide isomerase CRELD2	2.42873e+06	3.68757e+06	7.59139e+06	3.06881e+06
Q6UXN9	Q6UXN9	WDR82_HUMAN	WDR82	WD repeat-containing protein 82	1.7888e+06	1.67308e+06	684038	1.40607e+06
Q6UXV4	Q6UXV4	MIC27_HUMAN	APOOL	MICOS complex subunit MIC27	1.62715e+06	844157	638281	1.43022e+06
Q6V1X1	Q6V1X1	DPP8_HUMAN	DPP8	Dipeptidyl peptidase 8	437441	204447	828567	442668
Q6VY07	Q6VY07	PACS1_HUMAN	PACS1	Phosphofurin acidic cluster sorting protein 1	946696	878840	249374	609703
Q6WCQ1	Q6WCQ1	MPRIP_HUMAN	MPRIP	Myosin phosphatase Rho-interacting protein	231512			94409.8
Q6WKZ4	Q6WKZ4	RFIP1_HUMAN	RAB11FIP1	Rab11 family-interacting protein 1	465604	193193	165556	320720
Q6XQN6	Q6XQN6	PNCB_HUMAN	NAPRT	Nicotinate phosphoribosyltransferase	4.6871e+06	5.24856e+06	9.52129e+06	5.92497e+06
Q6Y1H2	Q6Y1H2	HACD2_HUMAN	HACD2	Very-long-chain (3R)-3-hydroxyacyl-CoA dehydratase 2	1.27279e+06	466490	962978	1.16586e+06
Q6Y288	Q6Y288	B3GLT_HUMAN	B3GLCT	Beta-1,3-glucosyltransferase	96040.4	290435	217124	
Q6Y7W6	Q6Y7W6	GGYF2_HUMAN	GIGYF2	GRB10-interacting GYF protein 2	440994			507960
Q6YHK3	Q6YHK3	CD109_HUMAN	CD109	CD109 antigen	516374	683132	556198	436858
Q6YN16	Q6YN16	HSDL2_HUMAN	HSDL2	Hydroxysteroid dehydrogenase-like protein 2	3.94418e+06	2.6704e+06	3.40064e+06	5.02603e+06
Q6YP21	Q6YP21	KAT3_HUMAN	KYAT3	Kynurenine--oxoglutarate transaminase 3	2.16491e+06	1.14473e+06	1.17585e+06	2.31195e+06
Q6ZMB0	Q6ZMB0	B3GN6_HUMAN	B3GNT6	Acetylgalactosaminyl-O-glycosyl-glycoprotein beta-1,3-N-acetylglucosaminyltransferase	1.62254e+06	472539	2.6041e+06	1.96924e+06
Q6ZMD2	Q6ZMD2	SPNS3_HUMAN	SPNS3	Protein spinster homolog 3	221841	247420	206566	
Q6ZMG9	Q6ZMG9	CERS6_HUMAN	CERS6	Ceramide synthase 6	1.06782e+06	925515	1.38152e+06	1.56787e+06
Q6ZMH5	Q6ZMH5	S39A5_HUMAN	SLC39A5	Zinc transporter ZIP5	189549		255366	276621
Q6ZMI0	Q6ZMI0	PPR21_HUMAN	PPP1R21	Protein phosphatase 1 regulatory subunit 21	2.24916e+06	1.50872e+06	1.58111e+06	1.96162e+06
Q6ZMW3	Q6ZMW3	EMAL6_HUMAN	EML6	Echinoderm microtubule-associated protein-like 6			1.17305e+07	9.73091e+06
Q6ZMZ3	Q6ZMZ3	SYNE3_HUMAN	SYNE3	Nesprin-3	105751	256513	164269	96966.8
Q6ZNB6	Q6ZNB6	NFXL1_HUMAN	NFXL1	NF-X1-type zinc finger protein NFXL1	294462	194028	98581.6	298295
Q6ZNC8	Q6ZNC8	MBOA1_HUMAN	MBOAT1	Lysophospholipid acyltransferase 1	598649	399437	436086	564773
Q6ZNJ1	Q6ZNJ1	NBEL2_HUMAN	NBEAL2	Neurobeachin-like protein 2	451956	590951	211695	470363
Q6ZNW5	Q6ZNW5	GDPP1_HUMAN	GDPGP1	GDP-D-glucose phosphorylase 1	800530	753820	965546	701158
Q6ZPD9	Q6ZPD9	D19L3_HUMAN	DPY19L3	Probable C-mannosyltransferase DPY19L3	1.00569e+06	1.39328e+06	588008	704324
Q6ZRP7	Q6ZRP7	QSOX2_HUMAN	QSOX2	Sulfhydryl oxidase 2	728975	883015	1.04552e+06	500059
Q6ZRS2	Q6ZRS2	SRCAP_HUMAN	SRCAP	Helicase SRCAP	3.71272e+06	684813	2.08706e+06	1.01349e+06
Q6ZRV2	Q6ZRV2	FA83H_HUMAN	FAM83H	Protein FAM83H	48033.8			144473
Q6ZS17	Q6ZS17	RIPR1_HUMAN	RIPOR1	Rho family-interacting cell polarization regulator 1	157024	186306	64742.5	74367
Q6ZS30	Q6ZS30	NBEL1_HUMAN	NBEAL1	Neurobeachin-like protein 1	216204	212593	97175.5	249979
Q6ZS81	Q6ZS81	WDFY4_HUMAN	WDFY4	WD repeat- and FYVE domain-containing protein 4	1.11343e+06	682262	160400	696516
Q6ZSR9	Q6ZSR9	YJ005_HUMAN		Uncharacterized protein FLJ45252	526383		280120	681909
Q6ZSS7	Q6ZSS7	MFSD6_HUMAN	MFSD6	Major facilitator superfamily domain-containing protein 6	296830		471639	400935
Q6ZT21	Q6ZT21	TMPPE_HUMAN	TMPPE	Transmembrane protein with metallophosphoesterase domain	1.99518e+06	751485	1.6164e+06	1.19627e+06
Q6ZUM4	Q6ZUM4	RHG27_HUMAN	ARHGAP27	Rho GTPase-activating protein 27	1.2889e+07	1.04655e+07	7.14021e+06	1.19035e+07
Q6ZUX7	Q6ZUX7	LHPL2_HUMAN	LHFPL2	LHFPL tetraspan subfamily member 2 protein	647507		417494	340013
Q6ZVF9	Q6ZVF9	GRIN3_HUMAN	GPRIN3	G protein-regulated inducer of neurite outgrowth 3	299344	341861	192912	349330
Q6ZVK8	Q6ZVK8	NUD18_HUMAN	NUDT18	8-oxo-dGDP phosphatase NUDT18	138435	142084	222107	154726
Q6ZVM7	Q6ZVM7	TM1L2_HUMAN	TOM1L2	TOM1-like protein 2	936871	266826	882774	987223
Q6ZVX7	Q6ZVX7	FBX50_HUMAN	NCCRP1	F-box only protein 50	1.248e+06	873859	757308	851195
Q6ZWT7	Q6ZWT7	MBOA2_HUMAN	MBOAT2	Lysophospholipid acyltransferase 2	381153	382125	295659	356402
Q6ZXV5	Q6ZXV5	TMTC3_HUMAN	TMTC3	Protein O-mannosyl-transferase TMTC3	1.44008e+06	1.27783e+06	1.34285e+06	852075
Q709C8	Q709C8	VP13C_HUMAN	VPS13C	Intermembrane lipid transfer protein VPS13C	1.63861e+06	1.25201e+06	481462	1.59885e+06
Q70E73	Q70E73	RAPH1_HUMAN	RAPH1	Ras-associated and pleckstrin homology domains-containing protein 1	88919.4			
Q70IA6	Q70IA6	MOB2_HUMAN	MOB2	MOB kinase activator 2	1.79691e+06	2.04318e+06	1.38998e+06	1.97172e+06
Q70J99	Q70J99	UN13D_HUMAN	UNC13D	Protein unc-13 homolog D	1.74091e+06	2.04605e+06	783223	681429
Q70UQ0	Q70UQ0	IKIP_HUMAN	IKBIP	Inhibitor of nuclear factor kappa-B kinase-interacting protein	2.29163e+06	4.97691e+06	715609	1.11059e+06
Q712K3	Q712K3	UB2R2_HUMAN	UBE2R2	Ubiquitin-conjugating enzyme E2 R2	958224	1.5091e+06	984661	817339
Q71RC2	Q71RC2	LARP4_HUMAN	LARP4	La-related protein 4	169849		57600.4	161570
Q71SY5	Q71SY5	MED25_HUMAN	MED25	Mediator of RNA polymerase II transcription subunit 25	579438		493136	618106
Q71UM5	Q71UM5	RS27L_HUMAN	RPS27L	Ribosomal protein eS27-like	3.11385e+06	1.35939e+06	3.07477e+06	3.74158e+06
Q75QN2	Q75QN2	INT8_HUMAN	INTS8	Integrator complex subunit 8	508107	53582.9		550173
Q76EJ3	Q76EJ3	S35D2_HUMAN	SLC35D2	Nucleotide sugar transporter SLC35D2	24735.4		26639.4	27911
Q76MJ5	Q76MJ5	ERN2_HUMAN	ERN2	Serine/threonine-protein kinase/endoribonuclease IRE2	1.08758e+06	406851	749240	1.3367e+06
Q7KYR7	Q7KYR7	BT2A1_HUMAN	BTN2A1	Butyrophilin subfamily 2 member A1	186348	202980	234635	137547
Q7KZ85	Q7KZ85	SPT6H_HUMAN	SUPT6H	Transcription elongation factor SPT6	312019	242878		261985
Q7KZF4	Q7KZF4	SND1_HUMAN	SND1	Staphylococcal nuclease domain-containing protein 1	9.623e+06	1.14599e+07	7.18326e+06	8.81258e+06
Q7KZI7	Q7KZI7	MARK2_HUMAN	MARK2	Serine/threonine-protein kinase MARK2	808594	766785	566505	875466
Q7KZN9	Q7KZN9	COX15_HUMAN	COX15	Cytochrome c oxidase assembly protein COX15 homolog	3.15165e+06	2.82005e+06	3.23524e+06	3.35022e+06
Q7L014	Q7L014	DDX46_HUMAN	DDX46	Probable ATP-dependent RNA helicase DDX46	1.73994e+06	1.44465e+06	905655	1.51347e+06
Q7L099	Q7L099	RUFY3_HUMAN	RUFY3	Protein RUFY3	201753	76794.7		211632
Q7L0Y3	Q7L0Y3	TM10C_HUMAN	TRMT10C	tRNA methyltransferase 10 homolog C	500765	353382	300386	470097
Q7L1Q6	Q7L1Q6	5MP2_HUMAN	BZW1	eIF5-mimic protein 2	4.64978e+06	2.87624e+06	3.60383e+06	4.91921e+06
Q7L1T6	Q7L1T6	NB5R4_HUMAN	CYB5R4	Cytochrome b5 reductase 4	134509	252146	178131	155803
Q7L1V2	Q7L1V2	MON1B_HUMAN	MON1B	Vacuolar fusion protein MON1 homolog B	216226	200724	139073	194834
Q7L211	Q7L211	ABHDD_HUMAN	ABHD13	Protein ABHD13	263877	272566	196552	171853
Q7L266	Q7L266	ASGL1_HUMAN	ASRGL1	Isoaspartyl peptidase/L-asparaginase	973683	792982	1.36489e+06	868659
Q7L2E3	Q7L2E3	DHX30_HUMAN	DHX30	ATP-dependent RNA helicase DHX30	656051	355369	302262	605896
Q7L2H7	Q7L2H7	EIF3M_HUMAN	EIF3M	Eukaryotic translation initiation factor 3 subunit M	1.44355e+06	1.5143e+06	881434	1.48539e+06
Q7L311	Q7L311	ARMX2_HUMAN	ARMCX2	Armadillo repeat-containing X-linked protein 2	119496			
Q7L3T8	Q7L3T8	SYPM_HUMAN	PARS2	Probable proline--tRNA ligase, mitochondrial	289444	103509	92831.7	308246
Q7L523	Q5VZM2;Q7L523	RRAGA_HUMAN	RRAGA	Ras-related GTP-binding protein A	1.22036e+06	1.19431e+06	829520	884772
Q7L576	Q7L576	CYFP1_HUMAN	CYFIP1	Cytoplasmic FMR1-interacting protein 1	2.02426e+07	1.0859e+07	4.56447e+06	1.99253e+07
Q7L591	Q7L591	DOK3_HUMAN	DOK3	Docking protein 3	515350	872612	282480	219659
Q7L592	Q7L592	NDUF7_HUMAN	NDUFAF7	Protein arginine methyltransferase NDUFAF7, mitochondrial	158904	63734.2	65095.6	189626
Q7L5D6	Q7L5D6	GET4_HUMAN	GET4	Golgi to ER traffic protein 4 homolog	1.10485e+06	1.69045e+06	1.27128e+06	1.6336e+06
Q7L5L3	Q7L5L3	GDPD3_HUMAN	GDPD3	Lysophospholipase D GDPD3	590561	819571	2.82519e+06	1.23937e+06
Q7L5N1	Q7L5N1	CSN6_HUMAN	COPS6	COP9 signalosome complex subunit 6	1.55754e+06	1.47368e+06	788753	1.75998e+06
Q7L5N7	Q7L5N7	PCAT2_HUMAN	LPCAT2	Lysophosphatidylcholine acyltransferase 2	2.34292e+06	3.04352e+06	1.82929e+06	1.7624e+06
Q7L5Y1	Q7L5Y1	ENOF1_HUMAN	ENOSF1	Mitochondrial enolase superfamily member 1	642719	796591	1.14222e+06	825046
Q7L775	Q7L775	EPMIP_HUMAN	EPM2AIP1	EPM2A-interacting protein 1	2.0404e+06	2.14717e+06	829692	2.18034e+06
Q7L7V1	Q7L7V1	DHX32_HUMAN	DHX32	Putative pre-mRNA-splicing factor ATP-dependent RNA helicase DHX32	659331	297989	416132	863883
Q7L8L6	Q7L8L6	FAKD5_HUMAN	FASTKD5	FAST kinase domain-containing protein 5, mitochondrial	730101	371260	434855	717694
Q7L9L4;Q9H8S9	Q7L9L4;Q9H8S9	MOB1A_HUMAN;MOB1B_HUMAN	MOB1A;MOB1B	MOB kinase activator 1B	1.14278e+07	1.33341e+07	1.1321e+07	1.13258e+07
Q7LBC6	Q7LBC6	KDM3B_HUMAN	KDM3B	Lysine-specific demethylase 3B	556748	512061	341320	580904
Q7LBR1	Q7LBR1	CHM1B_HUMAN	CHMP1B	Charged multivesicular body protein 1b	2.01433e+06	2.50181e+06	2.48939e+06	2.70945e+06
Q7LDG7	Q7LDG7	GRP2_HUMAN	RASGRP2	RAS guanyl-releasing protein 2	112404	148256		
Q7LG56	Q7LG56	RIR2B_HUMAN	RRM2B	Ribonucleoside-diphosphate reductase subunit M2 B	634456	1.89062e+06	1.11026e+06	996575
Q7LGA3	Q7LGA3	HS2ST_HUMAN	HS2ST1	Heparan sulfate 2-O-sulfotransferase 1	679205	912865	473068	440610
Q7RTP6	Q7RTP6	MICA3_HUMAN	MICAL3	[F-actin]-monooxygenase MICAL3	172510	67074.3		178964
Q7RTS9	Q7RTS9	DYM_HUMAN	DYM	Dymeclin	650230	280067	578999	580988
Q7RTV0	Q7RTV0	PHF5A_HUMAN	PHF5A	PHD finger-like domain-containing protein 5A	1.08979e+06	1.06648e+06	278267	1.11544e+06
Q7Z2H8	Q7Z2H8	S36A1_HUMAN	SLC36A1	Proton-coupled amino acid transporter 1	99160	166132	145819	62894.3
Q7Z2K6	Q7Z2K6	ERMP1_HUMAN	ERMP1	Endoplasmic reticulum metallopeptidase 1	2.44829e+06	1.82617e+06	1.75467e+06	2.52079e+06
Q7Z2T5	Q7Z2T5	TRM1L_HUMAN	TRMT1L	TRMT1-like protein	78313.7			
Q7Z2W4	Q7Z2W4	ZCCHV_HUMAN	ZC3HAV1	Zinc finger CCCH-type antiviral protein 1	1.35848e+06	1.30452e+06	589992	1.19452e+06
Q7Z2W9	Q7Z2W9	RM21_HUMAN	MRPL21	Large ribosomal subunit protein bL21m	2.28477e+06	1.52723e+06	986447	2.31701e+06
Q7Z2Z2	Q7Z2Z2	EFL1_HUMAN	EFL1	Elongation factor-like GTPase 1	867370	344444	495752	1.01172e+06
Q7Z392	Q7Z392	TPC11_HUMAN	TRAPPC11	Trafficking protein particle complex subunit 11	1.55924e+06	1.26695e+06	523586	1.26916e+06
Q7Z3B0	Q7Z3B0	SIM15_HUMAN	SMIM15	Small integral membrane protein 15	133086	183335	229764	215472
Q7Z3B1	Q7Z3B1	NEGR1_HUMAN	NEGR1	Neuronal growth regulator 1	856624	354343	1.18974e+06	764359
Q7Z3B4	Q7Z3B4	NUP54_HUMAN	NUP54	Nucleoporin p54	1.02925e+06	625401	725577	1.01899e+06
Q7Z3C6	Q7Z3C6	ATG9A_HUMAN	ATG9A	Autophagy-related protein 9A	412279	350602	233019	359201
Q7Z3D6	Q7Z3D6	GLUCM_HUMAN	DGLUCY	D-glutamate cyclase, mitochondrial	4.18077e+06	891869	874926	3.73834e+06
Q7Z3E2	Q7Z3E2	CC186_HUMAN	CCDC186	Coiled-coil domain-containing protein 186	793175	445475	654794	823733
Q7Z3J2	Q7Z3J2	VP35L_HUMAN	VPS35L	VPS35 endosomal protein-sorting factor-like	710241	403198	154864	676249
Q7Z3T8	Q7Z3T8	ZFY16_HUMAN	ZFYVE16	Zinc finger FYVE domain-containing protein 16	290493	415547	76152.2	237387
Q7Z3U7	Q7Z3U7	MON2_HUMAN	MON2	Protein MON2 homolog	957863	121018	218243	1.09663e+06
Q7Z406	Q7Z406	MYH14_HUMAN	MYH14	Myosin-14	1.41171e+06	657851	615796	1.04042e+06
Q7Z412	Q7Z412	PEX26_HUMAN	PEX26	Peroxisome assembly protein 26	83155.2	70862.1	41288.9	90365
Q7Z417	Q7Z417	NUFP2_HUMAN	NUFIP2	FMR1-interacting protein NUFIP2	890249	487992	679222	1.11793e+06
Q7Z422	Q7Z422	SZRD1_HUMAN	SZRD1	SUZ domain-containing protein 1	321195		341596	217218
Q7Z434	Q7Z434	MAVS_HUMAN	MAVS	Mitochondrial antiviral-signaling protein	2.32843e+06		1.48409e+06	2.51431e+06
Q7Z460	Q7Z460	CLAP1_HUMAN	CLASP1	CLIP-associating protein 1	399020	445140		361016
Q7Z478	Q7Z478	DHX29_HUMAN	DHX29	ATP-dependent RNA helicase DHX29	611587	556023	269960	482188
Q7Z4F1	Q7Z4F1	LRP10_HUMAN	LRP10	Low-density lipoprotein receptor-related protein 10			147206	94164.8
Q7Z4G4	Q7Z4G4	TRM11_HUMAN	TRMT11	tRNA (guanine(10)-N2)-methyltransferase homolog	186830	100041	143169	203864
Q7Z4H3	Q7Z4H3	HDDC2_HUMAN	HDDC2	5'-deoxynucleotidase HDDC2	826565	240435	1.26355e+06	834296
Q7Z4H8	Q7Z4H8	PLGT3_HUMAN	POGLUT3	Protein O-glucosyltransferase 3	1.57249e+06	1.68698e+06	1.66632e+06	1.17656e+06
Q7Z4I7	Q7Z4I7	LIMS2_HUMAN	LIMS2	LIM and senescent cell antigen-like-containing domain protein 2	420958			208812
Q7Z4Q2	Q7Z4Q2	HEAT3_HUMAN	HEATR3	HEAT repeat-containing protein 3	421134		170551	401923
Q7Z4S6	Q7Z4S6	KI21A_HUMAN	KIF21A	Kinesin-like protein KIF21A	272495			411983
Q7Z4V5	Q7Z4V5	HDGR2_HUMAN	HDGFL2	Hepatoma-derived growth factor-related protein 2	759225	551918	286086	496293
Q7Z4W1	Q7Z4W1	DCXR_HUMAN	DCXR	L-xylulose reductase	8.37839e+06	4.88838e+06	8.90581e+06	8.9089e+06
Q7Z5G4	Q7Z5G4;Q2TAP0	GOGA7_HUMAN	GOLGA7	Golgin subfamily A member 7	776366	954525	798199	638958
Q7Z5K2	Q7Z5K2	WAPL_HUMAN	WAPL	Wings apart-like protein homolog	101945			94921.1
Q7Z5L7	Q7Z5L7	PODN_HUMAN	PODN	Podocan	289425			122905
Q7Z5L9	Q7Z5L9	I2BP2_HUMAN	IRF2BP2	Interferon regulatory factor 2-binding protein 2	1.00939e+06	862130	490483	1.0193e+06
Q7Z5N4	Q7Z5N4	SDK1_HUMAN	SDK1	Protein sidekick-1	413839	452870		148317
Q7Z5R6	Q7Z5R6	AB1IP_HUMAN	APBB1IP	Amyloid beta A4 precursor protein-binding family B member 1-interacting protein	809543	1.19738e+06	457299	461598
Q7Z6K3	Q7Z6K3	PTAR1_HUMAN	PTAR1	Protein prenyltransferase alpha subunit repeat-containing protein 1	34543	56708.2	38609.4	48333.9
Q7Z6K5	Q7Z6K5	ARPIN_HUMAN	ARPIN	Arpin	2.76428e+06	956901	4.07137e+06	3.07911e+06
Q7Z6M1	Q7Z6M1	RABEK_HUMAN	RABEPK	Rab9 effector protein with kelch motifs	337184	245137	500083	430766
Q7Z6Z7	Q7Z6Z7	HUWE1_HUMAN	HUWE1	E3 ubiquitin-protein ligase HUWE1	9.0622e+06	7.33259e+06	4.86512e+06	1.06179e+07
Q7Z739	Q7Z739;Q9BYJ9;Q9Y5A9	YTHD3_HUMAN	YTHDF3	YTH domain-containing family protein 3	1.18068e+06	1.26771e+06	916068	1.17266e+06
Q7Z794	Q7Z794	K2C1B_HUMAN	KRT77	Keratin, type II cytoskeletal 1b	980401	1.14652e+06	726858	2.87882e+06
Q7Z7A4	Q7Z7A4	PXK_HUMAN	PXK	PX domain-containing protein kinase-like protein	213673	231739	131545	146370
Q7Z7E8	Q7Z7E8	UB2Q1_HUMAN	UBE2Q1	Ubiquitin-conjugating enzyme E2 Q1	338764	474848	331956	400619
Q7Z7F7	Q7Z7F7	RM55_HUMAN	MRPL55	Large ribosomal subunit protein mL55	580002	387344	276365	600583
Q7Z7G0	Q7Z7G0	TARSH_HUMAN	ABI3BP	Target of Nesh-SH3	2.50148e+06	836064	1.07353e+06	2.2322e+06
Q7Z7H5	Q7Z7H5	TMED4_HUMAN	TMED4	Transmembrane emp24 domain-containing protein 4	1.50074e+07	1.43202e+07	1.57739e+07	1.47681e+07
Q7Z7H8	Q7Z7H8	RM10_HUMAN	MRPL10	Large ribosomal subunit protein uL10m	336076		167154	422844
Q7Z7K0	Q7Z7K0	COXM1_HUMAN	CMC1	COX assembly mitochondrial protein homolog	2.35935e+06	1.78736e+06	4.33424e+06	3.12462e+06
Q7Z7K6	Q7Z7K6	CENPV_HUMAN	CENPV	Centromere protein V	196383			44196.4
Q7Z7L1	Q7Z7L1	SLN11_HUMAN	SLFN11	Schlafen family member 11	259789	231222		204856
Q7Z7M9	Q7Z7M9	GALT5_HUMAN	GALNT5	Polypeptide N-acetylgalactosaminyltransferase 5	1.03943e+06	714162	1.29165e+06	1.12813e+06
Q7Z7N9	Q7Z7N9	T179B_HUMAN	TMEM179B	Transmembrane protein 179B	522934	437111	787198	469134
Q86SE5	Q86SE5	RALYL_HUMAN	RALYL	RNA-binding Raly-like protein		5.11282e+06	1.4303e+06	5.21007e+06
Q86SF2	Q86SF2	GALT7_HUMAN	GALNT7	N-acetylgalactosaminyltransferase 7	5.36698e+06	3.20414e+06	9.37299e+06	5.63499e+06
Q86SK9	Q86SK9	SCD5_HUMAN	SCD5	Stearoyl-CoA desaturase 5	232736	136403	157198	153947
Q86SR1	Q86SR1	GLT10_HUMAN	GALNT10	Polypeptide N-acetylgalactosaminyltransferase 10	319730	260402	423545	298293
Q86SX6	Q86SX6	GLRX5_HUMAN	GLRX5	Glutaredoxin-related protein 5, mitochondrial	2.12605e+06		2.59568e+06	2.60239e+06
Q86SZ2	Q86SZ2	TPC6B_HUMAN	TRAPPC6B	Trafficking protein particle complex subunit 6B	700462	744750	601364	731722
Q86T03	Q86T03	PP4P1_HUMAN	PIP4P1	Type 1 phosphatidylinositol 4,5-bisphosphate 4-phosphatase	442245	439061	435729	445574
Q86T13	Q86T13	CLC14_HUMAN	CLEC14A	C-type lectin domain family 14 member A	311099	292847		
Q86TB9	Q86TB9	PATL1_HUMAN	PATL1	Protein PAT1 homolog 1	432693	214036	224396	356262
Q86TI0	Q86TI0	TBCD1_HUMAN	TBC1D1	TBC1 domain family member 1	121076			85271.8
Q86TI2	Q86TI2	DPP9_HUMAN	DPP9	Dipeptidyl peptidase 9	1.13856e+06	1.58426e+06	1.19296e+06	1.16395e+06
Q86TM6	Q86TM6	SYVN1_HUMAN	SYVN1	E3 ubiquitin-protein ligase synoviolin	1.74451e+06	1.74112e+06	1.24579e+06	1.66671e+06
Q86TP1	Q86TP1	PRUN1_HUMAN	PRUNE1	Exopolyphosphatase PRUNE1	803694		549796	932482
Q86TU7	Q86TU7	SETD3_HUMAN	SETD3	Actin-histidine N-methyltransferase	632161	498241	551565	603749
Q86TV6	Q86TV6	TTC7B_HUMAN	TTC7B	Tetratricopeptide repeat protein 7B	311715	102863		191683
Q86U28	Q86U28	ISCA2_HUMAN	ISCA2	Iron-sulfur cluster assembly 2 homolog, mitochondrial	927644	457287	1.28286e+06	946974
Q86U38	Q86U38	NOP9_HUMAN	NOP9	Nucleolar protein 9	663551	288600	270506	607864
Q86U42	Q86U42;A6NDY0	PABP2_HUMAN	PABPN1	Polyadenylate-binding protein 2	2.5886e+06	2.38841e+06	2.87678e+06	2.84874e+06
Q86U44	Q86U44	MTA70_HUMAN	METTL3	N6-adenosine-methyltransferase catalytic subunit	464020	313555	91606.2	403586
Q86U90	Q86U90	YRDC_HUMAN	YRDC	Threonylcarbamoyl-AMP synthase			520285	320880
Q86UA1	Q86UA1	PRP39_HUMAN	PRPF39	Pre-mRNA-processing factor 39	1.339e+07	1.24177e+07	1.58995e+07	1.40518e+07
Q86UE4	Q86UE4	LYRIC_HUMAN	MTDH	Protein LYRIC	1.93026e+06	1.81145e+06	1.32498e+06	1.55599e+06
Q86UE8;Q9UKI8	Q86UE8;Q9UKI8	TLK1_HUMAN;TLK2_HUMAN	TLK1;TLK2	Serine/threonine-protein kinase tousled-like 2	72661	32910.8	11252	39137.6
Q86UL3	Q86UL3	GPAT4_HUMAN	GPAT4	Glycerol-3-phosphate acyltransferase 4	651205	427130	340902	426246
Q86UP2	Q86UP2	KTN1_HUMAN	KTN1	Kinectin	3.31858e+06	2.97534e+06	659810	2.6802e+06
Q86UQ5	Q86UQ5	GTSC1_HUMAN	GTSCR1	Gilles de la Tourette syndrome chromosomal region candidate gene 1 protein		245395		
Q86UT6	Q86UT6	NLRX1_HUMAN	NLRX1	NLR family member X1	420154	132026	25973.6	283034
Q86UU1	Q86UU1	PHLB1_HUMAN	PHLDB1	Pleckstrin homology-like domain family B member 1	721407		132227	723808
Q86UV5	Q86UV5	UBP48_HUMAN	USP48	Ubiquitin carboxyl-terminal hydrolase 48	33165.7	30976.8	14888.2	37091.8
Q86UX2	Q86UX2	ITIH5_HUMAN	ITIH5	Inter-alpha-trypsin inhibitor heavy chain H5	545459	1.31139e+06	470970	303260
Q86UX7	Q86UX7	URP2_HUMAN	FERMT3	Fermitin family homolog 3	1.49855e+07	1.39901e+07	4.70909e+06	5.63645e+06
Q86UY8	Q86UY8	NT5D3_HUMAN	NT5DC3	5'-nucleotidase domain-containing protein 3	597752	464754	377433	725485
Q86V21	Q86V21	AACS_HUMAN	AACS	Acetoacetyl-CoA synthetase	1.04378e+06	573977	2.10388e+06	1.52586e+06
Q86V48	Q86V48	LUZP1_HUMAN	LUZP1	Leucine zipper protein 1	463998	212960	215788	276898
Q86V81	Q86V81	THOC4_HUMAN	ALYREF	THO complex subunit 4	6.53241e+06	4.0604e+06	4.2094e+06	4.8145e+06
Q86V85	Q86V85	GP180_HUMAN	GPR180	Integral membrane protein GPR180	209545	163830	129947	120116
Q86V88	Q86V88	MGDP1_HUMAN	MDP1	Magnesium-dependent phosphatase 1	821842	506203	1.21271e+06	790841
Q86VB7	Q86VB7	C163A_HUMAN	CD163	Scavenger receptor cysteine-rich type 1 protein M130	3.41985e+06	3.20393e+06	3.77781e+06	2.27287e+06
Q86VN1	Q86VN1	VPS36_HUMAN	VPS36	Vacuolar protein-sorting-associated protein 36	1.32262e+06	959012	846933	1.257e+06
Q86VP6	Q86VP6	CAND1_HUMAN	CAND1	Cullin-associated NEDD8-dissociated protein 1	9.92637e+06	3.3886e+06	3.57412e+06	1.03534e+07
Q86VR2	Q86VR2	RETR3_HUMAN	RETREG3	Reticulophagy regulator 3	1.40251e+06	1.26926e+06	1.47513e+06	1.22751e+06
Q86VS8	Q86VS8	HOOK3_HUMAN	HOOK3	Protein Hook homolog 3	662775	662809	121606	441535
Q86VU5	Q86VU5	CMTD1_HUMAN	COMTD1	Catechol O-methyltransferase domain-containing protein 1	472629	232304	683880	812255
Q86VX2	Q86VX2	COMD7_HUMAN	COMMD7	COMM domain-containing protein 7	1.12633e+06	729246	400489	1.13854e+06
Q86W42	Q86W42	THOC6_HUMAN	THOC6	THO complex subunit 6 homolog	659488	410216	341438	557815
Q86W50	Q86W50	MET16_HUMAN	METTL16	RNA N6-adenosine-methyltransferase METTL16	263907	227014	135437	278043
Q86W92	Q86W92;Q8ND30	LIPB1_HUMAN	PPFIBP1	Liprin-beta-1	925437	703871		665186
Q86WA6	Q86WA6	BPHL_HUMAN	BPHL	Valacyclovir hydrolase	1.60094e+06	1.09344e+06	830447	1.76962e+06
Q86WA8	Q86WA8	LONP2_HUMAN	LONP2	Lon protease homolog 2, peroxisomal	64426.6	70391.3		101821
Q86WB0	Q86WB0	ZC3C1_HUMAN	ZC3HC1	Zinc finger C3HC-type protein 1	547678			504211
Q86WQ0	Q86WQ0	NR2CA_HUMAN	NR2C2AP	Nuclear receptor 2C2-associated protein	1.12798e+06	777400	1.70879e+06	1.19675e+06
Q86WR0	Q86WR0	CCD25_HUMAN	CCDC25	Coiled-coil domain-containing protein 25	421513	549721	564306	435857
Q86WU2	Q86WU2	LDHD_HUMAN	LDHD	Probable D-lactate dehydrogenase, mitochondrial	633259		386615	1.03173e+06
Q86WV6	Q86WV6	STING_HUMAN	STING1	Stimulator of interferon genes protein	7.57225e+06	4.75639e+06	4.264e+06	4.85546e+06
Q86WW8	Q86WW8	COA5_HUMAN	COA5	Cytochrome c oxidase assembly factor 5	285928		271415	230500
Q86X10	Q86X10	RLGPB_HUMAN	RALGAPB	Ral GTPase-activating protein subunit beta	313856	206787	81925.6	356205
Q86X29	Q86X29	LSR_HUMAN	LSR	Lipolysis-stimulated lipoprotein receptor	1.21968e+06	604049	2.37602e+06	2.08943e+06
Q86X55	Q86X55	CARM1_HUMAN	CARM1	Histone-arginine methyltransferase CARM1	1.7003e+06	1.5525e+06	1.67395e+06	1.5567e+06
Q86X76	Q86X76	NIT1_HUMAN	NIT1	Deaminated glutathione amidase	2.0619e+06	2.07065e+06	3.3141e+06	2.41776e+06
Q86X83	Q86X83	COMD2_HUMAN	COMMD2	COMM domain-containing protein 2	2.39389e+06	1.4208e+06	741794	2.21664e+06
Q86XA9	Q86XA9	HTR5A_HUMAN	HEATR5A	HEAT repeat-containing protein 5A	192626	105264		175570
Q86XP3	Q86XP3	DDX42_HUMAN	DDX42	ATP-dependent RNA helicase DDX42	1.33891e+06	1.82816e+06	410546	1.04648e+06
Q86Y34	Q86Y34	AGRG3_HUMAN	ADGRG3	Adhesion G protein-coupled receptor G3	70673.8	338037	60130.7	
Q86Y39	Q86Y39	NDUAB_HUMAN	NDUFA11	NADH dehydrogenase [ubiquinone] 1 alpha subcomplex subunit 11	2.63044e+06	1.56281e+06	2.98823e+06	2.80189e+06
Q86Y46	Q86Y46	K2C73_HUMAN	KRT73	Keratin, type II cytoskeletal 73		672470		
Q86Y56	Q86Y56	DAAF5_HUMAN	DNAAF5	Dynein axonemal assembly factor 5	697588		360417	879579
Q86Y82	Q86Y82	STX12_HUMAN	STX12	Syntaxin-12	4.0372e+06	1.46113e+06	5.69681e+06	3.497e+06
Q86YB7	Q86YB7	ECHD2_HUMAN	ECHDC2	Enoyl-CoA hydratase domain-containing protein 2, mitochondrial	2.18359e+06		2.04392e+06	2.58908e+06
Q86YB8	Q86YB8	ERO1B_HUMAN	ERO1B	ERO1-like protein beta	383114	393922	378463	190965
Q86YH6	Q86YH6	DLP1_HUMAN	PDSS2	All trans-polyprenyl-diphosphate synthase PDSS2	545192		461851	685981
Q86YN1	Q86YN1	DOPP1_HUMAN	DOLPP1	Dolichyldiphosphatase 1	679534	430204	898533	686486
Q86YP4	Q86YP4	P66A_HUMAN	GATAD2A	Transcriptional repressor p66-alpha	476985	113045		380441
Q86YQ8	Q86YQ8	CPNE8_HUMAN	CPNE8	Copine-8	86516.3	109983	60116.6	94300.5
Q86YS6	Q86YS6	RAB43_HUMAN	RAB43	Ras-related protein Rab-43	1.27629e+06	728559	2.39221e+06	1.15706e+06
Q86YS7	Q86YS7	C2CD5_HUMAN	C2CD5	C2 domain-containing protein 5	733619	608707	535594	789719
Q86YT9	Q86YT9	JAML_HUMAN	JAML	Junctional adhesion molecule-like	243408	402251	207963	196593
Q86YV0	Q86YV0	RASL3_HUMAN	RASAL3	RAS protein activator like-3	1.96637e+06	1.25596e+06	2.25033e+06	1.20517e+06
Q86YW5	Q86YW5	TRML1_HUMAN	TREML1	Trem-like transcript 1 protein	1.18987e+06	416103		
Q86YZ3	Q86YZ3	HORN_HUMAN	HRNR	Hornerin	1.23002e+07	8.2516e+06	7.65187e+06	1.1913e+07
Q8IU81	Q8IU81	I2BP1_HUMAN	IRF2BP1	Interferon regulatory factor 2-binding protein 1	974803			1.11056e+06
Q8IU85	Q8IU85	KCC1D_HUMAN	CAMK1D	Calcium/calmodulin-dependent protein kinase type 1D	851630	308073	700106	1.00389e+06
Q8IUC4	Q8IUC4;A8MT19	RHPN2_HUMAN	RHPN2	Rhophilin-2		305797	438838	896354
Q8IUD2	Q8IUD2	RB6I2_HUMAN	ERC1	ELKS/Rab6-interacting/CAST family member 1	1.53374e+06	1.36023e+06		1.42019e+06
Q8IUE6	Q8IUE6	H2A2B_HUMAN	H2AC21	Histone H2A type 2-B	894291	1.06266e+06	263560	727914
Q8IUH4	Q8IUH4	ZDH13_HUMAN	ZDHHC13	Palmitoyltransferase ZDHHC13	852524		502294	993171
Q8IUH5	Q8IUH5	ZDH17_HUMAN	ZDHHC17	Palmitoyltransferase ZDHHC17	207893	232723		96801.8
Q8IUI8	Q8IUI8	CRLF3_HUMAN	CRLF3	Cytokine receptor-like factor 3	1.37368e+06	1.46566e+06	1.17484e+06	1.11099e+06
Q8IUR0	Q8IUR0	TPPC5_HUMAN	TRAPPC5	Trafficking protein particle complex subunit 5	1.43515e+06	1.54727e+06	969302	1.22678e+06
Q8IUR7	Q8IUR7	ARMC8_HUMAN	ARMC8	Armadillo repeat-containing protein 8	512956	230740	157063	507449
Q8IUX1	Q8IUX1	T126B_HUMAN	TMEM126B	Complex I assembly factor TMEM126B, mitochondrial	242720		272250	302515
Q8IUX7	Q8IUX7	AEBP1_HUMAN	AEBP1	Adipocyte enhancer-binding protein 1	854389	426121	314050	290382
Q8IUZ5	Q8IUZ5	AT2L2_HUMAN	PHYKPL	5-phosphohydroxy-L-lysine phospho-lyase	1.6778e+06	1.93983e+06	1.77507e+06	1.60403e+06
Q8IV04	Q8IV04	TB10C_HUMAN	TBC1D10C	Carabin	311462	296544	162452	172690
Q8IV08	Q8IV08	PLD3_HUMAN	PLD3	5'-3' exonuclease PLD3	7.53413e+06	1.14296e+07	1.17314e+07	7.29567e+06
Q8IV20	Q8IV20	LACC1_HUMAN	LACC1	Purine nucleoside phosphorylase LACC1		255965	168042	252452
Q8IV36	Q8IV36	HID1_HUMAN	HID1	Protein HID1	1.88637e+07	7.66369e+06	2.08666e+07	2.15499e+07
Q8IV38	Q8IV38	ANKY2_HUMAN	ANKMY2	Ankyrin repeat and MYND domain-containing protein 2	355841	188662	345619	501481
Q8IV50	Q8IV50	LYSM2_HUMAN	LYSMD2	LysM and putative peptidoglycan-binding domain-containing protein 2	533698	209631	707859	382874
Q8IV56	Q8IV56	PRR15_HUMAN	PRR15	Proline-rich protein 15	190000		836915	496348
Q8IVB4	Q8IVB4	SL9A9_HUMAN	SLC9A9	Sodium/hydrogen exchanger 9	172198	76405.3		110733
Q8IVD9	Q8IVD9	NUDC3_HUMAN	NUDCD3	NudC domain-containing protein 3	516714	495198	503600	631120
Q8IVF2	Q8IVF2	AHNK2_HUMAN	AHNAK2	Protein AHNAK2	1.18491e+06	494838	304533	718536
Q8IVH4	Q8IVH4	MMAA_HUMAN	MMAA	Methylmalonic aciduria type A protein, mitochondrial	6.56306e+06	3.74154e+06	5.22078e+06	5.76029e+06
Q8IVL6	Q8IVL6	P3H3_HUMAN	P3H3	Prolyl 3-hydroxylase 3	498816	598219	139347	342453
Q8IVM0	Q8IVM0	CCD50_HUMAN	CCDC50	Coiled-coil domain-containing protein 50	364059	273911	237572	229051
Q8IVP5	Q8IVP5	FUND1_HUMAN	FUNDC1	FUN14 domain-containing protein 1	152488	228526	177647	250630
Q8IVQ6	Q8IVQ6	ZDH21_HUMAN	ZDHHC21	Palmitoyltransferase ZDHHC21	31550.3	25749.6		34238.2
Q8IVS2	Q8IVS2	FABD_HUMAN	MCAT	Malonyl-CoA-acyl carrier protein transacylase, mitochondrial	1.75063e+06	1.63756e+06	2.07088e+06	1.63395e+06
Q8IVT2	Q8IVT2	MISP_HUMAN	MISP	Mitotic interactor and substrate of PLK1	576990	222416	440722	1.05937e+06
Q8IW45	Q8IW45	NNRD_HUMAN	NAXD	ATP-dependent (S)-NAD(P)H-hydrate dehydratase	1.56336e+06	887705	1.46546e+06	1.40446e+06
Q8IW75	Q8IW75	SPA12_HUMAN	SERPINA12	Serpin A12	292161	759993	120432	255002
Q8IWA4	Q8IWA4	MFN1_HUMAN	MFN1	Mitofusin-1	595631	246708	247739	609627
Q8IWA5	Q8IWA5	CTL2_HUMAN	SLC44A2	Choline transporter-like protein 2	2.52631e+06	2.51522e+06	3.40265e+06	2.62485e+06
Q8IWB1	Q8IWB1	IPRI_HUMAN	ITPRIP	Inositol 1,4,5-trisphosphate receptor-interacting protein	323847	207850		197766
Q8IWB7	Q8IWB7	WDFY1_HUMAN	WDFY1	WD repeat and FYVE domain-containing protein 1	1.69656e+06	1.63105e+06	2.01859e+06	1.44254e+06
Q8IWB9	Q8IWB9	TEX2_HUMAN	TEX2	Testis-expressed protein 2	1.13583e+06	562799	812554	928479
Q8IWE2	Q8IWE2	NXP20_HUMAN	FAM114A1	Protein NOXP20	2.2359e+06	1.64171e+06	2.38522e+06	2.27819e+06
Q8IWJ2	Q8IWJ2	GCC2_HUMAN	GCC2	GRIP and coiled-coil domain-containing protein 2	711263	539299	522350	771542
Q8IWL3	Q8IWL3	HSC20_HUMAN	HSCB	Iron-sulfur cluster co-chaperone protein HscB	216888		164141	184328
Q8IWR0	Q8IWR0	Z3H7A_HUMAN	ZC3H7A	Zinc finger CCCH domain-containing protein 7A	393509	388546	216340	393179
Q8IWS0	Q8IWS0	PHF6_HUMAN	PHF6	PHD finger protein 6	235124	250118		321989
Q8IWT0	Q8IWT0	ARCH_HUMAN	ZBTB8OS	Protein archease		318614	821104	338758
Q8IWT6	Q8IWT6	LRC8A_HUMAN	LRRC8A	Volume-regulated anion channel subunit LRRC8A	146004	61814.5	23101.5	86484.1
Q8IWU6	Q8IWU6	SULF1_HUMAN	SULF1	Extracellular sulfatase Sulf-1	265156	91453.5		
Q8IWV7	Q8IWV7	UBR1_HUMAN	UBR1	E3 ubiquitin-protein ligase UBR1	716467	583414	222466	742025
Q8IWV8	Q8IWV8	UBR2_HUMAN	UBR2	E3 ubiquitin-protein ligase UBR2	1.06417e+06	1.26914e+06	945344	1.19397e+06
Q8IWW6	Q8IWW6	RHG12_HUMAN	ARHGAP12	Rho GTPase-activating protein 12	308850		173870	298257
Q8IWX8	Q8IWX8	CHERP_HUMAN	CHERP	Calcium homeostasis endoplasmic reticulum protein	477314	181910	26359.2	348329
Q8IX04	Q8IX04	UEVLD_HUMAN	UEVLD	Ubiquitin-conjugating enzyme E2 variant 3	1.16026e+06	998001	1.0603e+06	1.44383e+06
Q8IX05	Q8IX05	CD302_HUMAN	CD302	CD302 antigen	249823	291430	328998	260552
Q8IX12	Q8IX12	CCAR1_HUMAN	CCAR1	Cell division cycle and apoptosis regulator protein 1	832753	771702	253960	846403
Q8IX19	Q8IX19	MCEM1_HUMAN	MCEMP1	Mast cell-expressed membrane protein 1		1.72162e+06		
Q8IXB1	Q8IXB1	DJC10_HUMAN	DNAJC10	DnaJ homolog subfamily C member 10	1.04841e+06	1.28536e+06	917546	925230
Q8IXH7	Q8IXH7	NELFD_HUMAN	NELFCD	Negative elongation factor C/D	771860	286354	399456	709443
Q8IXI1	Q8IXI1	MIRO2_HUMAN	RHOT2	Mitochondrial Rho GTPase 2	1.2598e+06	751634	1.12746e+06	1.28049e+06
Q8IXI2	Q8IXI2	MIRO1_HUMAN	RHOT1	Mitochondrial Rho GTPase 1	1.50494e+06	1.63592e+06	1.16481e+06	1.24568e+06
Q8IXJ6	Q8IXJ6	SIR2_HUMAN	SIRT2	NAD-dependent protein deacetylase sirtuin-2	1.10327e+06	917783	1.38158e+06	1.10344e+06
Q8IXK2	Q8IXK2	GLT12_HUMAN	GALNT12	Polypeptide N-acetylgalactosaminyltransferase 12	3.28942e+06	1.00156e+06	4.16935e+06	4.04618e+06
Q8IXL7	Q8IXL7	MSRB3_HUMAN	MSRB3	Methionine-R-sulfoxide reductase B3	1.10103e+06	841396		
Q8IXM2	Q8IXM2	BAP18_HUMAN	BAP18	Chromatin complexes subunit BAP18	2.02005e+06	1.17112e+06	2.00192e+06	1.73129e+06
Q8IXM3	Q8IXM3	RM41_HUMAN	MRPL41	Large ribosomal subunit protein mL41	3.11379e+06	1.78074e+06	1.44672e+06	3.57132e+06
Q8IXM6	Q8IXM6	NRM_HUMAN	NRM	Nurim	1.22941e+06	1.06792e+06	1.09185e+06	846974
Q8IXQ6	Q8IXQ6	PARP9_HUMAN	PARP9	Protein mono-ADP-ribosyltransferase PARP9	456167	381278		276856
Q8IXT5	Q8IXT5	RB12B_HUMAN	RBM12B	RNA-binding protein 12B	2.01893e+06	2.1458e+06		
Q8IY17	Q8IY17	PLPL6_HUMAN	PNPLA6	Patatin-like phospholipase domain-containing protein 6	1.15587e+06	1.07253e+06	172022	656713
Q8IY21	Q8IY21	DDX60_HUMAN	DDX60	Probable ATP-dependent RNA helicase DDX60	724988	540720	291691	475653
Q8IY22	Q8IY22	CMIP_HUMAN	CMIP	C-Maf-inducing protein	356479		191972	428387
Q8IY26	Q8IY26	PLPP6_HUMAN	PLPP6	Polyisoprenoid diphosphate/phosphate phosphohydrolase PLPP6	122160			175529
Q8IY34	Q8IY34	S15A3_HUMAN	SLC15A3	Solute carrier family 15 member 3	383091	352257	257106	113978
Q8IY47	Q8IY47	KBTB2_HUMAN	KBTBD2	Kelch repeat and BTB domain-containing protein 2		198484		
Q8IY67	Q8IY67	RAVR1_HUMAN	RAVER1	Ribonucleoprotein PTB-binding 1	1.30971e+06	968019	1.02125e+06	1.2068e+06
Q8IY81	Q8IY81	SPB1_HUMAN	FTSJ3	pre-rRNA 2'-O-ribose RNA methyltransferase FTSJ3	833969	339370		
Q8IY95	Q8IY95	TM192_HUMAN	TMEM192	Transmembrane protein 192	687310	727786	821189	754830
Q8IYB1	Q8IYB1	M21D2_HUMAN	MB21D2	Nucleotidyltransferase MB21D2	73988.5	130264		
Q8IYB3	Q8IYB3	SRRM1_HUMAN	SRRM1	Serine/arginine repetitive matrix protein 1	372656	314766		208339
Q8IYB5	Q8IYB5	SMAP1_HUMAN	SMAP1	Stromal membrane-associated protein 1	1.03995e+06	888736	965466	1.33352e+06
Q8IYB7	Q8IYB7	DI3L2_HUMAN	DIS3L2	DIS3-like exonuclease 2	1.30929e+06	1.4336e+06	1.12564e+06	1.4357e+06
Q8IYB8	Q8IYB8	SUV3_HUMAN	SUPV3L1	ATP-dependent RNA helicase SUPV3L1, mitochondrial	34737.8	17721.4		
Q8IYD1	Q8IYD1	ERF3B_HUMAN	GSPT2	Eukaryotic peptide chain release factor GTP-binding subunit ERF3B	602877	267314	460908	589059
Q8IYI6	Q8IYI6	EXOC8_HUMAN	EXOC8	Exocyst complex component 8	731749	522462		739440
Q8IYJ2	Q8IYJ2	CJ067_HUMAN	C10orf67	Uncharacterized protein C10orf67, mitochondrial		766682	948291	1.76041e+06
Q8IYJ3	Q8IYJ3	SYTL1_HUMAN	SYTL1	Synaptotagmin-like protein 1	477313	562869	671781	521382
Q8IYM0	Q8IYM0	F186B_HUMAN	FAM186B	Protein FAM186B	3.78859e+06	4.33802e+06	3.97875e+06	4.42993e+06
Q8IYM9	Q8IYM9	TRI22_HUMAN	TRIM22	E3 ubiquitin-protein ligase TRIM22	688382	501546	85601.3	580510
Q8IYQ7	Q8IYQ7	THNS1_HUMAN	THNSL1	Threonine synthase-like 1	1.44983e+06	555382	920312	1.40033e+06
Q8IYS1	Q8IYS1	P20D2_HUMAN	PM20D2	Xaa-Arg dipeptidase	323581		580064	385517
Q8IYS2	Q8IYS2	K2013_HUMAN	KIAA2013	Uncharacterized protein KIAA2013	1.52802e+06	791749	1.37831e+06	1.46831e+06
Q8IYT4	Q8IYT4	KATL2_HUMAN	KATNAL2	Katanin p60 ATPase-containing subunit A-like 2	1.90686e+07	2.59959e+07	1.43002e+07	1.94894e+07
Q8IYU8	Q8IYU8	MICU2_HUMAN	MICU2	Calcium uptake protein 2, mitochondrial	427626	263485	204366	293227
Q8IZ07	Q8IZ07	AN13A_HUMAN	ANKRD13A	Ankyrin repeat domain-containing protein 13A	426838	547419	392743	293204
Q8IZ21	Q8IZ21	PHAR4_HUMAN	PHACTR4	Phosphatase and actin regulator 4	235811	80675.2	165330	317515
Q8IZ69	Q8IZ69	TRM2A_HUMAN	TRMT2A	tRNA (uracil-5-)-methyltransferase homolog A	109236	82092.7	58672	70129.8
Q8IZ81	Q8IZ81	ELMD2_HUMAN	ELMOD2	ELMO domain-containing protein 2	1.36028e+06	1.46388e+06	1.079e+06	1.02177e+06
Q8IZ83	Q8IZ83	A16A1_HUMAN	ALDH16A1	Aldehyde dehydrogenase family 16 member A1	1.74678e+06	1.9035e+06	911177	1.89554e+06
Q8IZA0	Q8IZA0	K319L_HUMAN	KIAA0319L	Dyslexia-associated protein KIAA0319-like protein	939491	871161	1.0986e+06	1.10062e+06
Q8IZE3	Q8IZE3	PACE1_HUMAN	SCYL3	Protein-associating with the carboxyl-terminal domain of ezrin	163487		77252.9	176021
Q8IZH2	Q8IZH2	XRN1_HUMAN	XRN1	5'-3' exoribonuclease 1	595780	873928	425140	451152
Q8IZL8	Q8IZL8	PELP1_HUMAN	PELP1	Proline-, glutamic acid- and leucine-rich protein 1	429666	121206		326409
Q8IZP0	Q8IZP0;Q9NYB9	ABI1_HUMAN	ABI1	Abl interactor 1	2.37082e+06	601993	810921	2.90895e+06
Q8IZQ5	Q8IZQ5	SELH_HUMAN	SELENOH	Selenoprotein H	1.6072e+06	167513	1.16923e+06	1.28661e+06
Q8IZR5	Q8IZR5	CKLF4_HUMAN	CMTM4	CKLF-like MARVEL transmembrane domain-containing protein 4	391028		680966	547367
Q8IZV5	Q8IZV5	RDH10_HUMAN	RDH10	Retinol dehydrogenase 10	602678	269476	452047	579725
Q8N0U8	Q8N0U8	VKORL_HUMAN	VKORC1L1	Vitamin K epoxide reductase complex subunit 1-like protein 1	924765	1.08855e+06	1.25645e+06	952604
Q8N0W3	Q8N0W3	FCSK_HUMAN	FCSK	L-fucose kinase	940224	350377	436212	1.07318e+06
Q8N0W4;Q8NFZ3;Q8NFZ4;Q9NZ94	Q8N0W4;Q8NFZ3;Q8NFZ4;Q9NZ94	NLGN2_HUMAN;NLGN3_HUMAN;NLGNX_HUMAN;NLGNY_HUMAN	NLGN2;NLGN3;NLGN4X;NLGN4Y	Neuroligin-4, X-linked	58577.1			84683
Q8N0X4	Q8N0X4	CLYBL_HUMAN	CLYBL	Citramalyl-CoA lyase, mitochondrial	1.68294e+06	646228	838051	1.85926e+06
Q8N0X7	Q8N0X7	SPART_HUMAN	SPART	Spartin	229670	240809	222902	186207
Q8N108	Q8N108	MIER1_HUMAN	MIER1	Mesoderm induction early response protein 1	287969	352710	247436	409490
Q8N111	Q8N111	CEND_HUMAN	CEND1	Cell cycle exit and neuronal differentiation protein 1			24880.6	
Q8N122	Q8N122	RPTOR_HUMAN	RPTOR	Regulatory-associated protein of mTOR	372210	185847	93315.4	305803
Q8N126	Q8N126	CADM3_HUMAN	CADM3	Cell adhesion molecule 3	776886		1.08469e+06	1.45683e+06
Q8N128	Q8N128	F177A_HUMAN	FAM177A1	Protein FAM177A1	688651		1.11794e+06	869113
Q8N129	Q8N129	CNPY4_HUMAN	CNPY4	Protein canopy homolog 4	590991	450785	756873	478010
Q8N131	Q8N131	PORIM_HUMAN	TMEM123	Porimin	882755		1.53047e+06	657567
Q8N138	Q8N138	ORML3_HUMAN	ORMDL3	ORM1-like protein 3	1.32659e+06	203542	1.5471e+06	1.10452e+06
Q8N142	Q8N142	PURA1_HUMAN	ADSS1	Adenylosuccinate synthetase isozyme 1	58351.1		28088.4	57148.2
Q8N149	Q8N149	LIRA2_HUMAN	LILRA2	Leukocyte immunoglobulin-like receptor subfamily A member 2		63880.8		
Q8N163	Q8N163	CCAR2_HUMAN	CCAR2	Cell cycle and apoptosis regulator protein 2	3.24925e+06	1.17295e+06	823448	3.18145e+06
Q8N183	Q8N183	NDUF2_HUMAN	NDUFAF2	NADH dehydrogenase [ubiquinone] 1 alpha subcomplex assembly factor 2	9.32257e+06	8.86202e+06	1.0315e+07	9.96664e+06
Q8N1A6	Q8N1A6	CD033_HUMAN	C4orf33	UPF0462 protein C4orf33	438971	145107	697895	446725
Q8N1B4	Q8N1B4	VPS52_HUMAN	VPS52	Vacuolar protein sorting-associated protein 52 homolog	1.20633e+06	611339	254301	1.06916e+06
Q8N1F7	Q8N1F7	NUP93_HUMAN	NUP93	Nuclear pore complex protein Nup93	4.4415e+06	3.40328e+06	1.26358e+06	4.38401e+06
Q8N1F8	Q8N1F8	S11IP_HUMAN	STK11IP	Serine/threonine-protein kinase 11-interacting protein	164564	48248.6	76733.3	153830
Q8N1G2	Q8N1G2	CMTR1_HUMAN	CMTR1	Cap-specific mRNA (nucleoside-2'-O-)-methyltransferase 1	386714	342661	177584	244166
Q8N1G4	Q8N1G4	LRC47_HUMAN	LRRC47	Leucine-rich repeat-containing protein 47	1.00825e+06	628700	1.3739e+06	947958
Q8N1N4	Q8N1N4	K2C78_HUMAN	KRT78	Keratin, type II cytoskeletal 78	1.01326e+06	4.58655e+06	862813	1.60505e+06
Q8N1Q1	Q8N1Q1	CAH13_HUMAN	CA13	Carbonic anhydrase 13			370045	288488
Q8N1S5	Q8N1S5	S39AB_HUMAN	SLC39A11	Zinc transporter ZIP11	2.20518e+06	1.09739e+06	2.00816e+06	1.88264e+06
Q8N201	Q8N201	INT1_HUMAN	INTS1	Integrator complex subunit 1	1.2422e+06	9.03083e+06	2.01984e+06	502577
Q8N257	P06899;P23527;P33778;Q16778;Q6DN03;Q6DRA6;Q8N257	H2B3B_HUMAN	H2BC26	Histone H2B type 3-B	1.98527e+06	2.20876e+06	766253	1.43442e+06
Q8N271	Q8N271	PROM2_HUMAN	PROM2	Prominin-2			581388	
Q8N2F6	Q8N2F6	ARM10_HUMAN	ARMC10	Armadillo repeat-containing protein 10	1.57349e+06	346723	1.06765e+06	1.4885e+06
Q8N2G8	Q8N2G8	GHDC_HUMAN	GHDC	GH3 domain-containing protein	1.04534e+06	799004	916756	889909
Q8N2H3	Q8N2H3	PYRD2_HUMAN	PYROXD2	Pyridine nucleotide-disulfide oxidoreductase domain-containing protein 2	453392		354439	517900
Q8N2H4	Q8N2H4	SYS1_HUMAN	SYS1	Protein SYS1 homolog	1.01198e+06	489797	992555	726280
Q8N2K0	Q8N2K0	ABD12_HUMAN	ABHD12	Lysophosphatidylserine lipase ABHD12	1.85525e+06	1.67488e+06	1.69538e+06	1.50161e+06
Q8N2S1	Q8N2S1	LTBP4_HUMAN	LTBP4	Latent-transforming growth factor beta-binding protein 4	871911	885701	1.10173e+06	1.3834e+06
Q8N2U9	Q8N2U9	S66A2_HUMAN	SLC66A2	Solute carrier family 66 member 2	580827	252244	496247	513563
Q8N335	Q8N335	GPD1L_HUMAN	GPD1L	Glycerol-3-phosphate dehydrogenase 1-like protein	2.29766e+06	752134	2.37842e+06	2.74018e+06
Q8N357	Q8N357	S35F6_HUMAN	SLC35F6	Solute carrier family 35 member F6	665867	318449	960007	541378
Q8N370	Q8N370	LAT4_HUMAN	SLC43A2	Large neutral amino acids transporter small subunit 4	260877	187147	157586	146010
Q8N386	Q8N386	LRC25_HUMAN	LRRC25	Leucine-rich repeat-containing protein 25	902465	1.12361e+06	1.11831e+06	328368
Q8N392	Q8N392	RHG18_HUMAN	ARHGAP18	Rho GTPase-activating protein 18	685224	725483	450815	695093
Q8N3C0	Q8N3C0	ASCC3_HUMAN	ASCC3	Activating signal cointegrator 1 complex subunit 3	328901	234032		372349
Q8N3D4	Q8N3D4	EH1L1_HUMAN	EHBP1L1	EH domain-binding protein 1-like protein 1	998825	423278	565313	896072
Q8N3E9	Q8N3E9	PLCD3_HUMAN	PLCD3	1-phosphatidylinositol 4,5-bisphosphate phosphodiesterase delta-3	270497		213094	356811
Q8N3P4	Q8N3P4	VPS8_HUMAN	VPS8	Vacuolar protein sorting-associated protein 8 homolog	509823	492682		390001
Q8N3U4	Q8N3U4	STAG2_HUMAN	STAG2	Cohesin subunit SA-2	587204	357936	96631.4	508050
Q8N3Y7	Q8N3Y7	RDHE2_HUMAN	SDR16C5	Epidermal retinol dehydrogenase 2	243149	253683	578220	343292
Q8N423	O75022;P59901;Q8N423;Q8N6C8;Q6PI73	LIRB2_HUMAN	LILRB2	Leukocyte immunoglobulin-like receptor subfamily B member 2	444900	1.00535e+06	542624	247971
Q8N442	Q8N442	GUF1_HUMAN	GUF1	Translation factor GUF1, mitochondrial	79280.4		16158.3	
Q8N465	Q8N465	D2HDH_HUMAN	D2HGDH	D-2-hydroxyglutarate dehydrogenase, mitochondrial	472420	226573	552107	627567
Q8N468	Q8N468	MFD4A_HUMAN	MFSD4A	Major facilitator superfamily domain-containing protein 4A	1.31221e+06		1.46526e+06	1.21658e+06
Q8N474	Q8N474	SFRP1_HUMAN	SFRP1	Secreted frizzled-related protein 1	81993.9			76340.9
Q8N490	Q8N490	PNKD_HUMAN	PNKD	Probable hydrolase PNKD	202296	132390	84770.1	121365
Q8N4A0	Q8N4A0	GALT4_HUMAN	GALNT4	Polypeptide N-acetylgalactosaminyltransferase 4	3.7294e+06	1.46248e+06	4.03238e+06	3.24285e+06
Q8N4C8	Q8N4C8	MINK1_HUMAN	MINK1	Misshapen-like kinase 1	313949	182962	75998	266567
Q8N4J0	Q8N4J0	CARME_HUMAN	CARNMT1	Carnosine N-methyltransferase	235468	369758	361776	330839
Q8N4M1	Q8N4M1	CTL3_HUMAN	SLC44A3	Choline transporter-like protein 3	305544		372540	294672
Q8N4P3	Q8N4P3	MESH1_HUMAN	HDDC3	Guanosine-3',5'-bis(diphosphate) 3'-pyrophosphohydrolase MESH1	383098	436196	461848	348681
Q8N4Q0	Q8N4Q0	PTGR3_HUMAN	PTGR3	Prostaglandin reductase 3	1.08381e+06	401087	1.16044e+06	1.26372e+06
Q8N4Q1	Q8N4Q1	MIA40_HUMAN	CHCHD4	Mitochondrial intermembrane space import and assembly protein 40	214290		441736	371823
Q8N4T8	Q8N4T8	CBR4_HUMAN	CBR4	3-oxoacyl-[acyl-carrier-protein] reductase	4.71686e+06	2.95233e+06	3.21243e+06	5.49406e+06
Q8N4V1	Q8N4V1	EMC5_HUMAN	MMGT1	ER membrane protein complex subunit 5	803090		502970	663538
Q8N4W9	Q8N4W9	ZN808_HUMAN	ZNF808	Zinc finger protein 808	171313			111079
Q8N4X5	Q8N4X5	AF1L2_HUMAN	AFAP1L2	Actin filament-associated protein 1-like 2	213625			247609
Q8N556	Q8N556	AFAP1_HUMAN	AFAP1	Actin filament-associated protein 1	351188	239774		
Q8N573	Q8N573	OXR1_HUMAN	OXR1	Oxidation resistance protein 1	669289	216302	400923	772578
Q8N5C1	Q8N5C1	CAHM5_HUMAN	CALHM5	Calcium homeostasis modulator protein 5	327145	700131	299659	63764.6
Q8N5I2	Q8N5I2	ARRD1_HUMAN	ARRDC1	Arrestin domain-containing protein 1	424577	455833	511984	535262
Q8N5I4	Q8N5I4	DHRSX_HUMAN	DHRSX	Dehydrogenase/reductase SDR family member on chromosome X	646255	684110	660612	451726
Q8N5J2	Q8N5J2;Q8NBR6	MINY1_HUMAN	MINDY1	Ubiquitin carboxyl-terminal hydrolase MINDY-1	517891	304806	606674	476244
Q8N5K1	Q8N5K1	CISD2_HUMAN	CISD2	CDGSH iron-sulfur domain-containing protein 2	5.41848e+06	6.35782e+06	7.85344e+06	5.16028e+06
Q8N5L8	Q8N5L8	RP25L_HUMAN	RPP25L	Ribonuclease P protein subunit p25-like protein	160285	146985	82992.7	148474
Q8N5M1	Q8N5M1	ATPF2_HUMAN	ATPAF2	ATP synthase mitochondrial F1 complex assembly factor 2	654271	341703	517438	666626
Q8N5M4	Q8N5M4	TTC9C_HUMAN	TTC9C	Tetratricopeptide repeat protein 9C	550141	254630	833661	618080
Q8N5M9	Q8N5M9	JAGN1_HUMAN	JAGN1	Protein jagunal homolog 1	1.06459e+06	1.06532e+06	1.17328e+06	1.09561e+06
Q8N5N7	Q8N5N7	RM50_HUMAN	MRPL50	Large ribosomal subunit protein mL50	1.03707e+06		440511	1.53098e+06
Q8N5R6	Q8N5R6	CCD33_HUMAN	CCDC33	Coiled-coil domain-containing protein 33	3.77353e+06	5.71765e+06	6.31844e+06	4.21344e+06
Q8N668	Q8N668	COMD1_HUMAN	COMMD1	COMM domain-containing protein 1	381853	358593	286263	446413
Q8N684	Q8N684	CPSF7_HUMAN	CPSF7	Cleavage and polyadenylation specificity factor subunit 7	2.84779e+06	2.03981e+06	855991	2.41616e+06
Q8N697	Q8N697	S15A4_HUMAN	SLC15A4	Solute carrier family 15 member 4	702166	741997	577613	
Q8N6C8	Q8N6C8;Q8NHL6	LIRA3_HUMAN	LILRA3	Leukocyte immunoglobulin-like receptor subfamily A member 3	449764	1.46618e+06	665233	249779
Q8N6G5	Q8N6G5	CGAT2_HUMAN	CSGALNACT2	Chondroitin sulfate N-acetylgalactosaminyltransferase 2	170324	451506	112848	114598
Q8N6H7	Q8N6H7	ARFG2_HUMAN	ARFGAP2	ADP-ribosylation factor GTPase-activating protein 2	953071	756675	812292	1.2964e+06
Q8N6L1	Q8N6L1	KTAP2_HUMAN	KRTCAP2	Keratinocyte-associated protein 2	4.75205e+06	1.83093e+06	4.36091e+06	5.60845e+06
Q8N6M3	Q8N6M3	FITM2_HUMAN	FITM2	Acyl-coenzyme A diphosphatase FITM2	235246	197239	116408	215273
Q8N6Q3	Q8N6Q3	CD177_HUMAN	CD177	CD177 antigen	1.65723e+06	9.67758e+06	5.94292e+06	1.51673e+06
Q8N6T3	Q8N6T3	ARFG1_HUMAN	ARFGAP1	ADP-ribosylation factor GTPase-activating protein 1	1.74185e+06	1.26022e+06	1.21267e+06	1.56193e+06
Q8N755	Q8N755	S66A3_HUMAN	SLC66A3	Solute carrier family 66 member 3	1.06797e+06	605329	650500	967331
Q8N766	Q8N766	EMC1_HUMAN	EMC1	ER membrane protein complex subunit 1	2.09527e+06	2.18458e+06	988223	1.6899e+06
Q8N7H5	Q8N7H5	PAF1_HUMAN	PAF1	RNA polymerase II-associated factor 1 homolog	463969	410746		345878
Q8N7R7	Q8N7R7	CCYL1_HUMAN	CCNYL1	Cyclin-Y-like protein 1	424452	339975	380816	412801
Q8N806	Q8N806	UBR7_HUMAN	UBR7	Putative E3 ubiquitin-protein ligase UBR7	415658	235707	512981	560186
Q8N8A2	O15084;Q8N8A2	ANR44_HUMAN	ANKRD44	Serine/threonine-protein phosphatase 6 regulatory ankyrin repeat subunit B	646364	377038	124850	433534
Q8N8N7	Q8N8N7	PTGR2_HUMAN	PTGR2	Prostaglandin reductase 2	1.54695e+06	811172	2.39904e+06	1.86624e+06
Q8N8Q9	Q8N8Q9	NIPA2_HUMAN	NIPA2	Magnesium transporter NIPA2	368550		183533	268374
Q8N8R5	Q8N8R5	CB069_HUMAN	C2orf69	Mitochondrial protein C2orf69	181505	188316	190788	213258
Q8N8S7	Q8N8S7	ENAH_HUMAN	ENAH	Protein enabled homolog	1.42658e+06	1.03495e+06	720643	1.12019e+06
Q8N8V4	Q8N8V4	ANS4B_HUMAN	ANKS4B	Ankyrin repeat and SAM domain-containing protein 4B	417903		439392	686486
Q8N983	Q8N983	RM43_HUMAN	MRPL43	Large ribosomal subunit protein mL43	1.56272e+06	880624	653834	2.01623e+06
Q8N9A8	Q8N9A8	NEPR1_HUMAN	CNEP1R1	Nuclear envelope phosphatase-regulatory subunit 1	425627	292718	226046	291961
Q8N9N2	Q8N9N2	ASCC1_HUMAN	ASCC1	Activating signal cointegrator 1 complex subunit 1	233185	263775	138302	204851
Q8N9N7	Q8N9N7	LRC57_HUMAN	LRRC57	Leucine-rich repeat-containing protein 57	1.18622e+06	973137	1.25499e+06	1.30081e+06
Q8N9N8	Q8N9N8	EIF1A_HUMAN	EIF1AD	Probable RNA-binding protein EIF1AD	210488		290830	234393
Q8N9U0	Q8N9U0	TAC2N_HUMAN	TC2N	Tandem C2 domains nuclear protein	497414		278819	533744
Q8NAA5	Q8NAA5	LR75A_HUMAN	LRRC75A	Leucine-rich repeat-containing protein 75A			24050.5	
Q8NB16	Q8NB16	MLKL_HUMAN	MLKL	Mixed lineage kinase domain-like protein	589821	816931	378927	346943
Q8NB37	Q8NB37	GALD1_HUMAN	GATD1	Glutamine amidotransferase-like class 1 domain-containing protein 1	800646	490198	991193	893272
Q8NB90	Q8NB90	AFG2A_HUMAN	AFG2A	ATPase family gene 2 protein homolog A	558838		168693	688064
Q8NBF2	Q8NBF2	NHLC2_HUMAN	NHLRC2	NHL repeat-containing protein 2	1.25025e+06	1.29993e+06	1.1383e+06	1.25727e+06
Q8NBF6	Q8NBF6	AVL9_HUMAN	AVL9	Late secretory pathway protein AVL9 homolog	489586	339193	471665	617911
Q8NBI2	Q8NBI2	CYAC3_HUMAN	CYB561A3	Lysosomal membrane ascorbate-dependent ferrireductase CYB561A3	185322	334630	249140	96233.8
Q8NBI5	Q8NBI5	S43A3_HUMAN	SLC43A3	Equilibrative nucleobase transporter 1	326384	129784	254147	96027.4
Q8NBI6	Q8NBI6	XXLT1_HUMAN	XXYLT1	Xyloside xylosyltransferase 1		189210	112744	
Q8NBJ4	Q8NBJ4	GOLM1_HUMAN	GOLM1	Golgi membrane protein 1	3.39984e+06	816449	4.89484e+06	3.78969e+06
Q8NBJ5	Q8NBJ5	GT251_HUMAN	COLGALT1	Procollagen galactosyltransferase 1	3.1663e+06	3.86601e+06	1.9078e+06	1.91068e+06
Q8NBJ7	Q8NBJ7	SUMF2_HUMAN	SUMF2	Inactive C-alpha-formylglycine-generating enzyme 2	3.44027e+06	2.96644e+06	4.89081e+06	3.03868e+06
Q8NBJ9	Q8NBJ9	SIDT2_HUMAN	SIDT2	SID1 transmembrane family member 2	574342	230135	417524	484917
Q8NBK3	Q8NBK3	SUMF1_HUMAN	SUMF1	Formylglycine-generating enzyme	1.30812e+06	1.47375e+06	1.67318e+06	1.02944e+06
Q8NBL1	Q8NBL1	PGLT1_HUMAN	POGLUT1	Protein O-glucosyltransferase 1	891097	919528	699805	715689
Q8NBM4	Q8NBM4	UBAC2_HUMAN	UBAC2	Ubiquitin-associated domain-containing protein 2	372759		216734	311353
Q8NBM8	Q8NBM8	PCYXL_HUMAN	PCYOX1L	Prenylcysteine oxidase-like	891657	1.06014e+06	841311	560891
Q8NBN3	Q8NBN3	TM87A_HUMAN	TMEM87A	Transmembrane protein 87A	2.18106e+06	1.72571e+06	3.59216e+06	2.06771e+06
Q8NBN7	Q8NBN7	RDH13_HUMAN	RDH13	Retinol dehydrogenase 13	1.2511e+06	760364	942726	1.3173e+06
Q8NBP5	Q8NBP5	MFSD9_HUMAN	MFSD9	Major facilitator superfamily domain-containing protein 9	78908.5		86921.7	79259.5
Q8NBQ5	Q8NBQ5	DHB11_HUMAN	HSD17B11	Estradiol 17-beta-dehydrogenase 11	5.57935e+06	3.80375e+06	4.31712e+06	5.61633e+06
Q8NBS9	Q8NBS9	TXND5_HUMAN	TXNDC5	Thioredoxin domain-containing protein 5	3.87727e+07	6.11692e+07	9.95477e+07	5.38636e+07
Q8NBU5	Q8NBU5	ATAD1_HUMAN	ATAD1	Outer mitochondrial transmembrane helix translocase	2.68053e+06	1.31276e+06	1.49996e+06	2.62046e+06
Q8NBX0	Q8NBX0	SCPDL_HUMAN	SCCPDH	Saccharopine dehydrogenase-like oxidoreductase	4.18373e+06	3.40158e+06	4.03841e+06	3.44059e+06
Q8NC44	Q8NC44	RETR2_HUMAN	RETREG2	Reticulophagy regulator 2	207126		184490	232380
Q8NC51	Q8NC51	SERB1_HUMAN	SERBP1	SERPINE1 mRNA-binding protein 1	4.7787e+06	1.92678e+06	4.16874e+06	6.63773e+06
Q8NC54	Q8NC54	KCT2_HUMAN	KCT2	Keratinocyte-associated transmembrane protein 2	285749	149356	408599	162451
Q8NC56	Q8NC56	LEMD2_HUMAN	LEMD2	LEM domain-containing protein 2	1.27503e+06	1.45659e+06	735984	1.15122e+06
Q8NC60	Q8NC60	NOA1_HUMAN	NOA1	Nitric oxide-associated protein 1	581471	706536	320055	709208
Q8NC96	Q8NC96	NECP1_HUMAN	NECAP1	Adaptin ear-binding coat-associated protein 1	1.54284e+06	1.36132e+06	2.17284e+06	2.15385e+06
Q8NCA5	Q8NCA5	FA98A_HUMAN	FAM98A	Protein FAM98A	3.17315e+06	4.49454e+06	1.4328e+06	3.1724e+06
Q8NCC3	Q8NCC3	PAG15_HUMAN	PLA2G15	Phospholipase A2 group XV	350179	452888	600524	287755
Q8NCE2	Q8NCE2	MTMRE_HUMAN	MTMR14	Myotubularin-related protein 14	343795	251577	300672	374628
Q8NCG7	Q8NCG7	DGLB_HUMAN	DAGLB	Diacylglycerol lipase-beta	392159	464436	580674	304492
Q8NCH0	Q8NCH0	CHSTE_HUMAN	CHST14	Carbohydrate sulfotransferase 14	336343	381694	215441	160639
Q8NCL4	Q8NCL4	GALT6_HUMAN	GALNT6	Polypeptide N-acetylgalactosaminyltransferase 6	604804	669644	884483	670200
Q8NCN5	Q8NCN5	PDPR_HUMAN	PDPR	Pyruvate dehydrogenase phosphatase regulatory subunit, mitochondrial	1.7351e+06	1.58728e+06	826115	1.51178e+06
Q8NCR9	Q8NCR9	CLRN3_HUMAN	CLRN3	Clarin-3			786999	456888
Q8NCS4	Q8NCS4	TM35B_HUMAN	TMEM35B	Transmembrane protein 35B	800877	804008	445937	724970
Q8NCW5	Q8NCW5	NNRE_HUMAN	NAXE	NAD(P)H-hydrate epimerase	3.92105e+06	2.8235e+06	5.16464e+06	4.27592e+06
Q8ND24	Q8ND24	RN214_HUMAN	RNF214	RING finger protein 214	393761	362634	179919	364237
Q8ND30	Q8ND30	LIPB2_HUMAN	PPFIBP2	Liprin-beta-2	135634			131102
Q8ND56	Q8ND56	LS14A_HUMAN	LSM14A	Protein LSM14 homolog A	7.12915e+06	2.72786e+06	7.46979e+06	1.04863e+07
Q8ND71	Q8ND71	GIMA8_HUMAN	GIMAP8	GTPase IMAP family member 8	652569	430634	148378	275889
Q8ND76	Q8ND76	CCNY_HUMAN	CCNY	Cyclin-Y	622106	169760	236989	321195
Q8NDA8	Q8NDA8	MROH1_HUMAN	MROH1	Maestro heat-like repeat-containing protein family member 1	396725	196155	90204.1	395795
Q8NDH2	Q8NDH2	CC168_HUMAN	CCDC168	Leucine-rich repeat transmembrane protein CCDC168	3.42551e+06	6.38364e+06	2.86825e+06	949610
Q8NDH3	Q8NDH3	PEPL1_HUMAN	NPEPL1	Probable aminopeptidase NPEPL1	2.87855e+06	3.31101e+06	2.40955e+06	2.55261e+06
Q8NDZ4	Q8NDZ4	DIK2A_HUMAN	DIPK2A	Divergent protein kinase domain 2A	225298	173309	270888	207719
Q8NE01	Q8NE01	CNNM3_HUMAN	CNNM3	Metal transporter CNNM3	109507		97875.1	151758
Q8NE62	Q8NE62	CHDH_HUMAN	CHDH	Choline dehydrogenase, mitochondrial	4.11859e+06	560901	2.05656e+06	4.97588e+06
Q8NE71	Q8NE71	ABCF1_HUMAN	ABCF1	ATP-binding cassette sub-family F member 1	1.16793e+06	774174	857715	1.02376e+06
Q8NE86	Q8NE86	MCU_HUMAN	MCU	Calcium uniporter protein, mitochondrial	3.53387e+06	990780	1.49047e+06	3.14558e+06
Q8NEB9	Q8NEB9	PK3C3_HUMAN	PIK3C3	Phosphatidylinositol 3-kinase catalytic subunit type 3	707858			641555
Q8NEN9	Q8NEN9	PDZD8_HUMAN	PDZD8	PDZ domain-containing protein 8	449749	381704	160299	391617
Q8NEU8	Q8NEU8	DP13B_HUMAN	APPL2	DCC-interacting protein 13-beta	1.25445e+06	996919	956868	1.36136e+06
Q8NEV4	Q8NEV4	MYO3A_HUMAN	MYO3A	Myosin-IIIa	1.35869e+06	1.41025e+06		565455
Q8NEW0	Q8NEW0	ZNT7_HUMAN	SLC30A7	Zinc transporter 7	2.25955e+06	2.22741e+06	1.33184e+06	1.9266e+06
Q8NEZ2	Q8NEZ2	VP37A_HUMAN	VPS37A	Vacuolar protein sorting-associated protein 37A	271683			234078
Q8NEZ5	Q8NEZ5	FBX22_HUMAN	FBXO22	F-box only protein 22	686857	1.73949e+06	1.31599e+06	1.12248e+06
Q8NF37	Q8NF37	PCAT1_HUMAN	LPCAT1	Lysophosphatidylcholine acyltransferase 1	706413	176604	491329	450390
Q8NF50	Q8NF50	DOCK8_HUMAN	DOCK8	Dedicator of cytokinesis protein 8	1.0769e+06	1.32912e+06	243226	800988
Q8NF91	Q8NF91	SYNE1_HUMAN	SYNE1	Nesprin-1	1.06281e+06	1.1162e+06		476934
Q8NFC6	Q8NFC6	BD1L1_HUMAN	BOD1L1	Biorientation of chromosomes in cell division protein 1-like 1	647705	831856	56708.6	297632
Q8NFF5	Q8NFF5	FAD1_HUMAN	FLAD1	FAD synthase	919287	614782	730467	927068
Q8NFG4	Q8NFG4	FLCN_HUMAN	FLCN	Folliculin	75901.3	165889		85174.9
Q8NFH3	Q8NFH3	NUP43_HUMAN	NUP43	Nucleoporin Nup43	658390	266265	686866	590146
Q8NFH4	Q8NFH4	NUP37_HUMAN	NUP37	Nucleoporin Nup37	1.82451e+06	1.51137e+06	1.69571e+06	1.77484e+06
Q8NFH5	Q8NFH5	NUP35_HUMAN	NUP35	Nucleoporin NUP35	430068		386475	450987
Q8NFI3	Q8NFI3	ENASE_HUMAN	ENGASE	Cytosolic endo-beta-N-acetylglucosaminidase	235828	210191		230015
Q8NFJ5	Q8NFJ5	RAI3_HUMAN	GPRC5A	Retinoic acid-induced protein 3	628410	774258	483902	722747
Q8NFL0	Q8NFL0	B3GN7_HUMAN	B3GNT7	UDP-GlcNAc:betaGal beta-1,3-N-acetylglucosaminyltransferase 7	2.58289e+06	288453	2.92592e+06	2.86806e+06
Q8NFQ8	Q8NFQ8	TOIP2_HUMAN	TOR1AIP2	Torsin-1A-interacting protein 2	962711		941355	862379
Q8NFU0	Q8NFU0	BEST4_HUMAN	BEST4	Bestrophin-4			138171	191569
Q8NFU1	Q8NFU1	BEST2_HUMAN	BEST2	Bestrophin-2	71864.9		47176.9	167704
Q8NFU3	Q8NFU3	TSTD1_HUMAN	TSTD1	Thiosulfate:glutathione sulfurtransferase	926921	220788	1.73483e+06	1.76667e+06
Q8NFV4	Q8NFV4	ABHDB_HUMAN	ABHD11	Protein ABHD11	4.64379e+06	1.83428e+06	6.61998e+06	5.49825e+06
Q8NFW8	Q8NFW8	NEUA_HUMAN	CMAS	N-acylneuraminate cytidylyltransferase	2.7148e+06	1.06509e+06	1.04932e+06	3.29581e+06
Q8NFZ8	Q8NFZ8	CADM4_HUMAN	CADM4	Cell adhesion molecule 4	277033	191661	262295	458121
Q8NG11	Q8NG11	TSN14_HUMAN	TSPAN14	Tetraspanin-14	684260	793648	833822	473269
Q8NGA1	Q8NGA1	OR1M1_HUMAN	OR1M1	Olfactory receptor 1M1	9.18548e+06	1.76465e+07	1.23164e+07	8.82049e+06
Q8NGS5	Q8NGS5	O13C4_HUMAN	OR13C4	Olfactory receptor 13C4	445973			502707
Q8NHG8	Q8NHG8	ZNRF2_HUMAN	ZNRF2	E3 ubiquitin-protein ligase ZNRF2	345224		330331	425402
Q8NHH9	Q8NHH9	ATLA2_HUMAN	ATL2	Atlastin-2	891727	614814	1.00414e+06	953967
Q8NHJ6	Q8NHJ6	LIRB4_HUMAN	LILRB4	Leukocyte immunoglobulin-like receptor subfamily B member 4	197445	141143	70320.1	
Q8NHL6	Q8N423;Q8NHL6	LIRB1_HUMAN	LILRB1	Leukocyte immunoglobulin-like receptor subfamily B member 1	279478	203478	266449	176848
Q8NHP1	Q8NHP1	ARK74_HUMAN	AKR7L	Aflatoxin B1 aldehyde reductase member 4	625929			564322
Q8NHP6	Q8NHP6	MSPD2_HUMAN	MOSPD2	Motile sperm domain-containing protein 2	536804	769372	331753	333855
Q8NHP8	Q8NHP8	PLBL2_HUMAN	PLBD2	Putative phospholipase B-like 2	1.64922e+06	2.24693e+06	2.74122e+06	1.26316e+06
Q8NHQ9	Q8NHQ9	DDX55_HUMAN	DDX55	ATP-dependent RNA helicase DDX55	5.85326e+06	4.42252e+06	8.89769e+06	8.5374e+06
Q8NHV1	Q8NHV1	GIMA7_HUMAN	GIMAP7	GTPase IMAP family member 7	895286	815318	780280	693802
Q8NHV4	Q8NHV4	NEDD1_HUMAN	NEDD1	Protein NEDD1	93753.7			95387.2
Q8NHY0	Q8NHY0	B4GN2_HUMAN	B4GALNT2	Beta-1,4 N-acetylgalactosaminyltransferase 2	394995		297860	355335
Q8NI27	Q8NI27	THOC2_HUMAN	THOC2	THO complex subunit 2	151170	100398		136456
Q8NI37	Q8NI37	PPTC7_HUMAN	PPTC7	Protein phosphatase PTC7 homolog	277207		312387	285760
Q8NI60	Q8NI60	COQ8A_HUMAN	COQ8A	Atypical kinase COQ8A, mitochondrial	990054	597486	677548	895670
Q8TAD4	Q8TAD4	ZNT5_HUMAN	SLC30A5	Proton-coupled zinc antiporter SLC30A5	501835	449750		486646
Q8TAE8	Q8TAE8	G45IP_HUMAN	GADD45GIP1	Large ribosomal subunit protein mL64	454217		285967	886459
Q8TAF3	Q8TAF3	WDR48_HUMAN	WDR48	WD repeat-containing protein 48	188346	145352	169604	182196
Q8TAQ2	Q8TAQ2	SMRC2_HUMAN	SMARCC2	SWI/SNF complex subunit SMARCC2	1.36484e+06	798344	535281	1.26366e+06
Q8TAT6	Q8TAT6	NPL4_HUMAN	NPLOC4	Nuclear protein localization protein 4 homolog	1.31576e+06	1.36623e+06	595293	1.2235e+06
Q8TAV4	Q8TAV4	STML3_HUMAN	STOML3	Stomatin-like protein 3	1.80432e+07	2.0825e+07	1.43914e+07	9.31729e+06
Q8TAX9	Q8TAX9	GSDMB_HUMAN	GSDMB	Gasdermin-B	1.71288e+06	478216	4.28719e+06	1.645e+06
Q8TB03	Q8TB03	CX038_HUMAN	CXorf38	Uncharacterized protein CXorf38	759108	400589	425139	775175
Q8TB22	Q8TB22	SPT20_HUMAN	SPATA20	Spermatogenesis-associated protein 20	1.01304e+06	821579	650307	968405
Q8TB24	Q8TB24	RIN3_HUMAN	RIN3	Ras and Rab interactor 3	201080	256195		221560
Q8TB36	Q8TB36	GDAP1_HUMAN	GDAP1	Ganglioside-induced differentiation-associated protein 1	456930	426749	371482	356152
Q8TB37	Q8TB37	NUBPL_HUMAN	NUBPL	Iron-sulfur protein NUBPL	1.88597e+06		775721	2.24792e+06
Q8TB52	Q8TB52	FBX30_HUMAN	FBXO30	F-box only protein 30	98241.9		78623.8	196478
Q8TB61	Q8TB61	S35B2_HUMAN	SLC35B2	Adenosine 3'-phospho 5'-phosphosulfate transporter 1	2.26045e+06	840827	2.25487e+06	2.14205e+06
Q8TB96	Q8TB96	TIP_HUMAN	ITFG1	T-cell immunomodulatory protein	612702	285045	831638	604277
Q8TBA6	Q8TBA6	GOGA5_HUMAN	GOLGA5	Golgin subfamily A member 5	2.79817e+06	1.97942e+06	1.09559e+06	2.53109e+06
Q8TBC4	Q8TBC4	UBA3_HUMAN	UBA3	NEDD8-activating enzyme E1 catalytic subunit	2.35133e+06	2.65599e+06	2.64356e+06	2.65388e+06
Q8TBF2	Q8TBF2	PXL2B_HUMAN	PRXL2B	Prostamide/prostaglandin F synthase	1.39889e+06	479861	2.10472e+06	1.44307e+06
Q8TBP6	Q8TBP6	S2540_HUMAN	SLC25A40	Probable mitochondrial glutathione transporter SLC25A40	699196	252806	453183	620886
Q8TBQ9	Q8TBQ9	KISHA_HUMAN	TMEM167A	Protein kish-A	6.05568e+06	5.08998e+06	6.26091e+06	4.84785e+06
Q8TBR7	Q8TBR7	TLC3A_HUMAN	TLCD3A	TLC domain-containing protein 3A	442846	457555	414225	624669
Q8TBX8	Q8TBX8	PI42C_HUMAN	PIP4K2C	Phosphatidylinositol 5-phosphate 4-kinase type-2 gamma	1.04781e+06	827195	1.10756e+06	1.02721e+06
Q8TC07	Q8TC07	TBC15_HUMAN	TBC1D15	TBC1 domain family member 15	1.13765e+06	1.44707e+06	660775	1.36144e+06
Q8TC12	Q8TC12	RDH11_HUMAN	RDH11	Retinol dehydrogenase 11	3.4693e+06	2.83589e+06	2.94224e+06	2.5648e+06
Q8TCA0	Q8TCA0	LRC20_HUMAN	LRRC20	Leucine-rich repeat-containing protein 20	135149		292867	201053
Q8TCC3	Q8TCC3	RM30_HUMAN	MRPL30	Large ribosomal subunit protein uL30m	581449	474680	236457	706079
Q8TCD1	Q8TCD1	CR032_HUMAN	C18orf32	UPF0729 protein C18orf32	301517	219691	514095	236517
Q8TCD5	Q8TCD5	NT5C_HUMAN	NT5C	5'(3')-deoxyribonucleotidase, cytosolic type	1.34314e+06	907373	2.20693e+06	1.45908e+06
Q8TCE6	Q8TCE6;Q6NSW5	DEN10_HUMAN	DENND10	DENN domain-containing protein 10	840352	688794	470041	814578
Q8TCF1	Q8TCF1	ZFAN1_HUMAN	ZFAND1	AN1-type zinc finger protein 1	717134	822925	654483	790835
Q8TCG2	Q8TCG2	P4K2B_HUMAN	PI4K2B	Phosphatidylinositol 4-kinase type 2-beta	150533	112153	182524	218677
Q8TCJ2	Q8TCJ2	STT3B_HUMAN	STT3B	Dolichyl-diphosphooligosaccharide--protein glycosyltransferase subunit STT3B	4.54826e+06	4.36996e+06	2.6978e+06	4.6711e+06
Q8TCS8	Q8TCS8	PNPT1_HUMAN	PNPT1	Polyribonucleotide nucleotidyltransferase 1, mitochondrial	2.28586e+06	1.5413e+06	1.42721e+06	2.24783e+06
Q8TCT7	Q8TCT7	SPP2B_HUMAN	SPPL2B	Signal peptide peptidase-like 2B	228547	303164	496221	382336
Q8TCT8	Q8TCT8	SPP2A_HUMAN	SPPL2A	Signal peptide peptidase-like 2A	797559	1.03826e+06	1.40189e+06	525531
Q8TCT9	Q8TCT9	HM13_HUMAN	HM13	Minor histocompatibility antigen H13	6.99886e+06	6.87936e+06	7.77732e+06	6.15848e+06
Q8TCU6	Q8TCU6	PREX1_HUMAN	PREX1	Phosphatidylinositol 3,4,5-trisphosphate-dependent Rac exchanger 1 protein	516363	764832	331038	411579
Q8TD06	Q8TD06	AGR3_HUMAN	AGR3	Anterior gradient protein 3	8.17214e+06	2.34928e+06	1.22606e+07	9.21831e+06
Q8TD08	Q8TD08	MK15_HUMAN	MAPK15	Mitogen-activated protein kinase 15	4.12398e+06	5.30277e+06	1.2408e+07	6.30265e+06
Q8TD16	Q8TD16	BICD2_HUMAN	BICD2	Protein bicaudal D homolog 2	298582	184070		151865
Q8TD19	Q8TD19	NEK9_HUMAN	NEK9	Serine/threonine-protein kinase Nek9	2.77072e+06	1.94884e+06	787277	2.58509e+06
Q8TD43	Q8TD43	TRPM4_HUMAN	TRPM4	Transient receptor potential cation channel subfamily M member 4	1.85998e+06	839109	1.55244e+06	2.71856e+06
Q8TD46	Q8TD46	MO2R1_HUMAN	CD200R1	Cell surface glycoprotein CD200 receptor 1	105901	302046	134786	
Q8TD47	Q8TD47	RS4Y2_HUMAN	RPS4Y2	Small ribosomal subunit protein eS4, Y isoform 2	686732			
Q8TD55	Q8TD55	PKHO2_HUMAN	PLEKHO2	Pleckstrin homology domain-containing family O member 2	2.36006e+06	2.54785e+06	1.27751e+06	1.51126e+06
Q8TDB6	Q8TDB6	DTX3L_HUMAN	DTX3L	E3 ubiquitin-protein ligase DTX3L	452744	207249	80275.7	157513
Q8TDH9	Q8TDH9	BL1S5_HUMAN	BLOC1S5	Biogenesis of lysosome-related organelles complex 1 subunit 5	577740	320896	354287	525691
Q8TDN6	Q8TDN6	BRX1_HUMAN	BRIX1	Ribosome biogenesis protein BRX1 homolog	149300	63828.6		64314.3
Q8TDP1	Q8TDP1	RNH2C_HUMAN	RNASEH2C	Ribonuclease H2 subunit C	425526	293436	479891	417020
Q8TDQ1	Q8TDQ1	CLM1_HUMAN	CD300LF	CMRF35-like molecule 1	288293	368784	293849	193787
Q8TDQ7	Q8TDQ7	GNPI2_HUMAN	GNPDA2	Glucosamine-6-phosphate isomerase 2	655795	789400	560485	601381
Q8TDX7	Q8TDX7	NEK7_HUMAN	NEK7	Serine/threonine-protein kinase Nek7	1.16573e+06	220976	608218	904092
Q8TDZ2	Q8TDZ2	MICA1_HUMAN	MICAL1	[F-actin]-monooxygenase MICAL1	2.67305e+06	3.45585e+06	1.41975e+06	2.57985e+06
Q8TE02	Q8TE02	ELP5_HUMAN	ELP5	Elongator complex protein 5	133097		270548	268843
Q8TE67	Q8TE67	ES8L3_HUMAN	EPS8L3	Epidermal growth factor receptor kinase substrate 8-like protein 3	1.04625e+06	623917	1.26194e+06	1.4416e+06
Q8TE68	Q8TE68	ES8L1_HUMAN	EPS8L1	Epidermal growth factor receptor kinase substrate 8-like protein 1	583641	317466	759235	844715
Q8TE77	Q8TE77	SSH3_HUMAN	SSH3	Protein phosphatase Slingshot homolog 3	1.11292e+06	312927	1.03618e+06	1.43587e+06
Q8TEA7	Q8TEA7	TBCK_HUMAN	TBCK	TBC domain-containing protein kinase-like protein		227297		
Q8TEA8	Q8TEA8	DTD1_HUMAN	DTD1	D-aminoacyl-tRNA deacylase 1	961834	882983	1.01993e+06	1.05508e+06
Q8TEB1	Q8TEB1	DCA11_HUMAN	DCAF11	DDB1- and CUL4-associated factor 11	297474	232903	126256	263052
Q8TEB9	Q8TEB9	RHBL4_HUMAN	RHBDD1	Rhomboid-related protein 4	247975	420511	213592	230996
Q8TED1	Q8TED1	GPX8_HUMAN	GPX8	Probable glutathione peroxidase 8	1.82545e+06	1.57456e+06	590152	842513
Q8TED4	Q8TED4	G6PT3_HUMAN	SLC37A2	Glucose-6-phosphate exchanger SLC37A2	527648	416221	662430	389114
Q8TEM1	Q8TEM1	PO210_HUMAN	NUP210	Nuclear pore membrane glycoprotein 210	839666	356552		686496
Q8TEQ6	Q8TEQ6	GEMI5_HUMAN	GEMIN5	Gem-associated protein 5	512179	518946	305056	509848
Q8TEQ8	Q8TEQ8	PIGO_HUMAN	PIGO	GPI ethanolamine phosphate transferase 3	898971	743281	449016	986429
Q8TET4	Q8TET4	GANC_HUMAN	GANC	Neutral alpha-glucosidase C	427272	348829	331186	391953
Q8TEX9	Q8TEX9	IPO4_HUMAN	IPO4	Importin-4	906095	475205	592422	1.10305e+06
Q8TF05	Q8TF05	PP4R1_HUMAN	PPP4R1	Serine/threonine-protein phosphatase 4 regulatory subunit 1	617915	300522	472890	826773
Q8TF42	Q8TF42	UBS3B_HUMAN	UBASH3B	Ubiquitin-associated and SH3 domain-containing protein B	331468	238513	101043	62330.5
Q8TF65	Q8TF65	GIPC2_HUMAN	GIPC2	PDZ domain-containing protein GIPC2	1.16432e+06		882304	1.52794e+06
Q8TF66	Q8TF66	LRC15_HUMAN	LRRC15	Leucine-rich repeat-containing protein 15	523537	322380	79419.2	122446
Q8TF74	Q8TF74	WIPF2_HUMAN	WIPF2	WAS/WASL-interacting protein family member 2	413355		267820	466306
Q8WTS1	Q8WTS1	ABHD5_HUMAN	ABHD5	1-acylglycerol-3-phosphate O-acyltransferase ABHD5		282228	158794	
Q8WTS6	Q8WTS6	SETD7_HUMAN	SETD7	Histone-lysine N-methyltransferase SETD7	839300	1.08832e+06	1.01721e+06	805998
Q8WTV0	Q8WTV0	SCRB1_HUMAN	SCARB1	Scavenger receptor class B member 1	326635	456956	850632	374175
Q8WTW3	Q8WTW3	COG1_HUMAN	COG1	Conserved oligomeric Golgi complex subunit 1	2.33336e+06	1.43468e+06	310216	2.63117e+06
Q8WU39	Q8WU39	MZB1_HUMAN	MZB1	Marginal zone B- and B1-cell-specific protein	6.62108e+07	5.77123e+07	1.94231e+08	6.69024e+07
Q8WU76	Q8WU76	SCFD2_HUMAN	SCFD2	Sec1 family domain-containing protein 2	374049	182285	145117	294857
Q8WU79	Q8WU79	SMAP2_HUMAN	SMAP2	Stromal membrane-associated protein 2	1.33641e+06	2.07434e+06	1.12483e+06	1.09335e+06
Q8WU90	Q8WU90	ZC3HF_HUMAN	ZC3H15	Zinc finger CCCH domain-containing protein 15	605576	522480	177516	459166
Q8WUA2	Q8WUA2	PPIL4_HUMAN	PPIL4	Peptidyl-prolyl cis-trans isomerase-like 4	736083	724816	204363	394059
Q8WUA7	Q8WUA7	TB22A_HUMAN	TBC1D22A	TBC1 domain family member 22A	830763	477756	573214	732959
Q8WUD1	Q8WUD1	RAB2B_HUMAN	RAB2B	Ras-related protein Rab-2B	333276	350172	347446	312964
Q8WUH1	Q8WUH1	CHUR_HUMAN	CHURC1	Protein Churchill	265785	3.97871e+06	807311	380090
Q8WUH2	Q8WUH2	TGFA1_HUMAN	TGFBRAP1	Transforming growth factor-beta receptor-associated protein 1	390319	396509		344457
Q8WUH6	Q8WUH6	TM263_HUMAN	TMEM263	Transmembrane protein 263	977667	194410	1.91609e+06	1.16359e+06
Q8WUK0	Q8WUK0	PTPM1_HUMAN	PTPMT1	Phosphatidylglycerophosphatase and protein-tyrosine phosphatase 1	195145		106218	145785
Q8WUM0	Q8WUM0	NU133_HUMAN	NUP133	Nuclear pore complex protein Nup133	1.57021e+06	1.37524e+06		1.35548e+06
Q8WUM4	Q8WUM4	PDC6I_HUMAN	PDCD6IP	Programmed cell death 6-interacting protein	9.86916e+06	9.04144e+06	8.70586e+06	1.15818e+07
Q8WUP2	Q8WUP2	FBLI1_HUMAN	FBLIM1	Filamin-binding LIM protein 1	1.03563e+06	803041	597141	1.01672e+06
Q8WUX1	Q8WUX1	S38A5_HUMAN	SLC38A5	Sodium-coupled neutral amino acid transporter 5		870829	590697	
Q8WUX9	Q8WUX9	CHMP7_HUMAN	CHMP7	Charged multivesicular body protein 7	371977	273403	423160	370724
Q8WUY1	Q8WUY1	THEM6_HUMAN	THEM6	Protein THEM6	1.39224e+06	1.04663e+06	935274	1.42367e+06
Q8WUZ0	Q9BQE9;Q4VC05;Q8WUZ0	BCL7C_HUMAN	BCL7C	B-cell CLL/lymphoma 7 protein family member C	573701	554938	178577	740453
Q8WV74	Q8WV74	NUDT8_HUMAN	NUDT8	Mitochondrial coenzyme A diphosphatase NUDT8	1.20393e+06	2.13629e+06	1.41914e+06	1.49517e+06
Q8WV93	Q8WV93	AFG1L_HUMAN	AFG1L	AFG1-like ATPase	252133	54269.9		326348
Q8WV99	Q8WV99	ZFN2B_HUMAN	ZFAND2B	AN1-type zinc finger protein 2B	159289		104941	232241
Q8WVC0	Q8WVC0	LEO1_HUMAN	LEO1	RNA polymerase-associated protein LEO1	305771		82478.8	307695
Q8WVC6	Q8WVC6	DCAKD_HUMAN	DCAKD	Dephospho-CoA kinase domain-containing protein	2.08748e+06	1.22664e+06	1.74712e+06	1.84793e+06
Q8WVI0	Q8WVI0	UQCC5_HUMAN	UQCC5	Ubiquinol-cytochrome-c reductase complex assembly factor 5	358112	235031		365405
Q8WVJ2	Q8WVJ2	NUDC2_HUMAN	NUDCD2	NudC domain-containing protein 2	1.42091e+06	464861	2.60585e+06	1.74779e+06
Q8WVL7	Q8WVL7	ANR49_HUMAN	ANKRD49	Ankyrin repeat domain-containing protein 49	165971		148433	167043
Q8WVM7	Q8WVM7	STAG1_HUMAN	STAG1	Cohesin subunit SA-1	445796		409459	496572
Q8WVM8	Q8WVM8	SCFD1_HUMAN	SCFD1	Sec1 family domain-containing protein 1	2.93807e+06	1.39372e+06	1.59675e+06	2.71044e+06
Q8WVN6	Q8WVN6	SCTM1_HUMAN	SECTM1	Secreted and transmembrane protein 1	106265	187882	197569	
Q8WVQ1	Q8WVQ1	CANT1_HUMAN	CANT1	Soluble calcium-activated nucleotidase 1	3.75405e+06	1.66051e+06	5.55745e+06	3.47133e+06
Q8WVT3	Q8WVT3	TPC12_HUMAN	TRAPPC12	Trafficking protein particle complex subunit 12	367562	366002	210603	366060
Q8WVV4	Q8WVV4	POF1B_HUMAN	POF1B	Protein POF1B	1.32734e+06	3.00123e+06	841541	1.68341e+06
Q8WVV9	Q8WVV9	HNRLL_HUMAN	HNRNPLL	Heterogeneous nuclear ribonucleoprotein L-like	513160	524810	265427	360537
Q8WVX9	Q8WVX9	FACR1_HUMAN	FAR1	Fatty acyl-CoA reductase 1	313640	253509	141207	263802
Q8WVY7	Q8WVY7	UBCP1_HUMAN	UBLCP1	Ubiquitin-like domain-containing CTD phosphatase 1	1.89314e+06	2.96438e+06	1.60308e+06	1.60396e+06
Q8WW12	Q8WW12	PCNP_HUMAN	PCNP	PEST proteolytic signal-containing nuclear protein	1.65128e+06	160604	3.16242e+06	2.5656e+06
Q8WW59	Q8WW59	SPRY4_HUMAN	SPRYD4	SPRY domain-containing protein 4	2.43759e+06	456537	4.0427e+06	2.51457e+06
Q8WWA0	Q8WWA0	ITLN1_HUMAN	ITLN1	Intelectin-1	5.08817e+07	4.42709e+06	4.42133e+07	5.26807e+07
Q8WWC4	Q8WWC4	MAIP1_HUMAN	MAIP1	m-AAA protease-interacting protein 1, mitochondrial	698297	329802	528654	850224
Q8WWH5	Q8WWH5	TRUB1_HUMAN	TRUB1	Pseudouridylate synthase TRUB1	416083	305415	370482	506725
Q8WWI1	Q8WWI1	LMO7_HUMAN	LMO7	LIM domain only protein 7	691469	309407	336549	914436
Q8WWI5	Q8WWI5	CTL1_HUMAN	SLC44A1	Choline transporter-like protein 1	2.82845e+06	1.62932e+06	4.63847e+06	3.32136e+06
Q8WWM7	Q8WWM7	ATX2L_HUMAN	ATXN2L	Ataxin-2-like protein	1.79052e+06	889181	1.18095e+06	1.87349e+06
Q8WWM9	Q8WWM9	CYGB_HUMAN	CYGB	Cytoglobin	1.731e+06	2.76395e+06	2.35666e+06	2.19257e+06
Q8WWP7	Q8WWP7	GIMA1_HUMAN	GIMAP1	GTPase IMAP family member 1	3.38424e+06	1.36512e+06	1.10813e+06	1.48793e+06
Q8WWV3	Q8WWV3	RT4I1_HUMAN	RTN4IP1	Reticulon-4-interacting protein 1, mitochondrial	3.68914e+06	2.55427e+06	3.96688e+06	3.97045e+06
Q8WWW0	Q8WWW0	RASF5_HUMAN	RASSF5	Ras association domain-containing protein 5	220757	306957	101544	83767.2
Q8WWX9	Q8WWX9	SELM_HUMAN	SELENOM	Selenoprotein M	1.20314e+06	639966	1.40732e+06	907569
Q8WWY3	Q8WWY3	PRP31_HUMAN	PRPF31	U4/U6 small nuclear ribonucleoprotein Prp31	1.5086e+06		646333	1.10659e+06
Q8WWY8	Q8WWY8	LIPH_HUMAN	LIPH	Lipase member H	253696		472804	336466
Q8WX92	Q8WX92	NELFB_HUMAN	NELFB	Negative elongation factor B	731818	551841	154024	725976
Q8WX93	Q8WX93	PALLD_HUMAN	PALLD	Palladin	3.37955e+06	1.27338e+06	962536	2.0201e+06
Q8WXA9	Q8WXA9	SREK1_HUMAN	SREK1	Splicing regulatory glutamine/lysine-rich protein 1	856732			896598
Q8WXB1	Q8WXB1	MT21A_HUMAN	METTL21A	Protein N-lysine methyltransferase METTL21A			175710	45594.1
Q8WXF1	Q8WXF1	PSPC1_HUMAN	PSPC1	Paraspeckle component 1	2.25972e+06	1.57969e+06	974989	1.97988e+06
Q8WXF7	Q8WXF7	ATLA1_HUMAN	ATL1	Atlastin-1	610629	109523	198676	208752
Q8WXH0	Q8WXH0	SYNE2_HUMAN	SYNE2	Nesprin-2	2.47839e+06	2.70333e+06	1.88253e+06	2.72726e+06
Q8WXI4	Q8WXI4	ACO11_HUMAN	ACOT11	Acyl-coenzyme A thioesterase 11	1.58565e+06	861169	1.48085e+06	1.80246e+06
Q8WXI9	Q8WXI9	P66B_HUMAN	GATAD2B	Transcriptional repressor p66-beta	358260			268053
Q8WXK1	Q8WXK1	ASB15_HUMAN	ASB15	Ankyrin repeat and SOCS box protein 15			243791	146784
Q8WXR4	Q8WXR4	MYO3B_HUMAN	MYO3B	Myosin-IIIb	417810	494142	131029	353764
Q8WXX5	Q8WXX5	DNJC9_HUMAN	DNAJC9	DnaJ homolog subfamily C member 9	925052	629346	927591	1.00508e+06
Q8WY22	Q8WY22	BRI3B_HUMAN	BRI3BP	BRI3-binding protein	1.94648e+06	2.29487e+06	2.04831e+06	2.09605e+06
Q8WYA6	Q8WYA6	CTBL1_HUMAN	CTNNBL1	Beta-catenin-like protein 1	662614	545575	399263	461668
Q8WYJ6	Q8WYJ6	SEPT1_HUMAN	SEPTIN1	Septin-1	1.10035e+06	430759	655304	761314
Q8WZ82	Q8WZ82	OVCA2_HUMAN	OVCA2	Esterase OVCA2	1.06931e+06	900797	1.90019e+06	1.33843e+06
Q8WZA0	Q8WZA0	LZIC_HUMAN	LZIC	Protein LZIC	2.49965e+06	323514	3.25585e+06	2.73848e+06
Q8WZA9	Q8WZA9	IRGQ_HUMAN	IRGQ	Immunity-related GTPase family Q protein	3.11805e+06	2.21202e+06	5.53759e+06	3.60231e+06
Q92466	Q92466	DDB2_HUMAN	DDB2	DNA damage-binding protein 2	895114	3.25653e+06	828170	1.15213e+06
Q92478	Q92478	CLC2B_HUMAN	CLEC2B	C-type lectin domain family 2 member B	332044	372898	315694	
Q92484	Q92484	ASM3A_HUMAN	SMPDL3A	Acid sphingomyelinase-like phosphodiesterase 3a	2.51903e+06	2.68929e+06	6.50565e+06	3.65727e+06
Q92485	Q92485	ASM3B_HUMAN	SMPDL3B	Acid sphingomyelinase-like phosphodiesterase 3b	450152	974427	2.27505e+06	676607
Q92499	Q92499	DDX1_HUMAN	DDX1	ATP-dependent RNA helicase DDX1	3.97594e+06	2.63357e+06	1.65786e+06	4.28105e+06
Q92506	Q92506	DHB8_HUMAN	HSD17B8	(3R)-3-hydroxyacyl-CoA dehydrogenase	2.25092e+06	860972	1.56008e+06	2.72782e+06
Q92508	Q92508	PIEZ1_HUMAN	PIEZO1	Piezo-type mechanosensitive ion channel component 1	306191	321602	125854	189087
Q92520	Q92520	FAM3C_HUMAN	FAM3C	Protein FAM3C	2.701e+06	2.36658e+06	3.45134e+06	2.47764e+06
Q92522	Q92522	H1X_HUMAN	H1-10	Histone H1.10	1.71663e+06	615916	688148	1.99656e+06
Q92526	Q92526	TCPW_HUMAN	CCT6B	T-complex protein 1 subunit zeta-2	2.18951e+06	1.30559e+06	1.94424e+06	2.33462e+06
Q92530	Q92530	PSMF1_HUMAN	PSMF1	Proteasome inhibitor PI31 subunit	2.30811e+06	793153	2.63606e+06	2.63127e+06
Q92536	Q92536	YLAT2_HUMAN	SLC7A6	Y+L amino acid transporter 2	145387		101662	54040.7
Q92537	Q92537	SUSD6_HUMAN	SUSD6	Sushi domain-containing protein 6	339989		236957	324056
Q92538	Q92538	GBF1_HUMAN	GBF1	Golgi-specific brefeldin A-resistance guanine nucleotide exchange factor 1	1.17529e+06	457689	463267	1.25228e+06
Q92541	Q92541	RTF1_HUMAN	RTF1	RNA polymerase-associated protein RTF1 homolog	1.96927e+06	1.93952e+06	1.28417e+06	2.05183e+06
Q92542	Q92542	NICA_HUMAN	NCSTN	Nicastrin	2.73382e+06	3.48944e+06	3.70456e+06	2.36757e+06
Q92544	Q92544	TM9S4_HUMAN	TM9SF4	Transmembrane 9 superfamily member 4	5.24841e+06	4.00479e+06	5.66441e+06	4.65329e+06
Q92546	Q92546	RGP1_HUMAN	RGP1	RAB6A-GEF complex partner protein 2	214088	151005	183187	173900
Q92551	Q92551	IP6K1_HUMAN	IP6K1	Inositol hexakisphosphate kinase 1	742368	980955	918257	1.07702e+06
Q92552	Q92552	RT27_HUMAN	MRPS27	Small ribosomal subunit protein mS27	1.4253e+06	791239	522220	1.72794e+06
Q92556	Q92556	ELMO1_HUMAN	ELMO1	Engulfment and cell motility protein 1	1.30633e+06	1.55359e+06	454729	1.03214e+06
Q92564	Q92564	DCNL4_HUMAN	DCUN1D4	DCN1-like protein 4		1.2138e+06	1.72145e+06	799841
Q92572	Q92572	AP3S1_HUMAN	AP3S1	AP-3 complex subunit sigma-1	1.05079e+06	713375	647557	1.0806e+06
Q92575	Q92575	UBXN4_HUMAN	UBXN4	UBX domain-containing protein 4	830172	568141	362488	628991
Q92581	Q92581	SL9A6_HUMAN	SLC9A6	Sodium/hydrogen exchanger 6	560228	441858	298431	287973
Q92597	Q92597	NDRG1_HUMAN	NDRG1	Protein NDRG1	5.59336e+06	1.68042e+06	4.65695e+06	4.77321e+06
Q92598	Q92598	HS105_HUMAN	HSPH1	Heat shock protein 105 kDa	3.68704e+06	4.67609e+06	3.92893e+06	4.15234e+06
Q92599	Q92599	SEPT8_HUMAN	SEPTIN8	Septin-8	1.32921e+06	1.21124e+06	436623	1.08633e+06
Q92600	Q92600	CNOT9_HUMAN	CNOT9	CCR4-NOT transcription complex subunit 9	729084	697176	393779	714076
Q92604	Q92604	LGAT1_HUMAN	LPGAT1	Acyl-CoA:lysophosphatidylglycerol acyltransferase 1	1.69036e+06	1.5411e+06	984191	852082
Q92608	Q92608	DOCK2_HUMAN	DOCK2	Dedicator of cytokinesis protein 2	932122	1.47769e+06	260236	661643
Q92609	Q92609	TBCD5_HUMAN	TBC1D5	TBC1 domain family member 5	880728	558268	386244	903759
Q92614	Q92614	MY18A_HUMAN	MYO18A	Unconventional myosin-XVIIIa	367388	233506		496998
Q92615	Q92615	LAR4B_HUMAN	LARP4B	La-related protein 4B	322253	231864	253399	320979
Q92616	Q92616	GCN1_HUMAN	GCN1	Stalled ribosome sensor GCN1	4.14195e+06	2.33118e+06	1.39421e+06	4.46891e+06
Q92619	Q92619	HMHA1_HUMAN	ARHGAP45	Rho GTPase-activating protein 45	952406	826260	248228	624217
Q92620	Q92620	PRP16_HUMAN	DHX38	Pre-mRNA-splicing factor ATP-dependent RNA helicase PRP16	2.68213e+06	2.92022e+06	1.59066e+06	2.47383e+06
Q92621	Q92621	NU205_HUMAN	NUP205	Nuclear pore complex protein Nup205	905405	227926	1.10207e+06	871197
Q92625	Q92625	ANS1A_HUMAN	ANKS1A	Ankyrin repeat and SAM domain-containing protein 1A	670332	343233	259873	710232
Q92626	Q92626	PXDN_HUMAN	PXDN	Peroxidasin homolog	501502	556630	342137	340986
Q92629	Q92629	SGCD_HUMAN	SGCD	Delta-sarcoglycan	1.63084e+06	655045	663934	957406
Q92633	Q92633	LPAR1_HUMAN	LPAR1	Lysophosphatidic acid receptor 1	692786	630470	664323	724998
Q92643	Q92643	GPI8_HUMAN	PIGK	GPI-anchor transamidase	940137	659553	486270	853752
Q92665	Q92665	RT31_HUMAN	MRPS31	Small ribosomal subunit protein mS31	443803	247628	163565	537587
Q92667	Q92667	AKAP1_HUMAN	AKAP1	A-kinase anchor protein 1, mitochondrial	264689		89589.6	339982
Q92673	Q92673	SORL_HUMAN	SORL1	Sortilin-related receptor	1.22864e+06	1.24375e+06	1.06541e+06	1.34419e+06
Q92685	Q92685	ALG3_HUMAN	ALG3	Dol-P-Man:Man(5)GlcNAc(2)-PP-Dol alpha-1,3-mannosyltransferase	1.03057e+06	1.41084e+06	797731	1.0596e+06
Q92688	Q92688	AN32B_HUMAN	ANP32B	Acidic leucine-rich nuclear phosphoprotein 32 family member B	8.69703e+06	1.14924e+07	1.67709e+07	9.48343e+06
Q92692	Q92692	NECT2_HUMAN	NECTIN2	Nectin-2	4.76034e+06	4.5745e+06	6.59373e+06	4.24449e+06
Q92696	Q92696	PGTA_HUMAN	RABGGTA	Geranylgeranyl transferase type-2 subunit alpha	855119	1.03649e+06	944219	1.03037e+06
Q92733	Q92733	PRCC_HUMAN	PRCC	Proline-rich protein PRCC	748387	276358	395614	716226
Q92734	Q92734	TFG_HUMAN	TFG	Protein TFG	6.2513e+06	4.25335e+06	7.78907e+06	6.18165e+06
Q92743	Q92743	HTRA1_HUMAN	HTRA1	Serine protease HTRA1	174691	103957		71169.9
Q92747	Q92747	ARC1A_HUMAN	ARPC1A	Actin-related protein 2/3 complex subunit 1A	3.95594e+06	2.88039e+06	3.02146e+06	4.55756e+06
Q92765	Q92765	SFRP3_HUMAN	FRZB	Secreted frizzled-related protein 3	253146	211609	421732	457850
Q92769	Q92769	HDAC2_HUMAN	HDAC2	Histone deacetylase 2	675745	543290	257681	608012
Q92777	Q92777	SYN2_HUMAN	SYN2	Synapsin-2			111842	239185
Q92783	Q92783	STAM1_HUMAN	STAM	Signal transducing adapter molecule 1	1.04282e+06	775069	763544	1.27146e+06
Q92791	Q92791	SC65_HUMAN	P3H4	Endoplasmic reticulum protein SC65	489939	1.04361e+06		1.38035e+06
Q92796	Q92796	DLG3_HUMAN	DLG3	Disks large homolog 3	382871	162260	416887	326371
Q92797	Q92797	SYMPK_HUMAN	SYMPK	Symplekin	959583	508845	131898	926659
Q92804	Q92804	RBP56_HUMAN	TAF15	TATA-binding protein-associated factor 2N	1.21583e+06	946450	212562	690341
Q92805	Q92805	GOGA1_HUMAN	GOLGA1	Golgin subfamily A member 1	1.31565e+06	828469	628483	1.20251e+06
Q92820	Q92820	GGH_HUMAN	GGH	Gamma-glutamyl hydrolase	5.7693e+06	9.52557e+06	1.28381e+07	7.11544e+06
Q92828	Q92828	COR2A_HUMAN	CORO2A	Coronin-2A	316277	176341	204277	367121
Q92835	Q92835	SHIP1_HUMAN	INPP5D	Phosphatidylinositol 3,4,5-trisphosphate 5-phosphatase 1	6.2407e+06	7.44612e+06	3.5264e+06	5.13271e+06
Q92841	Q92841	DDX17_HUMAN	DDX17	Probable ATP-dependent RNA helicase DDX17	1.14982e+07	1.10996e+07	6.36992e+06	8.74098e+06
Q92851	Q92851	CASPA_HUMAN	CASP10	Caspase-10	796972	1.14971e+06	1.1784e+06	1.0916e+06
Q92854	Q92854	SEM4D_HUMAN	SEMA4D	Semaphorin-4D	463830	558754	771921	259963
Q92859	Q92859	NEO1_HUMAN	NEO1	Neogenin	209458	100768	133437	164146
Q92871	Q92871	PMM1_HUMAN	PMM1	Phosphomannomutase 1	905284		1.52476e+06	893931
Q92878	Q92878	RAD50_HUMAN	RAD50	DNA repair protein RAD50	1.69089e+06	1.4408e+06		1.46261e+06
Q92879	Q92879	CELF1_HUMAN	CELF1	CUGBP Elav-like family member 1	992033	760413	926621	945221
Q92882	Q92882	OSTF1_HUMAN	OSTF1	Osteoclast-stimulating factor 1	4.03618e+06	6.52375e+06	4.63391e+06	3.60107e+06
Q92888	Q92888	ARHG1_HUMAN	ARHGEF1	Rho guanine nucleotide exchange factor 1	3.13132e+06	2.50272e+06	1.36397e+06	2.36777e+06
Q92890	Q92890	UFD1_HUMAN	UFD1	Ubiquitin recognition factor in ER-associated degradation protein 1	2.23748e+06	1.96149e+06	1.27872e+06	2.0703e+06
Q92896	Q92896	GSLG1_HUMAN	GLG1	Golgi apparatus protein 1	4.69213e+06	5.90229e+06	6.4863e+06	4.74996e+06
Q92900	Q92900	RENT1_HUMAN	UPF1	Regulator of nonsense transcripts 1	2.66962e+06	2.56943e+06	1.66292e+06	2.90782e+06
Q92903	Q92903	CDS1_HUMAN	CDS1	Phosphatidate cytidylyltransferase 1	215346	64846.1	110992	221604
Q92905	Q92905	CSN5_HUMAN	COPS5	COP9 signalosome complex subunit 5	1.79007e+06	2.11755e+06	1.21368e+06	2.04591e+06
Q92917	Q92917	GPKOW_HUMAN	GPKOW	G-patch domain and KOW motifs-containing protein	644720	799745	463666	767465
Q92922	Q92922	SMRC1_HUMAN	SMARCC1	SWI/SNF complex subunit SMARCC1	198459			171365
Q92925	Q6STE5;Q92925;Q96GM5	SMRD2_HUMAN	SMARCD2	SWI/SNF-related matrix-associated actin-dependent regulator of chromatin subfamily D member 2	478257	491284		447790
Q92930	Q92930	RAB8B_HUMAN	RAB8B	Ras-related protein Rab-8B	3.57114e+06	5.41707e+06	3.95928e+06	2.53644e+06
Q92934	Q92934	BAD_HUMAN	BAD	Bcl2-associated agonist of cell death	467916	258950	664914	556621
Q92945	Q92945	FUBP2_HUMAN	KHSRP	Far upstream element-binding protein 2	1.66615e+07	2.60256e+06	1.37536e+07	1.64999e+07
Q92947	Q92947	GCDH_HUMAN	GCDH	Glutaryl-CoA dehydrogenase, mitochondrial	4.41632e+06	3.07471e+06	3.29516e+06	4.64966e+06
Q92954	Q92954	PRG4_HUMAN	PRG4	Proteoglycan 4	210674	373949		
Q92956	Q92956	TNR14_HUMAN	TNFRSF14	Tumor necrosis factor receptor superfamily member 14	942231	588628	876117	1.07819e+06
Q92959	Q92959	SO2A1_HUMAN	SLCO2A1	Solute carrier organic anion transporter family member 2A1	356119	365894	395101	278662
Q92973	Q92973	TNPO1_HUMAN	TNPO1	Transportin-1	2.00852e+06	794244	878616	1.98066e+06
Q92974	Q92974	ARHG2_HUMAN	ARHGEF2	Rho guanine nucleotide exchange factor 2	1.08668e+06	1.15498e+06	446965	839365
Q92989	Q92989	CLP1_HUMAN	CLP1	Polyribonucleotide 5'-hydroxyl-kinase Clp1	525511	642596	277290	488797
Q92990	Q92990	GLMN_HUMAN	GLMN	Glomulin	327448	329283	372110	339044
Q93008	O00507;Q93008	USP9X_HUMAN	USP9X	Probable ubiquitin carboxyl-terminal hydrolase FAF-X	1.11351e+06	467801	281180	1.19239e+06
Q93009	Q93009	UBP7_HUMAN	USP7	Ubiquitin carboxyl-terminal hydrolase 7	2.68348e+06	2.22822e+06	1.21226e+06	2.7661e+06
Q93033	Q93033	IGSF2_HUMAN	CD101	Immunoglobulin superfamily member 2	722787	1.05157e+06	591583	495790
Q93034	Q93034	CUL5_HUMAN	CUL5	Cullin-5	1.74294e+06	1.66728e+06	788207	1.77736e+06
Q93045	Q93045	STMN2_HUMAN	STMN2	Stathmin-2	2.28028e+06	1.4319e+06	4.17445e+06	2.99957e+06
Q93050	Q93050	VPP1_HUMAN	ATP6V0A1	V-type proton ATPase 116 kDa subunit a 1	1.33525e+06	1.58952e+06	1.29377e+06	1.62893e+06
Q93052	Q93052	LPP_HUMAN	LPP	Lipoma-preferred partner	9.31438e+06	1.11719e+06	1.11097e+06	5.26768e+06
Q93062	Q93062	RBPMS_HUMAN	RBPMS	RNA-binding protein with multiple splicing	3.47635e+06	1.31527e+06	1.3464e+06	2.42233e+06
Q93063	Q93063	EXT2_HUMAN	EXT2	Exostosin-2	166918	218159	166742	163548
Q93084	Q93084	AT2A3_HUMAN	ATP2A3	Sarcoplasmic/endoplasmic reticulum calcium ATPase 3	6.97081e+06	4.9769e+06	3.6753e+06	5.9498e+06
Q93091	Q93091	RNAS6_HUMAN	RNASE6	Ribonuclease K6	1.17247e+06	1.47941e+06	1.16892e+06	1.54993e+06
Q93096	Q93096	TP4A1_HUMAN	PTP4A1	Protein tyrosine phosphatase type IVA 1	1.36958e+06	1.16276e+06	2.48744e+06	1.38658e+06
Q93099	Q93099	HGD_HUMAN	HGD	Homogentisate 1,2-dioxygenase	431564	427160	609739	502882
Q93100	Q93100	KPBB_HUMAN	PHKB	Phosphorylase b kinase regulatory subunit beta	460503	263620	232815	499360
Q969E2	Q969E2	SCAM4_HUMAN	SCAMP4	Secretory carrier-associated membrane protein 4	1.56923e+06	1.35339e+06	2.4721e+06	1.33966e+06
Q969E4	Q5H9L2;Q969E4	TCAL3_HUMAN	TCEAL3	Transcription elongation factor A protein-like 3	782037	467144	1.01703e+06	916576
Q969E8	Q969E8	TSR2_HUMAN	TSR2	Pre-rRNA-processing protein TSR2 homolog	266526		367285	308441
Q969G3	Q969G3	SMCE1_HUMAN	SMARCE1	SWI/SNF-related matrix-associated actin-dependent regulator of chromatin subfamily E member 1	1.43403e+06	749874	624256	1.2158e+06
Q969G5	Q969G5	CAVN3_HUMAN	CAVIN3	Caveolae-associated protein 3	2.06621e+06	481061	374299	1.61476e+06
Q969H8	Q969H8	MYDGF_HUMAN	MYDGF	Myeloid-derived growth factor	9.51739e+06	1.22608e+07	2.19442e+07	9.93461e+06
Q969J3	Q969J3	BORC5_HUMAN	BORCS5	BLOC-1-related complex subunit 5	2.34713e+06	1.32944e+06	1.58657e+06	2.21714e+06
Q969K7	Q969K7	TMM54_HUMAN	TMEM54	Transmembrane protein 54	309843		832409	442171
Q969L2	Q969L2	MAL2_HUMAN	MAL2	Protein MAL2	1.73272e+06	1.32925e+06	3.9298e+06	2.95966e+06
Q969M1	Q969M1	TM40L_HUMAN	TOMM40L	Mitochondrial import receptor subunit TOM40B	108612		59968.4	78909.1
Q969M3	Q969M3	YIPF5_HUMAN	YIPF5	Protein YIPF5	1.06565e+06	579769	642394	782875
Q969M7	Q969M7	UBE2F_HUMAN	UBE2F	NEDD8-conjugating enzyme UBE2F	195172	333448	344692	371953
Q969N2	Q969N2	PIGT_HUMAN	PIGT	GPI transamidase component PIG-T	1.55744e+06	1.42396e+06	801934	1.42504e+06
Q969P0	Q969P0	IGSF8_HUMAN	IGSF8	Immunoglobulin superfamily member 8	643174	501830	1.07203e+06	808211
Q969Q0	P83881;Q969Q0	RL36L_HUMAN	RPL36AL	Ribosomal protein eL42-like	609932	314165	1.39701e+06	4.18918e+06
Q969Q5	Q969Q5	RAB24_HUMAN	RAB24	Ras-related protein Rab-24	790798	1.15319e+06	1.00027e+06	562301
Q969R2	Q969R2	OSBP2_HUMAN	OSBP2	Oxysterol-binding protein 2	653663	577123	679181	929824
Q969S3	Q969S3	ZN622_HUMAN	ZNF622	Cytoplasmic 60S subunit biogenesis factor ZNF622	181531	65491.1	96304.5	160899
Q969S9	Q969S9	RRF2M_HUMAN	GFM2	Ribosome-releasing factor 2, mitochondrial	455316	242553	162494	473473
Q969T9	Q969T9	WBP2_HUMAN	WBP2	WW domain-binding protein 2	1.96218e+06	2.9065e+06	2.46188e+06	1.67132e+06
Q969U7	Q969U7	PSMG2_HUMAN	PSMG2	Proteasome assembly chaperone 2	665788	696266	811807	799183
Q969V3	Q969V3	NCLN_HUMAN	NCLN	BOS complex subunit NCLN	3.2199e+06	1.27716e+06	2.12359e+06	2.53637e+06
Q969X1	Q969X1	LFG3_HUMAN	TMBIM1	Protein lifeguard 3	1.20534e+06	907436	1.31608e+06	828699
Q969X2	Q969X2	SIA7F_HUMAN	ST6GALNAC6	Alpha-N-acetylgalactosaminide alpha-2,6-sialyltransferase 6	2.84991e+06	791282	3.68979e+06	2.97606e+06
Q969X5	Q969X5	ERGI1_HUMAN	ERGIC1	Endoplasmic reticulum-Golgi intermediate compartment protein 1	3.37437e+06	2.52296e+06	3.33798e+06	3.64548e+06
Q969Y2	Q969Y2	GTPB3_HUMAN	GTPBP3	tRNA modification GTPase GTPBP3, mitochondrial	230439		201918	274875
Q969Z0	Q969Z0	FAKD4_HUMAN	TBRG4	FAST kinase domain-containing protein 4	1.29259e+06	404663	637814	1.47545e+06
Q969Z3	Q969Z3	MARC2_HUMAN	MTARC2	Mitochondrial amidoxime reducing component 2	1.66668e+06	799165	785943	1.40076e+06
Q96A25	Q96A25	T106A_HUMAN	TMEM106A	Transmembrane protein 106A			70549	
Q96A26	Q96A26	F162A_HUMAN	FAM162A	Protein FAM162A	1.32299e+07	4.23664e+06	1.40601e+07	1.42277e+07
Q96A29	Q96A29	FUCT1_HUMAN	SLC35C1	GDP-fucose transporter 1	1.17713e+06	715623	1.55687e+06	1.14236e+06
Q96A33	Q96A33	CCD47_HUMAN	CCDC47	PAT complex subunit CCDC47	1.71762e+06	1.35366e+06	1.4574e+06	1.49272e+06
Q96A35	Q96A35	RM24_HUMAN	MRPL24	Large ribosomal subunit protein uL24m	2.35406e+06	1.17264e+06	861541	2.65088e+06
Q96A49	Q96A49	SYAP1_HUMAN	SYAP1	Synapse-associated protein 1	1.59089e+06	453609	2.69763e+06	1.97773e+06
Q96A57	Q96A57	TM230_HUMAN	TMEM230	Transmembrane protein 230	983421	1.15739e+06	1.15495e+06	850133
Q96A65	Q96A65	EXOC4_HUMAN	EXOC4	Exocyst complex component 4	887592	432396	146380	767248
Q96AA3	Q96AA3	RFT1_HUMAN	RFT1	Protein RFT1 homolog	1.87072e+06	1.1951e+06	1.42275e+06	1.69339e+06
Q96AB3	Q96AB3	ISOC2_HUMAN	ISOC2	Isochorismatase domain-containing protein 2	1.77805e+06	596605	2.44283e+06	2.12973e+06
Q96AB6	Q96AB6	NTAN1_HUMAN	NTAN1	Protein N-terminal asparagine amidohydrolase	165603	196027	242022	
Q96AC1	Q96AC1;Q9BQL6	FERM2_HUMAN	FERMT2	Fermitin family homolog 2	3.34662e+06	2.22939e+06	838245	1.72029e+06
Q96AE4	Q96AE4	FUBP1_HUMAN	FUBP1	Far upstream element-binding protein 1	1.06377e+07	5.31927e+06	1.01252e+07	1.02866e+07
Q96AG3	Q96AG3	S2546_HUMAN	SLC25A46	Mitochondrial outer membrane protein SLC25A46	369228			
Q96AG4	Q96AG4	LRC59_HUMAN	LRRC59	Leucine-rich repeat-containing protein 59	9.26603e+06	6.86209e+06	1.04062e+07	8.76787e+06
Q96AH8	Q96AH8	RAB7B_HUMAN	RAB7B	Ras-related protein Rab-7b	490100	650768		
Q96AJ9	Q96AJ9	VTI1A_HUMAN	VTI1A	Vesicle transport through interaction with t-SNAREs homolog 1A	790427	372376	845453	689389
Q96AM1	Q96AM1	MRGRF_HUMAN	MRGPRF	Mas-related G-protein coupled receptor member F	919075	683054	765636	686714
Q96AP7	Q96AP7	ESAM_HUMAN	ESAM	Endothelial cell-selective adhesion molecule	1.09392e+06	842200	544450	726484
Q96AQ6	Q96AQ6	PBIP1_HUMAN	PBXIP1	Pre-B-cell leukemia transcription factor-interacting protein 1	778863		430592	637416
Q96AT1	Q96AT1	K1143_HUMAN	KIAA1143	Uncharacterized protein KIAA1143	268844	94212	491572	457582
Q96AT9	Q96AT9	RPE_HUMAN	RPE	Ribulose-phosphate 3-epimerase	555330		749569	519810
Q96AX1	Q96AX1	VP33A_HUMAN	VPS33A	Vacuolar protein sorting-associated protein 33A	3.47633e+06	3.35287e+06	999489	2.73566e+06
Q96AX2	Q96AX2	RAB37_HUMAN	RAB37	Ras-related protein Rab-37	501394	471794	532977	377849
Q96AY3	Q96AY3	FKB10_HUMAN	FKBP10	Peptidyl-prolyl cis-trans isomerase FKBP10	3.15944e+06	5.44656e+06	1.78437e+06	1.06197e+06
Q96AZ6	Q96AZ6	ISG20_HUMAN	ISG20	Interferon-stimulated gene 20 kDa protein	1.15958e+06	1.29909e+06	2.12482e+06	922783
Q96B21	Q96B21	TM45B_HUMAN	TMEM45B	Transmembrane protein 45B	856287	571933	1.73848e+06	1.37555e+06
Q96B36	Q96B36	AKTS1_HUMAN	AKT1S1	Proline-rich AKT1 substrate 1	439774		210092	347325
Q96B54	Q96B54	ZN428_HUMAN	ZNF428	Zinc finger protein 428	370031		321485	439513
Q96B97	Q96B97	SH3K1_HUMAN	SH3KBP1	SH3 domain-containing kinase-binding protein 1	3.82431e+06	2.16457e+06	2.16881e+06	3.99352e+06
Q96BI1	Q96BI1	S22AI_HUMAN	SLC22A18	Solute carrier family 22 member 18	1.01801e+06	1.05033e+06	1.37952e+06	1.3678e+06
Q96BI3	Q96BI3	APH1A_HUMAN	APH1A	Gamma-secretase subunit APH-1A	404337	462454	452980	337427
Q96BJ3	Q96BJ3	AIDA_HUMAN	AIDA	Axin interactor, dorsalization-associated protein	869027	678473	828686	728123
Q96BJ8	Q96BJ8	ELMO3_HUMAN	ELMO3	Engulfment and cell motility protein 3	1.38154e+06		874947	1.69691e+06
Q96BM9	Q96BM9	ARL8A_HUMAN	ARL8A	ADP-ribosylation factor-like protein 8A	2.33284e+06	2.63835e+06	3.23185e+06	1.95799e+06
Q96BN8	Q96BN8	OTUL_HUMAN	OTULIN	Ubiquitin thioesterase otulin	342682	288937	232842	315903
Q96BP2	Q96BP2	CHCH1_HUMAN	CHCHD1	Small ribosomal subunit protein mS37	742338		999672	836470
Q96BP3	Q96BP3	PPWD1_HUMAN	PPWD1	Peptidylprolyl isomerase domain and WD repeat-containing protein 1	641984	592555	353560	609109
Q96BQ1	Q96BQ1	FAM3D_HUMAN	FAM3D	Protein FAM3D	1.2124e+07	3.73549e+06	2.03649e+07	1.60533e+07
Q96BQ5	Q96BQ5	CC127_HUMAN	CCDC127	Coiled-coil domain-containing protein 127	104679	88825.9	30434.9	65715.3
Q96BR1	Q96BR1	SGK3_HUMAN	SGK3	Serine/threonine-protein kinase Sgk3	133815	846596	102393	185878
Q96BR5	Q96BR5	COA7_HUMAN	COA7	Cytochrome c oxidase assembly factor 7	832096	806245	1.06262e+06	880494
Q96BW5	Q96BW5	PTER_HUMAN	PTER	Phosphotriesterase-related protein	1.79445e+06	1.23349e+06	2.22294e+06	2.23838e+06
Q96BW9	Q96BW9	TAM41_HUMAN	TAMM41	Phosphatidate cytidylyltransferase, mitochondrial	181670		121337	147959
Q96BX8	Q96BX8	MOB3A_HUMAN	MOB3A	MOB kinase activator 3A	618388	463252	388686	493965
Q96BY6	Q96BY6	DOC10_HUMAN	DOCK10	Dedicator of cytokinesis protein 10	603139	390052	259901	570795
Q96BZ4	Q96BZ4	PLD4_HUMAN	PLD4	5'-3' exonuclease PLD4	196877	230967	326974	87342.4
Q96C01	Q96C01	F136A_HUMAN	FAM136A	Protein FAM136A	2.76159e+06	1.02432e+06	5.0208e+06	3.0143e+06
Q96C10	Q96C10	DHX58_HUMAN	DHX58	ATP-dependent RNA helicase DHX58	31581.3	38428.1		
Q96C19	Q96C19	EFHD2_HUMAN	EFHD2	EF-hand domain-containing protein D2	8.89216e+06	1.32117e+07	1.0922e+07	7.81334e+06
Q96C23	Q96C23	GALM_HUMAN	GALM	Galactose mutarotase	4.36842e+06	2.64038e+06	9.36342e+06	5.29743e+06
Q96C36	Q96C36	P5CR2_HUMAN	PYCR2	Pyrroline-5-carboxylate reductase 2	1.32687e+06	1.34546e+06	1.08883e+06	1.70164e+06
Q96C86	Q96C86	DCPS_HUMAN	DCPS	m7GpppX diphosphatase	2.86596e+06	2.84874e+06	4.13407e+06	3.34475e+06
Q96C90	Q96C90	PP14B_HUMAN	PPP1R14B	Protein phosphatase 1 regulatory subunit 14B	780434	261521	1.38473e+06	1.00054e+06
Q96CD0	Q96CD0	FBXL8_HUMAN	FBXL8	F-box/LRR-repeat protein 8	1.15339e+06	399813	1.41349e+06	1.33139e+06
Q96CD2	Q96CD2	COAC_HUMAN	PPCDC	Phosphopantothenoylcysteine decarboxylase	524013	341501	521098	511756
Q96CG8	Q96CG8	CTHR1_HUMAN	CTHRC1	Collagen triple helix repeat-containing protein 1	667953	825697	388989	
Q96CM8	Q96CM8	ACSF2_HUMAN	ACSF2	Medium-chain acyl-CoA ligase ACSF2, mitochondrial	3.1627e+06	1.56876e+06	2.52648e+06	3.90572e+06
Q96CN7	Q96CN7	ISOC1_HUMAN	ISOC1	Isochorismatase domain-containing protein 1	4.74331e+06	5.14912e+06	6.45384e+06	5.24349e+06
Q96CN9	Q96CN9	GCC1_HUMAN	GCC1	GRIP and coiled-coil domain-containing protein 1	338262	214540		344545
Q96CP2	Q4VC44;Q96CP2	FWCH2_HUMAN	FLYWCH2	FLYWCH family member 2	302330	287637	559216	411386
Q96CP7	Q96CP7	TLCD1_HUMAN	TLCD1	TLC domain-containing protein 1		437162		
Q96CS3	Q96CS3	FAF2_HUMAN	FAF2	FAS-associated factor 2	1.96757e+06	1.30271e+06	1.07151e+06	1.6634e+06
Q96CT7	Q96CT7	CC124_HUMAN	CCDC124	Coiled-coil domain-containing protein 124	484004	960595	536846	560295
Q96CU9	Q96CU9	FXRD1_HUMAN	FOXRED1	FAD-dependent oxidoreductase domain-containing protein 1	866179	530794	670019	858408
Q96CV9	Q96CV9	OPTN_HUMAN	OPTN	Optineurin	608203	189919	255758	674151
Q96CW1	Q96CW1	AP2M1_HUMAN	AP2M1	AP-2 complex subunit mu	3.67922e+06	3.54131e+06	637834	2.9773e+06
Q96CW5	Q96CW5	GCP3_HUMAN	TUBGCP3	Gamma-tubulin complex component 3	448101	236979	142009	440194
Q96CX2	Q96CX2;Q68DU8	KCD12_HUMAN	KCTD12	BTB/POZ domain-containing protein KCTD12	6.62054e+06	3.81177e+06	5.8346e+06	6.62921e+06
Q96D15	Q96D15	RCN3_HUMAN	RCN3	Reticulocalbin-3	5.79401e+06		1.33653e+06	921764
Q96D46	Q96D46	NMD3_HUMAN	NMD3	60S ribosomal export protein NMD3	218737	281322	149041	136499
Q96D53	Q96D53	COQ8B_HUMAN	COQ8B	Atypical kinase COQ8B, mitochondrial	200047		126870	204555
Q96D71	Q96D71	REPS1_HUMAN	REPS1	RalBP1-associated Eps domain-containing protein 1	129109			150368
Q96D96	Q96D96	HVCN1_HUMAN	HVCN1	Voltage-gated hydrogen channel 1	4.64242e+06	5.1791e+06	3.355e+06	2.41488e+06
Q96DA0	Q96DA0	ZG16B_HUMAN	ZG16B	Zymogen granule protein 16 homolog B	223442	130305	167193	150243
Q96DA6	Q96DA6	TIM14_HUMAN	DNAJC19	Mitochondrial import inner membrane translocase subunit TIM14	780984	594888	737689	793517
Q96DB5	Q96DB5	RMD1_HUMAN	RMDN1	Regulator of microtubule dynamics protein 1	1.54344e+06	1.56833e+06	1.76217e+06	1.34771e+06
Q96DC8	Q96DC8	ECHD3_HUMAN	ECHDC3	Enoyl-CoA hydratase domain-containing protein 3, mitochondrial	279104	157811	184690	327009
Q96DE0	Q96DE0	NUD16_HUMAN	NUDT16	U8 snoRNA-decapping enzyme	1.59181e+06	1.26262e+06	2.7671e+06	1.4882e+06
Q96DG6	Q96DG6	CMBL_HUMAN	CMBL	Carboxymethylenebutenolidase homolog	8.48843e+06	4.75939e+06	1.59311e+07	1.11731e+07
Q96DH6	Q96DH6	MSI2H_HUMAN	MSI2	RNA-binding protein Musashi homolog 2	1.20938e+06	1.07046e+06	1.63712e+06	1.85564e+06
Q96DI7	Q96DI7	SNR40_HUMAN	SNRNP40	U5 small nuclear ribonucleoprotein 40 kDa protein	502044	339808	169315	397531
Q96DM3	Q96DM3	RMC1_HUMAN	RMC1	Regulator of MON1-CCZ1 complex	247415	203406	135937	231440
Q96DT6	Q96DT6	ATG4C_HUMAN	ATG4C	Cysteine protease ATG4C	80872.5	114014	139329	138558
Q96DV4	Q96DV4	RM38_HUMAN	MRPL38	Large ribosomal subunit protein mL38	1.99001e+06	994208	746751	2.22026e+06
Q96DZ1	Q96DZ1	ERLEC_HUMAN	ERLEC1	Endoplasmic reticulum lectin 1	2.32146e+06	2.89789e+06	2.4929e+06	2.39359e+06
Q96DZ9	Q96DZ9	CKLF5_HUMAN	CMTM5	CKLF-like MARVEL transmembrane domain-containing protein 5	308159	140694		
Q96E11	Q96E11	RRFM_HUMAN	MRRF	Ribosome-recycling factor, mitochondrial	1.50238e+06	710957	1.55474e+06	1.5111e+06
Q96E39	Q96E39	RMXL1_HUMAN	RBMXL1	RNA binding motif protein, X-linked-like-1	725554	944333	231343	490681
Q96E52	Q96E52	OMA1_HUMAN	OMA1	Metalloendopeptidase OMA1, mitochondrial	296476	204105	167864	364437
Q96EB1	Q96EB1	ELP4_HUMAN	ELP4	Elongator complex protein 4	122572			116189
Q96EC8	Q96EC8	YIPF6_HUMAN	YIPF6	Protein YIPF6	1.30318e+06	840200	1.36488e+06	1.36451e+06
Q96ED9	Q96ED9	HOOK2_HUMAN	HOOK2	Protein Hook homolog 2	217294		124953	190987
Q96EE3	Q96EE3	SEH1_HUMAN	SEH1L	Nucleoporin SEH1	1.59968e+06	1.25607e+06	1.19283e+06	1.38387e+06
Q96EK4	Q96EK4	THA11_HUMAN	THAP11	THAP domain-containing protein 11	45306			32366.9
Q96EK5	Q96EK5	KBP_HUMAN	KIFBP	KIF-binding protein	118821	124560	143310	133128
Q96EK6	Q96EK6	GNA1_HUMAN	GNPNAT1	Glucosamine 6-phosphate N-acetyltransferase	1.45251e+06	1.47868e+06	6.37505e+06	3.17531e+06
Q96EK7	Q96EK7	F120B_HUMAN	FAM120B	Constitutive coactivator of peroxisome proliferator-activated receptor gamma	578289	568393	882620	895375
Q96EL2	Q96EL2	RT24_HUMAN	MRPS24	Small ribosomal subunit protein uS3m	825044	653930	362316	1.00137e+06
Q96EL3	Q96EL3	RM53_HUMAN	MRPL53	Large ribosomal subunit protein mL53	997160		528230	1.14316e+06
Q96EM0	Q96EM0	T3HPD_HUMAN	L3HYPDH	Trans-3-hydroxy-L-proline dehydratase	245614	291599	153294	136051
Q96EP0	Q96EP0	RNF31_HUMAN	RNF31	E3 ubiquitin-protein ligase RNF31	1.97305e+06	816482		1.87252e+06
Q96EP5	Q96EP5	DAZP1_HUMAN	DAZAP1	DAZ-associated protein 1	3.1757e+06	2.26604e+06	3.35277e+06	3.64589e+06
Q96EQ0	Q96EQ0	SGTB_HUMAN	SGTB	Small glutamine-rich tetratricopeptide repeat-containing protein beta	388270	378197	588422	
Q96ER9	Q96ER9	MITOK_HUMAN	CCDC51	Mitochondrial potassium channel	797357	526255	581436	714731
Q96EU7	Q96EU7	C1GLC_HUMAN	C1GALT1C1	C1GALT1-specific chaperone 1	247697	206011	312471	192695
Q96EV8	Q96EV8	DTBP1_HUMAN	DTNBP1	Dysbindin	396981	388916	170585	385819
Q96EX1	Q96EX1	SIM12_HUMAN	SMIM12	Small integral membrane protein 12	490197		692684	394571
Q96EY1	Q96EY1	DNJA3_HUMAN	DNAJA3	DnaJ homolog subfamily A member 3, mitochondrial	1.28904e+06	852066	652896	1.25149e+06
Q96EY4	Q96EY4	TMA16_HUMAN	TMA16	Translation machinery-associated protein 16			78991.3	163785
Q96EY5	Q96EY5	MB12A_HUMAN	MVB12A	Multivesicular body subunit 12A	810812	614669	724952	931832
Q96EY7	Q96EY7	PTCD3_HUMAN	PTCD3	Small ribosomal subunit protein mS39	1.24749e+06	432166	395129	1.5901e+06
Q96EY8	Q96EY8	MMAB_HUMAN	MMAB	Corrinoid adenosyltransferase MMAB	1.16792e+06	733732	1.02657e+06	1.23263e+06
Q96F07	Q96F07	CYFP2_HUMAN	CYFIP2	Cytoplasmic FMR1-interacting protein 2	663031	583279	136931	500579
Q96F10	Q96F10	SAT2_HUMAN	SAT2	Thialysine N-epsilon-acetyltransferase	207615	205789	372340	
Q96F15	Q96F15	GIMA5_HUMAN	GIMAP5	GTPase IMAP family member 5	8.11448e+06	5.62707e+06	6.13927e+06	3.46779e+06
Q96F25	Q96F25	ALG14_HUMAN	ALG14	UDP-N-acetylglucosamine transferase subunit ALG14 homolog	768355	810451	863040	650458
Q96F85	Q96F85	CNRP1_HUMAN	CNRIP1	CB1 cannabinoid receptor-interacting protein 1	1.2276e+06	1.28039e+06	1.28098e+06	1.11714e+06
Q96F86	Q96F86	EDC3_HUMAN	EDC3	Enhancer of mRNA-decapping protein 3	313273		66390.2	282240
Q96FF7	Q96FF7	MISP3_HUMAN	MISP3	Uncharacterized protein MISP3	373552		1.0241e+06	743495
Q96FJ2	Q96FJ2	DYL2_HUMAN	DYNLL2	Dynein light chain 2, cytoplasmic	2.01614e+06	924810	1.52226e+06	2.68184e+06
Q96FN4	Q96FN4	CPNE2_HUMAN	CPNE2	Copine-2	564215	572821	319127	488246
Q96FQ6	Q96FQ6	S10AG_HUMAN	S100A16	Protein S100-A16	2.54618e+06	808119	4.86532e+06	3.50545e+06
Q96FS4	Q96FS4	SIPA1_HUMAN	SIPA1	Signal-induced proliferation-associated protein 1	1.22262e+06	1.78108e+06	426062	723727
Q96FV2	Q96FV2	SCRN2_HUMAN	SCRN2	Secernin-2	1.30397e+06	1.37744e+06	3.36206e+06	1.89381e+06
Q96FV9	Q96FV9	THOC1_HUMAN	THOC1	THO complex subunit 1	444678	365079		423625
Q96FW1	Q96FW1	OTUB1_HUMAN	OTUB1	Ubiquitin thioesterase OTUB1	5.78727e+06	2.9391e+06	1.04141e+07	6.33633e+06
Q96FX7	Q96FX7	TRM61_HUMAN	TRMT61A	tRNA (adenine(58)-N(1))-methyltransferase catalytic subunit TRMT61A	384938	293045		344213
Q96FZ2	Q96FZ2	HMCES_HUMAN	HMCES	Abasic site processing protein HMCES	193656		76936.6	184501
Q96FZ5	Q96FZ5	CKLF7_HUMAN	CMTM7	CKLF-like MARVEL transmembrane domain-containing protein 7	698384	748671	629962	435851
Q96FZ7	Q96FZ7	CHMP6_HUMAN	CHMP6	Charged multivesicular body protein 6	1.44922e+06	1.06032e+06	1.39783e+06	1.16089e+06
Q96G03	Q96G03	PGM2_HUMAN	PGM2	Phosphopentomutase	6.28878e+06	1.03419e+07	7.41634e+06	6.14041e+06
Q96G23	Q96G23	CERS2_HUMAN	CERS2	Ceramide synthase 2	3.07814e+06	2.20044e+06	2.41441e+06	2.5352e+06
Q96G46	Q96G46	DUS3L_HUMAN	DUS3L	tRNA-dihydrouridine(47) synthase [NAD(P)(+)]-like	116986			169523
Q96G97	Q96G97	BSCL2_HUMAN	BSCL2	Seipin	814781	812705	541867	810504
Q96GA7	Q96GA7	SDSL_HUMAN	SDSL	Serine dehydratase-like	2.22691e+06	722834	1.92121e+06	2.21288e+06
Q96GC5	Q96GC5	RM48_HUMAN	MRPL48	Large ribosomal subunit protein mL48	528253		204837	735990
Q96GC9	Q96GC9	VMP1_HUMAN	VMP1	Vacuole membrane protein 1	1.38082e+06	850873	1.93093e+06	1.45053e+06
Q96GD0	Q96GD0	PLPP_HUMAN	PDXP	Chronophin	4.19599e+06	5.96991e+06	5.31994e+06	4.61548e+06
Q96GE6	Q96GE6	CALL4_HUMAN	CALML4	Calmodulin-like protein 4	691940	91986.1	1.68504e+06	1.21562e+06
Q96GF1	Q96GF1	RN185_HUMAN	RNF185	E3 ubiquitin-protein ligase RNF185	426686		228634	388370
Q96GG9	Q6PH85;Q96GG9	DCNL1_HUMAN	DCUN1D1	DCN1-like protein 1	1.26908e+06	1.66512e+06	1.99618e+06	1.36024e+06
Q96GK7	Q96GK7	FAH2A_HUMAN	FAHD2A	Fumarylacetoacetate hydrolase domain-containing protein 2A	1.21726e+06	803210	1.64558e+06	1.22727e+06
Q96GQ5	Q96GQ5	RUSF1_HUMAN	RUSF1	RUS family member 1	3.41279e+06	1.54693e+06	3.26555e+06	2.96939e+06
Q96GQ7	Q96GQ7	DDX27_HUMAN	DDX27	Probable ATP-dependent RNA helicase DDX27	224656	255527		
Q96GS4	Q96GS4	BORC6_HUMAN	BORCS6	BLOC-1-related complex subunit 6	277614	175281	249152	277240
Q96GW9	Q96GW9	SYMM_HUMAN	MARS2	Methionine--tRNA ligase, mitochondrial	167144	110705	136275	258569
Q96GX9	Q96GX9	MTNB_HUMAN	APIP	Methylthioribulose-1-phosphate dehydratase	1.5322e+06	2.14099e+06	1.31431e+06	1.98869e+06
Q96GZ6	Q96GZ6	S41A3_HUMAN	SLC41A3	Solute carrier family 41 member 3	196489		176481	234391
Q96H20	Q96H20	SNF8_HUMAN	SNF8	Vacuolar-sorting protein SNF8	900796	503932	758436	900745
Q96H78	Q96H78	S2544_HUMAN	SLC25A44	Solute carrier family 25 member 44	187126		52586.5	156229
Q96H79	Q96H79	ZCCHL_HUMAN	ZC3HAV1L	Zinc finger CCCH-type antiviral protein 1-like	881310	866049	372339	992577
Q96HC4	Q96HC4	PDLI5_HUMAN	PDLIM5	PDZ and LIM domain protein 5	4.12504e+06	1.6817e+06	1.80974e+06	3.00026e+06
Q96HD1	Q96HD1	CREL1_HUMAN	CRELD1	Protein disulfide isomerase CRELD1	516260	585243	685345	371729
Q96HD9	Q96HD9	ACY3_HUMAN	ACY3	N-acyl-aromatic-L-amino acid amidohydrolase (carboxylate-forming)			911433	476156
Q96HE7	Q96HE7	ERO1A_HUMAN	ERO1A	ERO1-like protein alpha	5.85815e+06	8.11672e+06	1.00814e+07	4.24574e+06
Q96HH6	Q96HH6	TMM19_HUMAN	TMEM19	Transmembrane protein 19	930769	374325	1.44846e+06	795845
Q96HJ9	Q96HJ9	FMC1_HUMAN	FMC1	Protein FMC1 homolog	720537	401406	582506	816735
Q96HL8	Q96HL8	SH3Y1_HUMAN	SH3YL1	SH3 domain-containing YSC84-like protein 1	103068	35578.2	89958.1	137350
Q96HN2	O43865;Q96HN2	SAHH3_HUMAN	AHCYL2	Adenosylhomocysteinase 3	5.84502e+06	4.11681e+06	5.71608e+06	8.02242e+06
Q96HP0	Q96HP0	DOCK6_HUMAN	DOCK6	Dedicator of cytokinesis protein 6	194689			169272
Q96HP8	Q96HP8	T176A_HUMAN	TMEM176A	Transmembrane protein 176A	268773	464598	460377	229808
Q96HR9	Q96HR9	REEP6_HUMAN	REEP6	Receptor expression-enhancing protein 6	265572	263565	287648	306841
Q96HS1	Q96HS1	PGAM5_HUMAN	PGAM5	Serine/threonine-protein phosphatase PGAM5, mitochondrial	4.89672e+06	4.28425e+06	4.14019e+06	5.72294e+06
Q96HU1	Q96HU1	SGSM3_HUMAN	SGSM3	Small G protein signaling modulator 3	708001	104537	467240	695209
Q96HV5	Q96HV5	TM41A_HUMAN	TMEM41A	Transmembrane protein 41A	453826	346598	529266	366796
Q96HW7	Q96HW7	INT4_HUMAN	INTS4	Integrator complex subunit 4	217477			107922
Q96HY6	Q96HY6	DDRGK_HUMAN	DDRGK1	DDRGK domain-containing protein 1	1.21426e+06	803355	658627	1.17874e+06
Q96HY7	Q96HY7	DHTK1_HUMAN	DHTKD1	2-oxoadipate dehydrogenase complex component E1	1.6221e+06	962410	1.35936e+06	1.87014e+06
Q96I15	Q96I15	SCLY_HUMAN	SCLY	Selenocysteine lyase	1.02929e+06	1.03843e+06	978530	1.02859e+06
Q96I23	Q96I23	PREY_HUMAN	PYURF	Protein preY, mitochondrial	2.31574e+06		3.4087e+06	2.9735e+06
Q96I24	Q96I24	FUBP3_HUMAN	FUBP3	Far upstream element-binding protein 3	2.50654e+06	812520	1.90372e+06	2.52074e+06
Q96I25	Q96I25	SPF45_HUMAN	RBM17	Splicing factor 45	690938	631252	138506	467581
Q96I45	Q96I45	TM141_HUMAN	TMEM141	Transmembrane protein 141	489596		825577	688374
Q96I51	Q96I51	RCC1L_HUMAN	RCC1L	RCC1-like G exchanging factor-like protein	287688		198429	258622
Q96I59	Q96I59	SYNM_HUMAN	NARS2	Probable asparagine--tRNA ligase, mitochondrial	1.1937e+06	434105	589843	1.06822e+06
Q96I99	Q96I99	SUCB2_HUMAN	SUCLG2	Succinate--CoA ligase [GDP-forming] subunit beta, mitochondrial	1.53504e+07	660238	1.10533e+07	1.88926e+07
Q96IG2	Q96IG2	FXL20_HUMAN	FBXL20	F-box/LRR-repeat protein 20	290333	238536	123935	187625
Q96IJ6	Q96IJ6	GMPPA_HUMAN	GMPPA	Mannose-1-phosphate guanyltransferase alpha	2.83883e+06	1.99956e+06	6.24439e+06	3.98292e+06
Q96IQ7	Q96IQ7	VSIG2_HUMAN	VSIG2	V-set and immunoglobulin domain-containing protein 2	1.55215e+06	143674	3.02242e+06	2.27785e+06
Q96IU4	Q96IU4	ABHEB_HUMAN	ABHD14B	Putative protein-lysine deacylase ABHD14B	1.25703e+07	2.55437e+06	1.23703e+07	1.28875e+07
Q96IV0	Q96IV0	NGLY1_HUMAN	NGLY1	Peptide-N(4)-(N-acetyl-beta-glucosaminyl)asparagine amidase	928448	510291	546524	1.01661e+06
Q96IX5	Q96IX5	ATPMK_HUMAN	ATP5MK	ATP synthase membrane subunit K, mitochondrial	1.17739e+07	5.48238e+06	1.21972e+07	1.09919e+07
Q96IY4	Q96IY4	CBPB2_HUMAN	CPB2	Carboxypeptidase B2	1.26894e+06	1.37666e+06	986495	1.23659e+06
Q96IZ0	Q96IZ0	PAWR_HUMAN	PAWR	PRKC apoptosis WT1 regulator protein	797663		506046	876386
Q96J01	Q96J01	THOC3_HUMAN	THOC3	THO complex subunit 3	730270	555014	567648	658584
Q96J02	Q96J02	ITCH_HUMAN	ITCH	E3 ubiquitin-protein ligase Itchy homolog	633588	387815	328083	566919
Q96J42	Q96J42	TXD15_HUMAN	TXNDC15	Thioredoxin domain-containing protein 15	573089	411289	777940	567136
Q96J84	Q96J84	KIRR1_HUMAN	KIRREL1	Kin of IRRE-like protein 1	277117	349002	65015.3	
Q96JB2	Q96JB2	COG3_HUMAN	COG3	Conserved oligomeric Golgi complex subunit 3	1.96092e+06	1.12522e+06	902482	2.38158e+06
Q96JB5	Q96JB5	CK5P3_HUMAN	CDK5RAP3	CDK5 regulatory subunit-associated protein 3	1.5557e+06	359792	1.15764e+06	1.63507e+06
Q96JC1	Q96JC1	VPS39_HUMAN	VPS39	Vam6/Vps39-like protein	325060	330499		218651
Q96JD6	Q96JD6	AKCL2_HUMAN	AKR1E2	1,5-anhydro-D-fructose reductase	1.5879e+07	1.75694e+07	3.27212e+07	2.17578e+07
Q96JG6	Q96JG6	VPS50_HUMAN	VPS50	Syndetin	524322	200143	54079.6	545958
Q96JH7	Q96JH7	VCIP1_HUMAN	VCPIP1	Deubiquitinating protein VCPIP1	1.70407e+06	1.57241e+06	940452	1.62388e+06
Q96JJ3	Q96JJ3	ELMO2_HUMAN	ELMO2	Engulfment and cell motility protein 2	1.11455e+06	1.08963e+06		943472
Q96JJ7	Q96JJ7	TMX3_HUMAN	TMX3	Protein disulfide-isomerase TMX3	4.0902e+06	3.76072e+06	3.11848e+06	2.63837e+06
Q96JM3	Q96JM3	CHAP1_HUMAN	CHAMP1	Chromosome alignment-maintaining phosphoprotein 1	143835	66133.4		169186
Q96JQ2	Q96JQ2	CLMN_HUMAN	CLMN	Calmin	760334	342565	403082	1.04914e+06
Q96JX3	Q96JX3	SRAC1_HUMAN	SERAC1	Protein SERAC1	407805		187431	354995
Q96JY6	Q96JY6	PDLI2_HUMAN	PDLIM2	PDZ and LIM domain protein 2	1.88679e+06		1.76742e+06	1.75393e+06
Q96K17	Q96K17	BT3L4_HUMAN	BTF3L4	Transcription factor BTF3 homolog 4	1.85613e+06	1.00089e+06	1.98896e+06	4.26365e+06
Q96K19	Q96K19	RN170_HUMAN	RNF170	E3 ubiquitin-protein ligase RNF170	488316	408757	267856	486162
Q96K37	Q96K37	S35E1_HUMAN	SLC35E1	Solute carrier family 35 member E1	391211	321244	191933	289933
Q96K49	Q96K49	TM87B_HUMAN	TMEM87B	Transmembrane protein 87B	1.49175e+06	2.20597e+06	3.38378e+06	1.40793e+06
Q96K76	Q96K76	UBP47_HUMAN	USP47	Ubiquitin carboxyl-terminal hydrolase 47	1.36277e+06	1.55221e+06	909745	1.47602e+06
Q96KA5	Q96KA5	CLP1L_HUMAN	CLPTM1L	Lipid scramblase CLPTM1L	1.65797e+06	1.6438e+06	2.03675e+06	1.64436e+06
Q96KC8	Q96KC8	DNJC1_HUMAN	DNAJC1	DnaJ homolog subfamily C member 1	569922	939576	517347	481355
Q96KG9	Q96KG9	SCYL1_HUMAN	SCYL1	N-terminal kinase-like protein	3.38147e+06	1.66149e+06	926120	2.77257e+06
Q96KN1	Q96KN1	LRAT2_HUMAN	LRATD2	Protein LRATD2	474256	269301	521486	542416
Q96KN2	Q96KN2	CNDP1_HUMAN	CNDP1	Beta-Ala-His dipeptidase	251041	40603.1	144122	352870
Q96KN4	Q96KN4	LRAT1_HUMAN	LRATD1	Protein LRATD1	258509		311720	414572
Q96KP1	Q96KP1	EXOC2_HUMAN	EXOC2	Exocyst complex component 2	1.1064e+06	670618	223137	1.01458e+06
Q96KP4	Q96KP4	CNDP2_HUMAN	CNDP2	Cytosolic non-specific dipeptidase	2.17399e+07	1.05014e+07	3.3385e+07	2.46182e+07
Q96KR1	Q96KR1	ZFR_HUMAN	ZFR	Zinc finger RNA-binding protein	477112	388798		538476
Q96KR6	Q96KR6	F210B_HUMAN	FAM210B	Protein FAM210B, mitochondrial	574951	553454	369239	410227
Q96L92	Q96L92	SNX27_HUMAN	SNX27	Sorting nexin-27	1.67611e+06	1.78191e+06	1.09742e+06	1.42302e+06
Q96LD4	Q96LD4	TRI47_HUMAN	TRIM47	E3 ubiquitin-protein ligase TRIM47	2.25578e+06	1.96727e+06		1.72303e+06
Q96LI5	Q96LI5;Q9ULM6	CNO6L_HUMAN	CNOT6L	CCR4-NOT transcription complex subunit 6-like	391183	268729	189749	385840
Q96LJ7	Q96LJ7	DHRS1_HUMAN	DHRS1	Dehydrogenase/reductase SDR family member 1	3.11497e+06	903265	3.49035e+06	2.53682e+06
Q96LW7	Q96LW7	CAR19_HUMAN	CARD19	Caspase recruitment domain-containing protein 19	918251	565411		986868
Q96LZ7	Q96LZ7	RMD2_HUMAN	RMDN2	Regulator of microtubule dynamics protein 2	691990	354886	543026	666164
Q96M27	Q96M27	PRRC1_HUMAN	PRRC1	Protein PRRC1	6.34568e+06	5.96895e+06	1.07439e+07	5.98352e+06
Q96M96	Q96M96	FGD4_HUMAN	FGD4	FYVE, RhoGEF and PH domain-containing protein 4	555621	132713	184249	572249
Q96MF6;Q9H8M1	Q96MF6;Q9H8M1	CQ10A_HUMAN;CQ10B_HUMAN	COQ10A;COQ10B	Coenzyme Q-binding protein COQ10 homolog A, mitochondrial	148473	46628.2	106108	130861
Q96MG8	Q96MG8	PCMD1_HUMAN	PCMTD1	Protein-L-isoaspartate O-methyltransferase domain-containing protein 1	649800		515208	817366
Q96MH6	Q96MH6	TMM68_HUMAN	TMEM68	Monoacylglycerol/Diacylglycerol O-acyltransferase	647492	249840	546007	
Q96MM6	Q96MM6	HS12B_HUMAN	HSPA12B	Heat shock 70 kDa protein 12B	262663			124515
Q96MV1	Q96MV1	TLCD4_HUMAN	TLCD4	TLC domain-containing protein 4	717521	617081	764889	820587
Q96MW1	Q96MW1	CCD43_HUMAN	CCDC43	Coiled-coil domain-containing protein 43	327201	207798	546773	504769
Q96MW5	Q96MW5	COG8_HUMAN	COG8	Conserved oligomeric Golgi complex subunit 8	1.58868e+06	942624	463690	1.60102e+06
Q96N66	Q96N66	MBOA7_HUMAN	MBOAT7	Lysophospholipid acyltransferase 7	4.27307e+06	2.60089e+06	1.84526e+06	3.61585e+06
Q96N67	Q96N67	DOCK7_HUMAN	DOCK7	Dedicator of cytokinesis protein 7	1.38099e+06	1.12308e+06		1.40706e+06
Q96NB2	Q96NB2	SFXN2_HUMAN	SFXN2	Sideroflexin-2	1.82925e+06	1.11639e+06	1.15649e+06	1.85487e+06
Q96NC0	Q96NC0	ZMAT2_HUMAN	ZMAT2	Zinc finger matrin-type protein 2	77742	116532	33910	45369.1
Q96NT0	Q96NT0	CC115_HUMAN	CCDC115	Coiled-coil domain-containing protein 115	521137	197343	441514	453231
Q96NY7	Q96NY7	CLIC6_HUMAN	CLIC6	Chloride intracellular channel protein 6	3.07969e+06		1.35624e+06	1.65256e+06
Q96P16	Q96P16	RPR1A_HUMAN	RPRD1A	Regulation of nuclear pre-mRNA domain-containing protein 1A	992085		222419	599302
Q96P47	Q96P47;Q9UPQ3	AGAP3_HUMAN	AGAP3	Arf-GAP with GTPase, ANK repeat and PH domain-containing protein 3	294434	215228		162886
Q96P48	Q96P48	ARAP1_HUMAN	ARAP1	Arf-GAP with Rho-GAP domain, ANK repeat and PH domain-containing protein 1	1.31065e+06	2.75055e+06	621893	1.1156e+06
Q96P63	Q96P63	SPB12_HUMAN	SERPINB12	Serpin B12	1.26352e+06	6.96203e+06	1.38791e+06	2.09483e+06
Q96P70	Q96P70	IPO9_HUMAN	IPO9	Importin-9	1.29775e+06	614929	1.12269e+06	1.56814e+06
Q96PB1	Q96PB1	CASD1_HUMAN	CASD1	N-acetylneuraminate 9-O-acetyltransferase	888728	337207	947038	1.16844e+06
Q96PC5	Q96PC5	MIA2_HUMAN	MIA2	Melanoma inhibitory activity protein 2	882207	683174	346193	847158
Q96PD5	Q96PD5	PGRP2_HUMAN	PGLYRP2	N-acetylmuramoyl-L-alanine amidase	2.09247e+06	2.55195e+06	2.95817e+06	3.00047e+06
Q96PE7	Q96PE7	MCEE_HUMAN	MCEE	Methylmalonyl-CoA epimerase, mitochondrial	993301	503672	934444	992805
Q96PK6	Q96PK6	RBM14_HUMAN	RBM14	RNA-binding protein 14	2.16881e+06	847328	904809	1.78082e+06
Q96PP8	Q96PP8	GBP5_HUMAN	GBP5	Guanylate-binding protein 5	1.29107e+06	814828	1.30563e+06	702156
Q96PP9	Q96PP9	GBP4_HUMAN	GBP4	Guanylate-binding protein 4	616227	579119	479586	375696
Q96PQ0	Q96PQ0	SORC2_HUMAN	SORCS2	VPS10 domain-containing receptor SorCS2	442875	618333		
Q96PU5	Q96PU5	NED4L_HUMAN	NEDD4L	E3 ubiquitin-protein ligase NEDD4-like	821145	567066	510664	939235
Q96PU8	Q96PU8	QKI_HUMAN	QKI	KH domain-containing RNA-binding protein QKI	3.90815e+06	4.02436e+06	2.15185e+06	2.77676e+06
Q96PZ0	Q96PZ0	PUS7_HUMAN	PUS7	Pseudouridylate synthase 7 homolog	991320	944482	707932	1.11509e+06
Q96Q05	Q96Q05	TPPC9_HUMAN	TRAPPC9	Trafficking protein particle complex subunit 9	888510	376274		839467
Q96Q11	Q96Q11	TRNT1_HUMAN	TRNT1	CCA tRNA nucleotidyltransferase 1, mitochondrial	1.05677e+06	1.08984e+06	966494	997360
Q96Q80	Q96Q80;Q9GZP9	DERL3_HUMAN	DERL3	Derlin-3	1.36642e+06	2.05572e+06	1.83119e+06	1.36581e+06
Q96QA5	Q96QA5	GSDMA_HUMAN	GSDMA	Gasdermin-A	1.27912e+06	2.13617e+06	892485	1.39211e+06
Q96QC0	Q96QC0	PP1RA_HUMAN	PPP1R10	Serine/threonine-protein phosphatase 1 regulatory subunit 10	547564	530532		429393
Q96QE2	Q96QE2	MYCT_HUMAN	SLC2A13	Proton myo-inositol cotransporter	298066		458596	269836
Q96QG7	Q96QG7	MTMR9_HUMAN	MTMR9	Myotubularin-related protein 9	247076	383880	147150	246432
Q96QK1	Q96QK1	VPS35_HUMAN	VPS35	Vacuolar protein sorting-associated protein 35	8.62927e+06	9.13516e+06	4.43598e+06	1.01893e+07
Q96QR8	Q96QR8	PURB_HUMAN	PURB	Transcriptional activator protein Pur-beta	1.59334e+06	1.0935e+06	1.21759e+06	1.59837e+06
Q96QU8	Q96QU8	XPO6_HUMAN	XPO6	Exportin-6	54820.4		11767.8	44465.9
Q96R05	Q96R05	RET7_HUMAN	RBP7	Retinoid-binding protein 7	252789	589308	290010	158240
Q96RE7	Q96RE7	NACC1_HUMAN	NACC1	Nucleus accumbens-associated protein 1	309002	287436	96034.3	364872
Q96RF0	Q96RF0	SNX18_HUMAN	SNX18	Sorting nexin-18	1.50806e+06	1.01184e+06		
Q96RL7	Q96RL7	VP13A_HUMAN	VPS13A	Intermembrane lipid transfer protein VPS13A	1.11933e+06	998576	864124	813753
Q96RP9	Q96RP9	EFGM_HUMAN	GFM1	Elongation factor G, mitochondrial	2.05795e+06	1.62466e+06	1.47132e+06	2.30072e+06
Q96RQ1	Q96RQ1	ERGI2_HUMAN	ERGIC2	Endoplasmic reticulum-Golgi intermediate compartment protein 2	906300	342476	944594	847781
Q96RQ3	Q96RQ3	MCCA_HUMAN	MCCC1	Methylcrotonoyl-CoA carboxylase subunit alpha, mitochondrial	4.71733e+06	724582	1.45429e+06	5.42094e+06
Q96RQ9	Q96RQ9	OXLA_HUMAN	IL4I1	L-amino-acid oxidase	1.66245e+06	711622	857745	796828
Q96RS6	Q96RS6	NUDC1_HUMAN	NUDCD1	NudC domain-containing protein 1	3.51623e+06	3.44236e+06	5.13686e+06	3.85923e+06
Q96RT1	Q96RT1	ERBIN_HUMAN	ERBIN	Erbin	902161		745581	786286
Q96RU3	Q96RU3	FNBP1_HUMAN	FNBP1	Formin-binding protein 1	793497	1.06993e+06	351065	608672
Q96S06	Q96S06	LMF1_HUMAN	LMF1	Lipase maturation factor 1	293321	467897	283563	292084
Q96S19	Q96S19	MTL26_HUMAN	METTL26	Methyltransferase-like 26	669712	411305	955341	715467
Q96S44	Q96S44	PRPK_HUMAN	TP53RK	EKC/KEOPS complex subunit TP53RK	1.34968e+06	1.51364e+06	958724	1.35321e+06
Q96S52	Q96S52	PIGS_HUMAN	PIGS	GPI transamidase component PIG-S	2.11738e+06	1.47179e+06	1.16654e+06	1.85077e+06
Q96S55	Q96S55	WRIP1_HUMAN	WRNIP1	ATPase WRNIP1	650203			708993
Q96S59	Q96S59	RANB9_HUMAN	RANBP9	Ran-binding protein 9	178441	202993		178872
Q96S66	Q96S66	CLCC1_HUMAN	CLCC1	Chloride channel CLIC-like protein 1	1.09405e+06	702393	719027	1.04318e+06
Q96S97	Q96S97	MYADM_HUMAN	MYADM	Myeloid-associated differentiation marker	1.25667e+07	1.97226e+07	1.13827e+07	1.12869e+07
Q96S99	Q96S99	PKHF1_HUMAN	PLEKHF1	Pleckstrin homology domain-containing family F member 1	942048	538364	405438	561378
Q96SB3	Q96SB3	NEB2_HUMAN	PPP1R9B	Neurabin-2	1.00179e+06	1.19563e+06		418240
Q96SB4	Q96SB4	SRPK1_HUMAN	SRPK1	SRSF protein kinase 1	509842	471546	376852	581731
Q96SI9	Q96SI9	STRBP_HUMAN	STRBP	Spermatid perinuclear RNA-binding protein	593704	445916	423321	650437
Q96SL1	Q96SL1	DIRC2_HUMAN	SLC49A4	Solute carrier family 49 member 4	430203		709579	312119
Q96SL4	Q96SL4	GPX7_HUMAN	GPX7	Glutathione peroxidase 7	606882	170589	433075	199615
Q96SQ9	Q96SQ9	CP2S1_HUMAN	CYP2S1	Cytochrome P450 2S1	1.52929e+06	612683	882674	1.72292e+06
Q96ST2	Q96ST2	IWS1_HUMAN	IWS1	Protein IWS1 homolog	323187	260197	87814.9	313980
Q96ST3	Q96ST3	SIN3A_HUMAN	SIN3A	Paired amphipathic helix protein Sin3a	1.51772e+06	726111		1.41515e+06
Q96SU4	Q96SU4	OSBL9_HUMAN	OSBPL9	Oxysterol-binding protein-related protein 9	632692	709666	386131	624786
Q96SY0	Q96SY0	INT14_HUMAN	INTS14	Integrator complex subunit 14	62088.8			
Q96SZ5	Q96SZ5	AEDO_HUMAN	ADO	2-aminoethanethiol dioxygenase	809862	685290	931386	797222
Q96T37	Q96T37	RBM15_HUMAN	RBM15	RNA-binding protein 15	550173	735791	192502	382953
Q96T51	Q96T51	RUFY1_HUMAN	RUFY1	RUN and FYVE domain-containing protein 1	1.41303e+06	568730	426102	1.19679e+06
Q96T60	Q96T60	PNKP_HUMAN	PNKP	Bifunctional polynucleotide phosphatase/kinase	1.1926e+06	1.15538e+06	864415	1.11709e+06
Q96T76	Q96T76	MMS19_HUMAN	MMS19	MMS19 nucleotide excision repair protein homolog	955820	369300	417458	988920
Q96TA1	Q96TA1	NIBA2_HUMAN	NIBAN2	Protein Niban 2	6.31118e+06	4.9832e+06	4.58947e+06	5.95928e+06
Q96TC7	Q96TC7	RMD3_HUMAN	RMDN3	Regulator of microtubule dynamics protein 3	1.56469e+06	879434	393662	1.16918e+06
Q99102	Q99102	MUC4_HUMAN	MUC4	Mucin-4	1.09759e+06	357641	2.09989e+06	1.63615e+06
Q99417	Q99417	MYCBP_HUMAN	MYCBP	c-Myc-binding protein	1.60165e+06		993041	2.14301e+06
Q99424	Q99424	ACOX2_HUMAN	ACOX2	Peroxisomal acyl-coenzyme A oxidase 2	1.10958e+06			969020
Q99426	Q99426	TBCB_HUMAN	TBCB	Tubulin-folding cofactor B	2.09638e+06	1.73885e+06	3.12982e+06	2.17601e+06
Q99436	Q99436	PSB7_HUMAN	PSMB7	Proteasome subunit beta type-7	5.46482e+06	8.67496e+06	4.13086e+06	8.54785e+06
Q99439	Q99439	CNN2_HUMAN	CNN2	Calponin-2	1.37199e+07	7.42492e+06	7.44408e+06	6.41294e+06
Q99442	Q99442	SEC62_HUMAN	SEC62	Translocation protein SEC62	1.47319e+06	1.68053e+06	1.24426e+06	1.30025e+06
Q99447	Q99447	PCY2_HUMAN	PCYT2	Ethanolamine-phosphate cytidylyltransferase	1.22289e+06	810712	2.37663e+06	1.69479e+06
Q99459	Q99459	CDC5L_HUMAN	CDC5L	Cell division cycle 5-like protein	1.39808e+06	931980		1.01961e+06
Q99460	Q99460	PSMD1_HUMAN	PSMD1	26S proteasome non-ATPase regulatory subunit 1	3.70089e+06	4.20636e+06	1.66943e+06	4.28333e+06
Q99467	Q99467	CD180_HUMAN	CD180	CD180 antigen	540980	597513	1.01109e+06	533823
Q99470	Q99470	SDF2_HUMAN	SDF2	Stromal cell-derived factor 2	1.04764e+06	1.12006e+06	802204	637033
Q99471	Q99471	PFD5_HUMAN	PFDN5	Prefoldin subunit 5	1.50538e+06	375898	1.28579e+06	2.10148e+06
Q99487	Q99487	PAFA2_HUMAN	PAFAH2	Platelet-activating factor acetylhydrolase 2, cytoplasmic	757845	369440	1.02581e+06	837631
Q99497	Q99497	PARK7_HUMAN	PARK7	Parkinson disease protein 7	4.02839e+07	3.43622e+07	7.83949e+07	4.38433e+07
Q99519	Q99519	NEUR1_HUMAN	NEU1	Sialidase-1	1.20913e+06	1.25012e+06	2.07042e+06	1.26128e+06
Q99523	Q99523	SORT_HUMAN	SORT1	Sortilin	6.68066e+06	3.7216e+06	1.13065e+07	6.8824e+06
Q99536	Q99536	VAT1_HUMAN	VAT1	Synaptic vesicle membrane protein VAT-1 homolog	2.66951e+07	2.49179e+07	2.48012e+07	1.76142e+07
Q99538	Q99538	LGMN_HUMAN	LGMN	Legumain	4.61389e+06	2.8585e+06	1.0696e+07	6.7084e+06
Q99541	Q99541	PLIN2_HUMAN	PLIN2	Perilipin-2	505052	436796	189033	179023
Q99543	Q99543	DNJC2_HUMAN	DNAJC2	DnaJ homolog subfamily C member 2	1.76638e+06	2.06361e+06	602645	1.992e+06
Q99567	Q99567	NUP88_HUMAN	NUP88	Nuclear pore complex protein Nup88	1.33256e+06	1.12369e+06	561119	1.47726e+06
Q99570	Q99570	PI3R4_HUMAN	PIK3R4	Phosphoinositide 3-kinase regulatory subunit 4	543169	500130	58922	529342
Q99571	Q99571	P2RX4_HUMAN	P2RX4	P2X purinoceptor 4	1.24904e+06	1.35706e+06	1.99955e+06	1.33974e+06
Q99572	Q99572	P2RX7_HUMAN	P2RX7	P2X purinoceptor 7	293369	388704	326830	204219
Q99584	Q99584	S10AD_HUMAN	S100A13	Protein S100-A13	4.8223e+06	3.66484e+06	4.49337e+06	3.89078e+06
Q99595	Q99595	TI17A_HUMAN	TIMM17A	Mitochondrial import inner membrane translocase subunit Tim17-A	348766	172324	564128	385651
Q99598	Q99598	TSNAX_HUMAN	TSNAX	Translin-associated protein X	1.82048e+06	2.17545e+06	1.35701e+06	1.70876e+06
Q99611	Q99611	SPS2_HUMAN	SEPHS2	Selenide, water dikinase 2	1.31948e+06	880480	1.45321e+06	1.45552e+06
Q99613	Q99613;B5ME19	EIF3C_HUMAN	EIF3C	Eukaryotic translation initiation factor 3 subunit C	3.39558e+06	3.8411e+06	1.24838e+06	3.56604e+06
Q99614	Q99614	TTC1_HUMAN	TTC1	Tetratricopeptide repeat protein 1	1.45787e+06	1.5215e+06	1.97789e+06	1.69308e+06
Q99615	Q99615	DNJC7_HUMAN	DNAJC7	DnaJ homolog subfamily C member 7	1.98356e+06	1.85552e+06	1.31893e+06	1.98553e+06
Q99623	Q99623	PHB2_HUMAN	PHB2	Prohibitin-2	1.89856e+07	1.32522e+07	5.34042e+06	1.84426e+07
Q99626	O14627;P47902;Q99626	CDX2_HUMAN	CDX2	Homeobox protein CDX-2	70905	548180	106233	224230
Q99627	Q99627	CSN8_HUMAN	COPS8	COP9 signalosome complex subunit 8	2.59288e+06	1.49763e+06	1.31204e+06	2.32019e+06
Q99643	Q99643	C560_HUMAN	SDHC	Succinate dehydrogenase cytochrome b560 subunit, mitochondrial	1.45517e+06	755909	1.60437e+06	1.53113e+06
Q99653	Q99653	CHP1_HUMAN	CHP1	Calcineurin B homologous protein 1	1.79244e+06	1.11857e+06	2.03455e+06	1.97525e+06
Q99674	Q99674	CGRE1_HUMAN	CGREF1	Cell growth regulator with EF hand domain protein 1	120499		74472	85792.3
Q99683	Q99683	M3K5_HUMAN	MAP3K5	Mitogen-activated protein kinase kinase kinase 5	304595	269022		297298
Q99685	Q99685	MGLL_HUMAN	MGLL	Monoglyceride lipase	1.44341e+06	1.02794e+06	2.3365e+06	1.43328e+06
Q99700	Q99700	ATX2_HUMAN	ATXN2	Ataxin-2	106785	115081		101353
Q99714	Q99714	HCD2_HUMAN	HSD17B10	3-hydroxyacyl-CoA dehydrogenase type-2	1.71967e+07	1.47769e+07	1.52028e+07	1.65178e+07
Q99715	Q99715	COCA1_HUMAN	COL12A1	Collagen alpha-1(XII) chain	1.04081e+07	8.92385e+06	662312	4.47407e+06
Q99719	Q99719	SEPT5_HUMAN	SEPTIN5	Septin-5	667998	804093	147774	324231
Q99720	Q99720	SGMR1_HUMAN	SIGMAR1	Sigma non-opioid intracellular receptor 1	2.05256e+06	1.83818e+06	2.33181e+06	1.97098e+06
Q99729	Q99729	ROAA_HUMAN	HNRNPAB	Heterogeneous nuclear ribonucleoprotein A/B	6.19034e+06	3.63066e+06	4.47672e+06	6.41397e+06
Q99732	Q99732	LITAF_HUMAN	LITAF	Lipopolysaccharide-induced tumor necrosis factor-alpha factor	3.49945e+06	6.57904e+06	5.23448e+06	2.52807e+06
Q99733	Q99733	NP1L4_HUMAN	NAP1L4	Nucleosome assembly protein 1-like 4	3.36678e+06	1.74734e+06	3.00419e+06	3.37659e+06
Q99735	Q99735	MGST2_HUMAN	MGST2	Microsomal glutathione S-transferase 2	2.30616e+07	1.29218e+07	1.77267e+07	2.00327e+07
Q99747	Q99747	SNAG_HUMAN	NAPG	Gamma-soluble NSF attachment protein	1.54175e+06	289770	1.36371e+06	1.64463e+06
Q99757	Q99757	THIOM_HUMAN	TXN2	Thioredoxin, mitochondrial	1.77124e+06	980868	2.14409e+06	1.96657e+06
Q99766	Q99766	ATP5S_HUMAN	DMAC2L	ATP synthase subunit s, mitochondrial	680105	357402	646330	809360
Q99767	Q99767	APBA2_HUMAN	APBA2	Amyloid-beta A4 precursor protein-binding family A member 2		467202		
Q99795	Q99795	GPA33_HUMAN	GPA33	Cell surface A33 antigen	7.77564e+06	2.30136e+06	2.59732e+07	1.19986e+07
Q99797	Q99797	MIPEP_HUMAN	MIPEP	Mitochondrial intermediate peptidase	837979	538933	440228	866851
Q99798	Q99798	ACON_HUMAN	ACO2	Aconitate hydratase, mitochondrial	1.34593e+07	9.13334e+06	1.36223e+07	1.46228e+07
Q99805	Q99805	TM9S2_HUMAN	TM9SF2	Transmembrane 9 superfamily member 2	3.60226e+07	2.58857e+07	4.65659e+07	3.59557e+07
Q99807	Q99807	COQ7_HUMAN	COQ7	5-demethoxyubiquinone hydroxylase, mitochondrial	1.25566e+06	76612.9	1.65615e+06	1.37662e+06
Q99808	Q99808	S29A1_HUMAN	SLC29A1	Equilibrative nucleoside transporter 1	422786	456707	305510	369011
Q99816	Q99816	TS101_HUMAN	TSG101	Tumor susceptibility gene 101 protein	2.17065e+06	1.50615e+06	1.22754e+06	2.25325e+06
Q99828	Q99828	CIB1_HUMAN	CIB1	Calcium and integrin-binding protein 1	712868		944034	838619
Q99829	Q99829	CPNE1_HUMAN	CPNE1	Copine-1	3.24768e+06	2.62077e+06	2.11775e+06	2.19111e+06
Q99832	Q99832	TCPH_HUMAN	CCT7	T-complex protein 1 subunit eta	6.73235e+06	3.3964e+06	5.47448e+06	7.52672e+06
Q99836	Q99836	MYD88_HUMAN	MYD88	Myeloid differentiation primary response protein MyD88	1.34806e+07	1.31653e+07	1.73084e+07	1.43426e+07
Q99873	Q99873	ANM1_HUMAN	PRMT1	Protein arginine N-methyltransferase 1	4.66777e+06	5.48558e+06	1.92499e+06	4.98284e+06
Q99895	Q99895	CTRC_HUMAN	CTRC	Chymotrypsin-C			205045	
Q99933	Q99933	BAG1_HUMAN	BAG1	BAG family molecular chaperone regulator 1	519629	587549	515709	672995
Q99943	Q99943	PLCA_HUMAN	AGPAT1	1-acyl-sn-glycerol-3-phosphate acyltransferase alpha	593260		592107	545357
Q99959	Q99959	PKP2_HUMAN	PKP2	Plakophilin-2	889027		482980	1.07768e+06
Q99961	Q99961;Q99962	SH3G1_HUMAN	SH3GL1	Endophilin-A2	1.59849e+06	1.95704e+06	975077	1.58939e+06
Q99969	Q99969	RARR2_HUMAN	RARRES2	Retinoic acid receptor responder protein 2	579802	748115	522622	456629
Q99973	Q99973	TEP1_HUMAN	TEP1	Telomerase protein component 1	666387	357322	239333	640284
Q99986	Q99986	VRK1_HUMAN	VRK1	Serine/threonine-protein kinase VRK1	893444	1.27723e+06	722893	509914
Q99996	Q99996	AKAP9_HUMAN	AKAP9	A-kinase anchor protein 9	190357			240557
Q9BPU6	Q9BPU6	DPYL5_HUMAN	DPYSL5	Dihydropyrimidinase-related protein 5	3.58313e+06	2.92862e+06	1.33587e+06	2.39591e+06
Q9BPW8	Q9BPW8	NIPS1_HUMAN	NIPSNAP1	Protein NipSnap homolog 1	2.29212e+06	962597	1.35065e+06	1.9976e+06
Q9BPW9	Q9BPW9	DHRS9_HUMAN	DHRS9	Dehydrogenase/reductase SDR family member 9			1.37667e+06	931640
Q9BPX5	Q9BPX5	ARP5L_HUMAN	ARPC5L	Actin-related protein 2/3 complex subunit 5-like protein	6.60095e+06	5.26354e+06	6.17791e+06	5.47294e+06
Q9BPX6	Q9BPX6	MICU1_HUMAN	MICU1	Calcium uptake protein 1, mitochondrial	304452	160202	126935	233108
Q9BPX7	Q9BPX7	CG025_HUMAN	C7orf25	UPF0415 protein C7orf25	65757	66002.9	30829.7	31910.3
Q9BPY3	Q9BPY3	F118B_HUMAN	FAM118B	Protein FAM118B	349966	132770	615041	505479
Q9BPZ7	Q9BPZ7	SIN1_HUMAN	MAPKAP1	Target of rapamycin complex 2 subunit MAPKAP1		65642		152708
Q9BQ13	Q9BQ13	KCD14_HUMAN	KCTD14	BTB/POZ domain-containing protein KCTD14	458741		241542	336728
Q9BQ39	Q9BQ39	DDX50_HUMAN	DDX50	ATP-dependent RNA helicase DDX50	300823	143334		184933
Q9BQ48	Q9BQ48	RM34_HUMAN	MRPL34	Large ribosomal subunit protein bL34m	395181	136360	136369	669316
Q9BQ49	Q9BQ49	SMIM7_HUMAN	SMIM7	Small integral membrane protein 7	171874	230202	367344	297971
Q9BQ52	Q9BQ52	RNZ2_HUMAN	ELAC2	Zinc phosphodiesterase ELAC protein 2	1.21966e+06	1.10211e+06	824076	1.27579e+06
Q9BQ61	Q9BQ61	TRIR_HUMAN	TRIR	Telomerase RNA component interacting RNase	320802	203242	585335	676779
Q9BQ67	Q9BQ67	GRWD1_HUMAN	GRWD1	Glutamate-rich WD repeat-containing protein 1	934999	721769	1.20637e+06	831918
Q9BQ69	Q9BQ69	MACD1_HUMAN	MACROD1	ADP-ribose glycohydrolase MACROD1	1.44844e+06	671261	982185	1.53951e+06
Q9BQ70	Q9BQ70	TCF25_HUMAN	TCF25	Ribosome quality control complex subunit TCF25	168920	188835	151982	125203
Q9BQ95	Q9BQ95	ECSIT_HUMAN	ECSIT	Evolutionarily conserved signaling intermediate in Toll pathway, mitochondrial	360213		306867	460382
Q9BQA1	Q9BQA1	MEP50_HUMAN	WDR77	Methylosome protein WDR77	3.15898e+06	3.91699e+06	2.4897e+06	4.04461e+06
Q9BQA9	Q9BQA9	CYBC1_HUMAN	CYBC1	Cytochrome b-245 chaperone 1	3.06943e+06	2.16577e+06	2.57326e+06	1.62171e+06
Q9BQB6	Q9BQB6	VKOR1_HUMAN	VKORC1	Vitamin K epoxide reductase complex subunit 1	1.00657e+06	3.86336e+06	3.0105e+06	1.04313e+06
Q9BQC3	Q9BQC3	DPH2_HUMAN	DPH2	2-(3-amino-3-carboxypropyl)histidine synthase subunit 2	283994	229125	202935	293085
Q9BQC6	Q9BQC6	RT63_HUMAN	MRPL57	Large ribosomal subunit protein mL63	729681	211826	454556	944171
Q9BQE3	P0DPH7;Q6PEY2;Q71U36;Q9BQE3;Q9NY65	TBA1C_HUMAN	TUBA1C	Tubulin alpha-1C chain	6.59885e+07	1.19774e+07	3.3847e+07	8.97023e+07
Q9BQE4	Q9BQE4	SELS_HUMAN	SELENOS	Selenoprotein S	846361	552932	743898	926886
Q9BQE5	Q9BQE5	APOL2_HUMAN	APOL2	Apolipoprotein L2	1.12687e+06	228553	1.26446e+06	378716
Q9BQG0	Q9BQG0	MBB1A_HUMAN	MYBBP1A	Myb-binding protein 1A	1.00053e+06	608460		806607
Q9BQG2	Q9BQG2	NUD12_HUMAN	NUDT12	NAD-capped RNA hydrolase NUDT12	1.29745e+06	557451	1.35103e+06	2.13336e+06
Q9BQI9	Q9BQI9	NRIP2_HUMAN	NRIP2	Nuclear receptor-interacting protein 2	428635	118729		
Q9BQL6	Q9BQL6	FERM1_HUMAN	FERMT1	Fermitin family homolog 1	1.37102e+06	755613	1.43423e+06	1.9156e+06
Q9BQQ3	Q9BQQ3	GORS1_HUMAN	GORASP1	Golgi reassembly-stacking protein 1	232018	46756.8	96219.3	194612
Q9BQS7	Q9BQS7	HEPH_HUMAN	HEPH	Hephaestin	3.13345e+06	1.61493e+06	7.45204e+06	4.01486e+06
Q9BQS8	Q9BQS8	FYCO1_HUMAN	FYCO1	FYVE and coiled-coil domain-containing protein 1	702221	483114	293693	734256
Q9BR61	Q9BR61	ACBD6_HUMAN	ACBD6	Acyl-CoA-binding domain-containing protein 6	110418			247420
Q9BR76	Q9BR76	COR1B_HUMAN	CORO1B	Coronin-1B	6.58479e+06	5.97997e+06	3.67501e+06	6.36598e+06
Q9BRA2	Q9BRA2	TXD17_HUMAN	TXNDC17	Thioredoxin domain-containing protein 17	9.53645e+06	8.18268e+06	2.15649e+07	1.19751e+07
Q9BRF8	Q9BRF8	CPPED_HUMAN	CPPED1	Serine/threonine-protein phosphatase CPPED1	4.6371e+06	8.83079e+06	7.61585e+06	4.91485e+06
Q9BRG1	Q9BRG1	VPS25_HUMAN	VPS25	Vacuolar protein-sorting-associated protein 25	2.1778e+06	1.16638e+06	2.0131e+06	2.23352e+06
Q9BRJ2	Q9BRJ2	RM45_HUMAN	MRPL45	Large ribosomal subunit protein mL45	2.21011e+06	1.7613e+06	962666	2.59667e+06
Q9BRJ6	Q9BRJ6	CG050_HUMAN	C7orf50	Uncharacterized protein C7orf50	301861	199280	166726	357637
Q9BRJ7	Q9BRJ7	TIRR_HUMAN	NUDT16L1	Tudor-interacting repair regulator protein	1.235e+06	802197	1.2362e+06	1.20485e+06
Q9BRK3	Q9BRK3	MXRA8_HUMAN	MXRA8	Matrix remodeling-associated protein 8	459485	258529	261562	245193
Q9BRK5	Q9BRK5	CAB45_HUMAN	SDF4	45 kDa calcium-binding protein	985764		1.84258e+06	1.28012e+06
Q9BRP4	Q9BRP4	PAAF1_HUMAN	PAAF1	Proteasomal ATPase-associated factor 1	553205	757798	547523	679343
Q9BRP8	Q9BRP8	PYM1_HUMAN	PYM1	Partner of Y14 and mago	1.21621e+06	824685	1.30491e+06	1.06282e+06
Q9BRQ6	Q9BRQ6	MIC25_HUMAN	CHCHD6	MICOS complex subunit MIC25	556753	260441	405133	638898
Q9BRQ8	Q9BRQ8	FSP1_HUMAN	AIFM2	Ferroptosis suppressor protein 1	981509	1.01282e+06	1.30152e+06	1.07242e+06
Q9BRR3	Q9BRR3	PGAP4_HUMAN	PGAP4	Post-GPI attachment to proteins factor 4	210360		204629	235874
Q9BRR6	Q9BRR6	ADPGK_HUMAN	ADPGK	ADP-dependent glucokinase	2.02648e+06	2.78321e+06	2.49756e+06	1.20937e+06
Q9BRR9	Q9BRR9	RHG09_HUMAN	ARHGAP9	Rho GTPase-activating protein 9	139723			
Q9BRT2	Q9BRT2	UQCC2_HUMAN	UQCC2	Ubiquinol-cytochrome-c reductase complex assembly factor 2	1.78635e+06	1.45731e+06	1.37857e+06	1.80096e+06
Q9BRT3	Q9BRT3	MIEN1_HUMAN	MIEN1	Migration and invasion enhancer 1	728508	412522	1.8491e+06	1.00877e+06
Q9BRV3	Q9BRV3	SWET1_HUMAN	SLC50A1	Sugar transporter SWEET1	820283	177397	1.31672e+06	1.16747e+06
Q9BRX5	Q9BRX5	PSF3_HUMAN	GINS3	DNA replication complex GINS protein PSF3	57815.9		94904	81967.4
Q9BRX8	Q9BRX8	PXL2A_HUMAN	PRXL2A	Peroxiredoxin-like 2A	1.26425e+06	1.85892e+06	2.3358e+06	1.87166e+06
Q9BRZ2	Q9BRZ2	TRI56_HUMAN	TRIM56	E3 ubiquitin-protein ligase TRIM56	180344			120356
Q9BS26	Q9BS26	ERP44_HUMAN	ERP44	Endoplasmic reticulum resident protein 44	1.18093e+07	1.49386e+07	1.98076e+07	1.10825e+07
Q9BS40	Q9BS40	LXN_HUMAN	LXN	Latexin	3.93002e+06	3.96863e+06	3.96473e+06	3.27452e+06
Q9BSA9	Q9BSA9	TM175_HUMAN	TMEM175	Endosomal/lysosomal proton channel TMEM175	66365.8		100901	82721.8
Q9BSD7	Q9BSD7	NTPCR_HUMAN	NTPCR	Cancer-related nucleoside-triphosphatase	839011		1.25903e+06	1.2503e+06
Q9BSE4	Q9BSE4	HERP2_HUMAN	HERPUD2	Homocysteine-responsive endoplasmic reticulum-resident ubiquitin-like domain member 2 protein	126017	135431	132490	68191.3
Q9BSE5	Q9BSE5	GDAH_HUMAN	AGMAT	Guanidino acid hydrolase, mitochondrial	1.37843e+06	1.20682e+06	1.24888e+06	1.8375e+06
Q9BSF4	Q9BSF4	TIM29_HUMAN	TIMM29	Mitochondrial import inner membrane translocase subunit Tim29	877374	562008	930685	881648
Q9BSG0	Q9BSG0	PADC1_HUMAN	PRADC1	Protease-associated domain-containing protein 1	160485	58489.4	164825	221459
Q9BSH4	Q9BSH4	TACO1_HUMAN	TACO1	Translational activator of cytochrome c oxidase 1	905579	789270	1.26018e+06	705335
Q9BSH5	Q9BSH5	HDHD3_HUMAN	HDHD3	Haloacid dehalogenase-like hydrolase domain-containing protein 3	3.54588e+06	1.19309e+06	4.60281e+06	3.06603e+06
Q9BSJ2	Q9BSJ2	GCP2_HUMAN	TUBGCP2	Gamma-tubulin complex component 2	526091	244835		455645
Q9BSJ8	Q9BSJ8	ESYT1_HUMAN	ESYT1	Extended synaptotagmin-1	2.62986e+07	2.3365e+07	8.32077e+06	1.69787e+07
Q9BSL1	Q9BSL1	UBAC1_HUMAN	UBAC1	Ubiquitin-associated domain-containing protein 1	1.0275e+06	468792	654438	1.00501e+06
Q9BSR8	Q9BSR8	YIPF4_HUMAN	YIPF4	Protein YIPF4	1.98536e+06	121281	1.76802e+06	2.00251e+06
Q9BST9	Q9BST9	RTKN_HUMAN	RTKN	Rhotekin	268451		182944	384481
Q9BSV6	Q9BSV6	SEN34_HUMAN	TSEN34	tRNA-splicing endonuclease subunit Sen34	92908.7	83470	86628.6	174074
Q9BSW2	Q9BSW2	EFC4B_HUMAN	CRACR2A	EF-hand calcium-binding domain-containing protein 4B	305250		59893.9	413292
Q9BT09	Q9BT09	CNPY3_HUMAN	CNPY3	Protein canopy homolog 3	1.60439e+06	1.35557e+06	1.56826e+06	1.11951e+06
Q9BT22	Q9BT22	ALG1_HUMAN	ALG1	Chitobiosyldiphosphodolichol beta-mannosyltransferase	5.16943e+06	3.60825e+06	5.75008e+06	5.53322e+06
Q9BT23	Q9BT23	LIMD2_HUMAN	LIMD2	LIM domain-containing protein 2	176325	127584	70664.9	47437.9
Q9BT30	Q9BT30	ALKB7_HUMAN	ALKBH7	Alpha-ketoglutarate-dependent dioxygenase alkB homolog 7, mitochondrial	447765	356291	439478	438402
Q9BT40	Q9BT40	INP5K_HUMAN	INPP5K	Inositol polyphosphate 5-phosphatase K	430999	288686	302226	352163
Q9BT73	Q9BT73	PSMG3_HUMAN	PSMG3	Proteasome assembly chaperone 3	847153	349186	695511	762666
Q9BT78	Q9BT78	CSN4_HUMAN	COPS4	COP9 signalosome complex subunit 4	2.29533e+06	2.02735e+06	936253	2.23418e+06
Q9BTC0	Q9BTC0	DIDO1_HUMAN	DIDO1	Death-inducer obliterator 1	502585	404130		357656
Q9BTD8	Q9BTD8	RBM42_HUMAN	RBM42	RNA-binding protein 42	180927		150009	274891
Q9BTE1	Q9BTE1	DCTN5_HUMAN	DCTN5	Dynactin subunit 5	1.3446e+06	900448	1.44128e+06	1.42027e+06
Q9BTE3	Q9BTE3	MCMBP_HUMAN	MCMBP	Mini-chromosome maintenance complex-binding protein	594682	611223	425265	571585
Q9BTE6	Q9BTE6	AASD1_HUMAN	AARSD1	Alanyl-tRNA editing protein Aarsd1	646153	690998	403730	690342
Q9BTE7	Q92564;Q9BTE7	DCNL5_HUMAN	DCUN1D5	DCN1-like protein 5	206199	44390.3	200706	172691
Q9BTT0	Q9BTT0	AN32E_HUMAN	ANP32E	Acidic leucine-rich nuclear phosphoprotein 32 family member E	1.0675e+06	933056	1.32966e+06	1.12631e+06
Q9BTT6	Q9BTT6	LRRC1_HUMAN	LRRC1	Leucine-rich repeat-containing protein 1	792245	250401	863314	1.01409e+06
Q9BTU6	Q9BTU6	P4K2A_HUMAN	PI4K2A	Phosphatidylinositol 4-kinase type 2-alpha	1.41361e+06	1.64666e+06	1.20529e+06	925181
Q9BTV4	Q9BTV4	TMM43_HUMAN	TMEM43	Transmembrane protein 43	6.88664e+06	6.17145e+06	3.09128e+06	3.67108e+06
Q9BTW9	Q9BTW9	TBCD_HUMAN	TBCD	Tubulin-specific chaperone D	408212	299716	206418	534467
Q9BTX3	Q9BTX3	TM208_HUMAN	TMEM208	Transmembrane protein 208	792211	737087	533700	690441
Q9BTY2	Q9BTY2	FUCO2_HUMAN	FUCA2	Plasma alpha-L-fucosidase	1.30123e+06	1.50795e+06	3.04506e+06	1.7636e+06
Q9BTY7	Q9BTY7	HGH1_HUMAN	HGH1	Protein HGH1 homolog	143833		74045.1	115638
Q9BTZ2	Q9BTZ2;P0CG22	DHRS4_HUMAN	DHRS4	Dehydrogenase/reductase SDR family member 4	4.83449e+06	576851	5.22529e+06	4.32218e+06
Q9BU02	Q9BU02	THTPA_HUMAN	THTPA	Thiamine-triphosphatase	953806		1.11694e+06	950056
Q9BU23	Q9BU23	LMF2_HUMAN	LMF2	Lipase maturation factor 2	1.67433e+06	1.05583e+06	1.01143e+06	1.13886e+06
Q9BU61	Q9BU61	NDUF3_HUMAN	NDUFAF3	NADH dehydrogenase [ubiquinone] 1 alpha subcomplex assembly factor 3	1.67698e+06	1.12173e+06	1.1888e+06	1.4727e+06
Q9BU68	Q9BU68	PR15L_HUMAN	PRR15L	Proline-rich protein 15-like protein			752931	643239
Q9BU89	Q9BU89	DOHH_HUMAN	DOHH	Deoxyhypusine hydroxylase	887447		421589	421262
Q9BUB7	Q9BUB7	TMM70_HUMAN	TMEM70	Transmembrane protein 70, mitochondrial	4.43664e+06	2.15235e+06	5.37533e+06	4.22886e+06
Q9BUE6	Q9BUE6	ISCA1_HUMAN	ISCA1	Iron-sulfur cluster assembly 1 homolog, mitochondrial	358901	290618	356446	333864
Q9BUF5	Q9BUF5	TBB6_HUMAN	TUBB6	Tubulin beta-6 chain	4.68543e+06	1.03023e+06	1.41817e+06	3.82006e+06
Q9BUH6	Q9BUH6	PAXX_HUMAN	PAXX	Protein PAXX	2.34996e+06	1.59233e+06	3.14649e+06	2.39928e+06
Q9BUJ2	Q9BUJ2	HNRL1_HUMAN	HNRNPUL1	Heterogeneous nuclear ribonucleoprotein U-like protein 1	4.05812e+06	4.15168e+06	2.01197e+06	3.69973e+06
Q9BUK0	Q9BUK0	CHCH7_HUMAN	CHCHD7	Coiled-coil-helix-coiled-coil-helix domain-containing protein 7	453369	328934	1.00945e+06	574486
Q9BUK6	Q9BUK6	MSTO1_HUMAN	MSTO1	Protein misato homolog 1	558728		433779	659106
Q9BUL8	Q9BUL8	PDC10_HUMAN	PDCD10	Programmed cell death protein 10	3.44478e+06	2.29359e+06	2.24736e+06	3.26081e+06
Q9BUN8	Q9BUN8	DERL1_HUMAN	DERL1	Derlin-1	4.51455e+06	4.3296e+06	4.65144e+06	3.72252e+06
Q9BUP3	Q9BUP3	HTAI2_HUMAN	HTATIP2	Oxidoreductase HTATIP2	5.11032e+06	3.57702e+06	7.76547e+06	5.2523e+06
Q9BUQ8	Q9BUQ8	DDX23_HUMAN	DDX23	Probable ATP-dependent RNA helicase DDX23	1.07545e+06	964166	810726	946311
Q9BUR5	Q9BUR5	MIC26_HUMAN	APOO	MICOS complex subunit MIC26	3.0149e+06	1.98279e+06	2.44905e+06	3.21235e+06
Q9BUT1	Q9BUT1	DHRS6_HUMAN	BDH2	Dehydrogenase/reductase SDR family member 6	1.86109e+06	1.74484e+06	1.52267e+06	1.9703e+06
Q9BV10	Q9BV10	ALG12_HUMAN	ALG12	Dol-P-Man:Man(7)GlcNAc(2)-PP-Dol alpha-1,6-mannosyltransferase	774251	538771	465440	621423
Q9BV20	Q9BV20	MTNA_HUMAN	MRI1	Methylthioribose-1-phosphate isomerase	814913	1.04055e+06	1.32609e+06	1.02553e+06
Q9BV23	Q9BV23	ABHD6_HUMAN	ABHD6	Monoacylglycerol lipase ABHD6	166192	378323	287672	305401
Q9BV36	Q9BV36	MELPH_HUMAN	MLPH	Melanophilin	2.53852e+06		1.68779e+06	2.80153e+06
Q9BV38	Q9BV38	WDR18_HUMAN	WDR18	WD repeat-containing protein 18	351525	60647.5	245375	508621
Q9BV40	Q9BV40	VAMP8_HUMAN	VAMP8	Vesicle-associated membrane protein 8	2.95052e+06	2.80028e+06	4.85265e+06	2.14919e+06
Q9BV44	Q9BV44	THUM3_HUMAN	THUMPD3	tRNA (guanine(6)-N2)-methyltransferase THUMP3	262651		278384	271895
Q9BV57	Q9BV57	MTND_HUMAN	ADI1	Acireductone dioxygenase	641868	693908	1.66358e+06	853416
Q9BV79	Q9BV79	MECR_HUMAN	MECR	Enoyl-[acyl-carrier-protein] reductase, mitochondrial	936746	599726	1.00592e+06	1.01471e+06
Q9BV81	Q9BV81	EMC6_HUMAN	EMC6	ER membrane protein complex subunit 6	980760	577713	380554	
Q9BV86	Q9BV86	NTM1A_HUMAN	NTMT1	N-terminal Xaa-Pro-Lys N-methyltransferase 1	1.36113e+06	1.28973e+06	1.79936e+06	1.30729e+06
Q9BV94	Q9BV94	EDEM2_HUMAN	EDEM2	ER degradation-enhancing alpha-mannosidase-like protein 2	1.16803e+06		1.33108e+06	1.01908e+06
Q9BVA1	Q13885;Q9BVA1	TBB2B_HUMAN	TUBB2B	Tubulin beta-2B chain	7.84349e+06	2.40361e+06	2.57171e+06	9.80558e+06
Q9BVC4	Q9BVC4	LST8_HUMAN	MLST8	Target of rapamycin complex subunit LST8	568592	529003	234470	703113
Q9BVC6	Q9BVC6	TM109_HUMAN	TMEM109	Transmembrane protein 109	2.78884e+07	2.6261e+07	2.18631e+07	1.86016e+07
Q9BVG4	Q9BVG4	PBDC1_HUMAN	PBDC1	Protein PBDC1	1.96506e+06	2.10312e+06	2.27666e+06	2.4097e+06
Q9BVG9	Q9BVG9	PTSS2_HUMAN	PTDSS2	Phosphatidylserine synthase 2	874837	1.02859e+06	1.03465e+06	993154
Q9BVJ7	Q9BVJ7	DUS23_HUMAN	DUSP23	Dual specificity protein phosphatase 23	1.44609e+06	433103	1.63203e+06	1.60979e+06
Q9BVK2	Q9BVK2	ALG8_HUMAN	ALG8	Probable dolichyl pyrophosphate Glc1Man9GlcNAc2 alpha-1,3-glucosyltransferase	658895	1.21319e+06	775714	954843
Q9BVK6	Q9BVK6	TMED9_HUMAN	TMED9	Transmembrane emp24 domain-containing protein 9	1.21114e+07	1.23224e+07	1.62683e+07	1.02179e+07
Q9BVK8	Q9BVK8	TM147_HUMAN	TMEM147	BOS complex subunit TMEM147	581341	451389	326428	529820
Q9BVL2	Q9BVL2	NUP58_HUMAN	NUP58	Nucleoporin p58/p45	597667	284618	407967	621813
Q9BVL4	Q9BVL4	SELO_HUMAN	SELENOO	Protein adenylyltransferase SelO, mitochondrial	835894	482009	862301	805532
Q9BVM2	Q9BVM2	DPCD_HUMAN	DPCD	Protein DPCD	242125	244346	377736	352548
Q9BVM4	Q9BVM4	GGACT_HUMAN	GGACT	Gamma-glutamylaminecyclotransferase	860141	918519	1.71588e+06	802713
Q9BVP2	Q9BVP2	GNL3_HUMAN	GNL3	Guanine nucleotide-binding protein-like 3	520806			328723
Q9BVQ7	Q9BVQ7	AFG2B_HUMAN	AFG2B	ATPase family gene 2 protein homolog B	374999			498873
Q9BVT8	Q9BVT8	TMUB1_HUMAN	TMUB1	Transmembrane and ubiquitin-like domain-containing protein 1	438323		350131	499713
Q9BVV7	Q9BVV7	TIM21_HUMAN	TIMM21	Mitochondrial import inner membrane translocase subunit Tim21	606786	550265	341752	527759
Q9BW27	Q9BW27	NUP85_HUMAN	NUP85	Nuclear pore complex protein Nup85	548114	189541		382954
Q9BW30	Q9BW30	TPPP3_HUMAN	TPPP3	Tubulin polymerization-promoting protein family member 3	964064	763657	789103	1.20571e+06
Q9BW60	Q9BW60	ELOV1_HUMAN	ELOVL1	Elongation of very long chain fatty acids protein 1	876387	1.2338e+06	1.03175e+06	749804
Q9BW72	Q9BW72	HIG2A_HUMAN	HIGD2A	HIG1 domain family member 2A, mitochondrial	319158		421181	399082
Q9BW83	Q9BW83	IFT27_HUMAN	IFT27	Intraflagellar transport protein 27 homolog	810018	700816	1.56687e+06	1.03254e+06
Q9BW91	Q9BW91	NUDT9_HUMAN	NUDT9	ADP-ribose pyrophosphatase, mitochondrial	770446	618603	1.08018e+06	838841
Q9BW92	Q9BW92	SYTM_HUMAN	TARS2	Threonine--tRNA ligase, mitochondrial	2.85478e+06	1.15771e+06	1.00955e+06	2.98923e+06
Q9BWD1	Q9BWD1	THIC_HUMAN	ACAT2	Acetyl-CoA acetyltransferase, cytosolic	2.72797e+06	2.37853e+06	6.8695e+06	4.19849e+06
Q9BWE0	Q9BWE0	REPI1_HUMAN	REPIN1	Replication initiator 1	127892			185167
Q9BWF3	Q9BWF3	RBM4_HUMAN	RBM4	RNA-binding protein 4	1.62769e+06	1.02376e+06	1.22029e+06	1.93385e+06
Q9BWH2	Q9BWH2	FUND2_HUMAN	FUNDC2	FUN14 domain-containing protein 2	2.34785e+06	1.0774e+06	2.1483e+06	1.88657e+06
Q9BWH6	Q9BWH6	RPAP1_HUMAN	RPAP1	RNA polymerase II-associated protein 1	56761.1			54902.6
Q9BWM7	Q9BWM7	SFXN3_HUMAN	SFXN3	Sideroflexin-3	6.12165e+06	987074	1.87629e+06	3.41862e+06
Q9BWQ6	Q9BWQ6	YIPF2_HUMAN	YIPF2	Protein YIPF2	313890		581470	453518
Q9BWS9	Q9BWS9	CHID1_HUMAN	CHID1	Chitinase domain-containing protein 1	2.08862e+06	1.93522e+06	1.96127e+06	2.30789e+06
Q9BWU0	Q9BWU0	NADAP_HUMAN	SLC4A1AP	Kanadaptin	215285		60956.1	183114
Q9BX46;Q9H0Z9	Q9BX46;Q9H0Z9	RBM24_HUMAN;RBM38_HUMAN	RBM24;RBM38	RNA-binding protein 24	1.59429e+06	692148	553802	1.04121e+06
Q9BX59	Q9BX59	TPSNR_HUMAN	TAPBPL	Tapasin-related protein	1.88596e+06	1.62427e+06	2.67769e+06	1.30616e+06
Q9BX66	Q9BX66	SRBS1_HUMAN	SORBS1	Sorbin and SH3 domain-containing protein 1	2.44627e+06	360391	327846	1.2169e+06
Q9BX67	Q9BX67	JAM3_HUMAN	JAM3	Junctional adhesion molecule C	227180		182442	160120
Q9BX68	Q9BX68	HINT2_HUMAN	HINT2	Adenosine 5'-monophosphoramidase HINT2	2.91177e+06	443016	3.3917e+06	3.7184e+06
Q9BX95	Q9BX95	SGPP1_HUMAN	SGPP1	Sphingosine-1-phosphate phosphatase 1	664752	99386.6	476476	344847
Q9BX97	Q9BX97	PLVAP_HUMAN	PLVAP	Plasmalemma vesicle-associated protein	1.25414e+06	1.48955e+06	803033	1.68976e+06
Q9BXB4	Q9BXB4	OSB11_HUMAN	OSBPL11	Oxysterol-binding protein-related protein 11	466260	428614	247459	379293
Q9BXB5	Q9BXB5	OSB10_HUMAN	OSBPL10	Oxysterol-binding protein-related protein 10	121482	114124	69743.6	218213
Q9BXD5	Q9BXD5	NPL_HUMAN	NPL	N-acetylneuraminate lyase	721582	681549	1.21838e+06	868318
Q9BXI6	Q9BXI6	TB10A_HUMAN	TBC1D10A	TBC1 domain family member 10A	197741	141926	139934	231051
Q9BXJ4	Q9BXJ4	C1QT3_HUMAN	C1QTNF3	Complement C1q tumor necrosis factor-related protein 3			206959	346041
Q9BXJ8	Q9BXJ8	TACAN_HUMAN	TMEM120A	Ion channel TACAN	944202	853700	563599	859332
Q9BXJ9	Q6N069;Q9BXJ9	NAA15_HUMAN	NAA15	N-alpha-acetyltransferase 15, NatA auxiliary subunit	947850	848807	841941	1.0018e+06
Q9BXK5	Q9BXK5	B2L13_HUMAN	BCL2L13	Bcl-2-like protein 13	1.24334e+06	58419.7	1.30324e+06	1.3634e+06
Q9BXN1	Q9BXN1	ASPN_HUMAN	ASPN	Asporin	1.83646e+06	412099	662789	1.98232e+06
Q9BXP2	Q9BXP2	S12A9_HUMAN	SLC12A9	Solute carrier family 12 member 9	967459	1.06236e+06	1.27823e+06	958482
Q9BXP5	Q9BXP5	SRRT_HUMAN	SRRT	Serrate RNA effector molecule homolog	1.85803e+06	1.30087e+06	458890	1.25474e+06
Q9BXR0	Q9BXR0	TGT_HUMAN	QTRT1	Queuine tRNA-ribosyltransferase catalytic subunit 1	1.21526e+06	988655	1.71123e+06	1.40008e+06
Q9BXR6	Q9BXR6	FHR5_HUMAN	CFHR5	Complement factor H-related protein 5	206286	316718	146017	232418
Q9BXS5	Q9BXS5	AP1M1_HUMAN	AP1M1	AP-1 complex subunit mu-1	1.30105e+07	1.60492e+07	3.92914e+06	9.3822e+06
Q9BXW6	Q9BXW6	OSBL1_HUMAN	OSBPL1A	Oxysterol-binding protein-related protein 1	590979	694965	384426	805316
Q9BXW7	Q9BXW7	HDHD5_HUMAN	HDHD5	Haloacid dehalogenase-like hydrolase domain-containing 5	1.96171e+06	443059	1.53143e+06	2.07278e+06
Q9BY15	Q9BY15	AGRE3_HUMAN	ADGRE3	Adhesion G protein-coupled receptor E3	124361	347499	45868	
Q9BY32	Q9BY32	ITPA_HUMAN	ITPA	Inosine triphosphate pyrophosphatase	3.13405e+06	973256	5.72578e+06	3.62855e+06
Q9BY42	Q9BY42	RTF2_HUMAN	RTF2	Replication termination factor 2	363589	323777	433140	352606
Q9BY43	Q9BY43	CHM4A_HUMAN	CHMP4A	Charged multivesicular body protein 4a	864545	804509	1.65185e+06	1.10495e+06
Q9BY44	Q9BY44	EIF2A_HUMAN	EIF2A	Eukaryotic translation initiation factor 2A	1.49154e+06	2.06099e+06	1.44577e+06	1.17582e+06
Q9BY50	Q9BY50	SC11C_HUMAN	SEC11C	Signal peptidase complex catalytic subunit SEC11C	1.51145e+07	1.53291e+07	2.8661e+07	1.88113e+07
Q9BY67	Q9BY67	CADM1_HUMAN	CADM1	Cell adhesion molecule 1	480033	616868	726904	619670
Q9BY77	Q9BY77	PDIP3_HUMAN	POLDIP3	Polymerase delta-interacting protein 3	927298		357160	978504
Q9BYB4	Q9BYB4	GNB1L_HUMAN	GNB1L	Guanine nucleotide-binding protein subunit beta-like protein 1	213331	212701	352562	212239
Q9BYC5	Q9BYC5	FUT8_HUMAN	FUT8	Alpha-(1,6)-fucosyltransferase	323227	322034	175713	208118
Q9BYC8	Q9BYC8	RM32_HUMAN	MRPL32	Large ribosomal subunit protein bL32m	610955	317533	322527	812471
Q9BYC9	Q9BYC9	RM20_HUMAN	MRPL20	Large ribosomal subunit protein bL20m	960758	516419	348859	1.17775e+06
Q9BYD1	Q9BYD1	RM13_HUMAN	MRPL13	Large ribosomal subunit protein uL13m	1.74343e+06	841235	833784	2.07385e+06
Q9BYD2	Q9BYD2	RM09_HUMAN	MRPL9	Large ribosomal subunit protein bL9m	647912		263532	922073
Q9BYD3	Q9BYD3	RM04_HUMAN	MRPL4	Large ribosomal subunit protein uL4m	2.26831e+06	1.04823e+06	703107	2.34099e+06
Q9BYD6	Q9BYD6	RM01_HUMAN	MRPL1	Large ribosomal subunit protein uL1m	1.84114e+06	1.44303e+06	932719	2.12757e+06
Q9BYG5	Q9BYG4;Q9BYG5;Q9NPB6	PAR6B_HUMAN	PARD6B	Partitioning defective 6 homolog beta	446106	262618	473107	458888
Q9BYI3	Q9BYI3	HYCCI_HUMAN	HYCC1	Hyccin	84174.1			
Q9BYJ9	Q9BYJ9	YTHD1_HUMAN	YTHDF1	YTH domain-containing family protein 1	462523	656071	277400	296656
Q9BYM8	Q9BYM8	HOIL1_HUMAN	RBCK1	RanBP-type and C3HC4-type zinc finger-containing protein 1	1.27047e+06	516283		1.12349e+06
Q9BYN0	Q9BYN0	SRXN1_HUMAN	SRXN1	Sulfiredoxin-1	128540		232419	142994
Q9BYN8	Q9BYN8	RT26_HUMAN	MRPS26	Small ribosomal subunit protein mS26	1.03725e+06		623043	1.34903e+06
Q9BYT8	Q9BYT8	NEUL_HUMAN	NLN	Neurolysin, mitochondrial	880109	952389	597173	969809
Q9BYX2	Q9BYX2	TBD2A_HUMAN	TBC1D2	TBC1 domain family member 2A	234732	281423		240817
Q9BYX4	Q9BYX4	IFIH1_HUMAN	IFIH1	Interferon-induced helicase C domain-containing protein 1	93264	148251	30915.3	54755
Q9BYZ2	Q9BYZ2	LDH6B_HUMAN	LDHAL6B	L-lactate dehydrogenase A-like 6B	2.73407e+06	1.56854e+06	1.87647e+06	1.06366e+06
Q9BYZ8	Q9BYZ8	REG4_HUMAN	REG4	Regenerating islet-derived protein 4	1.81508e+07	9.72282e+06	3.79156e+07	1.25856e+07
Q9BZ23	Q9BZ23;Q9H999	PANK2_HUMAN	PANK2	Pantothenate kinase 2, mitochondrial	367160	317890	516471	491493
Q9BZ67	Q9BZ67	FRMD8_HUMAN	FRMD8	FERM domain-containing protein 8	408702		292046	331788
Q9BZD2	Q9BZD2	S29A3_HUMAN	SLC29A3	Equilibrative nucleoside transporter 3	248002	210157	199555	119169
Q9BZE1	Q9BZE1	RM37_HUMAN	MRPL37	Large ribosomal subunit protein mL37	1.47823e+06	840513	672192	1.88017e+06
Q9BZE9	Q9BZE9	ASPC1_HUMAN	ASPSCR1	Tether containing UBX domain for GLUT4	1.78571e+06	1.31949e+06	1.3614e+06	1.92628e+06
Q9BZF1	Q9BZF1	OSBL8_HUMAN	OSBPL8	Oxysterol-binding protein-related protein 8	1.00893e+06	1.25066e+06	199967	427125
Q9BZF9	Q9BZF9	UACA_HUMAN	UACA	Uveal autoantigen with coiled-coil domains and ankyrin repeats	128910	80489.2		96499
Q9BZG1	Q9BZG1	RAB34_HUMAN	RAB34	Ras-related protein Rab-34	986877	349517	561442	694244
Q9BZG8	Q9BZG8	DPH1_HUMAN	DPH1	2-(3-amino-3-carboxypropyl)histidine synthase subunit 1	94111.6	61659	92890.1	126959
Q9BZH6	Q9BZH6	WDR11_HUMAN	WDR11	WD repeat-containing protein 11	781512	680430	302809	762038
Q9BZI7	Q9BZI7	REN3B_HUMAN	UPF3B	Regulator of nonsense transcripts 3B	176008	211058		
Q9BZJ0	Q9BZJ0	CRNL1_HUMAN	CRNKL1	Crooked neck-like protein 1	321574	315818	543073	239307
Q9BZK7	Q9BZK7	TBL1R_HUMAN	TBL1XR1	F-box-like/WD repeat-containing protein TBL1XR1	2.4542e+06	1.85786e+06	413746	2.57072e+06
Q9BZL1	Q9BZL1	UBL5_HUMAN	UBL5	Ubiquitin-like protein 5	3.66883e+06	2.60578e+06	5.16184e+06	4.45184e+06
Q9BZL4	Q9BZL4	PP12C_HUMAN	PPP1R12C	Protein phosphatase 1 regulatory subunit 12C	233906	44671		124690
Q9BZL6	Q9BZL6	KPCD2_HUMAN	PRKD2	Serine/threonine-protein kinase D2	437971	411269	294902	461380
Q9BZQ6	Q9BZQ6	EDEM3_HUMAN	EDEM3	ER degradation-enhancing alpha-mannosidase-like protein 3	2.69733e+06	2.14642e+06	4.15043e+06	3.21112e+06
Q9BZQ8	Q9BZQ8	NIBA1_HUMAN	NIBAN1	Protein Niban 1	1.38097e+06	698963	825134	1.04005e+06
Q9BZR8	Q9BZR8	B2L14_HUMAN	BCL2L14	Apoptosis facilitator Bcl-2-like protein 14	380996		370181	421288
Q9BZV1	Q9BZV1	UBXN6_HUMAN	UBXN6	UBX domain-containing protein 6	632266	432615	349420	570192
Q9BZX2	Q9BZX2;Q9HA47	UCK2_HUMAN	UCK2	Uridine-cytidine kinase 2	518352	89184.4	594607	604370
Q9BZZ2	Q9BZZ2	SN_HUMAN	SIGLEC1	Sialoadhesin	553053	258591	702579	503594
Q9BZZ5	Q9BZZ5	API5_HUMAN	API5	Apoptosis inhibitor 5	4.69388e+06	1.90862e+06	2.9045e+06	4.41753e+06
Q9C002	Q9C002	NMES1_HUMAN	NMES1	Normal mucosa of esophagus-specific gene 1 protein	6.73453e+06		6.78848e+06	1.66562e+07
Q9C037	Q9C037	TRIM4_HUMAN	TRIM4	E3 ubiquitin-protein ligase TRIM4	427136	298582		316875
Q9C075	Q9C075	K1C23_HUMAN	KRT23	Keratin, type I cytoskeletal 23	515073	732285	454152	519570
Q9C0B1	Q9C0B1	FTO_HUMAN	FTO	Alpha-ketoglutarate-dependent dioxygenase FTO	937907	1.28031e+06	1.26795e+06	1.0233e+06
Q9C0B5	Q9C0B5	ZDHC5_HUMAN	ZDHHC5	Palmitoyltransferase ZDHHC5	752028		493590	654331
Q9C0C2	Q9C0C2	TB182_HUMAN	TNKS1BP1	182 kDa tankyrase-1-binding protein	1.64577e+06	723944	601875	2.03697e+06
Q9C0C9	Q9C0C9	UBE2O_HUMAN	UBE2O	(E3-independent) E2 ubiquitin-conjugating enzyme	702311	940305	637222	857607
Q9C0D9	Q9C0D9	EPT1_HUMAN	SELENOI	Ethanolaminephosphotransferase 1	728110	488883	757104	661657
Q9C0E2	Q9C0E2	XPO4_HUMAN	XPO4	Exportin-4	495460	289710	290169	641745
Q9C0E8	Q9C0E8	LNP_HUMAN	LNPK	Endoplasmic reticulum junction formation protein lunapark	2.56682e+06	973897	1.62757e+06	2.20617e+06
Q9C0H2	Q9C0H2	TTYH3_HUMAN	TTYH3	Protein tweety homolog 3	147911	57629.1	142715	84434.4
Q9GZM5	Q9GZM5	YIPF3_HUMAN	YIPF3	Protein YIPF3	854240	552403	896314	820919
Q9GZM7	Q9GZM7	TINAL_HUMAN	TINAGL1	Tubulointerstitial nephritis antigen-like	118207	102156	96416.8	59612.1
Q9GZM8;Q9NXR1	Q9GZM8;Q9NXR1	NDE1_HUMAN;NDEL1_HUMAN	NDE1;NDEL1	Nuclear distribution protein nudE-like 1	187914		81476.4	191919
Q9GZN8	Q9GZN8	ADSSP_HUMAN	ADISSP	Adipose-secreted signaling protein	667254	1.98368e+06	539369	410448
Q9GZP4	Q9GZP4	PITH1_HUMAN	PITHD1	PITH domain-containing protein 1	2.25173e+06	3.32581e+06	2.7633e+06	2.53774e+06
Q9GZP8	Q9GZP8	IMUP_HUMAN	IMUP	Immortalization up-regulated protein	949629		1.17878e+06	746567
Q9GZP9	Q9GZP9	DERL2_HUMAN	DERL2	Derlin-2	1.03521e+06	405010	920830	937310
Q9GZQ3	Q9GZQ3	COMD5_HUMAN	COMMD5	COMM domain-containing protein 5	841339	208444	414034	1.02714e+06
Q9GZR7	Q9GZR7	DDX24_HUMAN	DDX24	ATP-dependent RNA helicase DDX24	850751	442818	582610	771960
Q9GZS3	Q9GZS3	SKI8_HUMAN	SKIC8	Superkiller complex protein 8	1.85491e+06	1.87396e+06	1.54488e+06	2.04474e+06
Q9GZS9	Q9GZS9	CHST5_HUMAN	CHST5	Carbohydrate sulfotransferase 5	1.79468e+06	777233	3.15471e+06	1.65003e+06
Q9GZT3	Q9GZT3	SLIRP_HUMAN	SLIRP	SRA stem-loop-interacting RNA-binding protein, mitochondrial	4.47095e+06	1.07533e+06	1.23006e+06	5.44739e+06
Q9GZT4	Q9GZT4	SRR_HUMAN	SRR	Serine racemase	104300		217061	228472
Q9GZT6	Q9GZT6	CC90B_HUMAN	CCDC90B	Coiled-coil domain-containing protein 90B, mitochondrial	687344			583572
Q9GZT8	Q9GZT8	NIF3L_HUMAN	NIF3L1	NIF3-like protein 1	1.63292e+06	1.51676e+06	2.25776e+06	1.9382e+06
Q9GZT9	Q9GZT9	EGLN1_HUMAN	EGLN1	Egl nine homolog 1	131549	238809	81091.6	125887
Q9GZU7	Q9GZU7	CTDS1_HUMAN	CTDSP1	Carboxy-terminal domain RNA polymerase II polypeptide A small phosphatase 1	610741	344963	954287	577616
Q9GZU8	Q9GZU8	PIP30_HUMAN	PSME3IP1	PSME3-interacting protein	79399.5	38546.4	45007.3	97041.5
Q9GZX9	Q9GZX9	TWSG1_HUMAN	TWSG1	Twisted gastrulation protein homolog 1	127780	95649.9	276567	115927
Q9GZY8	Q9GZY8	MFF_HUMAN	MFF	Mitochondrial fission factor	692285	168338	470995	532070
Q9GZZ1	Q9GZZ1	NAA50_HUMAN	NAA50	N-alpha-acetyltransferase 50	926354	1.03421e+06	1.32098e+06	902203
Q9GZZ9	Q9GZZ9	UBA5_HUMAN	UBA5	Ubiquitin-like modifier-activating enzyme 5	1.34007e+06	556921	2.82186e+06	1.57816e+06
Q9H000	Q9H000	MKRN2_HUMAN	MKRN2	E3 ubiquitin-protein ligase makorin-2	58621.5			44328.1
Q9H008	Q9H008	LHPP_HUMAN	LHPP	Phospholysine phosphohistidine inorganic pyrophosphate phosphatase	2.86361e+06	2.5319e+06	2.5164e+06	2.51355e+06
Q9H019	Q9H019	MFR1L_HUMAN	MTFR1L	Mitochondrial fission regulator 1-like	309402		147711	286921
Q9H061	Q9H061	T126A_HUMAN	TMEM126A	Transmembrane protein 126A	1.32701e+06	609189	916751	1.13953e+06
Q9H063	Q9H063	MAF1_HUMAN	MAF1	Repressor of RNA polymerase III transcription MAF1 homolog	87587.5	107010	212331	143871
Q9H074	Q9H074	PAIP1_HUMAN	PAIP1	Polyadenylate-binding protein-interacting protein 1	1.53253e+06	1.39145e+06	1.61075e+06	1.88474e+06
Q9H078	Q9H078	CLPB_HUMAN	CLPB	Mitochondrial disaggregase	2.05609e+06	1.31747e+06	1.30162e+06	2.07517e+06
Q9H082	Q9H082	RB33B_HUMAN	RAB33B	Ras-related protein Rab-33B	987566	986385	1.01516e+06	695244
Q9H089	Q9H089	LSG1_HUMAN	LSG1	Large subunit GTPase 1 homolog	919860	481843	644241	859601
Q9H098	Q9H098	F107B_HUMAN	FAM107B	Protein FAM107B	3.83239e+06	4.35473e+06	5.25279e+06	3.20723e+06
Q9H0A0	Q9H0A0	NAT10_HUMAN	NAT10	RNA cytidine acetyltransferase	509050	142266		284547
Q9H0A8	Q9H0A8	COMD4_HUMAN	COMMD4	COMM domain-containing protein 4	535793	432978	250281	557270
Q9H0B6	Q9H0B6	KLC2_HUMAN	KLC2	Kinesin light chain 2	423016	93984	134093	531720
Q9H0B8	Q9H0B8	CRLD2_HUMAN	CRISPLD2	Cysteine-rich secretory protein LCCL domain-containing 2		248891		
Q9H0C8	Q9H0C8	ILKAP_HUMAN	ILKAP	Integrin-linked kinase-associated serine/threonine phosphatase 2C	2.34978e+06	1.69704e+06	2.13685e+06	2.52814e+06
Q9H0D6	Q9H0D6	XRN2_HUMAN	XRN2	5'-3' exoribonuclease 2	1.6593e+06	1.6619e+06	600173	1.22015e+06
Q9H0E2	Q9H0E2	TOLIP_HUMAN	TOLLIP	Toll-interacting protein	2.17553e+06	2.56793e+06	2.02368e+06	2.12342e+06
Q9H0E9	Q9H0E9	BRD8_HUMAN	BRD8	Bromodomain-containing protein 8		108751		
Q9H0F6	Q9H0F6	SHRPN_HUMAN	SHARPIN	Sharpin				76468.2
Q9H0J9	Q9H0J9	PAR12_HUMAN	PARP12	Protein mono-ADP-ribosyltransferase PARP12	588972	535249	390787	481712
Q9H0L4	Q9H0L4	CSTFT_HUMAN	CSTF2T	Cleavage stimulation factor subunit 2 tau variant	363296		204668	428524
Q9H0N5	Q9H0N5	PHS2_HUMAN	PCBD2	Pterin-4-alpha-carbinolamine dehydratase 2	791663	564477	913921	849991
Q9H0P0	Q9H0P0	5NT3A_HUMAN	NT5C3A	Cytosolic 5'-nucleotidase 3A	1.29673e+06	765680	2.70263e+06	1.47974e+06
Q9H0Q0	Q9H0Q0	CYRIA_HUMAN	CYRIA	CYFIP-related Rac1 interactor A	599384	620029	762661	636844
Q9H0R1	Q9H0R1	AP5M1_HUMAN	AP5M1	AP-5 complex subunit mu-1	548679	346151	254431	377903
Q9H0R3	Q9H0R3	TM222_HUMAN	TMEM222	Transmembrane protein 222	139660	268507	402882	250521
Q9H0R4	Q9H0R4	HDHD2_HUMAN	HDHD2	Haloacid dehalogenase-like hydrolase domain-containing protein 2	1.51467e+06	1.59564e+06	1.60798e+06	1.45915e+06
Q9H0R6	Q9H0R6	GATA_HUMAN	QRSL1	Glutamyl-tRNA(Gln) amidotransferase subunit A, mitochondrial	281067	140259	246354	301787
Q9H0S4	Q9H0S4	DDX47_HUMAN	DDX47	Probable ATP-dependent RNA helicase DDX47	173636		32057	86458.9
Q9H0U3	Q9H0U3	MAGT1_HUMAN	MAGT1	Magnesium transporter protein 1	2.7511e+06	3.31512e+06	1.37937e+06	2.4102e+06
Q9H0U4	Q9H0U4;Q92928	RAB1B_HUMAN	RAB1B	Ras-related protein Rab-1B	5.08784e+06	2.42109e+06	8.9351e+06	5.43944e+06
Q9H0U6	Q9H0U6	RM18_HUMAN	MRPL18	Large ribosomal subunit protein uL18m	1.0866e+06	511438	582805	1.3663e+06
Q9H0V1	Q9H0V1	TM168_HUMAN	TMEM168	Transmembrane protein 168	602131	327043	492617	616409
Q9H0V9	Q9H0V9	LMA2L_HUMAN	LMAN2L	VIP36-like protein	939895	888176	888956	787785
Q9H0W8	Q9H0W8	SMG9_HUMAN	SMG9	Nonsense-mediated mRNA decay factor SMG9	267102	178783	195874	242625
Q9H0W9	Q9H0W9	CK054_HUMAN	C11orf54	Ester hydrolase C11orf54	4.05235e+06	3.92233e+06	7.1958e+06	5.34848e+06
Q9H0X4	Q9H0X4	F234A_HUMAN	FAM234A	Protein FAM234A	230800	143351	324984	252126
Q9H0X9	Q9H0X9	OSBL5_HUMAN	OSBPL5	Oxysterol-binding protein-related protein 5	868508	735988	768925	599860
Q9H115	Q9H115	SNAB_HUMAN	NAPB	Beta-soluble NSF attachment protein	93878.9		122255	144215
Q9H173	Q9H173	SIL1_HUMAN	SIL1	Nucleotide exchange factor SIL1	629671	745627	784610	493007
Q9H190	Q9H190	SDCB2_HUMAN	SDCBP2	Syntenin-2	120752		566601	275549
Q9H1A3	Q9H1A3	METL9_HUMAN	METTL9	Protein-L-histidine N-pros-methyltransferase	564415	422646	536032	328106
Q9H1A4	Q9H1A4	APC1_HUMAN	ANAPC1	Anaphase-promoting complex subunit 1	429812	349017		447309
Q9H1B5	Q9H1B5	XYLT2_HUMAN	XYLT2	Xylosyltransferase 2	195877	105895	147947	138411
Q9H1B7	Q9H1B7	I2BPL_HUMAN	IRF2BPL	Probable E3 ubiquitin-protein ligase IRF2BPL	187443	90437.8		159813
Q9H1C4	Q9H1C4	UN93B_HUMAN	UNC93B1	Protein unc-93 homolog B1	637342	793910	702697	495720
Q9H1C7	Q9H1C7	CYTM1_HUMAN	CYSTM1	Cysteine-rich and transmembrane domain-containing protein 1	1.37199e+06		2.29559e+06	1.17984e+06
Q9H1D9	Q9H1D9	RPC6_HUMAN	POLR3F	DNA-directed RNA polymerase III subunit RPC6	253453	141908		220255
Q9H1E1	Q9H1E1	RNAS7_HUMAN	RNASE7	Ribonuclease 7	241387	299266	142828	
Q9H1E3	Q9H1E3	NUCKS_HUMAN	NUCKS1	Nuclear ubiquitous casein and cyclin-dependent kinase substrate 1	2.83948e+06	237245	3.66873e+06	3.17209e+06
Q9H1E5	Q9H1E5	TMX4_HUMAN	TMX4	Thioredoxin-related transmembrane protein 4	2.42413e+06	2.22139e+06	2.07194e+06	1.63568e+06
Q9H1I8	Q9H1I8	ASCC2_HUMAN	ASCC2	Activating signal cointegrator 1 complex subunit 2	447232	313747	139009	260950
Q9H1K1	Q9H1K1	ISCU_HUMAN	ISCU	Iron-sulfur cluster assembly enzyme ISCU	664650		531878	604854
Q9H1N7	Q9H1N7	S35B3_HUMAN	SLC35B3	Adenosine 3'-phospho 5'-phosphosulfate transporter 2	435153	226986	418634	407670
Q9H1P3	Q9H1P3	OSBL2_HUMAN	OSBPL2	Oxysterol-binding protein-related protein 2	731022	780152	707608	775370
Q9H1Y0	Q9H1Y0	ATG5_HUMAN	ATG5	Autophagy protein 5	672007	508140	338447	637414
Q9H1Z4	Q9H1Z4	WDR13_HUMAN	WDR13	WD repeat-containing protein 13	834564	515261	478854	862764
Q9H223	Q9H223;Q9NZN3	EHD4_HUMAN	EHD4	EH domain-containing protein 4	1.90177e+07	1.37814e+07	1.36592e+07	2.26408e+07
Q9H257	Q9H257	CARD9_HUMAN	CARD9	Caspase recruitment domain-containing protein 9	45505.2	17083.6		
Q9H267	Q9H267	VP33B_HUMAN	VPS33B	Vacuolar protein sorting-associated protein 33B	417395	348104	157479	398945
Q9H269	Q9H269	VPS16_HUMAN	VPS16	Vacuolar protein sorting-associated protein 16 homolog	1.4685e+06	1.50486e+06	316804	1.33042e+06
Q9H270	Q9H270	VPS11_HUMAN	VPS11	Vacuolar protein sorting-associated protein 11 homolog	831293	858535		739491
Q9H299	Q9H299	SH3L3_HUMAN	SH3BGRL3	SH3 domain-binding glutamic acid-rich-like protein 3	1.77014e+07	9.59913e+06	3.88315e+07	1.64662e+07
Q9H2C0	Q9H2C0	GAN_HUMAN	GAN	Gigaxonin	319457		225089	464093
Q9H2D1	Q9H2D1	MFTC_HUMAN	SLC25A32	Mitochondrial folate transporter/carrier	244593	121452	181986	193666
Q9H2D6	Q9H2D6	TARA_HUMAN	TRIOBP	TRIO and F-actin-binding protein	853996	730199		746496
Q9H2G2	Q9H2G2	SLK_HUMAN	SLK	STE20-like serine/threonine-protein kinase	1.31237e+06	1.14659e+06	871576	1.41798e+06
Q9H2H8	Q9H2H8	PPIL3_HUMAN	PPIL3	Peptidyl-prolyl cis-trans isomerase-like 3	3.08863e+06	3.11903e+06	5.13767e+06	2.95575e+06
Q9H2H9	Q9H2H9	S38A1_HUMAN	SLC38A1	Sodium-coupled neutral amino acid symporter 1	322762	330145	561764	280014
Q9H2J4	Q9H2J4	PDCL3_HUMAN	PDCL3	Phosducin-like protein 3	571618	595448	873390	655552
Q9H2K2	Q9H2K2	TNKS2_HUMAN	TNKS2	Poly [ADP-ribose] polymerase tankyrase-2	3.28506e+06	8.80572e+06	3.79707e+06	2.17148e+06
Q9H2K8	Q9H2K8	TAOK3_HUMAN	TAOK3	Serine/threonine-protein kinase TAO3	548606	515894	299374	320365
Q9H2M9	Q9H2M9	RBGPR_HUMAN	RAB3GAP2	Rab3 GTPase-activating protein non-catalytic subunit	2.28789e+06	2.28108e+06	908249	2.3856e+06
Q9H2P0	Q9H2P0	ADNP_HUMAN	ADNP	Activity-dependent neuroprotector homeobox protein	85561.3	70139.1		88976.6
Q9H2P9	Q9H2P9	DPH5_HUMAN	DPH5	Diphthine methyl ester synthase	437555	312359	643363	352383
Q9H2U1	Q9H2U1	DHX36_HUMAN	DHX36	ATP-dependent DNA/RNA helicase DHX36	376623	388973	200443	343491
Q9H2U2	Q9H2U2	IPYR2_HUMAN	PPA2	Inorganic pyrophosphatase 2, mitochondrial	1.65184e+07	5.24241e+06	1.07158e+07	1.7978e+07
Q9H2V7	Q9H2V7	SPNS1_HUMAN	SPNS1	Protein spinster homolog 1	1.10874e+06	1.00955e+06	1.28493e+06	648823
Q9H2W1	Q9H2W1	M4A6A_HUMAN	MS4A6A	Membrane-spanning 4-domains subfamily A member 6A				62346.3
Q9H2W6	Q9H2W6	RM46_HUMAN	MRPL46	Large ribosomal subunit protein mL46	1.04225e+06	616735	487264	977814
Q9H329	Q9H329;Q9HCM4	E41LB_HUMAN	EPB41L4B	Band 4.1-like protein 4B	58102.8		28034.1	88189.8
Q9H330	Q9H330	TM245_HUMAN	TMEM245	Transmembrane protein 245	520260	450093	400642	583348
Q9H3G5	Q9H3G5	CPVL_HUMAN	CPVL	Probable serine carboxypeptidase CPVL	5.36608e+06	5.61006e+06	1.03897e+07	8.50357e+06
Q9H3H3	Q9H3H3	CK068_HUMAN	C11orf68	UPF0696 protein C11orf68	1.50452e+06	1.44004e+06	2.02564e+06	1.20446e+06
Q9H3H5	Q9H3H5	GPT_HUMAN	DPAGT1	UDP-N-acetylglucosamine--dolichyl-phosphate N-acetylglucosaminephosphotransferase	1.80985e+06	1.69328e+06	2.37244e+06	1.70387e+06
Q9H3K2	Q9H3K2	GHITM_HUMAN	GHITM	Growth hormone-inducible transmembrane protein	3.92049e+06	2.74671e+06	3.44002e+06	3.81072e+06
Q9H3K6	Q9H3K6	BOLA2_HUMAN	BOLA2	BolA-like protein 2	3.73533e+06	1.44129e+06	7.45337e+06	4.67668e+06
Q9H3M7	Q9H3M7	TXNIP_HUMAN	TXNIP	Thioredoxin-interacting protein	2.02665e+07	2.6158e+07	1.78535e+07	1.89855e+07
Q9H3N1	Q9H3N1	TMX1_HUMAN	TMX1	Thioredoxin-related transmembrane protein 1	4.88336e+06	5.24823e+06	5.8412e+06	3.91756e+06
Q9H3P2	Q9H3P2	NELFA_HUMAN	NELFA	Negative elongation factor A	553270	355800	249981	540539
Q9H3P7	Q9H3P7	GCP60_HUMAN	ACBD3	Golgi resident protein GCP60	3.9961e+06	2.48535e+06	4.75823e+06	3.93742e+06
Q9H3Q1	Q9H3Q1	BORG4_HUMAN	CDC42EP4	Cdc42 effector protein 4	801357		817615	894562
Q9H3Q3	Q9H3Q3	G3ST2_HUMAN	GAL3ST2	Galactose-3-O-sulfotransferase 2	1.15722e+06	255624	2.71215e+06	1.37406e+06
Q9H3R2	Q9H3R2	MUC13_HUMAN	MUC13	Mucin-13	1.52955e+06	1.57624e+06	6.38706e+06	2.71413e+06
Q9H3S1	Q9H3S1	SEM4A_HUMAN	SEMA4A	Semaphorin-4A	710755	885572	1.11038e+06	801199
Q9H3S4	Q9H3S4	TPK1_HUMAN	TPK1	Thiamin pyrophosphokinase 1	312209	300741	735636	254036
Q9H3S5	Q9H3S5	PIGM_HUMAN	PIGM	GPI mannosyltransferase 1	96194.6	48445.5		70836.1
Q9H3S7	Q9H3S7	PTN23_HUMAN	PTPN23	Tyrosine-protein phosphatase non-receptor type 23	1.13392e+06	749470	354178	985153
Q9H3U1	Q9H3U1	UN45A_HUMAN	UNC45A	Protein unc-45 homolog A	951466	510328	427005	1.07093e+06
Q9H3U5	Q9H3U5	MFSD1_HUMAN	MFSD1	Major facilitator superfamily domain-containing protein 1	1.25752e+06	881993	1.40995e+06	805569
Q9H3Z4	Q9H3Z4	DNJC5_HUMAN	DNAJC5	DnaJ homolog subfamily C member 5	1.11782e+06	2.38781e+06	1.98702e+06	1.17781e+06
Q9H444	Q9H444	CHM4B_HUMAN	CHMP4B	Charged multivesicular body protein 4b	3.13264e+06	478729	5.571e+06	4.77145e+06
Q9H446	Q9H446	RWDD1_HUMAN	RWDD1	RWD domain-containing protein 1	556540	477501	634825	702296
Q9H477	Q9H477	RBSK_HUMAN	RBKS	Ribokinase	294493	422628	574887	395857
Q9H479	Q9H479	FN3K_HUMAN	FN3K	Fructosamine-3-kinase	1.0703e+06	851784	1.04915e+06	1.1888e+06
Q9H488	Q9H488	OFUT1_HUMAN	POFUT1	GDP-fucose protein O-fucosyltransferase 1	1.85785e+06	1.94804e+06	1.88946e+06	1.31329e+06
Q9H490	Q9H490	PIGU_HUMAN	PIGU	Phosphatidylinositol glycan anchor biosynthesis class U protein	1.2133e+06	862029	654489	1.07428e+06
Q9H497	Q9H497	TOR3A_HUMAN	TOR3A	Torsin-3A	178190		204396	152499
Q9H4A3	Q9H4A3	WNK1_HUMAN	WNK1	Serine/threonine-protein kinase WNK1	587366	699797	286307	539213
Q9H4A4	Q9H4A4	AMPB_HUMAN	RNPEP	Aminopeptidase B	7.08179e+06	7.70359e+06	1.13572e+07	8.83206e+06
Q9H4A5	Q9H4A5	GLP3L_HUMAN	GOLPH3L	Golgi phosphoprotein 3-like	1.98189e+06	603688	2.28525e+06	1.90539e+06
Q9H4A6	Q9H4A6	GOLP3_HUMAN	GOLPH3	Golgi phosphoprotein 3	1.86504e+06	568955	2.59575e+06	1.92185e+06
Q9H4B7	Q9H4B7	TBB1_HUMAN	TUBB1	Tubulin beta-1 chain	6.21894e+06	1.16751e+06		857164
Q9H4E7	Q9H4E7	DEFI6_HUMAN	DEF6	Differentially expressed in FDCP 6 homolog	689959	841733	314956	530465
Q9H4G0	Q9H4G0	E41L1_HUMAN	EPB41L1	Band 4.1-like protein 1	1.65198e+06	1.37302e+06	1.39721e+06	2.32873e+06
Q9H4G4	Q9H4G4	GAPR1_HUMAN	GLIPR2	Golgi-associated plant pathogenesis-related protein 1	6.00434e+06	6.95652e+06	4.32923e+06	4.42975e+06
Q9H4I3	Q9H4I3	TRABD_HUMAN	TRABD	TraB domain-containing protein	1.4756e+06	1.04822e+06	1.48397e+06	1.46657e+06
Q9H4I9	Q9H4I9	EMRE_HUMAN	SMDT1	Essential MCU regulator, mitochondrial	1.59619e+06	446548	1.14172e+06	1.47444e+06
Q9H4L5	Q9H4L5	OSBL3_HUMAN	OSBPL3	Oxysterol-binding protein-related protein 3		182651		
Q9H4M9	Q9H4M9;Q9NZN3	EHD1_HUMAN	EHD1	EH domain-containing protein 1	4.09182e+06	4.58905e+06	1.87252e+06	3.03132e+06
Q9H4Z3	Q9H4Z3	CAPAM_HUMAN	PCIF1	mRNA (2'-O-methyladenosine-N(6)-)-methyltransferase	154478	165725	60321.5	151612
Q9H553	Q9H553	ALG2_HUMAN	ALG2	Alpha-1,3/1,6-mannosyltransferase ALG2	2.9879e+06	2.49135e+06	2.43415e+06	2.82353e+06
Q9H5N1	Q9H5N1	RABE2_HUMAN	RABEP2	Rab GTPase-binding effector protein 2	465420		259582	713825
Q9H5V8	Q9H5V8	CDCP1_HUMAN	CDCP1	CUB domain-containing protein 1	746797	603911	1.3024e+06	921388
Q9H5X1	Q9H5X1	CIA2A_HUMAN	CIAO2A	Cytosolic iron-sulfur assembly component 2A	1.58269e+06	811644	1.74244e+06	1.66588e+06
Q9H665	Q9H665	IGFR1_HUMAN	IGFLR1	IGF-like family receptor 1	104611		172953	
Q9H6E4	Q9H6E4	CC134_HUMAN	CCDC134	Coiled-coil domain-containing protein 134	907592	893315	878349	715831
Q9H6K4	Q9H6K4	OPA3_HUMAN	OPA3	Optic atrophy 3 protein	1.49223e+06	601438	416553	945235
Q9H6Q4	Q9H6Q4;Q9UHQ1	CIAO3_HUMAN	CIAO3	Cytosolic iron-sulfur assembly component 3	458008	535529	564720	452828
Q9H6R3	Q9H6R3	ACSS3_HUMAN	ACSS3	Acyl-CoA synthetase short-chain family member 3, mitochondrial	669818	613366	201847	374715
Q9H6R6	Q9H6R6	ZDHC6_HUMAN	ZDHHC6	Palmitoyltransferase ZDHHC6	294970	290143	371820	391913
Q9H6S0	Q9H6S0	YTDC2_HUMAN	YTHDC2	3'-5' RNA helicase YTHDC2	130746	62548.5	50634.4	136806
Q9H6S3	Q9H6S3	ES8L2_HUMAN	EPS8L2	Epidermal growth factor receptor kinase substrate 8-like protein 2	2.11526e+06	2.04715e+06	1.48043e+06	3.09799e+06
Q9H6T0	Q9H6T0	ESRP2_HUMAN	ESRP2	Epithelial splicing regulatory protein 2	1.45598e+06	470166	1.11628e+06	1.74141e+06
Q9H6T3	Q9H6T3	RPAP3_HUMAN	RPAP3	RNA polymerase II-associated protein 3	328720	321922	77720.1	653088
Q9H6U8	Q9H6U8	ALG9_HUMAN	ALG9	Alpha-1,2-mannosyltransferase ALG9	564359	683770	616916	484162
Q9H6V9	Q9H6V9	LDAH_HUMAN	LDAH	Lipid droplet-associated hydrolase	1.02123e+06	1.09859e+06	1.06891e+06	922037
Q9H6X2	P58335;Q9H6X2	ANTR1_HUMAN	ANTXR1	Anthrax toxin receptor 1	928782	382735	219044	225149
Q9H6Y2	Q9H6Y2	WDR55_HUMAN	WDR55	WD repeat-containing protein 55	354043		371163	398775
Q9H6Y7	Q9H6Y7	RN167_HUMAN	RNF167	E3 ubiquitin-protein ligase RNF167		224519	299754	
Q9H6Z4	Q9H6Z4	RANB3_HUMAN	RANBP3	Ran-binding protein 3	1.07399e+06	951297	1.02689e+06	1.25025e+06
Q9H720	Q9H720	PG2IP_HUMAN	CWH43	PGAP2-interacting protein			260360	314022
Q9H756	Q9H756	LRC19_HUMAN	LRRC19	Leucine-rich repeat-containing protein 19			209338	104594
Q9H773	Q9H773	DCTP1_HUMAN	DCTPP1	dCTP pyrophosphatase 1	995446	1.00254e+06	1.99823e+06	1.62492e+06
Q9H7B2	Q9H7B2	RPF2_HUMAN	RPF2	Ribosome production factor 2 homolog	125791	68142.9		44414.8
Q9H7C9	Q9H7C9	AAMDC_HUMAN	AAMDC	Mth938 domain-containing protein	762876	223000	1.22366e+06	895045
Q9H7D0	Q9H7D0	DOCK5_HUMAN	DOCK5	Dedicator of cytokinesis protein 5	229282	252139	95780.1	275286
Q9H7D7	Q9H7D7	WDR26_HUMAN	WDR26	WD repeat-containing protein 26	1.69569e+06	1.6169e+06	404626	1.47109e+06
Q9H7E9	Q9H7E9	CH033_HUMAN	C8orf33	UPF0488 protein C8orf33	275549		164635	327249
Q9H7F0	Q9H7F0	AT133_HUMAN	ATP13A3	Polyamine-transporting ATPase 13A3	506165	233006	397019	413064
Q9H7M9	Q9H7M9	VISTA_HUMAN	VSIR	V-type immunoglobulin domain-containing suppressor of T-cell activation	813176	1.94426e+06	1.1096e+06	373293
Q9H7Z7	Q9H7Z7	PGES2_HUMAN	PTGES2	Prostaglandin E synthase 2	2.08581e+06	1.29557e+06	2.85719e+06	2.19697e+06
Q9H814	Q9H814	PHAX_HUMAN	PHAX	Phosphorylated adapter RNA export protein	78607.4	104951	59298.5	112350
Q9H832	Q9H832	UBE2Z_HUMAN	UBE2Z	Ubiquitin-conjugating enzyme E2 Z	1.25629e+06	1.74044e+06	2.7642e+06	1.58297e+06
Q9H845	Q9H845	ACAD9_HUMAN	ACAD9	Complex I assembly factor ACAD9, mitochondrial	3.885e+07	2.05818e+07	2.10335e+07	4.02063e+07
Q9H857	Q9H857	NT5D2_HUMAN	NT5DC2	5'-nucleotidase domain-containing protein 2	423722	463423	291603	413970
Q9H8H3	Q9H8H3	TMT1A_HUMAN	TMT1A	N6-adenosine-methyltransferase TMT1A	7.26435e+06	8.007e+06	1.19545e+07	9.65875e+06
Q9H8M5	Q9H8M5	CNNM2_HUMAN	CNNM2	Metal transporter CNNM2	35848.3			
Q9H8M7	Q9H8M7	MINY3_HUMAN	MINDY3	Ubiquitin carboxyl-terminal hydrolase MINDY-3	609971	560609	982019	686022
Q9H8P0	Q9H8P0	PORED_HUMAN	SRD5A3	Polyprenol reductase	116113	130213	68546	
Q9H8T0	Q9H8T0	AKTIP_HUMAN	AKTIP	AKT-interacting protein	436779	394659		464170
Q9H8W4	Q9H8W4	PKHF2_HUMAN	PLEKHF2	Pleckstrin homology domain-containing family F member 2	984296	954369	885873	1.11875e+06
Q9H8Y8	Q9H8Y8	GORS2_HUMAN	GORASP2	Golgi reassembly-stacking protein 2	2.83114e+06	2.77947e+06	5.36609e+06	3.03477e+06
Q9H910	Q9H910	JUPI2_HUMAN	JPT2	Jupiter microtubule associated homolog 2	929726		2.81072e+06	2.33277e+06
Q9H936	Q9H936	GHC1_HUMAN	SLC25A22	Mitochondrial glutamate carrier 1	2.05477e+06	516462	980346	1.60678e+06
Q9H939	Q9H939	PPIP2_HUMAN	PSTPIP2	Proline-serine-threonine phosphatase-interacting protein 2	849839	1.05633e+06	664143	465519
Q9H944	Q9H944	MED20_HUMAN	MED20	Mediator of RNA polymerase II transcription subunit 20	160665	76814	76908.6	211179
Q9H974	Q9H974	QTRT2_HUMAN	QTRT2	Queuine tRNA-ribosyltransferase accessory subunit 2	450049	528610	468314	446019
Q9H993	Q9H993	ARMT1_HUMAN	ARMT1	Damage-control phosphatase ARMT1	810175	1.15287e+06	1.47343e+06	958777
Q9H999	Q8TE04;Q9H999	PANK3_HUMAN	PANK3	Pantothenate kinase 3	189926	62983.2	414659	369084
Q9H9A5	Q9H9A5	CNO10_HUMAN	CNOT10	CCR4-NOT transcription complex subunit 10	188214	220294		227797
Q9H9A6	Q9H9A6	LRC40_HUMAN	LRRC40	Leucine-rich repeat-containing protein 40	738761	271208	463785	775157
Q9H9B4	Q9H9B4	SFXN1_HUMAN	SFXN1	Sideroflexin-1	1.06077e+07	1.63433e+06	7.51899e+06	7.86832e+06
Q9H9C1	Q9H9C1	SPE39_HUMAN	VIPAS39	Spermatogenesis-defective protein 39 homolog	244079	189930	42604.5	237465
Q9H9E3	Q9H9E3	COG4_HUMAN	COG4	Conserved oligomeric Golgi complex subunit 4	1.45418e+06	1.36273e+06	509379	1.47637e+06
Q9H9G7	Q9H9G7	AGO3_HUMAN	AGO3	Protein argonaute-3	222023	185724		164590
Q9H9H4	Q9H9H4	VP37B_HUMAN	VPS37B	Vacuolar protein sorting-associated protein 37B	583973	89664.5	359656	712842
Q9H9J2	Q9H9J2	RM44_HUMAN	MRPL44	Large ribosomal subunit protein mL44	1.90616e+06	1.11999e+06	854830	2.41884e+06
Q9H9P8	Q9H9P8	L2HDH_HUMAN	L2HGDH	L-2-hydroxyglutarate dehydrogenase, mitochondrial	4.37275e+06	1.60298e+06	3.1165e+06	4.67886e+06
Q9H9Q2	Q9H9Q2	CSN7B_HUMAN	COPS7B	COP9 signalosome complex subunit 7b	916830	282632	397828	735123
Q9H9Q4	Q9H9Q4	NHEJ1_HUMAN	NHEJ1	Non-homologous end-joining factor 1	154085			280758
Q9H9S4	Q9H9S4	CB39L_HUMAN	CAB39L	Calcium-binding protein 39-like	192797	182143	120509	271708
Q9H9T3	Q9H9T3	ELP3_HUMAN	ELP3	Elongator complex protein 3	3.11357e+06	3.19947e+06	1.12317e+06	2.9875e+06
Q9HA64	Q9HA64	KT3K_HUMAN	FN3KRP	Ketosamine-3-kinase	1.02964e+06	1.03852e+06	1.27046e+06	1.10471e+06
Q9HA65	Q9HA65	TBC17_HUMAN	TBC1D17	TBC1 domain family member 17	789714	502872	552716	922912
Q9HA77	Q9HA77	SYCM_HUMAN	CARS2	Probable cysteine--tRNA ligase, mitochondrial	1.2357e+06	870163	668298	1.17069e+06
Q9HAB8	Q9HAB8	PPCS_HUMAN	PPCS	Phosphopantothenate--cysteine ligase	1.92032e+06	1.82707e+06	4.14853e+06	2.25106e+06
Q9HAN9	Q9HAN9	NMNA1_HUMAN	NMNAT1	Nicotinamide/nicotinic acid mononucleotide adenylyltransferase 1	261014	245171	105593	161519
Q9HAS0	Q9HAS0	NJMU_HUMAN	C17orf75	Protein Njmu-R1	308126	41651.3	137336	353994
Q9HAT2	Q9HAT2	SIAE_HUMAN	SIAE	Sialate O-acetylesterase	4.13768e+06	2.62795e+06	9.1896e+06	6.45601e+06
Q9HAU0	Q9HAU0	PKHA5_HUMAN	PLEKHA5	Pleckstrin homology domain-containing family A member 5	335846	333589	170221	425086
Q9HAU5	Q9HAU5	RENT2_HUMAN	UPF2	Regulator of nonsense transcripts 2	225321			129214
Q9HAV0	Q9HAV0	GBB4_HUMAN	GNB4	Guanine nucleotide-binding protein subunit beta-4	2.58296e+06	2.80801e+06	2.53729e+06	2.01258e+06
Q9HAV4	Q9HAV4	XPO5_HUMAN	XPO5	Exportin-5	1.04204e+06	665655	370965	984355
Q9HAV7	Q9HAV7	GRPE1_HUMAN	GRPEL1	GrpE protein homolog 1, mitochondrial	2.64303e+06	883047	2.92743e+06	2.98845e+06
Q9HAW8	Q9HAW8	UD110_HUMAN	UGT1A10	UDP-glucuronosyltransferase 1A10	1.79971e+06	123908	1.13321e+06	2.33497e+06
Q9HB07	Q9HB07	MYG1_HUMAN	MYG1	MYG1 exonuclease	1.57539e+06	1.81025e+06	3.66615e+06	1.82632e+06
Q9HB19	Q9HB19	PKHA2_HUMAN	PLEKHA2	Pleckstrin homology domain-containing family A member 2	468540	397694	273938	371869
Q9HB40	Q9HB40	RISC_HUMAN	SCPEP1	Retinoid-inducible serine carboxypeptidase	8.97645e+06	5.16514e+06	1.2346e+07	7.97277e+06
Q9HB71	Q9HB71	CYBP_HUMAN	CACYBP	Calcyclin-binding protein	5.82107e+06	5.92742e+06	6.1573e+06	5.79293e+06
Q9HB90	Q9HB90;Q9NQL2	RRAGC_HUMAN	RRAGC	Ras-related GTP-binding protein C	1.67175e+06	2.05037e+06	1.23919e+06	1.1563e+06
Q9HBB8	Q9HBB8	CDHR5_HUMAN	CDHR5	Cadherin-related family member 5	461604	186348	1.02708e+06	650601
Q9HBH0	Q9HBH0	RHOF_HUMAN	RHOF	Rho-related GTP-binding protein RhoF	322158	203184	362225	196524
Q9HBH5	Q9HBH5	RDH14_HUMAN	RDH14	Retinol dehydrogenase 14	1.12144e+07	7.69634e+06	1.14739e+07	9.34422e+06
Q9HBI0	Q9HBI0	PARVG_HUMAN	PARVG	Gamma-parvin	540466		215949	313056
Q9HBI1	Q9HBI1	PARVB_HUMAN	PARVB	Beta-parvin	1.23471e+06	405407	123141	298392
Q9HBJ7	Q9HBJ7	UBP29_HUMAN	USP29	Ubiquitin carboxyl-terminal hydrolase 29	1.41694e+06		40270.3	48518.6
Q9HBL0	Q9HBL0	TENS1_HUMAN	TNS1	Tensin-1	8.64098e+06	3.47793e+06	1.25404e+06	3.25907e+06
Q9HBL7	Q9HBL7	PLRKT_HUMAN	PLGRKT	Plasminogen receptor (KT)	3.73045e+06	1.65054e+06	2.04431e+06	3.57818e+06
Q9HBL8	Q9HBL8	NMRL1_HUMAN	NMRAL1	NmrA-like family domain-containing protein 1	587681	400637	665650	657316
Q9HBR0	Q9HBR0	S38AA_HUMAN	SLC38A10	Putative sodium-coupled neutral amino acid transporter 10	367212	165095	282392	313138
Q9HBU6	Q9HBU6	EKI1_HUMAN	ETNK1	Ethanolamine kinase 1		202519	187830	122221
Q9HBW0	Q9HBW0	LPAR2_HUMAN	LPAR2	Lysophosphatidic acid receptor 2	22024.2		46089.2	36072.6
Q9HC07	Q9HC07	TM165_HUMAN	TMEM165	Transmembrane protein 165	2.60318e+06	1.30342e+06	3.23623e+06	2.18606e+06
Q9HC16	Q9HC16	ABC3G_HUMAN	APOBEC3G	DNA dC->dU-editing enzyme APOBEC-3G		429210	311652	
Q9HC21	Q9HC21	TPC_HUMAN	SLC25A19	Mitochondrial thiamine pyrophosphate carrier	495680	632225	417136	436604
Q9HC35	Q9HC35	EMAL4_HUMAN	EML4	Echinoderm microtubule-associated protein-like 4	2.80799e+06	2.25199e+06	1.34561e+06	2.89026e+06
Q9HC38	Q9HC38	GLOD4_HUMAN	GLOD4	Glyoxalase domain-containing protein 4	8.83372e+06	7.14668e+06	1.4548e+07	1.03538e+07
Q9HC77	Q9HC77	CENPJ_HUMAN	CENPJ	Centromere protein J	113848	45776.2	137249	67692.5
Q9HC84	Q9HC84	MUC5B_HUMAN	MUC5B	Mucin-5B	2.6344e+06	2.99503e+06	7.88721e+06	4.86926e+06
Q9HCB6	Q9HCB6	SPON1_HUMAN	SPON1	Spondin-1	3.82961e+06	2.14081e+06	5.69122e+06	5.49776e+06
Q9HCC0	Q9HCC0	MCCB_HUMAN	MCCC2	Methylcrotonoyl-CoA carboxylase beta chain, mitochondrial	3.12588e+06	1.45984e+06	1.69487e+06	3.83234e+06
Q9HCD5	Q9HCD5	NCOA5_HUMAN	NCOA5	Nuclear receptor coactivator 5	221729	498911		186996
Q9HCE1	Q9HCE1	MOV10_HUMAN	MOV10	Helicase MOV-10	556757	521212	327032	512465
Q9HCE5	Q9HCE5	MET14_HUMAN	METTL14	N6-adenosine-methyltransferase non-catalytic subunit	410065	366409		343886
Q9HCE6	Q9HCE6	ARGAL_HUMAN	ARHGEF10L	Rho guanine nucleotide exchange factor 10-like protein	911442	1.02658e+06	607302	1.20325e+06
Q9HCE9	Q9HCE9	ANO8_HUMAN	ANO8	Anoctamin-8	163482		315386	178609
Q9HCG7	Q9HCG7	GBA2_HUMAN	GBA2	Non-lysosomal glucosylceramidase	152367	244835	199117	187423
Q9HCH5	Q9HCH5	SYTL2_HUMAN	SYTL2	Synaptotagmin-like protein 2	349432	208203	261261	448178
Q9HCJ3	Q9HCJ3	RAVR2_HUMAN	RAVER2	Ribonucleoprotein PTB-binding 2	242957	181116	84775.8	255444
Q9HCJ6	Q9HCJ6	VAT1L_HUMAN	VAT1L	Synaptic vesicle membrane protein VAT-1 homolog-like	1.18667e+06	918209	1.61594e+06	1.18317e+06
Q9HCN4	Q9HCN4	GPN1_HUMAN	GPN1	GPN-loop GTPase 1	164827	139696	158162	184469
Q9HCN8	Q9HCN8	SDF2L_HUMAN	SDF2L1	Stromal cell-derived factor 2-like protein 1	5.85297e+06	8.80281e+06	9.35364e+06	5.69051e+06
Q9HCS2	Q9HCS2	CP4FC_HUMAN	CYP4F12	Cytochrome P450 4F12	387265	903479	560824	590151
Q9HCU0	Q9HCU0	CD248_HUMAN	CD248	Endosialin	665361	733069	343173	433771
Q9HCU5	Q9HCU5	PREB_HUMAN	PREB	Prolactin regulatory element-binding protein	3.24144e+06	4.20728e+06	2.17423e+06	3.01642e+06
Q9HCY8	Q9HCY8	S10AE_HUMAN	S100A14	Protein S100-A14	289701	125712	755869	882496
Q9HD15	Q9HD15	SRA1_HUMAN	SRA1	Steroid receptor RNA activator 1	1.60268e+06	1.53926e+06	3.23322e+06	1.82483e+06
Q9HD20	Q9HD20	AT131_HUMAN	ATP13A1	Endoplasmic reticulum transmembrane helix translocase	2.80527e+06	2.46903e+06	2.0824e+06	2.47029e+06
Q9HD26	Q9HD26	GOPC_HUMAN	GOPC	Golgi-associated PDZ and coiled-coil motif-containing protein	1.15904e+06	535051	614406	1.10574e+06
Q9HD33	Q9HD33	RM47_HUMAN	MRPL47	Large ribosomal subunit protein uL29m	913422	517606	349132	1.2578e+06
Q9HD34	Q9HD34	LYRM4_HUMAN	LYRM4	LYR motif-containing protein 4	384884	263013	393104	413845
Q9HD40	Q9HD40	SPCS_HUMAN	SEPSECS	O-phosphoseryl-tRNA(Sec) selenium transferase	1.29456e+06	2.00557e+06	1.86623e+06	1.52762e+06
Q9HD42	Q9HD42	CHM1A_HUMAN	CHMP1A	Charged multivesicular body protein 1a	776188	731161	1.27012e+06	1.09556e+06
Q9HD45	Q9HD45	TM9S3_HUMAN	TM9SF3	Transmembrane 9 superfamily member 3	6.54558e+06	5.63365e+06	8.45092e+06	7.02821e+06
Q9HD89	Q9HD89	RETN_HUMAN	RETN	Resistin	2.371e+06	2.38837e+07	4.20543e+06	696995
Q9HDC9	Q9HDC9	APMAP_HUMAN	APMAP	Adipocyte plasma membrane-associated protein	1.11353e+07	2.58464e+07	1.41516e+07	7.81889e+06
Q9NNW7	Q9NNW7	TRXR2_HUMAN	TXNRD2	Thioredoxin reductase 2, mitochondrial	1.41517e+06	1.16713e+06	1.14449e+06	1.44036e+06
Q9NNX1	Q9NNX1	TUFT1_HUMAN	TUFT1	Tuftelin	55788.9			100029
Q9NNX6	Q9NNX6	CD209_HUMAN	CD209	CD209 antigen	2.20322e+06	1.17686e+06	2.06327e+06	2.76064e+06
Q9NP58	Q2M3G0;Q9NP58	ABCB6_HUMAN	ABCB6	ATP-binding cassette sub-family B member 6	583415	600911	487743	590276
Q9NP61	Q9NP61	ARFG3_HUMAN	ARFGAP3	ADP-ribosylation factor GTPase-activating protein 3	1.67167e+06	1.91358e+06	1.45199e+06	2.00136e+06
Q9NP72	Q9NP72	RAB18_HUMAN	RAB18	Ras-related protein Rab-18	4.15048e+06	2.01732e+06	7.12246e+06	3.97959e+06
Q9NP73	Q9NP73	ALG13_HUMAN	ALG13	Putative bifunctional UDP-N-acetylglucosamine transferase and deubiquitinase ALG13	298527	137802	747475	324358
Q9NP77	Q9NP77	SSU72_HUMAN	SSU72	RNA polymerase II subunit A C-terminal domain phosphatase SSU72	1.40747e+06	1.1109e+06	2.07128e+06	1.54029e+06
Q9NP79	Q9NP79	VTA1_HUMAN	VTA1	Vacuolar protein sorting-associated protein VTA1 homolog	1.64928e+06	1.2474e+06	1.10421e+06	1.77427e+06
Q9NP80	Q9NP80	PLPL8_HUMAN	PNPLA8	Calcium-independent phospholipase A2-gamma	399435	405945	232142	270228
Q9NP81	Q9NP81	SYSM_HUMAN	SARS2	Serine--tRNA ligase, mitochondrial	2.73252e+06	1.85984e+06	2.30338e+06	2.68307e+06
Q9NP92	Q9NP92	RT30_HUMAN	MRPS30	Large ribosomal subunit protein mL65	794221	325528	413587	1.10856e+06
Q9NP97	Q9NP97	DLRB1_HUMAN	DYNLRB1	Dynein light chain roadblock-type 1	4.09632e+06	127880	3.76006e+06	4.92959e+06
Q9NPA0	Q9NPA0	EMC7_HUMAN	EMC7	ER membrane protein complex subunit 7	1.25034e+06	1.17063e+06	570571	1.01675e+06
Q9NPA2	Q9NPA2	MMP25_HUMAN	MMP25	Matrix metalloproteinase-25		163310		
Q9NPA8	Q9NPA8	ENY2_HUMAN	ENY2	Transcription and mRNA export factor ENY2	805094	556939	671028	746429
Q9NPD3	Q9NPD3	EXOS4_HUMAN	EXOSC4	Exosome complex component RRP41	237060	209838		161934
Q9NPF4	Q9NPF4	OSGEP_HUMAN	OSGEP	tRNA N6-adenosine threonylcarbamoyltransferase	1.30696e+06	1.46033e+06	1.66605e+06	1.45407e+06
Q9NPF5	Q9NPF5	DMAP1_HUMAN	DMAP1	DNA methyltransferase 1-associated protein 1	208234	51972		178257
Q9NPH0	Q9NPH0	PPA6_HUMAN	ACP6	Lysophosphatidic acid phosphatase type 6	639493	519998	696276	598511
Q9NPH2	Q9NPH2	INO1_HUMAN	ISYNA1	Inositol-3-phosphate synthase 1	3.18163e+06	8.24443e+06	6.17826e+06	3.82105e+06
Q9NPH3	Q9NPH3	IL1AP_HUMAN	IL1RAP	Interleukin-1 receptor accessory protein	522946	420290	372021	570818
Q9NPJ3	Q9NPJ3	ACO13_HUMAN	ACOT13	Acyl-coenzyme A thioesterase 13	7.0663e+06	3.79677e+06	6.69835e+06	6.06759e+06
Q9NPL8	Q9NPL8	TIDC1_HUMAN	TIMMDC1	Complex I assembly factor TIMMDC1, mitochondrial	794498	280994	621319	704937
Q9NPP4	Q9NPP4	NLRC4_HUMAN	NLRC4	NLR family CARD domain-containing protein 4		1.39842e+06		
Q9NPQ8	Q9NPQ8;Q9NVN3	RIC8A_HUMAN	RIC8A	Synembryn-A	1.01015e+06	426247	731064	1.05693e+06
Q9NPR2	Q9NPR2	SEM4B_HUMAN	SEMA4B	Semaphorin-4B	588303	529245	1.25993e+06	917734
Q9NPR9	Q9NPR9	GP108_HUMAN	GPR108	Protein GPR108	369876	277536	486039	353871
Q9NPY3	Q9NPY3	C1QR1_HUMAN	CD93	Complement component C1q receptor	848524	1.91448e+06	619548	460831
Q9NQ25	Q9NQ25	SLAF7_HUMAN	SLAMF7	SLAM family member 7	324007	233495	530508	203160
Q9NQ29	Q9NQ29	LUC7L_HUMAN	LUC7L	Putative RNA-binding protein Luc7-like 1	159797	140726	82262.4	175729
Q9NQ34	Q9NQ34	TMM9B_HUMAN	TMEM9B	Transmembrane protein 9B	415340		785659	575822
Q9NQ48	Q9NQ48	LZTL1_HUMAN	LZTFL1	Leucine zipper transcription factor-like protein 1	614255	232325	459426	737919
Q9NQ50	Q9NQ50	RM40_HUMAN	MRPL40	Large ribosomal subunit protein mL40	485357	206311	252569	631166
Q9NQ88	Q9NQ88	TIGAR_HUMAN	TIGAR	Fructose-2,6-bisphosphatase TIGAR	1.13061e+06	3.1177e+06	2.65208e+06	1.46782e+06
Q9NQ94	Q9NQ94	A1CF_HUMAN	A1CF	APOBEC1 complementation factor	221565	110037	244486	356154
Q9NQA3	A8K0Z3;C4AMC7;Q6VEQ5;A8MWX3;Q9NQA3	WASH6_HUMAN	WASH6P	WAS protein family homolog 6	767913		281398	760813
Q9NQC3	Q9NQC3	RTN4_HUMAN	RTN4	Reticulon-4	2.15457e+07	1.48016e+07	1.03289e+07	1.31119e+07
Q9NQC7	Q9NQC7	CYLD_HUMAN	CYLD	Ubiquitin carboxyl-terminal hydrolase CYLD	242057	298907		163791
Q9NQE9	Q9NQE9	HINT3_HUMAN	HINT3	Adenosine 5'-monophosphoramidase HINT3	2.2442e+06	1.35929e+06	2.5532e+06	2.31158e+06
Q9NQG1	Q9NQG1	MANBL_HUMAN	MANBAL	Protein MANBAL	86598.3	71977.4	59863.7	81576
Q9NQG5	Q9NQG5	RPR1B_HUMAN	RPRD1B	Regulation of nuclear pre-mRNA domain-containing protein 1B	2.56064e+06	2.50405e+06	1.05321e+06	2.24913e+06
Q9NQH7	Q9NQH7	XPP3_HUMAN	XPNPEP3	Xaa-Pro aminopeptidase 3	3.90699e+07	2.97663e+07	2.40094e+07	3.33876e+07
Q9NQP4	Q9NQP4	PFD4_HUMAN	PFDN4	Prefoldin subunit 4	695969	251886	700761	882006
Q9NQQ7	Q9NQQ7	S35C2_HUMAN	SLC35C2	Solute carrier family 35 member C2	143534	116009	149644	110372
Q9NQR4	Q9NQR4	NIT2_HUMAN	NIT2	Omega-amidase NIT2	6.29505e+06	5.57308e+06	9.43113e+06	6.73407e+06
Q9NQS1	Q9NQS1	AVEN_HUMAN	AVEN	Cell death regulator Aven	327769			336322
Q9NQS5	Q9NQS5	GPR84_HUMAN	GPR84	G-protein coupled receptor 84		311752	78201.4	
Q9NQT4	Q9NQT4	EXOS5_HUMAN	EXOSC5	Exosome complex component RRP46	431484	292573	99120.5	279812
Q9NQT5	Q9NQT5	EXOS3_HUMAN	EXOSC3	Exosome complex component RRP40	560036	533256	180924	482081
Q9NQT8	Q9NQT8	KI13B_HUMAN	KIF13B	Kinesin-like protein KIF13B	2.76157e+06	962063	1.29003e+06	3.3017e+06
Q9NQW7	Q9NQW7	XPP1_HUMAN	XPNPEP1	Xaa-Pro aminopeptidase 1	4.44266e+06	4.36102e+06	8.69318e+06	5.64076e+06
Q9NQX3	Q9NQX3	GEPH_HUMAN	GPHN	Gephyrin	756469	448350	446023	1.30341e+06
Q9NQX4	Q9NQX4	MYO5C_HUMAN	MYO5C	Unconventional myosin-Vc	233931	138166	86174.7	307850
Q9NQX7	Q9NQX7	ITM2C_HUMAN	ITM2C	Integral membrane protein 2C	693000		1.13032e+06	957687
Q9NQY0	Q9NQY0	BIN3_HUMAN	BIN3	Bridging integrator 3	365876	144011	179597	452474
Q9NQZ5	Q9NQZ5	STAR7_HUMAN	STARD7	StAR-related lipid transfer protein 7, mitochondrial	516764	392771	512290	346811
Q9NR09	Q9NR09	BIRC6_HUMAN	BIRC6	Baculoviral IAP repeat-containing protein 6	285673	250247	67982.1	385186
Q9NR12	Q9NR12	PDLI7_HUMAN	PDLIM7	PDZ and LIM domain protein 7	8.80262e+06	2.75494e+06	1.28085e+06	3.55283e+06
Q9NR16	Q9NR16	C163B_HUMAN	CD163L1	Scavenger receptor cysteine-rich type 1 protein M160	583310	813114	847894	1.25833e+06
Q9NR19	Q9NR19	ACSA_HUMAN	ACSS2	Acetyl-coenzyme A synthetase, cytoplasmic	2.14957e+06	822743	3.12632e+06	2.94042e+06
Q9NR28	Q9NR28	DBLOH_HUMAN	DIABLO	Diablo IAP-binding mitochondrial protein	2.17714e+06	332277	2.69961e+06	2.46626e+06
Q9NR30	Q9NR30	DDX21_HUMAN	DDX21	Nucleolar RNA helicase 2	2.30597e+06	1.54126e+06		1.71667e+06
Q9NR31	Q9NR31	SAR1A_HUMAN	SAR1A	GTP-binding protein SAR1a	1.32078e+07	8.48422e+06	2.3228e+07	1.15027e+07
Q9NR34	Q9NR34	MA1C1_HUMAN	MAN1C1	Mannosyl-oligosaccharide 1,2-alpha-mannosidase IC	105106	84354	39380.1	12627.4
Q9NR45	Q9NR45	SIAS_HUMAN	NANS	Sialic acid synthase	2.32316e+07	1.31119e+07	2.96281e+07	2.7991e+07
Q9NR46	Q9NR46	SHLB2_HUMAN	SH3GLB2	Endophilin-B2	2.29853e+06	1.44846e+06	2.27218e+06	2.73202e+06
Q9NR50	Q9NR50	EI2BG_HUMAN	EIF2B3	Translation initiation factor eIF-2B subunit gamma	3.16066e+06	1.92347e+06	1.98118e+06	3.38302e+06
Q9NR56	Q9NR56;Q9NUK0	MBNL1_HUMAN	MBNL1	Muscleblind-like protein 1	1.76192e+06	1.0291e+06	801084	1.44534e+06
Q9NR77	Q9NR77	PXMP2_HUMAN	PXMP2	Peroxisomal membrane protein 2	856614	384438	1.32705e+06	1.34201e+06
Q9NR97	Q9NR97	TLR8_HUMAN	TLR8	Toll-like receptor 8	243779	214052	159652	81319.7
Q9NR99	Q9NR99	MXRA5_HUMAN	MXRA5	Matrix-remodeling-associated protein 5	748111	905255	373375	246060
Q9NRA2	Q9NRA2	S17A5_HUMAN	SLC17A5	Sialin	397012	343987	672809	360100
Q9NRD1	Q9NRD1	FBX6_HUMAN	FBXO6	F-box only protein 6	461255	396334	616187	482111
Q9NRD5	Q9NRD5	PICK1_HUMAN	PICK1	PRKCA-binding protein	225554		126857	335786
Q9NRD8	Q9NRD8	DUOX2_HUMAN	DUOX2	Dual oxidase 2	164085	189691	77719.7	
Q9NRF8	Q9NRF8	PYRG2_HUMAN	CTPS2	CTP synthase 2	2.45417e+06	915456	1.95632e+06	2.80307e+06
Q9NRF9	Q9NRF9	DPOE3_HUMAN	POLE3	DNA polymerase epsilon subunit 3	637046		589621	618517
Q9NRG0	Q9NRG0	CHRC1_HUMAN	CHRAC1	Chromatin accessibility complex protein 1	795513		704472	831033
Q9NRG7	Q9NRG7	D39U1_HUMAN	SDR39U1	Epimerase family protein SDR39U1	1.33089e+06	804969	1.17501e+06	928094
Q9NRG9	Q9NRG9	AAAS_HUMAN	AAAS	Aladin	519651	235051	430571	518110
Q9NRK6	Q9NRK6	ABCBA_HUMAN	ABCB10	ATP-binding cassette sub-family B member 10, mitochondrial	1.49654e+06	788990	1.02308e+06	1.47911e+06
Q9NRL3	Q9NRL3	STRN4_HUMAN	STRN4	Striatin-4	621067	436227		609407
Q9NRN5	Q9NRN5	OLFL3_HUMAN	OLFML3	Olfactomedin-like protein 3	6.16527e+06	4.38663e+06	3.47987e+06	3.92042e+06
Q9NRN7	Q9NRN7	ADPPT_HUMAN	AASDHPPT	L-aminoadipate-semialdehyde dehydrogenase-phosphopantetheinyl transferase	916560	1.07265e+06	1.15037e+06	827375
Q9NRP0	Q9NRP0	OSTC_HUMAN	OSTC	Oligosaccharyltransferase complex subunit OSTC	5.08894e+06	5.04076e+06	4.69266e+06	5.05848e+06
Q9NRP2	Q9NRP2	COXM2_HUMAN	CMC2	COX assembly mitochondrial protein 2 homolog	618137	508164	753164	650768
Q9NRQ2	Q9NRQ2	PLS4_HUMAN	PLSCR4	Phospholipid scramblase 4	525262	432114	645978	510393
Q9NRR2	Q9NRR2	TRYG1_HUMAN	TPSG1	Tryptase gamma	228040		240368	182356
Q9NRR3	Q9NRR3	C42S2_HUMAN	CDC42SE2	CDC42 small effector protein 2	1.81449e+06		2.17204e+06	2.04931e+06
Q9NRR5	Q9NRR5	UBQL4_HUMAN	UBQLN4	Ubiquilin-4	3.92633e+06	1.74582e+06	6.06879e+06	4.23323e+06
Q9NRS4	Q9NRS4	TMPS4_HUMAN	TMPRSS4	Transmembrane protease serine 4			354846	153610
Q9NRS6	Q9NRS6	SNX15_HUMAN	SNX15	Sorting nexin-15	1.5147e+06	1.12653e+06	1.43775e+06	1.37584e+06
Q9NRV9	Q9NRV9	HEBP1_HUMAN	HEBP1	Heme-binding protein 1	3.24293e+06	4.45005e+06	3.71268e+06	2.44625e+06
Q9NRW1	Q9NRW1	RAB6B_HUMAN	RAB6B	Ras-related protein Rab-6B	282279	255180		
Q9NRW3	Q9NRW3	ABC3C_HUMAN	APOBEC3C	DNA dC->dU-editing enzyme APOBEC-3C	508447	770500	346711	385661
Q9NRW4	Q9NRW4	DUS22_HUMAN	DUSP22	Dual specificity protein phosphatase 22	127077		108709	63007.6
Q9NRW7	Q9NRW7	VPS45_HUMAN	VPS45	Vacuolar protein sorting-associated protein 45	1.20727e+06	1.31385e+06	594600	1.01147e+06
Q9NRX1	Q9NRX1	PNO1_HUMAN	PNO1	RNA-binding protein PNO1	75234.1			35688.1
Q9NRX2	Q9NRX2	RM17_HUMAN	MRPL17	Large ribosomal subunit protein bL17m	1.7915e+06	967459	648265	2.07393e+06
Q9NRX4	Q9NRX4	PHP14_HUMAN	PHPT1	14 kDa phosphohistidine phosphatase	2.01113e+06	5.21348e+06	7.40135e+06	2.90074e+06
Q9NRX5	Q9NRX5	SERC1_HUMAN	SERINC1	Serine incorporator 1	1.15772e+06	1.12373e+06	1.66309e+06	1.42828e+06
Q9NRX6	Q9NRX6	KISHB_HUMAN	TMEM167B	Protein kish-B	214047	113563	225062	178336
Q9NRY5	Q9NRY5	F1142_HUMAN	FAM114A2	Protein FAM114A2	695806		768067	679448
Q9NRY6	Q9NRY6	PLS3_HUMAN	PLSCR3	Phospholipid scramblase 3	1.15266e+06	1.02408e+06	945957	949298
Q9NRZ7	Q9NRZ7	PLCC_HUMAN	AGPAT3	1-acyl-sn-glycerol-3-phosphate acyltransferase gamma	1.13439e+06	901157	691884	835395
Q9NS00	Q9NS00	C1GLT_HUMAN	C1GALT1	Glycoprotein-N-acetylgalactosamine 3-beta-galactosyltransferase 1	870747	537175	910374	702311
Q9NS56	Q9NS56	TOPRS_HUMAN	TOPORS	E3 ubiquitin-protein ligase Topors			1.38364e+06	2.6182e+06
Q9NS69	Q9NS69	TOM22_HUMAN	TOMM22	Mitochondrial import receptor subunit TOM22 homolog	672056	109800	698093	659279
Q9NS86	Q9NS86	LANC2_HUMAN	LANCL2	LanC-like protein 2	831318	913908	949767	1.08467e+06
Q9NS93	Q9NS93	TM7S3_HUMAN	TM7SF3	Transmembrane 7 superfamily member 3		417610	624989	
Q9NSC7	Q9NSC7	SIA7A_HUMAN	ST6GALNAC1	Alpha-N-acetylgalactosaminide alpha-2,6-sialyltransferase 1	5.03999e+06	1.38993e+06	9.31622e+06	6.48918e+06
Q9NSD9	Q9NSD9	SYFB_HUMAN	FARSB	Phenylalanine--tRNA ligase beta subunit	3.62693e+06	1.96234e+06	2.55357e+06	3.7882e+06
Q9NSE4	Q9NSE4	SYIM_HUMAN	IARS2	Isoleucine--tRNA ligase, mitochondrial	4.5384e+06	1.93203e+06	2.24158e+06	4.46378e+06
Q9NSI8	O94885;Q9NSI8	SAMN1_HUMAN	SAMSN1	SAM domain-containing protein SAMSN-1	307943	256268	160128	226327
Q9NSK0	Q9NSK0	KLC4_HUMAN	KLC4	Kinesin light chain 4	2.326e+06	2.03581e+06	871498	3.02318e+06
Q9NSK7	Q9NSK7	CS012_HUMAN	C19orf12	Protein C19orf12	360487	192664	506464	289950
Q9NSU2	Q9NSU2	TREX1_HUMAN	TREX1	Three-prime repair exonuclease 1			129848	
Q9NSY2	Q9NSY2	STAR5_HUMAN	STARD5	StAR-related lipid transfer protein 5	642878	390470	1.46201e+06	763150
Q9NT62	Q9NT62	ATG3_HUMAN	ATG3	Ubiquitin-like-conjugating enzyme ATG3	1.72463e+06	816655	2.35716e+06	2.0968e+06
Q9NTG7	Q9NTG7	SIR3_HUMAN	SIRT3	NAD-dependent protein deacetylase sirtuin-3, mitochondrial	586298	359615	666089	577729
Q9NTI5	Q9NTI5	PDS5B_HUMAN	PDS5B	Sister chromatid cohesion protein PDS5 homolog B	735916	514005	268737	475602
Q9NTJ3	Q9NTJ3	SMC4_HUMAN	SMC4	Structural maintenance of chromosomes protein 4	999949	1.14498e+06	764972	1.06902e+06
Q9NTJ4	Q9NTJ4	MA2C1_HUMAN	MAN2C1	Alpha-mannosidase 2C1	1.29818e+06	1.59063e+06	939848	1.48682e+06
Q9NTJ5	Q9NTJ5	SAC1_HUMAN	SACM1L	Phosphatidylinositol-3-phosphatase SAC1	4.52456e+06	3.95989e+06	3.31168e+06	3.63965e+06
Q9NTK5	Q9NTK5	OLA1_HUMAN	OLA1	Obg-like ATPase 1	7.28208e+06	1.06775e+07	9.14168e+06	8.59845e+06
Q9NTM9	Q9NTM9	CUTC_HUMAN	CUTC	Copper homeostasis protein cutC homolog	382268	421141	501005	446428
Q9NTN3	Q9NTN3	S35D1_HUMAN	SLC35D1	Nucleotide sugar transporter SLC35D1	533807	608902	614166	583818
Q9NTN9	Q9NTN9	SEM4G_HUMAN	SEMA4G	Semaphorin-4G	623640		908503	814321
Q9NTU7	Q9NTU7	CBLN4_HUMAN	CBLN4	Cerebellin-4	7.16543e+06		4.82668e+06	1.13503e+07
Q9NTX5	Q9NTX5	ECHD1_HUMAN	ECHDC1	Ethylmalonyl-CoA decarboxylase	2.99063e+06	763184	2.38495e+06	3.20996e+06
Q9NTZ6	Q9NTZ6	RBM12_HUMAN	RBM12	RNA-binding protein 12	2.23659e+06	1.78451e+06	1.48179e+06	2.19111e+06
Q9NU23	Q9NU23	LYRM2_HUMAN	LYRM2	LYR motif-containing protein 2	599901	233899	818465	718688
Q9NUB1	Q9NUB1	ACS2L_HUMAN	ACSS1	Acetyl-coenzyme A synthetase 2-like, mitochondrial	2.74334e+06	1.7446e+06	2.89124e+06	2.89384e+06
Q9NUI1	Q9NUI1	DECR2_HUMAN	DECR2	Peroxisomal 2,4-dienoyl-CoA reductase [(3E)-enoyl-CoA-producing]	1.26949e+06	585196	1.15656e+06	1.488e+06
Q9NUJ1	Q9NUJ1	ABHDA_HUMAN	ABHD10	Palmitoyl-protein thioesterase ABHD10, mitochondrial	5.01375e+06	4.55412e+06	4.70902e+06	5.06897e+06
Q9NUJ3	Q9NUJ3	T11L1_HUMAN	TCP11L1	T-complex protein 11-like protein 1	294216		270224	330747
Q9NUL3	Q9NUL3	STAU2_HUMAN	STAU2	Double-stranded RNA-binding protein Staufen homolog 2	407597	156446		336538
Q9NUL5	Q9NUL5	SHFL_HUMAN	SHFL	Shiftless antiviral inhibitor of ribosomal frameshifting protein	735531	1.16444e+06	880026	628947
Q9NUM3	Q9NUM3	S39A9_HUMAN	SLC39A9	Zinc transporter ZIP9	12188.3		108386	
Q9NUM4	Q9NUM4	T106B_HUMAN	TMEM106B	Transmembrane protein 106B	808358	1.52233e+06	2.02249e+06	974126
Q9NUN5	Q9NUN5	LMBD1_HUMAN	LMBRD1	Lysosomal cobalamin transport escort protein LMBD1	310187	275412	402542	236632
Q9NUP1	Q9NUP1	BL1S4_HUMAN	BLOC1S4	Biogenesis of lysosome-related organelles complex 1 subunit 4	142743	127191	167972	276338
Q9NUP9	Q9NUP9	LIN7C_HUMAN	LIN7C	Protein lin-7 homolog C	2.72671e+06	1.46763e+06	1.77189e+06	3.02377e+06
Q9NUQ2	Q9NUQ2	PLCE_HUMAN	AGPAT5	1-acyl-sn-glycerol-3-phosphate acyltransferase epsilon	1.1111e+06	525466	814793	1.21835e+06
Q9NUQ6	Q9NUQ6	SPS2L_HUMAN	SPATS2L	SPATS2-like protein	214169	199704	85758.4	136416
Q9NUQ7	Q9NUQ7	UFSP2_HUMAN	UFSP2	Ufm1-specific protease 2	1.29989e+06	1.40716e+06	971249	1.46361e+06
Q9NUQ8	Q9NUQ8	ABCF3_HUMAN	ABCF3	ATP-binding cassette sub-family F member 3	797867	1.00306e+06	589311	697197
Q9NUQ9	Q9NUQ9;Q9H0Q0	CYRIB_HUMAN	CYRIB	CYFIP-related Rac1 interactor B	5.55006e+06	4.90165e+06	6.27429e+06	4.39108e+06
Q9NUT2	Q9NUT2	MITOS_HUMAN	ABCB8	Mitochondrial potassium channel ATP-binding subunit	367004	44871.6	241388	321459
Q9NUU6	Q9NUU6	OTULL_HUMAN	OTULINL	Inactive ubiquitin thioesterase OTULINL	2.14366e+06	1.4869e+06	1.18738e+06	2.37221e+06
Q9NUU7	Q9NUU7;Q9UHL0	DD19A_HUMAN	DDX19A	ATP-dependent RNA helicase DDX19A	287899	123143	240658	249889
Q9NUV9	Q9NUV9	GIMA4_HUMAN	GIMAP4	GTPase IMAP family member 4	4.70462e+06	5.27546e+06	3.30238e+06	3.29472e+06
Q9NUY8	Q9NUY8	TBC23_HUMAN	TBC1D23	TBC1 domain family member 23	602650	569233	472015	559957
Q9NV35	Q9NV35	NUD15_HUMAN	NUDT15	Nucleotide triphosphate diphosphatase NUDT15	123727	52660.5	226171	144754
Q9NV70	Q9NV70	EXOC1_HUMAN	EXOC1	Exocyst complex component 1	962007	889561		950857
Q9NV88	Q9NV88	INT9_HUMAN	INTS9	Integrator complex subunit 9	294615	214213		170092
Q9NV96	Q3MIR4;Q9NV96	CC50A_HUMAN	TMEM30A	Cell cycle control protein 50A	3.43587e+06	4.50352e+06	3.61043e+06	3.36883e+06
Q9NVA1	Q9NVA1	UQCC1_HUMAN	UQCC1	Ubiquinol-cytochrome-c reductase complex assembly factor 1	741942	537759	726000	733069
Q9NVA2	Q14141;Q92599;Q9NVA2	SEP11_HUMAN	SEPTIN11	Septin-11	6.37129e+06	7.14467e+06	2.19097e+06	5.7739e+06
Q9NVA4	Q9NVA4	T184C_HUMAN	TMEM184C	Transmembrane protein 184C	282077		274746	332275
Q9NVC3	Q9NVC3	S38A7_HUMAN	SLC38A7	Sodium-coupled neutral amino acid transporter 7	353423	378786	434876	340389
Q9NVD7	Q9NVD7	PARVA_HUMAN	PARVA	Alpha-parvin	5.48861e+06	1.89241e+06	1.25453e+06	3.09803e+06
Q9NVE7	Q9NVE7	PANK4_HUMAN	PANK4	4'-phosphopantetheine phosphatase	613430	504626	406813	589376
Q9NVG8	Q9NVG8	TBC13_HUMAN	TBC1D13	TBC1 domain family member 13	298456	144227	274652	291678
Q9NVH0	Q9NVH0	EXD2_HUMAN	EXD2	Exonuclease 3'-5' domain-containing protein 2	269370			314457
Q9NVH1	Q9NVH1	DJC11_HUMAN	DNAJC11	DnaJ homolog subfamily C member 11	2.88598e+06	1.55548e+06	1.20482e+06	2.59975e+06
Q9NVH2	Q9NVH2	INT7_HUMAN	INTS7	Integrator complex subunit 7	501078		205370	381235
Q9NVH6	Q9NVH6	TMLH_HUMAN	TMLHE	Trimethyllysine dioxygenase, mitochondrial	565024	289658	235396	562685
Q9NVI7	Q9NVI7	ATD3A_HUMAN	ATAD3A	ATPase family AAA domain-containing protein 3A	2.40501e+06	925439	750693	2.05464e+06
Q9NVJ2	Q96BM9;Q9NVJ2	ARL8B_HUMAN	ARL8B	ADP-ribosylation factor-like protein 8B	4.76814e+06	5.50736e+06	5.65071e+06	2.84665e+06
Q9NVM6	Q9NVM6	DJC17_HUMAN	DNAJC17	DnaJ homolog subfamily C member 17		106543	84078.5	65584.8
Q9NVM9	Q9NVM9	INT13_HUMAN	INTS13	Integrator complex subunit 13	128340	105451		109020
Q9NVP1	Q9NVP1	DDX18_HUMAN	DDX18	ATP-dependent RNA helicase DDX18	447654	345544	126102	293189
Q9NVR2	Q9NVR2	INT10_HUMAN	INTS10	Integrator complex subunit 10	227897			250429
Q9NVS2	Q9NVS2	RT18A_HUMAN	MRPS18A	Large ribosomal subunit protein mL66	866371	281192	356170	1.22179e+06
Q9NVS9	Q9NVS9	PNPO_HUMAN	PNPO	Pyridoxine-5'-phosphate oxidase	1.63188e+06	1.84991e+06	2.35737e+06	1.7633e+06
Q9NVT9	Q9NVT9	ARMC1_HUMAN	ARMC1	Armadillo repeat-containing protein 1	865114	203900	841257	851038
Q9NVV0	Q9NVV0	TM38B_HUMAN	TMEM38B	Trimeric intracellular cation channel type B	611308	497906		569682
Q9NVV4	Q9NVV4	PAPD1_HUMAN	MTPAP	Poly(A) RNA polymerase, mitochondrial	345162	210743	155521	310363
Q9NVX2	Q9NVX2	NLE1_HUMAN	NLE1	Notchless protein homolog 1	509361	327359	290936	388944
Q9NVZ3	Q9NVZ3	NECP2_HUMAN	NECAP2	Adaptin ear-binding coat-associated protein 2	2.06012e+06	2.21728e+06	2.21879e+06	1.75266e+06
Q9NW15	Q9NW15	ANO10_HUMAN	ANO10	Anoctamin-10	849962	875293	641536	940283
Q9NW68	Q9NW68	BSDC1_HUMAN	BSDC1	BSD domain-containing protein 1	742031		1.06573e+06	1.0281e+06
Q9NW82	Q9NW82	WDR70_HUMAN	WDR70	WD repeat-containing protein 70	960642	858740	789142	900561
Q9NWB6	Q9NWB6	ARGL1_HUMAN	ARGLU1	Arginine and glutamate-rich protein 1	1.08826e+06	1.11719e+06		764041
Q9NWM8	Q9NWM8	FKB14_HUMAN	FKBP14	Peptidyl-prolyl cis-trans isomerase FKBP14	88798.5	223058	84823.9	
Q9NWQ8	Q9NWQ8	PHAG1_HUMAN	PAG1	Phosphoprotein associated with glycosphingolipid-enriched microdomains 1	208478	35887.4	291690	181166
Q9NWR8	Q9NWR8	MCUB_HUMAN	MCUB	Calcium uniporter regulatory subunit MCUb, mitochondrial			45689.9	
Q9NWS6	Q9NWS6	F118A_HUMAN	FAM118A	Protein FAM118A	173481		134774	152119
Q9NWS8	Q9NWS8	RMND1_HUMAN	RMND1	Required for meiotic nuclear division protein 1 homolog	463505	228702	233214	471832
Q9NWT1	Q9NWT1	PK1IP_HUMAN	PAK1IP1	p21-activated protein kinase-interacting protein 1	88166.3	117416		
Q9NWT6	Q9NWT6	HIF1N_HUMAN	HIF1AN	Hypoxia-inducible factor 1-alpha inhibitor	442273	368628	398990	366237
Q9NWU1	Q9NWU1	OXSM_HUMAN	OXSM	3-oxoacyl-[acyl-carrier-protein] synthase, mitochondrial	714648	374029	557281	805386
Q9NWU5	Q9NWU5	RM22_HUMAN	MRPL22	Large ribosomal subunit protein uL22m	1.00836e+06	767311	666257	1.22468e+06
Q9NWV4	Q9NWV4	CZIB_HUMAN	CZIB	CXXC motif containing zinc binding protein	1.94456e+06	2.28225e+06	2.433e+06	2.15145e+06
Q9NWV8	Q9NWV8	BABA1_HUMAN	BABAM1	BRISC and BRCA1-A complex member 1	544195	405848	314691	581110
Q9NWW5	Q9NWW5	CLN6_HUMAN	CLN6	Ceroid-lipofuscinosis neuronal protein 6	656398		559735	576248
Q9NWW6	Q9NWW6	NRK1_HUMAN	NMRK1	Nicotinamide riboside kinase 1	430975	567848	483432	518209
Q9NWX6	Q9NWX6	THG1_HUMAN	THG1L	Probable tRNA(His) guanylyltransferase	665916	595662	771136	830655
Q9NWY4	Q9NWY4;A8MVJ9	HPF1_HUMAN	HPF1	Histone PARylation factor 1	675178	460618	381496	507381
Q9NWZ3	Q9NWZ3	IRAK4_HUMAN	IRAK4	Interleukin-1 receptor-associated kinase 4	1.09787e+06		816280	926765
Q9NWZ5	Q9NWZ5	UCKL1_HUMAN	UCKL1	Uridine-cytidine kinase-like 1	224080	267012		216776
Q9NX00	Q9NX00	TM160_HUMAN	TMEM160	Transmembrane protein 160	515143	698783	432785	327937
Q9NX01	Q9NX01	TXN4B_HUMAN	TXNL4B	Thioredoxin-like protein 4B	27118.5		50047.7	12817.6
Q9NX14	Q9NX14	NDUBB_HUMAN	NDUFB11	NADH dehydrogenase [ubiquinone] 1 beta subcomplex subunit 11, mitochondrial	3.92974e+06		2.55438e+06	5.76632e+06
Q9NX20	Q9NX20	RM16_HUMAN	MRPL16	Large ribosomal subunit protein uL16m	1.07848e+06	200778	589798	1.08501e+06
Q9NX24	Q9NX24	NHP2_HUMAN	NHP2	H/ACA ribonucleoprotein complex subunit 2	183337			166093
Q9NX40	Q9NX40	OCAD1_HUMAN	OCIAD1	OCIA domain-containing protein 1	3.57272e+06	2.61402e+06	3.13757e+06	3.61298e+06
Q9NX46	Q9NX46	ADPRS_HUMAN	ADPRS	ADP-ribosylhydrolase ARH3	2.2268e+06	2.5009e+06	4.10578e+06	2.17641e+06
Q9NX47	Q9NX47	MARH5_HUMAN	MARCHF5	E3 ubiquitin-protein ligase MARCHF5	3.51873e+06	2.48084e+06	1.61846e+06	3.51739e+06
Q9NX55	Q9NX55	HYPK_HUMAN	HYPK	Huntingtin-interacting protein K	324290	105077	373978	340740
Q9NX57	Q9NX57	RAB20_HUMAN	RAB20	Ras-related protein Rab-20	291265		339011	295532
Q9NX58	Q9NX58	LYAR_HUMAN	LYAR	Cell growth-regulating nucleolar protein	1.26123e+06	1.11379e+06		982883
Q9NX61	Q9NX61	T161A_HUMAN	TMEM161A	Transmembrane protein 161A	225385	265688		
Q9NX62	Q9NX62	IMPA3_HUMAN	BPNT2	Golgi-resident adenosine 3',5'-bisphosphate 3'-phosphatase	4.49095e+06	3.57856e+06	6.85817e+06	4.09297e+06
Q9NX63	Q9NX63	MIC19_HUMAN	CHCHD3	MICOS complex subunit MIC19	3.56034e+06	2.20695e+06	532757	3.49017e+06
Q9NX74	Q9NX74	DUS2L_HUMAN	DUS2	tRNA-dihydrouridine(20) synthase [NAD(P)+]-like	130687	288464	220173	208549
Q9NX76	Q9NX76	CKLF6_HUMAN	CMTM6	CKLF-like MARVEL transmembrane domain-containing protein 6	1.38596e+06	1.17103e+06	1.18103e+06	1.01465e+06
Q9NXA8	Q9NXA8	SIR5_HUMAN	SIRT5	NAD-dependent protein deacylase sirtuin-5, mitochondrial	955942	481088	909147	813367
Q9NXC5	Q9NXC5	MIO_HUMAN	MIOS	GATOR complex protein MIOS	808825	779503	1.16303e+06	875305
Q9NXE4	Q9NXE4	NSMA3_HUMAN	SMPD4	Sphingomyelin phosphodiesterase 4	223387			223869
Q9NXG2	Q9NXG2	THUM1_HUMAN	THUMPD1	THUMP domain-containing protein 1	1.34329e+06	1.34568e+06	1.50479e+06	1.64272e+06
Q9NXG6	Q9NXG6	P4HTM_HUMAN	P4HTM	Transmembrane prolyl 4-hydroxylase	469043		408226	
Q9NXH3	Q9NXH3	PP14D_HUMAN	PPP1R14D	Protein phosphatase 1 regulatory subunit 14D	134895		247681	221335
Q9NXH8	Q9NXH8	TOR4A_HUMAN	TOR4A	Torsin-4A	466808	114876	214397	417036
Q9NXH9	Q9NXH9	TRM1_HUMAN	TRMT1	tRNA (guanine(26)-N(2))-dimethyltransferase	188411	38083.2	59034.4	178928
Q9NXJ5	Q9NXJ5	PGPI_HUMAN	PGPEP1	Pyroglutamyl-peptidase 1	140141		162117	168240
Q9NXN4	Q9NXN4	GDAP2_HUMAN	GDAP2	Ganglioside-induced differentiation-associated protein 2	217741	270025	123186	137264
Q9NXR7	Q9NXR7	BABA2_HUMAN	BABAM2	BRISC and BRCA1-A complex member 2	710468	501902	817769	1.07651e+06
Q9NXS2	Q9NXS2	QPCTL_HUMAN	QPCTL	Glutaminyl-peptide cyclotransferase-like protein	617722	593796	695391	766718
Q9NXU5	Q9NXU5	ARL15_HUMAN	ARL15	ADP-ribosylation factor-like protein 15	1.67662e+06	1.83293e+06	1.59629e+06	1.56416e+06
Q9NXV2	Q9NXV2	KCTD5_HUMAN	KCTD5	BTB/POZ domain-containing protein KCTD5	274096	305846		351227
Q9NXV6	Q9NXV6	CARF_HUMAN	CDKN2AIP	CDKN2A-interacting protein	1.29064e+06	635130	548515	1.31054e+06
Q9NXW2	Q9NXW2	DJB12_HUMAN	DNAJB12	DnaJ homolog subfamily B member 12	641213	590706	241966	532777
Q9NY12	Q9NY12	GAR1_HUMAN	GAR1	H/ACA ribonucleoprotein complex subunit 1	1.44802e+06	660296	360834	1.37991e+06
Q9NY15	Q9NY15	STAB1_HUMAN	STAB1	Stabilin-1	2.26478e+06	2.41286e+06	1.86829e+06	2.80404e+06
Q9NY27	Q9NY27	PP4R2_HUMAN	PPP4R2	Serine/threonine-protein phosphatase 4 regulatory subunit 2	321719		249345	353188
Q9NY28	Q9NY28	GALT8_HUMAN	GALNT8	Probable polypeptide N-acetylgalactosaminyltransferase 8	574854		482403	582774
Q9NY33	Q9NY33	DPP3_HUMAN	DPP3	Dipeptidyl peptidase 3	3.20963e+06	4.22662e+06	5.96741e+06	3.30062e+06
Q9NY35	Q9NY35	CLDN1_HUMAN	CLDND1	Claudin domain-containing protein 1	285578	307959	281757	363523
Q9NY59	Q9NY59	NSMA2_HUMAN	SMPD3	Sphingomyelin phosphodiesterase 3	552551	104724	771081	692495
Q9NYB0	Q9NYB0	TE2IP_HUMAN	TERF2IP	Telomeric repeat-binding factor 2-interacting protein 1	4.07341e+06	2.39576e+06	2.24796e+06	3.67477e+06
Q9NYF8	Q9NYF8	BCLF1_HUMAN	BCLAF1	Bcl-2-associated transcription factor 1	1.36406e+06	442204	340758	978241
Q9NYG2	Q9NYG2	ZDHC3_HUMAN	ZDHHC3	Palmitoyltransferase ZDHHC3	350735		441126	396111
Q9NYK5	Q9NYK5	RM39_HUMAN	MRPL39	Large ribosomal subunit protein mL39	1.02395e+06	607571	470225	1.27309e+06
Q9NYL2	Q9NYL2	M3K20_HUMAN	MAP3K20	Mitogen-activated protein kinase kinase kinase 20	348120	448383	66904.2	230899
Q9NYL4	Q9NYL4	FKB11_HUMAN	FKBP11	Peptidyl-prolyl cis-trans isomerase FKBP11	5.23781e+06	7.32811e+06	8.15629e+06	4.03929e+06
Q9NYL9	Q9NYL9	TMOD3_HUMAN	TMOD3	Tropomodulin-3	2.42251e+06	2.27625e+06	3.22859e+06	2.44189e+06
Q9NYM9	Q9NYM9	BET1L_HUMAN	BET1L	BET1-like protein	466582		686898	482136
Q9NYP7	Q9NYP7	ELOV5_HUMAN	ELOVL5	Elongation of very long chain fatty acids protein 5	451859	186377	163218	148896
Q9NYR9	Q9NYR9	KBRS2_HUMAN	NKIRAS2	NF-kappa-B inhibitor-interacting Ras-like protein 2	538512		453056	669885
Q9NYT0	Q9NYT0	PLEK2_HUMAN	PLEK2	Pleckstrin-2	167465	222624	251151	282065
Q9NYU2	Q9NYU2	UGGG1_HUMAN	UGGT1	UDP-glucose:glycoprotein glucosyltransferase 1	6.88085e+06	7.66377e+06	8.93135e+06	6.68591e+06
Q9NYY8	Q9NYY8	FAKD2_HUMAN	FASTKD2	FAST kinase domain-containing protein 2, mitochondrial	598317	318927	304631	726058
Q9NZ01	Q9NZ01	TECR_HUMAN	TECR	Very-long-chain enoyl-CoA reductase	5.21194e+06	4.49907e+06	4.05947e+06	5.95424e+06
Q9NZ08	Q9NZ08	ERAP1_HUMAN	ERAP1	Endoplasmic reticulum aminopeptidase 1	9.34987e+06	4.88775e+06	1.27916e+07	7.42599e+06
Q9NZ32	Q9NZ32	ARP10_HUMAN	ACTR10	Actin-related protein 10	969118	759225	473631	1.02725e+06
Q9NZ43	Q9NZ43	USE1_HUMAN	USE1	Vesicle transport protein USE1	665375	556255	227304	583132
Q9NZ45	Q9NZ45	CISD1_HUMAN	CISD1	CDGSH iron-sulfur domain-containing protein 1	3.96776e+06	2.77e+06	4.08568e+06	3.25065e+06
Q9NZ52	Q9NZ52	GGA3_HUMAN	GGA3	ADP-ribosylation factor-binding protein GGA3	503370	472694	249930	439436
Q9NZA1	Q9NZA1	CLIC5_HUMAN	CLIC5	Chloride intracellular channel protein 5	485106		895587	328914
Q9NZB2	Q9NZB2	F120A_HUMAN	FAM120A	Constitutive coactivator of PPAR-gamma-like protein 1	1.68778e+06	640685	1.09498e+06	2.18294e+06
Q9NZC3	Q9NZC3	GDE1_HUMAN	GDE1	Glycerophosphodiester phosphodiesterase 1	1.40753e+06	1.45584e+06	1.75781e+06	1.08212e+06
Q9NZD2	Q9NZD2	GLTP_HUMAN	GLTP	Glycolipid transfer protein	1.13064e+06	853489	1.60016e+06	1.27542e+06
Q9NZD8	Q9NZD8	SPG21_HUMAN	SPG21	Maspardin	1.25682e+06	1.2731e+06	1.76926e+06	1.51707e+06
Q9NZE8	Q9NZE8	RM35_HUMAN	MRPL35	Large ribosomal subunit protein bL35m	631313	289973	519356	854402
Q9NZG7	Q9NZG7	NINJ2_HUMAN	NINJ2	Ninjurin-2	262498	304453	323298	345097
Q9NZJ6	Q9NZJ6	COQ3_HUMAN	COQ3	Ubiquinone biosynthesis O-methyltransferase, mitochondrial	798949	332832	1.34773e+06	1.02601e+06
Q9NZJ7	Q9NZJ7	MTCH1_HUMAN	MTCH1	Mitochondrial carrier homolog 1	2.33166e+06	829550	1.35967e+06	1.90361e+06
Q9NZJ9	Q9NZJ9;A0A024RBG1	NUDT4_HUMAN	NUDT4	Diphosphoinositol polyphosphate phosphohydrolase 2	1.21095e+06	737654	2.4893e+06	1.57186e+06
Q9NZK5	Q9NZK5	ADA2_HUMAN	ADA2	Adenosine deaminase 2	756415	1.10213e+06	2.3182e+06	1.10309e+06
Q9NZL4	Q9NZL4	HPBP1_HUMAN	HSPBP1	Hsp70-binding protein 1	645141	453251	811735	841401
Q9NZL9	Q9NZL9	MAT2B_HUMAN	MAT2B	Methionine adenosyltransferase 2 subunit beta	3.23072e+06	3.15051e+06	5.8321e+06	4.2946e+06
Q9NZM1	Q9NZM1	MYOF_HUMAN	MYOF	Myoferlin	6.98702e+06	5.72118e+06	2.22911e+06	4.4368e+06
Q9NZM3	Q9NZM3	ITSN2_HUMAN	ITSN2	Intersectin-2	1.85578e+06	1.59988e+06	401434	1.40073e+06
Q9NZN3	Q9NZN3	EHD3_HUMAN	EHD3	EH domain-containing protein 3	821348	754191	125792	266671
Q9NZN4	Q9NZN4	EHD2_HUMAN	EHD2	EH domain-containing protein 2	7.27008e+06	5.04786e+06	2.66425e+06	6.47411e+06
Q9NZN5	Q9NZN5	ARHGC_HUMAN	ARHGEF12	Rho guanine nucleotide exchange factor 12	85687.8	60901		86166.8
Q9NZN8	Q9NZN8	CNOT2_HUMAN	CNOT2	CCR4-NOT transcription complex subunit 2	946044	292320		1.01816e+06
Q9NZP8	Q9NZP8	C1RL_HUMAN	C1RL	Complement C1r subcomponent-like protein	571309	486456	595816	595318
Q9NZQ3	Q9NZQ3	SPN90_HUMAN	NCKIPSD	NCK-interacting protein with SH3 domain	241495		61433.1	239188
Q9NZT1	Q9NZT1	CALL5_HUMAN	CALML5	Calmodulin-like protein 5	2.3128e+06	3.2354e+06	1.18802e+06	1.38171e+06
Q9NZT2	Q9NZT2	OGFR_HUMAN	OGFR	Opioid growth factor receptor	770207	911334	717997	641732
Q9NZU5	Q9NZU5	LMCD1_HUMAN	LMCD1	LIM and cysteine-rich domains protein 1	2.39401e+06	1.09117e+06	360466	939699
Q9NZZ3	Q9NZZ3	CHMP5_HUMAN	CHMP5	Charged multivesicular body protein 5	1.05236e+06	638244	1.30403e+06	1.45161e+06
Q9P000	Q9P000	COMD9_HUMAN	COMMD9	COMM domain-containing protein 9	487082	109931	191909	586025
Q9P003	Q9P003	CNIH4_HUMAN	CNIH4	Protein cornichon homolog 4	2.09239e+06		1.63233e+06	1.87106e+06
Q9P013	Q9P013	CWC15_HUMAN	CWC15	Spliceosome-associated protein CWC15 homolog	384574	269299	347187	525914
Q9P015	Q9P015	RM15_HUMAN	MRPL15	Large ribosomal subunit protein uL15m	1.2821e+06	686033	507903	1.48384e+06
Q9P016	Q9P016	THYN1_HUMAN	THYN1	Thymocyte nuclear protein 1	1.33702e+06	1.26491e+06	914049	1.17442e+06
Q9P032	Q9P032	NDUF4_HUMAN	NDUFAF4	NADH dehydrogenase [ubiquinone] 1 alpha subcomplex assembly factor 4	1.23687e+06		692756	1.10266e+06
Q9P035	Q9P035	HACD3_HUMAN	HACD3	Very-long-chain (3R)-3-hydroxyacyl-CoA dehydratase 3	3.14173e+06	2.70871e+06	1.81576e+06	2.99128e+06
Q9P0I2	Q9P0I2	EMC3_HUMAN	EMC3	ER membrane protein complex subunit 3	2.83106e+06	1.81374e+06	1.55166e+06	2.93353e+06
Q9P0J0	Q9P0J0	NDUAD_HUMAN	NDUFA13	NADH dehydrogenase [ubiquinone] 1 alpha subcomplex subunit 13	7.81052e+06	1.86721e+06	2.97838e+06	8.03798e+06
Q9P0J1	Q9P0J1	PDP1_HUMAN	PDP1	[Pyruvate dehydrogenase [acetyl-transferring]]-phosphatase 1, mitochondrial	1.9444e+06	828535	809992	1.33692e+06
Q9P0J7	Q9P0J7	KCMF1_HUMAN	KCMF1	E3 ubiquitin-protein ligase KCMF1	133011	120516	86670.2	155660
Q9P0K7	Q9P0K7	RAI14_HUMAN	RAI14	Ankycorbin	351022	566070	291564	
Q9P0L0	Q9P0L0	VAPA_HUMAN	VAPA	Vesicle-associated membrane protein-associated protein A	6.45748e+06	5.89034e+06	4.72752e+06	5.99017e+06
Q9P0L2	P27448;Q9P0L2	MARK1_HUMAN	MARK1	Serine/threonine-protein kinase MARK1	212494	135692		174570
Q9P0M9	Q9P0M9	RM27_HUMAN	MRPL27	Large ribosomal subunit protein bL27m	969804	655994	562964	1.34595e+06
Q9P0P0	Q9P0P0	RN181_HUMAN	RNF181	E3 ubiquitin-protein ligase RNF181	392328		770988	566629
Q9P0P8	Q9P0P8	MRES1_HUMAN	MTRES1	Mitochondrial transcription rescue factor 1	206440	197869	175300	212064
Q9P0R6	Q9P0R6	GSKIP_HUMAN	GSKIP	GSK3B-interacting protein	210519		1.22254e+06	269858
Q9P0S2	Q9P0S2	COX16_HUMAN	COX16	Cytochrome c oxidase assembly protein COX16 homolog, mitochondrial	215565		293234	270547
Q9P0S9	Q9P0S9	TM14C_HUMAN	TMEM14C	Transmembrane protein 14C	6.66623e+06	3.72363e+06	4.63048e+06	4.31448e+06
Q9P0T7	Q9P0T7	TMEM9_HUMAN	TMEM9	Proton-transporting V-type ATPase complex assembly regulator TMEM9	509247		755598	483244
Q9P0V3	Q9P0V3	SH3B4_HUMAN	SH3BP4	SH3 domain-binding protein 4	289799			305750
Q9P0V9	Q9P0V9	SEP10_HUMAN	SEPTIN10	Septin-10	941989	531452	211562	651990
Q9P107	Q9P107	GMIP_HUMAN	GMIP	GEM-interacting protein	930985	1.07434e+06	229384	655358
Q9P1F3	Q9P1F3	ABRAL_HUMAN	ABRACL	Costars family protein ABRACL	6.35176e+06	7.85348e+06	2.88796e+07	5.43064e+06
Q9P1Y5	Q9P1Y5	CAMP3_HUMAN	CAMSAP3	Calmodulin-regulated spectrin-associated protein 3	252530		134279	265311
Q9P206	Q9P206	K1522_HUMAN	KIAA1522	Uncharacterized protein KIAA1522	2.60222e+06		2.42059e+06	2.97567e+06
Q9P253	Q9P253	VPS18_HUMAN	VPS18	Vacuolar protein sorting-associated protein 18 homolog	941420	947450	265258	802087
Q9P258	Q9P258	RCC2_HUMAN	RCC2	Protein RCC2	2.90125e+06	2.93499e+06	2.41099e+06	1.96215e+06
Q9P260	Q9P260	RELCH_HUMAN	RELCH	RAB11-binding protein RELCH	407939		51398.9	515839
Q9P265	Q9P265	DIP2B_HUMAN	DIP2B	Disco-interacting protein 2 homolog B	281376	327156	231381	400695
Q9P270	Q9P270	SLAI2_HUMAN	SLAIN2	SLAIN motif-containing protein 2				391228
Q9P287	Q9P287	BCCIP_HUMAN	BCCIP	BRCA2 and CDKN1A-interacting protein	682952	137217	738322	771190
Q9P289	Q9P289	STK26_HUMAN	STK26	Serine/threonine-protein kinase 26	368232	316869	213449	338396
Q9P291	Q9P291	ARMX1_HUMAN	ARMCX1	Armadillo repeat-containing X-linked protein 1	46572.8	24548		
Q9P2A4	Q9P2A4	ABI3_HUMAN	ABI3	ABI gene family member 3	791921		450087	851492
Q9P2B2	Q9P2B2	FPRP_HUMAN	PTGFRN	Prostaglandin F2 receptor negative regulator	3.54516e+06	2.79732e+06	5.12856e+06	4.04342e+06
Q9P2B4	Q9P2B4	CT2NL_HUMAN	CTTNBP2NL	CTTNBP2 N-terminal-like protein	120671	72896.8		162373
Q9P2D3	Q9P2D3	HTR5B_HUMAN	HEATR5B	HEAT repeat-containing protein 5B	714166	620671	1.34235e+06	1.10953e+06
Q9P2E3	Q9P2E3	ZNFX1_HUMAN	ZNFX1	NFX1-type zinc finger-containing protein 1	173033	104913		97765.1
Q9P2E9	Q9P2E9	RRBP1_HUMAN	RRBP1	Ribosome-binding protein 1	9.15804e+06	9.39385e+06	2.38512e+06	8.92224e+06
Q9P2I0	Q9P2I0	CPSF2_HUMAN	CPSF2	Cleavage and polyadenylation specificity factor subunit 2	1.10918e+06	814458		1.12047e+06
Q9P2J5	Q9P2J5	SYLC_HUMAN	LARS1	Leucine--tRNA ligase, cytoplasmic	4.15631e+06	1.8795e+06	1.3233e+06	4.42287e+06
Q9P2J9	Q9P2J9	PDP2_HUMAN	PDP2	[Pyruvate dehydrogenase [acetyl-transferring]]-phosphatase 2, mitochondrial	253573		540263	212224
Q9P2K3	Q9P2K3;Q9UKL0	RCOR3_HUMAN	RCOR3	REST corepressor 3	209688	144995		230027
Q9P2K5	Q9P2K5	MYEF2_HUMAN	MYEF2	Myelin expression factor 2	128772			72628.1
Q9P2M4	Q9P2M4	TBC14_HUMAN	TBC1D14	TBC1 domain family member 14	73965.8	65482.1	107520	87375.3
Q9P2M7	Q9P2M7	CING_HUMAN	CGN	Cingulin	569839	369587	251065	841446
Q9P2N5	Q9P2N5	RBM27_HUMAN	RBM27	RNA-binding protein 27	368651	213844		268373
Q9P2R3	Q9P2R3	ANFY1_HUMAN	ANKFY1	Rabankyrin-5	1.52377e+06	1.10433e+06	435590	1.49535e+06
Q9P2R7	Q9P2R7	SUCB1_HUMAN	SUCLA2	Succinate--CoA ligase [ADP-forming] subunit beta, mitochondrial	4.90474e+06	1.46078e+06	3.05688e+06	4.59138e+06
Q9P2T1	Q9P2T1	GMPR2_HUMAN	GMPR2	GMP reductase 2	2.33577e+06	3.23689e+06	3.10954e+06	3.05124e+06
Q9P2W9	Q9P2W9	STX18_HUMAN	STX18	Syntaxin-18	208106	269449	41893.9	279906
Q9P2X0	Q9P2X0	DPM3_HUMAN	DPM3	Dolichol-phosphate mannosyltransferase subunit 3	846216		1.17576e+06	1.17911e+06
Q9P2X3	Q9P2X3	IMPCT_HUMAN	IMPACT	Protein IMPACT	532951	425528	368276	628274
Q9P2Y5	Q9P2Y5	UVRAG_HUMAN	UVRAG	UV radiation resistance-associated gene protein	496232	1.16618e+06		504946
Q9UBB4	Q9UBB4	ATX10_HUMAN	ATXN10	Ataxin-10	1.11903e+06	302774	1.0809e+06	1.54566e+06
Q9UBB6	Q9UBB6	NCDN_HUMAN	NCDN	Neurochondrin	168959		72375.8	166169
Q9UBB9	Q9UBB9	TFP11_HUMAN	TFIP11	Tuftelin-interacting protein 11	151946	242812	216173	158827
Q9UBC2	Q9UBC2	EP15R_HUMAN	EPS15L1	Epidermal growth factor receptor substrate 15-like 1	6.39517e+06	4.67099e+06	2.11726e+06	6.25821e+06
Q9UBC5	O43795;Q9UBC5	MYO1A_HUMAN	MYO1A	Unconventional myosin-Ia	2.14993e+06	852251	1.13718e+06	2.85996e+06
Q9UBE0	Q9UBE0	SAE1_HUMAN	SAE1	SUMO-activating enzyme subunit 1	2.51947e+06	1.07584e+06	2.88426e+06	2.6664e+06
Q9UBF2	Q9UBF2	COPG2_HUMAN	COPG2	Coatomer subunit gamma-2	952571	548639	360996	937247
Q9UBF6	Q9UBF6	RBX2_HUMAN	RNF7	RING-box protein 2	702323	711974	449589	863340
Q9UBG0	Q9UBG0	MRC2_HUMAN	MRC2	C-type mannose receptor 2	2.89723e+06	3.58399e+06	1.69222e+06	1.11344e+06
Q9UBI1	Q9UBI1	COMD3_HUMAN	COMMD3	COMM domain-containing protein 3	458340	117781	122859	515470
Q9UBI6	Q9UBI6	GBG12_HUMAN	GNG12	Guanine nucleotide-binding protein G(I)/G(S)/G(O) subunit gamma-12	3.02774e+06	804197	3.28337e+06	3.90142e+06
Q9UBK7;Q9UNT1	Q9UNT1;Q9UBK7	RBL2A_HUMAN;RBL2B_HUMAN	RABL2A;RABL2B	Rab-like protein 2A	447496	197261	492458	348071
Q9UBL3	Q9UBL3	ASH2L_HUMAN	ASH2L	Set1/Ash2 histone methyltransferase complex subunit ASH2	1.69966e+06	1.27486e+06	361106	1.68646e+06
Q9UBM7	Q9UBM7	DHCR7_HUMAN	DHCR7	7-dehydrocholesterol reductase	1.30435e+06	825433	1.33542e+06	1.62532e+06
Q9UBN4;Q9UL62	Q9UBN4;Q9UL62	TRPC4_HUMAN;TRPC5_HUMAN	TRPC4;TRPC5	Short transient receptor potential channel 4	92583		127903	128950
Q9UBN7	Q9UBN7	HDAC6_HUMAN	HDAC6	Histone deacetylase 6	3.02139e+06	1.678e+06	1.83465e+06	3.21261e+06
Q9UBP6	Q9UBP6	TRMB_HUMAN	METTL1	tRNA (guanine-N(7)-)-methyltransferase	248984	297749	313367	229086
Q9UBQ0	Q9UBQ0	VPS29_HUMAN	VPS29	Vacuolar protein sorting-associated protein 29	6.09615e+06	5.88806e+06	9.19301e+06	6.09788e+06
Q9UBQ5	Q9UBQ5	EIF3K_HUMAN	EIF3K	Eukaryotic translation initiation factor 3 subunit K	1.60963e+06	667771	1.7784e+06	2.37551e+06
Q9UBQ7	Q9UBQ7	GRHPR_HUMAN	GRHPR	Glyoxylate reductase/hydroxypyruvate reductase	4.81557e+06	4.07506e+06	6.12274e+06	5.21777e+06
Q9UBR2	Q9UBR2	CATZ_HUMAN	CTSZ	Cathepsin Z	1.6933e+07	2.17698e+07	2.49673e+07	1.44784e+07
Q9UBS4	Q9UBS4	DJB11_HUMAN	DNAJB11	DnaJ homolog subfamily B member 11	3.53271e+06	5.3189e+06	4.24475e+06	3.66e+06
Q9UBS8	Q9UBS8	RNF14_HUMAN	RNF14	E3 ubiquitin-protein ligase RNF14	347305	187417	107550	345297
Q9UBT2	Q9UBT2	SAE2_HUMAN	UBA2	SUMO-activating enzyme subunit 2	2.20651e+06	2.07076e+06	2.12419e+06	2.48318e+06
Q9UBU6	Q9UBU6	FA8A1_HUMAN	FAM8A1	Protein FAM8A1	1.17383e+06	1.94903e+06	1.02347e+06	1.29294e+06
Q9UBU8	Q9UBU8	MO4L1_HUMAN	MORF4L1	Mortality factor 4-like protein 1	171820	192520		
Q9UBU9	Q9UBU9	NXF1_HUMAN	NXF1	Nuclear RNA export factor 1	451724	378632	102905	255653
Q9UBV2	Q9UBV2	SE1L1_HUMAN	SEL1L	Protein sel-1 homolog 1	1.62505e+06	1.5172e+06	1.19769e+06	1.47769e+06
Q9UBV7	Q9UBV7	B4GT7_HUMAN	B4GALT7	Beta-1,4-galactosyltransferase 7	241411	222932	111634	165973
Q9UBV8	Q9UBV8	PEF1_HUMAN	PEF1	Peflin	2.15533e+06	719514	2.39009e+06	2.17969e+06
Q9UBW5	Q9UBW5	BIN2_HUMAN	BIN2	Bridging integrator 2	512743	922368	422013	338805
Q9UBW7	Q9UBW7	ZMYM2_HUMAN	ZMYM2	Zinc finger MYM-type protein 2	206033			190906
Q9UBW8	Q9UBW8	CSN7A_HUMAN	COPS7A	COP9 signalosome complex subunit 7a	1.07871e+06	400402	458840	963419
Q9UBX3	Q9UBX3	DIC_HUMAN	SLC25A10	Mitochondrial dicarboxylate carrier	2.52477e+06	764187	2.76067e+06	3.19396e+06
Q9UBX5	Q9UBX5	FBLN5_HUMAN	FBLN5	Fibulin-5	3.17521e+06	2.18592e+06	1.79866e+06	2.56774e+06
Q9UBX7	Q9UBX7	KLK11_HUMAN	KLK11	Kallikrein-11			319914	213799
Q9UBY0	Q9UBY0	SL9A2_HUMAN	SLC9A2	Sodium/hydrogen exchanger 2	2.33998e+06	1.36353e+06	1.65658e+06	2.45209e+06
Q9UBY8	Q9UBY8	CLN8_HUMAN	CLN8	Protein CLN8	228679	89333.2		159175
Q9UBY9	Q9UBY9	HSPB7_HUMAN	HSPB7	Heat shock protein beta-7	250520		126606	
Q9UD71	Q9UD71	PPR1B_HUMAN	PPP1R1B	Protein phosphatase 1 regulatory subunit 1B	1.83315e+06	841614	2.39396e+06	3.64935e+06
Q9UDR5	Q9UDR5	AASS_HUMAN	AASS	Alpha-aminoadipic semialdehyde synthase, mitochondrial	285945	87052.9		213638
Q9UDT6	Q9UDT6	CLIP2_HUMAN	CLIP2	CAP-Gly domain-containing linker protein 2	798788	566464	480432	820729
Q9UDW1	Q9UDW1	QCR9_HUMAN	UQCR10	Cytochrome b-c1 complex subunit 9	9.96238e+06	6.23474e+06	8.43918e+06	1.04686e+07
Q9UDX3	Q9UDX3	S14L4_HUMAN	SEC14L4	SEC14-like protein 4	167668	344664		
Q9UDY2	Q9UDY2	ZO2_HUMAN	TJP2	Tight junction protein ZO-2	1.14811e+06	867591	620714	1.15171e+06
Q9UDY4	Q9UDY4	DNJB4_HUMAN	DNAJB4	DnaJ homolog subfamily B member 4	881535	464920	292547	413186
Q9UEE9	Q9UEE9	CFDP1_HUMAN	CFDP1	Craniofacial development protein 1	440193	316880	367779	599495
Q9UEU0	Q9UEU0	VTI1B_HUMAN	VTI1B	Vesicle transport through interaction with t-SNAREs homolog 1B	1.48034e+06	713068	1.16133e+06	1.24425e+06
Q9UEW8	Q9UEW8	STK39_HUMAN	STK39	STE20/SPS1-related proline-alanine-rich protein kinase	1.27257e+06	139189	1.0696e+06	1.53959e+06
Q9UEY8	Q9UEY8	ADDG_HUMAN	ADD3	Gamma-adducin	2.87199e+06	2.62634e+06	778604	2.72075e+06
Q9UFC0	Q9UFC0	LRWD1_HUMAN	LRWD1	Leucine-rich repeat and WD repeat-containing protein 1	135796	143771		97965
Q9UFN0	Q9UFN0;Q9BS92	NPS3A_HUMAN	NIPSNAP3A	Protein NipSnap homolog 3A	5.02719e+06	2.98207e+06	2.94019e+06	4.31094e+06
Q9UFW8	Q9UFW8	CGBP1_HUMAN	CGGBP1	CGG triplet repeat-binding protein 1	333420	243925	164566	252941
Q9UG22	Q9UG22	GIMA2_HUMAN	GIMAP2	GTPase IMAP family member 2			18428.3	
Q9UG56	Q9UG56	PISD_HUMAN	PISD	Phosphatidylserine decarboxylase proenzyme, mitochondrial	580335	379525	323773	539583
Q9UG63	Q9UG63	ABCF2_HUMAN	ABCF2	ATP-binding cassette sub-family F member 2	320537	377772	267344	204818
Q9UGI8	Q9UGI8	TES_HUMAN	TES	Testin	7.89671e+06	3.71464e+06	1.88396e+06	6.91381e+06
Q9UGK3	Q9UGK3	STAP2_HUMAN	STAP2	Signal-transducing adaptor protein 2	1.05053e+06	219246	898647	1.52161e+06
Q9UGM3	Q9UGM3	DMBT1_HUMAN	DMBT1	Deleted in malignant brain tumors 1 protein	1.2216e+06	4.98736e+06	319780	
Q9UGM5	Q9UGM5	FETUB_HUMAN	FETUB	Fetuin-B	312188	318277	359846	397825
Q9UGM6	Q9UGM6	SYWM_HUMAN	WARS2	Tryptophan--tRNA ligase, mitochondrial	360037		225887	482530
Q9UGN4	Q9UGN4	CLM8_HUMAN	CD300A	CMRF35-like molecule 8	319583	616045	557514	268839
Q9UGP4	Q9UGP4	LIMD1_HUMAN	LIMD1	LIM domain-containing protein 1	461950		283197	594855
Q9UGP8	Q9UGP8	SEC63_HUMAN	SEC63	Translocation protein SEC63 homolog	2.76571e+06	2.52003e+06	1.5221e+06	2.11445e+06
Q9UGQ2	Q9UGQ2	FLOWR_HUMAN	CACFD1	Calcium channel flower homolog	285476		611568	340140
Q9UGQ3	Q9UGQ3	GTR6_HUMAN	SLC2A6	Solute carrier family 2, facilitated glucose transporter member 6	323932	284134	285030	
Q9UGT4	Q9UGT4	SUSD2_HUMAN	SUSD2	Sushi domain-containing protein 2	724921	594165	339421	271472
Q9UGV2	Q9UGV2	NDRG3_HUMAN	NDRG3	Protein NDRG3	1.25315e+06	553445	1.3779e+06	1.40115e+06
Q9UH17	Q96AK3;Q9UH17	ABC3B_HUMAN	APOBEC3B	DNA dC->dU-editing enzyme APOBEC-3B	294103	349658	324478	447230
Q9UH62	Q9UH62	ARMX3_HUMAN	ARMCX3	Armadillo repeat-containing X-linked protein 3	854365	642722	455494	778128
Q9UH65	Q9UH65	SWP70_HUMAN	SWAP70	Switch-associated protein 70	1.85916e+06	2.19869e+06	748414	1.4777e+06
Q9UH99	Q9UH99	SUN2_HUMAN	SUN2	SUN domain-containing protein 2	1.46313e+06	1.6473e+06	239875	1.04658e+06
Q9UHA4	Q9UHA4	LTOR3_HUMAN	LAMTOR3	Ragulator complex protein LAMTOR3	3.48772e+06	2.29269e+06	4.44005e+06	2.99143e+06
Q9UHB6	Q9UHB6	LIMA1_HUMAN	LIMA1	LIM domain and actin-binding protein 1	2.8474e+06	860592	996684	3.79157e+06
Q9UHB9	Q9UHB9	SRP68_HUMAN	SRP68	Signal recognition particle subunit SRP68	1.64806e+06	1.49665e+06	613813	1.42089e+06
Q9UHD1	Q9UHD1	CHRD1_HUMAN	CHORDC1	Cysteine and histidine-rich domain-containing protein 1	1.20692e+06	1.3629e+06	1.20845e+06	1.46152e+06
Q9UHD2	Q9UHD2	TBK1_HUMAN	TBK1	Serine/threonine-protein kinase TBK1	741604	528798	98508.3	575809
Q9UHD8	Q9UHD8	SEPT9_HUMAN	SEPTIN9	Septin-9	4.73314e+06	3.69538e+06	2.26474e+06	4.46487e+06
Q9UHD9	Q9UHD9	UBQL2_HUMAN	UBQLN2	Ubiquilin-2	1.64555e+06	1.0478e+06	2.75768e+06	1.74865e+06
Q9UHE8	Q9UHE8	STEA1_HUMAN	STEAP1	Metalloreductase STEAP1	152385	303427	66935.4	
Q9UHG3	Q9UHG3	PCYOX_HUMAN	PCYOX1	Prenylcysteine oxidase 1	6.17547e+06	5.39647e+06	7.92106e+06	5.58767e+06
Q9UHI5	Q9UHI5	LAT2_HUMAN	SLC7A8	Large neutral amino acids transporter small subunit 2	1.3772e+06	1.88939e+06	2.69016e+06	2.01357e+06
Q9UHI6	Q9UHI6	DDX20_HUMAN	DDX20	Probable ATP-dependent RNA helicase DDX20	227507	44117.9		172996
Q9UHJ6	Q9UHJ6	SHPK_HUMAN	SHPK	Sedoheptulokinase	853490	642901	1.35518e+06	953073
Q9UHK6	Q9UHK6	AMACR_HUMAN	AMACR	Alpha-methylacyl-CoA racemase	902811	845215	791416	987537
Q9UHL4	Q9UHL4	DPP2_HUMAN	DPP7	Dipeptidyl peptidase 2	6.66093e+06	1.05066e+07	1.65338e+07	9.2539e+06
Q9UHN6	Q9UHN6	CEIP2_HUMAN	CEMIP2	Inactive cell surface hyaluronidase CEMIP2	1.17067e+06	1.28962e+06	1.18288e+06	951839
Q9UHQ4	Q9UHQ4	BAP29_HUMAN	BCAP29	B-cell receptor-associated protein 29	650505	555332	296773	412715
Q9UHQ9	Q9UHQ9	NB5R1_HUMAN	CYB5R1	NADH-cytochrome b5 reductase 1	3.05607e+07	2.9834e+07	2.40827e+07	2.28357e+07
Q9UHR4	Q9UHR4	BI2L1_HUMAN	BAIAP2L1	Brain-specific angiogenesis inhibitor 1-associated protein 2-like protein 1	361211		280369	483507
Q9UHR5	Q9UHR5	S30BP_HUMAN	SAP30BP	SAP30-binding protein	225003		178297	245752
Q9UHV9	Q9UHV9	PFD2_HUMAN	PFDN2	Prefoldin subunit 2	3.18343e+06	1.02231e+06	2.79216e+06	3.25068e+06
Q9UHW9	Q9UHW9	S12A6_HUMAN	SLC12A6	Solute carrier family 12 member 6	94622.2	89847.7	34934.6	56119.9
Q9UHX1	Q9UHX1	PUF60_HUMAN	PUF60	Poly(U)-binding-splicing factor PUF60	2.17705e+06	2.31628e+06	1.16967e+06	2.17138e+06
Q9UHX3	Q9UHX3	AGRE2_HUMAN	ADGRE2	Adhesion G protein-coupled receptor E2	352662	411737		
Q9UHY1	Q9UHY1	NRBP_HUMAN	NRBP1	Nuclear receptor-binding protein	727948	546579	526023	649948
Q9UHY7	Q9UHY7	ENOPH_HUMAN	ENOPH1	Enolase-phosphatase E1	1.69256e+06	1.5714e+06	3.17003e+06	1.80716e+06
Q9UI08	Q9UI08	EVL_HUMAN	EVL	Ena/VASP-like protein	1.57867e+06	1.07604e+06	879512	1.06866e+06
Q9UI09	Q9UI09	NDUAC_HUMAN	NDUFA12	NADH dehydrogenase [ubiquinone] 1 alpha subcomplex subunit 12	4.67834e+06	2.68046e+06	2.04648e+06	5.40891e+06
Q9UI10	Q9UI10	EI2BD_HUMAN	EIF2B4	Translation initiation factor eIF-2B subunit delta	550681	311515	296803	488799
Q9UI12	Q9UI12	VATH_HUMAN	ATP6V1H	V-type proton ATPase subunit H	2.24641e+06	1.65934e+06	1.25352e+06	1.98206e+06
Q9UI14	Q9UI14	PRAF1_HUMAN	RABAC1	Prenylated Rab acceptor protein 1	2.41267e+06	1.14847e+06	4.55715e+06	2.22938e+06
Q9UI26	Q9UI26	IPO11_HUMAN	IPO11	Importin-11	238052	139414	182287	256908
Q9UI30	Q9UI30	TR112_HUMAN	TRMT112	Multifunctional methyltransferase subunit TRM112-like protein	1.78743e+06	813288	2.12421e+06	2.16707e+06
Q9UI42	Q9UI42	CBPA4_HUMAN	CPA4	Carboxypeptidase A4	186924	803851	232720	315817
Q9UIA0	Q9UIA0	CYH4_HUMAN	CYTH4	Cytohesin-4		437328		
Q9UIA9	Q9UIA9	XPO7_HUMAN	XPO7	Exportin-7	3.05658e+06	1.24593e+06	1.88906e+06	3.5431e+06
Q9UIB8	Q9UIB8	SLAF5_HUMAN	CD84	SLAM family member 5	642200	559181	304785	
Q9UIC8	Q9UIC8	LCMT1_HUMAN	LCMT1	Leucine carboxyl methyltransferase 1	834392	731328	1.07632e+06	1.04754e+06
Q9UID3	Q9UID3	VPS51_HUMAN	VPS51	Vacuolar protein sorting-associated protein 51 homolog	990653	358298	228095	1.04575e+06
Q9UII2	Q9UII2	ATIF1_HUMAN	ATP5IF1	ATPase inhibitor, mitochondrial	4.28887e+06	3.17552e+06	4.02671e+06	4.86929e+06
Q9UIJ7	Q9UIJ7	KAD3_HUMAN	AK3	GTP:AMP phosphotransferase AK3, mitochondrial	6.22255e+06	6.2409e+06	6.68738e+06	5.97531e+06
Q9UIQ6	Q9UIQ6	LCAP_HUMAN	LNPEP	Leucyl-cystinyl aminopeptidase	1.48474e+06	1.36777e+06	2.02726e+06	1.52874e+06
Q9UIV1	Q9UIV1	CNOT7_HUMAN	CNOT7	CCR4-NOT transcription complex subunit 7	418383	296658		551161
Q9UIW2	Q9UIW2	PLXA1_HUMAN	PLXNA1	Plexin-A1	436839	453200	349595	314006
Q9UJ14	Q9UJ14	GGT7_HUMAN	GGT7	Glutathione hydrolase 7	151637	137884	133438	240538
Q9UJ41	Q9UJ41	RABX5_HUMAN	RABGEF1	Rab5 GDP/GTP exchange factor	314078	225311	230892	393030
Q9UJ68	Q9UJ68	MSRA_HUMAN	MSRA	Mitochondrial peptide methionine sulfoxide reductase	859823	1.47055e+06	1.33007e+06	706402
Q9UJ70	Q9UJ70	NAGK_HUMAN	NAGK	N-acetyl-D-glucosamine kinase	5.09601e+06	9.62387e+06	8.7974e+06	5.91179e+06
Q9UJ83	Q9UJ83	HACL1_HUMAN	HACL1	2-hydroxyacyl-CoA lyase 1	245768	236662	170683	246286
Q9UJA5	Q9UJA5	TRM6_HUMAN	TRMT6	tRNA (adenine(58)-N(1))-methyltransferase non-catalytic subunit TRM6	474580	508144	229733	438692
Q9UJC3	Q9UJC3	HOOK1_HUMAN	HOOK1	Protein Hook homolog 1	453882		159298	714031
Q9UJC5	Q9UJC5	SH3L2_HUMAN	SH3BGRL2	SH3 domain-binding glutamic acid-rich-like protein 2	2.64405e+06	1.61851e+06	4.55462e+06	3.02774e+06
Q9UJS0	Q9UJS0	S2513_HUMAN	SLC25A13	Electrogenic aspartate/glutamate antiporter SLC25A13, mitochondrial	4.39724e+06	2.79559e+06	3.16741e+06	4.42954e+06
Q9UJT9	Q9UJT9	FBXL7_HUMAN	FBXL7	F-box/LRR-repeat protein 7	2.38487e+06	2.83608e+06	1.43708e+06	2.51104e+06
Q9UJU6	Q9UJU6	DBNL_HUMAN	DBNL	Drebrin-like protein	5.52761e+06	6.69077e+06	6.23645e+06	5.17342e+06
Q9UJW0	Q9UJW0	DCTN4_HUMAN	DCTN4	Dynactin subunit 4	1.18515e+06	856816	295549	1.21419e+06
Q9UJX2	Q9UJX2	CDC23_HUMAN	CDC23	Cell division cycle protein 23 homolog	556905	395911	90702.2	590893
Q9UJX3	Q9UJX3	APC7_HUMAN	ANAPC7	Anaphase-promoting complex subunit 7	646370	432077		494739
Q9UJX4	Q9UJX4	APC5_HUMAN	ANAPC5	Anaphase-promoting complex subunit 5	198738			176379
Q9UJX5	Q9UJX5	APC4_HUMAN	ANAPC4	Anaphase-promoting complex subunit 4	410003	379693	259735	439751
Q9UJX6	Q9UJX6	ANC2_HUMAN	ANAPC2	Anaphase-promoting complex subunit 2	168602	117949		211008
Q9UJY4	Q9UJY4	GGA2_HUMAN	GGA2	ADP-ribosylation factor-binding protein GGA2	311463	212160	133238	253148
Q9UJY5	Q9UJY5	GGA1_HUMAN	GGA1	ADP-ribosylation factor-binding protein GGA1	826026	494131	810785	833755
Q9UJZ1	Q9UJZ1	STML2_HUMAN	STOML2	Stomatin-like protein 2, mitochondrial	4.51395e+06	710811	4.26374e+06	4.95816e+06
Q9UK22	Q9UK22	FBX2_HUMAN	FBXO2	F-box only protein 2		83543.9	79898.3	74617.6
Q9UK23	Q9UK23	NAGPA_HUMAN	NAGPA	N-acetylglucosamine-1-phosphodiester alpha-N-acetylglucosaminidase	180080	113126	231097	106558
Q9UK41	Q9UK41	VPS28_HUMAN	VPS28	Vacuolar protein sorting-associated protein 28 homolog	1.28815e+06	694929	1.18543e+06	1.62634e+06
Q9UK45	Q9UK45	LSM7_HUMAN	LSM7	U6 snRNA-associated Sm-like protein LSm7	4.5987e+06	2.60035e+06	5.32155e+06	4.70824e+06
Q9UK55	Q9UK55	ZPI_HUMAN	SERPINA10	Protein Z-dependent protease inhibitor	339637	311395	244749	250097
Q9UK59	Q9UK59	DBR1_HUMAN	DBR1	Lariat debranching enzyme	111655			
Q9UK76	Q9UK76	JUPI1_HUMAN	JPT1	Jupiter microtubule associated homolog 1	651310	159240	3.35683e+06	1.35892e+06
Q9UKA9	Q9UKA9	PTBP2_HUMAN	PTBP2	Polypyrimidine tract-binding protein 2	5.71568e+06	6.17374e+06	3.37752e+06	5.06064e+06
Q9UKD2	Q9UKD2	MRT4_HUMAN	MRTO4	mRNA turnover protein 4 homolog	210382	82490	86429.3	132470
Q9UKF6	Q9UKF6	CPSF3_HUMAN	CPSF3	Cleavage and polyadenylation specificity factor subunit 3	479799	467510	171374	322905
Q9UKF7	Q9UKF7	PITC1_HUMAN	PITPNC1	Cytoplasmic phosphatidylinositol transfer protein 1	531326	523280	628536	403343
Q9UKG1	Q9UKG1	DP13A_HUMAN	APPL1	DCC-interacting protein 13-alpha	2.73365e+06	2.40542e+06	1.5384e+06	2.86207e+06
Q9UKG9	Q9UKG9	OCTC_HUMAN	CROT	Peroxisomal carnitine O-octanoyltransferase	170382	272896	147522	162915
Q9UKK3	Q9UKK3	PARP4_HUMAN	PARP4	Protein mono-ADP-ribosyltransferase PARP4	2.10912e+06	1.87307e+06	977295	2.23679e+06
Q9UKK9	Q9UKK9	NUDT5_HUMAN	NUDT5	ADP-sugar pyrophosphatase	3.34772e+06	4.43455e+06	7.25434e+06	4.15949e+06
Q9UKL0	Q9UKL0	RCOR1_HUMAN	RCOR1	REST corepressor 1	235805	164233		217472
Q9UKL6	Q9UKL6	PPCT_HUMAN	PCTP	Phosphatidylcholine transfer protein	1.12903e+06	719389	1.57782e+06	1.24798e+06
Q9UKM7	Q9UKM7	MA1B1_HUMAN	MAN1B1	Endoplasmic reticulum mannosyl-oligosaccharide 1,2-alpha-mannosidase	563891	272711	398251	507796
Q9UKM9	Q9UKM9	RALY_HUMAN	RALY	RNA-binding protein Raly	8.74262e+06	4.44774e+06	2.34694e+06	8.30252e+06
Q9UKN1	Q9UKN1	MUC12_HUMAN	MUC12	Mucin-12	1.36668e+06		2.30759e+06	2.1697e+06
Q9UKN8	Q9UKN8	TF3C4_HUMAN	GTF3C4	General transcription factor 3C polypeptide 4	323451	270946		371071
Q9UKR5	Q9UKR5	ERG28_HUMAN	ERG28	Ergosterol biosynthetic protein 28 homolog	2.237e+06	750086	2.59797e+06	2.21733e+06
Q9UKT5	Q9UKT5	FBX4_HUMAN	FBXO4	F-box only protein 4	243937		351828	309028
Q9UKU7	Q9UKU7	ACAD8_HUMAN	ACAD8	Isobutyryl-CoA dehydrogenase, mitochondrial	1.45403e+06	667026	642987	1.46103e+06
Q9UKV3	Q9UKV3	ACINU_HUMAN	ACIN1	Apoptotic chromatin condensation inducer in the nucleus	1.9116e+06	1.87e+06	806103	1.62505e+06
Q9UKV5	Q9UKV5	AMFR_HUMAN	AMFR	E3 ubiquitin-protein ligase AMFR	493759		296328	409892
Q9UKV8	Q9H9G7;Q9UKV8;Q9UL18	AGO2_HUMAN	AGO2	Protein argonaute-2	2.07859e+06	2.45069e+06	923656	1.61167e+06
Q9UKX7	Q9UKX7	NUP50_HUMAN	NUP50	Nuclear pore complex protein Nup50	1.73452e+06	609973	638688	1.37405e+06
Q9UKY3	Q9UKY3	CES1P_HUMAN	CES1P1	Putative inactive carboxylesterase 4	2.32282e+06	2.21746e+06	2.33724e+06	1.31364e+06
Q9UKY7	Q9UKY7	CDV3_HUMAN	CDV3	Protein CDV3 homolog	2.18092e+06	2.14759e+06	6.1298e+06	4.51817e+06
Q9UKZ1	Q9UKZ1	CNO11_HUMAN	CNOT11	CCR4-NOT transcription complex subunit 11	195139			265205
Q9UL03	Q9UL03	INT6_HUMAN	INTS6	Integrator complex subunit 6	239761	64864.8		106386
Q9UL12	Q9UL12	SARDH_HUMAN	SARDH	Sarcosine dehydrogenase, mitochondrial	859453	598973	321302	896552
Q9UL15	Q9UL15	BAG5_HUMAN	BAG5	BAG family molecular chaperone regulator 5	559949	615462	557556	748648
Q9UL18	Q9UL18	AGO1_HUMAN	AGO1	Protein argonaute-1	2.04116e+06	2.20898e+06	888789	1.80433e+06
Q9UL25	Q9UL25	RAB21_HUMAN	RAB21	Ras-related protein Rab-21	3.7974e+06	4.33747e+06	4.96252e+06	2.9859e+06
Q9UL26	Q13636;Q9UL26	RB22A_HUMAN	RAB22A	Ras-related protein Rab-22A	2.89858e+06	2.89593e+06	3.5159e+06	2.3742e+06
Q9UL33	Q9UL33	TPC2L_HUMAN	TRAPPC2L	Trafficking protein particle complex subunit 2-like protein	712321	569064	576744	684328
Q9UL46	Q9UL46	PSME2_HUMAN	PSME2	Proteasome activator complex subunit 2	1.56036e+07	9.53808e+06	3.12788e+07	1.45307e+07
Q9ULA0	Q9ULA0	DNPEP_HUMAN	DNPEP	Aspartyl aminopeptidase	4.76909e+06	3.07945e+06	2.19037e+06	4.98472e+06
Q9ULC3	Q9ULC3	RAB23_HUMAN	RAB23	Ras-related protein Rab-23	2.31571e+06	1.66325e+06	2.55201e+06	1.90356e+06
Q9ULC4	Q9ULC4;A0A3B3IRV3	MCTS1_HUMAN	MCTS1	Malignant T-cell-amplified sequence 1	3.75497e+06	4.15432e+06	3.80626e+06	3.22714e+06
Q9ULC5	Q9ULC5	ACSL5_HUMAN	ACSL5	Long-chain-fatty-acid--CoA ligase 5	3.88457e+06	1.89833e+06	3.28709e+06	4.96406e+06
Q9ULD0	Q9ULD0	OGDHL_HUMAN	OGDHL	2-oxoglutarate dehydrogenase-like, mitochondrial	1.16285e+06	1.49976e+06	798809	1.51147e+06
Q9ULE0	Q9ULE0	WWC3_HUMAN	WWC3	Protein WWC3	117936	227918	593903	226151
Q9ULE6	Q9ULE6	PALD_HUMAN	PALD1	Paladin	233479	136228		294617
Q9ULH1	Q9ULH1	ASAP1_HUMAN	ASAP1	Arf-GAP with SH3 domain, ANK repeat and PH domain-containing protein 1	278666	556832		222503
Q9ULJ6	Q8NF64;Q9ULJ6	ZMIZ1_HUMAN	ZMIZ1	Zinc finger MIZ domain-containing protein 1	528393	589136	277900	447925
Q9ULK4	Q9ULK4	MED23_HUMAN	MED23	Mediator of RNA polymerase II transcription subunit 23	259246	79108.8		300045
Q9ULP9	Q9ULP9	TBC24_HUMAN	TBC1D24	TBC1 domain family member 24	1.3497e+06	1.35286e+06	1.23533e+06	1.59461e+06
Q9ULQ1	Q9ULQ1	TPC1_HUMAN	TPCN1	Two pore channel protein 1	2.73135e+06	3.74855e+06	1.98331e+06	2.8916e+06
Q9ULT8	Q9ULT8	HECD1_HUMAN	HECTD1	E3 ubiquitin-protein ligase HECTD1	456617	426993	159232	447182
Q9ULU8	Q86UW7;Q9ULU8	CAPS1_HUMAN	CADPS	Calcium-dependent secretion activator 1	207371	189287	305001	247348
Q9ULV4	Q9ULV4	COR1C_HUMAN	CORO1C	Coronin-1C	1.62956e+07	1.72195e+07	6.39265e+06	9.96379e+06
Q9ULX6	Q9ULX6	AKP8L_HUMAN	AKAP8L	A-kinase anchor protein 8-like				50494
Q9ULZ3	Q9ULZ3	ASC_HUMAN	PYCARD	Apoptosis-associated speck-like protein containing a CARD	5.01608e+06	3.70041e+06	1.52162e+07	7.42161e+06
Q9UM00	Q9UM00	TMCO1_HUMAN	TMCO1	Calcium load-activated calcium channel	3.33353e+06	2.20917e+06	2.52116e+06	2.25363e+06
Q9UM07	Q9UM07	PADI4_HUMAN	PADI4	Protein-arginine deiminase type-4	1.47076e+06	3.03956e+06	480051	178292
Q9UM22	Q9UM22	EPDR1_HUMAN	EPDR1	Mammalian ependymin-related protein 1	6.55821e+06	5.54573e+06	6.43899e+06	3.53288e+06
Q9UM54	Q9UM54	MYO6_HUMAN	MYO6	Unconventional myosin-VI	639658	645765	480315	638704
Q9UMR2	Q9NUU7;Q9UMR2	DD19B_HUMAN	DDX19B	ATP-dependent RNA helicase DDX19B	1.54364e+06	871072	1.36208e+06	1.56245e+06
Q9UMS0	Q9UMS0	NFU1_HUMAN	NFU1	NFU1 iron-sulfur cluster scaffold homolog, mitochondrial	507434	133248	1.22644e+06	741281
Q9UMS4	Q9UMS4	PRP19_HUMAN	PRPF19	Pre-mRNA-processing factor 19	5.26658e+06	4.56105e+06	816643	3.86036e+06
Q9UMS6	Q9UMS6	SYNP2_HUMAN	SYNPO2	Synaptopodin-2	1.52081e+06		289233	989438
Q9UMX0	Q9UMX0	UBQL1_HUMAN	UBQLN1	Ubiquilin-1	4.2814e+06	3.81692e+06	7.68458e+06	4.25664e+06
Q9UMX3	Q9UMX3	BOK_HUMAN	BOK	Bcl-2-related ovarian killer protein	53978.1			
Q9UMX5	Q9UMX5	NENF_HUMAN	NENF	Neudesin	1.2002e+06	485989	2.33653e+06	1.32224e+06
Q9UMY4	Q9UMY4	SNX12_HUMAN	SNX12	Sorting nexin-12	3.61052e+06	3.68981e+06	5.85753e+06	3.62883e+06
Q9UMZ2	Q9UMZ2	SYNRG_HUMAN	SYNRG	Synergin gamma	327974		220329	402177
Q9UN36	Q9UN36	NDRG2_HUMAN	NDRG2	Protein NDRG2	3.84592e+06	881434	5.76987e+06	5.42707e+06
Q9UN37	Q9UN37	VPS4A_HUMAN	VPS4A	Vacuolar protein sorting-associated protein 4A	1.64187e+06	994378	1.34065e+06	1.75602e+06
Q9UN86	Q9UN86	G3BP2_HUMAN	G3BP2	Ras GTPase-activating protein-binding protein 2	1.1074e+06	1.18754e+06	753224	1.0123e+06
Q9UNA1	Q9UNA1	RHG26_HUMAN	ARHGAP26	Rho GTPase-activating protein 26	327803	226207	361073	372760
Q9UNE7	Q9UNE7	CHIP_HUMAN	STUB1	E3 ubiquitin-protein ligase CHIP	901790	789953	694963	969925
Q9UNF0	Q9UNF0	PACN2_HUMAN	PACSIN2	Protein kinase C and casein kinase substrate in neurons protein 2	3.10798e+06	2.06145e+06	2.06176e+06	3.44863e+06
Q9UNF1	Q9UNF1	MAGD2_HUMAN	MAGED2	Melanoma-associated antigen D2	694074	852559	397185	565128
Q9UNH6	Q9UNH6	SNX7_HUMAN	SNX7	Sorting nexin-7	960005	423040	873339	973123
Q9UNH7	Q9UNH7	SNX6_HUMAN	SNX6	Sorting nexin-6	6.1568e+06	4.92542e+06	4.24892e+06	5.53906e+06
Q9UNI6	Q9UNI6	DUS12_HUMAN	DUSP12	Dual specificity protein phosphatase 12	222184	207514	245654	251527
Q9UNK0	Q9UNK0	STX8_HUMAN	STX8	Syntaxin-8	1.20013e+06	258107	1.22142e+06	1.0699e+06
Q9UNL2	Q9UNL2	SSRG_HUMAN	SSR3	Translocon-associated protein subunit gamma	1.14269e+07	6.66861e+06	5.56006e+06	6.3666e+06
Q9UNM6	Q9UNM6	PSD13_HUMAN	PSMD13	26S proteasome non-ATPase regulatory subunit 13	3.48818e+06	2.53676e+06	1.71627e+06	4.17314e+06
Q9UNN5	Q9UNN5	FAF1_HUMAN	FAF1	FAS-associated factor 1	803577	540284	671663	810811
Q9UNN8	Q9UNN8	EPCR_HUMAN	PROCR	Endothelial protein C receptor	2.67251e+06	3.47994e+06	3.11233e+06	2.53981e+06
Q9UNP9	Q9UNP9	PPIE_HUMAN	PPIE	Peptidyl-prolyl cis-trans isomerase E	960955	863306	626254	814644
Q9UNQ2	Q9UNQ2	DIM1_HUMAN	DIMT1	Probable dimethyladenosine transferase	182576		55584.8	144528
Q9UNS2	Q9UNS2	CSN3_HUMAN	COPS3	COP9 signalosome complex subunit 3	2.46301e+06	2.90256e+06	1.10463e+06	2.51072e+06
Q9UNW1	Q9UNW1	MINP1_HUMAN	MINPP1	Multiple inositol polyphosphate phosphatase 1	741471	970325	1.15652e+06	796775
Q9UNX3	Q9UNX3	RL26L_HUMAN	RPL26L1	Ribosomal protein uL24-like			195893	467205
Q9UNZ2	Q9UNZ2	NSF1C_HUMAN	NSFL1C	NSFL1 cofactor p47	3.79651e+06	4.89994e+06	6.70202e+06	4.33705e+06
Q9UP65	Q9UP65	PA24C_HUMAN	PLA2G4C	Cytosolic phospholipase A2 gamma	545212	432650		
Q9UP83	Q9UP83	COG5_HUMAN	COG5	Conserved oligomeric Golgi complex subunit 5	1.43722e+06	1.05788e+06	322936	1.43081e+06
Q9UP95	Q9UHW9;Q9UP95	S12A4_HUMAN	SLC12A4	Solute carrier family 12 member 4	627577	826978	427011	459331
Q9UPN3	Q9UPN3	MACF1_HUMAN	MACF1	Microtubule-actin cross-linking factor 1, isoforms 1/2/3/4/5	1.24073e+06	1.39306e+06	138971	912031
Q9UPN7	Q9UPN7	PP6R1_HUMAN	PPP6R1	Serine/threonine-protein phosphatase 6 regulatory subunit 1	540939		251593	591906
Q9UPN9	Q9UPN9	TRI33_HUMAN	TRIM33	E3 ubiquitin-protein ligase TRIM33	298642	276185		237237
Q9UPQ8	Q9UPQ8	DOLK_HUMAN	DOLK	Dolichol kinase	168280	250610	90734.9	143863
Q9UPT5	Q9UPT5	EXOC7_HUMAN	EXOC7	Exocyst complex component 7	699026	377638	235784	594940
Q9UPT8	Q9UPT8	ZC3H4_HUMAN	ZC3H4	Zinc finger CCCH domain-containing protein 4	378527			306737
Q9UPU5	Q9UPU5	UBP24_HUMAN	USP24	Ubiquitin carboxyl-terminal hydrolase 24	760580	506232	263189	791327
Q9UPU7	Q9UPU7	TBD2B_HUMAN	TBC1D2B	TBC1 domain family member 2B	508826	284443		403785
Q9UPW6	Q01826;Q9UPW6	SATB2_HUMAN	SATB2	DNA-binding protein SATB2	260199		105260	352685
Q9UPY3	Q9UPY3	DICER_HUMAN	DICER1	Endoribonuclease Dicer	76842.7	87380		86209.9
Q9UQ13	Q9UQ13	SHOC2_HUMAN	SHOC2	Leucine-rich repeat protein SHOC-2	732866	633693	419533	384664
Q9UQ16	Q9UQ16	DYN3_HUMAN	DNM3	Dynamin-3	4.54575e+06	201849	1.33381e+06	3.8565e+06
Q9UQ35	Q9UQ35	SRRM2_HUMAN	SRRM2	Serine/arginine repetitive matrix protein 2	588612		292673	677359
Q9UQ53	Q9UQ53	MGT4B_HUMAN	MGAT4B	Alpha-1,3-mannosyl-glycoprotein 4-beta-N-acetylglucosaminyltransferase B	500690	515143	641675	426587
Q9UQ80	Q9UQ80	PA2G4_HUMAN	PA2G4	Proliferation-associated protein 2G4	7.8484e+06	9.2847e+06	7.35453e+06	8.34976e+06
Q9UQ90	Q9UQ90	SPG7_HUMAN	SPG7	Paraplegin	246229	240649	111262	304534
Q9UQB8	Q9UQB8	BAIP2_HUMAN	BAIAP2	Brain-specific angiogenesis inhibitor 1-associated protein 2	119615	183981	88370.9	138629
Q9UQE7	Q9UQE7	SMC3_HUMAN	SMC3	Structural maintenance of chromosomes protein 3	1.13804e+06	609958	682029	1.00228e+06
Q9UQN3	Q9UQN3	CHM2B_HUMAN	CHMP2B	Charged multivesicular body protein 2b	1.04042e+06		1.22687e+06	1.57388e+06
Q9Y217	Q9Y217	MTMR6_HUMAN	MTMR6	Myotubularin-related protein 6	703240	880733	376923	633555
Q9Y223	Q9Y223	GLCNE_HUMAN	GNE	Bifunctional UDP-N-acetylglucosamine 2-epimerase/N-acetylmannosamine kinase	4.9534e+06	2.16441e+06	1.84973e+06	7.89898e+06
Q9Y224	Q9Y224	RTRAF_HUMAN	RTRAF	RNA transcription, translation and transport factor protein	2.6485e+06	1.21755e+06	1.88498e+06	2.92554e+06
Q9Y227	Q9Y227	ENTP4_HUMAN	ENTPD4	Ectonucleoside triphosphate diphosphohydrolase 4		256802	154246	102312
Q9Y228	Q9Y228	T3JAM_HUMAN	TRAF3IP3	TRAF3-interacting JNK-activating modulator	192446	98047.4		69784.1
Q9Y230	Q9Y230	RUVB2_HUMAN	RUVBL2	RuvB-like 2	3.16642e+06	2.7708e+06	1.71606e+06	3.41028e+06
Q9Y237	Q9Y237	PIN4_HUMAN	PIN4	Peptidyl-prolyl cis-trans isomerase NIMA-interacting 4	1.18125e+06	1.1702e+06	1.17862e+06	1.0027e+06
Q9Y241	Q9Y241;A8MV81	HIG1A_HUMAN	HIGD1A	HIG1 domain family member 1A, mitochondrial	2.45269e+06	1.68234e+06	2.81482e+06	3.37513e+06
Q9Y256	Q9Y256	FACE2_HUMAN	RCE1	CAAX prenyl protease 2	405616	392295	443911	404399
Q9Y259	Q9Y259	CHKB_HUMAN	CHKB	Choline/ethanolamine kinase	747260	882194	1.07903e+06	704882
Q9Y262	Q9Y262	EIF3L_HUMAN	EIF3L	Eukaryotic translation initiation factor 3 subunit L	6.31096e+06	6.71991e+06	3.81019e+06	7.35092e+06
Q9Y263	Q9Y263	PLAP_HUMAN	PLAA	Phospholipase A-2-activating protein	1.16998e+06	1.28672e+06	717366	1.49842e+06
Q9Y265	Q9Y265	RUVB1_HUMAN	RUVBL1	RuvB-like 1	2.87933e+06	2.76193e+06	1.08667e+06	2.99981e+06
Q9Y266	Q9Y266	NUDC_HUMAN	NUDC	Nuclear migration protein nudC	3.2728e+06	3.90628e+06	2.69977e+06	3.86848e+06
Q9Y276	Q9Y276	BCS1_HUMAN	BCS1L	Mitochondrial chaperone BCS1	862049	530578	425347	782900
Q9Y277	Q9Y277	VDAC3_HUMAN	VDAC3	Voltage-dependent anion-selective channel protein 3	8.76613e+06	5.01514e+06	7.50837e+06	7.76823e+06
Q9Y279	Q9Y279	VSIG4_HUMAN	VSIG4	V-set and immunoglobulin domain-containing protein 4	454802	264377	309383	315878
Q9Y281	Q9Y281	COF2_HUMAN	CFL2	Cofilin-2	1.50766e+06	1.13657e+06	1.54505e+06	1.41767e+06
Q9Y282	Q9Y282	ERGI3_HUMAN	ERGIC3	Endoplasmic reticulum-Golgi intermediate compartment protein 3	1.19079e+06	973793	1.87885e+06	1.21587e+06
Q9Y285	Q9Y285	SYFA_HUMAN	FARSA	Phenylalanine--tRNA ligase alpha subunit	2.35986e+06	2.23683e+06	1.47025e+06	2.44433e+06
Q9Y286	Q9Y286	SIGL7_HUMAN	SIGLEC7	Sialic acid-binding Ig-like lectin 7	1.05017e+06	836080	646680	
Q9Y287	Q9Y287	ITM2B_HUMAN	ITM2B	Integral membrane protein 2B	320844		303778	219049
Q9Y291	Q9Y291	RT33_HUMAN	MRPS33	Small ribosomal subunit protein mS33	651324	215557		732764
Q9Y294	Q9NVP2;Q9Y294	ASF1A_HUMAN	ASF1A	Histone chaperone ASF1A	696421	570483	1.13605e+06	788792
Q9Y295	Q9Y295	DRG1_HUMAN	DRG1	Developmentally-regulated GTP-binding protein 1	894549	819938	594349	771270
Q9Y296	Q9Y296	TPPC4_HUMAN	TRAPPC4	Trafficking protein particle complex subunit 4	1.65477e+06	1.22026e+06	1.80777e+06	1.67554e+06
Q9Y2A7	Q9Y2A7	NCKP1_HUMAN	NCKAP1	Nck-associated protein 1	2.02369e+06	1.0154e+06	484845	2.05389e+06
Q9Y2A9	Q9Y2A9	B3GN3_HUMAN	B3GNT3	N-acetyllactosaminide beta-1,3-N-acetylglucosaminyltransferase 3	1.28339e+06	567361	2.0695e+06	1.51401e+06
Q9Y2B0	Q9Y2B0	CNPY2_HUMAN	CNPY2	Protein canopy homolog 2	6.87998e+06	8.57488e+06	1.64069e+07	6.98856e+06
Q9Y2C3	Q9Y2C3	B3GT5_HUMAN	B3GALT5	Beta-1,3-galactosyltransferase 5	1.68214e+06	358723	3.5232e+06	2.37499e+06
Q9Y2C4	Q9Y2C4	EXOG_HUMAN	EXOG	Nuclease EXOG, mitochondrial	665421	608652	455458	551642
Q9Y2D0	Q9Y2D0	CAH5B_HUMAN	CA5B	Carbonic anhydrase 5B, mitochondrial	483319		217435	176268
Q9Y2D2	Q9Y2D2	S35A3_HUMAN	SLC35A3	UDP-N-acetylglucosamine transporter	1.17093e+06	568697	1.2598e+06	1.37382e+06
Q9Y2D4	Q9Y2D4	EXC6B_HUMAN	EXOC6B	Exocyst complex component 6B	232278			139329
Q9Y2D5	Q9Y2D5	AKAP2_HUMAN	AKAP2	A-kinase anchor protein 2	1.05066e+06	497157	291010	841253
Q9Y2E5	Q9Y2E5	MA2B2_HUMAN	MAN2B2	Epididymis-specific alpha-mannosidase	518436	608671	750427	412390
Q9Y2E8	Q9Y2E8	SL9A8_HUMAN	SLC9A8	Sodium/hydrogen exchanger 8			216271	485214
Q9Y2G2	Q9Y2G2	CARD8_HUMAN	CARD8	Caspase recruitment domain-containing protein 8	169630	113116	138523	246446
Q9Y2G3	Q9Y2G3	AT11B_HUMAN	ATP11B	Phospholipid-transporting ATPase IF	692884	1.18542e+06	801569	688083
Q9Y2G5	Q9Y2G5	OFUT2_HUMAN	POFUT2	GDP-fucose protein O-fucosyltransferase 2	872804	895497	984529	639540
Q9Y2H0	Q9Y2H0	DLGP4_HUMAN	DLGAP4	Disks large-associated protein 4	786009	787685	795572	795367
Q9Y2H1	Q9Y2H1	ST38L_HUMAN	STK38L	Serine/threonine-protein kinase 38-like	359467	330251	234900	399385
Q9Y2H5	Q9Y2H5	PKHA6_HUMAN	PLEKHA6	Pleckstrin homology domain-containing family A member 6	1.35967e+06	752160	650111	1.7865e+06
Q9Y2H6	Q9Y2H6	FND3A_HUMAN	FNDC3A	Fibronectin type-III domain-containing protein 3A	1.3333e+06	1.43653e+06	863494	1.53002e+06
Q9Y2I1	Q9Y2I1	NISCH_HUMAN	NISCH	Nischarin	107231	139226	109871	117676
Q9Y2I8	Q9Y2I8	WDR37_HUMAN	WDR37	WD repeat-containing protein 37	345117	134345	172887	403285
Q9Y2J2	Q9Y2J2	E41L3_HUMAN	EPB41L3	Band 4.1-like protein 3	1.30582e+06	987121	764720	1.60942e+06
Q9Y2J8	Q9Y2J8	PADI2_HUMAN	PADI2	Protein-arginine deiminase type-2	6.14605e+06	4.20179e+06	1.93614e+06	8.74215e+06
Q9Y2K7	Q9Y2K7	KDM2A_HUMAN	KDM2A	Lysine-specific demethylase 2A	272216	256179		397016
Q9Y2L1	Q9Y2L1	RRP44_HUMAN	DIS3	Exosome complex exonuclease RRP44	769562	685056	327536	712455
Q9Y2L5	Q9Y2L5	TPPC8_HUMAN	TRAPPC8	Trafficking protein particle complex subunit 8	274851	291045		333165
Q9Y2P4	Q9Y2P4	S27A6_HUMAN	SLC27A6	Long-chain fatty acid transport protein 6	1.82881e+06	2.11688e+06	2.33429e+06	2.23301e+06
Q9Y2Q0	Q9Y2Q0	AT8A1_HUMAN	ATP8A1	Phospholipid-transporting ATPase IA	471148	510180	345011	427190
Q9Y2Q3	Q9Y2Q3	GSTK1_HUMAN	GSTK1	Glutathione S-transferase kappa 1	1.663e+07	5.94693e+06	1.50319e+07	1.38954e+07
Q9Y2Q5	Q9Y2Q5	LTOR2_HUMAN	LAMTOR2	Ragulator complex protein LAMTOR2	1.51971e+06	1.32963e+06	2.71439e+06	1.54227e+06
Q9Y2Q9	Q9Y2Q9	RT28_HUMAN	MRPS28	Small ribosomal subunit protein bS1m	1.74333e+06	1.10615e+06	736796	1.71797e+06
Q9Y2R0	Q9Y2R0	COA3_HUMAN	COA3	Cytochrome c oxidase assembly factor 3 homolog, mitochondrial	1.07991e+06	240191	1.21556e+06	1.3378e+06
Q9Y2R5	Q9Y2R5	RT17_HUMAN	MRPS17	Small ribosomal subunit protein uS17m	920514	675406	300159	1.17418e+06
Q9Y2R9	Q9Y2R9	RT07_HUMAN	MRPS7	Small ribosomal subunit protein uS7m	714703	277358	356067	865826
Q9Y2S2	Q9Y2S2	CRYL1_HUMAN	CRYL1	Lambda-crystallin homolog	2.75166e+06	1.50974e+06	2.55249e+06	3.58892e+06
Q9Y2S6	Q9Y2S6;A0A024R1R8	TMA7_HUMAN	TMA7	Translation machinery-associated protein 7	5.0218e+06	6.99068e+06	5.20773e+06	5.46306e+06
Q9Y2S7	Q9Y2S7	PDIP2_HUMAN	POLDIP2	Polymerase delta-interacting protein 2	982858	756255	1.08973e+06	986515
Q9Y2T2	Q9Y2T2	AP3M1_HUMAN	AP3M1	AP-3 complex subunit mu-1	1.27955e+06	1.70581e+06	589559	1.29432e+06
Q9Y2T3	Q9Y2T3	GUAD_HUMAN	GDA	Guanine deaminase	408131	369334	522136	356859
Q9Y2U8	Q9Y2U8	MAN1_HUMAN	LEMD3	Inner nuclear membrane protein Man1	577518	496876	169650	456142
Q9Y2V2	Q9Y2V2	CHSP1_HUMAN	CARHSP1	Calcium-regulated heat-stable protein 1	1.03383e+07	1.52332e+07	2.04567e+07	1.13112e+07
Q9Y2V7	Q9Y2V7	COG6_HUMAN	COG6	Conserved oligomeric Golgi complex subunit 6	1.10656e+06	500911	244008	1.18007e+06
Q9Y2W1	Q9Y2W1	TR150_HUMAN	THRAP3	Thyroid hormone receptor-associated protein 3	876979	752667	204212	579322
Q9Y2W2	Q9Y2W2	WBP11_HUMAN	WBP11	WW domain-binding protein 11	768208	455314	275386	509573
Q9Y2W6	Q9Y2W6	TDRKH_HUMAN	TDRKH	Tudor and KH domain-containing protein	626281	329673	400771	625030
Q9Y2X3	Q9Y2X3	NOP58_HUMAN	NOP58	Nucleolar protein 58	1.41127e+06	929393		803843
Q9Y2X7	Q9Y2X7	GIT1_HUMAN	GIT1	ARF GTPase-activating protein GIT1	23890.3			95049.9
Q9Y2Y8	Q9Y2Y8	PRG3_HUMAN	PRG3	Proteoglycan 3	6.43096e+06	7.33841e+06	4.42971e+06	1.4442e+06
Q9Y2Z0	Q9Y2Z0	SGT1_HUMAN	SUGT1	Protein SGT1 homolog	1.7941e+06	1.70193e+06	2.26153e+06	2.24576e+06
Q9Y2Z4	Q9Y2Z4	SYYM_HUMAN	YARS2	Tyrosine--tRNA ligase, mitochondrial	950212	700625	330732	898900
Q9Y2Z9	Q9Y2Z9	COQ6_HUMAN	COQ6	Ubiquinone biosynthesis monooxygenase COQ6, mitochondrial	1.12124e+06	419067	1.17264e+06	1.14848e+06
Q9Y303	Q9Y303	NAGA_HUMAN	AMDHD2	N-acetylglucosamine-6-phosphate deacetylase	818975	563684	770893	757329
Q9Y305	Q9Y305	ACOT9_HUMAN	ACOT9	Acyl-coenzyme A thioesterase 9, mitochondrial	3.08246e+06	2.06083e+06	1.29089e+06	2.29721e+06
Q9Y315	Q9Y315	DEOC_HUMAN	DERA	Deoxyribose-phosphate aldolase	2.16265e+06	2.86649e+06	1.07759e+06	2.61655e+06
Q9Y316	Q9Y316	MEMO1_HUMAN	MEMO1	Protein MEMO1	1.12616e+06	1.51052e+06	1.58391e+06	1.0865e+06
Q9Y320	Q9Y320	TMX2_HUMAN	TMX2	Thioredoxin-related transmembrane protein 2	1.55485e+06	1.68517e+06	1.69169e+06	1.58494e+06
Q9Y333	Q9Y333	LSM2_HUMAN	LSM2	U6 snRNA-associated Sm-like protein LSm2	2.67096e+06	2.28995e+06	2.74355e+06	2.58485e+06
Q9Y336	Q9Y336	SIGL9_HUMAN	SIGLEC9	Sialic acid-binding Ig-like lectin 9	184784	575024	201209	
Q9Y343	Q9Y343	SNX24_HUMAN	SNX24	Sorting nexin-24	61754.5	53946.5		67815.1
Q9Y365	Q9Y365	STA10_HUMAN	STARD10	START domain-containing protein 10	5.60725e+06	2.68875e+06	6.53455e+06	7.40481e+06
Q9Y371	Q9Y371	SHLB1_HUMAN	SH3GLB1	Endophilin-B1	2.07638e+06	1.65902e+06	2.29656e+06	2.30994e+06
Q9Y376	Q9Y376	CAB39_HUMAN	CAB39	Calcium-binding protein 39	2.63036e+06	3.84971e+06	2.88347e+06	2.56731e+06
Q9Y383	Q9Y383	LC7L2_HUMAN	LUC7L2	Putative RNA-binding protein Luc7-like 2	7.56908e+06	5.02432e+06	2.86906e+06	6.91681e+06
Q9Y385	Q9Y385	UB2J1_HUMAN	UBE2J1	Ubiquitin-conjugating enzyme E2 J1	2.0731e+06	1.48435e+06	2.20798e+06	2.69289e+06
Q9Y394	Q9Y394	DHRS7_HUMAN	DHRS7	Dehydrogenase/reductase SDR family member 7	6.7223e+06	5.51079e+06	5.46827e+06	5.70264e+06
Q9Y399	Q9Y399	RT02_HUMAN	MRPS2	Small ribosomal subunit protein uS2m	1.22801e+06	906010	457513	1.4158e+06
Q9Y3A3	Q9Y3A3	PHOCN_HUMAN	MOB4	MOB-like protein phocein	1.05248e+06	1.25445e+06	752109	1.15244e+06
Q9Y3A5	Q9Y3A5	SBDS_HUMAN	SBDS	Ribosome maturation protein SBDS	2.56348e+06	2.43046e+06	2.40364e+06	2.56687e+06
Q9Y3A6	Q9Y3A6	TMED5_HUMAN	TMED5	Transmembrane emp24 domain-containing protein 5	4.44275e+06	4.07518e+06	8.43232e+06	4.80789e+06
Q9Y3B2	Q9Y3B2	EXOS1_HUMAN	EXOSC1	Exosome complex component CSL4	408390	267793	179317	335807
Q9Y3B3	Q9Y3B3	TMED7_HUMAN	TMED7	Transmembrane emp24 domain-containing protein 7	4.97396e+06	4.63312e+06	7.80837e+06	4.28787e+06
Q9Y3B4	Q9Y3B4	SF3B6_HUMAN	SF3B6	Splicing factor 3B subunit 6	845832	1.03147e+06	244471	780641
Q9Y3B7	Q9Y3B7	RM11_HUMAN	MRPL11	Large ribosomal subunit protein uL11m	3.90785e+06		2.5388e+06	5.10101e+06
Q9Y3B8	Q9Y3B8	ORN_HUMAN	REXO2	Oligoribonuclease, mitochondrial	1.90588e+06	2.31109e+06	2.8428e+06	2.07295e+06
Q9Y3C0	Q9Y3C0	WASC3_HUMAN	WASHC3	WASH complex subunit 3	549090		260244	552263
Q9Y3C4	Q9Y3C4	TPRKB_HUMAN	TPRKB	EKC/KEOPS complex subunit TPRKB	352386	423463	465288	471425
Q9Y3C6	Q9Y3C6	PPIL1_HUMAN	PPIL1	Peptidyl-prolyl cis-trans isomerase-like 1	962965	1.12311e+06	1.08421e+06	806340
Q9Y3C8	Q9Y3C8	UFC1_HUMAN	UFC1	Ubiquitin-fold modifier-conjugating enzyme 1	2.74978e+07	2.3664e+07	4.44588e+07	2.55874e+07
Q9Y3D0	Q9Y3D0	CIA2B_HUMAN	CIAO2B	Cytosolic iron-sulfur assembly component 2B	311179		212242	570575
Q9Y3D2	Q9Y3D2	MSRB2_HUMAN	MSRB2	Methionine-R-sulfoxide reductase B2, mitochondrial	3.44185e+06	2.55827e+06	3.49808e+06	2.43765e+06
Q9Y3D3	Q9Y3D3	RT16_HUMAN	MRPS16	Small ribosomal subunit protein bS16m	1.32e+06	1.10729e+06	464613	1.42323e+06
Q9Y3D5	Q9Y3D5	RT18C_HUMAN	MRPS18C	Small ribosomal subunit protein bS18m	260491			349243
Q9Y3D6	Q9Y3D6	FIS1_HUMAN	FIS1	Mitochondrial fission 1 protein	5.42571e+06	4.08062e+06	6.12016e+06	4.93465e+06
Q9Y3D7	Q9Y3D7	TIM16_HUMAN	PAM16	Mitochondrial import inner membrane translocase subunit TIM16	843045		652250	775339
Q9Y3D9	Q9Y3D9	RT23_HUMAN	MRPS23	Small ribosomal subunit protein mS23	1.74153e+06	1.18274e+06	683146	2.06263e+06
Q9Y3E0	Q9Y3E0	GOT1B_HUMAN	GOLT1B	Vesicle transport protein GOT1B	1.16904e+06	1.21262e+06	1.28984e+06	502856
Q9Y3E5	Q9Y3E5	PTH2_HUMAN	PTRH2	Peptidyl-tRNA hydrolase 2, mitochondrial	1.25845e+06	1.13806e+06	1.02133e+06	1.11305e+06
Q9Y3E7	Q9Y3E7	CHMP3_HUMAN	CHMP3	Charged multivesicular body protein 3	1.6701e+06	1.46825e+06	1.57288e+06	2.19975e+06
Q9Y3F4	Q9Y3F4	STRAP_HUMAN	STRAP	Serine-threonine kinase receptor-associated protein	1.6134e+06	1.72446e+06	1.61262e+06	1.77463e+06
Q9Y3I0	Q9Y3I0	RTCB_HUMAN	RTCB	RNA-splicing ligase RtcB homolog	4.13535e+06	4.06471e+06	2.4322e+06	4.41358e+06
Q9Y3I1	Q9Y3I1	FBX7_HUMAN	FBXO7	F-box only protein 7	1.04273e+06	2.63917e+06	772190	908260
Q9Y3L3	Q6ZT62;Q9Y3L3	3BP1_HUMAN	SH3BP1	SH3 domain-binding protein 1	2.36063e+06	914895	1.32091e+06	2.68806e+06
Q9Y3L5	Q9Y3L5	RAP2C_HUMAN	RAP2C	Ras-related protein Rap-2c	356357	292160	723789	330957
Q9Y3P9	Q9Y3P9	RBGP1_HUMAN	RABGAP1	Rab GTPase-activating protein 1	797617	559471	264560	1.06155e+06
Q9Y3Q3	Q9Y3Q3	TMED3_HUMAN	TMED3	Transmembrane emp24 domain-containing protein 3	1.18223e+06	803876	1.48166e+06	1.1372e+06
Q9Y3Q8	Q9Y3Q8	T22D4_HUMAN	TSC22D4	TSC22 domain family protein 4	712778		535857	649071
Q9Y3R5	Q9Y3R5	DOP2_HUMAN	DOP1B	Protein dopey-2	1.09632e+06	430925	401892	1.31505e+06
Q9Y3S1	Q9Y3S1	WNK2_HUMAN	WNK2	Serine/threonine-protein kinase WNK2	361842	1.19491e+06	370978	527724
Q9Y3T9	Q9Y3T9	NOC2L_HUMAN	NOC2L	Nucleolar complex protein 2 homolog	187894			121608
Q9Y3U8	Q9Y3U8	RL36_HUMAN	RPL36	Large ribosomal subunit protein eL36	2.64709e+06	1.49534e+06	840727	2.35462e+06
Q9Y3X0	Q9Y3X0	CCDC9_HUMAN	CCDC9	Coiled-coil domain-containing protein 9	402169		421737	587676
Q9Y3Y2	Q9Y3Y2	CHTOP_HUMAN	CHTOP	Chromatin target of PRMT1 protein	614239		256827	671126
Q9Y3Z3	Q9Y3Z3	SAMH1_HUMAN	SAMHD1	Deoxynucleoside triphosphate triphosphohydrolase SAMHD1	7.66757e+06	3.05901e+06	4.01679e+06	6.06098e+06
Q9Y446	Q9Y446	PKP3_HUMAN	PKP3	Plakophilin-3	872271	218455	524051	1.16797e+06
Q9Y478	Q9Y478	AAKB1_HUMAN	PRKAB1	5'-AMP-activated protein kinase subunit beta-1	1.36279e+06	381281	218459	639866
Q9Y484	Q9Y484	WIPI4_HUMAN	WDR45	WD repeat domain phosphoinositide-interacting protein 4	189585	324498	104621	322955
Q9Y487	Q9Y487	VPP2_HUMAN	ATP6V0A2	V-type proton ATPase 116 kDa subunit a 2	454371	462025	264624	386421
Q9Y490	Q9Y490	TLN1_HUMAN	TLN1	Talin-1	2.70668e+07	2.05025e+07	4.24836e+06	1.31612e+07
Q9Y493	Q9Y493	ZAN_HUMAN	ZAN	Zonadhesin				222499
Q9Y4A5	Q9Y4A5	TRRAP_HUMAN	TRRAP	Transformation/transcription domain-associated protein	311047	98362		246938
Q9Y4B6	Q9Y4B6	DCAF1_HUMAN	DCAF1	DDB1- and CUL4-associated factor 1	233514	123023		272608
Q9Y4C2	Q9Y4C2	TCAF1_HUMAN	TCAF1	TRPM8 channel-associated factor 1	237540	222608	215157	270678
Q9Y4D1	Q9Y4D1	DAAM1_HUMAN	DAAM1	Disheveled-associated activator of morphogenesis 1	343056	505800		194051
Q9Y4D7	Q9Y4D7	PLXD1_HUMAN	PLXND1	Plexin-D1	355930	336797	146475	347653
Q9Y4E6	Q9Y4E6	WDR7_HUMAN	WDR7	WD repeat-containing protein 7	160434	58952		190237
Q9Y4E8	Q9Y4E8	UBP15_HUMAN	USP15	Ubiquitin carboxyl-terminal hydrolase 15	3.59093e+06	4.47845e+06	3.47877e+06	3.75948e+06
Q9Y4F1	Q9Y4F1	FARP1_HUMAN	FARP1	FERM, ARHGEF and pleckstrin domain-containing protein 1	948925	708512	245579	770659
Q9Y4F9	Q9Y4F9	RIPR2_HUMAN	RIPOR2	Rho family-interacting cell polarization regulator 2		1.02744e+06		
Q9Y4G6	Q9Y4G6	TLN2_HUMAN	TLN2	Talin-2	1.6476e+06	759548		1.70352e+06
Q9Y4I1	Q9Y4I1	MYO5A_HUMAN	MYO5A	Unconventional myosin-Va	1.1696e+06	1.60079e+06	1.39799e+06	1.60975e+06
Q9Y4J8	O60941;Q9Y4J8	DTNA_HUMAN	DTNA	Dystrobrevin alpha	684199			339033
Q9Y4K1	Q9Y4K1	CRBG1_HUMAN	CRYBG1	Beta/gamma crystallin domain-containing protein 1	577025	528864	414384	759567
Q9Y4L1	Q9Y4L1	HYOU1_HUMAN	HYOU1	Hypoxia up-regulated protein 1	1.4342e+07	9.73157e+06	2.76294e+07	1.69851e+07
Q9Y4P1	Q9Y4P1	ATG4B_HUMAN	ATG4B	Cysteine protease ATG4B	600598	502228	748268	707004
Q9Y4P3	Q9Y4P3	TBL2_HUMAN	TBL2	Transducin beta-like protein 2	1.0298e+06	995831	752573	893439
Q9Y4P8	Q9Y4P8	WIPI2_HUMAN	WIPI2	WD repeat domain phosphoinositide-interacting protein 2	792036	819195	540284	730052
Q9Y4R8	Q9Y4R8	TELO2_HUMAN	TELO2	Telomere length regulation protein TEL2 homolog	84271			53759.5
Q9Y4W2	Q9Y4W2	LAS1L_HUMAN	LAS1L	Ribosomal biogenesis protein LAS1L				191997
Q9Y4W6	Q9Y4W6	AFG32_HUMAN	AFG3L2	AFG3-like protein 2	2.99946e+06	1.39866e+06	1.16767e+06	3.05974e+06
Q9Y4X5	Q9Y4X5	ARI1_HUMAN	ARIH1	E3 ubiquitin-protein ligase ARIH1	652288	332496	132084	870105
Q9Y4Z0	Q9Y4Z0	LSM4_HUMAN	LSM4	U6 snRNA-associated Sm-like protein LSm4	1.6555e+06	1.2165e+06	1.72339e+06	1.91448e+06
Q9Y508	Q9Y508	RN114_HUMAN	RNF114	E3 ubiquitin-protein ligase RNF114	811296	371509	907983	1.398e+06
Q9Y512	Q9Y512	SAM50_HUMAN	SAMM50	Sorting and assembly machinery component 50 homolog	9.94785e+06	6.28643e+06	1.29614e+06	9.80061e+06
Q9Y520	Q9Y520	PRC2C_HUMAN	PRRC2C	Protein PRRC2C	756725	684594	441461	709833
Q9Y530	Q9Y530	OARD1_HUMAN	OARD1	ADP-ribose glycohydrolase OARD1	722074	409810	941378	787612
Q9Y547	Q9Y547	IFT25_HUMAN	IFT25	Intraflagellar transport protein 25 homolog	900295	997739	1.14256e+06	781675
Q9Y548	Q9Y548	YIPF1_HUMAN	YIPF1	Protein YIPF1	943524	903486	1.10896e+06	772201
Q9Y570	Q9Y570	PPME1_HUMAN	PPME1	Protein phosphatase methylesterase 1	1.44986e+06	1.24623e+06	1.36715e+06	1.62803e+06
Q9Y572	Q9Y572	RIPK3_HUMAN	RIPK3	Receptor-interacting serine/threonine-protein kinase 3	408452		713661	863139
Q9Y584	Q9Y584	TIM22_HUMAN	TIMM22	Mitochondrial import inner membrane translocase subunit Tim22	705875	480444	636330	481993
Q9Y587	Q9Y587	AP4S1_HUMAN	AP4S1	AP-4 complex subunit sigma-1	84458.2	56133.9	57579.5	68629.7
Q9Y5A7	Q9Y5A7	NUB1_HUMAN	NUB1	NEDD8 ultimate buster 1	736240	376352	406658	570991
Q9Y5A9	Q9Y5A9	YTHD2_HUMAN	YTHDF2	YTH domain-containing family protein 2	311409	404054	221315	212054
Q9Y5B0	Q9Y5B0	CTDP1_HUMAN	CTDP1	RNA polymerase II subunit A C-terminal domain phosphatase	528110	298573	297807	511901
Q9Y5B8	Q9Y5B8	NDK7_HUMAN	NME7	Nucleoside diphosphate kinase 7	901254	545294		795413
Q9Y5B9	Q9Y5B9	SP16H_HUMAN	SUPT16H	FACT complex subunit SPT16	1.35679e+06	2.0522e+06	351074	710649
Q9Y5J5	Q9Y5J5	PHLA3_HUMAN	PHLDA3	Pleckstrin homology-like domain family A member 3	123845	268662	203651	151331
Q9Y5J7	Q9Y5J7	TIM9_HUMAN	TIMM9	Mitochondrial import inner membrane translocase subunit Tim9	210456		218137	288744
Q9Y5J9	Q9Y5J9	TIM8B_HUMAN	TIMM8B	Mitochondrial import inner membrane translocase subunit Tim8 B		39786.6	192640	
Q9Y5K5	Q9Y5K5	UCHL5_HUMAN	UCHL5	Ubiquitin carboxyl-terminal hydrolase isozyme L5	1.43978e+06	537896	1.63744e+06	1.68431e+06
Q9Y5K6	Q9Y5K6	CD2AP_HUMAN	CD2AP	CD2-associated protein	3.04074e+06	1.50762e+06	1.82479e+06	3.96817e+06
Q9Y5K8	Q9Y5K8	VATD_HUMAN	ATP6V1D	V-type proton ATPase subunit D	3.30976e+06	1.55989e+06	2.51126e+06	3.34501e+06
Q9Y5L0	Q9Y5L0	TNPO3_HUMAN	TNPO3	Transportin-3	929297	661747	436747	1.10353e+06
Q9Y5L3	Q9Y5L3	ENTP2_HUMAN	ENTPD2	Ectonucleoside triphosphate diphosphohydrolase 2	133653		404992	349681
Q9Y5L4	Q9Y5L4	TIM13_HUMAN	TIMM13	Mitochondrial import inner membrane translocase subunit Tim13	3.92412e+06	1.42825e+06	4.42995e+06	5.34199e+06
Q9Y5M8	Q9Y5M8	SRPRB_HUMAN	SRPRB	Signal recognition particle receptor subunit beta	3.31816e+06	2.63246e+06	5.23188e+06	3.69991e+06
Q9Y5N5	Q9Y5N5	N6MT1_HUMAN	N6AMT1	Methyltransferase N6AMT1	70201.6		119312	101316
Q9Y5P4	Q9Y5P4	CERT_HUMAN	CERT1	Ceramide transfer protein	1.57727e+06	2.04422e+06	1.44416e+06	1.72489e+06
Q9Y5P6	Q9Y5P6	GMPPB_HUMAN	GMPPB	Mannose-1-phosphate guanyltransferase beta	4.09498e+06	4.99347e+06	1.00348e+07	6.1221e+06
Q9Y5Q6	Q9Y5Q6	INSL5_HUMAN	INSL5	Insulin-like peptide INSL5	318078	101904	2.03334e+06	1.75393e+06
Q9Y5Q8	Q9Y5Q8	TF3C5_HUMAN	GTF3C5	General transcription factor 3C polypeptide 5	465533	324293	35009.9	390966
Q9Y5R8	Q9Y5R8	TPPC1_HUMAN	TRAPPC1	Trafficking protein particle complex subunit 1	1.05845e+06	1.00323e+06	967165	1.00117e+06
Q9Y5S1	Q9Y5S1	TRPV2_HUMAN	TRPV2	Transient receptor potential cation channel subfamily V member 2	378405	462845	259285	114105
Q9Y5S2	Q9Y5S2	MRCKB_HUMAN	CDC42BPB	Serine/threonine-protein kinase MRCK beta	1.6202e+06	1.68078e+06	718798	1.78239e+06
Q9Y5S8	Q9Y5S8	NOX1_HUMAN	NOX1	NADPH oxidase 1	324813	1.11005e+06	580998	175185
Q9Y5S9	Q9Y5S9	RBM8A_HUMAN	RBM8A	RNA-binding protein 8A	1.95771e+06	2.22629e+06	1.37214e+06	1.83529e+06
Q9Y5U8	Q9Y5U8	MPC1_HUMAN	MPC1	Mitochondrial pyruvate carrier 1	2.39544e+06	344573	2.86134e+06	2.12786e+06
Q9Y5U9	Q9Y5U9	IR3IP_HUMAN	IER3IP1	Immediate early response 3-interacting protein 1	916208		1.6828e+06	1.20324e+06
Q9Y5W7	Q9Y5W7	SNX14_HUMAN	SNX14	Sorting nexin-14	46254.7			44550.7
Q9Y5X1	Q9Y5X1	SNX9_HUMAN	SNX9	Sorting nexin-9	1.2679e+06	720977	600990	1.34787e+06
Q9Y5X3	Q9Y5X3	SNX5_HUMAN	SNX5	Sorting nexin-5	2.76033e+06	2.29269e+06	2.04885e+06	2.98454e+06
Q9Y5Y2	Q9Y5Y2	NUBP2_HUMAN	NUBP2	Cytosolic Fe-S cluster assembly factor NUBP2	1.21781e+06		1.8599e+06	1.55163e+06
Q9Y5Y5	Q9Y5Y5	PEX16_HUMAN	PEX16	Peroxisomal membrane protein PEX16	221004	223522	136818	168208
Q9Y5Y6	Q9Y5Y6	ST14_HUMAN	ST14	Suppressor of tumorigenicity 14 protein	4.57774e+06	2.12374e+06	8.09232e+06	5.71535e+06
Q9Y5Y7	Q9Y5Y7	LYVE1_HUMAN	LYVE1	Lymphatic vessel endothelial hyaluronic acid receptor 1	85087.8	46719.6	99427.1	111344
Q9Y5Z0	Q9Y5Z0	BACE2_HUMAN	BACE2	Beta-secretase 2	557982		422843	384113
Q9Y5Z4	Q9Y5Z4	HEBP2_HUMAN	HEBP2	Heme-binding protein 2	3.46575e+06	3.53933e+06	6.25117e+06	3.47618e+06
Q9Y5Z9	Q9Y5Z9	UBIA1_HUMAN	UBIAD1	UbiA prenyltransferase domain-containing protein 1			640783	745919
Q9Y605	Q9Y605	MOFA1_HUMAN	MRFAP1	MORF4 family-associated protein 1	121743		91373.1	123182
Q9Y606	Q9Y606	PUS1_HUMAN	PUS1	Pseudouridylate synthase 1 homolog	1.21157e+06	1.10548e+06	931755	1.17844e+06
Q9Y608	Q9Y608	LRRF2_HUMAN	LRRFIP2	Leucine-rich repeat flightless-interacting protein 2	481909	450389	196711	564886
Q9Y613	Q9Y613	FHOD1_HUMAN	FHOD1	FH1/FH2 domain-containing protein 1	513844	432701	187820	404240
Q9Y617	Q9Y617	SERC_HUMAN	PSAT1	Phosphoserine aminotransferase	693607	1.53394e+06	3.05149e+06	1.07276e+06
Q9Y618	Q9Y618	NCOR2_HUMAN	NCOR2	Nuclear receptor corepressor 2	90466.2	98915.6		
Q9Y619	Q9Y619	ORNT1_HUMAN	SLC25A15	Mitochondrial ornithine transporter 1	1.29529e+06	860883	725621	1.17131e+06
Q9Y624	Q9Y624	JAM1_HUMAN	F11R	Junctional adhesion molecule A	4.32983e+06	3.15247e+06	9.56422e+06	4.86371e+06
Q9Y625	Q9Y625	GPC6_HUMAN	GPC6	Glypican-6	761091	433659	441144	356803
Q9Y639	Q9Y639	NPTN_HUMAN	NPTN	Neuroplastin	4.57727e+06	4.01909e+06	4.90835e+06	3.69039e+06
Q9Y646	Q9Y646	CBPQ_HUMAN	CPQ	Carboxypeptidase Q	1.47206e+06	1.49626e+06	1.28572e+06	1.00288e+06
Q9Y653	Q9Y653	AGRG1_HUMAN	ADGRG1	Adhesion G-protein coupled receptor G1	102637	76634.6	144589	99831.9
Q9Y666	Q9Y666	S12A7_HUMAN	SLC12A7	Solute carrier family 12 member 7	1.01125e+06	733851	1.08726e+06	948239
Q9Y672	Q9Y672	ALG6_HUMAN	ALG6	Dolichyl pyrophosphate Man9GlcNAc2 alpha-1,3-glucosyltransferase	1.38568e+06	1.28806e+06	952048	1.36332e+06
Q9Y673	Q9Y673	ALG5_HUMAN	ALG5	Dolichyl-phosphate beta-glucosyltransferase	2.77316e+06	1.81582e+06	4.16678e+06	2.82915e+06
Q9Y676	Q9Y676	RT18B_HUMAN	MRPS18B	Small ribosomal subunit protein mS40	595424	243867	200829	785460
Q9Y678	Q9UBF2;Q9Y678	COPG1_HUMAN	COPG1	Coatomer subunit gamma-1	7.00539e+06	3.89712e+06	2.02617e+06	7.55795e+06
Q9Y679	Q9Y679	AUP1_HUMAN	AUP1	Lipid droplet-regulating VLDL assembly factor AUP1	978428	243757	607061	839876
Q9Y680	Q9Y680	FKBP7_HUMAN	FKBP7	Peptidyl-prolyl cis-trans isomerase FKBP7	676993	790159	616001	486425
Q9Y689	Q96KC2;Q9Y689	ARL5A_HUMAN	ARL5A	ADP-ribosylation factor-like protein 5A	747040	533349	790374	558210
Q9Y692	Q9Y692	GMEB1_HUMAN	GMEB1	Glucocorticoid modulatory element-binding protein 1				70511.1
Q9Y696	Q9Y696	CLIC4_HUMAN	CLIC4	Chloride intracellular channel protein 4	5.8811e+06	6.71412e+06	4.5491e+06	4.16369e+06
Q9Y697	Q9Y697	NFS1_HUMAN	NFS1	Cysteine desulfurase	1.09676e+06	467731	680104	958924
Q9Y6A4	Q9Y6A4	CFA20_HUMAN	CFAP20	Cilia- and flagella-associated protein 20	2.41317e+06	2.21006e+06	1.98862e+06	2.55373e+06
Q9Y6A9	Q9Y6A9	SPCS1_HUMAN	SPCS1	Signal peptidase complex subunit 1	584426	166002	1.19979e+06	858972
Q9Y6B6	Q9Y6B6	SAR1B_HUMAN	SAR1B	GTP-binding protein SAR1b	2.17584e+06	1.87357e+06	5.90441e+06	2.44383e+06
Q9Y6C2	Q9Y6C2	EMIL1_HUMAN	EMILIN1	EMILIN-1	956988	641553	420024	805023
Q9Y6C9	Q9Y6C9	MTCH2_HUMAN	MTCH2	Mitochondrial carrier homolog 2	6.82397e+06	2.04931e+06	5.65179e+06	6.71611e+06
Q9Y6D5	Q9Y6D5	BIG2_HUMAN	ARFGEF2	Brefeldin A-inhibited guanine nucleotide-exchange protein 2	1.85742e+06	1.34172e+06	628766	2.16748e+06
Q9Y6D6	Q9Y6D5;Q9Y6D6	BIG1_HUMAN	ARFGEF1	Brefeldin A-inhibited guanine nucleotide-exchange protein 1	2.75827e+06	2.09799e+06	961859	3.0709e+06
Q9Y6D9	Q9Y6D9	MD1L1_HUMAN	MAD1L1	Mitotic spindle assembly checkpoint protein MAD1	634917	536729	98493.3	564542
Q9Y6E0	Q9Y6E0	STK24_HUMAN	STK24	Serine/threonine-protein kinase 24	1.91124e+06	750763	1.18037e+06	1.71836e+06
Q9Y6E2	Q9Y6E2	5MP1_HUMAN	BZW2	eIF5-mimic protein 1	1.71191e+06	1.07985e+06	1.11019e+06	1.89665e+06
Q9Y6F6	Q9Y6F6	IRAG1_HUMAN	IRAG1	Inositol 1,4,5-triphosphate receptor associated 1	1.57875e+06	524515	172677	987711
Q9Y6G5	Q9Y6G5	COMDA_HUMAN	COMMD10	COMM domain-containing protein 10	895439	856637	169858	906032
Q9Y6G9	Q9Y6G9	DC1L1_HUMAN	DYNC1LI1	Cytoplasmic dynein 1 light intermediate chain 1	1.15839e+06	1.37176e+06	373572	1.20388e+06
Q9Y6I3	Q9Y6I3	EPN1_HUMAN	EPN1	Epsin-1	1.13106e+06	661112	1.13581e+06	1.31934e+06
Q9Y6I4	Q9Y6I4	UBP3_HUMAN	USP3	Ubiquitin carboxyl-terminal hydrolase 3	309056	143163	104550	378313
Q9Y6I8	Q9Y6I8	PXMP4_HUMAN	PXMP4	Peroxisomal membrane protein 4	533557	316027	351275	587656
Q9Y6I9	Q9Y6I9	TX264_HUMAN	TEX264	Testis-expressed protein 264	750232	458457	980369	985619
Q9Y6K0	Q9Y6K0	CEPT1_HUMAN	CEPT1	Choline/ethanolaminephosphotransferase 1	2.2385e+06	2.34384e+06	956545	1.9385e+06
Q9Y6K5	Q9Y6K5	OAS3_HUMAN	OAS3	2'-5'-oligoadenylate synthase 3	2.75793e+07	2.66957e+07	1.00658e+07	1.46571e+07
Q9Y6K9	Q9Y6K9	NEMO_HUMAN	IKBKG	NF-kappa-B essential modulator	621825	719409		805463
Q9Y6M1	Q9Y6M1	IF2B2_HUMAN	IGF2BP2	Insulin-like growth factor 2 mRNA-binding protein 2	1.15552e+06	599739	556687	1.22081e+06
Q9Y6M5	Q9Y6M5	ZNT1_HUMAN	SLC30A1	Proton-coupled zinc antiporter SLC30A1	1.32306e+06	1.3054e+06	1.06291e+06	1.04188e+06
Q9Y6M7	Q9Y6M7	S4A7_HUMAN	SLC4A7	Sodium bicarbonate cotransporter 3	206679		124512	110261
Q9Y6M9	Q9Y6M9	NDUB9_HUMAN	NDUFB9	NADH dehydrogenase [ubiquinone] 1 beta subcomplex subunit 9	3.07137e+06	1.85122e+06	2.04327e+06	3.7509e+06
Q9Y6N1	Q9Y6N1	COX11_HUMAN	COX11	Cytochrome c oxidase assembly protein COX11, mitochondrial	306912	176822	515559	329390
Q9Y6N5	Q9Y6N5	SQOR_HUMAN	SQOR	Sulfide:quinone oxidoreductase, mitochondrial	3.3993e+07	1.17374e+07	3.25647e+07	3.09832e+07
Q9Y6N7	Q9Y6N7	ROBO1_HUMAN	ROBO1	Roundabout homolog 1	359163	500679		
Q9Y6N9	Q9Y6N9	USH1C_HUMAN	USH1C	Harmonin	506301	493370	459993	628039
Q9Y6Q5	Q9Y6Q5	AP1M2_HUMAN	AP1M2	AP-1 complex subunit mu-2	3.96174e+06	1.83237e+06	1.49659e+06	5.35586e+06
Q9Y6R1	Q9Y6R1	S4A4_HUMAN	SLC4A4	Electrogenic sodium bicarbonate cotransporter 1	1.04984e+06	201399	1.5867e+06	2.12332e+06
Q9Y6R7	Q9Y6R7	FCGBP_HUMAN	FCGBP	IgGFc-binding protein	8.39918e+07	2.65631e+07	3.03847e+08	1.63409e+08
Q9Y6U3	Q9Y6U3	SCIN_HUMAN	SCIN	Scinderin	1.00346e+06	492379	1.05224e+06	1.15496e+06
Q9Y6W3	Q9Y6W3	CAN7_HUMAN	CAPN7	Calpain-7	634643	551909	259767	595735
Q9Y6W5	Q9Y6W5	WASF2_HUMAN	WASF2	Actin-binding protein WASF2	3.11176e+06	679998	1.05086e+06	3.52258e+06
Q9Y6X3	Q9Y6X3	SCC4_HUMAN	MAU2	MAU2 chromatid cohesion factor homolog	225609	151187		196399
Q9Y6X5	Q9Y6X5	ENPP4_HUMAN	ENPP4	Bis(5'-adenosyl)-triphosphatase ENPP4	938340	933448	1.99033e+06	805536
Q9Y6Y0	Q9Y6Y0	NS1BP_HUMAN	IVNS1ABP	Influenza virus NS1A-binding protein	247638	676645	146990	231871
Q9Y6Y8	Q9Y6Y8	S23IP_HUMAN	SEC23IP	SEC23-interacting protein	2.35561e+06	2.16042e+06	1.23219e+06	2.28934e+06
