Genes	D:\HFX\2023_08\HFX252_GLASGOW_PROTEOME_DIA_9.raw	D:\HFX\2023_08\HFX252_GLASGOW_PROTEOME_DIA_10.raw	D:\HFX\2023_08\HFX252_GLASGOW_PROTEOME_DIA_11.raw	D:\HFX\2023_08\HFX252_GLASGOW_PROTEOME_DIA_12.raw
A*01:01:01:01	4.84147e+06	2.88246e+06	5.1988e+06	2.49241e+06
A*68:01:01:01	8.18955e+06	4.97154e+06	7.58649e+06	6.20428e+06
A1BG	5.2733e+06	2.03531e+07	8.77466e+06	1.46166e+07
A2M	1.46551e+07	3.11649e+07	2.53044e+07	2.66447e+07
AACS	176345	215593	59198.7	
AAK1	496457	432106	409784	455424
AAMDC	759257	516423	476710	300843
AAMP	387724	269777	339330	248886
AARS1	1.22013e+06	788051	1.26594e+06	626718
AARSD1	444798			
AASDHPPT	465645	352015	521247	329214
ABAT	66217.6	100291	76584.5	79695.2
ABCB1	143642		252054	
ABCB6	1.52345e+07	2.01776e+07	1.83013e+07	1.58154e+07
ABCC1	260648	276632	376021	198973
ABCC4	384742	122636	694120	
ABCE1	1.91195e+06	856798	1.49799e+06	705041
ABCF1	864312	1.00284e+06	965597	917090
ABCF2	297064	19269.7	193765	49067.7
ABCF3	263906	57847.3	270718	67793
ABHD10	213358	245815	238715	115040
ABHD11	576083	570748	415486	
ABHD13	81072.5	92151.4	67866.9	61344.7
ABHD14B	1.09027e+06	1.44491e+06	1.37654e+06	919655
ABHD5	93419.5			204496
ABLIM1	122807		76895	
ABO	315400			
ABR	233575	80434.6	140668	96852.7
ABRACL	4.8382e+06	5.77168e+06	2.05619e+06	5.04583e+06
ABRAXAS2	416799	353299	406119	157694
ACAA1	1.63733e+06	842260	1.8501e+06	770830
ACAA2	385592	349917	706327	216933
ACAD8	33219.6		65032.7	
ACAD9	197847	165285	179344	
ACADM	230560		659631	438976
ACADS	432905		391822	287581
ACADSB	184860		161308	120335
ACADVL	2.5705e+06	2.9607e+06	4.87059e+06	3.61515e+06
ACAN	1.02611e+06	296692	318070	
ACAP2	308672	289803	225215	378156
ACAT1	1.47928e+06	511458	1.39297e+06	587180
ACAT2	1.16353e+06	653666	1.37525e+06	903493
ACBD3	1.74752e+06	985010	1.33002e+06	696462
ACE	339507	221050	579870	230807
ACIN1	654916	417557	407000	520325
ACLY	2.1638e+06	2.47984e+06	3.33957e+06	1.63915e+06
ACO1	1.68532e+06	1.17343e+06	1.7253e+06	1.16543e+06
ACO2	4.04639e+06	1.77271e+06	4.26036e+06	2.8274e+06
ACOT11	278423		167789	
ACOT13	1.6768e+06	2.31389e+06	2.51638e+06	2.20015e+06
ACOT7	4.68836e+06	3.28053e+06	3.79759e+06	2.94784e+06
ACOT8	528797	805111	955465	298404
ACOT9	1.43614e+06	343524	1.38955e+06	300978
ACOX1	624354	873018	531737	790619
ACP1	3.05937e+06	1.97149e+06	4.48812e+06	2.84189e+06
ACP2	1.68248e+06	2.16544e+06	1.51169e+06	2.75365e+06
ACP3	135074		102117	134008
ACP5	4.14877e+06	1.85367e+06	3.76293e+06	3.02289e+06
ACSF2	46259.3		22043.3	
ACSL1	573706	1.38518e+06	612004	998656
ACSL3	585509	512279	556023	529305
ACSL4	1.15292e+06	824712	1.69258e+06	1.78398e+06
ACSL5	195585	163495	169751	
ACSS1	276352	461789	317324	214185
ACSS2	434099	368267	279094	256001
ACTG1	1.49694e+07	1.10166e+07	1.69427e+07	1.46896e+07
ACTL6A	2.96895e+06	1.47242e+06	1.87787e+06	1.72945e+06
ACTN1	1.45873e+07	1.92294e+07	1.44851e+07	1.7311e+07
ACTN2	179086	238086	149751	217312
ACTN3	69178.2	78344.4		39070.7
ACTN4	8.43833e+06	7.3379e+06	7.12665e+06	6.21543e+06
ACTR10	435221	301727	481850	221241
ACTR1A	791810	704756	843710	220807
ACTR1B	267989		138870	
ACTR2	6.30761e+06	6.59391e+06	6.2351e+06	3.60924e+06
ACTR3	5.06664e+06	6.6482e+06	5.0201e+06	2.32094e+06
ACY1	2.07085e+06	966383	1.49487e+06	521777
ACYP1	2.77941e+06	3.70037e+06	3.50766e+06	3.41715e+06
ACYP2	531931	435607	551233	360304
ADA	832219	1.47343e+06	428746	633852
ADA2	481114	549478	472304	1.40484e+06
ADAM10	1.82424e+06	1.60379e+06	1.68744e+06	1.96305e+06
ADAM17	214699	138728	224888	125952
ADAM8	103041	125801	114466	406234
ADAM9	416054	593522	564697	561797
ADAMDEC1	55465.4		123778	
ADAR	1.53617e+06	812461	1.24058e+06	1.03158e+06
ADARB1	579982	356761	831882	1.71925e+06
ADD1	792447	683463	1.2844e+06	749990
ADD2			434167	150133
ADD3	1.08104e+06	1.185e+06	1.13917e+06	805319
ADGRE2	18864.4			
ADGRE3	80627.2	191009		443041
ADGRE5	1.95896e+06	3.1995e+06	2.25956e+06	3.05919e+06
ADGRF5	115195		92150.9	
ADGRG1	344633	125071		
ADGRG3	95673.5	348832	50709.5	661466
ADGRL2	99009		86325.2	
ADGRL4	32835			
ADH1B		482144		138577
ADH1C	192316	310268	181250	
ADH5	3.63714e+06	2.94898e+06	4.79809e+06	2.01388e+06
ADI1	400412	272230	225537	127973
ADIPOQ	633505	805452	600296	572738
ADISSP	1.0013e+06	1.97392e+06	988885	1.65392e+06
ADK	2.2191e+06	2.97001e+06	2.31346e+06	1.85435e+06
ADNP	184088		72930.5	
ADO	569634	319569	426614	310751
ADPGK	355058	515605	345862	521833
ADPRH	316951		373740	141942
ADPRS	809069	562675	851517	971610
ADRM1	653036	609544	579632	444615
ADSL	401747	311360	607263	212240
ADSS2	2.51432e+06	3.85661e+06	1.79168e+06	3.50438e+06
AEBP1	2.53747e+06	3.4936e+06	2.72943e+06	3.23009e+06
AFAP1	348909	369818	439621	309457
AFAP1L2	255377		228180	
AFDN	2.4597e+06	1.3871e+06	1.75379e+06	1.26334e+06
AFM	1.61199e+06	3.48487e+06	2.61247e+06	4.00594e+06
AGA	695608	1.16674e+06	847295	1.76723e+06
AGAP1	110275			
AGAP3	130384		252013	
AGFG1	531330	517657	556176	465949
AGFG2	27512.9			
AGL	509101	605650	531101	673874
AGMAT	301635	258894	126696	
AGO1	505022	589273	570356	288506
AGO2	597878	394138	844280	504657
AGO3	376885	395312	375091	79168.9
AGPS	990055	614094	851033	500737
AGR2	3.42048e+07	5.00991e+07	2.01004e+07	7.5248e+06
AGR3	1.03994e+06	763548	594270	170902
AGRN	6.94976e+06	3.53578e+06	5.33131e+06	2.87199e+06
AGT	785389	2.82128e+06	1.22976e+06	922551
AGTRAP	758917	3.07644e+06	807697	1.90379e+06
AHCY	8.28721e+06	6.68948e+06	8.50104e+06	5.50705e+06
AHCYL1	326180	187894	461728	228659
AHCYL2	933918	625680	445817	271889
AHNAK	2.29672e+07	9.60043e+06	2.67471e+07	1.25224e+07
AHNAK2	579566	688031	1.99036e+06	467012
AHSA1	1.9245e+06	940405	1.64175e+06	852568
AHSG	7.07401e+06	1.73995e+07	1.14208e+07	1.87851e+07
AIDA	536443		762804	146771
AIF1	1.11954e+06	1.77281e+06	1.44732e+06	3.04595e+06
AIFM1	414409	565529	504892	210963
AIMP1	1.25041e+06	823099	1.15719e+06	642261
AIMP2	474761	288573	225952	164734
AIP	1.31674e+06	712137	1.13807e+06	717096
AK1	3.17031e+06	2.47208e+06	7.43232e+06	1.82902e+06
AK2	5.30967e+06	4.61173e+06	4.37821e+06	4.36865e+06
AK3	1.62172e+06	1.6041e+06	2.47832e+06	891556
AKAP12	288320	220418	502994	134620
AKAP17A	2.17241e+07	1.30607e+07	1.50182e+07	4.93214e+06
AKAP2	887381	526560	686037	438972
AKAP8L	190470			151081
AKIRIN1	122275			129453
AKR1A1	6.34193e+06	4.95515e+06	7.10154e+06	4.51837e+06
AKR1B1	6.70816e+06	7.06646e+06	1.10832e+07	1.98461e+07
AKR1B10	189123	274797	135169	
AKR1C3	1.69667e+06	1.68173e+06	1.13742e+06	750684
AKR1E2	6.60534e+06	5.37265e+06	7.69594e+06	5.05746e+06
AKR7A2	3.09723e+06	2.79991e+06	4.35021e+06	2.66119e+06
AKR7A3	295369	201865	131110	
AKT1	146135	90188.1	161596	
AKT2	150004	54075.3	132540	
AKT3	145837	94105.4	126101	
ALAD	1.79026e+06	3.86125e+06	6.76001e+06	3.79122e+06
ALB	1.1244e+09	2.83807e+09	2.09908e+09	3.04715e+09
ALCAM	577376	448273	851433	601127
ALDH16A1	295749	424747	666956	
ALDH18A1	96433.3		67565.9	
ALDH1A1	677454	1.12694e+06	2.76283e+06	1.28257e+06
ALDH1A3	121531		365660	
ALDH1B1	3.24548e+06	1.3866e+06	3.38897e+06	804229
ALDH1L1	425136		531368	
ALDH1L2	390114		658955	494599
ALDH2	2.3632e+06	904312	3.47328e+06	1.20841e+06
ALDH3A1		98020.4	292074	
ALDH3A2	214192	169993	331574	221430
ALDH3B1	167906	415587	264460	464160
ALDH4A1	799183	723773	938608	764171
ALDH5A1	62531.2	189413	178949	
ALDH6A1	6.63541e+06	4.53118e+06	1.18979e+07	7.05387e+06
ALDH7A1	2.12776e+06	1.62798e+06	2.67532e+06	979887
ALDH9A1	3.98198e+06	3.75727e+06	5.82958e+06	2.47919e+06
ALDOA	4.42948e+07	4.1071e+07	3.16603e+07	3.00487e+07
ALDOC	2.13443e+06	3.31721e+06	1.52943e+06	3.77569e+06
ALG13	800174		1.20869e+06	
ALG5	277972	231941	378124	
ALKBH5	414792		236458	
ALOX12B	55167.9	174924	90266.2	
ALOX15	2.7113e+06		3.3693e+06	2.06845e+06
ALOX5	376949	1.05411e+06	488958	1.29442e+06
ALOX5AP	4.89053e+06	1.37539e+07	4.97668e+06	1.04002e+07
ALPL	707161	1.81522e+06	274607	2.42045e+06
ALYREF	5.67165e+06	2.91525e+06	3.45688e+06	3.99784e+06
AMACR	205512		462008	159506
AMBP	1.61945e+06	7.48039e+06	3.78352e+06	5.1723e+06
AMD1		127368		
AMDHD2	425180	372448	404600	297191
AMPD2	1.82823e+06	1.211e+06	1.38198e+06	689944
AMPD3	944818	1.34943e+06	699256	1.03596e+06
AMY1B		72999.6	120207	
ANAPC2	70268.4			
ANAPC7	55539.2		52415.6	
ANG	629680	694501	603671	632781
ANGPTL2	1.00835e+06	1.29939e+06	719942	2.99824e+06
ANK1	684611	2.24717e+06	6.48848e+06	2.98224e+06
ANK2	129684	129548	145064	68547.6
ANKFY1	180664	137606	256456	107250
ANKRD11	98195.9		43117.7	93503.9
ANKRD13A	506125	780004	615751	491385
ANKRD17	184545	110893	111735	107288
ANKRD22	317101	623488	167711	330967
ANKRD28	92998.5	387623	391643	
ANKRD49	34610.3			
ANKS1A	196700	334894	228570	
ANKZF1	100690			
ANO6	276558	413586	402908	166427
ANP32A	1.26099e+07	1.13077e+07	8.01083e+06	1.18798e+07
ANP32B	8.13139e+06	7.92901e+06	5.85616e+06	5.70345e+06
ANP32E	773597	645805	323461	632515
ANPEP	2.66375e+06	4.05265e+06	2.19777e+06	8.67969e+06
ANTXR1	956592	535159	1.03864e+06	317060
ANTXR2	504138	642731	511136	653386
ANXA1	3.16681e+07	6.57718e+07	3.22378e+07	6.46658e+07
ANXA11	8.20082e+06	1.67818e+07	8.57641e+06	1.51305e+07
ANXA2	6.0046e+07	3.83554e+07	6.52724e+07	5.02158e+07
ANXA3	1.16417e+07	4.40692e+07	8.30434e+06	5.24194e+07
ANXA4	6.78444e+06	1.56907e+07	7.60292e+06	9.74838e+06
ANXA5	7.02191e+07	7.65834e+07	9.62073e+07	1.00736e+08
ANXA6	2.51846e+07	3.67528e+07	2.7013e+07	3.43292e+07
ANXA7	3.05169e+06	5.49764e+06	4.02606e+06	4.15026e+06
AOAH	72218.2			
AOC1	106756	308235	151794	
AOC3	2.14821e+06	3.13642e+06	2.43896e+06	1.50489e+06
AOX1	144342		336605	255025
AP1B1	1.05639e+06	1.2614e+06	1.1017e+06	1.20349e+06
AP1G1	631229	807527	734731	389591
AP1G2	236619	366235	198435	311049
AP1M1	238276	295071	244340	288504
AP1S1	539522	452085	314426	170994
AP1S2	278469	568204	259870	496375
AP2A1	753452	777897	878503	780020
AP2A2	443136	264381	495571	392533
AP2B1	706777	790168	1.00059e+06	515863
AP2M1	457047	769547	803261	499710
AP2S1	1.47561e+06	1.84134e+06	1.84626e+06	1.13806e+06
AP3B1	865198	775696	1.01054e+06	837484
AP3D1	736950	742017	652743	391838
AP3M1	586606	512539	574962	549318
AP3S1	140112	91146.8	148841	
APBB1IP	185210	446029	114298	356606
APCS	8.04466e+06	2.03792e+07	1.42316e+07	2.90185e+07
APEH	2.49335e+06	2.86192e+06	3.9912e+06	1.94004e+06
APEX1	4.31434e+06	3.61971e+06	4.63955e+06	3.69577e+06
APH1B	105256	162304	136482	204424
API5	2.21161e+06	1.12463e+06	2.65348e+06	933837
APIP	543767	326193	449559	422693
APLNR	297717		137720	
APLP2	182168	299657		257224
APMAP	6.05235e+06	2.29488e+07	7.12281e+06	2.21992e+07
APOA1	6.88604e+07	3.17475e+08	6.99607e+07	1.10234e+08
APOA2	1.00413e+06	7.65251e+06	1.44912e+06	4.83529e+06
APOA4	1.72011e+06	8.46188e+06	1.9206e+06	5.05175e+06
APOB	3.09231e+07	3.48334e+07	5.13898e+07	4.8895e+07
APOBEC3C	61235.7		110494	
APOBR	434770	526429	399213	441935
APOC1	2.05251e+06	3.61719e+07	4.537e+06	1.78767e+07
APOC3	1.09553e+06	1.37038e+07	4.32165e+06	1.01024e+07
APOC4		431109	186485	293782
APOD	6.46992e+06	2.20699e+07	5.36974e+06	1.96251e+07
APOE	4.50614e+06	6.62267e+06	9.65922e+06	6.42192e+06
APOH	7.5877e+06	3.58751e+07	1.62012e+07	3.52842e+07
APOL1	1.24364e+06	2.87416e+06	2.31613e+06	2.6725e+06
APOL2	207105	407121	309730	237116
APOM	1.13841e+06	3.92518e+06	1.61035e+06	2.92834e+06
APOO	958518	1.03284e+06	1.00959e+06	655834
APOOL	348878	358903	428212	173221
APP	689607	677504	801713	537146
APPL1	1.10333e+06	918973	1.12479e+06	874888
APRT	7.16014e+06	3.489e+06	5.7063e+06	1.91218e+06
AQP1	165582		52510.5	
AQR	196936	183307	371628	245746
ARAF	24321.8		36128.6	
ARAP1	321386	249332	323910	352113
ARCN1	2.02076e+06	1.34064e+06	2.12362e+06	1.34685e+06
ARF4	9.42339e+06	7.08487e+06	1.28318e+07	4.66587e+06
ARF5	2.29057e+06	1.52935e+06	1.95527e+06	1.57204e+06
ARF6	3.51047e+06	2.52662e+06	4.02768e+06	3.61366e+06
ARFGAP1	1.70191e+06	839698	1.55279e+06	680611
ARFGAP2	650163	259987	530296	231664
ARFGAP3	1.8107e+06	1.30466e+06	2.45382e+06	1.39332e+06
ARFGEF1	39682.3	24540.9		
ARFGEF2	192602	156020	207790	111791
ARFIP1	934481	746713	801581	755662
ARFIP2	507095	820954	637447	384118
ARG1	1.81985e+06	4.88825e+06	2.46843e+06	7.0869e+06
ARGLU1	938580	584431	461742	710335
ARHGAP1	4.02093e+06	3.38315e+06	4.72185e+06	2.39603e+06
ARHGAP17	181357		224158	61144.9
ARHGAP18	475235	304720	531632	207702
ARHGAP25	376432	681617	287616	626653
ARHGAP45	242156	290584	252657	263973
ARHGDIA	2.36184e+07	2.1098e+07	1.78534e+07	2.27372e+07
ARHGDIB	4.29515e+07	7.82072e+07	2.9132e+07	8.44417e+07
ARHGEF1	338750	400874	347129	249930
ARHGEF17	264291		166309	
ARHGEF2	230715	187264	370013	169107
ARHGEF7	165811	280431	284515	324572
ARID1B	139679		105685	
ARID2	88263.1	67335.7	63238.8	
ARIH1	488103	277384	346960	
ARIH2	256616		223047	216830
ARL1	5.25539e+06	2.88554e+06	5.871e+06	3.08167e+06
ARL2	527504	432142	861762	428701
ARL3	2.2892e+06	1.59021e+06	2.04408e+06	2.01425e+06
ARL5A	73674	79269.1	84226.6	
ARL6			25307.4	
ARL6IP1	886379	821306	669252	518731
ARL6IP5	8.64854e+06	5.22448e+06	1.21651e+07	6.47948e+06
ARL8A	387627	496443	556361	790704
ARL8B	3.84515e+06	3.37241e+06	4.3657e+06	9.64384e+06
ARMC1	137188	115365	56350.4	
ARMC8	172528	212689	217180	156210
ARMCX3	233402		246578	119168
ARMT1	6.23672e+06	1.61826e+07	7.68376e+06	1.09689e+07
ARPC1A	1.9918e+06	1.63838e+06	1.71838e+06	1.036e+06
ARPC1B	7.12389e+06	1.00473e+07	7.34216e+06	6.91473e+06
ARPC2	8.21962e+06	8.86756e+06	7.43357e+06	4.55298e+06
ARPC3	1.4357e+07	1.93102e+07	1.44282e+07	9.81816e+06
ARPC4	1.37256e+07	1.46938e+07	9.32168e+06	7.42108e+06
ARPC5	1.276e+07	2.21903e+07	1.02897e+07	1.28911e+07
ARPC5L	3.04763e+06	2.30624e+06	2.77771e+06	830053
ARPIN	2.08126e+06	643630	2.1457e+06	714395
ARPP19	333500		186157	
ARR3	1.17151e+06	408501	766279	496985
ARRB1	1.31992e+06	509812	799168	581772
ARRB2	962568	1.10492e+06	563651	1.20857e+06
ARRDC1	7.11057e+06	9.57954e+06	5.82755e+06	8.30664e+06
ARSA	797296	1.46792e+06	824225	1.33545e+06
ARSB	710696	1.13087e+06	716572	1.30422e+06
ARSL	613884	479720	431983	
ASAH1	5.21865e+06	6.16316e+06	7.52638e+06	1.0678e+07
ASAH2		129427	64401	263247
ASAP1	136983	132539	144600	220335
ASCC1	79671.7	30686.3	67064.5	
ASF1A	680285		523594	335107
ASH2L	1.26991e+06	425023	466232	381795
ASL	751023	869063	745902	729201
ASMTL	247820	278887	234902	
ASNS	110292	87703.2	63894.5	39461.6
ASPH	3.55366e+06	3.24862e+06	2.94038e+06	2.87415e+06
ASPN	409657	890598	929231	
ASPRV1	127207	619434	907998	172674
ASPSCR1	219241	100303	192914	82629.5
ASRGL1	503166	521519	288838	884402
ASS1	1.59012e+07	8.21628e+06	1.17106e+07	3.56634e+06
ATE1	125478		196864	
ATG2B	37466.6			
ATG3	438939	359081	300162	256592
ATG5	159160	431385	247968	365211
ATG7	319574	371783	351549	263123
ATG9A	40754.2	163759	162567	
ATIC	2.36361e+06	1.63935e+06	2.6933e+06	1.24547e+06
ATL2	84236.4			
ATL3	1.06684e+06	812445	1.16313e+06	588835
ATN1	99051.3			
ATOX1	1.42904e+06	1.1568e+06	1.05646e+06	973241
ATP11B	111999	252391	129646	171678
ATP13A1	85864.8		63879.9	
ATP1A1	8.9466e+07	8.11775e+07	8.37893e+07	2.89393e+07
ATP1B1	3.10816e+06	3.92428e+06	2.69263e+06	749900
ATP1B3	3.78307e+06	3.25494e+06	3.50278e+06	2.64205e+06
ATP2A2	968142	555945	1.02547e+06	384771
ATP2A3	190627	392262	345040	247031
ATP2B1	588337	602450	1.35998e+06	386825
ATP2B4	789388	559073	1.13262e+06	471823
ATP5F1A	4.69089e+06	3.11847e+06	6.30632e+06	1.45806e+06
ATP5F1B	9.55218e+06	7.22452e+06	1.22178e+07	2.69945e+06
ATP5F1C	282222		489051	
ATP5F1D	460310	358006	648998	156034
ATP5IF1	3.33681e+06	2.34983e+06	2.84478e+06	1.8581e+06
ATP5ME	570728	1.13924e+06	521993	1.05106e+06
ATP5MF	2.94993e+06	4.08382e+06	3.36798e+06	2.399e+06
ATP5MG	1.52065e+06	2.99062e+06	2.44764e+06	827968
ATP5MJ	924607	2.02888e+06	916019	1.23995e+06
ATP5MK	3.40071e+06	3.54965e+06	2.18391e+06	2.96683e+06
ATP5PB	1.75182e+06	1.73077e+06	1.44225e+06	491475
ATP5PD	970257	1.21743e+06	800702	609406
ATP5PF	179348	472584	120162	327824
ATP5PO	2.09702e+07	2.00751e+07	2.32672e+07	9.92146e+06
ATP6AP1	1.41602e+06	4.03971e+06	1.62374e+06	3.80712e+06
ATP6V0A1	275733	608301	463151	368257
ATP6V0C	3.94876e+06	6.70754e+06	4.88257e+06	4.8444e+06
ATP6V1A	2.84971e+06	4.23439e+06	3.56034e+06	2.49258e+06
ATP6V1B2	2.77939e+06	3.39143e+06	3.40468e+06	2.7933e+06
ATP6V1C1	1.0167e+06	1.53129e+06	1.23451e+06	876128
ATP6V1D	175952	260548	240902	218286
ATP6V1E1	1.95451e+06	2.85092e+06	1.77605e+06	1.38004e+06
ATP6V1G1	2.39758e+06	2.65223e+06	2.1203e+06	1.82075e+06
ATP6V1H	624374	1.07321e+06	593532	598365
ATP8A1	71827	528448	182999	429780
ATP8B1	85362.7	88765.9	44532.9	
ATPAF1	71818.7		69503.1	
ATRN	435026	866447	666821	867558
ATRX	104981		110317	
ATXN10	144835		159562	
ATXN2	132227		101280	
ATXN2L	460007	259463	369488	292449
AUH	798403	608621	938574	501338
AXL	146036		127806	
AZGP1	3.59184e+06	1.73774e+07	6.59186e+06	9.21971e+06
AZU1	6.38399e+07	1.55518e+08	5.03894e+07	1.61331e+08
B*08:01:01:01	2.26737e+06		1.57934e+06	1.68856e+06
B*15:180	1.24809e+06	3.02404e+06	1.37035e+06	1.31372e+06
B2M	8.86122e+06	9.64378e+06	5.61723e+06	7.47605e+06
B3GALT9	183047	216207		286585
B3GLCT	156752		145224	
B3GNT3	95234.5			
B4GALT1	1.02822e+06	1.17642e+06	823244	1.11075e+06
B4GALT7	104188	56596.8	67256.6	22665.2
BABAM1	294738	269839	277041	199664
BABAM2	120558			
BAG1	256269	257071	308176	265191
BAG2	528492	403419	478517	223908
BAG3	981853	707084	844151	617010
BAG5	236651	250097	212712	
BAG6	1.86422e+06	1.83299e+06	1.94692e+06	2.28283e+06
BAIAP2	84833.9	97527.1	167329	
BAIAP2L1	77129.6	130564	56646.1	
BAIAP3	428314	570921	837689	838957
BAK1	362460	511578	588644	355875
BANF1	1.47153e+06	1.58277e+06	1.16836e+06	1.5504e+06
BAP18	1.94111e+06	1.53609e+06	1.49876e+06	1.15898e+06
BASP1	4.53636e+06	9.45748e+06	5.9474e+06	8.36104e+06
BAX	2.33578e+06	2.84807e+06	3.48732e+06	1.56276e+06
BAZ1A	70605.2			27408.7
BAZ1B	273512	407466	223779	475866
BCAM	2.9968e+06	2.11943e+06	3.09727e+06	1.70539e+06
BCAP29	83818.9	68601.3	67247.2	
BCAP31	3.79825e+06	3.48636e+06	3.28064e+06	3.05899e+06
BCAR1	200303		67578.8	
BCAT1	1.28718e+06	848556	923538	2.49428e+06
BCAT2	298821	303729	347661	196938
BCCIP	279036		112127	
BCHE	74148.6	187077	148810	102794
BCKDHA	311991		280235	
BCL10	365394		363672	302003
BCL2	49432.9	42802.9	43531.8	
BCL2L1	249691	374944	382100	224797
BCLAF1	1.79318e+06	656118	1.0246e+06	638296
BDH1	423154	342459	630549	
BDH2	1.0505e+06	544981	1.37558e+06	587715
BECN1	106691	130774	591772	
BET1	555562	574215	986617	412030
BGN	5.24782e+06	3.4734e+06	6.0399e+06	2.01614e+06
BICC1	142436			127215
BICD2	218300	273103	162252	258932
BID	576252	1.00098e+06	215024	346597
BIN1	609705	379681	314128	
BIN2	690317	1.70788e+06	879573	1.02151e+06
BIN3	103724		89995.1	
BIRC6	62472.4			
BLMH	3.21706e+06	3.88077e+06	5.24915e+06	2.75304e+06
BLVRA	5.01705e+06	3.68951e+06	6.4078e+06	3.91165e+06
BLVRB	8.45907e+06	2.34635e+07	5.89557e+07	2.45689e+07
BMERB1	2.874e+06	2.72635e+06	2.20731e+06	
BNIP2	66999.5	125961	80323.4	97947.3
BOD1L1	76857.6			38268.4
BOLA2	1.24076e+06	1.09738e+06	1.16203e+06	805032
BORCS5	133670	309736	193805	185230
BPGM	1.90778e+06	4.90342e+06	1.3248e+07	3.24513e+06
BPI	7.43589e+06	1.74827e+07	4.56671e+06	1.77121e+07
BPIFA1	61936.7			
BPNT1	1.87728e+06	1.39655e+06	1.66535e+06	782942
BPNT2	565628	387656	559966	380863
BRAT1	56761			
BRCC3	59454.8	81307.9	83527.3	
BRD2	110560		64785.1	93231.4
BRD4	98510.4	51658.3		
BRI3BP	378777	376213	366402	359446
BRIX1	120181		31625.1	
BRMS1	368020	1.51844e+06	246219	727424
BROX	537664	517072	540692	427893
BSG	9.34568e+06	1.14991e+07	8.35095e+06	1.68139e+07
BST1	1.77828e+06	1.17848e+07	1.53501e+06	7.261e+06
BST2	761994	803926	766900	812684
BTD	368241	813423	390723	526175
BTF3	1.41238e+06	494662	692249	487601
BTF3L4	1.66438e+06	1.16636e+06	1.18372e+06	496437
BTK	79751.3		83895.1	68460.1
BTN2A1	65278.7	91026.5		
BTN3A3	190158		355680	89187.7
BUB3	2.34524e+06	1.41552e+06	1.45431e+06	1.58392e+06
BUD31	231007	67386.3	122713	
BYSL	158595		115200	
BZW1	3.98681e+06	2.22123e+06	2.86473e+06	1.32024e+06
BZW2	1.6901e+06	1.06573e+06	1.11755e+06	570411
C*07:04:01:01	1.96633e+06	714929	1.64276e+06	852562
C*16:07:01	552815	617065	361780	325482
C10orf67	2.21305e+06	3.66668e+06	2.21748e+06	1.23871e+06
C11orf54	754120	964000	780178	680515
C11orf68	1.35014e+06	837762	1.60588e+06	941466
C17orf80	269777	244894	235352	204735
C18orf32	187158	291685	331909	256109
C18orf63	1.66146e+06	2.88616e+06	3.46476e+06	4.41537e+06
C19orf12	206181	175920	121112	
C1D	389411		275353	
C1QA	3.25087e+06	4.91656e+06	4.43056e+06	8.11388e+06
C1QB	4.5962e+06	8.7478e+06	5.88163e+06	1.08144e+07
C1QBP	1.34693e+06	1.92838e+06	2.49424e+06	1.36656e+06
C1QC	5.46059e+06	9.53219e+06	6.53072e+06	1.03632e+07
C1QTNF3				41452.6
C1QTNF5	719554	448083	541587	198691
C1QTNF6	352181		201967	
C1R	1.55976e+06	2.24629e+06	1.9869e+06	2.73198e+06
C1RL	195923	387326	210088	263326
C1S	4.23758e+06	6.25225e+06	6.03851e+06	7.88616e+06
C1orf174	64456.1			
C1orf198	322282		146984	
C1orf232	144899	150024	148482	84127.7
C2	1.10994e+06	2.95021e+06	1.6517e+06	1.97547e+06
C3	2.03747e+07	6.40624e+07	4.0345e+07	6.37059e+07
C3AR1	33926.2	94221.3		49042.2
C4A	1.30515e+06	6.96137e+06	1.66004e+06	5.10908e+06
C4B	763311	5.61277e+06	1.33561e+06	2.55045e+06
C4BPA	2.95638e+06	2.52566e+07	8.10144e+06	2.05022e+07
C4BPB	299988	2.05173e+06	633959	1.85114e+06
C5	1.3786e+06	6.59583e+06	2.60341e+06	5.63675e+06
C5AR1	102327	399595	136377	369483
C5orf22	172056	84959.3	72892	
C6	1.28475e+06	5.17751e+06	1.94578e+06	4.70869e+06
C7	847149	4.228e+06	1.55632e+06	3.36678e+06
C7orf25	1.34074e+06	2.09333e+06	1.03335e+06	1.15519e+06
C7orf50	274105		155566	
C8A	1.7564e+06	5.85531e+06	2.72968e+06	6.23489e+06
C8B	1.35698e+06	4.32684e+06	2.12325e+06	4.48718e+06
C8G	1.5046e+06	4.68935e+06	2.36706e+06	5.01715e+06
C8orf82	531895	311345	416164	213088
C9	3.22492e+06	1.75319e+07	4.18444e+06	1.56859e+07
CA1	3.59779e+07	1.96628e+08	3.71934e+08	2.28001e+08
CA12	666102	890291	361024	850376
CA2	6.7071e+06	2.82242e+07	5.08752e+07	1.68437e+07
CA3	371823	3.94337e+06	3.00978e+06	1.76278e+06
CA4	352828	2.12402e+06	206364	2.01633e+06
CAB39	4.82889e+06	6.00525e+06	4.20818e+06	4.7418e+06
CAB39L	150556		117287	
CACNA2D1	704695	500114	1.10155e+06	473881
CACNG3	924615	1.52124e+06	236955	2.30747e+06
CACYBP	2.03476e+06	1.52024e+06	1.52526e+06	1.10053e+06
CAD	382312	143192	368444	117542
CALB2	343212	142655	47405.9	123123
CALD1	4.06056e+07	2.22862e+07	3.72809e+07	1.12682e+07
CALHM5	454943	378102	467185	215995
CALM1	556257	2.20636e+06	1.03674e+06	605668
CALML5	283446	1.30857e+06	1.67786e+06	847589
CALR	4.98969e+07	5.19019e+07	5.49159e+07	5.4297e+07
CALU	4.00528e+06	3.66392e+06	2.33304e+06	2.20598e+06
CAMK1D	118570		90996.8	
CAMK2D	243648	145316	185735	
CAMK2G	234648	379507	231462	367835
CAMP	3.66747e+07	6.62942e+07	3.79672e+07	2.27063e+08
CAMSAP2	84195.2		48700.2	15167.5
CAND1	1.22911e+06	1.21235e+06	1.55943e+06	518157
CANT1	451790	586506	448225	452809
CANX	1.51962e+07	1.20038e+07	2.08666e+07	2.1665e+07
CAP1	2.4422e+07	2.13501e+07	1.54824e+07	1.80029e+07
CAP2	168366	60573.3	71145.9	
CAPG	1.36049e+07	1.33372e+07	1.24891e+07	1.9604e+07
CAPN1	4.54172e+06	7.18731e+06	7.2549e+06	5.53042e+06
CAPN2	1.06154e+06	1.02504e+06	1.55175e+06	598088
CAPN7	132610	196826	258386	
CAPNS1	1.70329e+06	1.81958e+06	1.68316e+06	730275
CAPRIN1	4.05109e+06	1.46295e+06	2.34397e+06	1.2745e+06
CAPZA1	1.08701e+07	1.38691e+07	9.71454e+06	1.15692e+07
CAPZA2	3.02206e+06	3.00767e+06	3.88933e+06	2.67206e+06
CAPZB	1.29859e+07	1.48139e+07	1.27473e+07	1.39769e+07
CARD16	114168	325085	129388	158290
CARHSP1	2.26955e+06	1.52339e+06	2.32498e+06	1.85357e+06
CARM1	1.25752e+06	588619	1.26439e+06	498838
CARMIL1	73040.2			
CARS1	1.26527e+06	1.0643e+06	1.28178e+06	674696
CARS2	411119	585674	312370	270044
CASK	1.35116e+06	1.72673e+06	2.14784e+06	1.13968e+06
CASP1	662784	325353	680460	485158
CASP14	304360	2.09983e+06	2.34281e+06	425454
CASP3	1.81042e+06	1.63473e+06	1.89864e+06	1.36211e+06
CASP4	405644	335217	181607	241184
CASP6	1.18162e+06	720069	960202	830999
CASP7	3.34157e+06	1.15872e+06	2.46979e+06	1.2408e+06
CASP8	169332			103406
CAST	3.40547e+06	2.49029e+06	2.44022e+06	1.67234e+06
CAT	1.47318e+07	4.35203e+07	4.30486e+07	4.67463e+07
CAV1	4.288e+06	2.42093e+06	6.21254e+06	3.09682e+06
CAV2	2.1455e+06		2.2867e+06	1.79169e+06
CAVIN1	2.85372e+06	1.02482e+06	4.47079e+06	1.39421e+06
CAVIN2	221947	261402	1.07884e+06	238141
CAVIN3	2.23442e+06	745600	2.02056e+06	612559
CBFB	1.97339e+06	1.49394e+06	1.4558e+06	1.3878e+06
CBL	295811	343352	137641	207134
CBLB	203223	275033		131095
CBR1	5.14861e+06	4.99096e+06	6.27381e+06	4.22846e+06
CBR3	5.53093e+06	5.42779e+06	6.09779e+06	5.00192e+06
CBR4	122778		106902	46234.1
CBX1	1.11095e+06	1.06529e+06	1.12463e+06	1.26601e+06
CBX3	2.09559e+06	1.19001e+06	1.52586e+06	1.42625e+06
CBX5	1.16786e+06	255738	659015	234555
CC2D1A	739269	409910	528235	288626
CC2D1B	248988		364579	
CCAR1	775468	708563	541602	648013
CCAR2	1.4346e+06	959895	1.19297e+06	938575
CCDC124	573926	501387	348662	412571
CCDC126		13589.1		
CCDC13	225989	1.09915e+06	362829	555753
CCDC134	472703	478098	986306	314214
CCDC168	2.57261e+06	7.60113e+06	2.03411e+06	7.34175e+06
CCDC186	184994		355140	
CCDC22	208329	252490	231732	116369
CCDC25	541897	438662	540457	704555
CCDC38	125880		81220.5	
CCDC43	342364		231929	265107
CCDC47	348814	220785	282162	162852
CCDC50	439294	93487.2	268397	
CCDC6	761556	380194	604602	266231
CCDC71	86406.5		70130.9	
CCDC80	98861.6	90983.7	72340.4	18032.6
CCDC88B	121339	263422	115729	273699
CCDC91	53951.9	1.87291e+06		
CCDC93	161324			
CCL18	101704	305865		409682
CCL20	154403	911659		2.37105e+06
CCN1	61790.1	241818	156453	201374
CCN2	349883	826354	271099	620365
CCNK	555667	235891	252430	266175
CCNY	98478.5	155756	240238	
CCS	694141	837516	1.39151e+06	892852
CCT2	4.59729e+06	2.25574e+06	3.79515e+06	1.04376e+06
CCT3	3.30255e+06	2.80328e+06	4.02899e+06	1.36694e+06
CCT4	5.42861e+06	3.6416e+06	5.14474e+06	2.51387e+06
CCT5	4.44055e+06	2.59317e+06	4.18312e+06	1.6013e+06
CCT6A	6.64392e+06	3.09374e+06	6.05003e+06	1.97595e+06
CCT7	3.82167e+06	2.42815e+06	2.96895e+06	1.22321e+06
CCT8	6.68463e+06	4.8974e+06	5.58991e+06	2.54316e+06
CD101	306928	1.167e+06	513946	1.03755e+06
CD109	886026	233782	2.05515e+06	495107
CD14	1.63345e+06	2.00573e+06	1.71829e+06	3.38231e+06
CD151	866765	1.0351e+06	1.06446e+06	303854
CD163	801274	633158	893249	845370
CD177	2.82199e+06	6.32266e+06	2.93804e+06	2.1582e+07
CD180	91425.2	167966	109731	310785
CD200R1	121666	498754	97958.1	644852
CD248	2.84104e+06	564710	2.17977e+06	662609
CD276	3.36089e+06	2.38511e+06	2.99207e+06	1.94787e+06
CD2AP	1.5395e+06	1.04064e+06	1.28293e+06	724023
CD2BP2	390403			
CD300A	322384	579498	612079	900407
CD300LF		255133	169050	584510
CD302	61573.7		116796	
CD34	580211		347696	
CD36	1.20711e+06	1.57661e+06	2.76123e+06	1.94999e+06
CD37	133163		258890	112807
CD38	257428	189573	784440	708982
CD40	418410	442440	549954	630797
CD44	7.74561e+06	8.32714e+06	9.47148e+06	1.2261e+07
CD46	817570	888912	1.02185e+06	826293
CD47	3.99946e+06	7.87198e+06	6.43357e+06	8.71396e+06
CD48	335802	303639	197651	872602
CD5	306683	197029	154495	186392
CD53	3.29715e+06	8.13077e+06	3.32249e+06	6.72715e+06
CD55	1.089e+06	1.46665e+06	1.2089e+06	1.6421e+06
CD58	483865	709549	411344	823374
CD59	4.33428e+06	8.48717e+06	4.57045e+06	9.20198e+06
CD5L	314391	1.54956e+06	629149	1.1332e+06
CD63	7.77581e+06	1.72901e+07	1.01093e+07	2.07312e+07
CD68	1.18496e+06	1.9467e+06	1.43309e+06	2.23583e+06
CD74	1.0277e+06	431343	1.16856e+06	441918
CD81	1.60785e+06	1.19269e+06	2.22782e+06	1.35437e+06
CD82	2.03502e+06	3.22833e+06	2.24958e+06	3.34094e+06
CD84	123674		192233	199344
CD9	3.53411e+06	5.16651e+06	5.84021e+06	3.05132e+06
CD93	1.10385e+06	661992	879764	892945
CD99	1.47794e+06	1.87685e+06	1.03402e+06	1.066e+06
CDA	1.15205e+06	4.28296e+06	1.22016e+06	3.35583e+06
CDC123	294454		318783	
CDC27	39771	14238.6		
CDC37	5.76513e+06	3.91326e+06	4.15864e+06	2.92488e+06
CDC42	7.69819e+06	1.11714e+07	9.18023e+06	1.11533e+07
CDC42BPB	638206	1.48741e+06	1.1145e+06	491334
CDC5L	351099	177586	298000	241596
CDC73	400007	618739	399488	446294
CDCP1	636548	712109	393953	772020
CDH1	629016	688107	491662	193322
CDH11	186392	138687	238955	
CDH13	2.77001e+06	3.54571e+06	4.44598e+06	3.73467e+06
CDH17	1.67577e+06	1.51274e+06	1.72446e+06	298219
CDH5	842071	594181	775518	551398
CDIPT	538327	1.23264e+06	645173	813893
CDK1	305087	165787	158708	
CDK5	234192		232669	160901
CDK5RAP3	122871	152403	129383	
CDK6	54817.3		40099	
CDK9	112534			
CDKN2AIP	330084	133320	318989	163490
CDSN	296495	800679	1.29512e+06	459637
CDV3	3.18468e+06	1.50234e+06	1.64033e+06	1.92166e+06
CDYL	78249.9			
CEACAM1	1.89065e+06	5.83209e+06	1.35997e+06	7.50783e+06
CEACAM5	2.20591e+07	3.99205e+07	1.24319e+07	1.32867e+06
CEACAM6	7.20034e+06	2.51159e+07	5.90891e+06	2.53685e+07
CEACAM7	189802	797625	350264	334439
CEACAM8	1.58797e+06	9.87066e+06	880177	9.11494e+06
CEBPB	217150	208157	109784	232560
CELA3A	228979	2.49115e+06	2.46226e+06	5.08461e+06
CELF1	822611	310918	373739	414228
CELF2	1.01765e+06	956015	903914	1.26715e+06
CEMIP	184516		321559	340234
CEMIP2	482597	460523	384168	547790
CENPJ	65962.8	76528		39382.3
CENPV	585549	1.00356e+06		759854
CEP170	131705	70797.7	181476	123109
CEP41	19403.2			
CEP43	118193			
CERCAM	37432.8		64458.8	
CERS2	335536	134657	171229	90947
CERT1	502768	494302	489410	619515
CES1	746585	2.411e+06	906995	2.51341e+06
CES1P1	793411	2.24273e+06	861934	2.39257e+06
CES2	516032	1.23209e+06	322876	96355.6
CETN2	157700	118330	178027	139591
CFAP20	917332	312612	588018	436637
CFAP251			5.15839e+06	
CFB	4.3587e+06	1.23309e+07	6.11464e+06	8.18753e+06
CFD	674608	2.55773e+06	983558	1.28531e+06
CFDP1	451926	304254	477500	362151
CFH	6.50025e+06	1.79432e+07	1.19148e+07	2.50677e+07
CFHR1	648916	3.94764e+06	608551	5.50219e+06
CFHR2	629790	2.89429e+06	1.10647e+06	4.0654e+06
CFHR3	54643.1	1.51057e+06	130207	229212
CFHR4	50493.1	861060	147223	1.43678e+06
CFHR5	530097	1.93839e+06	1.31238e+06	5.05104e+06
CFI	1.15747e+06	5.63483e+06	2.15096e+06	4.58531e+06
CFL1	4.46994e+07	4.46058e+07	5.78957e+07	3.55458e+07
CFL2	649562	447557	527022	376650
CFP	505896	609126	603879	2.43128e+06
CGGBP1	243385	84091.1	178451	208152
CGN	77018.1	44127.3	32484	
CHAMP1	124929		62925.7	
CHCHD3	651450	1.2925e+06	787284	
CHCHD7	257639	123392	171568	244821
CHD4	1.09738e+06	428319	733542	569733
CHEK2	98090.2			
CHGA		369305		
CHI3L1	1.64498e+06	3.18536e+06	1.62077e+06	5.73378e+06
CHID1	811110	680720	1.0729e+06	339926
CHIT1	2.36851e+06	1.35864e+06	1.94904e+06	9.50506e+06
CHKB	406947	788080	649279	419782
CHMP1A	632016	752206	703185	488278
CHMP1B	2.69416e+06	2.43019e+06	2.50663e+06	2.83436e+06
CHMP2A	1.26334e+06	937700	1.67501e+06	801610
CHMP2B	215552	238034	465390	
CHMP3	1.11972e+06	513246	1.37355e+06	426644
CHMP4A	669369	512251	670798	496994
CHMP4B	1.51578e+06	589055	1.79263e+06	631425
CHMP5	343662	188016	285031	275868
CHMP6	605800	508872	628455	442396
CHMP7	358336	261835	243516	469365
CHORDC1	446070	271137	433456	239995
CHP1	1.71084e+06	4.01486e+06	1.20144e+06	3.35576e+06
CHST14	141922		207296	
CHTOP	18848			
CHUK	59392.6	36513		
CIAO1	631331	205760	486324	267068
CIAPIN1	222005	196340	174688	144571
CIRBP	1.46866e+06	868094	1.49e+06	885590
CISD1	1.12211e+06	1.34886e+06	1.53366e+06	975811
CISD2	2.55708e+06	2.20092e+06	2.32053e+06	1.70273e+06
CKAP4	3.83104e+06	2.02481e+06	2.87251e+06	1.1803e+06
CKAP5	389795	380934	406254	353825
CKB	5.24635e+06	6.8452e+06	4.29155e+06	2.86096e+06
CKMT1A	3.12693e+06	2.4945e+06	1.93596e+06	411522
CKMT2	349302		154730	
CKS1B	154439			
CLASP1	148165		90562	82748.3
CLC	1.42121e+08	8.97751e+07	1.28892e+08	2.09982e+08
CLCA1	532744	605258	950598	728198
CLCN3	31227.6			
CLDN17	170264	73495.7	94648	199152
CLDN3	839157	594421	382703	
CLDN4	37388.5			
CLDN5	169767		91254.3	
CLDN7	287385	293485	125830	
CLDND1	177975		151406	
CLEC11A	66220.3	106178	48353.7	27550.1
CLEC12A	304455	1.49855e+06	303745	1.57097e+06
CLEC14A	257653			
CLEC2B	117095	77833.1	53915.5	180303
CLEC3B	2.78901e+06	4.30268e+06	5.35874e+06	5.40241e+06
CLEC4D	75902.5	171928		178229
CLEC5A	123278	567795	81441.7	552413
CLIC1	4.27261e+07	2.47529e+07	1.95437e+07	1.37972e+07
CLIC2	121218	30298.4	237288	
CLIC4	6.74494e+06	2.73473e+06	4.99905e+06	2.15678e+06
CLINT1	965930	1.12429e+06	1.03362e+06	1.21272e+06
CLIP1	1.05974e+06	967884	1.06287e+06	906353
CLIP2	1.10942e+06	549786	856416	602976
CLMP	207775		355420	241427
CLN5	239804	219363	257233	137233
CLNS1A	81077.3		25128.3	
CLP1	133890		83116.6	
CLPB	243530	110254	213847	
CLPP	442707	570803	439713	604356
CLPTM1	335492	342947	344377	332503
CLPX	145377		136408	
CLRN3	225251	254857	72873.4	
CLSTN1	286720	136467	192526	
CLTA	871353	3.96894e+06	885396	2.20247e+06
CLTB	670325	1.33659e+06	1.11832e+06	824287
CLTC	585053	1.27918e+06	1.45366e+06	739780
CLU	3.39719e+06	1.24468e+07	5.39287e+06	1.41777e+07
CLYBL		393642		125162
CMAS	926395	699221	1.06726e+06	587093
CMBL	626244	706778	806155	131847
CMC1	225024			412139
CMC2	313939			
CMC4	161942	237446	147341	377095
CMPK1	5.39951e+06	3.48686e+06	4.55817e+06	1.52041e+06
CMTM6	336358	415892	404925	318971
CMTR1	247240	151134	265364	128966
CNBP	1.29194e+06	324871	1.62555e+06	683100
CNDP2	8.24172e+06	5.13709e+06	6.2433e+06	4.47483e+06
CNEP1R1	147296			
CNN1	1.66628e+07	2.03071e+07	1.97262e+07	1.43268e+07
CNN2	1.22329e+07	1.28339e+07	1.16944e+07	9.69406e+06
CNN3	1.84706e+06	1.92302e+06	3.08196e+06	1.47604e+06
CNOT1	218524	146553	138135	77291.4
CNOT3	544341	299526	375917	362877
CNOT4	43079.6			
CNOT7	33216.3	47111.7	31754.5	
CNOT9	294779	258850	217721	
CNP	1.96332e+06	1.52099e+06	2.40822e+06	1.23035e+06
CNPY2	9.07507e+06	8.64438e+06	8.96416e+06	8.69339e+06
CNPY3	782028	1.04851e+06	594586	947416
CNPY4	597218	179469	488171	206759
CNRIP1	763320	613288	1.11635e+06	593740
CNTNAP1	193425		210570	105491
COA3	378923	370253	216239	268244
COA6	447187	448053	490550	339617
COA7	513444	318433	449910	197040
COASY	581650	525655	729170	293644
COG8	80652	81089.8	61699.3	
COL10A1	584166	1.36926e+06	835400	
COL11A1	162110	162842		
COL12A1	1.0571e+07	1.71234e+07	8.14033e+06	2.59335e+07
COL14A1	3.56697e+06	3.03798e+06	9.26505e+06	3.76493e+06
COL15A1	5.40795e+06	2.10813e+06	2.60965e+06	2.24011e+06
COL16A1	442939		689401	
COL18A1	5.67934e+06	2.81551e+06	4.17043e+06	3.17096e+06
COL1A1	1.59882e+07	1.69925e+07	2.83447e+07	1.2506e+07
COL1A2	6.9245e+06	9.97876e+06	1.05719e+07	5.34277e+06
COL2A1			69715.4	
COL3A1	4.96182e+06	3.6981e+06	6.16269e+06	4.53473e+06
COL4A1	1.45271e+06	1.16976e+06	813941	1.09691e+06
COL4A2	5.77789e+06	5.27179e+06	2.73016e+06	3.34945e+06
COL5A1	873556	715935	761654	703789
COL5A2	4.28372e+06	2.74089e+06	2.67938e+06	3.28029e+06
COL5A3	222694		131801	141326
COL6A1	2.15124e+06	1.345e+06	1.99465e+06	1.85641e+06
COL6A2	2.54236e+06	1.18271e+06	2.73756e+06	2.04911e+06
COL6A3	1.09793e+07	9.94739e+06	1.12373e+07	1.59851e+07
COL7A1	810904	619685	460250	1.03147e+06
COL8A1	356244	1.84711e+06	442906	1.64844e+06
COLEC12	66111.6		75241.5	
COLGALT1	3.18703e+06	1.35616e+06	2.42246e+06	2.19565e+06
COMMD1	228518	225626	210163	166405
COMMD10	328375	407070	316403	220511
COMMD2	284798	252336	189361	69496
COMMD3	114918	140938	206219	
COMMD4	151649	96756.6	57756.6	
COMMD5	94973.2	141532	43536.9	65591.5
COMMD6	94936.3	91885.9	29919.5	
COMMD7	500347	751371	501097	266239
COMMD9	96543.1			
COMP	643256	353586	1.98971e+06	249247
COMT	1.62814e+06	853296	2.11019e+06	627678
COPA	801718	1.18676e+06	1.45715e+06	777859
COPB1	905605	1.36566e+06	1.26332e+06	561987
COPB2	4.00997e+06	3.41715e+06	3.65043e+06	2.16087e+06
COPE	1.56293e+06	1.61513e+06	1.53399e+06	411472
COPG1	950400	709616	904855	437138
COPS2	1.12808e+06	864230	1.23481e+06	705298
COPS3	659468	570183	758663	317740
COPS4	716000	582773	703258	229256
COPS5	1.64103e+06	1.46676e+06	1.46114e+06	1.09785e+06
COPS6	480458	452155	524285	211512
COPS8	609894	991353	675222	465590
COPZ1	201380	205230	154455	109442
CORO1A	4.88508e+06	8.58757e+06	5.30106e+06	9.62829e+06
CORO1B	1.03709e+06	733523	1.12547e+06	424944
CORO1C	1.84895e+06	1.66541e+06	2.26227e+06	1.61106e+06
CORO6	428727	454678		496102
CORO7	562860	542990	605155	810865
COTL1	1.57923e+07	1.30213e+07	1.1304e+07	1.50163e+07
COX20	222920		243368	
COX4I1	7.14157e+06	4.34101e+06	5.66293e+06	3.58547e+06
COX5A	1.19708e+06	1.21228e+06	899273	481716
COX5B	2.07732e+06	2.57996e+06	1.27493e+06	2.50569e+06
COX6B1	1.44393e+06	1.21214e+06	817599	1.5576e+06
COX6C	4.8616e+06	2.40357e+06	5.14199e+06	1.54272e+06
COX7A2	3.67227e+06	1.90098e+06	2.6417e+06	1.13496e+06
COX7A2L	383879	273905	255092	
COX7B	984446	781489	937601	580257
COX7C	91224.8	138086	231183	250969
CP	5.37947e+06	2.70737e+07	6.98155e+06	1.76605e+07
CPA1		143783	150458	671961
CPA3	85085.9		178156	
CPA4		223819	180512	
CPB2	650129	2.21748e+06	1.22421e+06	3.67213e+06
CPD	182445	268694	113646	176342
CPM	479469	793083	261585	693911
CPN1	324289	627467	415590	633641
CPN2	1.16799e+06	3.04579e+06	2.3602e+06	3.04038e+06
CPNE1	3.03854e+06	2.97158e+06	3.40934e+06	3.8591e+06
CPNE2	334649	664764	189900	375692
CPNE3	3.89256e+06	8.64369e+06	3.07956e+06	5.5147e+06
CPNE8	48190.5	31100.1		
CPOX	534718	548198	591462	432827
CPPED1	3.20753e+06	4.21066e+06	3.2078e+06	5.25736e+06
CPQ	1.22362e+06	715474	1.98326e+06	1.02511e+06
CPSF1	1.35202e+06	626404	842476	505306
CPSF2	130714	42388	101408	
CPSF3	540882	122701	221299	106536
CPSF6	2.11973e+06	1.36856e+06	1.40348e+06	1.52772e+06
CPSF7	460387	287787	351073	354461
CPT1A	987268	1.21689e+06	981980	362865
CPT1B	416686	816844	548010	806531
CPVL	2.17488e+06	1.5521e+06	2.66458e+06	1.92498e+06
CPXM1	1.38202e+07	1.05513e+07	1.57196e+07	1.02463e+07
CPZ	61685.2	74899	57660.5	
CR1	1.18356e+06	1.82541e+06	622725	2.33909e+06
CRABP2	797730	1.09173e+06	1.57015e+06	1.46974e+06
CRADD	34743.9			
CRAT	366294	316764	445794	308939
CREG1	1.15423e+06	1.85897e+06	676565	3.12936e+06
CRELD1	136534	185057	180262	241811
CRELD2	1.08957e+06	624273	1.53769e+06	875368
CRIP1	2.61557e+07	3.49952e+06	1.21516e+07	3.17544e+06
CRIP2	5.22068e+06	1.16019e+06	4.26844e+06	921308
CRISP3	579784	711289	681402	3.66797e+06
CRK	2.42565e+06	1.33134e+06	2.15766e+06	1.22392e+06
CRKL	2.32698e+06	1.83318e+06	2.09752e+06	2.10024e+06
CRLF3	394596	724563	686188	597544
CRNKL1	94093.7		56488.2	
CRNN			263172	
CRP	247673	7.66424e+06	158013	690133
CRTAC1	74210.8	257669	113998	301758
CRTAP	6.64979e+06	5.59722e+06	8.18024e+06	2.47321e+06
CRYAB	1.00316e+06	372446	1.15095e+06	762075
CRYBG1	153943	48221.1	47165.7	140592
CRYL1	419454	649766	451997	
CRYZ	2.43102e+06	1.54878e+06	3.11714e+06	1.27417e+06
CRYZL1	213418	134953	219996	111561
CS	1.10081e+06	1.37406e+06	1.44153e+06	848521
CSDE1	1.77276e+06	678944	1.36718e+06	885832
CSE1L	1.87104e+06	1.26317e+06	1.24856e+06	644319
CSGALNACT2	81766.8	138188	94528.6	122514
CSK	759736	535746	796387	619751
CSNK1A1	1.18044e+06	810919	958053	663325
CSNK2A1	77509.6			
CSNK2A2	91883.6	104790	75103.7	47088.1
CSNK2B	94973.3	117817	86478.2	
CSPG4	3.8693e+06	905443	2.49568e+06	1.07388e+06
CSRP1	1.16961e+07	1.19054e+07	1.39278e+07	7.66053e+06
CSRP2	1.47183e+06	1.97945e+06	1.97632e+06	1.78381e+06
CST3	1.4187e+06	4.07459e+06	1.50602e+06	1.69718e+06
CST7	313152	319111	241477	771866
CSTA	2.80559e+06	1.37267e+07	3.93015e+06	1.13942e+07
CSTB	1.40016e+07	1.84946e+07	8.49476e+06	1.37509e+07
CSTF1	514326	339810	375242	378740
CSTF3	734328	521375	611935	395221
CTBP1	608223	447395	760899	300166
CTBP2	655489	195922	502088	125160
CTBS	682825	1.57081e+06	906553	2.61479e+06
CTDP1	107485		62258.4	
CTDSP1	61363.4	140214	63424.4	181696
CTHRC1	2.66281e+06	4.96968e+06	3.12458e+06	3.08719e+06
CTNNA1	2.31719e+06	1.25404e+06	1.79929e+06	456143
CTNNB1	2.32131e+06	1.14633e+06	1.84494e+06	557255
CTNNBL1	612585	262440	433242	168334
CTNND1	740425	401949	651712	282377
CTPS1	554190	288335	450569	172242
CTPS2	1.58821e+06	969410	1.67009e+06	
CTR9	169349	166482	95188.4	
CTRC		231056	501834	395790
CTSA	1.85206e+06	1.51909e+06	1.95441e+06	1.78961e+06
CTSB	2.6551e+07	1.98602e+07	1.93903e+07	4.82738e+07
CTSC	6.1234e+06	8.95347e+06	6.41961e+06	9.82005e+06
CTSD	2.1265e+07	1.79258e+07	2.46281e+07	2.83118e+07
CTSG	2.24241e+07	2.73125e+07	1.48828e+07	2.15292e+07
CTSH	1.84717e+06	595438	2.55013e+06	2.52354e+06
CTSK	953764	500109	1.15176e+06	593218
CTSL	1.25682e+06	1.96838e+06	1.41448e+06	2.52232e+06
CTSS	4.41272e+06	4.70937e+06	3.87363e+06	9.42195e+06
CTSZ	1.20297e+07	9.97365e+06	1.25927e+07	1.86661e+07
CTTN	2.01276e+06	1.24922e+06	2.19779e+06	998481
CTTNBP2NL	84036.2		49801.8	
CUL1	404570	337288	724738	325350
CUL2	694958	468984	867066	314413
CUL3	1.23198e+06	829734	1.22528e+06	561938
CUL4A	226250	139089	221752	
CUL4B	396605	292300	384307	256299
CUL5	378270	415767	475898	171623
CUTA	694815	689602	682760	397905
CUTC	391137	214642		399413
CUX1	207084	208940	167800	251407
CWC15	493966		702908	274432
CWF19L1	169274	61404.5	122551	60566.3
CXADR	556096	1.05964e+06	272602	
CXCL1	44844.7	116467	40952.1	262862
CXCL5	146058	1.09418e+06	299353	2.43084e+06
CXCL6		861872		1.30266e+06
CXCL8	1.19399e+06	1.25942e+07	3.86237e+06	4.70687e+06
CXCR1	169294	482728	191570	461767
CXCR2	95480.5	475405	157961	310912
CXorf38	185277	459947	432007	165222
CYB5A	403701	681623	538936	213466
CYB5B	2.24041e+06	1.98901e+06	1.49989e+06	810092
CYB5R1	1.43763e+06	1.02101e+06	2.09049e+06	2.68027e+06
CYB5R2	1.30743e+06	1.16955e+06	1.30451e+06	1.07141e+06
CYB5R3	2.39483e+06	1.49122e+06	3.18381e+06	2.02802e+06
CYB5R4	36704.2	52115.1	16206.5	71203.9
CYBA	4.91273e+06	2.18858e+07	4.97121e+06	1.66581e+07
CYBB	4.12788e+06	1.30653e+07	4.23252e+06	1.24704e+07
CYBC1	359765	341956	386573	223092
CYBRD1	1.02014e+06	1.42505e+06	3.11252e+06	854211
CYC1	871534	844623	762544	308364
CYCS	1.92104e+07	9.86338e+06	1.04448e+07	9.82811e+06
CYFIP1	435918	341000	564572	216152
CYFIP2	41894.6	108175	74744.7	82310.4
CYGB	2.32374e+06	322245	2.4599e+06	417329
CYP1A1	127109		150214	
CYP4F3	142764	920219	141712	457129
CYRIA	89776.7	45062	104846	66358.6
CYRIB	2.89777e+06	5.15544e+06	2.41592e+06	3.00713e+06
CYTH1	229848	448295	243672	179480
CZIB	1.55135e+06	1.18287e+06	1.64627e+06	1.08594e+06
DAB2	968923	344555	1.13059e+06	391919
DAD1	1.99871e+06	4.72865e+06	2.05008e+06	2.77547e+06
DAG1	662418	547516	953765	540392
DAGLB	237808	327931	259110	305607
DAP	458087	133222	385301	
DAPK3	273099	227971	230527	167814
DARS1	4.80386e+06	2.72486e+06	4.57389e+06	2.57097e+06
DARS2	4.16427e+06	2.89532e+06	3.3177e+06	2.10445e+06
DAZAP1	2.0569e+06	1.3429e+06	1.99585e+06	1.33845e+06
DBF4	1.38565e+06	7.67447e+06	1.21355e+06	4.50181e+06
DBI	7.41881e+06	1.09262e+07	2.49595e+06	8.20212e+06
DBN1	159687	259134	165105	139890
DBNL	3.04751e+06	2.38852e+06	3.14184e+06	1.82098e+06
DBR1	119539		90056.7	
DBT	211853	289745	214113	137139
DBX2	538112	129409	424605	
DCAF1	104143		98848.7	
DCAF7	293969	115402	152386	
DCAF8	151361	272869	104477	362944
DCAKD	188633	91123.3	251205	
DCBLD1	257246	338541	206511	567302
DCD	1.21825e+06	6.77093e+06	2.26871e+06	2.06437e+06
DCLK1	53449.8		62472.1	
DCN	1.02043e+07	1.53561e+07	2.53012e+07	2.01907e+07
DCPS	913861	737993	815025	743674
DCTD	1.18743e+06	672578	965411	349307
DCTN1	599721	657955	658558	580535
DCTN2	2.0428e+06	1.95712e+06	2.08761e+06	1.18202e+06
DCTN3	679694	668263	635844	498164
DCTN4	413823	284193	478796	183989
DCTN5	481137	284855	674554	299850
DCTN6	445779	435383	347758	
DCTPP1	194389	70220.5		
DCUN1D1	1.73046e+06	1.75001e+06	2.03107e+06	1.97391e+06
DCUN1D5	43923.3	52275.7	59171.9	
DCXR	1.50925e+06	2.28741e+06	2.15061e+06	2.44461e+06
DDAH1	642130	398889	505937	386067
DDAH2	602822	378230	928502	279872
DDB1	1.94894e+06	1.45954e+06	2.92648e+06	1.05042e+06
DDB2			955580	
DDI2	805976	823254	2.08437e+06	836243
DDOST	4.28558e+06	3.94521e+06	3.75282e+06	2.39958e+06
DDRGK1	549802	355997	455293	61897.1
DDT	1.87338e+06	1.99227e+06	1.64999e+06	1.58385e+06
DDX1	1.81787e+06	1.23403e+06	2.45321e+06	1.47464e+06
DDX10	30692.5			
DDX17	3.82773e+06	1.4142e+06	2.54709e+06	1.81697e+06
DDX18	336092	246544	268849	178106
DDX20	82411			
DDX21	2.53178e+06	967965	943550	1.07405e+06
DDX23	892236	395425	532671	359549
DDX27	180952		77603.4	
DDX39A	730178		413172	405996
DDX39B	6.51821e+06	2.73736e+06	5.60508e+06	3.13941e+06
DDX3X	2.13552e+06	744057	1.70292e+06	524176
DDX3Y	765263		621021	336228
DDX42	1.36558e+06	655284	1.27283e+06	660407
DDX46	3.05759e+06	1.7192e+06	2.16898e+06	2.36085e+06
DDX5	2.60332e+06	496062	1.85995e+06	669408
DDX55	4.59673e+06	1.56216e+07	8.87954e+06	1.20616e+07
DDX6	2.92691e+06	1.23943e+06	2.04989e+06	1.25995e+06
DECR1	1.91801e+06	1.63365e+06	2.5109e+06	1.76692e+06
DEF6	361507	336617	230124	563400
DEFA1	253161	671973	248478	1.66833e+06
DEFA3	117197	542729	134597	1.06924e+06
DEFA4	2.19004e+06	9.32351e+06	4.59597e+06	1.5807e+07
DEFA5			493403	257783
DEK	2.53012e+06	2.77313e+06	1.70919e+06	2.33352e+06
DENR	530415	205917	714887	206333
DERA	358508	467669	482557	264957
DES		948832		
DGKA	611224	603201	708513	504664
DHFR	78368.4			
DHODH	532039	1.28373e+06	506992	647421
DHPS	76994.9	181131		
DHRS4	797138		831867	
DHRS7	790826	1.53128e+06	1.16436e+06	873904
DHRS7B	198303		249798	
DHX15	2.67878e+06	1.0923e+06	1.52303e+06	1.25837e+06
DHX16	244716		150341	
DHX29	60151.4		50028.6	25827.8
DHX30	170346		203395	
DHX36	252572	238027	232998	171551
DHX38	736734		892045	1.26703e+06
DHX8	168701	75034.3	91434.8	104698
DHX9	3.27203e+06	2.36763e+06	2.39032e+06	2.32111e+06
DIABLO	692442	1.10037e+06	458433	848084
DIAPH1	659422	711361	611088	599399
DIAPH2	319247	322645	357084	407168
DIDO1	196315		105662	
DIP2B	77031.5	73504.1	33540.4	40140.1
DIS3	246364		192889	167763
DIS3L2	320149	237843	233913	
DKC1	483710	800841	386314	402568
DLAT	280015	177975	267707	
DLD	3.35211e+06	2.94551e+06	3.54248e+06	2.61987e+06
DLG1	858468	589917	979825	474891
DLG3	145937		26701.1	
DLGAP4	539548	283752	399281	160586
DLST	3.91097e+06	4.53842e+06	4.75787e+06	4.54418e+06
DMBT1		769326	198488	311669
DMTN	325717	1.14616e+06	1.9209e+06	1.39012e+06
DNAAF1	31251.6	184312	189624	541484
DNAJA1	1.2849e+06	565964	953772	588303
DNAJA2	626857	443492	685967	461319
DNAJA3	184959	433105	341546	353774
DNAJB1	1.20247e+06	868605	1.14471e+06	852745
DNAJB11	1.9994e+06	2.17818e+06	2.34977e+06	2.56779e+06
DNAJB2	181445	268532	271339	273030
DNAJB4	287920	207296	255850	165176
DNAJB6	413350	315044	232797	419541
DNAJC1	372198	368171	369978	351181
DNAJC10	433001	360535	328738	252222
DNAJC11	104857			
DNAJC13	160400	240469	271910	159871
DNAJC17	117104		57454.8	
DNAJC19	445396	406023	325384	376121
DNAJC2	434423	682620	433325	406101
DNAJC21	423266		400679	
DNAJC3	6.36489e+06	4.23418e+06	5.96035e+06	3.78063e+06
DNAJC5	552424	1.89456e+06	683049	1.71596e+06
DNAJC7	422976	392240	413743	184215
DNAJC8	2.44043e+06	1.29054e+06	2.13845e+06	1.42233e+06
DNAJC9	42677.8	63331		
DNASE1	157333			271159
DNASE2	164279	213111	133640	169325
DNLZ	199720		152569	64621.9
DNM1L	129558	179022	202768	217249
DNM2	638279	838497	607618	983284
DNM3	125549	59686.9	400945	
DNMT1	559685		236963	180435
DNPEP	1.01574e+06	862830	1.04786e+06	983672
DNPH1	897027	615995	638435	
DOCK1	244468	78118.5	209777	
DOCK2	434263	603971	363249	886770
DOCK5	21610.8			
DOCK8	137694	202482	156611	266596
DOK2	642782	334532	673865	399385
DOK3	366837	426283	235631	587194
DPAGT1	732504	463573	848799	343797
DPB1*02:02:01:01	536475	517407	473269	687625
DPB1*03:01:01:01	1.04894e+06	839399	1.1154e+06	2.00011e+06
DPEP1	867038	1.92501e+06	1.44721e+06	456423
DPM1	177624	259014	221148	151699
DPM3	114761	240833		
DPP3	1.25195e+06	875644	1.67447e+06	1.44256e+06
DPP4	907071	2.36064e+06	1.84482e+06	5.19569e+06
DPP7	1.88785e+06	1.62188e+06	2.56145e+06	2.02782e+06
DPP8	122545			
DPP9	644549	469083	656880	390469
DPT		1.83312e+06	869030	2.58073e+06
DPYD	1.4629e+06	1.26244e+06	1.11967e+06	1.54158e+06
DPYSL2	4.40348e+06	3.11941e+06	6.41049e+06	2.84721e+06
DPYSL3	5.71783e+06	3.63992e+06	7.32488e+06	2.64429e+06
DQB1*02:01:01	159767		1.0749e+06	698084
DQB1*06:03:01:01	1.83898e+06	1.82856e+06	1.74831e+06	3.72222e+06
DR1	1.0879e+06	756620	1.01274e+06	
DRAP1	894889	1.22396e+06	1.50729e+06	1.179e+06
DRB1*03:01:01:01	2.93929e+06	1.76239e+06	2.47685e+06	8.01953e+06
DRB1*13:02:01:01	1.97794e+06	3.50025e+06	3.31103e+06	5.79345e+06
DRB3*01:01:02:01	3.26755e+06	3.7045e+06	3.56066e+06	7.23668e+06
DRG1	1.87485e+06	903501	1.04364e+06	752204
DRG2	826749	641050	867368	437504
DSC1	341373	1.05204e+06	1.16484e+06	649117
DSC3	90513.1	349491	479440	154089
DSG1	743543	2.07214e+06	2.42039e+06	1.29235e+06
DSG2	256396	468303	210050	
DSP	3.47663e+06	8.61436e+06	1.18689e+07	5.62887e+06
DSTN	1.84189e+06	1.30028e+06	2.18656e+06	974752
DTD1	636887	752014	1.05847e+06	523179
DTX3L	120617		133301	
DTYMK	1.38183e+06	779661	1.15194e+06	705588
DUOX2	40021.9		9624.72	
DUS2	59135.1			
DUSP12	82902.7	85694.6	68942.9	
DUSP23	278905	226446	213120	95618.5
DUSP3	1.85815e+06	1.42641e+06	1.99029e+06	664326
DUT	1.68496e+06	804919	1.19393e+06	752849
DYNC1H1	1.20539e+06	1.21001e+06	1.61107e+06	776981
DYNC1I2	1.29282e+06	937592	1.21861e+06	553792
DYNC1LI1	430378	379164	267255	213621
DYNC1LI2	1.45418e+06	607548	1.10459e+06	670308
DYNLL1	3.54086e+06	2.96452e+06	2.90706e+06	1.23063e+06
DYNLL2	594260	1.11912e+06	751834	739938
DYNLRB1	197464	489531	414905	
DYNLT1	265213	144648	163207	
DYNLT3	88688			
DYSF	1.07748e+06	2.0561e+06	1.15439e+06	1.28763e+06
EBP	1.25599e+06	1.07782e+06	928010	870725
ECE1	671679	364025	508861	207635
ECH1	4.88947e+06	7.34725e+06	5.64733e+06	7.61851e+06
ECHDC1	653333	631199	554744	
ECHS1	2.51825e+06	2.33206e+06	2.90325e+06	1.21375e+06
ECI1	651639	603853	440009	406676
ECI2	235703	199089	412652	112472
ECM1	977396	1.97464e+06	2.00329e+06	2.92311e+06
ECPAS	540554	236107	299881	
EDC4	582387		145116	168541
EDEM3	206557		139306	
EDF1	3.17469e+06	2.00321e+06	2.65893e+06	2.28766e+06
EDIL3	215761	397770	113819	
EDNRA	648923	437561	485468	
EEA1	3.32817e+06	2.35215e+06	4.80792e+06	2.05916e+06
EED	99644.1		25648.2	
EEF1A2		3.28158e+06	1.95461e+06	2.13204e+06
EEF1B2	2.53432e+06	2.15355e+06	1.64439e+06	2.04891e+06
EEF1D	1.28876e+07	8.07967e+06	6.0522e+06	6.92184e+06
EEF1E1	390607	666353	511835	410469
EEF1G	9.67284e+06	7.60924e+06	9.84253e+06	5.83054e+06
EEF2	2.58887e+07	1.16934e+07	2.02706e+07	1.02001e+07
EEFSEC	488173	252066	463136	144273
EEPD1	226098	145145	198038	
EFEMP1	3.02169e+06	6.30528e+06	9.11042e+06	6.29521e+06
EFEMP2	913703	714684	1.32239e+06	667466
EFHD2	6.13046e+06	9.49473e+06	5.05781e+06	9.54247e+06
EFL1	120863	112232	74200.3	50881.9
EFNB1	144535		117215	
EFTUD2	903528	677043	524908	609294
EGFLAM	308811		169169	
EGFR	213853	227895	81066.1	92557.6
EGLN1	37631		24276.1	
EHBP1L1	109629		119113	
EHD1	1.87312e+06	2.4051e+06	2.0635e+06	2.73816e+06
EHD2	5.09827e+06	1.58005e+06	6.03072e+06	2.22915e+06
EHD3	256793	1.09677e+06	778527	
EHD4	1.48158e+06	740918	1.15412e+06	585504
EIF1AD	155401		111834	
EIF1AX	289326	306702	405192	
EIF2A	569452	254174	472999	238468
EIF2AK2	731735	613081	632864	800781
EIF2B1	976694	742874	949328	478434
EIF2B2	216825	310441	415870	
EIF2B3	315974	64176.3	242778	165337
EIF2B4	577664	731939	513972	207459
EIF2B5	557855	478736	493607	291465
EIF2S1	3.03141e+06	1.37764e+06	2.44421e+06	1.23089e+06
EIF2S2	1.14522e+06	825062	1.01997e+06	685678
EIF2S3	1.54742e+06	919124	1.19589e+06	844955
EIF3A	2.94196e+06	1.46184e+06	1.95825e+06	1.70069e+06
EIF3B	2.52522e+06	1.18223e+06	1.76806e+06	1.36769e+06
EIF3C	171484	64897.8	135810	111481
EIF3D	1.84839e+06	620503	1.35656e+06	430305
EIF3E	1.07816e+06	913659	778510	269874
EIF3F	629581	478906	714663	197062
EIF3G	1.98419e+06	1.25983e+06	1.68929e+06	1.52102e+06
EIF3H	1.50812e+06	951252	1.30706e+06	681370
EIF3I	1.95115e+06	913095	1.37774e+06	1.15321e+06
EIF3J	1.40169e+06	981048	1.5178e+06	891738
EIF3K	115657		26132.2	
EIF3L	907495	804384	601959	398103
EIF3M	305577	231871	194765	145031
EIF4A1	7.7804e+06	2.17433e+06	4.8982e+06	1.18879e+06
EIF4A2	1.76346e+06	1.21109e+06	2.13336e+06	658658
EIF4A3	1.41473e+06	831613	1.11586e+06	555740
EIF4B	3.51251e+06	1.66412e+06	2.05314e+06	1.58228e+06
EIF4E	2.22932e+06	1.66569e+06	2.10642e+06	1.45833e+06
EIF4E2	205300	174128	218352	113335
EIF4G1	1.6049e+06	742838	1.22532e+06	669686
EIF4G2	2.49897e+06	1.05671e+06	1.83438e+06	928524
EIF4G3	140538	76222.9	193327	115865
EIF4H	6.82449e+06	3.93959e+06	5.47491e+06	2.83718e+06
EIF5	1.04145e+06	269586	919861	139926
EIF5A	7.06898e+06	2.74657e+06	6.33129e+06	1.8056e+06
EIF5B	1.07864e+06	746763	795854	537871
EIF6	5.14713e+06	3.99848e+06	3.93699e+06	3.16555e+06
EIPR1	98644.9		89147.1	
ELAC2	216823		168891	77499.8
ELANE	2.63316e+07	1.74417e+08	2.34593e+07	9.79761e+07
ELAVL1	7.39044e+06	3.28875e+06	5.72097e+06	3.92449e+06
ELL	143248			
ELMO1	922286	1.09134e+06	941482	1.66896e+06
ELMO2	148666		134085	74768.3
ELMOD2	376834	348327	317510	172903
ELOB	1.35301e+06	1.24487e+06	870104	979422
ELOC	639797	620578	373676	378686
ELOVL1	147328		157905	34079.4
ELOVL5	79434.5	93123.9	37625.6	
ELP1	171103			
ELP2	80429.5		85188.4	
ELP4	54508.8			
EMB	743609	1.17633e+06	563416	1.55835e+06
EMC1	982338	874695	968985	574410
EMC10	574496	955750	709586	453001
EMC2	697347	704677	594989	411789
EMC3	347800	410355	368963	112733
EMC7	483441	506152	545898	336443
EMC8	38324.2			
EMD	884557	721942	1.01771e+06	571243
EMG1	558729	287481	408411	250953
EMILIN1	644923	753981	682449	755745
EML1	311728	171603	364886	184706
EML2	898095	1.10113e+06	878170	738540
EML3	1.36173e+06		1.58001e+06	
EML4	959822	686046	812068	487552
EML6	4.82546e+06	4.65677e+06	5.13449e+06	1.77188e+06
EMP3	541440	761962	822483	572975
ENAH	1.62665e+06	1.17259e+06	1.16805e+06	887630
ENDOD1	536978	334411	796646	230235
ENDOG	469850		259878	125645
ENG	2.45983e+06	619422	1.85098e+06	796951
ENO1	1.2392e+08	1.44331e+08	7.54229e+07	1.76805e+08
ENO2	1.53703e+06	2.73026e+06	1.59167e+06	5.0438e+06
ENO3	455762	665613	192965	500244
ENOPH1	854836	720429	793337	455740
ENOSF1	503145		419801	1.0519e+06
ENPEP	851075	300384	489429	
ENPP1	104001	123175	53182.4	
ENPP4	335285	753472	421083	815522
ENSA	476391	293095	392734	257895
ENTPD1	4.51496e+06	2.05138e+06	5.1885e+06	1.67101e+06
ENY2	642927	477632	465073	432474
EOGT	628075	301114	433981	328141
EP300	77282.6		41382.2	
EPB41	264962	642981	1.83092e+06	530356
EPB41L1	129362		177135	
EPB41L2	4.19081e+06	1.56508e+06	4.69371e+06	547584
EPB41L3	245202	153347	193856	179079
EPB42	1.22336e+06	3.17238e+06	1.23189e+07	2.77554e+06
EPCAM	3.10614e+06	2.93075e+06	1.88282e+06	480100
EPDR1	690410	1.53486e+06	725930	807565
EPHA2	99647.2		93238.1	104957
EPHB3	639415	645812	679517	313822
EPHX1	492204	975555	795963	311876
EPHX2	282847		292169	
EPN1	185030	152164	197788	76625.6
EPN2	256595	108609	333372	201984
EPPK1	124398	139564	98358.1	
EPRS1	2.06566e+06	1.34521e+06	1.84338e+06	974047
EPS15	479448	597760	495853	390958
EPS15L1	1.03457e+06	902485	1.19122e+06	870288
EPS8	2.1832e+06		2.23464e+06	3.22184e+06
EPS8L2	2.07328e+06	966994	2.96368e+06	
EPS8L3	381445	249982	157807	
EPX	1.19095e+07	4.47809e+06	1.292e+07	9.07223e+06
ERAP1	3.26918e+06	1.91531e+06	3.76939e+06	2.02503e+06
ERAP2		1.1634e+06		
ERC1	1.23576e+06	1.01275e+06	1.56128e+06	844839
ERFL	1.22375e+06	3.28515e+06	2.70597e+06	4.17326e+06
ERG28	81856.2	72589.4		
ERGIC1	842114	898060	938211	616447
ERGIC2	141513		68868.4	
ERGIC3	280598	342562	338199	279563
ERH	1.64341e+06	2.02294e+06	668716	1.38754e+06
ERI1	282177	853901	439525	
ERI3	6.08846e+06	5.29652e+06	7.94706e+06	4.1762e+06
ERLEC1	724331	668430	747713	691811
ERMP1	66177.2	56720	68010.7	
ERO1A	5.36858e+06	6.45087e+06	3.878e+06	8.52607e+06
ERO1B	75960.4	86248.7	101135	54510.6
ERP29	8.17033e+06	8.63483e+06	7.2906e+06	8.22104e+06
ERP44	6.12116e+06	6.14182e+06	6.90881e+06	5.82895e+06
ESAM	988794	265349	880368	323565
ESD	1.08953e+07	9.88072e+06	1.04952e+07	8.20548e+06
ESRP1	223097	163328	156836	
ESYT1	2.01726e+07	9.33045e+06	1.92761e+07	1.10826e+07
ESYT2	815999	730441	978374	744416
ETF1	2.5987e+06	1.36205e+06	1.51583e+06	1.12022e+06
ETFA	2.01865e+06	1.18302e+06	2.02659e+06	1.45826e+06
ETFB	2.72974e+06	1.51671e+06	3.25521e+06	2.19368e+06
ETFRF1	28672.4	147487	57026.2	
ETHE1	4.64352e+06	2.95962e+06	4.4e+06	3.12201e+06
ETV6	339154	64451.2	140637	125727
EVL	838334	641078	545721	485466
EVPL	162631	223168	218802	315417
EWSR1	5.97653e+06	5.20439e+06	5.61557e+06	5.32128e+06
EXOC2	394249	420275	381116	354485
EXOC7	204168		724607	
EXOC8	228988	203668	220158	202818
EXOG	255744	137539	158681	113437
EXOSC1	990085	331793	871084	
EXOSC10	419524	82440.2	110772	
EXOSC2	795148	428377	445890	361910
EXOSC3	322872	219793	324916	199947
EXOSC4	614064	395677	461038	
EXOSC5	367193	192754	213956	197753
EXOSC6	146824	46753.1	60770.2	
EXOSC7	676595	424591	623705	437650
EXOSC8	366148	170712	304818	
EXOSC9	777419	357996	483365	311215
EXTL2	107419		58572.9	68301.5
EZR	7.91409e+06	3.68993e+06	4.15655e+06	2.78219e+06
F10	416946	1.74465e+06	1.38588e+06	2.85795e+06
F11	279639	526143	357906	470825
F11R	1.28622e+06	2.04338e+06	1.71495e+06	2.00894e+06
F12	708279	2.69953e+06	1.15019e+06	1.16308e+06
F13A1	1.94664e+06	2.05111e+06	4.13381e+06	2.42604e+06
F13B	290893	3.93398e+06	1.33989e+06	5.35255e+06
F2	3.20721e+06	1.48962e+07	8.96167e+06	1.9425e+07
F3	139475	76120.1		63442.9
F5	384840	2.2388e+06	1.20725e+06	3.69351e+06
F7	441248	1.04968e+06	544324	767649
F9	412935	1.57189e+06	994137	1.32419e+06
FAAP100	3.84709e+06	6.19328e+06	4.98971e+06	2.23133e+07
FABP1	3.6096e+07	4.15553e+07	3.05349e+07	5.03455e+06
FABP2	267187	232626	212753	
FABP3	1.93246e+06	990252	2.81088e+06	1.68312e+06
FABP4	400679	330375	599184	
FABP5	1.94406e+07	1.46116e+07	1.34007e+07	1.20473e+07
FAF1	563903	323685	453710	262916
FAF2	65423.2		43163.3	
FAH	1.22262e+06	1.94974e+06	2.17767e+06	3.02844e+06
FAHD1	1.11667e+06	1.17153e+06	1.20929e+06	1.20701e+06
FAHD2A	620630	591886	630554	499414
FAM107B	406554	496989	269233	548648
FAM110A	756840		1.59552e+06	2.83636e+06
FAM114A1	637281	521279	565057	520431
FAM114A2	20499.6	32017.6		
FAM118A	54773.8		27008	
FAM120A	1.76486e+06	794628	1.62446e+06	1.03112e+06
FAM136A	568957	457801	399216	340203
FAM161B	115852	274639	209639	242006
FAM162A	2.82307e+06	3.11493e+06	2.56328e+06	3.08064e+06
FAM172A	145910		92563.2	
FAM193A	557879	160959	320494	
FAM210B	77142.7	156858	125478	37178
FAM241A	173186	224281		140734
FAM25C		290162		
FAM3B	212975			
FAM3C	890401	921305	970412	778881
FAM3D	338443	817142	257608	173146
FAM50A	452515	346434	363231	229057
FAM98A	491171	499299	475937	149979
FAM98B	1.08843e+06	1.11111e+06	1.13133e+06	716428
FAP	2.66971e+06	6.27352e+06	3.94655e+06	6.19423e+06
FARP1	298133	154322	407292	
FARSA	1.19554e+06	704670	970977	712039
FARSB	1.76045e+06	797002	1.55516e+06	399202
FAS	169141	186867	345688	115069
FASN	964929	756808	960816	504084
FBL	2.34471e+06	1.41893e+06	3.17726e+06	1.0908e+06
FBLIM1	858884	319559	668844	239993
FBLN1	2.00807e+07	3.19394e+07	5.38747e+07	3.96066e+07
FBLN2	2.0173e+06	3.23164e+06	3.20672e+06	2.42496e+06
FBLN5	1.59915e+06	2.83319e+06	2.41459e+06	1.80684e+06
FBN1	869708	1.36377e+06	1.55352e+06	1.72251e+06
FBN2	96232.8	111624	208971	145529
FBP1	6.45936e+06	4.35943e+06	4.69625e+06	6.63522e+06
FBP2	1.64939e+06	1.97046e+06	1.23637e+06	1.92987e+06
FBXO22	654262	338228	1.12404e+06	249726
FBXO7	310937	522090	1.99296e+06	574856
FCAR	941744	4.87462e+06	487537	4.69198e+06
FCER1G	276555	1.27095e+06	447564	377226
FCGBP	6.90571e+06	1.34073e+07	7.43396e+06	1.8871e+06
FCGR1A	362694	752215	367761	632860
FCGR3A	1.62691e+06	3.42723e+06	1.17857e+06	6.23903e+06
FCGR3B	485032	1.24346e+06	342466	1.65101e+06
FCGRT	1.20013e+07	1.37013e+07	2.64964e+07	1.35753e+07
FCHO2	232953		170477	21813.8
FCHSD1	158934		123090	
FCN1	772510	477483	619553	1.8007e+06
FCN2	388548	949502	569644	1.17719e+06
FCN3	425018	1.15187e+06	634947	1.11535e+06
FDFT1	83706.6		55931.9	
FDPS	278701	319833	219949	57542.2
FDX1	447520	215135	304331	127333
FDXR			462437	
FECH	181700		227846	
FEN1	264156	217694	118647	194717
FERMT2	942325	837375	1.04178e+06	512122
FERMT3	1.07569e+06	2.09468e+06	2.7929e+06	2.03404e+06
FETUB	252390	669111	387843	815736
FGA	6.20465e+07	5.9792e+07	1.28149e+08	1.13722e+08
FGB	5.72089e+07	3.46538e+07	1.17606e+08	1.12707e+08
FGF2	702663	733158	1.0347e+06	4.49611e+06
FGG	3.42883e+07	2.4355e+07	6.67181e+07	5.87009e+07
FGL2	2.29376e+06	2.34187e+06	2.17569e+06	3.89189e+06
FGR	1.03315e+06	1.73261e+06	1.11919e+06	3.16654e+06
FH	2.22872e+06	2.01978e+06	2.24147e+06	982059
FHIT	200543	321602	238065	265554
FHL1	1.98505e+06	1.71273e+06	4.44381e+06	1.21626e+06
FHL2	1.7529e+06	1.10059e+06	2.7208e+06	695754
FHL3	2.09525e+06	938500	2.20327e+06	778271
FHOD1	316067	412658	419146	245858
FIBIN	48488.9	384158	83793.6	394077
FILIP1L	1.38694e+06	430676	652710	525580
FIS1	3.16596e+06	3.33655e+06	3.5958e+06	2.82432e+06
FKBP10	8.66653e+06	4.10725e+06	7.90824e+06	4.76941e+06
FKBP11	1.2244e+06	971158	2.03256e+06	728766
FKBP14	261042	144786	246648	148226
FKBP15	343416	259291	283526	471740
FKBP1A	2.79319e+07	3.64949e+07	3.15251e+07	4.72909e+07
FKBP2	4.66862e+06	5.13789e+06	6.72209e+06	6.09698e+06
FKBP3	4.3088e+06	2.88819e+06	3.87806e+06	3.03062e+06
FKBP4	4.01786e+06	1.9922e+06	2.36545e+06	1.68318e+06
FKBP5	602048	544263	592531	493682
FKBP7	1.81059e+06	1.2359e+06	2.27e+06	1.18237e+06
FKBP8	836297	328538	767342	246800
FKBP9	3.93313e+06	1.80298e+06	4.58743e+06	1.81065e+06
FLAD1	62322.2		17355.9	
FLG	375185	1.82727e+06	2.70549e+06	385508
FLG2	449708	1.78546e+06	1.83797e+06	674865
FLII	1.03391e+06	803358	747583	998758
FLNA	3.30667e+07	3.05102e+07	3.42191e+07	2.6141e+07
FLNB	9.65953e+06	4.66369e+06	6.77128e+06	7.65099e+06
FLNC	2.22837e+06	5.70225e+06	2.73458e+06	4.87221e+06
FLOT1	577887	1.40937e+06	1.30684e+06	793812
FLOT2	606905	1.63821e+06	766736	791767
FLT1	47518.2	89610.4		
FLYWCH2	321218	132051	121361	112201
FMNL1	754441	1.77655e+06	595447	1.51004e+06
FMOD	2.82615e+06	6.45626e+06	3.63586e+06	6.49967e+06
FMR1	175842	40300.1	138700	48892.3
FN1	1.07039e+07	2.87837e+07	7.22127e+06	4.176e+07
FN3K		142259	201508	368644
FN3KRP	459044	256372	707837	311470
FNBP1	511859	496618	331231	439542
FNBP1L	146379	107952	105901	
FNBP4	150381	72630.5	80250.3	32664.9
FNDC1	699114	540107	311032	
FNDC3A	235736		364563	130324
FNDC3B	319817		200630	137102
FNTA	621743	506250	663647	337822
FNTB	384326	242957	350881	248654
FOLR2	121836		448566	161746
FOXK1	558245	313833	366366	162642
FPGT	159904	138499		124915
FPR1	116022	733941	38483	465419
FPR2		1.27708e+06		597573
FRG1	354964		103476	
FRMPD1	3.51786e+06	2.97397e+06	8.87783e+06	6.1837e+06
FSCN1	6.93333e+06	2.59153e+06	5.25453e+06	2.50585e+06
FSTL1	383677	339263	307556	200216
FTH1	4.72979e+07	1.28656e+08	2.87286e+07	2.87697e+08
FTL	4.73103e+07	9.32022e+07	3.80234e+07	1.66559e+08
FTO	637952	390572	568498	411500
FTSJ3	344297	429473	225006	
FUBP1	6.35208e+06	3.73631e+06	5.91504e+06	4.75749e+06
FUBP3	3.31096e+06	995607	3.34295e+06	1.03435e+06
FUCA1	2.40643e+06	4.177e+06	4.50274e+06	4.60373e+06
FUCA2	690681	1.0002e+06	616273	395318
FUNDC2	525901	310659	654007	231884
FUS	6.78462e+06	2.4974e+06	4.75098e+06	1.85398e+06
FUT11	326990		277310	115924
FXN	186000	438313	313675	
FXR1	1.61116e+06	802186	1.21824e+06	748922
FXR2	88024.6		73719.4	26600.9
FXYD3	314805	278154		
FYB1	1.09447e+06	1.31459e+06	1.27397e+06	1.47249e+06
FZD1	88482		98848.6	
G3BP1	2.49186e+06	1.25556e+06	1.70039e+06	798561
G3BP2	7.92397e+06	5.33357e+06	6.63857e+06	2.93829e+06
G6PD	3.34687e+06	6.88688e+06	3.75292e+06	5.42533e+06
GAA	1.72859e+06	1.91357e+06	2.0583e+06	3.01625e+06
GABARAP	352618	346951	230559	278940
GABARAPL2	262995	375862	233190	329305
GABPA	100892	39585.8		
GAK	72475.2	53300.9		44409.6
GALC	147489	323291	176526	251996
GALE	1.21397e+06	2.19005e+06	2.23122e+06	1.32795e+06
GALK1	564250	312690	534568	265078
GALK2	130880		140016	
GALM	1.78807e+06	1.37746e+06	1.56463e+06	1.30751e+06
GALNS	816435	1.42743e+06	695158	1.75362e+06
GALNT1	382465	307512	295665	291802
GALNT2	967841	887728	959895	978733
GALNT3	82067.7	194694		
GALNT4	533206			
GALNT5	86418.3	159177	159026	44720
GALNT6	105386			
GALNT7	636559	971046	553380	539878
GALT	548081	481322	571565	563803
GANAB	2.09192e+07	2.07381e+07	2.00345e+07	1.95367e+07
GANC	159142		141284	71467.5
GAPDH	3.05018e+08	1.5808e+08	1.90411e+08	2.07925e+08
GAPVD1	244806	206489	246796	126183
GAR1	350333	216525	227019	46611.4
GARS1	1.89593e+06	1.25677e+06	1.77784e+06	702066
GART	2.60179e+06	1.10669e+06	2.01672e+06	1.12723e+06
GAS6		164285	218631	142393
GAS7	64503.3	41152.9	122032	
GATAD2A	168759		81565.8	
GATD1	377745	280958	382318	176273
GBA1	1.86305e+06	2.73222e+06	2.52571e+06	3.70249e+06
GBE1	5.31287e+06	7.49085e+06	4.53127e+06	1.06859e+07
GBF1	68465.4		51126.9	
GBP1	3.16766e+06	2.46433e+06	2.21959e+06	1.16157e+06
GBP2	1.94133e+06	1.88505e+06	1.77675e+06	1.14532e+06
GBP4	96246.3	19681.4	41689.6	14603.8
GC	9.74053e+06	4.21756e+07	1.72804e+07	2.83034e+07
GCA	4.02839e+06	1.71642e+07	3.27971e+06	8.013e+06
GCC1	152743	78233.8	231852	
GCC2	170503	216753	184917	
GCDH	163844	62630.7	248449	67462.4
GCLC	2.75744e+06	2.71402e+06	8.14529e+06	1.97618e+06
GCLM	626089	814910	1.91258e+06	976825
GCN1	533817	297022	410366	188710
GCNT3	72112			42665.1
GDA	393368	385238	401306	222149
GDAP2	39272	40880.1	25132.3	17414.7
GDE1	412637	273423	444756	404895
GDF15		169317		83666.4
GDI1	2.02529e+06	2.12595e+06	2.7039e+06	1.80526e+06
GDI2	7.05791e+06	6.52634e+06	8.66446e+06	5.46518e+06
GDPD3	207736	161895	278268	94146.2
GEMIN5	247171		102757	
GET3	1.97262e+06	1.05321e+06	1.80644e+06	1.21448e+06
GET4	216508	206564	246048	87483.8
GFER	79153.6			
GFM1	1.54072e+06	535701	994785	348235
GFPT1	2.47622e+06	862053	1.76937e+06	497522
GFUS	4.35593e+06	3.07953e+06	5.81498e+06	2.84702e+06
GGA1	353923	249335	222767	324493
GGA2	109994		199396	
GGACT	416664	963428	550894	517438
GGCT	3.19278e+06	2.88726e+06	3.59512e+06	2.15825e+06
GGH	3.43963e+06	5.82077e+06	3.59371e+06	4.1347e+06
GGT1		259957	237799	330243
GGT5	1.74481e+06	1.19379e+06	1.59913e+06	496868
GHITM	248946	481806	330961	217358
GIGYF2	126114		129510	
GIMAP1	150371		56722.4	
GIMAP4	1.78056e+06	1.93097e+06	1.40783e+06	1.73375e+06
GIMAP5	99172.4		108204	
GIMAP7	208274	168899		160339
GIMAP8	631618		593066	
GIPC1	438384		383496	
GIT2	110004	84324.3	60802.4	
GK	348108	354207	258885	306351
GLA	784429	527512	753744	768947
GLB1	4.2659e+06	4.63965e+06	4.5948e+06	3.83446e+06
GLG1	2.83843e+06	1.52037e+06	3.1588e+06	2.02451e+06
GLIPR2	4.04705e+06	4.88694e+06	4.01123e+06	8.65194e+06
GLMN	353278		432812	
GLO1	7.83844e+06	6.68242e+06	7.4091e+06	6.31538e+06
GLOD4	2.70937e+06	2.55789e+06	3.2388e+06	1.62904e+06
GLRX	1.46461e+06	3.16593e+06	1.29366e+06	3.33416e+06
GLRX3	2.22631e+06	864583	1.71976e+06	536500
GLS	729048	440543	452014	
GLT8D1	180880	107322	213768	123907
GLTP	3.48533e+06	3.40465e+06	3.31829e+06	3.14295e+06
GLUD1	4.72708e+06	2.09895e+06	3.76646e+06	2.78589e+06
GLUL	1.74215e+06	1.24342e+06	1.42731e+06	1.66478e+06
GLYR1	978589	1.40849e+06	845926	1.24478e+06
GM2A	1.98108e+06	2.96938e+06	2.37302e+06	4.67315e+06
GMDS	5.54339e+06	2.55011e+06	2.7065e+06	1.03317e+06
GMFB	1.49779e+06	1.12318e+06	1.23502e+06	1.06884e+06
GMFG	2.4492e+06	3.21411e+06	2.00651e+06	2.85727e+06
GMIP	149849	172880		185716
GMPPA	675506	416602	925286	412351
GMPPB	2.0987e+06	1.12101e+06	2.09961e+06	1.10736e+06
GMPR	125193	307172	787926	206940
GMPR2	1.02611e+06	745087	1.19782e+06	984856
GMPS	3.05278e+06	1.27919e+06	2.50172e+06	1.00765e+06
GNA11	319170	552068	545748	
GNA13	281244	245462	398983	267579
GNAI1	502317	475054	952616	350246
GNAI2	3.87664e+06	5.68134e+06	4.45488e+06	4.06778e+06
GNAI3	1.26668e+06	1.29745e+06	1.61509e+06	918800
GNAO1	533719	314182	563329	322619
GNAQ	583352	599565	1.11506e+06	427781
GNAS	517570	642461	765267	338473
GNB1	1.28563e+06	1.8931e+06	1.70661e+06	1.89507e+06
GNB1L	62766.8			
GNB2	637828	1.30885e+06	1.29522e+06	1.06546e+06
GNB4	607655	873387	1.00557e+06	1.03915e+06
GNG12	377564	538567	563044	256431
GNL1	164318		237933	
GNL3	97003		137541	
GNPDA1	1.66052e+06	1.80959e+06	1.94228e+06	1.8982e+06
GNPDA2	520235	479870	614067	432603
GNPNAT1	989080	547380	676524	147598
GNS	4.98821e+06	6.5451e+06	4.36345e+06	1.06619e+07
GOLGA1	139037		49933.9	
GOLGA2	431918		463180	
GOLGA3	3.46973e+06	2.362e+06	3.48208e+06	2.82683e+06
GOLGA5	166241	342937	561898	
GOLIM4	669729	524952	640519	548865
GOLM1	484298	715547	360220	
GOLM2	288194		431113	224932
GOLT1B	223629	196564	139182	41803.1
GOPC	1.14341e+06	598253	1.00924e+06	530100
GORASP1	63804.8			
GORASP2	1.80365e+06	1.39387e+06	1.72702e+06	1.37807e+06
GOSR1	288143	486330	352661	357344
GOSR2	674805	623240	549243	483791
GOT1	1.56468e+06	1.53665e+06	2.10872e+06	1.17896e+06
GOT2	716942	1.01828e+06	1.01036e+06	545659
GP1BA	96616.5	423496	737518	373904
GP1BB	486695	1.77206e+06	2.9999e+06	1.47519e+06
GP2			61216.8	96592.9
GP6			226303	87325.5
GP9	210973	564091	878283	323248
GPA33	1.22472e+06	937146	659437	188690
GPALPP1	38113.9			
GPATCH11	70097.1		132493	
GPC1	606724	140555	1.33988e+06	173310
GPC4	99001.9	45537.1	158735	
GPC6	369860	303719	656844	
GPD1L	390331	314716	344546	116896
GPD2	490277	448206	522096	
GPHN	458027	148471	188821	
GPI	5.23334e+06	6.07045e+06	7.85881e+06	1.20124e+07
GPLD1	415575	766439	686324	725804
GPNMB	4.11885e+06	4.70643e+06	4.73675e+06	7.53721e+06
GPR183	91140.9			
GPR84	184356	751696	147277	525851
GPRC5A	1.33574e+06	1.61631e+06	984194	760249
GPS1	895116	472522	847112	196519
GPX1	2.34572e+06	1.34627e+06	3.3587e+06	1.8049e+06
GPX2	346207	566336	562420	
GPX3	870157	2.04514e+06	1.40978e+06	4.15997e+06
GPX4	1.56125e+06	919884	1.65227e+06	1.67772e+06
GPX7	461700	339024	505654	287403
GPX8	897690	344635	871192	271241
GRAP2	188078	126840	218583	213111
GRB2	2.97631e+06	4.40704e+06	2.6116e+06	5.06826e+06
GREM1	20631.2	24220.3	56362.1	
GRHPR	1.76482e+06	1.88577e+06	2.49334e+06	2.32456e+06
GRIPAP1	755299	483566	731148	574984
GRK2	350257	495133	218115	347342
GRN	2.03959e+06	4.21906e+06	3.4247e+06	7.38731e+06
GRPEL1	180466	171078	46304.8	59313.6
GRSF1	508762	216670	202183	163372
GRWD1	547787	697389	383243	196765
GSDMA	125796	254243	317154	105864
GSDME	300710	222835	406609	273917
GSK3A	184214	100156	187923	121976
GSK3B	94078	35027.5	85412	26774
GSN	4.81517e+07	8.36485e+07	7.63341e+07	1.03498e+08
GSPT1	901477	454687	834707	473862
GSPT2	208814		406250	
GSR	8.30153e+06	8.07244e+06	1.0025e+07	9.52084e+06
GSS	3.50598e+06	2.99286e+06	4.38879e+06	2.81618e+06
GSTK1	1.77634e+06	1.5183e+06	1.42157e+06	955829
GSTM2	312535	117016	267362	96991.7
GSTM3	1.76968e+06	1.33344e+06	2.23952e+06	1.28257e+06
GSTO1	1.45501e+07	1.78249e+07	1.77364e+07	1.1674e+07
GSTP1	2.34884e+07	2.19864e+07	2.0725e+07	1.85505e+07
GSTT1	472510	779187	833482	567969
GSTZ1	34003.9			
GTF2F1	194842		174327	
GTF2F2	204177	204180	251308	150536
GTF2I	1.31427e+06	561584	1.00681e+06	266511
GTF3C2	362968		272345	
GTF3C4	114369	53282	76402.7	127925
GTF3C5	88378.9			
GTPBP1	826523	287756	664255	123023
GTPBP4	265655	365699	201702	151139
GUCY1A1	167527		193025	
GUCY1B1	283262	135716	219187	79434.1
GUK1	750410	450152	763040	402171
GUSB	2.38459e+06	3.91152e+06	3.21391e+06	5.97255e+06
GYG1	1.40904e+07	3.78047e+07	1.29779e+07	2.84342e+07
GYS1	606351	1.08445e+06	657262	1.11974e+06
H1-0	1.93489e+06	7.66981e+06	2.0975e+06	1.338e+07
H1-10	1.17256e+06	1.62334e+06	914244	1.59243e+06
H1-2	543347	7.06965e+06	393872	5.20179e+06
H1-3		310393		362376
H1-4	603609	7.00101e+06	245392	1.26974e+06
H1-5	3.79827e+06	2.24701e+07	3.67672e+06	3.03393e+07
H2AC21	272426	2.45497e+06	153696	1.42672e+06
H2AX	1.12785e+06	2.26338e+06	1.09747e+06	3.77788e+06
H2BC12L		158856		
H3-3A	395609	827725	476283	
H3-7	86767	1.60189e+06	108011	503543
H4C1	5.63251e+06	6.1663e+07	5.62118e+06	2.54412e+07
H6PD	1.10987e+06	1.37498e+06	1.06636e+06	1.58323e+06
HAAO	336290	227933	690595	149549
HABP2		320041	193519	308770
HACD3	303741	98384	374563	155673
HADH	2.36468e+06	2.56767e+06	1.92614e+06	1.67194e+06
HADHA	791003	726340	923362	672164
HADHB	1.3579e+06	1.4515e+06	2.26806e+06	1.13091e+06
HAGH	1.07238e+06	2.0614e+06	3.04424e+06	1.8956e+06
HAL	56417.2	397807	318510	71747.4
HAPLN3	330614		372640	
HARS1	2.4834e+06	1.48005e+06	2.27423e+06	1.36727e+06
HARS2	84850.1		96155	
HAT1	906766	824460	819158	
HBA1	7.46666e+08	3.41594e+09	4.76615e+09	1.50217e+09
HBB	3.00267e+08	1.45416e+09	2.70384e+09	9.35486e+08
HBD	7.52145e+07	3.21762e+08	9.04769e+08	2.79207e+08
HBE1		322590	792067	642911
HBG1	1.77997e+06	8.68961e+06	1.69452e+07	6.91207e+06
HBG2	1.35923e+06	1.46449e+06	1.6322e+07	3.70657e+06
HBQ1		4.30879e+06	5.79756e+06	
HBS1L	300484	113334	250115	63086.8
HBZ	129947	696626	170275	181570
HCCS	578823	225771	450375	194089
HCFC1	2.54212e+06	1.84253e+06	2.09213e+06	2.10188e+06
HCK	1.97876e+06	2.55678e+06	1.59824e+06	3.31948e+06
HCLS1	1.60337e+06	2.36123e+06	1.37155e+06	2.36978e+06
HDAC1	924560	534461	434247	385621
HDAC2	414047	242074	259679	189146
HDAC3	110836			
HDAC6	172649	197776	191870	89166.3
HDDC2	149929	206055	131086	133947
HDGF	7.75752e+06	7.84579e+06	7.40817e+06	6.82938e+06
HDGFL2	364525	137037	237210	77210.8
HDGFL3	877323	412598	1.13922e+06	495760
HDHD2	456580	1.33125e+06	494145	637129
HDHD3	173236	293667	148970	
HDLBP	3.64254e+06	1.24956e+06	3.8575e+06	1.24327e+06
HEATR1	85366.3	141263	94117.3	82475.6
HEBP1	1.75189e+06	1.91103e+06	2.56892e+06	1.57724e+06
HEBP2	2.94946e+06	2.85085e+06	2.23893e+06	3.12633e+06
HELLS	151172	222392	218081	218225
HEPH	3.16678e+06	1.30003e+06	3.35938e+06	1.01687e+06
HERC4	29864.9	79960.8	70897.5	
HEXA	3.08181e+06	3.90603e+06	4.15417e+06	3.93502e+06
HEXB	4.58999e+06	5.31206e+06	6.03982e+06	5.07452e+06
HGD	44977.4	69934.4	41244	
HGFAC	178032	587526	194791	240120
HGS	1.44945e+06	998584	1.19555e+06	687255
HIBADH	2.72233e+06	2.94497e+06	3.15494e+06	2.55195e+06
HIBCH	390289	392563	415375	132651
HIDE1	323123	1.30399e+06	358431	1.58779e+06
HIF1AN	205084	267055	209952	
HIKESHI	301799	150821	293102	
HINT1	3.77784e+06	2.91375e+06	3.40478e+06	2.902e+06
HINT2	538569	811094	260366	469559
HINT3	384019	397995	429625	212547
HIP1	363184	404958	346873	243994
HK1	3.61202e+06	3.0424e+06	4.38859e+06	2.4803e+06
HK2	144047		159837	56201.6
HK3	2.83916e+06	7.40614e+06	3.60324e+06	5.14922e+06
HLA-DMA	123793		157806	377293
HLA-DMB	677636	613616	885512	1.72158e+06
HLA-DPA1	1.24526e+06	1.81126e+06	1.60477e+06	2.401e+06
HLA-DQA1	117246		136692	198558
HLA-DQA2	355528	1.02387e+06	602649	1.20059e+06
HLA-DRA	5.05089e+06	6.48432e+06	6.14318e+06	1.26554e+07
HLA-F	210692		215590	202944
HLA-G	1.20794e+06	413975	1.98051e+06	883750
HLCS	40753.8		23669.1	
HM13	645475	384426	491839	190341
HMBS	904569	960300	1.97297e+06	1.16929e+06
HMCN1	156028		237780	
HMGA1	715126	1.66021e+06	1.56811e+06	2.89517e+06
HMGB1	9.49867e+06	6.96372e+06	7.36663e+06	5.29215e+06
HMGB2	7.3569e+06	1.65224e+07	4.37575e+06	1.53859e+07
HMGB3	2.62787e+06	1.54583e+06	1.35289e+06	1.74243e+06
HMGCL	411755	451808	496279	334258
HMGCS1	1.30771e+06	1.0862e+06		1.05269e+06
HMGCS2	973697	669297	2.55417e+06	194321
HMGN1	2.89976e+06	3.65435e+06	2.85257e+06	2.39147e+06
HMGN2	1.41166e+06	1.85146e+06	954608	1.38665e+06
HMGN4	619347	347531	1.27512e+06	348162
HMOX1	1.83521e+06	1.87851e+06	1.76605e+06	1.96327e+06
HMOX2	388898	159771	243650	66534.3
HNMT	1.55501e+06	934965	1.24731e+06	728570
HNRNPA0	4.02784e+06	1.80444e+06	4.55169e+06	1.37982e+06
HNRNPA1	1.33306e+07	5.47968e+06	9.4178e+06	8.14359e+06
HNRNPA2B1	2.75216e+07	1.30519e+07	2.25226e+07	2.00907e+07
HNRNPA3	4.54802e+07	2.32543e+07	4.42073e+07	2.62221e+07
HNRNPAB	4.58456e+06	2.73106e+06	3.23626e+06	2.18473e+06
HNRNPC	3.42845e+07	1.80807e+07	2.35184e+07	2.62292e+07
HNRNPD	2.29844e+07	1.46895e+07	1.8468e+07	1.62576e+07
HNRNPDL	4.61891e+06	2.48834e+06	5.51103e+06	2.39422e+06
HNRNPF	4.27436e+06	1.968e+06	2.45596e+06	2.96736e+06
HNRNPH1	3.26687e+06	1.86229e+06	2.72742e+06	2.33739e+06
HNRNPH2	1.56496e+06	970793	2.25779e+06	1.42917e+06
HNRNPH3	3.39972e+06	1.48502e+06	2.27593e+06	2.3791e+06
HNRNPK	1.54838e+07	9.00272e+06	1.19293e+07	9.15986e+06
HNRNPL	4.84989e+06	2.96532e+06	3.89239e+06	2.62511e+06
HNRNPLL	464666	149358	355421	279079
HNRNPM	8.08231e+06	4.08124e+06	5.17821e+06	4.93008e+06
HNRNPR	8.87003e+06	3.49869e+06	6.81573e+06	3.30269e+06
HNRNPU	1.51592e+07	5.32077e+06	1.29325e+07	7.14508e+06
HNRNPUL1	2.47672e+06	1.1296e+06	1.84025e+06	1.71593e+06
HNRNPUL2	3.70711e+06	2.82633e+06	3.59089e+06	3.17732e+06
HOMER3	90176.9		55425.4	
HOOK2	58128.6			27075.3
HOOK3	2.37244e+06	1.33479e+06	2.12976e+06	1.298e+06
HP	6.11436e+07	2.61258e+08	6.72908e+07	1.16411e+08
HP1BP3	1.12802e+06	1.55295e+06	1.01943e+06	1.32142e+06
HPCAL1	1.0638e+06	1.47098e+06	840519	1.82317e+06
HPF1	376505	584237	333752	
HPGD	207829			
HPGDS	64624.5		90528	
HPR	788541	1.7424e+06	1.19908e+06	1.31813e+06
HPRT1	2.37304e+06	2.42396e+06	3.05576e+06	2.79334e+06
HPX	2.01736e+07	7.27856e+07	3.28268e+07	4.63989e+07
HRG	3.27891e+06	1.48925e+07	4.78141e+06	1.28362e+07
HRNR	4.21277e+06	1.44056e+07	1.13796e+07	9.10558e+06
HS1BP3	834830	505750	984364	604694
HS2ST1	244986	270816	364343	480528
HSD11B1	572517	1.84861e+06	321000	456281
HSD17B10	4.73792e+06	2.11887e+06	4.88469e+06	2.32524e+06
HSD17B11	311712	468076	360338	398411
HSD17B12	508314	973001	1.03021e+06	
HSD17B4	2.76549e+06	2.45816e+06	3.47416e+06	3.52993e+06
HSD17B8	230511	169345	240935	131982
HSDL2	904246	1.1089e+06	833454	750421
HSF1	65114.1		84592.7	
HSP90AA1	1.62247e+07	8.07168e+06	1.16253e+07	6.36546e+06
HSP90AB1	1.69977e+07	9.15308e+06	1.20554e+07	4.06043e+06
HSP90AB4P	1.08841e+06		1.3152e+06	
HSP90B1	2.70804e+07	2.00816e+07	2.72868e+07	1.23921e+07
HSPA12A	379447	549372	431039	555653
HSPA12B	16646.6		47140.6	
HSPA13	542455	376452	598710	795145
HSPA14	378544	196462	258700	
HSPA1A	1.77629e+07	2.61205e+07	1.67972e+07	3.06534e+07
HSPA2	2.71045e+06	1.11112e+06	1.90882e+06	4.15667e+06
HSPA4	2.91646e+06	2.19273e+06	2.87331e+06	2.12916e+06
HSPA4L	253109	381813	536000	314808
HSPA5	3.40361e+07	3.0001e+07	3.08616e+07	3.55976e+07
HSPA8	4.98876e+07	2.68136e+07	4.04117e+07	3.54834e+07
HSPA9	1.05177e+07	4.2702e+06	9.97997e+06	8.23753e+06
HSPB1	2.3548e+07	9.1067e+06	3.00606e+07	5.70879e+06
HSPBP1	376507	176102	230592	65906.6
HSPD1	5.73763e+06	5.7877e+06	4.53307e+06	1.68775e+06
HSPE1	4.49126e+07	3.7631e+07	3.60693e+07	3.30261e+07
HSPG2	9.43408e+06	3.59262e+06	5.17732e+06	2.96981e+06
HSPH1	5.67386e+06	4.19733e+06	4.45961e+06	1.53634e+06
HTATIP2	1.8175e+06	1.56938e+06	1.46829e+06	1.65659e+06
HTATSF1	630315	251166	427557	222785
HTRA1	232788	288607	681305	198332
HTRA2	441905	346798	447987	116426
HTT	100162		100783	
HUWE1	327352	295004	469895	245313
HVCN1	1.50105e+06	1.90667e+06	1.82e+06	4.00357e+06
HYI	146460		62379.5	66618
HYOU1	5.86806e+06	4.00536e+06	5.16357e+06	3.26011e+06
HYPK	112037		46597.8	
IAH1	381810	699411	433090	179566
IARS1	1.77159e+07	1.25911e+07	1.51946e+07	8.01238e+06
IARS2	20391.1			
IBA57	268714		347156	
ICAM1	2.47734e+06	3.83225e+06	2.87876e+06	3.64054e+06
ICAM2	423949		633367	
ICAM3	1.55999e+06	5.77175e+06	1.5292e+06	9.09165e+06
ICOSLG	117891	22392.2	235211	15825
IDE	843978	690986	1.05088e+06	561540
IDH1	5.47487e+06	5.14073e+06	5.00213e+06	5.26738e+06
IDH2	5.54406e+06	3.00942e+06	5.19904e+06	3.87463e+06
IDH3A	364273	296226	495769	120091
IDH3B	685536	409231	531050	382766
IDH3G	678505	390446	802925	345975
IDI1	693141	485596	414558	591331
IDUA	388014	599018	774700	522779
IER3IP1	391443	894951		642854
IFI16	1.43941e+06	704557	1.26305e+06	973048
IFI30	1.96759e+06	2.44106e+06	705214	3.25245e+06
IFI35	859615	927633	578390	759753
IFIH1	53873.2	13085.9	11796.2	
IFIT3	64024.4			
IFNGR1	86724.7			113070
IFT25	687688	864114	1.83091e+06	931014
IFT27	572884	445342	430044	371574
IGBP1	278476	256628	278613	453445
IGF2	49854	249305	111844	143308
IGF2BP2	1.09438e+06	711450	1.31381e+06	800928
IGF2R	1.3476e+06	1.22543e+06	1.59987e+06	1.57073e+06
IGFALS	559730	1.47727e+06	660037	910625
IGFBP2		300760		353876
IGFBP4	452620	505801	375613	1.1687e+06
IGFBP5	811747	876327	1.27875e+06	1.32963e+06
IGFBP7	5.79422e+06	2.54897e+06	3.80386e+06	1.54237e+06
IGHA1	5.39682e+07	8.65696e+07	9.92928e+07	1.40124e+08
IGHA2	1.65655e+06	8.95941e+06	2.90129e+06	5.05672e+06
IGHD	320048	129352	785949	618657
IGHE	153104	176567	129596	326507
IGHG1	2.06433e+08	4.53786e+08	4.33041e+08	6.83938e+08
IGHG2	1.09769e+08	1.27836e+08	1.42995e+08	2.60141e+08
IGHG3	7.85387e+06	1.47546e+07	1.46145e+07	2.14851e+07
IGHG4	2.11158e+07	2.41572e+07	2.71927e+07	5.37899e+07
IGHM	5.89231e+06	2.49127e+07	9.17741e+06	1.87431e+07
IGHV1-18	197863	680106	330470	710198
IGHV1-2	276475	312763	612286	1.10554e+06
IGHV1-3	700785	690343	343110	466969
IGHV1-45	140857	412081		
IGHV1-46	348063	743909	527572	862737
IGHV1-69	211916	1.35714e+06	536115	581315
IGHV1-8		532566	170898	
IGHV2-26	151144	382248	281396	537725
IGHV2-70D	46809.5	3.35665e+06	69043.1	124876
IGHV3-13	276863	640280	485686	819312
IGHV3-15	291429	659568	394307	573984
IGHV3-20		181171		
IGHV3-35	725562	1.78464e+06	1.2786e+06	1.87438e+06
IGHV3-38	651892	1.07239e+06	1.1117e+06	1.63177e+06
IGHV3-38-3	238377	322334	220300	269566
IGHV3-43	154684	357615	388161	569921
IGHV3-49	460888	941457	1.18894e+06	1.47949e+06
IGHV3-64D	886034	986093	1.50172e+06	2.11692e+06
IGHV3-7	1.21033e+06	3.57807e+06	2.61724e+06	3.51015e+06
IGHV3-72	928129	2.51104e+06	1.83266e+06	2.45249e+06
IGHV3-73				264693
IGHV3-74	1.63682e+06	7.24693e+06	4.02167e+06	8.72457e+06
IGHV4-28	1.00012e+06	1.8335e+06	1.95385e+06	2.92668e+06
IGHV4-4	535981	3.52604e+06	1.31269e+06	1.8653e+06
IGHV5-10-1	465659	1.21249e+06	1.0896e+06	990125
IGHV5-51	1.29923e+06	2.93109e+06	2.18362e+06	2.79283e+06
IGHV6-1	1.09174e+06	6.60686e+06	2.59923e+06	3.58134e+06
IGKC	7.87711e+07	1.5502e+08	1.56372e+08	2.621e+08
IGKV1-16	338058	612842	609746	716356
IGKV1-17	332575	893671	669611	937634
IGKV1-39		671751	511797	1.14175e+06
IGKV1-5	1.38149e+06	2.81995e+06	2.65492e+06	4.19439e+06
IGKV1D-16	354365	407321	383323	903649
IGKV1D-33	1.39998e+06	2.78388e+06	2.62845e+06	4.12764e+06
IGKV2-29	133395		268007	372208
IGKV2-30	4.007e+06	4.62368e+06	3.45903e+06	1.48266e+07
IGKV2D-28	189915	956169	888400	1.03142e+06
IGKV2D-40	280516	314493	599901	755623
IGKV3-20	3.51616e+06	1.33083e+07	8.64544e+06	1.35984e+07
IGKV3D-15	867727	808604	1.22437e+06	1.97067e+06
IGKV3D-20	2.86901e+06	4.50082e+06	4.6119e+06	6.77563e+06
IGKV4-1	8.43242e+06	1.71189e+07	1.74169e+07	3.12425e+07
IGLC7	152759	568979	283026	626250
IGLL5	1.53678e+07	3.49451e+07	3.19279e+07	4.39411e+07
IGLV1-36	187587	218846	264503	401216
IGLV1-40	836467	1.47917e+06	1.31505e+06	2.31438e+06
IGLV1-47	5.06603e+06	1.18511e+07	9.7381e+06	1.8063e+07
IGLV1-51	1.34489e+06	8.03814e+06	2.7611e+06	4.66222e+06
IGLV10-54		63380.1		
IGLV2-11	129337		273631	653977
IGLV2-14		2.58675e+06		
IGLV2-18	301307	206369	334397	592887
IGLV2-23	344916	259196	471160	1.34341e+06
IGLV2-8	323048	854442	593430	802743
IGLV3-10	323017	301527	470379	797929
IGLV3-19	731925	1.35508e+06	1.34392e+06	2.23844e+06
IGLV3-21	214584	672540	543536	1.13361e+06
IGLV3-27	107513		241216	186069
IGLV3-9	488699	1.55818e+06	1.14836e+06	4.97034e+06
IGLV4-60	290960	149037	328771	349184
IGLV4-69	484161	1.66731e+06	1.20714e+06	1.23805e+06
IGLV6-57	182230	1.00156e+06	578829	616196
IGLV7-43	66228.7	86012.3	143037	229577
IGLV8-61	1.73786e+06	1.06658e+06	2.83923e+06	4.11918e+06
IGLV9-49	539478	1.33185e+06	923382	993513
IGSF8	275913	333172	197857	433042
IK	528646	920526	785843	497805
IKBIP	4.09186e+06	1.88873e+06	3.7009e+06	1.2226e+06
IKBKG	395894	465887	563982	243556
IL16	1.12484e+06	1.34919e+06	922656	1.61273e+06
IL18	1.06339e+06	1.10698e+06	750691	834456
IL1B	261226	1.21712e+06		658708
IL1RAP	89948.6	148239	80061.5	105083
IL1RN	355745	659941	316721	836300
IL3RA	194767		93653.9	242952
IL4I1	301948	374967	475674	553041
IL6		355889		71105.7
ILF2	5.1147e+06	2.84419e+06	4.58807e+06	1.94448e+06
ILF3	5.03789e+06	2.82631e+06	3.2841e+06	3.05655e+06
ILK	1.44248e+06	859579	2.00647e+06	754662
ILKAP	607499	254782	402173	169179
ILVBL	218093	186935	231668	129848
IMMT	322006	290818		283416
IMP4	162865		89621	
IMPA1	1.88744e+06	1.91453e+06	2.16832e+06	2.33161e+06
IMPA2	322782	487766	265142	288099
IMPACT	120941		120932	63513.9
IMPDH1	854132	336871	608170	400421
IMPDH2	3.22474e+06	1.34021e+06	3.45342e+06	1.5326e+06
IMUP	459796	89277.5	193599	155857
INF2	543709	349904	437125	274203
INHBA	239888	549370	136902	342851
INPP1	144871		85083	
INPP5D	371632	631249	338429	537070
INPP5K	119699	112359	152720	79993.5
INPPL1	180424	138947	175691	70312.7
INTS11	104670	46249.1	33324.8	
INTS12	39012.8			
INTS13	126098	301120	47880.4	
INTS3	117112			
INTS6	96958.9	65264.1		
IP6K1	67459.1		73831.3	
IPO4	115069			
IPO5	524134	490647	290966	225889
IPO7	1.2152e+06	668073	794954	426065
IPO8	622361	751430	525771	
IPO9	510389	419939	433585	290913
IQGAP1	5.69456e+06	5.6881e+06	5.18952e+06	5.64952e+06
IQGAP2	877001	1.16784e+06	1.14363e+06	913409
IQSEC2	49285.1			
IRAG1	154567	116266	238170	
IRF2BP2	94498.3		70714.9	
IRF2BPL	158666		114168	
IRF3	131099		178450	
IRGQ	215376		89577	
ISCA1	76967.6	107038	76798.4	
ISCA2	113764			
ISCU	116618	77457.8	132378	
ISG15	1.42633e+06	729008	1.55947e+06	679122
ISG20	330760	352458	181812	178817
ISLR	2.80338e+06	1.81586e+06	5.10498e+06	2.93034e+06
ISOC1	1.67922e+06	1.29747e+06	1.50109e+06	1.01978e+06
ISOC2	103419		72000.9	41734.4
IST1	1.13856e+06	1.28868e+06	1.14256e+06	463802
ISYNA1	1.50074e+06	955434	2.01472e+06	747221
ITCH	68995.5			
ITGA1	5.59639e+06	2.75272e+06	5.56223e+06	1.69256e+06
ITGA11	398863	277645	732601	
ITGA2	2.69973e+06	2.77079e+06	2.78636e+06	3.07149e+06
ITGA2B	1.70441e+06	5.65045e+06	1.05955e+07	6.80395e+06
ITGA3	501274	459615	309907	453028
ITGA4	366248	364707	389736	271411
ITGA5	5.16084e+06	1.00788e+07	4.07539e+06	7.69117e+06
ITGA6	1.62859e+06	1.81872e+06	2.32375e+06	1.19163e+06
ITGA7	292640	279250	280122	258138
ITGAL	468175	910289	355135	924623
ITGAM	3.22679e+06	2.41505e+07	2.98306e+06	1.96072e+07
ITGAV	3.32747e+06	4.40204e+06	4.71752e+06	4.51112e+06
ITGAX	1.18037e+06	2.34793e+06	1.06105e+06	3.04101e+06
ITGB1	1.45619e+07	1.66583e+07	1.45455e+07	1.40332e+07
ITGB2	4.82591e+06	2.74766e+07	5.14932e+06	2.6227e+07
ITGB3	2.28156e+06	5.6592e+06	9.76511e+06	7.15355e+06
ITGB4	1.59419e+06	1.10444e+06	1.23398e+06	573509
ITGB5	977531	792956	1.94241e+06	832004
ITIH1	4.81589e+06	1.08459e+07	6.06556e+06	6.75938e+06
ITIH2	5.50104e+06	1.49578e+07	8.95905e+06	8.9642e+06
ITIH3	859149	3.74606e+06	988540	1.87461e+06
ITIH4	3.41578e+06	1.45444e+07	6.21396e+06	9.74823e+06
ITIH5	204968	59619.3	248641	110197
ITLN1	301189	2.1164e+06	603348	777382
ITPA	310685	215427	461591	
ITSN1	940256	960126	1.16106e+06	977046
ITSN2	427549	391720	499987	398417
IVD	2.13288e+06	453499	2.20253e+06	1.51108e+06
IWS1	669907	321671	580396	211440
JAGN1	206874	187746	184644	
JAK1	63926.9			
JAM2	86368.4		56125	
JAM3	261460	256212	460582	133837
JAML	120258	210015	129909	225424
JCHAIN	1.73344e+06	6.34855e+06	3.40894e+06	3.78885e+06
JMJD6	161854	73158.2	77027	153342
JPT1	459708	445054	89373.6	345327
JPT2	279765			
JTB	122935	118684		51248.8
JUP	1.04079e+06	1.94261e+06	2.88274e+06	1.00314e+06
KANK2	291154	110697	364493	
KARS1	2.62869e+06	1.02223e+06	1.70841e+06	655770
KBTBD11	120761	178556	100495	131183
KCNAB2	2.52593e+06	4.87214e+06	2.09614e+06	6.10074e+06
KCNH3	11312			
KCTD12	2.17743e+06	2.21685e+06	1.99667e+06	1.66037e+06
KCTD5	169400			
KDELR1	289481	267989	283610	146276
KDELR2	36099.8	116929	78910.7	
KDELR3	86212.8	227510	76618	
KDM1A	694509	557067	447133	444281
KDM2A	106792			
KDM3B	237761			
KDM7A	233429			
KDSR	127113	163403	138676	
KEAP1	101789			
KHDRBS1	3.96069e+06	2.04643e+06	3.00889e+06	2.73325e+06
KHDRBS3	424726	134964	344373	
KHSRP	3.90663e+06	1.57911e+06	3.59644e+06	984125
KIAA0319L	111008	110207		
KIAA0930	112337		47398.4	37415.5
KIAA1217	588359	298482	726389	108055
KIF13B	486349	373995	537902	446375
KIF1B	66096.2			
KIF22	246189	372232	384532	
KIF2A	573556	231670	591427	287867
KIF2C	39385.6			
KIF3A	15350			
KIF3B	304383	388668		
KIF5B	3.26857e+06	2.13036e+06	2.90118e+06	1.94736e+06
KIF5C	291293	277379	177265	250520
KIN	130117		84679	
KIRREL1	177012		263731	137494
KLC1	562853	479835	417237	372314
KLC2	124093		51006.3	
KLC4	304416		353638	
KLKB1	1.00955e+06	2.59666e+06	1.69191e+06	2.87894e+06
KMT2D		405133		
KNG1	4.02136e+06	1.78287e+07	8.04493e+06	1.1945e+07
KPLCE	1.39075e+06	2.11692e+06	1.85172e+06	2.4936e+06
KPNA1	127918		74158.8	
KPNA2	218920		75568.5	
KPNA3	343403	195719	228991	
KPNA4	233310	135496	157064	113897
KPNA6	289435		199224	
KPNB1	1.57873e+06	1.16038e+06	893579	527016
KPRP	479041	1.18834e+06	1.57908e+06	681809
KRAS	437312	369222	327909	237642
KRT1	9.45417e+07	3.159e+08	3.50628e+08	1.58832e+08
KRT10	3.56113e+07	1.05643e+08	1.33157e+08	4.29334e+07
KRT13	190475	913278	5.34153e+06	
KRT14	4.09524e+06	1.36387e+07	2.04378e+07	1.31825e+07
KRT15	21263.3	67560.8	131443	
KRT16	1.01399e+06	4.65017e+06	5.39276e+06	4.71833e+06
KRT17	371231	1.16466e+06	1.49149e+06	928199
KRT18	5.49597e+06	1.16913e+07	4.27308e+06	2.01104e+06
KRT19	871789	4.88582e+06	660484	916310
KRT2	2.53632e+07	6.08816e+07	6.97744e+07	3.35879e+07
KRT20	135065	617159	132459	107680
KRT23	126854	269473	258575	105756
KRT27		409096		
KRT4	206234	650825	3.65244e+06	
KRT5	7.84446e+06	2.52403e+07	2.99303e+07	1.65919e+07
KRT6A	2.32568e+06	5.62745e+06	6.35529e+06	4.53148e+06
KRT6B	793410	2.70268e+06	1.74597e+06	1.65224e+06
KRT72	97816	474038	426150	357611
KRT76		480596	234794	228236
KRT77	430369	1.79554e+06	2.13324e+06	945322
KRT78	374011	1.33117e+06	1.70328e+06	572215
KRT8	6.80493e+06	1.89438e+07	2.18152e+06	3.40989e+06
KRT80	1.54418e+07	4.28328e+07	4.99779e+07	3.11079e+07
KRT9	3.41927e+07	1.32089e+08	1.60804e+08	7.94922e+07
KRTCAP2	432068	220744	297354	
KTN1	2.43268e+06	1.19575e+06	2.41133e+06	1.70889e+06
KYNU	125478	126214	161155	213807
L1TD1	341063			
L2HGDH	145697	67300.3	66349.5	
L3HYPDH	335566		324039	173379
LACC1	82394.6		47410.4	
LACTB	247107	285852	216253	233615
LACTB2	723730	737149	549814	430198
LAD1	1.10147e+06	551203	412148	64845.1
LAMA2	163694	147745	190985	163916
LAMA4	4.16834e+06	1.84371e+06	2.26237e+06	1.35696e+06
LAMA5	2.87143e+06	673891	2.27959e+06	973631
LAMB1	7.42959e+06	3.71305e+06	4.79077e+06	2.94666e+06
LAMB2	642848	257361	605731	303086
LAMC1	4.62113e+06	2.25628e+06	3.24391e+06	1.92302e+06
LAMC2	73575.7			
LAMP1	9.20098e+06	1.33561e+07	8.98728e+06	1.65265e+07
LAMP2	1.37867e+07	2.77528e+07	1.74937e+07	4.55995e+07
LAMTOR1	144754	495347		325650
LAMTOR2	1.019e+06	1.20345e+06	576976	1.25028e+06
LAMTOR3	1.91721e+06	3.28251e+06	1.82214e+06	3.12409e+06
LAMTOR4	1.43023e+06		118504	1.51018e+06
LANCL1	1.25575e+06	712139	1.47387e+06	750555
LANCL2	370658	181863	413561	111781
LAP3	1.49115e+07	9.63078e+06	1.33802e+07	7.94204e+06
LARP1	460311	289683	315718	226493
LARP4B	55806.8		215110	
LARP7	290485	78816.5	254350	67146.4
LARS1	1.10803e+06	681659	910218	475975
LARS2	98124.5			
LASP1	1.68856e+07	9.565e+06	1.34464e+07	7.45999e+06
LBP	268209	2.33154e+06	405390	500604
LBR	1.36338e+06	3.27226e+06	1.31877e+06	3.978e+06
LCAT	138115	268768	122627	254474
LCLAT1	66814.8	97316.4	81353.9	28350.5
LCMT1	287676	150583	236517	93443.9
LCN1	202004	890590	504667	669838
LCN2	2.57279e+07	3.46951e+07	1.79991e+07	9.8468e+07
LCP1	1.76042e+07	3.70603e+07	1.83493e+07	2.89352e+07
LCP2	939627	804097	508465	885410
LDHA	2.72676e+07	3.37417e+07	3.09878e+07	1.42422e+07
LDHB	1.60292e+07	1.34885e+07	2.12302e+07	7.74035e+06
LEMD2	664752	668669	1.10597e+06	382643
LEMD3	366792		381648	
LEO1	170035		171341	
LEPROT	60553.9	113612	82296.6	41210.8
LETM1	594030	477124	606817	239882
LGALS1	3.06347e+07	3.48957e+07	3.69202e+07	1.96181e+07
LGALS3	2.11388e+07	1.67842e+07	1.49581e+07	1.46978e+07
LGALS3BP	4.12234e+06	5.00489e+06	4.10594e+06	2.64532e+06
LGALS4	1.27067e+07	9.75592e+06	6.52966e+06	1.67079e+06
LGALS7	705288	1.73265e+06	3.1573e+06	1.13494e+06
LGALS8	214002	158656	230656	192241
LGALS9	817247	323696	450137	203293
LGALSL	455340	509289	816392	504444
LGMN	3.20142e+06	683569	2.57871e+06	1.28e+06
LHFPL2	216612	497956	256959	
LHPP	379048	405965	564998	446468
LIG1	130578			
LIG3	165382	159281	154625	129298
LILRA2	62268.1	65497.3	57458.8	167324
LILRA3	417826	443124	377134	1.23037e+06
LILRA5				101522
LILRA6	156244	279340	224899	855691
LILRB2	462244	1.18046e+06	402178	1.92212e+06
LIMA1	1.66424e+06	531477	1.3065e+06	294157
LIMD2	435558	822361	293115	498111
LIMS1	1.58881e+06	1.40781e+06	2.64821e+06	1.11447e+06
LIN7C	761067	823569	1.20045e+06	671364
LIPA	533571	364337	835013	338902
LITAF	2.52441e+06	3.93261e+06	2.94448e+06	4.63908e+06
LMAN1	4.23238e+06	3.00711e+06	4.58992e+06	4.04295e+06
LMAN2	1.28851e+07	1.33169e+07	1.25812e+07	1.41869e+07
LMAN2L	280872	364787	267521	287203
LMBRD1	208181	311897	254482	399489
LMCD1	2.1054e+06	1.91733e+06	1.33112e+06	1.22016e+06
LMNA	1.03741e+07	6.53164e+06	8.75774e+06	7.18141e+06
LMNB1	2.38563e+06	5.08173e+06	1.48998e+06	4.86702e+06
LMNB2	1.99315e+06	2.62534e+06	1.53875e+06	3.12116e+06
LMO7	543036	551830	514184	323441
LMOD1	2.42554e+06	1.31942e+06	1.97006e+06	567306
LNPEP	615150	791135	682453	555706
LNPK	308005	436863	386479	342888
LONP1	234166		200848	
LORICRIN	111733	643641	312228	
LOXL2	2.22962e+06	1.9198e+06	1.52088e+06	2.93693e+06
LPA	362813		517231	785962
LPAR1	182977	169887	294838	97639.9
LPCAT2	573547	1.29913e+06	498207	1.75906e+06
LPP	2.91848e+06	1.31275e+06	2.6201e+06	857426
LRBA	146278	162603	173358	70518.5
LRG1	2.13546e+06	1.59063e+07	1.00266e+06	4.57113e+06
LRP1	2.77151e+06	1.8318e+06	3.92576e+06	2.84694e+06
LRPAP1	1.83365e+06	1.40934e+06	2.07053e+06	1.41925e+06
LRPPRC	1.05026e+06	405797	576222	43195.3
LRRC15	544642	377946	1.09491e+06	108317
LRRC20	58014.1	92166.8		
LRRC25	268073	854862	224131	691875
LRRC32	201812		178569	
LRRC40	75349.2		71949.8	
LRRC47	556462	252612	489131	291902
LRRC59	9.53232e+06	5.28478e+06	1.06008e+07	3.17725e+06
LRRC8A	39967.5			
LRRFIP1	1.38055e+06	1.2685e+06	972659	1.13623e+06
LRRFIP2	322783	411125	398415	535278
LRRK1	2.40228e+06	1.24577e+06	1.8692e+06	1.28605e+06
LRWD1	85280.6			
LSAMP	571466	380180	1.08909e+06	468502
LSG1	371739		358264	
LSM1	731872	619875	262833	422419
LSM12	948019	381080	611557	362863
LSM14A	239198	216686	207131	
LSM2	2.29141e+06	2.32081e+06	1.82329e+06	2.32279e+06
LSM3	1.08782e+06	1.04993e+06	557789	557811
LSM4	690916	547566	742453	452009
LSM6	3.10051e+06	2.39632e+06	2.22625e+06	2.61248e+06
LSM7	2.77659e+06	3.01535e+06	2.63544e+06	2.86242e+06
LSM8	1.91314e+06	1.56069e+06	1.51188e+06	1.52187e+06
LSP1	1.43987e+06	2.81694e+06	1.35848e+06	2.9096e+06
LSR	357525	211154	276198	
LSS	95322.9	155727		
LTA4H	2.06316e+06	5.36303e+06	2.84955e+06	3.5558e+06
LTB4R	98157.5	549696		460075
LTBP1	306930	311907	588044	748892
LTBP2	889201	656663	1.57771e+06	624694
LTBP4	346334	169813	465069	212649
LTC4S	598869		556867	357905
LTF	8.54171e+07	9.35618e+07	6.96721e+07	2.41911e+08
LUC7L	277620	208572	188640	143711
LUC7L2	767811	326222	644623	309725
LUC7L3	420663		142862	217467
LUM	1.73865e+07	2.3486e+07	1.87233e+07	2.96455e+07
LUZP1	417422	207107	336188	221222
LXN	1.55807e+06	1.1233e+06	3.6002e+06	1.22437e+06
LY6G6F		285913	405799	466095
LY75	490000	1.05989e+06	465789	704061
LYAR	704620	159865	460177	314298
LYN	613276	791612	575749	878705
LYPLA1	1.87442e+06	2.52919e+06	1.92376e+06	2.31885e+06
LYPLA2	882734	961110	626315	725258
LYPLAL1	389591	228807	402888	258014
LYRM2	237664		290872	225221
LYRM4	198497	119050	182015	
LYRM7	358038	91429.4	331249	
LYSMD2	340168		270046	215505
LYVE1	62896.4	99649	31319.6	54748.7
LYZ	2.0925e+08	6.4997e+08	1.94723e+08	1.13287e+09
LZIC	343087	655338	468916	524775
LZTFL1	224364	239819	251844	96033.1
M6PR	1.62283e+06	2.25328e+06	2.3006e+06	2.96707e+06
MACF1	773150	496053	574115	468692
MACROH2A1	3.59739e+06	8.06482e+06	3.52247e+06	8.86382e+06
MAD1L1	357326		274706	120689
MAD2L1	653404		209928	
MAGED2	763297	399608	695380	263932
MAGT1	190471	143843	233425	97219
MAL2	516875	1.4842e+06	543149	68089.2
MAN1B1	60069.1	43491.6	56875.2	
MAN2A1	606114	455531	643311	419580
MAN2A2	39844.4		10364.9	11941.6
MAN2B1	1.48038e+06	1.45083e+06	1.65181e+06	2.9843e+06
MAN2B2	189320	189594	244559	232740
MAN2C1	241713	175502	322514	172272
MANBA	940836	1.19481e+06	1.20945e+06	1.30746e+06
MANBAL	129045	69031.1	82451.3	56877.8
MANF	2.23146e+06	1.95387e+06	2.22578e+06	1.68387e+06
MAOA	1.638e+06	1.53265e+06	1.74774e+06	678348
MAOB	162045	599198	289117	
MAP1A	256832	229239	315463	58125.7
MAP1B	275955	189798	134216	115264
MAP1S	116497	80684.2	213701	
MAP2K1	1.51703e+06	1.61821e+06	1.57344e+06	1.70265e+06
MAP2K2	870051	788932	1.01559e+06	935562
MAP2K3	141997		191808	
MAP2K4	92262.9			
MAP3K4	573751	2.69247e+06	731579	724627
MAP4	4.86197e+06	1.60858e+06	4.41742e+06	2.03027e+06
MAP4K4	173881	1.4e+06	892520	
MAP7	341383	132221	181488	
MAP7D1	105521		190385	
MAPK1	2.85949e+06	2.22443e+06	2.8441e+06	1.86133e+06
MAPK13	83963.2	67644.3		
MAPK14	1.17167e+06	868803	972755	879427
MAPK15	1.34617e+06	1.56099e+06	1.93007e+06	724939
MAPK3	701291	387815	690166	357461
MAPKAPK2	395644	414927	398515	355404
MAPKAPK3	366804	323223	287751	316954
MAPRE1	4.17284e+06	3.83198e+06	3.03538e+06	2.93788e+06
MAPRE2	253457	115638	226117	112424
MARCKS	8.12697e+06	2.80818e+06	5.75709e+06	2.02676e+06
MARCKSL1	2.81837e+06	641489	1.1938e+06	448650
MARK1	51881.9	63912.6	39299	
MARK2	303152	383823	208049	391800
MARS1	374336	342574	389440	310250
MARVELD1	160529		78965.1	
MASP1	110092	293406	199143	570855
MASP2	127574	338301	249556	673259
MAT2A	4.62502e+06	2.97916e+06	3.44316e+06	2.96349e+06
MAT2B	1.61635e+06	865685	1.37776e+06	1.10247e+06
MATR3	2.41031e+06	1.0061e+06	1.66575e+06	1.27965e+06
MAU2	77741.9	40189.3	66849.4	
MAX	112638			
MBL2	47359.4	487979		162466
MBLAC2	48728.5	93703	107578	76983.1
MBNL1	679193	295279	391237	271672
MBOAT7	168703		122643	
MCAM	8.20575e+06	3.01684e+06	6.4102e+06	3.17888e+06
MCAT	614453		691632	504288
MCCC2	529025	592766	491340	310636
MCEE	442750	275524	480673	238296
MCEMP1	969402	6.15286e+06	1.05911e+06	6.01098e+06
MCM2	1.67742e+06	1.84287e+06	921624	
MCM3	868821	126201	292480	34524.9
MCM4	620732	72043.7	154257	
MCM5	1.08768e+06		389513	1.19598e+06
MCM6	473062	105341	93752.6	
MCM7	827285			
MCMBP	178833	44015.1	60846.8	
MCRIP1	335385	83331.8	185861	
MCTS1	3.49676e+06	1.58152e+06	2.25329e+06	1.73763e+06
MDH1	7.97071e+06	6.01586e+06	1.13063e+07	4.53971e+06
MDH2	1.27157e+07	1.16217e+07	1.46045e+07	1.58248e+07
MDK	458622	262962	628787	412366
MDP1	651740	832566	764459	907094
ME2	401789	340538	326334	273986
MEAK7	236826	203268	280467	175568
MECP2	207619	125599	286891	183228
MECR	545278	362320	501512	532028
MED1	236415		136568	
MED15	81636.4		64478.8	
MED20	86420.6			
MED4	50902			
MEF2D	270830		198907	178226
MELTF	108803	251206		165795
MEMO1	728122	577146	541726	557844
MERTK	483021	399930	343169	378136
MESD	5.78059e+06	3.45572e+06	7.12166e+06	2.78169e+06
METAP1	697687	210390	413669	237471
METAP2	8.77772e+06	4.26263e+06	5.70662e+06	6.83617e+06
METTL1	246440	30885.5	134971	
METTL13	48282.2			
METTL14	199214	149577	147109	133465
METTL26	1.35815e+06	1.17388e+06	1.20697e+06	949347
METTL3	459595	376170	244756	251287
METTL5	84284.2		58531.1	
MEX3A	648817	2.28297e+06	1.75819e+06	1.76905e+06
MFAP4	2.11768e+06	4.39705e+06	4.44098e+06	3.81688e+06
MFGE8	1.16755e+06	3.82523e+06	1.25508e+06	4.123e+06
MFSD1	551343	1.37409e+06		
MFSD10	157253	183974	191092	91232.4
MGAM	1.16772e+06	6.85954e+06	803539	6.37079e+06
MGAT1	135066	78440	120383	76680.4
MGAT2	275836	302717	467078	299610
MGAT5	41002.5	32654.5		
MGLL	493562	423429	547432	492014
MGME1	102378			
MGST1	1.49022e+06	2.2044e+06	991016	1.26775e+06
MGST2	6.67374e+06	3.59492e+06	3.7845e+06	3.22088e+06
MGST3	2.58537e+06	3.95246e+06	2.07083e+06	892231
MIA2	71553.4	25216.1	24700.8	
MIA3	671006	398874	686209	349430
MICAL1	189269	242620	206716	252691
MICAL2	205198	53937	128850	85282.2
MICALL1	329641			
MICOS10	649398	701862	436399	381583
MIEF1	223552	90660.2	66481.9	
MIER1	170893			
MIF	9.63812e+06	5.99503e+06	3.18484e+06	7.13556e+06
MINDY1	30927.2	61190.2	29105.2	
MINDY3	77667.7		126158	
MINPP1	536004	470370	449460	216654
MIOS	289131	382524	185896	379434
MISP	116769	81097.9	123791	
MIX23	2.14975e+06	1.66587e+06	1.67883e+06	1.52447e+06
MKI67	547902	485181	1.00787e+06	
MKLN1	24263.1			
MKRN2	115101			
MLEC	3.39772e+06	2.83493e+06	3.02303e+06	2.44904e+06
MLKL	312567	325585	214097	208985
MLLT1	256318	126326	178992	223528
MMAA	208274		281284	
MMAB	350003		233585	
MME	442112	1.31206e+06	336965	1.26388e+06
MMP1	1.134e+06	4.46084e+06	796656	2.85488e+06
MMP10				393996
MMP12	489196	280853	334130	544927
MMP14	4.26934e+06	3.41843e+06	3.25008e+06	3.78819e+06
MMP2	922516	1.67457e+06	1.90223e+06	1.51743e+06
MMP25	335106	780404	138266	1.0655e+06
MMP3	715037	5.07093e+06	804440	4.38915e+06
MMP7	735151	213261	675984	
MMP8	3.88638e+06	4.99367e+06	3.19565e+06	1.61551e+07
MMP9	8.71128e+06	5.11885e+06	6.88405e+06	2.41496e+07
MMRN1	280802	385067	766839	1.17476e+06
MMRN2	147201		131726	
MMUT	271595	77843.7	263521	79497.6
MNAT1	53846			
MNDA	1.47184e+07	4.3103e+07	1.06433e+07	4.4384e+07
MOB3A	415636	206669	328777	457068
MOB4	397486	320431	400000	484084
MOCS2	311411		383137	244121
MOGS	3.65492e+06	3.12571e+06	5.76044e+06	3.19447e+06
MORC3	751592		387672	
MORF4L1	60379.8			
MOSPD2	223954	397347	265545	520914
MOV10	483721	82728.6	363595	134869
MOXD1	1.53174e+06	1.40995e+06	5.12079e+06	1.21673e+06
MPC2	212550	396510	174879	73152.5
MPDU1	780482	996275	914622	538723
MPG	926295	715761	658523	805637
MPI	40209.5			
MPIG6B		54768.3	502112	127324
MPO	8.11927e+07	2.10517e+08	6.12331e+07	1.98254e+08
MPP1	317344	256178	1.38678e+06	358998
MPRIP	342431	233119	348111	267440
MPST	2.6049e+06	3.01733e+06	2.85066e+06	2.30952e+06
MPZL1	1.08444e+06	1.78801e+06	1.64542e+06	1.34233e+06
MRC1	953670	969433	1.12613e+06	1.65418e+06
MRC2	2.70649e+06	1.41382e+06	3.92169e+06	1.94455e+06
MRE11	1.89034e+06	685722	1.37377e+06	1.03704e+06
MRFAP1	41486.6		80906.8	
MRGPRF	135777	36507.6	359735	64902.5
MRI1	63511.1	101276	50435.6	
MRPL1	111721		22368.7	
MRPL12	624563	1.37128e+06	396276	563347
MRPL17	114763		124212	
MRPL21	29517.5		16139.9	
MRPL24	136021	119816	246373	
MRPL37	154269		55170.6	
MRPL38	99280.7		58905.1	
MRPL39	110032	76347.2		
MRPL43	125526			
MRPL46	277520		183078	
MRPL49	51913.4	18660.3		
MRPL55	51917.3	186045	8820.23	
MRPL9	72102.2			
MRPS23	246264	88635.8	74962.2	
MRPS24	127008			
MRPS27	242301		273212	
MRPS31	121373	47860.2	101338	71316.1
MRPS35	37554			
MRPS36	190797	193032	217533	
MRRF	1.33046e+06	765156	1.28978e+06	295037
MRTO4	187365		73647.2	
MSANTD2	147887		174571	
MSH2	297538	196227	221067	253832
MSH6	272534			
MSI2	419400	295097	556276	339006
MSMO1	43675.7			
MSN	3.16165e+07	2.39399e+07	2.26602e+07	2.80769e+07
MSR1	80800.4	138519	131751	91282.6
MSRA	563449	861471	365982	1.11127e+06
MSRB2	392878	381989	312114	304073
MSRB3	1.34494e+06	1.10217e+06		
MST1	109899	616420		476065
MT-ATP6	622123	560522	413903	496341
MT-ND2	54830.4			
MT1F	49330.5	72901.3		
MT2A	821102	1.20429e+06	249642	1.27583e+06
MTA1	128244		97197.7	
MTA2	1.60472e+06	939437	906403	977100
MTAP	5.52716e+06	5.54935e+06	6.32244e+06	6.06894e+06
MTARC2	252534	192196	267710	128829
MTCH2	61211.2	102360		
MTDH	1.32609e+06	931847	1.55867e+06	821861
MTHFD1	1.62777e+06	1.03552e+06	2.08996e+06	691896
MTHFD1L	93525.9		98778.6	
MTHFD2	224239	208890	230572	117770
MTHFS	360304	247013	320891	389599
MTM1	149626	148752	178526	
MTMR14	63375.4		36565.9	
MTPN	1.09882e+06	2.28907e+06	731290	1.65953e+06
MTRES1	105733		88336.2	
MTREX	108757		156220	39564.8
MTTP	427343	372441	354383	345478
MTX1	152435			23183.2
MTX2	568313	700766	433248	
MUC1	223830	340679	93846	
MUC13	989388	2.81546e+06	1.00546e+06	
MUC2	1.42958e+06	4.84033e+06	2.00655e+06	645437
MVB12A	347835	341297	381278	287160
MVD	815208	652039	649886	255403
MVP	7.19363e+06	5.78171e+06	7.0539e+06	3.99579e+06
MX1	1.06617e+06		1.19777e+06	
MXRA5	1.06368e+06	1.52601e+06	1.00534e+06	752553
MXRA7	299145	429755	459626	334564
MXRA8	532042	256810	545897	335218
MYADM	1.08101e+07	1.07469e+07	1.01561e+07	7.57288e+06
MYBBP1A	495887	756992	327558	264732
MYCBP	432617	746734	704987	526012
MYCBP2	433192	533215		
MYDGF	7.03658e+06	7.10189e+06	6.25025e+06	8.26423e+06
MYG1	2.37014e+06	1.66588e+06	2.09137e+06	1.59131e+06
MYH10	376448	591117	427574	304882
MYH11	2.40735e+06	5.3947e+06	3.0097e+06	2.00823e+06
MYH9	5.92101e+06	9.76405e+06	6.74969e+06	7.86759e+06
MYL6	4.96756e+06	5.8475e+06	3.15374e+06	2.15836e+06
MYL9	2.46252e+06	1.4794e+06	1.45802e+06	880824
MYLK	2.97735e+06	2.17649e+06	2.66559e+06	1.25076e+06
MYO1B	235372		216966	85660.3
MYO1C	724874	377009	989606	222357
MYO1D	165808	129653	288133	
MYO1E	91565.5		122806	
MYO1F	487398	716607	309728	650074
MYO1G	120969	118275	376603	164546
MYO3B	321237	885668	235927	1.90454e+06
MYO6	775777	1.02673e+06	820325	
MYO9B	114557	61048	75241.4	41890.5
MYOF	4.16705e+06	2.5388e+06	5.40645e+06	1.20259e+06
MZB1	4.26749e+06	782800	1.50088e+07	7.15434e+06
NAA10	295894	84372.7	128988	55495.4
NAA15	653198	325510	212632	170889
NAA25	104424	69107.8	47417.4	
NAA50	756685	381456	493515	394682
NAAA	645612	591352	700165	630756
NAB2	60788.1			
NACA	4.20841e+06	800752	2.32537e+06	594756
NACC1	140161	40667.1	79964.4	39254.9
NADK	469564	752638	442096	554136
NADK2	403895	372535	498737	319600
NADSYN1	945316	799436	926052	1.10417e+06
NAE1	447811	256605	405847	63543.9
NAGA	1.69198e+06	1.87158e+06	2.43182e+06	1.97813e+06
NAGK	1.81159e+06	1.97841e+06	1.6526e+06	1.97241e+06
NAGLU	456072	620267	602801	523397
NAMPT	5.56685e+06	1.49934e+07	7.24026e+06	2.05919e+07
NANS	5.83765e+06	4.06714e+06	6.20476e+06	4.1098e+06
NAP1L1	1.63766e+06	455475	941567	134372
NAP1L4	624216	323613	368893	
NAPA	2.24012e+06	5.14097e+06	2.30421e+06	2.52e+06
NAPG	388205	510864	371852	484172
NAPRT	606678	1.51739e+06	809962	451750
NARS1	4.98859e+06	2.53251e+06	4.07136e+06	1.86105e+06
NARS2	281659	105512	229491	93850.8
NASP	616768	399224	460244	264811
NAT1	112922		75418.9	
NAT10	206581	54631.4	93661.9	
NAXD	140062	114059	236966	
NBN	291281	272638	278018	201880
NCALD	397665	244730	435340	
NCAPD2	106339			
NCBP1	311400	219150	264204	119172
NCBP2	468115	372341	438648	330808
NCBP3	208743	106118	151199	
NCCRP1	185729	378920	575595	
NCDN	74984.1		11585.7	
NCEH1	750465	1.28106e+06	612226	660685
NCF1	41149.9			
NCF1C	182063			422933
NCF2	2.31052e+06	3.60734e+06	2.31266e+06	6.21324e+06
NCF4	1.91793e+06	3.18449e+06	1.84153e+06	6.53429e+06
NCK1	3.47775e+06	2.39332e+06	3.45397e+06	2.71587e+06
NCK2	1.1064e+06	585324	800002	814834
NCKAP1	143292	133394	226507	55559.9
NCKAP1L	478201	1.32132e+06	620169	371542
NCL	2.20473e+07	9.1511e+06	1.702e+07	9.3631e+06
NCLN	202976	246405	291009	151607
NCOA5	734893	418521	455735	686994
NCS1	135314	106176	171232	104897
NCSTN	2.29302e+06	2.78166e+06	2.03393e+06	3.77085e+06
NDRG1	854149	650841	516590	623913
NDRG2	152472	116156	179023	
NDUFA10	487059	159943	534824	
NDUFA11	487247	713603	496949	385010
NDUFA12	32212	44594.7		
NDUFA2	1.22787e+06	1.16979e+06	623973	482602
NDUFA6	447125	268384	467139	
NDUFA7	166876	105617	171211	
NDUFA8	212003	202191	110452	122140
NDUFA9	192456	206082	209228	80708.3
NDUFAF2	216414	312426	263956	187432
NDUFAF3	533182		164210	398631
NDUFB10	867908	784846	630946	344556
NDUFB3	343618	926283	467490	
NDUFB4	608523	741244	628975	242808
NDUFB6	398238	412553	216701	
NDUFB9	247360	144015	109144	
NDUFS1	505668	386501	398956	226135
NDUFS2	92946.4			
NDUFS3	285972	180902	198406	
NDUFS4	708121	792120	794655	366923
NDUFS5	348485	248386	257807	51762.5
NDUFS6	178981	481965	229632	428497
NDUFV1	1.06704e+06	1.00455e+06	955180	446598
NDUFV2	2.07618e+06	2.47172e+06	1.76471e+06	1.14666e+06
NECAP1	206264	155303	264942	
NECAP2	954022	553902	1.15023e+06	793327
NECTIN2	983920	629202	889327	726251
NEDD4	358364	212817	357468	
NEDD8	2.86103e+06	3.82883e+06	1.95732e+06	3.27021e+06
NEGR1	160635		237252	
NEK7	105692		95670.1	
NEK9	1.40156e+06	1.962e+06	982839	3.22514e+06
NELFA	347677	129515	231812	142099
NELFB	73420.7	30380.2	40590.7	
NELFCD	145807		138395	
NELFE	112919		67708.8	55476
NEMF	883774	708738	843503	751248
NENF	1.12821e+06	1.07964e+06	770424	954928
NEO1	195412			
NEU1	572442	639657	747932	440354
NEXN	796919	928298	1.1387e+06	614833
NF2	297812	1.79617e+06	227784	1.60515e+06
NFAM1	122073	184660		121199
NFATC2IP	103349		54826.3	
NFIC	142521		422473	
NFKB1	2.00515e+06	1.61404e+06	1.81927e+06	1.17552e+06
NFKB2	2.34965e+06	2.06767e+06	2.99221e+06	1.93808e+06
NFS1	65975.5		109582	
NFU1	156021		61295.9	
NFYC	194590	176518	179437	200665
NHERF1	3.16039e+06	3.62771e+06	2.32518e+06	3.55613e+06
NHERF2	513664	155812	416221	202705
NHLRC2	575647	505126	535588	340012
NHLRC3	713226	893564	594771	1.03777e+06
NIBAN1	226817	202982	216049	302044
NIBAN2	1.07853e+06	535186	1.11486e+06	305132
NID1	4.06389e+06	1.84025e+06	2.26378e+06	1.56799e+06
NID2	3.91325e+06	2.07351e+06	2.60624e+06	1.62747e+06
NIF3L1	1.17354e+06	796055	1.47721e+06	717973
NIP7	156207	93927.3		
NIPBL	100679			
NIPSNAP1	650044	356964	519455	157838
NIPSNAP2	1.26148e+06	1.37001e+06	1.34375e+06	982755
NIPSNAP3A	1.86715e+06	1.90309e+06	1.65823e+06	1.99567e+06
NIT1	1.50012e+06	1.71446e+06	1.31202e+06	1.45756e+06
NIT2	2.87697e+06	3.10418e+06	2.4002e+06	2.42534e+06
NLE1	596700		510869	
NME1	5.88112e+06	5.44419e+06	7.97594e+06	3.90729e+06
NME2	2.00327e+06	2.65755e+06	3.68781e+06	1.73188e+06
NME3	1.0713e+06	899268	1.77063e+06	691061
NME7	524600	582159	390971	
NMI	885984	1.11343e+06	657453	1.07498e+06
NMNAT1	141068		154638	
NMT1	868511	641491	781323	559220
NNMT	1.05231e+07	1.01168e+07	8.87563e+06	3.66879e+06
NNT	52061.8			
NOC2L	250342	91567.1	98932	37850
NOL7	115967			
NOLC1	846942	375097	417222	283230
NONO	6.32831e+06	2.91591e+06	3.85615e+06	4.10962e+06
NOP16	268395	233427		
NOP2	214184		212060	105675
NOP56	372334	369180	368906	343846
NOP58	314583	199155	228482	225550
NOP9	323365		166434	
NOTCH3	279572		111331	20335.8
NOVA2	70347.2			
NPC1	774325	1.08111e+06	482162	1.27605e+06
NPC2	4.22791e+06	5.49838e+06	4.18659e+06	8.77159e+06
NPEPL1	613122	559221	852643	466353
NPEPPS	1.38429e+06	1.45292e+06	1.60526e+06	848080
NPL	22206	32051.2	57167.4	
NPLOC4	1.05582e+06	685290	939330	579700
NPM1	1.54707e+07	1.37418e+07	1.33096e+07	1.39042e+07
NPTN	4.63476e+06	3.88235e+06	3.70113e+06	5.76822e+06
NQO1	397436	863147	528644	703037
NQO2	1.39777e+06	2.06028e+06	1.16519e+06	2.44105e+06
NR2C2AP	502546	320342	422395	156388
NRAS	984376	633395	812293	755627
NRBF2	415683	890500		753597
NRBP1	364016	247377	239968	111479
NRDC	723983	534327	690807	511680
NRF1	447090	424905	424636	
NRM	130810	36060	117288	39058.1
NRP1	631924	404989	560337	235803
NRP2	180807	209496	256283	150003
NSDHL	325188		255236	208713
NSF	657142	623867	1.02815e+06	481469
NSFL1C	2.27028e+06	2.40298e+06	3.09797e+06	2.49425e+06
NSUN2	575483	312829	293829	
NT5C2	2.15077e+06	2.25764e+06	1.87544e+06	2.11609e+06
NT5DC1	587384	413777	603338	502055
NT5DC2	330827	302106	217608	361517
NT5DC3	220359	172693	242551	
NT5E	1.3711e+06	1.84274e+06	1.25532e+06	3.78412e+06
NTAN1	128699		128261	
NTM	504046	131650	522761	261676
NTMT1	566313	140080	373389	118067
NUB1	252017	70273.8	138950	83403.6
NUBP1	681546	321630	572191	175448
NUCB1	2.4656e+07	1.96721e+07	1.08413e+07	1.58631e+07
NUCB2	1.51612e+06	1.37863e+06	1.4809e+06	1.30733e+06
NUCKS1	728768	362895	2.14914e+06	356958
NUDC	2.26659e+06	1.22159e+06	1.63619e+06	1.00144e+06
NUDCD1	2.07692e+06	1.01375e+06	1.82351e+06	
NUDCD2	596669	473149	589465	535539
NUDCD3	349123	155375	366233	214987
NUDT1	351497	278958	298766	151250
NUDT16	489987	619220	406425	499868
NUDT16L1	183643	122630	154523	
NUDT19	227360			
NUDT21	2.39175e+06	1.3846e+06	1.54119e+06	1.76878e+06
NUDT3	2.43624e+06	2.39545e+06	2.17121e+06	2.68003e+06
NUDT4	576353	351811	507271	272512
NUDT5	3.23886e+06	2.244e+06	2.25389e+06	2.47059e+06
NUDT8	65317.7			
NUDT9	954759	510450	829429	639880
NUFIP2	266972		163451	95918
NUMA1	2.68175e+06	1.80008e+06	2.12973e+06	2.02978e+06
NUMB	257974	362850	143367	88349.4
NUP153	536898	269284	246030	204148
NUP205		74119.7		
NUP37	740549	1.39882e+06	691778	920498
NUP43	299766	127248	175931	108270
NUP50	1.25202e+06	791201	1.0106e+06	803474
NUP54	662054	409522	535975	276711
NUP58	317336	236794	330028	129433
NUP62	141089	210008	186489	99894.2
NUP93	26023.1			
NUP98	356465	306982	367246	355947
NUTF2	2.58755e+06	3.15642e+06	2.36446e+06	1.13989e+06
NXF1	718788	406241	589710	388570
NXN	535655	419621	487486	310501
OARD1	296451			215637
OAS2	36871.1			
OAS3	149191	265373	209422	123618
OAT	655560	954363	617636	821407
OCIAD1	1.29265e+06	1.17072e+06	1.12526e+06	740413
OCIAD2	1.20317e+07	7.42616e+06	1.00959e+07	1.25714e+07
OCLN	47232.4			
ODR4	118107			
OGA	183139		88477.1	62737.7
OGDH	572645	326519	684613	450600
OGFOD1	74016.5		26670.9	
OGFOD3	125350		184244	
OGFR	270005	176978	226013	99349.8
OGN	914050	3.4149e+06	2.9725e+06	3.29819e+06
OGT	84850.3		34603.1	
OLA1	5.10114e+06	3.72279e+06	5.38166e+06	3.04778e+06
OLFM4	3.47221e+06	7.1659e+06	3.35834e+06	2.74802e+07
OLFML1	566613	326439	695110	419086
OLFML2A	56146.7			
OLFML3	1.0975e+06	926255	1.99371e+06	567029
OLR1	706721	1.78311e+06	584316	3.53658e+06
OMD	141498	134324	287914	511652
OPLAH	631724	157613	540582	
OPTN	272205	168002	345098	115456
OR11H12	1.60725e+06	1.17177e+07	2.3542e+07	9.70311e+06
OR1M1	6.04447e+06	8.05277e+06	9.94167e+06	9.77057e+06
ORM1	1.02767e+07	1.11683e+08	1.22979e+07	4.68831e+07
ORM2	3.84546e+06	3.582e+07	3.0399e+06	1.12852e+07
OSBP	1.28895e+06	904314	986476	680369
OSBPL11	81326.6		19597.4	
OSBPL1A	15075.7	16290.4	33896	
OSBPL2	1.29361e+06	1.05614e+06	934003	836918
OSBPL5	390021	394009	259642	233744
OSBPL8	464997	748245	351722	673233
OSBPL9	2.01326e+06	1.17859e+06	1.49768e+06	838819
OSCAR	323736	681945		790145
OSGEP	867691	491278	753357	549840
OSMR	35024.2			
OSTC	602409	644166	564472	175259
OSTF1	5.71611e+06	7.30506e+06	3.96432e+06	7.13223e+06
OTUB1	958590	843983	1.04087e+06	339127
OTUD6B	137544			
OTULIN	105619	238399	95035.5	
OVCA2	98807	82588.1	40972.2	
OXCT1	705921	313657	736280	247771
OXR1	380896	450678	331021	315542
OXSR1	1.50022e+06	2.65703e+06	1.38453e+06	2.40487e+06
P2RX1		37099.6	44886.4	35193.6
P2RX4	335709	548120	334603	818032
P2RY13		161496		238709
P3H1	2.17482e+06	1.65166e+06	2.06411e+06	1.26746e+06
P3H3	903742	529723	1.13969e+06	441559
P3H4	629004	278451	637288	228390
P4HA1	1.7233e+06	951692	1.52052e+06	1.49142e+06
P4HA2	1.04404e+06	1.16469e+06	1.07998e+06	1.12279e+06
P4HB	2.57178e+07	2.1903e+07	2.18735e+07	2.24393e+07
PA2G4	6.8928e+06	3.11388e+06	4.72662e+06	3.06472e+06
PAAF1	291075	235721	334453	283024
PABPC1	2.81149e+06	993468	1.70871e+06	1.22956e+06
PABPC4	9.15279e+06	4.11229e+06	7.86685e+06	4.13534e+06
PABPN1	2.23933e+06	1.96486e+06	2.17602e+06	2.27834e+06
PACS1	150629	170698	168458	
PACSIN2	1.1655e+06	1.08247e+06	821346	700657
PADI2	1.18291e+06	5.24612e+06	1.24298e+06	3.07606e+06
PADI4	1.76476e+06	4.96641e+06	1.29646e+06	4.31334e+06
PAF1	247208	141143	126276	128212
PAFAH1B1	3.26727e+06	3.4556e+06	3.61629e+06	3.59351e+06
PAFAH1B2	7.35962e+06	5.57912e+06	8.45342e+06	6.83027e+06
PAFAH1B3	2.67941e+06	1.87849e+06	2.66137e+06	1.70434e+06
PAFAH2	146001	113570	115375	
PAG1	68992.1	77207.7		19354.3
PAICS	2.86173e+06	1.60368e+06	2.15674e+06	1.31873e+06
PAIP1	985379	675160	704051	456083
PAK1	323529	333242	339602	134172
PAK1IP1	393366	237615	381904	289709
PAK2	1.04666e+06	762332	983859	540571
PAK4	120216	74250.3	58436	
PALLD	6.90652e+06	4.36102e+06	4.13674e+06	1.9797e+06
PALM2	68094.8		62327.4	
PANK2	109983		111368	
PANK4	200217	108641	179056	54681.7
PAPOLA	168184		139171	
PAPPA		61951.6	239798	172885
PAPSS1	953409	705083	924378	531297
PAPSS2	1.50618e+06	521375	1.10345e+06	256802
PARD3	180923		222936	
PARK7	1.70589e+07	1.42767e+07	2.12614e+07	1.15552e+07
PARN	665426	392949	757902	1.75924e+06
PARP1	1.31345e+06	656872	871607	740602
PARP10	82510.5		80677.6	
PARP12	79170.7	44657.4	20909.5	
PARP14	49591.2			
PARP4	546150	414932	428727	241758
PARP9	160212		89479.8	
PARPBP	2.5842e+06	1.95116e+06	1.83188e+06	1.6719e+06
PARVA	1.48319e+06	957878	1.47583e+06	409787
PARVB	117558	114566	545012	213228
PATL1	136938	36361.3	158301	
PAWR	270450	239469	388613	88390.3
PAXX	570952	603718	758733	210609
PBDC1	698409	368836	555661	224216
PBRM1	239905	81727.5	201695	133204
PBXIP1	168285			
PCBD1	3.6336e+06	2.52563e+06	2.15099e+06	1.95866e+06
PCBP1	1.08658e+07	3.99763e+06	8.14474e+06	4.92689e+06
PCBP2	6.77461e+06	3.78702e+06	6.79725e+06	2.7771e+06
PCCB	284321	901174	305538	
PCDH1	159224			
PCDH7	69375.6			
PCDHGA11	167955	258521	186283	231156
PCID2	39044.2			
PCIF1	228206			
PCM1	183841	73241.5		
PCMT1	7.53489e+06	7.86093e+06	1.07419e+07	9.73517e+06
PCNA	1.07304e+06	509923	1.09822e+06	245835
PCNP	771832	506808	1.25398e+06	426134
PCOLCE	3.55458e+06	2.4731e+06	6.89487e+06	3.5257e+06
PCTP	1.62656e+06	2.72554e+06	2.10826e+06	1.67178e+06
PCYOX1	3.09572e+06	5.46286e+06	3.91968e+06	3.33059e+06
PCYOX1L	202091	527150	340325	325605
PCYT1A	1.24662e+06	650879	999336	725752
PCYT2	395054	365076	604430	262087
PDAP1	2.12996e+06	977832	1.55199e+06	1.23784e+06
PDCD10	2.52273e+06	3.2642e+06	2.58728e+06	2.06168e+06
PDCD11	349333	143341	123627	71400.2
PDCD4	647489	192677	601996	
PDCD5	501447	1.22626e+06	790973	548401
PDCD6	2.14395e+06	3.33502e+06	1.5624e+06	2.78432e+06
PDCD6IP	4.44424e+06	4.32138e+06	4.55622e+06	2.60313e+06
PDCL3	228258	230151	196317	
PDE12	609944	283078	635715	151069
PDE6D	585535	626636	697226	594798
PDGFRB	725813	347879	629358	222360
PDHA1	1.56583e+06	795574	1.80939e+06	427097
PDHB	696671	315664	758191	152624
PDHX	561201	328992	366624	
PDIA3	2.87513e+07	1.82313e+07	2.4245e+07	1.15236e+07
PDIA4	1.31154e+07	8.77712e+06	1.25285e+07	5.23653e+06
PDIA5	1.43928e+06	1.10719e+06	1.45287e+06	538942
PDIA6	1.34489e+07	9.59067e+06	1.24892e+07	8.63288e+06
PDLIM1	2.54264e+06	2.23752e+06	2.628e+06	1.85078e+06
PDLIM2	335420	373136	352401	255074
PDLIM3	1.4161e+06	1.13624e+06	1.17165e+06	595062
PDLIM4	896042	1.09406e+06	730925	1.92401e+06
PDLIM5	4.4572e+06	3.33163e+06	3.39395e+06	1.75383e+06
PDLIM7	5.4086e+06	3.8139e+06	5.35173e+06	2.59856e+06
PDP1	1.13472e+06	1.27714e+06	1.32726e+06	801845
PDPK1	44387.6			
PDPN	44982.8	130003	68803.9	
PDPR	557264	343046	627099	478302
PDRG1	328244		220427	
PDS5A	328722	197228	193685	212814
PDS5B	257424	246490	199961	234273
PDXK	2.25203e+06	1.75425e+06	2.24708e+06	2.76962e+06
PDXP	638816	1.04438e+06	1.21757e+06	860842
PDZD11	425298	391139	390192	174622
PEA15	1.96362e+06	1.17593e+06	961771	577605
PEBP1	1.67451e+07	1.54108e+07	2.26102e+07	1.47136e+07
PECAM1	3.88526e+06	2.27854e+06	3.91193e+06	2.93649e+06
PEF1	649701	840240	692779	379175
PELO	383138		203892	
PELP1	246788	172374	117122	
PEPD	2.27846e+06	1.66589e+06	3.3055e+06	2.0669e+06
PEX11B	136043	240207	168671	164427
PEX14	46361			13873.1
PF4	106598	232688	1.28051e+06	551751
PFAS	1.6122e+06	884802	1.59982e+06	965386
PFDN1	370270	601795		229432
PFDN2	2.59666e+06	2.08847e+06	992394	1.5388e+06
PFDN4	73019.7	160141		71313.2
PFDN5	979568	1.23174e+06	483574	784990
PFDN6	2.5054e+06	2.31172e+06	1.22031e+06	2.11823e+06
PFKFB2	394847	543617	261944	350482
PFKFB3	608483	617375	575285	716981
PFKL	6.62446e+06	6.03388e+06	8.32835e+06	4.27425e+06
PFKM	920105	666003	1.02216e+06	420642
PFKP	2.17561e+06	1.89146e+06	1.87242e+06	1.71154e+06
PFN1	1.14748e+08	1.08538e+08	7.68278e+07	1.29254e+08
PFN2	1.05525e+06	794690	1.9335e+06	877204
PFN3	210332	134757	198587	223698
PGAM1	7.52792e+06	8.67433e+06	5.31792e+06	1.03158e+07
PGD	1.28813e+07	2.05983e+07	1.29432e+07	2.29557e+07
PGGT1B	16186.9	20598.3	10689.4	6385.46
PGK1	2.33797e+07	2.61273e+07	1.90143e+07	3.52578e+07
PGK2	393492	726804	519093	720333
PGLS	489218	486315	583587	406104
PGLYRP1	5.39756e+06	4.55127e+06	3.31738e+06	1.81042e+07
PGLYRP2	1.04183e+06	2.76068e+06	1.98561e+06	2.62654e+06
PGM1	4.13921e+06	3.94554e+06	5.15335e+06	3.90862e+06
PGM2	2.05026e+06	1.62155e+06	2.32761e+06	1.40111e+06
PGM2L1	414870	309608	645894	291633
PGM3	1.24717e+06	1.2464e+06	1.4161e+06	693018
PGM5	268671		325886	113998
PGP	4.16726e+06	3.47388e+06	3.85578e+06	2.73824e+06
PGRMC1	3.325e+06	3.56539e+06	2.07341e+06	2.64693e+06
PGRMC2	3.52822e+06	2.88604e+06	4.23761e+06	4.62907e+06
PHAX	425888	663745	254543	
PHB1			350528	
PHB2	209103	307094	319882	
PHETA2	85207			
PHF5A	2.72592e+06	2.26067e+06	1.98301e+06	2.17693e+06
PHF6	225970		70191.4	
PHGDH	588866	346374	523854	339720
PHIP	77008.2	31005	56449.4	70213.8
PHLDA3	90959	308715	355332	
PHLDB1	980702	653660	992535	
PHLDB2	79409.2			
PHPT1	965186	1.0567e+06	1.59297e+06	790495
PHYHD1	184289		305709	
PI4K2A	789463	758705	1.14811e+06	879366
PI4K2B	36316.2			
PICALM	858310	919229	714234	580823
PIEZO1	74858	193493	241483	201936
PIGR	6.58202e+06	2.89206e+06	5.00187e+06	542026
PIK3R1	266506	357980		358256
PILRA		205247		316699
PIN1	1.6642e+06	547093	2.31407e+06	627857
PIN4	1.16161e+06	456972	495075	859100
PIP	1.38024e+06	5.66297e+06	5.7175e+06	2.67537e+06
PIP4K2A	720968	419922	1.15618e+06	485488
PIP4K2B	234460	258384	253489	
PIP4K2C	197214	82581.2	136566	56207.5
PIP4P1	46287.8	161631	134590	189777
PIR	292438	293718	287131	268076
PITHD1	1.41312e+06	1.871e+06	2.80046e+06	1.94773e+06
PITPNA	1.1046e+06	1.0334e+06	1.2912e+06	1.23774e+06
PITPNB	1.6141e+06	1.08411e+06	1.61122e+06	1.28642e+06
PITPNC1	363286	114747	263931	190884
PITRM1	194766	199193	291053	185049
PKLR	194848	672455	1.03997e+06	544278
PKM	4.86781e+07	3.79718e+07	6.08402e+07	4.33456e+07
PKN1	93057.9	133943	93057.3	
PKP1	121835	315715	459410	160267
PKP3	122745	143298	157525	
PLA2G15	125986		134198	
PLA2G1B		370216	522458	1.41182e+06
PLA2G2A		443827	322345	138632
PLA2G4A	161333	165666	154597	229603
PLAA	409612	250050	532676	346800
PLAT	42873.1		120033	
PLAU	702807	931970	380627	1.22967e+06
PLAUR	547762	1.63303e+06	698009	2.37805e+06
PLBD1	3.93251e+06	1.16429e+07	3.68158e+06	1.37056e+07
PLBD2	1.27635e+06	1.95026e+06	1.22913e+06	2.33454e+06
PLCB2	369579	691709	320585	906101
PLCB3	458252	321597	324935	228645
PLCD1	332732	294788	550570	371133
PLCG1	959882		629047	428537
PLCG2	494739	641624	601612	502387
PLD3	3.96776e+06	2.35399e+06	4.91761e+06	6.20855e+06
PLEC	1.20375e+07	1.33397e+07	1.39366e+07	1.62073e+07
PLEK	1.51071e+06	3.58275e+06	3.38578e+06	3.21485e+06
PLEK2	24917.8			
PLEKHA1	320048		173040	
PLEKHA2	175618	136975	179848	96868.2
PLEKHA6	59068.4		23947.7	
PLEKHF1	729322	340026	733293	325113
PLEKHF2	349228		296265	
PLEKHO2	1.14242e+06	824885	1.04116e+06	1.21666e+06
PLG	2.58849e+06	2.67154e+07	9.33509e+06	5.31228e+07
PLIN2	747338	1.1531e+06	871837	1.2083e+06
PLIN3	6.58457e+06	5.62575e+06	6.06564e+06	3.40373e+06
PLOD1	3.9281e+06	2.38972e+06	2.45993e+06	2.53022e+06
PLOD2	3.83601e+06	2.00518e+06	2.1473e+06	3.18675e+06
PLOD3	1.41913e+06	1.83903e+06	1.10336e+06	834668
PLP2	3.05749e+06	1.47823e+06	3.27491e+06	1.351e+06
PLPBP	1.78779e+06	1.18657e+06	1.40224e+06	973095
PLPP1	454578	294566	737144	227517
PLPP2	216325			
PLPP3	84328.5		168920	33990.3
PLRG1	767301	606687	687901	693974
PLS1	990193	918714	858025	1.20279e+06
PLS3	3.92897e+06	2.13428e+06	4.4239e+06	1.08078e+06
PLSCR1	1.00369e+06	2.04099e+06	951633	1.93713e+06
PLSCR3	653407	354299	849135	213624
PLSCR4	481166	322912	700708	296148
PLTP	569154	1.27504e+06	864543	845330
PLVAP	977181	176624	709823	161696
PLXDC2	2.61725e+06	1.11186e+06	4.56581e+06	1.11643e+06
PLXNA1	157509		170084	
PLXNB2	693702	489613	1.04078e+06	525898
PLXNC1	374952	600500	459978	704861
PLXND1	109327		77941	
PMEL	68727.5	154660	176256	275450
PML	1.83818e+06	1.1992e+06	1.54111e+06	753748
PMM2	1.8664e+06	617954	1.50285e+06	811789
PMPCA	352256	256129	347498	367251
PMVK	573336	213632	424141	64942
PNKP	839858	1.36136e+06	993350	794577
PNLIP		167517	58284.5	93969.1
PNO1	770223		1.18215e+06	
PNP	4.70625e+06	3.13547e+06	6.39372e+06	2.21482e+06
PNPLA8	555135	1.28504e+06	664551	1.0349e+06
PNPO	605484	635811	731511	475234
PNPT1	945289	591416	721721	283587
PODXL	707410	213753	765654	181811
POF1B	152470	368384	362850	146074
POFUT1	270299	290045	221036	147437
POFUT2	182585	520346	155680	66470.6
POGLUT1	919027	510190	800655	393083
POGLUT2	1.15835e+06	111570	866900	245203
POGLUT3	1.60523e+06	684697	1.62416e+06	732983
POGZ	60170.4		19508	
POLB	353912	231604	281865	
POLD1	80802.3			
POLDIP2	687983	523260	523897	377073
POLE3	53775.3			50114.6
POLR1B	119576			
POLR1C	322739	141413	229260	120911
POLR1E	166305			
POLR1G	532425	328155	240056	
POLR2A	21105.9			
POLR2B	532675	724718	707238	581639
POLR2C	83114.1		72166.4	
POLR2E	881193	551004	651943	509601
POLR2G	171133	42730.9		117474
POLR2H	1.31257e+06	967687	1.11024e+06	582887
POLR3C	856490		263780	
POLR3F	102627		80532.1	
PON1	937199	1.41585e+06	1.5768e+06	1.19098e+06
PON2	692879	274838	481348	132702
PON3	774830	1.21985e+06	1.4348e+06	1.17058e+06
POP1	133994	82979.9	107081	
POP5	60102.2			
POP7	116814	74848	96522.7	63644.2
POR	1.01834e+06	968235	938635	759834
POSTN	2.42986e+07	3.0511e+07	1.9622e+07	2.8667e+07
POTEKP		979873	1.17019e+06	420227
POU2F1	110280	104540		
PPA1	4.43795e+06	3.41121e+06	4.35517e+06	2.17875e+06
PPA2	3.16705e+06	2.84129e+06	3.42531e+06	1.80161e+06
PPAT	1.09952e+06	757354	666598	446206
PPBP	1.20742e+06	4.87429e+06	1.04133e+07	1.08907e+07
PPCDC	127020	242826	194533	163509
PPCS	891791	662157	903329	641162
PPFIA1	249760	349540	175977	386568
PPFIBP1	729967	450902	690810	201089
PPIA	6.83675e+07	5.98017e+07	6.21575e+07	6.35594e+07
PPIB	5.6347e+07	2.7545e+07	4.9448e+07	1.66395e+07
PPIC	1.9119e+06	1.91436e+06	2.65643e+06	1.33952e+06
PPID	918253	805063	1.11981e+06	692047
PPIE	251893	221097	155605	382499
PPIF	1.6673e+06	1.76635e+06	1.68377e+06	2.83314e+06
PPIG	33224.4			
PPIH	1.30801e+06	981426	1.03843e+06	842393
PPIL1	1.88943e+06	1.05709e+06	1.45953e+06	1.63739e+06
PPIL3	1.27637e+06	1.3214e+06	987477	1.23017e+06
PPIL4	334328	210775	301748	192710
PPIP5K2	312308		353448	284481
PPL	2.57066e+07	2.67995e+07	2.57794e+07	1.65126e+07
PPM1A	469702	414272	657122	459066
PPM1B	775526	820006	547576	941858
PPM1D	166122	280173	201836	
PPM1F	400079	183726	453596	110718
PPM1G	1.27421e+06	730733	1.22135e+06	803375
PPM1L	37579.5		51299.2	
PPME1	624938	555640	776420	367780
PPP1CA	3.50724e+06	2.59512e+06	2.52622e+06	3.27824e+06
PPP1CB	2.76154e+06	2.11742e+06	2.41216e+06	2.24686e+06
PPP1CC	1.94582e+06	741060	1.44554e+06	1.13299e+06
PPP1R10	265953	290676	291613	257878
PPP1R11	106584	125264	102560	
PPP1R12A	1.65706e+06	1.22314e+06	1.64426e+06	1.31091e+06
PPP1R12B	348791	200585	317491	70197
PPP1R12C	138391		209170	95805
PPP1R13L	541242	645902		789141
PPP1R14B	2.3719e+06	3.91176e+06	5.67568e+06	2.31102e+06
PPP1R18	1.95354e+06	1.69331e+06	830073	
PPP1R2	243760	115617		83401.9
PPP1R21	57211.4			2.35625e+06
PPP1R7	1.58981e+06	1.4164e+06	1.51711e+06	833911
PPP1R8	693699		948681	221243
PPP1R9B	134504	99405	123763	243508
PPP2CA	95956.9	362164	111772	
PPP2R1A	1.15012e+06	1.14047e+06	1.02053e+06	543077
PPP2R2A	608120	371104	561451	270834
PPP2R2D	214584		250503	
PPP2R5A	399352	568832	440711	387023
PPP2R5C	281929	206200	87827.3	
PPP2R5D	289975	222471	332853	151389
PPP2R5E	224288		188207	71035.3
PPP3CA	1.09069e+06	864472	1.16832e+06	972196
PPP3CB	555592	503354	404208	467986
PPP3CC	364572			240337
PPP3R1	93097.8	116984	218999	75548.2
PPP4C	1.11716e+06	773383	916787	762489
PPP4R2	414804			
PPP4R3A	189951	168759	243652	104798
PPP5C	1.7086e+06	1.03154e+06	1.41606e+06	924166
PPP6C	603116	577550	474545	550679
PPT1	1.70133e+06	1.17797e+06	1.66049e+06	1.28884e+06
PPWD1	856274	701100	635038	738859
PRAF2	1.67045e+06	1.22791e+06	1.27659e+06	588715
PRAM1	532933	1.63064e+06	416326	1.52857e+06
PRCC	421973	138022	197320	107159
PRCP	2.29953e+06	2.59215e+06	2.42673e+06	3.61853e+06
PRDX1	5.31277e+07	3.15784e+07	5.49263e+07	3.60288e+07
PRDX2	3.3005e+07	7.80647e+07	1.95857e+08	8.98471e+07
PRDX3	1.19513e+07	1.66215e+07	1.07365e+07	1.31815e+07
PRDX4	6.25197e+06	4.92875e+06	7.71448e+06	2.9447e+06
PRDX5	1.35453e+07	1.50731e+07	1.29171e+07	8.86134e+06
PRDX6	2.95605e+07	2.98593e+07	5.54466e+07	2.85875e+07
PREB	507065	299798	489518	185512
PRELP	1.59609e+06	8.80034e+06	3.11788e+06	1.85182e+06
PREP	4.69338e+06	3.06875e+06	3.69033e+06	3.23689e+06
PREPL	49757.7		59597.3	
PREX1	270957	288777	226458	237080
PRG2	4.67516e+06	1.34053e+06	7.71399e+06	5.78312e+06
PRG3	3.35762e+06	541567	4.98159e+06	4.12969e+06
PRG4	129502	428156	342995	703245
PRIM2	59380	599662	58861.8	391627
PRKAA1	784997	566970	882419	487949
PRKAB1	238003	225012	197638	
PRKACA	327795	410503	457187	309463
PRKACB	186115	139225	226595	
PRKACG	218327	265637	289116	
PRKAG1	551548	478214	583493	254436
PRKAR1A	2.76724e+06	2.01911e+06	2.60895e+06	2.15358e+06
PRKAR2A	2.52087e+06	1.70139e+06	2.66281e+06	1.60094e+06
PRKAR2B	1.48565e+06	2.16806e+06	2.45511e+06	1.06483e+06
PRKCA	100245	172895	328054	197305
PRKCB	360936	353930	516943	899635
PRKCD	969680	1.72387e+06	910442	2.25165e+06
PRKCI	366013	440280		
PRKCSH	9.73335e+06	1.10911e+07	8.96526e+06	1.0306e+07
PRKDC	2.22754e+06	1.66023e+06	1.57446e+06	923208
PRKG1	712211	280406	608516	189065
PRKRA	750700	307629	595499	250958
PRMT1	5.92981e+06	2.95214e+06	4.23855e+06	3.31625e+06
PRMT5	2.22876e+06	1.33694e+06	1.91752e+06	1.07922e+06
PRNP	473771	467484	722170	726530
PROC	176671	579557	318571	1.06465e+06
PROCR	2.22055e+06	814269	2.83347e+06	1.16701e+06
PRORP	61652.4			
PROS1	1.23896e+06	7.78595e+06	3.61457e+06	9.26053e+06
PROZ		251445		354636
PRPF18	56527.3			
PRPF19	5.1027e+06	3.1258e+06	4.26452e+06	3.91466e+06
PRPF3	332053	339422	325326	282868
PRPF31	221680		253753	
PRPF38B	269576	180476	82819.6	113288
PRPF4	3.23905e+06	1.77854e+06	2.13337e+06	2.25908e+06
PRPF40A	242051	210042	84636	257550
PRPF4B	240453	86518.8	176748	58151.5
PRPF6	333063	224161	160532	110442
PRPF8	943051	650176	452870	610650
PRPS1	375380	542907	1.5826e+06	392437
PRPS2	555561	588699	417095	262993
PRPSAP1	510072	608668	525583	396632
PRPSAP2	701008	716609	943849	668513
PRRC1	808497	1.03257e+06	727714	730897
PRRC2A	150181			
PRRC2B	60195.6			
PRRC2C	708773	370303	622531	598025
PRSS2			276952	
PRSS3	3.49114e+06	8.49295e+06	3.34846e+06	6.28036e+06
PRSS8	85997.9	149180		
PRTN3	4.79053e+07	1.05232e+08	4.85675e+07	3.00229e+08
PRUNE2	63247.7	43102.9		70686.8
PRXL2A	264052	354155	454266	131819
PSAP	1.018e+07	2.9395e+07	1.19569e+07	3.19903e+07
PSAT1	204306	190656	165093	108492
PSIP1	1.03858e+06	823341	873745	1.03768e+06
PSMA1	8.70964e+06	5.67201e+06	8.02996e+06	6.61837e+06
PSMA2	5.40902e+06	3.49687e+06	3.87876e+06	3.82884e+06
PSMA3	8.63969e+06	6.29398e+06	7.78671e+06	6.49745e+06
PSMA4	8.77842e+06	5.98775e+06	8.18024e+06	6.34124e+06
PSMA5	3.34924e+06	2.36884e+06	2.66978e+06	2.34591e+06
PSMA6	9.79424e+06	7.93887e+06	8.67729e+06	8.1999e+06
PSMA7	4.84002e+06	3.29984e+06	5.00736e+06	4.09589e+06
PSMB1	8.87971e+06	6.38385e+06	8.98055e+06	7.17213e+06
PSMB10	1.30479e+06	1.17255e+06	1.15077e+06	917056
PSMB2	5.28825e+06	3.6246e+06	3.73972e+06	3.84863e+06
PSMB3	3.11443e+06	2.31024e+06	2.80637e+06	2.41007e+06
PSMB4	5.12219e+06	3.52194e+06	4.86844e+06	4.80237e+06
PSMB5	1.09954e+07	7.04362e+06	1.41118e+07	1.06863e+07
PSMB6	6.87741e+06	3.89498e+06	6.87045e+06	5.79712e+06
PSMB7	3.49128e+06	2.20694e+06	3.6543e+06	2.79517e+06
PSMB8	6.47924e+06	4.61844e+06	4.5689e+06	4.42694e+06
PSMB9	3.89226e+06	3.37449e+06	3.44935e+06	3.02731e+06
PSMC1	780989	618786	952995	282842
PSMC2	846949	484053	814007	321817
PSMC3	7.28372e+06	3.59205e+06	6.91468e+06	2.76343e+06
PSMC4	822825	463535	783547	155346
PSMC5	1.12796e+06	897204	1.09873e+06	639851
PSMC6	785015	519042	756134	438772
PSMD1	1.09458e+06	1.26073e+06	973222	455809
PSMD10	980198	954986	958932	659256
PSMD11	8.72654e+06	5.70034e+06	6.64603e+06	2.32916e+06
PSMD12	1.81525e+06	1.26016e+06	1.63356e+06	487431
PSMD13	1.00808e+06	835913	831382	297378
PSMD14	807946	932917	787918	520300
PSMD2	7.33018e+06	8.26026e+06	8.74107e+06	3.25996e+06
PSMD3	1.26328e+06	1.13257e+06	1.25797e+06	742012
PSMD4	947114	575983	1.06843e+06	603502
PSMD5	468662	500129	708987	184014
PSMD6	1.50291e+07	1.86821e+07	1.25856e+07	7.35561e+06
PSMD7	1.97809e+06	1.80574e+06	1.64769e+06	941414
PSMD8	2.55947e+06	3.32783e+06	2.16481e+06	1.57924e+06
PSMD9	1.8344e+06	1.95218e+06	2.23869e+06	1.57605e+06
PSME1	1.82737e+07	1.34237e+07	1.68814e+07	1.1081e+07
PSME2	6.43212e+06	4.15315e+06	3.49105e+06	1.40063e+06
PSME3	941319	504632	704739	340094
PSME3IP1	171432		160894	
PSME4	49772.3			
PSMF1	355191	723833	1.00147e+06	606793
PSMG1	641526	399064	531902	253261
PSMG2	742191	492804	657042	400521
PSPC1	1.72959e+06	941885	1.05314e+06	884077
PSPH	727027	459745	511077	302028
PSTPIP1	210058	333089	162663	228468
PSTPIP2	408420	661634	472014	523759
PTBP1	1.40993e+07	6.39526e+06	9.50288e+06	7.6487e+06
PTBP2	6.74965e+06	3.82757e+06	4.61105e+06	4.89976e+06
PTBP3	3.62605e+06	1.78562e+06	3.50563e+06	1.94531e+06
PTCD3	389084			
PTDSS1	167194	153543	158742	
PTEN	102468		387681	
PTER	452231	680908	403784	321339
PTGDS		699909	390304	667033
PTGES	832034	596762	1.04661e+06	956281
PTGES2	325362	288832	597551	118572
PTGES3	2.65896e+06	1.94486e+06	2.78557e+06	1.48402e+06
PTGFRN	1.08257e+06	1.09045e+06	2.41896e+06	834126
PTGIS	305432		289439	
PTGR1	1.95701e+06	1.41083e+06	2.00197e+06	1.96646e+06
PTGR2	155849	105473	145151	103577
PTGR3	53672.6			
PTGS1	2.11592e+06	2.58824e+06	4.06214e+06	3.84257e+06
PTGS2	360415	1.95541e+06	875645	6.59898e+06
PTK2	152124			
PTK7	2.19363e+06	1.27082e+06	2.50234e+06	1.36089e+06
PTMA	758605	1.21943e+06	407117	426115
PTMS	6.8122e+06	1.96165e+06	3.32671e+06	1.09816e+06
PTP4A1	565095	338570	388391	320702
PTPA	1.15662e+06	1.68971e+06	1.71988e+06	1.12071e+06
PTPN1	1.73982e+06	1.3862e+06	1.81545e+06	1.2442e+06
PTPN11	1.48779e+06	1.09206e+06	1.42865e+06	1.10456e+06
PTPN12	434190	332074	359834	316877
PTPN2	178332		279535	
PTPN23	175867	285811	211873	413141
PTPN6	2.5624e+06	2.99652e+06	2.28337e+06	3.06249e+06
PTPN9	129956	83981	148714	38172.7
PTPRA	618080		691615	
PTPRC	2.94232e+06	7.30965e+06	2.99064e+06	8.44008e+06
PTPRE	206791	132413	216583	166133
PTPRG	349191		169480	
PTPRJ	802721	2.80453e+06	870380	2.97594e+06
PTPRK	398323	384983	367097	369079
PTRH2	657755	1.18784e+06	755726	
PTRHD1	119399		74138.6	63129.9
PTTG1IP	1.25008e+06	3.44197e+06	2.15716e+06	4.1452e+06
PTX3	627998	1.36268e+06	541096	2.81629e+06
PUF60	3.83285e+06	2.36355e+06	2.11313e+06	2.53563e+06
PUM2	114430		70894.5	
PUM3	151836	169512	129423	
PURA	2.25854e+06	1.81953e+06	2.82817e+06	1.65542e+06
PURB	1.10261e+06	724729	1.06646e+06	543269
PUS1	992447	459403	707973	224086
PUS7	826432		507780	
PVR	352580	700322	280664	577572
PWP1	92288.9			
PWP2	72599.3			
PXDN	944192	1.41303e+06	635970	949918
PXMP4	97502.3	99783.8	90395	
PXN	438080	234183	409315	251586
PXYLP1	163277	526119	317451	310205
PYCARD	2.30944e+06	3.9492e+06	1.88982e+06	3.19258e+06
PYGB	2.19986e+06	3.41249e+06	2.51236e+06	1.40487e+06
PYGL	2.07906e+06	2.86181e+06	1.94104e+06	3.56368e+06
PYM1	1.37383e+06	729562	1.02622e+06	1.00133e+06
PZP	255806	670257	525295	523487
QARS1	1.41547e+06	866399	1.17731e+06	662423
QDPR	1.52335e+06	1.7282e+06	1.81422e+06	1.61416e+06
QKI	2.04823e+06	725975	1.72978e+06	1.40764e+06
QNG1	180186	104159	217813	
QPCT	811181	1.41194e+06	570193	3.35483e+06
QPRT	127058	105529	150600	15886.8
QRICH1	130106		137184	
QSOX1	938785	1.14723e+06	824478	1.38902e+06
QSOX2	334977		288110	
QTRT1	1.02837e+06	330597	658723	
RAB10	4.57558e+06	3.87847e+06	3.96114e+06	5.07645e+06
RAB11B	4.06566e+06	4.51488e+06	4.51708e+06	4.5534e+06
RAB11FIP1	459300	714775	243331	660254
RAB11FIP5	124150		62653.5	98483
RAB12	1.86769e+06	1.16708e+06	1.88984e+06	1.37776e+06
RAB13	1.52507e+06	1.11885e+06	1.5586e+06	1.26774e+06
RAB14	5.27329e+06	4.31271e+06	5.13233e+06	4.01543e+06
RAB18	2.05279e+06	1.61055e+06	1.76923e+06	1.66576e+06
RAB1A	6.33525e+06	5.261e+06	7.17302e+06	5.54322e+06
RAB1B	2.7585e+06	2.74969e+06	2.77675e+06	2.44855e+06
RAB20	115075			
RAB21	2.85825e+06	3.7192e+06	2.69513e+06	3.8615e+06
RAB22A	297110	183066	444953	351436
RAB23	2.42714e+06	1.61576e+06	3.66823e+06	1.70401e+06
RAB24	479941	554139	376779	1.13607e+06
RAB25	851710	769516	849638	264894
RAB27A	1.88122e+06	2.27907e+06	1.70824e+06	2.87387e+06
RAB27B	336680	612954	1.33581e+06	580463
RAB29	84616.7		74530.6	
RAB2A	4.70327e+06	4.88742e+06	4.44024e+06	5.24008e+06
RAB2B	224328	116560	298642	184690
RAB30	147248	81566.4	233692	
RAB31	2.2285e+06	1.20509e+06	1.63233e+06	2.0308e+06
RAB32	2.09909e+06	2.04398e+06	2.5503e+06	2.92068e+06
RAB33B	377866	711697	401611	568726
RAB34	2.27486e+06		379096	1.81269e+06
RAB35	2.66128e+06	2.17511e+06	2.71046e+06	2.84054e+06
RAB37	425707	412196	538523	727954
RAB3A	849473	1.02309e+06	813903	1.08928e+06
RAB3D	3.78852e+06	2.88582e+06	3.14236e+06	3.08165e+06
RAB3GAP1	167374		227498	
RAB43	591291	497635	531600	627923
RAB44	94851.6	55219		109290
RAB4A	1.74652e+06	1.19934e+06	1.63541e+06	874886
RAB4B	489377	699094	523725	625925
RAB5A	3.83135e+06	2.17317e+06	2.70571e+06	1.79453e+06
RAB5B	1.78035e+06	1.4987e+06	1.80775e+06	1.50271e+06
RAB5C	6.0166e+06	4.77e+06	5.53058e+06	3.918e+06
RAB6A	4.36775e+06	4.15815e+06	4.76009e+06	4.13509e+06
RAB6B	348520	341371	846156	579580
RAB7A	1.01135e+07	1.21973e+07	9.09647e+06	1.63015e+07
RAB7B	53025.4	17619.8	92688.3	56212.7
RAB8A	2.95548e+06	2.30429e+06	3.23438e+06	3.16137e+06
RAB8B	2.82882e+06	3.86859e+06	2.81595e+06	5.08485e+06
RAB9A	447448	276644	446519	
RABAC1	339690	556205	290766	211400
RABEP1	394593	159435	277626	177031
RABEPK	224384		200200	48903.5
RABGAP1	180032	214332	220136	
RABGAP1L	111900	155139	118746	119391
RABGEF1	129337	127692	154939	
RABGGTA	125452	117678	223921	93563.1
RABIF	959104	588522	612658	764966
RABL3	205256	226982	226138	212584
RABL6	332885	387610	354607	259628
RAC1	5.40897e+06	3.11142e+06	4.34461e+06	4.27008e+06
RAC2	7.60375e+06	9.51871e+06	5.79236e+06	1.17271e+07
RACK1	9.75049e+06	6.6197e+06	9.23004e+06	3.88241e+06
RAD1	209602	260759	173699	
RAD21	262760	266290	215498	284272
RAD23A	1.30058e+06	1.4228e+06	1.23726e+06	1.75883e+06
RAD23B	5.362e+06	4.0968e+06	4.47275e+06	4.36751e+06
RAD50	1.71841e+06	750310	1.426e+06	655243
RAE1	609469	529740	488292	706435
RAI14	642046	290419	527059	299484
RALA	1.70043e+06	1.60423e+06	1.93222e+06	2.04167e+06
RALB	1.57135e+06	2.40073e+06	1.64682e+06	3.0591e+06
RALY	4.10029e+06	1.99586e+06	3.21854e+06	2.63229e+06
RALYL	4.28451e+06	2.10468e+06	3.09471e+06	3.23254e+06
RAN	4.13247e+07	2.52441e+07	3.834e+07	3.00979e+07
RANBP1	2.34413e+06	1.48272e+06	2.38737e+06	1.43386e+06
RANBP10	73299.7			
RANBP2	795798	344188	547355	558798
RANBP3	1.222e+06	583401	735625	616956
RANBP9	140972			
RANGAP1	377829	304297	351676	
RAP1A	652771	967757	797760	712641
RAP1B	458203	409655	403552	452622
RAP1GAP2	342489	544348	530582	342359
RAP1GDS1	340396	210750	311184	
RAP2A	53738.6	36604.8	80098.5	62838.3
RAP2B	894952	1.62545e+06	1.96116e+06	2.25792e+06
RAP2C	65883.2	49289.8	76446.8	203087
RAPGEF1	172080	194721		
RAPGEF2	90769.3			
RAPGEF6	16950.5			
RAPH1	173988		201107	
RARRES2	736216	899467	937248	655684
RARS1	1.9893e+06	1.43011e+06	2.06388e+06	835767
RASA1	259120		202005	123592
RASA3	156353	125367	125113	
RASGRP2	62394.8	40024.4	83169.3	119000
RASSF2	289064	132600	179557	224266
RASSF5	137195	127349		177132
RAVER1	833781	183870	520070	304196
RAVER2	45721.9			
RB1	146529	43159.7		
RBBP4	2.2602e+06	945314	1.14422e+06	1.32163e+06
RBBP5	152864	190749	77923.3	143288
RBBP7	1.43846e+06	297209	403578	370637
RBBP9	146912	270071	165608	158645
RBKS	247006	214790	233989	285363
RBM10	402217	257518	245264	226585
RBM12	4.43674e+06	2.50386e+06	3.63085e+06	2.55723e+06
RBM12B	103353	69028.9		
RBM14	1.17691e+06	586287	1.27972e+06	895260
RBM15	666518	486701	532213	562517
RBM17	798452	535816	423629	589403
RBM19	62695.4		40912.2	
RBM22	373848		252511	285335
RBM25	891319	448270	462057	485165
RBM26	208926	72779.1	171245	107621
RBM27	273504	295417	198526	183468
RBM28	115620	151643	64847.5	74771
RBM3	5.44863e+06	989138	2.99873e+06	1.78794e+06
RBM39	1.56112e+06	691683	685372	758834
RBM4	191780		79124.4	
RBM42	257618	81983.9	38473.9	
RBM45	194285		310295	96777.4
RBM47	792545	497814	530354	323116
RBM5	211860	487118	291809	327845
RBM7	38080.3			
RBM8A	2.60907e+06	1.04433e+06	1.30267e+06	961639
RBMS1	297185		327157	
RBMS2	179033		210343	59067
RBMX	3.79483e+06	1.96923e+06	3.2144e+06	2.21149e+06
RBMXL1	509361	434150	498150	608898
RBP1	690553	566779	704528	436533
RBP4	1.13771e+06	6.20979e+06	1.9277e+06	4.37147e+06
RBP7	73551.6	200021	101129	464336
RBPJ	202458	106484	71764.2	
RBPMS	1.47061e+06	602016	845222	526328
RBX1	103127	275996	209593	152839
RCC1	3.30926e+06	3.24922e+06	3.29008e+06	2.66649e+06
RCC1L	64343.3		30761.5	
RCC2	4.59607e+06	3.25207e+06	4.2104e+06	2.91539e+06
RCL1	142388		84060.3	24103.7
RCN1	5.28792e+06	4.86499e+06	8.83694e+06	4.26091e+06
RCN3	609935	376553	1.37236e+06	438668
RCOR1	268162			234234
RCOR3	22471			80230.6
RCSD1	1.8766e+06	2.58491e+06	1.64125e+06	1.9843e+06
RDH11	658686	409881	621823	310132
RDH14	500874	279012	589278	406147
RDX	1.32276e+06	716068	1.23308e+06	843664
RECK	595953	1.02161e+06	1.13026e+06	887877
RECQL	2.03524e+06	1.04865e+06	1.88365e+06	1.01873e+06
REEP3	215705		177975	
REEP5	1.34376e+06	1.72103e+06	1.72719e+06	883778
REEP6		71973.9		
REG1A	294935	615570		
REG1B		51677.5		
REG3A	30570	235453	99239.6	2.95961e+06
REG4	1.11707e+06	2.95932e+06	917960	612157
REL	191446	143876	102930	154814
RELA	898102	362726	866827	434091
REM2	1.08825e+06			
RENBP	535792	389990	556263	525530
RER1	1.17943e+06	1.19008e+06	1.00029e+06	833725
RERG	101972		116283	
RETN	4.53374e+06	9.30744e+06	2.70895e+06	9.02877e+06
RETREG3	881184	553020	709507	
RETSAT	76972.7		52460.1	
REXO2	2.22957e+06	1.31457e+06	2.07408e+06	1.38013e+06
RFC1	3.93239e+06	2.38794e+06	1.49795e+06	
RFC3	106766		24700.6	
RFC4	439197	242997	220452	105032
RFC5	499620		333163	
RFESD			115979	
RFK	168545			
RFTN1	701084	280126	772735	
RGS10	1.7393e+06	1.48207e+06	2.3005e+06	1.62763e+06
RGS3	53695.4			
RHAG	138592	598322	1.46935e+06	
RHEB	1.2077e+06	966420	1.13097e+06	858590
RHOA	6.70472e+06	6.65993e+06	5.80047e+06	8.15049e+06
RHOB	106688	222351	130791	186891
RHOC	3.8494e+06	1.90132e+06	2.58654e+06	980844
RHOG	3.39674e+06	3.90289e+06	3.38344e+06	3.93281e+06
RHOT1	156347	126492	183814	120417
RHOT2	239955	136553	365160	230130
RIC8A	68688.5	59346.1	108954	67703.4
RIDA	325978	382043	299764	
RIN3	68857.2		12719.9	94494.1
RIOX2	14843.5			
RIPK1	228289		252215	278984
RIPOR1	107243		48890.4	45027.2
RIT1	47443.5			
RMDN1	720463	826300	675565	679976
RMDN3	183864	128628	145884	170415
RNASE1	544184	719499	335053	452069
RNASE2	7.04092e+07	3.86818e+07	4.8399e+07	1.51148e+08
RNASE3	4.10453e+07	2.59311e+07	2.84062e+07	9.45479e+07
RNASE4	215678	261520	214544	104908
RNASE6	431777	339988	521963	532361
RNASEH2B	98662.9			
RNASEH2C	192421			
RNASET2	2.48175e+06	1.59126e+06	1.8216e+06	3.34982e+06
RND3	50479.7	60044.8		50772.2
RNF114	518790	370504	453023	385030
RNF123	71851.1	164053	554442	253496
RNF13	265283	398261	136239	588189
RNF130	45891.9	99138.6	54357.6	102343
RNF14	152555	166848		257057
RNF149	136541	181757	127736	279925
RNF20	296371	77389.8	213579	120026
RNF214	437735	196398	372925	253682
RNF40	241260		146471	158954
RNGTT	39315.2		34950.4	
RNH1	4.33424e+06	4.90427e+06	4.98993e+06	2.45251e+06
RNMT	615922	298385	678472	372579
RNPEP	1.27102e+06	1.33814e+06	1.56e+06	911395
RNPS1	795607	561628	521058	502367
RO60	2.36238e+06	2.41756e+06	2.59019e+06	2.20511e+06
ROBO1	233886	83066	277372	159020
ROCK1	421929	540227	418571	425268
ROCK2	477901	338054	474508	406569
ROMO1	429188	416993	278073	246392
ROR2	70413.7	49300.3	118217	
RP2	552645	1.05331e+06	527765	687445
RPA1	1.24773e+06	610709	1.0306e+06	785673
RPA2	914125	440132	651923	587420
RPA3	196758	77552.5		
RPAP3	301313	91999.1	162953	
RPF2	125977	16731.6	58383.7	
RPIA	1.27399e+06	2.62457e+06	2.11885e+06	1.97609e+06
RPL10	555609	337869	438598	288111
RPL10A	6.31836e+06	1.92343e+06	4.15658e+06	799047
RPL11	5.16033e+06	1.68238e+06	3.41978e+06	1.05954e+06
RPL12	1.69328e+07	4.50674e+06	1.14303e+07	3.80532e+06
RPL13	2.56448e+06	1.89883e+06	1.5986e+06	935815
RPL13A	933108	321812	943296	81791.2
RPL14	1.56085e+06	831333	1.57725e+06	223838
RPL15	2.72594e+06	937561	2.33315e+06	
RPL17	531176	450701	533970	
RPL18	3.85046e+06	993572	2.69681e+06	360282
RPL18A	3.51647e+06	1.00125e+06	2.86743e+06	303739
RPL19	531187	361134	828481	192026
RPL21	888425	705674	806800	382033
RPL22	1.39071e+07	5.49384e+06	9.98899e+06	3.1609e+06
RPL23	2.045e+06	1.00204e+06	2.5635e+06	
RPL23A	2.19366e+06	1.38182e+06	1.59821e+06	771551
RPL24	304093	319344	371355	206382
RPL26	107979	139962	98860.7	
RPL27	2.55037e+06	2.3103e+06	4.27496e+06	480204
RPL27A	5.82008e+06	2.50886e+06	5.91911e+06	1.62522e+06
RPL28	1.26752e+06	445731	1.34985e+06	133869
RPL29	986768	547907	858552	200122
RPL3	2.35626e+06	687535	2.29186e+06	352838
RPL30	6.20628e+06	2.6016e+06	3.61433e+06	798727
RPL31	738369	635533	383933	205284
RPL32	827301	491443	1.34993e+06	376886
RPL34	734559	576929	693697	455700
RPL35	390990	153213	307215	72290.5
RPL35A	4.93667e+06	1.49834e+06	2.69932e+06	628043
RPL36	196859		393880	
RPL37A	923972	234695	443845	230703
RPL38	241258	138838	171405	
RPL4	2.05299e+06	1.10653e+06	2.25693e+06	157862
RPL5	7.57403e+06	2.52943e+06	4.36943e+06	919444
RPL6	6.44819e+06	1.56611e+06	3.55675e+06	551456
RPL7	6.93062e+06	2.04794e+06	4.67605e+06	789407
RPL7A	5.63879e+06	2.58855e+06	4.23551e+06	2.64627e+06
RPL8	4.12314e+06	1.3079e+06	4.48912e+06	290360
RPL9	6.60534e+06	2.20465e+06	4.30544e+06	802966
RPLP0	1.51793e+06	471326	1.4894e+06	196134
RPLP1	77773.5	356399	175289	121500
RPLP2	727382	2.17741e+06	464581	650104
RPN1	6.48847e+06	4.98134e+06	6.70528e+06	3.02913e+06
RPN2	1.40806e+06	1.87659e+06	1.69132e+06	882474
RPP14	176924			
RPP25	179526		153483	
RPP25L	119953		142133	97213.1
RPP30	233589		213886	17294.4
RPP40	202159		457354	
RPRD1A	654835			
RPRD1B	1.03557e+06	603604	745697	478428
RPS10	925207	239877	697671	
RPS11	4.60402e+06	3.21438e+06	4.04757e+06	1.92418e+06
RPS12	8.60898e+06	4.4227e+06	8.08533e+06	2.70934e+06
RPS13	1.71853e+07	4.76516e+06	1.25465e+07	3.21714e+06
RPS14	1.44864e+06	540288	1.50225e+06	374240
RPS15	1.35669e+06	588376	1.87234e+06	411154
RPS15A	1.73124e+07	3.40813e+06	9.82021e+06	2.30493e+06
RPS16	8.97682e+06	3.07508e+06	6.67398e+06	1.91977e+06
RPS17	3.25015e+06	1.35904e+06	2.80311e+06	881981
RPS18	9.11789e+06	5.68772e+06	9.71212e+06	646036
RPS19	2.87794e+06	1.54625e+06	2.49836e+06	552688
RPS2	8.61086e+06	2.20305e+06	6.73652e+06	1.30897e+06
RPS20	3.00723e+06	891067	3.07214e+06	592842
RPS21	6.96471e+06	2.80564e+06	4.4188e+06	2.18717e+06
RPS23	2.39061e+07	1.21965e+07	1.54904e+07	1.66132e+07
RPS24	2.04705e+06	606087	1.62914e+06	559930
RPS25	2.00849e+06	2.22211e+06	3.49583e+06	1.07854e+06
RPS26	98991.5	98512.4	112440	
RPS27	2.17864e+06	1.31599e+06	1.57176e+06	1.15826e+06
RPS27A	469970	255205	577329	78814.8
RPS27L	1.70907e+06	1.96014e+06	3.51226e+06	1.76852e+06
RPS28	1.23355e+07	4.10823e+06	8.97884e+06	2.50472e+06
RPS29	386850	130315	424990	72107.1
RPS3	1.89055e+07	7.16405e+06	1.48001e+07	5.22609e+06
RPS3A	1.29375e+07	5.58824e+06	1.10964e+07	3.33763e+06
RPS4X	1.4314e+07	7.35411e+06	1.14254e+07	5.31725e+06
RPS4Y1	588438		533604	
RPS5	4.11112e+06	1.8444e+06	3.63444e+06	770263
RPS6	1.07513e+06	507697	1.27786e+06	380078
RPS6KA1	139767	71786.5	68923.4	58436.2
RPS6KA3	470619	217688	447340	288668
RPS6KB1	71424.6			
RPS7	3.87696e+06	1.0812e+06	4.78069e+06	709836
RPS8	3.13416e+06	1.52445e+06	3.00553e+06	772111
RPS9	1.5409e+07	3.43205e+06	1.05199e+07	2.0657e+06
RPSA	5.4694e+06	1.94755e+06	2.01181e+06	1.3616e+06
RPTOR	32621	30590.6	48677.8	
RPUSD2	96753.6			
RRAGA	80615.4	103928	239944	99180.4
RRAGC	368440	304221	452594	242049
RRAS	2.63829e+06	1.72887e+06	2.08703e+06	1.66792e+06
RRAS2	235554	181753	229149	217485
RRBP1	9.35814e+06	4.37257e+06	9.83157e+06	4.38889e+06
RRM1	544851	219610	171146	
RRM2	527453			
RRM2B	205916		340551	
RRP1	128410			
RRP12	262522		204025	
RRP1B	405007		281516	
RRP9	256558			
RSL1D1	666233	303789	453238	291551
RSU1	4.46814e+06	3.29606e+06	5.82105e+06	2.61998e+06
RTCA	734050	482548	964304	618726
RTCB	2.58022e+06	1.53445e+06	2.83521e+06	1.06304e+06
RTF1	576075	370365	408261	319512
RTF2	184039	64988.9	120654	92590.5
RTN1	119968	279517	146858	
RTN2	229549	642714	232113	293222
RTN3	6.20518e+06	1.58077e+07	7.93151e+06	1.08399e+07
RTN4	7.13974e+06	8.13472e+06	6.88125e+06	3.90708e+06
RTRAF	1.20898e+06	958447	808647	475318
RUFY1	435471	286699	390546	225757
RUVBL1	2.64475e+06	1.75198e+06	2.55861e+06	1.05058e+06
RUVBL2	1.51518e+06	1.05431e+06	1.67014e+06	755835
RWDD1	108694	124185	138071	17396.8
RXRA	137310		109178	59682.6
RXRB	127578		46967.3	
S100A10	3.00721e+06	3.06611e+06	3.65911e+06	2.63808e+06
S100A11	1.16038e+07	3.82565e+07	8.32279e+06	2.56428e+07
S100A12	1.36889e+07	1.11301e+08	8.04307e+06	7.52569e+07
S100A13	1.98619e+06	1.53435e+06	3.43529e+06	1.09092e+06
S100A14	63438.7	274510	292528	
S100A16	886398	608723	840739	258180
S100A4	4.11537e+07	3.86294e+07	3.79886e+07	5.6505e+07
S100A6	6.09101e+07	1.65813e+08	5.36768e+07	9.1465e+07
S100A7	582463	1.83422e+06	2.24312e+06	479254
S100A8	1.27934e+08	1.04977e+09	1.00115e+08	7.93129e+08
S100A9	7.42927e+07	8.49427e+08	9.00109e+07	6.16432e+08
S100P	9.58753e+06	3.45621e+07	5.62992e+06	3.01631e+07
SAA1		671874		175942
SAA4	2.00572e+06	9.73702e+06	3.88834e+06	5.64074e+06
SACM1L	478678	627445	712939	342843
SAE1	930370	448061	783534	322536
SAFB	850514	520160	512409	620146
SAFB2	198812		275600	408028
SAG	402252	200607	271944	286338
SAMHD1	2.89451e+06	973554	2.48274e+06	1.11169e+06
SAMSN1	188349	131074	143514	183865
SAP18	604889	378219	256141	462218
SAR1A	2.73236e+06	1.65565e+06	2.53191e+06	1.86638e+06
SAR1B	1.2569e+06	756294	1.51457e+06	1.01142e+06
SARNP	1.10535e+06	500456	1.19542e+06	764301
SARS1	3.13276e+06	2.00151e+06	3.08195e+06	938193
SARS2	635408	411502	543441	330726
SART1	89333.2	55192.1	75670.1	26754.9
SART3	1.66296e+06	1.26868e+06	2.02964e+06	907848
SASH3	938218	1.24134e+06	1.09158e+06	1.17013e+06
SBDS	4.12743e+06	1.63712e+06	2.67112e+06	1.09674e+06
SBSN	61183.2	237184	274696	138372
SCAF11	85955.7			
SCAF4	186057			56252.6
SCAMP1	443192	365762	386007	239752
SCAMP2	1.69715e+06	2.04898e+06	1.49086e+06	1.20553e+06
SCAMP3	595639	457852	562003	202884
SCAMP4	25877.2	30926.3		
SCARB1	355840	236614	205886	
SCARB2	4.77715e+06	6.49633e+06	6.16251e+06	7.80241e+06
SCARF2	438705		524173	
SCCPDH	526868	584385	673987	451495
SCFD1	159438	13360.1	129731	47188.5
SCIN	164120		118960	
SCLY	631560	511160	766029	458221
SCO1	847862	600136	831683	690264
SCO2	205441		202055	
SCP2	4.8289e+06	3.62953e+06	4.75303e+06	3.97526e+06
SCPEP1	590019	534625	726210	686938
SCRIB	680354	840098	700833	452852
SCRN1	608480	476016	591774	279792
SCRN2	157017	557555	218610	98948.3
SCRN3	74276.5	116898	108514	51681.4
SDC1	274666		183653	
SDC2	467968	138458	579475	253414
SDC4	80073.4	115447		
SDCBP	1.44686e+06	2.08597e+06	815572	2.94361e+06
SDF2	794370	564729	667804	731363
SDF2L1	1.55698e+06	1.31145e+06	2.17535e+06	1.74995e+06
SDHA	3.29158e+06	3.88256e+06	3.14274e+06	2.91017e+06
SDHB	3.36396e+06	3.33557e+06	2.52929e+06	2.19806e+06
SDHD	86414.4	703493	324828	
SDK1	179192	231514	219988	197085
SEC11A	3.51838e+06	3.83941e+06	5.19579e+06	2.68981e+06
SEC11C	617479	450337	3.51165e+06	769312
SEC13	2.44575e+06	2.00326e+06	1.81961e+06	1.82845e+06
SEC14L2	150936	82663.8	292940	87820.6
SEC14L4	5706.87	31699.5	109567	
SEC22B	2.40537e+06	2.20601e+06	1.81194e+06	1.71004e+06
SEC23A	514720	708976	690561	530248
SEC23IP	431089	350679	285292	107201
SEC24C	115575	154597	129181	73180.2
SEC24D	126880	315628	250608	192828
SEC31A	4.53542e+06	3.32328e+06	4.45867e+06	2.67686e+06
SEC61A1	629775	299551	569593	
SEC61B	6.11122e+06	3.14135e+06	4.57091e+06	1.7346e+06
SEC61G	2.76496e+06	1.73743e+06	2.27106e+06	1.25672e+06
SEC62	1.06768e+06	588721	743632	472417
SEC63	370762	246414	312860	
SEH1L	964833	1.06254e+06	812221	1.02353e+06
SEL1L	318727		352910	
SELENBP1	4.99471e+06	6.95686e+06	1.25425e+07	6.96616e+06
SELENOF	1.40626e+06	1.03947e+06	1.27217e+06	1.02318e+06
SELENOH	374178	119036	465519	
SELENOM	402503	594996	273685	327186
SELENOO	35287.6		130987	
SELENOP	246819	447344	469033	807841
SELENOS	175972		169653	
SELENOT	726295	649251	684588	
SELENOW	63904.2	23282.1	66838.7	
SELL	252076	623342	232885	491615
SELP	88704	308526	657483	377782
SEMA4B	405178			
SEMA4D	40786.9			53559.6
SEMA7A	34833.8		56130.3	
SEPHS1	827129	457006	563981	378259
SEPHS2	543660	380169	705541	411242
SEPTIN10	576252	219315	380524	136275
SEPTIN11	8.97924e+06	3.46201e+06	1.22979e+07	3.38269e+06
SEPTIN2	4.90214e+06	2.31662e+06	5.78911e+06	2.33592e+06
SEPTIN4	67565.5		47116	
SEPTIN5	515663	465846	590052	418241
SEPTIN6	803286	842241	873311	886102
SEPTIN7	4.04837e+06	2.1857e+06	4.96616e+06	2.21127e+06
SEPTIN8	1.6965e+06	578029	1.51214e+06	471451
SEPTIN9	1.19453e+06	854104	1.41798e+06	520146
SERBP1	3.91724e+06	2.17187e+06	2.53178e+06	1.80314e+06
SERF2	1.38394e+06	362350	773015	466528
SERINC1	280388	246258	288914	235249
SERPINA1	5.07661e+07	3.81163e+08	8.42745e+07	1.56432e+08
SERPINA10	108159	638698	171719	495587
SERPINA3	1.57832e+07	1.14775e+08	2.28348e+07	7.15702e+07
SERPINA4	841653	1.38344e+06	1.23365e+06	1.67568e+06
SERPINA5	1.84209e+06	3.55189e+06	2.29625e+06	4.48886e+06
SERPINA6	621293	2.25268e+06	857074	822688
SERPINA7	303808	822110	479940	390719
SERPINB1	1.46552e+07	3.90175e+07	1.05983e+07	3.50382e+07
SERPINB10	2.0441e+06	3.39719e+06	1.78578e+06	3.56801e+06
SERPINB12	552999	1.64888e+06	1.97691e+06	536720
SERPINB2	54651.2	182642	70521.7	247485
SERPINB3	498645	1.70999e+06	1.66767e+06	649061
SERPINB5	95249.4	673652	148369	
SERPINB6	7.58914e+06	6.76986e+06	6.71601e+06	4.72358e+06
SERPINB8	770067	1.14491e+06	665374	800332
SERPINB9	3.01182e+06	1.28249e+06	2.27277e+06	2.00233e+06
SERPINC1	4.26154e+06	1.88793e+07	7.71146e+06	1.47828e+07
SERPIND1	2.29476e+06	9.18917e+06	3.98977e+06	9.53916e+06
SERPINE1	1.36431e+06	1.32539e+07	688276	6.66415e+06
SERPINE2	425857	360182	1.19786e+06	1.94731e+06
SERPINF1	7.29473e+06	7.95809e+06	9.19981e+06	5.83995e+06
SERPINF2	1.29751e+06	5.93917e+06	2.23174e+06	7.51199e+06
SERPING1	4.90664e+06	2.10376e+07	7.68766e+06	7.07911e+06
SERPINH1	3.30165e+07	1.25147e+07	2.17509e+07	7.24424e+06
SET	698914	329047	849076	278110
SETD3	360472	556724	371881	
SETD7	444614	360494	563494	368506
SF1	1.37861e+06	895596	1.31044e+06	1.03051e+06
SF3A1	2.03392e+06	1.67718e+06	1.84602e+06	1.82407e+06
SF3A2	821656	421352	471188	524270
SF3A3	6.25832e+06	3.7579e+06	4.40659e+06	2.85128e+06
SF3B1	1.12517e+06	758837	756877	672177
SF3B2	983585	674353	723030	501225
SF3B3	3.67677e+06	2.44468e+06	2.47136e+06	2.58302e+06
SF3B4	1.58654e+06	904979	867082	993964
SF3B6	733167	528817	424042	604626
SFN	1.31906e+06	998587	494567	117927
SFPQ	5.79968e+06	3.31876e+06	3.92905e+06	4.12322e+06
SFRP2	166216		86626.5	33860.1
SFRP4	2.16151e+06	974628	4.88461e+06	
SFT2D1	447957		184485	
SFT2D2	247777	225469	252908	106377
SFXN1	60648.9	210847	48092.1	
SGCB	394437		928685	
SGCD	283528	214920	520808	153407
SGCE	295163	131975	714043	174912
SGPL1	160513		73296.4	45108.8
SGSH	1.18405e+06	992746	1.08557e+06	987128
SGTA	998614	703768	410857	396352
SGTB	296303	455169	146138	489311
SH2D1A	55902.5			
SH3BGRL	7.57287e+06	6.62697e+06	4.81225e+06	6.87956e+06
SH3BGRL2	1.102e+06	900100	1.28867e+06	433932
SH3BGRL3	7.41198e+06	9.48691e+06	3.86965e+06	6.01516e+06
SH3BP2	165090		38811.8	71382
SH3D19	75474.3		149680	
SH3GL1	998301	529043	847421	282717
SH3GLB1	1.59265e+06	780734	1.42009e+06	770788
SH3GLB2	534377	446061	651867	331616
SH3KBP1	858067	908545	756487	1.00155e+06
SH3PXD2A	88478.7		84056.8	
SH3PXD2B	1.41219e+06	781766	1.7193e+06	791463
SH3YL1	32803.6			
SHBG	34684.9	382527	42934.1	81986.7
SHC1	218708	105189	77734.6	
SHFL	935163	503652	1.02709e+06	612360
SHISA4	64336.6		128856	66848.7
SHMT1	242562	210644		100940
SHMT2	1.06326e+06	465478	667286	420890
SHOC2	185962	199808	206754	236608
SHPK	73330.7		134527	
SHQ1	839978	487782	584760	707526
SHTN1	276531	263283	177445	94660.8
SIAE	1.32619e+06	1.95738e+06	1.92638e+06	877455
SIDT2	134512	150489	140004	128981
SIGLEC14	33704.2		23251.4	262680
SIGLEC5	191539	1.04259e+06	192277	1.33905e+06
SIGLEC9	103004	458773	104304	586745
SIGMAR1	1.02157e+06	1.11559e+06	645299	927009
SIL1	439914	314347	392721	392909
SIN3A	330019		152221	150114
SIPA1	614581	343653	504832	805249
SIRPA	648149	1.57946e+06	817332	2.09267e+06
SIRPB1	56339	85691.9	68446.6	237452
SIRT2	137474	78374.1	144276	99214.2
SIRT5	328281	454869	329464	
SIRT6	128913			
SKAP2	791158	2.16434e+06	731737	2.24482e+06
SKIC2	80988.4	120645	135017	
SKIC3	31194.5	14308.9	36343.3	
SKIC8	553211	537769	630803	516278
SKP1	1.27965e+06	1.90434e+06	1.61839e+06	1.60322e+06
SLC12A2	2.16397e+06	385189	1.44863e+06	64359.5
SLC12A4	66573.8	255161	126119	
SLC12A7	269825	155427	437108	
SLC15A3	153845	160035	129411	129139
SLC15A4	654290	1.3344e+06	656776	1.1734e+06
SLC16A1	1.40926e+06	906452	1.73241e+06	695286
SLC16A3	1.00107e+06	1.62996e+06	917894	1.25302e+06
SLC17A5	128896	175468	153119	214701
SLC1A3	35681.5	45706.9		
SLC1A4	282203	90902.6	162877	163651
SLC1A5	494121	340306	438235	118837
SLC25A11	88969.5	226528	169501	63141.9
SLC25A24	201356	247226	223537	122968
SLC25A3	1.43358e+06	1.94752e+06	1.2837e+06	1.01032e+06
SLC25A4	54048.9	138680	93996.8	
SLC25A5	1.85091e+07	1.82202e+07	1.65915e+07	1.24472e+07
SLC25A6	493738	251049	498415	
SLC27A4	80210.1	48788.7	55383	
SLC29A1	193799	140714	253624	90358.8
SLC29A3	40360.1		37424	
SLC2A1	975593	2.85565e+06	6.79921e+06	1.40895e+06
SLC2A10	33208.6		36337.3	
SLC2A3	708802	2.55656e+06	1.15623e+06	2.39011e+06
SLC30A1	237091	278814	412826	
SLC30A7	249688	317692	155878	70903.7
SLC35A4	291881	587569	156387	248158
SLC35F6	138262	240432	201043	107064
SLC36A1	45130.9	46994.9	48735.9	34191.7
SLC38A1	119043		36772.7	
SLC39A10	38519.8		39252.3	
SLC39A14	508757	556730	336490	142107
SLC3A2	886512	926760	819504	567143
SLC43A3	393000	845240	235065	380322
SLC44A1	819045	1.08928e+06	824964	631130
SLC44A2	2.28679e+06	3.61919e+06	1.92113e+06	3.33191e+06
SLC44A4	217942	322204	119997	
SLC4A1	2.03007e+06	5.50559e+06	3.06734e+07	1.859e+06
SLC8A1	50228.4		198409	
SLCO2A1	87021.3		81262.3	
SLCO3A1	69789.5		184140	
SLFN5	384121	94194.5	370677	133619
SLITRK4	1.09559e+07	1.23684e+07	1.03146e+07	9.01235e+06
SLK	679501	520700	635894	418569
SLMAP	809173	792558	502128	427441
SLTM	1.04098e+06	1.04108e+06	999910	1.05017e+06
SMAD4	139243			
SMAP	1.18081e+06		1.42152e+06	682885
SMAP1	1.81579e+06		2.71209e+06	5.37907e+06
SMAP2	953030	589708	703916	1.02236e+06
SMARCA4	197888	136125		
SMARCA5	1.03776e+06	637772	652459	669289
SMARCB1	833668	402327	473206	650572
SMARCC1	389562	130645	194012	138513
SMARCC2	588733	386822	412701	308068
SMARCD1	75820.9			
SMARCD2	336546		313267	
SMARCE1	393687	303392	334125	357860
SMC1A	724257	820479	648781	800303
SMC2	257130	76638.7	234327	132946
SMC3	766139	769382	645319	781908
SMC4	343361	218485		34284
SMC5	50607.4	62476.9	70283.9	
SMCHD1	411762	389363	186518	397432
SMDT1	191020	356031	274773	289061
SMIM24	140287	500088		529033
SMPD1	106805	133647	126194	
SMPDL3A	200674	139792	373431	102379
SMPDL3B	67051.4		144897	
SMS	677433	339427	596764	279752
SMTN	768822	585610	744997	475495
SMU1	207667	186601	138643	388569
SMYD5	447006	161160	287877	99015
SNAP23	442201	1.16349e+06	640758	649674
SNAP29	726638	627363	590826	299781
SNAPIN	234454	411079	237579	158534
SNCA	988904	4.28697e+06	7.95011e+06	3.2716e+06
SND1	5.77435e+06	3.6843e+06	5.57908e+06	4.06765e+06
SNRNP200	916112	715536	540937	627473
SNRNP40	473507	352686	327661	480924
SNRNP70	2.67842e+06	1.44884e+06	1.25371e+06	1.87878e+06
SNRPA	3.37671e+06	2.34269e+06	1.53681e+06	2.74831e+06
SNRPA1	2.26581e+06	1.5353e+06	1.47178e+06	1.60021e+06
SNRPB2	497992	512846	470313	426555
SNRPC	614351	480367	500148	429100
SNRPD1	5.21599e+06	3.2535e+06	2.70728e+06	4.0897e+06
SNRPD2	7.51638e+06	6.22098e+06	5.77425e+06	6.37615e+06
SNRPD3	1.10488e+07	8.74161e+06	6.81555e+06	9.24529e+06
SNRPE	7.51898e+06	6.00152e+06	4.05777e+06	5.26096e+06
SNRPF	957409	1.02308e+06	503456	1.18276e+06
SNTB1	308699	180472	245392	160359
SNTB2	862032	462662	1.11894e+06	463586
SNU13	1.68377e+06	1.33652e+06	1.66071e+06	1.30074e+06
SNUPN	177179		134184	
SNW1	286680			
SNX1	1.66196e+06	1.27945e+06	2.28056e+06	1.05642e+06
SNX12	1.43559e+06	854068	1.56898e+06	889015
SNX15	388353	261069	452335	214501
SNX17	1.67036e+06	1.05118e+06	2.27015e+06	1.14568e+06
SNX2	1.39279e+06	849071	1.70947e+06	655792
SNX27	479058	541599	494405	592175
SNX3	3.74338e+06	1.80588e+06	4.42101e+06	2.4861e+06
SNX4	253651	211344	347632	102476
SNX5	1.3435e+06	1.12334e+06	1.14528e+06	1.2232e+06
SNX6	1.3836e+06	953149	1.6699e+06	847787
SNX7	285563	161932	162322	
SNX8	78149.7		152932	
SNX9	311361	135335	316574	168841
SOD1	3.84293e+07	3.8101e+07	5.63743e+07	4.60574e+07
SOD2	6.79428e+07	1.19915e+08	6.56562e+07	4.11078e+08
SOD3	1.69003e+06	1.01305e+06	1.84821e+06	632788
SORBS1	215024	338135	173911	292140
SORBS2	182023		322943	177209
SORBS3	3.41598e+06	2.99886e+06	4.60215e+06	2.29177e+06
SORCS2	13957.4		49438.6	
SORD	2.92233e+06	1.50387e+06	2.57215e+06	930123
SORL1	304005	855535	334477	930816
SORT1	154795		185230	433763
SP100	42954.8			
SPAG7	308591	80036.4	216168	150479
SPAG9	733466	618932	724377	348400
SPARC	5.79543e+06	2.72803e+06	5.34095e+06	2.64117e+06
SPART	348164	208943	400103	207999
SPATS2	119734		85254.4	
SPC25	83262.6			
SPCS2	4.27864e+06	4.06011e+06	5.1207e+06	2.16883e+06
SPCS3	968988	1.07408e+06	2.04388e+06	698124
SPECC1	385218	314178	370276	324110
SPECC1L	49582.2			
SPEN	592828		686071	270124
SPG7	191314	433464	419103	418018
SPHK1	248159	98520.8	185761	
SPINT1	359828	241490	202849	61444
SPINT2	151921	163809	116139	
SPN	920330	1.80112e+06	1.22419e+06	1.8841e+06
SPNS1		188046	177216	
SPNS3	21440.9			131676
SPON1	250385	160236	528795	177309
SPON2	220945	107144	147343	155468
SPP2	9274.2	219236		248913
SPPL2A	213565	475394	252444	485247
SPR	264517	216920	205021	130092
SPRR3		6.1696e+06	7.14445e+06	
SPRYD4	366569	200110	573398	104086
SPRYD7	530092	371662	501938	406861
SPTA1	1.02224e+06	3.94411e+06	1.3569e+07	5.53747e+06
SPTAN1	3.23636e+06	3.25428e+06	3.0717e+06	3.36785e+06
SPTB	665046	2.17775e+06	7.73861e+06	2.33106e+06
SPTBN1	1.84824e+06	1.77272e+06	1.81729e+06	1.69467e+06
SPTLC1	130132		92561.3	
SQOR	723262	546040	829995	644388
SQSTM1	319224	721310	308340	605104
SRA1	185853	212483	173861	
SRC	574068	378436	885675	522049
SRD5A2	113441		71284.6	
SRI	6.61789e+06	9.65006e+06	3.7332e+06	3.62912e+06
SRM	2.99583e+06	1.40058e+06	2.61008e+06	840076
SRP14	2.34998e+06	1.07277e+06	1.57449e+06	1.05509e+06
SRP19	252674	201070	334937	225719
SRP54	1.51836e+06	999421	1.39797e+06	1.01312e+06
SRP68	560393	365328	452794	236308
SRP72	800206	491795	575537	388145
SRP9	4.02788e+06	2.13627e+06	2.54164e+06	1.80434e+06
SRPK1	59365.4			
SRPK2	35745.3			
SRPRA	233189	322207	289210	155532
SRPRB	1.6127e+06	1.11496e+06	1.99088e+06	610332
SRRM1	206834	298913		290090
SRRM2	191319		92591.6	
SRRT	685292	494572	580637	392641
SRSF1	4.37376e+06	2.18072e+06	2.21393e+06	1.4265e+06
SRSF10	805110	271947	190768	320942
SRSF11	159722	176882		
SRSF2	3.24623e+06	1.9222e+06	1.60335e+06	1.49399e+06
SRSF3	3.08794e+06	1.77496e+06	1.59698e+06	1.35285e+06
SRSF4	316097			
SRSF6	876180	186802	506711	548228
SRSF7	3.19152e+06	1.90131e+06	1.20727e+06	1.31461e+06
SRSF9	785219	436535	358783	419780
SRXN1		283412		287198
SSB	5.33704e+06	2.79156e+06	5.15141e+06	2.68603e+06
SSBP1	4.25793e+06	4.23363e+06	3.19799e+06	3.0714e+06
SSR1	8.04349e+06	5.54054e+06	8.75441e+06	5.39436e+06
SSR3	1.59591e+06	1.58986e+06	1.40852e+06	596990
SSR4	4.87617e+06	4.72488e+06	4.54727e+06	1.47498e+06
SSRP1	1.05551e+06	708388	582411	697273
SSU72	379129	283638	372112	205932
ST14	455108	216668	300957	73851.8
ST3GAL1	111235			
ST6GALNAC1	67833.3	99161.9		
STAB1	102462	73328.4	137399	
STAG1	58555.1	61596.8		
STAG2	225851	384318	234148	153077
STAM	442784	422532	236849	142675
STAM2	265078	277927	327881	
STAMBP	901962	645243	1.22587e+06	746177
STAMBPL1	249849		818459	
STARD10	1.39447e+06	944481	1.40168e+06	1.08774e+06
STARD5	46268.1		29307	19513.6
STARD7	268123		278502	
STAT1	686460	863454	869078	400647
STAT2	309111		386254	
STAT3	1.31546e+06	1.37607e+06	1.67058e+06	1.12563e+06
STAT5B	165369	155861	146829	141756
STAT6	266081	139088	213562	221802
STAU1	664879	458314	344711	596794
STAU2	21910.4		19843.3	
STBD1	342803		347522	690538
STEAP1	76247	49698.4		
STEAP2		225892	156396	
STEAP4	302237	573418	257665	518828
STIM1	560745	397088	501110	379477
STING1	448084		533891	283930
STIP1	9.4893e+06	9.61412e+06	1.05929e+07	8.79905e+06
STK10	798060	606300	550465	825384
STK24	279923	261499	234368	194453
STK26	195544			245618
STK3	37007.9		44274.7	
STK38	202415	122810	196677	66533.7
STK38L	121967	77269.4	101141	
STK4	150040	172033	90682.2	297750
STMN1	3.79826e+06	3.77196e+06	1.69699e+06	2.60419e+06
STMN2	3.02855e+06	2.9644e+06	1.41601e+06	2.19043e+06
STOM	1.2684e+07	2.36929e+07	2.36693e+07	2.36565e+07
STOML2	833853	1.16897e+06	630113	359898
STOML3	1.23564e+07	2.14244e+07	2.68428e+07	2.80868e+07
STON1	600381		611407	545981
STRAP	1.58766e+06	893931	1.27173e+06	915557
STRBP	132803			
STRN	235078	325501	215509	255072
STRN3	965846	600838	765606	828317
STS	86430.9		378035	138130
STT3A	1.21252e+06	803790	927052	190898
STT3B	505265	727120	932412	689586
STUB1	1.31736e+06	807767	1.41386e+06	299781
STX11	103774	111601	214721	239733
STX12	1.85971e+06	1.83944e+06	1.31035e+06	1.51707e+06
STX16	172875	319187	154529	251633
STX17	236988		346571	
STX2	128380	84622.4	192645	56816.9
STX3	574982	1.33571e+06	488766	1.80003e+06
STX4	746737	699733	765236	585876
STX5	547077	686849	1.11853e+06	839528
STX7	3.20843e+06	5.86399e+06	3.34319e+06	6.21888e+06
STX8	127005	360059	144562	354600
STXBP2	416514	724749	454176	494565
STXBP3	457874	226802	624879	273143
STXBP5	211961	225612	231181	169222
SUB1	2.76654e+06	2.26889e+06	3.71874e+06	2.95036e+06
SUCLA2	648634	467450	884244	247850
SUCLG1	1.18906e+06	668660	1.23833e+06	544456
SUCLG2	459770	417407	869703	135524
SUGP1	125646			
SUGT1	1.40723e+06	1.02657e+06	1.0748e+06	584981
SULF1	501818	259672	220294	106199
SULT1A1		174269		
SULT1A3	248401	104211	231325	
SULT2B1	233388		227990	
SUMF1	799702	578193	859766	723007
SUMF2	1.4293e+06	904830	1.57271e+06	1.4093e+06
SUMO2	1.43755e+06	676848	1.13095e+06	866990
SUMO3	123978	67323.4	70306.8	47358.7
SUN2	346333	550318	242554	217139
SUOX	438227		579315	138176
SUPT16H	762531	491402	565224	594456
SUPT4H1	422450	382440	1.48186e+06	190299
SUPT5H	866577	589939	677240	675952
SUPT6H	238806		226055	
SUPV3L1	286363	674807	188900	377329
SURF4	969612	1.28861e+06	984372	629161
SUSD2	943708	299376	827902	
SVIL	1.93696e+06	1.00677e+06	1.82911e+06	1.17482e+06
SVIP	99583.6	676075		587800
SWAP70	901820	623789	846760	565104
SYAP1	688011	381300	484427	
SYCE1	137482		144151	
SYK	394473	544095	392200	610112
SYMPK	263768	196519	265707	170570
SYNCRIP	7.27362e+06	3.14737e+06	4.96457e+06	2.41768e+06
SYNE2	66010.5			
SYNGR1	274799	763868	309866	379247
SYNGR2	4.28794e+06	7.21256e+06	3.31796e+06	4.16617e+06
SYNJ1	64381.7	529181	33557.3	
SYNJ2BP	1.00052e+06	726810	969713	586943
SYPL1	2.8413e+06	4.80892e+06	2.99807e+06	1.50424e+06
SYTL1	1.75277e+06	5.56329e+06	2.79265e+06	3.8457e+06
SYTL2	198245		117420	
SYTL4			204376	
TAB1	409448	596099	407794	394217
TAB2	107120		96312.4	37523.6
TACC1	767552	543849	578098	439929
TACC3	1.22669e+06			1.0796e+06
TACO1	433950	91655	329649	
TACSTD2	327641		184004	
TADA2B	385802	2.21372e+06	5.05156e+06	1.31595e+06
TAF15	331465	224045	317468	223669
TAF5	159728		220251	
TAGLN	7.32954e+07	6.89427e+07	4.63417e+07	2.2636e+07
TAGLN2	4.89214e+07	4.08216e+07	2.74406e+07	2.89501e+07
TALDO1	2.68227e+07	3.94564e+07	2.28618e+07	3.63438e+07
TANGO2	239581	285387	657320	286930
TAPBP	2.20747e+06	1.83047e+06	2.19988e+06	932389
TARDBP	2.64322e+06	802240	2.14482e+06	899935
TARS1	4.09399e+06	1.9606e+06	3.23795e+06	1.92734e+06
TASOR	139755		71037.9	133542
TATDN1	463703	429830	529162	303924
TAX1BP3	2.26257e+06	947074	2.60636e+06	863410
TBC1D10A	105930		107356	60133.3
TBC1D15	387318	145923	355829	146317
TBC1D2	118721		197110	
TBC1D23	418091	163084	243509	323297
TBC1D24	489896	353182	321899	177447
TBC1D2B	109076	387047	295112	
TBCA	4.75656e+06	4.23974e+06	3.77489e+06	3.6553e+06
TBCB	1.60157e+06	914737	1.05693e+06	858069
TBCC	595921	505137	665834	456576
TBCD	26669.1		33502.7	
TBCE	82564.1		117340	
TBCEL	389492	342255	410592	290458
TBL1XR1	669252	486900	452403	402134
TBL2	258589	204514	313168	132331
TBL3	128255			
TBXAS1	136017	324252	300943	160076
TCAF1	70475.8		20536.9	
TCEA1	1.36784e+06	767019	1.2632e+06	706962
TCEAL3	72473.2	47370.1	56491.5	
TCERG1	1.37736e+06	501873	823062	579628
TCF25	70819.3			
TCIRG1	347714	1.05268e+06	424238	637494
TCN1	566788	862715	607588	1.80195e+06
TCOF1	569238	256872	476774	256571
TCP1	3.6648e+06	2.00048e+06	4.19584e+06	1.06541e+06
TDP1	909717	950937	559112	737411
TDP2	273772	662095	217441	92139.8
TECPR2	132245	196405		152020
TECR	327816	230797	479577	141915
TERF2	282218		287731	425064
TERF2IP	533164	261199	220047	350213
TES	3.61672e+06	1.92307e+06	2.73233e+06	1.4137e+06
TF	4.53838e+07	1.15531e+08	8.30074e+07	1.21079e+08
TFAM	273593	621996	293825	362063
TFB1M	71628.3			
TFG	3.34232e+06	2.22313e+06	2.77925e+06	1.23604e+06
TFIP11	155267	211636	205479	183168
TFPI	21656.7			
TFPI2	19409	225012	152766	1.16972e+06
TFRC	2.17809e+06	1.72703e+06	1.48948e+06	1.431e+06
TGFB1	763127	1.28482e+06	1.23886e+06	1.56869e+06
TGFB1I1	1.71351e+06	725426	1.54566e+06	289753
TGFBI	1.18692e+07	1.23823e+07	8.95054e+06	4.23451e+07
TGM1	121103	453064	469444	164744
TGM2	2.50737e+06	1.05071e+06	1.80565e+06	1.54133e+06
TGM3	921182	2.49696e+06	2.95073e+06	2.84471e+06
TGOLN2	1.2227e+06	927860	1.42157e+06	729791
THBD	86514.4		97027.7	75552.7
THBS1	5.41413e+06	2.05308e+07	1.10716e+07	1.35022e+07
THBS2	3.42101e+06	4.45024e+06	2.74697e+06	2.12935e+06
THEM4	25213	17318.2		
THEMIS2	106653	33213.9	48065.8	62054.9
THG1L	305645	162695	343282	126965
THOC1	314123	212717	202868	114386
THOC2	64147.3			
THOC3	232770		160011	
THOC6	577120		319395	189640
THOP1	327257	159980	477131	
THRAP3	1.39215e+06	686978	760002	965228
THSD4	209278		509108	
THUMPD1	899922	365003	790929	207449
THUMPD3	112679		73473.2	
THY1	1.30988e+07	9.81198e+06	1.43274e+07	5.58258e+06
THYN1	1.09512e+06	1.14342e+06	1.09234e+06	1.41429e+06
TIA1	1.46924e+06	615744	865731	509320
TIAL1	1.35339e+06	670833	900294	734603
TIGAR	1.08409e+06	723822	1.38867e+06	812302
TIMM10	191686	361383	157426	294330
TIMM13	591285	794886	774010	143955
TIMM44	233311	136233	272847	190186
TIMP1	2.85531e+06	7.33293e+06	2.99421e+06	5.6897e+06
TIMP2	1.34782e+06	1.31778e+06	1.22802e+06	2.11323e+06
TIMP3	266098		449733	140555
TIPRL	930074	862111	811749	570726
TJAP1	211266		292342	
TJP1	623420	278155	492232	284307
TJP2	750395	238818	613379	179855
TK1	335232			
TKFC	1.01484e+06	2.23653e+06	1.42788e+06	1.20523e+06
TKT	4.17347e+07	5.04433e+07	3.11789e+07	8.51946e+07
TLE3	237901	198640		247870
TLN1	1.38687e+07	1.18265e+07	1.60852e+07	9.40288e+06
TLN2	676510	555644	761255	440644
TM4SF1	1.30858e+06	1.10627e+06	820413	409363
TM9SF2	388786	590557	464383	283723
TM9SF3	257828	378083	199958	219633
TM9SF4	196813	239550	227428	69963.9
TMA7	801941	807358	574708	800581
TMBIM1	758543	1.62451e+06	1.13497e+06	890885
TMBIM6	217962	304353	249084	156593
TMCO1	1.22589e+06	1.75145e+06	1.04505e+06	376389
TMED1	47413.9			
TMED10	6.63854e+06	5.3048e+06	6.25337e+06	3.68944e+06
TMED2	3.79708e+06	4.65212e+06	3.86584e+06	3.03982e+06
TMED3	415119	340094	358069	316602
TMED4	3.70351e+06	4.09798e+06	3.82152e+06	3.47716e+06
TMED5	1.1822e+06	1.57446e+06	1.71029e+06	931968
TMED7	1.63772e+06	1.839e+06	1.36874e+06	1.09688e+06
TMED8	219891	89675.3	173717	173213
TMED9	6.27464e+06	6.64065e+06	6.79895e+06	6.12992e+06
TMEM106B	506924	643172	659180	414277
TMEM109	8.09608e+06	7.55832e+06	8.96054e+06	5.30249e+06
TMEM119	680181			
TMEM132A		46357.5		
TMEM14C	608819	946889	624938	454607
TMEM165	214453	191033	134775	126456
TMEM167A	1.14203e+06	1.86751e+06	1.35431e+06	1.12047e+06
TMEM176A	195297	161683	171663	
TMEM176B	1.18956e+06	678378	877293	387487
TMEM214	1.42849e+06	579829	1.14657e+06	
TMEM230	315842	426534	256388	167322
TMEM263	685077		1.49768e+06	615390
TMEM30A	597808	1.42843e+06	641037	1.22419e+06
TMEM33	648915	672069	466580	344097
TMEM41A	102697	58646.4		
TMEM41B	149260	145956		
TMEM43	1.76116e+06	986872	1.79414e+06	930076
TMEM63A	165663	474954	269739	287068
TMEM65	332031	407044	303492	291211
TMEM87A	464106	184740	475637	55710.9
TMEM97	293372	274269	195576	
TMF1	196617	448470	242538	273502
TMLHE	150739		96440.1	
TMOD1	235628	655037	741792	568706
TMOD3	2.6013e+06	3.16134e+06	2.21253e+06	2.96683e+06
TMPO	8.62154e+06	5.067e+06	7.8828e+06	5.61226e+06
TMSB10	2.10898e+06	2.78262e+06	655481	2.33184e+06
TMSB4X	1.39307e+06	8.99058e+06	1.15284e+06	4.49876e+06
TMT1A	1.42216e+06	1.5552e+06	2.76047e+06	1.10474e+06
TMTC3	251937	241336	140126	113690
TMX1	2.64864e+06	1.73873e+06	2.33796e+06	1.12656e+06
TMX2	361383	353521	391846	
TMX3	894485	681304	909198	
TMX4	901970	796035	1.18424e+06	885889
TNC	9.41027e+06	1.55251e+07	8.95021e+06	1.10299e+08
TNFAIP2	98972.5	148262	209502	117201
TNFAIP6	198484	644840		284992
TNFAIP8	562037	821008	530532	716526
TNFAIP8L1	160329			
TNFAIP8L2	311513	160771	58727.2	101139
TNFRSF10C	137871	672412	137217	844449
TNFSF13B	396740	448125	133399	195164
TNIP1	107816		114602	
TNKS1BP1	619337	194472	392922	172248
TNKS2	181066	546372	1.51799e+06	775786
TNPO1	1.385e+06	1.01761e+06	1.13005e+06	764703
TNPO2	258111	147229	220620	
TNPO3	428689	368724	487607	
TNS1	2.79987e+06	1.28971e+06	2.22642e+06	1.18669e+06
TNS2	134447		158582	
TNS3	1.18684e+06	691276	1.02164e+06	
TNXB	223517	296515	405275	362850
TOE1	63324.1			
TOLLIP	1.08788e+06	1.175e+06	985030	1.23876e+06
TOM1	238279	333955	177583	179778
TOM1L2	71374.1		153827	
TOMM20	1.43604e+06	765199	941319	
TOMM34	525245	425194	337055	106269
TOMM40	457335	561436	394480	
TOMM70	1.26518e+06	723192	1.04695e+06	841533
TOP1	558903	757235	413768	638253
TOP2B	537256	524460	264351	743423
TOP3B	57240.1		70715.1	
TOR1A	379381	257291	448472	451497
TOR1AIP1	1.81121e+06	1.66103e+06	1.75028e+06	1.77847e+06
TOR1B	478357	194066	508873	403035
TOR2A	97120			177558
TP53BP1	634093	814688	515277	1.10578e+06
TP53I3	3.49966e+06	2.34063e+06	3.82723e+06	1.81732e+06
TPBG	843875	661420	929964	1.25512e+06
TPD52	1.34479e+06	756591	2.04687e+06	567562
TPD52L2	1.0596e+06	1.02661e+06	1.617e+06	808140
TPI1	4.98772e+07	5.55701e+07	4.34433e+07	5.95358e+07
TPK1	59764.9		136514	
TPM1	1.55529e+07	1.55569e+07	1.43027e+07	6.4793e+06
TPM2	8.83643e+06	9.88015e+06	7.19388e+06	5.01302e+06
TPM3	1.45806e+07	2.14008e+07	1.45397e+07	2.82722e+07
TPM4	6.20149e+07	5.17257e+07	4.71768e+07	5.67691e+07
TPMT	1.14934e+06	433093	782742	487443
TPP1	3.65314e+06	3.40062e+06	4.65309e+06	4.22646e+06
TPP2	2.54238e+06	2.57088e+06	2.68356e+06	1.9426e+06
TPPP3	1.81486e+06	598004	1.10588e+06	491996
TPR	1.93495e+06	1.40423e+06	1.49343e+06	1.6467e+06
TPRKB	192950	108996	266980	66886.4
TPST1	63518			
TPT1	6.74258e+06	4.00275e+06	4.53417e+06	3.19663e+06
TRA2A	667608	412416	403978	312805
TRA2B	1.4004e+06	1.36951e+06	835973	909354
TRADD	147929	215526	167124	
TRAF1	175320		198608	
TRAM1	812162	520263	713246	208957
TRAP1	289825	297172	166872	
TRAPPC1	456900	453778	333515	536557
TRAPPC12	107608	187947	86916.3	
TRAPPC2L	107788	91079	84575.2	
TRAPPC3	612242	767941	370149	328694
TRAPPC4	503569	551442	535900	280285
TRAPPC5	629512	902029	640496	605082
TRAPPC6B	1.04514e+06	2.2486e+06	1.34762e+06	
TREM1	164118	466580	129517	758332
TREML1		474348	746807	803212
TRIM16	391733		251001	
TRIM21	601118	436342	615225	385017
TRIM22	171339	128298	396010	106333
TRIM25	971130	507287	848047	541555
TRIM26	245079		213227	89362.3
TRIM28	2.90717e+06	986203	1.71967e+06	563884
TRIM3	35702.3			
TRIM33	149970			
TRIM47	483327		425581	522146
TRIO	527863		447598	456845
TRIOBP	3.07148e+06	1.77445e+06	3.06292e+06	1.56817e+06
TRIP10	303503	270517	261343	165855
TRIP11	126295		96016	33175.5
TRIP12	183479	88938.7	69321.4	73051
TRIP13	95014.5			
TRIP4	175407			
TRIP6	446609	267588	557929	131501
TRIQK	466444	296433	858519	291372
TRIR	243324	144624	250152	115415
TRMT1	205543	406345	157627	
TRMT10C	163116		194211	28984.9
TRMT112	190777		185822	
TRMT2A	14991.5		67748.1	
TRMT5	144659		88173.8	
TRMT6	243793	244854	189801	
TRNT1	465584	475905	307055	296120
TRPC4	26923	63323	72957.3	143610
TRUB1	226048		227803	
TSEN34	65209.4			
TSFM	474516		375240	143555
TSG101	316864	306583	304238	119521
TSN	946921	1.02216e+06	777904	521091
TSNAX	608801	468565	206696	
TSPAN1	638765	618251	1.25951e+06	164733
TSPAN14	311454	491495	304331	414005
TSPAN15	568423	238343	428181	156786
TSPAN2	100708	237960		565693
TSPAN3	1.35981e+06	1.04859e+06	855008	1.19285e+06
TSPAN31	25608.4	17858	60731.2	
TSPAN4	154042	157013	133305	64233.7
TSPAN6	226990	212076	178133	
TSPAN8	2.68702e+06	3.99398e+06	2.67652e+06	573780
TSPAN9	506583	272353	807684	354944
TSPO	1.23168e+06	4.11419e+06	1.19295e+06	1.35564e+06
TSR1	338593			
TST	2.07098e+06	2.06989e+06	1.50973e+06	1.09652e+06
TSTD1		415471		
TTC1	2.07941e+06	1.35904e+06	1.69359e+06	1.22151e+06
TTC39B	84907.6	623871		
TTC4	268625			
TTC9	168196			306950
TTC9C	459663	224695	246003	121045
TTLL12	1.29027e+06	504467	1.10897e+06	687046
TTR	6.15486e+06	1.80648e+07	1.07336e+07	1.9175e+07
TTYH3	249186	335125	402415	338438
TUBA4A	935342	989124	2.13167e+06	910527
TUBB	1.0804e+07	6.52913e+06	1.155e+07	4.92679e+06
TUBB1	2.15772e+06		1.83631e+06	1.60678e+06
TUBB4A	3.9159e+06	1.61999e+06	2.21915e+06	1.96603e+06
TUBB4B			367914	
TUBB6	467575	591590	909231	269068
TUFM	2.86556e+06	1.13819e+06	3.74833e+06	938011
TUT7	81154.6		71916.1	
TWF1	2.11099e+06	839856	1.98581e+06	680797
TWF2	2.51158e+06	2.02216e+06	2.7488e+06	2.54609e+06
TXLNA	708883	267928	626279	147196
TXLNG	131194	54035.8	98586.6	
TXN	3.52764e+07	3.48507e+07	2.92419e+07	3.4518e+07
TXNDC12	4.90332e+06	2.75502e+06	2.63816e+06	2.37428e+06
TXNDC17	3.14244e+06	2.42269e+06	2.23469e+06	1.63882e+06
TXNDC5	9.4932e+06	6.4233e+06	1.07645e+07	4.53374e+06
TXNDC9	225909	78159.1	123376	22774.6
TXNIP	266354		127659	150981
TXNL1	4.9462e+06	3.50575e+06	5.47115e+06	3.75839e+06
TXNL4A	328135	309710	284215	255902
TXNRD1	1.5681e+06	1.79281e+06	1.58759e+06	2.35733e+06
TXNRD2	484708	157006	545547	475569
TYMP	1.27219e+06	1.93581e+06	1.7339e+06	1.82919e+06
U2AF1	5.33382e+06	2.68735e+06	4.31601e+06	1.70752e+06
U2AF2	1.5144e+06	1.19224e+06	1.27144e+06	1.3299e+06
U2SURP	1.62294e+06	1.0908e+06	790184	1.03965e+06
UACA	182883			
UAP1	580168	362896	378096	276737
UAP1L1	175047	129931	234818	
UBA1	8.54147e+06	5.70021e+06	7.98033e+06	5.11218e+06
UBA2	1.27843e+06	694638	1.2539e+06	587463
UBA3	379839	466807	359915	
UBA5	1.12603e+06	467324	1.16408e+06	376868
UBA6	1.50853e+06	1.0747e+06	1.47745e+06	758165
UBA7	501561	318239	431212	223140
UBE2A	228625	192143		
UBE2D2	967174	826368	1.19503e+06	626938
UBE2G1	522558	595313	617871	
UBE2H	526604	361709	443542	240332
UBE2I	3.19641e+06	2.54093e+06	2.38674e+06	2.16225e+06
UBE2J1	296777	249499	301312	314170
UBE2K	2.12822e+06	2.02582e+06	1.86204e+06	1.68307e+06
UBE2L3	4.14252e+06	2.94249e+06	3.32409e+06	2.39803e+06
UBE2L6	600263	448929	376661	324967
UBE2M	1.67867e+06	1.23307e+06	1.81499e+06	1.0215e+06
UBE2N	2.93754e+06	3.17105e+06	3.26507e+06	2.57575e+06
UBE2O	410513	308679	865549	387551
UBE2Q1	201371		84959.4	
UBE2R2	889281	611466	644828	682678
UBE2V1	6.07013e+06	6.13987e+06	6.16078e+06	6.11493e+06
UBE2V2	2.51323e+06	2.33811e+06	1.99594e+06	2.47784e+06
UBE2Z	390340	265352	320250	110238
UBE3A	219224		126009	
UBFD1	934291	585806	1.10662e+06	434201
UBL4A	417812	336825	226645	228966
UBL5	2.04336e+06	598713	1.01932e+06	1.54913e+06
UBLCP1	1.37572e+06	949224	1.36554e+06	985551
UBP1	138131		92046.9	
UBQLN1	392131	428705	367895	401147
UBQLN2	383967	245488	365210	308284
UBQLN4	361745	337351	378168	349077
UBR4	262610	336878	413419	196441
UBR5	31361.2			
UBR7	338629		189670	187101
UBTF	495784	265307	401047	328879
UBXN1	1.07365e+06	542799	1.10116e+06	772942
UBXN4	432048	577443	441447	348231
UBXN6	545496	387549	551511	362994
UBXN7	240266	170082	209283	
UCHL1	512311	934103	653047	
UCHL3	661730	741881	512260	
UCHL5	287233	190479	171460	
UCK2	104069			
UEVLD	31189.3			
UFC1	1.6639e+06	1.4732e+06	1.7146e+06	1.59538e+06
UFD1	1.52034e+06	1.22001e+06	1.46117e+06	1.46379e+06
UFL1	1.36447e+06	950073	1.15436e+06	601587
UFM1	7.55664e+06	8.31296e+06	9.0268e+06	8.1634e+06
UGDH	5.48064e+06	2.46925e+06	5.65482e+06	1.84852e+06
UGGT1	1.49729e+06	1.71504e+06	1.76976e+06	1.42044e+06
UGP2	2.47136e+06	2.96167e+06	2.38666e+06	1.76644e+06
UHRF1	47184.8			
UMPS	1.30082e+07	8.83301e+06	1.11288e+07	1.14662e+07
UNC13D	545977	759398	734965	1.25728e+06
UNC45A	1.45201e+06	1.86883e+06	1.77563e+06	2.04409e+06
UPF1	1.51237e+06	680997	1.16099e+06	676667
UPF2	113271	79817		
UPF3B	208853			
UPP1	323754	362465	531319	352966
UQCC1	112650	41714.9		
UQCR10	1.50974e+06	2.24523e+06	1.22429e+06	630492
UQCR11	368081	933330	326967	299063
UQCRB	4.12408e+06	5.70481e+06	3.14943e+06	5.26103e+06
UQCRC1	2.43945e+06	4.43657e+06	2.88781e+06	1.5193e+06
UQCRC2	1.99184e+06	2.2005e+06	2.18084e+06	388014
UQCRFS1	1.23609e+06	1.69879e+06	1.08006e+06	969884
UQCRH	369617	932208		603594
UQCRQ	1.68451e+06	2.92238e+06	1.36742e+06	1.13099e+06
UROD	1.18162e+06	882417	2.03596e+06	759000
UROS	298976			
USE1	62883.1		64953.4	
USO1	546139	621314	668853	259333
USP10	197445	153373	116565	228216
USP11	174892		107548	
USP14	2.74912e+06	2.13868e+06	4.62481e+06	1.84625e+06
USP15	508913	620920	774783	611620
USP19	4.28259e+06	4.80299e+06	4.93094e+06	5.79575e+06
USP3	673455	4.47809e+06	4.81195e+06	6.09831e+06
USP39	1.05817e+06	640406	677013	548902
USP4	412073	884157		278616
USP48	27705.4		11958.3	
USP5	4.49942e+06	2.43519e+06	5.73743e+06	2.00429e+06
USP7	1.07177e+06	636380	826198	473393
USP8	309347	269911	383892	
USP9X	217912	307648	297694	133903
UTP20	319514	160727	185439	99112.9
UTP25	67017.4		65340.1	
UTRN	2.11949e+06	1.36683e+06	2.04962e+06	1.3709e+06
UXT	156044		1.7129e+06	
VAC14	255230	282848	242074	201298
VAMP3	444658	99598.8	501515	47463.5
VAMP4	175966	108208	186893	162455
VAMP5	452462	478084	415735	346522
VAMP7	303784	385263	308041	366562
VAMP8	1.47879e+06	2.92129e+06	1.40018e+06	2.27214e+06
VAPA	3.25472e+06	2.50992e+06	2.65755e+06	2.3741e+06
VAPB	2.5987e+07	1.31872e+07	2.18646e+07	1.22929e+07
VARS1	1.92244e+06	1.1e+06	1.77307e+06	811221
VASN	734370	600052	754614	285749
VASP	6.42009e+06	6.85707e+06	4.31052e+06	6.54021e+06
VAT1	1.1846e+07	2.15289e+07	1.45914e+07	2.52404e+07
VAV2	251722	463092	392601	702536
VBP1	1.07535e+06	594120	738150	508974
VCAM1	758598	640499	1.04602e+06	658978
VCAN	7.62839e+06	3.10226e+06	1.12382e+07	2.50661e+06
VCL	2.96578e+07	2.5599e+07	3.10556e+07	2.14212e+07
VCP	1.36113e+07	8.63354e+06	1.42978e+07	9.636e+06
VCPIP1	73518.9		46104.9	49893.8
VDAC1	1.1503e+07	1.67003e+07	9.3215e+06	7.01472e+06
VDAC2	8.35512e+06	5.27184e+06	5.62064e+06	2.41067e+06
VDAC3	1.18718e+07	8.84117e+06	8.6453e+06	4.49071e+06
VIL1	2.15177e+06	802596	1.04186e+06	817977
VIM	4.4262e+06	1.67126e+07	3.89859e+06	1.38903e+07
VKORC1L1	237815	254828	234780	144368
VNN1	159242	2.17703e+06	183666	971135
VNN2	1.15374e+06	6.7699e+06	801217	6.35652e+06
VPS13C	1.10164e+06	762903	1.38755e+06	537737
VPS25	987368	1.36714e+06	1.12648e+06	934714
VPS26A	3.69294e+06	4.05429e+06	3.65104e+06	4.7313e+06
VPS26B	538053	596176	419396	413694
VPS26C	163432	124760	179399	99768.2
VPS28	127716	134366	108552	74442.1
VPS29	3.2993e+06	2.6285e+06	3.88856e+06	3.33427e+06
VPS35	1.86213e+06	2.33758e+06	2.04108e+06	1.35049e+06
VPS35L	296364	381609	148022	
VPS36	278067	206593	267833	295555
VPS37B	30284.2			
VPS45	215839	197310	228917	
VPS4A	355799	764802	569691	121208
VPS4B	854454	745415	804634	681647
VRK1	656470	497330	316460	768928
VSIR	750299	1.72532e+06	766698	3.2802e+06
VSNL1	222385	445928	205290	
VTA1	708433	631662	491461	304340
VTI1A	115680	105995		100418
VTI1B	391358	592072	350990	602726
VTN	2.3657e+06	2.38197e+07	4.52465e+06	2.29555e+07
VWA1	1.32528e+06	670627	918229	690874
VWA5A	1.02022e+06	640207	1.47735e+06	447508
VWF	711017	657963	786221	619763
WAPL	42053.5			
WARS1	5.99684e+06	3.37248e+06	5.96447e+06	1.55174e+06
WARS2	138764		84761	
WAS	1.25379e+06	2.06883e+06	1.08217e+06	2.05691e+06
WASH6P	77359.7		51391.4	
WASHC2A	94583.2	38966.8		162858
WASHC4	26646.3	107377		
WASHC5	260579	472508	321626	278976
WASL	154104		148080	
WBP11	338894		186415	496786
WBP2	1.1335e+06	2.68058e+06	1.87541e+06	2.84283e+06
WDFY1	284052	239789	493719	213703
WDR1	1.30312e+07	1.13677e+07	1.27625e+07	1.32798e+07
WDR13	418646	398081	405242	263081
WDR17	1.83781e+06	1.03105e+06	2.14416e+06	352912
WDR18	525912	333674	361043	312069
WDR26	318033	366233	379159	205450
WDR3	271769		210221	
WDR33	174830			
WDR36	97059.5	87197.1	47840.4	
WDR37	63824.4		98057.1	
WDR4	357969		98057.3	
WDR43	126908	39900.6	55525.4	
WDR44	573192	658927	621862	546877
WDR45	284254		1.06442e+06	
WDR45B	306053	541915	451062	550402
WDR48	156339	53893.6	161369	
WDR5	737563	547749	467598	569215
WDR6	143184			
WDR70	269724		191952	
WDR77	1.38173e+06	886426	1.40799e+06	613561
WDR82	692894	460218	613952	365915
WIPF1	1.85212e+06	1.28719e+06	1.43234e+06	1.40345e+06
WLS	304924	230411	350497	185531
WNK1	150294	72127.6	231128	99548.1
WNT5A	101065			159317
WRAP73		3.58795e+06		
WTAP	109400	15641.9	61635.3	
XDH	28549.1	58404.8		
XIAP	109258	117248	86840.2	
XPNPEP1	1.13258e+06	787401	1.04854e+06	629593
XPNPEP3	1.88126e+07	1.14381e+07	1.55053e+07	8.77545e+06
XPO1	1.25228e+06	1.18426e+06	1.15705e+06	560018
XPO5	211831	82282.8	120445	
XPO7	679007	924587	1.23577e+06	590297
XPOT	404629	305732	380630	200008
XRCC1	545402	238948	310803	363352
XRCC5	4.77103e+06	2.56485e+06	3.29732e+06	1.5636e+06
XRCC6	6.21708e+06	3.42799e+06	5.07047e+06	2.91547e+06
XRN1	111643	106756	65552.4	23994.4
XRN2	636613	447661	617307	378973
XXYLT1	173298		112154	16144
YARS1	1.59271e+06	1.32841e+06	1.35329e+06	895479
YBX1	8.38329e+06	3.36954e+06	7.5526e+06	2.76318e+06
YBX3	2.05679e+06	677446	3.0649e+06	405169
YEATS4	159431		132993	
YJU2	104585			
YKT6	1.8662e+06	1.70394e+06	1.57274e+06	1.38905e+06
YLPM1	247989	61060.1	101813	49156.8
YPEL5	207327	198366	183066	167696
YRDC	549392	589459	518406	401277
YTHDC1	42723.4	22790.5		
YTHDF1	83748.6	300406	735796	
YTHDF2	284804		106795	
YTHDF3	501274	303993	510733	438728
YWHAB	1.17491e+07	8.84787e+06	7.87115e+06	8.21675e+06
YWHAE	1.04481e+07	1.2311e+07	6.83008e+06	8.90293e+06
YWHAG	1.78675e+07	1.55672e+07	1.31064e+07	1.47557e+07
YWHAH	5.41314e+06	2.85191e+06	4.27124e+06	1.65782e+06
YWHAQ	5.06516e+06	5.6426e+06	5.19815e+06	2.19001e+06
YWHAZ	5.14371e+07	4.17674e+07	3.19607e+07	3.35252e+07
YY1	71933.2		101919	
ZBTB8OS	144159	105323		142247
ZC2HC1A	71481.1	8918.14	57416.1	
ZC3H11A	377121	779678	290729	198978
ZC3H14	224385		176747	
ZC3H15	401417	227430	297291	151482
ZC3H7A	158858		84557.1	
ZC3H7B	146811		67656.9	
ZC3HAV1	2.24629e+06	1.10156e+06	1.83785e+06	1.2667e+06
ZC3HAV1L	369345	265836	200006	
ZCCHC8	143696			
ZDHHC5	190880		106380	
ZFAND6	101918		48318.4	
ZFP36L2	193520			
ZFR	224953	79960.2	163846	36815.2
ZFTRAF1	40416.1			
ZFYVE1	88189.9		84547.2	
ZFYVE16	142643		136094	27980.7
ZFYVE19	161767	125044	333894	761386
ZG16	2.39735e+06	8.75574e+07	4.85817e+06	1.08783e+07
ZG16B		304554	352809	
ZGPAT	46383.6		23590.3	
ZMAT2	83013.5			
ZMIZ1	112516			
ZMPSTE24	433484	412115	520876	212225
ZNF207	1.56732e+06	564974	1.04464e+06	932572
ZNF598	203331		104870	
ZNF622	81585.4		25067.5	
ZNF638	204583			
ZPR1	544525	217012	269302	
ZRANB2	134924	71472.6	178485	157012
ZYX	2.2964e+06	1.16169e+06	2.21688e+06	1.10902e+06
