Genes	D:\HFX\2023_08\HFX252_GLASGOW_PROTEOME_DIA_17.raw	D:\HFX\2023_08\HFX252_GLASGOW_PROTEOME_DIA_18.raw	D:\HFX\2023_08\HFX252_GLASGOW_PROTEOME_DIA_19.raw	D:\HFX\2023_08\HFX252_GLASGOW_PROTEOME_DIA_20.raw
A*02:01:01:01	1.04914e+07	1.48913e+07	1.37064e+07	8.92097e+06
A*24:02:01:01	6.14025e+06	6.19132e+06	4.69845e+06	3.72293e+06
A1BG	1.24146e+07	1.48934e+07	9.8566e+06	1.16359e+07
A1CF	253200	204071	304611	370759
A2M	5.78072e+07	4.85308e+07	4.83936e+07	3.33769e+07
A2ML1	220550	406246	714697	996121
AAAS	187931	110933	226721	
AACS	760353	661809	790613	680695
AAGAB	241024	171931		
AAK1	1.57022e+06	1.06912e+06	1.52158e+06	1.32516e+06
AAMDC	1.46493e+06	1.46862e+06	777634	1.1338e+06
AAMP	1.54293e+06	1.49216e+06	1.05466e+06	1.70005e+06
AAR2	403069	183490	248388	
AARS1	3.18294e+06	4.03505e+06	2.58104e+06	2.444e+06
AARS2	281030	357304	288629	862635
AARSD1	648380	524187	806841	674512
AASDHPPT	1.07092e+06	958224	798615	452017
ABAT	824930	3.17955e+06	847069	574252
ABCA8		32286.8	97162.7	
ABCB1	2.32283e+06	1.26977e+06	1.53578e+06	
ABCB6	640107	1.00473e+06	687727	250718
ABCB7	508928		1.14239e+06	943396
ABCB8	139725		108351	
ABCC1	724702	502282	654058	307802
ABCC3	479332	430280	750139	995931
ABCC4	565240	320736	285967	
ABCD3	297374		985386	
ABCE1	4.62714e+06	3.73982e+06	2.86257e+06	2.34851e+06
ABCF1	1.30504e+06	1.12982e+06	947525	559001
ABCF2	1.80017e+06	777615	1.20225e+06	
ABCF3	724425	527477	581655	436298
ABHD10	1.7203e+06	2.03837e+06	2.6655e+06	1.50544e+06
ABHD11	2.54079e+06	1.85778e+06	3.13284e+06	2.6914e+06
ABHD12	503853	276415	684064	901548
ABHD13	145875	125209	211256	
ABHD14B	5.84787e+06	9.5372e+06	3.79047e+06	1.0244e+07
ABHD16A	369042	194270	452251	477815
ABHD17C	89220.4	63263.9	81676.9	
ABHD3			244208	
ABHD4	62067.1	41460.2	67867.8	
ABHD5	295631		509497	
ABHD6	125144		297470	
ABI1	2.66098e+06	2.10006e+06	2.13492e+06	2.04155e+06
ABI3	275833	305120		1.71022e+06
ABI3BP	136543	492519	504939	532306
ABL1	169689	121990	203721	
ABLIM1	348607	306863	339653	298960
ABO		887803	1.43899e+06	1.37405e+06
ABR	1.17876e+06	712450	980067	1.09431e+06
ABRACL	3.34517e+06	4.85033e+06	3.52989e+06	3.20608e+06
ABRAXAS2	994140	1.01328e+06	735526	1.45607e+06
ACAA1	2.66228e+06	3.42748e+06	1.46658e+06	3.46508e+06
ACAA2	2.73731e+06	2.59334e+06	3.06608e+06	9.23711e+06
ACACA	806703	202096	1.04887e+06	
ACAD8	346646	319180	446694	932321
ACAD9	2.44561e+06	742979	4.47213e+06	3.34514e+06
ACADM	1.21483e+06	8.16463e+06	3.07489e+06	7.98639e+06
ACADS	799250	2.19153e+06	971359	3.55947e+06
ACADSB	2.87267e+06	2.89996e+06	1.30671e+06	4.164e+06
ACADVL	2.44583e+06	5.62375e+06	6.25898e+06	8.55243e+06
ACAN	784720	195284	308001	
ACAP1	180304	290117	626812	1.07111e+06
ACAP2	725278	485455	842460	333914
ACAT1	9.26743e+06	1.37916e+07	3.81733e+06	1.69959e+07
ACAT2	3.90289e+06	3.05872e+06	2.81403e+06	2.36705e+06
ACBD3	2.23004e+06	2.57857e+06	2.59891e+06	1.64068e+06
ACBD6	282487	181514		
ACE	734783	771333	577550	
ACE2	145361	68063		
ACIN1	434279	448123	749961	576916
ACLY	4.78997e+06	2.18558e+06	6.43842e+06	3.18891e+06
ACO1	5.64373e+06	7.23685e+06	3.50762e+06	4.40837e+06
ACO2	1.05982e+07	2.03319e+07	1.6238e+07	1.83681e+07
ACOT11	896579	747209	1.18164e+06	1.16855e+06
ACOT13	5.38625e+06	1.03883e+07	3.75414e+06	8.37915e+06
ACOT7	5.96401e+06	3.75311e+06	2.64656e+06	1.83107e+06
ACOT8	1.31604e+06	990488	738005	513421
ACOT9	2.462e+06	1.82212e+06	1.50678e+06	1.23881e+06
ACOX1	1.3529e+06	1.56645e+06	1.92084e+06	1.41125e+06
ACOX3	114067	143631	293877	
ACP1	9.18564e+06	1.10228e+07	3.91703e+06	6.68645e+06
ACP2	2.042e+06	3.50949e+06	1.99115e+06	1.78076e+06
ACP3	160110	416662	783650	654485
ACP5	1.182e+07	1.74819e+07	1.2423e+07	
ACP6	341574	179420	338861	232773
ACSF2	893382	798501	871071	1.78811e+06
ACSF3	416394	410861	898450	1.01032e+06
ACSL1	1.34471e+06	574644	2.46467e+06	1.16187e+06
ACSL3	1.95367e+06	641658	2.36287e+06	1.40967e+06
ACSL4	1.53567e+06	844076	2.79458e+06	
ACSL5	2.45338e+06	580830	1.96639e+06	2.35563e+06
ACSM3	148240	467350	541619	1.05656e+06
ACSS1	1.96686e+06	2.01322e+06	1.21292e+06	1.27682e+06
ACSS2	4.18631e+06	4.01391e+06	4.22755e+06	4.32164e+06
ACSS3	262198	580275	224049	
ACTA2	595656	540883		1.15425e+06
ACTB	4.35505e+08	2.55842e+08	3.46549e+07	1.13098e+09
ACTG1	1.73768e+08	8.76414e+07	3.54803e+07	3.63796e+08
ACTG2	636043	506225		1.13363e+06
ACTL6A	1.32645e+07	7.0503e+06	1.51167e+07	1.08863e+07
ACTN1	1.25554e+07	7.30512e+06	2.23788e+07	4.97894e+06
ACTN2	767656	362592	736929	363931
ACTN3			157030	
ACTN4	2.43383e+07	1.28393e+07	2.53963e+07	1.20818e+07
ACTR10	648965	559694	726648	625144
ACTR1A	2.05809e+06	2.02228e+06	1.56477e+06	3.21046e+06
ACTR1B	981625	1.28799e+06	391082	1.73245e+06
ACTR2	1.80898e+07	1.74338e+07	2.10427e+07	1.2583e+07
ACTR3	1.45031e+07	1.25601e+07	1.30969e+07	9.61667e+06
ACY1	1.8982e+06	4.02972e+06	1.71614e+06	1.54729e+06
ACY3		77338.6		
ACYP1	960664	1.13922e+06	839827	340942
ACYP2	776189	1.50748e+06	857157	714927
ADA	3.40223e+06	4.62051e+06	1.47189e+06	1.84048e+06
ADA2	177314	662101	670101	
ADAM10	2.06768e+06	3.18006e+06	3.17604e+06	3.52053e+06
ADAM15	406223	292541	231044	
ADAM17	395748	288645	215744	
ADAM8	272843		347711	
ADAM9	1.27795e+06	816977	777026	1.00241e+06
ADAMTSL4		132013	75275.8	
ADAP1	740519	410262	257303	
ADAR	1.85883e+06	1.11608e+06	2.16614e+06	799252
ADAT2	136643	78203.4		
ADD1	2.16088e+06	1.44236e+06	2.39142e+06	2.18087e+06
ADD2	144512	161759	112916	
ADD3	3.08897e+06	2.16172e+06	3.95326e+06	2.57184e+06
ADGRE2	148284	191401	77691.9	
ADGRE3			260800	
ADGRE5	1.60988e+06	2.21658e+06	2.43978e+06	1.21547e+06
ADGRG1	174885	123284	78538.4	
ADGRG3	62227.7	20080.8	215594	
ADGRL2	97334.7	153682	99731.1	
ADH1B	677523	1.1938e+07	1.6688e+07	1.23228e+07
ADH1C		1.21215e+06	1.15418e+06	9.40918e+06
ADH5	9.16041e+06	1.11912e+07	8.84681e+06	1.00172e+07
ADH6		622483	636248	
ADI1	1.12081e+06	1.27559e+06	635064	
ADIPOQ	228109	255026	146507	
ADIRF	478894	324680		429945
ADISSP	1.17924e+06	882576	1.49914e+06	266960
ADK	4.84693e+06	6.57335e+06	4.39047e+06	3.45472e+06
ADNP	225765	100350	137127	
ADO	852904	940772	680862	626340
ADPGK	643850	735030	970240	677480
ADPRH	716776	1.1558e+06	889597	
ADPRS	1.45175e+06	2.02758e+06	1.94097e+06	1.24664e+06
ADRM1	3.79017e+06	2.67654e+06	1.61141e+06	3.29349e+06
ADSL	1.51043e+06	1.20251e+06	800732	1.44244e+06
ADSS1		37117.5	32356.9	
ADSS2	4.25416e+06	4.17271e+06	4.94004e+06	3.06455e+06
AEBP1	2.32381e+06	1.10967e+06	655596	
AFAP1	323229		239949	
AFAP1L2	263432	124629	138745	
AFDN	1.22115e+06	787069	994772	1.21673e+06
AFF4	134718	93506		
AFG2A	188061			
AFG3L2	930054	859332	2.12767e+06	3.12343e+06
AFM	2.33504e+06	2.40777e+06	1.78658e+06	1.42522e+06
AGA	627184	1.31398e+06	839466	816404
AGAP3	303361	84272.2	265746	
AGFG1	708224	483926	647497	701947
AGFG2	320303	261446	256168	659965
AGK	1.50064e+06	830520	1.08474e+06	1.76228e+06
AGL	1.34358e+06	2.11784e+06	2.58034e+06	2.23857e+06
AGMAT	3.87459e+06	6.4776e+06	1.84525e+06	2.01451e+06
AGO1	796101	1.02757e+06	1.01706e+06	229194
AGO2	757035	590656	728629	647438
AGO3	533229	438318	541212	
AGPAT2	154259	98607.5	400972	
AGPAT3	409712	192874	616291	202853
AGPAT4	1.08516e+06		1.19775e+06	
AGPAT5	188488	205663	805303	724014
AGPS	1.52464e+06	1.19556e+06	1.24114e+06	679553
AGR2	5.03136e+07	3.10026e+08	3.90672e+08	3.46909e+08
AGR3		9.14777e+06	8.83619e+06	1.58767e+07
AGRN	1.60848e+06	1.83742e+06	2.35531e+06	1.32058e+06
AGT	2.62758e+06	3.17512e+06	1.60855e+06	2.23892e+06
AGTRAP	1.65013e+06	1.57995e+06	2.63458e+06	1.5034e+06
AHCY	3.96096e+07	2.99455e+07	1.60254e+07	8.83225e+06
AHCYL1	2.15118e+07	2.11059e+07	1.8229e+07	1.98072e+07
AHCYL2	2.60776e+06	3.35449e+06	4.2834e+06	4.48782e+06
AHNAK	2.97644e+07	1.86686e+07	3.34753e+07	2.58226e+07
AHNAK2	1.16883e+06	464988	641878	514856
AHR	141059	131526	148170	
AHSA1	4.19382e+06	3.13344e+06	3.26008e+06	3.26447e+06
AHSG	1.4454e+07	1.47448e+07	1.02293e+07	8.42833e+06
AIDA	1.66397e+06	1.05389e+06	599206	2.63391e+06
AIF1	1.43652e+06	2.47243e+06	2.98781e+06	975509
AIFM1	2.55162e+06	1.68516e+06	4.04378e+06	5.31286e+06
AIFM2	250795	236058	309685	
AIMP1	2.8758e+06	1.83387e+06	2.50825e+06	3.33635e+06
AIMP2	1.44715e+06	795602	736525	1.96725e+06
AIP	3.32036e+06	3.29069e+06	2.39074e+06	1.93202e+06
AK1	2.24814e+06	3.24081e+06	3.0385e+06	2.73639e+06
AK2	1.12836e+07	1.59329e+07	1.68146e+07	1.89208e+07
AK3	4.37359e+06	5.62157e+06	4.97996e+06	6.21046e+06
AK4	1.84699e+06	1.44594e+06	409680	2.14039e+06
AKAP1	558093	347051	195884	608249
AKAP12	1.19245e+06	1.07603e+06	899406	1.21483e+06
AKAP13	403408	517331	268925	523346
AKAP17A	3.25887e+07	1.7567e+07	5.80982e+06	1.94357e+07
AKAP2	1.21495e+06	884823	304890	936364
AKR1A1	1.03685e+07	2.23146e+07	1.53298e+07	1.47157e+07
AKR1B1	9.55154e+06	1.55674e+07	1.43826e+07	7.16086e+06
AKR1B10	321536	2.64063e+06	6.57387e+06	1.73152e+06
AKR1C2	1.01108e+06	1.0419e+06	1.50801e+06	
AKR1C3	3.0293e+06	7.00247e+06	4.94259e+06	6.94114e+06
AKR1E2	8.2145e+06	1.59377e+07	1.26746e+07	1.50636e+07
AKR7A2	2.50671e+06	3.48602e+06	4.06445e+06	5.2639e+06
AKR7A3	887951	1.23429e+06	1.79067e+06	1.27984e+06
AKR7L	96643.2	166833	131233	
AKT1	1.25714e+06	991597	1.28363e+06	1.89141e+06
AKT1S1	164577	268859		
AKT2	451256	423456	282297	
AKT3	69285	55658.2	37029.5	
AKTIP	208911	88379	197685	
ALAD	2.84604e+06	4.06088e+06	2.33956e+06	1.51356e+06
ALB	1.4736e+09	1.72364e+09	1.61968e+09	1.13054e+09
ALCAM	2.51509e+06	1.37243e+06	1.6024e+06	1.71064e+06
ALDH16A1	894449	785562	1.04509e+06	1.72526e+06
ALDH18A1	1.73475e+06	949403	2.38598e+06	2.13728e+06
ALDH1A1	3.21969e+06	1.10476e+07	7.4668e+06	6.31999e+06
ALDH1A2	891310	896671	538056	
ALDH1A3	1.21473e+06	1.06697e+06	309905	
ALDH1B1	5.28521e+06	8.09464e+06	1.76993e+06	5.79518e+06
ALDH1L1	542449	685134	831738	690275
ALDH1L2	954845	1.15601e+06	1.48754e+06	2.16697e+06
ALDH2	1.25502e+07	1.08037e+07	1.14919e+07	1.6242e+07
ALDH3A1	1.74945e+06	6.0075e+06	5.13098e+06	3.74099e+06
ALDH3A2	813749	928864	2.49655e+06	2.05201e+06
ALDH3B1	270964	330551	563400	
ALDH4A1	3.50932e+06	8.58892e+06	3.907e+06	2.22314e+06
ALDH5A1	2.56283e+06	2.12265e+06	1.03907e+06	2.87225e+06
ALDH6A1	1.23145e+06	4.16399e+06	2.24505e+06	5.98925e+06
ALDH7A1	3.44947e+06	8.18431e+06	2.69875e+06	6.37078e+06
ALDH9A1	1.01764e+07	1.29448e+07	1.01895e+07	1.54273e+07
ALDOA	5.1705e+07	5.75098e+07	8.38474e+07	5.58987e+07
ALDOB	773668	5.16627e+06	1.44469e+06	
ALDOC	2.76377e+06	3.36836e+06	3.86744e+06	2.62699e+06
ALG1	470134	286352	540064	807651
ALG11	408264	155505	718389	567988
ALG12	225473	92639.9	421238	
ALG13	233343	353056	280613	
ALG2	312820	403324	733597	1.18381e+06
ALG3	463066	317697	831224	98076.4
ALG5	1.0565e+06	2.42649e+06	1.00679e+06	3.06903e+06
ALG6	177765		443933	
ALG8			692219	
ALKBH4	177145	203132	212606	
ALKBH5	213125	282055	382988	
ALKBH7	232533	192459	200710	
ALOX12B	55590.6	191249	249909	544137
ALOX15	4.54972e+06	8.38725e+06	8.39883e+06	4.98312e+06
ALOX5	458541	364638	1.96444e+06	173940
ALOX5AP	6.37899e+06	3.0101e+06	2.68967e+07	4.16712e+06
ALPL	417182	1.2159e+06	728356	508472
ALYREF	1.12195e+07	1.03908e+07	8.75824e+06	6.5285e+06
AMACR	1.33262e+06	3.39759e+06	834170	647675
AMBP	8.63498e+06	9.15499e+06	7.66715e+06	8.29249e+06
AMDHD2	1.15463e+06	1.0853e+06	910473	845201
AMPD2	2.10627e+06	1.79224e+06	1.84218e+06	1.35418e+06
AMPD3	804460	604583	1.36504e+06	312929
AMT	573749	874038	511821	848570
AMY1B	118636	21360.8		
AMZ2	163842	152459	56204.2	
ANAPC1	89540.2	14967	60846.9	
ANAPC10	121938	141351		
ANAPC2	111177		115923	
ANAPC4	304059	179896	322674	
ANAPC7	188897	74801.2	189198	
ANG	521291	408424	651987	849966
ANGEL2	19050.6			
ANK1	679258	532087	543459	479814
ANK2	64760.2	199961	306614	
ANK3	516507	543589	624504	790630
ANKEF1	242888	654158	179920	
ANKFY1	577718	269622	869389	973931
ANKHD1	110906			
ANKMY2	80532.7	72363.9	74983	
ANKRD13A	179836	206589	382380	
ANKRD17	244618	91643.3	179226	
ANKRD22	4.38474e+06	1.79791e+06	4.94864e+06	
ANKRD27	50090.6		29884.9	
ANKRD44	146825	94911	181055	
ANKRD49	48609.7	70464.5	36291.9	
ANKS1A	640377	384063	562288	486886
ANKS4B	211559	266158	323408	535176
ANKZF1	254988	187077	253089	
ANLN	358922			
ANO10	182646		462613	
ANO6	676161	423436	660326	
ANO9		296560	391005	184452
ANP32A	1.48879e+07	2.25105e+07	1.85885e+07	2.1343e+07
ANP32B	1.41107e+07	1.32289e+07	1.17234e+07	9.18664e+06
ANP32E	769117	875866	489666	290553
ANPEP	1.90499e+06	1.80539e+06	2.22175e+06	716623
ANTXR1	1.1547e+06	372182	237313	
ANTXR2	208332	322426	281944	
ANXA1	3.0583e+07	2.67922e+07	6.08204e+07	1.5868e+07
ANXA11	1.40995e+07	1.34871e+07	1.50792e+07	7.65222e+06
ANXA13	167723	1.39911e+06	1.39465e+06	1.66775e+06
ANXA2	1.03072e+08	8.97241e+07	1.12428e+08	7.71609e+07
ANXA3	1.53877e+07	9.91537e+06	3.20838e+07	7.55829e+06
ANXA4	2.22145e+07	3.48666e+07	2.68409e+07	1.60419e+07
ANXA5	8.04963e+07	9.88788e+07	1.01067e+08	4.52261e+07
ANXA6	3.6498e+07	5.3799e+07	5.10376e+07	1.71979e+07
ANXA7	6.97229e+06	9.5188e+06	8.88335e+06	6.51451e+06
AOAH	82963.5	249401	209447	
AOC1	604124	1.88017e+06	1.64713e+06	1.50798e+06
AOC3	2.90724e+06	1.39264e+07	2.38829e+07	1.61011e+07
AOX1	247548	214434	391765	
AP1B1	1.42474e+06	1.02442e+06	2.67313e+06	1.96454e+06
AP1G1	1.02498e+06	519033	2.10359e+06	933540
AP1G2	395059	248560	1.0383e+06	3.07342e+06
AP1M1	377212	244607	909010	724451
AP1M2	415601	267186	933744	1.08081e+06
AP1S1	1.08929e+06	771262	1.5845e+06	2.16864e+06
AP1S2	1.43033e+06	1.39253e+06	1.96801e+06	2.8214e+06
AP2A1	1.3267e+06	587435	1.89981e+06	937859
AP2A2	1.81651e+06	818524	2.87218e+06	1.59863e+06
AP2B1	1.52778e+06	716853	2.6358e+06	995486
AP2M1	1.03162e+06	462049	1.77632e+06	1.82248e+06
AP2S1	5.22082e+06	2.19412e+06	6.44691e+06	2.17809e+06
AP3B1	1.59195e+06	1.09705e+06	2.41239e+06	1.00464e+06
AP3D1	1.80318e+06	1.20782e+06	1.92908e+06	1.00938e+06
AP3M1	1.16195e+06	803784	1.89061e+06	701149
AP3S1	365776	432097	372107	1.32215e+06
AP4S1	22445.3	22557		
APAF1	347147	193072	485345	436931
APBB1IP	330620	271133	610587	357881
APBB2	119059			
APCDD1	57202.3	75653.2		
APCS	7.26599e+06	9.5909e+06	1.16302e+07	4.10144e+06
APEH	1.04562e+07	9.5064e+06	9.3451e+06	8.68101e+06
APEX1	8.14638e+06	8.45213e+06	6.67162e+06	6.01038e+06
APH1A	500337	644932	686674	
APH1B	203914		282677	
API5	7.51662e+06	5.43723e+06	1.18466e+06	3.63967e+06
APIP	745695	764707	759323	
APLNR	276701	189308	187875	
APLP2	256354	230934	229847	120418
APMAP	9.49556e+06	1.15505e+07	1.62804e+07	4.85807e+06
APOA1	3.71699e+07	9.87051e+07	4.63526e+07	5.32213e+07
APOA2	1.95604e+06	5.40803e+06	1.79265e+06	6.81024e+06
APOA4	2.48496e+06	7.71893e+06	1.04273e+06	5.55475e+06
APOB	1.79781e+07	1.48624e+07	1.44695e+07	1.19406e+07
APOBEC3A			743674	
APOBEC3C	362328	926020	1.25527e+06	
APOBEC3G	85756.2	345027	257814	
APOBR	1.75792e+06	3.61296e+06	3.18517e+06	8.98401e+06
APOC1	1.41719e+06	3.50521e+06	1.71307e+06	2.25209e+06
APOC3	1.57623e+06	5.99063e+06	2.68655e+06	3.33447e+06
APOD	3.50826e+06	4.86955e+06	4.58865e+06	4.07822e+06
APOE	7.1332e+06	9.05159e+06	5.21867e+06	6.14693e+06
APOH	2.03957e+07	2.4081e+07	2.23601e+07	2.39787e+07
APOL1	1.24968e+06	1.3323e+06	548350	2.38515e+06
APOL2	4.13696e+06	5.81809e+06	1.92464e+06	3.53435e+06
APOL3	222874	478229	330627	
APOM	1.43245e+06	2.04625e+06	1.7146e+06	2.59184e+06
APOO	1.8899e+06	2.01972e+06	1.59746e+06	2.77025e+06
APOOL	629490	368116	900568	1.79085e+06
APP	643898	381524	252635	117450
APPL1	2.75175e+06	1.86074e+06	1.35013e+06	2.96703e+06
APPL2	854342	904621	937371	608574
APRT	1.67572e+07	2.86188e+07	7.28802e+06	1.37273e+07
APTX	68627	40440.8		
AQP1	1.02451e+06	518615	460748	
AQR	325609	229792	268166	
ARAF	418601	290351	383095	
ARAP1	642651	399848	977640	
ARCN1	3.46449e+06	2.19693e+06	4.85919e+06	4.57118e+06
AREG	883017			
ARF1		184421		
ARF4	2.28178e+07	3.9976e+07	1.83135e+07	1.69142e+07
ARF5	4.44146e+06	5.01263e+06	2.30655e+06	2.13683e+06
ARF6	4.61591e+06	8.38189e+06	5.97423e+06	5.88996e+06
ARFGAP1	2.14569e+06	1.02462e+06	996380	1.37992e+06
ARFGAP2	1.15877e+06	946647	560641	2.23844e+06
ARFGAP3	1.32654e+06	2.06552e+06	943243	2.30589e+06
ARFGEF1	919312	426139	1.33949e+06	537123
ARFGEF2	651048	257877	615972	592570
ARFIP1	2.29743e+06	2.74922e+06	1.13494e+06	2.91361e+06
ARFIP2	1.2006e+06	1.52272e+06	1.09725e+06	1.75394e+06
ARFRP1	557235	580066	474488	307307
ARG1	1.63964e+06	1.72771e+06	3.93563e+06	4.43574e+06
ARGLU1	593572	665568	1.19126e+06	612409
ARHGAP1	8.16991e+06	6.37897e+06	7.2103e+06	6.24013e+06
ARHGAP17	1.80643e+06	1.64869e+06	1.37612e+06	1.86286e+06
ARHGAP18	839982	582351	519255	525344
ARHGAP25	522587	700225	921304	824553
ARHGAP26	118859		260122	
ARHGAP27	283018		372676	
ARHGAP30	62657.1			
ARHGAP4	24956	39084.6	119951	295422
ARHGAP45	341723	409668	860166	
ARHGAP9	45255.6	34589.8		
ARHGDIA	4.12884e+07	5.01796e+07	4.23502e+07	3.22891e+07
ARHGDIB	2.36082e+07	3.95976e+07	4.16974e+07	1.73394e+07
ARHGEF1	840334	566997	685665	1.6871e+06
ARHGEF10L	367491	201876	444808	1.08417e+06
ARHGEF11	57574.3	24224.5		
ARHGEF12	38863.4		69934.6	
ARHGEF16	454816	273990	565477	646432
ARHGEF18	288435		361825	390526
ARHGEF2	3.40496e+06	2.63246e+06	3.41804e+06	4.08495e+06
ARHGEF5	70764.1	18492.2	152038	
ARHGEF6	1.27835e+06	994336	2.77034e+06	
ARHGEF7	436031	211228	628656	227875
ARID1A	389029	222334	365542	
ARID1B	30443.8	24885.3		
ARID3A	229040	152854		
ARIH1	340904	588110	361633	
ARIH2	465455	344178	490615	
ARL1	9.25365e+06	1.67933e+07	9.56101e+06	6.17299e+06
ARL15	230294	249716	233929	167603
ARL2	1.78871e+06	1.60346e+06	830188	697656
ARL3	3.07841e+06	3.41395e+06	2.44617e+06	1.33208e+06
ARL5A	105685	187521	106990	
ARL6	53112.5	71887.2		
ARL6IP1	1.5975e+06	1.20619e+06	1.55919e+06	582928
ARL6IP4	239501	333321		374376
ARL6IP5	1.47444e+07	1.48849e+07	1.10855e+07	1.00908e+07
ARL8A	2.46358e+06	2.76532e+06	2.42086e+06	2.19295e+06
ARL8B	5.11078e+06	6.38008e+06	6.42183e+06	3.1894e+06
ARMC1	1.03465e+06	1.0781e+06	553860	1.92117e+06
ARMC10	885590	723617		735912
ARMC6	88471	161711		
ARMC8	391994	266510	333419	173743
ARMCX3	538860	399326	421904	946193
ARMH3	91397.8	72101.1	197502	93293
ARMT1	626435	665682	587426	486709
ARPC1A	4.0354e+06	3.97676e+06	5.04224e+06	3.38638e+06
ARPC1B	1.27999e+07	1.00622e+07	1.48272e+07	6.35617e+06
ARPC2	1.48763e+07	1.27904e+07	1.86339e+07	5.75828e+06
ARPC3	2.65827e+07	2.08559e+07	2.4575e+07	1.63412e+07
ARPC4	2.97197e+07	2.82867e+07	3.3561e+07	2.01371e+07
ARPC5	1.48745e+07	1.61186e+07	1.89986e+07	8.25629e+06
ARPC5L	6.14856e+06	8.23104e+06	6.6235e+06	3.71911e+06
ARPIN	3.88426e+06	4.86386e+06	3.23701e+06	5.1217e+06
ARPP19	794679	777390		
ARR3	1.854e+06	1.74948e+06	2.15099e+06	
ARRB1	1.90694e+06	1.92921e+06	1.87376e+06	960867
ARRB2	1.46546e+06	1.18819e+06	1.90567e+06	
ARRDC1	9.45383e+06	5.50623e+06	5.35218e+06	
ARSA	1.27518e+06	3.4198e+06	2.3921e+06	1.49663e+06
ARSB	705315	1.30464e+06	1.05752e+06	490335
ARSD	218266	398420	303780	
ARSL	1.91057e+06	1.52484e+06	895626	999246
ASAH1	8.26879e+06	1.7854e+07	1.33797e+07	1.07643e+07
ASAP1	127670		158249	
ASB9	57154.4	70929.9		
ASCC1	525624	750933	853002	
ASCC2	261730	214809	311774	
ASCC3	241067	200355	528249	946655
ASF1A	403663	345745	430949	
ASH2L	216720	118568	347976	
ASL	4.46037e+06	6.0426e+06	3.32309e+06	6.07969e+06
ASMTL	1.02044e+06	629017	510327	
ASNS	1.19845e+06	792040	547892	
ASPA		237755	352293	
ASPH	4.51712e+06	2.19843e+06	3.69426e+06	1.94321e+06
ASPN	413289	334295	606762	522069
ASPRV1	827039	2.39742e+06	4.66497e+06	2.91676e+06
ASPSCR1	1.27725e+06	1.15535e+06	858613	980733
ASRGL1	701505	3.25449e+06	2.72553e+06	1.85945e+06
ASS1	1.21192e+07	2.04281e+07	1.00226e+07	1.6302e+07
ASZ1	602446	396788	305569	
ATAD1	647473	366215	447845	675861
ATAD3A	39308.5		146162	445629
ATAD3B			166039	
ATE1	388537	344456	423921	
ATF1	102633	196996		149307
ATG13		176901	173609	
ATG16L1	142186	77307.8		
ATG3	995479	1.3717e+06	759802	1.90534e+06
ATG4B	261315	183053	60893.5	
ATG5	357767	273778	439212	
ATG7	1.06134e+06	724894	1.47098e+06	234928
ATG9A	91998.8	64247.2	102155	100560
ATIC	1.06119e+07	1.04084e+07	6.41155e+06	7.39453e+06
ATL2	563394	303034	196691	
ATL3	2.05945e+06	1.29864e+06	1.88539e+06	1.65103e+06
ATM	50434.7	41286.2	95040.1	
ATOX1	2.83943e+06	4.17503e+06	2.36489e+06	2.18939e+06
ATP11A	318003	138258	354939	
ATP11B	187282	160614	352194	
ATP11C	109194	58741.2	39179.4	
ATP13A1	611156	620381	1.50524e+06	1.48816e+06
ATP13A3	210908	199017	184119	
ATP1A1	5.03274e+07	3.80647e+07	5.67367e+07	9.5366e+07
ATP1B1	9.78551e+06	1.00558e+07	1.40168e+07	2.01083e+07
ATP1B3	8.74949e+06	6.38027e+06	7.46447e+06	4.50774e+06
ATP2A2	3.70349e+06	1.70341e+06	9.20312e+06	5.79724e+06
ATP2A3	477763	609778	3.53273e+06	4.53271e+06
ATP2B1	762772	710583	1.21335e+06	1.08338e+06
ATP2B4	1.23205e+06	889141	1.143e+06	1.14178e+06
ATP2C1	340586		626792	564351
ATP5F1A	3.38313e+07	3.83636e+07	3.31194e+07	1.37785e+08
ATP5F1B	4.33575e+07	1.01787e+08	5.76883e+06	1.05761e+08
ATP5F1C	1.03566e+06	601927	2.79136e+06	4.89422e+06
ATP5F1D	2.4778e+06	6.92991e+06	2.20323e+06	8.55315e+06
ATP5F1E		13098.3	93440.8	
ATP5IF1	4.84134e+06	9.19604e+06	8.07322e+06	1.10205e+07
ATP5ME	3.21007e+06	1.20359e+07	1.61388e+06	1.89572e+07
ATP5MF	6.32682e+06	7.10112e+06	1.2644e+07	1.19655e+07
ATP5MG	5.31993e+06	5.60769e+06	5.91751e+06	1.60403e+07
ATP5MJ	1.9813e+06	4.79901e+06	6.53115e+06	1.58791e+06
ATP5MK	3.65438e+06	4.55599e+06	4.76858e+06	4.02405e+06
ATP5PB	3.01041e+06	2.69095e+06	4.52221e+06	9.35549e+06
ATP5PD	3.24655e+06	7.40791e+06	849269	1.13893e+07
ATP5PF	253236	1.8521e+06	410106	951645
ATP5PO	1.07808e+07	1.66763e+07	9.27644e+06	2.31679e+07
ATP6AP1	2.02727e+06	2.76825e+06	3.07522e+06	1.6266e+06
ATP6V0A1	1.42462e+06	1.09371e+06	1.38572e+06	1.93306e+06
ATP6V0C	765879	685740	938038	
ATP6V0D1	580885	782528	483597	636723
ATP6V1A	5.98422e+06	8.58144e+06	2.37973e+06	3.91291e+06
ATP6V1B2	6.56688e+06	7.70874e+06	4.5472e+06	6.066e+06
ATP6V1C1	1.0706e+06	914945	1.48007e+06	1.12617e+06
ATP6V1D	864102	1.36655e+06	837895	891147
ATP6V1E1	2.21955e+06	3.54713e+06	3.23542e+06	3.43611e+06
ATP6V1G1	3.55456e+06	4.41016e+06	3.63674e+06	4.07224e+06
ATP6V1H	1.04867e+06	1.08718e+06	805367	1.03749e+06
ATP8A1	75350.6	108239	338036	
ATP8B1	423502	424754	1.23611e+06	1.38065e+06
ATP9A	414675	263462	408039	465520
ATPAF1	260303	196642	191056	487969
ATPAF2	105108	171176	110960	
ATRAID	681672	865777		
ATRN	778308	640274	526852	214814
ATRX	72357.4		108756	
ATXN10	797179	671418		439423
ATXN2	376456	289775	222776	368783
ATXN2L	2.08238e+06	1.59321e+06	944183	1.89373e+06
ATXN3	341708	477068	595537	300429
AUH	1.84085e+06	3.18683e+06	2.01198e+06	3.60205e+06
AUP1	474038	376988	437549	395371
AURKA	153302		96679.3	
AVEN	127873	176926		
AVL9	722638	382842	543288	723432
AZGP1	7.18665e+06	9.40238e+06	9.06934e+06	1.14605e+07
AZU1	3.10359e+07	7.02948e+06	6.30388e+07	5.07122e+06
B*08:01:01:01	2.63529e+06	4.456e+06	3.84035e+06	2.34464e+06
B*44:02:01:01	5.17265e+06	7.62911e+06	5.90171e+06	4.89387e+06
B2M	1.43751e+07	2.69951e+07	2.11478e+07	1.44057e+07
B3GALT5		366450	1.03234e+06	754930
B3GALT9	352613	453795	839042	285317
B3GAT3	182397	126233	342059	
B3GLCT	123410	96966.3		
B3GNT3	437042	522677	840406	1.37968e+06
B3GNT6		332059	455281	594467
B3GNT7	280777	420282	847886	1.25273e+06
B4GALT1	1.26527e+06	1.04554e+06	1.18746e+06	381310
B4GALT3	116676	346281	183457	
B4GALT4	139027	205072	261220	344709
B4GALT5	680434	426297		
B4GALT7	115938	72425.8	263220	
B4GAT1	256926	296429	369210	
BABAM1	356754	322783	380806	548224
BABAM2	471320	358606	182129	279696
BAD	336268	673391	293097	813471
BAG1	339700	626580	463538	
BAG2	225391	172883	464293	
BAG3	967793	901868	760151	343731
BAG5	397638	513098	399147	
BAG6	1.49208e+06	1.05478e+06	371592	1.04733e+06
BAIAP2	633830	375361	214972	
BAIAP2L1	1.02235e+06	621483	550128	743127
BAK1	315012	867693	918652	585867
BANF1	478840	2.2607e+06	587505	
BAP18	1.72637e+06	1.971e+06	2.15518e+06	1.42111e+06
BASP1	5.29628e+06	6.92877e+06	4.24901e+06	4.69301e+06
BAX	3.9688e+06	8.30523e+06	5.46103e+06	5.79356e+06
BAZ1B	447896		358960	
BCAM	641336	780337	712467	647162
BCAP29	793008	724730	1.39207e+06	1.3805e+06
BCAP31	9.91215e+06	5.11785e+06	1.56357e+07	1.29605e+07
BCAR1	386810	255985	77173.5	
BCAS1	219348	3.3523e+06	2.13968e+06	1.08895e+07
BCAS2	168847	68908.6	137212	
BCAS3	301704		246677	127188
BCAT1	739781	283146	152796	
BCAT2	837097	1.07528e+06	1.27473e+06	1.47139e+06
BCCIP	1.65016e+06	1.52664e+06	235528	
BCHE	89956.9	134889	129498	
BCKDHA	1.44426e+06	1.64232e+06	702311	1.32038e+06
BCKDHB	1.13043e+06	1.13353e+06	802809	
BCKDK	46671.6	37050	160607	
BCL10	321682	349089	292371	281389
BCL2		159364	417740	
BCL2L1	1.45395e+06	1.57767e+06	405827	432492
BCL2L13	141582	395635		
BCL2L14	127601	267591		443832
BCL3	136039	108957	112174	
BCL9L	83120.9	74855.6		
BCLAF1	1.27139e+06	437550	1.60697e+06	
BCS1L	3.087e+06		894675	1.65452e+06
BDH1	1.38569e+06	2.75756e+06	2.03517e+06	6.14895e+06
BDH2	1.58742e+06	3.13199e+06	1.77578e+06	1.65594e+06
BECN1	202558		329901	
BET1	700317	673605	587418	220630
BET1L	352219	616723		259843
BGN	8.93524e+06	4.42234e+06	3.36779e+06	3.2337e+06
BICD2	212170	98582	132935	
BID	1.03046e+06	1.6988e+06	449534	1.44722e+06
BIN1	1.74418e+06	1.81976e+06	908336	2.30265e+06
BIN2	403821	627094	962619	156618
BIN3	241322	201072	255896	
BIRC6	136298		260702	
BLMH	4.7285e+06	8.14922e+06	8.56716e+06	1.15365e+07
BLOC1S1	225789	316382	120560	
BLOC1S2	529201	859442	605880	940379
BLOC1S3	365452	801492		754836
BLOC1S4	538908	1.1078e+06	638129	572796
BLOC1S5	319772	387353	217956	
BLVRA	5.87921e+06	6.28772e+06	5.84926e+06	2.62713e+06
BLVRB	9.05622e+06	1.27397e+07	7.11524e+06	7.0534e+06
BNIP2	130138	153531	221422	
BOD1L1	103729	82307.6	114104	
BOLA1	81213.1	168268	97439.8	
BOLA2	4.3388e+06	6.52637e+06	2.80491e+06	3.86666e+06
BOLA3	605836	898312	490261	
BOP1	447403	196085	98522.6	
BORCS5	700376	1.12324e+06	973438	218257
BORCS6	521506	528248	287312	
BPGM	5.2064e+06	5.93201e+06	2.73395e+06	1.64905e+06
BPHL	248506	311133	398031	314913
BPI	4.50011e+06	2.05661e+06	1.44786e+07	1.30194e+06
BPIFA1		85377.4	98253.8	121145
BPNT1	3.41287e+06	4.87191e+06	3.31481e+06	3.36972e+06
BPNT2	1.84212e+06	1.79491e+06	1.82474e+06	2.40204e+06
BRAF	146597	48645.4		
BRAP	311409	263293	251268	
BRAT1	138269	32917.5	53999.1	
BRCA1			630871	1.65533e+06
BRCC3	322545	336241	138738	
BRD3	96881.7	53944.5	72870	
BRD4	583494	315280	308775	
BRI3BP	1.55101e+06	1.34459e+06	2.87311e+06	2.18525e+06
BRIX1	72746.3		189608	
BROX	1.18313e+06	897623	1.18946e+06	1.3229e+06
BSDC1	1.09335e+06	2.43852e+06		650333
BSG	9.61953e+06	1.15501e+07	1.00949e+07	9.69957e+06
BSPRY	453308			
BST1	1.6877e+06	1.28939e+06	2.34768e+06	207991
BST2	815660	2.24535e+06	1.21389e+06	911999
BTAF1	107046	36789.7		
BTD	773155	1.16687e+06	858704	528824
BTF3	3.05155e+06	3.22438e+06	1.33682e+06	2.39051e+06
BTF3L4	1.6294e+06	2.53993e+06	602096	1.32392e+06
BTK	115777	205606	278139	
BTN2A1	90524.3	128814	142134	
BTN3A2	400314	451810		
BTN3A3	567742	634752	554095	281668
BUB3	4.5378e+06	3.64707e+06	3.91334e+06	2.01609e+06
BUD23	583969	391369	71089.3	
BUD31	1.81785e+06	883927	1.12785e+06	
BYSL	1.10003e+07	6.30781e+06	5.719e+06	2.36833e+06
BZW1	4.90247e+06	3.71955e+06	2.0486e+06	2.24237e+06
BZW2	5.41866e+06	3.32445e+06	1.83818e+06	1.6779e+06
C*05:01:01:01	742708	1.15272e+06	863635	319291
C*07:01:01:01	1.27715e+06	1.82574e+06	1.36688e+06	992047
C10orf67		2.55116e+06		3.92063e+06
C11orf54	3.36626e+06	6.13361e+06	3.5971e+06	3.22536e+06
C11orf68	1.52653e+06	1.57122e+06	1.13789e+06	865245
C11orf96	218324	333712		190527
C11orf98	88327.5	68635.2	46837.9	
C17orf75	312646	167357	172317	
C17orf80	369355	1.04515e+06	656455	355611
C18orf32	218047	391554	277751	
C18orf63	1.99295e+06	3.24918e+06	2.91804e+06	4.92106e+06
C19orf12	198140	351476	184275	
C19orf53	74951.4	190772		95280.3
C1D	923663	650163	277258	
C1GALT1	369880	337144	469083	
C1GALT1C1	58447.8	45991.9	120978	
C1QA	3.04585e+06	2.78747e+06	3.13204e+06	2.56487e+06
C1QB	6.78516e+06	6.5455e+06	7.97048e+06	5.24737e+06
C1QBP	1.00251e+07	1.05992e+07	5.16572e+06	8.7466e+06
C1QC	7.61452e+06	6.34556e+06	7.9682e+06	4.48476e+06
C1QTNF5	227845	100631		
C1R	2.38848e+06	1.81542e+06	1.87946e+06	1.08763e+06
C1RL	204938	182456	148674	
C1S	5.11434e+06	4.71658e+06	4.63839e+06	4.04585e+06
C1orf174	102478	131785	56769.1	
C1orf198	319905	196819		
C1orf232	220275			
C1orf52	37711.5	58189.8		
C2	3.88877e+06	3.92366e+06	3.09706e+06	1.70361e+06
C2CD2	95394.7			
C2CD5	1.62859e+06	1.99196e+06	1.95028e+06	812580
C2orf69	240609	207066	146330	
C2orf72		256718	299353	
C3	3.36535e+07	3.13349e+07	3.66681e+07	2.38592e+07
C3orf20				5.37574e+06
C4A	3.73955e+06	3.97902e+06	4.23748e+06	1.46022e+06
C4B	2.74136e+06	3.2953e+06	3.24434e+06	1.56324e+06
C4BPA	5.41835e+06	5.72645e+06	6.78838e+06	5.44993e+06
C4BPB	268806	386166	184000	
C4orf33	498248	689411	548557	1.32725e+06
C5	2.13571e+06	2.21672e+06	2.85201e+06	1.20239e+06
C5AR1	84270.8	133528	100017	
C5orf22	263825	263535	101050	
C6	1.7536e+06	1.70979e+06	1.7645e+06	2.33746e+06
C6orf132	152353	91040.9		
C7	1.47254e+06	1.81614e+06	1.56021e+06	1.29603e+06
C7orf25	129225	112178	86237.9	
C7orf50	2.0138e+06	1.44227e+06	488758	1.66062e+06
C8A	2.00288e+06	2.0205e+06	1.92804e+06	1.3627e+06
C8B	1.49019e+06	1.59259e+06	1.5931e+06	688545
C8G	1.72744e+06	1.78874e+06	1.60299e+06	929524
C8orf33	199446	192428	97486.7	136474
C8orf82	1.06697e+06	1.45044e+06	1.16585e+06	1.99333e+06
C9	4.62868e+06	5.20124e+06	5.24055e+06	2.67399e+06
C9orf152		147285		
C9orf72	9862.64		47763.5	
C9orf78	743904	540852		
CA1	7.80784e+07	1.25441e+08	6.60743e+07	2.88215e+07
CA12	194778	752270	1.50309e+06	1.1476e+06
CA13	609014	556551	483405	134136
CA2	1.75253e+07	3.43972e+07	3.65943e+07	3.05848e+07
CA3	674575	1.0581e+06	511217	
CA4	119568	464751	941211	981063
CA5B	265985	278103	178941	
CA9	1.28202e+06	1.05035e+06		
CAB39	2.32326e+06	2.52379e+06	3.0184e+06	918406
CAB39L	95116.4	66416.9	126448	
CACNA2D1	1.11922e+06	1.30049e+06	1.05768e+06	700491
CACNG3	839243	837127	1.31951e+06	2.89128e+06
CACYBP	5.13716e+06	3.47753e+06	2.62722e+06	2.71465e+06
CAD	2.23779e+06	869571	1.7314e+06	1.40397e+06
CADM4	197616	198387	183468	
CALB2	71397.4	338398	1.77958e+06	576166
CALCOCO2	212803	90614.2	177208	
CALD1	4.08978e+07	2.45297e+07	1.23646e+07	1.48295e+07
CALHM5	1.05126e+06	355445	347921	
CALHM6	456779	1.04855e+06	1.1764e+06	
CALM1	552937	2.04021e+06	769152	666143
CALML4	688426	1.24856e+06	629490	1.46009e+06
CALML5	2.35344e+06	4.47351e+06	7.14525e+06	9.26909e+06
CALR	7.75221e+07	1.68125e+08	1.27224e+08	7.9661e+07
CALU	1.01854e+07	1.73404e+07	781277	1.09403e+07
CAMK1	60545.3	105720		
CAMK1D	264695	256139	166526	403397
CAMK2D	287413	256198	986495	998067
CAMK2G	360822	346253	663003	
CAMK4	303741	267526	378477	
CAMKK2	62066.9	54021.3		
CAMP	2.51493e+07	6.34771e+06	4.24482e+07	2.02634e+06
CAMSAP2	60179.3	9091.68	38599.7	
CAMSAP3	182607	96947.7	105679	
CAND1	3.19237e+06	2.77467e+06	1.46534e+06	2.6572e+06
CANT1	1.17469e+06	1.7342e+06	2.14644e+06	2.23939e+06
CANX	2.31585e+07	3.54735e+07	3.29868e+07	2.08239e+07
CAP1	2.25512e+07	2.02435e+07	2.69794e+07	1.7199e+07
CAP2	384439	376156	416898	310791
CAPG	2.63439e+07	2.61019e+07	2.9567e+07	1.94051e+07
CAPN1	1.44558e+07	1.50203e+07	1.55914e+07	6.06766e+06
CAPN2	7.70387e+06	5.47367e+06	7.72834e+06	5.9965e+06
CAPN5	770267	616613	1.4296e+06	1.65062e+06
CAPN7	340733	218893	481405	481145
CAPN9		184586	260797	357466
CAPNS1	5.51528e+06	8.10459e+06	5.11613e+06	5.79487e+06
CAPRIN1	1.27183e+07	1.13932e+07	1.05922e+07	7.26395e+06
CAPS		546155	456055	1.0794e+06
CAPZA1	1.15477e+07	1.29203e+07	1.67244e+07	8.26762e+06
CAPZA2	6.63412e+06	4.93654e+06	5.82014e+06	4.62643e+06
CAPZB	1.69306e+07	1.59258e+07	2.2309e+07	1.05932e+07
CARD16	203469	543710	174002	250448
CARD18	58152.2	110070	238171	
CARD8	55540	105506	103504	
CARHSP1	4.54927e+06	4.45952e+06	2.6816e+06	3.38182e+06
CARM1	2.90961e+06	1.90663e+06	1.64795e+06	835333
CARMIL1	311088	283292	345566	816398
CARNMT1	626422	555864	296055	
CARS1	2.53312e+06	2.75798e+06	2.26252e+06	1.81056e+06
CARS2	2.53158e+06	1.77958e+06	921359	743358
CASD1	341244	701338	266482	
CASK	1.38963e+06	1.20911e+06	1.42751e+06	1.05036e+06
CASP1	2.12859e+06	3.90306e+06	2.74175e+06	3.55438e+06
CASP10	380630	779859	703531	
CASP14	912877	2.70998e+06	6.05087e+06	4.73568e+06
CASP3	4.64009e+06	5.88041e+06	3.18826e+06	3.18454e+06
CASP4	1.09272e+06	1.29519e+06	971214	
CASP6	2.4649e+06	2.79185e+06	1.76595e+06	1.04344e+06
CASP7	1.17024e+06	2.33133e+06	1.81552e+06	2.51299e+06
CASP8	345828	366932	415993	299460
CAST	4.56151e+06	5.87713e+06	2.52277e+06	7.59485e+06
CAT	1.54722e+07	2.27182e+07	2.14557e+07	1.03363e+07
CAV1	3.13504e+06	3.2855e+06	2.9696e+06	1.69359e+06
CAV2	330676	437598	483470	
CAVIN1	4.13742e+06	5.55131e+06	5.78367e+06	6.06137e+06
CAVIN2	561064	1.23329e+06	1.10308e+06	1.18184e+06
CAVIN3	3.27946e+06	3.25286e+06	1.18553e+06	3.6774e+06
CBFB	2.7502e+06	1.94045e+06	2.09199e+06	979987
CBL	249394	234359	473847	
CBLL1	246780	131173	234392	
CBR1	1.40782e+07	2.35386e+07	1.34487e+07	9.20996e+06
CBR3	8.17108e+06	5.64509e+06	2.84246e+06	4.6044e+06
CBR4	1.14346e+06	2.633e+06	1.88173e+06	1.74314e+06
CBX1	1.85607e+06	1.91546e+06	1.99468e+06	1.07992e+06
CBX3	3.4972e+06	2.46471e+06	2.79033e+06	1.47462e+06
CBX5	695347	614728	787790	480985
CBX8	274619	180621		
CC2D1A	5.88627e+06	4.41363e+06	3.72216e+06	5.2754e+06
CC2D1B	555944	491681	388825	
CCAR1	1.21647e+06	762512	1.22325e+06	698753
CCAR2	2.8058e+06	1.31532e+06	2.49429e+06	3.92376e+06
CCDC115	348944	549680	171427	381333
CCDC117		150559		
CCDC124	1.56703e+06	1.26132e+06	744522	773509
CCDC126	79195.8	61167.3		
CCDC134	946142	893095	608746	760058
CCDC168	2.17604e+06	2.58203e+06	5.21601e+06	
CCDC186	182244	117571	277133	87330.6
CCDC22	577992	465280	600489	867529
CCDC25	469341	917025	766196	645949
CCDC33	6.15272e+06	7.66544e+06	4.84096e+06	4.82293e+06
CCDC43	722556	707156	278485	934823
CCDC47	1.24277e+06	772864	977899	1.36056e+06
CCDC50	691129	754557	405389	474107
CCDC51	318788	93405.4	388189	208822
CCDC6	1.70733e+06	1.36198e+06	1.32125e+06	1.44738e+06
CCDC80	91474.4	22309.3		
CCDC88B	151872	171880	349943	
CCDC9	1.59036e+06	1.88867e+06	862525	465730
CCDC91	2.23714e+06	1.69582e+06	1.92139e+06	1.31073e+06
CCDC93	506754	328777	790995	784442
CCL21		455093		
CCL24	1.01713e+06	1.92542e+06	983736	3.4297e+06
CCM2	107617	87217.6		
CCN2	820502	451708		
CCNH	42592.8	20939.7		
CCNK	740004	636721	514895	
CCNY	464690	289944		
CCNYL1	283184	178805	273884	
CCR1	198824	300665	402928	
CCR10		370845	109449	
CCS	1.51159e+06	2.22829e+06	1.26658e+06	1.99396e+06
CCT2	1.04063e+07	8.88619e+06	6.5267e+06	5.86479e+06
CCT3	1.23188e+07	1.07817e+07	4.26843e+06	6.95959e+06
CCT4	1.15913e+07	9.9596e+06	5.26393e+06	7.71306e+06
CCT5	7.96401e+06	7.88985e+06	4.07355e+06	6.07234e+06
CCT6A	9.255e+06	6.43385e+06	5.05681e+06	6.98352e+06
CCT6B	2.48168e+06	643517	1.88895e+06	2.22117e+06
CCT7	1.26523e+07	1.04761e+07	5.97758e+06	6.54871e+06
CCT8	1.51623e+07	1.29556e+07	8.28458e+06	9.38148e+06
CCZ1	492290	314756	320752	
CD101	330259	422160	607486	
CD109	679880	619438	579443	
CD14	2.59765e+06	3.46608e+06	2.93125e+06	2.53164e+06
CD151	3.06678e+06	2.53945e+06	2.42915e+06	929410
CD163	2.38735e+06	3.05562e+06	3.39213e+06	2.1264e+06
CD163L1	535033	1.22423e+06	719785	956095
CD177	2.65989e+06	2.04031e+06	8.6771e+06	2.54108e+06
CD180	293462	487343	421570	
CD2	127217	195193	148892	
CD200R1	57180	94541.6	149118	
CD209	48496.1	281174	220957	135667
CD248	1.8316e+06	822114	382514	281849
CD276	6.51659e+06	4.63117e+06	3.65714e+06	2.90525e+06
CD2AP	2.77576e+06	2.9724e+06	1.84043e+06	4.23176e+06
CD2BP2	1.26785e+06	2.10658e+06	482913	790644
CD300A	369664	505866	496885	
CD300LF	71183.7	238586	164122	
CD302	201634	221148	197963	154526
CD34	511097	762026	334051	
CD36	671361	1.37988e+06	1.97319e+06	773166
CD37	199730	417870	331778	
CD38	343722	1.19517e+07	3.40328e+06	2.20688e+06
CD3D	40798.8	192893		
CD3E	259050	338939	403539	413420
CD4	122487	242744	265197	
CD40	1.71496e+06	1.78191e+06	1.58965e+06	737460
CD44	7.38917e+06	1.42761e+07	9.58193e+06	5.85785e+06
CD46	4.54321e+06	3.3713e+06	1.85969e+06	842307
CD47	7.76662e+06	7.27349e+06	6.8118e+06	5.5498e+06
CD48	482213	1.20498e+06	951030	323547
CD5	249805	446922	393078	
CD53	2.59079e+06	6.01817e+06	5.36504e+06	1.29292e+06
CD55	1.7521e+06	1.14351e+06	989900	385646
CD58	640119	928454	607153	508834
CD59	8.27097e+06	8.68199e+06	3.3358e+06	2.02509e+06
CD5L	936400	582114	641436	1.21016e+06
CD6	83737.3	243667	138090	
CD63	1.51411e+07	2.91809e+07	2.69113e+07	9.89366e+06
CD68	1.63233e+06	2.65343e+06	1.26101e+06	1.19938e+06
CD69	23122.2	50938.3	42008.6	
CD7	172567	131637		
CD70		645350	329082	
CD74	4.26339e+06	9.66807e+06	4.21101e+06	5.38338e+06
CD81	5.94475e+06	5.13587e+06	5.34434e+06	2.23194e+06
CD82	1.87019e+06	1.87877e+06	1.5982e+06	418436
CD84	188662	220137	160228	
CD8A	76219.5	93630.6	299854	
CD9	8.87365e+06	9.80241e+06	9.956e+06	5.74568e+06
CD93	1.28398e+06	743859	782618	214178
CD99	336532	1.05547e+06	486826	1.41974e+06
CD99L2	140328	267122		
CDA	875735	565071	944118	796612
CDC123	1.08993e+06	564126	322665	
CDC16	147765		49235.2	
CDC23	332229	391945	304248	
CDC27	492096	368219		
CDC34	420632	484151	429137	
CDC37	9.15013e+06	7.09512e+06	7.36075e+06	8.78292e+06
CDC42	1.24477e+07	1.65098e+07	1.49408e+07	7.71788e+06
CDC42BPB	555098	668231	792152	1.31809e+06
CDC42EP4	646691	734723		971230
CDC5L	2.16954e+06	1.37093e+06	1.88664e+06	
CDC73	393484	239489	551593	270476
CDCP1	1.12451e+06	995933	1.07049e+06	242163
CDH1	5.02031e+06	4.84256e+06	5.34867e+06	1.04914e+07
CDH11	704881	590283	379954	302015
CDH13	1.67432e+06	1.87492e+06	963672	1.30742e+06
CDH17	1.10645e+07	1.46934e+07	1.36401e+07	2.22461e+07
CDH3	392663		213934	
CDH5	332718	311401	242910	
CDH6	60532.7	81590.4		
CDHR5	304213	464027	403654	371260
CDIPT	1.05262e+06	906174	2.29465e+06	1.29852e+06
CDK1	1.66365e+06	887138	186622	325628
CDK2	737453	375623	1.03123e+06	
CDK2AP1		30474		
CDK5	1.38348e+06	879938	697248	1.2251e+06
CDK5RAP3	651170	1.8989e+06	185655	1.57404e+06
CDK6	549401	565192	507932	
CDK7	278165	133840	338493	
CDK9	315055	337282	280376	
CDKN1A		175955		
CDKN1B	99108.3	352299	97330.3	489382
CDKN2AIP	630093	435614	412975	913121
CDS2	798399	410500	983148	768421
CDSN	731393	882311	1.10986e+06	3.61386e+06
CDV3	4.92395e+06	7.44504e+06	2.70493e+06	8.28654e+06
CDX2	50338.8	19420.6		
CDYL	87180		91472.4	
CEACAM1	2.62008e+06	1.89419e+06	2.64269e+06	871790
CEACAM5	8.0575e+07	2.29976e+07	1.10188e+07	8.17834e+06
CEACAM6	2.72792e+07	7.73386e+06	1.0182e+07	3.7034e+06
CEACAM7	481927	3.87715e+06	4.53409e+06	4.71704e+06
CEACAM8	1.61966e+06	1.35127e+06	3.74508e+06	
CEBPB	187842		242727	
CEBPZOS	1.03316e+06	1.26241e+06	1.11568e+06	
CEL		489159	77273.5	
CELA3A	395391		2.26453e+06	
CELF1	1.70973e+06	1.1682e+06	973002	714488
CELF2	2.05503e+06	2.0781e+06	2.30488e+06	1.26065e+06
CEMIP	215748	139717	300411	
CEMIP2	561916	773206	681392	
CENPJ	65524.9	84565	57814.5	
CENPV	73913.4	15324.4	52841.4	
CEP170	274723	362423	252367	313437
CEP41	229267	122472		
CEP43	636228	809756		1.25501e+06
CEP83		136493		
CEPT1	527697	276113	2.32064e+06	
CERCAM	67954.4	28355.5		
CERS2	1.4261e+06	1.11475e+06	1.44639e+06	670799
CERS6	216202		532980	
CERT1	773317	661304	924797	417305
CES1	2.03799e+06	1.80346e+07	5.90874e+06	2.0186e+06
CES1P1	185901	1.07246e+06	547262	
CES2	9.65067e+06	5.28993e+06	5.08065e+06	4.24652e+06
CES3		132078	259257	440281
CETN2	597543	999264	1.1725e+06	341468
CFAP20	749903	566839	600617	171199
CFAP298	296281	245268		
CFB	7.27367e+06	6.93801e+06	6.89613e+06	6.29965e+06
CFD	632576	776602	1.34356e+06	
CFDP1	1.16018e+06	983799	462638	1.13349e+06
CFH	1.45619e+07	1.55538e+07	1.31186e+07	1.18932e+07
CFHR1	501312	388514	635898	
CFHR5	672924	624333	621492	
CFI	1.53201e+06	1.8267e+06	1.5833e+06	1.15553e+06
CFL1	1.85633e+08	1.48407e+08	9.28365e+07	1.06281e+08
CFL2	933628	1.13597e+06	944644	703119
CFP	2.10832e+06	1.53122e+06	2.65475e+06	1.65169e+06
CGGBP1	554961	506506	686544	165609
CGN	761820	533113	1.6695e+06	1.36266e+06
CHAMP1	229350	140333	90355.2	
CHCHD1	570196	575388	225116	232027
CHCHD2	2.37423e+06	1.82036e+06		1.59471e+06
CHCHD3	576679	827724	1.15502e+06	3.61236e+06
CHCHD6	290054	290339	275805	589139
CHCHD7	671542	1.13733e+06	716848	1.27087e+06
CHD1L	212359	162231	174414	
CHD4	2.48431e+06	950837	1.69617e+06	2.21891e+06
CHDH	2.38991e+06	2.13642e+06	1.25596e+06	7.1513e+06
CHEK2	926689	793260	407301	
CHERP	113034		165825	
CHGA		6.31373e+06	1.48344e+06	1.41207e+07
CHGB	141145	376941		748446
CHI3L1	1.29702e+06	790217	3.25112e+06	3.23546e+06
CHID1	1.54374e+06	3.29648e+06	2.57536e+06	2.25591e+06
CHIT1	1.4468e+06	601619	3.45907e+06	
CHKB	270900	396311	243706	
CHL1	219549	359830	641944	321005
CHM	8392.71	23246		
CHMP1A	2.59452e+06	2.52264e+06	1.94457e+06	2.22914e+06
CHMP1B	2.61428e+06	3.34565e+06	2.65057e+06	3.57581e+06
CHMP2A	1.84505e+06	2.2138e+06	1.45925e+06	1.68572e+06
CHMP2B	2.33754e+06	2.63954e+06	338007	2.62829e+06
CHMP3	2.30177e+06	2.14797e+06	1.18746e+06	1.2046e+06
CHMP4A	1.26996e+06	2.06436e+06	1.09048e+06	1.24418e+06
CHMP4B	7.72419e+06	7.9441e+06	1.89353e+06	6.69625e+06
CHMP5	1.36551e+06	1.72318e+06	812002	2.3132e+06
CHMP6	854334	1.20015e+06	1.0966e+06	910360
CHMP7	183467	198101	178595	127954
CHORDC1	3.47668e+06	3.10362e+06	2.75644e+06	1.9604e+06
CHP1	785334	1.71589e+06	1.71564e+06	789926
CHRAC1	892736	797108	384305	1.14356e+06
CHST14	290460	192563	337186	
CHST5		51697.4	66506.4	
CHTOP	207949	178546	56214.8	
CHUK	95945.4	30398.9	155744	
CHURC1	113557	168358	103642	
CIAO1	1.19086e+06	1.19866e+06	1.00915e+06	765733
CIAO2A	897348	1.01279e+06	974299	1.18964e+06
CIAO3	500504	413053	405076	
CIAPIN1	1.41328e+06	1.35504e+06	1.13527e+06	1.24356e+06
CIB1	105050	300198		134088
CIRBP	2.622e+06	4.14182e+06	3.27977e+06	6.05658e+06
CISD1	3.4786e+06	3.47692e+06	3.33913e+06	2.18653e+06
CISD2	3.28174e+06	5.18351e+06	5.22123e+06	4.04586e+06
CISD3	520779	289947		1.2286e+06
CKAP4	1.98458e+07	2.05196e+07	4.56286e+07	3.14529e+07
CKAP5	1.89979e+06	940913	2.17071e+06	1.18483e+06
CKB	7.80742e+06	3.45991e+07	7.48385e+07	8.30439e+07
CKM			569100	
CKMT1A	5.03313e+06	1.32619e+07	1.62407e+07	2.22299e+07
CKS1B	649284	314102	250797	
CLASP1	237208	166074	252702	
CLC	1.30834e+08	2.94866e+08	2.16366e+08	8.62672e+07
CLCA1	427377	7.57302e+06	1.87052e+07	1.03087e+08
CLCA4		3.13532e+06	2.87544e+06	1.75182e+06
CLCC1	511921	297222	343979	1.32552e+06
CLCN3	264924	154923	88870.8	
CLCN7	602468	421585	635037	464651
CLDN1	610282	373065		
CLDN15	374630	137281		
CLDN3	6.33505e+06	4.7362e+06	3.64671e+06	1.02713e+07
CLDN4	2.05342e+06	939009	387879	3.05331e+06
CLDN7	1.83313e+06	2.64221e+06	2.88225e+06	530330
CLDND1	413303	249967	277206	
CLEC12A	230508	253015	548543	
CLEC14A	10233.6	24710		
CLEC3B	1.63538e+06	1.29095e+06	1.01452e+06	509224
CLEC4A	64187.4	60648.1		
CLIC1	2.95763e+07	2.79763e+07	2.19364e+07	3.75739e+07
CLIC2	593922	1.17469e+06	445987	329841
CLIC3	204772	220828	291371	164487
CLIC4	5.09818e+06	5.44944e+06	3.67001e+06	3.03219e+06
CLIC5	264637	352221	197801	
CLIC6	387300	652345	67542.9	1.92983e+06
CLINT1	1.49918e+06	1.50139e+06	1.20771e+06	1.5178e+06
CLIP1	911743	609402	762976	489372
CLIP2	1.08664e+06	637117	740695	1.00774e+06
CLMN	105806	198378	219783	282338
CLN5	767440	1.18927e+06	637277	
CLN6	41885.6		69165.9	
CLNS1A	738181	1.20484e+06	176505	1.28046e+06
CLP1	422479	223316	338800	
CLPB	748244	534439	666451	657605
CLPP	2.97638e+06	3.63002e+06	856604	3.25235e+06
CLPTM1	1.49604e+06	802045	2.21646e+06	1.01714e+06
CLPTM1L	370965	810179	1.12061e+06	1.12352e+06
CLPX	885209	778501	585917	749511
CLRN3	173247	143397	119218	
CLSTN1	329877	259281	339947	162871
CLTA	5.01119e+06	1.28955e+07	2.2747e+06	5.38978e+06
CLTB	1.52982e+06	4.30837e+06	1.04778e+06	1.9137e+06
CLTC	3.11736e+06	950630	6.05468e+06	5.52624e+06
CLU	7.59012e+06	1.02011e+07	8.1548e+06	1.03876e+07
CLUH	865996	245264	435554	682037
CLYBL	734004	1.52826e+06	848037	2.38307e+06
CMAS	1.84705e+06	2.6124e+06	2.66345e+06	2.53566e+06
CMBL	1.77468e+06	6.9049e+06	9.13099e+06	6.54587e+06
CMC1	4.97797e+06	5.85452e+06	3.98691e+06	5.81708e+06
CMC2	635259	1.02841e+06	408231	
CMC4	407729	488980	272248	204019
CMPK1	8.91304e+06	1.76965e+07	1.11071e+07	1.62185e+07
CMPK2	680650	555216	706002	
CMSS1	213301		66507.8	
CMTM3	854149	320432	224434	
CMTM4	95272.1	176483		405288
CMTM6	430230	486444	482232	1.02783e+06
CMTR1	661065	345145	633882	233937
CNBP	3.58234e+06	2.8849e+06	1.90227e+06	3.5301e+06
CNDP2	1.74659e+07	3.10065e+07	2.00801e+07	2.17391e+07
CNEP1R1	122898		186056	
CNN1	1.84703e+07	2.53936e+07	1.62099e+07	2.47949e+07
CNN2	1.45165e+07	6.37046e+06	4.53683e+06	4.04142e+06
CNN3	7.87697e+06	5.34683e+06	1.69275e+06	4.74033e+06
CNNM3	258121	177527	128513	
CNNM4	143965	100713	206270	
CNOT1	389099	155980	508684	624425
CNOT10	112911		46683.6	
CNOT2	460951	316866	127775	702317
CNOT3	500062	501761	614703	
CNOT4	763196	717459	843533	
CNOT6L	70602.1		93266.8	
CNOT7	209501		337148	
CNOT9	749388	583294	558630	363852
CNP	3.1221e+06	2.39612e+06	2.81506e+06	2.32306e+06
CNPY2	6.29843e+06	1.72707e+07	8.68138e+06	1.11228e+07
CNPY3	1.25236e+07	1.31314e+07	1.07231e+07	1.58875e+07
CNPY4	934583	993001	507478	394894
CNRIP1	559875	1.03816e+06	836006	279729
CNTNAP1	281087	234750	151964	
COA3	984918	2.50793e+06	1.29854e+06	1.43257e+06
COA5	169918	199753	96255.6	
COA6	2.46747e+06	3.08961e+06	1.1281e+06	2.39973e+06
COA7	1.17039e+06	1.27474e+06	1.09937e+06	817998
COASY	3.90112e+06	3.28866e+06	2.81282e+06	1.70925e+06
COBLL1	536048	451264		440900
COCH	124022			
COG1	103698		129902	519389
COG2	108494	75490.2	221976	121975
COG3	15810.9		10565.2	
COG5	91376.4			
COG6	414128	213347		902585
COG8	243624	193391	228768	544087
COL10A1	271467	573072	1.13439e+06	
COL12A1	6.80873e+06	1.70887e+06	2.48349e+06	2.3334e+06
COL14A1	4.2453e+06	6.2509e+06	1.13462e+07	2.96583e+06
COL15A1	1.81584e+06	1.17233e+06	3.4767e+06	496639
COL18A1	2.84919e+06	3.2294e+06	3.7522e+06	1.61749e+06
COL1A1	2.64008e+07	1.03802e+07	9.43001e+06	4.09857e+06
COL1A2	5.83891e+06	2.51796e+06	2.92179e+06	1.53908e+06
COL3A1	2.62252e+06	1.20514e+06	1.39826e+06	626096
COL4A1	424346	394634	440179	
COL4A2	1.21991e+06	892072	1.04462e+06	
COL4A3	2.6204e+06	2.28348e+06		252762
COL5A1	643827	318890	461539	
COL5A2	435998	143139	244634	
COL6A1	1.89501e+06	1.45068e+06	5.36939e+06	1.53735e+06
COL6A2	1.81742e+06	1.1541e+06	3.81671e+06	1.79766e+06
COL6A3	8.97935e+06	4.75773e+06	1.48528e+07	4.40615e+06
COL7A1	232855	61565.4	266978	
COL8A1	343083	120655	170065	
COLGALT1	3.81888e+06	2.5458e+06	2.81295e+06	1.56395e+06
COMMD1	269705	334508	453642	112021
COMMD10	352671	403380	476178	
COMMD2	582077	735943	466836	759094
COMMD3	113977	205259	140494	
COMMD4	316522	359803	435598	
COMMD5	204259	289957	221297	88840.7
COMMD6	170509	267975	216193	
COMMD7	680296	582251	646380	
COMMD9	146232	198321	152491	
COMT	1.04338e+07	9.66177e+06	1.84491e+06	5.30858e+06
COMTD1	124937	196698	283372	
COPA	3.07192e+06	1.62216e+06	8.8431e+06	7.1118e+06
COPB1	2.34409e+06	1.09443e+06	3.06802e+06	3.79631e+06
COPB2	5.27155e+06	6.4301e+06	6.81324e+06	5.13323e+06
COPE	1.94086e+06	3.99033e+06	2.61819e+06	1.98774e+06
COPG1	2.39354e+06	1.244e+06	4.10699e+06	4.51191e+06
COPG2	420086		620701	
COPS2	1.48906e+06	1.32002e+06	1.24572e+06	807019
COPS3	4.07845e+06	4.28159e+06	3.25768e+06	3.6865e+06
COPS4	1.71939e+06	1.59802e+06	771037	1.11578e+06
COPS5	2.38438e+06	2.62705e+06	1.83517e+06	1.03544e+06
COPS6	1.12217e+06	1.02126e+06	806549	740308
COPS7A	223827	575942	225684	337665
COPS7B	878508	590802	566174	
COPS8	1.0847e+06	1.55835e+06	1.09552e+06	850399
COPZ1	1.47774e+06	3.2806e+06	841389	4.11026e+06
COQ10B	52626.7	159324		
COQ3	398212	385787	200777	787129
COQ5	1.02662e+06	1.78502e+06	572994	994432
COQ6	40216	46426.2		2.34938e+06
COQ7	470236	701667	380252	1.50094e+06
COQ8A	401682	376247	1.0018e+06	1.43592e+06
COQ9	287427	1.09539e+06	531040	1.38241e+06
CORO1A	1.25478e+07	1.1838e+07	3.44831e+07	1.57527e+07
CORO1B	9.4118e+06	6.48789e+06	1.18804e+07	1.13917e+07
CORO1C	5.27554e+06	2.51105e+06	6.4289e+06	3.15433e+06
CORO2A	1.50391e+06	1.29251e+06	2.7515e+06	1.80841e+06
CORO7	1.33441e+06	1.1042e+06	1.88031e+06	2.28606e+06
COTL1	1.58489e+07	1.85115e+07	2.36903e+07	1.57371e+07
COX11	272170	103746		
COX15	149210		503875	
COX16	123762	147683	54910.1	346041
COX17		194291	117902	
COX19	525594	587889	153014	682141
COX20	984244	564311	640269	1.19957e+06
COX4I1	1.7574e+07	2.64911e+07	2.52262e+07	2.13629e+07
COX5A	835922	6.88668e+06	2.24295e+06	3.42784e+06
COX5B	4.31106e+06	1.86726e+07	8.49577e+06	1.80017e+07
COX6B1	4.21751e+06	1.36046e+07	7.0455e+06	1.10386e+07
COX6C	8.12316e+06	1.23591e+07	9.93506e+06	2.16513e+07
COX7A2	7.41003e+06	1.54711e+07	8.46405e+06	2.42496e+07
COX7A2L	1.06213e+06	1.17625e+06	856185	4.06198e+06
COX7B	1.94807e+06	3.48222e+06	3.66488e+06	3.72716e+06
COX7C	170883	933773	486646	3.08545e+06
CP	2.55e+07	3.09621e+07	2.73192e+07	1.97514e+07
CPA1			270821	
CPA3	140981	379917	279787	
CPA4	413212	664810	1.1315e+06	1.93925e+06
CPB2	989855	1.1473e+06	1.17318e+06	984361
CPD	1.35721e+07	1.48608e+07	1.21131e+07	1.36946e+07
CPE	150179	446492	265920	779648
CPM	219311	273631	433652	
CPN1	425538	472553	513144	
CPN2	1.12371e+06	1.31275e+06	1.12983e+06	943752
CPNE1	8.82517e+06	7.27691e+06	4.17447e+06	2.59809e+06
CPNE2	321581	242253	367658	
CPNE3	9.30344e+06	8.69661e+06	8.83693e+06	3.20753e+06
CPNE8	83619.8	91864.3	94621.9	
CPOX	1.39779e+06	877774	1.82869e+06	1.31009e+06
CPPED1	5.25334e+06	7.27719e+06	6.03923e+06	2.29459e+06
CPQ	1.56477e+06	2.56768e+06	1.41448e+06	937395
CPSF1	660748	341866	741388	778046
CPSF2	472055	145129	404992	
CPSF3	1.57705e+06	673437	1.41804e+06	
CPSF6	2.715e+06	2.53905e+06	3.12683e+06	1.91066e+06
CPSF7	3.85582e+06	3.29069e+06	3.15112e+06	2.594e+06
CPT1A	2.97199e+06	1.2698e+06	6.59966e+06	4.49082e+06
CPT2	428341	1.12029e+06	3.2549e+06	3.27258e+06
CPTP	147834	187136	180530	
CPVL	3.2863e+06	5.89015e+06	4.96099e+06	4.11873e+06
CPXM1	336103	169996	208740	
CR1	393399	379189	816197	
CRABP1		93561.7	229646	
CRABP2	357910	284324	452275	
CRACR2A	113402	246760	244519	273701
CRADD	75170.7	159958		
CRAT	2.86126e+06	5.89498e+06	4.36147e+06	3.93846e+06
CRBN	102806		32357.3	
CREB1	581945	768457		1.13349e+06
CREG1	1.04267e+06	1.67223e+06	1.55207e+06	
CRELD1	456796	315029	289307	660782
CRELD2	1.68839e+06	5.45929e+06	2.77279e+06	2.69154e+06
CRIP1	1.03993e+07	1.29286e+07	1.03893e+07	9.12921e+06
CRIP2	6.9806e+06	5.19807e+06	3.3711e+06	3.45704e+06
CRISP3	582253	115205	567554	
CRK	3.79217e+06	4.06196e+06	3.25653e+06	4.3395e+06
CRKL	3.4643e+06	3.82138e+06	3.26347e+06	3.71965e+06
CRLF3	878582	925838	987475	533114
CRMP1	1.17413e+06	1.7114e+06	620615	926567
CRNKL1	269915	123645	286234	
CROT	168919	289869	329443	
CRTAP	3.04075e+06	1.78649e+06	1.10902e+06	504362
CRYAB	742498	1.13188e+06	1.98091e+06	1.3104e+06
CRYBB1		186185		
CRYBG1	392352	430293	640268	
CRYBG2	111380		53653.1	
CRYL1	1.78822e+06	2.18781e+06	1.31374e+06	2.03236e+06
CRYM		1.21342e+06	430724	2.39422e+06
CRYZ	4.9662e+06	1.07609e+07	7.19906e+06	5.89702e+06
CRYZL1	594915	474699	630970	82265.3
CS	5.44984e+06	5.7915e+06	1.11204e+07	1.32085e+07
CSDE1	3.08237e+06	2.76384e+06	2.66758e+06	1.73745e+06
CSE1L	2.36587e+07	7.31553e+06	5.06145e+06	4.96891e+06
CSGALNACT2	74704	83452.1	177563	
CSK	1.54365e+06	1.40048e+06	2.57205e+06	2.09216e+06
CSNK1A1	1.02496e+06	830068	1.42238e+06	622396
CSNK1G1	32183	39236.6	58927	
CSNK2A1	299851	158997	262136	
CSNK2A2	1.05377e+06	653243	943543	1.74655e+06
CSNK2B	848364	638540	414910	284824
CSPG4	889067	867819	886181	993728
CSRP1	2.41731e+07	2.26921e+07	1.24367e+07	1.05302e+07
CSRP2	4.32359e+06	5.22564e+06	1.29934e+06	711611
CSRP3	1.0406e+06	1.06003e+06	624678	
CST1	878632			
CST2	149485		50558.7	
CST3	3.9346e+06	7.38227e+06	4.80606e+06	1.16875e+07
CST4	478026	25544.8		
CST6		215760	393518	812379
CST7	171302		423269	
CSTA	2.04133e+06	5.41153e+06	1.0135e+07	9.76798e+06
CSTB	2.43041e+07	3.70058e+07	3.54392e+07	2.52237e+07
CSTF1	1.51411e+06	1.2649e+06	1.09386e+06	439214
CSTF2	448998	1.01033e+06		1.11884e+06
CSTF2T	198824	238877		
CSTF3	2.08917e+06	1.36304e+06	2.00525e+06	827314
CTBP1	2.11638e+06	2.91673e+06	757722	1.47435e+06
CTBP2	4.0727e+06	3.09972e+06	1.55278e+06	2.19864e+06
CTBS	576432	1.22027e+06	946873	396330
CTDP1	318502	182461	321072	301010
CTDSP1	383639	505716	356954	319833
CTH	612938	1.65661e+06	1.41598e+06	453223
CTHRC1	1.85127e+06	654799	661976	
CTNNA1	5.8391e+06	3.56083e+06	4.31353e+06	5.6112e+06
CTNNB1	8.84613e+06	5.00913e+06	6.33611e+06	7.39685e+06
CTNNBL1	1.33571e+06	748818	600652	
CTNND1	3.78295e+06	2.73191e+06	2.24844e+06	6.83301e+06
CTPS1	2.20817e+06	1.91943e+06	857173	721963
CTPS2	1.4124e+06	1.34614e+06	646261	802881
CTR9	471783	561003	481177	
CTRC	93759.5		743711	
CTSA	4.4753e+06	5.58971e+06	3.58248e+06	2.12577e+06
CTSB	3.17457e+07	3.47286e+07	2.14033e+07	1.47916e+07
CTSC	1.69571e+07	2.70749e+07	1.71247e+07	1.38437e+07
CTSD	5.62272e+07	8.10535e+07	6.33794e+07	5.46411e+07
CTSE		1.87463e+06	836208	362643
CTSG	1.83122e+07	4.20625e+06	6.38399e+07	1.73173e+06
CTSH	3.43427e+06	7.21685e+06	3.97554e+06	2.16186e+06
CTSK	778472	592584	479980	
CTSL	5.28456e+06	7.10121e+06	6.01027e+06	2.15207e+06
CTSS	5.69557e+06	9.4109e+06	9.17975e+06	6.99198e+06
CTSV	1.7767e+06	1.2589e+06	2.08734e+06	
CTSZ	2.32554e+07	2.15937e+07	1.69218e+07	1.66193e+07
CTTN	8.75329e+06	5.78072e+06	2.66362e+06	7.57784e+06
CTU2	298012	121115		
CUL1	1.25011e+06	615885	1.05516e+06	370086
CUL2	495099	330024	532418	283257
CUL3	3.01741e+06	1.87756e+06	3.5742e+06	1.08229e+06
CUL4A	811375	330064	432215	402102
CUL4B	438047	293078	441488	286579
CUL5	677193	431710	788340	611331
CUSTOS	106636	143397		60830.8
CUTA	841485	1.57046e+06	967519	
CUTC	528159	641380	766431	
CUX1	242824	329815	500460	314592
CWC15	509935	397249	154359	485334
CWC27	469935	233421	422039	
CWF19L1	333098	151027	265997	
CXADR	1.49611e+06	925954	692514	1.70632e+06
CXCL1			64876.4	
CXCL14	97876.7			
CXCL5	210244		398641	
CXCL8	27016.3		364504	
CXCR1	158478		185004	
CXCR2	133522		257182	
CXorf38	814110	450622	380512	
CYB561	285447	301070	370548	
CYB561D2	197707	264958	368282	
CYB5A	1.75411e+06	5.43973e+06	1.89053e+06	4.81844e+06
CYB5B	4.9726e+06	8.66111e+06	4.92715e+06	2.56652e+06
CYB5R1	2.57892e+06	3.92091e+06	3.93185e+06	2.16201e+06
CYB5R2	1.22458e+06	1.14499e+06	1.40211e+06	686923
CYB5R3	6.32397e+06	4.30145e+06	1.0563e+07	3.83718e+06
CYB5R4	125209	65728.2	161554	
CYBA	4.21088e+06	4.67935e+06	9.86091e+06	2.93903e+06
CYBB	5.72984e+06	6.04837e+06	6.48929e+06	1.63214e+06
CYBC1	960837	1.38188e+06	1.5969e+06	512193
CYBRD1	2.83756e+06	2.18706e+06	960624	3.15972e+06
CYC1	1.57824e+06	782264	4.57934e+06	4.06495e+06
CYCS	2.91413e+07	4.82122e+07	3.10483e+07	3.9879e+07
CYFIP1	2.28954e+06	1.07017e+06	2.66301e+06	2.38589e+06
CYFIP2	512112	600416	1.55781e+06	
CYGB	2.29198e+06	2.48161e+06	1.9471e+06	478703
CYP20A1	300959	408515	224072	549844
CYP27A1	406520	137222	443572	242201
CYP2S1	925123	199563	392480	1.00115e+06
CYP4F12			171438	
CYP4F3	91299.9		719006	
CYP51A1	495610		924948	814523
CYP7B1	179518	102260	335134	
CYRIA	554510	1.17234e+06	732221	
CYRIB	8.21141e+06	7.82968e+06	7.7895e+06	3.41619e+06
CYSTM1	966446	1.05705e+06		646957
CYTH1	238673	191486	449076	
CYTH4	188057		40425.3	
CZIB	2.43983e+06	2.68279e+06	2.49527e+06	2.26338e+06
D2HGDH	252966	321803	223157	905312
DAB2	1.45042e+06	1.18067e+06	1.22094e+06	1.50098e+06
DAB2IP	81727.7			205065
DAD1	2.5383e+06	6.68876e+06	4.30053e+06	7.506e+06
DAG1	1.92203e+06	2.57345e+06	2.5307e+06	2.53991e+06
DAGLB	237925	191980	424643	
DAP	1.02238e+06	1.98287e+06	540917	1.00474e+07
DAP3	734057	279026	861759	579434
DAPK3	319580	208863	372096	
DARS1	8.87274e+06	9.50431e+06	3.32743e+06	4.40455e+06
DARS2	1.64742e+06	1.25549e+06	1.48551e+06	1.45879e+06
DAZAP1	6.09152e+06	4.93562e+06	3.49857e+06	6.54915e+06
DBI	8.0321e+06	2.89304e+07	1.31268e+07	8.90213e+06
DBN1	1.73329e+06	1.11373e+06	852385	1.03534e+06
DBNL	7.47877e+06	5.83914e+06	5.39886e+06	6.55966e+06
DBR1	846263	634171	645109	1.2123e+06
DBT	508844	387352	1.40536e+06	1.2238e+06
DCAF1	251632		252418	
DCAF11	72640.6	47418.8	128136	
DCAF6	126829	94750.5		93329
DCAF7	894889	571013	540655	283048
DCAF8	215199	215132	379552	342277
DCAKD	668421	445300	429960	395173
DCBLD1	149457	148610	174618	
DCD	3.99901e+06	2.36688e+06	4.26175e+06	1.81509e+07
DCK	771740	458009	244247	158853
DCLK1	59750.8	54133.6	207480	
DCN	9.45959e+06	6.27895e+06	1.56967e+07	7.23801e+06
DCP1A	162478	126541		
DCP1B	229263	297392	110238	
DCPS	2.77959e+06	4.20861e+06	3.46521e+06	4.66927e+06
DCTD	2.08344e+06	2.36643e+06	948808	407576
DCTN1	1.43479e+06	892377	2.64811e+06	2.16112e+06
DCTN2	4.58088e+06	5.00066e+06	1.70516e+06	4.76755e+06
DCTN3	740076	911114	844652	664093
DCTN4	889976	817740	1.22617e+06	601665
DCTN5	1.2105e+06	1.26049e+06	884226	1.17798e+06
DCTN6	850564	1.0858e+06	875959	1.06944e+06
DCTPP1	1.23067e+06	1.59368e+06	579155	833209
DCUN1D1	1.62647e+06	1.57542e+06	1.57069e+06	571767
DCUN1D3	137656	180177		
DCUN1D5	376903	301272	94416.9	
DCXR	3.89185e+06	1.05108e+07	6.01165e+06	7.06921e+06
DDA1	302325	263742	282468	413288
DDAH1	1.1843e+07	1.62755e+07	8.66886e+06	2.18924e+07
DDAH2	2.83105e+06	3.30262e+06	1.0331e+06	2.58925e+06
DDB1	4.33127e+06	4.28287e+06	5.04942e+06	2.16612e+06
DDB2	507853	1.7239e+06	2.49394e+06	1.29045e+06
DDC	683746	1.44608e+06	557866	1.18188e+06
DDI2	1.71038e+06	2.0605e+06	672957	2.47829e+06
DDOST	1.06689e+07	1.20946e+07	2.80966e+07	1.73871e+07
DDR1	401997	346782	670232	867886
DDRGK1	1.44866e+06	2.37655e+06	1.40966e+06	1.33429e+06
DDT	2.90034e+06	4.61471e+06	2.53967e+06	1.52984e+06
DDX1	4.26997e+06	5.30111e+06	3.90863e+06	3.02011e+06
DDX17	5.06226e+06	3.10769e+06	4.82023e+06	3.00404e+06
DDX18	774687	338168	754901	449896
DDX19A	300808	289145		645367
DDX19B	242146	230615	153183	
DDX21	2.96353e+06	728011	2.4318e+06	
DDX23	1.1184e+06	756955	1.40265e+06	233292
DDX24	444973	192826	435952	
DDX27	504489	156101	240825	
DDX39A	4.99109e+06	1.94418e+06	1.30774e+06	
DDX39B	1.03344e+07	1.12817e+07	7.84744e+06	4.15105e+06
DDX3X	4.53507e+06	2.98737e+06	5.23492e+06	957766
DDX4	272776	275884	490563	
DDX42	2.10572e+06	1.63875e+06	1.78025e+06	1.3092e+06
DDX46	2.97226e+06	1.34221e+06	2.69831e+06	1.05699e+06
DDX47	399119	225264	247564	
DDX5	3.74324e+06	2.04613e+06	2.96252e+06	1.79165e+06
DDX55	5.56477e+06	9.01119e+06	6.65584e+06	7.84781e+06
DDX56	319402	146462		
DDX59	184469	87095.8	135328	
DDX6	6.27099e+06	4.93924e+06	4.40901e+06	1.81612e+06
DDX60	227806	170222	480556	
DECR1	8.75743e+06	1.5342e+07	6.82536e+06	1.19296e+07
DECR2	2.71407e+06	5.78498e+06	2.14681e+06	
DEF6	411629	389794	942403	689901
DEFA1	449939	128137	1.05625e+06	
DEFA3	874767	202886	2.80973e+06	
DEFA4	2.99804e+06	577159	3.41021e+06	
DEFA5		139095	1.63997e+06	7.45466e+06
DEFA6		988422	751821	2.36938e+06
DEGS1	95993.6		78263	
DEK	3.8155e+06	3.46309e+06	3.16747e+06	3.89926e+06
DENND2D	85886	214365	267043	
DENND4C	143315	111688	153551	
DENR	2.61297e+06	2.66011e+06	1.51034e+06	3.24538e+06
DERA	610382	522627	658067	318911
DERL1	738396	840331	2.49008e+06	743616
DERPC	180472			324947
DES	315244	394295	551622	317712
DFFA	2.25912e+06	3.62656e+06	610347	2.43035e+06
DFFB	225699	324251	94549.7	
DGAT1	480519	518639	1.10371e+06	
DGKA	675293	942405	819072	1.12389e+06
DGKQ	57532.6	47479	64606.3	
DGLUCY	127584	168105	432682	1.30074e+06
DGUOK	426069	629725	476618	1.16842e+06
DHCR24	745716		981760	837850
DHCR7	876697	154565	1.07799e+06	508702
DHFR	504618	221800	303794	
DHODH	1.33475e+06	1.29257e+06	955144	472657
DHPS	1.09592e+06	569445	502715	
DHRS1	593096	735270	1.01128e+06	1.21881e+06
DHRS11	1.23636e+06	1.64418e+06	1.29799e+06	1.74076e+06
DHRS4	1.6408e+06	2.83111e+06	998856	2.89544e+06
DHRS7	2.58375e+06	2.8626e+06	3.36923e+06	5.14994e+06
DHRS7B	433706	359907	488612	489571
DHRS9		288194	243116	
DHRSX	531679	387803	791583	283202
DHTKD1	956033	1.36563e+06	1.08456e+06	1.54541e+06
DHX15	2.7695e+06	1.61496e+06	3.89447e+06	833150
DHX16	286214	167269	191579	
DHX29	309317	196305	283812	
DHX30	1.55847e+06	826490	1.70241e+06	
DHX32	175011	213564	294175	
DHX36	327128	235110	347036	
DHX38	5.51185e+06	3.80564e+06	4.46085e+06	2.53252e+06
DHX8	1.27196e+06	367374	1.60129e+06	
DHX9	4.69746e+06	2.35835e+06	6.35075e+06	2.50522e+06
DIABLO	430026	1.60529e+06	952544	2.13421e+06
DIAPH1	2.25634e+06	1.32679e+06	2.17131e+06	2.08869e+06
DIAPH2	717142	435466	606313	455590
DIDO1	583683	297553	481233	
DIMT1	209631	83512.2	107594	
DIP2B	492867	231099	688088	209737
DIPK2A	53772.7	43704.7	115851	
DIS3	1.27101e+06	450367	741730	771418
DIS3L2	926745	716708	1.04732e+06	1.25855e+06
DKC1	1.26726e+06	857655	1.45451e+06	401031
DKK3	278608	219153		
DKK4		104426	25804.7	
DLAT	934372	577179	3.04215e+06	4.88709e+06
DLD	8.12577e+06	1.08175e+07	6.62807e+06	1.14024e+07
DLG1	1.79458e+06	1.53151e+06	1.75198e+06	1.91515e+06
DLG3	260476	261211	333890	253444
DLGAP4	1.07346e+06	1.0708e+06	357909	897624
DLST	3.2078e+06	3.028e+06	9.18565e+06	1.2226e+07
DMAC2L	135218	271298	370371	98478
DMAP1	127671	35045.4	71397.1	
DMBT1	411962	452169	2.23975e+06	3.72595e+06
DMD	178903		95486.8	
DMRT2			7.55091e+06	
DMTN	1.05713e+06	1.38336e+06	825428	866348
DMXL2	19373.3	12785.5	71373.2	
DNA2	320110	314504	455550	518268
DNAAF10	1.21204e+06	1.13499e+06	877517	
DNAAF5	3.62802e+06	1.15168e+06	1.98241e+06	2.07858e+06
DNAJA1	7.23905e+06	5.36363e+06	6.17297e+06	3.58707e+06
DNAJA2	1.71246e+06	1.51094e+06	1.78709e+06	1.43715e+06
DNAJA3	1.1289e+06	1.0079e+06	1.22044e+06	1.43863e+06
DNAJB1	3.89536e+06	3.34055e+06	2.2209e+06	2.47786e+06
DNAJB11	2.91084e+06	8.37213e+06	5.6589e+06	5.42557e+06
DNAJB12	247646	152874	397243	165921
DNAJB2	310441	339852	329669	419939
DNAJB4	243477	212608	227496	
DNAJB6	908149	586521	812697	799912
DNAJC1	762585	1.60373e+06	1.65034e+06	771759
DNAJC10	730666	565655	799261	387148
DNAJC11	627896	597887	960976	667456
DNAJC13	2.34342e+06	1.03546e+06	4.21922e+06	861179
DNAJC17	62578.7	93235.6	114058	
DNAJC19	1.51317e+06	1.26364e+06	723568	1.3115e+06
DNAJC2	5.50927e+06	2.58903e+06	3.06231e+06	1.34791e+06
DNAJC21	96602.4	35599.5	141080	
DNAJC3	3.21005e+06	4.42136e+06	3.51061e+06	2.74366e+06
DNAJC5	1.12924e+06	1.10802e+06	928145	
DNAJC7	1.32295e+06	1.09268e+06	943687	622672
DNAJC8	3.53113e+06	3.57396e+06	3.09386e+06	2.11581e+06
DNAJC9	1.70743e+06	1.01449e+06	1.30699e+06	403762
DNASE1L1	366056	280989		
DNASE2	1.08397e+06	997942	449810	732762
DNLZ	370434	535370	319260	
DNM1	525166	121097	635716	
DNM1L	875066	601827	784748	1.59236e+06
DNM2	2.52655e+06	1.46591e+06	4.09376e+06	4.78966e+06
DNM3	1.35734e+06	867353	461960	1.89926e+06
DNMT1	3.66062e+06	1.48779e+06	1.54195e+06	
DNPEP	2.40716e+06	3.03589e+06	3.18129e+06	1.87904e+06
DNPH1	3.90313e+06	6.98617e+06	2.68194e+06	5.08332e+06
DNTTIP2	203672	112486	146609	
DOCK1	604682	322843	375410	
DOCK10	67485.8	44666.6	111884	1.93987e+06
DOCK11	103901	77670.4	115137	
DOCK2	954918	1.03734e+06	2.03882e+06	608306
DOCK5	73629.6	16346.4	86379.7	
DOCK6	88693.5			
DOCK7	319576		537792	
DOCK8	161926	173259	507547	257752
DOHH	55154.3	68213.3		
DOK1	156839	114170	169668	
DOK2	392448	689891	422404	1.16849e+06
DOK3	397446	557566	662734	194228
DOLK	22991.5	22575.5	64730.2	
DOLPP1	104078	81042.1	298281	
DOP1B	106150	104165	288812	577521
DPAGT1	1.60299e+06	2.99918e+06	1.81002e+06	1.29049e+06
DPB1*02:01:02:01	2.16458e+06	3.21558e+06	4.33886e+06	2.66837e+06
DPCD	1.53714e+06	1.29039e+06	1.01249e+06	
DPEP1	6.30864e+06	5.05787e+06	550559	
DPF2	720529	841785	221001	1.8865e+06
DPH1	83689.4	59546.3	56666.7	
DPH2	331839	199647	132402	
DPH5	242143	266457	150930	
DPH6	120145	140148		
DPM1	2.38676e+06	1.45653e+06	1.88108e+06	996324
DPM3	656775	929987	202609	1.25233e+06
DPP3	3.78606e+06	6.23732e+06	3.94551e+06	4.03599e+06
DPP4	1.1167e+06	954969	745363	215428
DPP7	1.28774e+06	4.78222e+06	2.19091e+06	2.80094e+06
DPP8	514210	594499	513092	
DPP9	1.59159e+06	1.14227e+06	1.49964e+06	848498
DPT	77597.1	123271	139389	
DPY19L1	73170.6		216922	
DPYD	1.2472e+06	1.24035e+06	2.07405e+06	454721
DPYSL2	1.08774e+07	1.54993e+07	5.91249e+06	9.94919e+06
DPYSL3	1.58901e+07	1.03889e+07	3.36019e+06	5.856e+06
DPYSL5	1.30362e+06	1.51056e+06	2.28721e+06	1.26453e+06
DQB1*02:01:01	515164	824547	724941	
DQB1*03:01:01:01	1.38448e+06	1.96056e+06	2.46487e+06	846617
DR1	2.60809e+06	3.60632e+06	766364	1.68188e+06
DRAP1	8.65423e+06	8.00896e+06	5.80833e+06	2.2306e+06
DRB1*03:01:01:01	5.055e+06	6.4881e+06	6.13555e+06	1.83779e+06
DRB1*04:01:01:01	7.86811e+06	1.32131e+07	1.11384e+07	7.93933e+06
DRB3*01:01:02:01	710825	1.54243e+06	1.36382e+06	103984
DRB4*01:01:01:01	1.2147e+06	2.14681e+06	2.02155e+06	817133
DRG1	2.95606e+06	1.80767e+06	1.76123e+06	819606
DRG2	1.1437e+06	930668	920889	646110
DSC1	725002	1.11342e+06	1.33279e+06	4.08264e+06
DSC2	546908	1.61819e+06	2.30548e+06	1.4923e+06
DSC3	461314	476081	510099	980426
DSCC1	79783.3	19889.8	46622.4	
DSG1	1.09486e+06	1.70945e+06	1.99318e+06	6.82522e+06
DSG2	1.82157e+06	2.20089e+06	2.36867e+06	3.25499e+06
DSP	1.5752e+06	3.83308e+06	5.05373e+06	1.36992e+07
DST			167007	
DSTN	5.37519e+06	3.92456e+06	2.83653e+06	1.84647e+06
DTD1	1.22706e+06	1.15664e+06	974005	1.35757e+06
DTNBP1	208635	206234	330274	
DTX3L	481839	208925	369592	
DTYMK	7.41129e+06	4.23877e+06	3.96237e+06	4.0354e+06
DUOX2		357126	723840	
DUS1L	144813	111344	73111.6	
DUS2	277279	303747	212869	
DUS3L	435823	253464	370787	
DUSP12	162248	130172	180128	
DUSP22	56307.6	133106		
DUSP23	827199	1.34124e+06	444910	673633
DUSP3	3.20803e+06	2.98031e+06	1.81556e+06	1.93173e+06
DUT	2.49369e+06	2.33398e+06	1.7817e+06	2.28752e+06
DYM	64313		184991	
DYNC1H1	5.2253e+06	2.55182e+06	7.61263e+06	7.38924e+06
DYNC1I2	2.23587e+06	1.84499e+06	2.02609e+06	2.56209e+06
DYNC1LI1	1.19775e+06	842846	528772	1.19472e+06
DYNC1LI2	2.09605e+06	1.79765e+06	1.35357e+06	4.32867e+06
DYNLL1	5.48453e+06	6.8073e+06	5.50668e+06	4.59171e+06
DYNLL2	1.2424e+06	1.91409e+06	1.67075e+06	1.47339e+06
DYNLRB1	1.07918e+06	2.36305e+06	248811	922276
DYNLT1	617595	755016	584114	
DYNLT3	99914.8	83272.5	73306	
DYSF	1.1309e+06	683789	1.94872e+06	383949
E2F4	52304.9	24081.2		
EBNA1BP2	51572.2			
EBP	5.59381e+06	2.49935e+06	6.37952e+06	2.60627e+06
ECE1	949744	876969	831646	187079
ECH1	1.10743e+07	2.02821e+07	1.62579e+07	1.9271e+07
ECHDC1	1.64072e+06	3.64926e+06	969834	3.26914e+06
ECHDC2	930146	2.01116e+06	1.48384e+06	4.47898e+06
ECHS1	1.01999e+07	1.68289e+07	4.4655e+06	1.05209e+07
ECI1	2.71039e+06	5.29539e+06	1.08927e+06	6.98252e+06
ECI2	619537	1.0578e+06	990239	1.04882e+06
ECM1	648870	688463	607614	1.28448e+06
ECPAS	1.4674e+06	793138	868868	1.28166e+06
ECSIT	338985		260408	
EDC3	453318	338625	305490	
EDC4	551144	304549	807913	
EDEM2	74455	220606		
EDEM3	278588	551136	477835	
EDF1	6.54711e+06	6.85377e+06	4.51513e+06	5.25919e+06
EDNRA	201213	127163	207007	
EEA1	2.79848e+06	2.12457e+06	2.82439e+06	1.8277e+06
EED	181793	114721	179727	
EEF1A2	1.4025e+06	7.44257e+06	5.37169e+06	430169
EEF1AKMT4	48324.6		8878.26	
EEF1B2	1.1373e+07	1.18961e+07	6.56214e+06	1.94311e+07
EEF1D	2.21641e+07	2.39417e+07	5.60041e+06	3.01756e+07
EEF1DP3	731410	685846	2.45746e+06	2.91764e+07
EEF1E1	1.15226e+06	1.50779e+06	534453	390282
EEF1G	2.18963e+07	1.93142e+07	2.58529e+07	2.15155e+07
EEF2	5.29495e+07	4.97155e+07	4.54502e+07	2.76918e+07
EEFSEC	633710	579197	520115	
EEPD1	3.21991e+06	2.68747e+06		
EFEMP1	9.34041e+06	5.20137e+06	2.60214e+06	2.1477e+06
EFEMP2	1.09923e+06	652411	680819	336292
EFHD1	684693	646846		
EFHD2	1.37073e+07	1.83902e+07	1.65801e+07	1.20635e+07
EFL1	547267	398954	588619	251408
EFNB1	443431	460300	649735	867910
EFNB2	125936	73692	76945.7	291727
EFTUD2	1.84198e+06	1.29368e+06	2.26002e+06	916916
EGFLAM	294871	217355	245958	
EGFR	451398	343297	698282	975363
EGLN1	386632	396123	316817	
EHBP1	59527.9		31339.8	
EHBP1L1	487525	299301	312643	500302
EHD1	2.74661e+06	2.04721e+06	4.1843e+06	2.95093e+06
EHD2	4.05571e+06	3.62408e+06	7.06981e+06	4.13226e+06
EHD3	162635	162622	201814	
EHD4	2.97384e+06	1.80639e+06	2.62653e+06	3.57796e+06
EHHADH	285101	570867	705215	881216
EI24	170206	233070	665855	
EIF1	117623	114881		
EIF1AD	840750	822185	751356	
EIF1AX	1.91182e+06	1.03633e+06	239483	603441
EIF2A	1.58349e+06	1.18559e+06	1.7144e+06	1.48004e+06
EIF2AK2	1.39173e+06	1.01514e+06	1.15053e+06	793604
EIF2B1	1.25851e+06	1.63247e+06	1.18877e+06	476633
EIF2B2	1.99322e+06	2.64729e+06	1.10926e+06	703669
EIF2B3	963027	804462	622847	595012
EIF2B4	802881	763119	543520	527667
EIF2B5	1.28965e+06	1.00135e+06	1.21241e+06	
EIF2D	315419	218412	347668	
EIF2S1	4.70232e+06	4.35989e+06	3.3922e+06	2.77141e+06
EIF2S2	2.8131e+06	2.1141e+06	1.77502e+06	1.55212e+06
EIF2S3	4.77864e+06	3.52531e+06	3.31047e+06	2.40677e+06
EIF3A	4.38893e+06	2.47429e+06	6.2204e+06	4.94115e+06
EIF3B	5.99922e+06	2.97403e+06	6.29581e+06	2.61272e+06
EIF3C	720278	388995	522443	847287
EIF3D	2.95428e+06	1.87292e+06	2.77881e+06	1.82743e+06
EIF3E	4.12569e+06	3.83162e+06	2.13345e+06	2.49979e+06
EIF3F	3.80879e+06	4.41631e+06	1.8973e+06	2.64553e+06
EIF3G	5.25141e+06	3.20956e+06	4.8952e+06	2.96875e+06
EIF3H	3.32895e+06	3.83027e+06	2.07809e+06	1.4736e+06
EIF3I	3.60242e+06	2.19866e+06	3.6046e+06	3.06822e+06
EIF3J	3.03461e+06	3.71954e+06	1.99601e+06	3.11111e+06
EIF3K	2.6692e+06	3.7371e+06	464567	9.44027e+06
EIF3L	1.58779e+06	1.12876e+06	1.79378e+06	1.23221e+06
EIF3M	812987	562719	608513	
EIF4A1	1.23902e+07	1.14281e+07	1.0469e+07	6.6939e+06
EIF4A2	3.0462e+06	4.41439e+06	3.20506e+06	2.24456e+06
EIF4A3	4.35143e+06	3.35314e+06	2.52307e+06	1.46904e+06
EIF4B	5.1905e+06	5.27961e+06	3.41893e+06	8.42847e+06
EIF4E	4.65423e+06	4.35395e+06	3.7258e+06	3.03448e+06
EIF4E2	825364	782446	885580	
EIF4ENIF1	69186.8	22954.4		
EIF4G1	1.13396e+07	6.45334e+06	5.65217e+06	9.40967e+06
EIF4G2	3.40575e+06	1.86798e+06	2.32209e+06	2.65551e+06
EIF4G3	243857	113630	141187	
EIF4H	1.02288e+07	1.05556e+07	7.6206e+06	1.68289e+07
EIF5	3.08885e+06	2.92481e+06	2.2603e+06	3.10779e+06
EIF5A	1.81783e+07	2.0184e+07	8.86117e+06	1.06035e+07
EIF5B	1.86399e+06	1.66458e+06	1.80296e+06	513649
EIF6	2.40358e+07	2.12093e+07	1.16457e+07	1.36865e+07
EIPR1	670166	684616	421869	427973
ELAC2	479588	419808	299773	613978
ELANE	2.6337e+07	1.08388e+07	5.30735e+07	3.96013e+06
ELAPOR1	352089	554627	922694	1.05373e+06
ELAVL1	1.11678e+07	9.62401e+06	8.93999e+06	6.62962e+06
ELF1	573069	490638	175606	860224
ELMO1	411348	447345	675055	318627
ELMO2	271215	134238	238276	242747
ELMO3	87323.2	89175.1	126209	
ELMOD2	635232	486861	922981	647893
ELOA	140676			
ELOB	4.2794e+06	5.7073e+06	3.19312e+06	2.34932e+06
ELOC	2.5289e+06	2.9971e+06	2.62745e+06	3.09128e+06
ELOVL1	477202	166291	346856	1.3647e+06
ELOVL5	339275	45196.6	95828.5	
ELP1	447017	216686	554080	750154
ELP2	360312	333462	524618	
ELP3	210906	114967	353454	206473
ELP4	199689	238926	172879	333632
ELP6	124328		141819	
EMB	694103	648184	1.22792e+06	301838
EMC1	1.74986e+06	1.21245e+06	2.28015e+06	1.22552e+06
EMC10	882245	1.06385e+06	1.17178e+06	611447
EMC2	2.17275e+06	1.37579e+06	2.63094e+06	2.21352e+06
EMC3	1.21086e+06	623232	1.2214e+06	666079
EMC4	605698	397821	405227	517594
EMC7	1.00545e+06	1.05098e+06	1.28698e+06	603391
EMC8	779955	433311	737667	1.08549e+06
EMD	2.20986e+06	2.54788e+06	467699	2.73141e+06
EMG1	1.66569e+06	1.571e+06	898810	
EMILIN1	817002	869504	2.0752e+06	1.08165e+06
EML1	483095	195452	703940	
EML2	1.65335e+06	3.38663e+06	4.24418e+06	4.41312e+06
EML3	1.85258e+06	1.42238e+06	2.04579e+06	891525
EML4	2.99803e+06	2.06403e+06	2.91176e+06	3.50843e+06
EMP3	779778	1.10472e+06	817108	
EMSY	657583	687837	700289	
ENAH	2.11816e+06	1.31621e+06	1.00701e+06	576188
ENDOD1	948248	633898	2.06546e+06	2.82584e+06
ENDOG	342152	490163	644385	680972
ENG	1.69843e+06	1.33973e+06	1.09857e+06	213793
ENGASE	660108	738075	431590	
ENO1	1.40903e+08	1.63219e+08	1.53152e+08	8.54869e+07
ENO2	2.01483e+06	3.98384e+06	2.77293e+06	3.28435e+06
ENO3		60510.6	69851.4	
ENOPH1	1.39514e+06	1.49879e+06	1.10276e+06	512889
ENOSF1	599258	723247	666610	269539
ENPEP	333307	175910	52073.8	
ENPP4	268589	893736	660340	567616
ENSA	1.66485e+06	2.03788e+06	604704	3.02717e+06
ENTPD1	6.50445e+06	7.61826e+06	5.8728e+06	2.76392e+06
ENTPD2	169408	59450.9	90249.5	
ENTPD5	719898	1.49409e+06	1.703e+06	2.08117e+06
ENTPD8		66791.8	153330	
ENY2	786217	820045	627384	804079
EOGT	1.11176e+06	1.04337e+06	1.02403e+06	
EP300	125424		111363	
EPB41	2.28375e+06	2.57954e+06	1.79451e+06	1.83075e+06
EPB41L1	1.34389e+06	728072	631009	1.09625e+06
EPB41L2	3.5442e+06	3.77873e+06	2.06404e+06	3.74139e+06
EPB41L3	535253	740330	739173	905561
EPB41L5	129539			
EPB42	1.1271e+06	727535	1.00182e+06	473474
EPCAM	1.64485e+07	1.50776e+07	1.6002e+07	2.00756e+07
EPDR1	4.29791e+06	2.8416e+06	1.10516e+06	1.04659e+06
EPHA2	401478	380132	296423	
EPHB2	2.09084e+06	1.57645e+06	1.86483e+06	2.59292e+06
EPHB3	1.02431e+06	891160	1.0566e+06	1.24671e+06
EPHB4	100600	71111.6	108683	
EPHX1	2.39615e+06	1.49791e+06	8.76946e+06	3.16788e+06
EPHX2	1.05719e+06	2.50456e+06	3.11658e+06	4.47375e+06
EPN1	837907	1.03199e+06	717513	440694
EPN2	2.55763e+06	2.75501e+06	2.45502e+06	1.74921e+06
EPPK1	154625	222350	1.00491e+06	289078
EPRS1	6.44129e+06	4.15278e+06	6.58702e+06	6.45757e+06
EPS15	595618	406859	860612	802946
EPS15L1	1.64716e+06	993700	1.58061e+06	1.89024e+06
EPS8	1.02423e+06	589914	497554	
EPS8L1	528717	626526	615941	717483
EPS8L2	1.46826e+06	1.10662e+06	1.46254e+06	2.1486e+06
EPS8L3	1.21904e+06	708472	543606	914368
EPSTI1	53342.7			
EPX	1.34937e+07	1.34047e+07	2.39852e+07	8.31908e+06
ERAL1	688862	221612	248561	
ERAP1	5.62229e+06	7.58767e+06	5.79083e+06	5.07019e+06
ERAP2	1.73016e+06	2.53145e+06	2.43282e+06	796458
ERBB2	126075	70221.5	45895.5	
ERBIN	757958	718726		252415
ERC1	531307	321784	589658	
ERCC2	267775	135048	289632	
ERFL	3.81965e+06	4.04917e+06	2.13e+06	1.66784e+06
ERG28	1.38045e+06	1.18169e+06	978938	1.6783e+06
ERGIC1	890766	1.34408e+06	2.99082e+06	2.01732e+06
ERGIC2	320724	505086	208116	
ERGIC3	861954	1.33536e+06	801451	978568
ERH	1.15477e+06	2.0662e+06	2.5687e+06	1.27352e+06
ERI1	330673	262270	193930	
ERI3	6.84639e+06	7.1144e+06	5.23829e+06	3.89707e+06
ERLEC1	874549	1.40877e+06	1.25727e+06	846737
ERLIN1	218045		1.07746e+06	794273
ERLIN2	236530	139773	2.33411e+06	1.43045e+06
ERMP1	828626	232973	1.42247e+06	1.32372e+06
ERN2		26533.1	422059	
ERO1A	4.66826e+06	6.75922e+06	5.39554e+06	4.25075e+06
ERO1B	57504.1	150311	93773.6	
ERP27		146089		
ERP29	1.40696e+07	2.6305e+07	2.63681e+07	3.22087e+07
ERP44	1.30004e+07	1.8044e+07	1.81439e+07	1.4571e+07
ESAM	681703	643498	476327	
ESD	1.93833e+07	1.92971e+07	1.69578e+07	1.11219e+07
ESPN	207169	335494	163718	
ESRP1	1.4227e+06	679793	1.27533e+06	1.2356e+06
ESRP2	483090	361877	347819	400667
ESYT1	2.96581e+06	2.14601e+06	5.14796e+06	2.51347e+06
ESYT2	1.76765e+06	938685	2.45999e+06	1.39228e+06
ETF1	5.78385e+06	4.62277e+06	6.61428e+06	3.47349e+06
ETFA	4.45721e+06	9.46884e+06	4.56663e+06	1.06933e+07
ETFB	1.44861e+07	3.41563e+07	1.56081e+07	3.4157e+07
ETFDH	462186	1.23466e+06	1.8174e+06	1.85571e+06
ETFRF1	219047	539575	451271	
ETHE1	1.47781e+07	2.22489e+07	1.17125e+07	2.81057e+07
ETV6	168943	187654	256770	
EVI2B	1.02325e+06	2.60867e+06	1.37956e+06	1.76501e+06
EVL	641000	849544	907918	860219
EVPL	135548	128797	288302	
EWSR1	1.15402e+07	1.17415e+07	1.1688e+07	1.1231e+07
EXOC1	530655	111989	609989	
EXOC2	462742	269959	533100	429457
EXOC4	402931	260855	365505	370087
EXOC5	711884	253040	744279	
EXOC6B	73900.3			
EXOC7	593576	380428	683911	460489
EXOC8	376472	262981	406063	1.39186e+06
EXOG	306908	180269	496169	
EXOSC1	1.31056e+06	1.15474e+06	354448	
EXOSC10	212153	29744.3	206975	
EXOSC2	1.11824e+06	799804	847367	551302
EXOSC3	638277	349671	456176	174154
EXOSC4	1.19858e+06	1.08753e+06	1.05789e+06	
EXOSC5	480972	555806	447346	
EXOSC6	1.16827e+06	842614	608950	753650
EXOSC7	930571	645622	679501	
EXOSC8	748377	460449	505831	
EXOSC9	544767	276518	279461	
EZR	2.20708e+07	2.16026e+07	2.20095e+07	1.87486e+07
F10	770548	1.07341e+06	880935	1.01284e+06
F11	344472	387511	375501	
F11R	2.97377e+06	3.93132e+06	3.16504e+06	4.28225e+06
F12	739405	767180	935325	772200
F13A1	3.56874e+06	3.44927e+06	4.41984e+06	8.90865e+06
F13B	440461	668200	947852	553330
F2	5.70035e+06	7.31941e+06	6.65635e+06	7.52569e+06
F3	131146	201623	224904	
F5	275313	359045	368557	
F7	118025	67814.8	173635	
F8A1	116005	121390		
F9	1.04623e+06	1.70054e+06	1.25293e+06	1.32702e+06
FABP1	8.08917e+07	9.35157e+07	2.63177e+08	1.51565e+08
FABP2		2.03962e+06	2.31766e+06	3.01774e+06
FABP3	3.32046e+06	4.31438e+06	6.31056e+06	1.31972e+06
FABP4	1.15867e+06	1.92328e+06	1.24491e+06	1.24931e+06
FABP5	3.24869e+07	3.30743e+07	4.15787e+07	3.93056e+07
FADD	440966	396891	168026	
FAF1	1.07884e+06	712031	952981	616186
FAF2	652332	495311	1.0458e+06	1.01848e+06
FAH	2.6215e+06	3.50504e+06	2.59512e+06	1.05715e+06
FAHD1	2.62219e+06	3.58644e+06	2.17988e+06	1.94135e+06
FAHD2A	1.62197e+06	2.89814e+06	885266	491868
FAM107B	404614	624107	450988	327149
FAM114A1	1.47766e+06	1.61241e+06	443146	1.5447e+06
FAM114A2	230128	647303		378056
FAM118A	145241	113548	22566	
FAM118B	474901	603044	393919	529312
FAM120A	2.77392e+06	1.924e+06	1.34299e+06	4.08871e+06
FAM136A	1.45465e+06	1.94077e+06	887499	1.57682e+06
FAM162A	4.5006e+06	6.645e+06	6.48853e+06	1.20864e+07
FAM169A	96905.2	275526	459557	
FAM172A	258161	229970	253619	
FAM174A		339143	250181	440038
FAM177A1	744401	767725		979446
FAM186B	2.06418e+06	1.57496e+06	3.92858e+06	4.75468e+06
FAM20B	218466	708231	298987	
FAM210B	464875	211257	214413	
FAM234A	110357	120813	142507	
FAM241A	121217	158754	266484	
FAM25C	3.41086e+06	2.88701e+06	5.42871e+06	3.06279e+06
FAM3A	333409	559997	455308	764688
FAM3B	1.16682e+06	824920	229738	
FAM3C	7.7658e+06	8.47655e+06	8.03261e+06	9.75875e+06
FAM3D	418602	6.47123e+06	8.54056e+06	1.70287e+07
FAM50A	485638	454726	459556	
FAM8A1	263134	242782	313104	
FAM91A1	277859	233472	454790	218745
FAM98A	917983	833339	1.41066e+06	
FAM98B	998235	941503	1.61512e+06	1.04168e+06
FANCI	112153		62272.3	
FAP	4.56046e+07	1.44392e+07	1.62647e+07	
FARP1	3.80935e+06	2.09778e+06	2.50187e+06	7.64238e+06
FARP2	123748	79874.3	194525	
FARS2	947455	1.28582e+06	1.0379e+06	676725
FARSA	2.21258e+06	2.50536e+06	2.15393e+06	1.86287e+06
FARSB	4.24284e+06	4.4158e+06	2.24507e+06	3.55109e+06
FAS	384861	1.04879e+06	766432	425940
FASN	6.2375e+06	1.74561e+06	7.71582e+06	3.68986e+06
FASTKD2	46143.3		28060.2	
FAT1	323423	236057	208443	
FBL	4.40863e+06	4.55256e+06	3.04277e+06	3.16368e+06
FBLIM1	2.90433e+06	1.24653e+06	1.13381e+06	826901
FBLN1	2.5909e+07	2.95514e+07	1.3671e+07	1.05052e+07
FBLN2	3.81381e+06	969445	613145	
FBLN5	4.51794e+06	3.88619e+06	2.51095e+06	2.14843e+06
FBN1	1.3347e+06	793050	2.75592e+06	2.05113e+06
FBN2	321775	87212	397484	
FBP1	6.14587e+06	7.95422e+06	8.85311e+06	6.76174e+06
FBP2	3.69838e+06	4.34043e+06	4.42221e+06	3.29547e+06
FBXL12	96326.8	40327.1		
FBXL18	156231	159148	57078.7	
FBXL20	116719	88583	48586.9	
FBXL8	516510	988469	505132	671540
FBXO2	233453	172152	23340.9	
FBXO22	812466	1.56817e+06	1.28573e+06	847556
FBXO6	206972	240272	267590	
FBXO7	628080	540454	506842	
FCAR	369777		1.56212e+06	
FCER1G	1.52988e+06	2.43045e+06	270142	949310
FCGBP	790641	3.8983e+07	4.81097e+07	8.44041e+07
FCGR1A	707098	719343	1.10937e+06	
FCGR2B		1.34853e+06		
FCGR3A	1.58662e+06	1.61955e+06	1.92456e+06	1.45042e+06
FCGR3B	576787	338548	1.40258e+06	
FCGRT	1.44033e+06	1.9408e+06	1.45614e+06	623410
FCHO2	567899	326766	722602	446061
FCHSD1	156771	158287	182898	153070
FCN1	477266	271661	1.31701e+06	
FCN2	611403	774022	491728	
FCN3	626724	724303	583559	
FCSK	220319	155170	154359	
FDFT1	754755	291170	513172	
FDPS	2.40215e+06	2.4801e+06	1.67712e+06	2.07325e+06
FDX1	5.05161e+06	4.95564e+06	3.51342e+06	3.50575e+06
FDX2	137756	195728	143634	
FDXR	1.54847e+06	3.86776e+06	5.71914e+06	6.56661e+06
FECH	453397	620579	545643	1.0656e+06
FEN1	1.31915e+06	1.02227e+06	853054	1.39432e+06
FERMT1	2.29831e+06	899169	845720	1.74215e+06
FERMT2	1.87669e+06	981851	2.35722e+06	1.02351e+06
FERMT3	1.92655e+06	2.42134e+06	3.32677e+06	2.27686e+06
FES	144575		388777	
FETUB	414958	562768	439871	
FGA	1.57497e+07	2.05512e+07	1.61852e+07	1.49021e+07
FGB	2.62512e+07	2.87008e+07	2.926e+07	1.63373e+07
FGD2	161379	256230		
FGD3		243836	68053.1	340018
FGD4	522808	428904	626205	586410
FGF2	450015	748297	1.13056e+06	
FGG	1.74805e+07	1.95076e+07	1.69576e+07	5.91288e+06
FGL2	3.44038e+06	6.63535e+06	6.24258e+06	2.04117e+06
FGR	434349	310270	893502	
FH	7.6026e+06	8.96971e+06	8.49759e+06	1.36828e+07
FHIP2A	1.9736e+06	1.68367e+06	5.0268e+06	619354
FHIT	317754	664191	533817	679677
FHL1	5.18053e+06	7.25687e+06	1.18588e+07	3.68957e+06
FHL2	8.90043e+06	2.76222e+06	2.57327e+06	2.24277e+06
FHL3	2.70482e+06	1.10778e+06	746134	734461
FHL5	73692.3			
FHOD1	189238	111721	304670	
FIBP	184546	140237	269406	
FILIP1	102815		156629	
FILIP1L	466688	164755	371681	
FIP1L1	560769	472259	991819	1.2997e+07
FIS1	5.39188e+06	8.05595e+06	6.46949e+06	3.79464e+06
FITM2	2.12254e+06	2.58762e+06	2.05533e+06	
FKBP10	5.3795e+06	2.84048e+06	2.40464e+06	1.01397e+06
FKBP11	2.76266e+06	7.42224e+06	4.6105e+06	3.07686e+06
FKBP14	609297	321974	336753	
FKBP15	238674	140603	536795	467470
FKBP1A	5.16536e+07	5.95376e+07	5.38203e+07	3.75817e+07
FKBP2	8.18065e+06	2.93208e+07	1.49664e+07	1.85993e+07
FKBP3	5.33607e+06	7.99886e+06	7.19569e+06	4.7783e+06
FKBP4	5.72472e+06	5.98569e+06	4.53529e+06	3.59779e+06
FKBP5	1.84139e+06	1.81707e+06	1.12977e+06	624295
FKBP7	1.28134e+06	1.22102e+06	656570	938200
FKBP8	1.45376e+06	743809	1.42831e+06	899766
FKBP9	9.90935e+06	5.64269e+06	2.73244e+06	2.20994e+06
FKBPL	105250	158504	211970	
FLAD1	536683	298581	692597	462128
FLCN	44718.8	25313.7	96752.1	
FLG	1.24979e+06	1.66627e+06	9.02856e+06	9.11459e+06
FLG2	1.01224e+06	2.1902e+06	3.76897e+06	9.29024e+06
FLII	7.13716e+06	4.37009e+06	8.84692e+06	5.49896e+06
FLNA	2.78385e+07	8.78568e+06	4.81372e+07	1.43224e+07
FLNB	2.54499e+07	9.48042e+06	2.67382e+07	1.46076e+07
FLNC	8.16201e+06	2.98191e+06	9.6423e+06	2.61061e+06
FLOT1	2.03717e+06	2.43223e+06	1.40919e+06	3.09068e+06
FLOT2	1.34998e+06	2.25445e+06	951209	2.79487e+06
FLT1	51262.5	34697.6	31733.3	
FLYWCH2	437151	561534	86134.6	784594
FMC1	270683	508101		2.54943e+06
FMNL1	1.21029e+06	997846	1.7053e+06	1.28887e+06
FMNL3	60130.8			
FMO5			235221	198912
FMOD	2.05417e+06	1.55488e+06	1.98853e+06	2.2505e+06
FMR1	273782	91730.9	237010	
FN1	6.89167e+06	3.5244e+06	1.10258e+07	1.83823e+06
FN3K	504909	530015	522212	520999
FN3KRP	963866	1.18236e+06	861923	1.20188e+06
FNBP1	764949	892433	996539	674489
FNBP1L	324996	253910	227779	274484
FNBP4	206475	115364	153537	
FNDC1	152405			
FNDC3A	1.174e+06	1.55435e+06	1.8151e+06	
FNDC3B	263609	106708	302545	
FNTA	975404	1.05668e+06	957198	459841
FNTB	599724	589743	447976	
FOCAD	227082		395746	
FOLR2	778745	1.28832e+06	936502	783879
FOLR3	2.30173e+06	799043	3.82379e+06	
FOXK1	2.53984e+06	1.27484e+06	805894	962549
FOXK2	297329	257559		278467
FOXO3	89797.4	79146.7	61344.5	
FOXRED1	466891	462431	247687	2.36328e+06
FPGS	122496		115743	
FPGT	338979	222869	291861	
FRG1	429639	377412	298860	
FRMD8	384654	428205		178024
FRYL	174065		415265	303973
FSCN1	5.58807e+06	3.10452e+06	3.08074e+06	1.31326e+06
FSTL1	551013	256655	137896	
FTH1	1.92044e+07	1.55962e+07	4.14398e+07	9.31356e+06
FTL	4.22349e+07	6.15013e+07	8.75294e+07	1.99221e+07
FTO	1.8943e+06	1.97726e+06	1.38967e+06	594580
FTSJ3	478514	269147	242207	
FUBP1	8.549e+06	1.06314e+07	7.20594e+06	9.6784e+06
FUBP3	7.39145e+06	6.53111e+06	2.67269e+06	4.36355e+06
FUCA1	6.02935e+06	1.71912e+07	1.16319e+07	1.46289e+07
FUCA2	1.92542e+06	2.65377e+06	1.73923e+06	1.344e+06
FUNDC1	446775	582995	145444	
FUNDC2	1.60004e+06	1.58864e+06	1.46135e+06	1.12473e+06
FUS	1.25765e+07	9.73184e+06	7.87279e+06	5.91569e+06
FUT6	696996	1.17793e+06	798241	840478
FUT8			114252	
FXN	400076	721904	363108	404076
FXR1	1.26524e+06	678607	939994	363780
FXR2	216257	163532	102817	
FXYD3	1.06644e+06	2.02467e+06	1.61624e+06	1.57187e+06
FYB1	1.06825e+06	1.076e+06	1.46478e+06	633088
FZD1	135477	170601	54456.6	
FZD7	293336		247008	
G3BP1	4.23889e+06	3.74355e+06	4.7384e+06	3.64541e+06
G3BP2	1.21577e+06	872804	1.16659e+06	2.14838e+06
G6PD	5.91197e+06	5.43683e+06	1.14963e+07	2.81456e+06
GAA	2.20648e+06	4.98554e+06	2.34789e+06	2.59059e+06
GABARAP	578810	735727	1.06168e+06	
GABARAPL2	553886	526897	769343	
GABPA	614136	676924	243648	
GABPB1		34082		
GADD45GIP1	222421		200737	
GAK	764209	867525	1.24674e+06	1.15047e+06
GAL3ST2		336177	777231	690550
GALC	758453	1.34742e+06	953680	918448
GALE	1.93836e+06	6.0624e+06	1.71456e+06	4.86024e+06
GALK1	2.07322e+06	2.2462e+06	1.9542e+06	1.95747e+06
GALK2	1.03141e+06	1.08768e+06	438050	1.11116e+06
GALM	2.76025e+06	4.6073e+06	4.11292e+06	4.43273e+06
GALNS	905966	1.06112e+06	811347	384768
GALNT1	457043	648890	1.34573e+06	961386
GALNT10	142792	166555	164538	
GALNT12	459075	557291	1.15104e+06	1.96339e+06
GALNT2	1.87793e+06	2.16988e+06	2.34233e+06	1.79762e+06
GALNT3	1.00072e+06	815950	2.54249e+06	995028
GALNT4	592618	1.37316e+06	2.06096e+06	2.3872e+06
GALNT5	1.49717e+06	1.84551e+06	3.36746e+06	2.48269e+06
GALNT6	290489	180046	251327	
GALNT7	1.46628e+06	2.93676e+06	3.71341e+06	2.85599e+06
GALNT8		285724	445073	
GALT	695462	1.54954e+06	996190	1.74029e+06
GAN	90586.2	163295	127355	
GANAB	2.82069e+07	4.26024e+07	3.16762e+07	2.09439e+07
GAPDH	5.64423e+08	8.7368e+08	6.29239e+08	4.61638e+08
GAPVD1	581510	396868	391547	714649
GAR1	981805	850087	1.30772e+06	219512
GARS1	8.31942e+06	6.07226e+06	3.69991e+06	2.55031e+06
GART	9.49952e+06	7.16313e+06	4.64085e+06	4.3694e+06
GAS7	176010	99796	127736	
GATAD2A	630577	235729	465622	589577
GATAD2B	171024	79456.5	89723	
GATB	676036	522287	229352	701811
GATC		228267		
GATD1	894310	791302	385248	862177
GATM	128581	285992	362170	
GBA1	2.88263e+06	4.25193e+06	2.81465e+06	2.30526e+06
GBE1	3.97188e+06	6.2009e+06	7.89757e+06	2.47877e+06
GBF1	169094	131347	593732	288538
GBP1	4.13647e+06	3.29282e+06	5.797e+06	1.37154e+06
GBP2	2.71916e+06	2.70885e+06	3.21916e+06	1.38206e+06
GBP4	1.00014e+06	793043	827838	
GBP5	908919	1.06858e+06	1.59663e+06	
GC	1.52651e+07	1.67721e+07	1.51208e+07	1.15901e+07
GCA	4.85537e+06	4.95306e+06	8.62968e+06	1.57436e+06
GCC1	228852	130112	305235	72073.9
GCC2	159518		445314	217265
GCDH	1.48999e+06	1.87043e+06	773641	1.09539e+06
GCG		71148.8		386806
GCH1		294302	301883	
GCHFR	1.70286e+06	1.92529e+06	834370	
GCLC	1.94079e+06	2.20198e+06	2.03246e+06	1.48498e+06
GCLM	1.38629e+06	1.00738e+06	1.0602e+06	897230
GCN1	2.90006e+06	2.32626e+06	2.18997e+06	2.32909e+06
GCNT3		290323	649912	348009
GCSH	554729	586246	152991	
GDA	464626	1.5024e+06	934914	1.02328e+06
GDAP1			238144	
GDAP2	140103	72195.2	156638	
GDE1	728624	639442	975738	383542
GDI1	3.97102e+06	3.59072e+06	4.47828e+06	2.87014e+06
GDI2	1.69541e+07	1.52087e+07	1.71791e+07	1.11862e+07
GDPD3	194548	626061	1.32031e+06	1.36941e+06
GDPGP1		28710.8		
GEMIN5	398940	105737	317713	
GEMIN6	317172			
GET1	171100	129676	180764	
GET3	5.4724e+06	5.59476e+06	3.78955e+06	2.31093e+06
GET4	753053	449199	590870	199012
GFER	251933	424642	308556	931625
GFM1	2.46514e+06	2.23612e+06	2.0047e+06	1.76493e+06
GFM2	150977	220574	203196	
GFOD2	426707	1.51526e+06	1.76599e+06	
GFPT1	9.20295e+06	8.53809e+06	8.02398e+06	7.68404e+06
GFUS	4.52417e+06	9.63923e+06	6.36301e+06	7.38537e+06
GGA1	623933	375284	621696	672354
GGA2	184391	139008	164765	140829
GGA3	274860	160134	321256	
GGACT	662190	606462	375418	626820
GGCT	1.3589e+07	1.22889e+07	8.79302e+06	1.18489e+07
GGCX	430869		570137	
GGH	1.64396e+07	1.59343e+07	7.84294e+06	5.25742e+06
GGPS1	623030	490426		323731
GGT1	753767	1.20145e+06	826986	492353
GGT5	5.4779e+06	5.25171e+06	3.64826e+06	2.659e+06
GGT6		37297.3	156495	210948
GGT7	49106.2	29916.5	37235.1	
GHDC	355266	253760	506175	499065
GHITM	4.48158e+06	3.34876e+06	9.06324e+06	4.58526e+06
GIGYF2	804267	655529	350964	447787
GIMAP1	1.0468e+06	946328	1.20517e+06	1.27819e+06
GIMAP4	3.44999e+06	5.57597e+06	5.84644e+06	2.15246e+06
GIMAP5	704902	883903	1.00416e+06	562371
GIMAP6	45186.6	60734.1		
GIMAP7	332297	551433	402640	
GIMAP8	816265	973580	1.18198e+06	835466
GINS2	67245.9	69265.8		
GINS3	178058	132026	22639	
GIPC1	7.03648e+06	6.35889e+06	5.119e+06	5.57088e+06
GIPC2	1.12678e+06	1.12192e+06	781050	883616
GIT2	251909	211966	301181	
GK	589432	775690	825985	
GK2	79380.4	107006	15452.3	
GLA	1.88725e+06	2.31972e+06	1.21115e+06	849693
GLB1	4.18991e+06	6.53748e+06	3.29561e+06	2.21734e+06
GLB1L2	52899.1	19410.9		
GLCE	266408	311455	468652	395208
GLDC		204602	56978.1	
GLG1	3.644e+06	2.90184e+06	2.4421e+06	2.25119e+06
GLIPR1	236313	201733		
GLIPR2	3.17732e+06	4.39314e+06	6.96216e+06	5.40041e+06
GLMN	198681	141514	145265	
GLMP	149604	150184	165901	
GLO1	1.43723e+07	1.69717e+07	8.48018e+06	5.34131e+06
GLOD4	6.30119e+06	6.5678e+06	5.02085e+06	5.34679e+06
GLRX	965592	3.80272e+06	2.15712e+06	1.91892e+06
GLRX3	1.41626e+07	8.98646e+06	7.67018e+06	3.39996e+06
GLRX5	257881	1.06608e+06		774792
GLS	4.85689e+06	1.80582e+06	1.88397e+06	2.42771e+06
GLT8D1	139466	82852	277443	
GLTP	2.80458e+06	4.88729e+06	5.1524e+06	
GLUD1	9.92187e+06	1.17275e+07	6.67842e+06	7.90919e+06
GLUL	1.73606e+06	2.3646e+06	2.54464e+06	2.13343e+06
GLYR1	524776	311759	909442	444286
GM2A	2.51061e+06	5.37919e+06	4.75126e+06	3.1749e+06
GMDS	1.24441e+07	2.98045e+07	1.60427e+07	2.00456e+07
GMEB2	350573	358773		
GMFB	1.48159e+06	1.90923e+06	1.84502e+06	2.21711e+06
GMFG	2.13059e+06	3.02745e+06	3.09518e+06	2.55632e+06
GMIP	567831	420521	950977	400923
GMPPA	2.35869e+06	5.43402e+06	2.78419e+06	5.00851e+06
GMPPB	3.95212e+06	1.08295e+07	6.4982e+06	4.27906e+06
GMPR	309619	496692	230319	
GMPR2	1.46627e+06	2.00468e+06	2.05339e+06	1.05838e+06
GMPS	3.57457e+06	2.36247e+06	1.30047e+06	1.26173e+06
GNA11	1.62802e+06	882246	959787	2.51686e+06
GNA13	1.90402e+06	1.88036e+06	3.1549e+06	1.65387e+06
GNAI1	1.30312e+06	1.44913e+06	2.27925e+06	1.22068e+06
GNAI2	1.51506e+07	1.65924e+07	1.81256e+07	1.4722e+07
GNAI3	4.86288e+06	4.03097e+06	6.52488e+06	5.40609e+06
GNAO1	912089	2.00282e+06	4.07166e+06	2.74118e+06
GNAQ	1.4629e+06	1.07316e+06	2.64945e+06	3.24775e+06
GNAS	8.87524e+06	1.11018e+07	8.44232e+06	1.0722e+07
GNB1	5.06639e+06	3.83399e+06	3.59423e+06	4.31973e+06
GNB1L	380183	145327	177605	
GNB2	4.72235e+06	3.74702e+06	3.3244e+06	4.076e+06
GNB4	1.42508e+06	953186	1.2573e+06	665862
GNE	242421	970882	1.74346e+06	1.18379e+06
GNG12	3.16909e+06	6.10764e+06	2.06018e+06	6.13789e+06
GNG5	142560	395650	262693	261165
GNL1	476980	365283	409045	362876
GNL2	151813	197855		
GNL3	278024	83448	168323	
GNPDA1	5.18504e+06	5.75558e+06	3.68575e+06	1.65333e+06
GNPDA2	658323	791070	588157	
GNPNAT1	1.12352e+06	1.88547e+06	1.60919e+06	719925
GNPTG	41234.1	139872	123573	
GNS	4.00398e+06	4.77541e+06	4.46383e+06	2.81094e+06
GOLGA1	338677	360850	265240	
GOLGA2	611470	207716	1.65624e+06	1.82975e+06
GOLGA3	1.07687e+06	1.23366e+06	2.42696e+06	8.45993e+06
GOLGA4	260053	210814	545187	
GOLGA5	249354	117225	513851	661358
GOLGA7	436320	450986	475078	80089.8
GOLGB1	227635		1.24347e+06	831346
GOLIM4	2.75938e+06	2.89553e+06	4.19324e+06	3.18503e+06
GOLM1	2.30819e+06	2.168e+06	3.4214e+06	5.17183e+06
GOLM2	368042	434550	454116	1.26215e+06
GOLPH3	685567	688982	703502	813154
GOLPH3L	474797	686236	700630	1.60856e+06
GOLT1B	419390	387098	478857	
GOPC	680965	695564	614751	1.36682e+06
GORAB	58230.3	116796		
GORASP1	73193.2	61692.9	136407	
GORASP2	3.45394e+06	5.53515e+06	3.37931e+06	3.84472e+06
GOSR1	663205	643834	743201	1.06853e+06
GOSR2	1.18055e+06	1.18296e+06	1.09988e+06	869227
GOT1	5.13172e+06	8.01486e+06	4.70382e+06	8.69838e+06
GOT2	6.89938e+06	5.23602e+06	7.03034e+06	1.39048e+07
GP1BA	40652	305592	138365	
GP1BB	135296	692003	688833	
GP9	167711	287479	158871	
GPA33	3.65712e+06	5.86161e+06	8.40267e+06	1.09626e+07
GPAA1	471572		1.28657e+06	
GPALPP1	831313	458644		
GPAT3	32069		221968	
GPATCH11	233173	158300	155569	
GPC1	1.43082e+06	1.1582e+06	866695	
GPC4	611428	580938	433143	
GPC6	735139	732273	456893	230943
GPCPD1	307409	256943	178076	
GPD1	801730	637559	422105	
GPD1L	1.90708e+06	1.75335e+06	1.15762e+06	2.12495e+06
GPD2	1.34253e+06	736980	2.34069e+06	2.17705e+06
GPHN	509078	533892	690999	717040
GPI	3.1826e+07	3.33387e+07	4.83679e+07	2.13059e+07
GPKOW	921083	756965	523593	
GPLD1	830708	879466	687115	542810
GPN1	179840	229294	38633.3	199213
GPNMB	6.61935e+06	7.93753e+06	7.05523e+06	4.9154e+06
GPR107	141462	40791.6	175000	
GPR108	230906	312511	342072	93632
GPR180	76703.7	35767.2	194918	
GPR183	75450.9	124899	134422	
GPR89A	313453		394595	
GPRC5A	4.24651e+06	1.16805e+06	481493	296001
GPRIN3	191196	263204	175792	
GPS1	1.5893e+06	1.39802e+06	1.13368e+06	833679
GPT		437280	466498	1.11327e+06
GPT2	617922	307564		
GPX1	8.75237e+06	1.03087e+07	7.5603e+06	5.48338e+06
GPX2	6.55666e+06	7.04141e+06	2.21062e+06	5.25537e+06
GPX3	2.27613e+06	3.58185e+06	4.24926e+06	761644
GPX4	2.41372e+06	2.33227e+06	2.1745e+06	818529
GPX7	739088	651143	404651	427439
GPX8	1.25363e+06	466099	625249	
GRAMD4	78109.7	144289	184391	
GRAP2	230614	369802	456179	
GRB2	5.71547e+06	7.38788e+06	8.05973e+06	3.02607e+06
GREM1	116067	31886.9	294793	
GRHPR	5.58191e+06	8.83031e+06	4.5927e+06	3.82904e+06
GRIPAP1	592684	671822	592565	615763
GRK2	1.09228e+06	863317	1.41418e+06	971997
GRK6	200616	241458	295259	
GRN	3.98211e+06	4.14869e+06	3.8422e+06	3.91784e+06
GRPEL1	4.91204e+06	4.89138e+06	1.89567e+06	3.05629e+06
GRSF1	1.83974e+06	1.09337e+06	1.15153e+06	1.39462e+06
GRTP1	119955			
GRWD1	927995	552332	525418	261062
GSDMA	268283	644896	1.29038e+06	2.15255e+06
GSDMB	241684	779501	500357	585297
GSDMD	2.46922e+06	2.74112e+06	2.40781e+06	2.64998e+06
GSDME	379777	231784	290582	
GSK3A	880026	569823	733757	
GSK3B	274904	242622	328573	
GSN	5.71253e+07	8.0644e+07	1.02708e+08	6.46848e+07
GSPT1	4.39258e+06	3.69726e+06	2.6966e+06	1.94039e+06
GSPT2	583311	624735	481348	
GSR	1.05111e+07	2.07425e+07	1.72627e+07	1.50062e+07
GSS	1.2565e+07	1.88402e+07	9.5944e+06	1.15939e+07
GSTCD	34415.6	17102.9		
GSTK1	9.84128e+06	1.93671e+07	7.05714e+06	9.78207e+06
GSTM2	651165	3.03685e+06	2.1199e+06	1.15203e+06
GSTM3	1.67031e+06	2.94836e+06	2.13687e+06	475951
GSTM5	40235.4	127175		
GSTO1	2.20745e+07	2.03822e+07	1.98621e+07	7.20194e+06
GSTP1	1.24113e+08	1.13606e+08	9.50065e+07	6.38175e+07
GSTT1	2.06888e+06	3.33575e+06	2.164e+06	3.19953e+06
GSTZ1	186517	913963	486764	
GTF2A1	759812	700520	648399	
GTF2A2	143481	323763	178255	
GTF2B	671435	690329	297326	921339
GTF2E1	466255	404715	134071	3.9178e+06
GTF2E2	68317.7	80553	35618.4	
GTF2F1	981510	590827	541490	
GTF2F2	1.08806e+06	780849	449250	879019
GTF2H1	61226.4	30973.3		
GTF2H4	40812.4	15781.9		
GTF2I	2.70242e+06	1.0081e+06	1.74747e+06	1.70806e+06
GTF3C2	662336	841904	788536	
GTF3C4	351306	228618	355284	
GTF3C5	107252	43680.6	151476	
GTPBP1	2.78427e+06	2.24072e+06	2.12664e+06	2.40165e+06
GTPBP10	352276	274472	145798	
GTPBP3	189115	269220		
GTPBP4	639651	395346	667456	
GTPBP6	128217	44795.1		
GUCY1A1	196100	142709	165233	
GUCY1B1	490212	249243	251782	
GUF1	37986.9	39024.4		
GUK1	1.16393e+06	1.4412e+06	1.06318e+06	880434
GUSB	3.76668e+06	8.85505e+06	5.9029e+06	4.56816e+06
GXYLT1	95351.2	81251.5	72191.8	
GYG1	5.43218e+06	7.06497e+06	5.80706e+06	2.29457e+06
GYS1	765511	871971	941943	518189
H1-0	4.20135e+06	2.81876e+06	2.0133e+07	3.62569e+06
H1-10	3.86331e+06	3.20097e+06	6.63212e+06	3.64529e+06
H1-2	1.67065e+06	1.69017e+06	1.04762e+07	2.34275e+06
H1-3			251462	
H1-4	1.80163e+06	2.05232e+06	1.57396e+07	3.6596e+06
H1-5	3.71447e+06	3.28704e+06	2.12844e+07	3.47744e+06
H2AC21	741836	830060	1.71764e+06	
H2AX	615532	535895	1.34283e+06	
H3-7	513070	605942	860430	
H4C1	1.58624e+07	1.88105e+07	3.25831e+07	7.29149e+06
H6PD	1.53749e+06	1.26924e+06	1.89245e+06	1.19408e+06
HAAO	742889	2.2056e+06	2.33729e+06	1.13616e+06
HABP4	160609	433804		
HACD2	300607	235844	179103	2.74224e+06
HACD3	1.03318e+06	711550	2.66794e+06	991892
HACD4	58961.9	16906.9	121850	
HACL1	1.76645e+06	1.86696e+06	683713	2.09554e+06
HADH	6.62066e+06	1.19328e+07	7.83047e+06	1.18579e+07
HADHA	2.54596e+06	1.61131e+06	7.32625e+06	1.18684e+07
HADHB	8.74153e+06	9.43194e+06	1.31066e+07	2.8233e+07
HAGH	2.5776e+06	4.69638e+06	2.81338e+06	2.02011e+06
HAL	143456	336423	835648	1.9062e+06
HAPLN1		417359	730050	571036
HAPLN3	474460	174314	257595	
HARS1	3.79269e+06	5.53872e+06	4.4011e+06	2.81386e+06
HARS2	697603	593467	682611	798750
HAT1	1.23191e+06	617904	1.05512e+06	319003
HBA1	2.00804e+09	4.0934e+09	4.41351e+08	1.05324e+09
HBB	5.26106e+09	1.00203e+10	1.95167e+09	3.3555e+09
HBD	2.50062e+08	3.97797e+08	9.23401e+07	1.13892e+08
HBG1	9.84177e+06	1.7734e+07	3.47857e+06	2.86109e+06
HBG2	2.13213e+07	3.7518e+07	3.91926e+06	6.72512e+06
HBQ1	3.35483e+06	5.48861e+06		
HBS1L	1.30434e+06	1.16085e+06	724542	
HBZ	441787	1.12513e+06	316122	
HCCS	2.13732e+06	1.53188e+06	1.34562e+06	1.20582e+06
HCFC1	2.55932e+06	1.93991e+06	2.1808e+06	1.97696e+06
HCK	864446	782821	2.1235e+06	585269
HCLS1	5.65978e+06	9.58966e+06	3.66127e+06	5.07589e+06
HDAC1	9.36419e+06	5.43262e+06	8.57008e+06	9.75077e+06
HDAC2	669507	314181	515335	802469
HDAC3	152579	82916.7	125099	
HDAC6	1.24236e+06	1.26524e+06	535994	784570
HDDC2	378947	891672	379306	1.05768e+06
HDDC3	63180.3	169897	80581.1	
HDGF	1.28532e+07	1.23849e+07	9.6906e+06	1.08776e+07
HDGFL2	1.1675e+06	852051	631800	578428
HDGFL3	722773	938612	740759	642536
HDHD2	992818	2.55228e+06	1.29771e+06	1.20599e+06
HDHD3	1.81342e+06	2.32142e+06	2.0508e+06	3.10784e+06
HDHD5	881486	370731	781065	1.73281e+06
HDLBP	5.00804e+06	5.57392e+06	5.24183e+06	4.53033e+06
HEATR1	35329.7		100768	
HEATR3	213676	148252		
HEATR5A	45510.8		57354.5	
HEBP1	4.60528e+06	3.4508e+06	3.75399e+06	3.19911e+06
HEBP2	3.49579e+06	5.13306e+06	4.16654e+06	4.39669e+06
HECTD1	221538	226524	338960	
HECTD3	641605	495978	474372	842605
HELLS	373217	251390	292426	
HELZ2	42941.9		57926.2	
HEPH	4.03229e+06	5.11497e+06	5.28522e+06	5.69574e+06
HERC4	763016	483958	922023	469384
HERPUD1	113620	444901	266155	428132
HEXA	3.19976e+06	6.26868e+06	3.67195e+06	3.13134e+06
HEXB	9.16774e+06	1.19748e+07	1.00073e+07	6.26473e+06
HEXIM1	742264	199244	1.13909e+06	696124
HGD	23400.3	879930	620141	365374
HGF	33891.9	59460.7	47822.8	
HGFAC	321649	336996	259167	
HGS	2.34852e+06	1.30524e+06	1.63505e+06	1.31948e+06
HGSNAT	221510	147990	225409	
HIBADH	1.17631e+07	1.40493e+07	6.8627e+06	8.68941e+06
HIBCH	2.07898e+06	2.4914e+06	3.93783e+06	3.8704e+06
HID1		347486	792183	1.39559e+06
HIDE1	344647	451334	792362	
HIF1AN	264872	210192	221941	
HIGD1A	1.31693e+06	945385	3.12884e+06	1.66516e+07
HIKESHI	391557	464165	263626	
HINT1	8.20738e+06	1.05431e+07	8.1391e+06	8.15254e+06
HINT2	852808	4.27836e+06	1.62169e+06	2.44404e+06
HINT3	756661	480845	780858	1.10503e+06
HIP1	492188		898936	3.0965e+06
HIP1R	173931		301268	328595
HK1	6.05656e+06	3.9109e+06	9.59772e+06	7.69318e+06
HK2	1.75934e+06	1.31134e+06	4.0529e+06	4.10384e+06
HK3	3.18851e+06	2.38234e+06	5.13222e+06	1.60301e+06
HKDC1	724448	283445		2.10085e+06
HLA-DMB	840103	1.39022e+06	1.48004e+06	569369
HLA-DPA1	1.61623e+06	2.5312e+06	2.52502e+06	612023
HLA-DQA1	504991	576950	670842	235747
HLA-DRA	9.69663e+06	1.91074e+07	1.45535e+07	6.39077e+06
HLA-F	912081	1.0784e+06	617127	1.13962e+06
HLA-G	3.63049e+06	6.15445e+06	2.67567e+06	2.26e+06
HLCS	130084	65604.1	81229.9	
HM13	3.35159e+06	2.55233e+06	3.73961e+06	2.5313e+06
HMBS	2.24857e+06	3.1226e+06	1.4996e+06	1.60083e+06
HMCES	539058	326968	167165	
HMGA1	3.38072e+06	6.20297e+06	1.68952e+06	4.73997e+06
HMGB1	1.43084e+07	1.02632e+07	9.84355e+06	4.8419e+06
HMGB2	1.43309e+07	8.94968e+06	1.8783e+07	5.27886e+06
HMGB3	3.72172e+06	2.18989e+06	2.42015e+06	1.52088e+06
HMGCL	1.73738e+06	3.19135e+06	1.67691e+06	2.86241e+06
HMGCS1	1.91219e+06	864009	1.61237e+06	949533
HMGCS2		6.825e+06	2.22395e+07	1.26208e+07
HMGN1	8.8499e+06	9.71184e+06	4.32832e+06	5.75065e+06
HMGN2	1.01903e+06	428592	1.47921e+06	
HMGN3	74752.7	141971		
HMGN4	1.40782e+06	3.31868e+06	1.09737e+06	2.31827e+06
HMGN5	170389	248785		204210
HMOX1	1.52302e+06	1.20827e+06	2.03774e+06	871931
HMOX2	1.57806e+06	1.33676e+06	1.73803e+06	1.44901e+06
HNF4A	839563	303164		
HNMT	3.48602e+06	4.12394e+06	5.79075e+06	9.04854e+06
HNRNPA0	5.66508e+06	6.55141e+06	2.24616e+06	5.49702e+06
HNRNPA1	1.52955e+07	1.60797e+07	1.57381e+07	1.35447e+07
HNRNPA2B1	4.66118e+07	4.28988e+07	4.04852e+07	1.91922e+07
HNRNPA3	2.16639e+07	2.15888e+07	2.01884e+07	9.00673e+06
HNRNPAB	1.12562e+07	1.03751e+07	9.45154e+06	6.92918e+06
HNRNPC	3.48334e+07	3.13846e+07	3.15477e+07	5.77291e+07
HNRNPD	3.73819e+07	3.83543e+07	2.82649e+07	1.7393e+07
HNRNPDL	1.12799e+07	6.99692e+06	4.95088e+06	4.40616e+06
HNRNPF	9.45056e+06	6.45853e+06	8.8509e+06	5.78423e+06
HNRNPH1	5.46846e+06	4.10682e+06	3.59133e+06	3.85524e+06
HNRNPH2	3.32547e+06	3.23947e+06	1.81703e+06	1.62769e+06
HNRNPH3	4.34421e+06	3.31438e+06	2.99363e+06	5.22441e+06
HNRNPK	3.72506e+07	3.81894e+07	2.33868e+07	2.97868e+07
HNRNPL	8.57796e+06	6.51802e+06	9.22604e+06	4.95994e+06
HNRNPLL	931790	441720	813788	838933
HNRNPM	7.96885e+06	5.46025e+06	8.56897e+06	1.46321e+07
HNRNPR	9.87269e+06	5.58252e+06	7.72736e+06	4.90741e+06
HNRNPU	4.42952e+07	3.00029e+07	2.89617e+07	2.68272e+07
HNRNPUL1	3.95932e+06	3.58491e+06	3.25736e+06	2.30501e+06
HNRNPUL2	7.71845e+06	4.84702e+06	6.8436e+06	3.84525e+06
HOOK1	342462	295537	295446	693828
HOOK3	855445	393086	582028	
HP	6.59384e+07	7.0223e+07	5.81697e+07	6.44968e+07
HP1BP3	1.18359e+06	873674	2.11558e+06	1.48271e+06
HPCAL1	1.58141e+06	4.38225e+06	4.38228e+06	1.74461e+06
HPDL	212662			
HPF1	532063	299866	244883	
HPGD	554865	1.18778e+06	1.46525e+06	1.1664e+06
HPGDS	341268	958917	353749	554131
HPR	1.25974e+06	1.43485e+06	796406	942958
HPRT1	4.99172e+06	4.2095e+06	3.00723e+06	2.01952e+06
HPS6	94939.4		122306	
HPX	4.62766e+07	5.67429e+07	4.74328e+07	3.10289e+07
HRAS	527219	523556	299094	
HRG	3.64783e+06	4.02262e+06	6.22279e+06	4.31657e+06
HRNR	3.93214e+06	8.7474e+06	8.36376e+06	2.55623e+07
HS1BP3	1.30313e+06	1.31047e+06	979112	902735
HS2ST1	446510	310839	669692	
HSD11B1	360279	103458	832842	
HSD11B2	432934	224758	1.85109e+06	2.57314e+06
HSD17B10	1.80629e+07	2.6579e+07	1.32701e+07	1.42416e+07
HSD17B11	1.02622e+06	743604	3.04092e+06	2.00279e+06
HSD17B12	4.54086e+06	4.71194e+06	2.95824e+06	4.54529e+06
HSD17B2	539541	834807	1.11722e+06	1.52895e+06
HSD17B4	6.26215e+06	9.25253e+06	1.33179e+07	1.08782e+07
HSD17B6	151950	271956	206207	
HSD17B7	280716	184811	375907	
HSD17B8	630319	1.42435e+06	984928	2.13745e+06
HSDL1	142210	88163.9	245058	
HSDL2	3.84528e+06	3.13059e+06	3.98116e+06	4.46666e+06
HSF1	195204	77788.5	124276	
HSP90AA1	2.09114e+07	1.49655e+07	2.88944e+07	1.81143e+07
HSP90AB1	4.77581e+07	2.3342e+07	3.73309e+07	3.08855e+07
HSP90B1	7.69645e+07	2.67058e+08	1.36436e+08	1.7186e+08
HSPA12A	1.01037e+06	547351	521829	
HSPA12B	254445	126974	87560.3	
HSPA13	853178	2.50978e+06	1.67154e+06	580219
HSPA14	1.23436e+06	760525	450086	446498
HSPA1A	2.30151e+07	2.24509e+07	4.32448e+07	2.16822e+07
HSPA2	2.75744e+06	3.41098e+06	4.98854e+06	4.18795e+06
HSPA4	5.48719e+06	5.25716e+06	4.91495e+06	3.96989e+06
HSPA4L	953796	1.46483e+06	1.61519e+06	836544
HSPA5	6.17734e+07	1.62705e+08	1.19796e+08	1.02488e+08
HSPA8	8.83247e+07	6.79357e+07	8.97791e+07	5.18e+07
HSPA9	2.65429e+07	2.67185e+07	3.07485e+07	2.44623e+07
HSPB1	5.36929e+07	6.32518e+07	5.3917e+07	3.64246e+07
HSPB6	76636.4	846171	578578	703644
HSPB7	397739	852566	365882	
HSPBP1	1.20339e+06	633552	564876	603476
HSPD1	6.62556e+07	7.97421e+07	7.89391e+06	5.81796e+07
HSPE1	1.23766e+08	1.57038e+08	7.78734e+07	1.34464e+08
HSPG2	3.57938e+06	2.66904e+06	3.35033e+06	1.41246e+06
HSPH1	1.22303e+07	6.13122e+06	4.8658e+06	3.55869e+06
HTATIP2	4.01947e+06	4.10466e+06	4.53016e+06	4.56198e+06
HTATSF1	1.06497e+06	770074	513230	395494
HTRA1	623504	414864	264053	
HTRA2	6.69943e+06	5.72016e+06	6.27984e+06	6.54155e+06
HTT	162141	44786.4	180859	
HUS1		79329.5		
HUWE1	9.62487e+06	5.84514e+06	8.89881e+06	9.77137e+06
HVCN1	1.56215e+06	1.81977e+06	2.50333e+06	1.15532e+06
HYI	511028	1.26114e+06	1.24633e+06	721476
HYOU1	1.00304e+07	2.19094e+07	6.75517e+06	1.20594e+07
HYPK	309060	672217	373980	
IAH1	2.30905e+06	1.93934e+06	1.87552e+06	1.86474e+06
IARS1	2.7883e+07	1.48751e+07	2.00714e+07	1.62077e+07
IARS2	4.734e+06	2.32942e+06	4.94305e+06	9.96248e+06
IBA57	591819	994883	1.07583e+06	836677
ICA1	128015	167944	176433	
ICAM1	4.03814e+06	4.92444e+06	4.8822e+06	1.91411e+06
ICAM2	679526	1.4234e+06	580415	188889
ICAM3	1.0936e+06	2.31535e+06	2.93618e+06	807685
ICMT	148292	19702.6	33367.7	
ICOSLG	222433	238238	130110	
ID1	100861	30288.3		
IDE	2.12718e+06	2.23409e+06	2.46988e+06	1.43663e+06
IDH1	1.68294e+07	2.12464e+07	1.62249e+07	1.50919e+07
IDH2	1.4138e+07	4.60183e+07	2.14759e+07	1.36433e+07
IDH3A	4.2174e+06	1.14405e+07	728247	7.20348e+06
IDH3B	1.70656e+06	3.18506e+06	2.07223e+06	2.25353e+06
IDH3G	2.79969e+06	4.84452e+06	3.31706e+06	2.07043e+06
IDI1	1.8723e+06	1.25326e+06	1.26736e+06	633604
IDNK	40647.5	170888		
IDO1	588375	793734	885796	
IDS	68014.8	148630	106745	
IDUA	901679	1.54746e+06	815580	1.16957e+06
IER3IP1			562269	
IFI16	3.01061e+06	2.04699e+06	4.1612e+06	1.87111e+06
IFI27	1.22597e+06	1.33102e+06	1.56276e+06	
IFI30	5.24239e+06	1.54784e+07	4.51524e+06	2.67372e+06
IFI35	1.26286e+06	1.18754e+06	1.33795e+06	1.04378e+06
IFI44	54929.5		54809.8	
IFIH1	87735.2	68799.7	130956	
IFIT1	285457	196842	358810	
IFIT2	283291	232996	492602	
IFIT3	838484	789991	895322	348490
IFIT5	429169	371076	334374	414125
IFITM3	380627	456096		
IFNGR1	326543	308409	336209	
IFRD2	130761	41766.3		
IFT25	813727	1.11313e+06	549267	
IFT27	1.04953e+06	1.30284e+06	650227	890639
IGBP1	1.22396e+06	1.25782e+06	546075	855023
IGF1R	104373		53428.1	
IGF2	279354	171931	54801.4	
IGF2BP2	2.0708e+06	891975	721748	1.11052e+06
IGF2R	3.45988e+06	2.75757e+06	3.51575e+06	1.57779e+06
IGFALS	730797	992975	686971	985626
IGFBP2	1.07268e+06	1.91026e+06	1.74816e+06	8.43563e+06
IGFBP3	377353	191075	205772	
IGFBP4	696473	809828	347045	624073
IGFBP5	2.73654e+06	1.50454e+06	953623	
IGFBP7	4.67427e+06	2.95369e+06	1.9509e+06	981848
IGHA1	3.53146e+07	2.24374e+08	1.44156e+08	2.59493e+08
IGHA2	2.50879e+06	3.60743e+07	5.49047e+07	2.02353e+08
IGHD	832641	496580		
IGHG1	2.78774e+08	4.24818e+08	3.43552e+08	2.89041e+08
IGHG2	2.89635e+07	3.96852e+07	2.97205e+07	4.0436e+07
IGHG3	2.14503e+07	5.71012e+07	3.46001e+07	5.20138e+07
IGHG4	944995	682907	604294	
IGHM	1.06591e+07	5.46779e+07	2.59512e+07	3.66107e+07
IGHV1-18	294614	431824	395574	
IGHV1-2	1.05039e+06	961912	1.15223e+06	1.91426e+06
IGHV1-3	314879	614866	554495	348968
IGHV1-45	1.2686e+06	1.21028e+06	1.09503e+06	459742
IGHV1-46	427760	471480	752007	
IGHV1-69	1.23362e+06	2.25029e+06	1.88137e+06	675768
IGHV2-70D	6.41532e+06	8.24211e+06	8.28282e+06	7.01667e+06
IGHV3-13	284562	274954	325679	120761
IGHV3-35	892277	1.23158e+06	1.19655e+06	727364
IGHV3-38	518191	572421	523950	
IGHV3-38-3	68993.8	148689	78948.4	
IGHV3-43	290629	8.16188e+06	800165	518113
IGHV3-49	1.47912e+06	2.37829e+06	3.2046e+06	493649
IGHV3-64D	650024	802803	1.07203e+06	455986
IGHV3-7	2.81777e+06	1.35526e+07	5.27099e+06	5.00678e+06
IGHV3-72	933081	2.07554e+06	1.39258e+06	1.43819e+06
IGHV3-74	1.61857e+06	2.99637e+06	3.76803e+06	4.47367e+06
IGHV4-28	381674	2.80017e+06	1.21133e+06	850197
IGHV4-4	172756	333033	287518	
IGHV5-10-1	1.53056e+06	3.27809e+06	2.16035e+06	2.00451e+06
IGHV5-51	1.50698e+06	2.70863e+06	1.40247e+06	5.24774e+06
IGHV6-1	1.05414e+06	2.59534e+06	2.69737e+06	6.78077e+06
IGKC	8.71232e+07	2.12825e+08	1.40956e+08	1.64169e+08
IGKV1-16	282290	439278	451353	303745
IGKV1-17	439860	563065	607586	189759
IGKV1-27	117919		3.25531e+06	
IGKV1-5	1.79243e+06	2.55115e+06	2.83421e+06	
IGKV1D-33	1.1841e+06	1.79828e+06	1.27978e+06	1.96616e+06
IGKV2-30			856748	5.80444e+06
IGKV2D-40	919407	1.07799e+06	683730	
IGKV3-11		1.06496e+06		
IGKV3-20	1.53969e+07	3.41905e+07	3.19565e+07	2.8832e+07
IGKV3D-15	732927		1.31467e+06	2.81449e+06
IGKV3D-20	1.7374e+06	2.04449e+06	2.99776e+06	4.35891e+06
IGKV4-1	6.19043e+06	1.63299e+07	1.67744e+07	1.46687e+07
IGKV6-21	845160	995664	917822	363926
IGLC3		106623		
IGLC7	491516	851165	639018	3.33382e+06
IGLL5	1.67453e+07	3.85612e+07	3.49018e+07	4.61801e+07
IGLV1-40	374550	473609	350791	400492
IGLV1-47	8.62547e+06	1.22034e+07	1.19713e+07	1.87113e+07
IGLV1-51	2.10913e+06	3.06188e+06	3.70031e+06	3.22683e+06
IGLV10-54		8.18455e+06	1.26749e+06	1.40967e+06
IGLV2-11	159805	2.23795e+06	1.43968e+06	125605
IGLV2-14	102408		785866	516573
IGLV2-8	450435	1.30062e+06	2.18153e+06	3.39464e+06
IGLV3-10	356014	481628	577781	724648
IGLV3-19	1.37865e+06	1.65626e+06	1.85349e+06	1.64463e+06
IGLV3-21	288346	717082	583505	
IGLV3-9	408255	417343	693738	
IGLV4-60	258307	233785	226907	
IGLV4-69	224801	1.046e+06	997170	
IGLV6-57	277174	702158	538746	841700
IGLV7-43			455715	320645
IGLV7-46	1.10549e+06	1.30679e+06	1.14888e+06	3.13072e+06
IGLV8-61	655087	704924	774894	792707
IGLV9-49	1.15907e+06	1.42601e+06	1.0435e+06	
IGSF8	642353	701628	489514	955652
IK	231985	112128	387315	
IKBIP	4.18067e+06	2.36962e+06	4.05496e+06	769893
IKBKB	137890	92453.2	215578	
IKBKG	1.06075e+06	796357	1.43029e+06	
IL16	1.42499e+06	2.6609e+06	2.00457e+06	2.24238e+06
IL18	4.02805e+06	4.99012e+06	4.00465e+06	4.0406e+06
IL1B			522963	
IL1R2			286051	
IL1RAP	193629	145166	178317	
IL1RN	322182	1.10771e+06	1.32782e+06	857738
IL2RG			507268	
IL36G	17017.2			332291
IL3RA	134128	176536	181457	
IL4I1	1.30149e+06	1.48589e+06	1.11788e+06	1.60883e+06
ILF2	1.02134e+07	8.84079e+06	1.05816e+07	3.1006e+06
ILF3	7.67461e+06	3.38954e+06	9.58074e+06	5.48841e+06
ILK	4.63048e+06	2.5577e+06	4.11732e+06	4.29667e+06
ILKAP	3.52602e+06	2.45263e+06	1.465e+06	1.7411e+06
ILVBL	715966	512228	837365	1.27035e+06
IMMT	287862	708828	1.87813e+06	3.02678e+06
IMPA1	3.19809e+06	7.74505e+06	4.25344e+06	4.44017e+06
IMPA2	918688	1.02052e+06	749692	726655
IMPACT	179413	213844	327417	106406
IMPDH1	1.77525e+06	924859	942967	256202
IMPDH2	6.72245e+06	4.36189e+06	3.62473e+06	5.18195e+06
IMUP	802305	618205	463038	
INF2	644031	364104	770447	1.08506e+06
INPP1	412208	722439	715382	170743
INPP4A	155056	126424		
INPP4B	129362	56544.9		
INPP5A	133729	165191	97481.2	
INPP5D	851227	599046	716514	643890
INPP5K	214112	222147	343565	
INPPL1	446581	317182	333914	
INSR	300595	144446	390980	294332
INTS11	190568	38634	237460	
INTS12	195451	134649	153705	
INTS13	183190	79182.3	225028	
INTS3	365800		404919	
INTS9	248694		1.03731e+06	
IP6K1	82913.6	78023.5	99209.4	
IPO11	104192	53415.3		
IPO4	550571	557258	320122	258835
IPO5	1.31208e+06	894211	241876	716282
IPO7	4.08237e+06	1.77332e+06	1.76277e+06	901705
IPO8	1.10212e+06	1.29809e+06	1.37486e+06	2.07189e+06
IPO9	1.11561e+06	931749	802195	1.01762e+06
IQGAP1	7.61828e+06	5.84936e+06	1.29441e+07	1.04204e+07
IQGAP2	1.34785e+06	1.68178e+06	2.92742e+06	3.19423e+06
IQSEC2	122645	68520.4		
IRAG1	178278	77675	240042	168816
IRAK4	646714	500616	284958	574247
IREB2	875844	771972	916498	499574
IRF2BP1	8.32004e+06	6.51887e+06	3.13471e+06	
IRF2BP2	1.50969e+06	832243	295759	1.04647e+06
IRF2BPL	244825	151065	196512	
IRF3	824875	648472	421746	
IRF4		536769	285376	375779
IRF5	117514	127690	142626	
IRF6	213208	205476	326150	
IRF8	167292	54002	153021	
IRF9	425038	512591		474573
IRGQ	2.13901e+06	2.12306e+06	1.3548e+06	2.4918e+06
ISCA1	378000	325546	205744	
ISCA2	338321	739812	310508	394836
ISCU	1.10521e+06	1.32214e+06	726652	1.02128e+06
ISG15	2.97583e+06	3.09328e+06	3.9892e+06	596541
ISG20	558799	1.08571e+06	1.03247e+06	609467
ISLR	4.38258e+06	3.00604e+06	2.05247e+06	4.45171e+06
ISOC1	2.92854e+06	5.10016e+06	4.11242e+06	2.91452e+06
ISOC2	252641	583499	320780	2.20281e+06
IST1	2.0115e+06	2.25367e+06	913795	2.51229e+06
ISY1	108693	123427	378044	
ISYNA1	1.25955e+06	2.40061e+06	1.87399e+06	469102
ITCH	348839	302912	378817	
ITFG1	1.70867e+06	1.89536e+06	1.05371e+06	1.2829e+06
ITGA1	7.85409e+06	8.15331e+06	6.01865e+06	3.38353e+06
ITGA11	1.31839e+06	379191	279314	
ITGA2	4.62519e+06	4.97006e+06	3.61751e+06	2.41879e+06
ITGA2B	906120	2.79311e+06	1.63254e+06	1.09566e+06
ITGA3	693638	1.65954e+06	2.17898e+06	1.59376e+06
ITGA4	1.53957e+06	2.38225e+06	1.24061e+06	974764
ITGA5	3.33822e+06	2.94851e+06	3.42492e+06	951815
ITGA6	5.26906e+06	6.70376e+06	6.80009e+06	6.34193e+06
ITGA7	293190	634244	844180	1.12824e+06
ITGA9	165605	302377	297085	
ITGAL	794228	806851	1.14913e+06	231086
ITGAM	1.2506e+07	8.85747e+06	3.06597e+07	3.25095e+06
ITGAV	5.50606e+06	4.67014e+06	3.19835e+06	2.26025e+06
ITGAX	958480	1.01642e+06	1.54224e+06	213424
ITGB1	1.56567e+07	1.55016e+07	1.37358e+07	1.1345e+07
ITGB2	7.12426e+06	5.51982e+06	1.34952e+07	3.16438e+06
ITGB3	1.22334e+06	2.55553e+06	1.7555e+06	1.25812e+06
ITGB4	3.15767e+06	3.19642e+06	3.82319e+06	4.02712e+06
ITGB5	5.3841e+06	2.74356e+06	2.6264e+06	1.10149e+06
ITGB6	783982	1.33791e+06	743876	
ITGB7	91394.5	205565		
ITIH1	5.62328e+06	5.78331e+06	5.23985e+06	4.37926e+06
ITIH2	8.6255e+06	1.02219e+07	7.21387e+06	7.32518e+06
ITIH3	1.40321e+06	1.70848e+06	1.38883e+06	1.82509e+06
ITIH4	8.6054e+06	1.00973e+07	9.01003e+06	8.9552e+06
ITIH5	287486	335064	660385	
ITLN1	362983	1.77052e+07	1.1934e+07	5.78398e+07
ITM2B	172533	259062	257631	
ITM2C	31536.9	349145	292628	545340
ITPA	2.53331e+06	3.07677e+06	683273	3.49607e+06
ITPK1	458123	227771	64890.3	
ITPKA	169142		74015.1	237452
ITPR1			262466	
ITPR2	211008	122658	497600	
ITPR3	504644		549598	2.6849e+06
ITSN1	1.30594e+06	1.21657e+06	1.07136e+06	1.04843e+06
ITSN2	339894	240641	507864	
IVD	3.30816e+06	7.10551e+06	4.42715e+06	6.44407e+06
IVL			98847.5	
IVNS1ABP	198360	150292	330775	
IWS1	995951	1.1048e+06	964360	323909
JAGN1	397603	364430	685081	781417
JAK1	280705	164456	355852	
JAM2	229474	240391	293274	
JAM3	148076	151937	86950.2	
JAML	182195	238748	382212	
JCHAIN	5.14698e+06	4.80146e+07	3.14516e+07	9.42308e+07
JMJD6	1.17021e+06	798850	628704	
JPT1	957513	1.65521e+06	445814	3.10257e+06
JPT2	3.1792e+06	2.19311e+06	718325	4.96781e+06
JTB	1.15525e+06	872457	916029	1.8081e+06
JUP	3.77647e+06	4.26396e+06	5.42884e+06	1.20231e+07
KANK2	1.64216e+06	784187	1.84601e+06	982309
KARS1	5.7768e+06	4.07428e+06	3.3898e+06	3.05117e+06
KAT8	117608	188768		
KBTBD11	373160	283808	581365	333911
KCMF1	78918.2			
KCNA3		113562	77609.1	
KCNAB2	1.70055e+06	2.88435e+06	3.24451e+06	
KCNN4	24670.6			
KCTD12	4.04416e+06	4.8619e+06	3.61708e+06	6.20302e+06
KCTD5	308778	151343	191280	
KDELR1	332646	548969	1.04118e+06	
KDELR2	79515	75766.1	386567	
KDELR3	153941	121734	1.69046e+06	
KDM1A	929320	522551	812878	
KDM2A	433425	285127	402047	
KDM3B	284159	88209.7	232104	65438.6
KDM8	240994	252864		
KDSR	565037	261582	458633	591511
KEAP1	169230	137318	189130	
KHDRBS1	5.68445e+06	4.1596e+06	3.17127e+06	7.20853e+06
KHDRBS3	1.55325e+06	704011	294210	
KHK	630384	634380	212618	
KHSRP	1.24215e+07	9.98837e+06	3.38012e+06	9.54847e+06
KIAA0319L	288164	412867	309975	
KIAA0513		175517		
KIAA0930	354500	318192	322997	
KIAA1143	589280	463791		357915
KIAA1191	93654.8	109724		
KIAA1217	666566	295819	350845	483826
KIAA1522	495839	451946	520022	1.06661e+06
KIAA1671	235202	147419		
KIAA2013	660247	536395	1.0504e+06	803607
KIF13A	214168	224609	116906	227557
KIF13B	1.65186e+06	1.85539e+06	1.64355e+06	3.02812e+06
KIF15			93410.5	
KIF16B	341042	213214	217921	
KIF1B	262780	192245	280086	
KIF1C	211492	103376	172473	
KIF22	111107	12689.6	195954	
KIF2A	608538	364336	370413	
KIF2C	117276	42363.2		
KIF3A	134682	77895.8		
KIF3B	98929.3	41765.2		
KIF4A	122598			
KIF5B	3.86709e+06	1.99633e+06	3.74421e+06	2.63349e+06
KIFAP3	235347		167993	
KIFBP	225968	145186	166045	
KIFC1	180128			
KIN	235046	132023	235782	
KIRREL1	182270	71374.4	84502.5	
KITLG	111908	123438	146349	
KLC1	1.02561e+06	623539	585638	1.04173e+06
KLC2	692406	121473	249377	
KLC4	831396	634887	764794	2.36079e+06
KLHDC4	176593	173121	132252	
KLK1		537756	349906	2.99664e+06
KLK10	316937	352487	282014	752976
KLK6	167814	134374	114378	
KLK7			134268	
KLKB1	977392	1.17603e+06	1.01838e+06	706581
KNG1	9.0193e+06	1.15559e+07	9.0809e+06	9.86819e+06
KNOP1				127088
KPLCE	2.43681e+06	3.71174e+06	3.2564e+06	1.80522e+07
KPNA1	299224	137053	270179	186443
KPNA2	1.10771e+06	670748	272236	536799
KPNA3	1.24294e+06	502031	565376	428691
KPNA4	325756	205926	262825	1.04484e+06
KPNA6	723512	382118	494120	353937
KPNB1	4.97486e+06	4.74654e+06	1.95035e+06	4.73418e+06
KPRP	679762	1.58751e+06	1.78963e+06	3.96818e+06
KRAS	605111	802095	700144	429898
KRT1	1.26781e+08	3.9078e+08	4.30279e+08	1.82092e+09
KRT10	4.61983e+07	1.45776e+08	1.68985e+08	5.31923e+08
KRT13		858807	1.02837e+06	
KRT14	5.66452e+06	1.64584e+07	1.58154e+07	5.92466e+07
KRT15	1.82157e+06	2.65627e+06	6.74003e+06	3.30391e+06
KRT16	3.5057e+06	1.02653e+07	6.38291e+06	2.00207e+07
KRT17	652439	1.53844e+06	2.17124e+06	4.22745e+06
KRT18	8.67947e+06	2.41591e+07	5.20923e+07	1.04787e+07
KRT19	4.05242e+06	1.55424e+07	4.15428e+07	5.0616e+06
KRT2	3.88944e+07	9.21452e+07	9.73763e+07	3.27912e+08
KRT20	2.07643e+06	2.79591e+06	5.57548e+06	1.13041e+06
KRT23	268796	439192	691384	1.67272e+06
KRT27		96321		
KRT31	325940	183911		
KRT34	430560	209584		295522
KRT38			1.14102e+07	1.43956e+06
KRT4		603473	472725	884547
KRT5	8.98742e+06	2.37223e+07	3.27057e+07	1.13549e+08
KRT6A	1.44066e+06	7.49301e+06	1.08222e+07	2.00517e+07
KRT6B	823649	2.13605e+06	1.98378e+06	3.66479e+06
KRT7		217420	565304	
KRT71		275906		
KRT76				1.15028e+06
KRT77	1.09156e+06	1.8489e+06	3.54471e+06	9.52977e+06
KRT78	602218	1.53456e+06	2.04884e+06	6.57967e+06
KRT8	1.58277e+07	4.73142e+07	5.42817e+07	2.52633e+07
KRT80	631556	1.23248e+06	1.80712e+06	4.52023e+06
KRT85	48867			
KRT9	5.5486e+07	1.49978e+08	8.39834e+07	6.19969e+08
KRTCAP2	1.61151e+06	3.11667e+06		1.51118e+06
KRTCAP3	147239	187366		412427
KTN1	8.48682e+06	5.5582e+06	1.39839e+07	1.03264e+07
KYAT1	204110	208094		
KYAT3	492388	480716	542065	994725
KYNU	189015	200331	430470	
L1CAM		135591	284892	
L2HGDH	1.46771e+06	1.98362e+06	1.20518e+06	1.90212e+06
L3HYPDH	651252	300311	275304	
LACC1	165329	210837	96408.3	
LACRT		287434	103327	
LACTB	686814	440656	1.95095e+06	611708
LACTB2	1.83563e+06	2.22556e+06	1.37576e+06	840809
LAD1	4.20074e+06	2.35848e+06	1.10853e+06	3.13803e+06
LAGE3	729874	340909		
LAIR1	157675	302435		
LAMA2	1.2205e+06	1.03871e+06	717333	759570
LAMA3	163864	195555	111977	
LAMA4	1.87837e+06	1.50551e+06	1.46289e+06	757967
LAMA5	881513	1.03782e+06	1.49662e+06	
LAMB1	1.59375e+07	1.26341e+07	1.12087e+07	6.65498e+06
LAMB2	508205	530318	692100	
LAMB3	1.45051e+06	1.13806e+06	1.04899e+06	
LAMC1	3.83811e+06	3.17679e+06	3.14721e+06	1.73475e+06
LAMC2	144106	95536.5	111122	
LAMP1	1.87919e+07	2.024e+07	1.68227e+07	8.73496e+06
LAMP2	1.49108e+07	2.32999e+07	1.35849e+07	6.78755e+06
LAMTOR1	433874	1.49461e+06	1.19701e+06	1.42585e+06
LAMTOR2	1.7662e+06	2.24598e+06	1.99238e+06	1.51652e+06
LAMTOR3	2.36546e+06	3.72867e+06	2.99401e+06	1.31144e+06
LAMTOR4	1.72866e+06	2.26471e+06	2.21463e+06	2.83685e+06
LANCL1	2.45549e+06	3.42067e+06	2.53306e+06	1.83721e+06
LANCL2	584854	699395	639563	485947
LAP3	2.28664e+07	3.5931e+07	2.10094e+07	1.49557e+07
LARP1	1.07096e+06	902888	634281	1.19125e+06
LARP1B		24941		
LARP4	158093	140450	26273	
LARP4B	449762	305620	310709	448893
LARP7	642537	548624	500212	788724
LARS1	2.5501e+06	1.68993e+06	1.8659e+06	1.82244e+06
LARS2	1.31053e+06	898202	1.19545e+06	1.51583e+06
LASP1	3.45403e+07	3.23266e+07	1.7067e+07	3.10272e+07
LAX1		283892		
LBP	453061	539616	460528	
LBR	2.55845e+06	1.05739e+06	5.33629e+06	2.20296e+06
LCAT	107774	191360	139658	
LCK	34854			
LCLAT1	253054	108629	621077	489066
LCMT1	681218	704656	418677	429240
LCN1	845261	1.80588e+06	1.11945e+06	2.34918e+06
LCN2	1.26783e+07	1.40425e+07	2.82904e+07	6.71107e+06
LCP1	2.95043e+07	3.53042e+07	6.44031e+07	1.65373e+07
LCP2	1.42088e+06	1.27474e+06	1.48874e+06	1.33739e+06
LDAH	282543	159452	533224	
LDB3	37620.2	168507	309276	
LDHA	1.11803e+08	7.90259e+07	4.88861e+07	7.76195e+07
LDHB	3.27046e+07	4.53632e+07	1.18213e+07	3.42267e+07
LDHD		144386	182946	238328
LDLR	229885	198948		
LDLRAP1	94163.1	100131	46621.2	
LEMD2	1.19692e+06	731063	1.334e+06	811981
LEMD3	492565	166316	765028	365915
LEO1	330128	367794	538754	
LEPROT	158589	95595.1	84711.8	
LETM1	2.44148e+06	2.33997e+06	2.90153e+06	2.4647e+06
LGALS1	6.13555e+07	6.32631e+07	3.33114e+07	2.92666e+07
LGALS2	1.88524e+06	229352	219696	777217
LGALS3	4.81996e+07	8.67909e+07	9.85562e+07	6.83288e+07
LGALS3BP	9.07895e+06	1.02716e+07	8.22033e+06	9.49733e+06
LGALS4	2.24565e+07	8.41859e+07	8.62202e+07	5.40268e+07
LGALS7	1.17236e+06	3.87198e+06	7.69124e+06	1.04207e+07
LGALS8	340706	358248	263080	
LGALS9	2.38232e+06	3.52577e+06	3.14838e+06	2.44413e+06
LGALSL	318395	695364	523837	265593
LGMN	4.99825e+06	7.70093e+06	2.88447e+06	4.32179e+06
LHFPL2	373892	231847	250154	
LHPP	2.17484e+06	3.82526e+06	3.02285e+06	2.82027e+06
LIAS			350396	
LIG1	531720	247947	312480	
LIG3	366577	179470	330851	
LIG4	25974.6			
LILRA3	45715.9		135764	
LILRA6	256676	259099	438392	
LILRB1	31189.6	99582.8	72705.8	
LILRB2	145907	187080	444595	
LILRB4	40251.5	55417.2	68180.2	
LILRB5		24060.6	258153	
LIMA1	1.59388e+06	2.25172e+06	2.36831e+06	6.1356e+06
LIMD1	219939	270210		402035
LIMD2	339410	441873	296119	
LIME1		283868		
LIMK1	161490	115823	58992.4	
LIMK2				284326
LIMS1	3.06804e+06	1.68875e+06	2.41311e+06	1.85639e+06
LIMS2	85266.3	94564.3	181309	
LIN7C	3.44592e+06	3.07513e+06	3.59722e+06	4.23565e+06
LIN9	60686.2			
LIPA	1.12638e+06	2.28722e+06	1.70781e+06	917399
LIPH	42458	62637.4	62881.3	
LITAF	3.09699e+06	3.00356e+06	5.22378e+06	2.57264e+06
LLGL1	136604		148448	
LLGL2	1.16347e+06	1.01325e+06	1.66361e+06	1.32069e+06
LMAN1	5.17981e+06	1.50219e+07	1.48729e+07	1.70134e+07
LMAN2	1.03051e+07	1.88245e+07	1.65403e+07	7.76023e+06
LMAN2L	680706	774137	590263	433099
LMBRD1	241690	294842	319677	
LMCD1	2.52064e+06	1.11051e+06	962257	648407
LMF1			152624	
LMF2	830922	925734	1.04119e+06	2.06657e+06
LMNA	1.06996e+07	9.27774e+06	2.81316e+07	8.17024e+06
LMNB1	3.54156e+06	4.35622e+06	9.1139e+06	4.99877e+06
LMNB2	1.98316e+06	2.00014e+06	4.92467e+06	2.17109e+06
LMO7	5.83571e+06	2.53037e+06	1.52323e+06	2.0056e+06
LMOD1	1.49747e+06	2.02598e+06	2.08635e+06	1.52176e+06
LNPEP	1.51208e+06	1.63009e+06	1.3322e+06	776951
LNPK	1.31073e+06	819675	1.64869e+06	2.22007e+06
LONP1	1.43725e+06	457754	1.39114e+06	2.27289e+06
LONP2	30043.5		29552.3	
LORICRIN	199252	757187	1.52081e+06	2.91132e+06
LOXL2	446395	120281	180914	
LPA	1.45796e+06	1.26833e+06	1.6818e+06	1.10825e+06
LPAR1	189732	443488	328395	
LPAR2	38037.3	21614.2		
LPCAT1	145189			
LPCAT2	1.1545e+06	613379	2.14629e+06	2.09603e+06
LPCAT3	385523	161248	1.55798e+06	599262
LPCAT4	568326	725382	299985	199237
LPGAT1	360961		984214	626092
LPP	7.33266e+06	8.42393e+06	2.87299e+06	9.54967e+06
LPXN	434549	784137	616934	1.17168e+06
LRATD1	826111	1.0682e+06	928527	2.06173e+06
LRATD2	392830	473156	493538	522278
LRBA	5.41755e+06	3.53107e+06	6.74775e+06	7.83303e+06
LRCH1	163833	32937.3	150191	
LRCH4	561218	330591	648346	1.42653e+06
LRG1	941269	2.50455e+06	1.49473e+06	1.97109e+06
LRP1	4.60809e+06	3.6668e+06	3.82441e+06	3.01054e+06
LRPAP1	2.83161e+06	3.19492e+06	2.78542e+06	1.9577e+06
LRPPRC	3.98523e+06	717077	3.823e+06	7.34253e+06
LRRC1	930601	1.14768e+06	532011	569482
LRRC15	1.73852e+06	722537	212242	
LRRC20	291082	422457	211432	
LRRC25	254724	662727	568905	
LRRC32	158975	69865		
LRRC40	292526	188356	279065	154924
LRRC47	1.44477e+06	1.4884e+06	775367	1.33326e+06
LRRC57	296237	262109	400482	723752
LRRC59	1.14442e+07	1.20914e+07	5.6146e+06	6.94042e+06
LRRC8A	122238	25227.8	125929	
LRRFIP1	1.28795e+06	1.02911e+06	735995	1.67755e+06
LRRFIP2	420356	391344	255948	812028
LRRK1	4.16463e+06	3.44996e+06	3.6059e+06	1.61949e+06
LRSAM1	445724	314107	384209	
LRWD1	312481	90040.4	111435	
LSAMP	849341	699989	434049	
LSG1	665315	476503	427451	695229
LSM1	793724	1.28782e+06	957952	540765
LSM12	1.42306e+06	1.09194e+06	1.01585e+06	731843
LSM14A	630128	643448	215045	664672
LSM14B	714348	432851		389000
LSM2	2.9285e+06	4.02633e+06	2.65693e+06	3.24834e+06
LSM3	617842	1.27626e+06	865656	359335
LSM4	2.28521e+06	2.18281e+06	1.30407e+06	1.04847e+06
LSM6	5.11036e+06	7.16691e+06	5.00867e+06	4.80628e+06
LSM7	7.54827e+06	9.38168e+06	5.04605e+06	6.1678e+06
LSM8	4.33616e+06	5.7871e+06	3.86123e+06	2.36133e+06
LSP1	3.06758e+06	5.7774e+06	4.35971e+06	2.99385e+06
LSR	941567	1.73065e+06	901728	5.33534e+06
LSS	1.06284e+06	234266	1.47522e+06	750441
LTA4H	4.86601e+06	5.86671e+06	6.34401e+06	4.74283e+06
LTB4R	256522		165156	
LTBP1	433031	230089	139978	
LTBP2	2.69258e+06	1.60304e+06	566594	1.03602e+06
LTBP4	737481	1.10698e+06	1.0232e+06	790534
LTC4S	683188	974144	993093	
LTF	5.00133e+07	1.39327e+07	8.8202e+07	5.20558e+06
LTN1	418714		528399	
LUC7L	295291	241899	255316	62471.3
LUC7L2	2.10339e+06	1.68851e+06	1.74047e+06	1.39147e+06
LUC7L3	984386	756574	842863	440748
LUM	1.73651e+07	1.55244e+07	2.16796e+07	1.07442e+07
LUZP1	370582	171349	407375	
LXN	5.43066e+06	3.25841e+06	2.94836e+06	2.45248e+06
LY6D		527473	501324	438756
LY75	1.4931e+06	2.01924e+06	1.43858e+06	1.51008e+06
LYAR	696169	296461	973706	
LYN	1.30054e+06	1.06642e+06	2.13286e+06	450155
LYPLA1	6.08735e+06	6.96441e+06	2.26877e+06	4.71738e+06
LYPLA2	3.41726e+06	6.38267e+06	2.18386e+06	3.66596e+06
LYPLAL1	759044	1.13182e+06	809004	366467
LYRM2	449641	607977	482565	339184
LYRM4	1.30039e+06	1.5718e+06	1.1137e+06	853820
LYRM7	1.0342e+06	1.23688e+06	571957	661601
LYSMD1	40018.1			
LYSMD2	830701	1.15073e+06	611494	1.18619e+06
LYSMD3		141075	105826	
LYVE1	75459.6	105063	68782.6	
LYZ	1.10754e+08	8.3356e+07	3.30857e+08	4.12878e+07
LZIC	1.21251e+06	3.1964e+06	499067	1.64288e+06
LZTFL1	503937	456478	285846	
M6PR	3.09272e+06	3.70273e+06	3.34978e+06	1.96519e+06
MACC1	145503			
MACF1	771176	513359	1.35727e+06	457817
MACROD1	1.06736e+06	688544	608449	2.3553e+06
MACROH2A1	2.75424e+06	1.78718e+06	1.07603e+07	863697
MAD1L1	652358	288451	675049	
MAD2L1	2.09747e+06	884250	553669	
MADCAM1		434743	258447	
MADD	125687	62397.9	80615.8	
MAGED2	508260	255836	284774	324241
MAGT1	1.35281e+06	1.12215e+06	5.52732e+06	2.86826e+06
MAIP1	373193	266017	454746	948601
MAL2	2.8789e+06	2.47029e+06	1.74877e+06	2.20054e+06
MALSU1	289250	256615	167713	
MALT1	124870			
MAN1A1	2.44735e+06	3.12699e+06	4.55401e+06	2.71119e+06
MAN1A2	112006	60400.7	286972	
MAN1B1	250812	308566	339258	
MAN1C1	639824	138657	163527	40905
MAN2A1	501714	802553	1.54942e+06	1.06329e+06
MAN2A2	112578	128332	91040.4	
MAN2B1	1.62272e+06	3.82464e+06	2.12983e+06	1.15854e+06
MAN2B2	391466	627055	469333	
MAN2C1	355291	465424	733726	647947
MANBA	899329	1.45919e+06	1.20432e+06	
MANBAL	210361	208581	124174	198334
MANEA		309688	155435	
MANF	4.48003e+06	1.33807e+07	7.26352e+06	6.25749e+06
MAOA	773053	2.348e+06	5.19001e+06	8.47106e+06
MAOB	2.02144e+06	4.24432e+06	8.56772e+06	4.37585e+06
MAP1A	192147	608496	444710	
MAP1B	222277	199691	266044	252643
MAP1LC3A			40367.7	
MAP1S	1.07446e+06	873276	795221	1.03611e+06
MAP2K1	1.81396e+06	1.69379e+06	2.34348e+06	1.81588e+06
MAP2K2	2.08887e+06	2.40678e+06	609502	3.16529e+06
MAP2K3	618461	556124	282396	433469
MAP2K4	414034	494097	768922	484048
MAP2K6	520972	672183	417579	966399
MAP3K20	1.16769e+06	387446	539132	
MAP3K4	1.22153e+06	1.17898e+06	1.35988e+06	1.15215e+06
MAP3K7	173158	114933	97620.8	
MAP4	1.33501e+07	9.09843e+06	4.77685e+06	9.53056e+06
MAP4K4	416784	142757	280842	
MAP7	653755	587947	696976	771654
MAP7D1	242844	249789	204936	
MAP7D2	171955			
MAPK1	5.70947e+06	4.27825e+06	6.88869e+06	5.79319e+06
MAPK13	1.45028e+06	1.16048e+06	1.53466e+06	2.10886e+06
MAPK14	1.1711e+06	1.02378e+06	1.5099e+06	752406
MAPK15	6.38867e+06	2.77268e+06	3.3403e+06	2.29998e+06
MAPK3	1.81551e+06	1.69201e+06	3.0185e+06	3.55597e+06
MAPK8	86722.7	76609.6	102250	
MAPK9	312937	322072	225338	669232
MAPKAPK2	787565	858661	711829	
MAPKAPK3	537622	422169	560522	
MAPKAPK5	1.11573e+06	448905	459062	624636
MAPRE1	9.33336e+06	7.09199e+06	6.24211e+06	3.9715e+06
MAPRE2	388999	454796	361222	
MAPRE3	1.27643e+06	614681	1.4146e+06	281754
MARCHF5	196014	104851	315991	
MARCKS	6.84999e+06	7.65611e+06	4.40385e+06	9.12973e+06
MARCKSL1	4.08168e+06	4.8101e+06	2.16922e+06	8.25102e+06
MARK1	129467		73360.7	
MARK2	1.06472e+06	851398	807088	1.27212e+06
MARS1	2.0507e+06	1.40704e+06	1.19857e+06	1.13177e+06
MARS2	237871	282727	189847	
MASP1	206734	264441	256585	
MAT1A		249389		
MAT2A	1.01808e+07	1.00307e+07	8.13788e+06	7.21898e+06
MAT2B	3.47676e+06	4.03903e+06	3.24984e+06	2.65892e+06
MATN2	191683	103098	110544	
MATR3	3.17484e+06	1.80513e+06	2.82341e+06	3.18633e+06
MAU2	135738	70449.6	99454.3	
MAVS	1.5315e+06	1.78404e+06		1.73338e+06
MAX	193262	364087	365059	
MBD2	316176	184700	169800	288752
MBD3	97518.4			
MBLAC2	271126	385886	363661	
MBNL1	1.89842e+06	1.40847e+06	943533	1.53511e+06
MBNL2	185261	74779.3		
MBOAT2	125768		280186	
MBOAT7	615314	343024	1.10139e+06	1.12618e+06
MBP	76948.8	187284		
MCAM	5.2436e+06	5.14414e+06	4.97376e+06	4.28649e+06
MCAT	1.28196e+06	1.63158e+06	1.088e+06	1.22304e+06
MCCC1	377346	309043	534102	1.27178e+06
MCCC2	2.22284e+06	3.37057e+06	2.00465e+06	3.11795e+06
MCEE	573255	2.27993e+06	1.42866e+06	987776
MCEMP1	332167		1.39672e+06	
MCL1	145125	233138	538956	
MCM2	3.79161e+06	1.15991e+06	1.44532e+06	839419
MCM3	5.24653e+06	1.91232e+06	2.03545e+06	1.83675e+06
MCM3AP	54451		106452	
MCM4	1.93268e+06	543332	878872	697731
MCM5	2.04299e+06	421084	849803	512214
MCM6	4.60421e+06	1.01246e+06	1.17043e+06	1.15683e+06
MCM7	1.07336e+07	2.51002e+06	4.41126e+06	2.97975e+06
MCMBP	549166	296101	509196	935724
MCRIP1	564137	497125	242028	
MCTP2	84449.9	57958	223182	
MCTS1	5.55913e+06	4.90138e+06	4.63026e+06	3.80528e+06
MCU	226296		982927	2.81212e+06
MDC1	341522	410947	402712	
MDH1	3.00659e+07	4.54185e+07	3.66852e+07	3.52643e+07
MDH2	4.876e+07	8.16645e+07	4.0035e+07	5.18901e+07
MDK	394801	555585	541741	540024
MDP1	268872	954045	756751	968025
ME1	1.38536e+06	1.87772e+06	1.8694e+06	1.43501e+06
ME2	2.05332e+06	1.13948e+06	4.20347e+06	3.39336e+06
MEAK7	592704	421515	478132	821350
MECP2	379810	417653	637658	
MECR	1.17746e+06	1.8323e+06	1.25901e+06	1.37515e+06
MED1	91815.7		111987	
MED15	138579	57823	91412.9	
MED18		186913		
MED20	301175	141037	219950	
MED23	107670		127529	
MED25	336492	246684		
MED30	119279	79739		
MED4	68428.4	71282.8	29261.4	
MED6	85328.6	47476.9	37522.9	
MED8	64901.2	39364.5		
MEDAG	90959.4		108093	
MEF2D	432404	562573	273679	
MELTF	350037		189675	
MEMO1	1.43857e+06	1.3876e+06	1.35382e+06	1.11758e+06
MEN1	193089	560468	207430	
MEP1A	185459	498894	363112	237360
MERTK	571206	594748	1.05901e+06	707509
MESD	6.15009e+06	9.77098e+06	5.42322e+06	6.82699e+06
MEST	52798.3	30177.5	9033.81	
MET	632335	384863	237670	
METAP1	1.43333e+06	1.35915e+06	818249	380604
METAP1D	126304	107900	45941.7	
METAP2	1.72186e+06	1.31449e+06	1.23231e+06	709384
METTL1	605803	408485	295024	
METTL13	153416	60241.5	116949	
METTL14	454817	445703	449737	
METTL15	100646			
METTL16	332295	131175	242259	
METTL21A	89216.3	65799	79587.2	
METTL26	568246	788428	670629	
METTL2B	507320	311274	127626	
METTL3	558912	445930	435120	335362
METTL5	171349	140743	80098.8	
MEX3A	939671	1.36628e+06	1.28686e+06	747837
MFAP1	71037.1	39845.4		
MFAP2	93982.3	11603.2		
MFAP4	4.58676e+06	8.34591e+06	6.50211e+06	2.19929e+06
MFAP5			257804	
MFF	487575	489829	131739	469329
MFGE8	1.19064e+06	961555	466905	158074
MFN1	306568	38206.4	225518	
MFN2	129966		225899	
MFSD1	544523	361757		
MFSD10	592071	262355	916555	343549
MFSD5			163544	
MFSD6	74732.9	185167	79179.1	196062
MGAM	527532	381279	1.32465e+06	
MGAM2	53430	62179	87552	
MGAT1	357219	376446	1.2892e+06	1.0226e+06
MGAT2	452075	745796	890056	665585
MGAT5	335504	197554	181448	
MGLL	799622	1.2756e+06	1.03492e+06	317981
MGME1	364678	409673	173657	
MGMT	1.44031e+06	1.4463e+06	370856	462499
MGST1	3.70138e+06	3.0706e+06	5.69684e+06	3.26255e+06
MGST2	1.2693e+07	1.49252e+07	1.88907e+07	1.65547e+07
MGST3	5.8334e+06	5.64939e+06	1.23411e+07	5.33903e+06
MIA2	185189	229134	406725	
MIA3	607050	489533	1.10438e+06	1.13767e+06
MICAL1	588736	563135	1.00443e+06	888090
MICAL2	305888	78675.5	251533	
MICAL3	44964.9			
MICALL1	254730	183141	115176	
MICALL2	1.05319e+06	907386	1.25001e+06	
MICOS10	1.59026e+06	2.45073e+06	1.37418e+06	2.35337e+06
MICOS13	612137	668505	348446	799863
MICU1	122580		551688	207736
MID1	217981	171781	190533	
MIEF1	865055	625903	432031	1.11346e+06
MIEN1	40718.5	88180.7	46236.2	
MIER1	219359	188209	255876	133840
MIF	2.95856e+07	4.04972e+07	2.13256e+07	2.25293e+07
MIF4GD	109668	131862	110668	
MINDY1	89795.6	180997	175323	414378
MINDY3	593415	958225	840111	
MINK1	89965.7	133741	165827	318660
MINPP1	648219	745430	477448	995162
MIOS	947771	499384	1.26015e+06	311702
MIPEP	305366	149380	145366	398807
MISP	518558	437769	737226	867852
MISP3	242758	269394		
MIX23	2.48393e+06	3.36137e+06	1.98898e+06	1.67134e+06
MKI67	1.28444e+06	521812	768946	
MKLN1	55605.1	26384.7	44849.3	
MKRN2	613107	338655	349248	
MLEC	9.18899e+06	1.25729e+07	1.1444e+07	1.07106e+07
MLF2	262085	269878		347283
MLKL	597691	409590	720203	123281
MLLT1	310624	120618	293879	
MLPH		271728	177125	
MLST8	193202	167225	223125	
MLX	28316.6			
MLYCD	283398		443509	1.35787e+06
MMAA	902160	1.54441e+06	799016	1.23869e+06
MMAB	847464	1.55803e+06	760699	1.10831e+06
MME	853158	1.20723e+06	656558	
MMGT1	346116	396644	818691	978764
MMP1	483280		899032	
MMP12	623252	192339	692794	
MMP14	1.5983e+08	1.15807e+08	1.14493e+08	9.71028e+07
MMP2	1.98224e+06	1.20098e+06	1.14723e+06	
MMP3	528031	705644	988424	
MMP8	1.88158e+06	939416	5.08714e+06	
MMP9	4.93355e+06	2.00403e+06	9.68649e+06	699271
MMRN1	254873	428455	160079	
MMRN2	151710	102759	63936.9	
MMS19	324769	266342	236225	
MMUT	892568	1.04349e+06	1.19817e+06	1.35462e+06
MNDA	8.5342e+06	4.36189e+06	2.07606e+07	1.03231e+06
MOB2	514519	371836	681898	262726
MOB3A	587857	601752	600081	
MOB4	1.36212e+06	836711	955058	466325
MOCS2	224301	330194	216154	
MOCS3	397974	390442	202346	
MOGAT2			316540	
MOGS	1.18112e+07	1.73472e+07	2.10949e+07	1.32616e+07
MON1B	32216.1	75975.8		
MON2	343328	292730	162079	
MORC2	109197			
MORC3	693958	444386	811599	854786
MORF4L1	176796	127869	230046	
MORF4L2	283270	193806		
MOSPD2	212186	161576	355091	
MOV10	709675	740882	806197	419777
MOXD1	2.24643e+06	1.57102e+06	879570	641283
MPC1	701428	864171	1.10497e+06	2.12335e+06
MPC2	384583	382859	785252	349430
MPDU1	1.67115e+06	1.88972e+06	3.13097e+06	4.50074e+06
MPEG1	187225	634113	567509	
MPG	817976	634053	842003	526373
MPI	335509	1.43579e+06	549886	846187
MPO	6.1031e+07	2.46275e+07	1.13663e+08	9.87798e+06
MPP1	1.1883e+06	1.06547e+06	931424	497325
MPP7	411036	338842	213075	
MPRIP	376188	123843	351229	
MPST	6.52724e+06	8.10466e+06	4.17925e+06	9.83727e+06
MPZL1	1.07924e+06	1.08184e+06	799945	1.39469e+06
MPZL2	197389	241274	205909	
MRC1	1.80015e+06	1.88251e+06	1.95806e+06	924652
MRC2	2.89294e+06	1.79969e+06	1.17707e+06	318908
MRE11	1.34035e+06	684462	1.08311e+06	502728
MREG	1.409e+06	1.06343e+06	2.39762e+06	1.90577e+06
MRFAP1	119320	206272	33850	
MRGBP	369835	287582		
MRGPRF	524457	399747	876827	311197
MRI1	1.19039e+06	1.40146e+06	475641	575738
MRM1	871046	521549	236998	
MRM3	191444	53614.1	161210	
MROH1	108400	35214.9	102966	
MRPL1	1.65938e+06	841722	2.2637e+06	1.93537e+06
MRPL10	143695	82614.8	42078.3	69993.7
MRPL11	1.56431e+06	1.803e+06	531054	1.45545e+06
MRPL12	833597	2.82723e+06	1.13784e+06	1.70003e+06
MRPL13	630498	331883	912380	1.7072e+06
MRPL14	409030	736230	219831	749453
MRPL15	1.29752e+06		2.14456e+06	2.26407e+06
MRPL16	376099	284923	294645	
MRPL17	743872	339679	1.39195e+06	1.36602e+06
MRPL18	481735	69672.4	713294	1.13964e+06
MRPL19	1.71477e+06	1.10355e+06	2.4892e+06	2.42983e+06
MRPL2	541988	291226	891432	1.61104e+06
MRPL20	655197		1.2734e+06	1.42543e+06
MRPL21	1.1779e+06	448679	1.86373e+06	3.29381e+06
MRPL22	916907	874172	1.27973e+06	1.27233e+06
MRPL23	798798	170165	1.49131e+06	2.18213e+06
MRPL24	1.00922e+06		1.56478e+06	1.87046e+06
MRPL27	346481	48109.4	284203	971922
MRPL28	275936		656184	
MRPL3	373921	137389	729970	585206
MRPL30	358046		530190	701241
MRPL34	121624		323794	634884
MRPL35	175760		201319	
MRPL37	1.27802e+06	558520	2.09823e+06	2.82581e+06
MRPL38	1.05785e+06	327643	1.57014e+06	2.47177e+06
MRPL39	773903	457490	1.16617e+06	697212
MRPL4	1.04416e+06		2.2112e+06	1.49666e+06
MRPL40	319879	302847	381293	
MRPL41	1.04521e+06	714136	1.66703e+06	2.35858e+06
MRPL43	893424	355493	1.82699e+06	2.18819e+06
MRPL44	662367	214810	1.04109e+06	732323
MRPL45	818364	728014	1.50988e+06	1.18544e+06
MRPL46	632657	642026	1.08055e+06	1.49535e+06
MRPL47	211076	37436.3	475232	438532
MRPL48	229828	114959	145234	172651
MRPL49	1.13896e+06	617598	2.31371e+06	1.31914e+06
MRPL50	309192			876334
MRPL51	85612.6		88264.1	
MRPL53	273045	561680	195403	831855
MRPL54	512555	820154		2.31133e+06
MRPL55	390882	140884	988841	697648
MRPL57	66135.5		89497.9	
MRPL58	1.30696e+06	535144	1.91161e+06	2.21069e+06
MRPL9	829821	294246	374677	1.03303e+06
MRPS10	515643	131371	708290	670783
MRPS11	168500	89319.4	262541	
MRPS12	237808	435537	230674	666237
MRPS14	1.32896e+06		905716	932811
MRPS15	251636		406015	577975
MRPS16	459853		1.09384e+06	1.04292e+06
MRPS17	378139		917674	
MRPS18A	346886		550927	1.28639e+06
MRPS18B	295160	67375.7	388989	266540
MRPS2	968965	357797	1.43655e+06	5.08643e+06
MRPS21	104112		29513.6	275578
MRPS22	724361		1.24674e+06	788839
MRPS23	3.02586e+06	1.33741e+06	4.4844e+06	3.78085e+06
MRPS24	425214		949596	796025
MRPS25	84567.5		214049	
MRPS27	1.0217e+06	413467	924456	776712
MRPS28	2.00874e+06	1.67153e+06	2.97009e+06	2.83376e+06
MRPS30	448566	53455.9	638570	690769
MRPS31	420964	83292.9	404911	923112
MRPS33	235100	107930	451442	370855
MRPS34	561225	157261	1.09694e+06	502504
MRPS35	184930	58563.1	176445	
MRPS36	1.62677e+06	2.23355e+06	1.13145e+06	4.59499e+06
MRPS5	251452	203674	401235	590498
MRPS6	79813.5	72444.1		
MRPS7	348048	178857	386390	103323
MRPS9	215756	61163.9	303247	363242
MRRF	1.70781e+06	1.61626e+06	1.29668e+06	1.588e+06
MRTFB	191192	211478		443289
MRTO4	1.46165e+06	704870	1.19775e+06	
MSANTD2	212426		241359	
MSH2	1.0474e+06	313578	627864	446830
MSH6	747381	154075	456477	
MSI2	2.39005e+06	1.74595e+06	861896	929847
MSMO1	247483	47034.7	294186	
MSN	3.0651e+07	3.31045e+07	4.89706e+07	1.61825e+07
MSR1	205601	197346	146274	
MSRA	704770	1.22123e+06	1.37781e+06	1.15316e+06
MSRB2	1.02517e+06	1.20293e+06	651484	1.0266e+06
MSRB3	659859	622981	236742	478417
MST1	238913	244119	78761	
MST1R	193461	217640	316217	
MSTO1	74661.3	92959.4	55881.5	
MT-ATP6	750951	664351	3.16096e+06	2.03611e+06
MT-CO1	775511		2.50402e+06	1.64964e+06
MT-CO2	1.64887e+06	738748	5.69575e+06	2.93867e+07
MT-CO3	42675.3		601017	
MT-CYB	500226	133230	3.20694e+06	1.39442e+06
MT-ND1			342276	
MT-ND2	76716.2	103289	745038	334325
MT-ND3	78965.9	127562	49304.1	
MT-ND4	190462		1.95392e+06	1.14463e+06
MT-ND5	187237		1.09588e+06	298259
MT2A	245345		718562	489908
MTA1	325460	192156	339938	
MTA2	2.29859e+06	1.09497e+06	1.94247e+06	894332
MTA3	130450		109031	
MTAP	7.09535e+06	6.85573e+06	4.30179e+06	3.4303e+06
MTARC1	81245.8	67983.5	48321.3	
MTARC2	638039	694386	733595	1.61205e+06
MTCH1	349576	277548	477785	1.57175e+06
MTCH2	1.05242e+06	239563	2.86554e+06	3.75904e+06
MTDH	3.07241e+06	3.65875e+06	1.79269e+06	2.44412e+06
MTFMT	183492	281183	127103	
MTFR1L	58202.4	121410		
MTG1	194294	91943.8	204023	
MTG2	565660	415231	179236	
MTHFD1	5.68162e+06	5.29813e+06	3.70642e+06	7.52638e+06
MTHFD1L	622887	242215	509235	563903
MTHFD2	1.78157e+06	2.03711e+06	777699	1.27156e+06
MTHFR	475860	576221	593896	
MTHFS	671134	1.22403e+06	878912	638859
MTIF2	540350	438820	322393	436970
MTM1	547185	584280	658713	
MTMR1	226005		150648	
MTMR14	251024	157929	146460	
MTMR6	324033	235556	345366	248745
MTMR9	62291.3		224381	
MTOR	164727	99071.2	162212	454233
MTPAP	162760	65376.4	143990	
MTPN	1.3437e+06	4.75608e+06	1.62634e+06	828130
MTRES1	221433	239300	189972	
MTREX	611203	357067	552542	285636
MTTP	817504	3.25469e+06	890474	846553
MTX1	450937	499513	217105	710289
MTX2	1.13367e+06	1.13499e+06	959703	
MUC1	203503	725283	549808	
MUC12		285611	173971	281934
MUC13	6.31964e+06	6.007e+06	2.97305e+06	2.67562e+06
MUC2	376159	3.3878e+07	2.77677e+07	3.45885e+07
MUC4		1.37762e+06	1.44424e+06	2.24625e+06
MUC5AC		3.59096e+06	824547	986463
MUC5B	191228	1.90383e+06	2.78767e+06	3.90662e+06
MUCL1	244236	391207	617642	2.10693e+06
MUSTN1	167437	138397		
MVB12A	766052	535103	694876	591488
MVD	1.99479e+06	1.71193e+06	1.67577e+06	1.25567e+06
MVK	405214	237455	276235	
MVP	1.77702e+07	1.69237e+07	1.60611e+07	1.66041e+07
MX1	976576	857857	586189	341639
MX2	114285		270216	
MXRA5	1.72716e+06	709278	725939	4.98158e+06
MXRA7	792102	1.36364e+06	1.29004e+06	
MXRA8	729732	560697	396998	
MYADM	1.40693e+07	1.03237e+07	1.80492e+07	6.71758e+06
MYBBP1A	1.56948e+06	552505	1.45087e+06	448053
MYCBP	1.12698e+06	2.88849e+06	663105	1.56815e+06
MYD88	1.18432e+06	1.22852e+06	382995	650902
MYDGF	8.29767e+06	1.87341e+07	1.05486e+07	8.02358e+06
MYEF2	69608.9	101460	51729.8	
MYG1	5.69524e+06	5.52224e+06	5.17926e+06	3.77388e+06
MYH10	4.7384e+06	2.68633e+06	2.77138e+06	3.20262e+06
MYH11	1.65782e+06	1.57465e+06	7.35748e+06	5.1307e+06
MYH14	1.28539e+06	714190	1.94314e+06	1.6589e+06
MYH9	1.81674e+07	5.77161e+06	1.81609e+07	1.28603e+07
MYL1			923925	
MYL11			360744	
MYL6	8.81215e+06	1.47548e+07	5.40801e+06	8.0588e+06
MYL6B	52582.2	94444.5	42534.3	
MYL9	5.51979e+06	1.52738e+07	3.9025e+06	4.95377e+06
MYLK	5.25269e+06	5.39311e+06	7.77434e+06	8.03917e+06
MYO15B	220027	67423.1	276624	
MYO18A	223621		660880	
MYO1A	59821.8	107954	496833	1.41169e+06
MYO1B	779591	511100	965237	854258
MYO1C	1.68563e+06	974350	1.86146e+06	1.89547e+06
MYO1D	1.3708e+06	797448	1.89116e+06	1.57304e+06
MYO1E	1.97747e+06	1.38865e+06	2.30575e+06	1.96513e+06
MYO1F	540291	445206	861458	
MYO1G	515817	752742	1.08935e+06	235284
MYO3B	243631	180741	541674	
MYO5A			290036	
MYO5B	123390		209035	
MYO6	1.40819e+06	883121	1.73775e+06	1.33324e+06
MYO7B	126035	157806	960510	1.31181e+06
MYO9B	269790	194241	187377	307522
MYOF	5.83811e+06	4.07493e+06	4.48881e+06	2.36694e+06
MZB1	1.34018e+06	1.67629e+08	3.22447e+07	8.98584e+07
MZT2B	231250	304897		
N6AMT1	57077.5	55754.9		
NAA10	704925	515249	398470	488932
NAA15	1.51756e+06	826597	856666	392731
NAA16	84067.6	49952.5		
NAA20	124359	190976	43887	
NAA25	575912	302437	225832	
NAA40	281750	213162		
NAA50	1.65636e+06	1.19978e+06	1.13776e+06	1.05163e+06
NAAA	828872	1.80685e+06	1.25779e+06	575188
NAALADL2	150045	140399	119515	
NACA	9.8025e+06	9.72721e+06	4.3738e+06	7.02747e+06
NACC1	299887	113914	241255	
NADK	414453	420881	585962	1.25828e+06
NADK2	1.3835e+06	1.96975e+06	1.32163e+06	1.62773e+06
NADSYN1	1.09538e+06	1.82935e+06	2.00802e+06	739346
NAE1	4.85397e+06	3.13473e+06	1.96527e+06	1.60881e+06
NAGA	4.6489e+06	5.82089e+06	3.50692e+06	2.40867e+06
NAGK	4.0377e+06	8.01716e+06	6.11102e+06	4.27411e+06
NAGLU	604650	1.28542e+06	612619	237367
NAMPT	1.36056e+07	1.82493e+07	8.16769e+06	4.37631e+06
NANOS3	492545	638812	866397	1.60973e+06
NANS	7.59726e+06	1.98328e+07	1.47309e+07	2.02232e+07
NAP1L1	5.00172e+06	3.68057e+06	1.92844e+06	1.34204e+06
NAP1L4	2.65778e+06	2.78225e+06	1.4988e+06	2.86508e+06
NAPA	8.93802e+06	9.5498e+06	3.96668e+06	7.50224e+06
NAPG	1.39768e+06	1.55976e+06	459505	1.27658e+06
NAPRT	3.73347e+06	6.93037e+06	1.74568e+06	4.66132e+06
NARS1	7.89135e+06	8.80927e+06	6.48772e+06	6.24899e+06
NARS2	1.44783e+06	1.45974e+06	1.28032e+06	1.58473e+06
NASP	3.708e+06	4.237e+06	811150	3.29911e+06
NAT1	189043	479059	703682	489512
NAT10	350847	202119	292104	
NAT14	366301	417000	416570	127296
NAT2	50175.6	79912.9	80498.7	
NAXD	1.26081e+06	2.16477e+06	553968	1.71832e+06
NAXE	2.02545e+06	3.05949e+06	1.81765e+06	3.38506e+06
NBAS			437840	
NBEAL2	214331	121602	321654	
NBL1	445336	428491	281781	
NBN	669949	387929	545204	355455
NCALD		215303	217286	
NCAM1	477191	626509	924916	879315
NCAPD2	329929		220838	
NCAPG	60493.2		74263.2	
NCAPG2	23961.7			
NCAPH	167517	94024.7		
NCBP1	2.18263e+06	1.01321e+06	1.24342e+06	265207
NCBP2	2.25266e+06	1.89989e+06	798984	563978
NCBP2AS2	409993	417376		
NCBP3	201661	191879	218138	104149
NCCRP1	353711	768203	1.00973e+06	1.38093e+06
NCDN	133454	79497.3		
NCEH1	3.3078e+06	2.14111e+06	2.64848e+06	2.82017e+06
NCF1	238068	182086	179925	
NCF2	1.72988e+06	1.45691e+06	2.25612e+06	1.3223e+06
NCF4	1.93104e+06	2.58564e+06	4.13076e+06	916854
NCK1	1.63246e+06	1.66235e+06	1.69501e+06	1.82236e+06
NCK2	955851	770267	912393	726506
NCKAP1	1.53484e+06	447813	1.17767e+06	1.45492e+06
NCKAP1L	501512	701141	998626	353616
NCKIPSD	95147.6	59063.4		
NCL	5.04064e+07	4.22625e+07	3.1753e+07	3.10221e+07
NCLN	1.89252e+06	1.81621e+06	2.88141e+06	1.69e+06
NCOA5	303019	127460	421591	
NCOR1	303098	168728		
NCOR2	135382			
NCS1	374785	430420	287457	
NCSTN	2.85705e+06	3.56394e+06	2.98505e+06	1.69498e+06
NDE1	99666.7	60693.9		
NDOR1	17349.6	35507.3		
NDRG1	2.15859e+06	1.73783e+06	1.9652e+06	7.88199e+06
NDRG2	503359	882276	1.23722e+06	3.18062e+06
NDRG3	1.72255e+06	1.01293e+06	1.36455e+06	1.01239e+06
NDUFA10	1.74356e+06	1.03688e+06	1.71077e+06	3.34714e+06
NDUFA11	1.20832e+06	1.35407e+06	2.39955e+06	1.25484e+06
NDUFA12	446504	488381	2.91746e+06	2.59723e+06
NDUFA13	385559	169951	2.57316e+06	3.63306e+06
NDUFA2	1.91471e+06	3.2035e+06	5.20413e+06	6.01554e+06
NDUFA4	1.45672e+06	5.3117e+06	1.13504e+06	5.05888e+06
NDUFA5	213631	218100	755241	918251
NDUFA6	1.00196e+06	951987	1.46731e+06	2.38745e+06
NDUFA7	424993	887349	1.32298e+06	2.10806e+06
NDUFA8	600945	431940	2.08462e+06	2.89487e+06
NDUFA9	743055	581326	3.02847e+06	1.98484e+06
NDUFAF2	1.9341e+06	2.37341e+06	1.2268e+06	2.24644e+06
NDUFAF3	1.40706e+06	1.07656e+06	1.16453e+06	1.67957e+06
NDUFAF4	299028	301980	148146	713262
NDUFAF5	236942	209218		
NDUFAF7	1.586e+06	1.02785e+06	1.2741e+06	
NDUFB1		614551	363107	1.98116e+06
NDUFB10	1.4853e+06	1.55541e+06	3.42295e+06	4.06309e+06
NDUFB11	490394	845274	371301	2.80673e+06
NDUFB3	858288	1.28833e+06	2.52174e+06	4.4213e+06
NDUFB4	1.37686e+06	1.31376e+06	3.32687e+06	7.04391e+06
NDUFB5	422445	441903	663668	725956
NDUFB6	483946	442473	1.30374e+06	2.07644e+06
NDUFB7	2.15822e+06	2.91655e+06	5.63291e+06	5.3569e+06
NDUFB8	357395	401214	1.3094e+06	2.90969e+06
NDUFB9	891337	779727	3.20041e+06	3.77472e+06
NDUFC2	3.69503e+06	4.43627e+06		5.66069e+06
NDUFS1	1.37151e+06	1.3527e+06	4.69565e+06	4.81541e+06
NDUFS2	1.10483e+06	481054	3.28505e+06	2.54648e+06
NDUFS3	1.46347e+06	1.13038e+06	5.81462e+06	5.40846e+06
NDUFS4	679221	1.15918e+06	2.5333e+06	2.59563e+06
NDUFS5	1.37372e+06	1.71615e+06	2.0637e+06	2.61884e+06
NDUFS6	740733	981959	1.5616e+06	3.58342e+06
NDUFS7	471516	295986	1.77056e+06	2.18394e+06
NDUFS8	236540	326268	868712	1.43073e+06
NDUFV1	1.18461e+06	1.34459e+06	2.60409e+06	2.95337e+06
NDUFV2	2.70713e+06	3.40873e+06	6.45504e+06	6.56537e+06
NDUFV3	636190	776847	1.17911e+06	2.43854e+06
NEBL	1.26226e+06	787505	962090	582450
NECAP1	1.03753e+06	1.86596e+06	864400	980767
NECAP2	1.95594e+06	1.80509e+06	1.7302e+06	858813
NECTIN2	1.63968e+06	1.66267e+06	1.68524e+06	2.02026e+06
NECTIN4	22131	34161.7		
NEDD1	147067	52730.7		
NEDD4	276321	160647	222727	149228
NEDD4L	262209	295223	525152	281497
NEDD8	1.79839e+06	3.23553e+06	1.86802e+06	1.8211e+06
NEGR1	137876	555299	693635	705236
NEK3	103908	29538.1		
NEK7	321673	289589	215803	237221
NEK9	411677	311374	719448	571210
NELFA	988404	560487	666048	781569
NELFB	1.52714e+06	707883	838894	
NELFCD	513191	205670	249467	
NELFE	358605	320211	201426	244799
NEMF	950601	1.1199e+06	1.15695e+06	919034
NENF	1.14818e+06	2.06571e+06	1.40512e+06	2.50916e+06
NEO1	344691	240091	224490	
NES	1.99335e+06	1.94661e+06		716259
NEU1	1.56135e+06	1.39732e+06	419274	322185
NEXN	681200	574544	649904	255833
NF2	188534	116402	136549	
NFATC2IP	342446	392615	210622	
NFIA	50359.7	61779.2		
NFIC	368676	282739	181701	
NFKB1	1.74711e+06	1.17785e+06	1.84009e+06	1.25233e+06
NFKB2	1.60556e+06	1.15534e+06	1.48211e+06	
NFKBIB	252894	229350	140207	
NFS1	2.30698e+06	1.86792e+06	965092	1.68979e+06
NFU1	166895	272803	142097	
NFXL1	133298	69436.7	132776	
NFYB	365116	514962	208475	
NFYC	419750	726155	385392	663455
NGEF	48743.9			
NGLY1	226327	336936	334316	228935
NHERF1	1.7712e+07	2.36375e+07	1.80066e+07	1.83801e+07
NHERF2	1.24284e+06	996600	957831	1.16517e+06
NHLRC2	1.28341e+06	1.07715e+06	1.81875e+06	1.1058e+06
NHLRC3	1.24136e+06	1.32e+06	850426	1.05847e+06
NHP2	761850	484643	1.07674e+06	
NIBAN1	346172	545249	510774	555688
NIBAN2	3.8085e+06	2.56679e+06	2.50343e+06	3.91387e+06
NID1	2.06404e+06	2.09271e+06	2.36515e+06	940371
NID2	4.58557e+06	3.70576e+06	3.14107e+06	3.2559e+06
NIF3L1	1.96198e+06	3.00077e+06	1.65544e+06	1.70486e+06
NIFK	204136	135116	245658	
NIP7	257809	255339	179535	
NIPSNAP1	1.21462e+06	1.95147e+06	2.45336e+06	2.36179e+06
NIPSNAP2	2.68075e+06	2.93556e+06	4.30985e+06	4.09953e+06
NIPSNAP3A	3.59327e+06	5.18013e+06	3.88844e+06	3.35359e+06
NISCH	120320	122659	63283	
NIT1	2.59739e+06	4.77801e+06	3.10389e+06	2.05431e+06
NIT2	5.44242e+06	7.08482e+06	3.73604e+06	3.43545e+06
NKAIN4		1.41009e+06	962259	454880
NKIRAS2	189840	269903	99050	
NLE1	726689	517250	324236	211784
NLN	906001	807359	991381	
NMD3	260353	199042	109533	
NME1	1.80535e+07	1.93559e+07	1.12954e+07	4.41845e+06
NME2	1.08461e+07	2.45272e+07	9.27151e+06	1.14259e+06
NME2P1	953711	823142	619350	
NME3	2.07442e+06	3.78107e+06	3.81115e+06	1.79781e+06
NME6	244588	229641	89931.1	
NMES1		1.79994e+06	880176	6.90832e+06
NMI	963679	1.01438e+06	1.12908e+06	405049
NMNAT1	224878	283921	513060	
NMNAT3		2.0645e+07	1.02617e+07	
NMRAL1	424306	504650	411412	564905
NMT1	2.01238e+06	1.53838e+06	1.3093e+06	1.09332e+06
NNMT	1.15611e+07	8.25283e+06	4.50701e+06	2.72769e+06
NNT	415093		2.43883e+06	5.61239e+06
NOA1	90848.3			
NOB1	1.09434e+06	841499	653501	
NOC2L	369103	86435.7	143213	
NOC4L	415106	156256		
NOL7	268723	241901	189359	
NOLC1	1.8687e+06	938194	957475	568535
NOMO1	65809.2	107553		40361.4
NONO	5.71992e+06	4.34927e+06	8.26877e+06	3.23166e+06
NOP10	555527	559016	1.06216e+06	861515
NOP16	316038	318211	194745	
NOP2	903287	519811	550389	613613
NOP56	691801	653970	532649	
NOP58	956902	725390	1.41634e+06	
NOP9	522175	317934	176685	
NOPCHAP1	163139	275468		
NOS2		239561	124560	
NOS3	113110		107597	
NOSIP	418865	343486	315425	
NOTCH2	87678.5	76854		
NOTCH3	122974			
NOVA2	52800.1			
NOX1	674316	139648	185718	
NPC1	1.03023e+06	814362	1.09551e+06	353239
NPC2	7.82597e+06	1.29015e+07	1.03084e+07	7.55821e+06
NPEPL1	1.45777e+06	1.59811e+06	848316	703099
NPEPPS	3.02921e+06	2.87618e+06	2.05603e+06	2.53396e+06
NPL	261377	492761	208887	
NPLOC4	1.73265e+06	1.48081e+06	1.42986e+06	983380
NPM1	2.4927e+07	2.18406e+07	2.14439e+07	1.31018e+07
NPM3	1.19627e+06	762063	516243	
NPTN	3.89876e+06	4.8466e+06	5.11387e+06	3.39009e+06
NQO1	4.00967e+06	3.67111e+06	1.54752e+06	1.23866e+06
NQO2	1.03062e+06	1.2927e+06	1.36729e+06	1.10157e+06
NR1I3	42252.8	16920.1	115771	
NR2C2	3.56183e+06	3.0748e+06	4.88255e+06	
NR2C2AP	2.96757e+06	2.45349e+06	1.84624e+06	1.15671e+07
NRAS	1.83903e+06	1.96564e+06	1.11895e+06	1.42976e+06
NRBF2	499266	585311	266177	
NRBP1	471643	387531	292148	
NRDC	1.64207e+06	1.75197e+06	1.95192e+06	1.07465e+06
NRF1	1.41596e+06	1.19721e+06	1.05959e+06	396880
NRIP2	138153	173645	73840.2	
NRM	486010	174208	958884	
NRP1	548381	605850	478655	419978
NRP2	534570	331844	274954	
NSA2	63621.5			
NSDHL	1.57958e+06	777564	1.24077e+06	1.04504e+06
NSF	4.00295e+06	3.52458e+06	6.20489e+06	5.7285e+06
NSFL1C	5.50681e+06	6.62275e+06	4.16798e+06	6.48338e+06
NSMCE3	143515		196908	
NSRP1	108701	105243	115383	
NSUN2	2.19915e+06	1.30468e+06	1.76001e+06	1.86115e+06
NSUN5	343678	384257	131212	
NT5C	409220	441042	832938	341025
NT5C2	2.51905e+06	2.31772e+06	2.24599e+06	362978
NT5C3A	523774	824175	504438	720043
NT5DC1	797946	1.47584e+06	1.39218e+06	1.47127e+06
NT5DC2	343668	100652	263323	
NT5DC3	804467	548047	661838	823142
NT5E	2.03743e+06	1.31074e+06	983582	370242
NTAN1	488876	585489	516804	347352
NTHL1	175571	75098.6	105967	
NTM	248130			
NTMT1	1.06906e+06	897560	465555	
NTPCR	1.40313e+06	2.03583e+06	225772	2.64202e+06
NUB1	780700	518728	480373	114050
NUBP1	1.28749e+06	1.39392e+06	738994	1.28199e+06
NUBP2	954066	886716	182459	380851
NUBPL	314426	292396	344636	836105
NUCB1	3.87228e+06	7.42652e+06	544768	5.14015e+06
NUCB2	1.67167e+06	5.04814e+06	1.58589e+06	3.24197e+06
NUCKS1	3.32964e+06	3.02882e+06	1.11363e+06	7.27617e+06
NUDC	7.04942e+06	5.85587e+06	4.04769e+06	3.20639e+06
NUDCD1	3.573e+06	2.10521e+06	1.44961e+06	1.02276e+06
NUDCD2	1.57445e+06	1.52977e+06	762085	1.3401e+06
NUDCD3	1.5009e+06	902917	460990	280238
NUDT1	1.00508e+06	548198	370683	105044
NUDT12	3.80552e+06	6.12729e+06	8.08545e+06	
NUDT14	182223	305623	209975	
NUDT15	130144	117391		
NUDT16	1.92511e+06	3.05472e+06	2.56698e+06	2.16689e+06
NUDT16L1	432861	534312	471092	
NUDT18	112670	154685	118683	131154
NUDT19	719550	539082	662026	1.00609e+06
NUDT2	228063	415816	294079	
NUDT21	2.87236e+06	2.69416e+06	3.50701e+06	1.42998e+06
NUDT3	2.54023e+06	2.50196e+06	2.72024e+06	1.05027e+06
NUDT4	1.73788e+06	1.53274e+06	1.0131e+06	818373
NUDT5	6.15696e+06	5.75114e+06	4.24666e+06	4.039e+06
NUDT6	166800	127220	197670	
NUDT8	240733	328236	153160	
NUDT9	914470	1.34169e+06	1.14115e+06	1.37499e+06
NUFIP2	477245	306799	234428	370597
NUMA1	1.58382e+06	625122	2.70193e+06	1.73443e+06
NUMB	311294	275655	405035	268404
NUMBL	348008		716741	
NUP107	225737	161244	318353	555951
NUP133	249656		598254	
NUP153	639286	237872	479208	
NUP155	82705.4		444209	349121
NUP160	41231		108229	
NUP205	149396	21903.6	166076	
NUP210	143426	167684	484354	
NUP214	596303	602113	513399	769002
NUP35	814867	579767	416258	408818
NUP37	1.68986e+06	2.18485e+06	1.00811e+06	
NUP43	725249	762794	323359	
NUP50	2.73126e+06	1.50939e+06	1.36369e+06	1.01085e+06
NUP54	1.0181e+06	619283	649203	137961
NUP58	891661	542901	382443	
NUP62	404855	407040	151103	
NUP85	816672	785390	679134	
NUP88	64511		124554	
NUP93	733147	267392	994409	704942
NUP98	676872	473064	636063	1.8642e+06
NUTF2	4.33958e+06	5.6164e+06	2.4205e+06	4.54242e+06
NXF1	729021	412311	781064	
NXN	964575	517603	687205	397843
NXPE4		169717	272664	443418
OARD1	684279	697657	659177	1.1294e+06
OAS1	692029	647773	1.94598e+06	900341
OAS2	343264	322518	570466	
OAS3	2.51646e+06	1.32101e+06	2.23172e+06	1.04601e+06
OAT	2.664e+06	2.96846e+06	740834	1.01784e+06
OCIAD1	2.32177e+06	3.03301e+06	3.51537e+06	4.14892e+06
OCIAD2	4.78868e+06	2.97113e+06	2.95272e+06	1.82835e+06
OCLN	540365	460915	774437	1.06986e+06
OCRL	291977	170800	266708	
ODR4	250839	284202	481511	
OGA	1.27883e+06	627257	712457	1.13593e+06
OGDH	1.67764e+06	1.41836e+06	3.75824e+06	2.98156e+06
OGDHL	715195	396691	1.21656e+06	1.16376e+06
OGFOD1	295628	186144	87999.5	
OGFOD2		50508.1		
OGFR	1.5429e+06	1.26753e+06	673777	1.10465e+06
OGN	1.56476e+06	1.79489e+06	2.84522e+06	1.94001e+06
OGT	489018	221600	494004	522560
OLA1	1.22405e+07	1.22439e+07	7.81e+06	3.96858e+06
OLFM4	3.34046e+06	2.08456e+07	1.56342e+07	4.58036e+06
OLFML1	595466	599066	676217	587184
OLFML3	811043	575326	437373	
OLR1	643179	520615	1.21054e+06	
OMA1			155841	
OPA1	509394		1.24006e+06	2.43738e+06
OPA3	431124	182102	758958	321221
OPLAH	274559	340110	378835	
OPTN	826722	756801	558867	630661
OR1M1	2.68338e+06	4.5484e+06	8.26394e+06	1.71517e+06
ORC2	284908	117373	168017	
ORC4	75732.2	6654.27	33584.6	
ORC5	138708		94656.7	
ORM1	1.84153e+07	3.27955e+07	2.02788e+07	1.25365e+07
ORM2	6.48067e+06	1.08484e+07	8.31768e+06	7.44331e+06
ORMDL3	142774	130018	180247	467519
OS9	359784	297826	488755	351431
OSBP	2.51457e+06	2.30211e+06	2.87065e+06	2.29589e+06
OSBP2	742250	563327	435924	466984
OSBPL10	257527	139307	229218	
OSBPL11	224210	157173	255520	
OSBPL1A	97367.3	88197.7	183726	
OSBPL2	415650	317081	316745	421593
OSBPL3	298325		131345	
OSBPL5	402512		666132	
OSBPL8	438667	163444	708881	
OSBPL9	586119	488844	755818	
OSCAR			92178.1	
OSGEP	1.74576e+06	2.05911e+06	1.39971e+06	1.23017e+06
OSTC	2.45782e+06	3.47992e+06	4.49569e+06	1.69768e+06
OSTF1	6.60037e+06	6.48334e+06	1.04382e+07	7.163e+06
OTC		477149	170519	
OTUB1	4.42148e+06	5.38712e+06	2.31105e+06	2.79909e+06
OTUD4	232962	184644	255380	212386
OTUD6B	1.03092e+06	669942	524274	
OTUD7B	35560.5			
OTULIN	242386	273860	159573	
OTULINL	129586	91651.5	934174	
OVCA2	825250	794670	578174	1.64645e+06
OXA1L			92413.3	1.91106e+06
OXCT1	2.16067e+06	3.23021e+06	2.59778e+06	4.23397e+06
OXNAD1	65852.2	36399.6		
OXR1	423097	593259	490071	415396
OXSM	331470	302134	416281	925563
OXSR1	2.37844e+06	2.14107e+06	2.83753e+06	2.25944e+06
P2RX1		120039	371664	
P2RX4	446721	768820	859101	468879
P3H1	1.89247e+06	1.02204e+06	952501	303671
P3H2	231605	256491	95130.1	425036
P3H3	771205	414960	276528	
P3H4	377084	178634	223384	
P4HA1	2.38869e+06	1.3155e+06	1.66083e+06	1.3223e+06
P4HA2	5.92486e+06	4.46773e+06	5.00435e+06	3.03604e+06
P4HB	4.57684e+07	8.52516e+07	8.07323e+07	6.13082e+07
P4HTM	209585	159179	120639	
PA2G4	1.23959e+07	1.42186e+07	1.14227e+07	9.37725e+06
PAAF1	1.4531e+06	1.05587e+06	942832	994820
PABPC1	4.27725e+06	2.89893e+06	3.50457e+06	2.4491e+06
PABPC4	2.91917e+06	3.14815e+06	2.87596e+06	1.774e+06
PABPN1	3.64988e+06	4.32062e+06	3.38578e+06	4.40414e+06
PACC1		60124.8	35883.7	
PACS1	507344	269281	393579	
PACSIN2	3.42284e+06	3.23133e+06	3.89982e+06	2.7627e+06
PACSIN3		713148	247412	108426
PADI2	846624	1.50535e+06	3.78412e+06	3.06336e+06
PADI4	4.06533e+06	1.81146e+06	9.1432e+06	
PAF1	461489	249522	763225	
PAFAH1B1	5.81561e+06	6.78578e+06	5.46354e+06	2.81195e+06
PAFAH1B2	1.17018e+07	1.5752e+07	1.06145e+07	5.79338e+06
PAFAH1B3	7.02559e+06	6.55233e+06	3.83303e+06	4.49678e+06
PAFAH2	589718	922070	1.06543e+06	943412
PAG1	198998	262417	49628.2	
PAICS	8.29373e+06	6.05323e+06	4.48942e+06	3.74654e+06
PAIP1	1.64339e+06	1.5297e+06	1.22411e+06	647534
PAK1	1.533e+06	1.37821e+06	1.40359e+06	2.00931e+06
PAK1IP1	616836	367549	543581	
PAK2	2.64683e+06	1.80943e+06	1.89762e+06	2.82192e+06
PAK4	459891	239378	516340	
PALD1	94591.1			
PALLD	9.60773e+06	5.95859e+06	5.56883e+06	5.16586e+06
PALM	432761	443929		
PALM2	381837	191375		
PALS2	939549	487379	275158	924297
PAM	317253	320314	421475	
PAM16	2.17319e+06	1.97526e+06	959828	2.73385e+06
PANK2	275407	277286	244816	406164
PANK4	479410	450678	521871	836489
PAPLN		186932	128027	
PAPOLA	265394	199428	348379	190158
PAPPA	71151.7	268009	220891	
PAPSS1	1.59815e+06	1.39254e+06	1.66552e+06	1.65013e+06
PAPSS2	1.91031e+06	2.07922e+06	4.77113e+06	3.69112e+06
PARD3	336975	197910	322456	
PARD6B	824344	964219		652219
PARG	171580	138270	115504	
PARK7	4.25809e+07	6.9231e+07	3.21066e+07	6.8992e+07
PARN	869028	444631	572377	
PARP1	2.85579e+06	2.39257e+06	3.71613e+06	1.45838e+06
PARP10	199884	194577	315075	125288
PARP12	621221	497209	741784	
PARP14	579538	333541	560505	
PARP4	1.37528e+06	591952	1.3197e+06	656271
PARP9	370925	176967	492523	
PARPBP	397943	399368		
PARS2	168812	291203	193212	
PARVA	3.2195e+06	2.14083e+06	944644	1.32181e+06
PARVB	284630	301074	119006	
PARVG	317451	544014	219978	
PATL1	493659	256927	274860	411157
PAWR	1.29853e+06	1.17166e+06	700911	2.4278e+06
PAXX	2.21944e+06	1.9124e+06	1.05298e+06	2.10602e+06
PBDC1	3.08529e+06	2.45978e+06	2.09857e+06	1.21758e+06
PBK	176650	130051	96696.2	
PBLD	343893	891743	492922	1.08171e+06
PBRM1	176972	71376.5	332637	
PBXIP1	513452	566697	987821	727830
PC	366092	393131	675809	1.09531e+06
PCBD1	7.93958e+06	8.4753e+06	4.75695e+06	5.50899e+06
PCBD2	309493	867833	480689	453409
PCBP1	1.77245e+07	1.86766e+07	1.65972e+07	1.63556e+07
PCBP2	7.88995e+06	9.77059e+06	3.66688e+06	5.93641e+06
PCBP3		221514		
PCCA	629392	318156	1.17623e+06	3.93915e+06
PCCB	864608	1.05394e+06	1.1783e+06	3.71996e+06
PCDH1	875902	1.47454e+06		1.42703e+06
PCDH7	112576	110565	167696	
PCID2	150407	104343	186718	
PCIF1	390897	231446	299724	
PCK1	207733	290967	563800	712505
PCK2	1.59993e+06	1.30118e+06	2.16447e+06	5.97014e+06
PCMT1	1.24248e+07	1.47215e+07	1.23437e+07	7.26565e+06
PCMTD1	383714	468704	359646	
PCNA	1.31249e+07	1.00258e+07	3.45726e+06	5.48323e+06
PCNP	3.35586e+06	4.13161e+06	975239	4.60708e+06
PCNX3	16150.1			
PCOLCE	2.75798e+06	1.84637e+06	1.25937e+06	
PCP4	1.023e+06	1.43456e+06		
PCSK1		168540	110055	823123
PCTP	903231	1.14673e+06	1.07846e+06	788204
PCYOX1	4.13159e+06	7.51492e+06	5.6248e+06	3.56725e+06
PCYOX1L	416346	472029	705855	235144
PCYT1A	1.89691e+06	1.21882e+06	1.55341e+06	1.48804e+06
PCYT2	1.39943e+06	1.77759e+06	1.04356e+06	2.10556e+06
PDAP1	6.41341e+06	4.72928e+06	2.11791e+06	4.35746e+06
PDCD10	3.74218e+06	4.12435e+06	2.39627e+06	2.72908e+06
PDCD11	354356	233759	506096	
PDCD2	144136			
PDCD2L	84778.8			
PDCD4	2.11868e+06	3.99742e+06	1.91551e+06	9.82427e+06
PDCD5	5.26053e+06	5.2365e+06	526822	5.11863e+06
PDCD6	3.01798e+06	4.84701e+06	4.19089e+06	1.69424e+06
PDCD6IP	9.07079e+06	5.79572e+06	8.81069e+06	1.25282e+07
PDCL	447136	353323	237196	
PDCL3	632354	400325	373215	436584
PDE12	2.75421e+06	1.73826e+06	2.28974e+06	1.94789e+06
PDE3A				887406
PDE5A	168599		290377	
PDE6D	1.23215e+06	1.31707e+06	1.05142e+06	313912
PDF	725194	612714	325158	
PDGFRA	275557	301092		
PDGFRB	1.06568e+06	403138	353164	512720
PDHA1	6.64958e+06	5.77424e+06	5.26271e+06	5.8585e+06
PDHB	7.82964e+06	9.97202e+06	1.17624e+06	9.17842e+06
PDHX	1.91592e+06	1.53032e+06	1.15198e+06	1.75022e+06
PDIA3	5.87649e+07	8.99467e+07	1.23353e+08	1.44878e+08
PDIA4	2.34213e+07	4.8479e+07	3.77899e+07	3.64152e+07
PDIA5	1.71728e+06	2.75854e+06	2.07663e+06	2.0818e+06
PDIA6	3.06616e+07	5.20569e+07	5.32362e+07	5.26208e+07
PDK1	234944	640624	601452	979374
PDK3	741241	439448	485341	
PDLIM1	1.11246e+07	1.20176e+07	3.68142e+06	1.25104e+07
PDLIM2	1.44624e+06	916131	233764	450057
PDLIM3	4.58518e+06	5.11291e+06	860153	2.33562e+06
PDLIM4	1.79971e+06	1.48137e+06	850272	834473
PDLIM5	6.77883e+06	4.0468e+06	2.66836e+06	2.41314e+06
PDLIM7	8.51564e+06	6.72396e+06	6.0562e+06	5.64051e+06
PDP1	1.24042e+06	1.58383e+06	558256	379371
PDP2	287269	213039		
PDPK1	59994	56990.4		
PDPN	102028			
PDPR	825812	977097	927779	759312
PDRG1	594164	395011	473005	
PDS5A	626129	279119	404472	375466
PDS5B	472947	232031	437385	379247
PDXDC1	951821	767749	1.26236e+06	5.98737e+06
PDXK	6.03685e+06	6.74553e+06	4.7332e+06	2.08487e+06
PDXP	3.86594e+06	5.5738e+06	2.63808e+06	2.49582e+06
PDZD11	581287	396118	654846	468998
PDZD8	1.3811e+06	1.67361e+06	2.14325e+06	
PDZK1IP1	403965	251356		
PEA15	2.07654e+06	3.36999e+06	789297	1.92902e+06
PEBP1	3.90424e+07	5.71314e+07	4.03418e+07	4.39664e+07
PECAM1	3.27367e+06	5.86989e+06	2.94649e+06	2.26378e+06
PECR	386029	528958	286043	
PEF1	1.22052e+06	2.06143e+06	1.06489e+06	816499
PELO	204945	170867	297258	
PELP1	385365	152655	395326	
PEPD	5.55499e+06	7.23649e+06	3.53621e+06	2.21768e+06
PES1	460844	215607	136159	
PEX11B	499341	425394	798452	675163
PEX14	247784	189837	266207	362555
PEX16	73096.6		51270.7	
PF4	196199	436596	230880	
PFAS	1.55559e+06	2.00601e+06	1.47078e+06	1.28759e+06
PFDN1	650178	1.93742e+06	466109	1.22682e+06
PFDN2	3.8063e+06	3.92044e+06	2.69671e+06	2.45962e+06
PFDN4	246163	725097	175039	
PFDN5	1.02711e+06	1.65226e+06	989349	475577
PFDN6	2.36338e+06	3.09676e+06	1.10431e+06	2.15887e+06
PFKFB2	2.01008e+06	2.1044e+06	2.05053e+06	1.81097e+06
PFKFB3	1.13965e+06	653291	889515	
PFKL	1.1431e+07	1.09435e+07	9.95638e+06	8.52169e+06
PFKM	2.92978e+06	1.92851e+06	1.77943e+06	2.09659e+06
PFKP	4.08802e+06	3.35449e+06	3.18272e+06	3.22491e+06
PFN1	1.63078e+08	1.45658e+08	2.38976e+08	1.29946e+08
PFN2	2.51558e+06	3.00326e+06	3.02292e+06	2.46086e+06
PFN3	293176	256524	339137	
PGAM1	1.34088e+07	1.81549e+07	1.59716e+07	8.62109e+06
PGAM5			864147	815180
PGD	2.72638e+07	2.79935e+07	3.95065e+07	1.44638e+07
PGGHG		293048		
PGGT1B	826411	857414	845003	
PGK1	2.82619e+07	3.33934e+07	2.74989e+07	1.93313e+07
PGK2	49790.7	106719	771538	
PGLS	2.53552e+06	3.42784e+06	1.43041e+06	5.37658e+06
PGLYRP1	2.802e+06	940308	3.47218e+06	
PGLYRP2	1.09782e+06	1.06077e+06	914573	739129
PGM1	5.49625e+06	8.42592e+06	8.45832e+06	6.69424e+06
PGM2	7.29026e+06	9.64863e+06	7.51025e+06	4.40674e+06
PGM2L1	3.33632e+06	2.81503e+06	2.68981e+06	1.04222e+06
PGM3	1.70771e+06	2.41702e+06	1.64279e+06	1.74253e+06
PGM5	1.05051e+06	2.70455e+06	5.18152e+06	2.19311e+06
PGP	2.59764e+06	2.90021e+06	1.51847e+06	1.12491e+06
PGPEP1	111301	380963	342827	
PGRMC1	6.49983e+06	6.27167e+06	7.96633e+06	9.07066e+06
PGRMC2	4.3585e+06	6.71213e+06	7.38909e+06	6.73441e+06
PGS1	165803	38272.7	119366	
PHACTR2	34958.2	33069.8		
PHACTR4	263807	275720	225446	702574
PHAX	409299	397897	291560	189925
PHB1	2.17425e+06	2.69492e+06	3.68607e+06	1.23991e+07
PHB2	2.3886e+06	1.18104e+06	5.57541e+06	9.94076e+06
PHC1	351407	736619	560950	530237
PHETA2	62127.9	32805.1	59825.1	
PHF14	98824.5		160682	
PHF5A	2.61331e+06	1.7096e+06	1.67761e+06	1.12966e+06
PHF6	366612	187485	235913	
PHGDH	1.8773e+06	2.56387e+06	1.03279e+06	3.18043e+06
PHIP	81663.7		172184	
PHKA2	145439		266766	
PHKG2	126195	147346		
PHLDA1	71545.7	60944.2	31982.4	
PHLDA2	68599.2	20613.8	13680.6	
PHLDA3	146160	225405	173200	
PHLDB1	1.14803e+06	462250	490676	807781
PHPT1	2.54678e+06	9.89769e+06	5.641e+06	1.95809e+06
PHYH	960475	1.06966e+06	601905	841637
PHYHD1	492557	629404	531786	192190
PHYKPL	1.01344e+06	2.13004e+06	1.71366e+06	1.33317e+06
PI3		542717	170304	
PI4K2A	1.17101e+06	1.27692e+06	1.13269e+06	1.04715e+06
PI4K2B	273954	336509	261814	
PI4KA	580802	399777	593491	684096
PIAS4	42273.1			
PICALM	1.93427e+06	1.08712e+06	2.18551e+06	2.22758e+06
PICK1	206015	167430		
PIEZO1	429364	282091	474857	
PIGG	20469.3		49434.8	
PIGK	588515	425639	715108	510341
PIGR	2.29362e+06	1.5058e+07	1.99075e+07	3.70061e+07
PIGS	878782	659132	1.7428e+06	800934
PIGT	225161		685533	545734
PIGU	288915		255475	81296.7
PIH1D1	269153	254711	137131	
PIK3AP1	184470	136760	210844	
PIK3CA	96074.4	60355.4		
PIK3R1	110741		247968	
PIK3R2	109703	40966.3	21104.2	
PIK3R4	159567	65133.4	217378	
PIN1	2.8688e+06	3.72564e+06	2.66447e+06	2.75717e+06
PIN4	1.66453e+06	1.73819e+06	1.50072e+06	924909
PIP	688195	691952	773707	3.61504e+06
PIP4K2A	754255	679384	825139	656928
PIP4K2B	4.60547e+06	4.8206e+06	4.29622e+06	
PIP4K2C	1.27326e+06	1.41165e+06	1.11226e+06	908906
PIP4P1	197500	231106	257082	
PIP5K1C	254086	269028	308388	
PIPOX	300402	256053		
PIR	1.95791e+06	1.09829e+06	580385	100060
PISD	111076		194673	
PITHD1	2.22865e+06	3.13568e+06	2.52398e+06	1.71829e+06
PITPNA	2.05795e+06	2.47092e+06	1.83899e+06	1.22972e+06
PITPNB	2.54088e+06	2.67343e+06	1.89807e+06	1.03248e+06
PITPNC1	355352	434245	434317	
PITRM1	1.81221e+06	2.191e+06	2.2884e+06	2.46162e+06
PKLR	919522	1.98052e+06	172857	1.48647e+06
PKM	1.69231e+08	1.79451e+08	1.28145e+08	8.73818e+07
PKN1	1.75785e+06	1.36561e+06	901726	3.01042e+06
PKN2	372516	262149	477767	
PKP1	252224	539797	511653	1.62093e+06
PKP2	197642	281838	519229	813300
PKP3	1.77752e+06	888492	1.25856e+06	1.76938e+06
PLA2G12A		70677.9		
PLA2G12B	215057	227737		
PLA2G15	335964	262875	114336	
PLA2G2A	107668	468814	1.8949e+06	1.34531e+06
PLA2G4A	174715	247011	633561	164656
PLAA	1.35503e+06	817050	1.1994e+06	749665
PLAU	303732	114835	239758	
PLAUR	359634	212786	355595	
PLBD1	2.53474e+06	5.52217e+06	7.74365e+06	4.40577e+06
PLBD2	5.13186e+06	8.27481e+06	5.19447e+06	1.30351e+06
PLCB2	1.41338e+06	1.4835e+06	2.54317e+06	
PLCB3	2.12335e+06	1.01383e+06	900482	721990
PLCB4	101405	167952	105488	
PLCD1	609482	1.15989e+06	1.4965e+06	1.00257e+06
PLCD3	408360	371922	540035	
PLCG1	2.07018e+06	1.061e+06	644234	
PLCG2	988910	3.33031e+06	3.03976e+06	1.77827e+06
PLCH1	170100	1.26923e+06	283428	363362
PLD1	165831	149817	449162	
PLD3	5.74295e+06	1.17408e+07	7.57422e+06	5.4265e+06
PLEC	5.80961e+06	3.28969e+06	1.86612e+07	4.27492e+06
PLEK	1.58908e+06	2.65857e+06	2.41709e+06	536090
PLEK2	183246	125122	145124	
PLEKHA1	304485	277589	124593	
PLEKHA2	719381	596258	509862	
PLEKHA5	315975	220904	445311	
PLEKHA6	1.20375e+06	901594	2.08994e+06	1.89398e+06
PLEKHF1	1.02831e+06	718556	535943	625846
PLEKHF2	712767	715191	618834	334416
PLEKHO2	2.04622e+06	2.09893e+06	1.72922e+06	1.46069e+06
PLG	3.85934e+06	6.72604e+06	7.2443e+06	4.54714e+06
PLGRKT	648110	905399	996563	2.20261e+06
PLIN2	775907	546693	373717	
PLIN3	7.20186e+06	7.89956e+06	3.82641e+06	5.56994e+06
PLOD1	3.18152e+06	1.789e+06	1.9361e+06	979529
PLOD2	2.39325e+06	818865	1.03177e+06	336616
PLOD3	3.33424e+07	2.01186e+07	1.96395e+07	1.31018e+07
PLP2	5.53317e+06	3.94326e+06	3.44465e+06	1.02026e+07
PLPBP	2.37288e+06	3.69043e+06	3.42507e+06	4.65414e+06
PLPP1	600563	890761	666433	
PLPP2	920803	558154	377088	
PLPP3	470441	565548	761608	
PLRG1	1.53985e+06	1.21564e+06	1.8332e+06	487688
PLS1	5.97527e+06	4.1583e+06	3.86277e+06	6.63759e+06
PLS3	5.97565e+06	2.73305e+06	2.5101e+06	1.22999e+06
PLSCR1	1.83429e+06	1.4283e+06	1.97538e+06	694809
PLSCR3	823028	818981	807767	
PLSCR4	650763	579480	360299	
PLTP	380296	394374	253287	
PLVAP	903298	1.04473e+06	1.23805e+06	1.47359e+06
PLXDC2	664506	354582	186105	355426
PLXNA1	156764	61838.6	56498.5	
PLXNB1	31916.3	41703.1	61579.8	
PLXNB2	3.02428e+06	3.14708e+06	3.19135e+06	3.14779e+06
PLXNC1	820361	590655	835986	
PLXND1	183957		104675	1.91335e+06
PM20D2	888735	644851	198519	464634
PML	2.97683e+06	1.1835e+06	2.52865e+06	1.77433e+06
PMM2	4.82433e+06	6.11235e+06	3.26239e+06	4.84043e+06
PMPCA	1.32406e+06	1.19996e+06	1.65882e+06	2.01683e+06
PMPCB	2.02286e+06	1.29429e+06	2.53368e+06	3.59118e+06
PMS2P11	139418	87595.6	63013.1	
PMVK	1.74376e+06	1.59196e+06	1.66321e+06	1.38692e+06
PNKD	510492	434922	680838	353866
PNKP	1.08319e+06	1.07153e+06	933393	699420
PNO1	703843	510054	368992	159965
PNP	6.87555e+06	8.8925e+06	9.22146e+06	4.60467e+06
PNPLA4	403651	419463	147752	
PNPLA6	233235	123901	510103	691621
PNPLA8	344878	276151	613928	
PNPO	1.973e+06	3.43756e+06	1.45364e+06	964706
PNPT1	3.66925e+06	2.87882e+06	2.1131e+06	2.5341e+06
PODN	194242	204872	142291	
PODXL	1.40935e+06	864933	526681	
POF1B	361868	615596	1.25115e+06	1.9574e+06
POFUT1	1.88775e+06	1.04564e+06	942464	658433
POFUT2	1.16571e+06	1.01429e+06	1.15056e+06	267577
POGLUT1	1.2553e+06	1.22241e+06	1.04802e+06	682495
POGLUT2	338758	159127	56445.7	
POGLUT3	1.79588e+06	1.38837e+06	1.24488e+06	756355
POGZ	81511.3		92145.5	
POLA2	222991	120482		
POLB	287176	270331	226023	
POLD1	2.53656e+06	941115	2.46824e+06	2.63428e+06
POLD2	541245	276346	82832.8	
POLD3	246559		65758.7	401426
POLDIP2	1.8499e+06	1.75719e+06	1.32785e+06	568288
POLDIP3	1.15674e+06	842752		1.39483e+06
POLE3	1.06052e+06	652746	448806	
POLR1A	671826	242968	390155	
POLR1B	779648	283042	508101	
POLR1C	934773	581220	443813	635781
POLR1D	623823	394833	799447	
POLR1E	142666			
POLR1F	496955	424047	191663	
POLR1G	735093	164906	209027	
POLR2A	279018	121025	252419	713515
POLR2B	772316	222930	603188	1.42945e+06
POLR2C	289247	165857	341654	875692
POLR2E	1.29701e+06	1.13392e+06	1.27698e+06	775821
POLR2G	253691	156459	250652	
POLR2H	610587	634640	495669	130140
POLR2I	147172	152497		
POLR3C	460154	402001	580654	136936
POLR3F	316635	290201	217741	
PON1	2.19086e+06	1.89899e+06	1.50902e+06	2.37329e+06
PON2	2.4334e+06	2.14895e+06	1.24664e+06	826749
PON3	1.13698e+06	1.14132e+06	807571	1.20775e+06
POP1	681296	331702	388700	
POP7	365347	284422	302830	
POR	5.25694e+06	3.53265e+06	5.66402e+06	2.96007e+06
POSTN	7.48324e+06	3.59491e+06	1.28342e+07	2.44913e+06
POTEKP	585452	312390	528673	760637
POU2F1	436269	326497	254064	
PPA1	2.68823e+07	2.118e+07	9.86811e+06	1.1799e+07
PPA2	6.28365e+06	9.90494e+06	5.52724e+06	9.07245e+06
PPAT	2.41357e+06	2.02864e+06	1.20333e+06	1.3649e+06
PPBP	1.59444e+06	4.67946e+06	1.48677e+06	3.92458e+06
PPCDC	136145	501860	318462	92283.7
PPCS	2.38973e+06	3.27456e+06	2.43453e+06	1.81951e+06
PPFIA1	207619	159179	338175	
PPFIBP1	755440	238465	453825	
PPIA	1.67147e+08	1.55871e+08	1.22221e+08	1.26087e+08
PPIB	5.03566e+07	8.26549e+07	4.90138e+07	3.89033e+07
PPIC	2.17615e+06	2.28082e+06	1.88908e+06	972951
PPID	1.06556e+06	839198	617486	
PPIE	1.00825e+06	1.09019e+06	899420	735980
PPIF	2.73955e+06	4.39823e+06	3.25265e+06	3.57735e+06
PPIH	2.77612e+06	2.50186e+06	2.04417e+06	1.06089e+06
PPIL1	2.1275e+06	2.18004e+06	2.08498e+06	1.68362e+06
PPIL2	89238.4		142952	
PPIL3	3.54655e+06	4.56051e+06	3.4158e+06	3.16321e+06
PPIL4	1.07141e+06	792648	781667	612390
PPIP5K2	790881	957149	1.27418e+06	
PPL	2.34009e+07	2.67926e+07	4.84276e+07	2.3849e+07
PPM1A	1.14521e+06	1.80663e+06	1.25254e+06	889641
PPM1B	1.23914e+06	1.67e+06	1.40835e+06	1.18322e+06
PPM1F	1.45444e+06	1.52735e+06	389043	1.11008e+06
PPM1G	2.79929e+06	2.59441e+06	1.68019e+06	2.51979e+06
PPM1H	295255	294651	98980.9	
PPME1	2.13819e+06	1.31924e+06	1.15466e+06	999397
PPOX	36064.6	27447	94162.1	
PPP1CA	6.09746e+06	4.71561e+06	4.91287e+06	2.7539e+06
PPP1CB	3.89984e+06	3.7754e+06	4.0352e+06	1.94957e+06
PPP1CC	2.61743e+06	2.45339e+06	2.39174e+06	1.67296e+06
PPP1R10	251148	185209	205517	
PPP1R11	656008	621846	374320	2.48341e+06
PPP1R12A	5.03358e+06	3.82742e+06	3.73692e+06	4.10087e+06
PPP1R12B	497420	635468	674061	1.20404e+06
PPP1R12C	397162	360853	179161	
PPP1R14A	147396	267189		242255
PPP1R14B	1.05634e+06	780843	249036	1.061e+06
PPP1R14D	29756.3	50339		
PPP1R18	1.47675e+06	1.14791e+06	419835	1.3992e+06
PPP1R1B	730552	2.25599e+06		4.30182e+06
PPP1R2	493247	706260	180472	683795
PPP1R21	166687		342390	
PPP1R37	124639			
PPP1R3D	458671	271857	180584	
PPP1R7	3.18987e+06	3.57777e+06	3.49729e+06	2.91648e+06
PPP1R8	1.98533e+06	2.21928e+06	621768	2.06102e+06
PPP1R9B	144197	146851	255127	
PPP2CA	354387	310102	395449	
PPP2R1A	4.81121e+06	4.55087e+06	2.54266e+06	4.77347e+06
PPP2R1B	754086	294428		
PPP2R2A	903150	1.12319e+06	1.20963e+06	827426
PPP2R5A	709270	683784	738596	614495
PPP2R5B	182856	163671		
PPP2R5C	348033	316861	238047	
PPP2R5D	415212	309833	259690	524723
PPP2R5E	1.03824e+06	877257	702464	
PPP3CA	2.00491e+06	2.29388e+06	2.16708e+06	1.6958e+06
PPP3CB	780086	751404	862362	
PPP3CC	241958	212668	289648	
PPP3R1	215869	285957	55475.9	
PPP4C	1.58942e+06	1.9563e+06	1.69595e+06	794630
PPP4R1	190249	134479	100603	
PPP4R2	316459	279669		153387
PPP4R3A	260663	192280	299200	486969
PPP4R3B	1.0652e+06	839330	1.08366e+06	1.47962e+06
PPP5C	2.10022e+06	2.32675e+06	1.95814e+06	1.57091e+06
PPP6C	988534	992273	703769	298139
PPP6R1	134166	93067.6		394778
PPP6R3	236442	98372.5	136138	
PPT1	5.10529e+06	7.16201e+06	3.57414e+06	2.48664e+06
PPWD1	715536	859517	676814	926964
PQBP1	469755	540018	625507	443872
PRAF2	2.11374e+06	1.5167e+06	1.91394e+06	2.02884e+06
PRAM1	466391	246851	304084	
PRCC	401741	353379	271909	320925
PRCP	2.40178e+06	4.09691e+06	3.61092e+06	1.74449e+06
PRDX1	6.53274e+07	1.03911e+08	7.55224e+07	4.72959e+07
PRDX2	6.31843e+07	9.56548e+07	5.02919e+07	5.3453e+07
PRDX3	1.45188e+07	2.43175e+07	3.64312e+07	2.66018e+07
PRDX4	1.1286e+07	3.24905e+07	1.79022e+07	1.10639e+07
PRDX5	3.27158e+07	4.23521e+07	2.60217e+07	5.04768e+07
PRDX6	5.1338e+07	4.94547e+07	3.34287e+07	3.56409e+07
PREB	1.44598e+06	2.14497e+06	3.13255e+06	3.04433e+06
PRELP	4.14041e+06	2.6311e+06	3.57251e+06	2.23363e+06
PREP	4.60336e+06	5.91736e+06	4.55989e+06	4.52226e+06
PREPL	164804	231925	263626	
PREX1	153964	106914	215808	
PRG2	6.66656e+06	7.79752e+06	1.20036e+07	3.04723e+06
PRG3	4.68765e+06	4.4299e+06	7.36085e+06	3.11286e+06
PRH1	116942			
PRIM1	216870			
PRIM2	326204		778582	
PRKAA1	1.01792e+06	883657	1.84126e+06	1.73688e+06
PRKAB1	573989	532643	828560	320710
PRKACA	551908	651331	1.03866e+06	
PRKACB	829475	919068	1.29618e+06	1.59242e+06
PRKAG1	834504	717674	1.055e+06	788013
PRKAR1A	2.19582e+06	3.00575e+06	2.31532e+06	3.11938e+06
PRKAR2A	5.34338e+06	6.75341e+06	4.4411e+06	5.09114e+06
PRKAR2B	1.75164e+06	3.12188e+06	1.14288e+06	1.59497e+06
PRKCA	592784	501396	470388	1.56036e+06
PRKCB	757020	1.16017e+06	1.28482e+06	1.8546e+06
PRKCD	1.48881e+06	1.89618e+06	2.51841e+06	1.59539e+06
PRKCI	943832	704266	501148	
PRKCSH	1.92313e+07	3.1795e+07	2.18379e+07	2.25619e+07
PRKD2	198055	183243	372549	
PRKDC	1.32738e+07	3.51733e+06	1.09475e+07	8.52582e+06
PRKG1	689747	323781	988545	784404
PRKRA	878341	698796	803581	393694
PRKRIP1	70198.8		37346.7	
PRMT1	1.01743e+07	5.54198e+06	6.28165e+06	1.78858e+06
PRMT3	433442	114041		
PRMT5	2.91278e+06	3.11705e+06	3.59826e+06	2.16379e+06
PRNP	773023	1.22578e+06	1.01891e+06	390131
PROC	705329	678535	615419	
PROCR	4.06212e+06	3.25513e+06	2.59761e+06	1.03999e+06
PROM1	269878	243263		
PRORP	78350	33403.3	33111.1	
PROS1	2.21654e+06	2.93169e+06	2.85459e+06	1.64892e+06
PRPF18	63705.6	176668	39470.8	
PRPF19	1.35429e+07	8.23545e+06	1.29408e+07	5.59028e+06
PRPF3	585047	321741	412103	
PRPF31	2.43702e+06	2.78761e+06	2.47561e+06	1.26855e+06
PRPF38A	214692		114251	
PRPF38B	409686	319134	623168	
PRPF39	381445	207781	303963	
PRPF4	701146	410052	519390	
PRPF40A	389552		870430	
PRPF4B	344659	352861	805614	
PRPF6	869182	208632	945360	147736
PRPF8	1.06876e+06	300205	2.64865e+06	472200
PRPS1	1.42536e+06	1.84615e+06	912721	295996
PRPS2	2.17755e+06	1.76737e+06	993183	988580
PRPSAP1	1.62654e+06	1.55489e+06	662422	680914
PRPSAP2	951484	1.80884e+06	1.63841e+06	1.32713e+06
PRR15	1.87987e+06	823936		1.41585e+06
PRR15L	168642			252101
PRRC1	3.50899e+06	6.55106e+06	5.56727e+06	6.12942e+06
PRRC2A	503303	388385		
PRRC2B	138494	59781.2	86753.1	
PRRC2C	1.44661e+06	984382	534963	1.49731e+06
PRSS1			794460	
PRSS23	102868			
PRSS3	2.93719e+06	2.77375e+06	5.54816e+06	3.63433e+07
PRSS8	535090	384514	423400	295533
PRTFDC1	647153	538371	277657	223546
PRTN3	1.63187e+07	5.57674e+06	6.5692e+07	988569
PRUNE1	436638	278146	181300	
PRXL2A	1.45255e+06	966741	1.4026e+06	758331
PRXL2B	1.02277e+06	774551	554809	812685
PRXL2C	95071.6	112028	114848	
PSAP	2.42972e+07	4.05383e+07	1.4559e+07	9.01675e+06
PSAT1	2.79517e+06	1.91083e+06	1.33452e+06	586620
PSEN1	534441	371127	503639	
PSIP1	1.65232e+06	1.54992e+06	1.70135e+06	1.08937e+06
PSMA1	1.56764e+07	1.86484e+07	1.52884e+07	1.32337e+07
PSMA2	9.10684e+06	1.06876e+07	1.01954e+07	6.29214e+06
PSMA3	1.31839e+07	1.79063e+07	1.52437e+07	1.06561e+07
PSMA4	1.66707e+07	1.93012e+07	1.72681e+07	8.72829e+06
PSMA5	5.16824e+06	8.04895e+06	6.52277e+06	5.83381e+06
PSMA6	1.93103e+07	2.15553e+07	1.81158e+07	1.22135e+07
PSMA7	8.19012e+06	9.27721e+06	7.08924e+06	5.07009e+06
PSMB1	1.33284e+07	1.69254e+07	1.38866e+07	9.23035e+06
PSMB10	5.33587e+06	7.07701e+06	4.87618e+06	3.06359e+06
PSMB2	1.13985e+07	1.47323e+07	1.17759e+07	7.17374e+06
PSMB3	4.2648e+06	5.28661e+06	4.3317e+06	2.3213e+06
PSMB4	1.08182e+07	1.36069e+07	1.13466e+07	5.81172e+06
PSMB5	1.54534e+06	1.62899e+06	1.57426e+06	748227
PSMB6	5.94947e+06	6.59881e+06	9.43895e+06	7.09057e+06
PSMB7	6.07949e+06	6.40376e+06	7.28602e+06	6.2307e+06
PSMB8	1.11107e+07	1.46233e+07	1.17593e+07	7.1685e+06
PSMB9	9.62296e+06	1.27066e+07	1.00883e+07	7.0297e+06
PSMC1	3.08276e+06	1.94551e+06	2.01174e+06	3.92378e+06
PSMC2	2.95623e+06	1.96754e+06	1.86195e+06	1.78872e+06
PSMC3	4.33684e+06	3.11979e+06	3.4664e+06	4.48813e+06
PSMC4	3.2854e+06	2.64629e+06	1.68295e+06	2.95732e+06
PSMC5	2.73966e+06	2.14813e+06	2.07952e+06	2.89467e+06
PSMC6	2.83905e+06	2.2348e+06	1.71396e+06	2.19327e+06
PSMD1	4.71741e+06	2.68934e+06	3.07305e+06	2.67382e+06
PSMD10	1.84523e+06	2.79833e+06	2.94537e+06	2.71412e+06
PSMD11	4.46522e+06	2.94838e+06	1.88867e+06	2.30441e+06
PSMD12	3.21063e+06	1.81238e+06	2.33829e+06	1.20687e+06
PSMD13	3.04258e+06	2.61322e+06	1.5019e+06	1.736e+06
PSMD14	4.32117e+06	3.78197e+06	2.15879e+06	3.37943e+06
PSMD2	2.75484e+06	1.68168e+06	1.94093e+06	1.39814e+06
PSMD3	4.12521e+06	2.7703e+06	3.53782e+06	2.82108e+06
PSMD4	2.96056e+06	2.70092e+06	1.27591e+06	2.9757e+06
PSMD5	1.64073e+06	2.05155e+06	807227	1.65625e+06
PSMD6	2.66961e+06	2.40907e+06	1.87705e+06	1.3323e+06
PSMD7	3.29857e+06	2.65657e+06	2.70817e+06	2.11844e+06
PSMD8	5.47342e+06	4.74234e+06	3.47916e+06	2.62569e+06
PSMD9	4.09371e+06	4.78862e+06	4.0125e+06	5.15223e+06
PSME1	3.31681e+07	7.39937e+07	4.29689e+07	2.48871e+07
PSME2	1.19629e+07	3.55069e+07	5.88317e+06	1.39845e+07
PSME3	4.30013e+06	2.84027e+06	757795	1.81144e+06
PSME3IP1	542333	396471	178561	499702
PSME4	154749	93205.1	168732	
PSMF1	1.32302e+06	1.43047e+06	1.15206e+06	1.06658e+06
PSMG1	1.55475e+06	1.17716e+06	948886	1.53971e+06
PSMG2	1.08422e+06	562307	463802	151473
PSMG3	1.55251e+06	2.48942e+06	418059	
PSPC1	3.11833e+06	2.71762e+06	2.66194e+06	2.24273e+06
PSPH	2.08418e+06	1.94985e+06	832115	837745
PSTPIP1	116198		308220	
PSTPIP2	505354	491200	845854	196064
PTAFR	30661		36371.4	
PTAR1	11551.1	10142.5	26100.3	
PTBP1	2.06803e+07	1.79967e+07	1.88357e+07	1.61456e+07
PTBP2	8.02429e+06	6.64076e+06	6.60263e+06	4.54129e+06
PTBP3	1.83851e+06	1.11011e+06	1.40281e+06	1.27614e+06
PTCD1	218008	103695	137969	
PTCD3	512367	105448	965908	706620
PTDSS1	539535	162190	1.3456e+06	
PTDSS2	109030	72085.9	191282	
PTEN	256351	300662	359887	399631
PTER	1.00695e+06	1.91154e+06	1.14434e+06	1.27244e+06
PTGDS	706811	1.69652e+06	1.25652e+06	683427
PTGES	736447	577982	1.8498e+06	
PTGES2	1.47405e+06	1.65109e+06	1.19791e+06	1.44946e+06
PTGES3	1.47976e+07	1.13973e+07	1.04535e+07	9.12529e+06
PTGFRN	2.34188e+06	3.84911e+06	3.78562e+06	3.47758e+06
PTGIS	834775	286596	578680	286951
PTGR1	1.88991e+06	2.88001e+06	1.99276e+06	1.34274e+06
PTGR2	732606	1.14821e+06	541988	634017
PTGR3	429908	747353	457989	811109
PTGS1	1.24721e+06	2.08859e+06	2.36889e+06	1.59018e+06
PTGS2	1.67448e+06		7.21584e+06	
PTK2	275656	279330	220087	
PTK2B	62985.3	51824.4	166432	
PTK6	232083	301336	383678	
PTK7	3.31437e+06	2.06925e+06	1.90576e+06	1.67554e+06
PTMA	8.79932e+06	2.50116e+07	4.96603e+06	1.97138e+07
PTMS	6.4473e+06	1.11313e+07	3.75639e+06	2.05756e+07
PTP4A1	1.31943e+06	1.08469e+06	858270	973285
PTP4A2	458269	360937	534882	478265
PTPA	2.45776e+06	2.8153e+06	3.11316e+06	1.97686e+06
PTPMT1	73611.8	35287.8		
PTPN1	3.57172e+06	3.67936e+06	2.7024e+06	1.05012e+06
PTPN11	2.66108e+06	2.36957e+06	2.51717e+06	1.69645e+06
PTPN12	901295	446111	426413	477677
PTPN2	495311	578677	612079	97575.3
PTPN23	566187	324734	613479	878103
PTPN3	78715.3			
PTPN6	3.38198e+06	4.01327e+06	7.97064e+06	3.18118e+06
PTPN7	212230	258348	94473	
PTPN9	261245	209207	361095	
PTPRA	1.67542e+06	1.71264e+06	1.75313e+06	1.73665e+06
PTPRC	5.3921e+06	7.74123e+06	1.02605e+07	4.02278e+06
PTPRCAP	138687	739253	413351	
PTPRE	737232	758205	451007	279266
PTPRF		153523	430854	400135
PTPRG	407168	339163	386934	
PTPRJ	1.45596e+06	1.23842e+06	2.63136e+06	2.22858e+06
PTPRK	942230	883385	879494	686872
PTRH1	303427	388556		
PTRH2	1.11931e+06	1.12631e+06	638067	1.12709e+06
PTRHD1	1.4434e+06	2.97628e+06	1.38345e+06	
PTS	86193.5	55245.4		
PTTG1IP	473302	419085	286750	1.28649e+06
PTX3	526120	246333	954592	
PUDP	1.18943e+06	1.14055e+06	779894	383900
PUF60	9.23046e+06	6.28814e+06	1.13844e+07	3.17185e+06
PUM1	545289	298937	139972	161759
PUM2	194709	72929.8	110198	
PUM3	234897	100185	116780	
PURA	2.59755e+06	3.38226e+06	3.25575e+06	2.43615e+06
PURB	1.85536e+06	1.8116e+06	1.16173e+06	1.54137e+06
PUS1	1.06616e+06	811753	825938	280706
PUS7	2.69435e+06	1.37787e+06	685352	
PVR	732728	661833	511762	244178
PWP1	178562	98132.7	124317	
PWP2	423350	256080	227727	
PXDN	393761	227454	390330	555555
PXK	108583	84757.5		
PXMP2	287541	55547.2	576155	787026
PXMP4	216665	332602	308402	406342
PXN	1.09602e+06	716608	540091	1.04569e+06
PYCARD	6.82049e+06	7.45224e+06	5.44474e+06	4.45407e+06
PYCR1	910959	531966	249496	1.06501e+06
PYCR2	817061	487073	257277	1.44912e+06
PYCR3	463914	337817	280222	237770
PYGB	7.69476e+06	1.34903e+07	5.94984e+06	9.35333e+06
PYGL	7.26876e+06	7.41998e+06	7.21147e+06	5.20345e+06
PYGM	78486.6	115045	82544.9	
PYGO2	187719	161857		
PYM1	835771	1.45554e+06	1.19495e+06	1.68735e+06
PYURF		1.2008e+06		7.29792e+06
PZP	497476	540415	425457	
QARS1	3.18582e+06	1.95994e+06	3.63761e+06	2.63349e+06
QDPR	2.79059e+06	4.58304e+06	3.25654e+06	3.07959e+06
QKI	1.54523e+06	1.57143e+06	1.21529e+06	1.24632e+06
QNG1	1.01907e+06	1.15992e+06	824150	958176
QPCT	387023	224773	616243	80583.9
QPCTL	216953	462724	578588	238334
QPRT	4.02614e+06	1.15919e+07	819616	3.93895e+06
QRICH1	232085	204222	155351	431023
QRSL1	529580	491439	479915	
QSER1		223944	295513	
QSOX1	774060	1.16923e+06	1.76002e+06	1.87788e+06
QSOX2	521001	653106	463222	
QTRT1	1.99131e+06	2.28856e+06	1.49584e+06	2.61851e+06
QTRT2	733923	716333	610149	
R3HDM1	268191	265548	213205	
RAB10	8.6272e+06	1.04145e+07	9.60793e+06	5.33081e+06
RAB11B	4.41216e+06	5.43516e+06	4.16302e+06	2.17828e+06
RAB11FIP1	636007	382999	497543	562929
RAB11FIP5	145081			
RAB12	1.11834e+06	1.3279e+06	954628	1.01876e+06
RAB13	1.99753e+06	2.17909e+06	2.34646e+06	2.41014e+06
RAB14	8.07324e+06	9.94167e+06	8.00074e+06	4.97665e+06
RAB18	4.76203e+06	5.51082e+06	2.86863e+06	2.93583e+06
RAB19	496112	757887	408268	
RAB1A	7.25394e+06	1.23093e+07	6.95108e+06	9.14337e+06
RAB1B	3.72271e+06	5.15008e+06	2.93281e+06	3.0988e+06
RAB20	289489	261266	143097	
RAB21	3.05702e+06	4.18136e+06	3.91367e+06	2.3774e+06
RAB22A	1.265e+06	1.18973e+06	680778	194197
RAB23	3.02079e+06	3.02794e+06	2.06334e+06	1.56899e+06
RAB24	352085	786055	890262	201956
RAB25	1.92363e+06	3.63679e+06	2.50916e+06	3.91767e+06
RAB27A	2.39715e+06	4.28003e+06	2.62327e+06	3.07749e+06
RAB27B	280646	907009	639637	768442
RAB28	160985	211837		
RAB29	1.01489e+06	1.07842e+06	462739	708428
RAB2A	6.67124e+06	8.65922e+06	7.71029e+06	4.55707e+06
RAB2B	364082	497180	222039	290618
RAB30	187350	775225	246327	
RAB31	1.4388e+06	787577	1.37033e+06	
RAB32	2.09727e+06	2.57872e+06	1.97904e+06	1.4327e+06
RAB33B	5.78991e+07	7.88342e+07	7.73323e+07	3.77928e+07
RAB34	782716	789255	699528	384317
RAB35	4.92796e+06	6.41558e+06	5.79666e+06	5.15875e+06
RAB37	230807	471756	502530	
RAB39A	277008	347959	552395	
RAB3A	1.41954e+06	1.87797e+06	3.20538e+06	834340
RAB3D	783094	1.50795e+06	964939	1.49338e+06
RAB3GAP1	1.31118e+06	1.17733e+06	1.8402e+06	2.4702e+06
RAB3GAP2	607079	242370	1.38815e+06	581445
RAB3IL1	231665			
RAB43	748604	975849	640267	853283
RAB44	101136	93830.3	199908	
RAB4A	2.50385e+06	3.50302e+06	2.49587e+06	2.01765e+06
RAB4B	691518	1.03188e+06	923057	1.02938e+06
RAB5A	5.25803e+06	7.07715e+06	2.02049e+06	5.65739e+06
RAB5B	1.92854e+06	2.86463e+06	1.63233e+06	1.838e+06
RAB5C	1.43719e+07	1.50719e+07	7.25532e+06	6.84536e+06
RAB6A	8.20178e+06	1.0546e+07	7.43342e+06	7.7395e+06
RAB6B		217658	136741	
RAB7A	2.06153e+07	2.27865e+07	2.42705e+07	1.00781e+07
RAB7B	92923.9	171723	98514.5	
RAB8A	4.53996e+06	7.77012e+06	5.85844e+06	4.4921e+06
RAB8B	2.27146e+06	3.21764e+06	4.07417e+06	1.73328e+06
RAB9A	1.06917e+06	1.48764e+06	360771	649687
RABAC1	631580	898796	1.86319e+06	2.80156e+06
RABEP1	299415	198340	366679	
RABEP2	53478	119550		105826
RABEPK	644461	563770	504843	
RABGAP1	320783	143885	272331	717958
RABGAP1L	181921	181127	201682	
RABGEF1	206671	163569	200751	
RABGGTA	564098	841997	766693	598036
RABGGTB	341882	463937	229556	632721
RABIF	1.42943e+06	1.79588e+06	1.10111e+06	
RABL3	947915	1.16411e+06	535728	722961
RABL6	849851	922466	943809	1.18826e+06
RAC1	6.81476e+06	7.12139e+06	7.60425e+06	4.14699e+06
RAC2	1.15308e+07	1.85326e+07	9.75754e+06	5.71816e+06
RACK1	3.1455e+07	3.79302e+07	2.32625e+07	1.4305e+07
RAD1	497707	511826	318659	
RAD18	717498	454707	1.52232e+06	269770
RAD21	260673	140213	584710	
RAD23A	2.38589e+06	3.8811e+06	2.40455e+06	2.41373e+06
RAD23B	8.74533e+06	1.13517e+07	8.02045e+06	6.53665e+06
RAD50	1.25145e+06	388751	1.186e+06	827472
RAD9A	330062	277835	187175	
RAE1	1.70311e+06	1.16956e+06	840554	693731
RAI14	419739	460189	533927	
RALA	2.82722e+06	2.19627e+06	1.93823e+06	1.43361e+06
RALB	2.86829e+06	2.82618e+06	3.55689e+06	1.89887e+06
RALGAPB	439148	382597	613085	
RALY	1.03366e+07	8.15276e+06	7.62618e+06	7.56265e+06
RALYL	8.91517e+06	5.76539e+06	7.84421e+06	4.89174e+06
RAN	6.02436e+07	7.1171e+07	5.608e+07	3.62253e+07
RANBP1	9.63065e+06	6.71939e+06	2.51677e+06	5.64145e+06
RANBP2	1.56018e+06	556606	1.84405e+06	
RANBP3	1.81373e+06	1.65657e+06	1.1417e+06	875668
RANBP6	578847	297354		
RANBP9	205764	165222	135499	
RANGAP1	1.07109e+06	665693	498306	1.28993e+06
RAP1A	2.11357e+06	2.28134e+06	1.84549e+06	852384
RAP1B	723685	679687	518105	
RAP1GAP		358706	184833	
RAP1GAP2	859603	717587	1.30977e+06	1.12887e+06
RAP1GDS1	930378	819568	460942	763801
RAP2A	132450	126457		
RAP2B	2.67313e+06	3.58862e+06	1.36133e+06	1.28758e+06
RAP2C	763601	815514		
RAPGEF2	110424		88068.5	
RAPH1	361490	369182	388622	
RARRES1	31099	32669.1	85941.2	
RARRES2	637190	545932	496525	600792
RARS1	5.78272e+06	4.07461e+06	3.9889e+06	4.16278e+06
RARS2	137281	58005.9	154718	
RASA1	457433	368948	579447	
RASA2	61818.2	46636.9	45249.3	
RASA3	136541	112398	159316	
RASAL2	22413.8			
RASAL3	2.22151e+06	1.53489e+06	1.66168e+06	1.30697e+06
RASL12	129405	155922	147954	170778
RASSF2	250986	285119	511078	
RASSF5	60180.6	54233.3	203331	
RAVER1	2.13617e+06	1.02712e+06	1.43853e+06	1.20439e+06
RAVER2	112428	51257.1	132427	
RB1	569664	209783	294982	
RBBP4	3.25233e+06	3.08973e+06	2.89272e+06	2.53668e+06
RBBP5	351172	226308	328864	
RBBP7	2.79984e+06	1.4788e+06	1.41477e+06	1.47363e+06
RBBP9	1.67821e+06	2.33114e+06	865610	918854
RBKS	543715	1.11005e+06	711682	420164
RBM10	1.20275e+06	750553	1.60317e+06	694336
RBM12	3.02098e+06	2.07197e+06	1.74574e+06	1.77466e+06
RBM12B	348831		452141	
RBM14	2.03659e+06	1.40728e+06	1.27528e+06	1.4747e+06
RBM15	489532	287422	791102	
RBM17	749056	696152	935777	232174
RBM19	99868.9	52849.9	38991	
RBM22	558879	415784	1.41584e+06	
RBM25	491167	80098.5	883046	
RBM26	472663	307325	374132	
RBM27	820071	592300	768494	964419
RBM28	281549	96004.4	243890	
RBM3	4.79823e+06	4.20231e+06	4.52276e+06	5.9732e+06
RBM33	433690	268769	68539.2	
RBM39	2.47084e+06	1.55793e+06	2.33131e+06	2.50014e+06
RBM4	767990	770959	317289	750971
RBM42	248452	337759	269159	
RBM45	80724.8	161058	63641.8	
RBM47	1.27377e+06	1.20208e+06	1.83623e+06	994100
RBM5	115411		453634	
RBM8A	2.8486e+06	3.04532e+06	4.21302e+06	2.57866e+06
RBMS1	570885		175186	
RBMS2	418894	243027		
RBMX	5.22125e+06	4.20158e+06	6.49458e+06	5.78504e+06
RBMXL1	325916	268103	458394	
RBP1	1.15441e+06	2.52765e+06	1.83246e+06	1.05533e+06
RBP2	1.70239e+06	4.02104e+06	500358	305380
RBP4	3.34245e+06	4.00656e+06	4.20183e+06	3.28135e+06
RBP5		1.12742e+06	511376	614703
RBP7	166662	208009	257383	
RBPJ	556918	434632	459016	
RBPMS	1.69189e+06	1.81897e+06	1.43031e+06	
RBX1	913000	1.03607e+06	584833	1.36588e+06
RCAN3	52483.4			
RCC1	4.81797e+06	4.07883e+06	2.92547e+06	2.72657e+06
RCC1L	421526	307931	262197	84872.2
RCC2	4.59319e+06	3.09046e+06	3.69072e+06	2.14734e+06
RCE1	116985		234709	
RCHY1	51217			
RCL1	200905		164684	
RCN1	1.50064e+07	2.23659e+07	7.35122e+06	8.86089e+06
RCN2	160093	516364		1.2665e+06
RCN3	3.98677e+06	2.8261e+06		1.6655e+06
RCOR1	275547	212202	401030	
RCSD1	678962	1.38478e+06	984780	970225
RDH10	316270	122934	332489	
RDH11	1.31455e+06	1.09096e+06	3.22681e+06	1.70208e+06
RDH13	732020	725406	857825	2.87677e+06
RDH14	1.10145e+06	1.47129e+06	1.64042e+06	1.75346e+06
RDX	1.61981e+06	1.60941e+06	1.35593e+06	1.27017e+06
RECK	361657	336660	239781	
RECQL	2.17244e+06	1.05146e+06	2.03034e+06	813120
REEP3	322150	228853		184525
REEP4	114025			
REEP5	2.81794e+06	3.66063e+06	4.35424e+06	5.00571e+06
REEP6	350130	672894	218400	411092
REG1A		1.24263e+06	567626	
REG1B		130506	119740	
REG3A		3.04859e+06	2.59493e+06	246186
REG4	4.1303e+07	1.42408e+07	8.56306e+06	7.17375e+06
REL	2.75989e+06	1.92794e+06	2.91595e+06	1.70939e+06
RELA	1.70142e+06	1.19643e+06	1.23382e+06	1.42989e+06
RELCH	93547.9	88997.4	106286	
REM2			1.04743e+06	
RENBP	1.03144e+06	1.43211e+06	1.02445e+06	488950
REPIN1	424044	192324	322513	127937
REPS1	667180			715137
RER1	1.73713e+06	2.05998e+06	2.95322e+06	1.48641e+06
RERG	372621	343629		
RETN	2.04584e+06	1.02135e+06	2.54698e+06	
RETREG3	1.91564e+06	1.01972e+06	1.36363e+06	1.0333e+06
RETSAT	317026	337645	775115	1.05752e+06
REXO2	3.38387e+06	3.92447e+06	2.43707e+06	1.06193e+06
RFC1	105946		148216	
RFC2	689682	281964		
RFC3	665586	249267	344987	
RFC4	699291	320607	454280	
RFC5	1.40022e+06	643280	686703	
RFFL	137990	67523.7		
RFK	201493	358170	183917	
RFT1	199908	87793.3	487256	228989
RFTN1	2.03048e+06	1.4294e+06	708013	1.22863e+06
RFX1	187549	157825		123245
RFX5	253524	271284	148878	
RGN	287192	687747	176663	
RGP1	154692	249669	272350	
RGS10	849402	1.32416e+06	939832	1.25562e+06
RGS14	202463	272621		
RGS19	263626	313994		
RGS3	326587	293472	136758	
RHAG	390563	188360	221949	
RHBDD2	150808		346439	
RHBDF2	147629	152693	131720	
RHEB	3.53964e+06	3.11765e+06	1.74953e+06	650537
RHOA	9.61511e+06	1.22067e+07	1.17104e+07	1.25785e+07
RHOB	950595	694474	562267	
RHOC	7.29404e+06	7.23993e+06	4.36103e+06	7.01255e+06
RHOF	221577	162101	158599	
RHOG	5.94342e+06	6.52703e+06	4.42467e+06	3.33953e+06
RHOT1	542039	496279	381570	369810
RHOT2	585772	601206	663736	574506
RHPN2	161067	70425.4	51623.6	
RIC8A	666376	699468	487951	511636
RIDA	2.04832e+06	2.68334e+06	559696	2.10306e+06
RIF1	54287.8			
RIGI	605424	526941	468381	
RILPL1	120897	90307.3		
RIMOC1	201013	92471.2		
RIN1	120889	51648.3	56009.2	
RIN3	94438.5	77486.3	152589	
RING1	97376			
RIOX2	208230	141992		
RIPK1	370003	346223	641294	184002
RIPOR1	118179	69072.4	138368	
RIPOR2	325646		670205	
RIT1	68365.4	55923.3	34381.4	
RMC1	205881	102887	240257	
RMDN1	1.09768e+06	1.04978e+06	1.73991e+06	695701
RMDN3	234886	222196	373427	391813
RMND1	248171		338587	
RMND5B	94111.2		47625.3	
RNASE1	501794	815042	1.19331e+06	2.81483e+06
RNASE2	5.95925e+07	1.26504e+08	1.28991e+08	5.22024e+07
RNASE3	2.23927e+07	2.48376e+07	4.54618e+07	1.64122e+07
RNASE4	167617	300643	379803	632644
RNASE6	819932	1.12364e+06	881965	
RNASE7	45692.2	95834.2	160028	
RNASEH2A	995054	994001		668147
RNASEH2B	314385	169182	155107	
RNASEH2C	2.29959e+06	1.34272e+06	884712	
RNASEL	99813.7	82327.5	64226.6	
RNASET2	1.74967e+06	3.03816e+06	2.59826e+06	2.41357e+06
RNF113A	424117	373516		314321
RNF114	3.19789e+06	1.61222e+06	998272	1.38289e+06
RNF123	229937	210005	195048	
RNF126	292908	244626		
RNF13	368989	383129	441685	
RNF130	68830.4		232516	
RNF14	167678	161045	151480	
RNF149	410617	241694	377397	80786.4
RNF170	241132	108564	302493	255048
RNF2	25104.8			
RNF20	533974	297099	490275	
RNF213	1.69063e+06	801182	2.01837e+06	1.94886e+06
RNF214	340427	231274	263917	442990
RNF220	264935	222371		
RNF25	142252	69798.3		
RNF40	273680	149774	159251	
RNF7	337738	286736		1.03474e+06
RNGTT	87034.3	53224.1	45476.6	
RNH1	1.29122e+07	9.82273e+06	6.95503e+06	7.39569e+06
RNMT	1.98745e+06	1.84109e+06	1.61701e+06	1.07437e+06
RNPEP	4.17446e+06	4.36745e+06	4.22317e+06	3.52392e+06
RNPS1	300665		561402	
RO60	2.4393e+06	2.35256e+06	2.78722e+06	1.34707e+06
ROBO1	377077	245665	222680	
ROCK1	858659	523989	1.7474e+06	1.20297e+06
ROCK2	1.25461e+06	727514	1.39456e+06	1.46878e+06
ROMO1	2.53384e+06	1.97271e+06	1.59915e+06	
ROR2	173929	83751.7	127881	
RP2	1.24486e+06	1.08521e+06	1.67636e+06	726757
RPA1	3.11298e+06	2.26584e+06	2.35883e+06	2.05843e+06
RPA2	2.17297e+06	2.02143e+06	1.62486e+06	1.32519e+06
RPA3	291933	566413	283417	
RPAP1	89544.4	47013.7	58758.9	
RPAP3	1.16695e+06	647243	964477	1.60816e+06
RPE		465586		
RPF2	106841	28041.6	143672	
RPIA	2.53775e+06	2.65901e+06	1.75356e+06	1.4629e+06
RPL10	2.54231e+06	3.58174e+06	2.93327e+06	6.67698e+06
RPL10A	1.01431e+07	1.03332e+07	1.02006e+07	7.10676e+06
RPL11	1.01521e+07	8.15655e+06	1.49429e+07	1.55993e+07
RPL12	1.62047e+07	1.53039e+07	1.78701e+07	1.60277e+07
RPL13	4.6142e+06	4.56113e+06	7.02836e+06	1.64531e+07
RPL13A	2.58421e+06	1.98215e+06	2.64684e+06	3.5522e+06
RPL14	6.77415e+06	6.91833e+06	3.40529e+06	1.44116e+07
RPL15	6.98202e+06	5.13866e+06	1.15091e+07	8.07848e+06
RPL17	2.15343e+06	3.64449e+06	1.78358e+06	6.41287e+06
RPL18	1.13012e+07	6.73316e+06	1.18257e+07	1.18828e+07
RPL18A	5.57096e+06	3.11265e+06	7.05091e+06	3.98756e+06
RPL19	2.76886e+06	4.65068e+06	1.71269e+06	1.1848e+07
RPL21	1.98261e+06	2.27378e+06	2.86218e+06	5.10758e+06
RPL22	2.3419e+07	2.56396e+07	3.78949e+07	3.98269e+07
RPL23	3.67537e+06	7.37802e+06	1.85869e+06	7.76179e+06
RPL23A	3.73715e+06	4.79288e+06	3.49893e+06	6.18397e+06
RPL24	1.03032e+06	2.21402e+06	795169	3.05094e+06
RPL26	580362	1.23694e+06	312814	1.37224e+06
RPL27	9.15014e+06	1.27268e+07	7.00415e+06	1.06983e+07
RPL27A	7.50335e+06	7.25221e+06	6.39545e+06	2.20124e+07
RPL28	4.52807e+06	3.46894e+06	4.42246e+06	8.13276e+06
RPL29	3.6059e+06	5.22029e+06	742198	2.17612e+07
RPL3	4.25253e+06	4.1929e+06	4.16792e+06	5.59548e+06
RPL30	3.45546e+07	2.85062e+07	4.48239e+07	2.2827e+07
RPL31	2.0431e+06	5.56492e+06	168732	1.0255e+07
RPL32	1.00866e+07	7.0923e+06	3.80818e+06	4.28625e+06
RPL34	2.66793e+06	5.04755e+06	2.55298e+06	7.98171e+06
RPL35	1.83043e+06	2.16789e+06	475669	3.19659e+06
RPL35A	8.24698e+06	5.34673e+06	1.22123e+07	8.21129e+06
RPL36	1.25576e+06	596673	1.18816e+06	997958
RPL36AL		94871.9		610419
RPL37	173199	792782	148257	2.94892e+06
RPL37A	1.78164e+06	1.16114e+06	1.73682e+06	1.25991e+06
RPL38	394178	1.20158e+06	411018	1.05332e+06
RPL4	5.15699e+06	5.17307e+06	3.87437e+06	8.44709e+06
RPL5	6.76337e+06	4.97301e+06	8.75357e+06	7.32434e+06
RPL6	1.23936e+07	8.18304e+06	1.39696e+07	1.27914e+07
RPL7	9.80091e+06	6.84047e+06	1.2086e+07	1.08099e+07
RPL7A	8.14873e+06	5.3148e+06	1.00494e+07	8.97979e+06
RPL8	9.63703e+06	7.82395e+06	6.50707e+06	1.93513e+07
RPL9	1.0144e+07	6.22907e+06	1.1142e+07	1.3344e+07
RPLP0	4.01189e+06	4.4932e+06	4.87031e+06	4.69725e+06
RPLP1	634496	3.91431e+06	443835	476251
RPLP2	5.25898e+06	3.55095e+07	1.64552e+06	1.05516e+07
RPN1	1.12463e+07	1.20647e+07	3.02641e+07	1.90766e+07
RPN2	5.7857e+06	6.33194e+06	8.01004e+06	8.26512e+06
RPP14	209376	207338	226367	
RPP25	392724	238733	160477	
RPP25L	208531	182040	245392	765950
RPP30	2.0454e+06	1.47512e+06	1.34456e+06	
RPP38	272832	179287		
RPP40	475695	335844	207223	
RPRD1A	346268	488403	813261	
RPRD1B	3.06638e+06	2.23158e+06	1.55511e+06	1.32238e+06
RPRD2	565370	485269	643240	
RPS10	4.14344e+06	6.82599e+06	568790	4.91735e+06
RPS11	5.82365e+06	4.69652e+06	3.63718e+06	9.63366e+06
RPS12	1.80195e+07	1.3497e+07	9.49707e+06	1.17868e+07
RPS13	1.1541e+07	1.34273e+07	1.34698e+07	5.25651e+07
RPS14	5.37751e+06	5.9204e+06	2.00171e+06	1.59712e+07
RPS15	5.4768e+06	5.20547e+06	2.14358e+06	6.555e+06
RPS15A	2.37182e+07	1.08092e+07	2.10373e+07	1.57359e+07
RPS16	1.86474e+07	1.5481e+07	1.05414e+07	1.19811e+07
RPS17	7.82823e+06	6.41729e+06	5.22369e+06	4.4928e+06
RPS18	2.40744e+07	2.20347e+07	1.01289e+07	2.09734e+07
RPS19	9.31316e+06	1.04983e+07	3.07265e+06	1.25711e+07
RPS19BP1	136706	129365		
RPS2	1.98057e+07	1.01301e+07	1.29566e+07	1.28718e+07
RPS20	1.23931e+07	1.03019e+07	5.01702e+06	7.53215e+06
RPS21	1.63314e+07	2.0425e+07	1.57128e+07	1.66216e+07
RPS23	6.93071e+06	5.45936e+06	7.80563e+06	9.6281e+06
RPS24	3.77372e+06	2.53626e+06	3.12099e+06	4.18559e+06
RPS25	1.27691e+07	2.2575e+07	3.71367e+06	2.18134e+07
RPS26	679508	1.1857e+06		3.98971e+06
RPS27	5.56603e+06	3.04985e+06	2.95803e+06	2.20188e+06
RPS27A	1.81905e+06	2.35985e+06	743003	1.56395e+06
RPS27L	2.83798e+06	4.3224e+06	4.36659e+06	6.62595e+06
RPS28	2.65701e+07	2.88298e+07	2.54299e+07	3.78602e+07
RPS29	1.0095e+06	490623	443087	513209
RPS3	3.77483e+07	3.31438e+07	2.76458e+07	1.92409e+07
RPS3A	2.55974e+07	2.18542e+07	8.50398e+06	2.23577e+07
RPS4X	2.46485e+07	1.38922e+07	2.4568e+07	1.80665e+07
RPS5	1.54435e+07	1.21063e+07	6.01856e+06	8.66412e+06
RPS6	5.37289e+06	5.30729e+06	3.05822e+06	1.07275e+07
RPS6KA1	986853	821561	1.08904e+06	1.02915e+06
RPS6KA3	1.40565e+06	1.07706e+06	1.28234e+06	1.35958e+06
RPS6KA4	168303	43546.8		
RPS6KA5	76769.4	79135.1	80119.2	
RPS7	8.85826e+06	8.54186e+06	4.60217e+06	1.16924e+07
RPS8	1.20881e+07	7.40789e+06	6.00961e+06	1.21342e+07
RPS9	3.17271e+07	1.967e+07	2.83564e+07	1.76795e+07
RPSA	1.46048e+07	2.17549e+07	1.06118e+07	4.65703e+06
RPTOR	111997	53776.3	101422	
RPUSD2	676295	703012	407438	
RRAD		251466		
RRAGA	371963	259190	327373	
RRAGC	546812	562152	694732	267900
RRAS	4.05756e+06	4.90563e+06	2.54993e+06	2.19574e+06
RRAS2	529918	439434	358149	493913
RRBP1	1.06268e+07	1.56706e+07	1.25498e+07	1.75538e+07
RRM1	2.52703e+06	1.40817e+06	2.15592e+06	
RRM2	1.66684e+06	1.08089e+06	988561	1.33854e+06
RRM2B	455410	848871	464355	2.08444e+06
RRP1	421470	169245	140231	
RRP12	590315	251079	328570	
RRP1B	1.29751e+06	884783	504922	1.66098e+06
RRP9	780029	662829	571201	
RSF1	182096	72836		
RSL1D1	779062	391138	1.0209e+06	
RSU1	6.30332e+06	6.09371e+06	8.16966e+06	5.52836e+06
RTCA	1.46308e+06	2.22367e+06	1.54922e+06	1.40657e+06
RTCB	4.84575e+06	6.53579e+06	3.82858e+06	2.9258e+06
RTF1	542350	477528	434614	195331
RTF2	1.64075e+06	698355	541069	
RTKN	385919	132246		
RTL8C	42973.9	55637.3		
RTN1	158589	144929	325333	
RTN2	212184	184695	449282	
RTN3	1.3075e+07	7.73172e+06	2.17926e+07	8.23046e+06
RTN4	1.12261e+07	6.61034e+06	1.05736e+07	5.65903e+06
RTN4IP1	356100	558035	558186	
RTRAF	1.82599e+06	3.75201e+06	1.43389e+06	1.79137e+06
RUFY1	1.07956e+06	708873	1.06009e+06	1.69466e+06
RUFY3	138261	97620.5	144453	
RUSF1	764146	755831	1.02927e+06	1.00392e+06
RUVBL1	6.32772e+06	4.66741e+06	2.71322e+06	3.03223e+06
RUVBL2	7.13329e+06	5.38169e+06	3.2271e+06	3.11691e+06
RWDD1	255122	339861	246624	
RWDD4	109789	136655	34181.9	
RXRA	319221	334881	218400	
RXRB	333329	155744	186035	
S100A10	8.77378e+06	1.15767e+07	3.98103e+06	6.69538e+06
S100A11	3.37934e+07	7.40985e+07	2.10899e+07	2.33217e+07
S100A12	5.78439e+06	3.62572e+06	1.83442e+07	857785
S100A13	4.15492e+06	7.75815e+06	4.2359e+06	2.32375e+06
S100A14	99540.2	524729	535735	588668
S100A16	1.28656e+06	1.98223e+06	1.65636e+06	1.03037e+06
S100A4	2.47819e+07	2.54672e+07	2.87144e+07	1.0297e+07
S100A6	1.47198e+08	3.02694e+08	6.65253e+07	1.06796e+08
S100A7	683283	2.10547e+06	5.44271e+06	4.04242e+06
S100A8	1.01158e+08	8.7857e+07	3.06175e+08	1.50146e+07
S100A9	1.06552e+08	7.07958e+07	2.80728e+08	1.2505e+07
S100P	6.74727e+06	1.88162e+07	1.46094e+07	1.79725e+07
S1PR2	84796.8	55829.7		
SAA4	4.23431e+06	5.72793e+06	5.16154e+06	4.8139e+06
SAAL1	58815.9	35370.5		
SACM1L	1.73603e+06	1.19132e+06	3.76911e+06	1.67622e+06
SAE1	3.40166e+06	3.29445e+06	1.59554e+06	1.57756e+06
SAFB	1.39034e+06	630201	1.94341e+06	542298
SAFB2	424087	518575	1.02117e+06	
SAG	999198	969300	1.5551e+06	2.43215e+06
SAMD1	164334	75769.7		
SAMD9	190181	278621	368825	
SAMHD1	6.48084e+06	5.66645e+06	5.58876e+06	4.32004e+06
SAMM50	279157	315538	1.01908e+06	654610
SAMSN1	166902	266824	206249	
SAP18	615836	728205	1.20967e+06	350599
SAP30BP	510545	586370	248882	
SAR1A	4.91505e+06	6.81581e+06	3.6997e+06	2.66282e+06
SAR1B	2.00589e+06	4.65084e+06	2.48614e+06	1.35017e+06
SARG	771785	574190	139729	729884
SARNP	4.45043e+06	5.19711e+06	1.42574e+06	8.015e+06
SARS1	8.14204e+06	1.07969e+07	5.3694e+06	5.46053e+06
SARS2	1.47024e+06	1.87122e+06	1.58662e+06	2.01786e+06
SART1	508093	406223	434689	
SART3	2.29855e+06	1.47334e+06	2.02397e+06	1.55164e+06
SASH3	737320	1.4196e+06	1.19119e+06	296601
SAT2	129600	256944	113365	84160.1
SATB2	290201		295182	
SBDS	5.98854e+06	4.31417e+06	3.51121e+06	1.75596e+06
SBF1	86983.9		106519	
SBNO1	354701			
SBSN	207935	363916	756525	677600
SCAF4	293308	143307	266010	
SCAMP1	771479	718096	426539	1.0627e+06
SCAMP2	2.48439e+06	3.8831e+06	3.9335e+06	6.85529e+06
SCAMP3	2.21629e+06	1.3347e+06	917667	2.13074e+06
SCAMP4	1.55618e+06	643587	1.97386e+06	470162
SCARB1	759938	772672	485062	
SCARB2	5.6935e+06	1.0158e+07	7.13637e+06	4.06677e+06
SCARF2	100490			
SCCPDH	3.13954e+06	2.20768e+06	4.58708e+06	3.47836e+06
SCD	1.08383e+06		712871	
SCFD1	603544	718432	745060	1.38956e+06
SCFD2	92146.1	193471	25080.3	
SCG2		319407		1.08151e+06
SCGN		479459	682775	554244
SCIN	417006	1.74609e+06	2.42149e+06	2.5442e+06
SCLY	1.63944e+06	2.29275e+06	1.28355e+06	1.21594e+06
SCO1	1.94532e+06	3.5016e+06	2.54142e+06	2.59746e+06
SCO2	1.05725e+06	942529	1.00729e+06	1.36606e+06
SCP2	7.75147e+06	1.10286e+07	1.13996e+07	1.12826e+07
SCPEP1	1.51049e+06	2.97168e+06	1.04673e+06	730524
SCRIB	1.87084e+06	1.90285e+06	1.73693e+06	2.33037e+06
SCRN1	1.93244e+06	1.73616e+06	1.30784e+06	1.21227e+06
SCRN2	1.35738e+06	2.44792e+06	1.12244e+06	896289
SCRN3	1.78002e+06	1.66295e+06	1.60338e+06	
SCYL1	1.36069e+06	623749	1.56214e+06	1.44533e+06
SCYL2	149233	62557.1	124865	
SDC1	778930	3.06424e+06	512666	1.36474e+06
SDC2	722196	443649	126528	117611
SDC4	464621	487369	372902	562018
SDCBP	1.7132e+06	1.13018e+06	1.64114e+06	458837
SDCBP2	183150	242056	131138	467637
SDE2	430846	365354		551974
SDF2	513059	482435	505982	305990
SDF2L1	1.81249e+06	6.62418e+06	4.0825e+06	4.4452e+06
SDF4	589261	1.34099e+06	348324	983978
SDHA	6.25097e+06	9.55363e+06	9.04158e+06	1.23798e+07
SDHAF1	15943.9	25779.9		
SDHB	5.62469e+06	9.05563e+06	1.07809e+07	1.07733e+07
SDHC	343669	291688	727415	215159
SDHD	1.50321e+06	1.98425e+06	2.2847e+06	1.52571e+06
SDK1	155114		137033	
SDR16C5		297587	382847	
SDR39U1	269499	541532	1.07023e+06	802527
SDR9C7	121661		206380	116056
SDS	109886	92336.9		
SDSL	1.12458e+06	1.46547e+06	951794	1.21008e+06
SEC11A	5.42451e+06	6.30723e+06	6.26531e+06	4.41719e+06
SEC11C	3.45084e+06	3.28359e+07	1.74008e+07	1.51507e+07
SEC13	4.08496e+06	3.7995e+06	3.89361e+06	2.54957e+06
SEC14L2	1.34355e+06	690088		
SEC16A	479745	731542	311148	2.31026e+06
SEC22B	4.67933e+06	6.73446e+06	6.52749e+06	8.88927e+06
SEC23A	1.21024e+06	520016	3.07883e+06	1.52084e+06
SEC23B	884348	948149	2.46185e+06	2.11647e+06
SEC23IP	1.66569e+06	1.11503e+06	3.13101e+06	1.50023e+06
SEC24A	773861	581692	1.88457e+06	1.32476e+06
SEC24B	320119	122095	826061	738092
SEC24C	1.02716e+06	655154	1.98182e+06	2.46358e+06
SEC24D	878356	485159	1.66048e+06	2.24104e+06
SEC31A	4.48748e+06	4.18369e+06	5.20041e+06	4.95368e+06
SEC61A1	2.16036e+06	1.98574e+06	3.24479e+06	2.95234e+06
SEC61B	8.38888e+06	1.3206e+07	9.88929e+06	6.12395e+06
SEC61G	3.21313e+06	4.7441e+06	5.1184e+06	4.48905e+06
SEC62	1.30154e+06	1.45108e+06	2.14171e+06	1.75305e+06
SEC63	1.14341e+06	640919	1.34972e+06	573707
SEH1L	1.5822e+06	1.53504e+06	1.35525e+06	708792
SEL1L	613972	660073	969130	1.0802e+06
SEL1L3	188101	196191	296677	
SELENBP1	1.35112e+07	3.56807e+07	2.23488e+07	3.62936e+07
SELENOF	759275	1.05741e+06	1.51778e+06	1.03325e+06
SELENOH	1.67558e+06	1.81699e+06	530637	832211
SELENOM	242940	698030	375135	
SELENOO	709645	680461	379126	523337
SELENOP	262241	335162	321507	130782
SELENOS	842290	755192	903827	353512
SELENOT	1.1039e+06	1.00718e+06	1.92054e+06	
SELENOW	707617	879617	775856	
SELL	205850	290974	410185	
SELP	482827	794026	415027	
SELPLG		605523		384997
SEMA4A	547690	752268	874922	809587
SEMA4B	288776	391480	347909	
SEMA4D	268223	284873	209141	
SEMA4G	110698	351568	406187	373163
SEPHS1	1.43626e+06	1.74711e+06	1.15603e+06	1.61379e+06
SEPHS2	911167	1.39012e+06	1.08903e+06	2.58652e+06
SEPSECS	837498	1.59152e+06	1.13744e+06	1.6904e+06
SEPTIN1	385374	647812	262148	768370
SEPTIN10	1.19848e+06	708435	732241	367685
SEPTIN11	5.74128e+06	3.71028e+06	3.67065e+06	3.45883e+06
SEPTIN2	1.15876e+07	8.34005e+06	7.65951e+06	6.5961e+06
SEPTIN4	128953	112028	70498.6	
SEPTIN5	486108	269863	528419	
SEPTIN6	1.16597e+06	1.67708e+06	1.80371e+06	1.22411e+06
SEPTIN7	1.08565e+08	6.42863e+07	8.39115e+07	5.79185e+07
SEPTIN8	2.82593e+06	1.58146e+06	1.37031e+06	1.97728e+06
SEPTIN9	5.71994e+06	3.43821e+06	2.6338e+06	6.59519e+06
SERBP1	9.66926e+06	9.88699e+06	5.50241e+06	1.15758e+07
SERF2	1.08998e+06	1.03686e+06	1.07447e+06	1.62138e+06
SERINC1	472877	456782	490795	
SERINC3	452393	126897	126569	
SERINC5	428091	131024	273326	196403
SERPINA1	6.4531e+07	9.1771e+07	6.77293e+07	5.71279e+07
SERPINA10	79227.4	122015	93559.8	
SERPINA12		119521	198743	264670
SERPINA3	1.63366e+07	2.11165e+07	2.04874e+07	1.2981e+07
SERPINA4	1.39534e+06	1.6734e+06	1.40842e+06	730823
SERPINA5	2.11313e+06	1.93609e+06	2.12073e+06	1.26043e+06
SERPINA6	2.06423e+06	2.38041e+06	1.54736e+06	1.40544e+06
SERPINA7	734013	870368	1.05421e+06	768890
SERPINB1	1.68814e+07	2.1464e+07	3.28918e+07	1.30343e+07
SERPINB10	1.61325e+06	1.12451e+06	4.02965e+06	
SERPINB12	839764	1.64131e+06	2.5076e+06	6.57238e+06
SERPINB13	5349.9	49545	94897.9	
SERPINB2		270274	323635	
SERPINB3	927336	2.21621e+06	6.97624e+06	6.64752e+06
SERPINB4		640170	759473	388619
SERPINB5	1.95018e+06	5.86914e+06	4.00518e+06	1.8511e+06
SERPINB6	2.08827e+07	2.68346e+07	1.92601e+07	1.38367e+07
SERPINB8	1.18557e+06	1.65103e+06	2.18449e+06	1.68097e+06
SERPINB9	4.90352e+06	6.6237e+06	4.92024e+06	2.46624e+06
SERPINC1	8.9349e+06	1.29449e+07	1.14964e+07	9.02101e+06
SERPIND1	3.28903e+06	3.67744e+06	3.53657e+06	2.78673e+06
SERPINE2	936402	610602	395516	
SERPINF1	5.76598e+06	4.03714e+06	3.00974e+06	3.02901e+06
SERPINF2	3.02527e+06	4.42704e+06	1.86425e+06	5.22542e+06
SERPING1	9.61764e+06	1.24122e+07	6.07515e+06	5.35361e+06
SERPINH1	3.06166e+07	1.24097e+07	6.38571e+06	5.10325e+06
SERPINI1	147297	267237	212978	
SET	2.84686e+06	4.05894e+06	2.21605e+06	2.20008e+06
SETD1A	178044		196164	
SETD3	374162	253222	439398	1.08776e+06
SETD7	727961	608001	510175	184642
SETMAR	192901	239191	102936	216675
SF1	3.13081e+06	3.08246e+06	2.25356e+06	1.7473e+06
SF3A1	3.47018e+06	3.04558e+06	4.23088e+06	1.6086e+06
SF3A2	1.08778e+06	980599	592684	600055
SF3A3	1.76648e+06	1.48156e+06	879221	1.2763e+06
SF3B1	1.41134e+06	790588	1.16406e+06	743081
SF3B2	2.01765e+06	1.54466e+06	1.31676e+06	1.17408e+06
SF3B3	5.80832e+06	3.17591e+06	6.43095e+06	2.1633e+06
SF3B4	1.65518e+06	1.09744e+06	1.89914e+06	465175
SF3B6	1.00516e+06	498806	1.18469e+06	
SFN	3.0841e+06	9.89168e+06	5.98588e+06	6.07951e+06
SFPQ	7.52827e+06	6.49049e+06	1.24403e+07	5.55905e+06
SFRP4	483433			
SFT2D2	1.04875e+06	509081	697380	341496
SFT2D3	285100	122378		375041
SFXN1	948388	425052	1.42669e+06	2.71081e+06
SFXN3	829022		1.41755e+06	1.99447e+06
SGCB	901778	1.00846e+06	726254	
SGCD	996832	1.07339e+06	709250	911066
SGCE	519102	794030	511903	
SGK3	125270	139294	230563	
SGO2	379109			1.30703e+06
SGPL1	1.21205e+06	463951	732177	721385
SGSH	1.60342e+06	2.44733e+06	1.46343e+06	1.27358e+06
SGSM3	87103.6	163493	221236	424352
SGTA	2.36022e+06	2.8085e+06	900509	1.65405e+06
SGTB	447998	627842	531190	
SH2D1A	292024	215407	264030	
SH3BGRL	6.96726e+06	1.62803e+07	1.18582e+07	8.08377e+06
SH3BGRL2	1.38485e+06	2.63357e+06	1.63346e+06	1.18077e+06
SH3BGRL3	9.23519e+06	1.64354e+07	1.71943e+07	1.92907e+07
SH3BP1	4.2011e+06	5.59535e+06	2.12628e+06	4.29236e+06
SH3BP4	159867			
SH3D19	402819	439487	132738	290204
SH3GL1	3.95003e+06	2.45426e+06	2.01557e+06	2.32646e+06
SH3GLB1	2.04341e+06	2.26726e+06	1.42369e+06	2.40321e+06
SH3GLB2	1.6241e+06	2.04966e+06	876555	1.93629e+06
SH3KBP1	2.10164e+06	2.25571e+06	2.03273e+06	2.04256e+06
SH3PXD2B	2.26933e+06	1.22651e+06	1.08393e+06	1.2916e+06
SH3YL1	72525.1	32393.1		
SHB	121316		149767	
SHBG	304600	382082	228057	
SHC1	570847	526222	657343	485738
SHFL	1.2301e+06	1.55246e+06	1.15976e+06	1.40545e+06
SHISA4	101018	96878.3	38995.7	
SHMT1	743582	946715	940878	550087
SHMT2	4.99274e+06	2.90786e+06	4.1336e+06	6.08358e+06
SHOC2	490116	316413	606097	
SHPK	750363	825928	426431	1.03296e+06
SHROOM2	77236.4	52818.1		
SHTN1	1.2794e+06	1.11074e+06	1.00865e+06	1.69618e+06
SI		134872		778779
SIAE	2.9631e+06	7.16507e+06	4.5832e+06	4.61285e+06
SIDT2	213069	189537	246007	
SIGIRR	418663	399457	459504	1.16859e+06
SIGLEC1	268570	825410	498234	
SIGLEC5	60197.5		191447	
SIGLEC7		574914	570007	
SIGLEC8		49306.5		
SIGLEC9	156881	143459	290954	
SIGMAR1	2.12087e+06	1.40121e+06	1.82793e+06	1.17654e+06
SIL1	544086	875215	521218	189198
SIN3A	499430	188178	497936	262463
SIPA1	796867	820748	1.30458e+06	635916
SIPA1L1				513209
SIRPA	442633	549133	644361	197558
SIRT2	502485	859720	600796	451175
SIRT3	126639	369877	204439	
SIRT5	949731	1.43708e+06	1.1074e+06	2.0952e+06
SIRT6	226014	145932	157409	
SKAP2	1.15534e+06	1.26051e+06	2.54234e+06	559556
SKIC2	308261	188018	626736	
SKIC3	345686	191633	397013	447309
SKIC8	2.81056e+06	3.39758e+06	2.19826e+06	1.76129e+06
SKP1	3.89125e+06	5.81157e+06	2.92375e+06	2.82999e+06
SLAIN2	1.07879e+06	1.13184e+06		1.92088e+06
SLAMF7		382506	312189	
SLC11A2	433008	150944	147583	
SLC12A2	4.02713e+06	3.9174e+06	4.3923e+06	8.94788e+06
SLC12A6	80837.8	42990.4	81557	
SLC12A7	697741	437222	590581	475974
SLC12A9	646303	402505	487854	
SLC15A3	278611	318731	377555	
SLC15A4	309587	307531	361685	
SLC16A1	1.43024e+06	970351	1.24619e+06	758883
SLC16A3	1.74762e+06	1.1935e+06	1.79474e+06	371328
SLC16A7		32681.9		
SLC17A5	248250	329950	514731	96927
SLC1A3	63695.5	62941.9		
SLC1A4	989046	1.07984e+06	461606	405395
SLC1A5	3.1031e+06	2.93391e+06	1.58577e+06	1.79017e+06
SLC22A18	324745	338089	1.39701e+06	889045
SLC25A1	1.23252e+06	276222	3.7982e+06	2.74758e+06
SLC25A10	518180	303108	1.84196e+06	1.43135e+06
SLC25A11	664518	288047	3.68076e+06	3.5834e+06
SLC25A12	342558		1.0847e+06	878767
SLC25A13	708637	580304	2.22087e+06	1.81938e+06
SLC25A15	214624		233461	
SLC25A19	211099	189245	275955	
SLC25A20	408989	474006	3.14921e+06	1.9699e+06
SLC25A24	3.51182e+06	1.2808e+06	6.07218e+06	1.07388e+07
SLC25A3	6.54752e+06	2.69954e+06	3.57096e+07	2.64562e+07
SLC25A35			66519.6	
SLC25A4	349043	297241	2.33462e+06	2.62248e+06
SLC25A40	73546.5		246641	
SLC25A5	4.38064e+06	1.83051e+06	2.00046e+07	1.92292e+07
SLC25A6	2.38765e+06	774084	3.18621e+06	1.00028e+07
SLC26A2	176831	265815	996561	520487
SLC26A3	122364	455817	1.61793e+06	807041
SLC27A1	106244		124637	
SLC27A2	116446		678905	372975
SLC27A3	177060		286523	954272
SLC27A4	375804	191958	529669	442583
SLC29A1	299554	167740	181646	
SLC29A3	82541.3	53636.5	123894	
SLC2A1	6.28609e+06	1.05807e+06	1.36176e+06	536415
SLC2A10	48926.7	14081.5	65118.3	
SLC2A3	301337	221421	1.38148e+06	
SLC2A5		211014	110038	
SLC30A1	829168	746352	465790	1.2332e+06
SLC30A7	602259		1.83907e+06	983402
SLC30A9	228170		451419	802099
SLC31A1	738240	515280	418866	
SLC33A1	51188.8	43901.5	122185	
SLC35A1	400550	513049	547397	452294
SLC35A2				1.48098e+06
SLC35A3	438973	314111	1.15616e+06	
SLC35A4	402993	750141	752850	410326
SLC35B1	73805	158629	425017	
SLC35B2	383586		1.00224e+06	1.33149e+06
SLC35B3			112756	
SLC35C1	502017	154398	1.66267e+06	779302
SLC35D1	132377	117686	590234	
SLC35E1			148727	
SLC35F6	560321	500723	206336	845103
SLC36A1	28016.7	23417.8	78993.7	
SLC37A4	161601		603508	
SLC38A1	400578	219687	350526	
SLC38A10	71960.2			178206
SLC38A5	1.28666e+06		424537	
SLC39A1	107543	111343		
SLC39A10	7.26511e+06	7.27829e+06	3.12841e+06	
SLC39A11	329233	183288	729409	1.66334e+06
SLC39A14	324401	289255	615595	278341
SLC39A4	23698			
SLC3A2	4.80881e+06	3.40217e+06	2.7875e+06	1.48381e+06
SLC40A1	66729.7	78351.8		
SLC43A2	111374	69318.9		
SLC43A3	78276.9	78375.2	117983	
SLC44A1	1.11427e+06	1.24245e+06	1.48152e+06	1.21311e+06
SLC44A2	2.08156e+06	2.16774e+06	2.50162e+06	1.29195e+06
SLC44A4	472008	479428	507728	258259
SLC4A1	6.84276e+06	3.57226e+06	3.56941e+06	3.3624e+06
SLC4A1AP	1.29469e+06	1.05427e+06	654677	
SLC4A2	202862	91901.5	57429.1	
SLC4A4		489090	1.20427e+06	1.17249e+06
SLC4A7	116418	100231	168171	
SLC50A1			673469	
SLC5A1	363090	400582	219126	
SLC5A6	656845	258571	169236	
SLC66A2	69353.2	39464.5	198969	
SLC66A3	183748	221649	309292	
SLC7A1	941282	521747	1.00618e+06	1.04225e+07
SLC7A5	1.71398e+06	873081	323399	
SLC7A6OS	262981	199765		
SLC8A1	182868	169427	419790	495011
SLC9A1	28158.8		21189.8	
SLCO2A1	187053	237588	164970	
SLCO2B1	85153.1	52484.3		
SLCO4A1	224047			
SLFN11	174207	122210	321001	
SLFN12		1.65858e+06		467889
SLFN5	490299	323387	559293	259952
SLIRP	2.42452e+06	1.99582e+06	1.78615e+06	8.55478e+06
SLK	1.19353e+06	887261	987082	1.52927e+06
SLMAP	1.66835e+06	2.37661e+06	5.96482e+06	3.34726e+06
SLPI	184919	215565	255755	573052
SLTM	344528	336235	573592	735738
SMAD2	236307	199556	279049	
SMAD4	243603	152794	166216	
SMAP	4.57519e+06	5.42955e+06	856209	4.2995e+06
SMAP1	1.58145e+06	1.66493e+06	1.72592e+06	2.33658e+06
SMAP2	922557	1.14502e+06	1.56758e+06	964826
SMARCA2	329065		270256	
SMARCA4	248289	89926.8	145209	
SMARCA5	1.44612e+06	511291	1.45378e+06	929238
SMARCAL1	68045.9		46286.1	
SMARCB1	834703	417335	703718	
SMARCC1	769819	194300	555624	
SMARCC2	972211	427506	1.19126e+06	616639
SMARCD1	41224	21741.3	37337.5	
SMARCD2	418041	319168	441763	
SMARCE1	803258	589806	531162	430089
SMC1A	865866	324531	1.36412e+06	663664
SMC2	801383	137355	562276	
SMC3	3.37407e+06	1.43987e+06	5.15474e+06	1.72942e+06
SMC4	1.12938e+06	406137	830555	
SMCHD1	422585	134537	982760	
SMDT1	487225	566145	859760	675640
SMG8	202866	84197.1	150126	
SMG9	282712	269893		
SMIM12	268973	285171		
SMIM15	104072	454410	208405	
SMIM20		2.45265e+06		1.93954e+06
SMIM7	20692.7	49169.7	95384.9	
SMN1	122853	16497.7	105459	
SMNDC1	337254	370545		
SMPD1	240561	379906	274204	
SMPD3	115853	809416	720135	991710
SMPDL3A	477302	1.10802e+06	998919	816079
SMPDL3B	349117	1.67512e+06	435958	403633
SMS	3.33753e+06	3.17463e+06	2.40372e+06	2.91431e+06
SMTN	1.24688e+06	1.43005e+06	1.21414e+06	1.14743e+06
SMU1	791429	583393	928961	
SMURF1	495239	602241	597709	315786
SMYD3	168058	93546.9	111891	
SMYD5	1.14196e+06	776335	708799	830724
SNAP23	1.65914e+06	3.33631e+06	980830	3.12361e+06
SNAP29	1.75063e+06	2.1288e+06	854046	2.24092e+06
SNAPIN	229619	445913	352872	231905
SNCA	1.04573e+06	1.68962e+06	414100	1.18425e+06
SNCG	85272.1	319189		
SND1	1.54666e+07	1.63481e+07	1.44582e+07	8.03008e+06
SNF8	2.73838e+06	3.61539e+06	2.67016e+06	2.70342e+06
SNRNP200	1.12575e+06	451351	1.57079e+06	627436
SNRNP40	341966	267013	810043	
SNRNP70	4.20397e+06	3.21175e+06	7.26665e+06	2.63269e+06
SNRPA	2.21842e+06	1.86166e+06	3.88776e+06	1.73992e+06
SNRPA1	2.92979e+06	3.04829e+06	2.78423e+06	1.37176e+06
SNRPB2	727726	862941	494832	556828
SNRPC	708319	986546	764301	
SNRPD1	4.76314e+06	5.4292e+06	6.84735e+06	1.99922e+06
SNRPD2	9.35287e+06	9.01174e+06	1.18661e+07	5.72038e+06
SNRPD3	1.64084e+07	1.68712e+07	2.15058e+07	7.70036e+06
SNRPE	6.31881e+06	7.53423e+06	9.61169e+06	2.88163e+06
SNRPF	1.78338e+06	2.5841e+06	2.61878e+06	1.03214e+06
SNTB1	1.32997e+06	812128	832266	1.23177e+06
SNTB2	2.09821e+06	1.34986e+06	2.62885e+06	1.83031e+06
SNU13	3.46719e+06	4.30391e+06	2.71854e+06	1.29877e+06
SNUPN	284501	212730	207457	
SNW1	266210	239367	347195	
SNX1	2.51316e+06	2.52589e+06	1.75726e+06	1.58557e+06
SNX12	2.86035e+06	2.27227e+06	2.74352e+06	3.42509e+06
SNX15	750889	807910	646071	787576
SNX17	1.26823e+06	1.23389e+06	1.07398e+06	1.03543e+06
SNX18	196898	164388	201024	
SNX2	4.26049e+06	4.34702e+06	4.09204e+06	4.81048e+06
SNX27	1.36365e+06	947049	2.00114e+06	1.8571e+06
SNX3	5.14143e+06	4.5217e+06	5.19767e+06	4.66731e+06
SNX30	293261	129138	252089	211546
SNX4	629024	412277	508368	732829
SNX5	2.30493e+06	2.6034e+06	3.24483e+06	1.67891e+06
SNX6	2.10807e+06	2.0373e+06	1.74111e+06	1.94574e+06
SNX7	378684	417089	506560	315947
SNX8	320826	214478	169985	
SNX9	740250	449781	857741	1.03748e+06
SOAT1	130646	32618	598234	
SOD1	6.32152e+07	7.88607e+07	4.75318e+07	1.04364e+08
SOD2	6.10648e+07	9.80958e+07	8.95504e+07	2.49167e+07
SOD3	2.18999e+06	6.81329e+06	4.4688e+06	5.06482e+06
SORBS1	881052	955677	971539	1.23744e+06
SORBS2	320445	353796	399827	
SORBS3	1.17434e+06	545046	793433	
SORCS2	653230	444142	459887	
SORD	6.21488e+06	7.4543e+06	5.10854e+06	6.50094e+06
SORL1	510631	466924	819274	448004
SORT1	1.70201e+06	2.31233e+06	2.82614e+06	2.58684e+06
SP1	245033	148023	172854	232936
SP100	227746	253913		
SP2	91706.6			
SP3	51373.6	72679.9		
SPAG1	523325	760524	220214	
SPAG7	718410	702211	551025	370770
SPAG9	1.0081e+06	753481	524229	893374
SPARC	3.6272e+06	1.46846e+06	1.00936e+06	560802
SPART	325614	305646	179207	
SPAST	396569	360612	407285	
SPATA20	515109	594166	884282	186609
SPATS2	71105.5	101162	87741.8	
SPATS2L	224703	135896		188778
SPC25	468421			
SPCS1	212322	1.19085e+06	112139	
SPCS2	5.4189e+06	1.75018e+07	1.38741e+07	1.19849e+07
SPCS3	4.52045e+06	1.86887e+07	7.72496e+06	9.68728e+06
SPECC1	364950	218865	400520	200394
SPEN	472215	254955	1.131e+06	
SPG21	1.4311e+06	1.43452e+06	1.61674e+06	
SPHK1	267111	70962.2	126540	
SPHK2	29297.6	30000.6		
SPINK1		725135	517374	2.59127e+06
SPINK4		1.62565e+06	1.53869e+06	2.35743e+06
SPINT1	972971	1.15786e+06	1.349e+06	1.0825e+06
SPINT2	1.79889e+06	1.55279e+06	1.09405e+06	1.12941e+06
SPIRE1	98113.9			
SPN	1.71718e+06	2.74567e+06	751585	978562
SPNS1	514007	433924	188332	1.00982e+06
SPNS3	56598.6		80505.3	
SPON1	376038	769524	1.70616e+06	731729
SPOUT1	262890			
SPPL2A	321117	250913	431861	
SPPL2B	308540	271080	554278	852648
SPR	1.86341e+06	2.76689e+06	763409	1.85082e+06
SPRYD4	1.45006e+06	4.03412e+06	1.04173e+06	1.61873e+06
SPRYD7	992063	789669	714390	612176
SPTA1	927851	806488	962751	376255
SPTAN1	4.38632e+06	2.22734e+06	9.01795e+06	4.19898e+06
SPTB	3.75355e+06	2.88646e+06	3.98354e+06	1.96677e+06
SPTBN1	4.96928e+06	1.94994e+06	1.17328e+07	6.01954e+06
SPTLC1	726531	229566	1.20914e+06	733027
SPTLC2	472286		1.20433e+06	
SQLE	307390		268933	
SQOR	2.36519e+06	1.73065e+06	8.38615e+06	9.97526e+06
SQSTM1	1.38709e+06	739409	1.25088e+06	
SRA1	822144	1.22267e+06	229730	1.20633e+06
SRBD1	79904.7	53772.5	104827	
SRC	1.69251e+06	1.643e+06	1.63854e+06	2.39246e+06
SREK1	571169	607465	505332	
SRI	9.82991e+06	2.04565e+07	1.00119e+07	1.02572e+07
SRM	7.13506e+06	9.51169e+06	3.87737e+06	3.3282e+06
SRP14	4.66405e+06	4.36232e+06	3.70458e+06	3.13557e+06
SRP19	436332	639210	425255	640486
SRP54	2.09397e+06	3.23781e+06	2.69679e+06	1.78413e+06
SRP68	1.391e+06	1.43865e+06	1.8419e+06	1.37843e+06
SRP72	888540	911082	855254	1.41582e+06
SRP9	6.63673e+06	8.66044e+06	6.0824e+06	4.20104e+06
SRPK1	537198	403536	182624	
SRPK2	370189	144368	186345	
SRPRA	1.25037e+06	736970	1.61982e+06	1.32315e+06
SRPRB	3.93124e+06	5.34555e+06	3.1102e+06	1.97877e+06
SRRM1	116625	85639.6	386685	
SRRM2	459007	527205	43692.3	499724
SRRT	1.98174e+06	1.01426e+06	1.35768e+06	1.44373e+06
SRSF1	4.66462e+06	3.04729e+06	9.77199e+06	3.42432e+06
SRSF10	766456	403477	1.82306e+06	
SRSF11	537305	582101	280239	511983
SRSF2	3.92043e+06	3.55445e+06	5.7362e+06	3.08531e+06
SRSF3	4.94313e+06	4.07678e+06	6.64465e+06	2.33534e+06
SRSF4	301152	353543	613599	
SRSF5	484018	485772	582168	
SRSF6	1.41508e+06	1.18457e+06	2.50456e+06	975907
SRSF7	2.4119e+06	1.18416e+06	6.36543e+06	1.3216e+06
SRSF9	792258	458247	1.40853e+06	531048
SRXN1	390571	545292	426999	
SSB	7.61171e+06	6.4346e+06	5.08495e+06	4.26223e+06
SSBP1	1.24488e+07	1.88313e+07	9.26859e+06	1.14324e+07
SSH1	125572	131082		
SSH3	726984	641021	286836	586775
SSPN	489204	529563	492075	145187
SSR1	1.03182e+07	2.00358e+07	1.7653e+07	1.34764e+07
SSR3	3.86828e+06	2.63468e+06	5.00686e+06	7.88812e+06
SSR4	1.07808e+07	2.28049e+07	1.144e+07	1.27494e+07
SSRP1	683480	382960	580665	524747
SSU72	2.11e+06	1.58175e+06	1.14672e+06	1.65907e+06
ST14	1.88472e+06	2.06026e+06	2.63614e+06	3.61805e+06
ST3GAL4	180595	849623	975683	1.15384e+06
ST6GAL1	1.58065e+06	2.94125e+06	1.88828e+06	2.40268e+06
ST6GALNAC1	234648	2.01711e+06	3.01136e+06	2.96931e+06
ST6GALNAC6		349263	1.43383e+06	1.74091e+06
STAB1	3.81137e+06	4.76546e+06	4.41737e+06	6.15951e+06
STAG1	263945	123455		
STAG2	330090	135296	198534	
STAM	962274	505967	760798	1.48846e+06
STAM2	296313	130171	171920	406036
STAMBP	1.45913e+06	1.53296e+06	1.34671e+06	1.44037e+06
STAMBPL1	841631	649700	394127	
STAP2	598627	588069	1.06516e+06	2.18712e+06
STARD10	2.93623e+06	4.63861e+06	5.02779e+06	8.3374e+06
STARD5	300918	799956	517893	361692
STARD7	567639	552503	435156	
STAT1	4.19295e+07	3.87606e+07	3.12842e+07	2.58015e+07
STAT2	773646	544446	738975	709757
STAT3	2.27101e+06	2.29278e+06	3.06053e+06	2.27255e+06
STAT5A	196277	199227	220757	
STAT5B	455479	398102	476424	
STAT6	650392	612367	1.02134e+06	1.01933e+06
STAU1	1.422e+06	888166	929769	216613
STBD1	421065	456211	1.03295e+06	180629
STEAP1	101249		36140.4	
STEAP2	529796	262933	427107	
STEAP3	487750	459866	345873	675055
STEAP4	292482	253711	652731	
STEEP1	146777	61051.4	68762.3	
STIM1	1.14213e+06	794568	769052	2.29099e+06
STING1	813004	396660	2.30932e+06	1.03777e+06
STIP1	1.79746e+07	1.62146e+07	1.36546e+07	1.00775e+07
STK10	611113	490355	588279	308257
STK17B	156204			
STK24	1.20746e+06	740924	465613	978323
STK25	97561.7			
STK26	341270	258025	357923	
STK3	187492	131509	285323	
STK38	754765	420034	763118	163860
STK38L	445020	417754	380149	241070
STK39	3.06886e+06	2.36999e+06	1.52381e+06	4.0167e+06
STK4	432075	534713	380272	251531
STMN1	1.04205e+07	8.35959e+06	6.55828e+06	7.56661e+06
STMN2	4.87932e+06	3.93342e+06	3.51473e+06	4.56137e+06
STMN3	220755			
STOM	1.29288e+07	1.85001e+07	1.51316e+07	1.0997e+07
STOML2	3.6922e+06	3.69602e+06	1.37432e+06	6.27372e+06
STOML3	2.8201e+07	2.36129e+07	2.0858e+07	9.95761e+06
STON1	76822.8		38502.7	
STRAP	3.9852e+06	4.03017e+06	2.6252e+06	1.6603e+06
STRBP	567132	317121	344953	
STRIP1	741332	670817	576819	1.08105e+06
STRN	622751	374554	1.36869e+06	1.0909e+06
STRN3	587453	277228	885053	651849
STRN4	384438	225666	291110	465609
STS	541518	1.25128e+06	909595	1.01609e+06
STT3A	2.65579e+06	2.52906e+06	7.43724e+06	4.45887e+06
STT3B	1.68085e+06	1.17826e+06	4.26224e+06	3.94342e+06
STUB1	3.80258e+06	2.59506e+06	2.96032e+06	2.16445e+06
STX10	182091	274834		
STX11	302403	852724	799591	
STX12	2.84039e+06	3.57663e+06	2.49878e+06	2.39174e+06
STX16	455418	404495	423246	458536
STX17	530119	758937	504632	698455
STX18	19948.2	12336.4	105532	
STX2	182269	243969	163314	
STX3	922336	822805	1.01362e+06	754045
STX4	1.56423e+06	1.81621e+06	1.13525e+06	1.55814e+06
STX5	459590	462943	1.36969e+06	472227
STX6	382205	437153		223028
STX7	4.59228e+06	4.40303e+06	3.7373e+06	5.58532e+06
STX8	751348	1.01786e+06	433393	725403
STXBP1	390478	312374	70888.2	592656
STXBP2	2.00189e+06	1.9545e+06	1.4384e+06	2.45295e+06
STXBP3	1.07683e+06	888972	863923	918444
STXBP5	691966	556531	1.40625e+06	1.44242e+06
STXBP6		219256		
SUB1	6.15369e+06	2.28858e+07	1.25509e+07	6.64582e+06
SUCLA2	3.14667e+06	3.65479e+06	2.17961e+06	4.24091e+06
SUCLG1	7.19223e+06	1.17994e+07	5.27993e+06	1.30894e+07
SUCLG2	1.31879e+07	2.6804e+07	4.88145e+06	4.74804e+07
SUFU	97454.9	66618.3		
SUGP1	262611	190096	228909	120311
SUGT1	4.69418e+06	2.84109e+06	2.49361e+06	2.00113e+06
SULF1	416136	78219.2	41347.7	
SULF2	489914	402979	631038	
SULT1A1	1.67043e+06	2.59738e+06	3.57501e+06	3.25984e+06
SULT1A3	1.32364e+06	2.5369e+06	2.07094e+06	1.7037e+06
SULT1B1	796987	2.48631e+06	2.03975e+06	3.95565e+06
SULT2B1	1.01455e+06	725502	453767	
SUMF1	1.19291e+06	1.16237e+06	915961	1.47397e+06
SUMF2	2.30458e+06	3.65712e+06	2.61422e+06	2.86878e+06
SUMO2	2.17316e+06	1.69567e+06	1.9191e+06	1.30837e+06
SUMO3	127953	73180.5	101189	
SUN1	89920.7	148063	347111	
SUN2	231014	175095	1.28475e+06	268232
SUOX	695791	1.0336e+06	705474	1.52204e+06
SUPT16H	1.0915e+06	881022	1.4402e+06	755980
SUPT4H1	631798	657006	408740	502399
SUPT5H	1.2672e+06	1.22272e+06	1.09244e+06	611217
SUPT6H	782417	505949	827532	
SUPV3L1	269373	68198.8	298333	
SURF1	857355	558038	431751	666252
SURF4	2.72643e+06	1.68176e+06	7.26721e+06	3.67757e+06
SURF6	159533			
SUSD2	861185	571011	389911	1.25343e+06
SVIL	1.54362e+06	767112	2.39092e+06	
SVIP	221299	624246	220416	1.13906e+06
SWAP70	1.27407e+06	1.00516e+06	1.24348e+06	1.05605e+06
SYAP1	2.86372e+06	2.36249e+06	1.29786e+06	1.77891e+06
SYK	967823	929603	1.73969e+06	641998
SYMPK	408508	168616	229408	
SYNCRIP	1.36963e+07	1.01185e+07	9.48794e+06	4.11008e+06
SYNE1	224674		702835	502821
SYNE3			135719	
SYNGR1	425430	757784	402660	
SYNGR2	7.76561e+06	1.14271e+07	1.05793e+07	7.89249e+06
SYNJ1	122405	77553.8	181187	
SYNJ2	124682		1.00772e+06	227431
SYNJ2BP	1.43487e+06	2.68789e+06	2.24196e+06	2.73366e+06
SYNM		34525.8	615526	
SYNPO2	1.51321e+06	2.62052e+06	1.08087e+06	2.49664e+06
SYPL1	7.96466e+06	8.4833e+06	2.78921e+06	2.81364e+06
SYTL1	88650.1	592531	501192	956960
SYTL2	388354	491430	657250	415178
SYVN1	492273	517533	1.43356e+06	283138
SZRD1	208427	182779		256799
TAB1	1.4569e+06	1.34533e+06	746887	1.03748e+06
TACC1	562265	512561	832280	361229
TACC2	157645	95582.8	211620	
TACC3	182489	142371	198793	
TACO1	783321	649399	728560	671225
TACSTD2	264442	94722.5		
TAF10	117012	222043		
TAF13		30520		
TAF15	764327	542233	851841	
TAF4	199665	114729		
TAF5	146985	123621	99551.6	
TAF6	95563.4	11246.3		
TAGLN	6.04529e+07	6.90113e+07	3.92922e+07	2.55568e+07
TAGLN2	1.17221e+08	8.99437e+07	5.71456e+07	6.39585e+07
TALDO1	4.63831e+07	4.65952e+07	5.1865e+07	2.60708e+07
TANGO2	411080	549938	374777	
TAOK3	171312	160847	106005	
TAP1	1.97086e+06	661526	3.54425e+06	1.97347e+06
TAP2	1.30828e+06	571028	1.21673e+06	1.76426e+06
TAPBP	9.07469e+06	8.99414e+06	8.3364e+06	8.02823e+06
TAPBPL	622615	1.126e+06	1.21052e+06	
TARBP1	174455		1.80579e+06	
TARDBP	4.97488e+06	4.08254e+06	2.76886e+06	4.06825e+06
TARS1	6.19022e+06	6.81222e+06	6.32065e+06	3.83047e+06
TARS2	307846	257517	233038	361246
TARS3	52990.6	44908.5	54332.7	
TASOR	543539		1.48586e+06	1.0382e+06
TATDN1	1.15707e+06	1.25993e+06	928022	752721
TAX1BP3	4.82689e+06	5.03408e+06	3.74805e+06	5.02655e+06
TBC1D1	49530.2	39542		
TBC1D10A	223418	132214	252460	
TBC1D10B	114343	66023.5	113277	
TBC1D10C	139089	116404	174570	
TBC1D13	120724	129374		
TBC1D15	619433	409329	905359	1.62492e+06
TBC1D17	219284	392064	390642	493524
TBC1D2	340862	168146	297024	283763
TBC1D22A	283748	209386	263802	510684
TBC1D23	540083	335096	745158	588646
TBC1D24	1.42663e+06	980721	918863	
TBC1D2B	261484	152139	344703	
TBC1D4	614605		160916	
TBC1D5	338310	200879	206389	576529
TBC1D8B	148025	97376.7	123552	6.78112e+06
TBC1D9B	337170	284496	242903	
TBCA	7.43774e+06	7.7417e+06	6.9727e+06	7.73663e+06
TBCB	3.86456e+06	3.18381e+06	3.31028e+06	2.74493e+06
TBCC	798849	1.01741e+06	887887	563651
TBCD	586446	311257	426540	244678
TBCE	471691	254230	279107	208134
TBCEL	758612	838240	455542	
TBK1	368622	169626	456257	
TBL1XR1	938838	600634	1.04362e+06	455594
TBL2	768217	583990	1.30355e+06	998876
TBL3	340094	163713	174163	
TBPL1	194121	188015	91438.8	
TBRG4	2.08273e+06	318882	1.43661e+06	1.05323e+06
TBXAS1	728165	541176	1.90658e+06	1.17004e+06
TC2N		398785	379785	
TCAF1	164209	80420	190649	
TCEA1	2.56127e+06	2.36589e+06	1.64732e+06	1.99858e+06
TCEA3	337100	316617	475227	957134
TCEAL1		17235.6		
TCEAL3	148538	176594	81473.3	
TCEAL4	384496	308415	327205	
TCERG1	2.17308e+06	1.94909e+06	1.59138e+06	1.42506e+06
TCIRG1	809962	629273	819307	
TCN1	433019	397784	1.24824e+06	
TCOF1	4.24887e+06	2.6725e+06	2.58111e+06	3.12949e+06
TCP1	1.33342e+07	1.16759e+07	4.1693e+06	7.78609e+06
TCP11L1	19357.1	88538.2		
TCTN3	31629.3	44484.6	34257.8	
TDP1	315659	225704	318268	
TDP2	658195	585086	731686	1.40887e+06
TDRD7	140982	75318	79033.7	
TDRKH	177487	167205		70625.4
TEAD1	260198	173306		
TEAD3	178202	120434		
TECR	1.42447e+06	1.27634e+06	3.81923e+06	1.50116e+06
TELO2	94851.3	8711.96		
TENT5C	253919	264423	114473	
TEP1	188949	308594	420263	
TERF2	667305	273837	456747	
TERF2IP	947650	803014	501877	457272
TES	7.6049e+06	5.7689e+06	4.27744e+06	4.14206e+06
TESC		33197.8		
TEX2	843431	503424	1.07064e+06	4.2437e+06
TEX264	487754	247950	784331	2.12042e+06
TF	8.09001e+07	8.7771e+07	7.64397e+07	5.55238e+07
TFAM	878021	1.49513e+06	1.08227e+06	790786
TFAP2D	160922	172761	179720	
TFB1M	308955	263825		
TFB2M	104375		60080.2	
TFF3		371725		2.31795e+06
TFG	4.33004e+06	6.64915e+06	4.51827e+06	5.82456e+06
TFIP11	131965	146956	309616	
TFPI	30375.2	38363.7		
TFRC	6.2628e+06	4.86639e+06	3.69154e+06	2.00102e+06
TGFB1	800441	673710	1.06428e+06	
TGFB1I1	2.97398e+06	1.21173e+06	1.02632e+06	421921
TGFBI	1.99518e+07	1.22179e+07	1.67725e+07	1.94822e+06
TGFBRAP1	58431.7		126885	
TGM1	611655	1.62006e+06	2.05881e+06	3.96989e+06
TGM2	7.58976e+06	1.33768e+07	4.11881e+06	4.56621e+06
TGM3	772571	1.37983e+06	1.99714e+06	5.54375e+06
TGOLN2	1.97055e+06	2.35679e+06	1.61084e+06	2.87998e+06
TGS1	205485			
THADA	374566	432503	373625	302180
THAP4		286280	416466	310793
THBD	201183	107828	73402	
THBS1	6.3528e+06	2.59343e+06	4.43448e+06	2.387e+06
THBS2	1.73563e+06	230071	268391	
THEM4	78931.4		61393.7	
THEM6	635814	228535	1.06031e+06	1.11706e+06
THEMIS2	917235	994524	1.24801e+06	8.60928e+06
THG1L	523175	750100	562384	270363
THOC1	494556	238852	581827	528289
THOC2	284592		277450	
THOC3	1.13505e+06	759527	618607	
THOC6	649846	622209	582412	
THOC7	139819	118744	189630	
THOP1	1.38887e+06	801095	985129	837143
THRAP3	838022	414291	1.83762e+06	163058
THTPA	326761	717234	237045	398073
THUMPD1	1.82043e+06	1.86054e+06	1.35005e+06	2.13052e+06
THUMPD3	373941	284778	218554	
THY1	2.52854e+07	1.48572e+07	8.14445e+06	2.46431e+06
THYN1	1.82121e+06	2.61286e+06	1.87705e+06	1.43542e+06
TIA1	1.48513e+06	1.40225e+06	1.09309e+06	1.11454e+06
TIAL1	2.01177e+06	1.80869e+06	1.6458e+06	1.51086e+06
TIFA	304481	281082	243061	
TIGAR	2.68955e+06	4.87975e+06	3.94281e+06	2.47999e+06
TIMM10	994885	2.8702e+06	884753	695518
TIMM13	2.18806e+06	3.41859e+06	1.05866e+06	1.97245e+06
TIMM17A	179637	106817	70327.6	
TIMM17B	535992		365625	
TIMM22	383169	599203		
TIMM23	566923		562883	
TIMM29	475620	430820	720790	307700
TIMM44	1.08627e+06	861468	1.39392e+06	1.21305e+06
TIMM50	369386	96348.2	283226	773781
TIMM9	91052.2	322756		49109.6
TIMMDC1	276989	191569	178576	127996
TIMP1	3.75044e+06	3.03718e+06	3.11648e+06	1.9529e+06
TIMP2	1.2196e+06	702924	1.05857e+06	
TIMP3	509596	1.29528e+06	319441	
TINAGL1	235667	243080	214379	
TIPRL	1.93679e+06	1.90115e+06	1.44352e+06	1.06277e+06
TJAP1	503710	205077		
TJP1	913652	594376	880794	304514
TJP2	2.08862e+06	1.4976e+06	1.58119e+06	1.09469e+06
TJP3	224793	367094	556072	789446
TK1	1.04893e+06	366959		
TK2	591096	362473		
TKFC	4.33131e+06	3.70008e+06	2.01556e+06	1.34514e+06
TKT	8.47581e+07	1.00075e+08	1.0364e+08	4.86851e+07
TKTL2			275925	
TLCD3A	43575.1		154763	
TLCD4	98905.6		235683	
TLE3	304984	159684	296451	403692
TLN1	1.2721e+07	6.73346e+06	1.31852e+07	6.44692e+06
TLN2	652134	482632	686908	456759
TLR2	140503	61511.1	416660	
TLR3	73827.2	111258	76673.2	
TLR8	166653	226298	202961	
TM4SF1	684642	303044	184951	
TM9SF1	498640		2.7331e+06	1.45413e+06
TM9SF2	5.71819e+06	1.62032e+06	1.50154e+07	1.00072e+07
TM9SF3	1.07838e+06	623739	5.98134e+06	2.72128e+06
TM9SF4	1.7529e+06	537691	4.08245e+06	3.85726e+06
TMA16	99917.5	64679.3	68958.9	
TMA7	1.57612e+06	1.3484e+06	1.42933e+06	963369
TMBIM1	1.93431e+06	1.6991e+06	646799	693507
TMBIM6	394666	397668	738562	
TMCO1	5.46036e+06	2.58854e+06	4.16032e+06	3.2798e+06
TMED1	553163	961871	477290	479162
TMED10	9.57198e+06	1.43629e+07	1.40126e+07	1.35973e+07
TMED2	4.3659e+06	7.43922e+06	7.64121e+06	3.49615e+06
TMED3	438489	680351	716080	373256
TMED4	9.07655e+06	1.24383e+07	1.02217e+07	1.14756e+07
TMED5	3.84138e+06	9.11112e+06	3.16263e+06	3.78492e+06
TMED7	4.09749e+06	5.43298e+06	5.84248e+06	4.45909e+06
TMED8	341450	462981	565181	235319
TMED9	6.62834e+06	1.16856e+07	1.24405e+07	8.96334e+06
TMEM106B	1.25768e+06	1.62011e+06	945934	419352
TMEM109	1.8538e+07	1.49478e+07	1.77048e+07	1.8278e+07
TMEM11	428413	367552	434803	771753
TMEM119	754559	672996		1.17832e+06
TMEM120A	1.36157e+06	1.22217e+06	2.06971e+06	
TMEM123	881542	923450		1.09791e+06
TMEM126A	195752	102615	637197	567943
TMEM147	78989.1		241904	
TMEM14C	2.26278e+06	1.8767e+06	2.86746e+06	1.6226e+06
TMEM160	445362	436704	599872	1.19253e+06
TMEM165	581373	419015	1.1257e+06	597618
TMEM167A	2.21334e+06	2.14844e+06	3.75142e+06	1.58863e+06
TMEM168	22529.9	23926.7	162615	
TMEM176A	554893	452981	340372	
TMEM176B	3.2627e+06	1.65371e+06	1.28174e+06	308970
TMEM179B	619871	1.00231e+06	651111	833450
TMEM184C	101311	151009		65310.5
TMEM192	454343	399115	503687	250485
TMEM205	1.20165e+06	2.77164e+06	4.48813e+06	2.50783e+06
TMEM208	848253	589119	759654	247135
TMEM214	645582	563288	994686	435388
TMEM230	667139	923755	886192	1.96573e+06
TMEM238	398851	692527	459235	695580
TMEM245	138860		285554	
TMEM248	204939	113964		
TMEM258	383389	1.05344e+06	887411	1.2581e+06
TMEM263	708889	1.66594e+06	363185	1.44597e+06
TMEM30A	1.01761e+06	1.27133e+06	1.23738e+06	543758
TMEM30B	410598	1.06213e+06	1.3437e+06	1.7524e+06
TMEM33	3.09108e+06	1.50247e+06	5.28815e+06	1.49687e+06
TMEM35A	162879	41536	90617.7	592187
TMEM35B	411140	299564	359395	
TMEM41A	256471	93690.7	385093	
TMEM41B	103359		211322	
TMEM43	4.24532e+06	2.05425e+06	5.99926e+06	2.90632e+06
TMEM50B	269594	407901	262412	
TMEM51	154253	233515		
TMEM59	297477	465249	289254	
TMEM62			50490.7	
TMEM63A	1.1358e+06	679515	594427	572080
TMEM65	443766	297167	350060	
TMEM68	226032	251687	224841	
TMEM70	804128	464509	723976	523637
TMEM87A	1.02632e+06	612329	1.19916e+06	1.59806e+06
TMEM87B	2.097e+06	1.61401e+06	2.56119e+06	2.82321e+06
TMEM9	430124	351277		
TMEM97	1.90076e+06	630904	1.20668e+06	455239
TMF1	184167	112918	348125	
TMLHE	330205	306638	266493	
TMOD1	52842.7	186012	339601	
TMOD2	79662.3		79220.9	
TMOD3	2.70425e+06	2.91016e+06	2.69537e+06	1.8007e+06
TMPO	2.41541e+07	2.43246e+07	9.33389e+06	3.28037e+07
TMPRSS2	248830	165297	89686.2	
TMPRSS4	43070.9			
TMSB10	2.56986e+06	6.48969e+06	5.8113e+06	8.21306e+06
TMSB4X	3.61107e+06	1.52917e+07	3.73383e+06	9.39963e+06
TMT1A	2.85998e+06	8.47427e+06	1.97885e+07	1.10191e+07
TMT1B	693337	376901	951346	1.20506e+06
TMTC3	497330	111667	594697	
TMX1	5.76286e+06	4.20896e+06	7.8215e+06	4.85293e+06
TMX2	1.20744e+06	608897	1.9889e+06	1.08547e+06
TMX3	1.88056e+06	1.2374e+06	3.05241e+06	1.08963e+06
TMX4	1.62512e+06	1.20566e+06	2.85719e+06	1.59213e+06
TNC	5.09544e+06	2.09143e+06	7.26523e+06	362447
TNFAIP2	387982	334020	431756	
TNFAIP8	670913	1.14189e+06	522205	498327
TNFAIP8L2	323425	451213	309665	
TNFRSF10B		25642.8		
TNFRSF10C	21418.2		112596	
TNFRSF1B	130839	67128.6	66864.2	
TNFRSF6B	551975	222472	79319.2	
TNFSF13B	365083	438591	389078	3.43308e+06
TNIP1	167961		78716.2	
TNKS1BP1	4.12316e+06	2.49595e+06	2.33063e+06	5.16206e+06
TNKS2	509969	627787	551336	
TNPO1	2.4498e+06	1.41548e+06	1.81341e+06	1.46846e+06
TNPO2	752797	452056	197203	
TNPO3	703070	305822	267485	
TNRC6B	91585.6	60178.7		
TNS1	2.07148e+06	1.06621e+06	3.09405e+06	1.15582e+06
TNS2	188798	120496	351832	
TNS3	2.20207e+06	783037	1.10948e+06	857068
TNXB	372974	427359	627188	
TOE1	255521	277432		
TOLLIP	2.01786e+06	1.68176e+06	1.94982e+06	2.02189e+06
TOM1	927969	743918	436039	1.10579e+06
TOM1L1	381965	352695	241908	
TOM1L2	252767	300328	314414	611710
TOMM20	2.67941e+06	2.55344e+06	1.65144e+06	1.55954e+06
TOMM22	338048	516538	466031	
TOMM34	9.39851e+06	5.56856e+06	2.54639e+06	3.88731e+06
TOMM40	2.69911e+06	1.62159e+06	1.24106e+06	1.29434e+06
TOMM70	4.57324e+06	2.5359e+06	1.97825e+06	2.63751e+06
TOP1	1.74461e+07	1.54631e+07	1.71509e+07	
TOP2A	118242		44110.9	
TOP2B	694513	225087	967558	
TOP3B	119608		121653	
TOPORS	231471	184629	297855	
TOR1A	547307	753180	348139	
TOR1AIP1	2.35553e+06	1.97283e+06	3.84371e+06	2.47736e+06
TOR1AIP2	523060	542219	588414	966537
TOR1B	1.45868e+06	1.79623e+06	2.15271e+06	1.38202e+06
TOR2A	145827	232607	176576	
TOR3A	413960	486236	431952	
TOR4A	94224.8	92972.6	128882	
TOX4	125780	130644	200536	61295.4
TP53	103609			
TP53BP1	109617		228023	401399
TP53I11	889642	795198	921216	731678
TP53I3	2.06385e+06	4.05257e+06	2.97319e+06	3.17397e+06
TP53RK	3.40609e+06	3.465e+06	2.04004e+06	2.32007e+06
TPBG	1.06914e+06	892185	824308	1.43119e+06
TPD52	2.37467e+06	1.35575e+07	2.71693e+06	1.06117e+07
TPD52L1	606313	3.03335e+06		1.23217e+06
TPD52L2	1.36871e+07	1.48372e+07	1.96105e+06	6.06772e+06
TPI1	4.6948e+07	7.15713e+07	5.48152e+07	4.03364e+07
TPK1	238369	567549	391102	
TPM1	2.01288e+07	2.53457e+07	2.24544e+07	2.00124e+07
TPM2	1.01614e+07	1.22745e+07	1.31009e+07	8.12447e+06
TPM3	2.23714e+07	2.63636e+07	2.54787e+07	2.41899e+07
TPM4	5.06206e+07	4.08978e+07	2.32844e+07	2.12946e+07
TPMT	2.99876e+06	2.9704e+06	2.56794e+06	2.01636e+06
TPP1	9.13438e+06	1.93673e+07	7.17326e+06	5.71575e+06
TPP2	5.64584e+06	3.99155e+06	4.54765e+06	3.42326e+06
TPPP	238155	173663	231476	
TPPP3	817624	820892	926392	1.5393e+06
TPR	1.75363e+06	751571	1.99556e+06	542892
TPRG1L	275459	357168	231470	
TPRKB	420103	467499	365836	118178
TPRN	183226	95629.8		
TPST1	54079.5			
TPT1	5.32461e+06	4.55347e+06	4.02512e+06	2.3216e+06
TPX2	200859	46320.4		
TRA2A	459702	263491	1.26064e+06	
TRA2B	773907	679139	2.85811e+06	903309
TRABD	107871		162536	
TRADD	526767	643563	613431	354860
TRAF2	657157		483533	
TRAF3IP3	14049.3	25752.3	81088.5	
TRAF6	139143	80059.2	153511	
TRAFD1		218163		228371
TRAM1	1.81984e+06	2.12477e+06	4.42097e+06	1.8037e+06
TRAP1	3.70472e+07	1.17912e+07	2.86287e+07	2.46716e+07
TRAPPC1	754428	781394	779993	555393
TRAPPC11	53911.5		108108	
TRAPPC12	187312	191290	183524	
TRAPPC2	235960	635650		
TRAPPC2L	418135	379662	417618	
TRAPPC3	1.2195e+06	2.15426e+06	590199	1.13912e+06
TRAPPC4	1.39841e+06	1.60936e+06	1.88757e+06	1.13386e+06
TRAPPC5	1.2768e+06	1.56426e+06	1.05548e+06	939511
TRAPPC6B	547404	657717	664480	
TRAPPC8	54558.9		122098	
TREX2			705975	368171
TRIAP1		398269		
TRIM14	186135	95293.3	190640	
TRIM16	426031	378415	340791	
TRIM2	1.65183e+06	663265	618905	520549
TRIM21	1.52039e+06	1.51864e+06	1.72007e+06	856255
TRIM22	511919	548373	714745	966428
TRIM25	2.41262e+06	1.54454e+06	2.59036e+06	1.07857e+06
TRIM26	500581	382536	506180	
TRIM28	3.37394e+06	1.01508e+06	1.96184e+06	2.56523e+06
TRIM29	1.41609e+06	872533	585458	
TRIM3	572855		617128	
TRIM32	61016.6			
TRIM33	935253		1.26042e+06	
TRIM38	203926		194964	
TRIM47	994435	360170	780739	
TRIM65	241513	199163	240907	
TRIOBP	541280	205894	427204	403881
TRIP10	1.40105e+06	977908	832375	719731
TRIP11	123808		349674	
TRIP12	263994	87920.2	333433	407095
TRIP13	865744	337659	286483	
TRIP4	373334	306524	323436	
TRIP6	1.24705e+06	765580	297312	
TRIQK	1.22567e+06	1.35988e+06	614644	1.57436e+06
TRIR	1.08023e+06	866001	356420	558779
TRMT1	578064	344645	223994	193234
TRMT10C	851528	520155	615580	74368.1
TRMT11	253258	220405	161548	
TRMT112	1.7749e+06	1.71943e+06	400579	870799
TRMT1L	152509		83614.4	
TRMT2A	126756	220725	90174.1	
TRMT5	187308	150604	454498	
TRMT6	1.00873e+06	939228	551251	474366
TRMT61A	393113	255468	111463	
TRMU	192932	395666	278661	
TRNAU1AP	163880		180847	218300
TRNT1	1.31091e+06	1.02177e+06	1.17615e+06	1.04665e+06
TRPM4	363289	195207	848864	1.45581e+06
TRPT1	135912	163229		
TRPV2	95417.3	61834.6	146784	
TRRAP	54159		75846.2	
TRUB1	253616	278266	259979	267215
TRUB2	100884	104659	77082.5	
TSC22D2	126168	107474		49717.4
TSC22D4	611892	660588	561533	261099
TSEN15	73897.7	79198.2		
TSEN34	280802	148881	100502	
TSEN54	65231.6			
TSFM	1.54261e+06	1.11141e+06	1.31309e+06	902452
TSG101	1.19475e+06	744018	1.11616e+06	856969
TSN	2.14962e+06	3.64987e+06	1.92485e+06	2.98527e+06
TSNAX	1.17258e+06	1.19562e+06	665292	866071
TSPAN1	1.07558e+06	1.78162e+06	1.49896e+06	521578
TSPAN13	574350	644659	1.06149e+06	2.91077e+06
TSPAN14	357236	427838	471440	
TSPAN15	529804	670863	697235	333206
TSPAN3	1.04988e+06	1.606e+06	1.76531e+06	2.28668e+06
TSPAN31	99835.5	114271	105826	
TSPAN4	129483	143305	148035	
TSPAN6	1.38642e+06	1.08894e+06	604071	898315
TSPAN7		118558	256131	
TSPAN8	1.08594e+07	1.82621e+07	1.7951e+07	1.2037e+07
TSPAN9	503242	487461	306077	
TSPO	5.9382e+06	4.71434e+06	1.12915e+07	6.92735e+06
TSR1	726807	280628	320490	
TSR2	372364	382008		
TSR3	1.25649e+06	1.18613e+06	1.18889e+06	4.70866e+06
TST	1.07373e+07	1.73831e+07	1.4202e+07	2.18948e+07
TSTD1	526998	1.13469e+06	966200	1.87861e+06
TTC1	2.88379e+06	3.24797e+06	2.85128e+06	2.95512e+06
TTC33	37213.7	75271.2		
TTC38	692372	1.13176e+06	217335	1.34721e+06
TTC39A		397185	375681	
TTC39B	340652	174170	368668	84770
TTC4	300391	159454	389552	229733
TTC9C	750305	745913	360941	
TTI2	48779.1	41144.1		
TTL	200386	85636.9		
TTLL12	5.75338e+06	4.05833e+06	1.79418e+06	1.91736e+06
TTR	1.70382e+07	2.92706e+07	1.94142e+07	2.14881e+07
TTYH3	499949	412939	57303.8	
TUBA1C	3.33327e+06	1.23866e+06	1.05671e+06	1.77619e+06
TUBA3C	906910			
TUBA4A	6.36076e+06	6.44124e+06	3.77212e+06	1.09496e+07
TUBA4B	1.37638e+07	7.72823e+06	2.4745e+06	6.62585e+06
TUBB	3.64419e+07	2.52129e+07	1.31153e+07	6.12117e+07
TUBB1		15403.6	258162	868802
TUBB2A	801443	683260	208847	1.49486e+06
TUBB3	388247	214622	177174	
TUBB4A	6.32659e+06	4.00994e+06	1.03371e+07	4.26088e+06
TUBB4B	9.02412e+06	5.11355e+06	1.05662e+06	3.66677e+07
TUBB6	2.04219e+06	1.31346e+06	668873	2.51335e+06
TUBGCP2	83192.2		196251	
TUBGCP3	77373.9			
TUFM	2.14821e+07	2.86035e+07	8.88772e+06	3.17182e+07
TUT4	7.40934e+06	1.55964e+07	7.7798e+06	5.71554e+06
TUT7	59774	14733.7	59891.2	
TWF1	2.97638e+06	2.27009e+06	2.92033e+06	3.23369e+06
TWF2	4.20892e+06	4.16765e+06	3.70452e+06	1.97808e+06
TWSG1	266426	301616		
TXLNA	1.09192e+06	803731	706891	271077
TXLNG	522774	285635	212275	
TXN	5.7789e+07	5.86473e+07	5.24421e+07	5.80711e+07
TXN2	196223	669551	222410	
TXNDC11	71377.4	274545	132288	
TXNDC12	1.00725e+07	1.37928e+07	8.11813e+06	8.39431e+06
TXNDC15	183047	248299	174582	
TXNDC17	1.0058e+07	1.04819e+07	1.07055e+07	1.39671e+07
TXNDC5	1.37921e+07	7.53267e+07	4.36857e+07	5.07944e+07
TXNDC9	420870	425123	226193	56555.5
TXNIP	402680	256547	348240	
TXNL1	8.97943e+06	1.00754e+07	6.62631e+06	5.52022e+06
TXNL4A	489973	613293	504813	
TXNL4B	10981.9	29953.6	40632.4	
TXNRD1	3.04079e+06	3.17385e+06	3.11237e+06	1.46703e+06
TXNRD2	701810	1.07859e+06	797492	1.48595e+06
TYMP	1.01e+07	2.68299e+07	3.19812e+06	1.1568e+07
U2AF1	6.91343e+06	4.45485e+06	5.64781e+06	2.78308e+06
U2AF2	2.44381e+06	1.06931e+06	1.85337e+06	387163
U2SURP	1.90508e+06	3.14854e+06	3.51146e+06	3.20729e+06
UACA	53831.5		60002.7	
UAP1	949324	2.4515e+06	2.16971e+06	2.39027e+06
UAP1L1	490882	395909	309631	
UBA1	3.07957e+07	2.6064e+07	2.61636e+07	2.0464e+07
UBA2	3.66981e+06	3.04849e+06	2.00507e+06	2.1878e+06
UBA3	2.83486e+06	1.97441e+06	1.40236e+06	2.83228e+06
UBA5	1.47949e+06	2.74812e+06	685445	1.67661e+06
UBA6	1.88585e+06	1.6711e+06	1.37939e+06	1.17351e+06
UBA7	1.05334e+06	1.11713e+06	1.33821e+06	1.3948e+06
UBAC1	594819	891565		365810
UBAP2	587942	426171		761279
UBAP2L	1.64512e+06	1.2492e+06	455387	1.16141e+06
UBE2C	109161	84622.6		
UBE2D1	4.65389e+06	5.21189e+06	5.09575e+06	2.92038e+06
UBE2D2	378921		506848	
UBE2D3	485808		494683	482423
UBE2E1	780879	353332	413331	
UBE2F	139869	114834		
UBE2G1	755857	980171	809719	
UBE2G2	26678.8	52967.2	62387.5	
UBE2H	599569	751293	390453	
UBE2I	8.13134e+06	6.2876e+06	7.00517e+06	3.39509e+06
UBE2J1	392282	1.64088e+06	1.63359e+06	1.56742e+06
UBE2K	3.40671e+06	4.12233e+06	3.40193e+06	2.44364e+06
UBE2L3	5.86037e+06	6.2591e+06	5.41653e+06	3.31985e+06
UBE2L6	1.28366e+06	1.65198e+06	839448	2.19591e+06
UBE2M	2.82805e+06	2.17653e+06	2.43142e+06	3.34814e+06
UBE2N	3.97408e+06	5.27666e+06	5.76887e+06	2.0497e+06
UBE2O	1.30434e+06	1.09627e+06	957622	517327
UBE2Q1	187666	135591	185945	
UBE2R2	1.18078e+06	1.22449e+06	1.14498e+06	802143
UBE2S	676748		551772	
UBE2T	435511		88881.7	
UBE2V1	1.16015e+07	1.38814e+07	8.69303e+06	8.39784e+06
UBE2V2	3.19809e+06	3.92051e+06	3.606e+06	3.85809e+06
UBE2Z	2.1923e+06	1.36028e+06	1.58432e+06	1.14345e+06
UBE3A	314631	265971	392229	734266
UBE3C	285090	80575.4	137278	
UBE4A	415299	192728	393340	487629
UBFD1	1.42347e+06	1.41147e+06	1.17698e+06	969965
UBL3	314891	635070	758509	716165
UBL4A	639671	688467	439343	536219
UBL5	2.81496e+06	2.84654e+06	1.86581e+06	972497
UBLCP1	2.24648e+06	2.60338e+06	2.45002e+06	1.71121e+06
UBP1	277727	248474	219981	
UBQLN1	963673	1.69296e+06	1.00605e+06	
UBQLN2	970564	1.12054e+06	1.03999e+06	1.47993e+06
UBQLN4	673886	851372	486815	399968
UBR1		72077.2	194184	
UBR4	739531	253616	1.05626e+06	412626
UBR5	1.35929e+06	1.51253e+06	1.67233e+06	
UBR7	595319	392704	334862	557116
UBTF	434065	340110	744245	
UBXN1	2.31039e+06	2.56241e+06	1.37819e+06	2.31543e+06
UBXN2A		51886.3		
UBXN4	1.35016e+06	841460	953469	1.23112e+06
UBXN6	1.1871e+06	935541	1.34097e+06	2.04955e+06
UBXN7	563145	472049	181566	
UCHL1	1.11161e+06	1.20872e+06	1.25944e+06	1.81059e+06
UCHL3	2.46119e+06	3.46905e+06	1.52602e+06	2.28232e+06
UCHL5	1.59653e+06	1.24875e+06	401145	1.42384e+06
UCK2	613355	517984	431080	
UCKL1	258001	133268	99001.7	
UEVLD	189020		228961	147254
UFC1	3.09367e+06	6.24443e+06	4.44249e+06	5.52244e+06
UFD1	2.31571e+06	2.37572e+06	1.93561e+06	1.96753e+06
UFL1	2.34658e+06	3.05964e+06	2.41941e+06	3.76293e+06
UFM1	1.22607e+07	2.72803e+07	1.24846e+07	9.17495e+06
UFSP2	448022	496399	861634	603783
UGDH	4.15568e+06	6.44172e+06	3.9219e+06	6.89348e+06
UGGT1	2.25348e+06	3.93023e+06	4.52856e+06	4.55909e+06
UGGT2	227833	289483	177510	
UGP2	4.82229e+06	4.33884e+06	1.19508e+07	8.34277e+06
UGT1A10		191360	283073	
UGT2A3		263213		
UGT2B17		116159	1.29801e+06	1.34783e+06
UGT8	92608.2		154607	
UHRF1	251872	60373.7	159835	
UMPS	1.99412e+06	1.43341e+06	1.39961e+06	1.33552e+06
UNC119B	406622	334905		
UNC13D	501564	552329	1.3812e+06	367993
UNC45A	1.18952e+06	760768	901352	768658
UNC93B1	372782	278404	557944	790308
UNG	780553	539124	566259	343777
UPF1	3.12809e+06	2.33571e+06	2.74454e+06	1.53252e+06
UPF2	285335	162183	443595	286604
UPF3B	253393	135276	231196	
UPP1	845051	674288	671809	
UQCC1	363384	215025	427764	
UQCC2	199588	305515		
UQCC5	213398	206427	158193	
UQCR10	3.48501e+06	3.44877e+06	8.18238e+06	5.43155e+06
UQCR11	1.27724e+06	2.50422e+06	1.51815e+06	
UQCRB	7.51632e+06	1.33928e+07	9.67471e+06	1.39319e+07
UQCRC1	2.6829e+07	2.1936e+07	2.84143e+07	3.8959e+07
UQCRC2	9.30341e+06	1.47586e+07	3.53672e+06	1.34515e+07
UQCRFS1	3.46161e+06	3.88044e+06	4.16216e+06	2.61972e+06
UQCRH	293083	1.47604e+06	497379	1.35028e+06
UQCRQ	4.56136e+06	4.98551e+06	7.8903e+06	1.27058e+07
URGCP	36398.1		28187	
URI1	639795	374482	536113	
UROD	2.52148e+06	2.7839e+06	2.24038e+06	1.21383e+06
UROS	462000	480789	483274	
USE1	124553	101631	268784	
USH1C	395892	418411	586973	529330
USO1	1.47049e+06	1.27737e+06	2.67486e+06	3.08504e+06
USP10	921749	558393	813075	804044
USP11	293230	305638	254706	
USP14	4.36098e+06	4.31908e+06	4.20488e+06	2.54272e+06
USP15	781915	819219	1.05618e+06	684400
USP19	293356	176999	294583	247197
USP24	508048	177927	513313	
USP3	232450	219718	162008	
USP39	656952	341472	719682	755376
USP4	446000	262883	568171	
USP47	809532	546478	914432	348236
USP48	169077	98982.8	145188	
USP5	5.39348e+06	5.36765e+06	5.14731e+06	6.27422e+06
USP7	2.92747e+06	1.8534e+06	2.56841e+06	1.69837e+06
USP8	1.89552e+06	1.44571e+06	2.51172e+06	3.51018e+06
USP9X	795970	275069	450628	513687
USP9Y	60352.9	22027.4	81109.3	
UTP14A	95331.7	80148.3		
UTP18	114919			
UTP20	62813.6	416943	165632	
UTP25	183505	61669.8	132299	
UTRN	791832	435033	1.38626e+06	540302
UVRAG	64593.5	13337.5	37204.3	
UXT	245072	207335	213776	
VAC14	515302	313218	435086	505474
VAMP2	933293	1.28255e+06	701390	2.334e+06
VAMP3	1.29418e+06	1.41896e+06	398526	2.6657e+06
VAMP4	140015	134569	118636	
VAMP5	742049	1.34885e+06	656027	1.24338e+06
VAMP7	805952	573586	875837	407116
VAMP8	3.37047e+06	3.81156e+06	2.32829e+06	4.72214e+06
VAPA	4.88006e+06	4.90064e+06	5.29943e+06	5.12683e+06
VAPB	5.61636e+06	3.55361e+06	2.20317e+06	2.65827e+06
VARS1	4.9966e+06	4.6578e+06	3.29173e+06	3.51538e+06
VARS2	844328	1.13608e+06	1.33334e+06	855252
VASN	577436	388592	312268	
VASP	6.6821e+06	5.49196e+06	8.37871e+06	7.42045e+06
VAT1	2.44709e+07	2.12032e+07	1.67796e+07	1.04236e+07
VAT1L		704819	654016	823710
VAV1	306764	336988	591390	
VAV2	930516	750842	1.21426e+06	826821
VBP1	1.42442e+06	1.04494e+06	830069	608438
VCAM1	1.10264e+06	1.59546e+06	1.01193e+06	665967
VCAN	1.36577e+07	5.8183e+06	4.14926e+06	2.46483e+06
VCL	2.54535e+07	2.00784e+07	3.0795e+07	1.28176e+07
VCP	2.88308e+07	2.8505e+07	2.77747e+07	2.20562e+07
VCPIP1	203846	114315	108742	
VDAC1	2.57184e+07	3.20358e+07	2.11007e+07	1.41651e+07
VDAC2	1.30915e+07	1.28407e+07	1.74395e+07	1.07709e+07
VDAC3	1.08145e+07	1.3317e+07	1.3409e+07	8.43515e+06
VIL1	4.44843e+06	4.71651e+06	8.7647e+06	5.96094e+06
VILL	413517	579974	1.04417e+06	976717
VIM	7.619e+06	1.26978e+07	2.18057e+07	1.35192e+07
VIPAS39	85520	65732.7	193251	
VKORC1	1.45809e+06	310780	542736	
VKORC1L1	1.19804e+06	690378	852956	
VMP1	698397	419523	1.14463e+06	507973
VNN1	591871	432111	1.11936e+06	
VNN2	739389	786360	2.28837e+06	
VPS11	228584	106470	457341	296064
VPS13A	63306.2		76413.5	
VPS13C	2.12565e+06	2.13204e+06	3.21372e+06	2.4547e+06
VPS16	322261	226826	565492	484156
VPS18	241801	139157	386784	
VPS25	2.57833e+06	3.0462e+06	2.22591e+06	1.34508e+06
VPS26A	6.77734e+06	4.74304e+06	9.61363e+06	4.40544e+06
VPS26B	1.65983e+06	1.11801e+06	2.38328e+06	856630
VPS26C	814601	1.09648e+06	1.12039e+06	873328
VPS28	788250	684664	443956	697669
VPS29	6.09544e+06	8.00613e+06	5.55892e+06	3.87049e+06
VPS33A	396457	286497	539335	
VPS33B	154739		260190	
VPS35	5.50709e+06	3.39122e+06	7.21874e+06	5.45647e+06
VPS35L	268312	198757	309490	
VPS36	1.01373e+06	1.07067e+06	988233	818436
VPS37B	167286	212620	188330	
VPS39	82204.2		153667	
VPS45	781949	535343	896025	539174
VPS4A	1.64704e+06	1.25e+06	1.16561e+06	1.29166e+06
VPS4B	1.94279e+06	2.1389e+06	2.64816e+06	2.57035e+06
VPS50	66137.4	37609	106604	
VPS51	369290	67908.3	206334	389888
VPS52	447378	481291	912530	571240
VPS53	470522	385815	476819	
VPS8	237157		342321	
VRK1	373857	242006	619525	68690.2
VRK3	94844.2	51733.7	157495	
VSIG2		1.68974e+06	2.81737e+06	3.64509e+06
VSIG4	167571	222925	276029	
VSIR	329512	524746	896916	
VSNL1	1.52098e+06	932854	362994	
VTA1	2.29828e+06	1.85673e+06	2.81448e+06	1.82495e+06
VTI1A	882692	762448	512930	723501
VTI1B	697107	707131	735073	757549
VTN	5.79243e+06	5.43255e+06	8.24799e+06	4.96582e+06
VWA1	464228	602559	615072	
VWA5A	2.00554e+06	4.20181e+06	2.3937e+06	2.17e+06
VWA8	185943		160824	
VWF	704376	618212	1.19067e+06	
WAPL	121942		73271.2	
WARS1	1.80818e+07	2.63376e+07	2.10248e+07	1.16424e+07
WARS2	220423	328870	154502	646160
WAS	1.41204e+06	1.78401e+06	1.55885e+06	1.23193e+06
WASF2	2.03436e+06	2.14973e+06	582548	5.91432e+06
WASH6P	88948.9	59001.4	39782.2	88404.1
WASHC2A	210145	163553	224836	238598
WASHC2C	88448.8	35738.1		
WASHC3	334925	503671	335485	
WASHC4	718568	432769	863055	617929
WASHC5	648022	368873	708229	424628
WASL	1.67971e+06	974154	925126	1.43341e+06
WBP11	890672	789754	554144	695352
WBP2	1.11947e+06	1.44542e+06	1.81733e+06	663168
WDFY1	1.43983e+06	922326	964733	388575
WDR1	2.3196e+07	2.35862e+07	2.51967e+07	1.641e+07
WDR11	361387	187447	785391	316601
WDR12	329381	181547	184878	
WDR13	430562	457173	569494	
WDR17	4.68003e+06	4.23747e+06	4.24005e+06	
WDR18	1.1075e+06	883305	661536	282150
WDR26	165900	94257.6	211816	
WDR3	333147	100586	155352	
WDR33	159692	113217		
WDR36	596944	171592	238369	
WDR37	404380	358324		482216
WDR4	953783	374513	320138	
WDR43	230530	122802	252491	
WDR44	576972	617030	607630	338954
WDR45	459327	827746	440919	
WDR45B	343238	415073	211007	
WDR48	344722	234957	246950	368254
WDR5	691261	500323	558374	258344
WDR55	635288	584362	313597	716178
WDR6	232802		375337	
WDR70	392127	474507	203232	553296
WDR77	2.36377e+06	2.12497e+06	2.28438e+06	1.94415e+06
WDR82	1.02418e+06	655808	997872	864385
WDR91	242151	194942	510998	
WDSUB1	183447			
WFDC2		397202	321948	3.36494e+06
WFS1	514215	447585	1.17866e+06	948826
WIPF1	1.93541e+06	2.128e+06	1.40637e+06	2.03326e+06
WIPF2	549715	315528	271566	694017
WIPI1	291581	506991	419776	778419
WLS	478268	171781	538355	
WNK1	567693	457743	617781	532360
WNK2	105961		82185.7	
WNT5A	185492		100429	
WRNIP1	330530		60056.5	560355
WTAP	415647	362558	159282	
WWC3	344793	903538	132029	
XAB2	327125	148139	50872.6	
XAF1	44036.2	36430.8		
XDH		291138	260284	
XIAP	405231	391521	308782	309613
XKR6		73975.5	47846.5	
XPC	104480		126724	
XPNPEP1	3.27156e+06	3.26335e+06	4.97009e+06	3.46238e+06
XPNPEP3	6.25274e+07	4.99225e+07	3.35781e+07	3.62013e+07
XPO1	2.06853e+06	956752	1.25854e+06	1.23384e+06
XPO4	90675	63857.3	137405	
XPO5	762728	232954	187925	
XPO6	21553.9	10987.9		
XPO7	1.07224e+06	972228	881826	826198
XPOT	700342	399540	354092	
XRCC1	800346	473992	720712	392906
XRCC4	639977	442337	376913	
XRCC5	1.00448e+07	6.29562e+06	8.33273e+06	5.65273e+06
XRCC6	1.03025e+07	6.5616e+06	8.81893e+06	6.25349e+06
XRN1	504204	120849	641088	
XRN2	1.85236e+06	1.17115e+06	1.74767e+06	1.19959e+06
XXYLT1	239449	148542		
XYLB	394547	483771	296857	
YAP1	1.2314e+06	1.42259e+06		668210
YARS1	5.98205e+06	6.02026e+06	3.71317e+06	3.98099e+06
YARS2	333377	246986	558534	649602
YBX1	1.44672e+07	2.87039e+07	7.58247e+06	2.31475e+07
YBX2	125864			
YBX3	3.5473e+06	3.09851e+06	2.11371e+06	2.25511e+06
YES1	219156	222416	353456	419356
YIF1A	337629	206580	465454	
YIPF3				882458
YIPF4	207341	118347	311578	831015
YIPF5	124708			918643
YIPF6	431597		898996	1.06832e+06
YJU2	155064	151140	103419	
YKT6	3.15273e+06	3.01537e+06	2.5277e+06	1.65841e+06
YLPM1	394260	358630	470113	
YME1L1	313216		299649	397482
YOD1	392438	451490	366802	
YPEL5	236846	229081	319754	472311
YRDC	1.15595e+06	429228	1.51013e+06	1.04296e+06
YTHDC1	198087	76969.6	268647	
YTHDC2	98197.3	50360.6	80173.5	
YTHDF1	484756	409367	4.73312e+06	1.08555e+07
YTHDF2	1.02165e+06	861386	782655	995991
YTHDF3	827969	582975	606820	707783
YWHAB	2.32593e+07	2.1017e+07	2.07583e+07	1.55372e+07
YWHAE	1.78177e+07	2.79861e+07	2.31329e+07	1.84254e+07
YWHAG	3.1412e+07	3.60901e+07	3.21798e+07	1.99758e+07
YWHAH	1.10741e+07	7.24373e+06	9.60484e+06	5.89882e+06
YWHAQ	2.67057e+07	2.82914e+07	5.07127e+06	1.08793e+07
YWHAZ	5.67453e+07	5.84035e+07	6.71996e+07	5.3828e+07
YY1	296417	231576	350419	
ZBP1	120626	340315	48355.9	
ZBTB8OS	544867	838457	716668	
ZC3H11A	1.85112e+06	1.67811e+06	1.54307e+06	
ZC3H14	337887	171600	192930	
ZC3H15	1.74048e+06	1.21904e+06	861337	689507
ZC3H4	411098	274855	90846.1	194740
ZC3H7A	199477	178051	161314	
ZC3H7B	158113	70047.3	74610.1	
ZC3HAV1	5.45804e+06	4.68106e+06	5.14708e+06	6.99949e+06
ZC3HAV1L	1.32778e+06	489291	783910	967975
ZC3HC1	553784	388565	351098	375632
ZCCHC17	317017	217068	199681	
ZCCHC8	83704		123711	
ZDHHC20	664286	362283	269439	395426
ZDHHC5	560787	383523	210014	331224
ZDHHC6	251718		338365	
ZFAND1	146745	141871		
ZFAND2B	202592	185010	96050.6	
ZFAND3	177778	108890	80163.6	
ZFAND5	94355.6	70495.7		
ZFAND6	246293	629955	161256	
ZFP36L2	503219	396346		
ZFP91	360896	216693		529557
ZFPL1	585966		420531	591989
ZFR	697979	339454	558807	474858
ZFTRAF1	385167	344619	342941	1.4292e+07
ZFYVE16	120365	101811	234163	
ZG16		1.26195e+07	3.13674e+07	3.2257e+07
ZG16B	767776	916110	230414	466409
ZGPAT	307214	180184	165741	
ZHX2	57841.2	46014.6		
ZMAT2	129972	128000	104371	
ZMPSTE24	1.26875e+06	1.00433e+06	2.80766e+06	2.02125e+06
ZNF185	320383	445227	304937	905507
ZNF207	3.95019e+06	3.35489e+06	2.6896e+06	2.02588e+06
ZNF236	1.08928e+06	1.59352e+06	798754	3.10363e+06
ZNF326	460646		138970	
ZNF330	191275	98019.1	121680	
ZNF346	64317.5	41677.3		
ZNF428	261369	262624		
ZNF512	92337.2			
ZNF598	338853	214089	215459	
ZNF622	633739	665802	657488	1.28292e+06
ZNF638	438101		520482	
ZNF706	350294	321792	166310	
ZNF787		25647.4		
ZNF830	156680	166160		
ZNFX1	58528.1	71888.9	52155.4	
ZNHIT2	161805	105268		
ZNRF2	224669	372843		
ZPR1	1.27304e+06	1.11435e+06	575877	976841
ZRANB2	1.81945e+06	1.95758e+06	1.01526e+06	1.77772e+06
ZW10	105699	16450	121653	
ZYG11B	29330			
ZYX	1.48908e+07	8.3922e+06	1.0063e+06	6.92218e+06
ZZEF1	219945	183952	459498	492099
