Genes	D:\HFX\2023_08\HFX252_GLASGOW_PROTEOME_DIA_21.raw	D:\HFX\2023_08\HFX252_GLASGOW_PROTEOME_DIA_22.raw	D:\HFX\2023_08\HFX252_GLASGOW_PROTEOME_DIA_23.raw	D:\HFX\2023_08\HFX252_GLASGOW_PROTEOME_DIA_24.raw
A*02:01:01:01	5.59044e+06	5.11032e+06	8.0376e+06	3.70692e+06
A*26:01:01:01	4.47274e+06	4.80768e+06	5.89604e+06	5.50889e+06
A1BG	7.71663e+06	6.96708e+06	1.0028e+07	2.38387e+06
A2M	1.35209e+07	2.36554e+07	2.41686e+07	9.69302e+06
A2ML1		148081	89926.8	640532
AACS	229221	336968	180754	
AAK1	306910	383611	369301	
AAMDC	553016	266754	77670.2	
AAMP	439794	424769	281695	4.70938e+06
AARS1	980303	1.12564e+06	1.11923e+06	933048
AARS2	154957	213359	124042	98533
AARSD1		242800	103831	
AASDHPPT	397916	374605	328385	
ABAT	90359.7	62655	81059.1	
ABCB1	238053	265866	39633	
ABCB10		30702.9		
ABCB6	100595	179495	138981	
ABCB7	167477	448216	181501	
ABCB8	42649	17362.8		
ABCC1	182074	328045	213024	
ABCC4	135432	149797	36171.9	
ABCD3	87252.4	199030	137151	
ABCE1	2.54136e+06	1.80739e+06	1.2101e+06	653395
ABCF1	333931	497757	333839	
ABCF2	127930	216272	101448	
ABCF3	151914	416040	166066	
ABHD10	847046	645796	548632	
ABHD11	2.04256e+06	2.38058e+06	654960	1.76066e+06
ABHD12	302187	298110	194751	
ABHD13	69660	89392.2	67602.8	
ABHD14B	1.80682e+06	1.48718e+06	1.16607e+06	4.20071e+06
ABHD16A	173072	260227	83326	
ABHD5		111303	100241	
ABHD6	67985.7	177269	96664.8	
ABI1	233001	200602		676562
ABLIM1	179804	21340.3	76986.9	
ABO	453931	384394	496940	828220
ABR	164981	310731	226666	158994
ABRACL	1.36951e+06	613464	1.73629e+06	
ABRAXAS2	274236	359777	224315	
ACAA1	1.0295e+06	638393	233184	2.15046e+06
ACAA2	779360	1.14718e+06	377769	3.88636e+06
ACACA	56413.1	100927	155153	
ACAD8	215732	238665	98988.9	
ACAD9	343867	657358	140634	330930
ACADM	1.5562e+06	1.93257e+06	622344	3.11978e+06
ACADS	815651	870906	200077	1.09556e+06
ACADSB	593369	629670	340748	1.93004e+07
ACADVL	2.13896e+06	3.36326e+06	1.58804e+06	3.58769e+06
ACAN	1.21782e+06	150110	604188	
ACAP1		932551	2.18721e+06	
ACAP2	74427.6	158704	331196	
ACAT1	1.6685e+06	839816	393747	4.85712e+06
ACAT2	1.40368e+06	1.18493e+06	1.5089e+06	1.21174e+06
ACBD3	1.09795e+06	735382	911586	1.17767e+06
ACE	478369	351939	321885	
ACIN1	289402	457375	273785	
ACLY	1.41907e+06	3.50291e+06	3.39826e+06	2.02077e+06
ACO1	1.4591e+06	2.94903e+06	1.25358e+06	2.70847e+06
ACO2	4.75679e+06	4.12337e+06	4.78043e+06	5.61035e+06
ACOT11	94708.2	304186	148755	
ACOT13	2.27462e+06	1.56291e+06	1.08218e+06	2.49398e+06
ACOT7	2.42494e+06	2.95305e+06	810962	1.69704e+06
ACOT8	316446	285291	111874	
ACOT9	1.42137e+06	941465	327663	
ACOX1	499079	804215	1.03787e+06	667274
ACOX2	134629	125969		
ACOX3	74060.9	86873.6	133388	
ACP1	3.97401e+06	2.31608e+06	620087	2.02653e+06
ACP2	934936	690075	934075	658799
ACP3	109903	141345	290663	
ACP5	276435	204132	172346	
ACP6	175952	167740	119348	
ACSF2	227318	152709	147580	
ACSF3	268923	702230	198764	456921
ACSL1	919219	1.55942e+06	2.3875e+06	
ACSL3	456652	636932	675576	501557
ACSL4	850853	1.69389e+06	2.19222e+06	2.27555e+06
ACSL5	697267	1.30853e+06	379233	680094
ACSM3	183482	179966	208763	
ACSS1	405272	471131	366070	
ACSS2	378526	432019	768629	690839
ACSS3	99856.5			
ACTB	5.04405e+07	2.24404e+07	6.96471e+06	1.9268e+07
ACTG1	2.11515e+07	2.00925e+07	4.50324e+06	7.26371e+07
ACTL6A	1.05459e+06	1.25051e+06	1.30414e+06	1.27425e+06
ACTN1	9.20108e+06	8.78855e+06	1.23297e+07	1.78803e+06
ACTN2	304024	428096	315799	
ACTN4	9.36088e+06	1.0817e+07	9.3807e+06	5.55687e+06
ACTR10	478451	470196	419430	
ACTR1A	883647	354163	218144	
ACTR1B	566615	546475		
ACTR2	9.58538e+06	7.36795e+06	1.18322e+07	3.63169e+06
ACTR3	6.8097e+06	4.88259e+06	8.52807e+06	2.97569e+06
ACY1	1.97335e+06	1.69485e+06	337613	821114
ACY3	148121	110685		
ACYP1	532783	539769	360192	
ACYP2	376541	389280	366715	
ADA	123621	221142	214833	
ADA2	70588.8	77570.1	296360	
ADAM10	1.44591e+06	1.57736e+06	2.27534e+06	1.32187e+06
ADAM15	120928	97064.5	50668.6	
ADAM8		36169.8	216677	
ADAM9	288139	300783	426491	
ADAMDEC1	588428	370724	294075	
ADAP1	138319	223612	109475	
ADAR	794959	1.06148e+06	923663	
ADD1	454063	958332	479457	660168
ADD2		262744		
ADD3	595060	851714	843766	
ADGRA2	192683	114141	154020	
ADGRE2	12800.8	68491.5	172654	
ADGRE3	799503	888970	921807	
ADGRE5	515102	377090	1.06206e+06	
ADGRG1	15598.4			
ADGRG3		124524	828979	
ADGRL2	38624.1			
ADH1B			818870	3.09971e+06
ADH1C		96717.1	381909	5.39326e+06
ADH5	3.21894e+06	3.427e+06	1.58215e+06	3.13007e+06
ADI1	349583	164857	146587	
ADIPOQ	433377	238400	232061	
ADISSP	509428	710966	1.16991e+06	
ADK	2.37723e+06	1.89275e+06	2.02081e+06	
ADO	554290	464863	221416	
ADPGK	275276	353572	685112	
ADPRH	197061	264932	318171	
ADPRS	740082	942655	699391	
ADRM1	391563	240284	433499	3.69913e+06
ADSL	340502	455889	186421	
ADSS2	1.21604e+06	1.18756e+06	3.21204e+06	467506
AEBP1	3.50337e+06	1.74618e+06	1.16111e+06	4.49981e+06
AFAP1L2	125428	92440.8		
AFDN	220587	334377	306040	
AFG3L2	318844	290143	163987	560504
AFM	1.37575e+06	1.57496e+06	2.01363e+06	
AGA	529323	513940	734692	232722
AGAP2		74780.5	237956	
AGAP3	226897	228566	380360	
AGFG1	358853	319974	435869	
AGFG2	51241.6	39245.2	60417.6	
AGK	302098	195312	196983	
AGL	261905	290856	361691	796351
AGMAT	836935	702653	82106.9	
AGO1	390248	308619	359062	
AGO2	534264	720888	417450	
AGO3	389424	305952	426522	
AGPAT2	298970	280399		
AGPAT3	157323	241735	206207	
AGPAT4	354724	560027	428567	
AGPAT5	162134	231970	135164	
AGPS	778288	534331	422444	233323
AGR2	3.41297e+07	1.34948e+07	1.50586e+08	1.95624e+08
AGR3	1.94355e+06	1.05855e+06	2.66492e+06	4.74765e+06
AGRN	1.43882e+06	761974	298740	
AGT	754886	1.51756e+06	1.53887e+06	522605
AGTRAP	683252	646798	1.44864e+06	
AHCY	5.06149e+06	6.93562e+06	5.40869e+06	3.44131e+06
AHCYL1	637176	599688	567520	
AHCYL2	1.15436e+06	1.00798e+06	1.23683e+06	2.22041e+06
AHNAK	2.22806e+07	1.08291e+07	1.10581e+07	1.66356e+07
AHNAK2	675116	536139		147295
AHSA1	948476	1.73946e+06	1.02981e+06	622886
AHSG	7.90551e+06	8.04716e+06	1.10608e+07	3.75833e+06
AIDA	218824	356338	99138	
AIF1	1.35051e+06	1.12015e+06	3.73318e+06	369399
AIFM1	2.24178e+06	4.14967e+06	1.18606e+06	4.16507e+06
AIFM2	371881	731487	196950	
AIMP1	1.96984e+06	3.38795e+06	1.87371e+06	2.3884e+06
AIMP2	360015	655866	399561	
AIP	937945	646462	634059	1.40522e+06
AK1	2.69623e+06	5.27496e+06	1.08932e+06	990533
AK2	1.03491e+07	1.02225e+07	7.66528e+06	5.04033e+06
AK3	3.60149e+06	3.88072e+06	1.71062e+06	2.2045e+06
AK4	129433	277505		
AKAP12	365847	90847.6		1.02235e+06
AKAP2	236420	178851	60021	
AKR1A1	4.25455e+06	4.12178e+06	5.82298e+06	4.3258e+06
AKR1B1	3.53091e+06	3.84244e+06	5.53154e+06	2.87681e+06
AKR1B10	763164	1.25162e+06	4.25402e+06	2.84561e+06
AKR1C2	12756.1	82067.9		
AKR1C3	1.73361e+06	1.37808e+06	1.77094e+06	2.50831e+06
AKR1E2	5.27318e+06	4.92045e+06	8.42613e+06	5.29505e+06
AKR7A2	3.60619e+06	3.3105e+06	2.66622e+06	2.65053e+06
AKR7A3	656909	349461	250537	214144
AKT1	404474	712576	451891	
AKT2	111993	134627	96504.9	
ALAD	986536	2.12206e+06	1.36863e+06	1.4036e+06
ALB	8.79184e+08	7.35473e+08	9.10917e+08	3.00115e+08
ALCAM	1.17604e+06	599697	391860	
ALDH16A1	3.00761e+06	9.33445e+06	6.54719e+06	3.2025e+06
ALDH18A1	3.8384e+06	5.44383e+06	1.48598e+06	5.30549e+06
ALDH1A1	1.70516e+06	2.12986e+06	1.20688e+06	1.75549e+06
ALDH1A3	490722	272920		
ALDH1B1	3.60201e+06	1.66989e+06	297968	1.02712e+06
ALDH1L1	340411	336445	337555	
ALDH1L2	608966	436161	211661	
ALDH2	6.31453e+06	5.98466e+06	3.28345e+06	4.73711e+06
ALDH3A1	84189.8	195294	88942.7	196341
ALDH3A2	627150	876509	640159	669490
ALDH3B1	2.23427e+06	3.15907e+06	6.42735e+06	
ALDH4A1	3.28479e+06	2.80965e+06	942417	987502
ALDH5A1	815222	906421	499597	717578
ALDH6A1	3.58223e+06	1.53001e+06	1.18402e+06	3.14793e+06
ALDH7A1	3.35161e+06	1.81473e+06	773863	2.11437e+06
ALDH9A1	2.74506e+06	3.07554e+06	1.97688e+06	4.39613e+06
ALDOA	4.84906e+07	5.08529e+07	5.22096e+07	1.77387e+07
ALDOB	81745.5	283401	1.17249e+06	1.96188e+06
ALDOC	1.37425e+06	1.46167e+06	2.83839e+06	1.08915e+06
ALG1	326797	210397	168284	
ALG11	240726	341289	268595	
ALG12	128894	134905	85184.1	
ALG2	134013	196699	196159	
ALG3	136299	303192	249738	
ALG5	845794	843173	314382	511839
ALG6	156520	291181	231682	
ALKBH5	56436.3	115889	53852.9	
ALKBH7	92617.1	67731.3		
ALOX12		205814	81850.7	
ALOX12B		160828		890142
ALOX15	429024	629453	1.47429e+06	2.14696e+06
ALOX5	299651	437775	2.45084e+06	
ALOX5AP	3.82401e+06	6.23215e+06	2.1808e+07	2.69679e+06
ALPL	174153	142197	394047	
ALYREF	2.65456e+06	2.16587e+06	2.70568e+06	996982
AMACR	450861	600086	168318	
AMBP	3.07456e+06	3.02085e+06	4.2976e+06	1.18496e+06
AMDHD2	373706	321169	96215.9	
AMPD2	539257	543799	433472	
AMPD3	201301	409945	662271	126540
AMY1B		111705		
ANG	355788	406295	311046	
ANGPTL2	18683.3			
ANK1	577071	9.71173e+06	1.84879e+06	
ANK3	115744	258732	105645	
ANKFY1	127203	318344	134040	
ANKMY2	20220.3	26410.5		
ANKRD13A	94364.1	127145	274717	
ANKRD17	56729.5	162737	57291.9	
ANKRD22	248121	431389	746980	
ANKRD44		76674.9	145169	
ANKS1A	138133	253748	179196	
ANLN	82155.5	226422		
ANO1	247676	92704.9		
ANO10	127489	282633	358785	
ANO6	386384	260102	280356	
ANP32A	5.51977e+06	6.54606e+06	1.28173e+07	6.01193e+06
ANP32B	5.63163e+06	5.53425e+06	6.64005e+06	1.32608e+06
ANP32E	222066	137511	302720	
ANPEP	892077	968553	2.47807e+06	
ANTXR1	826565	325510	79896.1	
ANTXR2	48327.4	21899.6	38879.6	
ANXA1	2.67871e+07	2.28788e+07	7.44488e+07	7.46083e+06
ANXA11	6.51962e+06	4.80997e+06	9.82483e+06	2.86296e+06
ANXA13	45791.7		247272	482406
ANXA2	6.54807e+07	4.37596e+07	4.374e+07	2.22864e+07
ANXA3	1.0632e+07	1.86475e+07	5.10965e+07	2.14334e+06
ANXA4	1.53311e+07	1.51673e+07	1.74687e+07	6.67248e+06
ANXA5	6.11919e+07	4.54247e+07	5.26177e+07	1.1773e+07
ANXA6	2.63867e+07	1.57889e+07	3.11998e+07	3.02031e+06
ANXA7	3.98116e+06	3.76479e+06	3.78318e+06	2.14409e+06
AOAH			99932.7	
AOC1	829513	332970	578859	1.33192e+06
AOC3	4.90774e+06	2.87902e+06	5.05499e+06	7.1452e+06
AOX1			158878	
AP1B1	616953	1.41394e+06	1.73953e+06	1.01798e+06
AP1G1	681784	1.3668e+06	958922	1.45001e+06
AP1G2		185445	158944	
AP1M1	81065.8	467968	287435	
AP1M2	54957	310494	140971	
AP1S1	273379	268945	215353	1.54128e+06
AP1S2	448572	666310	1.06276e+06	
AP2A1	523100	924518	659043	115547
AP2A2	228206	349221	279928	319481
AP2B1	1.0999e+06	1.59712e+06	1.32851e+06	
AP2M1	369473	1.10257e+06	584141	386422
AP2S1	1.51878e+06	2.65928e+06	1.58258e+06	1.43183e+06
AP3B1	555007	1.06218e+06	941484	
AP3D1	282195	424056	444389	
AP3M1	213672	529419	575544	
AP3S1	118375	142044	39132.6	
APAF1	87546.3	177196	271446	117232
APBB1IP	158676	456351	1.65793e+06	
APCS	4.3605e+06	3.27265e+06	4.44813e+06	584643
APEH	2.2875e+06	4.19209e+06	3.26781e+06	2.51182e+06
APEX1	7.04508e+06	7.17433e+06	7.62692e+06	4.97698e+06
APH1B		103588	162081	
API5	805569	830530	802354	480980
APIP	289263	303917	384531	
APLNR	78097.3		20094	
APLP2	42204.1	51681.1	57450.2	
APMAP	5.66195e+06	8.11162e+06	2.28528e+07	2.04201e+06
APOA1	6.69367e+07	2.86318e+07	4.66042e+07	2.8075e+07
APOA2	2.13886e+06	2.23536e+06	2.39294e+06	4.8061e+06
APOA4	3.69399e+06	1.06861e+06	1.58309e+06	1.42076e+06
APOB	2.26989e+06	3.30992e+06	3.43158e+06	1.7767e+06
APOBEC3G			26115.9	
APOBR	243621	161267	332264	1.31907e+06
APOC1	3.03127e+06	1.63287e+06	5.38534e+06	767740
APOC3	3.48615e+06	802295	4.02673e+06	524521
APOD	3.58859e+06	3.26809e+06	5.0713e+06	5.10467e+06
APOE	4.37642e+06	2.35013e+06	2.82539e+06	1.43735e+06
APOH	2.23215e+07	1.49937e+07	1.98848e+07	3.15304e+06
APOL1	317140	247873	270125	
APOL2	401281	346668	425109	528093
APOM	1.14483e+06	801759	1.28957e+06	
APOO	363782	580856	377555	342840
APOOL	274953	384673	182177	
APP	181686	124441	99288.2	
APPL1	724057	524687	661389	3.7061e+06
APRT	6.36921e+06	3.29866e+06	1.70334e+06	3.57448e+06
AQP1	731781	1.42977e+06	347140	
ARAF		158888		
ARAP1	212604	336694	536115	
ARCN1	1.20609e+06	2.2156e+06	1.67401e+06	2.21304e+06
ARF4	1.11242e+07	4.54458e+06	4.38245e+06	6.61272e+06
ARF5	2.01411e+06	909570	1.2875e+06	1.08969e+06
ARF6	2.59648e+06	1.90926e+06	1.72739e+06	1.02406e+06
ARFGAP1	405868	549363	451043	
ARFGAP2	328468	266742	260406	1.80687e+06
ARFGAP3	478644	498800	541772	1.94829e+06
ARFGEF1	1.3766e+06	824489	1.30983e+06	
ARFGEF2		147862	217353	
ARFIP1	671516	460217	439013	2.33521e+06
ARFIP2	523506	474961	312375	805902
ARG1	1.06904e+06	3.39757e+06	7.16372e+06	8.22326e+06
ARGLU1	151250	282309	403955	
ARHGAP1	3.71325e+06	4.35922e+06	3.06387e+06	2.41579e+06
ARHGAP17	96677.8	501321	201969	140066
ARHGAP18	215297	344975	218948	
ARHGAP25	135694	276536	746405	
ARHGAP30			148192	
ARHGAP45	329615	156878	269924	860418
ARHGDIA	1.90234e+07	1.51639e+07	2.13323e+07	9.6072e+06
ARHGDIB	1.58517e+07	1.74581e+07	4.60275e+07	9.36666e+06
ARHGEF1	659161	794077	897320	
ARHGEF10L	44914.8	244648	71579.1	
ARHGEF16	319779	220428	100913	
ARHGEF2	1.36459e+06	1.68523e+06	1.29601e+06	
ARHGEF6	60983.6	195042	309347	
ARHGEF7	108459	405777	291257	
ARID5B	125679		198300	
ARIH1	128850	173914	202151	
ARIH2	319039	429241	283025	
ARL1	3.86397e+06	2.83472e+06	1.86429e+06	2.65404e+06
ARL15	107124	142199	40208.2	
ARL2	498785	455166	260777	
ARL3	1.23707e+06	682700	802329	
ARL5A	49298.7		31723.6	
ARL6IP1	692049	1.02125e+06	882749	
ARL6IP5	4.93541e+06	3.65986e+06	7.1996e+06	2.40223e+06
ARL8A	571244	391870	504668	
ARL8B	3.32224e+06	3.06089e+06	3.47465e+06	1.00149e+06
ARMC1	339783	141951	113241	
ARMC10	235701			
ARMC8	60941.7	114770	78253.8	
ARMCX3	116258	136600		
ARMH3		58334	80828.3	
ARMT1	4.31426e+06	5.90251e+06	5.36101e+06	
ARPC1A	1.85053e+06	1.36467e+06	1.4409e+06	5.15001e+06
ARPC1B	5.47045e+06	6.65121e+06	1.03145e+07	3.48804e+06
ARPC2	7.64443e+06	8.17185e+06	1.35475e+07	3.09948e+06
ARPC3	8.30377e+06	1.03579e+07	1.45853e+07	1.23121e+07
ARPC4	1.16421e+07	1.3197e+07	1.93417e+07	8.34291e+06
ARPC5	9.62004e+06	8.62272e+06	1.80948e+07	3.44482e+06
ARPC5L	2.83417e+06	2.6547e+06	1.50229e+06	1.06066e+06
ARPIN	1.42238e+06	665571	440141	1.0188e+06
ARR3	901532	379706	507973	
ARRB1	362236	465906	497258	
ARRB2	149273	513886	1.1471e+06	
ARRDC1	219386	207885	154275	
ARSA	633177	643499	734719	486621
ARSB	698445	585323	1.25305e+06	
ARSD	164210	128497	152891	
ARSL	299510	409508	275180	2.28697e+06
ASAH1	6.48993e+06	2.85481e+06	4.75057e+06	4.26066e+06
ASAH2	632627	1.17046e+06	1.2716e+06	
ASAP1	40742.5	119660	137616	
ASCC1	117153	95095.8	118096	
ASCC2	39059.6	83102.5	62487.4	
ASCC3		163432		471217
ASF1A	143510	151567	123149	
ASH2L	79725.5	53253.8	64301.3	
ASL	793623	534918	596112	1.80025e+06
ASMTL	95851.6	62417.1	48676.7	
ASNS	188709	455002	292875	
ASPH	1.67506e+06	1.92056e+06	1.41028e+06	
ASPN	497074	511802		
ASPRV1		999966		794532
ASPSCR1	282744	455602	193819	763157
ASRGL1	70518.4	96368.3	508044	
ASS1	4.37657e+06	5.81653e+06	2.13727e+06	6.89117e+06
ATAD1	255136	325315	123939	
ATAD3A		139831		
ATAD3B	44930.8	154439		
ATE1	146792	179907	118784	
ATG3	228114	165635	280076	571231
ATG4B	82105.8	40343.2		
ATG5	88450.7	123775	73382.9	
ATG7	179990	491271	712305	
ATIC	3.26689e+06	4.14337e+06	2.25191e+06	2.35392e+06
ATL2	176001	91462.9	191523	
ATL3	1.58064e+06	1.20494e+06	1.23667e+06	
ATOX1	1.03187e+06	792973	952221	1.87997e+06
ATP11A	37801.9	58761.3	92752.9	
ATP11B	96728.3	116217	363163	
ATP11C	25650.7			
ATP13A1	250153	556443	332125	
ATP1A1	4.98606e+07	3.76331e+07	2.51945e+07	6.52094e+07
ATP1B1	7.54076e+06	6.39417e+06	5.14991e+06	7.35875e+06
ATP1B3	2.27333e+06	2.4756e+06	2.44936e+06	1.28268e+06
ATP2A2	1.72582e+06	2.74225e+06	1.79266e+06	2.62797e+06
ATP2A3	289788	1.11438e+06	2.20304e+06	2.56459e+06
ATP2B1	291808	330907	261237	618455
ATP2B4	785858	461155	458708	
ATP2C1	300890	463327	314660	
ATP5F1A	8.66205e+06	7.65401e+06	2.44851e+06	2.5688e+07
ATP5F1B	2.26906e+07	2.63798e+06	1.04623e+06	3.14329e+07
ATP5F1C	543687	1.20912e+06	277199	2.29267e+06
ATP5F1D	2.37901e+06	194445	93283.8	3.97413e+06
ATP5IF1	5.10525e+06	6.13532e+06	2.75522e+06	4.02467e+06
ATP5ME	2.91249e+06	1.15353e+06	849208	1.2934e+07
ATP5MF	1.8499e+06	3.1061e+06	2.82653e+06	3.03963e+06
ATP5MG	4.20905e+06	3.53614e+06	1.86701e+06	3.94647e+06
ATP5MJ	628991	318344	646996	
ATP5MK	2.58436e+06	1.85603e+06	2.28449e+06	2.0429e+06
ATP5PB	2.32962e+06	2.26394e+06	1.20785e+06	2.39825e+06
ATP5PD	2.07466e+06	425669	411079	6.1442e+06
ATP5PF	312639	116628	210797	
ATP5PO	2.4019e+06	1.5739e+06	737193	3.78237e+06
ATP6AP1	903884	898741	1.68709e+06	
ATP6V0A1	404713	450717	560855	
ATP6V0A2	74426.4	85560.5	188806	
ATP6V0C	646589	625868	1.09336e+06	
ATP6V0D1	145850	46676.9	102065	253917
ATP6V1A	1.50607e+06	1.40766e+06	1.16337e+06	3.38323e+06
ATP6V1B2	2.50787e+06	2.0261e+06	1.2837e+06	7.75774e+06
ATP6V1C1	408744	1.10481e+06	1.28006e+06	
ATP6V1D	104089	56693.3	75575.1	
ATP6V1E1	953585	570917	741105	3.19338e+06
ATP6V1G1	1.93161e+06	1.31351e+06	1.10296e+06	3.29456e+06
ATP6V1H	217854	270420	530048	
ATP8A1	189600	249959	1.2159e+06	
ATP8B1	183335	183286	371189	544233
ATP9A	159046	171695	147481	291659
ATPAF1	154127	153096	29215	
ATPAF2	71883	83207.3	40463.2	
ATRN	371275	379909	440147	
ATRX		88913.8		
ATXN10	6890.06			
ATXN2	207915	318262		
ATXN2L	236151	199642	100794	
AUH	1.53414e+06	927585	473266	399305
AUP1	361482	313977	257480	
AXL	129030	120467	91729.7	
AZGP1	3.46837e+06	3.40995e+06	4.06814e+06	8.36338e+06
AZU1	1.49126e+07	4.68421e+07	9.59771e+07	2.5491e+06
B*15:01:01:01	1.18083e+06	1.23407e+06	1.66183e+06	1.5233e+06
B*27:05:02:01	622438	788857	1.0048e+06	
B2M	5.72442e+06	4.7858e+06	1.31407e+07	8.82686e+06
B3GALT5	18703.7		216611	
B3GALT9	73802	263930	432454	
B3GAT3	158410	270184	163520	
B3GLCT	34005.2			
B3GNT3	161557	183867	377791	449948
B3GNT6			174202	4.76222e+06
B3GNT7			255421	
B3GNT8	30954.8	24680.9	50531.4	
B4GALT1	411218	498468	630970	187105
B4GALT4	260523	325705	385560	
B4GALT7	39666.4	80131.2	48050	
B4GAT1	134066	118885	79750.9	
BABAM1	165771	180810	133463	
BABAM2	143242	136398	119655	
BAD	144804	97118.3	81942.8	
BAG1	77312.2	46964.9	127875	
BAG2	104721	175892	103879	
BAG3	458855	519655	204046	
BAG5	23686.9	74810	84412.2	
BAG6	297392	252536	171976	1.59952e+06
BAIAP2	188505	260042	61960.4	
BAIAP2L1	146883	119119	109017	
BAIAP3	189135	198969	356906	
BAK1	329289	315983	246829	
BANF1	760145	82475.8	272871	
BAP18	796432	406335	810137	660005
BASP1	2.26006e+06	1.48293e+06	2.53056e+06	2.57018e+06
BAX	1.33952e+06	1.94594e+06	1.9055e+06	1.36558e+06
BAZ1B	315255	203039	77756.4	
BCAM	288814	214998	77298.1	
BCAP29	200838	193765	180151	
BCAP31	5.39309e+06	6.71845e+06	6.03721e+06	4.07004e+06
BCAR1	168232	121788		
BCAS1	58974.4		805512	1.10302e+07
BCAS2		28447.8	13393.4	
BCAT1	580528	583046	443950	
BCAT2	907765	555436	377433	782486
BCCIP	167342	52438.8		
BCHE	199752	268284	233543	
BCKDHA	1.08299e+06	447481		766135
BCKDHB	522346	258177	140133	
BCKDK	28632.6			
BCL10	125278	157794	231726	
BCL2L1	355635	335395	180140	
BCL2L2	60367.1			
BCL7C	138068	124709	123698	
BCLAF1	240033	507039	310049	
BCS1L	222220	389113	142627	
BDH1	1.08476e+06	567210	314861	1.56181e+06
BDH2	2.98455e+06	1.54974e+06	1.41577e+06	100446
BECN1		121300	102159	
BGN	7.8339e+06	1.46552e+06	281827	775450
BICD2	77998.7	45478.7	57759.4	
BID	384884	199694	207866	808268
BIN1	245828	246339	119459	
BIN2	209344	397955	1.40497e+06	
BLMH	1.44958e+06	2.07386e+06	1.70674e+06	5.32919e+06
BLOC1S1	78788	64056.1	71831.8	
BLOC1S2	201386	267342	282574	
BLOC1S5	76825.4	195993	92726.6	
BLVRA	1.30352e+06	2.32695e+06	1.53329e+06	1.16016e+06
BLVRB	6.05986e+06	2.75769e+07	9.50116e+06	1.38943e+06
BNIP2	17391.4	97395.6	88095.4	
BOLA2	2.5558e+06	1.73921e+06	728960	1.19366e+06
BORCS5	147601	79706.6	141997	
BPGM	1.11654e+06	7.37041e+06	2.34328e+06	
BPHL	775342	702063	544783	
BPI	2.29718e+06	8.32032e+06	3.68485e+07	1.25485e+06
BPIFA1		33374.2		1.09692e+06
BPIFA2	200797	190232	234880	
BPIFB1				9.90618e+06
BPIFB2				2.72954e+06
BPNT1	1.86063e+06	1.78114e+06	1.20856e+06	865279
BPNT2	403299	541765	322709	
BRCC3	244038	436199		
BRI3BP	533543	929456	1.30395e+06	
BRMS1	210102	210521	1.18604e+06	
BROX	1.05083e+06	1.20422e+06	1.10383e+06	559309
BSG	7.13276e+06	7.67994e+06	4.65339e+06	1.58815e+06
BST1	471521	570877	2.71916e+06	
BST2	285813	306621	346763	
BTD	341444	386217	533947	
BTF3	699048	491010	297960	1.34344e+06
BTF3L4	549062	418860	71287.6	
BTK		102205	101409	
BTN3A2	186755			
BTN3A3	204520	101066	105695	
BUB3	1.10459e+06	1.23656e+06	1.26818e+06	126537
BUD31	39944.2	53129.6	26284.3	
BYSL	85325.3	103640	25663.1	
BZW1	1.0032e+06	1.34673e+06	632381	
BZW2	504917	1.02962e+06	289190	
C*02:02:01	1.05301e+06	1.24534e+06	1.5282e+06	2.85737e+06
C*03:03:01:01	230639	123390	267349	
C10orf67	2.5261e+06	2.84133e+06	4.01313e+06	608965
C11orf54	934986	690659	954704	397641
C11orf68	667220	609124	476384	
C18orf32	132597	146007	110703	131187
C18orf63	806588	947991	1.10856e+06	736848
C19orf12	141593	44427.7	63295.1	
C1GALT1	185529	309066	208535	
C1GALT1C1	25468.1	53788.3	24768.2	
C1QA	1.30819e+06	2.63506e+06	2.59458e+06	1.29765e+06
C1QB	2.02219e+06	3.51477e+06	3.59655e+06	2.06157e+06
C1QBP	1.66842e+06	1.63439e+06	1.3173e+06	485589
C1QC	2.14994e+06	3.8905e+06	3.84258e+06	1.05701e+06
C1QTNF3	194436	51886.8		
C1QTNF5	262768	90309.1		
C1R	695410	986051	975506	
C1RL	95326.9	72908.4		
C1S	2.02193e+06	2.69483e+06	2.69914e+06	668868
C1orf232	58238.9	119077	42316.9	
C2	1.22563e+06	2.14326e+06	1.85377e+06	
C2CD5	82465.3	101889	106004	
C2orf69	44129.4	18646.4	26291.5	
C3	1.24042e+07	2.95483e+07	3.46025e+07	6.22275e+06
C3AR1			67140.9	
C4A	1.70572e+06	3.1362e+06	5.68495e+06	858218
C4B	1.08103e+06	1.21945e+06	2.96516e+06	
C4BPA	4.02669e+06	6.64054e+06	1.17682e+07	1.04442e+06
C4BPB	207544	211132	541484	
C4orf33	190108	276218		
C5	1.1572e+06	1.68991e+06	3.80612e+06	
C5AR1		82676.3	292252	
C6	1.33924e+06	1.64319e+06	3.67074e+06	398404
C7	351304	574764	1.35098e+06	
C7orf25	398516	304637	655554	
C7orf50	97174	129564		
C8A	1.48778e+06	1.82664e+06	3.45995e+06	
C8B	924901	1.06234e+06	2.43604e+06	
C8G	1.3977e+06	1.43578e+06	2.9152e+06	
C8orf82	993178	791924	397505	1.76807e+06
C9	3.57712e+06	3.72111e+06	1.14703e+07	2.05105e+07
CA1	2.24931e+07	1.29988e+08	3.75521e+07	1.14946e+07
CA12	184166	177383	325560	741413
CA13	371541	490645	135222	
CA2	5.2311e+06	3.08405e+07	1.35388e+07	1.38799e+07
CA3	197481	860898	318660	
CA4		118818	841682	
CA5B	155484			
CA7			105258	
CAB39	517497	922665	1.51014e+06	
CAB39L	80042.3	94186	20727.1	
CACNA2D1	439053	284557	155863	
CACYBP	1.4375e+06	1.21063e+06	926930	1.32604e+06
CAD	847689	2.02824e+06	783838	
CADM4	47905.7	44426.3	45356.3	
CALB2	266284		54788.8	
CALCOCO1		136994		
CALD1	2.13084e+07	8.08405e+06	2.13277e+06	4.6837e+06
CALHM5	203168	197596	155862	
CALM1	507789	713728	256822	286316
CALML3		618310		2.00723e+06
CALML5	542524	3.69594e+06	857828	1.35252e+07
CALR	3.51029e+07	3.72735e+07	5.38377e+07	2.43611e+07
CALU	6.2684e+06	976602		3.80415e+06
CAMK1D	112080	52134.4	55116.3	
CAMK2D	107411	242725	120185	648130
CAMK2G	186095	203679	355260	
CAMK4	130363	312705	306672	
CAMP	7.11996e+06	1.94407e+07	9.8074e+07	2.90483e+06
CAMSAP2	19937.5	19201.3	23159.3	
CAND1	569371	994841	468233	1.41913e+06
CANT1	834723	973106	1.69386e+06	1.28105e+06
CANX	1.19536e+07	1.27968e+07	1.61519e+07	6.75859e+06
CAP1	1.15549e+07	1.41008e+07	3.07637e+07	8.71024e+06
CAP2	74621	77914.9		
CAPG	1.06148e+07	1.10152e+07	1.46516e+07	7.23596e+06
CAPN1	8.90654e+06	9.52413e+06	9.16379e+06	3.59411e+06
CAPN2	3.31209e+06	2.17261e+06	1.59495e+06	3.11911e+06
CAPN5	685930	548651	394124	5.30105e+06
CAPN6	466962	200765		
CAPN7	80248.1	206551	165478	
CAPNS1	3.4566e+06	1.47562e+06	1.63519e+06	1.64838e+06
CAPRIN1	899204	1.14924e+06	798611	
CAPZA1	5.37268e+06	6.47234e+06	9.40727e+06	2.76748e+06
CAPZA2	1.49192e+07	1.65317e+07	1.65643e+07	1.33473e+07
CAPZB	8.20601e+06	9.47162e+06	1.47916e+07	5.72473e+06
CARHSP1	1.57119e+06	1.17851e+06	900677	571238
CARM1	739916	1.10523e+06	317289	
CARMIL1		121247	103934	
CARNMT1	70163.4	120901	57872.5	
CARS1	854291	985243	903901	909524
CARS2	566917	440223	229731	
CASD1			42883.8	
CASK	432423	448078	287645	
CASP1	476192	964286	1.37618e+06	1.16176e+06
CASP10		178762	192974	
CASP14	221150	2.69532e+06	425183	1.13696e+07
CASP3	1.75202e+06	1.64902e+06	2.52352e+06	2.37101e+07
CASP4	60667	75900.5	125656	
CASP6	883620	650057	713421	
CASP7	295865	308776	410555	3.74074e+06
CASP8		197855	222594	
CAST	1.89433e+06	1.55884e+06	1.31386e+06	3.01609e+06
CAT	6.05217e+06	1.83955e+07	2.16119e+07	5.20969e+06
CAV1	3.78657e+06	1.19953e+06	1.29542e+06	
CAV2	1.98507e+06	1.11651e+06	576897	
CAVIN1	1.5438e+06	1.70357e+06	332368	1.49887e+06
CAVIN2	249933	326674	44701.3	227669
CAVIN3	372440	219518		345063
CBFB	800870	811685	1.08772e+06	
CBL	149885	100717	296077	
CBR1	6.28739e+06	5.46215e+06	2.6037e+06	2.86926e+06
CBR3	1.04522e+07	5.68923e+06	3.46487e+06	5.64777e+06
CBR4	259187	118241	132917	120629
CBX1	796580	558834	1.01652e+06	
CBX3	1.04729e+06	1.04222e+06	1.15786e+06	
CBX5	667224	505821	279598	
CC2D1A	375192	349274	222652	
CCAR1	237254	459184	396123	
CCAR2	258737	613240	398284	563669
CCDC124	409337	295303	187087	1.1846e+06
CCDC141	586351	70179.6	418009	
CCDC168	47778.4	59919.6	342675	
CCDC186	34567.8	119584	73997.1	
CCDC22	98707.8	302586	139911	
CCDC25	223859	172869	236445	
CCDC33	2.38707e+06	2.61158e+06	1.57951e+06	2.00881e+06
CCDC43	153185		135230	
CCDC47	262763	350882	220665	
CCDC50	239531	144498	83553.9	
CCDC51	138667	207838	146553	
CCDC6	415791	559735	211191	
CCDC80	28393.1			
CCDC88B		125092	201143	
CCDC9	164366			
CCDC90B	68457.8			
CCDC93	191174	826703	212960	
CCL15			69164.3	
CCL18			459848	
CCL24	79877.8	62891	191265	
CCN2	41572.6	34844.1	152190	
CCNB1	97708.9	117398	164918	
CCNK	146746	247760	154688	
CCNY	119521			
CCNYL1	75179.3	61032.8	56254.6	
CCS	1.12841e+06	1.245e+06	804055	1.41871e+06
CCT2	3.52023e+06	3.95845e+06	1.89452e+06	2.03763e+06
CCT3	6.38951e+06	4.26362e+06	923581	2.58215e+06
CCT4	4.23082e+06	3.8174e+06	2.35216e+06	2.9092e+06
CCT5	2.58449e+06	2.66044e+06	1.22638e+06	1.51415e+06
CCT6A	5.40499e+06	5.29941e+06	2.30408e+06	2.4569e+06
CCT6B	672008	1.902e+06		
CCT7	4.9446e+06	3.93323e+06	1.8729e+06	2.17215e+06
CCT8	4.54788e+06	4.74766e+06	2.50183e+06	2.57577e+06
CCZ1	97037.2	108172	41115.4	
CD101	134160	120145	426069	
CD109	843624	783140	448457	
CD14	837842	791006	1.66752e+06	698263
CD151	1.02197e+06	536218	577593	
CD163	832903	708696	1.74651e+06	168339
CD177	712128	1.56839e+06	9.5422e+06	1.01044e+06
CD180	81373.8	70729.1	155248	
CD2	41659.7	24439.6	109480	
CD200R1	19566.2	35445.2	164143	
CD248	1.72799e+06	936022	432457	
CD276	1.1548e+06	529193	376574	
CD2AP	573710	610628	673833	3.65284e+06
CD2BP2	765379	1.20029e+06	595766	
CD300A	132314	221499	445470	
CD300LF	63302.6	47027.3	211681	
CD302	142302	79318.9	124652	
CD34	312218	128369	188540	
CD36	520727	553811	396777	
CD38	81590.2	167410	854449	
CD4	196379	114749	484048	
CD40	305443	280519	443224	
CD44	5.07712e+06	3.53988e+06	4.41492e+06	4.63332e+06
CD46	1.2113e+06	1.03079e+06	559217	434401
CD47	3.11919e+06	4.51148e+06	4.60585e+06	1.31179e+06
CD48	93751.7	155700	445680	
CD5	140757	126537	189346	
CD53	1.23026e+06	1.82679e+06	4.11785e+06	
CD55	2.97403e+06	2.0627e+06	1.42138e+06	
CD58	263587	298804	346770	
CD59	3.91766e+06	1.61371e+06	2.167e+06	1.47277e+06
CD5L	674781	589404	627431	96125.7
CD6	44190.9		40158	
CD63	8.4989e+06	8.56255e+06	2.81881e+07	2.50748e+06
CD68	1.10421e+06	661403	1.0267e+06	
CD69			57097.8	
CD74	957918	776004	1.18179e+06	721401
CD81	1.72092e+06	475676	665853	
CD82	636510	780507	837191	
CD84	96905.8	122790	68330.6	
CD9	5.65613e+06	3.00658e+06	1.86264e+06	854673
CD93	512243	413709	598227	
CD99	753929	102346	327976	930656
CDA	988907	868093	6.30128e+06	
CDC123	282884	398244	84578.7	
CDC20	60410.2	184721		
CDC23	18855	140599	44885.1	
CDC34	157810	288156	144479	
CDC37	4.09122e+06	4.307e+06	3.13602e+06	2.35677e+06
CDC42	6.05305e+06	3.90687e+06	7.82615e+06	2.41801e+06
CDC42BPB	424471	522286	259273	
CDC5L	687130	597662	699030	4.62066e+06
CDC73	351319	676099	664206	
CDCP1	397356	622693	355679	
CDH1	6.77459e+06	6.33986e+06	6.40421e+06	1.86847e+07
CDH11	263907	234873		
CDH13	1.64311e+06	601601	359178	
CDH17	4.96146e+06	2.72799e+06	2.30377e+06	7.41953e+06
CDH3	76477.7	118040		
CDH5	59723.5			
CDIPT	735305	1.06355e+06	787022	
CDK1	267631	485533	271686	
CDK2	387050	47170.4		
CDK5	314857	330255	117000	
CDK5RAP3	124524	23002.3		816496
CDK6	1.05509e+06	827234	564087	
CDK7	168420	196732	114202	
CDK9		231962	153241	
CDKN2AIP	106666	157787	52188.9	
CDS2	367208	530446	467637	
CDSN	301868	488902	316181	7.93923e+06
CDV3	1.48559e+06	859033	1.35526e+06	2.5675e+06
CEACAM1	415401	1.33926e+06	3.02691e+06	
CEACAM21	134674		249009	
CEACAM5	2.21515e+07	1.93013e+07	4.61715e+06	9.68128e+06
CEACAM6	2.68537e+06	4.87286e+06	1.01134e+07	1.48198e+06
CEACAM7	175640	206613	556197	2.16443e+06
CEACAM8	595149	1.52104e+06	7.96148e+06	
CEBPZOS	46227.7	49840	20706.6	
CELA3A	84840.2	3.14817e+06	560681	
CELF1	407169	429336	268583	
CELF2	473913	565803	1.39501e+06	
CEMIP		96114.5		
CEMIP2	255908	229097	331752	
CENPJ			46621.7	
CEP170	227203	35132.4	146320	
CEPT1	281588	729679	505823	
CERCAM	31933.3			
CERS2	431330	899376	666757	
CERS6	125777	187486	113068	
CERT1	243012	223653	354341	
CES1	2.66811e+06	1.69357e+06	2.11107e+06	312330
CES1P1	2.04603e+06	1.08138e+06	2.02231e+06	
CES2	833518	1.05903e+06	940265	1.43278e+06
CETN2	118724	175450	201333	
CFAP20	303882	371957	219107	
CFB	4.55915e+06	5.89974e+06	6.676e+06	2.60111e+06
CFD	426587	322910	472392	
CFDP1	294932	245060	123727	
CFH	1.08155e+07	8.55981e+06	1.01511e+07	2.13846e+06
CFHR1	1.5808e+06	1.72828e+06	1.98408e+06	
CFHR2	770214	783071	1.10935e+06	
CFHR4	240403	136136	474810	
CFHR5	315858	516825	660498	
CFI	899253	1.28532e+06	1.70599e+06	
CFL1	4.03e+07	4.75911e+07	3.56498e+07	6.92237e+07
CFL2	166525	121987		
CFP	977297	1.51647e+06	2.98828e+06	
CGGBP1	115909	63518.5	106130	
CGN	108292	238579	132015	
CHCHD1	225255	100815	35288	
CHCHD3	433067	1.71444e+06	665005	2.7127e+06
CHCHD7	263370	265402	147275	145591
CHD4	210580	522494	509294	
CHDH	1.94245e+06	2.11636e+06	414758	2.30071e+06
CHGA			491307	5.18979e+06
CHI3L1	406339	1.01889e+06	4.35968e+06	
CHID1	792855	872637	850228	
CHIT1	325443	631614	3.90431e+06	
CHKB	87500.3		105671	
CHMP1A	236476	277727	172682	
CHMP1B	830827	929019	1.04318e+06	325519
CHMP2A	255930	140680	119310	
CHMP2B	516671			1.74536e+06
CHMP3	479678	716103	432620	
CHMP4A	376591	263241	193264	142147
CHMP4B	970616	346395	303032	1.3307e+06
CHMP5	152671	124788	151602	470398
CHMP6	351885	301191	389782	
CHORDC1	774979	1.09988e+06	869018	
CHP1	414035	366009	904544	
CHRAC1	254110	125424	145585	
CHST14	172770	179877	114587	
CHTOP	27136.1			
CHUK		100112	53053.7	
CHURC1	67781.3	27604.8	39804.1	
CIAO1	231869	309693	159459	
CIAO2A	398692	444557	299548	
CIAO3	484021	267790	371829	
CIAPIN1	483643	595706	399881	
CIRBP	1.34101e+06	1.50914e+06	1.18837e+06	1.25149e+06
CISD1	866360	823370	613681	
CISD2	1.20304e+06	1.39617e+06	1.44093e+06	1.94266e+06
CKAP4	3.37786e+06	3.18539e+06	1.5384e+06	3.14118e+06
CKAP5	224003	660390	339882	
CKB	9.38015e+06	7.63278e+06	4.48221e+06	2.54942e+07
CKMT1A	5.64351e+06	3.9977e+06	5.33178e+06	9.01746e+06
CKMT2	655438	565697		
CKS1B	185263	270774	69110	
CLASP1	63554.2	65650.9	89201.5	
CLC	2.63221e+07	2.00808e+07	1.17246e+08	4.38598e+07
CLCA1	101739		3.46892e+06	8.56353e+06
CLCN7	143673	273969	145674	
CLDN1	196218	117280		
CLDN2	132978			
CLDN3	1.77698e+06	788280	867309	1.71915e+06
CLDN4	204880	78653.5	61764.4	1.15506e+06
CLDN7	367141	123259	421079	
CLDND1	143053	81498.3	56793.6	
CLEC11A	184831			
CLEC12A	46234.3	256816	733811	
CLEC14A	16296.3			
CLEC3B	1.94763e+06	1.202e+06	897635	
CLEC4D			125832	
CLEC5A	104327		437115	
CLIC1	2.89715e+07	1.70991e+07	2.56764e+07	2.25191e+07
CLIC2	141018	62728.4	120393	
CLIC3	43229.9			
CLIC4	2.30841e+06	1.5032e+06	1.25817e+06	1.2963e+06
CLIC5	38392.1	23582	20603.3	
CLINT1	351307	568797	514136	283437
CLIP1	228761	282535	319907	
CLIP2	170436	134613	36404.9	
CLMN	62555.4	78576.3	91463.9	
CLN5	105261	76593	112186	
CLNS1A	177507	190730	53490.4	
CLP1	186641	493148	256292	
CLPB	1.65715e+06	2.18715e+06	1.24955e+06	
CLPP	654493	282677	120477	9.52582e+07
CLPTM1	1.06026e+06	1.46801e+06	1.20369e+06	1.41183e+06
CLPTM1L	192318	340443	412255	
CLPX	259751		105986	
CLRN3	199095	367684	165417	
CLSTN1	205080	157297	119854	
CLTA	3.46422e+06	1.41721e+06	833541	5.78013e+06
CLTB	1.30843e+06	486787	181764	2.99982e+06
CLTC	447527	3.439e+06	1.48263e+06	5.78363e+06
CLU	8.19865e+06	6.5612e+06	1.09323e+07	5.85293e+06
CLUH	186774	258346	99122.5	
CLYBL	722705	303696	257004	506017
CMAS	2.88076e+06	2.48164e+06	1.11358e+06	1.62172e+06
CMBL	3.09448e+06	2.71596e+06	2.22176e+06	4.33496e+06
CMC1	1.21861e+06	1.61807e+06	961967	2.88359e+06
CMC2	430366	360434	139024	
CMC4	136925	96270.7	68058.3	
CMPK1	4.46053e+06	4.77885e+06	4.19448e+06	7.41145e+06
CMPK2	330029	620834		
CMTM3	459281	166559	148472	
CMTM4	71508.2			
CMTM6	137003	135635	208370	
CMTM7	58072.5	71240.4	141379	
CMTR1	160507	326514	160585	
CNBP	1.22612e+06	1.15664e+06	423694	2.00256e+06
CNDP2	7.60032e+06	6.2314e+06	2.61514e+06	9.16061e+06
CNEP1R1	72390.9	72349.4	108750	
CNN1	6.22227e+06	2.48675e+06	1.85934e+06	5.73166e+06
CNN2	5.06262e+06	3.47757e+06	2.84681e+06	1.77642e+06
CNN3	1.44394e+06	447892	323105	1.16358e+06
CNNM4	57997.4	23146.1	122016	
CNOT1	73108	198139	143692	
CNOT3	109060	97747.8	151236	
CNOT7		94867.2		
CNOT9	107459	151035	71583.6	
CNP	348718	710082	512917	
CNPY2	2.71139e+06	2.14743e+06	2.56491e+06	2.6743e+06
CNPY3	556403	483526	557482	
CNPY4	391013	222291	229381	
CNRIP1	574090	509071	289026	
CNTNAP1	123399	102281	57627.5	
CNTRL		158814	100121	
COA3	339250	348485	268726	
COA5	42967.2			
COA6	588584	432241	267317	435972
COA7	352571	345011	127480	
COASY	199510	314260	213557	
COG1		74188.6		
COG2		86585.7		
COG8		29223.5		
COL10A1	166455	113721	229912	
COL11A1	173475		10226.1	
COL12A1	5.96666e+06	2.84756e+06	2.31029e+06	
COL14A1	1.82991e+06	1.68769e+06	1.60965e+06	1.02845e+06
COL15A1	1.84873e+06	992524	1.29123e+06	
COL16A1	188510			
COL17A1	54544			
COL18A1	3.10539e+06	1.47603e+06	1.53748e+06	
COL1A1	1.82954e+07	1.52265e+07	5.37128e+06	2.77529e+07
COL1A2	4.57344e+06	3.87169e+06	1.43671e+06	1.44242e+06
COL3A1	2.72188e+06	2.01378e+06	1.0319e+06	753835
COL4A1	684647	306925	258443	
COL4A2	936893	529938	333973	
COL5A1	626556	395915	356056	
COL5A2	712154	469831	251962	
COL6A1	1.13501e+06	1.09638e+06	833787	774403
COL6A2	1.443e+06	1.35855e+06	892235	1.04547e+06
COL6A3	7.9559e+06	7.85768e+06	5.61029e+06	3.30319e+06
COL7A1	180979	424836	247501	
COL8A1	196959	44541.9	44760.8	
COLGALT1	1.39334e+06	1.77247e+06	1.42111e+06	648679
COMMD10	238788	349907	345029	
COMMD2	273397	318526	175630	
COMMD3	44734.5	27174.6	39620.9	
COMMD4	484873		323380	
COMMD5	84915.4	59882.2	96443.5	
COMMD6	57159	44637.2	60249.1	
COMMD7	196452	179976	83028.4	
COMMD9	69256.9		68750.6	
COMP	487504	94296.6	134206	
COMT	1.9735e+06	913452	697209	3.93443e+06
COMTD1	50771.6		46119.8	
COPA	2.01155e+06	7.78817e+06	4.23001e+06	1.02069e+07
COPB1	626279	1.49485e+06	824457	2.52292e+06
COPB2	3.05905e+06	3.87289e+06	2.69958e+06	3.29617e+06
COPE	987080	756768	1.02343e+06	1.5012e+06
COPG1	498533	1.5784e+06	1.30496e+06	3.5135e+06
COPG2	96776.5	166813	136317	
COPS2	330338	639895	566472	
COPS3	234437	678639	363651	
COPS4	303675	417639	188454	1.25074e+06
COPS5	1.05634e+06	659865	810344	
COPS6	295374	373023	200053	
COPS7A	163052	134411		
COPS7B	82284.9	145619		
COPS8	450163	581491	380104	275557
COPZ1	444460	257435	147541	2.17643e+06
COPZ2	192185	79305.2		
COQ3	248321	215932		
COQ5	366185	324590		
COQ6	103842	303256	92898	
COQ7	153970	112628	21771.6	
COQ8A		168010	75872	
COQ9	748242	287683	171076	
CORO1A	5.27973e+06	1.33697e+07	4.9387e+07	5.73024e+06
CORO1B	3.7234e+06	5.22314e+06	4.14414e+06	6.40835e+06
CORO1C	2.68743e+06	3.2742e+06	2.95751e+06	1.09921e+06
CORO2A	60216.6	71445.9	140003	
CORO7	133357	459194	711556	304276
COTL1	3.95032e+06	1.0497e+07	2.16171e+07	7.0731e+06
COX15	145339	414660	99503.9	
COX20	893725	787426	248453	
COX4I1	7.58784e+06	5.47237e+06	5.05183e+06	1.27498e+07
COX5A	2.24098e+06	736138	947452	2.06946e+06
COX5B	3.7711e+06	2.44978e+06	3.59811e+06	1.13301e+07
COX6B1	5.61394e+06	2.62503e+06	3.94253e+06	9.41691e+06
COX6C	4.71925e+06	4.61855e+06	2.3378e+06	6.91939e+06
COX7A1	152226			
COX7A2	4.7951e+06	2.48381e+06	3.03534e+06	1.03689e+07
COX7A2L	350023	340622	429344	2.12506e+06
COX7B	1.42335e+06	1.19819e+06	637444	1.28929e+06
COX7C	416673	258997	284545	937122
CP	1.0095e+07	9.67946e+06	1.04082e+07	2.99956e+06
CPA3	41854.7	111300		
CPA4		225792	182648	1.10025e+06
CPB2	655094	472237	1.00618e+06	
CPD	539068	496986	1.04181e+06	
CPE			166205	806324
CPM	135591	71867	130420	
CPN1	132388	199889	224515	
CPN2	610162	901654	1.10783e+06	
CPNE1	898958	645791	610675	
CPNE2	176742	136453	394908	
CPNE3	3.2083e+06	2.09327e+06	6.11094e+06	1.32184e+06
CPNE7	140213	197986	238381	
CPOX	743481	789312	548499	
CPPED1	2.04422e+06	2.33774e+06	3.97676e+06	1.41287e+06
CPQ	920783	640495	456014	
CPSF1	102860	398059	222812	
CPSF3	59479.6	143942	83324.3	
CPSF6	999974	1.21011e+06	820288	659555
CPSF7	439388	451278	287055	1.61479e+06
CPT1A	781780	1.40372e+06	1.16623e+06	1.16957e+06
CPT2	919344	1.22717e+06	659074	731942
CPVL	428615	531335	783543	446436
CPXM1	224046	171071		
CPZ	47034.5	35962.3		
CR1	268629	665025	1.51065e+06	
CRABP2	242610	298618	207071	120726
CRAT	2.75246e+06	3.17376e+06	696644	
CREG1	234024		156862	
CRELD1	216349	209919	113488	
CRELD2	610130	610218	970724	
CRIP1	1.28667e+07	2.36234e+06	4.90814e+06	1.55692e+07
CRIP2	4.77198e+06	663205	377758	811018
CRISP3	138404	241576	1.81702e+06	
CRISPLD2			65301.2	
CRK	1.55181e+06	1.24052e+06	1.02573e+06	700658
CRKL	1.12796e+06	783181	1.15872e+06	1.1159e+06
CRLF3	193376	387100	587004	
CRMP1	290486	219879		
CRNKL1	41245.8	149448	101410	
CRNN			83417.2	650973
CROT	70564.5	181224		
CRP	634535	380681	410393	
CRTAC1	107217	114890	124264	
CRTAP	1.00864e+06	1.42096e+06	380451	
CRYAB	228808	287573	134212	
CRYBG1	24648.1		116986	
CRYL1	580923	347534	213001	
CRYZ	3.26247e+06	2.68827e+06	1.21353e+06	1.21842e+06
CRYZL1	249140	260783	205014	
CS	5.27119e+06	7.60483e+06	4.05549e+06	5.03719e+06
CSDE1	755715	1.3528e+06	975313	423539
CSE1L	3.23271e+06	5.00178e+06	3.03883e+06	4.26103e+06
CSF2RA			43640.4	
CSGALNACT2	33884.2	49587.3	128324	
CSK	477711	765849	1.07891e+06	1.07389e+06
CSNK1A1	500008	868530	613956	
CSNK2A2	242501	143513	62117.8	
CSNK2B	167917	181559	61637.8	
CSPG4	513060	339867	212843	
CSRP1	1.27577e+07	2.36296e+06	1.98927e+06	2.02006e+06
CSRP2	1.8919e+06	374834	204273	383014
CSRP3	335521	320429	235867	
CST3	1.16176e+06	1.49354e+06	2.33221e+06	4.14471e+06
CST6	71934.6	110727	51445.4	1.925e+06
CST7	75881.3	201355	511864	
CSTA	1.08368e+06	3.71134e+06	8.99789e+06	1.50046e+07
CSTB	2.26703e+07	1.52067e+07	1.32177e+07	1.00352e+07
CSTF1	324404	367512	305957	
CSTF2	58852.3			
CSTF3	271523	429695	351412	
CTBP1	653196	304058	123578	457470
CTBP2	1.46592e+06	885732	349662	1.02002e+06
CTBS	361043	365272	1.17849e+06	
CTDSP1	125750	71356.5	239989	
CTHRC1	1.01155e+06	687124	358640	
CTNNA1	1.90833e+06	1.76242e+06	1.15782e+06	4.98288e+06
CTNNB1	2.41229e+06	3.30928e+06	1.56499e+06	4.50397e+06
CTNNBL1	137378	237190	175180	
CTNND1	651850	553832	252378	1.97846e+06
CTPS1	745144	562719	154606	
CTPS2	624918	405616	155557	
CTR9	137178	87112.9	77965.1	
CTRC		3.29961e+06	454421	
CTSA	1.28027e+06	1.42428e+06	1.30725e+06	497759
CTSB	3.09418e+07	1.92916e+07	1.53222e+07	1.05884e+07
CTSC	7.53324e+06	7.64996e+06	8.12095e+06	2.76692e+06
CTSD	4.70466e+07	3.88596e+07	1.90864e+07	2.18071e+07
CTSE	524557	293088	450315	175442
CTSG	2.8939e+06	1.59998e+07	1.91937e+07	1.83424e+06
CTSH	2.02428e+06	1.89192e+06	2.73971e+06	2.01892e+06
CTSK	319290	490097	193757	
CTSL	2.94825e+06	1.80945e+06	2.50747e+06	4.44706e+06
CTSS	2.89142e+06	2.86652e+06	4.88498e+06	4.38553e+06
CTSZ	8.71113e+06	6.89908e+06	9.05835e+06	4.46732e+06
CTTN	2.58335e+06	1.45844e+06	582463	2.15161e+06
CUL1	369343	1.20196e+06	562368	
CUL2	201683	563515	333420	216947
CUL3	831984	1.40308e+06	1.27982e+06	1.75172e+06
CUL4A	41582	189307	71957.9	
CUL4B	206627	397335	382182	
CUL5	251847	675017	394513	
CUTA	636572			
CUTC	214404	249182	390426	
CUX1	109789	205946	186031	
CWC15	182387	126569	100675	
CWF19L1	143938	209108	188770	
CXADR	303514	220620	161377	
CXCL1	62734.4	88335	159646	
CXCL5		97453	287983	
CXCL8		94799.6	1.03178e+06	
CXCR1	208964	74922.4	296103	
CXCR2	112537	161232	251808	
CXorf38	131739	265218	102905	
CYB561D2	159776	207124	257597	
CYB5A	1.37957e+06	440766	178013	
CYB5B	3.01619e+06	1.63075e+06	1.24582e+06	1.35425e+06
CYB5R1	1.94253e+06	1.54176e+06	1.33036e+06	994705
CYB5R2	283365	314963	213406	
CYB5R3	5.46078e+06	4.62868e+06	3.63462e+06	1.15614e+06
CYB5R4		22655.7	83650.7	
CYBA	1.32636e+06	2.2602e+06	1.02148e+07	
CYBB	1.66129e+06	1.55521e+06	7.47151e+06	3.27874e+06
CYBC1	517354	477194	549494	
CYBRD1	1.84935e+06	923461	601327	967762
CYC1	1.45642e+06	1.73935e+06	1.33242e+06	420717
CYCS	1.94066e+07	2.85911e+07	7.20395e+06	1.12064e+07
CYFIP1	354368	667543	315005	968508
CYFIP2		50088.7	145742	
CYGB	1.54701e+06	1.39789e+06	508823	
CYLD	150181	116235	172380	
CYP20A1	110188	160559	206591	
CYP27A1	42865.4	246476	75316.3	
CYP2S1	301183	318980	90067.9	
CYP4F3	24264.5	295228	1.41098e+06	
CYP4X1	193026	639146	36796.6	
CYP51A1	185546	229369	253636	
CYP7B1	67952	153628	95393.5	
CYRIA		49744.5	60845.3	
CYRIB	1.30185e+06	1.86431e+06	2.47061e+06	1.48002e+06
CYTH1	78548.8	104401	479147	
CYTH4		118272	142503	
CZIB	995056	954085	925696	
D2HGDH	1.53865e+06	741230	484966	
DAB2	709822	656339	345336	
DAD1	2.25895e+06	2.71479e+06	2.65071e+06	6.45911e+06
DAG1	662320	289321	220784	557488
DAGLB	119480	202068	229863	
DAP	1.01644e+06	402709	307209	3.24467e+06
DAP3	327413	502688	134915	
DAPK3	127107	168395		
DARS1	4.95313e+06	3.3328e+06	2.93683e+06	860639
DARS2	1.57064e+06	1.46846e+06	853736	
DAZAP1	1.53202e+06	1.03277e+06	904708	1.27078e+06
DBI	8.89579e+06	2.15296e+06	7.04699e+06	3.16275e+06
DBN1	456900	252219		
DBNL	2.48421e+06	2.78072e+06	3.97793e+06	2.7118e+06
DBR1	567850	436922	349264	
DBT	391609	431701	183470	
DCAF11		133941		
DCAF7	151055	212515	83685.4	
DCAF8	174821	304799	155707	
DCAKD	194638	199530	95520.9	
DCD	1.09279e+06	5.60629e+06	1.24854e+06	6.10941e+07
DCK	65985.9	81169.5	53221	
DCLK1	5542.63			
DCN	1.38224e+07	4.83703e+06	1.21762e+06	2.17753e+06
DCPS	681560	1.02115e+06	1.22087e+06	1.82699e+06
DCTD	816932	629598	328226	
DCTN1	460107	1.27548e+06	1.06573e+06	726320
DCTN2	1.98237e+06	679329	963570	2.48409e+06
DCTN3	512683	361945	272032	538376
DCTN4	269030	296987	266498	168590
DCTN5	348962	322308	162859	360301
DCTN6	347937	363991	393081	
DCTPP1	652950	590912		
DCUN1D1	384619	410278	452785	
DCUN1D5	97757.1	56579.9	32645.8	
DCXR	1.67698e+06	2.51357e+06	2.90111e+06	3.50151e+06
DDAH1	4.577e+06	4.45701e+06	2.2091e+06	8.16345e+06
DDAH2	1.0739e+06	929096	282096	1.32533e+06
DDB1	1.3282e+06	2.5747e+06	1.79423e+06	1.17682e+06
DDB2	117990	351226	195453	1.0659e+06
DDC	256401	516407	265690	
DDI2	317771	438930	200878	
DDOST	5.72021e+06	8.96461e+06	9.00268e+06	6.89262e+06
DDR1	106320	76612.1	78386.1	
DDR2	69924.5	23888.1		
DDRGK1	448903	520908	464058	
DDT	379798	395554	746457	240606
DDX1	1.14466e+06	1.11988e+06	937682	847211
DDX17	764002	1.1422e+06	1.08254e+06	1.44552e+06
DDX18	170389	166448	108042	
DDX19A		52297		
DDX21	658382	1.25742e+06	790754	1.63877e+07
DDX23	3.31268e+06	5.29695e+06	4.64956e+06	
DDX39A	279031	503014	302700	
DDX39B	2.96183e+06	2.33261e+06	1.86815e+06	365648
DDX3X	851973	3.14702e+06	1.69619e+06	
DDX42	942525	2.56638e+06	2.38682e+06	
DDX46	633707	1.24412e+06	934683	
DDX5	727029	1.47552e+06	872536	915225
DDX55	4.65919e+06	2.9811e+06	3.85964e+06	4.98661e+06
DDX6	1.01194e+06	1.74378e+06	1.84951e+06	
DDX60	81376.8	361805		
DECR1	5.58341e+06	3.82968e+06	1.06738e+06	4.03651e+06
DECR2	1.35287e+06	888541		
DEF6	73036.4	177871	526451	
DEFA1	36317.4	183626	1.0091e+06	
DEFA4	377839	995887	4.5513e+06	
DEFA5		55554.1	245674	
DEFA6			66412.1	822823
DEGS1	83735.3	38739.4	120790	
DEK	1.48312e+06	1.1508e+06	1.81789e+06	
DENR	601713	468061	214980	368786
DERA	67501.1	158833	154320	
DERL1	314352	569466	818913	
DES			67322	488701
DFFA	212215			
DGAT1	403368	313239	440779	
DGKA	520213	681774	406940	
DGUOK	184716	389225	158627	
DHCR24	181185	300198	209908	
DHCR7	342949	252045	405459	
DHFR	102949	136038	36619.1	
DHODH	420091	427265	261353	
DHRS1	687161	560908	386863	
DHRS4	844627	326150		393908
DHRS7	1.20307e+06	1.01224e+06	1.51472e+06	851231
DHRS7B	233423	240554	175054	
DHRSX	137547	239865	316624	
DHTKD1	316226	174171	64655.7	
DHX15	926748	1.37957e+06	1.32068e+06	
DHX16	144082	286033	121820	
DHX29	167192	321482	74187.7	
DHX30	516744	696442	462537	
DHX36	167085	164985	136488	
DHX38	310176	518646	404721	
DHX9	1.11135e+06	1.66137e+06	1.05159e+06	1.7358e+06
DIABLO	1.12262e+06	537015	567425	1.44595e+06
DIAPH1	272666	594467	516022	713954
DIAPH2	131466	346657	244812	
DIDO1	53123.3	93250.8	70995.7	
DIP2B	196065	464073	364816	
DIPK2A	15974	35089.8	24288.1	
DIS3	271976	634323	186226	
DIS3L2	438529	561406	520149	1.69037e+06
DKC1	184399	330519	181214	
DLAT	958494	1.42146e+06	507132	1.57245e+06
DLD	5.27224e+06	4.15162e+06	1.70274e+06	3.09594e+06
DLG1	835079	746893	435859	
DLGAP4	247171	139817	91091	
DLST	6.89667e+06	6.44521e+06	4.0545e+06	4.77545e+06
DMAC2L	553800	232124	192027	
DMBT1	72231.9	2.21448e+06	745760	5.15351e+06
DMKN				1.48445e+06
DMRT2				994648
DMTN	177106	761415	201378	525835
DNAAF10	141164	107226	118165	
DNAJA1	504678	978727	414376	
DNAJA2	467234	786022	472315	258904
DNAJA3	265950	754172	198938	
DNAJB1	1.10302e+06	1.49976e+06	669138	1.08217e+06
DNAJB11	1.23333e+06	2.00746e+06	3.1755e+06	2.95768e+06
DNAJB12	92545.2	316933	99126	
DNAJB2	148959	259640	134911	
DNAJB4	73255.5	87130.7	45752.3	
DNAJB6	243634	299244	254537	
DNAJC1	95334.9	144691	192415	
DNAJC10	246719	313614	270177	
DNAJC11	437388	402222	189159	
DNAJC13	446272	1.02708e+06	785630	
DNAJC19	437087	492241	155056	
DNAJC2	300027	398370	262223	
DNAJC3	713189	979359	1.29928e+06	559471
DNAJC30		61610.5	66780.7	
DNAJC5	293618	321415	950584	
DNAJC7	222335	255381	212269	
DNAJC8	1.32864e+06	1.49922e+06	1.1017e+06	348873
DNAJC9	698510	1.15822e+06	1.05446e+06	
DNASE1		292484	449418	
DNASE2	326206	381122	157776	1.16264e+06
DNLZ	209756	218246		
DNM1	168743	161025		
DNM1L	434288	571807	221331	557521
DNM2	770527	1.08812e+06	1.44022e+06	3.0726e+06
DNM3	396529	355744		
DNMT1	117631	202551	104201	
DNPEP	1.5794e+06	1.46317e+06	1.26809e+06	791997
DNPH1	1.72385e+06	1.33448e+06	744815	
DOCK1	143753	325933	171934	
DOCK11		68179.3	145517	
DOCK2		466189	1.23216e+06	
DOCK5		72752.5	55975.3	
DOCK7	122361	256258	133830	
DOCK8	281980	384718	562279	
DOK2	144395	169291	251776	
DOK3	147707	235150	603948	
DOLPP1			16075	
DPAGT1	760526	549961	383812	
DPB1*04:01:01:01	178831	139091	279190	
DPB1*04:02:01:01	244786	123089	337850	
DPEP1	1.06631e+06	932120	297994	
DPH1	26093.3	20287		
DPH5	92317.8	91613.7	60263.1	
DPM1	392478	519031	304226	597287
DPM3	563119	292543		7.97698e+06
DPP3	1.95917e+06	4.12419e+06	2.34134e+06	2.32928e+06
DPP4	431796	1.19185e+06	804769	
DPP7	1.46324e+06	1.79905e+06	1.46208e+06	1.62686e+06
DPP8	123296		93580.4	
DPP9	475049	622878	483047	
DPT	102919	29464.5	20972.5	
DPY19L1	49374.1	16901.6	52162.4	
DPYD	390414	269649	637081	326288
DPYSL2	5.16628e+06	3.93541e+06	2.61431e+06	3.68644e+06
DPYSL3	5.16986e+06	1.91273e+06	738972	1.87326e+06
DQB1*02:01:01	239269	183244	619635	
DQB1*03:01:01:01	564616	420775	1.2048e+06	309220
DR1	927966			
DRAM2	98077.5			
DRAP1	377822	135857	207385	
DRB1*04:01:01:01	2.01749e+06	1.98512e+06	4.19896e+06	1.92629e+06
DRB1*07:01:01:01	1.84146e+06	2.24868e+06	5.28365e+06	994562
DRB4*01:01:01:01	752977	683384	1.79013e+06	604434
DRG1	857223	1.06906e+06	755867	
DRG2	423906	448097	259978	
DSC1	302504	737843	352103	8.60738e+06
DSC2	423238	251735	424279	912878
DSC3	109759	249671	236416	3.42405e+06
DSCAM	265281	663377	826131	
DSG1	942150	1.92798e+06	893247	2.22784e+07
DSG2	2.61439e+06	2.00795e+06	2.13395e+06	3.10937e+06
DSP	2.10123e+06	4.23312e+06	2.37853e+06	3.27604e+07
DSTN	1.00973e+06	537152	501615	7.01653e+06
DTD1	774883	577642	459525	843300
DTNBP1	99512.2	63786.5	62747.5	
DTX3L	98074.3	434578	251843	
DTYMK	1.00901e+06	786342	636345	889238
DUOX2		345886	466081	
DUS2	35357.3	38537.7		
DUSP23	516777	275795	145408	
DUSP3	1.21967e+06	1.11328e+06	523786	689151
DUT	887639	669243	507055	3.2884e+06
DYNC1H1	666835	2.9326e+06	991970	2.48791e+06
DYNC1I2	484443	810352	533533	1.7851e+06
DYNC1LI1	294670	419860	472941	463057
DYNC1LI2	664896	802854	374897	1.8935e+06
DYNLL1	3.58049e+06	2.07658e+06	1.52495e+06	5.03543e+06
DYNLL2	444476	460620	586729	1.32113e+06
DYNLRB1	476227	83694.9		339296
DYNLT1	171878	122966	78112.8	
DYNLT3	52885.1			
DYSF	880125	1.22897e+06	3.53652e+06	
EBP	1.55925e+06	1.56286e+06	2.30954e+06	
ECE1	372629	303090	217706	
ECH1	7.43596e+06	5.60483e+06	5.81024e+06	5.67102e+06
ECHDC1	790412	318042	262532	
ECHS1	9.61339e+06	4.02428e+06	1.23928e+06	2.60562e+06
ECI1	695002	871300	246592	2.87641e+06
ECI2	567920	542207	224056	
ECM1	481080	437510	1.26384e+06	1.35068e+06
ECPAS	200940	741878	311425	
EDC4	191631	627027	337276	
EDEM3	64783.8	129485	135757	
EDF1	2.05344e+06	1.504e+06	1.64754e+06	1.19144e+06
EDIL3	68729.4			
EDNRA	138773			
EEA1	1.03148e+06	844855	727625	378458
EEF1B2	2.55075e+06	1.55713e+06	1.98548e+06	3.43892e+06
EEF1D	1.20517e+07	3.79928e+06	3.08657e+06	8.69347e+06
EEF1E1	376941	345498	110442	
EEF1G	9.13862e+06	1.35414e+07	9.3334e+06	6.92826e+06
EEF2	1.7674e+07	1.85472e+07	1.52378e+07	1.16971e+07
EEFSEC	558018	648232	364656	
EFEMP1	3.02688e+06	1.52116e+06	2.01614e+06	
EFEMP2	874633	485172	355752	
EFHD2	6.96591e+06	5.66552e+06	1.20152e+07	4.90977e+06
EFL1	67512	92734.8	125126	
EFNB1	137200	127789		
EFNB2	99529.9		48745.3	
EFTUD2	209238	311438	273667	
EGFLAM	81141.2	60421.7	44594	
EGFR	177845	246079	113843	
EGLN1	29827.4	23627.7	30000.3	
EHBP1L1	196678	107832		
EHD1	1.17025e+06	2.14098e+06	3.12505e+06	
EHD2	2.30603e+06	1.12507e+06	1.26783e+06	680896
EHD3	148471	334496	125277	
EHD4	803927	892591	765995	3.03918e+06
EHHADH	65401.2	92400.3		
EI24	224329	150326	172307	
EIF1AD	84865.6			
EIF1AX	275472	265246		
EIF2A	660214	908931	687842	
EIF2AK2	316404	734287	404456	
EIF2B1	570606	460744	305980	
EIF2B2	242455	150304	138772	
EIF2B3	180854	220503	77273.1	
EIF2B4	166210	343137	80093.4	
EIF2B5	270673	611137	362886	
EIF2S1	1.39378e+06	2.6092e+06	1.39941e+06	3.20923e+06
EIF2S2	860607	924644	726719	
EIF2S3	813567	1.40527e+06	651797	241183
EIF3A	641065	1.61021e+06	1.21538e+06	769560
EIF3B	1.28739e+06	2.98941e+06	1.92277e+06	
EIF3C	62328.9	168461	64923.9	
EIF3D	631247	1.25114e+06	983845	
EIF3E	703125	842655	343449	1.23682e+06
EIF3F	933518	806880	237692	964295
EIF3G	911719	1.68903e+06	1.19349e+06	5.11948e+06
EIF3H	1.05053e+06	1.09906e+06	727804	364107
EIF3I	973140	2.05524e+06	1.3433e+06	959348
EIF3J	753944	831978	606011	
EIF3K	472682	245647		
EIF3L	438297	1.00354e+06	722078	
EIF3M	105725	168905	155616	
EIF4A1	3.92902e+06	3.88236e+06	1.28459e+06	1.11943e+06
EIF4A2	1.93355e+06	1.72968e+06	1.13036e+06	206578
EIF4A3	1.1022e+06	1.28367e+06	658941	249811
EIF4B	2.08281e+06	1.82835e+06	1.19829e+06	3.05592e+06
EIF4E	1.85707e+06	2.16732e+06	1.33887e+06	907704
EIF4E2	134894	262205	180236	
EIF4G1	808991	1.80612e+06	1.28226e+06	1.36788e+06
EIF4G2	613994	1.35125e+06	762667	
EIF4G3	38108.3	121233	46544.8	
EIF4H	4.28904e+06	4.44611e+06	3.19871e+06	6.18576e+06
EIF5	500235	717258	580262	2.33339e+06
EIF5A	4.41769e+06	4.16959e+06	1.78928e+06	1.98893e+06
EIF5B	814257	1.15632e+06	859927	
EIF6	5.65162e+06	4.22993e+06	3.14751e+06	7.0637e+06
EIPR1	194401	129601	79012.6	
ELAC2	401988	349325	282790	
ELANE	1.95052e+07	4.56916e+07	8.55337e+07	4.50061e+06
ELAPOR1			196941	321678
ELAVL1	3.68652e+06	3.9535e+06	2.71597e+06	1.51499e+06
ELMO1	50681	251045	437855	
ELMO2	224584	269187	231920	
ELMOD2	484689	371686	420166	
ELOB	1.80089e+06	1.57649e+06	1.93587e+06	885117
ELOC	857860	641647	910761	241686
ELOVL1	261798	263113	161324	
ELOVL5			167292	
ELP1		3.15252e+06	3.08383e+06	
ELP2	49095.4	78517.8	58819.2	
ELP3		189471	101804	
EMB	176511	307287	873509	
EMC1	526997	1.03058e+06	704855	
EMC10	239785	248010	339144	
EMC2	556369	727572	597200	1.40652e+06
EMC3	586516	676173	250590	
EMC4	183827	309414	193657	
EMC6	221079	165120	224433	
EMC7	351207	366962	312332	
EMC8	145852	236770	99502.4	287309
EMD	676871	576940	300001	669062
EMG1	769033	629830	524565	
EMILIN1	960061	523640	297450	900752
EML1	225951	421161	165165	
EML2	1.43639e+06	1.49455e+06	1.6436e+06	1.44489e+06
EML3	542662	737774	637819	
EML4	687663	1.37864e+06	1.19914e+06	712785
EML6	2.70824e+06	1.23214e+06	3.01677e+06	
EMP3	747425	77963	315757	
ENAH	1.13326e+06	630857	319250	
ENDOD1	629145	885365	401307	1.00266e+06
ENDOG	370645	418570	157401	
ENG	825549	605521	442737	249814
ENO1	1.49508e+08	1.43457e+08	1.72565e+08	6.81966e+07
ENO2	1.3775e+06	1.49938e+06	1.06972e+06	765202
ENOPH1	430393	699528	669181	
ENPEP	263855	149804	72368.7	
ENPP4	349171	186601	542391	
ENSA	194039	129003	107755	1.21135e+06
ENTPD1	5.13944e+06	2.11973e+06	2.33058e+06	6.17858e+06
ENTPD2	142242	175871		
ENTPD5	138563	138514	200922	
ENTPD8			21333.1	
ENY2	352829	153015	213807	
EOGT	344942	306931	272349	
EP300			23729.7	
EPB41	439386	1.14649e+06	249875	
EPB41L1	168913	197779		
EPB41L2	1.49955e+06	755695	316750	1.71557e+06
EPB41L3	16543.9		79247.2	
EPB42	228248	7.07046e+06	842986	
EPCAM	5.44031e+06	4.65463e+06	5.14042e+06	5.16135e+06
EPDR1	575728	330162	294091	
EPHA2	107918	162134	53314.7	
EPHB2	279101	211549	131381	
EPHB3	1.49351e+06	962403	768188	514439
EPHB4	84768.8	30177	18141.5	
EPHX1	2.12053e+06	2.47903e+06	2.5002e+06	1.29757e+06
EPHX2	273064	233262	437379	1.88261e+06
EPN1	125409	50735.8	63600.5	
EPN2	198559	189758	83407.3	
EPPK1	53384.6	157882	142685	
EPRS1	1.26916e+06	2.38741e+06	1.2512e+06	1.7594e+06
EPS15	454660	471235	648764	
EPS15L1	531312	470507	623398	
EPS8	903187	1.06186e+06		
EPS8L2	460875	422913	250125	1.20293e+06
EPS8L3	528404	485147	407561	670992
EPX	2.20705e+06	1.26163e+06	3.3546e+06	3.67136e+06
ERAP1	721538	1.61646e+06	1.24164e+06	1.09729e+06
ERAP2	1.3668e+06	2.27637e+06	1.6699e+06	
ERC1	497364	514438	368954	
ERG28	651466		160525	685253
ERGIC1	1.00066e+06	959196	689701	918525
ERGIC2	119590	67738.3		
ERGIC3	387503	336815	212261	
ERH	776128	312648	985467	1.13166e+06
ERI1	424959	291450	263484	
ERI3	3.15273e+06	2.0273e+06	1.06401e+06	
ERLEC1	277697	240979	297678	
ERLIN1	69144.2	279860	177322	
ERLIN2	356833	972939	749070	909501
ERMP1	583957	670834	268541	751125
ERO1A	3.90513e+06	3.76934e+06	3.80783e+06	2.29026e+06
ERO1B	37491.2	23188	56002.9	
ERP29	6.57444e+06	8.6949e+06	1.22477e+07	7.92323e+06
ERP44	5.96133e+06	5.74393e+06	8.06302e+06	4.46066e+06
ESAM	263120	228764	93398.7	
ESD	8.7306e+06	7.84905e+06	6.12591e+06	4.12583e+06
ESRP1	247215	475553	247840	519610
ESYT1	1.59101e+06	1.9759e+06	1.46821e+06	861706
ESYT2	1.52028e+06	1.47354e+06	1.15228e+06	
ETF1	1.34692e+06	3.13275e+06	2.33992e+06	791508
ETFA	1.96292e+06	1.24526e+06	1.24652e+06	3.2657e+06
ETFB	5.66676e+06	4.52052e+06	2.5801e+06	7.23011e+06
ETFDH	1.42941e+06	1.48085e+06	1.127e+06	1.82674e+06
ETFRF1	228027	82834.7	309014	
ETHE1	6.73355e+06	3.95553e+06	2.2445e+06	9.66778e+06
ETV6	41271.7	125081	73424.9	
EVL	164507	170074	261816	2.50115e+06
EVPL		103686	90816.4	
EWSR1	4.31319e+06	4.26105e+06	6.7041e+06	6.07631e+06
EXD2	81374.6	154407	64340.7	
EXOC1	180916	285207	364789	
EXOC2	37935.9	85069.7	94692.1	
EXOC3		355823		
EXOC4	112441	205126	92099.9	
EXOC7	58668	258180	207957	
EXOC8	89840.8	180671		
EXOG	157900	180868	161403	
EXOSC1	427260	376181	178733	
EXOSC10		122924		
EXOSC2	387020	626068	279746	
EXOSC3	278947	227800	145262	
EXOSC4	309697	312372	133382	
EXOSC5	279054	222633	145116	
EXOSC6	201490	242038	89837.8	
EXOSC7	386396	435384	238945	
EXOSC8	252533	260934		
EXOSC9	165111	228782	132819	
EXTL2	120264	35153.6		
EZR	9.89563e+06	9.04797e+06	7.11334e+06	8.94401e+06
F10	226821	350585	739378	
F11	378468	529428	336082	169341
F11R	1.10955e+06	1.29044e+06	1.34382e+06	462035
F12	527986	857320	730495	
F13A1	893599	808227	1.59277e+06	1.45771e+06
F13B	319600	955915	1.12236e+06	
F2	3.45543e+06	3.11582e+06	8.28803e+06	1.84006e+06
F3	51562.2		33431.7	
F5	202037	543541	943536	
F7	44516.3			
F9	381156	356483	340371	
FAAP100	854106	2.63673e+06	2.33321e+06	
FABP1	7.99643e+07	2.53733e+07	3.42557e+07	9.42684e+07
FABP2	438601	288754	1.97449e+06	5.59185e+06
FABP3	1.976e+06	2.30372e+06	522041	1.31441e+06
FABP4	785246	162535	420431	
FABP5	1.53405e+07	1.50528e+07	1.41884e+07	3.05858e+07
FABP6	1.13506e+06	1.07492e+06		
FADD	48637.4	69701.1		
FADS2	97205.3		298436	
FAF1	378369	456373	304537	
FAF2	236885	326841	173397	
FAH	737792	1.13972e+06	1.5475e+06	
FAHD1	1.26378e+06	897519	555443	
FAHD2A	448017	343488	174089	
FAM107B	210692	143653	658026	
FAM114A1	373177	244201	147227	
FAM120A	473299	289442	108483	1.9876e+06
FAM136A	1.42757e+06	1.1761e+06	750531	1.01541e+06
FAM162A	4.12737e+06	1.70408e+06	1.88589e+06	3.87313e+06
FAM172A	95602.7	95797.2	56351.1	
FAM20B	65128.5	92449.8	51075.1	
FAM210B	59160.9	97573.8	29538.3	
FAM234A	47813.4	79350	79786	
FAM3A	170847	153538	129012	
FAM3C	1.19464e+06	1e+06	606267	762531
FAM3D	1.85597e+06	803733	4.1685e+06	4.7814e+06
FAM50A	142113	202670	167661	
FAM91A1		336627	337028	
FAM98A	351425	549331	389160	
FAM98B	281815	400236	365962	
FAP	1.20468e+07	6.26356e+06	3.78901e+06	
FARP1	159244	165249	86980.8	
FARS2	82361.1	120178	79881.5	
FARSA	966083	980483	691672	1.47028e+06
FARSB	1.90362e+06	1.17163e+06	466138	1.98222e+06
FAS	106130	157234	246670	
FASN	587893	1.98527e+06	1.5301e+06	1.83251e+06
FASTKD5		94311.2		
FAT1	227548	287626	651166	
FBL	1.30024e+06	1.08266e+06	467667	
FBLIM1	634037	205979	126903	1.26807e+06
FBLN1	1.01274e+07	6.91041e+06	5.36684e+06	3.31545e+06
FBLN2	1.20196e+06	1.25319e+06	585121	
FBLN5	906485	522469	572044	189457
FBN1	1.42747e+06	1.05941e+06	471816	1.55659e+06
FBN2	98512.7	55608.8		
FBP1	5.28615e+06	2.64753e+06	3.86379e+06	1.70621e+06
FBP2	1.89009e+06	1.32594e+06	2.00671e+06	675554
FBXL18	80992.1	152570		
FBXL20	30232.2			
FBXL8	172072	45540.5	133719	
FBXO22	461758	616542	342898	
FBXO6		88175.2	130683	
FBXO7	116710	684512	311221	
FCAR	208840	373581	2.90667e+06	
FCER1G	594727	91141.3		
FCGBP	215083	404217	2.59528e+07	3.98482e+07
FCGR1A	351912	216690	534951	
FCGR3A	351170	370514	536624	
FCGR3B	208537	209334	949260	
FCGRT	406373	213530	266658	
FCHO2	290257	299676	233798	
FCN1	221567	480797	1.88332e+06	
FCN2	1.55888e+06	300689	304360	
FCN3	380704	321610	260684	
FDFT1	263553		212777	
FDPS	863714	1.13193e+06	729851	
FDX1	532372	479231	387045	
FDX2	87598.6			
FDXR	621496	2.12533e+06	824181	1.9551e+06
FECH	110868	111647	72592.8	100684
FEN1	229701	329322	300901	
FERMT1	415511	750858	95391.3	
FERMT2	661778	721078	294775	492600
FERMT3	443067	2.17942e+06	2.2387e+06	477989
FES		150527	310494	
FETUB	256852	261406	420560	
FFAR2		61438.4	254196	
FGA	2.56137e+07	2.04483e+07	5.79899e+07	1.1329e+07
FGB	1.8028e+07	1.06844e+07	6.53576e+07	7.66811e+06
FGF2	174426	308679	396166	
FGG	1.54942e+07	9.72626e+06	5.36106e+07	5.9102e+06
FGL2	383440	189014	521357	
FGR	36145	493107	1.10195e+06	
FH	5.04247e+06	5.5379e+06	2.36884e+06	3.92874e+06
FHIT	160367	64063.3	224381	
FHL1	3.13861e+06	1.20589e+06	1.91687e+06	2.12934e+06
FHL2	1.59039e+06	846727	437346	1.65497e+06
FHL3	1.91314e+06	411469	157237	
FHOD1		204367	397199	
FILIP1L	83667.3	116130		
FIS1	4.30377e+06	2.16815e+06	1.89449e+06	847208
FKBP10	4.14786e+06	4.48905e+06	1.4416e+06	
FKBP11	1.02162e+06	899145	1.0479e+06	
FKBP14	146128	64465.3	33383	
FKBP15	114858	441637	514717	
FKBP1A	2.10865e+07	1.90945e+07	2.75621e+07	1.1588e+07
FKBP2	4.54799e+06	3.76497e+06	6.13187e+06	3.49413e+06
FKBP3	3.90192e+06	3.15626e+06	2.71852e+06	1.55674e+06
FKBP4	2.83095e+06	3.29988e+06	1.79037e+06	1.42172e+06
FKBP5	328475	366575	374579	
FKBP7	854101	589179	139660	
FKBP8	453968	393408	349733	
FKBP9	2.24049e+06	2.12904e+06	621994	
FLAD1	217676	449891	127062	
FLG	238846	2.8662e+06	435850	9.35187e+06
FLG2	292248	1.25288e+06	383638	9.16589e+06
FLII	7.90717e+06	1.40057e+07	2.14334e+07	
FLNA	1.67152e+07	1.87026e+07	1.5347e+07	8.77481e+06
FLNB	4.31989e+06	5.05428e+06	3.22086e+06	4.53972e+06
FLNC	847640	988700	533419	778987
FLOT1	498632	585647	201507	322718
FLOT2	499133	319064	370028	261845
FLT1	302506			
FLYWCH2	61585.6			
FMNL1	294588	643100	891549	1.88214e+06
FMO5			32570.4	525688
FMOD	1.17076e+06	1.25425e+06	777706	838212
FMR1	106016	180813	159139	
FN1	6.68368e+06	4.86189e+06	1.96245e+07	1.04183e+06
FN3K	245410	615729	256369	
FN3KRP	634842	682285	481906	446934
FNBP1	273698	275125	678752	
FNBP1L	305312	317950	201319	113528
FNDC1	309929			
FNDC3A	726270	806814	721387	
FNDC3B	118886	194289	81336	
FNTA	406471	417402	300121	
FNTB	240173	189236	134293	
FOCAD		198663		
FOLR2	105284		185193	
FOXK1	334150	348394	617411	
FOXRED1	195553	233575		
FPGT	105107	135675	90302.6	
FPR1		209645	869626	
FPR2		117794	682470	
FRK	503195	1.37583e+06		
FRMD8	105536	56444.2		
FSCN1	4.01917e+06	5.02363e+06	1.17348e+06	278067
FSTL1	555922	260438	298345	
FTH1	1.34158e+07	9.32837e+06	3.9537e+07	1.72766e+06
FTL	3.48157e+07	1.30362e+07	4.1656e+07	3.91086e+06
FTO	572509	414472	336022	4.45316e+06
FUBP1	4.82836e+06	3.82604e+06	2.95097e+06	3.32211e+06
FUBP3	3.0688e+06	2.34769e+06	698229	1.31364e+06
FUCA1	2.58076e+06	2.34683e+06	3.55174e+06	8.07943e+06
FUCA2	1.68704e+06	1.9672e+06	1.51807e+06	
FUNDC2	869417	505743	292757	
FUS	3.46738e+06	3.13725e+06	1.59723e+06	1.57746e+06
FUT11	208188	203550		
FUT8	102890	155866	279519	
FXN	213394	109425	123318	
FXR1	621141	839064	617513	
FXYD3	560151	197884	461021	
FYB1	511438	1.02472e+06	1.83974e+06	
FYCO1	122713	156128		
G3BP1	1.02238e+06	1.67175e+06	753366	2.66714e+06
G3BP2	265260	254374	129393	
G6PD	2.3336e+06	4.08466e+06	9.57331e+06	1.64367e+06
GAA	2.65954e+06	1.48578e+06	627608	1.79755e+06
GABARAP	209895	195670	513801	
GABARAPL2	142911	285833	361518	
GABPA	55804.4	65377	46133.3	
GAK	144774	215065	236020	
GAL3ST2	204700	185282	298906	
GALC	89310.4		59791.4	
GALE	1.5829e+06	877502	603017	2.10336e+06
GALK1	370737	634928	265794	745843
GALK2	127560	136922	146728	
GALM	2.83785e+06	3.17998e+06	2.55073e+06	2.76676e+06
GALNS	407258	294359	343035	
GALNT1	429866	470203	801902	529679
GALNT10	127701	106983	125857	
GALNT12	170768	60349.7	182644	481706
GALNT2	823952	917982	1.05668e+06	
GALNT3	186323	219250	604144	863722
GALNT4	1.93017e+06	1.48365e+06	3.3584e+06	
GALNT5	127604	218053	309069	222843
GALNT6	824501	798906	838594	
GALNT7	856627	847679	2.14148e+06	1.53193e+06
GALT	364050	435876	386372	
GANAB	1.20331e+07	1.31704e+07	1.20907e+07	6.24298e+06
GAPDH	2.74641e+08	1.68003e+08	1.16664e+08	1.23098e+08
GAPVD1	110092	233658	241282	
GAR1	311834	245017	222102	
GARS1	2.78845e+06	3.88262e+06	1.32069e+06	1.07345e+06
GART	2.81826e+06	2.302e+06	1.72843e+06	1.4932e+06
GAS7	21984.5	58639.2	47187.3	
GATAD2A		115713		
GATB	131560	88371.2		
GATD1	302001	104601	91461.4	
GBA1	1.05069e+06	937178	762652	1.14526e+06
GBE1	706588	1.04158e+06	2.00741e+06	738381
GBF1	91103.7	92604	61542.5	
GBP1	850700	1.88936e+06	2.24799e+06	361795
GBP2	465258	596676	889639	2.8231e+06
GBP4	66099.3	127819	79472.9	
GBP5		96814.4	178331	
GC	1.05497e+07	9.8396e+06	1.19058e+07	2.50632e+06
GCA	1.7722e+06	1.60507e+06	6.50518e+06	743033
GCC2	28877.9	83532.6	46873.3	
GCDH	331004	568540	73940.9	
GCHFR	5.92919e+06	4.94159e+06	5.06066e+06	
GCLC	427776	937490	462119	
GCLM	310808	897893	584907	
GCN1	195076	503973	242809	991647
GCNT3			153026	
GCSH	116824	52257		
GDA	948954	1.05246e+06	272776	
GDAP1			66935.3	
GDAP2	22667.8	42374.1	61050.5	
GDE1	472561	372486	425129	
GDI1	2.00864e+06	2.22018e+06	2.19584e+06	562661
GDI2	8.23922e+06	1.06461e+07	1.17489e+07	4.47942e+06
GDPD3	490808	715428	588971	1.21273e+06
GEMIN5	84689.8	150732	65996.2	
GET1	97630.5	66275.8		
GET3	1.47085e+06	1.2863e+06	1.08537e+06	375843
GET4	321198	604454	461940	
GFER	127790	98337.6	77315.3	
GFM1	1.29648e+06	1.5561e+06	457079	716079
GFM2	25894.8	66457.9		
GFPT1	2.82976e+06	2.23616e+06	2.37109e+06	3.41848e+06
GFUS	3.80619e+06	4.91693e+06	3.08858e+06	3.50249e+06
GGA1	165411	186562	213228	
GGA3		58387.9	70588.2	
GGACT	459165	359397	343725	
GGCT	3.4901e+06	6.45988e+06	2.75736e+06	6.23905e+06
GGH	8.66615e+06	6.19554e+06	4.14441e+06	2.27441e+06
GGPS1	107074	125400	24488.3	
GGT1	43931.8	88353	109242	
GGT5	1.47735e+06	1.00611e+06	636440	473527
GHDC	160061	243771	205152	
GHITM	1.31203e+06	1.06932e+06	723081	
GIMAP1	689202	296142	685460	
GIMAP4	722064	992490	2.20758e+06	497846
GIMAP5	86319.3	133967	136042	
GIMAP7	62905.3		108350	
GIMAP8			23501.5	
GINS3	30959.2	34353.7		
GIPC1	938557	733652	380569	
GIPC2	111774	61685.6	74821.6	
GIT2	48906.1	33588.8	60879.5	
GK	125262	135271	164387	
GLA	629824	694636	285789	
GLB1	3.6541e+06	3.78439e+06	2.11409e+06	1.72344e+06
GLCE	285189	494405	337007	
GLG1	2.86741e+06	2.17071e+06	1.69183e+06	864084
GLIPR1	48486.8		91214.2	
GLIPR2	2.04918e+06	2.04645e+06	3.38153e+06	2.36389e+06
GLMN		127188	63083	
GLO1	6.10116e+06	5.34402e+06	4.19513e+06	1.62308e+06
GLOD4	2.74998e+06	2.80077e+06	3.21985e+06	1.794e+06
GLRX	713382	592937	2.08942e+06	3.39677e+06
GLRX3	1.37683e+06	1.64467e+06	829822	512672
GLRX5	329290	156381		
GLS	227919	642056	115303	
GLT8D1	101874	178262		
GLTP	171266	137166	256894	
GLUD1	4.04068e+06	2.96917e+06	1.43521e+06	1.85474e+06
GLUL	1.91897e+06	1.52288e+06	2.11114e+06	1.21065e+06
GLYR1	200912	278968	765151	
GM2A	1.80764e+06	1.57552e+06	2.13904e+06	2.53176e+06
GMDS	5.73334e+06	2.3132e+06	3.63653e+06	5.58228e+06
GMFB	679574	742775	606989	408659
GMFG	657249	847536	1.5857e+06	2.31712e+06
GMIP	12055.9	99836.7	163308	
GMPPA	1.34507e+06	1.30787e+06	876952	2.31637e+06
GMPPB	1.18973e+06	1.31844e+06	2.24259e+06	1.38548e+06
GMPR	207472	629322	105017	
GMPR2	1.24888e+06	1.15313e+06	1.16084e+06	
GMPS	2.03938e+06	1.70855e+06	517379	653969
GNA11	599161	629309	231767	634760
GNA13	474196	510393	652915	
GNA14	87471.6	103459	226821	
GNAI1	835106	730380	643552	
GNAI2	6.81334e+06	5.78955e+06	1.29476e+07	3.42576e+06
GNAI3	2.45986e+06	1.74963e+06	2.86995e+06	518507
GNAO1	974596	225826	370975	1.12591e+06
GNAQ	1.13832e+06	1.41939e+06	1.3357e+06	
GNAS	1.13481e+06	700001	849420	
GNB1	1.72079e+06	1.30103e+06	2.32585e+06	463647
GNB1L	46823.9	59605.3		
GNB2	1.36875e+06	1.12006e+06	2.02318e+06	1.37816e+06
GNB4	729234	485007	782909	
GNE	327078	624157	474546	1.75572e+06
GNG12	3.43712e+06	1.38482e+06	1.23289e+06	6.42132e+06
GNG2		56740.1	117520	
GNG5	120013	155135	206728	
GNL1	95181.7	279182	131316	
GNPDA1	1.86391e+06	1.66548e+06	1.44349e+06	
GNPDA2	412364	265838	201668	
GNPNAT1	553535	411356	446734	222568
GNS	1.76917e+06	1.98262e+06	3.0444e+06	906377
GOLGA2	518173	952406	786556	
GOLGA3	1.53914e+06	2.34856e+06	1.7802e+06	4.18444e+07
GOLGA4	136686	258726	157984	
GOLGA5	355177	683027	478058	
GOLGA7	340943	305610	339763	
GOLGB1	840878	1.39745e+06	1.67723e+06	
GOLIM4	237994	205050	199584	313217
GOLM1	1.13885e+06	1.142e+06	1.67524e+06	3.58692e+06
GOLM2	176763	120481	136703	
GOLPH3	164029	189542	100056	
GOLPH3L	179555	143794	141447	
GOLT1B	126862	96206.9	57663.7	
GOPC	269821	229133	92881.6	
GORASP2	1.15235e+06	941283	1.09591e+06	2.17945e+06
GOSR1	166662	254398	251865	
GOSR2	355772	341585	393218	
GOT1	2.03807e+06	4.40634e+06	1.27985e+06	3.3028e+06
GOT2	5.42348e+06	8.37302e+06	1.75148e+06	6.53563e+06
GP1BA	264481	350331	199724	
GP1BB	470123	1.18917e+06	258311	
GP9	188498	370626	34919.2	
GPA33	2.30781e+06	1.18226e+06	2.73919e+06	4.36976e+06
GPAA1	329835	390747	143315	
GPALPP1	227878			
GPAT3		199630	226346	
GPC1	562134	286888	68319.4	
GPC4	226908			
GPC6	391838	228057		
GPCPD1	59019.6	83649		
GPD1L	569886	614487	433662	401264
GPD2	1.153e+06	1.201e+06	931055	1.00069e+06
GPHN	204743	167889	138153	
GPI	1.84743e+07	2.03419e+07	3.2211e+07	5.78292e+06
GPLD1	295458	541587	396609	
GPN1	22442.1			
GPNMB	6.53338e+06	2.84096e+06	2.03699e+06	3.76258e+06
GPR107	94312	73574.9	24759.8	
GPR180	34473.9	57868.5	11001.2	
GPR183	13000.1		100799	
GPR84			352400	
GPR89A	143480	227218	133920	
GPRC5A	1.91481e+06	988531	283510	
GPS1	346426	598491	219972	
GPT		48868	29498.8	1.1732e+06
GPT2	128016	164849		
GPX1	7.27375e+06	4.83334e+06	3.18439e+06	2.66806e+06
GPX2	2.14668e+06	2.17543e+06	385935	659075
GPX3	736280	373746	783725	
GPX4	626850	537966	650113	
GPX7	724078	509120	220898	
GPX8	1.47094e+06	1.3518e+06	465416	
GRAP2	50994.9	93144.2	133531	
GRB2	1.90355e+06	2.33703e+06	4.85071e+06	2.51887e+06
GRHPR	2.10544e+06	1.92098e+06	1.30165e+06	1.56997e+06
GRIPAP1	322901	415014	430034	
GRK2	322063	390141	799970	
GRN	1.59359e+06	1.93959e+06	2.54815e+06	741048
GRPEL1	1.17655e+06	1.09732e+06	536911	960874
GRSF1	304079	512041	192572	
GRWD1	242361	187437	140953	
GSDMA	108131	429969	102763	1.89242e+06
GSDMD	360845	694619	428565	1.83402e+06
GSK3A	99945.6	122784	134130	
GSK3B	254129	51738.7	160350	
GSN	3.01224e+07	2.75425e+07	6.67777e+07	3.63402e+07
GSPT1	353373	376499	255910	
GSPT2		151507		
GSR	5.47843e+06	5.12462e+06	8.55448e+06	4.94435e+06
GSS	3.37429e+06	4.02651e+06	3.78127e+06	3.24911e+06
GSTK1	6.22029e+06	3.00669e+06	1.57843e+06	2.85723e+06
GSTM1	374566		377077	
GSTM2	793431	506534	1.14481e+06	442378
GSTM3	1.47205e+06	1.17858e+06	942449	
GSTO1	1.16362e+07	1.35491e+07	1.70106e+07	5.01748e+06
GSTP1	3.97633e+07	3.83528e+07	3.79033e+07	1.69343e+07
GSTT1	523670	644017	513463	
GSTZ1	53597.3		83952	
GTF2F1	214638	177714	227581	
GTF2F2	365484	480679	131665	
GTF2I	264472	276920	78105.9	
GTF3C4	78451.8	122210	25519.7	
GTF3C5		188847		
GTPBP1	201057	158953		
GUCY1A1	31746.7	143811	36751.6	
GUCY1B1	106922	190103	100897	2.43425e+06
GUK1	918589	742860	286121	
GUSB	3.06327e+06	2.34941e+06	2.85251e+06	4.00082e+06
GYG1	3.927e+06	3.51847e+06	7.60633e+06	4.57093e+06
GYS1	181486	215318	604787	
H1-0	703747	1.10527e+06	4.41825e+06	382186
H1-10	1.7733e+06	786955	1.27264e+06	615381
H1-2	620342	864854	4.47246e+06	1.18456e+06
H1-3	309079	782974	2.74966e+06	200585
H1-4	1.48958e+06	2.09757e+06	1.40294e+07	3.00515e+06
H1-5	4.43666e+06	5.70439e+06	2.6408e+07	2.00913e+06
H2AC21	210715	454924	1.41516e+06	
H2AX	144043	173720	687627	
H3-3A			483625	
H3-7	116711	297297	535685	
H4C1	4.74861e+06	9.32336e+06	2.32407e+07	1.06709e+07
H6PD	689518	788834	1.04399e+06	
HAAO	280143	510873	344923	
HACD2	146870		95950.6	
HACD3	553984	960159	783900	
HACD4	27569.1	31447.3	27051.3	
HACL1	90887.7	91302.8	85683.9	
HADH	4.57069e+06	3.26098e+06	1.87762e+06	2.84488e+06
HADHA	2.7607e+06	5.00993e+06	1.72319e+06	4.41749e+06
HADHB	1.11791e+07	1.22186e+07	3.77696e+06	9.66081e+06
HAGH	1.00261e+06	1.61082e+06	957985	165203
HAL	148573	557135	196748	4.52649e+06
HAPLN3	203902		134370	
HARS1	2.08705e+06	2.18966e+06	1.8529e+06	916771
HARS2	247167	222527	241079	
HAT1	169346	410163	326379	
HBA1	5.99509e+08	1.48372e+09	1.40821e+08	8.95326e+07
HBB	5.41764e+08	1.53284e+09	3.29439e+08	8.44559e+07
HBD	7.65206e+07	4.01143e+08	6.29883e+07	1.89342e+07
HBE1		146758	126806	
HBG1	4.59339e+06	2.11621e+07	3.70135e+06	
HBG2	548239	2.32129e+06	344956	
HBQ1	1.71184e+06	2.77237e+06	1.40765e+06	
HBS1L	138800	151566	40578.5	
HCCS	444028	446657	248661	
HCFC1	793624	1.02924e+06	1.11416e+06	
HCK	142272	473623	917488	
HCLS1	1.36187e+06	1.38425e+06	2.39856e+06	1.92461e+06
HDAC1	351410	497387	347796	456906
HDAC2	101018	120258	89688.6	
HDAC6	55647.6	84822.4		
HDDC2	137472	162639	81812.4	
HDGF	6.19149e+06	5.44226e+06	4.68291e+06	1.78383e+06
HDGFL2	175501	168929	123109	
HDGFL3	356840	285173		
HDHD2	308954	377620	616603	
HDHD3	1.09916e+06	944372	552769	432738
HDHD5	378064	363790	502352	
HDLBP	1.84177e+06	2.62369e+06	1.85472e+06	2.56946e+06
HEATR1		163544	90444.5	
HEBP1	2.0605e+06	2.37361e+06	1.58896e+06	
HEBP2	2.42546e+06	2.2203e+06	2.53497e+06	1.53806e+06
HECTD1		55643.5		
HECTD3		136457	44560.2	
HELZ2		123120	20353.9	
HEPH	1.47336e+06	998229	1.37524e+06	606132
HERC4	133644	177464	150712	
HERPUD1	14950.6		31013.8	
HEXA	1.36449e+06	1.28805e+06	1.35952e+06	520016
HEXB	5.35899e+06	5.19652e+06	4.27639e+06	2.88651e+06
HGD			202595	
HGF			16607.2	
HGFAC	150228	100897	122688	
HGS	575891	708109	542166	798533
HGSNAT	171107	109685	142822	
HIBADH	3.65357e+06	4.00843e+06	1.36292e+06	2.18039e+06
HIBCH	3.87806e+06	3.64209e+06	1.70222e+06	2.98307e+06
HID1			1.14482e+06	941892
HIDE1	53323	128191	575704	
HIF1AN	124571	125831	145329	
HIKESHI	315081	86300.8	59250	
HINT1	3.14375e+06	4.12298e+06	3.117e+06	2.44923e+06
HINT2	1.0234e+06	420739	481207	1.19188e+06
HINT3	464304	406206	458267	
HIP1	274757	389233	254335	4.57874e+06
HIP1R		119920		
HK1	4.98009e+06	8.73907e+06	4.34063e+06	3.89287e+06
HK2	391777	1.31683e+06	1.17605e+06	893197
HK3	425376	2.83735e+06	4.22213e+06	
HKDC1	36314.6	298089		
HLA-DMA	175307		197451	
HLA-DMB	592410	428158	769657	
HLA-DPA1	575488	242347	1.0279e+06	
HLA-DQA1	111320	91711.3	326718	
HLA-DQA2	83262.8		392719	
HLA-DRA	2.66565e+06	2.57532e+06	7.96357e+06	1.24418e+06
HLA-G	244521	538100	672067	1.0621e+06
HM13	1.20359e+06	1.50464e+06	1.72342e+06	595416
HMBS	675798	1.53034e+06	622244	
HMCES	173143	216267		
HMGA1	2.5203e+06	1.81514e+06	744694	
HMGB1	4.12475e+06	2.3968e+06	3.95161e+06	874490
HMGB2	5.29499e+06	5.47535e+06	2.10821e+07	941792
HMGB3	4.27479e+06	3.53749e+06	3.85836e+06	719122
HMGCL	1.10131e+06	739395	403284	1.22668e+06
HMGCS1	379301	247015	886984	
HMGCS2	1.9588e+07	1.05841e+07	662899	5.63499e+06
HMGN1	1.8374e+06	1.97418e+06	1.69993e+06	
HMGN2	1.56706e+06	1.60424e+06	1.86313e+06	
HMGN4	566898	294483	358086	
HMGN5			73651.2	
HMOX1	765923	878046	2.09538e+06	
HMOX2	532564	644857	397163	641562
HNMT	1.60184e+06	1.35391e+06	1.22047e+06	1.40671e+06
HNRNPA0	3.04141e+06	1.15256e+06	922603	2.4047e+06
HNRNPA1	7.90522e+06	8.65078e+06	6.70467e+06	2.79844e+06
HNRNPA2B1	2.22478e+07	1.64407e+07	1.71873e+07	9.70472e+06
HNRNPA3	9.2033e+06	7.12674e+06	6.02535e+06	3.94395e+06
HNRNPAB	2.84127e+06	3.10931e+06	2.22224e+06	2.46933e+06
HNRNPC	1.60431e+07	1.53528e+07	7.13692e+06	1.95024e+07
HNRNPD	1.09112e+07	8.91614e+06	9.52412e+06	5.27148e+06
HNRNPDL	2.22667e+06	1.61196e+06	847675	1.04753e+06
HNRNPF	1.10783e+06	1.71992e+06	1.56377e+06	3.19593e+06
HNRNPH1	1.14767e+06	1.57508e+06	684844	1.02507e+06
HNRNPH2	416631	944792	529077	485967
HNRNPH3	2.12383e+06	883126	1.51721e+06	1.16674e+06
HNRNPK	1.55407e+07	1.10377e+07	1.23683e+07	1.36899e+07
HNRNPL	2.82309e+06	2.79959e+06	3.07365e+06	1.06776e+06
HNRNPLL	238260	321146	201785	
HNRNPM	1.30561e+06	2.45008e+06	2.6333e+06	2.82856e+06
HNRNPR	3.02799e+06	3.04876e+06	2.64905e+06	1.89931e+06
HNRNPU	1.31888e+07	1.22264e+07	7.8263e+06	8.16396e+06
HNRNPUL1	1.39863e+06	1.24424e+06	1.09319e+06	
HNRNPUL2	1.92478e+06	2.73576e+06	2.13686e+06	950747
HOOK3	290493	322364	380266	
HOXC11	948330	164343		
HP	8.06102e+07	6.14994e+07	8.39255e+07	3.01359e+07
HP1BP3	1.49072e+06	1.76005e+06	1.2369e+06	274629
HPCAL1	1.19795e+06	772756	1.12024e+06	
HPDL	143133	155469		
HPF1	200807	163773		
HPGD	141614	82831.3		
HPR	656191	509137	488192	
HPRT1	1.60539e+06	1.67506e+06	1.79944e+06	
HPX	2.84548e+07	2.04087e+07	2.95688e+07	4.60198e+06
HRG	1.78369e+06	2.31291e+06	3.78145e+06	322672
HRNR	2.79394e+06	4.81154e+06	3.82083e+06	4.48785e+07
HS1BP3	209814	478127	186671	281525
HS2ST1	193677	289885	310320	
HSD11B1	100866	202519	122899	
HSD11B2		122227	150017	1.55435e+06
HSD17B10	8.64489e+06	7.25768e+06	4.40287e+06	5.4764e+06
HSD17B11	1.2329e+06	1.32324e+06	1.16814e+06	797993
HSD17B12	2.65264e+06	1.40904e+06	594293	1.15943e+06
HSD17B4	6.02253e+06	6.00465e+06	4.60402e+06	3.98687e+06
HSD17B7	98340.9	118816	105737	
HSD17B8	603857	449480	464378	1.54172e+06
HSDL1	46010.4	119193	46930.4	
HSDL2	1.61672e+06	1.79887e+06	1.01246e+06	2.73758e+06
HSP90AA1	8.96014e+06	2.11455e+07	1.2425e+07	6.17671e+06
HSP90AB1	1.18279e+07	3.20055e+07	1.68494e+07	1.05733e+07
HSP90AB4P	986019	1.0533e+06	1.12952e+06	
HSP90B1	3.17808e+07	3.55189e+07	3.9593e+07	5.30757e+07
HSPA12A	167734	249034		
HSPA12B	18440.3	8774.81		
HSPA13	149438	173984	293933	
HSPA14	225606	191157	95731.9	
HSPA1A	1.12478e+07	1.20732e+07	2.62151e+07	8.45046e+06
HSPA2	1.75034e+06	1.31899e+06	1.33943e+06	1.78554e+06
HSPA4	2.06837e+06	2.79714e+06	1.91862e+06	1.18274e+06
HSPA4L	213505	436898	248417	
HSPA5	2.95765e+07	3.37107e+07	4.8172e+07	3.18806e+07
HSPA8	2.93815e+07	3.50513e+07	2.98821e+07	1.58549e+07
HSPA9	1.99249e+07	2.75547e+07	1.15789e+07	8.58982e+06
HSPB1	1.77644e+07	1.50154e+07	3.90247e+06	1.30853e+07
HSPBP1	85760.8	121069	66423.6	
HSPD1	1.95092e+07	7.16878e+06	1.93548e+06	1.06614e+07
HSPE1	5.46674e+07	5.34641e+07	1.62072e+07	3.12842e+07
HSPG2	3.64988e+06	1.73384e+06	1.00114e+06	1.93166e+06
HSPH1	2.74084e+06	3.86023e+06	1.51398e+06	492708
HTATIP2	2.10022e+06	2.26636e+06	1.76786e+06	2.57687e+06
HTATSF1	49134.7	35238.7	221148	
HTRA1	254213	111992	80348.1	
HTRA2	1.59587e+06	1.0694e+06	530985	
HTT		63721.3	49778.2	
HUWE1	1.84127e+06	4.74373e+06	2.12948e+06	5.07676e+06
HVCN1	341203	1.01103e+06	4.22642e+06	
HYOU1	3.75938e+06	2.61902e+06	2.6566e+06	4.42587e+06
HYPK	177356			
IAH1	766013	791747	704838	2.7688e+07
IARS1	688289	1.17594e+06	534758	975337
IARS2	813796	734533	269659	577866
IBA57	455996	525805	253672	
ICAM1	896720	1.53995e+06	1.53615e+06	355540
ICAM2	135671	210367	120054	
ICAM3	475045	778904	4.50253e+06	
ICMT	39082.8			
ICOSLG	217186	52739.6		
IDE	687094	1.04652e+06	826971	
IDH1	7.80784e+06	5.09235e+06	6.14058e+06	6.20321e+06
IDH2	5.35851e+06	3.14549e+06	5.72913e+06	4.978e+06
IDH3A	752427	243403	252321	1.08322e+06
IDH3B	740348	649578	249779	370338
IDH3G	1.05344e+06	777682	432382	1.60794e+06
IDI1	467416	301532	350795	
IDO1		178126	213414	
IDUA	315306	264131	180655	
IER3IP1	580050	435699	653289	1.39888e+06
IFI16	391866	946625	930964	
IFI30	1.92106e+06	1.16416e+06	905175	1.16437e+06
IFI35	231017	349151	310148	
IFI44		46079.2		
IFIT1	144132	422570	234286	
IFIT2		218012	121545	
IFIT3	133994	551826	205477	
IFNGR1	153518	262228	115325	
IFT25	196553	180367	282207	
IFT27	342444	194661	168386	
IGBP1	167423	118295	121862	
IGF1R	31120.9	19204.8		
IGF2	104801	47280	82458.9	
IGF2BP2	441051	927989	99639.9	288517
IGF2R	1.45507e+06	1.70106e+06	1.06193e+06	378176
IGFALS	420870	785509	846804	
IGFBP2			145080	
IGFBP4	182735	113507	159705	
IGFBP5	225933	312148	181145	
IGFBP7	2.11883e+06	1.03448e+06	576319	
IGHA1	2.09781e+07	3.2563e+07	5.47055e+07	1.3152e+08
IGHA2	1.8138e+06	2.50233e+06	2.36153e+07	7.85323e+07
IGHG1	1.51695e+08	1.41642e+08	2.22767e+08	4.29057e+07
IGHG2	9.31949e+07	8.8939e+07	1.13481e+08	4.43955e+07
IGHG3	6.62655e+06	6.52094e+06	9.71125e+06	3.15089e+06
IGHG4	3.02302e+06	4.21742e+06	5.85408e+06	3.56237e+06
IGHM	9.72688e+06	2.07578e+07	4.12454e+07	1.23516e+07
IGHV1-18	55326.1	77687	182913	
IGHV1-2	430255	634116	491694	
IGHV1-46	128018	158218	198522	
IGHV1-69	274527	329090	440914	
IGHV1-8	139049	132907	156248	
IGHV2-26	192478	207281	382765	
IGHV2-70D	1.63329e+06	1.69232e+06	2.47455e+06	1.26556e+06
IGHV3-13	278334	249376	328880	
IGHV3-15	116831	128558	177664	
IGHV3-35	799109	722271	969019	
IGHV3-38	477319	489913	591630	
IGHV3-38-3	104485	66979.7	139181	
IGHV3-43	168348	120956	254335	
IGHV3-49	339136	390918	1.07093e+06	
IGHV3-64D	578315	552942	800901	
IGHV3-7	1.11376e+06	1.17942e+06	1.73457e+06	507694
IGHV3-72	525303	540771	697456	
IGHV3-73		352884	218936	
IGHV3-74	1.98109e+06	2.43174e+06	3.24434e+06	3.39881e+06
IGHV4-28	522007	850257	1.47019e+06	
IGHV4-34			45071.3	
IGHV4-4	63535.7	50435.9	82442.6	
IGHV5-10-1	1.1606e+06	1.22468e+06	1.61276e+06	4.48029e+06
IGHV5-51	280471	295140	537440	1.70406e+06
IGHV6-1	1.66871e+06	1.71769e+06	2.12488e+06	2.91781e+06
IGKC	4.99661e+07	4.38143e+07	7.77274e+07	3.86146e+07
IGKV1-16	258269	227471	935601	
IGKV1-17	391409	319453	1.46253e+06	
IGKV1-39		138472	477399	
IGKV1-5	772819	855065	1.07396e+06	2.01696e+06
IGKV1-8			186174	
IGKV1D-13	617443	867061	1.50374e+06	283807
IGKV1D-33	532361	762205	772428	970613
IGKV1D-42	865016	1.10112e+06	1.43066e+06	1.24979e+06
IGKV2-30	3.1776e+06	2.36987e+06	4.10998e+06	906999
IGKV2D-28	154005	118248	299903	
IGKV3-20	9.57499e+06	9.45267e+06	1.82427e+07	2.12661e+07
IGKV3D-15	1.0373e+06	1.06984e+06	1.37983e+06	1.69516e+06
IGKV3D-20	1.28766e+06	1.58823e+06	1.9762e+06	2.5307e+06
IGKV4-1	4.90173e+06	4.78532e+06	6.85171e+06	3.15333e+06
IGKV6-21	370347	332474	376089	182087
IGLC7	163299	165648	190657	
IGLL5	6.51889e+06	7.53228e+06	1.09585e+07	2.25858e+07
IGLV1-40	849789	562764	813961	
IGLV1-47	1.87653e+06	2.34227e+06	4.45891e+06	5.01199e+06
IGLV1-51	1.07434e+06	1.17024e+06	1.79398e+06	937368
IGLV2-11	125752	208827		
IGLV2-14	705059	600338	1.36022e+06	
IGLV2-23	94497.3	395462	224416	
IGLV2-8	542204	566403	928367	659084
IGLV3-10	104772	141092	261785	
IGLV3-19	558365	518611	897266	567059
IGLV3-21	326716	475168	547136	
IGLV3-9	287208	170613	390355	
IGLV4-69	373548		1.41064e+06	
IGLV5-45	157387	208777	282092	
IGLV6-57	101846	123472	132152	
IGLV7-46	35693.3	282122	280103	
IGLV8-61	511684	718352	1.03007e+06	1.82594e+06
IGSF8	203235	161265	157840	
IKBIP	1.992e+06	1.68827e+06	1.32542e+06	
IKBKB	30318.4	56640.1	56890.9	
IKBKG	553247	749382	603734	
IL16	194128	230538	893609	264368
IL18	633605	1.39449e+06	1.29001e+06	1.687e+06
IL1RAP	74244.6	126236	121635	
IL1RN	263919	405469	595802	
IL36G				395990
IL4I1	456190	280433	521531	
ILF2	3.93267e+06	4.33205e+06	3.55802e+06	858528
ILF3	2.53065e+06	3.45786e+06	3.12761e+06	1.62018e+06
ILK	2.03197e+06	2.70296e+06	942884	922333
ILKAP	421213	427918	115510	
ILVBL	508683	598971	370829	
IMMT	252946	1.80814e+06	814606	1.72145e+06
IMPA1	1.66678e+06	1.64958e+06	1.47691e+06	2.83218e+06
IMPA2	128910	137631	128595	479396
IMPACT	57826.1	48302	93948.8	
IMPDH1	675121	759919	180435	
IMPDH2	3.21403e+06	2.63787e+06	1.57454e+06	1.33926e+06
IMUP	328359	370296	178309	
INF2	238213	290575	391529	247842
INPP1	68997.8	71027.9	148181	
INPP4B	68399.9	58800.7		
INPP5A	409458		236764	
INPP5D	2.37808e+06	5.20786e+06	8.85988e+06	
INPP5K	84947.6	48984	88932.5	
INPPL1	166718	350577	269091	
INSR	160319	137809	109854	
INTS1	1.25755e+06	3.42457e+06	6.18051e+06	1.68406e+06
INTS11	18322.8	123813	49620	
INTS13	60278.2	161050	153698	
INTS3	615854	896113	1.03694e+06	
INTS9		44833.8	65369.3	
IP6K1	167734	227663	257246	
IPO4	79692	104895	91100.5	
IPO5	238676	191283	67824.4	
IPO7	453453	467497	421901	
IPO9	249393	277359	244486	
IQGAP1	2.48749e+06	4.26934e+06	6.87232e+06	3.06574e+06
IQGAP2	317271	1.58961e+06	1.32079e+06	1.59338e+06
IQSEC2	1.6607e+06	2.30171e+06		
IRAG1	104063	29311.6	15368.6	
IRAG2			281960	
IREB2	10115.9	36045.4	19587.5	
IRF2BP2	110966			
IRF2BPL	45656	88451.8		
IRF3	195844	162566	247547	
IRF4			261379	
IRF5		18089.2	31718.8	
IRGQ	672115	506117	510111	
ISCA1	353476	328852		
ISCA2	92187	87510.6		
ISCU	246134	205024		
ISG15	1.20073e+06	4.23922e+06	869127	
ISG20	425687	568029	1.83149e+06	
ISLR	1.46182e+06	810691	269373	
ISOC1	1.25871e+06	1.35337e+06	1.15186e+06	403121
ISOC2	180930		61532.4	
IST1	654065	397165	676541	1.18792e+06
ISY1	198975	199607	178556	
ISYNA1	703149	646543	326061	
ITCH	96299.4	59986.5	39873.6	
ITFG1	124582	83345.3	65790.8	
ITGA1	2.95213e+06	1.25495e+06	748778	
ITGA11	1.46851e+06	477336	185435	
ITGA2	2.26668e+06	2.70881e+06	1.06745e+06	240245
ITGA2B	838084	2.13723e+06	286601	671513
ITGA3	371683	284446	511921	782712
ITGA4	578629	358006	318832	
ITGA5	1.99637e+06	1.29603e+06	1.26166e+06	
ITGA6	1.77969e+06	1.65649e+06	1.80599e+06	1.4216e+06
ITGA9	134243		100360	
ITGAE	282945			
ITGAL	219219	360713	774459	211999
ITGAM	1.33637e+06	2.82464e+06	1.53232e+07	242210
ITGAV	3.08112e+06	1.91591e+06	1.08431e+06	794154
ITGAX	624678	505959	1.35238e+06	
ITGB1	8.28192e+06	5.09946e+06	4.01168e+06	2.38851e+06
ITGB2	2.82563e+06	4.74666e+06	1.97262e+07	1.14933e+06
ITGB3	1.2391e+06	2.88802e+06	577530	
ITGB4	1.90477e+06	2.84709e+06	2.23819e+06	2.4165e+06
ITGB5	4.22252e+06	2.54469e+06	1.25746e+06	
ITGB6		2.80665e+06		
ITIH1	4.00985e+06	3.72438e+06	3.17374e+06	1.31105e+06
ITIH2	4.94002e+06	5.28427e+06	4.20938e+06	2.27454e+06
ITIH3	653028	780617	909575	
ITIH4	5.17357e+06	8.24177e+06	1.10318e+07	2.35395e+06
ITIH5	183721	166492	130683	
ITLN1	52504.2	248146	2.03473e+06	1.14449e+07
ITM2B	39013.2			
ITM2C	44225.5			
ITPA	1.07747e+06	624414	394736	1.06327e+06
ITPR3		164215	45216.1	
ITSN1	271071	156635	132892	
ITSN2	81770.9	179578	200570	
IVD	1.65479e+06	1.39664e+06	1.11987e+06	1.48656e+06
IVNS1ABP	105712	116166	282906	
IWS1	216382	238179	268968	
JAGN1	190485	277510	287572	
JAM3	100879	72855.8		
JAML	35039.8		198261	
JCHAIN	1.5959e+06	2.63408e+06	8.82781e+06	6.75075e+07
JMJD6	166214	322347	208533	
JPT1	318971	125690	146149	978735
JPT2	477948	137440	272293	1.57253e+06
JTB	126762	135455	77686.3	1.01243e+06
JUND	702200	609022	381551	
JUP	1.32453e+06	2.33356e+06	1.1908e+06	1.71471e+07
KANK2	855805	804488		
KARS1	1.44919e+06	1.18462e+06	706667	2.57344e+06
KATNAL2	733320	773516		
KBTBD11	132821	204180	402383	
KCNAB2	902098	713524	2.53221e+06	
KCNN4	125741	58844.2		
KCTD12	3.01756e+06	1.88415e+06	2.81031e+06	3.13753e+06
KCTD5	50996.7	115435	49761.8	
KDELR1	258509	35597.6	141525	
KDELR2	57995.3		13707.5	
KDELR3	180826	219920	593493	
KDM1A	229245	295701	240631	
KDM2A	74532	83226.9	69292	
KDM3B	152323	305973	175442	
KDSR	282416	240332	132713	
KEAP1	32213.7	101422	36400.3	
KEL		615502	586731	
KHDRBS1	1.94367e+06	1.69344e+06	1.51704e+06	1.17252e+06
KHDRBS3	221798	109589	144452	
KHK	135925	98547.4		
KHSRP	4.27594e+06	2.03783e+06	296838	3.26597e+06
KIAA0319L	98329.4	97551	147885	
KIAA0930	103955		65548.1	
KIAA1143	143188	88983.2		
KIAA1217	115363	230860	36827.5	
KIAA2013	347573	370184	427578	2.11957e+06
KIF11	155223	358601	225582	
KIF13B	277506	347240	249359	1.12709e+06
KIF14		235905	362791	780239
KIF1C	36950.8	27680.7		
KIF27			58083.1	
KIF2A	255637	381977	318544	
KIF2C	23047.9	85568.3		
KIF5B	1.14247e+06	1.48011e+06	1.24689e+06	1.08988e+06
KIF5C		126592		
KIFC1		68231.6		
KIRREL1	49167.7	33186.1		
KLC1	306757	240486	207366	
KLC2	101141	37503		
KLC4	266165	346781		287851
KLK1			229331	1.8424e+06
KLK10	431993	273200	147450	705765
KLK6	55330.3	151603		
KLK7		135306		
KLKB1	709963	696981	728693	
KNG1	5.83233e+06	6.05346e+06	7.5541e+06	2.3165e+06
KPLCE	1.42953e+06	2.02073e+06	908462	2.15847e+07
KPNA1	88474	193870	72491.5	
KPNA2	170280	338084		
KPNA3	387961	210254	75645.1	
KPNA4	140114	94030.6	40927.9	105657
KPNA6	214679	323120	141198	
KPNB1	1.34441e+06	962655	1.47298e+06	1.62058e+06
KPRP	555614	1.39988e+06	419133	1.20053e+07
KRAS	201736		194169	
KRT1	5.91714e+07	9.24746e+07	4.46022e+07	1.19945e+09
KRT10	5.00899e+07	1.13736e+08	3.79197e+07	6.82611e+08
KRT13		1.5121e+06	5.73645e+06	1.52907e+07
KRT14	1.25407e+07	1.37563e+07	8.48321e+06	1.18064e+08
KRT15	83391.6	272931		
KRT16	1.63435e+07	6.62333e+06	5.86352e+06	5.25301e+07
KRT17	2.19029e+06	1.88483e+06	871243	1.27183e+07
KRT18	1.5653e+07	2.33962e+07	1.18555e+06	1.65392e+07
KRT19	2.04583e+06	1.28552e+06	445439	1.67114e+07
KRT2	1.68474e+07	3.93359e+07	1.6118e+07	4.29948e+08
KRT20	525592	360657	180639	5.93115e+06
KRT23	95095.7	261668	73833.5	2.34443e+06
KRT27		449835		1.38494e+06
KRT3				2.07114e+06
KRT31		129188		2.53341e+06
KRT33B			198893	497700
KRT34			248494	660780
KRT4	825369	445014	2.55299e+06	
KRT5	1.1383e+07	1.85119e+07	1.06218e+07	1.99649e+08
KRT6A	9.46609e+06	6.91474e+06	4.61206e+06	3.89542e+07
KRT6B	3.37849e+06	2.48148e+06	1.76706e+06	1.35996e+07
KRT7	169694		114258	901145
KRT71		497903		2.00626e+06
KRT72		154956	54815.6	865230
KRT76	423771	340375	188635	1.54706e+06
KRT77	249377	864356	440484	9.65919e+06
KRT78	414712	927960	467460	1.01843e+07
KRT79		182186		
KRT8	1.32774e+07	9.368e+06	1.84103e+06	4.89874e+07
KRT80	481051	943165	523623	8.28481e+06
KRT9	1.04697e+08	1.98483e+08	9.87271e+07	2.30094e+09
KRTCAP2	910289	87951.5		
KRTCAP3	213795			
KTN1	783494	919091	634860	296990
KYNU	67233.5	79640.1	183756	
L2HGDH	538916	476760	126093	
L3HYPDH	255293	221607		
LACRT		135428		1.84834e+06
LACTB	243922	349474	456368	
LACTB2	1.5257e+06	1.48829e+06	905689	
LAD1	993335	861713	223836	1.54039e+06
LAMA3	44145.2	65292.4	38268.4	
LAMA4	1.3848e+06	714865	411523	
LAMA5	297370	192193	158047	
LAMB1	3.38551e+06	2.05679e+06	1.11913e+06	
LAMB2	191542	177131	153916	
LAMB3	144094	223146	81674.8	
LAMC1	7.64169e+06	4.84644e+06	2.68554e+06	4.4824e+06
LAMC2	74306.3	112703		
LAMP1	1.13069e+07	7.27831e+06	1.03831e+07	4.85767e+06
LAMP2	5.55723e+06	4.96139e+06	1.41235e+07	2.61585e+06
LAMTOR1	339608	228687	373624	1.1025e+06
LAMTOR2	664749	313250	892655	
LAMTOR3	1.26142e+06	751743	2.28139e+06	
LAMTOR4	1.39947e+06	1.59094e+06	1.16373e+06	522502
LANCL1	1.12102e+06	741749	511510	274875
LANCL2	396433	386453	356412	
LAP3	4.26107e+06	3.75195e+06	3.97496e+06	1.9786e+06
LARP1	83008.3	119138	113483	
LARP4B	149793	223272		
LARP7	455911	353129	309932	
LARS1	574488	1.28587e+06	522827	798787
LARS2	606147	980277	449011	
LASP1	1.66602e+07	4.56081e+06	4.36774e+06	1.25059e+07
LBP	478372	851961	602117	
LBR	603397	934680	2.46007e+06	1.74119e+06
LCAT	123103	106155	166665	
LCLAT1	136174	222255	177554	151318
LCMT1	327239	337055	138637	
LCN1	315675	1.80414e+06		3.03205e+07
LCN2	6.9098e+06	1.70762e+07	4.2778e+07	2.68495e+06
LCP1	9.02081e+06	1.73842e+07	6.17143e+07	6.46914e+06
LCP2	1.05495e+06	1.23563e+06	2.51047e+06	1.27621e+07
LDAH	53094.2	167531	123389	
LDHA	3.03914e+07	3.76715e+07	1.55946e+07	3.60403e+07
LDHB	7.06245e+06	1.5928e+07	7.1919e+06	1.71482e+07
LEMD2	409344	403715	307536	
LEMD3	353678	263585	322390	
LEPROT	85455.1	35070.9	17649.7	
LETM1	1.66779e+06	1.12775e+06	787236	626891
LGALS1	5.46009e+07	1.53782e+07	7.3122e+06	1.04762e+07
LGALS3	5.14406e+07	2.67859e+07	4.51592e+07	3.53593e+07
LGALS3BP	4.40085e+06	6.46598e+06	3.06754e+06	3.02697e+06
LGALS4	1.63877e+07	1.13427e+07	3.07975e+07	4.1811e+07
LGALS7	345165	2.42225e+06	897284	1.13408e+07
LGALS8	250409	227930	162293	
LGALS9	1.17715e+06	999724	1.09761e+06	
LGALSL	236048	283895	202195	
LGMN	2.03412e+06	1.39517e+06	399550	789443
LHFPL2	143126			
LHPP	1.28928e+06	789280	892661	
LIAS	281743	260557	424832	
LIG1	57883.1			
LIG3	38594.1	88070.3	73664.6	
LILRA2	11501.6	19115	64107.6	
LILRA3		90616.8	254196	
LILRA5	29972.2		74217.8	
LILRA6			79875.3	
LILRB2	81772.6	198922	915358	
LIMA1	923031	755298	487172	4.82917e+06
LIMD2	83115.6		297551	
LIMS1	1.03088e+06	1.25154e+06	643638	
LIN7C	993057	1.05825e+06	716184	1.38274e+06
LIPA	1.20041e+06	353808	864273	
LITAF	1.34068e+06	1.59098e+06	4.01047e+06	1.35285e+06
LLGL2	106217	386632	211737	
LMAN1	3.36759e+06	2.81309e+06	3.52314e+06	3.80449e+06
LMAN2	9.16345e+06	7.70374e+06	1.04981e+07	2.63765e+06
LMAN2L	349752	322960	218997	
LMBRD1	97779.7	124969	199533	
LMCD1	814942	503483	270152	
LMF2	305465	288393		
LMNA	3.15543e+06	2.91018e+06	2.38432e+06	3.66238e+06
LMNB1	1.08542e+06	1.28698e+06	3.41176e+06	1.69779e+06
LMNB2	814213	937117	1.5207e+06	953099
LMO7	384625	407147	185130	
LMOD1	921014	428566	363397	2.11053e+06
LNPEP	600183	453851	447812	
LNPK	903288	1.00819e+06	1.54925e+06	1.24379e+06
LONP1	371226	1.18652e+06	400713	1.02525e+06
LORICRIN		389347		2.3618e+06
LOXL2	349822	230076	116662	
LPA	48254.2	52208.1	53291.2	
LPCAT2	403453	485168	1.40931e+06	
LPCAT3	338324	702000	423443	
LPGAT1	40056	127677	249642	
LPP	2.55597e+06	913921	215977	2.21064e+06
LRATD1	1.73557e+06	2.13478e+06	1.7136e+06	726601
LRATD2	131105	230257	127634	
LRBA	1.08671e+06	2.36701e+06	1.15999e+06	3.27709e+06
LRCH1	128845	205353	277657	
LRCH2	802686	1.13773e+06	578688	5.63936e+06
LRCH4	43190.9	53075.6	47028.2	
LRG1	1.85706e+06	716170	2.26566e+06	1.17877e+06
LRP1	2.21571e+06	1.94875e+06	1.18317e+06	1.06012e+06
LRPAP1	558006	631575	411569	6.92757e+06
LRPPRC	601177	2.89573e+06	558017	2.98123e+06
LRRC1	33181.5	56835		
LRRC15	1.38753e+06	361041	121247	
LRRC20	48533.6	22407.4		
LRRC25	82924.2	71166.5	454607	
LRRC32	155634	59095.7		
LRRC40	29110.4	153624	103116	
LRRC47	372134	508994	248503	
LRRC57	328177	373421	495048	
LRRC59	3.38424e+06	3.30229e+06	2.79006e+06	3.21614e+06
LRRC8A	25868.3	24399.1		
LRRFIP1	244783	200114	119361	276332
LRRFIP2	137037	161042	154361	
LRRK1	1.67422e+06	1.74593e+06	1.08382e+06	
LRSAM1	77264.5	125197	53688.1	
LRWD1	18690.4	59970.4	29160	
LSAMP	631548	304774	340372	
LSG1	164602	224290	107743	
LSM1	385947	290965	313852	
LSM12	516677	601288	351737	
LSM14A	57574.8			
LSM2	1.4826e+06	1.09609e+06	1.37665e+06	
LSM3	515407	399789	453343	
LSM4	1.15227e+06	776859	530795	
LSM6	2.55052e+06	1.87701e+06	1.90258e+06	1.05298e+06
LSM7	2.72392e+06	1.88295e+06	2.07001e+06	1.70355e+06
LSM8	1.42235e+06	1.10754e+06	1.14862e+06	
LSP1	1.04368e+06	618001	1.35534e+06	1.03361e+06
LSR	464860	578007	252010	4.19923e+06
LSS	171655	217968	330848	
LTA4H	887408	2.11189e+06	2.57356e+06	1.86266e+06
LTB4R		66637.1	404496	
LTBP1	198853	214489	206898	
LTBP2	548300	292109	203041	
LTBP4	843478	524823	387938	
LTC4S	296092	185683	227256	
LTF	1.4867e+07	3.77221e+07	1.07143e+08	2.31723e+07
LUC7L	115802	200971	115266	
LUC7L2	711552	708492	410302	134153
LUC7L3	125871	144546	156395	
LUM	2.04125e+07	7.95161e+06	9.2462e+06	4.03254e+06
LUZP1	150229	165335	108916	
LXN	1.98258e+06	1.69446e+06	1.44317e+06	2.16184e+06
LY6G6F	78405.5	102896		
LY75	470614	457279	452391	
LYAR	231155	250678	317262	
LYN	383460	1.24688e+06	1.9418e+06	
LYPLA1	1.61056e+06	1.7513e+06	1.33614e+06	1.82712e+06
LYPLA2	2.10359e+06	1.73317e+06	1.01475e+06	1.79947e+06
LYPLAL1	719087	532606	318701	
LYRM2	160721	97671.6	276603	
LYRM4	309881	296757	53443	
LYRM7	630300	373210	46889.9	
LYVE1	40537.9		37206.8	
LYZ	4.50402e+07	1.24624e+08	4.86443e+08	1.40681e+08
LZIC	509779	224344	360410	1.36543e+06
LZTFL1	143302	152032	43590	
M6PR	1.64258e+06	1.33666e+06	1.86874e+06	452409
MACF1	149377	270481	256350	
MACROD1	1.23076e+06	857105	283549	159815
MACROH2A1	1.2182e+06	2.06239e+06	9.60855e+06	
MAD1L1	300603	465939	169351	
MAD2L1	429968	615962	276434	
MAGED2	167836	260363	183942	
MAGT1	574306	1.31263e+06	1.7624e+06	585505
MAIP1	164395	731715		
MAL2	1.08881e+06	1.39833e+06	381955	
MAN1A1	313116	486146	558211	
MAN1A2	49186.2	70184.3	93614.3	
MAN1B1	85381.7	178256	108037	
MAN1C1	9878.45	268000	500961	
MAN2A1	407012	385427	643366	392248
MAN2B1	825344	708919	1.18179e+06	682747
MAN2B2	384900	250559	459214	
MAN2C1	241601	204838	236357	
MANBA	544204	639870	698178	
MANBAL	80996.6		9463.32	
MANF	1.81992e+06	1.889e+06	2.72942e+06	1.23469e+06
MANSC4	494323	515692	328545	
MAOA	1.67038e+06	2.08291e+06	1.2496e+06	4.11349e+06
MAOB	737458	1.25168e+06	439867	
MAP1A	63233.1			
MAP1S	201871	306737	206639	
MAP2K1	436944	1.11467e+06	1.36325e+06	328362
MAP2K2	413302	724910	1.05631e+06	580797
MAP2K3	64708.4	104635	141384	175718
MAP3K20	60016	153292	48779.1	
MAP3K3	845264	1.0974e+06	927694	1.37977e+06
MAP3K4	386158	370837		
MAP4	4.55277e+06	2.66068e+06	1.20169e+06	6.10685e+06
MAP4K4		73891.1	40055.1	
MAP4K5	103877	135227	83147.6	
MAP7	634500	760995	470568	640330
MAP7D1	55536.8	57706.3	117985	2.07885e+06
MAPK1	3.29732e+06	3.18412e+06	5.03275e+06	2.11599e+06
MAPK13	271007	396187	333932	
MAPK14	450370	624273	1.06999e+06	
MAPK15	2.40219e+06	1.71391e+06	3.06327e+06	785148
MAPK3	1.16942e+06	1.61784e+06	1.35034e+06	1.50777e+06
MAPK9	130465	168990	89748.2	
MAPKAPK2	247232	254845	315437	
MAPKAPK3	326790	349228	424939	
MAPRE1	2.10554e+06	2.19833e+06	2.88788e+06	1.14655e+06
MAPRE2	66716.9	30916.9	57580.2	
MAPRE3	240155	428065	400751	
MARCHF5	132494	137788	85913.8	
MARCKS	6.72718e+06	1.93116e+06	1.60902e+06	4.42003e+06
MARCKSL1	2.91835e+06	865735	614145	2.05948e+06
MARK2	89850.6	258355	304669	
MARS1	310197	479982	175790	209144
MARS2	100009	80229.1		
MARVELD1	105744			
MASP1	1.1224e+06	405967	423447	
MASP2	283960	116052	105876	
MAT1A		176394		
MAT2A	3.51835e+06	3.4602e+06	2.63591e+06	3.095e+06
MAT2B	1.59401e+06	1.69691e+06	1.57376e+06	900568
MATN2	312598	44397.2		
MATR3	854017	1.47652e+06	1.44862e+06	1.75211e+06
MAU2			22468.2	
MAVS	522503	529066		855528
MAX	92702.9	72660.7	34991.7	
MB21D2	115888	220742		
MBLAC2	293782	245638	139187	
MBNL1	354566	190520	170050	1.20534e+06
MBOAT2	63709.8	131336	115579	
MBOAT7	1.35188e+06	1.51718e+06	2.11877e+06	2.47368e+06
MCAM	3.57193e+06	1.82703e+06	1.15564e+06	876532
MCAT	56311.6	75635.3	437468	
MCCC1	147529	333057	123921	297384
MCCC2	985085	743935	283210	469231
MCEE	231486	138980	151175	
MCEMP1	167323	316901	2.45338e+06	
MCM2	302161	381236	233718	
MCM3	248373	439503	250234	
MCM4	720291	754389	567888	
MCM5	327164	509583	168963	
MCM6	438170	407496	199251	
MCM7	1.1801e+06	1.45166e+06	998681	1.94841e+06
MCMBP	98224.9	115885	98815.2	
MCRIP1	169873	68170	51971.1	
MCTP2	14973.5	45298.3	99211.1	
MCTS1	2.05467e+06	2.47017e+06	1.981e+06	629597
MCU	387203	401251	211284	885544
MCUR1	84136.3	54960.7		
MDH1	8.51677e+06	1.15561e+07	9.64148e+06	9.70648e+06
MDH2	4.64542e+07	2.76444e+07	1.47969e+07	1.34035e+07
MDK	217214	282581	169105	
MDP1	497066	418654	477022	
ME1	328037	539713	432792	885478
ME2	1.01523e+06	2.0806e+06	1.58694e+06	615082
ME3	219386	298902	82335.1	
MEAK7	242070	177775	139443	
MECP2	104898	73231.2	117724	
MECR	1.35096e+06	1.06783e+06	463718	
MED15	15952		14899.6	
MEF2D	89312.9	82613.9		
MELTF	132410	190420		
MEMO1	772981	841001	763725	217425
MEP1A			83617.8	431361
MERTK	267035	294726	380928	117760
MESD	1.75832e+06	1.60453e+06	2.37043e+06	1.40883e+06
MEST	120934	49987.3		
MET	313133	231592	96788.5	
METAP1	609498	407209	249928	
METAP2	2.06111e+06	2.97296e+06	1.37577e+06	
METTL1	175983	252634	95850.3	
METTL14	83354.8	104804	74577.9	
METTL16	62465.9	70186.3	39054.4	
METTL26	202597	103747	141642	
METTL3	62946.1	60035.4	65278	
METTL5	39107.5	48275		
METTL9	216468	116891	293916	
MFAP2	147254	83255.2		
MFAP4	1.39115e+06	614432	1.23467e+06	
MFGE8	692195	475239	386763	
MFN1	86885.4	75103.9		
MFSD1	300557		58361.9	
MFSD10	567251	552954	731841	
MFSD12	227727	392396	262305	
MGAM	370238	909427	3.52977e+06	
MGAT1	482022	962786	1.08022e+06	
MGAT2	318338	352377	402095	
MGAT5	59322.5	93235.9	40493.3	
MGLL	579220	308310	381991	
MGME1	132339	168956	51877.5	
MGMT	251126		101625	
MGST1	2.28482e+06	2.28949e+06	1.88965e+06	1.41756e+06
MGST2	5.64e+06	6.32079e+06	4.63887e+06	4.42987e+06
MGST3	5.81743e+06	2.73592e+06	2.76303e+06	4.57723e+06
MIA2	38590.2	60097.6	48171.6	
MIA3	215192	277683	267260	243445
MICAL1	58697.1	483945	564853	
MICAL2	114536	186209	104953	
MICALL2	76296.3			
MICOS10	1.05784e+06	593474	495548	896528
MICOS13	38790.2			
MICU1	251210	321307	225788	
MICU2	43403.6		26610.6	
MIEF1	136072	102539		
MIER1		53942.3	48379.3	
MIF	9.33182e+06	2.81195e+06	6.05261e+06	7.37533e+06
MINDY1	23453.7	29567.3	102573	
MINDY3	389727	485605	398232	
MINPP1	57908.7	136418	71096.5	
MIOS	351076	649783	480177	
MIPEP	45055.7	147702		
MISP	112202	261191	88546.7	527708
MIX23	820732	748993	403914	182732
MKI67	82033.5	99154.1	61812.2	
MLEC	1.83357e+07	1.47734e+07	1.39997e+07	1.32236e+07
MLKL	82785.3	180711	236825	
MLLT1	82221.9	113959	65144.5	
MLST8	45059.6	65968.8	27438	
MLYCD	192051	252532	224771	
MMAA	244589	135712	87982.3	
MMAB	417339	140514	104638	
MME	93342	186982	671742	
MMGT1	360611	341772	1.21348e+06	
MMP1		511089	954659	
MMP11	77029			
MMP12	114289	240470	336829	
MMP14	2.40082e+06	1.48532e+06	563836	
MMP2	727017	628817	731847	
MMP25			236070	
MMP3	1.05127e+06	169512	532247	
MMP7	358654	2.14336e+06	85973	
MMP8	687235	1.54775e+06	7.53815e+06	
MMP9	1.66225e+06	2.68807e+06	1.40803e+07	778168
MMRN1	142130	199725	61293.9	
MMRN2	263569			
MMUT	682411	313482	425306	
MNDA	1.74739e+06	4.48731e+06	1.85241e+07	1.15434e+06
MOB2	152384	330470	179254	
MOB3A	92766.8	129042	36797.4	
MOB4	475864	493136	397690	
MOCS2	89622.8	96954	44185.7	
MOGS	1.69126e+06	1.94839e+06	1.74423e+06	1.4834e+06
MON1A			78742	
MOSPD2	118238	172042	366983	
MOV10	311484	414909	205284	
MOXD1	1.92149e+06	1.05391e+06	642135	
MPC1	266276			
MPC2	285120	193320	196983	
MPDU1	696524	1.01429e+06	868454	1.94532e+06
MPEG1	181366	93689.3	236178	
MPG	383803	377203	413149	
MPI	221565	265509	189094	
MPIG6B	34867.6	111129		
MPO	1.69077e+07	4.22466e+07	8.33009e+07	8.50746e+06
MPP1	297970	2.28941e+06	726686	
MPRIP	233265			
MPST	2.35213e+06	2.10624e+06	1.36065e+06	2.42207e+06
MPZL1	555899	320349	243161	
MPZL2	101506	62746.2		
MRC1	492226	412141	926227	
MRC2	2.47698e+06	1.35418e+06	517921	
MRE11	264168	431835	135152	
MREG	698461	620996		
MRGPRF	335401	53273	74915.9	
MRI1	180021	263684	44285.8	
MRPL1	613389	1.06182e+06	411885	
MRPL10	1.61469e+06	837832		
MRPL11	398923	102190		
MRPL12	861720	428487	374724	2.00164e+06
MRPL13	378136	374216	154059	
MRPL14	57590.8			
MRPL15	457588	496148	198525	257869
MRPL16	72250.1	45689.2		
MRPL17	484096	604008	263008	
MRPL18	382347	483665	194906	352952
MRPL19	686115	835120	339947	262109
MRPL2	398291	545361	337649	
MRPL20	385106	463132	230513	199515
MRPL21	683810	881702	537212	
MRPL22	499543	615794	269072	552910
MRPL23	519656	633492	334779	
MRPL24	516459	652499	238303	256918
MRPL27	143743	115283	54853.4	
MRPL28	252061	191562	95770	
MRPL3	457050	422689	214560	185738
MRPL30	272079	264673	229167	
MRPL34	260704	437095	64626.1	
MRPL35	82920.9	29966.3	20919.9	
MRPL37	520252	633501	302643	308009
MRPL38	615982	733553	279417	1.01984e+06
MRPL39	620253	718890	339627	
MRPL4	558507	480222	283203	
MRPL40	166502	131683		
MRPL41	1.57156e+06	1.90444e+06	4.87987e+06	
MRPL43	785067	956474	450110	501124
MRPL44	369691	414294	233326	
MRPL45	326054	342692	194788	417763
MRPL46	223379	361409	152665	
MRPL47	245676	249100	159225	
MRPL48	81427.1	126571		
MRPL49	406359	333450	325304	
MRPL53	209491			
MRPL55	186418	235668	130121	
MRPL57	286143	200273	61565.5	
MRPL58	609529	911078	612599	
MRPL9	484164	274223	113136	
MRPS10	66020	80102.4		
MRPS11	60814.2			
MRPS15	177509	257966		
MRPS16	223969	354113	104274	
MRPS17	307770	537290	99178.2	
MRPS18A	264112	316596		
MRPS18B	124105	211295	61582.4	
MRPS2	499626	842874	280952	
MRPS21	44555.7			
MRPS22	652902	1.15672e+06	249481	
MRPS23	939653	1.68652e+06	408742	309051
MRPS24	351146	528181	192109	
MRPS25	265321	596827	181757	
MRPS26	97450.2	118564		
MRPS27	421396	724150	137719	174509
MRPS28	625424	1.36559e+06	477958	494299
MRPS30	303636	329885	107242	
MRPS31	107209	186511	62782.8	
MRPS33	174424	244686	66416.7	
MRPS34	346302	738267	180364	694805
MRPS35	611663	994325	278824	
MRPS36	1.13596e+06	624785	277426	
MRPS5	555501	487388		
MRPS7	182642	315277	56896.1	
MRPS9	176561	179664	75343.8	
MRRF	757760	767056	324485	
MRTO4	151439	211444		
MSH2	816703	1.31308e+06	624743	
MSH6	67512.6	34837.5		
MSI2	553548	611553	563418	
MSLN	1.56962e+06	1.13388e+06		
MSMO1	94303.7		56775.8	
MSN	1.5516e+07	1.28785e+07	2.44296e+07	4.37069e+06
MSR1	88236.6	49972.7	57454.8	
MSRA	343988	399123	1.10595e+06	285901
MSRB2	873414	859364	301111	
MSRB3	704945	295323	281656	
MST1	266395	165633	332121	
MST1R	47019.8	52740.3	72646	
MT-ATP6	409867	1.17568e+06	1.21229e+06	
MT-CO1	746013	637022	843055	
MT-CO2	1.25695e+06	3.76092e+06	1.15669e+06	1.67291e+07
MT-CO3	126334	295467	319130	
MT-CYB	291282	339622	645100	
MT-ND2	74030.6	112114	162688	
MT-ND4	400791	578823	832155	
MT-ND5	111937	164784	370279	
MT1F				445684
MT2A	53065	375688	218021	741267
MTA2	391728	526884	514034	
MTAP	2.40722e+06	2.42198e+06	1.53939e+06	
MTARC1	144919	131214	66706.5	
MTARC2	258181	143947	125481	
MTCH1	306354	237608	46270.7	
MTCH2	1.05726e+06	1.65302e+06	467288	1.43197e+06
MTDH	947711	923894	773818	2.3841e+06
MTHFD1	2.2469e+06	2.88653e+06	557390	2.31204e+06
MTHFD1L	148136	957529	80813.7	
MTHFD2	528594	423373		368379
MTHFS	180230	195070	209465	
MTIF2	96963.4	102964	266600	
MTM1	157972	137730	174559	
MTMR2	123584			
MTMR6	122009	174272	185461	
MTMR9	98596	94024.8	107445	
MTOR		30888.1	23790.6	
MTPAP	59012.9	258802	61054.8	
MTPN	1.37395e+06	818293	1.43213e+06	1.26615e+06
MTRES1	96083.4	119409	69838	
MTREX	183340	446740	175661	
MTX1	349946			
MTX2	271712	315016	195646	
MUC1	459005	388190	120350	
MUC12	128986		387815	571000
MUC13	1.43044e+06	1.97274e+06	1.10946e+06	2.4633e+06
MUC2	1.22397e+07	7.42998e+06	2.1419e+07	3.70626e+07
MUC4			378480	1.01502e+07
MUC5AC	130501		1.12859e+06	4.40903e+06
MUC5B	185335		1.12733e+06	3.90341e+06
MUCL1	104575	168258		4.7811e+06
MVB12A	170651	182651	196877	
MVD	506654	589326	654633	282832
MVP	8.53355e+06	6.1212e+06	2.58939e+06	6.72427e+06
MX1	141617	1.18611e+06	133030	
MX2	70539.6	198631		
MXRA5	1.1449e+06	1.01742e+06	588588	
MXRA7	120730	104737	81146	
MXRA8	349220	186482	101423	
MYADM	5.95327e+06	4.6377e+06	6.90034e+06	
MYBBP1A		237177	21979.8	
MYCBP	588196	219580	241908	1.46424e+06
MYD88	207762	240596	271231	
MYDGF	4.16383e+06	3.96213e+06	5.30976e+06	2.14076e+06
MYG1	878566	843748	690333	
MYH10	223089	239396	109466	
MYH11	2.10444e+06	1.62845e+06	1.30751e+06	1.15725e+07
MYH14	155853	401545	278308	1.23015e+06
MYH9	5.73989e+06	8.16923e+06	1.00226e+07	5.42491e+06
MYL6	6.6375e+06	1.96525e+06	3.28445e+06	3.72174e+06
MYL9	2.49149e+06	1.28727e+06	331558	4.14935e+06
MYLK	1.06443e+06	1.42298e+06	681429	1.7912e+06
MYO18A	61748.7	141553	257275	
MYO1B	245370	548112	165586	
MYO1C	453335	681338	294012	
MYO1D	258596	313563	254462	563403
MYO1E	140220	120847	72219.5	
MYO1F	185690	357082	791196	
MYO1G	349200	555807	436489	
MYO3B	81092.3	190005	89986.1	
MYO6	180573	259683	208761	
MYOF	3.33891e+06	1.75242e+06	1.14623e+06	477197
MZB1	869648	2.54621e+06	8.05888e+06	2.9871e+07
NAA10	200451	250288	91615.8	
NAA15	272978	570778	174408	
NAA20	40971.6			
NAA25	30659	110275		
NAA50	549773	571761	388981	
NAAA	385355	278554	311554	
NACA	3.71474e+06	1.77029e+06	600053	2.2341e+06
NADK	132573	350088	1.30845e+06	
NADK2	594366	358853	253692	
NADSYN1	628105	666635	962196	
NAE1	1.7902e+06	2.14762e+06	1.26504e+06	916930
NAGA	2.03861e+06	1.57284e+06	1.63295e+06	1.92161e+06
NAGK	1.92337e+06	2.04668e+06	2.97109e+06	1.66895e+06
NAGLU	343917	251589	308766	
NAMPT	7.32638e+06	4.52606e+06	6.30303e+06	4.06025e+06
NANS	4.03508e+06	2.6591e+06	4.65521e+06	4.94946e+06
NAP1L1	617575	284413	155218	562598
NAP1L4	617457	389703	113233	5.18186e+06
NAPA	6.30123e+06	2.25418e+06	3.0272e+06	3.55398e+06
NAPG	392824	218625		446258
NAPRT	618881	519885	663119	857519
NARS1	2.19943e+06	2.18455e+06	2.15901e+06	985041
NARS2	645104	511714	210550	
NASP	479970	191157	180945	1.29592e+06
NAT1	54412.8	67445.8	82411.1	
NAXD	246711	115833	74406	819844
NAXE	873119	1.02036e+06	410257	1.6066e+06
NBAS		54589.6	126057	
NBEAL2		124100	127807	
NBN	96603.6	239181	140942	
NCALD	406757		203538	
NCAM2	168303			
NCBP1	328899	303685	238639	
NCBP2	438857	283790	220606	
NCCRP1	98768.6	432007	280533	4.22781e+06
NCEH1	767517	1.40466e+06	739639	850775
NCF2	538848	1.37984e+06	6.39058e+06	
NCF4	366599	808889	3.52562e+06	
NCK1	546825	672244	642103	265428
NCK2	414541	435218	321463	
NCKAP1	201920	308571	151719	
NCKAP1L		121870	121150	
NCL	1.46162e+07	1.56018e+07	8.22939e+06	7.94839e+06
NCLN	853930	688946	406016	2.39949e+06
NCOA5	50180.4	324329	252426	
NCS1	81570.1	64213.8		
NCSTN	1.57159e+06	1.69675e+06	1.9609e+06	357916
NDRG1	1.09254e+06	425396	610993	3.74593e+06
NDRG2	476122	384590	310083	476608
NDRG3	368532	80065.7	25582.3	170716
NDST1		16914.2	15963.1	
NDUFA10	357844	260378	153472	627688
NDUFA11	301883	246591	428094	
NDUFA12	223400	476171	619784	921435
NDUFA13	333532	667266	895701	2.3266e+06
NDUFA2	526160	537947	726489	2.87944e+06
NDUFA4	745554	735374	328422	2.6933e+06
NDUFA5	168335	102108	218964	
NDUFA6	257852	324299	440367	273059
NDUFA7	86414.8	151204	140933	637615
NDUFA8	255071	430547	585851	985264
NDUFA9	809713	1.82515e+06	2.81746e+06	1.51429e+06
NDUFAF2	469377	468154	227552	
NDUFAF3	528021	499587		
NDUFAF4	126438	104873		
NDUFAF7	116615	126815	37857.8	
NDUFB1	119572			731700
NDUFB10	755380	1.01219e+06	1.38013e+06	1.18996e+06
NDUFB11	314217	131368		1.90252e+06
NDUFB3	512618	532074	1.11218e+06	718138
NDUFB4	490724	619247	641037	3.7227e+06
NDUFB5	329300	545569	647233	297050
NDUFB6	302089	223912	495425	
NDUFB7	1.57542e+06	777354	1.01333e+06	271094
NDUFB8	249437	256768	423655	945726
NDUFB9	299926	249331	598792	193693
NDUFC2				642429
NDUFS1	718940	1.34435e+06	1.87216e+06	2.17959e+06
NDUFS2	521811	803883	1.03392e+06	564483
NDUFS3	960453	1.5218e+06	1.72356e+06	2.28836e+06
NDUFS4	301038	533449	741010	858456
NDUFS5	305875	283254	362405	956038
NDUFS6	163053	149598	257643	1.38437e+06
NDUFS7	367250	592349	722585	714494
NDUFS8	155070	142702	242210	394366
NDUFV1	541962	737304	977378	999293
NDUFV2	1.00722e+06	1.359e+06	1.83906e+06	3.7325e+06
NEBL	101324			
NECAP1	230888	220652	279241	
NECAP2	704126	644973	610733	
NECTIN2	747155	826385	483698	494606
NECTIN4	38202.5			
NEDD1	85139.9			
NEDD4	6004.27	142481	195515	
NEDD4L	72551.1	159409	118749	
NEDD8	2.66915e+06	2.17941e+06	2.22439e+06	1.48416e+06
NEGR1	120756		46956.9	
NEK7	148839	69821.4		
NEK9	441317	1.35717e+06	1.5878e+06	
NELFA	108567	101448	83619.2	
NELFCD	54969.9		52804.9	
NEMF	735744	706583	745549	
NENF	767113	605165	652075	407037
NEO1	100054	79192.5	306220	
NES	508256			
NEU1	309339	295171	56652.8	
NEXN	660113	291707	151611	
NF2	178764	228490	1.02851e+06	
NFAM1		27502.5	129028	
NFIC	66467.6	105050		
NFKB1	219339	569004	641820	309379
NFKB2	157440	565634	193581	
NFS1	458534	462427	265356	
NFU1	108572	94828.8		
NFXL1	76746.1	54199		
NFYC	206909		77321.7	
NGLY1	176968		242547	
NHERF1	1.87793e+06	2.53083e+06	3.23086e+06	3.4383e+06
NHERF2	471098	321609	168349	274868
NHLRC2	261896	523610	327949	941326
NHLRC3	560513	326470	429284	
NIBAN1	93496.5	172376	287355	
NIBAN2	762390	1.13991e+06	634445	949149
NID1	1.74173e+06	1.13175e+06	602615	
NID2	2.02634e+06	1.37708e+06	670032	
NIF3L1	964847	1.0226e+06	436490	634015
NIPSNAP1	687629	542769	230246	
NIPSNAP2	1.46671e+06	1.62039e+06	811815	589970
NIPSNAP3A	2.01138e+06	1.16329e+06	1.13958e+06	274452
NIT1	971238	744820	945780	849545
NIT2	2.17484e+06	1.62184e+06	1.87773e+06	649570
NLE1	526573	489942	273949	
NLN	59815.4	225672	64446.6	
NLRC4		83288	166370	
NME1	2.67427e+06	3.01093e+06	3.88564e+06	864445
NME2	1.28433e+06	940455	1.39262e+06	
NME3	1.18482e+06	941376	759626	475162
NME6	109302	92882.3		
NMES1			392761	5.04093e+06
NMI	348419	514303	826325	
NMNAT1	138251	174634	180235	
NMRAL1	193641	218227	147415	
NMT1	544466	572943	466582	
NNMT	4.99021e+06	3.75576e+06	1.86711e+06	
NNT	311156	2.33349e+06	481330	3.55375e+06
NOLC1	267863	475909	189810	
NOMO1	440917		261481	
NONO	1.81691e+06	2.3554e+06	1.90922e+06	437985
NOP16	262420	190938	114894	
NOP2	169098	111188	66546.6	
NOP56	150562	168906	94473.5	
NOP58	132838	80910.8	119849	
NOS2		65515	169676	
NOS3	48158.8	63417.4		
NOTCH3	62552.9	46103.4		
NOX1	54250.9		314945	
NPC1	466747	534218	637146	
NPC2	3.0547e+06	2.90336e+06	6.42118e+06	2.975e+06
NPEPL1	565586	459321	329801	
NPEPPS	681955	1.38611e+06	615653	716239
NPL	23322.7		31886.8	
NPLOC4	480861	803395	513009	
NPM1	1.251e+07	1.11777e+07	8.54926e+06	6.13314e+06
NPM3	196674	234817	100759	
NPTN	2.22989e+06	1.29494e+06	1.58504e+06	1.19919e+06
NQO1	3.40396e+06	2.96545e+06	672876	1.40709e+06
NQO2	452900	406190	718342	
NR2C2AP	365337	274655	170149	
NRAS	727936	630721	393862	
NRBF2	70625.8	34795.4	137210	
NRBP1	71705.1	57736.4	31866.3	
NRDC	282125	446273	422869	
NRM	498517	303247	443667	
NRP1	413336	281645	204677	
NRP2	216936	167515	220388	
NSDHL	696413	701689	356905	
NSF	561691	926698	1.04201e+06	2.64638e+06
NSFL1C	1.88236e+06	2.52782e+06	1.76172e+06	1.52975e+06
NSUN2	402382	920477	148440	
NT5C	199755	207984	238210	
NT5C2	2.52443e+06	2.2218e+06	2.72298e+06	
NT5C3A	653053	640683	412928	
NT5DC1	548755	587934	532411	334066
NT5DC2	202897	120722	71328.4	
NT5DC3	608445	589570	206738	
NT5E	592499	248251	311313	
NTAN1	162573	163142	431881	
NTM	260959			
NTMT1	643957	932487	356997	
NTPCR	216631	18841.8		304175
NUB1	104225	173690	114879	
NUBP1	551457	317018	338195	295212
NUBP2	111380			
NUCB1	1.3269e+06	200523	204733	2.07399e+06
NUCB2	817796	233841	667132	1.37723e+06
NUCKS1	1.11309e+06	663313	895255	942652
NUDC	2.24879e+06	2.12328e+06	1.3009e+06	684117
NUDCD1	87733.6	171065	66492.6	
NUDCD2	484554	397504	254718	
NUDCD3	319988	346363	139328	
NUDT1	344760	309078	193939	
NUDT14	168943	159872	95105.9	
NUDT15	56018.1			
NUDT16	504965	362156	734001	
NUDT16L1	139181	162634	141125	
NUDT2	413581	465004	355485	
NUDT21	858333	1.03365e+06	916352	226299
NUDT3	1.20569e+06	983901	2.00777e+06	
NUDT4	692305	533294	410254	
NUDT5	1.80497e+06	1.93783e+06	1.48876e+06	1.17566e+06
NUDT6	102082	107111	55792.7	
NUDT8	156703	57696.4		
NUDT9	814653	704375	729928	
NUMA1	257887	900906	780270	737637
NUMB	314181	402873	491983	
NUP133	140294	378724	233713	
NUP153	92462.1	151528	103186	
NUP155	58271.2	196723	109425	
NUP188		39283.4		
NUP205		15102.2	26994.5	
NUP210	113330	208799	112795	
NUP214	213610	351711	220772	
NUP35	228520			
NUP37	619781	389243	294366	
NUP43	172765	207108		
NUP50	332287	383688	389046	773106
NUP54	325434	435059	213796	
NUP58	99617.8	68282.4	86539.8	
NUP62	137531			
NUP88		43475.9	16568.3	
NUP93	98546.7	445500	200597	
NUP98	155249	227294	240920	
NUTF2	1.96145e+06	1.95631e+06	1.36262e+06	1.45005e+06
NXF1	218974	361886	241503	
NXN	334590	420147	150109	
NXPE1		98759.6	158421	
OAF	48356.6	25553.6		
OARD1	245068	164373	243483	
OAS2	69614.3	466779	158379	
OAS3	544144	2.38616e+06	591940	
OASL		173954		
OAT	1.15126e+06	888056	234645	
OCIAD1	1.38117e+06	922019	1.10273e+06	1.73755e+06
OCIAD2	2.98395e+06	1.24971e+06	837532	993337
OCLN	232186	246492	117755	
ODR4	215355	307523	191462	
OGA	234056	275190	208835	
OGDH	2.2321e+06	2.58703e+06	1.25568e+06	1.26395e+06
OGDHL	626074	608614	291278	
OGFR	158770	227466	253462	271269
OGN	1.21933e+06	301700	508363	
OGT	118913	168327	160438	
OLA1	3.53964e+06	4.85803e+06	3.1865e+06	945066
OLFM4	383521	510389	5.09356e+06	
OLFML1	217053	177101	134027	
OLFML3	371693	226685		
OLR1	283580	557079	1.89673e+06	
OMD	153037			
OPA1	74145	511355	127105	
OPA3	165325	258001	79160.9	
OPLAH	568339	419629	412222	
OPTN	238018	360575	147177	
OR11H12		1.13278e+07		2.01003e+06
OR1M1	4.43989e+06	949684	4.09444e+06	
OR6N2	731068	487163	555688	741878
ORM1	1.0375e+07	6.84081e+06	2.10602e+07	3.82438e+06
ORM2	3.30733e+06	1.96372e+06	4.3224e+06	1.50371e+06
OSBP	729202	660208	617753	1.93706e+06
OSBPL11	137947	119862	147109	
OSBPL2	82621.1	173185	187492	
OSBPL3		120581	46904.4	
OSBPL5	28660.5	85084		
OSBPL8	188259	574160	881269	
OSBPL9	229516	308819	271309	
OSGEP	638012	713630	490619	
OSTC	1.10265e+06	642255	748604	651570
OSTF1	1.52211e+06	1.54358e+06	4.27991e+06	1.03022e+06
OTUB1	1.07636e+06	701837	820525	926404
OTUB2	1.75977e+06	2.40919e+06		
OTUD6B	234586	330913	246810	
OTULINL	134353	280112	637855	
OVCA2	81558.9	109317	276695	
OXA1L	259936	276094		181539
OXCT1	794574	378983	779603	935318
OXNAD1	54817.5	77122.1		
OXR1	143447	251420	290286	
OXSM	194027	162675	67580.8	
OXSR1	705296	1.24585e+06	1.7854e+06	993595
P2RX1		88474.6	270653	
P2RX4	382526	213796	466665	
P3H1	730026	1.23562e+06	465454	
P3H3	661084	435624	160036	
P3H4	458463	175563	59260.9	
P4HA1	894180	1.15146e+06	803692	
P4HA2	636307	960545	511812	
P4HB	1.74754e+07	2.9269e+07	3.49639e+07	1.69637e+07
PA2G4	5.40905e+06	5.19135e+06	4.24053e+06	2.13246e+06
PAAF1	265824	348123	318200	
PABPC1	1.10372e+06	1.36223e+06	948487	737408
PABPC4	1.07717e+06	1.33693e+06	723056	435794
PABPN1	1.4211e+06	1.49435e+06	777108	1.45313e+06
PACS1	93628.7	124172	141969	
PACSIN2	871553	1.06621e+06	1.55819e+06	1.33143e+06
PADI2	291085	426149	1.39161e+06	715207
PADI4	601918	925768	2.46542e+06	
PAF1	139216	316685	239533	
PAFAH1B1	2.0139e+06	1.4465e+06	1.94368e+06	545107
PAFAH1B2	5.16306e+06	4.90542e+06	3.80909e+06	1.17957e+06
PAFAH1B3	2.24736e+06	2.1541e+06	850364	1.38413e+06
PAFAH2	136843	190559	144203	
PAICS	2.15141e+06	2.30909e+06	1.39778e+06	1.59172e+06
PAIP1	763733	393742	535477	
PAK1	741205	1.32177e+06	1.07744e+06	1.41404e+06
PAK1IP1	231317	372119	138743	
PAK2	445271	820609	488878	763736
PAK4	132888	159598	48939	
PALD1	40147.2	199064		
PALLD	6.95022e+06	3.25324e+06	1.33382e+06	3.45203e+06
PALM	74056.9			
PALS2	94588.6	338317	49335.1	
PAM	73126.5	88896.3	130205	
PAM16	912096	800671	193271	
PANK2	47451	38686.1	42019.2	
PANK3	10120.3			
PANK4	65167.2	183380	110429	
PAPOLA	50268.1	99497.8	70604	
PAPPA		211786	91913.7	
PAPSS1	693595	863920	451327	
PAPSS2	689910	1.08359e+06	593084	1.64161e+06
PARK7	2.98388e+07	2.34139e+07	1.2531e+07	2.79421e+07
PARN	150472	174684	88802.7	
PARP1	709224	883115	784361	2.92511e+06
PARP10	60585.3	177458	139427	
PARP12	19336.5	32648.2	43753.3	
PARP14		263822	236984	
PARP4	646255	731907	540165	231319
PARP9	140614	265412		275343
PARPBP	2.01081e+06	1.17427e+06	1.0855e+06	
PARS2	91588.2	53467.8		
PARVA	901267	518051	275036	321258
PARVB	95855.2	184447		
PARVG	72160.7		144835	
PATL1	106522	112240		
PAWR	338558	138178	76191	829724
PAXX	766525	642994	559862	527048
PBDC1	787592	781436	674702	213165
PBLD	155386	100724	85603.4	
PC	174389	310438	109523	
PCBD1	3.57857e+06	2.93866e+06	1.40948e+06	1.28932e+06
PCBD2	266267	247299	146209	
PCBP1	5.63727e+06	4.75347e+06	5.32131e+06	5.58891e+06
PCBP2	3.41878e+06	1.67691e+06	1.64669e+06	2.4905e+06
PCBP3	86254.3		53213.5	
PCCA	410364	991566	91250.5	724282
PCCB	541074	1.53754e+06	284149	1.16291e+06
PCDH7	112848	35731.6		
PCDHGA11	96479.1	50197	143088	
PCIF1	73472.8	82144.8	43052.7	
PCK1			132424	1.26463e+06
PCK2	1.01223e+06	1.51683e+06	176812	2.60433e+06
PCMT1	5.33829e+06	6.27706e+06	4.57701e+06	3.30745e+06
PCNA	1.80389e+06	1.21481e+06	246790	598366
PCNP	514538	320431	147651	598043
PCOLCE	1.85179e+06	2.14089e+06	2.15054e+06	
PCTP	229894	256145	319216	
PCYOX1	1.08704e+07	4.96987e+06	6.17095e+06	3.12665e+06
PCYOX1L	184319	232691	311582	
PCYT1A	378236	464348	494379	
PCYT2	277111	358399	200130	
PDAP1	1.91411e+06	849464	868070	924704
PDCD10	1.71256e+06	1.41664e+06	959131	1.12185e+06
PDCD11		97706.3	71758	
PDCD4	1.33743e+06	564137	772234	3.98245e+06
PDCD5	884249	578338	205570	1.72338e+06
PDCD6	2.04655e+06	1.36296e+06	1.49085e+06	366209
PDCD6IP	3.75629e+06	7.9279e+06	5.56595e+06	8.08482e+06
PDCL	200598	151585		
PDCL3	215642	133959	221862	
PDE12	574576	660030	309003	
PDE3A	116262			
PDE6D	444834	386420	339868	
PDF	244909	333926	541803	
PDGFRA	41658.8	142227		
PDGFRB	647456	311348	81083.1	
PDHA1	3.93337e+06	3.54829e+06	1.32589e+06	1.38777e+06
PDHB	1.48058e+06	536363	199286	2.03859e+06
PDHX	2.14326e+06	3.17356e+06	1.04106e+06	
PDIA3	2.07081e+07	3.20867e+07	4.45615e+07	3.41532e+07
PDIA4	7.74606e+06	9.90629e+06	1.16395e+07	1.13606e+07
PDIA5	579208	590243	325855	
PDIA6	1.10419e+07	1.29535e+07	1.41847e+07	1.2171e+07
PDK1	87188.3	153066	130178	
PDK3	310602	278395	180009	
PDLIM1	4.77621e+06	2.09276e+06	1.17203e+06	5.97836e+06
PDLIM2	386182	127525	65660.4	
PDLIM3	865777	286901		573506
PDLIM4	802846	181554	137538	160905
PDLIM5	2.34532e+06	1.07432e+06	901407	1.13397e+06
PDLIM7	4.1962e+06	1.43932e+06	1.02928e+06	1.63086e+06
PDP1	502101	313208	218404	
PDPK1			51857.1	
PDPR	687204	555744	310086	
PDS5A	101785	114820	129802	
PDS5B	128684	208385	317102	
PDXDC1	194731	373981	419922	3.50208e+06
PDXK	2.31922e+06	1.89845e+06	2.25969e+06	
PDXP	316243	699658	342211	2.09233e+06
PDZD11	957626	872995	878814	743220
PDZD8	874349	2.08296e+06	1.62935e+06	
PEA15	1.43294e+06	453582	249139	650262
PEBP1	2.32643e+07	1.85361e+07	1.34064e+07	1.49109e+07
PECAM1	1.43135e+06	1.3485e+06	1.5675e+06	453104
PEF1	808125	215625	343744	289204
PELO	53828.9	80231		
PEPD	2.54444e+06	2.83137e+06	1.70971e+06	908971
PEX11B	523925	616378	579715	5.75029e+06
PEX14	69442.8	73563.1	61275.5	
PF4	131192	207252		
PFAS	618228	636412	330340	
PFDN1	663232	1.08008e+06	459888	671210
PFDN2	1.5373e+06	1.32768e+06	1.06166e+06	1.07303e+06
PFDN4	185022	94029.5	92819.7	
PFDN5	581044	379260	429529	
PFDN6	1.52327e+06	1.57057e+06	946216	3.13889e+06
PFKFB2	514855	514229	933688	
PFKFB3	151353	163632	169856	
PFKL	2.38053e+06	1.89864e+06	981074	2.50292e+06
PFKM	584092	810141	218449	
PFKP	1.26324e+06	1.09907e+06	605547	
PFN1	6.40132e+07	7.35418e+07	1.86974e+08	4.6233e+07
PFN2	2.78855e+06	2.08947e+06	872005	1.3588e+06
PFN3	83407.9	135617	417498	
PGAM1	4.72756e+06	4.12253e+06	6.12857e+06	2.05237e+06
PGAM5	900633	2.38356e+06	878349	
PGD	8.85645e+06	1.61236e+07	3.79283e+07	5.65995e+06
PGGT1B	163744	210107	253205	
PGK1	2.32413e+07	2.5737e+07	3.50341e+07	9.17819e+06
PGK2			205648	
PGLS	620089	1.22086e+06	1.46522e+06	4.034e+06
PGLYRP1	764044	792057	2.39304e+06	
PGLYRP2	625559	444680	870103	
PGM1	4.1187e+06	4.47527e+06	5.97843e+06	2.27881e+06
PGM2	5.91968e+06	7.24333e+06	7.40523e+06	4.23172e+06
PGM2L1	1.14382e+06	2.2994e+06	873019	
PGM3	789453	998252	892168	1.12475e+06
PGM5	123047		94702	
PGP	1.53192e+06	2.70337e+06	1.95482e+06	
PGRMC1	3.84967e+06	2.94809e+06	2.24372e+06	4.28154e+06
PGRMC2	2.51427e+06	2.22954e+06	2.33152e+06	2.61842e+06
PHACTR4	45197.2	39600.4		
PHAX	23092.1	10047.8	10913.3	
PHB1	681029	3.09366e+06	584609	4.52524e+06
PHB2	766719	4.95663e+06	1.05665e+06	4.45667e+06
PHC1			174573	
PHF5A	249045	215173	233700	
PHF6	92235.7	62989		
PHGDH	231864	1.30982e+06	359997	684265
PHLDA3	43965.9	37086	9066.02	
PHLDB1	571219	196369	479748	1.33136e+06
PHPT1	452931	465482	546434	
PHYHD1	143253	149203	108004	
PHYKPL	310321		423973	
PI3	144984	96721.7	177226	
PI4K2A	837658	829692	586683	
PI4K2B	15722.1		12780.8	
PI4KA	10416.2	53394.5		
PIAS4	536137	777740	1.87207e+06	
PICALM	657039	779846	680111	253248
PIEZO1	75913	107684	66491.4	
PIGK	68925.5	143943	127639	
PIGR	5.46202e+06	7.74758e+06	8.85532e+06	1.94601e+07
PIGS	315530	458714	451799	1.17816e+06
PIGT	83853.7	224026	244201	
PIGU	116741	218418	112368	
PIK3AP1		143965	228791	
PIK3CD	201834	236124	311911	
PIK3CG	30437.8		143993	
PIK3R1	26763.3	108431	248725	
PILRA			151462	
PIN1	1.9196e+06	1.04157e+06	842118	
PIN4	1.03551e+06	546892	559942	
PIP	535243	1.33589e+06	558183	1.88156e+07
PIP4K2A	190353	503391	376002	
PIP4K2B	159053	128873	88054.7	
PIP4K2C	228852	327454	241492	
PIP4P1	99949.7	66327.6	110415	
PIP5K1C	130142			
PIR	455213	504510	231662	
PITHD1	1.13357e+06	1.70924e+06	925709	485127
PITPNA	778171	672483	867410	
PITPNB	1.23683e+06	924066	1.03606e+06	276149
PITPNC1	161135	138069	180767	
PITPNM1	208472	268412	198025	
PITRM1	1.17192e+06	2.03337e+06	484529	1.55587e+06
PKLR	86628.9	475731	192347	293946
PKM	7.6889e+07	4.54047e+07	2.9958e+07	2.10358e+07
PKN1	295445	276008	141802	
PKN2	237768	217036	138631	
PKP1	165621	423508	223580	3.36297e+06
PKP3	110322	269060	124778	594834
PLA2G15	77770.7	68362.2		
PLA2G1B		467059		
PLA2G2A	62565.7	191676	311993	312789
PLA2G4A	27884.9	100484	188042	
PLAA	471501	1.60687e+06	928880	
PLAU	114164	109986	242501	
PLAUR	424968	360665	1.19288e+06	
PLBD1	1.25644e+06	1.56887e+06	6.49375e+06	1.52228e+06
PLBD2	2.96687e+06	2.02674e+06	1.88409e+06	
PLCB2	449221	900179	2.10123e+06	
PLCB3	551175	504355	362912	
PLCD1	817410	675127	731864	
PLCG1	429549	311182	289382	
PLCG2	220670	501549	1.43046e+06	
PLD1	121554	170329	274000	
PLD3	2.60609e+06	2.7672e+06	2.74921e+06	2.07636e+06
PLD4	72958.1		220750	
PLEC	4.65344e+06	7.11054e+06	6.55142e+06	6.16482e+06
PLEK	352658	675753	1.06566e+06	
PLEK2	315184	462292		
PLEKHA1	150816	152601		
PLEKHA2	32873.3	64990.5	64859.7	
PLEKHA5	94783.1	167799	43789.5	
PLEKHA6	473309	430306	343645	
PLEKHF1	135361	110017	125368	
PLEKHF2	203877	248939	206814	
PLEKHO2	546210	466879	745475	
PLG	1.93997e+06	3.54792e+06	1.25923e+07	636319
PLGRKT	270506	363744	188519	1.04215e+06
PLIN2	268734	274373		
PLIN3	2.45923e+06	1.88957e+06	1.90209e+06	3.02938e+06
PLOD1	3.09716e+06	2.98318e+06	1.83487e+06	
PLOD2	1.51527e+06	1.46759e+06	776027	
PLOD3	1.21149e+06	1.3838e+06	735942	
PLP2	2.68221e+06	2.39037e+06	1.18888e+06	4.93976e+06
PLPBP	1.2004e+06	972738	1.46026e+06	874061
PLPP1	488846	165241	189394	
PLPP2	380120	240985	158516	
PLPP3	100765	100601	58269.2	
PLRG1	725462	1.25722e+06	1.01077e+06	
PLS1	916325	1.37217e+06	1.26317e+06	3.00494e+06
PLS3	2.25498e+06	1.29487e+06	505153	
PLSCR1	609554	775476	1.05388e+06	
PLSCR3	543467	302355		
PLSCR4	403932	214349	112284	
PLTP	388956	645901	589904	
PLVAP	476557	253552	215711	
PLXDC2	1.30464e+06	412869	260902	
PLXNA1	94700.4	80412.5	31608.3	
PLXNA3	133288			
PLXNB2	1.56289e+06	1.88416e+06	1.5448e+06	
PLXNC1	143868	226633	419293	
PM20D2	126014	45449.4		
PML	722835	1.10363e+06	561651	
PMM2	1.58439e+06	1.2553e+06	950946	1.27009e+06
PMPCA	1.62568e+06	1.73152e+06	475106	776769
PMPCB	1.57228e+06	1.50536e+06	370733	975613
PMVK	511315	482095	542559	
PNKD	201160	267516	115233	
PNKP	478749	326171	409597	
PNO1	179100			
PNP	4.42442e+06	7.0615e+06	6.37419e+06	2.34348e+06
PNPLA4	94128.2	257298		
PNPLA6	49948.5	243895	126747	
PNPLA8	214243	642046	232257	
PNPO	496341	552129	533816	
PNPT1	1.0525e+06	1.42315e+06	502476	2.48778e+06
PODN	57003.3			
PODXL	743944	396437	96967.1	
POF1B	132604	279263	127717	1.5762e+06
POFUT1	342018	612911	284517	
POFUT2	668363	752389	493973	
POGLUT1	1.07402e+06	1.19471e+06	755549	
POGLUT2	326527	337786	141579	
POGLUT3	845266	731833	505172	
POLB	66027.8	65608.3	55351.1	
POLD1	395323	1.24222e+06	859313	912353
POLDIP2	416664	502778	274744	
POLDIP3	57724.6	47938.8		195432
POLE3	293743	319695		
POLR1B	18896.4	119381		
POLR1C	255213	324101	102846	
POLR1D	203354	252892	132486	
POLR1F	205224	316580		
POLR1G	139375	144187		
POLR2B	190778	151148	387707	
POLR2E	551155	744118	264202	
POLR2G	34995.3	49695.8	74163.8	
POLR2H	334290	330859	210401	
POLR3F	90991.1	66014.4		
PON1	516262	949270	898859	
PON2	588948	692986	380430	61236.8
PON3	263982	402891	584769	
POP1	102180	131181	31959.5	
POP7	79881.9	80707.7		
POR	1.66851e+06	2.18191e+06	1.22655e+06	1.61329e+06
POSTN	6.8932e+06	4.03593e+06	2.39361e+06	1.69788e+06
POU2F1	78506.5		37160.9	
PPA1	7.77729e+06	6.4854e+06	3.20415e+06	4.01496e+06
PPA2	5.09529e+06	3.14413e+06	1.62566e+06	3.35555e+06
PPAT	444484	433111	230080	
PPBP	1.74247e+06	3.00226e+06	159303	
PPCDC	53863.7	37163.6	115806	
PPCS	667607	1.00384e+06	841182	659252
PPFIA1	92306.5	180546	69679.2	
PPFIBP1	25192	65857.8	34715.4	
PPIA	9.0324e+07	7.30698e+07	5.47651e+07	2.74624e+07
PPIB	1.64014e+07	1.91577e+07	1.64454e+07	1.05147e+07
PPIC	1.29374e+06	1.21281e+06	607142	
PPID	515994	597495	450074	
PPIE	318101	417609	333194	
PPIF	2.24703e+06	2.9902e+06	1.39826e+06	1.35308e+06
PPIH	933974	781186	694427	95880
PPIL1	437741	491789	387139	
PPIL3	1.40694e+06	1.16633e+06	1.58993e+06	
PPIL4	209655	214105	104912	
PPIP5K2	204831	284956	346131	
PPL	8.55484e+06	9.14691e+06	3.31199e+06	7.08373e+06
PPM1A	432316	429840	266352	478656
PPM1B	551045	548086	601198	238244
PPM1F	418493	171335	167430	
PPM1G	1.11974e+06	960491	527626	539525
PPM1H	164611	142748		
PPME1	1.0818e+06	1.19813e+06	783621	2.01133e+06
PPP1CA	2.31559e+06	2.18605e+06	2.19288e+06	1.15223e+06
PPP1CB	1.35066e+06	1.16646e+06	1.17304e+06	609606
PPP1CC	701042	722040	476402	
PPP1R10	146641	182037	140575	
PPP1R11	6134.91			
PPP1R12A	646795	708731	466834	670166
PPP1R12B	156119	117583	132231	
PPP1R12C	73416.2	79357.3	44478.4	
PPP1R13L	83119.4	71882.9		
PPP1R14B	479765	285984		565672
PPP1R18	302691	175338		
PPP1R2	178288	103963	35687.7	
PPP1R21	77561.6	98845.1	101570	
PPP1R7	843308	1.62218e+06	1.31692e+06	674918
PPP1R8	102386	86906.3	67492.2	
PPP1R9B	179804	234750	317353	
PPP2CA	170312	109040	156955	
PPP2CB	312597	180377	186401	
PPP2R1A	844760	819701	667640	1.15009e+06
PPP2R2A	363876	334014	365303	
PPP2R5A	328560	351346	286824	
PPP2R5C	77347.6	104453	125395	
PPP2R5D	45471.4	161465	36333.9	
PPP2R5E	149835	191915	101175	
PPP3CA	790718	538364	843700	557412
PPP3CB	173379	194036	308289	
PPP3R1	67775.9	36032.5	39325.1	
PPP4C	515798	543674	520483	
PPP4R3A	90361.5	217129	210461	
PPP5C	702293	633162	589882	
PPP6C	254200	256406	380538	
PPT1	2.5716e+06	1.77669e+06	280833	594627
PPTC7	71025.5			
PPWD1	263516	241061	238651	
PQBP1	11493.7			
PRAF2	1.96222e+06	1.09329e+06	908084	181584
PRAM1	153931	152127	443406	
PRCC	110068	100097	55065	
PRCP	1.18728e+06	1.14512e+06	2.09435e+06	900193
PRDX1	3.83259e+07	4.07631e+07	2.65205e+07	1.74454e+07
PRDX2	2.96529e+07	1.18705e+08	3.20211e+07	1.62038e+07
PRDX3	1.23231e+07	9.86357e+06	1.18166e+07	6.32343e+06
PRDX4	3.60898e+06	3.79138e+06	5.37001e+06	3.23724e+06
PRDX5	1.41203e+07	1.18974e+07	5.58063e+06	9.83319e+06
PRDX6	1.21159e+07	1.73179e+07	7.93288e+06	1.42543e+07
PREB	693860	1.05765e+06	880449	601216
PRELP	1.57026e+06	121875	301017	1.81618e+06
PREP	2.34016e+06	1.96367e+06	2.26491e+06	1.59129e+06
PREPL	12345.1	33200.4	15971	
PREX1		58545.6	98869.6	
PRG2	2.72291e+06	1.08896e+06	3.81905e+06	2.06692e+06
PRG3	1.92694e+06	481708	5.48483e+06	5.0537e+06
PRIM2		117537	558686	
PRKAA1	453143	625467	370705	
PRKAB1	107212	175875	165538	
PRKACA	260532	246105	351851	
PRKACB	429546	344484	434522	
PRKAG1	316974	409948	221586	
PRKAR1A	606867	1.04287e+06	1.29439e+06	791834
PRKAR1B	205126	197115		
PRKAR2A	1.93676e+06	1.4223e+06	770285	1.68037e+06
PRKAR2B	644225	472640		151339
PRKCA	164811	213591	162445	
PRKCB	61029.6	188872	551751	
PRKCD	591716	729650	1.71264e+06	572728
PRKCH	78378.3			
PRKCSH	7.86253e+06	7.53966e+06	5.9706e+06	5.30192e+06
PRKD2	16956.9	124131	80912	
PRKDC	664374	4.44625e+06	2.05193e+06	1.78565e+06
PRKG1	519650	343215	176353	
PRKRA	515850	350591	143277	
PRMT1	2.11909e+06	1.84619e+06	1.74679e+06	647617
PRMT5	1.1809e+06	1.87785e+06	1.04717e+06	1.80786e+06
PRNP	540592	256703	288143	
PROC	209786	234473	328702	
PROCR	3.15973e+06	456388	455333	
PROM1	52243.7	79044.9		
PROS1	761953	1.23978e+06	2.86937e+06	
PROZ	32255.7	73809	463035	
PRPF19	2.56717e+06	4.54818e+06	4.01726e+06	1.40198e+06
PRPF3	89596.5	93119	136412	
PRPF38B	135206	182921	193071	
PRPF4	209605	665628	398977	
PRPF40A	134342	194520	165423	
PRPF4B	78651.4	244013	245024	2.65124e+06
PRPF6	51304.7	134574	63969.2	
PRPF8	106819	336691	397631	
PRPS1	361414	515330	288070	
PRPS2	299740	319346	299049	
PRPSAP1	418871	312843	263543	
PRPSAP2	444199	605922	631918	469738
PRRC1	1.79426e+06	2.07163e+06	2.42143e+06	2.2585e+06
PRRC2C	534432	436724	265739	
PRSS2		84255.9		
PRSS3	5.53942e+06	3.86528e+06	3.11646e+06	5.74449e+07
PRSS57		106405	504426	
PRSS8	549520	444016		
PRTN3	6.81119e+06	1.76995e+07	1.1627e+08	688895
PRUNE2			38479.2	
PRXL2A	324929	570965	378998	
PRXL2B	475321	242548	140279	
PSAP	1.87384e+07	7.27315e+06	9.25201e+06	1.12792e+07
PSAT1	74419.1	611337	233010	
PSD4		210169	251575	
PSEN1	110163		103763	
PSIP1	489495	428886	593970	
PSMA1	5.64524e+06	6.26231e+06	6.16045e+06	6.31958e+06
PSMA2	3.50786e+06	3.17275e+06	3.62489e+06	3.22163e+06
PSMA3	5.98902e+06	6.72007e+06	6.91275e+06	4.47199e+06
PSMA4	6.16277e+06	6.82262e+06	6.62238e+06	2.9358e+06
PSMA5	3.74243e+06	2.63504e+06	3.68419e+06	3.56311e+06
PSMA6	6.82338e+06	7.54188e+06	7.23795e+06	4.63915e+06
PSMA7	3.77082e+06	4.39846e+06	4.26258e+06	2.03123e+06
PSMB1	6.52029e+06	7.72099e+06	7.06138e+06	4.01442e+06
PSMB10	1.34572e+06	1.64718e+06	1.8347e+06	1.39852e+06
PSMB2	3.78714e+06	3.62437e+06	4.0645e+06	3.72143e+06
PSMB3	2.68636e+06	2.27153e+06	2.8036e+06	790959
PSMB4	2.63927e+07	3.01786e+07	3.20568e+07	1.77176e+07
PSMB5	1.04521e+06	1.30656e+06	610220	455866
PSMB6	3.66652e+06	3.98199e+06	3.09031e+06	3.85923e+06
PSMB7	1.16707e+06	1.2507e+06	1.05963e+06	1.1561e+06
PSMB8	3.65532e+06	4.48761e+06	4.54106e+06	2.53732e+06
PSMB9	2.75369e+06	3.36691e+06	3.96412e+06	1.91597e+06
PSMC1	436751	557950	402448	599083
PSMC2	534031	975910	364294	1.57609e+06
PSMC3	939761	1.54732e+06	1.03715e+06	990177
PSMC4	596169	894601	786165	731694
PSMC5	531687	1.06664e+06	769167	
PSMC6	405396	689482	720038	
PSMD1	679441	1.49563e+06	729574	792998
PSMD10	1.50295e+06	2.53345e+06	2.69412e+06	2.30442e+06
PSMD11	5.4061e+06	1.19175e+07	4.89338e+06	3.58684e+06
PSMD12	370731	1.17321e+06	661747	493674
PSMD13	458190	866303	327744	358845
PSMD14	1.19843e+06	1.14509e+06		1.62857e+06
PSMD2	501138	1.46874e+06	572122	
PSMD3	511400	1.63889e+06	1.11642e+06	660743
PSMD4	551159	324997	133181	
PSMD5	387815	320610	136294	888902
PSMD6	1.48954e+06	2.23794e+06	1.78103e+06	893681
PSMD7	643104	991926	467258	732550
PSMD8	928238	1.46655e+06	1.07545e+06	1.94687e+06
PSMD9	1.32949e+06	1.63589e+06	831323	1.00667e+06
PSME1	1.61879e+07	1.15562e+07	1.47983e+07	6.9922e+06
PSME2	5.76676e+06	2.35045e+06	2.63624e+06	4.12284e+06
PSME3	561584	214439	104873	
PSME3IP1	198507			
PSME4	11916.9	34262.1	49500.8	
PSMF1	458032	797526	332895	
PSMG1	786336	478907	601597	
PSMG2	517979	576205	250309	
PSPC1	1.07455e+06	1.26887e+06	744675	
PSPH	395177	983214	394795	
PSTPIP1		120272	258200	
PSTPIP2	338267	578548	712628	
PTAFR	8462.39	30816.2	61467.8	
PTBP1	6.25246e+06	7.58661e+06	6.91983e+06	3.96335e+06
PTBP2	2.37453e+06	3.25575e+06	2.99723e+06	1.15555e+06
PTBP3	199196	1.0333e+06	616480	
PTCD3	645492	903083	233807	
PTDSS1	285822	504234	445403	
PTDSS2	299819	347699	307324	
PTEN	99697.8	147623	124023	
PTER	619848	482223	298720	
PTGDS	217631	248994	855036	
PTGES	444934	889481	801935	
PTGES2	1.24398e+06	876185	351876	415308
PTGES3	3.25829e+06	3.89702e+06	3.41438e+06	2.31586e+06
PTGFRN	1.99583e+06	1.729e+06	1.62518e+06	1.3666e+06
PTGIS	1.11925e+06	817080		
PTGR1	901930	731876	549461	
PTGR2	139698	170839	121475	
PTGR3	201098	133540		
PTGS1	709625	770669	1.07722e+06	377191
PTGS2	156813	369915	993231	
PTK2	117332	86618.3	55786.7	
PTK2B		13687	39274.5	
PTK6	21012.5	85763	84514.7	
PTK7	2.02721e+06	1.83583e+06	605899	
PTMA	2.84631e+06	1.32948e+06	969118	7.87685e+06
PTMS	6.49257e+06	2.54422e+06	643739	1.52256e+07
PTP4A1	353435	292406	373297	
PTPA	1.95579e+06	2.39877e+06	2.07415e+06	1.16241e+06
PTPN1	492012	437948	660084	
PTPN11	1.58386e+06	2.44241e+06	2.2986e+06	507294
PTPN12	198969	209416	116420	
PTPN2	199250	211224	215274	
PTPN23	465755	527369	397159	
PTPN6	395958	1.29565e+06	2.41595e+06	479296
PTPN7		5706.26	46481.1	
PTPN9	91376.6	237352	137601	
PTPRA	206939	243113		
PTPRC	1.6584e+06	2.23008e+06	9.27655e+06	
PTPRCAP	237595	320503	376870	
PTPRE	113571	196700	172318	
PTPRF	77073.8		50255.9	
PTPRG	175720	179288	186038	
PTPRJ	202135	377332	1.28159e+06	
PTPRK	260737	146153	125166	
PTRH1	38270.8			
PTRH2	231479	34038.1	243172	
PTRHD1	180913			
PTTG1IP	525103	763327	1.07039e+06	
PTX3	88374.4	298784	1.47514e+06	
PUDP	193604	278465	321526	
PUF60	1.66113e+06	2.02043e+06	2.19221e+06	
PURA	1.31849e+06	1.78032e+06	961727	930641
PURB	754171	889258	377816	
PUS1	529832	556719	233728	
PUS7	451345	357774		
PVR	323799	407631	475504	
PXDN	195631	337818	253504	
PXMP2	258693	254230	196108	
PXMP4	124540	149220	68892.6	
PXN	257152	194953	286131	
PYCARD	2.12354e+06	1.38765e+06	2.69494e+06	1.45697e+06
PYCR1	126330	199308	159432	867044
PYCR2	276030	251348		
PYGB	2.4491e+06	1.85296e+06	1.29041e+06	2.72814e+06
PYGL	1.34989e+06	935180	2.52991e+06	419271
PYM1	1.15533e+06	909871	771448	
PZP	97920.6	178889	205258	
QARS1	842335	1.7516e+06	1.10488e+06	1.1932e+06
QDPR	1.16923e+06	775118	1.00945e+06	1.13822e+06
QKI	719890	630317	436641	
QNG1	233206	700996	479867	
QPCT	82407.8	139184	873865	
QPCTL	122509	178120	176514	
QPRT	533786	333698	199083	432954
QRICH1	65667.8	13598.5		
QRSL1	271376	184358		
QSER1	122918	106193		
QSOX1	1.06706e+06	1.32183e+06	2.38317e+06	1.43559e+06
QSOX2	224747	158064	97390.6	
QTRT1	767299	682398	296547	
QTRT2	85138	57591.1		
RAB10	3.22163e+06	2.50033e+06	2.49007e+06	1.27919e+06
RAB11B	3.93687e+06	1.27092e+06	3.53023e+06	
RAB11FIP1	209757	124852	258871	
RAB12	1.0893e+06	621241	503630	
RAB13	1.29755e+06	1.07368e+06	817662	722881
RAB14	3.55326e+06	2.51311e+06	2.46184e+06	1.79306e+06
RAB18	1.83323e+06	947969	1.05641e+06	887435
RAB1A	5.45972e+06	3.84616e+06	4.06948e+06	3.33723e+06
RAB1B	1.78047e+06	914726	1.08742e+06	730146
RAB20	143289	119656		
RAB21	1.84367e+06	1.42649e+06	2.30777e+06	362058
RAB22A	539276	177531	223413	
RAB23	2.01292e+06	1.22414e+06	646025	
RAB24	219162	243077	623357	
RAB25	1.1412e+06	1.0138e+06	585590	1.68856e+06
RAB27A	1.16021e+06	938099	1.65089e+06	4.31861e+06
RAB27B	116647	108444	36310.6	
RAB2A	4.13352e+06	2.04541e+06	3.15563e+06	2.60359e+06
RAB2B	136624	50280.5	56664.6	
RAB30	73253.3		66880.5	
RAB31	867483	443524	764333	
RAB32	787657	544610	593722	
RAB33B	3.44341e+07	3.37419e+07	3.75231e+07	1.30835e+07
RAB34	181949	265301	243916	
RAB35	1.29533e+06	945264	947482	
RAB37	140027	183089	219995	
RAB3A	313088	225822	813561	
RAB3D	679075	559582	852739	1.51424e+06
RAB3GAP1		93998.5	81962.7	
RAB3GAP2	126775	429364	302877	
RAB43	259017	284432	218039	
RAB44	50192.4	43707.4	133358	
RAB4A	614928	384850	391518	
RAB4B	252898	189623	441739	
RAB5A	3.0866e+06	1.93448e+06	1.59811e+06	2.17474e+06
RAB5B	1.31844e+06	719347	950964	684234
RAB5C	5.01415e+06	3.03065e+06	3.52905e+06	2.53651e+06
RAB6A	3.26272e+06	2.97633e+06	2.09345e+06	1.92155e+06
RAB6B	89582.1	195058		
RAB7A	9.13368e+06	8.35685e+06	1.32024e+07	3.26765e+06
RAB8A	1.56634e+06	1.53487e+06	1.56401e+06	
RAB8B	1.14009e+06	1.33214e+06	2.70309e+06	2.47952e+06
RAB9A	312323	110123	106638	
RABAC1	545314	477886	469612	1.91305e+06
RABEP1	174206	159442	127425	
RABEPK	711576	1.58944e+06	864060	
RABGAP1	76423.5	157873	152727	
RABGEF1	133836	84872.3	127041	
RABGGTA	124669	282091	186804	959435
RABGGTB	99684.8	100695	16549.8	
RABIF	843403	1.0001e+06	1.40423e+06	
RABL3	233324	177637	201146	
RABL6	322306	251148	312391	
RAC1	3.58192e+06	2.82097e+06	2.91364e+06	711050
RAC2	2.70557e+06	2.271e+06	3.78564e+06	2.10125e+06
RACK1	1.17141e+07	5.93842e+06	3.17756e+06	5.9141e+06
RAD23A	924999	931628	858298	558294
RAD23B	3.3078e+06	2.52958e+06	3.57265e+06	1.07977e+06
RAD50	208304	789146	364820	
RAE1	208865	444798	292866	
RAI14	84975.5	147405	86613.3	
RALA	1.41038e+06	1.41669e+06	740814	784464
RALB	1.34838e+06	1.22618e+06	1.66334e+06	880943
RALGAPB		62006.5	53983.4	
RALY	2.20218e+06	2.40027e+06	2.16062e+06	2.53785e+06
RALYL	1.3916e+06	2.24709e+06	2.53085e+06	
RAN	3.69666e+07	3.19119e+07	2.21029e+07	1.29207e+07
RANBP1	1.82102e+06	1.1241e+06	738002	616878
RANBP10	81470.1	159259		
RANBP2	114828	239560	157524	
RANBP3	379973	328412	322237	
RANBP6	57578.6			
RANGAP1	525833	694236	612423	1.07241e+06
RAP1A	839027	491682	1.12891e+06	
RAP1B	158081	133464		
RAP1GAP2	233181	676347	806117	
RAP1GDS1	199499	246051		
RAP2A	24968.8			
RAP2B	530618	400448	456406	286185
RAP2C	22644.8			
RARRES2	310371	291192	185495	
RARS1	1.73511e+06	2.43729e+06	742880	1.54205e+06
RARS2	77118	116664		
RASA3	47750.2	54651.3		
RASGRP2			82005	
RASSF2	66674.1	159756	262815	
RASSF5			113808	
RAVER1	530620	525617	424103	
RB1	78569.8	130225	103062	
RBBP4	959282	599145	762151	1.02364e+06
RBBP5	90774.5	211049	159890	
RBBP7	380335	402691	258321	
RBBP9	464636	406297	339397	
RBKS	59148.8	144276	164651	
RBM10		43662.5	63777	
RBM12	614453	725082	678581	
RBM14	669038	988417	330202	794593
RBM15	170911	366890	273852	
RBM17	182503	280710	273438	
RBM25	179220	293935	299861	
RBM26		26335.8		
RBM27	103414	149391	148147	
RBM3	7.14256e+06	4.49417e+06	4.47043e+06	3.70403e+06
RBM39	486012	556674	862376	
RBM4	70629.9	101719		
RBM47	203064	449514	340338	
RBM8A	1.23777e+06	1.92164e+06	1.09257e+06	1.88782e+06
RBMS2	123129			
RBMX	2.41551e+06	2.26277e+06	2.01058e+06	1.81292e+06
RBMXL1	81984.6	88445.5	116984	
RBP1	415562	338255	249223	
RBP4	1.46443e+06	1.30647e+06	2.13469e+06	
RBP7	41922.4		241086	
RBPJ	10411			
RBPMS	162654	141874	28866	
RBX1	182898	184715	230448	
RCC1	1.49477e+06	2.76239e+06	775434	427572
RCC1L	395524	339921	145263	
RCC2	1.11223e+06	1.6354e+06	1.29521e+06	
RCE1	58972	98384.2	76130.8	
RCN1	4.29137e+06	4.14254e+06	1.24194e+06	1.487e+06
RCN3	1.67916e+06	435590		
RCOR1	86144.4	106835	118432	
RCSD1	126980	117509	260458	
RDH11	747209	937574	661711	588807
RDH13	314678	283771	146213	1.39316e+06
RDH14	796002	833575	412367	445100
RDX	825381	732756	594416	
RECK	725045	476363	929135	
RECQL	679915	1.07013e+06	794940	
REEP3	110620	49159.9		
REEP5	7.22146e+06	3.61025e+06	4.58471e+06	1.60042e+07
REEP6	86310.5	116776	51483.9	
REG1A			774509	
REG1B			42536.4	
REG3A		310661	261872	
REG4			7.49851e+06	1.28045e+07
REL	65902	180640	178954	
RELA	507562	722522	352199	390329
RELB	47387	115150		
RENBP	294749	419088	410778	
RER1	2.35493e+06	2.36193e+06	2.60831e+06	990407
RERG	61854.5			
RETN	875999	990148	7.82133e+06	447929
RETREG3	426400	388481	419076	
RETSAT	200746	329967	253196	
REXO2	1.72574e+06	1.40521e+06	741732	450192
RFC1	17920.5	38294.6	34496.9	982343
RFC2	64721.7	75323.2		
RFC3	45988.5	74709.6		
RFC4	186307	244641	149228	
RFC5	244887	222808		
RFT1	280799	528201	345163	
RFTN1	1.00676e+06	493658	153911	
RGS10	333837	311568	268663	
RHAG	97580.7	1.36237e+06	179000	
RHBDF2		94944.7	94811.8	
RHEB	1.12133e+06	603291	217495	
RHOA	4.81761e+06	4.25548e+06	6.05518e+06	3.56155e+06
RHOB	109860	40272.6	39180.9	
RHOC	2.95688e+06	1.34397e+06	508382	1.56227e+06
RHOG	2.22945e+06	1.78831e+06	3.13856e+06	1.22114e+06
RHOT1	167766	289944	244450	
RHOT2	404291	314790	243224	
RHPN2		99924.1		
RIC8A	62275.6	173390	94046.6	
RIDA	424060	312332	80943.7	2.74298e+06
RIGI	80222.6	295545	137264	
RIN3		36176	113997	
RIPK1	155343	209659	165826	
RIPOR1	61501.8	42566.1	57275.9	
RIPOR2		128227	370438	
RMC1	27835.1	51414.9	49628.6	
RMDN1	458416	427848	631317	
RMDN3	152000	155089	105726	
RMND1	112633	136830		
RNASE1	472713	346665	400575	
RNASE2	1.04683e+07	8.21103e+06	6.34516e+07	8.94116e+06
RNASE3	4.74905e+06	6.92125e+06	3.00607e+07	1.15592e+07
RNASE4	120786	116503	156357	
RNASE6	318011	312085	314467	
RNASEH2A		1.3473e+06	1.53437e+06	189342
RNASEH2B	48111.7	66231.3	78611.2	
RNASEH2C	144528	143220	103824	
RNASET2	2.47579e+06	2.01109e+06	1.5533e+06	1.66452e+06
RNF114	554027	307596	164657	902441
RNF123		228263	50074.7	
RNF13	224749	34097.4	282058	
RNF130		28167.8	132030	
RNF14	51242	146606	111622	
RNF149		106154	139427	
RNF170	55839.3	64360.8	47264	
RNF181	132093			
RNF20	94950	185401	85037.1	
RNF213	170929	691798	410732	
RNF214	198955	285534	198259	
RNF40	59367.8	88718.4	358758	
RNH1	4.80365e+06	4.07722e+06	5.3311e+06	4.31384e+06
RNMT	744491	873291	730249	
RNPEP	954649	1.74176e+06	1.46669e+06	2.70348e+06
RNPS1	190317	279435	145383	
RO60	742442	807224	735723	695345
ROBO1	58910.1	97685.8		
ROBO2	41696.4			
ROCK1	541891	882444	1.28689e+06	
ROCK2	449714	678478	430206	826628
ROMO1	405005	226051	229533	
ROR2	76130.8	90322.3		
RP2	375686	421941	1.10526e+06	
RPA1	793504	841469	643334	
RPA2	466887	473078	543630	
RPA3	266498	140587	119918	
RPAP3	111775	273528	105527	
RPF2	19333.5	47275.8		
RPIA	933974	1.17197e+06	799479	163232
RPL10	1.57337e+06	999037	910626	1.09349e+06
RPL10A	3.65283e+06	3.01389e+06	1.17021e+06	4.49023e+06
RPL11	6.489e+06	5.69565e+06	1.34434e+06	8.15908e+06
RPL12	6.5194e+06	5.69886e+06	876446	5.61232e+06
RPL13	3.40826e+06	2.60744e+06	480248	8.00856e+06
RPL13A	797950	763622	182696	379221
RPL14	1.80879e+06	982618	195600	5.93549e+06
RPL15	2.71242e+06	3.3436e+06	1.03094e+06	3.11156e+06
RPL17	917545	942799	378767	2.14652e+06
RPL18	3.62867e+06	2.57069e+06	746181	4.28042e+06
RPL18A	1.75469e+06	1.77293e+06	328187	948053
RPL19	632497	254796	117336	2.33962e+06
RPL21	1.04699e+06	731576	341929	959216
RPL22	3.61692e+06	3.73286e+06	1.23544e+06	2.71046e+06
RPL23	957145	236651		2.18231e+06
RPL23A	1.40458e+06	885958	1.91162e+06	2.97079e+06
RPL24	330582	224028	90643.8	187387
RPL26	128009	54915.2		595601
RPL27	4.54232e+06	3.17722e+06	690469	7.63633e+06
RPL27A	4.19051e+06	1.69237e+06	323093	6.45408e+06
RPL28	1.52241e+06	850413	289855	2.51317e+06
RPL29	2.0349e+06	304807	215310	6.73828e+06
RPL3	2.24814e+06	1.06095e+06	266076	3.37364e+06
RPL30	4.33997e+06	4.16455e+06	1.16355e+06	2.21534e+06
RPL31	945347		548967	2.71218e+06
RPL32	1.67852e+06	442792		4.78128e+06
RPL34	1.5266e+06	771317	631379	4.08911e+06
RPL35	645302			856825
RPL35A	3.48458e+06	4.01509e+06	1.31596e+06	2.56673e+06
RPL36	520355	252363		
RPL37A	397835	192663		
RPL38	128880		82208.8	
RPL4	1.67261e+06	937481	533963	3.2345e+06
RPL5	3.14961e+06	2.58437e+06	701847	1.46023e+06
RPL6	4.42193e+06	3.22506e+06	1.09403e+06	4.66367e+06
RPL7	4.4081e+06	3.58545e+06	1.33862e+06	2.23273e+06
RPL7A	3.9514e+06	3.01267e+06	1.95393e+06	3.26636e+06
RPL8	3.36532e+06	1.72283e+06	429321	6.13077e+06
RPL9	5.0651e+06	2.9872e+06	715223	4.47939e+06
RPLP0	1.6809e+06	1.69263e+06	208484	1.1955e+06
RPLP1	237330	84060.8		
RPLP2	1.4472e+06	300587	401572	5.82771e+06
RPN1	8.00904e+06	1.1123e+07	1.23257e+07	9.25303e+06
RPN2	2.1446e+06	3.18283e+06	2.46396e+06	3.36115e+06
RPP14	49819.5			
RPP25L	53378.9	93348.3	54376.6	
RPP30	185118	236819		
RPRD1A		21794.7	24843.3	
RPRD1B	365895	427807	453485	535759
RPS10	1.00136e+06	104190	108500	3.81999e+06
RPS11	6.9744e+06	1.94235e+06	718931	6.50974e+06
RPS12	6.18458e+06	3.3254e+06	2.30835e+06	2.23627e+06
RPS13	7.4865e+06	8.00836e+06	2.98397e+06	8.03737e+06
RPS14	3.42311e+06	874019	609485	5.7884e+06
RPS15	1.21251e+06	493382	153733	
RPS15A	7.00987e+06	8.88617e+06	2.70793e+06	5.18884e+06
RPS16	6.84357e+06	3.89329e+06	1.86579e+06	4.68159e+06
RPS17	2.20142e+06	1.06454e+06	604209	1.29567e+06
RPS18	1.01822e+07	4.76187e+06	487888	6.72651e+06
RPS19	3.70472e+06	732034	300836	3.13774e+06
RPS2	6.45813e+06	6.79324e+06	1.60643e+06	6.77871e+06
RPS20	3.3724e+06	1.93421e+06	270876	1.9696e+06
RPS21	7.16412e+06	3.92857e+06	1.48872e+06	5.7075e+06
RPS23	2.47853e+06	1.08813e+06	580481	1.6632e+06
RPS24	1.17432e+06	680006	301883	926324
RPS25	7.29901e+06	2.42381e+06	820958	6.52332e+06
RPS26	209832			466120
RPS27	1.41518e+06	1.03578e+06	1.92171e+06	1.14749e+06
RPS27A	524103	120147	62959.5	
RPS27L	1.37498e+06	801586	2.60012e+06	871955
RPS28	1.03255e+07	6.96855e+06	2.69596e+06	7.44477e+06
RPS29	186701	103131	61642.5	
RPS3	1.2464e+07	9.72107e+06	3.71254e+06	5.71999e+06
RPS3A	1.01479e+07	3.92828e+06	1.87732e+06	9.43367e+06
RPS4X	7.24515e+06	9.04617e+06	4.7403e+06	6.55801e+06
RPS5	3.88344e+06	2.01866e+06	702856	2.54467e+06
RPS6	1.62963e+06	701883	1.82311e+06	4.6414e+06
RPS6KA1	397168	1.08035e+06	664153	
RPS6KA3	149626	394447	252786	398619
RPS6KA5	103525	116723		
RPS7	3.211e+06	2.32498e+06	448877	2.67171e+06
RPS8	3.48249e+06	1.6894e+06	1.25359e+06	5.19564e+06
RPS9	1.02412e+07	7.72065e+06	2.46227e+06	6.66831e+06
RPSA	5.034e+06	1.61984e+06	899622	552858
RPTOR	13453.5	75629.1		
RPUSD2	50495.6	45678.3		
RRAGA	79795.5		97021.2	
RRAGC	269764	341841	281905	
RRAS	1.64436e+06	509323	619087	
RRAS2	285176	131999	51844.9	
RRBP1	6.10295e+06	5.69596e+06	4.56854e+06	8.17911e+06
RRM1	633657	615626	734919	
RRM2	407746	728886	274854	
RRM2B	53843.5	176964	174184	
RRP1	36655			
RRP12	126374	129879		
RSL1D1	232126	297830	263775	
RSU1	4.50269e+06	5.71696e+06	3.1042e+06	1.56785e+06
RTCA	470748	693087	356093	
RTCB	1.27989e+06	1.34213e+06	940862	594619
RTEL1	456182	613722	297220	
RTF1	198314	305880	307939	
RTF2	96212.7	155549	116979	
RTN1	40811.2	59193.7	66720.8	
RTN2	136783	225485	126014	
RTN3	9.94683e+06	1.48972e+07	1.86036e+07	4.88457e+06
RTN4	6.72452e+06	4.16131e+06	4.17793e+06	1.96304e+06
RTN4IP1	542254	498705	339388	
RTRAF	883099	424574	460435	549389
RUFY1	363674	482415	302250	
RUSF1	729968	492120	259384	539497
RUVBL1	1.53851e+06	1.62162e+06	1.07602e+06	1.01097e+06
RUVBL2	1.1964e+06	1.2259e+06	647967	618982
RWDD1	110557		70998.1	
S100A10	7.27082e+06	1.38833e+06	789965	2.07651e+06
S100A11	5.32038e+07	1.34559e+07	1.32808e+07	3.25234e+07
S100A12	4.75925e+06	4.82721e+06	7.10094e+07	1.0819e+06
S100A13	3.06413e+06	1.84055e+06	1.11153e+06	390755
S100A14	115819	262242	70580	751736
S100A16	1.61317e+06	890590	464133	1.04955e+06
S100A4	1.55325e+07	1.03184e+07	1.95509e+07	6.4779e+06
S100A6	1.19951e+08	4.6363e+07	3.96472e+07	1.77619e+08
S100A7	171974	2.02518e+06	370409	6.73843e+06
S100A8	4.84283e+07	4.69926e+07	6.96099e+08	1.2871e+07
S100A9	4.38871e+07	7.07023e+07	7.0973e+08	1.46115e+07
S100P	7.79356e+06	3.42589e+06	2.18386e+07	1.30285e+07
SAA4	2.62371e+06	2.22639e+06	3.11123e+06	805078
SACM1L	5.51651e+06	7.4146e+06	6.48881e+06	2.16814e+06
SAE1	791327	509387	419006	398877
SAFB	343670	418848	280414	
SAFB2	377125	433858	382984	
SAG	168477	218069	427163	
SAMD9		186595	167096	
SAMHD1	6.29349e+06	6.93826e+06	4.22927e+06	9.88194e+06
SAMM50	160205	415084	236980	
SAMSN1			241707	
SAP18	174970	231099	145592	
SAR1A	2.34011e+06	1.25648e+06	1.41367e+06	839595
SAR1B	1.13984e+06	759972	865730	210615
SARNP	1.38357e+06	386691	337197	2.23662e+06
SARS1	1.9893e+06	1.53547e+06	722046	2.77517e+06
SARS2	1.8893e+07	1.66987e+07	1.23326e+07	4.49351e+06
SART3	446488	1.04265e+06	501328	
SASH3	504183	715701	1.23284e+06	
SBDS	1.38658e+06	1.29666e+06	842021	504591
SBSN	34949.3	135531	68532.6	1.69215e+06
SCAMP1	400558	344981	359108	
SCAMP2	1.15805e+06	1.26599e+06	1.0739e+06	
SCAMP3	2.16012e+06	1.75447e+06	489926	953171
SCAMP4	509765	647841	324310	
SCARB1	175406	184991	76864.5	
SCARB2	4.07753e+06	3.03487e+06	2.61689e+06	1.51925e+06
SCARF2	160403			
SCCPDH	1.91534e+06	1.475e+06	1.81402e+06	541776
SCD	95606.1	100645	181220	
SCD5	28629.4	32933.8		
SCFD1	105091	138528	147082	284557
SCFD2		90442.4	6711.53	
SCGB1D2	103962	137333	118252	850261
SCGB2A1				237303
SCGB2A2				2.00316e+06
SCIN	208225	232369	447974	1.30091e+06
SCLY	224555	193151	94881.6	
SCN11A	295741		223347	
SCO1	698446	904763	643403	
SCO2	101780	180918	119957	
SCP2	3.45346e+06	4.0152e+06	4.17789e+06	3.67655e+06
SCPEP1	593286	439371	373479	
SCRIB	655895	695150	482089	781123
SCRN1	381859	455813	360279	191503
SCRN2	496910	435431	618843	
SCRN3	25943.1	59146.7	35517.7	
SCYL1	579907	1.49095e+06	1.06301e+06	
SDC1	51864.1			
SDC2	743492	86664.8		
SDC4	65404.5			
SDCBP	455355	489630	1.15352e+06	
SDCBP2	98984.8	98125.5		
SDF2	440436	452569	668062	
SDF2L1	392545	634626	1.37539e+06	815562
SDF4	201215	145517		157640
SDHA	6.44358e+06	4.94876e+06	2.84342e+06	6.07199e+06
SDHB	4.43767e+06	3.85939e+06	2.41263e+06	1.56519e+06
SDHC	370661	175476	229026	
SDHD	450184	273936	179355	
SDK1		83529	57232.6	
SDR16C5	595234	853376	68063.5	
SDR39U1	84986.9	89004.3	111038	
SEC11A	2.28242e+06	3.00339e+06	1.86962e+06	830774
SEC11C	759771	1.03284e+06	1.94047e+06	2.80448e+06
SEC13	1.69663e+06	1.98257e+06	1.64445e+06	1.10873e+06
SEC14L2	192074	453570		
SEC14L4		121166	90152.3	
SEC22B	1.70275e+06	1.57383e+06	2.63444e+06	4.10076e+06
SEC23A	1.01355e+06	1.97778e+06	1.06143e+06	
SEC23B	475591	1.35161e+06	1.15976e+06	1.31416e+06
SEC23IP	450203	696863	577124	169608
SEC24A	113903	322581	337483	464157
SEC24B	184110	281495	223291	
SEC24C	440267	1.01804e+06	406770	760975
SEC24D	369456	531230	403009	1.86902e+06
SEC31A	1.22961e+06	2.39613e+06	1.47182e+06	2.2912e+06
SEC61A1	1.93863e+06	1.00602e+06	496388	817139
SEC61B	4.15445e+06	2.6822e+06	2.28529e+06	2.76431e+06
SEC61G	1.37879e+06	1.07569e+06	952479	2.32381e+06
SEC62	696502	912799	1.06274e+06	
SEC63	436163	563793	414728	
SEH1L	726243	492674	386253	
SEL1L	1.90935e+06	2.18523e+06	3.70951e+06	675296
SEL1L3			28295.6	
SELENBP1	9.14783e+06	1.65208e+07	5.86184e+06	1.04591e+07
SELENOF	189582	388872	390256	325234
SELENOH	454847	101567	19030	
SELENOM	329119	104372	193595	
SELENOO	312809	331504	287250	
SELENOP	109140	127562	233256	
SELENOS	252164	247676	256131	
SELENOT	200939	188913	233111	
SELENOW	21057			
SELL	192905	126903	287489	
SELP	93415.5	115180		
SEMA4A			341933	
SEMA4B	86726.2		100532	
SEMA4D	60641	31086.5	78392.7	
SEMG2		122909		131100
SEPHS1	520780	312480	405633	
SEPHS2	551111	672294	421456	
SEPTIN10	389305	356267	151671	
SEPTIN11	3.86765e+06	3.34882e+06	1.03168e+06	819467
SEPTIN2	4.89459e+06	3.7083e+06	1.75366e+06	2.33399e+06
SEPTIN4	62676.3	33494.3		
SEPTIN5	247200	256091	292224	
SEPTIN6	409437	511518	1.07419e+06	350820
SEPTIN7	3.69757e+06	3.0839e+06	1.44144e+06	783318
SEPTIN8	1.18843e+06	778378	329839	760347
SEPTIN9	1.11118e+06	1.40013e+06	631923	1.53569e+06
SERAC1	279852	187777		
SERBP1	4.02909e+06	1.831e+06	1.22042e+06	3.41599e+06
SERF2	431589	272853	385955	204051
SERINC1	120986	242193	256988	
SERINC3	109051	69362.1	69737	
SERINC5	371295	172887		
SERPINA1	4.61563e+07	5.07129e+07	8.61044e+07	2.95096e+07
SERPINA10	232761	254912	395796	
SERPINA12		259963		1.61373e+06
SERPINA3	9.24057e+06	1.27195e+07	1.9053e+07	5.26814e+06
SERPINA4	466728	653617	1.12586e+06	
SERPINA5	611625	849715	942911	
SERPINA6	809559	1.30344e+06	1.55515e+06	
SERPINA7	173137	315266	324029	
SERPINB1	7.18816e+06	1.39129e+07	3.40513e+07	4.04514e+06
SERPINB10	258526	1.38025e+06	6.17297e+06	
SERPINB12	471716	1.31037e+06	394435	1.13617e+07
SERPINB2	373771	807849	835123	
SERPINB3	154366	1.47256e+06	254616	5.52151e+06
SERPINB4				284836
SERPINB5	1.68718e+06	917557	537740	72667.9
SERPINB6	9.19427e+06	1.04633e+07	7.35199e+06	5.59528e+06
SERPINB7	130491		96564.4	1.5146e+06
SERPINB8	431449	635942	1.28211e+06	2.31757e+06
SERPINB9	994058	1.80537e+06	2.89737e+06	
SERPINC1	4.12681e+06	5.68996e+06	7.77445e+06	1.65177e+06
SERPIND1	1.25373e+06	2.39662e+06	3.28152e+06	633022
SERPINE1	53927.1	38037.3	195864	
SERPINE2	311991	171163	74609.7	
SERPINF1	2.61396e+06	3.32753e+06	1.34911e+06	512388
SERPINF2	1.14733e+06	1.63861e+06	8.52462e+06	391341
SERPING1	3.65432e+06	5.29201e+06	5.4043e+06	3.44467e+06
SERPINH1	1.76589e+07	1.30669e+07	2.25747e+06	1.17071e+06
SET	1.28248e+06	1.19805e+06	750535	246822
SETD1A	49356.8	78944.9	48624.7	
SETD3	294385	364202	193771	
SETD7	324383	264259	224997	
SF1	962916	743549	509050	
SF3A1	856246	941135	1.35944e+06	
SF3A2	186962	97148.4	164745	
SF3A3	583307	422627	256552	
SF3B1	208697	336703	345918	183810
SF3B2	823873	721848	423955	
SF3B3	927718	1.8081e+06	1.5989e+06	396972
SF3B4	543181	612900	578087	
SF3B6	155237	254020	384452	
SFN	1.94296e+07	2.31423e+07	1.03606e+07	2.08489e+07
SFPQ	2.41316e+06	2.76168e+06	2.68018e+06	1.1499e+06
SFRP4	195872	29820		
SFT2D2	393121	235412	208494	
SFT2D3	121774			
SFXN1	335190	701656	312949	718576
SFXN3	388425	775607	81556.8	1.79712e+06
SGCB	684849	296195		
SGCD	567517	137572		
SGCE	608181	313736	258706	
SGPL1	388276	517268	231331	
SGSH	536980	603989	404219	503185
SGTA	961793	341192	468782	
SGTB	201298	211794	576074	
SH3BGRL	6.2924e+06	3.03893e+06	6.67604e+06	3.06164e+06
SH3BGRL2	701449	326401	378905	
SH3BGRL3	7.70065e+06	6.14864e+06	1.46178e+07	1.19594e+07
SH3D19	99820.2	104859		
SH3GL1	550397	340181	192962	268645
SH3GLB1	821441	773965	645183	517359
SH3GLB2	500081	374514	393923	
SH3KBP1	849384	930049	969401	2.28461e+06
SH3PXD2B	746262	586823	601311	956195
SH3YL1	29862.8	30571.5	27092.4	
SHBG	30132.9	70409.6	32490.8	
SHC1	513427		242802	
SHFL	616850	811260	439360	
SHISA2	67438.5			
SHMT1	373358	610502	780651	
SHMT2	2.14348e+06	4.8714e+06	988308	1.92748e+06
SHOC2	99851.2	186341	230260	
SHPK	112723	62309.6		
SHQ1	360678	462730	416892	
SHTN1	461261	425209	435778	360822
SIAE	2.48035e+06	2.38466e+06	1.16596e+06	3.18474e+06
SIDT2	87779.8	85733.7	109281	
SIGIRR	74662.5	44996.1	27264.6	
SIGLEC1		86913.8		
SIGLEC14		27175.5	183360	
SIGLEC5	63408	204330	1.33791e+06	
SIGLEC7	235627	127703	249810	
SIGLEC9		68468.8	225425	
SIGMAR1	980737	1.14476e+06	562375	
SIL1	182725	248708	114675	
SIN3A		187267	190091	
SIPA1	318326	338835	471977	
SIRPA	100178	189065	673507	
SIRPB1		383455	930129	
SIRT2	218394	226839	196337	
SIRT3	108313	103742	33043.7	
SIRT5	319947	297283	236502	
SKAP2	208356	464382	1.9026e+06	
SKIC2	34473.4	159731	73614.5	
SKIC3	21112.1	35214	63263.8	
SKIC8	404359	508160	402246	
SKP1	1.37902e+06	870040	1.04484e+06	962462
SLC11A1	222009	344586	664239	
SLC12A2	2.43225e+06	1.5999e+06	935578	2.55269e+06
SLC12A6			102389	
SLC12A7	392807	582080		
SLC12A9	179493	156161	73881.4	
SLC14A1	15147.7	114286		
SLC15A4	674408	749780	936090	
SLC16A1	751817	745957	223825	
SLC16A3	1.09229e+06	1.48255e+06	1.36031e+06	
SLC17A5	150045	187480	352906	
SLC1A4	191867	142446	132063	
SLC1A5	344297	305797	160520	
SLC22A18	411230	705706	343048	
SLC25A1	264458	533198	459655	1.09801e+06
SLC25A10	229489	1.25918e+06	388908	
SLC25A11	285412	1.19654e+06	824109	778992
SLC25A12	170991	444487	285716	
SLC25A13	278619	879728	363226	1.12254e+06
SLC25A15	77521.8	145821	71089.4	
SLC25A19	46498.5	160694	35263.1	
SLC25A20	341190	834875	914199	795415
SLC25A22	110691	113177	127633	
SLC25A24	3.91691e+06	4.20309e+06	4.96062e+06	7.71895e+06
SLC25A3	5.99172e+06	1.72753e+07	1.17228e+07	7.77631e+06
SLC25A4	334755	1.13141e+06	543865	488826
SLC25A5	1.9887e+06	7.51469e+06	4.49886e+06	7.06106e+06
SLC25A6	620289	2.5545e+06	320511	3.95618e+06
SLC26A3		55000.7	128167	1.96801e+06
SLC27A1	200101	255241	154542	
SLC27A2		145889	209848	
SLC27A3	130638		60863.5	
SLC27A4	165373	258923	135466	
SLC29A1	180798	218433	76681.9	
SLC29A3	46781.1	45105.2	50292.8	
SLC2A1	944169	8.55401e+06	1.64323e+06	
SLC2A10	17720.5	22896.8	6253.81	
SLC2A3	138055	418365	2.28176e+06	
SLC2A5			57170.7	
SLC30A1	234967	262732	165166	
SLC30A6	295334	330664		
SLC30A7	612091	780900	835898	
SLC30A9	151981	214894	85375.7	
SLC31A1	86439.7	67812.7	51269.1	
SLC33A1	19989.5		46976.2	
SLC35A1		107120	203403	
SLC35A4	563418	153850	325270	
SLC35B1	22133.2	34069.5	132071	
SLC35B2	571155	609342	172872	
SLC35C1	545323	772288	602606	
SLC35E1	37766.7	84395.2	50063.2	
SLC35F6	249217	191036	111822	
SLC36A1	34955.3		41162.8	
SLC37A4	130474	182455	254750	
SLC38A1	55754.9	116660	101209	
SLC38A7	58941.3	73542.4	48835.5	
SLC39A1	96999			
SLC39A10	30245.3			
SLC39A11	178925	312500	334478	466029
SLC39A14	167719	140358	124143	
SLC3A2	768870	1.45319e+06	912784	
SLC44A1	693205	312151	487996	
SLC44A2	1.05958e+06	752674	1.47982e+06	
SLC44A4	257413	167569	173219	
SLC4A1	1.49112e+06	2.10332e+07	3.17569e+06	221869
SLC4A1AP	34636.1			
SLC4A2	27621.4		39021.2	
SLC50A1	77430.5		212388	
SLC52A2	290115	283729	109710	
SLC5A6	66625.6	69118.4		
SLC66A2	33254.2	33374.9	51632.9	
SLC66A3	148265		108176	
SLC7A1	157124	327819		
SLC7A5	315224	350783		
SLC9A1	98866.8	115312	125695	
SLCO2A1	44460.2	27757.9	25828.7	
SLCO4C1			312762	
SLFN5	175133	274314	127715	
SLIRP	426977	696899	135861	3.00048e+06
SLK	1.12712e+06	1.32663e+06	833721	
SLMAP	379865	248539	437769	
SMAD2	125029	138490	154131	
SMAD4	72367.9		39465.9	
SMAP	1.84298e+06	550610		1.40989e+06
SMAP1	757590	824636	853040	
SMAP2	325307	453989	868081	
SMARCA4	25317.9	94730.7	34382.3	
SMARCA5	257394	626031	422263	
SMARCB1	174611	296177	350221	
SMARCC1	199231	204122	140747	
SMARCC2	203453	261479	287455	
SMARCD2		231493	213583	
SMARCE1	194354	172621	204303	
SMC1A	207312	325785	391478	
SMC2	171882	374695	313582	
SMC3	328810	427345	493228	
SMC4		241405	171962	
SMCHD1	370689	200815	480719	
SMDT1	245988	188200	176292	
SMIM12	48910.8			
SMIM15	62033.4			
SMIM24			93170.6	
SMIM7	35974.2			
SMPD1	96515.5	237633	294843	
SMPD3			70579.7	
SMPDL3A	1.98912e+06	1.92793e+06	1.49173e+06	1.94474e+06
SMS	362345	366177	303372	
SMTN	157092	151202	67455.5	65756.9
SMU1	173043	270266	315890	
SMURF1			148380	
SMYD5	249387	194934	143034	
SNAP23	818689	433096	757767	1.35717e+06
SNAP29	382851	312162	315732	205291
SNAPIN	174854	155595	241702	152425
SNCA	1.35752e+06	2.61721e+06	925476	
SND1	6.16389e+06	7.38758e+06	7.89963e+06	3.24373e+06
SNF8	881248	570485	571774	
SNRNP200	517710	953982	865468	
SNRNP40	118250	147915	175101	
SNRNP70	738944	1.02325e+06	1.04982e+06	2.97171e+06
SNRPA	569873	682207	834467	250586
SNRPA1	1.00364e+06	743107	888274	160864
SNRPB2	318263	187068	300915	
SNRPC	303651	103888	130947	
SNRPD1	1.98107e+06	2.12875e+06	2.36905e+06	
SNRPD2	2.94887e+06	3.26015e+06	3.94367e+06	4.7291e+06
SNRPD3	4.58699e+06	5.3689e+06	5.79134e+06	4.85928e+06
SNRPE	1.52869e+06	2.16286e+06	2.28834e+06	
SNRPF	724441	452990	811819	480457
SNTB1	455307	698942	184097	
SNTB2	597836	502437	291987	
SNU13	1.0243e+06	713891	581688	574197
SNX1	588125	562245	317366	347760
SNX12	1.2469e+06	1.35716e+06	949359	873378
SNX15	286957	284683	205103	
SNX17	482376	593872	471635	
SNX18	103596	73351.6		
SNX2	918392	1.06659e+06	314680	847930
SNX27	340018	476667	420922	
SNX3	1.69737e+06	2.6842e+06	2.35922e+06	904186
SNX30	52426.4	129105	111134	
SNX4	356977	289481	154298	
SNX5	666817	784491	1.08739e+06	476605
SNX6	943275	975500	638186	607937
SNX7	162546	128174	99444.4	
SNX8	137570	103960		
SNX9	267099	337988	155118	
SOAT1	72348.9	201277	212237	
SOD1	2.68906e+07	3.8075e+07	2.25766e+07	3.7575e+07
SOD2	2.53168e+07	4.46306e+07	5.82116e+07	6.76241e+06
SOD3	1.51785e+06	629716	1.1792e+06	1.71624e+06
SORBS1	210844	145815		
SORBS2	120608	105462		
SORBS3	862142	296666	92378.7	
SORD	3.25343e+06	3.5005e+06	1.98976e+06	1.30841e+06
SORL1	200926	223606	482387	
SORT1	525532	607102	830006	
SPAG7	107964	113951	125634	
SPAG9	120825	115733	82307	
SPARC	4.06795e+06	2.35641e+06	904101	
SPART	1.80975e+06	1.57988e+06	1.76152e+06	
SPAST		68397.5	75363.9	
SPATA20	85671	104960	125088	
SPATS2L	170517	174754	101920	
SPCS2	2.33802e+06	2.30768e+06	2.5492e+06	2.74509e+06
SPCS3	2.59893e+06	1.84124e+06	1.98023e+06	2.97736e+06
SPECC1	84324.2	63377.6	73158.5	
SPHK1	34189.6	64405.2	29020.5	
SPINK1			233754	871086
SPINK4	613289		709934	1.86006e+06
SPINT1	285208	300500	283143	
SPINT2	348288	244345	88416.5	
SPN	509013		969571	
SPNS1	279821	251925		
SPON1	250799	100574	368507	
SPON2	139357	92179.2	120890	
SPPL2A	95881.6	101765	270953	
SPPL2B	71606.5	72888.8	78516.9	
SPR	819875	654084	253505	865525
SPRR3	1.8379e+06	930240	4.19558e+06	5.78656e+06
SPRYD4	533041	451786		
SPRYD7	440778	593985	264569	
SPTA1	1.01859e+06	1.57428e+07	3.26862e+06	
SPTAN1	1.75408e+06	2.02954e+06	3.05509e+06	1.96804e+06
SPTB	264325	5.44586e+06	998476	
SPTBN1	1.44128e+06	1.97342e+06	2.98607e+06	2.62158e+06
SPTLC1	225775	407059	218625	
SPTLC2	181168	506349	357565	
SQOR	3.41413e+06	1.46024e+07	9.04159e+06	2.22974e+07
SQSTM1	88248.6	171117	66844	
SRA1	214851			
SRC	448219	721037	696494	1.3258e+06
SRI	9.3462e+06	2.54684e+06	3.61816e+06	7.63898e+06
SRM	1.20079e+06	1.23015e+06	597384	
SRP14	1.10104e+06	1.10784e+06	906297	590603
SRP19	261126	399596	365293	
SRP54	732069	967111	833728	863069
SRP68	168589	412849	273883	
SRP72	200143	282170	286734	210814
SRP9	2.34674e+06	1.54456e+06	1.79812e+06	1.20772e+06
SRPK2	37975.8	209163		
SRPRA	322386	480932	404733	
SRPRB	1.31013e+06	762871	864066	1.29216e+06
SRRM1	39972.9		109478	
SRRT	241164	704816	286098	
SRSF1	640180	1.45563e+06	543629	656910
SRSF10	139119	115300	182632	
SRSF11	67159.9	67573.1	89576.3	
SRSF2	1.55839e+06	2.07914e+06	1.46693e+06	1.4188e+06
SRSF3	1.45779e+06	1.27689e+06	609261	952163
SRSF4	188741	131532		
SRSF5	61136	60863.8		
SRSF6	153815	396888	242052	
SRSF7	283557	814511	428608	
SRSF9	242321	393368	215315	
SSB	2.23046e+06	2.45294e+06	1.54203e+06	816199
SSBP1	8.26703e+06	3.29017e+06	1.31383e+06	5.81487e+06
SSH3	139750			
SSPN	403693	100969	81185.4	
SSR1	7.19517e+06	5.98841e+06	8.66066e+06	5.28053e+06
SSR3	1.48098e+06	2.01212e+06	988297	2.55634e+06
SSR4	8.47962e+06	4.86538e+06	1.28138e+06	4.85333e+06
SSRP1	376359	574393	291711	
SSU72	506770	484728	348011	
ST14	470110	489692	581512	651164
ST3GAL1			21223.7	
ST3GAL4	154293	209275	380138	573021
ST6GAL1	468659	477108	635426	
ST6GALNAC1			1.26807e+06	1.10903e+06
ST6GALNAC6		491950	951302	756284
STAB1	159731	150683	211480	
STAG1		67611.2	44351.4	
STAM	130809	78542	98181.5	
STAM2	32939.1	70723.4		
STAMBP	436023	468193	355934	
STAMBPL1	314722		203756	
STAP2	48587.1	75888.5		
STARD10	1.52833e+06	837883	1.08466e+06	2.91875e+06
STARD5	6969.65	12387.7	44219	
STARD7	194785	207792	83799.2	
STAT1	710650	2.61921e+06	1.24726e+06	1.72703e+06
STAT2	123374	415514	188719	
STAT3	490380	1.03599e+06	963693	
STAT5B	142685	198337	215839	
STAT6	172822	360606	264292	
STAU1	434647	330826	255984	
STEAP3	211830	221368		
STEAP4	194861	287884	939684	
STIM1	567000	685122	672040	
STING1	1.03511e+06	1.35123e+06	1.68464e+06	
STIP1	9.16893e+06	1.02351e+07	8.13834e+06	4.77355e+06
STK10	105189	147312	266866	
STK24	232848	282350	98643.6	
STK26	88274.5	202596	187434	
STK3	70062.4	89051.8	21866.4	
STK38	110544	335790	203531	
STK38L	59294.9	263760	46164.5	
STK39	76017	61295.2		
STK4	42356.1	74545.1	115378	
STMN1	3.18927e+06	2.00287e+06	1.83691e+06	4.86265e+06
STMN2	1.89917e+06	1.36315e+06	1.45253e+06	1.34468e+06
STOM	5.58365e+06	1.00271e+07	9.31811e+06	1.74277e+06
STOML2	1.39624e+06	773538	185058	1.30914e+06
STON1	360625	390835	411830	
STRAP	890594	1.03735e+06	624368	430877
STRBP	182681	146977	142259	
STRIP1	215499	292958	200460	
STRN	188919	324585	510700	265401
STRN3	1.42289e+06	1.82223e+06	1.68017e+06	
STRN4	263368	673588	305041	
STS	198102	392241	219570	
STT3A	2.0374e+06	1.91968e+06	1.5178e+06	1.06483e+06
STT3B	887432	1.16385e+06	1.03301e+06	848176
STUB1	302795	405658	184115	
STX11		38153.5	109330	
STX12	1.84304e+06	1.22384e+06	1.17063e+06	945824
STX16	104605	175000	219383	
STX17	214791	201711	79380.6	
STX19	597494	438600	223020	
STX2	67167.3	35269.5		
STX3	302831	425210	846884	
STX4	832142	593686	454611	
STX5	122303	428626	259439	
STX7	2.6219e+06	2.34975e+06	2.82721e+06	1.78938e+06
STX8	103551	69473.9	161641	
STXBP1	322208	334122		
STXBP2	324357	563728	604294	1.24584e+06
STXBP3	393342	425326	150601	
STXBP5	154565	446291	686995	
SUB1	3.99781e+06	5.95302e+06	4.75368e+06	2.2425e+06
SUCLA2	3.2967e+06	2.30461e+06	249135	1.52509e+06
SUCLG1	3.12268e+06	1.93655e+06	760703	4.27227e+06
SUCLG2	899982	423145	329808	4.15912e+06
SUGT1	813668	888533	639920	620757
SULF1	211894	97344.2		
SULT1A1	511998	573677	952610	
SULT1A3	616314	209377	459881	
SULT1B1	16988.7		638263	927918
SULT2B1	161698	323218		
SUMF1	757416	606629	585496	
SUMF2	1.42842e+06	1.25786e+06	759527	1.23052e+06
SUMO2	856423	985355	578131	
SUMO3	88003.7	55330.9	36142	
SUN2	200047	300825	812433	
SUOX	607116	519020	164037	
SUPT16H	639018	1.26958e+06	989354	
SUPT4H1	232895	354021	217776	
SUPT5H	419166	592353	514451	
SUPT6H	169422	286120	270483	
SUPV3L1	114311	198122	40333.2	
SURF1	258592	166140		
SURF4	1.64988e+06	2.36405e+06	2.16992e+06	1.6909e+06
SUSD2	460890	263013		
SVIL	131822	184872	219545	
SVIP	512652	417875	587864	
SWAP70	534391	676543	677100	
SYAP1	649210	1.07121e+06	253540	602415
SYK	120229	361383	573358	
SYNCRIP	2.23302e+06	2.71531e+06	2.1171e+06	1.15358e+06
SYNE1	154222	191954	391734	
SYNE3		67325.4	123551	
SYNGR1	209833	139113	318891	
SYNGR2	3.14915e+06	4.90174e+06	6.99855e+06	3.72207e+06
SYNJ1		58974	70664	
SYNJ2BP	988958	776600	618802	6.71758e+06
SYNPO2	56419			
SYPL1	4.02441e+06	1.5007e+06	921062	1.61639e+06
SYTL1	45682.5	105536	251588	360703
SYVN1	212500	250708	325065	
TAB1	315666	231172		
TACC1	234252	263883	357165	
TACC2	35285.1	111950	18681.8	
TACC3		79824.5	82610.2	
TACO1	337936	330652	198558	
TACSTD2	450711	827782		
TADA2B	1.02344e+06	650395	900491	7.89312e+07
TAF15	135258	210089	380368	
TAGLN	3.30557e+07	1.15781e+07	7.70145e+06	8.44536e+06
TAGLN2	4.94663e+07	2.82114e+07	2.3828e+07	2.2596e+07
TALDO1	1.75299e+07	2.33529e+07	4.01396e+07	1.11232e+07
TANGO2	139805	390786	265438	
TAP1	559620	1.02289e+06	946371	2.05605e+06
TAP2	313372	660542	302228	
TAPBP	2.11642e+06	3.26926e+06	1.42636e+06	3.5377e+06
TAPBPL	250937	371348	347960	
TAPT1		68497.4	113249	
TARDBP	840962	1.42927e+06	521357	566216
TARS1	2.96635e+06	3.31111e+06	2.30085e+06	1.25788e+06
TARS2	118112	176811	24827.9	
TATDN1	1.21927e+06	1.18081e+06	748995	
TAX1BP3	2.65703e+06	1.31434e+06	1.20818e+06	1.61556e+06
TBC1D10C	13801.3	30962	99032.4	
TBC1D15	104211	533951	260890	
TBC1D17	51541.8	61105.9	54691.8	
TBC1D2		105313	60027.6	
TBC1D23	189996	302871	236256	
TBC1D24	27857.7	25053.7	32537.9	
TBC1D2B	76695.9	164372	191742	
TBC1D4	159732	287671		
TBC1D8B	360017	601558	173600	7.08793e+06
TBC1D9B	69776.6	64904	55879.1	
TBCA	3.23524e+06	3.68368e+06	3.43259e+06	2.28842e+06
TBCB	1.52992e+06	1.11501e+06	1.2365e+06	671502
TBCC	336141	441338	417605	
TBCD	293126	423348	305413	
TBCE	94734.1	177003	126523	
TBCEL	132700	214817		
TBK1	108893	225717		
TBL1XR1	270121	313268	482244	
TBL2	296027	355318	322595	
TBPL1	13018.6			
TBRG4	82992.3	482717		
TBXAS1	701795	696799	1.32167e+06	
TCAF1	83772.9	97395.7	23752.8	
TCEA1	693144	689845	426488	
TCEAL3	60702.3			
TCERG1	354050	597831	375701	
TCF21	444140	588858		
TCIRG1	455934	340597	291650	
TCN1	322305	589977	1.58546e+06	
TCOF1	602035	854435	256305	
TCP1	6.33825e+06	5.04388e+06	919686	3.11596e+06
TDP1	177689		241179	
TDP2	265663	390228	383239	
TECPR2	133768	160422	223220	
TECR	677300	967001	1.10918e+06	627542
TEP1	14935.6			
TERF2IP	713529	392396	1.08587e+06	
TES	3.23418e+06	2.06437e+06	1.69534e+06	2.09734e+06
TESC	44955.3			
TEX2	229686	265975	205584	1.53893e+06
TEX264	99728.8	150900		275429
TF	7.15293e+07	7.48613e+07	8.47584e+07	2.38227e+07
TFAM	530381	420110	241611	
TFB1M	102400	102257		
TFB2M		49595		
TFG	2.29347e+06	2.46183e+06	1.77444e+06	1.85215e+06
TFIP11	10490.1		79646.1	
TFRC	3.14816e+06	4.1521e+06	2.65272e+06	2.46219e+06
TGFB1	406277	474044	568584	
TGFB1I1	622934	584556	34409.2	
TGFBI	1.76116e+07	5.12534e+06	5.48981e+06	1.78647e+06
TGFBRAP1		61157.3		
TGM1	170253	726867	252870	4.55862e+06
TGM2	616221	676421	451226	1.94546e+06
TGM3	431890	1.00881e+06	391453	1.37771e+07
TGOLN2	1.27688e+06	841909	770549	1.44208e+06
THBD	160108	218680	139701	
THBS1	1.63761e+06	3.93e+06	791980	604222
THBS2	1.32469e+06	781767	395849	4.87598e+06
THEM4	1.39742e+06			1.06576e+06
THEM6	674723	1.55271e+06	533788	
THEMIS2		36688.8	138555	
THG1L	243997	224302	98600.4	
THNSL1	121789	101557		
THOC1	85126.2	108215	136642	
THOC3	112043	162136	104881	
THOC6	346911	240788	182706	
THOP1	638834	1.41368e+06	522782	218103
THRAP3	223128	569239	487227	
THSD4	224928	145076	75735.9	
THUMPD1	209095	171987	148999	
THUMPD3	76371.5	84945.3	19460.4	
THY1	8.33672e+06	3.85304e+06	1.98947e+06	229710
THYN1	832120	597150	1.06833e+06	
TIA1	452191	352469	311831	
TIAL1	887945	670689	621804	396071
TIGAR	711438	1.43567e+06	923107	
TIMM10	415975	433713	172314	
TIMM13	1.25602e+06	758002	524747	792229
TIMM22	128877	65806.4		
TIMM23	170329	232999	113119	
TIMM29	114177	184014	73058.1	
TIMM44	1.24204e+06	1.97572e+06	584886	746330
TIMM50	105952	242355		
TIMM9	29668.1			
TIMMDC1	85270.9	107197		
TIMP1	1.51727e+06	935158	1.19604e+06	906806
TIMP2	721795	539683	837570	
TIMP3	285454	430037		
TINAGL1	207684	81099.2		
TIPRL	610310	650465	344198	
TJP1	232474	233959	161317	
TJP2	536140	828938	437108	1.58974e+06
TK2	40318.2	92522.7	274088	
TKFC	235837	276300	435076	
TKT	3.32116e+07	3.59806e+07	7.45525e+07	1.549e+07
TKTL2		136202	204751	
TLCD4	68556.3	18609.7	92693.2	
TLE3	78256.9	114344	83490.3	
TLN1	6.44272e+06	6.61013e+06	7.06044e+06	2.89078e+06
TLN2	201487	146346	65192.3	
TLR2	50101	184049	428499	
TLR8		15651.3	103444	
TM4SF1	177121	96834.7	60213.1	
TM9SF1	1.49073e+06	2.72209e+06	2.63101e+06	
TM9SF2	2.15887e+06	2.57611e+06	3.65832e+06	3.17933e+06
TM9SF3	1.21463e+06	1.41636e+06	1.88024e+06	986383
TM9SF4	1.26447e+06	1.89733e+06	1.40471e+06	1.60067e+06
TMA16	43084.3	16017.6	11311.2	
TMA7	752830	409636	519545	
TMBIM1	1.74875e+06	965177	666104	
TMBIM6	351356	235505	332869	
TMC5		25870.1		
TMCO1	1.21553e+06	2.16829e+06	843949	
TMED1	241410	157596	134701	
TMED10	6.45737e+06	4.65898e+06	3.51742e+06	5.51974e+06
TMED2	2.64535e+06	2.2171e+06	2.63309e+06	1.10749e+06
TMED3	315455	218736	217720	
TMED4	3.63319e+06	3.99401e+06	3.29227e+06	1.72148e+06
TMED5	1.46991e+06	644180	680963	1.92202e+06
TMED7	2.35848e+06	1.76692e+06	1.48796e+06	960514
TMED8	137223	128328	215297	
TMED9	7.23513e+06	5.77308e+06	7.81738e+06	3.80119e+06
TMEM106B	387991	436099	239906	
TMEM109	8.25231e+06	7.80989e+06	5.61467e+06	4.24578e+06
TMEM11	318924	107428	97068.7	132713
TMEM119	315202			
TMEM120A	213919	186280	249977	
TMEM126A	111259	234383	207297	
TMEM147	87806.9	72018.5		
TMEM14C	1.49101e+06	1.62058e+06	1.1148e+06	
TMEM165	445381	461398	356196	
TMEM167A	1.1413e+06	899404	1.31237e+06	1.13245e+06
TMEM176A	134016	61610.9	65447.1	
TMEM176B	722714	542406	291375	
TMEM179B	296887	352326	323409	
TMEM192	134230		114289	
TMEM205	1.32579e+06	912587	1.81922e+06	
TMEM208	95918.2	262563	315427	
TMEM214	267291	321489	363716	
TMEM219	35579.3	50939.2		
TMEM222	103713	78459	77234.4	
TMEM230	203085	158984	184380	
TMEM231	65670.7			
TMEM245	119082	101748	124376	
TMEM260			1.68484e+06	
TMEM263	137126	116836		
TMEM30A	344187	284255	944398	
TMEM30B	252185	173399	316156	
TMEM33	1.15264e+06	2.02482e+06	1.57391e+06	
TMEM38B	116371	150261	155835	
TMEM41A	69558	68143.9	67464	
TMEM41B	43375.9	58267.4	72845.3	
TMEM43	3.15651e+06	2.8682e+06	2.12673e+06	
TMEM45B	91610.6	208679	125782	
TMEM63A	329249	287606	257547	
TMEM63B	93183.2	87772.4	77401.2	
TMEM65	285738	147957	162445	
TMEM70	745064	785253	169258	
TMEM87A	1.07331e+06	927887	948224	848027
TMEM87B	436128	705499	458117	
TMEM9	113090			
TMEM97	254661	268046	378551	
TMF1	87213.3	243054	161389	
TMLHE	206042	185462	59579.4	
TMOD1	202872	373154	227607	
TMOD3	1.34011e+06	1.04589e+06	2.06669e+06	
TMPO	8.05637e+06	4.27919e+06	1.98059e+06	6.08721e+06
TMPRSS2	30897.7			
TMSB10	2.03433e+06	1.43763e+06	2.31491e+06	3.77851e+06
TMSB4X	2.29005e+06	1.32217e+06	3.23621e+06	1.03006e+07
TMT1A	2.44174e+06	2.38949e+06	3.98844e+06	4.91162e+06
TMT1B	218503	416434		
TMTC3	218213	213582	233886	
TMX1	3.00286e+06	2.79571e+06	3.84543e+06	2.98021e+06
TMX2	502899	476254	411174	
TMX3	734621	883188	798690	802181
TMX4	988816	1.06952e+06	1.46366e+06	
TNC	4.93904e+06	4.40269e+06	5.14209e+06	
TNFAIP2	53588.6	132357	97927.8	
TNFAIP8	348031	279934	800483	
TNFRSF10C		14147.6	226535	
TNFRSF1B			45896.5	
TNFRSF6B	159937	179525	52812.8	
TNFSF13B	424643	118602	182991	4.78973e+06
TNKS1BP1	986490	771881	879815	1.28918e+06
TNKS2	255627	596763	216282	
TNPO1	406324	457232	411962	1.10747e+06
TNPO2	154557	149785		
TNPO3	117725	110096	74203	
TNS1	1.58765e+06	981817	484467	520321
TNS2	137163	116358	69133.2	
TNS3	638765	517500	385574	
TNXB	309347	115048	142152	
TOLLIP	571532	588774	717872	493026
TOM1	183843	89865.5	324151	
TOM1L2	56693.3	35968	71595.7	
TOMM20	1.33497e+06	384262	306735	1.07915e+06
TOMM22	35464.8	28381.5	15465.1	
TOMM34	2.08389e+06	1.15184e+06	578579	591544
TOMM40	746464	547545	181366	
TOMM70	1.54053e+06	1.10467e+06	502149	1.28099e+06
TOP1	294553	410501	238613	
TOP2B	95667.6	121565	274622	
TOR1A	256026	176488	245055	
TOR1AIP1	1.43522e+06	1.61874e+06	2.99366e+06	2.32159e+06
TOR1AIP2	143022	102405		
TOR1B	426711	580333	400504	
TOR2A	92384.3	136155	114815	
TOR4A	26877.9		19673.1	
TP53BP1		100068	74306.2	
TP53I11	274588	95166.4	76331.4	
TP53I3	1.54775e+06	1.58628e+06	1.53449e+06	1.27007e+06
TP53RK	898109	2.16392e+06	791718	2.32455e+07
TPBG	612326	454764	279375	2.9903e+06
TPD52	1.47809e+06	590687	427670	7.09756e+06
TPD52L2	1.7747e+06	714419	418428	1.82533e+06
TPI1	5.158e+07	4.00278e+07	3.66322e+07	1.41632e+07
TPK1	73772.2	55884.7	175561	
TPM1	2.52091e+07	6.42324e+06	4.52135e+06	8.90591e+06
TPM2	6.78676e+06	1.80225e+06	1.51077e+06	2.4734e+06
TPM3	1.30062e+07	1.11269e+07	1.69391e+07	1.24531e+07
TPM4	4.58564e+07	1.85217e+07	9.57954e+06	9.92456e+06
TPMT	599264	639914	778313	416845
TPP1	4.00067e+06	3.4941e+06	1.2206e+06	640249
TPP2	1.76547e+06	1.8433e+06	1.71729e+06	1.92481e+06
TPPP3	754785	402543	179291	
TPR	435010	526229	559996	
TPRG1L	237451	142010		
TPRKB	97575.5	157930	73410	
TPT1	3.38534e+06	3.10093e+06	3.30915e+06	666720
TRA2A	79248.3	246920	118031	
TRA2B	236305	554075	333652	
TRABD	25660.6	39107.8		
TRAM1	861730	813531	1.17926e+06	
TRAM2	148750	98338.4	186155	
TRAP1	2.07376e+06	4.75107e+06	838569	968635
TRAPPC1	276951	279214	311814	
TRAPPC11		56570	29651.2	
TRAPPC2L	110590	192176	211879	
TRAPPC3	545227	281541	217826	
TRAPPC4	435982	412713	388587	101154
TRAPPC5	580262	685752	654900	
TRAPPC6B	285727	332159	327525	
TRAPPC8		38008.6		291233
TRAPPC9		84420.3		
TREM1			216560	
TRIM16	259859	147979	213726	
TRIM2	74753.6	126134	47301	
TRIM21	513853	514000	306389	
TRIM22	109338	273832	140627	
TRIM25	727187	889211	994453	988955
TRIM26	89404.6	227236	100869	
TRIM28	1.08483e+06	1.28374e+06	680964	1.96217e+06
TRIM29	467685	555651		
TRIM47	541274	572729	266634	
TRIM72		124271		
TRIOBP	87067.2	171462	104341	
TRIP10	514402	450401	325709	124643
TRIP11	139843	559897	404583	
TRIP12	13396	113415	105009	
TRIP13	22324.9	103444	35263.9	
TRIP6	372042	127839	48842.9	
TRIQK	401003	159781	156241	
TRIR	76212.3	35280	10282	655135
TRMT1	286317	188741	266807	
TRMT10C	413088	390417	226284	
TRMT11	54773.7	92514		
TRMT112	376382	137672		
TRMT5	147529	305287	186943	
TRMT6	221674	264418		
TRMT61A	121243	65400.9		
TRNT1	505906	644708	349501	
TRPM4	129311	107160	252780	
TRPV2	71010.6	79843.7	105713	
TRUB1	191111	217498	65214.6	
TSFM	941366	1.2558e+06	667378	170308
TSG101	387805	640676	484314	1.1106e+06
TSN	760683	1.30563e+06	739648	620996
TSNAX	356885	564749	143058	
TSPAN1	396609	357476	568199	
TSPAN13	296275	297719	372815	
TSPAN14	212518	206573	282024	
TSPAN15	210416	219006	245035	
TSPAN3	542718	607151	822229	1.29328e+06
TSPAN31	76985.7	22708	44879.7	
TSPAN6	419049	229611	209876	
TSPAN8	1.2452e+07	7.37514e+06	5.58804e+06	2.60917e+06
TSPAN9	321996	147774		
TSPO	3.73912e+06	2.80958e+06	6.08192e+06	1.92536e+06
TSR1	61670.9	88698.8		
TST	5.45037e+06	5.08157e+06	3.0872e+06	5.34794e+06
TSTD1	522321	196992	332116	956459
TTC1	1.04078e+06	1.11548e+06	655037	948041
TTC38	96906.9	75860.1		446982
TTC39B	58524.8	154060	143979	
TTC4	167592	340980	171860	
TTC9	70129.7			
TTC9C	219067	125542	78140.6	
TTLL12	1.14738e+06	828336	692211	
TTN	1.85888e+06	2.69303e+06	2.23284e+06	229791
TTR	1.2338e+07	6.75862e+06	1.27308e+07	4.26699e+06
TTYH3	47726.3	21598.5		
TUBA1C	434936	460716		501656
TUBA4A	749845	2.22577e+06	581438	5.0182e+06
TUBA4B		306339		385464
TUBB	4.6499e+06	5.80369e+06	2.27298e+06	2.38602e+07
TUBB1	152534	384854		
TUBB2A		81953.4		432598
TUBB3	37279	55664.8		
TUBB4A	1.13001e+06	1.04895e+06	866702	825655
TUBB4B	362336	308831	59462.8	9.41063e+06
TUBB6	339038	555528		
TUFM	7.53243e+06	4.09417e+06	826802	6.73184e+06
TUT4	2.31678e+06	3.61578e+06	3.59862e+06	2.20696e+06
TWF1	1.85541e+06	3.34789e+06	1.57281e+06	1.40499e+06
TWF2	1.47354e+06	1.47771e+06	2.06995e+06	305325
TXLNA	256579	374383	205374	
TXLNG	83626.9	161640	52772.8	
TXN	4.19522e+07	2.83501e+07	2.34747e+07	3.18919e+07
TXN2	91783.3	11669.8	47161.9	
TXNDC12	3.58749e+06	3.36336e+06	3.24733e+06	5.30822e+06
TXNDC17	3.66884e+06	3.41907e+06	5.4358e+06	4.26665e+06
TXNDC5	5.67117e+06	6.47624e+06	1.52009e+07	1.4278e+07
TXNDC9	94162	143764	66877	
TXNIP	161109	250893	211270	
TXNL1	5.12391e+06	4.23724e+06	3.59972e+06	2.26211e+06
TXNL4A	163202		200917	
TXNRD1	1.29486e+06	1.30875e+06	1.39294e+06	204609
TXNRD2	395957	359294	307783	
TYMP	3.27311e+06	3.69168e+06	3.76231e+06	6.44642e+06
U2AF1	2.06737e+06	1.8277e+06	1.20462e+06	1.13483e+06
U2AF2	499921	534544	757667	
U2SURP	674804	779854	1.13611e+06	
UAP1	277709	290168	618511	1.12949e+06
UAP1L1	396854	373110	137288	
UBA1	8.15748e+06	1.40324e+07	9.45748e+06	4.6802e+06
UBA2	940984	1.03577e+06	672257	397990
UBA3	485274	724234	366059	
UBA5	197029	193199	145691	
UBA6	1.15358e+06	2.37011e+06	1.44152e+06	
UBA7	716389	1.2723e+06	1.2558e+06	
UBAC1	77200.2	111160		
UBAP2L	228752	156515		
UBASH3B		80778.4	82587.8	
UBE2A	208136	267728	282738	
UBE2D3	2.87108e+06	4.50302e+06	4.1344e+06	3.4802e+06
UBE2G1	93482.9	71424.2	145742	
UBE2G2	110445	69297.1	102024	
UBE2H	299955	209062	195417	
UBE2I	2.59467e+06	2.48429e+06	2.46204e+06	1.01799e+06
UBE2J1	210957	239184	584755	
UBE2K	1.84324e+06	2.33693e+06	1.93905e+06	1.23529e+06
UBE2L3	1.71209e+06	1.55756e+06	2.57758e+06	751577
UBE2L6	344457	871785	462428	
UBE2M	670487	1.56295e+06	1.11805e+06	2.06122e+06
UBE2N	1.85415e+06	1.31941e+06	1.54636e+06	377683
UBE2O	277082	750064	332955	
UBE2Q1	33043	126461	59646.7	
UBE2R2	572272	782562	922158	
UBE2V1	4.56647e+06	4.95023e+06	3.9844e+06	1.69008e+06
UBE2V2	1.55295e+06	1.45354e+06	1.26341e+06	1.23763e+06
UBE2Z	391229	502180	458478	
UBE3A		285282	145045	
UBE3C	16919.5	73494.5		
UBFD1	547387	830200	497719	
UBL3	196822	106726	203699	
UBL4A	173965	106707	94022.2	265586
UBL5	2.18385e+06	1.4111e+06		676993
UBLCP1	668052	923073	785113	570091
UBQLN1	416051	118465	286224	
UBQLN2	335116	329292	354806	484300
UBQLN4	469986	386688	296804	
UBR4	187826	491636	228962	
UBR5		104349		
UBR7	173372	166094	146437	
UBTF	178436	190504	166771	
UBXN1	608131	820763	418349	782458
UBXN4	458939	542549	375436	
UBXN6	119823	212590	90582.8	
UBXN7	100503	39377.5	63308.1	
UCHL1	347559	164221	336568	305895
UCHL3	888244	618222	226916	846231
UCHL5	223557	139840		
UCK2	135731	102113		
UEVLD	77583.6	88464.3	124163	
UFC1	1.48818e+06	1.18763e+06	1.7021e+06	2.35673e+06
UFD1	899076	1.23161e+06	843471	
UFL1	553997	773827	552623	
UFM1	5.13922e+06	3.66591e+06	5.29373e+06	5.28343e+06
UFSP2	584468	749844	523006	
UGDH	2.27187e+06	945100	521931	3.55385e+06
UGGT1	1.06846e+06	2.60981e+06	3.59529e+06	2.09609e+06
UGGT2	48380.7	150621		
UGP2	2.95353e+06	4.57518e+06	7.46892e+06	4.33188e+06
UGT1A10	79388.2	71262.4	47007.3	
UGT2B17	439896	280427	398884	
UGT8	97977.6	102694		
UMPS	503181	622981	394413	
UNC119B	236335	230134	126341	
UNC13D	618100	949468	2.32081e+06	
UNC45A	212302	441218	321952	
UNC93B1	140261	292978	116997	
UNG	378380	202090	68815.8	
UPF1	797679	1.04037e+06	698380	485777
UPF3B	59288.3			
UPP1	506047	835463	593303	
UQCC1	168532	151279	67092.9	
UQCC5	62162.3	83778.5		
UQCR10	1.60124e+06	2.06711e+06	2.04102e+06	1.11915e+06
UQCR11	203439	150415	107642	
UQCRB	2.48809e+06	2.3517e+06	3.5277e+06	4.32977e+06
UQCRC1	4.47104e+06	4.02606e+06	3.76504e+06	3.72938e+06
UQCRC2	4.01435e+06	1.55179e+06	428397	4.94999e+06
UQCRFS1	980226	683223	1.46073e+06	614626
UQCRH	336433	189297	177118	
UQCRQ	1.5959e+06	2.30986e+06	1.86186e+06	4.33108e+06
UROD	1.61227e+06	2.52984e+06	1.40055e+06	
UROS	210878	392918		
USE1	40041.4	85771.8	127578	
USO1	1.86097e+06	6.35864e+06	2.13091e+06	9.32061e+06
USP10	162444	329291	170401	
USP14	1.2566e+06	2.54429e+06	1.84003e+06	588357
USP15	1.58158e+06	2.61341e+06	3.21496e+06	673089
USP19	98034.5	167012	132827	
USP24		215988	191601	
USP3			35929.4	
USP39	135472	191681	210052	
USP4		337498	119055	
USP47	76834.1	199149	157300	
USP5	2.07521e+06	2.75644e+06	1.5013e+06	2.06258e+06
USP7	637149	873372	698913	564883
USP8	75229.7	94739.8	113970	
USP9X	115067	199821	169573	
UTP25	66077.3	202282		
UTRN	566325	522885	339305	
UXT	102599	129116	55933.9	
VAC14	117117	251965	174946	
VAMP2	372300			1.0425e+06
VAMP3	484777	95890.1	111033	215356
VAMP4	35550.8	38933	29263.8	
VAMP5	287239		498596	
VAMP7	154833	439857	590361	
VAMP8	1.05236e+06	938875	1.23947e+06	1.61365e+06
VAPA	1.77229e+06	1.5081e+06	2.17126e+06	2.48731e+06
VAPB	896837	777187	443420	1.22007e+06
VARS1	1.28507e+06	1.4073e+06	1.05852e+06	945095
VASN	549818	523470	299728	
VASP	3.74439e+06	2.9838e+06	4.9986e+06	2.46907e+06
VAT1	1.84622e+07	1.03644e+07	1.39465e+07	1.00983e+07
VAV1		334673	538699	
VBP1	390686	361584	286991	
VCAM1	485471	647817	305125	
VCAN	9.02384e+06	4.6834e+06	1.67858e+06	964918
VCL	1.85541e+07	1.28191e+07	1.01867e+07	5.16937e+06
VCP	1.07067e+07	1.16546e+07	1.14436e+07	6.36746e+06
VCPIP1		262798	218672	
VDAC1	1.33303e+07	1.00781e+07	6.05135e+06	4.88209e+06
VDAC2	1.08471e+07	1.00436e+07	5.43318e+06	4.57276e+06
VDAC3	1.17963e+07	7.02985e+06	5.6462e+06	3.57792e+06
VIL1	1.41692e+06	1.44027e+06	1.33783e+06	2.75303e+06
VILL	164705	214005	150285	222525
VIM	5.41242e+06	4.61643e+06	3.86613e+06	1.16438e+07
VIPAS39	38391.3	69090.8	101764	
VKORC1	384377	338688	245013	
VKORC1L1	255576	159399	151147	
VMO1			199434	
VMP1	284894	395971	576526	
VNN1	162897	317790	1.15241e+06	
VNN2	137066	284091	1.48994e+06	
VPS11	19710.9	121706	115365	
VPS13C	800481	1.21413e+06	951438	170409
VPS16	221060	549614	294282	
VPS18	124837	447097	357824	1.76941e+06
VPS25	379119	358078	668638	
VPS26A	1.58641e+06	5.1087e+06	4.01021e+06	2.20897e+06
VPS26B	238533	456841	566044	
VPS26C	504056	564924	561625	
VPS28	137356	73760.3	114312	
VPS29	5.41784e+06	4.44295e+06	3.60821e+06	2.34099e+06
VPS33A		205915	173902	
VPS33B		76908.8	22481.8	
VPS35	1.07481e+06	2.83677e+06	1.76981e+06	1.96798e+06
VPS35L			227630	
VPS36	188032	201835	275872	206244
VPS37B	21027.4	22756.8	45898.7	
VPS45	156249	281140	274195	
VPS4A	294641	466827	376445	
VPS4B	440508	581959	911987	749327
VPS51	52686.6	74847.7		
VPS52	4.04648e+06	4.44017e+06	4.84474e+06	4.23983e+06
VPS53		159312	116193	
VRK1	317871	575980	670427	
VSIG2	243786	112358	291338	205732
VSIR	268856	248775	1.77863e+06	
VSNL1	402654	353896	53077.1	
VTA1	533782	343671	568060	398429
VTI1A	353626	164747	100863	
VTI1B	839052	745076	1.0432e+06	
VTN	4.05047e+06	4.5546e+06	1.42053e+07	741670
VWA1	402734	242670	138886	
VWA2	35958	116322		
VWA5A	601071	921178	533244	384978
VWA8	93379.4	254084	57246.5	
VWF	322798	482028	287825	
WARS1	4.0571e+06	6.78531e+06	2.57635e+06	3.25035e+06
WARS2	142065	120500		
WAS	328363	278085	1.38691e+06	
WASF2	358726	317345		822709
WASHC2A		80499.7	90274	
WASHC2C		31191.4	20471	
WASHC3		178989		
WASHC4	90307.7	278565	183604	
WASHC5	215981	453497	382451	
WASL	244716	255216	110060	712143
WBP11	69961.5	19507	58883.2	
WBP2	781394	1.14818e+06	1.35472e+06	
WDFY1	351398	332446	266413	
WDR1	5.66231e+06	8.5778e+06	1.10439e+07	8.08013e+06
WDR11	53151.4	158996	147940	
WDR13	208770	249195	233658	
WDR17	1.89186e+06	223140	1.60747e+06	
WDR18	299120	184745	131947	
WDR26	87530	263722	109031	
WDR4	158856	272493	71490.3	
WDR43	300363	335267	271462	
WDR44	222193	260740	246065	
WDR45	195006	405062	159466	
WDR45B	176593	245528	141217	
WDR48	60695.8	67818.6	41876.2	
WDR5	229703	301024	286805	
WDR6	78581.2	192550		
WDR76			1.36311e+06	
WDR77	772236	1.07937e+06	475922	
WDR82	239191	375511	306954	
WDR91	138225	201166	224630	
WFDC2			198814	1.00452e+06
WFS1	206197	279528	203803	
WIPF1	693704	828055	1.2346e+06	952176
WLS	268602	205333	147354	
WNK1	339508	657676	701752	
WNT5A	70552.2	121083	19478.5	
WTAP	70678.5	65607		
WWC3	400095	543028	247219	
XDH	331661	322560	66004.4	
XIAP	125265	136738	151262	
XPNPEP1	1.24265e+06	1.751e+06	1.24574e+06	1.2557e+06
XPNPEP3	2.5825e+07	2.73783e+07	1.80676e+07	1.02167e+07
XPO1	277039	416470	382475	301626
XPO5	48090.3	97199.8		
XPO7	228324	574118	421219	
XPOT	259628	517266	209327	
XRCC1	174254	271564	278399	
XRCC4	184818	285184		
XRCC5	1.35546e+06	2.8449e+06	2.95689e+06	1.06086e+06
XRCC6	1.45804e+06	3.40373e+06	3.11799e+06	1.0935e+06
XRN1	237462	364703	272167	
XRN2	456622	646948	500856	
XXYLT1	152759	97875.8		
YAP1	255432			
YARS1	7.57604e+06	8.34428e+06	4.99603e+06	3.80217e+06
YARS2	221306	558733	89635	
YBX1	8.00029e+06	5.50602e+06	2.48581e+06	4.98461e+06
YBX3	1.2445e+06	1.34539e+06		361452
YES1	181402	222034	157644	
YIPF4	109636			
YIPF6	130227	225630	102015	
YKT6	1.20144e+06	1.46726e+06	1.01338e+06	
YLPM1	97470.2	122305		
YME1L1	12811.1	95504.2	41684.8	
YOD1	652387	433651		510830
YPEL5	120126	149292	101931	
YRDC	204838	383702	189650	
YTHDF1	82605.4	291508		
YTHDF2	146958	146635	81434.7	
YTHDF3	257359	304523	221215	
YWHAB	7.94091e+06	9.6067e+06	1.04226e+07	5.68698e+06
YWHAE	7.56754e+06	6.32253e+06	9.41403e+06	1.02876e+07
YWHAG	1.22667e+07	1.21136e+07	1.18525e+07	8.45657e+06
YWHAH	2.92115e+06	2.85792e+06	3.61316e+06	2.67066e+06
YWHAQ	8.21415e+06	1.71852e+06	1.4725e+06	3.33603e+06
YWHAZ	3.61791e+07	2.98671e+07	4.50781e+07	2.92163e+07
YY1	35234.3	112643	21084	
ZBTB8OS	288979	356166	270689	
ZC3H11A	68937.6	82567		
ZC3H15	241369	322767	183184	
ZC3H4	55842.9	72825.1		
ZC3H7A	40159.1	119159		
ZC3HAV1	514465	558049	491914	800037
ZC3HAV1L	325911	295710	196014	
ZDHHC20	361070	175261	49917.3	
ZDHHC5	301528		168027	
ZDHHC6	135949	150319	106315	
ZFPL1	376761	509808	276792	
ZFR	125246	235298	125451	
ZFYVE16	43177.3	104826	78213.2	
ZFYVE26			68806.9	
ZG16		251679	1.2512e+07	2.263e+07
ZG16B		678545	86371.9	4.92685e+06
ZMPSTE24	1.25383e+06	1.55838e+06	1.00284e+06	563581
ZNF185	141370	99207	56793.9	254312
ZNF207	944132	705480	291445	539362
ZNF326	80667.8	104554		
ZNF598	117481	94685.6	63546.4	
ZNF622	28620.4	32376.7		
ZPR1	375971	196630	95078.2	
ZRANB2	154290	90393.7	49048.4	
ZYX	2.66859e+06	353388	348825	2.72215e+06
ZZEF1	15434.2	43218	72066.1	
