Genes	D:\HFX\2023_08\HFX252_GLASGOW_PROTEOME_DIA_29.raw	D:\HFX\2023_08\HFX252_GLASGOW_PROTEOME_DIA_30.raw	D:\HFX\2023_08\HFX252_GLASGOW_PROTEOME_DIA_31.raw	D:\HFX\2023_08\HFX252_GLASGOW_PROTEOME_DIA_32.raw
A*03:01:01:01	1.18981e+07	8.9317e+06	2.21471e+07	7.3859e+06
A*30:01:01:01	1.45387e+07	1.20172e+07	2.96809e+07	9.09971e+06
A1BG	9.85605e+06	1.18785e+07	1.459e+07	1.49386e+07
A1CF	221565	110037	244486	356154
A2M	3.58356e+07	5.08654e+07	3.33554e+07	5.4935e+07
A2ML1	343374	1.24307e+06	341155	276742
AAAS	519651	235051	430571	518110
AACS	1.04378e+06	573977	2.10388e+06	1.52586e+06
AAGAB	771325	350749	1.40319e+06	1.36567e+06
AAK1	1.09906e+06	954596	772809	880141
AAMDC	762876	223000	1.22366e+06	895045
AAMP	637688	598584	795348	722529
AARS1	2.96067e+06	3.56451e+06	3.90984e+06	3.65058e+06
AARS2	1.68685e+06	655107	642584	1.53666e+06
AARSD1	646153	690998	403730	690342
AASDHPPT	916560	1.07265e+06	1.15037e+06	827375
AASS	285945	87052.9		213638
ABAT	2.36362e+06	1.60842e+06	1.53578e+06	2.77824e+06
ABCA1	539945	522505	517164	559752
ABCA8	2.00286e+06	1.47246e+06	1.80762e+06	5.63217e+06
ABCB1	165953	160857	215572	265258
ABCB10	1.49654e+06	788990	1.02308e+06	1.47911e+06
ABCB6	584294	627433	411824	548803
ABCB7	2.27225e+06	1.34335e+06	1.32425e+06	2.0145e+06
ABCB8	367004	44871.6	241388	321459
ABCC1	1.11543e+06	1.15203e+06	813204	771943
ABCC3	4.3274e+06	1.93855e+06	3.58055e+06	5.49055e+06
ABCC4	734812	539847	328206	712384
ABCD1	770748	267995		367444
ABCD3	2.60162e+06	1.54142e+06	464545	2.60943e+06
ABCD4	511581		318227	336504
ABCE1	3.06846e+06	3.30229e+06	2.29289e+06	3.43768e+06
ABCF1	1.16793e+06	774174	857715	1.02376e+06
ABCF2	320537	377772	267344	204818
ABCF3	797867	1.00306e+06	589311	697197
ABHD10	5.01375e+06	4.55412e+06	4.70902e+06	5.06897e+06
ABHD11	4.64379e+06	1.83428e+06	6.61998e+06	5.49825e+06
ABHD12	1.85525e+06	1.67488e+06	1.69538e+06	1.50161e+06
ABHD13	263877	272566	196552	171853
ABHD14B	1.25703e+07	2.55437e+06	1.23703e+07	1.28875e+07
ABHD16A	2.21232e+06	868577	1.34672e+06	1.56209e+06
ABHD17C	141448	31912.5	185210	166792
ABHD5		282228	158794	
ABHD6	166192	378323	287672	305401
ABI1	2.54578e+06	645103	712678	2.88801e+06
ABI3	791921		450087	851492
ABI3BP	2.50148e+06	836064	1.07353e+06	2.2322e+06
ABLIM1	562962		725679	548021
ABR	1.07168e+06	877019	613800	1.06743e+06
ABRACL	6.35176e+06	7.85348e+06	2.88796e+07	5.43064e+06
ABRAXAS2	1.47214e+06	1.28049e+06	1.07064e+06	1.6614e+06
ACAA1	3.69447e+06	1.4546e+06	4.30109e+06	3.73292e+06
ACAA2	1.08238e+07	3.97041e+06	3.8769e+06	1.03977e+07
ACACA	1.32826e+06	867159	470332	2.28171e+06
ACAD10	282244		136176	372096
ACAD8	1.45403e+06	667026	642987	1.46103e+06
ACAD9	3.885e+07	2.05818e+07	2.10335e+07	4.02063e+07
ACADM	8.60022e+06	3.0623e+06	4.19292e+06	9.45151e+06
ACADS	7.52748e+06	1.92987e+06	3.68731e+06	9.06838e+06
ACADSB	2.62074e+06	897189	2.17617e+06	3.10584e+06
ACADVL	1.11997e+07	1.20903e+07	6.82214e+06	1.17064e+07
ACAP1	2.47665e+06	4.49499e+06	856801	1.53938e+06
ACAP2	767166	1.08577e+06	465032	827734
ACAT1	1.51445e+07	3.01802e+06	1.04816e+07	1.70599e+07
ACAT2	2.72797e+06	2.37853e+06	6.8695e+06	4.19849e+06
ACBD3	3.9961e+06	2.48535e+06	4.75823e+06	3.93742e+06
ACBD5	334561			407725
ACBD6	110418			247420
ACE	903139	983139	740831	470223
ACIN1	1.9116e+06	1.87e+06	806103	1.62505e+06
ACLY	3.54406e+06	4.88132e+06	2.12941e+06	3.97005e+06
ACO1	5.76657e+06	5.7389e+06	6.43074e+06	5.75172e+06
ACO2	1.34593e+07	9.13334e+06	1.36223e+07	1.46228e+07
ACOT11	1.58565e+06	861169	1.48085e+06	1.80246e+06
ACOT13	7.0663e+06	3.79677e+06	6.69835e+06	6.06759e+06
ACOT2	131915			
ACOT7	2.60796e+06	2.35633e+06	5.26263e+06	3.02798e+06
ACOT8	1.894e+06	411003	1.52809e+06	2.13583e+06
ACOT9	3.08246e+06	2.06083e+06	1.29089e+06	2.29721e+06
ACOX1	3.09172e+06	4.41543e+06	2.5207e+06	3.31617e+06
ACOX2	1.10958e+06			969020
ACOX3	809303	651829	384895	698043
ACP1	7.90784e+06	4.44421e+06	1.18182e+07	7.53384e+06
ACP2	3.61398e+06	3.82385e+06	6.4645e+06	2.88695e+06
ACP3	468616	433818	1.23577e+06	552909
ACP5	1.22646e+06	1.71439e+06	1.35453e+06	914563
ACP6	639493	519998	696276	598511
ACSF2	3.1627e+06	1.56876e+06	2.52648e+06	3.90572e+06
ACSF3	2.2521e+06	1.28996e+06	1.27308e+06	2.19544e+06
ACSL1	2.74965e+06	3.48764e+06	2.2058e+06	1.50909e+06
ACSL3	3.06223e+06	2.2746e+06	2.20579e+06	2.19985e+06
ACSL4	3.44613e+06	7.63799e+06	1.92952e+06	1.98918e+06
ACSL5	3.91484e+06	1.85812e+06	3.26472e+06	5.02094e+06
ACSM3	1.19783e+06	217050	866657	1.53691e+06
ACSS1	2.74334e+06	1.7446e+06	2.89124e+06	2.89384e+06
ACSS2	2.14957e+06	822743	3.12632e+06	2.94042e+06
ACSS3	669818	613366	201847	374715
ACTB	4.40116e+07	3.92021e+07	1.329e+08	8.44717e+07
ACTBL2	5.75299e+06	1.90239e+06	4.43274e+06	3.90455e+06
ACTG1	1.01072e+08	1.98065e+07	1.52329e+08	1.38492e+08
ACTG2	952631		399108	596256
ACTL6A	3.91768e+06	3.437e+06	2.42727e+06	3.59551e+06
ACTN1	2.05083e+07	2.58873e+07	3.77087e+06	1.03198e+07
ACTN2	695535	784554	238935	368863
ACTN4	1.86718e+07	1.81008e+07	9.24767e+06	1.86932e+07
ACTR10	969118	759225	473631	1.02725e+06
ACTR1A	3.54563e+06	3.21853e+06	1.67372e+06	4.37382e+06
ACTR1B	2.54488e+06	1.19072e+06	1.17133e+06	2.43855e+06
ACTR2	1.85762e+07	2.2755e+07	1.4784e+07	1.43388e+07
ACTR3	1.52089e+07	2.13969e+07	1.1546e+07	1.22529e+07
ACVRL1	516124		345187	524829
ACY1	2.56787e+06	1.93841e+06	5.38662e+06	3.42362e+06
ACY3			911433	476156
ACYP1	813718	889720	1.27898e+06	765427
ACYP2	702901	961239	1.20264e+06	804719
ADA	1.59191e+06	2.45851e+06	2.25768e+06	1.37454e+06
ADA2	756415	1.10213e+06	2.3182e+06	1.10309e+06
ADAM10	4.31533e+06	3.53707e+06	6.27789e+06	4.25608e+06
ADAM15	471186	443346	846363	560515
ADAM17	499992	440918	511196	465452
ADAM8		1.46342e+06	352004	
ADAM9	986776	1.66172e+06	2.02338e+06	1.06999e+06
ADAMDEC1	357812	485932	448031	440845
ADAP1	201562	89526.6	163459	235568
ADAR	1.77811e+06	2.07441e+06	629628	1.18988e+06
ADCK5	57161.5			
ADCY6	139513			144884
ADD1	2.27237e+06	2.59467e+06	732378	2.13882e+06
ADD2	955891	1.47853e+06		853589
ADD3	2.87199e+06	2.62634e+06	778604	2.72075e+06
ADGRE2	352662	411737		
ADGRE3	92426.5	359752	40284.4	
ADGRE5	3.56119e+06	3.74757e+06	5.52361e+06	3.00265e+06
ADGRG1	102637	76634.6	144589	99831.9
ADGRG3	70673.8	338037	60130.7	
ADGRL2	169208	273132	148832	152595
ADH1B	3.59298e+07	1.32034e+07	1.13814e+07	3.33627e+07
ADH1C	1.38034e+07	235634	4.65107e+06	1.44042e+07
ADH5	1.08787e+07	9.28969e+06	1.00205e+07	1.1563e+07
ADH6	742520		630315	865767
ADI1	641868	693908	1.66358e+06	853416
ADIPOQ	186597	393154	160466	256852
ADISSP	667254	1.98368e+06	539369	410448
ADK	3.9143e+06	4.68876e+06	6.72143e+06	4.56392e+06
ADNP	85561.3	70139.1		88976.6
ADO	809862	685290	931386	797222
ADPGK	2.02648e+06	2.78321e+06	2.49756e+06	1.20937e+06
ADPRH	711782	972340	721835	470546
ADPRS	2.2268e+06	2.5009e+06	4.10578e+06	2.17641e+06
ADRM1	1.66643e+06	1.85263e+06	1.71393e+06	1.97762e+06
ADSL	4.66363e+06	2.28392e+06	3.08435e+06	4.90278e+06
ADSS1	58351.1		28088.4	57148.2
ADSS2	2.15338e+06	3.78255e+06	3.97958e+06	2.40631e+06
AEBP1	854389	426121	314050	290382
AFAP1	351188	239774		
AFAP1L2	213625			247609
AFDN	1.6381e+06	1.20933e+06	530444	1.65138e+06
AFG1L	252133	54269.9		326348
AFG2A	558838		168693	688064
AFG2B	374999			498873
AFG3L2	2.98798e+06	1.39769e+06	1.1841e+06	3.02518e+06
AFM	2.26729e+06	3.2796e+06	3.62136e+06	3.4705e+06
AFMID			303515	
AGA	1.40962e+06	2.79117e+06	4.02363e+06	1.71093e+06
AGAP3		248442		
AGFG1	1.0247e+06	1.18407e+06	1.06521e+06	947396
AGFG2	1.02382e+06	527140	1.35348e+06	1.36534e+06
AGK	1.70146e+06	1.08797e+06	1.51406e+06	1.40346e+06
AGL	1.61594e+06	1.44999e+06	2.14808e+06	1.97112e+06
AGMAT	1.37843e+06	1.20682e+06	1.24888e+06	1.8375e+06
AGO1	2.03429e+06	2.02304e+06	887834	2.15441e+06
AGO2	1.06072e+06	1.28306e+06	475209	819277
AGO3	222023	185724		164590
AGPAT1	593260		592107	545357
AGPAT2	672492	281675	571884	699054
AGPAT3	1.13439e+06	901157	691884	835395
AGPAT5	1.1111e+06	525466	814793	1.21835e+06
AGPS	1.72078e+06	1.23002e+06	1.0303e+06	1.63218e+06
AGR2	2.09287e+08	1.29203e+08	3.22848e+08	2.35837e+08
AGR3	8.17214e+06	2.34928e+06	1.22606e+07	9.21831e+06
AGRN	1.16219e+06	1.30413e+06	1.09637e+06	1.08892e+06
AGT	5.09305e+06	6.34091e+06	5.66213e+06	7.81264e+06
AGTRAP	2.82603e+06	1.33551e+06	2.73664e+06	1.36512e+06
AHCY	1.13089e+07	1.37365e+07	1.37642e+07	1.4187e+07
AHCYL1	860685	754328	751787	1.13683e+06
AHCYL2	5.88767e+06	2.84336e+06	6.5681e+06	9.37746e+06
AHNAK	1.65795e+08	7.7867e+07	2.55819e+07	1.55161e+08
AHNAK2	1.18491e+06	494838	304533	718536
AHSA1	4.55523e+06	4.27244e+06	5.26886e+06	5.72452e+06
AHSG	1.00599e+07	1.32248e+07	1.528e+07	1.47137e+07
AIDA	869027	678473	828686	728123
AIF1	2.35876e+06	2.80522e+06	4.46664e+06	2.25404e+06
AIFM1	2.26234e+07	1.58417e+07	1.26884e+07	2.25323e+07
AIFM2	981509	1.01282e+06	1.30152e+06	1.07242e+06
AIMP1	4.57754e+06	2.92239e+06	1.63942e+06	4.93361e+06
AIMP2	1.09939e+06	840617	449708	1.24108e+06
AIP	3.34333e+06	3.46235e+06	3.05881e+06	3.05165e+06
AK1	5.05546e+06	9.00233e+06	7.18392e+06	5.64351e+06
AK2	1.26104e+07	9.72058e+06	1.53183e+07	1.02937e+07
AK3	6.22255e+06	6.2409e+06	6.68738e+06	5.97531e+06
AK4	1.69687e+06	373572	1.5763e+06	2.04716e+06
AKAP1	264689		89589.6	339982
AKAP12	1.63954e+06	872499	641675	2.05198e+06
AKAP13	203980	226910	194804	217875
AKAP2	1.05066e+06	497157	291010	841253
AKAP8	274183	283854		240102
AKAP8L				50494
AKAP9	190357			240557
AKR1A1	1.2722e+07	1.52763e+07	2.83974e+07	1.63071e+07
AKR1B1	5.72321e+06	1.43698e+07	1.35112e+07	8.05214e+06
AKR1B10	1.05066e+06	1.33836e+06	7.52078e+06	3.06574e+06
AKR1C2	447215	50135	433923	505857
AKR1C3	8.54097e+06	4.04734e+06	9.58972e+06	6.83744e+06
AKR1E2	1.5879e+07	1.75694e+07	3.27212e+07	2.17578e+07
AKR7A2	6.99487e+06	5.49227e+06	1.01537e+07	8.95645e+06
AKR7A3	1.96805e+06	1.08717e+06	5.49805e+06	3.40394e+06
AKR7L	625929			564322
AKT1	1.5382e+06	1.38149e+06	1.83934e+06	1.58523e+06
AKT1S1	439774		210092	347325
AKT2	471554	416704	383139	467400
AKTIP	436779	394659		464170
ALAD	2.65137e+06	6.06117e+06	2.43242e+06	2.48834e+06
ALB	1.54715e+09	2.08646e+09	2.32222e+09	2.44107e+09
ALCAM	1.0338e+06	645571	2.19901e+06	1.43798e+06
ALDH16A1	1.74678e+06	1.9035e+06	911177	1.89554e+06
ALDH18A1	2.67593e+06	774517	1.07673e+06	2.83452e+06
ALDH1A1	7.56359e+06	6.23102e+06	8.70607e+06	1.2012e+07
ALDH1A3	1.35403e+06	593798	943188	1.39601e+06
ALDH1B1	1.08029e+07	2.01959e+06	4.86017e+06	1.12188e+07
ALDH1L1	1.73419e+06	1.23332e+06	2.07468e+06	2.74081e+06
ALDH1L2	4.21504e+07	3.81227e+07	2.11242e+07	5.34172e+07
ALDH2	1.82267e+07	9.2671e+06	1.17712e+07	1.8336e+07
ALDH3A1	548559	629965	699434	808345
ALDH3A2	2.46155e+06	2.57585e+06	1.98299e+06	2.81193e+06
ALDH3B1	686859	1.06143e+06	756648	337884
ALDH4A1	1.62124e+06	1.73495e+06	1.10167e+06	1.55758e+06
ALDH5A1	3.66765e+06	1.69092e+06	1.39536e+06	3.55354e+06
ALDH6A1	6.31995e+06	1.55729e+06	4.22701e+06	6.9161e+06
ALDH7A1	6.24441e+06	2.78738e+06	7.82724e+06	7.64139e+06
ALDH9A1	1.41183e+07	8.28212e+06	1.57656e+07	1.6686e+07
ALDOA	4.7209e+07	6.63949e+07	8.56096e+07	5.0825e+07
ALDOB	275409	994415	344793	
ALDOC	2.48913e+06	4.15631e+06	4.37247e+06	3.0419e+06
ALG1	5.16943e+06	3.60825e+06	5.75008e+06	5.53322e+06
ALG11	1.07226e+06	1.07401e+06	1.11891e+06	1.01531e+06
ALG12	774251	538771	465440	621423
ALG13	298527	137802	747475	324358
ALG14	768355	810451	863040	650458
ALG2	2.9879e+06	2.49135e+06	2.43415e+06	2.82353e+06
ALG3	1.03057e+06	1.41084e+06	797731	1.0596e+06
ALG5	2.77316e+06	1.81582e+06	4.16678e+06	2.82915e+06
ALG6	1.38568e+06	1.28806e+06	952048	1.36332e+06
ALG8	658895	1.21319e+06	775714	954843
ALG9	564359	683770	616916	484162
ALKBH5	320371	242915	195294	186074
ALKBH7	447765	356291	439478	438402
ALOX12B	326995	207907	79392.6	192281
ALOX15	1.90963e+06	3.23022e+06	1.99083e+06	778502
ALOX15B		816920		
ALOX5	1.74065e+06	3.49888e+06	616056	674209
ALOX5AP	1.4399e+07	3.3392e+07	6.98765e+06	4.88525e+06
ALPL	1.02705e+06	1.40792e+06	999924	464532
ALYREF	6.53241e+06	4.0604e+06	4.2094e+06	4.8145e+06
AMACR	902811	845215	791416	987537
AMBP	8.00009e+06	1.16476e+07	1.11022e+07	1.24249e+07
AMDHD2	818975	563684	770893	757329
AMFR	493759		296328	409892
AMPD2	951908	1.11693e+06	647560	918470
AMPD3	791910	1.58889e+06	431144	546576
AMT	845290	221577	577572	1.02274e+06
AMY1B			890383	
ANAPC1	429812	349017		447309
ANAPC2	168602	117949		211008
ANAPC4	410003	379693	259735	439751
ANAPC5	198738			176379
ANAPC7	646370	432077		494739
ANG	756482	558171	456095	607525
ANK1	7.56894e+06	1.06999e+07	1.4669e+06	3.57721e+06
ANK2	1.70138e+06	253457	488660	1.3783e+06
ANK3	639644	354575	355907	861009
ANKFY1	1.52377e+06	1.10433e+06	435590	1.49535e+06
ANKMY2	355841	188662	345619	501481
ANKRD13A	420436	551643	391039	296523
ANKRD17	211132	282272	103520	167721
ANKRD22	1.4867e+06	960732	1.06176e+06	1.16208e+06
ANKRD28	361403	772949		320474
ANKRD44	300496	174208	54357	203053
ANKRD49	165971		148433	167043
ANKS1A	670332	343233	259873	710232
ANKS4B	417903		439392	686486
ANO1	155919	56490.6	143462	163761
ANO10	849962	875293	641536	940283
ANO6	1.35061e+06	967336	957554	1.08162e+06
ANO8	163482		315386	178609
ANP32A	1.13771e+07	9.79902e+06	2.82905e+07	1.40939e+07
ANP32B	8.69703e+06	1.14924e+07	1.67709e+07	9.48343e+06
ANP32E	1.0675e+06	933056	1.32966e+06	1.12631e+06
ANPEP	5.06031e+06	1.14247e+07	5.30399e+06	2.67436e+06
ANTXR1	717570	290578	161758	172366
ANTXR2	290528	178393	252666	210736
ANXA1	3.15455e+07	8.39003e+07	2.76415e+07	1.63738e+07
ANXA11	6.36597e+06	7.83657e+06	8.56141e+06	5.44554e+06
ANXA13	2.56722e+06	621085	3.22202e+06	3.29314e+06
ANXA2	1.39343e+08	1.39306e+08	9.59107e+07	1.2166e+08
ANXA3	6.83377e+06	4.33468e+07	1.40049e+07	5.3759e+06
ANXA4	1.85978e+07	2.10225e+07	3.40433e+07	1.63611e+07
ANXA5	9.60271e+07	1.40841e+08	1.30693e+08	7.34939e+07
ANXA6	4.18196e+07	5.37911e+07	4.25118e+07	2.83384e+07
ANXA7	1.09561e+07	1.04151e+07	1.61513e+07	1.02785e+07
AOAH	286357	407682	638168	345951
AOC1	3.83284e+06	1.45588e+06	6.64034e+06	4.93319e+06
AOC3	1.90863e+07	1.12286e+07	2.07591e+07	1.46932e+07
AOX1	639847	903699	673409	787045
AP1B1	3.71753e+06	3.44415e+06	1.77382e+06	3.83593e+06
AP1G1	8.17624e+06	8.3339e+06	3.13148e+06	9.31723e+06
AP1G2	952198	944514	251143	1.10871e+06
AP1M1	1.20033e+07	1.7595e+07	4.4707e+06	8.33088e+06
AP1M2	3.96174e+06	1.83237e+06	1.49659e+06	5.35586e+06
AP1S1	1.76684e+06	1.10434e+06	1.0074e+06	2.1855e+06
AP1S2	964796	1.46836e+06	350179	678092
AP2A1	2.58727e+06	3.16283e+06	923381	1.91837e+06
AP2A2	2.37344e+06	2.09851e+06	785889	2.45989e+06
AP2B1	2.99687e+06	3.61479e+06	1.38112e+06	3.07709e+06
AP2M1	3.67922e+06	3.54131e+06	637834	2.9773e+06
AP2S1	6.50892e+06	7.57696e+06	3.82021e+06	5.58752e+06
AP3B1	2.34452e+06	2.59667e+06	1.07757e+06	1.98656e+06
AP3D1	1.38201e+06	1.54944e+06	676911	1.39515e+06
AP3M1	1.28571e+06	1.7433e+06	594480	1.25118e+06
AP3S1	1.05079e+06	713375	647557	1.0806e+06
AP4S1	84458.2	56133.9	57579.5	68629.7
AP5B1	41223.3			
AP5M1	548679	346151	254431	377903
AP5Z1	349060	275070	390187	315171
APAF1	1.57836e+06	1.83279e+06	896486	1.48269e+06
APBA2		467202		
APBB1IP	539300	849027	296243	292667
APC2			1.35789e+06	783792
APCS	1.41006e+07	1.62755e+07	1.2356e+07	1.35221e+07
APEH	4.31028e+06	6.43595e+06	5.53018e+06	5.74259e+06
APEX1	4.806e+06	4.88103e+06	4.76148e+06	4.42425e+06
APH1A	404337	462454	452980	337427
API5	4.69388e+06	1.90862e+06	2.9045e+06	4.41753e+06
APIP	1.5322e+06	2.14099e+06	1.31431e+06	1.98869e+06
APLP2	120102	96098	137315	
APMAP	1.11353e+07	2.58464e+07	1.41516e+07	7.81889e+06
APOA1	1.18199e+08	5.08742e+07	1.40795e+08	1.8188e+08
APOA2	5.47751e+06	1.75723e+06	8.23755e+06	1.11903e+07
APOA4	5.4795e+06	456796	5.52641e+06	8.32558e+06
APOB	1.69121e+07	2.04095e+07	1.15177e+07	2.41263e+07
APOBEC3C	308418	339836	208535	171408
APOBEC3G		429210	311652	
APOBR	3.9411e+06	1.68714e+06	4.0325e+06	4.82463e+06
APOC1	5.95961e+06	750625	3.81037e+06	4.73828e+06
APOC2	176205		341855	
APOC3	8.29575e+06	2.7834e+06	8.41699e+06	1.02701e+07
APOC4	259783		295994	241287
APOD	7.01193e+06	5.23109e+06	9.69171e+06	7.56591e+06
APOE	8.23981e+06	6.76198e+06	6.25123e+06	7.27686e+06
APOH	4.25252e+07	3.91974e+07	3.06833e+07	3.17506e+07
APOL1	1.74588e+06	887589	1.74761e+06	2.16308e+06
APOL2	1.12687e+06	228553	1.26446e+06	378716
APOL3	585156		702554	300315
APOM	2.27653e+06	1.96469e+06	3.28092e+06	2.79743e+06
APOO	3.0149e+06	1.98279e+06	2.44905e+06	3.21235e+06
APOOL	1.62715e+06	844157	638281	1.43022e+06
APP	444410	353057	491662	296873
APPL1	2.72673e+06	2.44625e+06	1.51769e+06	2.85144e+06
APPL2	1.25445e+06	996919	956868	1.36136e+06
APRT	1.30686e+07	5.2538e+06	2.67679e+07	1.51402e+07
AQP1	1.05786e+06	954736	356718	415364
ARAF	239434	86372.6	150257	324234
ARAP1	1.31065e+06	2.75055e+06	621893	1.1156e+06
ARCN1	6.44825e+06	5.84356e+06	2.7655e+06	6.44855e+06
ARF1	203125			
ARF4	2.46399e+07	1.78981e+07	4.945e+07	2.90508e+07
ARF5	3.88706e+06	1.92263e+06	6.55409e+06	3.69883e+06
ARF6	8.84157e+06	6.45839e+06	1.33255e+07	9.46879e+06
ARFGAP1	1.74185e+06	1.26022e+06	1.21267e+06	1.56193e+06
ARFGAP2	953071	756675	812292	1.2964e+06
ARFGAP3	1.56064e+06	1.9709e+06	1.49152e+06	2.05819e+06
ARFGEF1	2.0234e+06	1.70567e+06	804765	2.25249e+06
ARFGEF2	1.85742e+06	1.34172e+06	628766	2.16748e+06
ARFGEF3	493143		151315	586143
ARFIP1	3.78383e+06	1.13122e+06	4.66745e+06	4.18453e+06
ARFIP2	1.95188e+06	618083	2.86187e+06	2.27495e+06
ARFRP1	308953	204387	442652	262149
ARG1	2.16069e+06	8.90229e+06	1.53456e+06	2.12246e+06
ARGLU1	1.08826e+06	1.11719e+06		764041
ARHGAP1	2.00399e+07	1.24292e+07	1.38984e+07	1.07823e+07
ARHGAP12	308850		173870	298257
ARHGAP17	2.05865e+06	928684	865128	2.52634e+06
ARHGAP18	685224	725483	450815	695093
ARHGAP25	3.19477e+06	3.23804e+06	1.39553e+06	1.85839e+06
ARHGAP26	421379	133093	395792	436624
ARHGAP27	1.2889e+07	1.04655e+07	7.14021e+06	1.19035e+07
ARHGAP32	504534	549280		464969
ARHGAP4	598953	993092	158461	360897
ARHGAP44	155937			217470
ARHGAP45	952406	826260	248228	624217
ARHGAP8	413734	100676	404429	538994
ARHGAP9	139723			
ARHGDIA	2.57297e+07	3.32869e+07	5.65131e+07	2.86399e+07
ARHGDIB	2.99569e+07	7.02258e+07	5.07409e+07	1.94333e+07
ARHGEF1	3.13132e+06	2.50272e+06	1.36397e+06	2.36777e+06
ARHGEF10L	911442	1.02658e+06	607302	1.20325e+06
ARHGEF11	160274			116019
ARHGEF12	85687.8	60901		86166.8
ARHGEF16	2.31773e+06	1.47961e+06	2.47449e+06	2.4397e+06
ARHGEF2	1.08668e+06	1.15498e+06	446965	839365
ARHGEF5	96274.5	45426.9		91986
ARHGEF6	516408	592483	172824	259229
ARHGEF7	1.54942e+06	1.33585e+06	416095	1.18836e+06
ARID1A	291091	147854		237287
ARID2	86253.6	82763.5		60816
ARIH1	652288	332496	132084	870105
ARIH2	225908	305390	115368	238820
ARL1	1.40325e+07	7.88057e+06	1.76298e+07	1.33542e+07
ARL15	1.67662e+06	1.83293e+06	1.59629e+06	1.56416e+06
ARL2	1.42544e+06	1.14893e+06	1.72962e+06	1.57946e+06
ARL3	1.28722e+06	1.74048e+06	2.28379e+06	1.52295e+06
ARL5A	275290	122499	253616	
ARL6IP1	2.76822e+06	2.46922e+06	2.67272e+06	2.21147e+06
ARL6IP4	141537		77682.9	181360
ARL6IP5	1.78569e+07	1.24624e+07	1.38541e+07	9.48157e+06
ARL8A	2.33284e+06	2.63835e+06	3.23185e+06	1.95799e+06
ARL8B	4.67736e+06	5.51187e+06	5.58692e+06	2.71831e+06
ARMC1	865114	203900	841257	851038
ARMC10	1.57349e+06	346723	1.06765e+06	1.4885e+06
ARMC8	512956	230740	157063	507449
ARMCX1	46572.8	24548		
ARMCX2	119496			
ARMCX3	854365	642722	455494	778128
ARMH3	2.36156e+06	1.38634e+06	1.40541e+06	2.30698e+06
ARMT1	810175	1.15287e+06	1.47343e+06	958777
ARPC1A	3.95594e+06	2.88039e+06	3.02146e+06	4.55756e+06
ARPC1B	1.05545e+07	1.52458e+07	6.5384e+06	7.90296e+06
ARPC2	1.64481e+07	2.38917e+07	9.29702e+06	1.22994e+07
ARPC3	2.06117e+07	2.56934e+07	1.62124e+07	1.62836e+07
ARPC4	4.06703e+07	4.59316e+07	2.29451e+07	2.87045e+07
ARPC5	1.26627e+07	1.95347e+07	1.21865e+07	1.06515e+07
ARPC5L	6.60095e+06	5.26354e+06	6.17791e+06	5.47294e+06
ARPIN	2.76428e+06	956901	4.07137e+06	3.07911e+06
ARPP19	312090		846721	759731
ARR3	1.77872e+06	748808	1.90589e+06	1.57651e+06
ARRB1	1.71996e+06	822107	1.92485e+06	1.74101e+06
ARRB2	648622	804485	594413	548071
ARRDC1	424577	455833	511984	535262
ARSA	1.38647e+06	2.10392e+06	3.79787e+06	2.02138e+06
ARSB	808933	1.13069e+06	996811	595826
ARSL	509666	521392	1.12089e+06	713048
ASAH1	1.19591e+07	1.76625e+07	1.92171e+07	1.37934e+07
ASAP1	276114	602503		203084
ASAP2	104055	126894		160786
ASB15			243791	146784
ASCC1	233185	263775	138302	204851
ASCC2	447232	313747	139009	260950
ASCC3	328901	234032		372349
ASF1A	303697	302673	421446	325270
ASH2L	1.69966e+06	1.27486e+06	361106	1.68646e+06
ASL	6.56317e+06	4.72834e+06	7.95277e+06	7.84822e+06
ASMTL	886129	803815	631581	1.17896e+06
ASNS	652707	864461	2.09845e+06	1.07677e+06
ASPA	519124		402912	663486
ASPH	3.67603e+06	3.15737e+06	1.64951e+06	2.21406e+06
ASPN	1.83646e+06	412099	662789	1.98232e+06
ASPRV1	1.04719e+06	1.34799e+06	1.34615e+06	1.16647e+06
ASPSCR1	1.78571e+06	1.31949e+06	1.3614e+06	1.92628e+06
ASRGL1	973683	792982	1.36489e+06	868659
ASS1	1.3208e+07	5.1824e+06	3.0815e+07	1.02394e+07
ATAD1	2.68053e+06	1.31276e+06	1.49996e+06	2.62046e+06
ATAD3A	1.63624e+06	1.35922e+06	881785	1.29569e+06
ATAD3B	232942		57853.9	192771
ATE1	302662	228958	164149	355106
ATF1	38897		72286.8	129214
ATG16L1	529114	363856		584572
ATG3	1.72463e+06	816655	2.35716e+06	2.0968e+06
ATG4B	600598	502228	748268	707004
ATG4C	80872.5	114014	139329	138558
ATG5	672007	508140	338447	637414
ATG7	1.22977e+06	1.70976e+06	971632	1.22841e+06
ATG9A	412279	350602	233019	359201
ATIC	8.78295e+06	9.00847e+06	1.24672e+07	9.65346e+06
ATL1	610629	109523	198676	208752
ATL2	891727	614814	1.00414e+06	953967
ATL3	5.49507e+06	2.69525e+06	3.78279e+06	3.47606e+06
ATM	719501	582104	69062.3	567984
ATOX1	1.53556e+06	1.16067e+06	4.58241e+06	1.9418e+06
ATP11A	233574	337063	160893	69349.7
ATP11B	669097	1.11149e+06	767826	656018
ATP13A1	2.80527e+06	2.46903e+06	2.0824e+06	2.47029e+06
ATP13A3	506165	233006	397019	413064
ATP1A1	9.42202e+07	4.0367e+07	1.27939e+08	1.13455e+08
ATP1B1	2.1015e+07	7.93042e+06	3.18213e+07	2.7187e+07
ATP1B3	8.11326e+06	6.25979e+06	1.08838e+07	7.14796e+06
ATP2A2	7.63152e+06	4.87914e+06	4.40494e+06	6.61363e+06
ATP2A3	6.49117e+06	4.67096e+06	3.42911e+06	5.63159e+06
ATP2B1	1.6721e+06	1.38392e+06	1.71488e+06	1.74074e+06
ATP2B4	1.88393e+06	1.31772e+06	1.21056e+06	1.4172e+06
ATP2C1	722086	328424	423371	612999
ATP5F1A	1.43806e+08	1.3164e+07	8.26524e+07	1.34894e+08
ATP5F1B	9.72589e+07	4.91608e+06	9.23283e+07	9.11635e+07
ATP5F1C	1.34058e+07	2.5052e+06	5.47667e+06	1.07921e+07
ATP5F1D	1.24802e+07	889970	1.48094e+07	1.31333e+07
ATP5IF1	4.28887e+06	3.17552e+06	4.02671e+06	4.86929e+06
ATP5ME	1.09506e+07	195570	8.05956e+06	1.34272e+07
ATP5MF	4.73268e+07	2.85827e+07	2.84426e+07	4.97088e+07
ATP5MG	3.98545e+07	6.00655e+06	2.92062e+07	4.01313e+07
ATP5MJ	6.22879e+06	2.29471e+06	9.94701e+06	5.80582e+06
ATP5MK	1.17739e+07	5.48238e+06	1.21972e+07	1.09919e+07
ATP5PB	2.03554e+07	6.88947e+06	9.96659e+06	1.90777e+07
ATP5PD	1.78619e+07	1.86321e+06	9.75358e+06	1.7903e+07
ATP5PF	1.50379e+06	125552	899016	2.93918e+06
ATP5PO	1.72012e+07	4.72861e+06	7.10667e+06	1.50378e+07
ATP6AP1	2.93772e+06	4.61796e+06	4.59616e+06	2.31876e+06
ATP6AP2	479445	312340	470215	462724
ATP6V0A1	1.31433e+06	1.58738e+06	1.33791e+06	1.5964e+06
ATP6V0A2	454371	462025	264624	386421
ATP6V0C	1.35269e+06	1.70911e+06	1.57988e+06	1.15449e+06
ATP6V0D1	2.32941e+06	454477	2.4424e+06	2.04107e+06
ATP6V1A	8.68197e+06	3.06456e+06	7.21466e+06	7.27879e+06
ATP6V1B2	5.49368e+06	4.75091e+06	5.39792e+06	4.80824e+06
ATP6V1C1	1.38087e+06	2.07447e+06	955480	1.22768e+06
ATP6V1D	3.30976e+06	1.55989e+06	2.51126e+06	3.34501e+06
ATP6V1E1	4.03794e+06	2.986e+06	3.30133e+06	3.56782e+06
ATP6V1G1	6.24e+07	5.34417e+07	3.76227e+07	4.97991e+07
ATP6V1H	2.24641e+06	1.65934e+06	1.25352e+06	1.98206e+06
ATP8A1	466732	537866	336442	420075
ATP8B1	1.18712e+06	180482	1.55987e+06	1.69197e+06
ATP9A	558127	308778	338439	531829
ATPAF1	296469	129354	264468	391672
ATPAF2	654271	341703	517438	666626
ATRAID	668260	845933	818897	620959
ATRN	871340	1.19768e+06	1.20497e+06	1.14152e+06
ATXN10	1.11903e+06	302774	1.0809e+06	1.54566e+06
ATXN2	106785	115081		101353
ATXN2L	1.77417e+06	886593	1.18516e+06	1.86864e+06
ATXN3	466573		461893	559276
AUH	2.46375e+06	1.2397e+06	1.64152e+06	2.61244e+06
AUP1	978428	243757	607061	839876
AVEN	327769			336322
AVL9	489586	339193	471665	617911
AXL	575385	553988	297638	334680
AZGP1	6.21862e+06	7.84432e+06	7.81852e+06	8.81958e+06
AZU1	1.11358e+07	1.08385e+08	1.50393e+07	825112
B*13:02:01:01	1.48137e+07	1.23675e+07	3.26495e+07	9.97909e+06
B*35:01:01:01	5.56328e+06	6.55198e+06	1.43016e+07	3.2724e+06
B2M	3.3677e+07	1.94425e+07	8.42116e+07	2.72946e+07
B3GALT5	1.68214e+06	358723	3.5232e+06	2.37499e+06
B3GALT9	746273	1.12369e+06	527867	553402
B3GAT3	481806	364253	241932	327986
B3GLCT	96040.4	290435	217124	
B3GNT3	1.28339e+06	567361	2.0695e+06	1.51401e+06
B3GNT6	1.62254e+06	472539	2.6041e+06	1.96924e+06
B3GNT7	2.58289e+06	288453	2.92592e+06	2.86806e+06
B4GALNT2	394995		297860	355335
B4GALT1	1.51229e+06	1.48877e+06	2.21419e+06	1.20803e+06
B4GALT3	380890	153879	412253	435261
B4GALT4	786847	269184	890204	780778
B4GALT7	241411	222932	111634	165973
B4GAT1	911069	675183	1.05248e+06	862257
BABAM1	544195	405848	314691	581110
BABAM2	710468	501902	817769	1.07651e+06
BACE2	557982		422843	384113
BAD	467916	258950	664914	556621
BAG1	519629	587549	515709	672995
BAG2	464283	840135	295322	507381
BAG3	1.18742e+06	599347	1.01258e+06	1.18477e+06
BAG5	559949	615462	557556	748648
BAG6	4.96331e+06	711538	3.4922e+06	5.63246e+06
BAIAP2	119615	183981	88370.9	138629
BAIAP2L1	361211		280369	483507
BAK1	1.0731e+06	745123	1.66584e+06	1.07804e+06
BANF1	1.00589e+06	218709	2.44114e+06	3.3983e+06
BAP18	2.02005e+06	1.17112e+06	2.00192e+06	1.73129e+06
BASP1	4.88052e+06	5.22424e+06	5.83461e+06	3.24555e+06
BAX	2.99022e+06	5.25423e+06	7.33366e+06	3.97105e+06
BCAM	1.4652e+06	773637	860714	1.03344e+06
BCAP29	650505	555332	296773	412715
BCAP31	1.24254e+07	1.19865e+07	8.56936e+06	9.92732e+06
BCAR1	487723	202467	314107	407741
BCAS1	3.66122e+06	954310	3.51037e+06	4.70015e+06
BCAS2	291482			222041
BCAT1	1.01944e+06	1.50011e+06	898429	
BCAT2	3.74901e+06	1.88284e+06	3.51844e+06	4.53837e+06
BCCIP	682952	137217	738322	771190
BCHE	822766	751828	819244	896877
BCKDHA	2.07656e+06	753523	1.07676e+06	2.29942e+06
BCKDHB	1.89764e+06	1.26643e+06	1.44919e+06	2.51025e+06
BCKDK	108806	94156.6	21047.4	90877
BCL10	480903	467549	586140	709604
BCL2	359695	304396	336702	331209
BCL2L1	2.16145e+06	1.81251e+06	2.37691e+06	1.7252e+06
BCL2L13	1.24334e+06	58419.7	1.30324e+06	1.3634e+06
BCL2L14	380996		370181	421288
BCL2L15			1.15721e+06	488657
BCL3	297499	230379	256085	309697
BCL7C	682480	420507		635971
BCLAF1	1.36406e+06	442204	340758	978241
BCS1L	862049	530578	425347	782900
BDH1	6.35584e+06	765932	5.76506e+06	7.54409e+06
BDH2	1.86109e+06	1.74484e+06	1.52267e+06	1.9703e+06
BEST2	71864.9		47176.9	167704
BEST4			138171	191569
BET1	893203	707714	1.22589e+06	803807
BET1L	466582		686898	482136
BGN	1.79447e+07	1.74114e+06	4.70511e+06	6.34969e+06
BICD2	298582	184070		151865
BID	1.0286e+06	356049	2.79242e+06	1.16182e+06
BIN1	1.12474e+06	529828	772400	1.01068e+06
BIN2	512743	922368	422013	338805
BIN3	365876	144011	179597	452474
BIRC6	285673	250247	67982.1	385186
BLMH	4.96942e+06	8.02757e+06	7.2331e+06	6.53077e+06
BLOC1S1	621253	298170	428618	762794
BLOC1S3	387791		590727	344399
BLOC1S4	142743	127191	167972	276338
BLOC1S5	577740	320896	354287	525691
BLVRA	6.00054e+06	1.16934e+07	7.72223e+06	4.71428e+06
BLVRB	1.58843e+07	3.69545e+07	1.82372e+07	1.36786e+07
BNIP1	888572	717084	498984	894466
BNIP2	213763	302003	117879	111543
BOD1L1	647705	831856	56708.6	297632
BOK	53978.1			
BOLA2	3.73533e+06	1.44129e+06	7.45337e+06	4.67668e+06
BOLA3	191038	125336	263227	
BORCS5	2.34713e+06	1.32944e+06	1.58657e+06	2.21714e+06
BORCS6	277614	175281	249152	277240
BPGM	3.48718e+06	9.68296e+06	2.21511e+06	2.50179e+06
BPHL	1.60094e+06	1.09344e+06	830447	1.76962e+06
BPI	3.41015e+06	2.47202e+07	2.64054e+06	431717
BPNT1	2.97284e+06	2.55117e+06	6.1153e+06	3.34005e+06
BPNT2	4.49095e+06	3.57856e+06	6.85817e+06	4.09297e+06
BRAT1	134640			168031
BRCC3	534666	356833	355479	607066
BRD4	79998.8		126610	100672
BRD8		108751		
BRI3	274293		389491	247364
BRI3BP	1.94648e+06	2.29487e+06	2.04831e+06	2.09605e+06
BRIX1	149300	63828.6		64314.3
BROX	5.73636e+06	5.66683e+06	4.57648e+06	6.46024e+06
BSCL2	814781	812705	541867	810504
BSDC1	742031		1.06573e+06	1.0281e+06
BSG	6.39115e+06	9.53187e+06	1.20694e+07	5.90041e+06
BST1	842385	4.24061e+06	1.3804e+06	444422
BST2	1.4297e+06	1.30492e+06	2.27506e+06	1.12279e+06
BTAF1	402654		248772	381502
BTC	59719.9		127019	69488.2
BTD	1.2186e+06	921974	2.01642e+06	1.62827e+06
BTF3	2.82825e+06	1.32759e+06	3.00668e+06	2.68906e+06
BTF3L4	1.85613e+06	1.00089e+06	1.98896e+06	4.26365e+06
BTK	180920	481924	311168	
BTN2A1	164197	144799	200957	113492
BTN3A2	444353	190774	569830	262771
BTN3A3	712705	502697	926707	578763
BUB3	2.72148e+06	2.93309e+06	1.91984e+06	2.51086e+06
BUD31	115642	176964	161537	100741
BYSL	174236	102670	74883.1	163601
BZW1	4.63436e+06	2.83343e+06	3.6811e+06	4.90221e+06
BZW2	1.71191e+06	1.07985e+06	1.11019e+06	1.89665e+06
C*04:01:01:01	7.68892e+06	7.07311e+06	1.65685e+07	5.52855e+06
C*06:02:01:01	2.52404e+06	1.80398e+06	4.7021e+06	1.8805e+06
C10orf67		766682	948291	1.76041e+06
C11orf54	4.05235e+06	3.92233e+06	7.1958e+06	5.34848e+06
C11orf68	1.50452e+06	1.44004e+06	2.02564e+06	1.20446e+06
C11orf98	55573.9			96261.9
C17orf75	308126	41651.3	137336	353994
C18orf32	301517	219691	514095	236517
C18orf63	1.57939e+06	2.40226e+06	1.43274e+06	1.90822e+06
C19orf12	360487	192664	506464	289950
C1GALT1	870747	537175	910374	702311
C1GALT1C1	247697	206011	312471	192695
C1QA	6.02879e+06	7.14654e+06	2.98158e+06	4.54518e+06
C1QB	1.31566e+07	1.10283e+07	6.73551e+06	1.07454e+07
C1QBP	6.3406e+06	5.81678e+06	8.78464e+06	8.78837e+06
C1QC	8.47251e+06	8.14019e+06	3.28975e+06	6.84662e+06
C1QTNF3			206959	346041
C1R	2.5178e+06	3.27937e+06	1.73637e+06	2.1796e+06
C1RL	571309	486456	595816	595318
C1S	5.52142e+06	6.88245e+06	3.60978e+06	4.85976e+06
C2	2.34365e+06	2.86598e+06	2.59467e+06	2.55205e+06
C2CD2L	33705.2	32179.5		
C2CD5	733619	608707	535594	789719
C2orf69	181505	188316	190788	213258
C2orf72	386481		578684	434245
C2orf76	99092.6	176295	210187	115083
C3	5.25358e+07	6.66703e+07	3.89046e+07	7.03242e+07
C4A	1.1261e+07	1.26614e+07	8.39611e+06	1.44313e+07
C4B	8.83297e+06	9.77031e+06	7.73542e+06	1.13189e+07
C4BPA	9.43229e+06	1.05294e+07	2.50904e+06	7.62606e+06
C4BPB	466543	508114		431668
C4orf33	438971	145107	697895	446725
C5	3.01662e+06	3.83137e+06	1.73817e+06	3.57253e+06
C5AR1		509447	153621	
C5orf22		36303.1	55077.4	46792.6
C6	1.34836e+06	1.93782e+06	1.08742e+06	2.04516e+06
C6orf136	57642.9			
C7	3.81938e+06	4.81437e+06	3.50451e+06	4.91383e+06
C7orf25	65757	66002.9	30829.7	31910.3
C7orf50	301861	199280	166726	357637
C8A	1.91193e+06	2.74035e+06	1.56526e+06	2.33868e+06
C8B	3.11811e+06	4.63899e+06	2.71202e+06	3.81136e+06
C8G	2.13706e+06	2.47365e+06	1.61573e+06	2.48456e+06
C8orf33	275549		164635	327249
C8orf82	2.89849e+06	1.73979e+06	3.69629e+06	2.82951e+06
C9	5.44194e+06	8.11143e+06	5.48652e+06	7.97253e+06
CA1	1.30099e+08	3.4516e+08	1.57458e+08	9.3801e+07
CA12	1.83444e+06	969670	6.02837e+06	2.99704e+06
CA13			370045	288488
CA2	4.36152e+07	6.64204e+07	8.63711e+07	4.90237e+07
CA3	2.68973e+06	6.11608e+06	1.54373e+06	1.47856e+06
CA4	416874	555166	996384	461217
CA5B	483319		217435	176268
CA7			335636	416899
CA8	73621.5		92936.9	478668
CAB39	2.55288e+06	3.87731e+06	2.92517e+06	2.58733e+06
CAB39L	192797	182143	120509	271708
CACFD1	285476		611568	340140
CACNA2D1	1.2539e+06	1.54464e+06	1.51457e+06	1.00057e+06
CACYBP	5.82107e+06	5.92742e+06	6.1573e+06	5.79293e+06
CAD	5.61118e+06	4.5612e+06	2.30208e+06	6.50187e+06
CADM1	480033	616868	726904	619670
CADM3	776886		1.08469e+06	1.45683e+06
CADM4	277033	191661	262295	458121
CADPS	125585			93927.8
CALB2	1.48676e+06	229889	2.41524e+06	3.44159e+06
CALCOCO2	80691.2			177063
CALD1	2.06138e+07	5.76197e+06	2.91591e+06	8.24381e+06
CALHM5	327145	700131	299659	63764.6
CALHM6	275172	239049	326435	
CALM1	2.08977e+06	566112	5.85622e+06	4.97517e+06
CALML4	691940	91986.1	1.68504e+06	1.21562e+06
CALML5	2.3128e+06	3.2354e+06	1.18802e+06	1.38171e+06
CALR	7.8404e+07	1.07057e+08	1.88058e+08	8.05902e+07
CALU	1.11126e+07	991951	1.57295e+07	9.35893e+06
CAMK1	217241		142732	142361
CAMK1D	731631	145826	590704	829451
CAMK2D	2.52499e+06	1.17028e+06	756108	3.11423e+06
CAMK2G	598093	518199		483842
CAMK4	600999	756396	433473	865473
CAMP	9.94285e+06	1.32503e+08	1.88576e+07	1.3185e+06
CAMSAP3	252530		134279	265311
CAND1	9.83695e+06	3.50637e+06	3.49876e+06	1.03029e+07
CANT1	3.75405e+06	1.66051e+06	5.55745e+06	3.47133e+06
CANX	2.58248e+07	3.46767e+07	3.66646e+07	2.41517e+07
CAP1	3.70507e+07	5.39448e+07	2.57827e+07	3.51061e+07
CAP2	515909	329351	77415.6	368471
CAPG	1.93134e+07	3.06388e+07	1.82242e+07	1.17335e+07
CAPN1	9.44082e+06	1.13932e+07	6.70161e+06	9.34289e+06
CAPN2	9.69677e+06	7.50541e+06	9.67998e+06	1.19389e+07
CAPN5	2.31176e+06	635282	2.97728e+06	3.11156e+06
CAPN7	634643	551909	259767	595735
CAPN9	696532	120533	413801	812465
CAPNS1	7.7198e+06	3.31427e+06	9.27466e+06	9.18423e+06
CAPRIN1	1.69457e+06	1.94024e+06	1.67172e+06	1.8224e+06
CAPS	434829	144721	418007	989245
CAPZA1	1.35187e+07	1.88761e+07	1.40546e+07	1.48665e+07
CAPZA2	4.83669e+06	5.09232e+06	4.13176e+06	5.21023e+06
CAPZB	1.4268e+07	2.12367e+07	1.25501e+07	1.36082e+07
CARD16	2.45649e+06	223477	2.64554e+06	2.56269e+06
CARD19	918251	565411		986868
CARD8	169630	113116	138523	246446
CARD9	45505.2	17083.6		
CARHSP1	1.03383e+07	1.52332e+07	2.04567e+07	1.13112e+07
CARM1	1.7003e+06	1.5525e+06	1.67395e+06	1.5567e+06
CARMIL1	1.00182e+06	395082	411121	1.20464e+06
CARNMT1	235468	369758	361776	330839
CARS1	2.81471e+06	3.92834e+06	2.27584e+06	3.13022e+06
CARS2	1.2357e+06	870163	668298	1.17069e+06
CASD1	888728	337207	947038	1.16844e+06
CASK	1.96494e+06	1.04194e+06	1.09583e+06	2.33778e+06
CASP1	5.63113e+06	3.76839e+06	6.9708e+06	5.25451e+06
CASP10	796972	1.14971e+06	1.1784e+06	1.0916e+06
CASP14	3.22601e+06	3.5102e+06	2.5915e+06	3.43392e+06
CASP3	2.0065e+06	2.09331e+06	4.36703e+06	2.35693e+06
CASP4	380311	630085	332809	203064
CASP6	2.7245e+06	1.40762e+06	5.65341e+06	4.53031e+06
CASP7	1.37323e+06	770478	2.11087e+06	1.30866e+06
CASP8	2.48037e+06	4.18187e+06	2.99976e+06	3.47135e+06
CAST	5.73903e+06	2.59543e+06	4.73116e+06	6.91428e+06
CAT	1.90583e+07	5.0893e+07	1.71181e+07	1.35674e+07
CAV1	2.85184e+06	2.3598e+06	595402	3.21057e+06
CAV2	628451	977899	249416	718910
CAVIN1	1.01331e+07	2.03851e+06	1.59511e+06	9.02809e+06
CAVIN2	2.07513e+06	678689	395162	1.86889e+06
CAVIN3	2.06621e+06	481061	374299	1.61476e+06
CBFB	1.31726e+06	1.38087e+06	1.67836e+06	1.15822e+06
CBL	312581	523062	254802	275338
CBLN4	7.16543e+06		4.82668e+06	1.13503e+07
CBR1	1.48987e+07	1.54808e+07	3.36031e+07	1.7761e+07
CBR3	5.68849e+06	3.82519e+06	7.89015e+06	4.28349e+06
CBR4	4.71686e+06	2.95233e+06	3.21243e+06	5.49406e+06
CBX1	1.72263e+06	1.65341e+06	891172	1.67232e+06
CBX3	2.52029e+06	2.83181e+06	1.22018e+06	2.10963e+06
CBX5	211877	149977	108743	197374
CC2D1A	733558	591280	537160	885016
CCAR1	832753	771702	253960	846403
CCAR2	3.24925e+06	1.17295e+06	823448	3.18145e+06
CCDC115	521137	197343	441514	453231
CCDC124	484004	960595	536846	560295
CCDC127	104679	88825.9	30434.9	65715.3
CCDC134	907592	893315	878349	715831
CCDC168	3.42551e+06	6.38364e+06	2.86825e+06	949610
CCDC186	793175	445475	654794	823733
CCDC22	4.06957e+06	1.65476e+06	1.13977e+06	4.34577e+06
CCDC25	421513	549721	564306	435857
CCDC33	3.77353e+06	5.71765e+06	6.31844e+06	4.21344e+06
CCDC43	327201	207798	546773	504769
CCDC47	1.71762e+06	1.35366e+06	1.4574e+06	1.49272e+06
CCDC50	364059	273911	237572	229051
CCDC51	797357	526255	581436	714731
CCDC6	3.10816e+06	1.91632e+06	2.0624e+06	3.578e+06
CCDC88A		56390.8		29506.8
CCDC88B	399435	463901		257797
CCDC9	402169		421737	587676
CCDC90B	687344			583572
CCDC93	1.02768e+06	804730		1.01361e+06
CCL15	232682	80187.4	1.03301e+06	262979
CCL24	2.10282e+06	2.87848e+06	3.31019e+06	2.29169e+06
CCNDBP1	296664	343497	240557	309642
CCNK	550792	529346	252507	366535
CCNY	622106	169760	236989	321195
CCNYL1	249504	217972	249630	265871
CCR1	375299	329425	324723	102945
CCR10	286901	259469	751130	622910
CCS	1.87723e+06	1.59924e+06	2.92316e+06	2.30178e+06
CCT2	8.15831e+06	4.24964e+06	5.81795e+06	8.54719e+06
CCT3	8.07154e+06	2.25189e+06	5.41911e+06	9.33836e+06
CCT4	9.80254e+06	3.61334e+06	7.41156e+06	1.06569e+07
CCT5	6.1988e+06	3.47851e+06	4.4476e+06	7.14697e+06
CCT6A	1.01245e+07	5.0906e+06	6.4183e+06	1.03856e+07
CCT6B	2.18951e+06	1.30559e+06	1.94424e+06	2.33462e+06
CCT7	6.73235e+06	3.3964e+06	5.47448e+06	7.52672e+06
CCT8	1.05841e+07	7.09781e+06	9.62463e+06	1.19018e+07
CCZ1	900724	773732	649922	857754
CD101	722787	1.05157e+06	591583	495790
CD109	516374	683132	556198	436858
CD14	2.94224e+06	3.4541e+06	4.7162e+06	1.86362e+06
CD151	3.17695e+06	2.6426e+06	6.88928e+06	4.46769e+06
CD163	3.41985e+06	3.20393e+06	3.77781e+06	2.27287e+06
CD163L1	583310	813114	847894	1.25833e+06
CD177	1.65723e+06	9.67758e+06	5.94292e+06	1.51673e+06
CD180	540980	597513	1.01109e+06	533823
CD2	564334	351743	268794	194301
CD200	112166	63937.3	64716.6	
CD200R1	105901	302046	134786	
CD209	706092	489686	658602	877769
CD248	665361	733069	343173	433771
CD27		234234	645959	391516
CD276	2.07924e+06	2.45246e+06	1.896e+06	1.19089e+06
CD2AP	3.04074e+06	1.50762e+06	1.82479e+06	3.96817e+06
CD2BP2	366069	351240	298068	512368
CD300A	319583	616045	557514	268839
CD300LF	288293	368784	293849	193787
CD302	249823	291430	328998	260552
CD33		185771		
CD34	891044	446177	550081	578224
CD36	2.14839e+06	2.35587e+06	1.99913e+06	2.12562e+06
CD37	622505	452590	464106	194798
CD38	1.74262e+06	3.32436e+06	7.55319e+06	2.13836e+06
CD3D	298205		179831	
CD3E	985744	596973	827381	513349
CD3G	445985	328857	412089	125968
CD4	243561	185313	144227	135378
CD40	1.75947e+06	2.85895e+06	2.5033e+06	785804
CD44	1.37345e+07	1.70846e+07	2.11214e+07	9.01047e+06
CD46	1.85746e+06	1.69333e+06	4.31493e+06	2.5541e+06
CD47	8.856e+06	8.75752e+06	1.09852e+07	6.4931e+06
CD48	728470	561164	1.08712e+06	552484
CD5	1.88093e+06	1.27674e+06	2.1141e+06	839407
CD53	4.21521e+06	7.03773e+06	5.97935e+06	3.0724e+06
CD55	1.051e+06	2.25497e+06	1.59423e+06	927009
CD58	1.60482e+06	1.78725e+06	2.34591e+06	1.11008e+06
CD59	3.22859e+06	4.15828e+06	1.06019e+07	3.65025e+06
CD5L	2.79289e+06	4.48409e+06	2.11251e+06	3.86556e+06
CD6	1.22574e+06	1.35679e+06	1.46085e+06	1.21832e+06
CD63	2.35573e+07	3.88131e+07	3.74678e+07	1.94086e+07
CD68	2.53009e+06	3.42315e+06	3.25474e+06	1.70663e+06
CD69	72239.2	49838.1	79390	24948.5
CD7	626351		889075	
CD74	8.24494e+06	3.60102e+06	1.11178e+07	4.19531e+06
CD81	4.36435e+06	5.73357e+06	7.45296e+06	4.20049e+06
CD82	1.94654e+06	3.11225e+06	1.66292e+06	1.07974e+06
CD84	642200	559181	304785	
CD8A	446043		560754	321114
CD9	8.5288e+06	6.19587e+06	1.58996e+07	1.09877e+07
CD93	848524	1.91448e+06	619548	460831
CD99	1.79965e+06	338988	2.9231e+06	2.61702e+06
CDA	2.37312e+06	1.054e+07	9.12912e+06	2.9639e+06
CDC123	675105	380203	461298	587159
CDC16	381260	182357		423530
CDC23	556905	395911	90702.2	590893
CDC27	191981	113795		195524
CDC34	644769	590155	816894	700743
CDC37	8.00103e+06	7.78182e+06	6.6205e+06	8.91391e+06
CDC42	1.44888e+07	1.62611e+07	2.56273e+07	1.47266e+07
CDC42BPB	1.60034e+06	1.75892e+06	718217	1.74004e+06
CDC42EP4	801357		817615	894562
CDC42EP5	652747		481580	694656
CDC42SE2	1.81449e+06		2.17204e+06	2.04931e+06
CDC5L	1.39808e+06	931980		1.01961e+06
CDC73	389840	392813		272244
CDCP1	746797	603911	1.3024e+06	921388
CDH1	6.31955e+06	1.86019e+06	7.33836e+06	9.36391e+06
CDH11	602010		263136	356525
CDH13	1.36599e+06	1.29701e+06	1.11033e+06	872435
CDH17	1.63432e+07	2.37252e+06	3.21048e+07	2.2064e+07
CDH5	647283	648996	482432	739445
CDHR5	461604	186348	1.02708e+06	650601
CDIPT	4.91038e+06	3.51105e+06	3.36918e+06	2.97701e+06
CDK1	752923	169504	691387	742324
CDK2	1.24937e+06		1.21725e+06	2.33489e+06
CDK5	518302	149329	384939	567803
CDK5RAP3	1.5557e+06	359792	1.15764e+06	1.63507e+06
CDK6	914152	916346	1.0206e+06	999990
CDK7	540654	539793	255496	435300
CDK9	575891	245581	157021	418084
CDKL1	1.04e+06		491949	977165
CDKN1B	266518	131722	377943	346426
CDKN2AIP	1.29064e+06	635130	548515	1.31054e+06
CDS1	215346	64846.1	110992	221604
CDS2	2.82795e+06	1.70811e+06	2.19939e+06	1.87426e+06
CDSN	698073	4.2924e+06		1.19009e+06
CDV3	2.18092e+06	2.14759e+06	6.1298e+06	4.51817e+06
CDX2			15393.4	57754.8
CEACAM1	1.45234e+06	4.37882e+06	3.16595e+06	622592
CEACAM5	7.73965e+06	9.52203e+06	1.65594e+07	4.29816e+06
CEACAM6	6.71192e+06	2.19433e+07	2.81695e+06	434040
CEACAM7	3.75073e+06	1.16008e+06	3.254e+07	2.72821e+06
CEACAM8	1.39387e+06	5.81372e+06	2.48249e+06	
CEBPZOS	171709	94057.3	124632	130976
CELA3A			691619	
CELF1	992033	760413	926621	945221
CELF2	2.52093e+06	2.47729e+06	1.94239e+06	2.05696e+06
CEMIP2	905771	1.01999e+06	913837	714677
CEND1			24880.6	
CENPJ	113848	45776.2	137249	67692.5
CENPV	196383			44196.4
CEP170	73738.6	20468.3		32565.3
CEPT1	2.2385e+06	2.34384e+06	956545	1.9385e+06
CERS2	3.07814e+06	2.20044e+06	2.41441e+06	2.5352e+06
CERS6	856812	630088	1.20088e+06	1.27092e+06
CERT1	1.57727e+06	2.04422e+06	1.44416e+06	1.72489e+06
CES1	2.48204e+06	2.74416e+06	2.86955e+06	1.70706e+06
CES1P1	2.32282e+06	2.21746e+06	2.33724e+06	1.31364e+06
CES2	6.91036e+06	1.73599e+06	1.9642e+07	9.46078e+06
CES3	679598	157612	1.3715e+06	972424
CETN2	512937	728643	215804	304266
CFAP20	2.41317e+06	2.21006e+06	1.98862e+06	2.55373e+06
CFB	1.77097e+07	2.46814e+07	1.83544e+07	2.55008e+07
CFD	2.00315e+07	1.6478e+07	1.42398e+07	1.46009e+07
CFDP1	440193	316880	367779	599495
CFH	2.25072e+07	3.17647e+07	1.52498e+07	2.53501e+07
CFHR1	673037	907322	274959	580630
CFHR2	290520	825138	358250	382974
CFHR5	206286	316718	146017	232418
CFI	2.21305e+06	3.48946e+06	2.88494e+06	3.03973e+06
CFL1	8.39406e+07	7.16389e+07	1.60304e+08	1.00397e+08
CFL2	1.50766e+06	1.13657e+06	1.54505e+06	1.41767e+06
CFP	729129	2.31316e+06	673986	574858
CGGBP1	333420	243925	164566	252941
CGN	568334	368596	250392	839155
CGREF1	120499		74472	85792.3
CHAMP1	143835	66133.4		169186
CHCHD1	742338		999672	836470
CHCHD3	3.56034e+06	2.20695e+06	532757	3.49017e+06
CHCHD4	214290		441736	371823
CHCHD6	556753	260441	405133	638898
CHCHD7	453369	328934	1.00945e+06	574486
CHD4	1.71906e+06	1.17249e+06		1.54435e+06
CHDH	4.11859e+06	560901	2.05656e+06	4.97588e+06
CHERP	477314	181910	26359.2	348329
CHGA	4.76249e+06	397211	1.33753e+07	2.16761e+07
CHGB	4.83763e+06		7.10326e+06	9.111e+06
CHI3L1	2.03166e+06	9.34539e+06	1.65037e+06	450715
CHID1	2.08862e+06	1.93522e+06	1.96127e+06	2.30789e+06
CHIT1	263170	2.66726e+06	373557	
CHKB	747260	882194	1.07903e+06	704882
CHL1	425192	215925	558184	678300
CHM	159994	107633	181568	
CHMP1A	776188	731161	1.27012e+06	1.09556e+06
CHMP1B	2.01433e+06	2.50181e+06	2.48939e+06	2.70945e+06
CHMP2A	2.13661e+06	310529	3.03006e+06	3.37143e+06
CHMP2B	1.04042e+06		1.22687e+06	1.57388e+06
CHMP3	1.6701e+06	1.46825e+06	1.57288e+06	2.19975e+06
CHMP4A	864545	804509	1.65185e+06	1.10495e+06
CHMP4B	3.09706e+06	463244	5.69142e+06	4.83321e+06
CHMP5	1.05236e+06	638244	1.30403e+06	1.45161e+06
CHMP6	1.44922e+06	1.06032e+06	1.39783e+06	1.16089e+06
CHMP7	371977	273403	423160	370724
CHORDC1	1.20692e+06	1.3629e+06	1.20845e+06	1.46152e+06
CHP1	1.79244e+06	1.11857e+06	2.03455e+06	1.97525e+06
CHP2	411810		412282	528775
CHRAC1	795513		704472	831033
CHRNE	58326.1	1.04851e+06	115900	290801
CHST14	336343	381694	215441	160639
CHST5	856110	433146	1.58484e+06	827790
CHTOP	614239		256827	671126
CHUK	202304	241163		225690
CHURC1	265785	3.97871e+06	807311	380090
CIAO1	1.1881e+06	910013	1.20289e+06	1.26224e+06
CIAO2A	1.58269e+06	811644	1.74244e+06	1.66588e+06
CIAO2B	311179		212242	570575
CIAO3	458008	535529	564720	452828
CIAPIN1	3.20723e+06	2.2942e+06	4.11256e+06	4.02447e+06
CIB1	712868		944034	838619
CIRBP	4.69724e+06	4.23862e+06	6.12791e+06	4.44593e+06
CISD1	3.96776e+06	2.77e+06	4.08568e+06	3.25065e+06
CISD2	5.41848e+06	6.35782e+06	7.85344e+06	5.16028e+06
CISD3	741001		675492	785643
CKAP4	9.01944e+06	4.99733e+06	2.69429e+06	7.09996e+06
CKAP5	1.14425e+06	947859	269712	1.02494e+06
CKB	5.84636e+07	1.37094e+07	1.27759e+08	1.14079e+08
CKM	1.13729e+06			857131
CKMT1A	2.06946e+07	6.64815e+06	2.74283e+07	2.35564e+07
CKS1B	244690		724215	301921
CLASP1	399020	445140		361016
CLASP2	600088	251513		616024
CLC	9.56517e+07	2.04625e+08	1.51089e+08	5.43206e+07
CLCA1	5.43217e+07	5.50188e+06	3.81691e+07	7.52285e+07
CLCA4	1.93661e+07	1.99165e+06	1.07051e+07	2.54313e+07
CLCC1	1.09405e+06	702393	719027	1.04318e+06
CLCN3	382132	296591	499349	434093
CLCN7	1.29176e+06	697396	700953	667270
CLDN3	5.73379e+06	1.47508e+06	2.07125e+07	9.45235e+06
CLDN4	1.03428e+06	419710	3.9094e+06	1.79245e+06
CLDN5	424439	316813	327688	300796
CLDN7	2.45775e+06	866113	1.0979e+07	4.54548e+06
CLDND1	285578	307959	281757	363523
CLEC12A		1.34096e+06	600394	
CLEC14A	311099	292847		
CLEC16A	68073.8	45413.2		72387.5
CLEC2B	332044	372898	315694	
CLEC3B	1.76692e+06	3.51776e+06	1.62016e+06	1.86987e+06
CLIC1	7.68892e+07	6.45416e+07	1.17306e+08	8.1177e+07
CLIC2	2.06857e+06	1.75489e+06	2.0065e+06	2.12602e+06
CLIC4	5.74052e+06	6.74184e+06	4.58648e+06	4.21269e+06
CLIC5	485106		895587	328914
CLIC6	3.07969e+06		1.35624e+06	1.65256e+06
CLINT1	1.90719e+06	1.3615e+06	1.29435e+06	1.98268e+06
CLIP1	1.11609e+06	1.19975e+06	441347	993352
CLIP2	798788	566464	480432	820729
CLMN	760334	342565	403082	1.04914e+06
CLN5	760108	952643	1.63115e+06	694580
CLN6	656398		559735	576248
CLN8	228679	89333.2		159175
CLNS1A	1.13847e+06	387576	1.73042e+06	1.77441e+06
CLP1	525511	642596	277290	488797
CLPB	2.05609e+06	1.31747e+06	1.30162e+06	2.07517e+06
CLPP	1.71178e+06	252405	2.52551e+06	1.94104e+06
CLPTM1	3.10119e+06	3.94604e+06	4.50261e+06	2.68509e+06
CLPTM1L	1.65797e+06	1.6438e+06	2.03675e+06	1.64436e+06
CLPX	671299		413478	736250
CLRN3			786999	456888
CLTA	5.14538e+06	1.90621e+06	4.14986e+06	7.09137e+06
CLTB	2.33225e+06	652249	1.58969e+06	2.98129e+06
CLTC	1.51331e+07	1.35532e+07	1.68736e+06	1.82196e+07
CLU	8.37027e+06	7.03758e+06	8.10293e+06	1.18808e+07
CLUH	1.38238e+06	558384	1.00699e+06	2.11612e+06
CLYBL	1.68294e+06	646228	838051	1.85926e+06
CMA1	1.70625e+06	647853	715146	
CMAS	2.7148e+06	1.06509e+06	1.04932e+06	3.29581e+06
CMBL	8.48843e+06	4.75939e+06	1.59311e+07	1.11731e+07
CMC1	2.35935e+06	1.78736e+06	4.33424e+06	3.12462e+06
CMC2	618137	508164	753164	650768
CMC4	398599	225788	573286	333596
CMIP	356479		191972	428387
CMPK1	1.97237e+07	9.25195e+06	2.3561e+07	2.21131e+07
CMPK2	2.17015e+06	1.3114e+06	2.30787e+06	1.601e+06
CMTM4	391028		680966	547367
CMTM5	308159	140694		
CMTM6	1.38596e+06	1.17103e+06	1.18103e+06	1.01465e+06
CMTM7	698384	748671	629962	435851
CMTR1	386714	342661	177584	244166
CNBP	2.06991e+06	3.13333e+06	1.46612e+06	3.21552e+06
CNDP1	251041	40603.1	144122	352870
CNDP2	2.17399e+07	1.05014e+07	3.3385e+07	2.46182e+07
CNEP1R1	425627	292718	226046	291961
CNIH4	2.09239e+06		1.63233e+06	1.87106e+06
CNN1	1.72504e+07	7.11394e+06	5.03609e+06	7.59928e+06
CNN2	1.37817e+07	7.37616e+06	7.51927e+06	6.36189e+06
CNN3	4.78438e+06	2.93865e+06	3.34568e+06	3.41089e+06
CNNM2	35848.3			
CNNM3	109507		97875.1	151758
CNNM4	1.75383e+06	546437	1.75691e+06	2.11042e+06
CNOT1	2.68272e+06	2.27036e+06	465874	2.86413e+06
CNOT10	188214	220294		227797
CNOT11	195139			265205
CNOT2	946044	292320		1.01816e+06
CNOT3	375978	384610	157376	379126
CNOT6L	376627	298834	189774	359101
CNOT7	418383	296658		551161
CNOT9	729084	697176	393779	714076
CNP	2.14037e+06	1.98286e+06	1.90852e+06	1.86755e+06
CNPY2	6.87998e+06	8.57488e+06	1.64069e+07	6.98856e+06
CNPY3	1.60439e+06	1.35557e+06	1.56826e+06	1.11951e+06
CNPY4	590991	450785	756873	478010
CNRIP1	1.2276e+06	1.28039e+06	1.28098e+06	1.11714e+06
CNTNAP1	317936	315383	136387	79076.3
COA3	1.07991e+06	240191	1.21556e+06	1.3378e+06
COA5	285928		271415	230500
COA6	1.31079e+06	745382	2.65e+06	1.22759e+06
COA7	832096	806245	1.06262e+06	880494
COASY	1.88939e+06	1.10266e+06	2.08622e+06	2.17379e+06
COG1	2.33336e+06	1.43468e+06	310216	2.63117e+06
COG2	848633	489735	139843	905995
COG3	1.96092e+06	1.12522e+06	902482	2.38158e+06
COG4	1.45418e+06	1.36273e+06	509379	1.47637e+06
COG5	1.43722e+06	1.05788e+06	322936	1.43081e+06
COG6	1.10656e+06	500911	244008	1.18007e+06
COG7	1.13967e+06	704768	346566	1.32181e+06
COG8	1.58868e+06	942624	463690	1.60102e+06
COL12A1	1.04081e+07	8.92385e+06	662312	4.47407e+06
COL14A1	1.53906e+07	7.1875e+06	1.82509e+06	8.26275e+06
COL15A1	1.55214e+07	2.09238e+07	7.30602e+06	3.16266e+06
COL16A1		199356		62798.1
COL18A1	4.33961e+06	6.14714e+06	2.20622e+06	1.56458e+06
COL1A1	8.61672e+06	1.26479e+07	4.33289e+06	4.34136e+06
COL1A2	3.08673e+06	4.06608e+06	418817	1.16552e+06
COL28A1	510569		23217.2	563370
COL2A1	248624	363454	350626	279155
COL3A1	1.14179e+06	3.25995e+06	462623	554542
COL4A1	276450	488451		126167
COL4A2	1.0029e+06	1.16254e+06	387950	413273
COL5A1	410495	609901		
COL5A2	172855	341882		
COL6A1	5.0701e+06	5.97843e+06	1.43577e+06	4.72821e+06
COL6A2	4.94155e+06	5.73453e+06	1.54226e+06	4.32468e+06
COL6A3	9.0931e+06	1.18913e+07	4.29081e+06	6.65221e+06
COL7A1	152288	400504		
COLEC12	160949	103565		77369.2
COLGALT1	3.1663e+06	3.86601e+06	1.9078e+06	1.91068e+06
COMMD1	381853	358593	286263	446413
COMMD10	895439	856637	169858	906032
COMMD2	2.39389e+06	1.4208e+06	741794	2.21664e+06
COMMD3	458340	117781	122859	515470
COMMD4	535793	432978	250281	557270
COMMD5	841339	208444	414034	1.02714e+06
COMMD7	1.12633e+06	729246	400489	1.13854e+06
COMMD9	487082	109931	191909	586025
COMT	6.62464e+06	1.53138e+06	6.93938e+06	5.95054e+06
COMTD1	472629	232304	683880	812255
COPA	1.10866e+07	9.72854e+06	1.93988e+06	1.14617e+07
COPB1	1.76425e+07	6.87009e+06	3.29615e+06	1.90279e+07
COPB2	1.09122e+07	9.34843e+06	3.33922e+06	1.23511e+07
COPE	4.47412e+06	1.90169e+06	4.30411e+06	4.36369e+06
COPG1	6.99297e+06	3.95469e+06	1.99506e+06	7.56424e+06
COPG2	944931	555998	360814	935774
COPS2	2.16082e+06	2.16573e+06	935308	2.31448e+06
COPS3	2.46301e+06	2.90256e+06	1.10463e+06	2.51072e+06
COPS4	2.29533e+06	2.02735e+06	936253	2.23418e+06
COPS5	1.79007e+06	2.11755e+06	1.21368e+06	2.04591e+06
COPS6	1.55754e+06	1.47368e+06	788753	1.75998e+06
COPS7A	1.07871e+06	400402	458840	963419
COPS7B	916830	282632	397828	735123
COPS8	2.59288e+06	1.49763e+06	1.31204e+06	2.32019e+06
COPZ1	4.00074e+06	433841	5.12849e+06	5.41508e+06
COQ3	798949	332832	1.34773e+06	1.02601e+06
COQ5	1.64598e+06	374771	1.47313e+06	1.72413e+06
COQ6	1.12124e+06	419067	1.17264e+06	1.14848e+06
COQ7	1.25566e+06	76612.9	1.65615e+06	1.37662e+06
COQ8A	990054	597486	677548	895670
COQ8B	200047		126870	204555
COQ9	2.2562e+06	270877	2.67356e+06	2.62097e+06
CORO1A	2.25289e+07	4.4383e+07	1.20366e+07	1.16244e+07
CORO1B	6.58479e+06	5.97997e+06	3.67501e+06	6.36598e+06
CORO1C	1.63994e+07	1.71661e+07	6.37747e+06	9.94737e+06
CORO2A	316277	176341	204277	367121
CORO7	8.22285e+06	9.1349e+06	7.52571e+06	8.59191e+06
COTL1	3.07865e+07	4.26651e+07	4.45796e+07	2.06392e+07
COX11	306912	176822	515559	329390
COX15	3.15165e+06	2.82005e+06	3.23524e+06	3.35022e+06
COX16	215565		293234	270547
COX19	508335		1.25105e+06	747036
COX20	2.33046e+06	1.44222e+06	2.04662e+06	2.16434e+06
COX4I1	3.9357e+07	2.00313e+07	3.68951e+07	3.92429e+07
COX5A	1.08006e+07	1.07244e+06	8.22547e+06	1.39714e+07
COX5B	1.63488e+07	3.59793e+06	1.44188e+07	2.4296e+07
COX6B1	1.37805e+07	1.84372e+06	2.12694e+07	1.77037e+07
COX6C	2.73228e+07	1.36167e+07	1.8825e+07	2.62309e+07
COX7A1	1.01243e+06	589415	379462	904008
COX7A2	2.83676e+07	7.52405e+06	3.07418e+07	2.87391e+07
COX7A2L	3.70843e+06	1.03595e+06	3.64608e+06	4.18675e+06
COX7B	1.1153e+07	4.22727e+06	7.60273e+06	1.20193e+07
COX7C	1.45126e+06	467835	835667	2.3944e+06
CP	8.83655e+06	1.04043e+07	1.04013e+07	1.35826e+07
CPA3	4.00023e+06	1.41049e+06	361416	365363
CPA4	186924	803851	232720	315817
CPB1			727524	
CPB2	1.26894e+06	1.37666e+06	986495	1.23659e+06
CPD	9.21929e+06	4.99667e+06	1.54073e+07	1.04197e+07
CPE	928697	370206	987267	756330
CPM	3.8851e+06	3.202e+06	2.92747e+06	2.5393e+06
CPN1	369025	604205	373457	497894
CPN2	1.22543e+06	1.46392e+06	1.54331e+06	1.57146e+06
CPNE1	3.24768e+06	2.62077e+06	2.11775e+06	2.19111e+06
CPNE2	564215	572821	319127	488246
CPNE3	6.18581e+06	6.32684e+06	6.37194e+06	6.14385e+06
CPNE8	86516.3	109983	60116.6	94300.5
CPOX	1.87902e+06	1.76902e+06	1.21615e+06	1.60006e+06
CPPED1	4.6371e+06	8.83079e+06	7.61585e+06	4.91485e+06
CPQ	1.47206e+06	1.49626e+06	1.28572e+06	1.00288e+06
CPSF1	720543	658762	563860	531257
CPSF2	1.10918e+06	814458		1.12047e+06
CPSF3	479799	467510	171374	322905
CPSF4	316918			279152
CPSF6	3.48527e+06	2.03952e+06	1.14234e+06	3.23747e+06
CPSF7	2.84779e+06	2.03981e+06	855991	2.41616e+06
CPT1A	5.13061e+06	3.76306e+06	4.03743e+06	5.06158e+06
CPT2	3.85374e+06	2.52231e+06	3.97405e+06	4.00541e+06
CPTP	192774	56131.1	192614	290491
CPVL	5.36608e+06	5.61006e+06	1.03897e+07	8.50357e+06
CR1	288188	1.58605e+06		
CRABP1	381363	328265	1.1122e+06	689257
CRABP2	311894	488740	167416	129119
CRACR2A	305250		59893.9	413292
CRADD	257125	138419	401265	280299
CRAT	766325	524151	554488	713115
CREB1	1.13112e+06		858995	1.05647e+06
CREG1	2.37619e+06	2.66081e+06	2.73744e+06	1.42224e+06
CRELD1	516260	585243	685345	371729
CRELD2	2.42873e+06	3.68757e+06	7.59139e+06	3.06881e+06
CRIP1	1.98275e+07	6.5458e+06	2.4259e+07	2.51527e+07
CRIP2	5.85909e+06	868602	730932	4.34286e+06
CRISP3	102112	4.59317e+06	812323	
CRISPLD2		248891		
CRK	2.59669e+06	1.61865e+06	4.85021e+06	2.99893e+06
CRKL	3.01474e+06	2.5136e+06	3.43668e+06	2.96297e+06
CRLF3	1.37368e+06	1.46566e+06	1.17484e+06	1.11099e+06
CRMP1	577439	420289	296877	822169
CRNKL1	321574	315818	543073	239307
CROT	170382	272896	147522	162915
CRP	2.88923e+06	1.85411e+06	252882	3.1469e+06
CRPPA	257030		125515	359308
CRTAP	2.50491e+06	2.69065e+06	1.46397e+06	1.17801e+06
CRYAB	2.91305e+06	1.06422e+06	1.49062e+06	4.27559e+06
CRYBG1	577025	528864	414384	759567
CRYL1	2.75166e+06	1.50974e+06	2.55249e+06	3.58892e+06
CRYM	1.62429e+06	128961	1.44252e+06	2.07092e+06
CRYZ	6.12515e+06	5.07752e+06	5.24791e+06	5.67235e+06
CRYZL1	559868	465618	444403	546968
CS	1.73252e+07	1.29512e+07	1.14999e+07	1.75147e+07
CSDE1	2.83053e+06	3.02832e+06	1.70035e+06	3.34167e+06
CSE1L	5.04562e+06	4.93842e+06	3.35609e+06	5.38981e+06
CSF1R	58568.2		24103.3	30079.7
CSGALNACT2	170324	451506	112848	114598
CSK	3.13618e+06	3.46521e+06	2.01513e+06	2.49738e+06
CSNK1A1	879625	722196	516668	1.06986e+06
CSNK2A2	367027	178092	225373	335900
CSNK2B	553105	138897	437047	742622
CSPG4	9.91163e+06	9.68585e+06	6.49769e+06	8.07084e+06
CSRP1	1.52804e+07	6.53026e+06	3.69199e+06	1.00244e+07
CSRP2	2.66385e+06	1.72344e+06	201068	810786
CST3	6.48236e+06	3.78757e+06	1.15188e+07	8.78094e+06
CST6		197742		211090
CST7	180031	1.03189e+06	200162	
CSTA	3.62865e+06	4.69061e+06	5.16067e+06	3.61333e+06
CSTB	2.88406e+07	2.56341e+07	5.31746e+07	2.64147e+07
CSTF1	995943	696671	371719	780837
CSTF2	682858		984850	1.01576e+06
CSTF2T	363296		204668	428524
CSTF3	1.06461e+06	1.03544e+06	329674	925014
CTBP1	2.08002e+06	323705	2.12086e+06	2.06399e+06
CTBP2	1.2585e+06	363231	1.03493e+06	1.27975e+06
CTBS	1.69305e+06	2.91548e+06	3.30544e+06	1.43925e+06
CTDNEP1	804681	481653	686271	575015
CTDP1	528110	298573	297807	511901
CTDSP1	592702	370844	930255	568441
CTH	599312	397199	1.02965e+06	781530
CTHRC1	667953	825697	388989	
CTNNA1	5.57399e+06	2.633e+06	3.46554e+06	7.83268e+06
CTNNA2	1.67441e+06		975966	2.30288e+06
CTNNB1	6.01606e+06	2.77983e+06	3.68267e+06	8.09455e+06
CTNNBL1	662614	545575	399263	461668
CTNND1	5.0478e+06	1.01991e+06	3.27092e+06	6.70015e+06
CTPS1	1.1675e+06	697600	1.14416e+06	1.06311e+06
CTPS2	2.5518e+06	699252	2.07688e+06	2.98163e+06
CTR9	523719	370620	493213	440847
CTRC			205045	
CTSA	1.35962e+07	2.08392e+07	2.52844e+07	1.3491e+07
CTSB	4.21926e+07	4.26921e+07	4.69645e+07	2.4251e+07
CTSC	1.30743e+07	2.03448e+07	3.17651e+07	1.78842e+07
CTSD	8.67764e+07	9.13737e+07	1.08421e+08	6.35916e+07
CTSE	3.43723e+06	6.65049e+06	9.786e+06	6.55839e+06
CTSG	1.05978e+07	9.10161e+07	5.94969e+06	1.41588e+06
CTSH	5.092e+06	8.10734e+06	6.45327e+06	3.03102e+06
CTSL	4.25247e+06	4.62784e+06	4.21173e+06	3.61739e+06
CTSS	9.06556e+06	1.16308e+07	2.39433e+07	1.11318e+07
CTSZ	1.6933e+07	2.17698e+07	2.49673e+07	1.44784e+07
CTTN	4.01451e+06	1.21776e+06	3.18413e+06	4.96592e+06
CTTNBP2NL	120671	72896.8		162373
CUL1	1.68455e+06	1.84898e+06	683064	1.55627e+06
CUL2	1.13328e+06	1.36877e+06	411342	1.09007e+06
CUL3	1.4458e+06	1.90929e+06	626280	1.44525e+06
CUL4A	1.15749e+06	783474	336934	1.10622e+06
CUL4B	1.30278e+06	1.41006e+06	1.08106e+06	1.29433e+06
CUL5	1.74294e+06	1.66728e+06	788207	1.77736e+06
CUTA	2.16904e+06	638806	3.23201e+06	2.70407e+06
CUTC	382268	421141	501005	446428
CUX1	1.04908e+06	596088	466306	936383
CWC15	384574	269299	347187	525914
CWF19L1	386559	388593	210679	317433
CWH43			260360	314022
CXADR	1.33847e+06	660313	2.94035e+06	1.65949e+06
CXCL1		207334		
CXCL5		515929	67310.2	
CXCR1		781816		
CXCR2	184581	479420	148257	
CXCR4	601549	2.20135e+06		608875
CXorf38	759108	400589	425139	775175
CYB561	653242	515240	872705	781051
CYB561A3	185322	334630	249140	96233.8
CYB561D2	973444	1.03793e+06	1.00581e+06	693544
CYB5A	4.37403e+06	704716	6.22819e+06	4.4626e+06
CYB5B	5.79154e+06	3.65749e+06	8.78158e+06	5.38221e+06
CYB5R1	3.05607e+07	2.9834e+07	2.40827e+07	2.28357e+07
CYB5R2	477971	562527	969730	499710
CYB5R3	4.3195e+07	4.45696e+07	3.61838e+07	2.69839e+07
CYB5R4	134509	252146	178131	155803
CYBA	7.80643e+06	1.58343e+07	6.96902e+06	3.10204e+06
CYBB	7.95594e+06	7.92062e+06	6.47799e+06	3.07513e+06
CYBC1	3.06943e+06	2.16577e+06	2.57326e+06	1.62171e+06
CYBRD1	2.39006e+06	2.67506e+06	1.9608e+06	1.49357e+06
CYC1	6.48003e+06	4.00773e+06	5.26157e+06	7.16905e+06
CYCS	3.41971e+07	2.6208e+07	4.12722e+07	2.50708e+07
CYFIP1	5.76771e+06	3.24843e+06	1.38158e+06	5.8447e+06
CYFIP2	663031	583279	136931	500579
CYGB	1.731e+06	2.76395e+06	2.35666e+06	2.19257e+06
CYLD	242057	298907		163791
CYP20A1	1.14314e+06	758531	1.1303e+06	1.00936e+06
CYP27A1	2.81566e+06	1.27702e+06	686737	1.3871e+06
CYP2J2	198445		380686	649185
CYP2S1	1.52929e+06	612683	882674	1.72292e+06
CYP4F12			271924	358660
CYP4F3	157396	1.9448e+06		
CYP51A1	4.7872e+06	3.30537e+06	8.62937e+06	9.14671e+06
CYP7B1	1.2461e+06	1.70002e+06	477345	574015
CYRIA	599384	620029	762661	636844
CYRIB	5.4149e+06	5.4209e+06	6.30976e+06	4.05204e+06
CYSTM1	1.37199e+06		2.29559e+06	1.17984e+06
CYTH1	429677	686821	258964	266566
CYTH4		437328		
CZIB	1.94456e+06	2.28225e+06	2.433e+06	2.15145e+06
D2HGDH	472420	226573	552107	627567
DAAM1	343056	505800		194051
DAB2	802408	1.05877e+06	603923	910708
DAD1	5.45633e+06	4.29119e+06	9.86899e+06	7.39301e+06
DAG1	1.88091e+06	567316	2.41885e+06	1.91633e+06
DAGLB	392159	464436	580674	304492
DAP	1.78934e+06		2.9574e+06	2.17043e+06
DAP3	2.81493e+06	2.08106e+06	1.13915e+06	3.57099e+06
DARS1	1.13725e+07	3.71705e+06	5.83267e+06	1.1467e+07
DARS2	1.00255e+08	6.34702e+07	5.90289e+07	1.02344e+08
DAZAP1	3.1757e+06	2.26604e+06	3.35277e+06	3.64589e+06
DBI	2.07961e+07	1.68752e+06	5.25074e+07	2.49711e+07
DBN1	1.46217e+06		639415	1.41554e+06
DBNL	5.52761e+06	6.69077e+06	6.23645e+06	5.17342e+06
DBR1	111655			
DBT	2.08795e+06	1.05296e+06	391380	3.19847e+06
DCAF1	233514	123023		272608
DCAF11	297474	232903	126256	263052
DCAF7	804194	530177	461786	812952
DCAF8	592720	613559	363730	707870
DCAKD	2.08748e+06	1.22664e+06	1.74712e+06	1.84793e+06
DCD	1.24755e+07	2.59783e+06	2.34931e+06	3.52926e+06
DCK	613256	530710	844874	545954
DCLK1	305104	196358		223792
DCN	3.38327e+07	3.77724e+06	1.32077e+07	2.3603e+07
DCPS	2.86596e+06	2.84874e+06	4.13407e+06	3.34475e+06
DCTD	802653	1.05682e+06	991752	926756
DCTN1	1.86656e+06	1.86861e+06	336604	2.02219e+06
DCTN2	8.61071e+06	2.16667e+06	1.97747e+06	9.39115e+06
DCTN3	1.69955e+06	478726	595113	1.88188e+06
DCTN4	1.18515e+06	856816	295549	1.21419e+06
DCTN5	1.3446e+06	900448	1.44128e+06	1.42027e+06
DCTN6	782460	727232	815728	843064
DCTPP1	995446	1.00254e+06	1.99823e+06	1.62492e+06
DCUN1D1	1.27113e+06	1.62771e+06	1.99084e+06	1.38945e+06
DCUN1D4		1.2138e+06	1.72145e+06	799841
DCUN1D5	107431	24284	104851	103928
DCXR	8.37839e+06	4.88838e+06	8.90581e+06	8.9089e+06
DDAH1	1.66458e+07	5.57504e+06	2.26871e+07	2.17776e+07
DDAH2	3.91575e+06	2.53317e+06	3.23822e+06	4.19868e+06
DDB1	4.27727e+06	5.86156e+06	3.38536e+06	4.65488e+06
DDB2	895114	3.25653e+06	828170	1.15213e+06
DDC	1.30012e+06	624957	1.58943e+06	2.4144e+06
DDI2	1.94221e+06	1.34325e+06	2.21053e+06	2.07801e+06
DDOST	2.44857e+07	2.99537e+07	2.13751e+07	2.20091e+07
DDR1	469859	172414	1.04771e+06	878838
DDRGK1	1.21426e+06	803355	658627	1.17874e+06
DDT	1.9014e+06	1.08389e+06	4.36965e+06	2.39409e+06
DDX1	3.97594e+06	2.63357e+06	1.65786e+06	4.28105e+06
DDX17	1.1177e+07	1.11484e+07	6.484e+06	8.7413e+06
DDX18	447654	345544	126102	293189
DDX19B	430516		298065	394195
DDX20	227507	44117.9		172996
DDX21	2.27752e+06	1.61615e+06		1.64144e+06
DDX23	1.07545e+06	964166	810726	946311
DDX24	850751	442818	582610	771960
DDX27	224656	255527		
DDX39A	3.11434e+06	3.19256e+06	3.97875e+06	2.93561e+06
DDX39B	6.07621e+06	5.94097e+06	5.30839e+06	6.14237e+06
DDX3X	3.71962e+06	4.47647e+06	1.91923e+06	2.2939e+06
DDX3Y	769731	732598	393352	401699
DDX42	1.33891e+06	1.82816e+06	410546	1.04648e+06
DDX46	1.73994e+06	1.44465e+06	905655	1.51347e+06
DDX47	173636		32057	86458.9
DDX5	2.54146e+06	2.17782e+06	863208	1.53591e+06
DDX50	300823	143334		184933
DDX55	5.85326e+06	4.42252e+06	8.89769e+06	8.5374e+06
DDX6	4.44092e+06	5.11703e+06	3.34522e+06	4.70375e+06
DDX60	724988	540720	291691	475653
DECR1	1.41706e+07	6.05735e+06	1.02028e+07	1.36824e+07
DECR2	1.26949e+06	585196	1.15656e+06	1.488e+06
DEF6	687752	816037	317013	543665
DEFA1		707233	79571.7	
DEFA3	101417	1.35638e+06	149639	
DEFA4	1.58021e+06	4.2172e+07	6.60995e+06	
DEFA5	626198	986063	330693	511979
DEFA6		630388	1.80537e+06	600297
DEGS1	825801	597874	542322	415085
DEK	3.53593e+06	2.46806e+06	1.91534e+06	2.23802e+06
DENND10		127147		
DENND11	455935	123103	372982	470441
DENND4C	580174	557254	387398	804469
DENR	1.46014e+06	621587	1.04254e+06	1.29045e+06
DERA	2.16265e+06	2.86649e+06	1.07759e+06	2.61655e+06
DERL1	4.51455e+06	4.3296e+06	4.65144e+06	3.72252e+06
DERL2	1.03521e+06	405010	920830	937310
DERL3	517494	726752		
DES	3.07543e+06		575979	2.70893e+06
DESI1			81246.9	
DFFA	582408	513684	836691	906122
DFFB	150861	195969	229479	292697
DGAT1	1.1726e+06	861867	858009	1.33461e+06
DGKA	685549	684874	473556	541344
DGKQ	182053	100714	78029.4	193228
DGLUCY	4.18077e+06	891869	874926	3.73834e+06
DGUOK	1.24797e+06	1.01755e+06	626115	1.04446e+06
DHCR24	597175	345511	792701	1.02576e+06
DHCR7	1.30435e+06	825433	1.33542e+06	1.62532e+06
DHFR	456933		980639	686710
DHODH	891524	642417	970056	850167
DHPS	609183	506046	626115	604397
DHRS1	3.11497e+06	903265	3.49035e+06	2.53682e+06
DHRS11	2.2058e+06	903117	3.68218e+06	2.51182e+06
DHRS13				101478
DHRS3	680819		577712	607880
DHRS4	2.14833e+06	195643	2.29443e+06	1.87242e+06
DHRS7	6.7223e+06	5.51079e+06	5.46827e+06	5.70264e+06
DHRS7B	1.54312e+06	895226	939986	1.20685e+06
DHRS9			1.37667e+06	931640
DHRSX	646255	684110	660612	451726
DHTKD1	1.6221e+06	962410	1.35936e+06	1.87014e+06
DHX15	2.12107e+06	2.75929e+06	1.2191e+06	1.8248e+06
DHX16	468928	554254	349692	322708
DHX29	611587	556023	269960	482188
DHX30	656051	355369	302262	605896
DHX32	659331	297989	416132	863883
DHX36	331686	351066	163209	299730
DHX38	2.68213e+06	2.92022e+06	1.59066e+06	2.47383e+06
DHX58	31581.3	38428.1		
DHX9	6.26355e+06	5.04101e+06	1.89006e+06	5.79334e+06
DIABLO	2.17714e+06	332277	2.69961e+06	2.46626e+06
DIAPH1	2.33796e+06	1.47664e+06	877669	2.10311e+06
DIAPH2	981988	673105	307471	886267
DICER1	76842.7	87380		86209.9
DIDO1	502585	404130		357656
DIMT1	182576		55584.8	144528
DIP2B	297432	307737	231543	400970
DIPK1A	259791	261641	326351	312932
DIPK2A	225298	173309	270888	207719
DIS3	769562	685056	327536	712455
DIS3L2	1.30929e+06	1.4336e+06	1.12564e+06	1.4357e+06
DKC1	1.02344e+06	668611	293345	905405
DLAT	4.66976e+06	2.89938e+06	832644	5.94765e+06
DLD	1.23482e+07	7.38831e+06	8.2243e+06	1.21324e+07
DLG1	1.58872e+06	1.03544e+06	948937	1.63884e+06
DLG3	382871	162260	416887	326371
DLGAP4	786009	787685	795572	795367
DLST	1.48063e+07	9.62645e+06	4.61745e+06	1.52471e+07
DMAC2L	680105	357402	646330	809360
DMAP1	208234	51972		178257
DMBT1	1.2216e+06	4.98736e+06	319780	
DMD	635103	604239		321995
DMTN	1.70522e+06	1.77189e+06	649277	1.06119e+06
DNA2	84070.2	71066.8		63432.9
DNAAF5	697588		360417	879579
DNAJA1	2.22689e+06	2.20826e+06	766729	1.96334e+06
DNAJA2	1.31511e+06	1.12428e+06	511371	1.46963e+06
DNAJA3	1.28904e+06	852066	652896	1.25149e+06
DNAJB1	1.87228e+06	1.18514e+06	1.55835e+06	2.21415e+06
DNAJB11	3.53271e+06	5.3189e+06	4.24475e+06	3.66e+06
DNAJB12	641213	590706	241966	532777
DNAJB2	659045	251410	511932	529729
DNAJB4	881535	464920	292547	413186
DNAJB6	843815	499140	487504	890342
DNAJC1	569922	939576	517347	481355
DNAJC10	1.04841e+06	1.28536e+06	917546	925230
DNAJC11	2.88598e+06	1.55548e+06	1.20482e+06	2.59975e+06
DNAJC13	2.58348e+06	2.5713e+06	569813	2.88344e+06
DNAJC17		106543	84078.5	65584.8
DNAJC19	780984	594888	737689	793517
DNAJC2	1.76638e+06	2.06361e+06	602645	1.992e+06
DNAJC3	1.95481e+06	2.58397e+06	2.55552e+06	1.83977e+06
DNAJC5	1.11782e+06	2.38781e+06	1.98702e+06	1.17781e+06
DNAJC7	1.98356e+06	1.85552e+06	1.31893e+06	1.98553e+06
DNAJC8	3.5828e+06	3.74132e+06	2.707e+06	3.06509e+06
DNAJC9	925052	629346	927591	1.00508e+06
DNASE2	804606	1.1763e+06	2.05774e+06	596991
DNM1	380823	290554		247331
DNM1L	3.44485e+06	1.83452e+06	1.43687e+06	3.02327e+06
DNM2	2.18609e+07	1.6806e+07	1.045e+07	2.33268e+07
DNM3	4.54575e+06	201849	1.33381e+06	3.8565e+06
DNMT1	391912	340798	135407	245474
DNPEP	4.76909e+06	3.07945e+06	2.19037e+06	4.98472e+06
DNPH1	4.14951e+06	1.88578e+06	9.60098e+06	4.94877e+06
DOCK1	856667	782852		629237
DOCK10	603139	390052	259901	570795
DOCK11	558461	552948	431730	451174
DOCK2	932122	1.47769e+06	260236	661643
DOCK5	229282	252139	95780.1	275286
DOCK6	194689			169272
DOCK7	1.38736e+06	1.02693e+06		1.36252e+06
DOCK8	1.02353e+06	1.4045e+06	243436	799642
DOHH	887447		421589	421262
DOK2	1.87745e+06	1.60945e+06	1.53865e+06	1.3367e+06
DOK3	515350	872612	282480	219659
DOLK	168280	250610	90734.9	143863
DOLPP1	679534	430204	898533	686486
DOP1B	1.1263e+06	432993	365228	1.35716e+06
DPAGT1	1.80985e+06	1.69328e+06	2.37244e+06	1.70387e+06
DPB1*03:01:01:01	2.6515e+06	2.70008e+06	4.51985e+06	2.45793e+06
DPB1*17:01:01:01	744234	842256	1.50711e+06	732649
DPCD	242125	244346	377736	352548
DPH1	94111.6	61659	92890.1	126959
DPH2	283994	229125	202935	293085
DPH5	437555	312359	643363	352383
DPM1	2.44101e+06	1.05498e+06	2.59991e+06	1.92336e+06
DPM3	846216		1.17576e+06	1.17911e+06
DPP3	3.20963e+06	4.22662e+06	5.96741e+06	3.30062e+06
DPP4	1.32895e+06	1.61574e+06	1.28725e+06	1.00383e+06
DPP7	6.66093e+06	1.05066e+07	1.65338e+07	9.2539e+06
DPP8	437441	204447	828567	442668
DPP9	1.13856e+06	1.58426e+06	1.19296e+06	1.16395e+06
DPT	274063	113809	153593	148055
DPY19L1	547029	739954	356180	596998
DPY19L3	1.00569e+06	1.39328e+06	588008	704324
DPYD	1.83453e+06	1.84705e+06	1.6023e+06	1.54727e+06
DPYSL2	1.1286e+07	1.24723e+07	7.22156e+06	1.14099e+07
DPYSL3	1.16876e+07	7.00376e+06	3.34638e+06	5.70881e+06
DPYSL5	3.58313e+06	2.92862e+06	1.33587e+06	2.39591e+06
DQB1*02:01:01	1.77774e+06	2.1481e+06	1.6537e+06	913308
DQB1*03:01:01:01	2.93295e+06	2.88724e+06	3.31476e+06	1.87658e+06
DR1	2.00537e+06		2.28575e+06	2.39596e+06
DRAM2	642681		868819	765989
DRAP1	1.30012e+06	431280	1.0214e+06	1.28667e+06
DRB1*04:03:01:01	8.30488e+06	8.52475e+06	1.57976e+07	6.26373e+06
DRB1*07:01:01:01	1.11436e+07	1.12613e+07	2.11357e+07	7.7015e+06
DRB4*01:01:01:01	3.47536e+06	3.91005e+06	4.32171e+06	2.05372e+06
DRG1	894549	819938	594349	771270
DRG2	1.4646e+06	1.33816e+06	1.38899e+06	1.67015e+06
DSC1	876450	3.95324e+06	770987	1.23174e+06
DSC2	2.80364e+06	1.1631e+06	3.23749e+06	3.25318e+06
DSC3	559878	1.60441e+06	431075	618070
DSG1	2.75299e+06	9.24207e+06	1.84131e+06	2.71797e+06
DSG2	1.00909e+07	2.05862e+06	1.10356e+07	1.21168e+07
DSP	9.35454e+06	2.87819e+07	6.43659e+06	1.07162e+07
DSTN	9.87358e+06	8.62258e+06	1.43025e+07	8.7153e+06
DTD1	961834	882983	1.01993e+06	1.05508e+06
DTNA	440887			230720
DTNBP1	396981	388916	170585	385819
DTX3L	452744	207249	80275.7	157513
DTYMK	1.43116e+06	770598	2.25423e+06	1.6041e+06
DUOX2	141632	185643		
DUS2	130687	288464	220173	208549
DUS3L	116986			169523
DUSP12	222184	207514	245654	251527
DUSP22	127077		108709	63007.6
DUSP23	1.44609e+06	433103	1.63203e+06	1.60979e+06
DUSP3	3.19063e+06	1.51988e+06	2.72315e+06	2.16316e+06
DUT	2.86646e+06	1.26304e+06	4.03824e+06	3.21134e+06
DYM	650230	280067	578999	580988
DYNC1H1	1.71337e+07	1.10055e+07	1.79639e+06	1.78359e+07
DYNC1I2	1.10522e+07	7.53818e+06	2.43007e+06	1.22463e+07
DYNC1LI1	1.15839e+06	1.37176e+06	373572	1.20388e+06
DYNC1LI2	3.05437e+06	1.68429e+06	1.5487e+06	3.63384e+06
DYNLL1	9.39101e+06	3.11143e+06	6.27227e+06	1.05953e+07
DYNLL2	2.01614e+06	924810	1.52226e+06	2.68184e+06
DYNLRB1	1.72782e+06		1.62687e+06	2.12601e+06
DYNLT1	633075	586387	394575	740453
DYNLT3	784172	1.10051e+06		839185
DYSF	1.41752e+06	2.56231e+06	445956	718253
E*01:03:01:01	759344	422591	978283	650572
EARS2	902580	95764.3	425210	763673
EBP	8.09318e+06	4.11797e+06	1.40554e+07	9.8071e+06
ECE1	910532	1.04271e+06	1.56e+06	903252
ECH1	1.50719e+07	8.72368e+06	1.42651e+07	1.61562e+07
ECHDC1	2.99063e+06	763184	2.38495e+06	3.20996e+06
ECHDC2	2.18359e+06		2.04392e+06	2.58908e+06
ECHDC3	279104	157811	184690	327009
ECHS1	1.31137e+07	5.10293e+06	1.14378e+07	1.44942e+07
ECI1	7.10979e+06	2.50418e+06	4.34822e+06	8.40243e+06
ECI2	1.64219e+06	366763	975784	2.02326e+06
ECM1	627051	1.46257e+06	700322	615412
ECPAS	1.62243e+06	1.10691e+06	605177	1.70273e+06
ECSIT	360213		306867	460382
EDC3	313273		66390.2	282240
EDC4	1.40754e+06	994814	824421	1.65482e+06
EDEM2	1.16803e+06		1.33108e+06	1.01908e+06
EDEM3	2.69733e+06	2.14642e+06	4.15043e+06	3.21112e+06
EDF1	2.21738e+06	2.09676e+06	2.49988e+06	1.87209e+06
EDNRA	144770	304620	196514	209376
EEA1	3.99637e+06	4.82737e+06	905054	3.91143e+06
EEF1B2	1.45056e+07	6.83486e+06	7.89887e+06	1.47123e+07
EEF1D	2.30002e+07	5.34719e+06	8.57692e+06	2.39393e+07
EEF1E1	1.35542e+06	776421	975245	1.61475e+06
EEF1G	2.3785e+07	2.62687e+07	1.04719e+07	2.20231e+07
EEF2	3.71804e+07	3.80818e+07	4.09181e+07	4.33503e+07
EEFSEC	1.01534e+06	845160	1.0269e+06	1.02122e+06
EFEMP1	3.04644e+06	3.65339e+06	1.75139e+06	2.11929e+06
EFEMP2	1.0969e+06	1.056e+06	673344	585209
EFHD2	9.34591e+06	1.22234e+07	1.09585e+07	7.99724e+06
EFL1	867370	344444	495752	1.01172e+06
EFNB1	876970	505777	1.24488e+06	906638
EFNB2	974802		1.55272e+06	904154
EFTUD2	1.79553e+06	1.23614e+06	502159	1.55019e+06
EGFR	961466	652991	889248	1.11129e+06
EGLN1	21056.6	85717.6		32664.2
EHBP1L1	998825	423278	565313	896072
EHD1	4.00107e+06	4.70397e+06	1.87392e+06	3.02086e+06
EHD2	7.00288e+06	4.90691e+06	2.55334e+06	6.2187e+06
EHD3	821348	754191	125792	266671
EHD4	4.068e+06	2.96778e+06	2.92449e+06	4.93554e+06
EHHADH	5.28506e+06	2.46319e+06	4.25537e+06	6.72862e+06
EI24	900455	565626	639910	897879
EIF1	46699.2	79788.2	265273	48746.1
EIF1AD	210488		290830	234393
EIF1AX	418761	87467.3	834595	424058
EIF1AY	342359		827616	410055
EIF2A	1.49154e+06	2.06099e+06	1.44577e+06	1.17582e+06
EIF2AK2	1.12522e+06	924549	681622	733804
EIF2B1	1.35993e+06	1.44409e+06	1.77038e+06	1.63114e+06
EIF2B2	1.63593e+06		1.70412e+06	1.9188e+06
EIF2B3	3.16066e+06	1.92347e+06	1.98118e+06	3.38302e+06
EIF2B4	550681	311515	296803	488799
EIF2B5	1.05851e+06	1.21999e+06	740846	1.24933e+06
EIF2D	119770	297657		108520
EIF2S1	4.0156e+06	3.50549e+06	4.4551e+06	4.09483e+06
EIF2S2	1.49415e+06	1.47825e+06	1.41127e+06	1.39845e+06
EIF2S3	1.96222e+06	1.97008e+06	1.76617e+06	1.97594e+06
EIF3A	7.81891e+06	8.77564e+06	2.32139e+06	8.41262e+06
EIF3B	6.26561e+06	7.35153e+06	2.1376e+06	6.54477e+06
EIF3C	568502	93945.7	138829	748439
EIF3D	2.44539e+06	2.67066e+06	1.33173e+06	2.61501e+06
EIF3E	3.01289e+06	2.83071e+06	1.36457e+06	3.39374e+06
EIF3F	2.83286e+06	2.3771e+06	2.34667e+06	3.06428e+06
EIF3G	3.35517e+06	4.51321e+06	1.67411e+06	3.7961e+06
EIF3H	1.8282e+06	1.79816e+06	1.33411e+06	2.06896e+06
EIF3I	2.54652e+06	2.8093e+06	1.04854e+06	2.64792e+06
EIF3J	1.50051e+06	1.2273e+06	1.5684e+06	1.9946e+06
EIF3K	1.60963e+06	667771	1.7784e+06	2.37551e+06
EIF3L	6.31096e+06	6.71991e+06	3.81019e+06	7.35092e+06
EIF3M	1.44355e+06	1.5143e+06	881434	1.48539e+06
EIF4A1	1.26404e+07	6.44155e+06	1.61618e+07	1.31263e+07
EIF4A2	5.31282e+06	4.32264e+06	5.57492e+06	5.72462e+06
EIF4A3	4.07203e+06	2.42663e+06	1.7893e+06	3.91936e+06
EIF4B	2.93083e+06	2.11075e+06	2.56439e+06	3.00887e+06
EIF4E	3.00986e+06	2.96945e+06	3.39553e+06	3.45975e+06
EIF4E2	460548	509171	287159	433991
EIF4G1	8.22072e+06	5.79049e+06	4.14741e+06	8.09766e+06
EIF4G2	2.33001e+06	2.4946e+06	1.23856e+06	2.15393e+06
EIF4G3	262649	178817	101160	234336
EIF4H	4.89333e+06	6.60534e+06	1.35158e+07	1.17936e+07
EIF5	1.61145e+06	1.39907e+06	1.52625e+06	1.57035e+06
EIF5A	1.45889e+07	6.10819e+06	1.77309e+07	1.69563e+07
EIF5B	1.10041e+06	1.47169e+06	663927	862602
EIF6	7.74788e+06	9.51322e+06	1.73216e+07	9.76154e+06
EIPR1	741281	559175	584003	788590
ELAC2	1.21966e+06	1.10211e+06	824076	1.27579e+06
ELANE	2.49886e+07	1.14932e+08	2.83667e+07	2.94541e+06
ELAPOR1	1.17324e+06	662907	1.51117e+06	1.90336e+06
ELAVL1	1.87192e+08	1.95828e+08	1.35616e+08	1.70331e+08
ELF1	400791		217088	339258
ELMO1	1.36242e+06	1.55829e+06	382707	1.10354e+06
ELMO2	1.11455e+06	1.08963e+06		943472
ELMO3	1.38154e+06		874947	1.69691e+06
ELMOD2	1.36028e+06	1.46388e+06	1.079e+06	1.02177e+06
ELOB	3.45158e+06	2.77581e+06	6.04735e+06	4.49657e+06
ELOC	3.5008e+06	2.52031e+06	4.73134e+06	4.14047e+06
ELOVL1	876387	1.2338e+06	1.03175e+06	749804
ELOVL5	451859	186377	163218	148896
ELP1	411027	469217	120275	426229
ELP2	707421	607760	334959	706903
ELP3	3.11357e+06	3.19947e+06	1.12317e+06	2.9875e+06
ELP4	122572			116189
ELP5	133097		270548	268843
ELP6	279069	219026	164020	331599
EMB	517285	920366	528945	466267
EMC1	2.09527e+06	2.18458e+06	988223	1.6899e+06
EMC10	1.13658e+06	1.12694e+06	756709	1.04902e+06
EMC2	1.82008e+06	1.97154e+06	842348	1.55481e+06
EMC3	2.83106e+06	1.81374e+06	1.55166e+06	2.93353e+06
EMC4	1.03865e+06	749465	767207	1.2768e+06
EMC6	980760	577713	380554	
EMC7	1.25034e+06	1.17063e+06	570571	1.01675e+06
EMC8	1.65386e+06	815350	680280	1.1264e+06
EMD	1.67064e+06	976937	1.97002e+06	2.48445e+06
EMILIN1	956988	641553	420024	805023
EML1	949150	1.05624e+06		712833
EML2	4.04549e+06	3.80231e+06	4.66927e+06	4.49357e+06
EML3	4.50846e+06	4.70449e+06	717812	2.83519e+06
EML4	2.80799e+06	2.25199e+06	1.34561e+06	2.89026e+06
EML5	1.4145e+07	7.52918e+06	2.03502e+07	
EML6			1.17305e+07	9.73091e+06
EMP3	826156	1.29619e+06	1.22921e+06	811473
ENAH	1.42658e+06	1.03495e+06	720643	1.12019e+06
ENDOD1	3.32404e+06	2.04282e+06	2.65539e+06	3.19927e+06
ENDOG	795094	421451	1.08994e+06	948289
ENG	1.79592e+06	3.17536e+06	1.23772e+06	796013
ENGASE	235828	210191		230015
ENO1	7.9286e+07	1.33494e+08	1.24363e+08	8.14849e+07
ENO2	1.90439e+06	1.88276e+06	2.86897e+06	2.4776e+06
ENOPH1	1.69256e+06	1.5714e+06	3.17003e+06	1.80716e+06
ENOSF1	642719	796591	1.14222e+06	825046
ENPEP	214316	304570		
ENPP4	792535	790228	1.63963e+06	693179
ENSA	1.18368e+06	220007	3.50277e+06	2.1716e+06
ENTPD1	4.81134e+06	5.59038e+06	6.27611e+06	3.93545e+06
ENTPD2	133653		404992	349681
ENTPD4		256802	154246	102312
ENTPD5	3.32009e+06	655308	4.7202e+06	4.46841e+06
ENTPD8	135377	161208	393627	274429
ENY2	805094	556939	671028	746429
EOGT	3.67361e+06	3.23235e+06	1.94304e+06	1.33147e+06
EP300	55271.1	38280.2		56894.9
EPB41	3.47026e+06	4.44906e+06	2.06047e+06	2.61029e+06
EPB41L1	1.65198e+06	1.37302e+06	1.39721e+06	2.32873e+06
EPB41L2	2.96019e+06	1.46114e+06	2.86137e+06	4.17293e+06
EPB41L3	1.30582e+06	987121	764720	1.60942e+06
EPB42	3.47758e+06	5.6169e+06	530267	1.2474e+06
EPCAM	1.51779e+07	6.06886e+06	4.45212e+07	2.16185e+07
EPDR1	6.55821e+06	5.54573e+06	6.43899e+06	3.53288e+06
EPHA2	222643	177814	267760	339512
EPHB2	1.22084e+06	581394	2.22058e+06	2.28384e+06
EPHB3	1.63653e+06	1.75984e+06	1.97159e+06	1.68737e+06
EPHB4	330485	237254	415955	505780
EPHX1	8.9151e+06	1.00136e+07	6.74674e+06	8.81037e+06
EPHX2	6.79573e+06	2.13436e+06	6.24624e+06	1.01124e+07
EPM2AIP1	2.0404e+06	2.14717e+06	829692	2.18034e+06
EPN1	1.13166e+06	669094	1.12417e+06	1.42846e+06
EPN2	433489	386324	277899	421895
EPPK1	514595	496802	405969	1.11518e+06
EPRS1	5.41359e+06	3.94447e+06	1.82438e+06	5.46463e+06
EPS15	1.54198e+06	647191	515033	1.47381e+06
EPS15L1	6.39517e+06	4.67099e+06	2.11726e+06	6.25821e+06
EPS8	283338		189033	237287
EPS8L1	583641	317466	759235	844715
EPS8L2	2.11526e+06	2.04715e+06	1.48043e+06	3.09799e+06
EPS8L3	1.04625e+06	623917	1.26194e+06	1.4416e+06
EPX	1.43318e+07	1.28865e+07	7.29871e+06	6.36039e+06
ERAL1	121873		121168	145737
ERAP1	9.34987e+06	4.88775e+06	1.27916e+07	7.42599e+06
ERAP2	3.06676e+06	3.10391e+06	4.68376e+06	2.24651e+06
ERBB2	337701		366328	484342
ERBIN	902161		745581	786286
ERC1	1.53374e+06	1.36023e+06		1.42019e+06
ERG28	2.237e+06	750086	2.59797e+06	2.21733e+06
ERGIC1	3.37437e+06	2.52296e+06	3.33798e+06	3.64548e+06
ERGIC2	906300	342476	944594	847781
ERGIC3	1.19079e+06	973793	1.87885e+06	1.21587e+06
ERH	2.71767e+06	1.48118e+06	1.35182e+06	2.16653e+06
ERI3	1.7047e+06	1.43642e+06	1.85426e+06	1.73362e+06
ERLEC1	2.32146e+06	2.89789e+06	2.4929e+06	2.39359e+06
ERLIN1	2.24245e+06	737234	420047	2.45429e+06
ERLIN2	3.25501e+06	1.6098e+06	472087	3.59572e+06
ERMP1	2.44829e+06	1.82617e+06	1.75467e+06	2.52079e+06
ERN2	1.08758e+06	406851	749240	1.3367e+06
ERO1A	5.88155e+06	8.08395e+06	1.00968e+07	4.23979e+06
ERO1B	383114	393922	378463	190965
ERP29	1.99802e+07	2.34342e+07	3.48819e+07	2.07984e+07
ERP44	1.18093e+07	1.49386e+07	1.98076e+07	1.10825e+07
ESAM	1.09392e+06	842200	544450	726484
ESD	1.80158e+07	2.039e+07	2.48145e+07	2.09106e+07
ESPN			182342	58718.3
ESRP1	1.37389e+06	708292	1.4853e+06	2.07052e+06
ESRP2	1.45598e+06	470166	1.11628e+06	1.74141e+06
ESYT1	2.62986e+07	2.3365e+07	8.32077e+06	1.69787e+07
ESYT2	2.62267e+06	2.09152e+06	818333	2.00203e+06
ETF1	5.60793e+06	6.9269e+06	5.06993e+06	6.49146e+06
ETFA	9.34707e+06	3.08563e+06	1.00862e+07	1.11426e+07
ETFB	1.05683e+07	4.08867e+06	1.14402e+07	1.17988e+07
ETFDH	7.79474e+06	5.33813e+06	5.51578e+06	8.60338e+06
ETFRF1	133518	130299	118992	125231
ETHE1	3.07435e+07	7.74491e+06	5.66119e+07	3.70088e+07
ETNK1		202519	187830	122221
EVI2B	1.01997e+06		1.92172e+06	1.09455e+06
EVL	1.57867e+06	1.07604e+06	879512	1.06866e+06
EWSR1	9.60731e+06	1.11015e+07	6.45257e+06	9.0626e+06
EXD2	269370			314457
EXOC1	962007	889561		950857
EXOC2	1.1064e+06	670618	223137	1.01458e+06
EXOC3	1.03897e+06	270493		1.13606e+06
EXOC4	887592	432396	146380	767248
EXOC5	1.09592e+07	8.48996e+06		9.75101e+06
EXOC6B	32817.7			
EXOC7	699026	377638	235784	594940
EXOC8	731749	522462		739440
EXOG	665421	608652	455458	551642
EXOSC1	408390	267793	179317	335807
EXOSC10	422811	335407		298248
EXOSC2	768371	782445	278444	656965
EXOSC3	560036	533256	180924	482081
EXOSC4	237060	209838		161934
EXOSC5	431484	292573	99120.5	279812
EXOSC6	382109	238445	116728	360681
EXOSC7	1.27826e+06	1.02387e+06	845359	1.36227e+06
EXOSC9	557920	708452		516256
EXT2	166918	218159	166742	163548
EZR	1.21748e+07	1.2186e+07	1.36717e+07	1.59444e+07
F10	926157	1.00402e+06	632401	746765
F11	531630	1.19756e+06	507546	620437
F11R	4.32983e+06	3.15247e+06	9.56422e+06	4.86371e+06
F12	1.07733e+06	1.44815e+06	1.56741e+06	1.3022e+06
F13A1	1.91933e+07	5.98795e+06	5.38874e+06	2.0598e+07
F13B	741615	1.47551e+06	367812	547525
F2	1.06939e+07	1.21015e+07	8.61651e+06	9.55245e+06
F3	1.0602e+06	964101	3.15088e+06	1.83087e+06
F5	1.92319e+06	1.85811e+06	517937	721186
F7	286748	621271	244920	211107
F8A1	268893		196898	235175
F9	1.57455e+06	1.77499e+06	1.84169e+06	1.98276e+06
FAAH	830468	396836	1.13551e+06	1.17045e+06
FABP1	3.35742e+07	2.28009e+07	2.50849e+08	9.34867e+07
FABP2	2.56467e+06	633967	4.79022e+06	2.71337e+06
FABP3	3.77583e+06	1.01753e+07	5.03387e+06	3.16969e+06
FABP4	2.90437e+06	2.56551e+06		
FABP5	1.78005e+07	2.70437e+07	1.14974e+08	4.48136e+07
FADD	273034		326069	269309
FAF1	803577	540284	671663	810811
FAF2	1.96757e+06	1.30271e+06	1.07151e+06	1.6634e+06
FAH	2.42299e+06	3.71273e+06	3.63456e+06	3.14625e+06
FAHD1	4.05462e+06	2.28891e+06	4.49455e+06	4.17894e+06
FAHD2A	1.1771e+06	769291	1.48406e+06	1.12866e+06
FAM107B	3.83239e+06	4.35473e+06	5.25279e+06	3.20723e+06
FAM114A1	2.2359e+06	1.64171e+06	2.38522e+06	2.27819e+06
FAM114A2	695806		768067	679448
FAM118A	173481		134774	152119
FAM118B	349966	132770	615041	505479
FAM120A	1.67857e+06	639455	1.0941e+06	2.18348e+06
FAM120B	578289	568393	882620	895375
FAM136A	2.76159e+06	1.02432e+06	5.0208e+06	3.0143e+06
FAM162A	1.32299e+07	4.23664e+06	1.40601e+07	1.42277e+07
FAM174B	123777		312001	195488
FAM177A1	688651		1.11794e+06	869113
FAM177B	105600		114750	68708.2
FAM186B	3.78859e+06	4.33802e+06	3.97875e+06	4.42993e+06
FAM20B	345864	268540	235790	295058
FAM210B	574951	553454	369239	410227
FAM234A	230800	143351	324984	252126
FAM25C	814765	589124		688524
FAM3A	374164	248835	465356	358864
FAM3C	2.701e+06	2.36658e+06	3.45134e+06	2.47764e+06
FAM3D	1.2124e+07	3.73549e+06	2.03649e+07	1.60533e+07
FAM50A	520203	751534	409838	365672
FAM83H	48033.8			144473
FAM8A1	1.17383e+06	1.94903e+06	1.02347e+06	1.29294e+06
FAM91A1	584154	341783	323227	552203
FAM98A	3.17315e+06	4.49454e+06	1.4328e+06	3.1724e+06
FAM98B	6.48237e+06	6.66503e+06	2.38107e+06	7.95509e+06
FAM98C	383901	115498	309562	606089
FAP	1.58717e+06	1.26034e+06	79163.8	
FAR1	313640	253509	141207	263802
FARP1	948925	708512	245579	770659
FARP2	371594	121752	118742	311316
FARS2	288871	206592	227367	330210
FARSA	2.35986e+06	2.23683e+06	1.47025e+06	2.44433e+06
FARSB	3.62693e+06	1.96234e+06	2.55357e+06	3.7882e+06
FAS	782913	654797	1.23964e+06	789998
FASN	2.92746e+06	2.5293e+06	2.59852e+06	5.47357e+06
FASTKD2	598317	318927	304631	726058
FASTKD5	730101	371260	434855	717694
FAU			1.20657e+06	
FBL	5.94493e+06	1.45086e+06	1.20617e+06	3.69638e+06
FBLIM1	1.03563e+06	803041	597141	1.01672e+06
FBLN1	9.08664e+06	1.89501e+07	3.78443e+06	4.78576e+06
FBLN2	1.92511e+06	2.20722e+06	427418	483375
FBLN5	3.17521e+06	2.18592e+06	1.79866e+06	2.56774e+06
FBN1	1.72336e+06	1.78693e+06	1.03198e+06	3.20382e+06
FBP1	1.01005e+07	7.07075e+06	7.65081e+06	4.99001e+06
FBP2	1.37859e+06	1.15955e+06	838495	766361
FBXL20	290333	238536	123935	187625
FBXL7	2.38487e+06	2.83608e+06	1.43708e+06	2.51104e+06
FBXL8	1.15339e+06	399813	1.41349e+06	1.33139e+06
FBXO2		83543.9	79898.3	74617.6
FBXO22	686857	1.73949e+06	1.31599e+06	1.12248e+06
FBXO30	98241.9		78623.8	196478
FBXO4	243937		351828	309028
FBXO6	461255	396334	616187	482111
FBXO7	1.04273e+06	2.63917e+06	772190	908260
FCAR	394030	2.60962e+06	695796	
FCER1G	5.45684e+06	101748	4.19213e+06	1.43475e+06
FCGBP	8.39918e+07	2.65631e+07	3.03847e+08	1.63409e+08
FCGR1A	1.17762e+06	874250	1.10488e+06	262980
FCGR2B	472291		481106	321106
FCGR3A	2.51309e+06	1.72239e+06	2.14682e+06	812891
FCGR3B		1.96758e+06	737186	
FCGRT	1.60383e+06	1.1108e+06	2.6271e+06	1.763e+06
FCHO2	719306	468601	154719	690655
FCN1	377069	3.23445e+06	291761	
FCN2		529227		
FCN3	780779	967275	644138	1.14775e+06
FCSK	940224	350377	436212	1.07318e+06
FDFT1	1.08515e+06	502116	2.76524e+06	2.22683e+06
FDPS	6.01076e+06	4.9882e+06	1.46809e+07	8.49584e+06
FDX1	1.37847e+06	739825	1.25906e+06	1.16613e+06
FDX2	181653	73034.9	267088	208765
FDXR	3.02072e+06	8.29325e+06	5.39533e+06	5.1645e+06
FECH	1.18555e+06	593763	546611	1.1086e+06
FEN1	2.02418e+06	1.14888e+06	1.959e+06	1.85949e+06
FER1L5	439822	357446		417168
FERMT1	1.37102e+06	755613	1.43423e+06	1.9156e+06
FERMT2	3.37665e+06	2.29633e+06	799563	1.72879e+06
FERMT3	1.49855e+07	1.39901e+07	4.70909e+06	5.63645e+06
FETUB	312188	318277	359846	397825
FGA	1.53427e+07	3.01177e+07	1.19326e+07	2.1248e+07
FGB	1.63348e+07	3.53532e+07	1.43541e+07	2.78978e+07
FGD4	555621	132713	184249	572249
FGF2	390558	1.35278e+06	583683	527883
FGG	8.70445e+06	1.84076e+07	7.27388e+06	1.43879e+07
FGL2	4.44191e+06	7.57607e+06	8.65078e+06	4.84402e+06
FGR	704375	1.85298e+06	521293	
FH	1.18195e+07	7.55534e+06	1.14785e+07	1.30148e+07
FHIP1A	218911			41244.8
FHIP2A	321506	135463	160195	230151
FHIT	709104	520787	896676	842216
FHL1	4.56206e+06	2.61661e+06	923190	5.12726e+06
FHL2	4.04022e+06	2.07598e+06	318607	2.7559e+06
FHL3	1.63349e+06	442672		421219
FHOD1	513844	432701	187820	404240
FIBP	594007	464310	418976	699876
FILIP1L	301014	164055	43963.2	
FIP1L1	706894			655809
FIS1	5.42571e+06	4.08062e+06	6.12016e+06	4.93465e+06
FITM2	235246	197239	116408	215273
FKBP10	3.16513e+06	5.5018e+06	1.75773e+06	1.0662e+06
FKBP11	5.23781e+06	7.32811e+06	8.15629e+06	4.03929e+06
FKBP14	88798.5	223058	84823.9	
FKBP15	1.02546e+06	1.24622e+06	178586	804886
FKBP1A	2.55945e+07	3.24477e+07	4.55339e+07	2.24506e+07
FKBP2	1.25978e+07	1.85195e+07	2.83078e+07	1.36238e+07
FKBP3	4.89858e+06	5.47806e+06	4.68236e+06	4.50741e+06
FKBP4	3.24628e+06	3.12739e+06	4.94003e+06	4.57542e+06
FKBP5	2.24502e+06	1.73161e+06	1.67869e+06	2.008e+06
FKBP7	676993	790159	616001	486425
FKBP8	2.2924e+06	1.18853e+06	1.81197e+06	2.07989e+06
FKBP9	2.02228e+06	3.09484e+06	2.22544e+06	1.34417e+06
FLAD1	919287	614782	730467	927068
FLCN	75901.3	165889		85174.9
FLG	2.34402e+06	2.92902e+06	2.43193e+06	1.67893e+06
FLG2	1.31053e+06	5.09813e+06	1.09093e+06	1.73349e+06
FLII	1.44065e+06	1.9072e+06	687789	1.42019e+06
FLNA	7.38928e+07	3.96727e+07	1.90722e+06	2.45458e+07
FLNB	1.88638e+07	1.36557e+07	3.8724e+06	2.23249e+07
FLNC	8.23295e+06	3.66887e+06	1.66671e+06	3.07884e+06
FLOT1	2.85161e+07	8.83155e+06	1.97316e+07	2.60561e+07
FLOT2	2.07925e+06	515958	1.81048e+06	2.17367e+06
FLYWCH2	327913		575455	362023
FMC1	720537	401406	582506	816735
FMNL1	1.71432e+06	1.30351e+06	931666	1.03401e+06
FMO3	90909.1	163270	68130.2	51377.3
FMO5	843836	1.80354e+06	565810	826423
FMOD	1.0422e+07	5.23125e+06	4.92845e+06	6.00475e+06
FMR1	272426	304848		154708
FN1	5.41227e+06	2.106e+07	2.7533e+06	2.33972e+06
FN3K	1.0703e+06	851784	1.04915e+06	1.1888e+06
FN3KRP	1.02964e+06	1.03852e+06	1.27046e+06	1.10471e+06
FNBP1	793497	1.06993e+06	351065	608672
FNBP1L	295271	110401	66778.5	249181
FNDC3A	1.3333e+06	1.43653e+06	863494	1.53002e+06
FNDC3B	316091	279500	415684	213899
FNTA	1.18222e+06	1.44087e+06	1.48545e+06	1.14497e+06
FNTB	507363	651828	761008	524390
FOCAD	495006	414600	144340	598475
FOLR2	1.69539e+06	1.69138e+06	1.91229e+06	1.78832e+06
FOXK1	1.35972e+06	460708	688006	1.21474e+06
FOXO3			125819	
FOXRED1	866179	530794	670019	858408
FPGT	703071	547908	554186	862190
FPR1	511753	311953	289287	
FPR2		566495		
FRG1	341983	229250	296667	317508
FRK			1.68123e+06	1.90086e+06
FRMD8	408702		292046	331788
FRYL	803125	379644	198312	1.06138e+06
FRZB	253146	211609	421732	457850
FSCN1	4.05349e+06	6.64211e+06	3.18689e+06	3.90507e+06
FSTL1	328159	238491	208816	177357
FTH1	1.37731e+07	2.81347e+07	1.22261e+07	1.03089e+07
FTL	3.2457e+07	6.15544e+07	3.44811e+07	1.74414e+07
FTO	937907	1.28031e+06	1.26795e+06	1.0233e+06
FTSJ3	833969	339370		
FUBP1	1.04998e+07	5.36528e+06	1.05122e+07	9.93771e+06
FUBP3	2.50654e+06	812520	1.90372e+06	2.52074e+06
FUCA1	1.04511e+07	1.43677e+07	3.95115e+07	3.36796e+07
FUCA2	1.30123e+06	1.50795e+06	3.04506e+06	1.7636e+06
FUNDC1	152488	228526	177647	250630
FUNDC2	2.34785e+06	1.0774e+06	2.1483e+06	1.88657e+06
FUS	7.37559e+06	6.5132e+06	3.61533e+06	5.78575e+06
FUT3	113200		446902	184139
FUT6	746846	555076	1.33769e+06	830852
FUT8	323227	322034	175713	208118
FXN	974056	514229	1.05594e+06	809715
FXR1	1.26851e+06	1.0618e+06	295259	677431
FXR2	157068		50259.4	99489.7
FXYD1	202605		380134	237288
FXYD3	2.62192e+06	548442	4.26992e+06	3.87934e+06
FYB1	976604	1.19508e+06	552366	636127
FYCO1	702221	483114	293693	734256
G3BP1	4.91937e+06	4.41059e+06	3.6653e+06	4.35171e+06
G3BP2	1.1074e+06	1.18754e+06	753224	1.0123e+06
G6PD	6.12329e+06	1.68426e+07	7.25028e+06	4.48655e+06
GAA	7.35542e+06	5.69443e+06	1.25916e+07	8.35672e+06
GABARAP	670899	991509	627307	541955
GABARAPL2	550000	514847	733985	658806
GABPA	873256	1.02496e+06	647024	795878
GABPB1	145360		41151.1	266259
GADD45GIP1	454217		285967	886459
GAK	822323	593458	439175	1.05306e+06
GAL3ST2	1.15722e+06	255624	2.71215e+06	1.37406e+06
GALC	967711	1.54645e+06	1.3729e+06	924894
GALE	5.84039e+06	2.16095e+06	1.00038e+07	6.84941e+06
GALK1	2.02565e+06	1.2529e+06	1.70843e+06	2.40696e+06
GALK2	1.28519e+06	893090	1.38005e+06	1.59114e+06
GALM	4.36842e+06	2.64038e+06	9.36342e+06	5.29743e+06
GALNS	873541	1.31854e+06	1.19531e+06	784120
GALNT1	1.68254e+06	1.54218e+06	2.00961e+06	1.73794e+06
GALNT10	319730	260402	423545	298293
GALNT12	3.28942e+06	1.00156e+06	4.16935e+06	4.04618e+06
GALNT2	2.15208e+06	2.53129e+06	2.67471e+06	1.81597e+06
GALNT3	1.90924e+06	1.18949e+06	1.56808e+06	2.22293e+06
GALNT4	3.73125e+06	1.49513e+06	3.97722e+06	3.20795e+06
GALNT5	1.03943e+06	714162	1.29165e+06	1.12813e+06
GALNT6	604804	669644	884483	670200
GALNT7	5.36698e+06	3.20414e+06	9.37299e+06	5.63499e+06
GALNT8	574854		482403	582774
GALT	954668	872017	1.67371e+06	1.20285e+06
GAMT		1.9469e+06	1.42568e+06	1.2987e+06
GAN	319457		225089	464093
GANAB	3.16018e+07	3.34068e+07	5.15187e+07	2.90104e+07
GANC	427272	348829	331186	391953
GAP43	386510		969430	865663
GAPDH	5.33048e+08	6.65622e+08	5.90617e+08	4.9197e+08
GAPVD1	868734	745744	366024	943452
GAR1	1.44802e+06	660296	360834	1.37991e+06
GARS1	3.26579e+06	2.48335e+06	4.1519e+06	3.69893e+06
GART	4.16605e+06	3.75618e+06	5.04934e+06	5.0975e+06
GAS6	149457		131538	135521
GATAD2A	433998			425678
GATAD2B	358260			268053
GATB	652861	308777	594064	799006
GATC	352713		245524	380346
GATD1	800646	490198	991193	893272
GATM	1.82902e+06	1.75237e+06	1.50616e+06	2.94551e+06
GBA1	1.92852e+06	2.7561e+06	4.88779e+06	1.95403e+06
GBA2	152367	244835	199117	187423
GBE1	1.76237e+06	3.75199e+06	2.2862e+06	1.76356e+06
GBF1	1.17529e+06	457689	463267	1.25228e+06
GBP1	5.83631e+06	5.43211e+06	7.19407e+06	2.20958e+06
GBP2	2.94045e+06	2.74865e+06	3.03953e+06	1.68438e+06
GBP4	623340	574056	459893	390977
GBP5	1.30245e+06	840019	1.26162e+06	703254
GC	1.20044e+07	1.90829e+07	1.77585e+07	2.13553e+07
GCA	3.55255e+06	7.78017e+06	5.12565e+06	2.49884e+06
GCAT	997410		895932	780331
GCC1	338262	214540		344545
GCC2	711263	539299	522350	771542
GCDH	4.41632e+06	3.07471e+06	3.29516e+06	4.64966e+06
GCG	471210	203358	2.60688e+06	2.39333e+06
GCHFR	1.5917e+06	891550	1.40904e+06	1.26825e+06
GCLC	2.44046e+06	4.06467e+06	3.20774e+06	3.64279e+06
GCLM	1.39904e+06	1.68111e+06	1.33555e+06	1.35662e+06
GCN1	4.14195e+06	2.33118e+06	1.39421e+06	4.46891e+06
GCNT1	184000		122031	106841
GCNT3	275438	297981	1.3602e+06	371022
GCSH	697925	312849	1.5357e+06	1.00632e+06
GDA	408131	369334	522136	356859
GDAP1	456930	426749	371482	356152
GDAP2	217741	270025	123186	137264
GDE1	1.40753e+06	1.45584e+06	1.75781e+06	1.08212e+06
GDI1	5.41519e+06	6.79349e+06	6.26088e+06	5.23336e+06
GDI2	1.452e+07	1.96129e+07	2.38848e+07	1.59138e+07
GDPD3	590561	819571	2.82519e+06	1.23937e+06
GDPGP1	800530	753820	965546	701158
GEMIN4	92605		40373.9	126640
GEMIN5	512179	518946	305056	509848
GET1	291976	254752	225926	194080
GET3	4.90489e+06	3.79355e+06	6.34525e+06	4.7796e+06
GET4	1.10485e+06	1.69045e+06	1.27128e+06	1.6336e+06
GFER	428753	292607	446671	450808
GFM1	2.05795e+06	1.62466e+06	1.47132e+06	2.30072e+06
GFM2	455316	242553	162494	473473
GFPT1	7.93931e+06	4.104e+06	5.717e+06	1.19467e+07
GFUS	5.98435e+06	5.84453e+06	1.12925e+07	6.08021e+06
GGA1	783298	487278	787848	821181
GGA2	311463	212160	133238	253148
GGA3	503370	472694	249930	439436
GGACT	860141	918519	1.71588e+06	802713
GGCT	4.92256e+06	6.37603e+06	1.09285e+07	6.29312e+06
GGCX	968826	877358	562306	440650
GGH	5.7693e+06	9.52557e+06	1.28381e+07	7.11544e+06
GGPS1	566676	364593	501869	617832
GGT1	241400	391265	514291	182637
GGT5	8.15248e+06	7.93584e+06	6.54135e+06	4.41319e+06
GGT6	416511		937200	595574
GGT7	151637	137884	133438	240538
GHDC	1.04534e+06	799004	916756	889909
GHITM	3.92049e+06	2.74671e+06	3.44002e+06	3.81072e+06
GIGYF2	440994			507960
GIMAP1	3.38424e+06	1.36512e+06	1.10813e+06	1.48793e+06
GIMAP2			18428.3	
GIMAP4	4.66361e+06	5.27821e+06	3.25873e+06	3.375e+06
GIMAP5	8.11448e+06	5.62707e+06	6.13927e+06	3.46779e+06
GIMAP6	79381.3		104586	52402.5
GIMAP7	895286	815318	780280	693802
GIMAP8	652569	430634	148378	275889
GINS3	57815.9		94904	81967.4
GIPC1	2.66195e+06	887962	4.90022e+06	3.67792e+06
GIPC2	1.16432e+06		882304	1.52794e+06
GIT1	23890.3			95049.9
GIT2	763024	418445	160591	625261
GK	1.38149e+06	1.10871e+06	1.26349e+06	1.00604e+06
GK2	1.95277e+06	503396		
GLA	2.20419e+06	3.19932e+06	3.88852e+06	2.55937e+06
GLB1	4.97196e+06	7.03271e+06	1.12251e+07	6.91355e+06
GLCE	565455	460624	604469	669939
GLG1	4.69213e+06	5.90229e+06	6.4863e+06	4.74996e+06
GLIPR1	228377	565105	286751	
GLIPR2	6.00434e+06	6.95652e+06	4.32923e+06	4.42975e+06
GLMN	327448	329283	372110	339044
GLO1	8.35209e+06	8.18233e+06	1.68559e+07	1.07183e+07
GLOD4	8.83372e+06	7.14668e+06	1.4548e+07	1.03538e+07
GLRX	2.03493e+06	1.69263e+06	5.42619e+06	2.93765e+06
GLRX3	3.95108e+06	3.05498e+06	5.73525e+06	4.31401e+06
GLRX5	2.12605e+06		2.59568e+06	2.60239e+06
GLS	2.21997e+06	1.04868e+06	1.0173e+06	2.01167e+06
GLT8D1	478568	496314	446461	422472
GLTP	1.13064e+06	853489	1.60016e+06	1.27542e+06
GLUD1	1.60037e+07	1.161e+07	7.37899e+06	1.27054e+07
GLUL	3.67338e+06	5.80058e+06	2.86295e+06	3.12102e+06
GLYR1	544242	521882	120702	322589
GM2A	4.05942e+06	5.1441e+06	6.59695e+06	3.60277e+06
GMDS	1.56584e+07	6.21242e+06	2.41463e+07	2.35201e+07
GMEB1				70511.1
GMFB	2.3407e+06	1.89767e+06	4.048e+06	2.72175e+06
GMFG	4.44104e+06	3.51377e+06	5.13601e+06	3.34467e+06
GMIP	930985	1.07434e+06	229384	655358
GMPPA	2.83883e+06	1.99956e+06	6.24439e+06	3.98292e+06
GMPPB	4.09498e+06	4.99347e+06	1.00348e+07	6.1221e+06
GMPR	571944	791261	464926	342302
GMPR2	2.30466e+06	3.19707e+06	2.95189e+06	3.05216e+06
GMPS	2.3587e+06	1.55722e+06	2.50601e+06	2.2915e+06
GNA11	4.17748e+06	2.02241e+06	4.54869e+06	4.14398e+06
GNA13	5.01389e+06	4.11224e+06	5.5888e+06	4.37779e+06
GNA14	214191	130949	184365	143971
GNAI1	2.0955e+06	3.20642e+06	2.35438e+06	1.93227e+06
GNAI2	1.12623e+07	1.52742e+07	1.27435e+07	8.75894e+06
GNAI3	8.21823e+06	8.81919e+06	1.05176e+07	7.14809e+06
GNAO1	2.11956e+06	717215	1.97832e+06	2.42477e+06
GNAQ	4.41208e+06	3.11225e+06	4.26809e+06	3.76202e+06
GNAS	4.29382e+06	2.61211e+06	5.52659e+06	4.48524e+06
GNB1	4.32865e+06	5.98124e+06	9.64294e+06	5.65434e+06
GNB1L	213331	212701	352562	212239
GNB2	4.75065e+06	6.55082e+06	8.09346e+06	5.98852e+06
GNB4	1.97807e+06	1.79709e+06	1.61596e+06	1.36936e+06
GNE	4.9534e+06	2.16441e+06	1.84973e+06	7.89898e+06
GNG12	3.02774e+06	804197	3.28337e+06	3.90142e+06
GNG2		162915	201446	185252
GNG5	366681		415513	378719
GNL1	890273	930746	575383	730937
GNL3	520806			328723
GNPAT	875361	733369	492636	765479
GNPDA1	2.7875e+06	4.77494e+06	3.63405e+06	3.4904e+06
GNPDA2	655795	789400	560485	601381
GNPNAT1	1.45251e+06	1.47868e+06	6.37505e+06	3.17531e+06
GNPTAB	228975	232616	161359	161654
GNS	3.7603e+06	7.05644e+06	6.23919e+06	2.90852e+06
GOLGA1	1.31565e+06	828469	628483	1.20251e+06
GOLGA2	4.48526e+06	3.62419e+06	650046	4.42231e+06
GOLGA3	3.37705e+06	3.31312e+06	1.66689e+06	4.09942e+06
GOLGA4	2.90498e+06	2.25531e+06	2.1723e+06	2.98529e+06
GOLGA5	2.79817e+06	1.97942e+06	1.09559e+06	2.53109e+06
GOLGA7	786273	951016	782942	639383
GOLGB1	5.74974e+06	3.78411e+06	3.84297e+06	6.40874e+06
GOLIM4	1.97607e+06	1.6043e+06	1.9924e+06	2.06874e+06
GOLM1	3.39984e+06	816449	4.89484e+06	3.78969e+06
GOLM2	1.49939e+06	782809	1.57348e+06	1.20224e+06
GOLPH3	1.86992e+06	519255	2.65019e+06	2.0309e+06
GOLPH3L	1.98189e+06	603688	2.28525e+06	1.90539e+06
GOLT1B	1.16904e+06	1.21262e+06	1.28984e+06	502856
GOPC	1.15904e+06	535051	614406	1.10574e+06
GORASP1	232018	46756.8	96219.3	194612
GORASP2	2.91089e+06	2.76969e+06	5.19361e+06	3.06045e+06
GOSR1	2.95937e+06	2.29778e+06	2.65498e+06	2.82379e+06
GOSR2	1.03154e+06	674683	1.02727e+06	852466
GOT1	3.21093e+07	2.79995e+07	6.98595e+07	4.75109e+07
GOT2	2.19794e+07	1.64544e+07	1.32249e+07	2.14768e+07
GP1BA	1.35054e+06	563937	727082	600733
GP1BB	4.24726e+06	1.08333e+06		1.29474e+06
GP5	416800	164273		
GP9	1.04953e+06	154448	42901.3	233881
GPA33	7.77564e+06	2.30136e+06	2.59732e+07	1.19986e+07
GPAA1	1.7566e+06	1.54024e+06	1.18921e+06	1.7489e+06
GPAT3	285667	307553	264356	241046
GPAT4	651205	427130	340902	426246
GPC1	489100	842800	512037	445448
GPC4	511684	327974	838105	471421
GPC6	761091	433659	441144	356803
GPD1L	2.30886e+06	712020	2.40729e+06	2.77578e+06
GPD2	7.44449e+06	5.34885e+06	4.7417e+06	6.36676e+06
GPHN	756469	448350	446023	1.30341e+06
GPI	2.23654e+07	3.59805e+07	3.35341e+07	2.2849e+07
GPKOW	644720	799745	463666	767465
GPLD1	1.02698e+06	1.02135e+06	1.27119e+06	1.18271e+06
GPM6B	251775	147552	227209	417629
GPN1	164827	139696	158162	184469
GPNMB	7.28853e+06	1.10172e+07	9.06427e+06	6.81704e+06
GPR107	687630	380582	773997	568062
GPR108	369876	277536	486039	353871
GPR180	209545	163830	129947	120116
GPR183	269944	358929	371515	232627
GPR84		311752	78201.4	
GPR89A	910339	883450	633108	897641
GPRC5A	628410	774258	483902	722747
GPRIN3	299344	341861	192912	349330
GPS1	1.96329e+06	1.76528e+06	753595	1.99724e+06
GPT	1.56585e+06	355138	2.78179e+06	2.13455e+06
GPX1	8.97048e+06	9.09347e+06	1.12181e+07	8.9897e+06
GPX2	5.45085e+06	1.70783e+06	6.70103e+06	7.10394e+06
GPX3	3.15747e+06	4.06031e+06	5.74196e+06	4.99743e+06
GPX4	2.06542e+06	3.02997e+06	2.38006e+06	2.35785e+06
GPX7	606882	170589	433075	199615
GPX8	1.82545e+06	1.57456e+06	590152	842513
GRAMD4	363650	201458	124478	285408
GRAP2	625898	556602	432216	269823
GRB2	5.0227e+06	6.27377e+06	5.48859e+06	3.47791e+06
GREM1	130123	40834.2		
GRHPR	4.81557e+06	4.07506e+06	6.12274e+06	5.21777e+06
GRIPAP1	685744	697647	299709	698586
GRK2	1.36576e+06	1.29979e+06	1.2143e+06	1.49582e+06
GRK6	99841.2	175763	150611	
GRN	4.92695e+06	9.92237e+06	8.07468e+06	4.67692e+06
GRPEL1	2.64303e+06	883047	2.92743e+06	2.98845e+06
GRSF1	1.23359e+06	565330	1.29002e+06	1.19753e+06
GRTP1			222249	273365
GRWD1	934999	721769	1.20637e+06	831918
GSDMA	1.27912e+06	2.13617e+06	892485	1.39211e+06
GSDMB	1.71288e+06	478216	4.28719e+06	1.645e+06
GSDMD	4.66012e+06	2.87845e+06	8.25703e+06	4.02116e+06
GSDME	250315	246508	248196	275727
GSK3A	426265	428189	373088	442647
GSK3B	229375	214193	197093	204530
GSKIP	210519		1.22254e+06	269858
GSN	5.52505e+07	9.66658e+07	6.00253e+07	6.01038e+07
GSPT1	1.79855e+06	1.21513e+06	1.83319e+06	2.19306e+06
GSPT2	602877	267314	460908	589059
GSR	1.33466e+07	1.22548e+07	1.48658e+07	1.36112e+07
GSS	8.89182e+06	7.98773e+06	1.4642e+07	1.09256e+07
GSTA1	428961		180125	450452
GSTK1	1.663e+07	5.94693e+06	1.50319e+07	1.38954e+07
GSTM1	933126	718137	1.57834e+06	1.15881e+06
GSTM2	1.9583e+06	2.52441e+06	3.91981e+06	3.08559e+06
GSTM3	3.89946e+06	4.6842e+06	5.0486e+06	5.02589e+06
GSTM4			356195	214431
GSTO1	1.11497e+07	1.91192e+07	1.99865e+07	1.11678e+07
GSTP1	4.91976e+07	7.38799e+07	1.11175e+08	6.94868e+07
GSTT1	4.07043e+06	2.67767e+06	3.35282e+06	4.34737e+06
GSTZ1	1.28753e+06	605605	2.22643e+06	1.47829e+06
GTF2A1	410788	348598	485633	489061
GTF2A2	457084	243899	549244	550805
GTF2B	134264		94821.2	173824
GTF2E1	450841		282558	512165
GTF2F1	209811	426951	286888	257283
GTF2F2	863293	602625	617554	857561
GTF2I	3.05463e+06	2.20844e+06	839862	2.50002e+06
GTF3C4	323451	270946		371071
GTF3C5	465533	324293	35009.9	390966
GTPBP1	947534	418744	697907	687253
GTPBP3	230439		201918	274875
GTSCR1		245395		
GUCY1A1	308137	421011	106863	161191
GUCY1B1	941203	1.09057e+06	234009	446816
GUCY2C	101805		20795.1	137230
GUF1	79280.4		16158.3	
GUK1	1.34314e+06	1.73784e+06	2.72091e+06	1.12437e+06
GUSB	3.86133e+06	5.86668e+06	8.75386e+06	6.08672e+06
GXYLT1	63386.3	65705.6	95916.2	25138.8
GYG1	7.00191e+06	1.21411e+07	1.73255e+07	7.36477e+06
GYS1	592142	671044	729254	572540
GZMA	289464		846115	261231
GZMK	987003	140224		313032
H1-0	4.08203e+06	3.2313e+06	552152	2.33614e+06
H1-10	1.71663e+06	615916	688148	1.99656e+06
H1-2	6.284e+06	3.2122e+06	1.74853e+06	4.43171e+06
H1-3	192096			168398
H1-4	7.38139e+06	9.56356e+06	2.32411e+06	6.65302e+06
H1-5	1.93277e+08	1.21717e+08	3.27328e+07	9.87954e+07
H2AC21	894291	1.06266e+06	263560	727914
H3-7	654105	568877	363850	493821
H4C1	3.01108e+07	2.30621e+07	8.1316e+06	1.98454e+07
H6PD	3.51079e+06	3.55517e+06	2.93868e+06	2.2948e+06
HAAO	1.50816e+06	2.54366e+06	4.68282e+06	3.34291e+06
HABP2	408196	490924	208651	362242
HACD2	1.27279e+06	466490	962978	1.16586e+06
HACD3	3.14173e+06	2.70871e+06	1.81576e+06	2.99128e+06
HACD4	270899	272288	117083	211799
HACL1	245768	236662	170683	246286
HADH	1.22391e+07	4.75106e+06	1.04477e+07	1.13577e+07
HADHA	1.58934e+07	9.29297e+06	3.89666e+06	1.25796e+07
HADHB	3.41639e+07	1.89824e+07	1.02411e+07	2.85226e+07
HAGH	3.56621e+06	5.25762e+06	5.11066e+06	3.37621e+06
HAL	217527	613076	126112	303016
HAPLN1	2.51051e+06		1.4366e+06	2.59741e+06
HARS1	3.01534e+06	3.71356e+06	3.04391e+06	3.3715e+06
HARS2	1.33087e+06	800710	798720	1.69039e+06
HAT1	1.12928e+06	1.56939e+06	1.32351e+06	1.34936e+06
HAX1	268228	115408	160853	272497
HBA1	1.31097e+09	2.02162e+09	6.45327e+08	9.00056e+08
HBB	1.37686e+09	1.64286e+09	7.79359e+08	8.74905e+08
HBD	4.96427e+08	8.5937e+08	2.45364e+08	2.68943e+08
HBE1		319234		
HBG1	2.22054e+07	5.98994e+07	2.06953e+07	2.16986e+07
HBG2	1.51855e+07	3.90806e+07	1.47367e+07	1.88672e+07
HBQ1	667251	483537	433832	461556
HCCS	911138	689786	1.25268e+06	981411
HCFC1	5.03273e+06	3.9048e+06	1.71385e+06	4.56898e+06
HCK	1.4098e+06	1.57851e+06	689294	626449
HCLS1	4.37277e+06	1.65834e+06	5.25106e+06	5.34919e+06
HDAC1	1.77497e+06	912811	609101	2.11835e+06
HDAC2	675745	543290	257681	608012
HDAC3	263022	189050		235976
HDAC6	3.02139e+06	1.678e+06	1.83465e+06	3.21261e+06
HDDC2	826565	240435	1.26355e+06	834296
HDDC3	383098	436196	461848	348681
HDGF	6.04078e+06	1.00875e+07	6.53391e+06	6.41692e+06
HDGFL2	759225	551918	286086	496293
HDHD2	1.51467e+06	1.59564e+06	1.60798e+06	1.45915e+06
HDHD3	3.54588e+06	1.19309e+06	4.60281e+06	3.06603e+06
HDHD5	1.96171e+06	443059	1.53143e+06	2.07278e+06
HDLBP	6.31774e+06	4.18244e+06	3.0895e+06	6.6055e+06
HEATR3	421134		170551	401923
HEATR5A	192626	105264		175570
HEATR5B	714166	620671	1.34235e+06	1.10953e+06
HEBP1	3.24293e+06	4.45005e+06	3.71268e+06	2.44625e+06
HEBP2	3.46575e+06	3.53933e+06	6.25117e+06	3.47618e+06
HECTD1	456617	426993	159232	447182
HECTD3	2.71957e+06	1.52418e+06	1.20827e+06	3.10398e+06
HEPH	3.1663e+06	1.62065e+06	7.41183e+06	4.03765e+06
HERC4	944651	911783	687911	996500
HERPUD1	379100	225712	758658	409724
HERPUD2	126017	135431	132490	68191.3
HERVK_113	4.40178e+06	2.48256e+06	5.8796e+06	8.29295e+06
HEXA	5.23257e+06	7.14688e+06	1.10222e+07	6.98048e+06
HEXB	6.75629e+06	1.02928e+07	1.35107e+07	8.68794e+06
HEXIM1	896858	693631	589491	636164
HFE	221025	172383	432749	210229
HGD	431564	427160	609739	502882
HGF		71932.7	11547.8	
HGH1	143833		74045.1	115638
HGS	2.66427e+06	2.01786e+06	1.15173e+06	2.45625e+06
HIBADH	6.33564e+06	4.47547e+06	3.49102e+06	6.52938e+06
HIBCH	7.00843e+06	3.5322e+06	4.50048e+06	8.26352e+06
HID1	1.88637e+07	7.66369e+06	2.08666e+07	2.15499e+07
HIDE1	295983	642481	223263	
HIF1AN	442273	368628	398990	366237
HIGD1A	445226	997036		
HIGD2A	319158		421181	399082
HIKESHI	440354	266867	841480	415769
HINT1	9.55161e+06	6.25082e+06	1.40502e+07	1.12146e+07
HINT2	2.91177e+06	443016	3.3917e+06	3.7184e+06
HINT3	2.2442e+06	1.35929e+06	2.5532e+06	2.31158e+06
HIP1	1.35197e+06	1.43588e+06		1.47122e+06
HIP1R	589284	340610	270692	671483
HK1	1.3166e+07	1.04718e+07	6.60868e+06	8.4341e+06
HK2	2.65928e+06	1.54887e+06	2.28954e+06	2.31655e+06
HK3	2.23487e+06	6.66427e+06	1.5094e+06	590199
HKDC1	826777	295626	469377	1.288e+06
HLA-DMA	630475	669008	1.50914e+06	704519
HLA-DMB	1.66218e+06	1.78633e+06	2.72081e+06	1.28697e+06
HLA-DOA	184917		145337	
HLA-DPA1	3.87675e+06	2.8664e+06	8.29328e+06	3.4564e+06
HLA-DQA1	1.67147e+06	1.77651e+06	1.68821e+06	929714
HLA-DQA2	653107	1.49515e+06	1.30846e+06	592904
HLA-DRA	1.66158e+07	1.68403e+07	3.06843e+07	1.17007e+07
HLA-F	1.44946e+06	773637	2.61763e+06	845153
HLA-G	5.62653e+06	5.808e+06	1.56582e+07	4.64482e+06
HLCS	84401.2	46475.4	101528	96722.8
HM13	6.99886e+06	6.87936e+06	7.77732e+06	6.15848e+06
HMBS	1.45084e+06	2.09404e+06	1.88228e+06	1.36219e+06
HMCES	193656		76936.6	184501
HMGA1	2.24035e+06	591203	2.64698e+06	2.49378e+06
HMGB1	7.30168e+06	5.75803e+06	5.4811e+06	6.46173e+06
HMGB2	8.61894e+06	1.64869e+07	6.56184e+06	6.34026e+06
HMGB3	3.80536e+06	4.27358e+06	4.44914e+06	4.00907e+06
HMGCL	3.87975e+06	1.22454e+06	3.12453e+06	4.45463e+06
HMGCS1	2.68783e+06	1.48413e+06	1.43176e+07	7.39175e+06
HMGCS2	3.94817e+06	3.40414e+06	9.31462e+06	3.29217e+07
HMGN1	5.42717e+06	3.06713e+06	5.73327e+06	5.4125e+06
HMGN2	972090	1.00526e+06	472870	737084
HMGN3	131178	122816		57268.9
HMGN4	1.07809e+06	925049	920843	1.59868e+06
HMGN5	383494		482280	584574
HMOX1	3.88295e+06	3.86754e+06	2.65513e+06	2.05587e+06
HMOX2	2.39742e+06	2.2869e+06	2.4292e+06	2.1164e+06
HNMT	6.4534e+06	4.94914e+06	8.78358e+06	8.44952e+06
HNRNPA0	4.77113e+06	4.11883e+06	4.09137e+06	6.10548e+06
HNRNPA1	1.42015e+07	1.40974e+07	9.06863e+06	1.13662e+07
HNRNPA2B1	4.1295e+07	3.81339e+07	2.91506e+07	3.92145e+07
HNRNPA3	1.98551e+07	1.79262e+07	8.80231e+06	1.75827e+07
HNRNPAB	6.19034e+06	3.63066e+06	4.47672e+06	6.41397e+06
HNRNPC	3.04275e+07	2.66729e+07	8.97564e+06	3.27009e+07
HNRNPD	2.58674e+07	2.47299e+07	1.76531e+07	2.53926e+07
HNRNPDL	4.60528e+06	2.55753e+06	2.9974e+06	4.37397e+06
HNRNPF	6.29617e+06	6.44859e+06	6.29467e+06	8.78592e+06
HNRNPH1	5.73924e+06	4.04614e+06	3.4101e+06	6.585e+06
HNRNPH2	2.48643e+06	2.4877e+06	1.80792e+06	2.55116e+06
HNRNPH3	4.73389e+06	2.07402e+06	2.33173e+06	4.54648e+06
HNRNPK	2.66957e+07	1.19636e+07	2.39379e+07	3.20007e+07
HNRNPL	6.84018e+06	6.37268e+06	2.17097e+06	5.2822e+06
HNRNPLL	513160	524810	265427	360537
HNRNPM	1.26133e+07	9.62124e+06	5.01344e+06	1.34944e+07
HNRNPR	1.21882e+07	1.11893e+07	5.13237e+06	1.15047e+07
HNRNPU	2.72943e+07	1.22999e+07	1.13518e+07	2.44974e+07
HNRNPUL1	4.05812e+06	4.15168e+06	2.01197e+06	3.69973e+06
HNRNPUL2	5.59486e+06	4.98747e+06	2.07624e+06	5.58751e+06
HOOK1	453882		159298	714031
HOOK2	217294		124953	190987
HOOK3	662775	662809	121606	441535
HP	1.43945e+08	2.41537e+08	2.45901e+08	2.29194e+08
HP1BP3	3.27717e+06	1.10379e+06	363427	2.66098e+06
HPCAL1	3.3243e+06	1.75579e+06	4.15084e+06	3.55781e+06
HPF1	675178	460618	381496	507381
HPGD	2.35073e+06	1.58746e+06	4.47559e+06	1.47579e+06
HPGDS	819082	587317	376740	404273
HPR	2.60146e+06	3.34612e+06	2.56762e+06	3.92057e+06
HPRT1	3.27663e+06	5.18617e+06	5.02711e+06	3.54692e+06
HPX	4.48821e+07	5.68843e+07	6.93778e+07	7.12693e+07
HRAS	118708		216667	
HRG	3.57079e+06	5.33189e+06	3.64927e+06	5.51654e+06
HRNR	1.23002e+07	8.2516e+06	7.65187e+06	1.1913e+07
HS1BP3	1.36168e+06	1.46181e+06	1.42701e+06	1.41509e+06
HS2ST1	679205	912865	473068	440610
HSCB	216888		164141	184328
HSD11B1	1.43076e+06	1.16765e+06	257021	
HSD11B2	4.78849e+06	747318	6.05132e+06	7.43793e+06
HSD17B10	1.71967e+07	1.47769e+07	1.52028e+07	1.65178e+07
HSD17B11	5.57935e+06	3.80375e+06	4.31712e+06	5.61633e+06
HSD17B12	9.31149e+06	768783	8.39108e+06	9.601e+06
HSD17B2	2.66897e+06	1.89389e+06	2.64352e+06	4.49608e+06
HSD17B4	8.94693e+06	9.08115e+06	4.97149e+06	8.74396e+06
HSD17B6	643246	456019	588484	724397
HSD17B7	543724	288712	846207	573362
HSD17B8	2.25092e+06	860972	1.56008e+06	2.72782e+06
HSDL1	1.15276e+06	566083	697331	841512
HSDL2	3.94418e+06	2.6704e+06	3.40064e+06	5.02603e+06
HSF1	63749.6			89113.9
HSP90AA1	3.45019e+07	3.43873e+07	3.03465e+07	3.97539e+07
HSP90AB1	2.48083e+07	3.0953e+07	2.09261e+07	2.59662e+07
HSP90AB2P	1.80404e+06		1.48611e+06	1.64223e+06
HSP90B1	1.28145e+08	1.20322e+08	2.17592e+08	1.37927e+08
HSPA12A	450716	322448	83273.9	535925
HSPA12B	262663			124515
HSPA13	1.70922e+06	2.14104e+06	3.25445e+06	1.6401e+06
HSPA14	1.16318e+06	459215	711246	1.23062e+06
HSPA1A	3.0543e+07	3.64226e+07	1.7758e+07	3.20389e+07
HSPA2	5.84432e+06	6.03129e+06	2.89562e+06	5.72619e+06
HSPA4	4.7363e+06	6.54605e+06	5.41123e+06	5.44955e+06
HSPA4L	787091	2.00853e+06	1.07777e+06	1.0623e+06
HSPA5	7.24036e+07	1.04348e+08	1.00092e+08	7.01795e+07
HSPA8	6.91111e+07	9.16194e+07	4.5782e+07	6.7434e+07
HSPA9	3.04586e+07	2.95329e+07	2.12606e+07	3.20328e+07
HSPB1	4.41465e+07	3.39514e+07	4.05112e+07	3.98197e+07
HSPB6	1.37493e+06		606969	893682
HSPB7	250520		126606	
HSPBP1	645141	453251	811735	841401
HSPD1	4.10882e+07	6.51691e+06	3.26e+07	3.9315e+07
HSPE1	7.62209e+07	4.35626e+07	8.22962e+07	7.1442e+07
HSPG2	3.05247e+06	3.74812e+06	993191	1.35879e+06
HSPH1	3.70898e+06	4.63656e+06	3.93403e+06	4.15479e+06
HTATIP2	5.11032e+06	3.57702e+06	7.76547e+06	5.2523e+06
HTATSF1	1.06546e+06	701717	396449	1.5754e+06
HTRA1	174691	103957		71169.9
HTRA2	4.13392e+06	3.8818e+06	4.01834e+06	4.11747e+06
HTT	742135	482683	271068	747402
HUWE1	9.0622e+06	7.33259e+06	4.86512e+06	1.06179e+07
HVCN1	4.64242e+06	5.1791e+06	3.355e+06	2.41488e+06
HYCC1	84174.1			
HYI	711261	419269	989045	838686
HYOU1	1.4342e+07	9.73157e+06	2.76294e+07	1.69851e+07
HYPK	324290	105077	373978	340740
IAH1	1.765e+06	2.17953e+06	2.1262e+06	1.80983e+06
IARS1	3.3109e+06	2.19216e+06	761617	3.44619e+06
IARS2	4.5384e+06	1.93203e+06	2.24158e+06	4.46378e+06
IBA57	2.46874e+06	1.5514e+06	1.91153e+06	2.23892e+06
ICA1	250834	58886.8	93206.9	381654
ICAM1	4.81729e+06	6.33592e+06	5.48463e+06	2.26386e+06
ICAM2	754233	730708	951686	622192
ICAM3	1.92459e+06	5.92647e+06	4.39649e+06	1.18688e+06
ICMT	505856		414463	354030
ICOSLG	133190		200178	172637
IDE	5.70629e+06	7.88113e+06	9.40516e+06	7.26736e+06
IDH1	1.57687e+07	1.2092e+07	3.31142e+07	2.24416e+07
IDH2	1.49055e+07	7.55245e+06	1.61327e+07	1.89692e+07
IDH3A	5.69678e+06	630525	5.04515e+06	4.9694e+06
IDH3B	3.02446e+06	1.54498e+06	2.78061e+06	2.7487e+06
IDH3G	3.77317e+06	1.66544e+06	3.11762e+06	3.33439e+06
IDI1	704827	565455	2.81652e+06	1.28115e+06
IDNK	231387		307813	245273
IDO1	536308	946434	1.15845e+06	
IDUA	632595	673590	932381	601003
IER3IP1	916208		1.6828e+06	1.20324e+06
IFI16	2.02453e+06	2.40755e+06	691984	939792
IFI27		132585	1.03287e+06	
IFI30	1.00986e+07	2.47626e+06	1.65221e+07	5.63805e+06
IFI35	2.76891e+06	2.54568e+06	3.69389e+06	2.25566e+06
IFIH1	93264	148251	30915.3	54755
IFIT1	455665	423365	258550	235534
IFIT3	934774	502189	304531	
IFIT5	720957	558208	468159	508249
IFITM3	304604			
IFNGR1	265627	191131	169291	190627
IFRD2	33221			14293.7
IFT25	900295	997739	1.14256e+06	781675
IFT27	810018	700816	1.56687e+06	1.03254e+06
IGBP1	902597	316970	1.16458e+06	951908
IGF2	2.13125e+06	3.33537e+06	3.59697e+06	3.2605e+06
IGF2BP2	1.15534e+06	598705	555728	1.2168e+06
IGF2R	7.05644e+06	7.52985e+06	5.33677e+06	5.43511e+06
IGFALS	981147	795307	891757	1.13607e+06
IGFBP2	844871		1.67747e+06	2.9154e+06
IGFBP3	246602	342780	377833	317771
IGFBP4	653161	253830	507195	609375
IGFBP5	269852	425396	270909	
IGFBP7	2.71467e+06	2.74463e+06	1.05268e+06	1.0295e+06
IGFLR1	104611		172953	
IGHA1	1.1154e+08	1.5517e+08	2.92257e+08	1.99606e+08
IGHA2	5.91833e+07	5.27194e+07	2.04487e+08	1.16024e+08
IGHG1	2.90012e+08	4.90479e+08	2.84544e+08	3.99482e+08
IGHG2	8.34835e+07	1.03551e+08	7.80603e+07	1.15238e+08
IGHG3	1.45862e+07	1.9596e+07	1.02833e+07	1.9606e+07
IGHG4	1.90065e+06	2.79538e+06	1.6684e+06	1.98562e+06
IGHM	4.77516e+07	7.0722e+07	3.34323e+07	5.29061e+07
IGHV1-18	362584	308674	395948	505708
IGHV1-2	790810	1.0791e+06	1.10672e+06	1.30274e+06
IGHV1-3		345306	392517	469570
IGHV1-46	635133	1.13102e+06	1.30615e+06	1.35904e+06
IGHV1-69		1.00029e+06		807424
IGHV2-26	538244	479663	510113	950733
IGHV2-70D	4.40174e+06	5.38215e+06	4.9252e+06	5.31253e+06
IGHV3-13	530492	876814	1.82879e+06	827335
IGHV3-15	549355	1.31696e+07	980097	1.14221e+06
IGHV3-35	1.81885e+06	2.84287e+06	3.20377e+06	2.9001e+06
IGHV3-38	1.51866e+06	1.9053e+06	1.79577e+06	1.94094e+06
IGHV3-38-3	390485	372295	392661	555480
IGHV3-43	195321	232739	237344	241613
IGHV3-49	3.20403e+06	3.15335e+06	2.52e+06	4.18984e+06
IGHV3-64D	1.29396e+06	1.6477e+06	1.44337e+06	1.73181e+06
IGHV3-7	5.67215e+06	6.68916e+06	8.45169e+06	8.97103e+06
IGHV3-72	1.57329e+06	1.72254e+06	2.56301e+06	2.61629e+06
IGHV3-74	8.292e+06	9.87969e+06	1.07087e+07	1.08341e+07
IGHV4-28	1.08327e+07	4.44409e+06	1.06696e+07	1.23123e+07
IGHV4-4	32872.6	35369.5	56948.3	53587.4
IGHV5-10-1	5.93662e+06	4.47139e+06	8.26277e+06	7.01018e+06
IGHV5-51	1.65109e+06	2.1208e+06	1.98076e+06	2.48029e+06
IGHV6-1	3.85174e+06	4.24837e+06	4.41617e+06	5.1619e+06
IGKC	1.14476e+08	2.13547e+08	2.20557e+08	1.96189e+08
IGKV1-16	2.66221e+06	3.97093e+06	1.01217e+06	1.28463e+06
IGKV1-17	1.46964e+06	1.3857e+06	1.05414e+06	1.2457e+06
IGKV1-27		382656	522712	551879
IGKV1-39	1.02982e+06	1.67998e+06	1.52237e+06	1.07568e+06
IGKV1-5	2.45076e+06	1.50712e+07	3.00194e+06	3.56172e+06
IGKV1D-33	2.93234e+06	3.00024e+06	1.9844e+06	2.3826e+06
IGKV1D-42	4.39621e+06	3.3049e+06	1.06249e+07	4.88907e+06
IGKV2-30	3.18009e+06	4.06267e+06	2.31461e+06	2.69466e+06
IGKV2D-28	1.44827e+06	3.61348e+06	1.73579e+06	1.84198e+06
IGKV2D-29		722700	791105	726420
IGKV2D-40		685663		
IGKV3-20	1.60293e+07	1.759e+07	1.44425e+07	1.48218e+07
IGKV3D-20	4.33008e+06	2.43579e+06	4.02176e+06	3.47086e+06
IGKV4-1	1.38352e+07	1.52326e+07	1.27276e+07	1.6981e+07
IGKV6-21			657507	363751
IGLC3	105631		73917.4	
IGLC7	220069	235205	269877	252445
IGLL5	2.39256e+07	2.56645e+07	3.52518e+07	3.49752e+07
IGLV1-36	250289	485599	354818	472756
IGLV1-40	933330	936481	898520	1.26227e+06
IGLV1-47	7.0939e+06	9.43165e+06	8.42166e+06	7.82677e+06
IGLV1-51	2.98161e+06	4.11613e+06	3.97586e+06	4.36867e+06
IGLV2-11	707792	743340	571488	837206
IGLV2-14	1.11077e+06	1.1571e+06	977206	1.53775e+06
IGLV2-18	1.25441e+06	1.09879e+06	6.06871e+06	1.57325e+06
IGLV2-23			44330.8	1.09589e+06
IGLV2-8	1.6264e+06	1.81688e+06	2.01472e+06	2.90191e+06
IGLV3-19	3.16718e+06	4.17324e+06	3.24578e+06	3.67336e+06
IGLV3-21	892796	952076	754511	1.14767e+06
IGLV3-9	1.99384e+06	2.1926e+06	2.22517e+06	2.68798e+06
IGLV4-60	369558	461500	406656	500807
IGLV4-69	546930	256168	644195	844492
IGLV6-57	474452	486758	391802	404687
IGLV7-43	135385	116507	76335.9	188975
IGLV8-61	1.58794e+06	4.0723e+06	2.39194e+06	1.96517e+06
IGSF8	643174	501830	1.07203e+06	808211
IK	464859	323554		400061
IKBIP	2.29163e+06	4.97691e+06	715609	1.11059e+06
IKBKB	388545	451609	68390.4	378085
IKBKG	621825	719409		805463
IL16	2.23255e+06	2.25471e+06	1.40142e+06	1.4222e+06
IL18	2.83407e+06	3.59232e+06	6.31444e+06	2.63639e+06
IL1R2	488749	193585	911111	1.10294e+06
IL1RAP	522946	420290	372021	570818
IL1RN	1.10733e+06	2.20099e+06	1.96899e+06	1.10172e+06
IL33	106351			
IL4I1	1.66245e+06	711622	857745	796828
ILF2	9.43983e+06	1.13604e+07	4.93381e+06	8.43603e+06
ILF3	9.26923e+06	1.06917e+07	3.60178e+06	8.047e+06
ILK	6.38185e+06	2.64169e+06	584700	2.84265e+06
ILKAP	2.34978e+06	1.69704e+06	2.13685e+06	2.52814e+06
ILVBL	3.31325e+06	1.62709e+06	3.16431e+06	3.39929e+06
IMMT	9.13527e+06	4.64879e+06	1.07174e+06	9.0761e+06
IMPA1	5.05598e+06	4.36943e+06	8.90318e+06	5.34126e+06
IMPA2	1.27921e+06	877425	1.72224e+06	1.39562e+06
IMPACT	532951	425528	368276	628274
IMPDH1	706772	960093	442885	610214
IMPDH2	4.46155e+06	4.54842e+06	3.78989e+06	5.61222e+06
IMUP	949629		1.17878e+06	746567
INF2	1.88518e+06	1.39505e+06	584792	1.96352e+06
INPP1	715476	548578	1.73507e+06	1.12033e+06
INPP4B	151135	81883.7	60084.4	104797
INPP5A	631927	419045	544479	443840
INPP5D	6.59972e+06	8.04634e+06	3.16211e+06	4.91783e+06
INPP5K	430999	288686	302226	352163
INPPL1	678949	642494	273120	639618
INSL5	318078	101904	2.03334e+06	1.75393e+06
INSR	602826	248478	538887	662931
INTS1	1.2422e+06	9.03083e+06	2.01984e+06	502577
INTS10	227897			250429
INTS11	357800	320570	54982.8	282961
INTS13	128340	105451		109020
INTS14	62088.8			
INTS3	533776	624198		426310
INTS4	217477			107922
INTS5	404759	256386		326350
INTS6	242360	64056.5		102581
INTS7	501078		205370	381235
INTS8	508107	53582.9		550173
INTS9	294615	214213		170092
IP6K1	742368	980955	918257	1.07702e+06
IPO11	238052	139414	182287	256908
IPO4	906095	475205	592422	1.10305e+06
IPO5	2.60102e+06	517559	1.71078e+06	3.02924e+06
IPO7	5.53317e+06	4.22261e+06	3.82958e+06	6.94292e+06
IPO8	1.14992e+06	852136	774874	1.2469e+06
IPO9	1.29775e+06	614929	1.12269e+06	1.56814e+06
IQGAP1	1.38088e+07	1.13821e+07	5.59054e+06	1.23868e+07
IQGAP2	2.86048e+06	1.7471e+06	925454	2.70722e+06
IRAG1	1.57875e+06	524515	172677	987711
IRAK4	1.09787e+06		816280	926765
IREB2	1.37461e+06	1.13686e+06	948949	877567
IRF2BP1	974803			1.11056e+06
IRF2BP2	989332	814823	443236	969276
IRF2BPL	187443	90437.8		159813
IRF3	2.83571e+06	2.45699e+06	3.25819e+06	3.01593e+06
IRF4	295198	497941	273434	327889
IRF5	187348	84182.1	109166	153150
IRF6	3.83472e+06		5.18648e+06	6.93876e+06
IRF9	536420	581244	437703	359824
IRGQ	3.11805e+06	2.21202e+06	5.53759e+06	3.60231e+06
ISCA1	358901	290618	356446	333864
ISCA2	927644	457287	1.28286e+06	946974
ISCU	664650		531878	604854
ISG15	2.1882e+06	3.56046e+06	2.69868e+06	893268
ISG20	1.15958e+06	1.29909e+06	2.12482e+06	922783
ISLR	1.42285e+06	835601	367491	
ISOC1	4.74331e+06	5.14912e+06	6.45384e+06	5.24349e+06
ISOC2	1.77805e+06	596605	2.44283e+06	2.12973e+06
IST1	2.61721e+06	1.73783e+06	2.05214e+06	2.68342e+06
ISYNA1	3.18163e+06	8.24443e+06	6.17826e+06	3.82105e+06
ITCH	352154	213460	169153	303329
ITFG1	612702	285045	831638	604277
ITGA1	4.34919e+06	3.0271e+06	3.16926e+06	2.45795e+06
ITGA2	2.1808e+06	2.82304e+06	3.86234e+06	3.28651e+06
ITGA2B	9.24641e+06	4.46335e+06	448655	969433
ITGA3	3.2001e+06	1.07358e+06	4.08731e+06	3.02504e+06
ITGA4	677973	687576	815085	546442
ITGA5	3.22742e+06	3.0983e+06	2.12794e+06	1.73493e+06
ITGA6	4.01083e+06	3.18931e+06	5.4228e+06	5.9283e+06
ITGA7	1.8593e+06	711710	769686	484575
ITGA9	624920	331535	523758	548324
ITGAE	865661	362562	756696	817272
ITGAL	1.64944e+06	1.81995e+06	1.58375e+06	589087
ITGAM	3.41835e+06	1.94224e+07	3.39383e+06	633783
ITGAV	1.00317e+07	8.76092e+06	9.6536e+06	7.75649e+06
ITGAX	3.55394e+06	4.22784e+06	2.32502e+06	1.26161e+06
ITGB1	1.85778e+07	1.49294e+07	1.87061e+07	1.41979e+07
ITGB2	9.60588e+06	3.08957e+07	7.99225e+06	2.39423e+06
ITGB3	5.88427e+06	3.49659e+06	1.52911e+06	1.60953e+06
ITGB4	2.61912e+06	2.03147e+06	3.57653e+06	4.48793e+06
ITGB5	4.45318e+06	5.13883e+06	4.04058e+06	2.91605e+06
ITGB7	385602	341138	558376	373577
ITIH1	9.59927e+06	1.12977e+07	7.50033e+06	1.25674e+07
ITIH2	7.9807e+06	6.45068e+06	7.36878e+06	1.15209e+07
ITIH3	1.57359e+06	2.0268e+06	1.66459e+06	2.46375e+06
ITIH4	1.12135e+07	1.28985e+07	1.12224e+07	1.44516e+07
ITIH5	545459	1.31139e+06	470970	303260
ITLN1	4.97177e+07	4.30501e+06	4.67746e+07	5.22073e+07
ITM2B	320844		303778	219049
ITM2C	693000		1.13032e+06	957687
ITPA	3.13405e+06	973256	5.72578e+06	3.62855e+06
ITPK1	647222		862927	704074
ITPR1	758942	362418		445884
ITPR2	3.57614e+06	2.13782e+06		2.54229e+06
ITPR3	464012	224148	95782.8	477589
ITPRIP	323847	207850		197766
ITSN1	359550	252429	495197	358626
ITSN2	1.86992e+06	1.58378e+06	397258	1.36179e+06
IVD	6.01846e+06	3.44843e+06	4.02148e+06	6.71513e+06
IVNS1ABP	247638	676645	146990	231871
IWS1	323187	260197	87814.9	313980
IYD	319288		228703	382360
JAG1			106177	106576
JAGN1	1.06459e+06	1.06532e+06	1.17328e+06	1.09561e+06
JAM2	236067	240809	394777	335823
JAM3	227180		182442	160120
JAML	243408	402251	207963	196593
JCHAIN	2.5161e+07	1.59133e+07	6.95854e+07	4.27362e+07
JMJD6	615416	936096	712997	755710
JMJD7	160351		255217	220789
JPT1	651310	159240	3.35683e+06	1.35892e+06
JPT2	929726		2.81072e+06	2.33277e+06
JTB	1.29227e+06	1.87659e+06	1.61822e+06	1.08348e+06
JUP	4.44409e+06	1.07273e+07	3.12021e+06	5.67059e+06
KALRN	205381	137307	115239	199083
KANK2	1.26139e+07	3.13411e+06	2.88952e+06	1.14118e+07
KARS1	3.55088e+06	2.74223e+06	2.30769e+06	2.97753e+06
KATNAL2	1.90686e+07	2.59959e+07	1.43002e+07	1.94894e+07
KBTBD11	831461	739667	560202	1.04231e+06
KBTBD2		198484		
KCMF1	133011	120516	86670.2	155660
KCNA3	189031	187431	250187	270697
KCNAB2	1.96388e+06	2.82769e+06	1.18572e+06	975834
KCNN4	220186		99429	199131
KCT2	285749	149356	408599	162451
KCTD12	6.62976e+06	3.81138e+06	5.83368e+06	6.61921e+06
KCTD14	458741		241542	336728
KCTD16	412198			
KCTD21	98731.1			110404
KCTD5	274096	305846		351227
KDELR1	5.14932e+06	1.95513e+06	2.80872e+06	2.35705e+06
KDELR2	1.21143e+06	897150	593444	843201
KDELR3	1.24366e+06	887350	1.29681e+06	1.2068e+06
KDM1A	770210	651725		841011
KDM2A	272216	256179		397016
KDM3B	556748	512061	341320	580904
KDSR	4.93029e+06	3.11164e+06	2.73245e+06	3.32828e+06
KEAP1	260092	228426	145816	358184
KHDRBS1	4.94994e+06	4.13254e+06	2.49946e+06	4.78798e+06
KHDRBS3	512998			401432
KHSRP	1.66615e+07	2.60256e+06	1.37536e+07	1.64999e+07
KIAA0319L	939491	871161	1.0986e+06	1.10062e+06
KIAA0513	234843	248431	321312	266728
KIAA0930		123240	151762	64452.6
KIAA1143	268844	94212	491572	457582
KIAA1217	496823	288976	304903	539367
KIAA1522	2.60222e+06		2.42059e+06	2.97567e+06
KIAA2013	1.52802e+06	791749	1.37831e+06	1.46831e+06
KIF13B	2.5651e+06	1.14763e+06	1.19354e+06	3.07148e+06
KIF1B	191285	200203	171232	186994
KIF21A	272495			411983
KIF2A	521291	490272	207893	291093
KIF5B	6.13517e+06	5.86652e+06	1.74302e+06	7.16021e+06
KIFBP	118821	124560	143310	133128
KIRREL1	277117	349002	65015.3	
KLC1	1.68203e+06	687770	743921	1.82109e+06
KLC2	423016	93984	134093	531720
KLC4	1.60062e+06		524562	2.16625e+06
KLHL22	152647	141282		191478
KLK1	943098		2.20471e+06	1.79354e+06
KLK11			319914	213799
KLKB1	1.20134e+06	1.90008e+06	1.19984e+06	1.47425e+06
KNG1	1.08257e+07	1.16189e+07	1.12841e+07	1.44262e+07
KPLCE	2.0238e+06	3.37913e+06	1.16997e+06	2.33414e+06
KPNA1	382413	308092	341910	426361
KPNA2	746013	279729	524075	715815
KPNA3	916884	448044	736775	1.13199e+06
KPNA4	504521	401083	406986	532019
KPNA6	719486	543712	715951	1.22299e+06
KPNB1	7.84162e+06	3.44302e+06	5.43872e+06	8.21119e+06
KPRP	1.22733e+06	5.83309e+06	976559	1.88642e+06
KRAS	915433	454597	2.3898e+06	1.32609e+06
KRT1	2.48556e+08	1.31175e+09	2.06351e+08	3.4791e+08
KRT10	8.33849e+07	9.55427e+08	8.02803e+07	1.48894e+08
KRT14	1.05631e+07	5.97333e+07	6.79113e+06	1.04284e+07
KRT15	5.45592e+06	1.99069e+07	4.46856e+06	2.73441e+06
KRT16	1.64829e+07	1.11543e+08	8.25211e+06	8.71205e+06
KRT17	1.93839e+06	2.49569e+06	1.3424e+06	1.13356e+06
KRT18	4.37338e+07	1.27806e+07	2.22945e+06	5.9957e+07
KRT19	2.77349e+07	3.62484e+06	2.69567e+06	4.90248e+07
KRT2	6.06003e+07	2.25247e+08	4.6778e+07	1.00913e+08
KRT20	2.94908e+06	486679	990132	6.30917e+06
KRT23	515073	732285	454152	519570
KRT4	194865	182424	449514	
KRT5	2.63215e+07	1.08902e+08	1.73811e+07	3.21679e+07
KRT6A	8.81188e+06	5.95357e+07	4.71979e+06	7.42969e+06
KRT6B	1.97455e+06	2.11745e+07	1.19021e+06	1.9299e+06
KRT71				412408
KRT72		230694	61937.4	70709
KRT73		672470		
KRT76	401490	3.5901e+06		244733
KRT77	980401	1.14652e+06	726858	2.87882e+06
KRT78	1.0326e+06	4.4948e+06	860096	1.61502e+06
KRT8	7.72317e+07	1.67857e+07	5.98591e+06	1.22683e+08
KRT80	1.24241e+06	2.32035e+06	880085	1.36466e+06
KRT9	1.08149e+08	3.30834e+08	9.28084e+07	1.52243e+08
KRTCAP2	4.75205e+06	1.83093e+06	4.36091e+06	5.60845e+06
KRTCAP3	1.55268e+06	2.09868e+06	1.80269e+06	1.57948e+06
KTN1	3.31858e+06	2.97534e+06	659810	2.6802e+06
KYAT3	2.16491e+06	1.14473e+06	1.17585e+06	2.31195e+06
KYNU	1.09562e+06	2.3357e+06	662748	561061
L1CAM	1.50774e+06	595459	2.0363e+06	2.4489e+06
L2HGDH	4.37275e+06	1.60298e+06	3.1165e+06	4.67886e+06
L3HYPDH	245614	291599	153294	136051
LACC1		255965	168042	252452
LACTB	2.19835e+06	2.54934e+06	746222	1.01933e+06
LACTB2	3.63497e+06	4.04802e+06	5.74907e+06	4.08932e+06
LAD1	2.09324e+06	710877	1.22289e+06	3.42138e+06
LAGE3	346833		475945	528346
LAIR1			355387	
LAMA4	3.50356e+06	3.77595e+06	1.52299e+06	2.55933e+06
LAMA5	625923	994086	379340	441500
LAMB1	7.90637e+06	9.48193e+06	4.17687e+06	6.87476e+06
LAMB2	1.18591e+06	1.02206e+06	459011	577016
LAMC1	6.84511e+06	8.72044e+06	3.56539e+06	5.48336e+06
LAMP1	1.29341e+07	2.02902e+07	1.97751e+07	8.22453e+06
LAMP2	9.888e+06	1.87092e+07	2.02491e+07	8.35077e+06
LAMTOR1	2.10772e+06	1.36312e+06	2.15094e+06	2.00703e+06
LAMTOR2	1.51971e+06	1.32963e+06	2.71439e+06	1.54227e+06
LAMTOR3	3.48772e+06	2.29269e+06	4.44005e+06	2.99143e+06
LAMTOR4	1.99312e+06	2.21278e+06	2.69694e+06	1.74186e+06
LAMTOR5	3.55549e+06		3.94049e+06	4.40234e+06
LANCL1	2.71703e+06	2.28074e+06	1.97135e+06	2.5656e+06
LANCL2	831318	913908	949767	1.08467e+06
LAP3	1.58879e+07	1.1912e+07	2.45476e+07	1.22186e+07
LAPTM5	143665	53207.3	34955.1	57706.2
LARP1	819184	855947	528670	1.04086e+06
LARP4	169849		57600.4	161570
LARP4B	322253	231864	253399	320979
LARP7	490072	726855	140272	548028
LARS1	4.15631e+06	1.8795e+06	1.3233e+06	4.42287e+06
LARS2	2.4952e+06	1.38889e+06	1.46874e+06	2.5188e+06
LAS1L				191997
LASP1	2.03435e+07	9.14889e+06	1.2019e+07	1.85648e+07
LBP	2.50987e+06	3.14392e+06	2.04362e+06	2.5016e+06
LBR	4.7527e+06	6.30894e+06	2.38805e+06	3.89297e+06
LCAT	266519	200304	480160	415451
LCK	635431	425474	453674	381843
LCLAT1	1.27202e+06	711442	792799	1.01164e+06
LCMT1	834392	731328	1.07632e+06	1.04754e+06
LCN1	1.60715e+06	3.43788e+06	800876	1.03213e+06
LCN2	1.10412e+07	1.14103e+08	1.80186e+07	1.94508e+06
LCP1	4.5041e+07	1.10487e+08	5.23591e+07	2.72738e+07
LCP2	1.34777e+06	1.13669e+06	697255	592540
LDAH	1.02123e+06	1.09859e+06	1.06891e+06	922037
LDB3	6.46559e+06		1.23638e+07	7.25678e+06
LDHA	5.98093e+07	7.72963e+07	6.43846e+07	5.13726e+07
LDHAL6B	2.73407e+06	1.56854e+06	1.87647e+06	1.06366e+06
LDHB	2.88772e+07	4.30032e+07	3.61115e+07	3.18542e+07
LDHD	633259		386615	1.03173e+06
LDLR	713471	553470	930652	998718
LDLRAP1	108593		110028	65309.8
LEFTY1			237634	168562
LEMD2	1.27503e+06	1.45659e+06	735984	1.15122e+06
LEMD3	577518	496876	169650	456142
LEO1	305771		82478.8	307695
LEPROT	200401	125372	154449	156395
LETM1	2.88793e+06	1.84211e+06	3.05161e+06	3.2187e+06
LGALS1	7.69785e+07	2.74123e+07	9.3653e+07	6.34735e+07
LGALS2	810866		416135	523550
LGALS3	6.689e+07	2.90209e+07	2.05647e+08	9.86508e+07
LGALS3BP	1.18513e+07	1.01108e+07	2.24774e+07	1.39657e+07
LGALS4	1.10499e+08	3.12156e+07	1.7608e+08	1.64243e+08
LGALS7	3.55368e+06	4.57085e+06	3.2288e+06	2.60664e+06
LGALS8	804843	870235	728491	684263
LGALS9	5.50049e+06	2.66496e+06	8.58409e+06	5.72582e+06
LGALSL	976813	348555	1.28312e+06	825075
LGMN	4.61389e+06	2.8585e+06	1.0696e+07	6.7084e+06
LHFPL2	647507		417494	340013
LHPP	2.86361e+06	2.5319e+06	2.5164e+06	2.51355e+06
LIG1	35784.2	79760.9	51135.9	78768
LIG3	490567	294959	139415	489244
LILRA2		63880.8		
LILRA3		908268		
LILRB1		39101.9	51194.2	
LILRB2	348959	1.08012e+06	307283	162757
LILRB4	197445	141143	70320.1	
LILRB5		56870.7	92083.6	554170
LIMA1	2.55372e+06	731667	908779	3.4779e+06
LIMD1	461950		283197	594855
LIMD2	176325	127584	70664.9	47437.9
LIMS1	3.03083e+06	2.00373e+06	537327	1.76175e+06
LIMS2	420958			208812
LIN7C	2.6266e+06	1.43981e+06	1.80594e+06	3.1376e+06
LIPA	2.08993e+06	3.7966e+06	3.39623e+06	2.32393e+06
LIPH	253696		472804	336466
LITAF	3.49945e+06	6.57904e+06	5.23448e+06	2.52807e+06
LLGL2	916184	275646	894840	1.24495e+06
LMAN1	1.60576e+07	1.34857e+07	1.63349e+07	1.34317e+07
LMAN2	1.11222e+07	1.31021e+07	1.84299e+07	1.06408e+07
LMAN2L	939895	888176	888956	787785
LMBRD1	310187	275412	402542	236632
LMCD1	2.39401e+06	1.09117e+06	360466	939699
LMF1	293321	467897	283563	292084
LMF2	1.67433e+06	1.05583e+06	1.01143e+06	1.13886e+06
LMNA	1.20658e+07	6.66706e+06	1.43913e+06	1.1363e+07
LMNB1	1.12959e+07	3.82244e+06	1.41962e+06	8.23039e+06
LMNB2	9.59149e+06	5.81484e+06	1.43692e+06	7.9497e+06
LMO7	691469	309407	336549	914436
LMOD1	1.61709e+06	840766	542606	1.43164e+06
LNPEP	1.48474e+06	1.36777e+06	2.02726e+06	1.52874e+06
LNPK	2.56682e+06	973897	1.62757e+06	2.20617e+06
LONP1	3.21724e+06	1.71033e+06	1.15539e+06	2.80962e+06
LONP2	64426.6	70391.3		101821
LPAR1	692786	630470	664323	724998
LPAR2	22024.2		46089.2	36072.6
LPCAT1	706413	176604	491329	450390
LPCAT2	2.34292e+06	3.04352e+06	1.82929e+06	1.7624e+06
LPCAT3	2.55876e+06	2.13742e+06	1.70944e+06	2.82769e+06
LPCAT4	1.47392e+06	303302	1.1598e+06	1.61372e+06
LPGAT1	1.69036e+06	1.5411e+06	984191	852082
LPP	9.31438e+06	1.11719e+06	1.11097e+06	5.26768e+06
LPXN	1.06668e+06		155669	716676
LRATD1	258509		311720	414572
LRATD2	474256	269301	521486	542416
LRBA	4.81137e+06	2.57709e+06	3.02153e+06	6.37804e+06
LRCH4	666498	383292	221518	578875
LRG1	2.05154e+06	651031	4.65165e+06	4.28988e+06
LRP1	3.13106e+06	3.28582e+06	1.62172e+06	1.96696e+06
LRP10			147206	94164.8
LRPAP1	1.5292e+06	1.82086e+06	1.18347e+06	997225
LRPPRC	9.3675e+06	2.34626e+06	2.28312e+06	1.13183e+07
LRRC1	792245	250401	863314	1.01409e+06
LRRC15	523537	322380	79419.2	122446
LRRC19			209338	104594
LRRC20	135149		292867	201053
LRRC25	902465	1.12361e+06	1.11831e+06	328368
LRRC32	237818	66860.5	166102	
LRRC40	738761	271208	463785	775157
LRRC47	1.00825e+06	628700	1.3739e+06	947958
LRRC57	1.18622e+06	973137	1.25499e+06	1.30081e+06
LRRC59	9.26603e+06	6.86209e+06	1.04062e+07	8.76787e+06
LRRC75A			24050.5	
LRRC8A	146004	61814.5	23101.5	86484.1
LRRFIP1	964619	280760	745609	1.25415e+06
LRRFIP2	481909	450389	196711	564886
LRRK1	2.56215e+06	3.86357e+06	3.59759e+06	3.29072e+06
LRSAM1	633391	602880	515931	683338
LRWD1	135796	143771		97965
LSG1	919860	481843	644241	859601
LSM1	898749	588359	1.06094e+06	1.04919e+06
LSM12	1.29846e+06	1.16155e+06	716169	1.2851e+06
LSM14A	7.12915e+06	2.72786e+06	7.46979e+06	1.04863e+07
LSM2	2.67096e+06	2.28995e+06	2.74355e+06	2.58485e+06
LSM3	1.25913e+06	420903	1.4946e+06	1.74439e+06
LSM4	1.6555e+06	1.2165e+06	1.72339e+06	1.91448e+06
LSM6	4.24502e+06	3.65236e+06	3.77464e+06	3.71761e+06
LSM7	4.18145e+06	2.83837e+06	5.68936e+06	4.43625e+06
LSM8	3.05524e+06	3.2434e+06	3.04146e+06	2.90488e+06
LSP1	2.65878e+06	2.00949e+06	2.59732e+06	2.09717e+06
LSR	1.21968e+06	604049	2.37602e+06	2.08943e+06
LSS	2.96019e+06	2.84831e+06	5.53618e+06	4.25955e+06
LTA4H	4.99485e+06	1.02831e+07	4.59654e+06	4.74805e+06
LTB4R		395026		
LTBP1	453721	743653		
LTBP2	923022	1.09795e+06	220490	195265
LTBP4	871911	885701	1.10173e+06	1.3834e+06
LTC4S	1.37434e+06	1.16756e+06	967202	896276
LTF	1.80428e+07	2.85747e+08	2.88928e+07	2.25767e+06
LTN1				187925
LUC7L	159797	140726	82262.4	175729
LUC7L2	1.87908e+06	1.23025e+06	708870	1.84713e+06
LUC7L3	1.04722e+06	706030	254012	873198
LUM	4.23681e+07	1.80602e+07	2.65185e+07	3.55503e+07
LUZP1	463998	212960	215788	276898
LXN	3.93002e+06	3.96863e+06	3.96473e+06	3.27452e+06
LY6G6F	153995	22828.5		
LY75	2.83098e+06	2.26155e+06	4.08643e+06	2.36314e+06
LYAR	1.26123e+06	1.11379e+06		982883
LYN	2.14526e+06	2.87299e+06	1.94574e+06	1.44137e+06
LYPLA1	3.8743e+06	2.63224e+06	5.89271e+06	4.43613e+06
LYPLA2	4.14143e+06	1.30494e+06	4.97964e+06	4.42629e+06
LYPLAL1	1.80348e+06	1.51596e+06	1.50928e+06	1.46202e+06
LYRM2	599901	233899	818465	718688
LYRM4	384884	263013	393104	413845
LYRM7	971229	356202	1.04093e+06	905758
LYSMD2	533698	209631	707859	382874
LYVE1	85087.8	46719.6	99427.1	111344
LYZ	9.57902e+07	7.74742e+08	1.53392e+08	2.54905e+07
LZIC	2.49965e+06	323514	3.25585e+06	2.73848e+06
LZTFL1	614255	232325	459426	737919
M6PR	3.81229e+06	4.66372e+06	6.13444e+06	3.02664e+06
MACF1	1.23911e+06	1.39223e+06	138971	912215
MACROD1	1.44844e+06	671261	982185	1.53951e+06
MACROH2A1	3.06429e+06	7.7256e+06	902337	1.06586e+06
MAD1L1	634917	536729	98493.3	564542
MAD2L1	615418	317225	985208	768717
MADCAM1		436835	588818	
MAF1	87587.5	107010	212331	143871
MAGED2	694074	852559	397185	565128
MAGT1	2.68949e+06	3.24508e+06	1.4303e+06	2.43208e+06
MAIP1	698297	329802	528654	850224
MAL2	1.73272e+06	1.32925e+06	3.9298e+06	2.95966e+06
MAN1A1	1.40212e+06	1.32577e+06	1.73434e+06	1.33403e+06
MAN1A2	1.18872e+06	1.40867e+06	869264	1.09193e+06
MAN1B1	563891	272711	398251	507796
MAN1C1	105106	84354	39380.1	12627.4
MAN2A1	1.55357e+06	1.33255e+06	1.76869e+06	1.74156e+06
MAN2A2	256609	143389	234583	
MAN2B1	1.30371e+06	1.92822e+06	2.81437e+06	1.41351e+06
MAN2B2	518436	608671	750427	412390
MAN2C1	1.29818e+06	1.59063e+06	939848	1.48682e+06
MANBA	679227	1.02539e+06	1.25292e+06	863001
MANBAL	86598.3	71977.4	59863.7	81576
MANEA	863606	443796	1.86022e+06	984950
MANF	3.81132e+06	6.78669e+06	7.74736e+06	4.29546e+06
MANSC4	1.5994e+06	958803	1.51315e+06	1.46746e+06
MAOA	1.47551e+07	2.04775e+06	9.66554e+06	1.6521e+07
MAOB	4.82957e+06	2.8675e+06	1.83965e+06	2.21724e+06
MAP1B	758895	281400		765730
MAP1S	3.19994e+06	2.53723e+06	1.34302e+06	2.99357e+06
MAP2K1	2.37291e+06	3.40496e+06	2.87662e+06	2.38875e+06
MAP2K2	3.40833e+06	1.93001e+06	4.82893e+06	3.95636e+06
MAP2K3	918669	577216	705603	816591
MAP2K4	1.2297e+06	1.26977e+06	1.11693e+06	1.49916e+06
MAP2K6	1.89281e+06	409312	2.00009e+06	2.5224e+06
MAP3K20	348120	448383	66904.2	230899
MAP3K5	304595	269022		297298
MAP4	8.28129e+06	6.18462e+06	5.44784e+06	1.07953e+07
MAP7	760746	384244	651466	1.29694e+06
MAPK1	6.65197e+06	7.47995e+06	7.62142e+06	7.04757e+06
MAPK13	3.10903e+06	1.94432e+06	2.49312e+06	3.87192e+06
MAPK14	1.08599e+06	1.67078e+06	1.71218e+06	985368
MAPK15	4.12398e+06	5.30277e+06	1.2408e+07	6.30265e+06
MAPK3	3.07438e+06	2.05247e+06	3.68961e+06	3.4932e+06
MAPK8	115969		141702	123533
MAPK9	770468	351200	980130	994056
MAPKAP1		65642		152708
MAPKAPK2	2.08537e+06	2.74708e+06	1.94725e+06	1.8902e+06
MAPKAPK3	286489	335964	286077	
MAPRE1	4.20139e+06	5.48034e+06	4.06875e+06	3.78122e+06
MAPRE2	1.38821e+06	615660	634178	829627
MAPT	335740		88203.8	509922
MARCHF5	3.51873e+06	2.48084e+06	1.61846e+06	3.51739e+06
MARCKS	6.81918e+06	2.83481e+06	1.62828e+07	1.00143e+07
MARCKSL1	3.7022e+06	924382	7.0524e+06	4.87311e+06
MARK1	153623	82722		115963
MARK2	719750	751135	543944	850361
MARS1	3.26707e+06	1.02892e+06	1.15884e+06	3.07653e+06
MARS2	167144	110705	136275	258569
MASP1	549027	754352	681316	638503
MAT2A	6.01146e+06	5.90645e+06	8.94773e+06	7.3901e+06
MAT2B	3.23072e+06	3.15051e+06	5.8321e+06	4.2946e+06
MATR3	2.61269e+06	2.14407e+06	508717	2.70305e+06
MAU2	225609	151187		196399
MAVS	2.32843e+06		1.48409e+06	2.51431e+06
MB	1.0722e+06		1.05704e+06	2.05669e+06
MB21D2	73988.5	130264		
MBLAC2	754377	637441	847973	628483
MBNL1	1.11835e+06	954031	470974	938161
MBOAT1	598649	399437	436086	564773
MBOAT2	381153	382125	295659	356402
MBOAT7	4.27307e+06	2.60089e+06	1.84526e+06	3.61585e+06
MBP	69208.6		111653	113325
MCAM	4.32306e+06	3.81349e+06	3.53082e+06	3.28269e+06
MCAT	1.75063e+06	1.63756e+06	2.07088e+06	1.63395e+06
MCCC1	4.71733e+06	724582	1.45429e+06	5.42094e+06
MCCC2	3.12588e+06	1.45984e+06	1.69487e+06	3.83234e+06
MCEE	993301	503672	934444	992805
MCEMP1		1.72162e+06		
MCL1	366737	438758	462536	720203
MCM2	1.00359e+06	575340	884933	1.21367e+06
MCM3	877733	493683	1.0318e+06	900569
MCM4	1.00086e+07	5.31659e+06	9.15611e+06	1.11051e+07
MCM5	797616	280559	744553	875805
MCM6	1.15854e+06	242034	909313	1.32405e+06
MCM7	1.21539e+06	496034	917855	1.44105e+06
MCMBP	594682	611223	425265	571585
MCRIP1	601253			364240
MCTP2	173949	119465		174658
MCTS1	3.68609e+06	4.17946e+06	3.80395e+06	3.26197e+06
MCU	3.53387e+06	990780	1.49047e+06	3.14558e+06
MCUB			45689.9	
MDH1	3.80969e+07	4.12828e+07	5.27765e+07	4.34816e+07
MDH2	4.20839e+07	3.14957e+07	5.25949e+07	4.19004e+07
MDK	182561	171712	885638	265298
MDP1	821842	506203	1.21271e+06	790841
ME1	1.47341e+06	2.20136e+06	2.56175e+06	2.2831e+06
ME2	6.0349e+06	5.32535e+06	4.00803e+06	5.44071e+06
ME3	425569	274934	622400	493699
MEAK7	553165	461171	667522	466108
MECP2	554690	192994	96391.6	221462
MECR	936746	599726	1.00592e+06	1.01471e+06
MED1	131725	106447		84334
MED20	160665	76814	76908.6	211179
MED23	259246	79108.8		300045
MED24	117342			82015.8
MED25	579438		493136	618106
MED6	66836.7			70363.3
MEF2D		148645	154666	
MEMO1	1.12616e+06	1.51052e+06	1.58391e+06	1.0865e+06
MEP1A	628871	66298.5	1.05061e+06	641059
MERTK	910573	938823	966725	802239
MESD	3.58649e+06	2.94801e+06	4.86679e+06	3.58529e+06
MET	260411	60309.7	379949	346436
METAP1	943457	763483	769473	792416
METAP2	550229	663965	738607	438834
METTL1	248984	297749	313367	229086
METTL14	410065	366409		343886
METTL16	263907	227014	135437	278043
METTL21A			175710	45594.1
METTL26	669712	411305	955341	715467
METTL2B	134513		176993	186197
METTL3	464020	313555	91606.2	403586
METTL9	564415	422646	536032	328106
MFAP4	6.06765e+06	4.4887e+06	6.94328e+06	8.66383e+06
MFAP5			215415	594990
MFF	692285	168338	470995	532070
MFGE8	740572	1.17983e+06	327840	299949
MFN1	595631	246708	247739	609627
MFN2	1.24225e+06	261271	607590	1.01424e+06
MFSD1	1.25752e+06	881993	1.40995e+06	805569
MFSD10	1.48925e+06	2.08273e+06	962334	1.11927e+06
MFSD4A	1.31221e+06		1.46526e+06	1.21658e+06
MFSD5	83985	141238	32471.1	34155.5
MFSD6	296830		471639	400935
MFSD9	78908.5		86921.7	79259.5
MGAM	1.46406e+06	2.84533e+06	1.04848e+06	1.05287e+06
MGAT1	1.32053e+06	1.26976e+06	715314	883042
MGAT2	8.47633e+06	1.05461e+07	1.27548e+07	8.12502e+06
MGAT4B	500690	515143	641675	426587
MGAT5	122277	136802	171554	105243
MGLL	1.44341e+06	1.02794e+06	2.3365e+06	1.43328e+06
MGMT	1.62732e+06	568461	2.25063e+06	1.87258e+06
MGST1	1.37363e+07	1.10939e+07	2.0885e+07	1.73685e+07
MGST2	2.30616e+07	1.29218e+07	1.77267e+07	2.00327e+07
MGST3	1.7982e+07	8.94258e+06	8.4457e+06	1.77407e+07
MIA2	592897	390950	194240	486934
MIA3	1.21116e+06	1.19853e+06	472224	1.29785e+06
MICAL1	2.67305e+06	3.45585e+06	1.41975e+06	2.57985e+06
MICAL2	377891	402858	39778.9	
MICAL3	172510	67074.3		178964
MICOS10	2.08755e+06	1.18895e+06	3.65052e+06	2.00704e+06
MICOS13	1.68968e+06		1.29385e+06	1.61237e+06
MICU1	304452	160202	126935	233108
MICU2	427626	263485	204366	293227
MIEF1	503226	261984	498060	517890
MIEN1	728508	412522	1.8491e+06	1.00877e+06
MIER1	287969	352710	247436	409490
MIF	2.24813e+07	8.90222e+06	5.45519e+07	3.6668e+07
MIF4GD	136911	71484.5	97474.5	98359.8
MINDY1	513262	305000	588968	495970
MINDY3	609971	560609	982019	686022
MINK1	145793			99045.5
MINPP1	741471	970325	1.15652e+06	796775
MIOS	808825	779503	1.16303e+06	875305
MIPEP	837979	538933	440228	866851
MISP	576990	222416	440722	1.05937e+06
MISP3	373552		1.0241e+06	743495
MIX23	2.56354e+06	1.8676e+06	4.48614e+06	2.81832e+06
MKRN2	58621.5			44328.1
MLEC	9.09353e+06	7.43484e+06	1.14979e+07	9.82372e+06
MLKL	589821	816931	378927	346943
MLPH	2.53852e+06		1.68779e+06	2.80153e+06
MLST8	568592	529003	234470	703113
MLYCD	1.23301e+06	1.04932e+06	799425	1.20811e+06
MMAA	6.56306e+06	3.74154e+06	5.22078e+06	5.76029e+06
MMAB	1.16792e+06	733732	1.02657e+06	1.23263e+06
MME	120969	673391	184015	145885
MMGT1	803090		502970	663538
MMP1	610193	512017		
MMP12	362462	950863		
MMP14	1.67519e+07	1.24904e+07	8.21613e+06	8.11573e+06
MMP15			116626	
MMP2	965613	1.53683e+06	594953	370105
MMP25		163310		
MMP3	796604	792480	476731	785717
MMP7	367967	544947		
MMP8	867934	1.3549e+07	2.17362e+06	407219
MMP9	1.94607e+06	2.95163e+07	3.43631e+06	377603
MMRN1	798532	384191	361344	
MMS19	955820	369300	417458	988920
MMUT	2.33908e+06	1.70143e+06	1.90214e+06	2.86047e+06
MNDA	6.23014e+06	2.8391e+07	3.76362e+06	1.16743e+06
MOB2	1.79691e+06	2.04318e+06	1.38998e+06	1.97172e+06
MOB3A	642486	463122	369035	499973
MOB4	1.05248e+06	1.25445e+06	752109	1.15244e+06
MOCS2	501707	548721	503007	420160
MOCS3	416849	190861	215971	416984
MOGAT2	657764		602080	776094
MOGS	4.05699e+06	4.89644e+06	3.11594e+06	2.63178e+06
MON1B	216226	200724	139073	194834
MON2	957863	121018	218243	1.09663e+06
MORF4L1	171820	192520		
MOSPD2	536804	769372	331753	333855
MOV10	556757	521212	327032	512465
MOXD1	788620	833153	442144	345682
MPC1	2.39544e+06	344573	2.86134e+06	2.12786e+06
MPC2	2.76955e+06	1.09439e+06	4.16333e+06	2.84795e+06
MPDU1	4.71021e+06	2.98372e+06	7.46846e+06	4.04947e+06
MPEG1	410535	549545	477017	324390
MPG	1.40032e+06	1.32758e+06	688903	762049
MPI	1.20657e+06	1.12814e+06	2.30818e+06	1.51285e+06
MPIG6B	591115	390426		
MPO	4.91719e+07	4.4377e+08	6.39381e+07	5.48854e+06
MPP1	1.9638e+06	2.37121e+06	828637	1.09664e+06
MPP7	129681		105247	105677
MPRIP	231512			94409.8
MPST	4.91973e+06	2.6339e+06	1.0022e+07	6.24912e+06
MPV17	452284	422362	290508	317621
MPZL1	966340	629341	1.48182e+06	1.10988e+06
MPZL2	157557		355486	230348
MRC1	5.22199e+06	4.89142e+06	3.14548e+06	3.16775e+06
MRC2	2.89723e+06	3.58399e+06	1.69222e+06	1.11344e+06
MRE11	1.25545e+06	931942	78217.1	960640
MRFAP1	121743		91373.1	123182
MRGPRF	919075	683054	765636	686714
MRI1	814913	1.04055e+06	1.32609e+06	1.02553e+06
MROH1	396725	196155	90204.1	395795
MRPL1	1.84114e+06	1.44303e+06	932719	2.12757e+06
MRPL10	336076		167154	422844
MRPL11	3.90785e+06		2.5388e+06	5.10101e+06
MRPL12	2.78807e+06	300406	1.63436e+06	4.28951e+06
MRPL13	1.74343e+06	841235	833784	2.07385e+06
MRPL14	369412		347869	637224
MRPL15	1.2821e+06	686033	507903	1.48384e+06
MRPL16	1.07848e+06	200778	589798	1.08501e+06
MRPL17	1.7915e+06	967459	648265	2.07393e+06
MRPL18	1.0866e+06	511438	582805	1.3663e+06
MRPL19	1.39099e+06	796835	619589	1.65211e+06
MRPL2	1.11888e+06	827345	604657	1.30293e+06
MRPL20	960758	516419	348859	1.17775e+06
MRPL21	2.28477e+06	1.52723e+06	986447	2.31701e+06
MRPL22	1.00836e+06	767311	666257	1.22468e+06
MRPL23	1.3788e+06	781613	541712	1.57814e+06
MRPL24	2.35406e+06	1.17264e+06	861541	2.65088e+06
MRPL27	969804	655994	562964	1.34595e+06
MRPL28	1.04268e+06	636991	451280	1.09469e+06
MRPL3	1.01142e+06	502264	420451	1.30854e+06
MRPL30	581449	474680	236457	706079
MRPL32	610955	317533	322527	812471
MRPL33			30473.6	103809
MRPL34	395181	136360	136369	669316
MRPL35	631313	289973	519356	854402
MRPL37	1.47823e+06	840513	672192	1.88017e+06
MRPL38	1.99001e+06	994208	746751	2.22026e+06
MRPL39	1.02395e+06	607571	470225	1.27309e+06
MRPL4	2.26831e+06	1.04823e+06	703107	2.34099e+06
MRPL40	485357	206311	252569	631166
MRPL41	3.11379e+06	1.78074e+06	1.44672e+06	3.57132e+06
MRPL43	1.56272e+06	880624	653834	2.01623e+06
MRPL44	1.90616e+06	1.11999e+06	854830	2.41884e+06
MRPL45	2.21011e+06	1.7613e+06	962666	2.59667e+06
MRPL46	1.04225e+06	616735	487264	977814
MRPL47	913422	517606	349132	1.2578e+06
MRPL48	528253		204837	735990
MRPL49	1.34732e+06	571907	622435	1.79597e+06
MRPL50	1.03707e+06		440511	1.53098e+06
MRPL51	295640	202491		389448
MRPL53	997160		528230	1.14316e+06
MRPL54	1.52279e+06		1.61075e+06	2.19363e+06
MRPL55	580002	387344	276365	600583
MRPL57	729681	211826	454556	944171
MRPL58	1.97761e+06	1.11023e+06	745509	2.3304e+06
MRPL9	647912		263532	922073
MRPS10	181311	35145.5	55806.9	227615
MRPS11	742832		332359	748477
MRPS12	265321		175918	454463
MRPS14	223857	77090.8	37842.6	282944
MRPS15	802237	180358	363233	1.13694e+06
MRPS16	1.32e+06	1.10729e+06	464613	1.42323e+06
MRPS17	920514	675406	300159	1.17418e+06
MRPS18A	866371	281192	356170	1.22179e+06
MRPS18B	595424	243867	200829	785460
MRPS18C	260491			349243
MRPS2	1.22801e+06	906010	457513	1.4158e+06
MRPS21	394917		149510	713599
MRPS22	957001	618711	361838	1.13801e+06
MRPS23	1.74153e+06	1.18274e+06	683146	2.06263e+06
MRPS24	825044	653930	362316	1.00137e+06
MRPS25	309835	219058	153605	338135
MRPS26	1.03725e+06		623043	1.34903e+06
MRPS27	1.4253e+06	791239	522220	1.72794e+06
MRPS28	1.74333e+06	1.10615e+06	736796	1.71797e+06
MRPS30	794221	325528	413587	1.10856e+06
MRPS31	443803	247628	163565	537587
MRPS33	651324	215557		732764
MRPS34	1.57284e+06	802436	453357	1.68243e+06
MRPS35	494363	295010	153732	627236
MRPS36	2.67134e+06	678632	1.84377e+06	2.6911e+06
MRPS5	522904	552568	278988	742832
MRPS6	65094			173124
MRPS7	714703	277358	356067	865826
MRPS9	659362	218052	291782	902886
MRRF	1.50238e+06	710957	1.55474e+06	1.5111e+06
MRTO4	210382	82490	86429.3	132470
MS4A6A				62346.3
MSH2	874055	475302	388599	943061
MSH6	453703	112389	170493	473956
MSI2	1.20862e+06	1.06979e+06	1.64694e+06	1.84206e+06
MSMO1	343255	190433	942172	586175
MSN	1.76243e+07	2.90399e+07	1.0382e+07	1.09923e+07
MSR1	430233	274226	224798	134445
MSRA	859823	1.47055e+06	1.33007e+06	706402
MSRB2	3.44185e+06	2.55827e+06	3.49808e+06	2.43765e+06
MSRB3	1.10103e+06	841396		
MST1	401356	488690	432981	437881
MST1R	275545	599931	500523	447569
MSTO1	558728		433779	659106
MT-ATP6	1.03897e+07	7.21501e+06	6.56767e+06	1.02863e+07
MT-CO1	6.77404e+06	3.97851e+06	3.91881e+06	6.90314e+06
MT-CO2	6.65856e+07	1.93729e+07	3.64e+07	8.03146e+07
MT-CO3	1.71223e+06	1.09699e+06	774514	1.9542e+06
MT-CYB	3.79722e+06	2.79479e+06	4.29317e+06	5.75804e+06
MT-ND1	1.29176e+06	448473	607704	1.42651e+06
MT-ND2	1.67855e+06	1.11109e+06	884323	2.03824e+06
MT-ND3	319619		242019	846703
MT-ND4	3.58929e+06	2.78425e+06	2.05698e+06	3.58444e+06
MT-ND5	1.59498e+06	1.30766e+06	813468	1.76961e+06
MT1E	448202		358943	1.09793e+06
MT2A	680429	1.27037e+06	645526	836243
MTA1	407640	200990		358994
MTA2	1.95934e+06	1.57957e+06	263045	1.68306e+06
MTAP	2.90883e+06	3.44383e+06	3.23228e+06	3.23273e+06
MTARC2	1.67644e+06	812796	764504	1.40742e+06
MTCH1	2.33166e+06	829550	1.35967e+06	1.90361e+06
MTCH2	6.82397e+06	2.04931e+06	5.65179e+06	6.71611e+06
MTDH	1.93026e+06	1.81145e+06	1.32498e+06	1.55599e+06
MTFR1L	309402		147711	286921
MTHFD1	7.05122e+06	2.33159e+06	6.88141e+06	7.89287e+06
MTHFD1L	734080	841933	375278	547995
MTHFD2	2.80565e+06	3.23676e+06	3.82212e+06	2.6645e+06
MTHFR	166830	249955	299131	219607
MTHFS	646983	774306	1.51684e+06	734129
MTIF2	360342		277196	278650
MTM1	449954	269435	331998	558397
MTMR1	450861	344047	185191	327183
MTMR11	1.492e+06		1.40854e+06	1.09496e+06
MTMR14	343795	251577	300672	374628
MTMR2	271943	245578		174125
MTMR3	221838	415979	139540	273270
MTMR6	694654	895240	377268	634393
MTMR9	247076	383880	147150	246432
MTOR	980363	576861	531415	998667
MTPAP	345162	210743	155521	310363
MTPN	3.76006e+06	1.23562e+06	5.25806e+06	5.26949e+06
MTRES1	206440	197869	175300	212064
MTREX	942824	714856	117805	973978
MTX1	1.40822e+06	933894	1.49528e+06	1.37584e+06
MTX2	2.4039e+06	1.53711e+06	1.0179e+06	2.4021e+06
MUC1	356004	87307.9	1.70476e+06	582932
MUC12	1.36668e+06		2.30759e+06	2.1697e+06
MUC13	1.52955e+06	1.57624e+06	6.38706e+06	2.71413e+06
MUC2	3.214e+07	1.27383e+07	7.49364e+07	4.32754e+07
MUC4	1.09759e+06	357641	2.09989e+06	1.63615e+06
MUC5AC		314094	334745	
MUC5B	2.65855e+06	2.97768e+06	7.85715e+06	4.87717e+06
MVB12A	810812	614669	724952	931832
MVD	1.26613e+06	1.17485e+06	4.48324e+06	1.94482e+06
MVK	706699		1.17242e+06	959713
MVP	9.55241e+06	6.5853e+06	8.23921e+06	1.19331e+07
MX1	1.50494e+06	766792	805671	438621
MX2	276187	265957		
MXRA5	748111	905255	373375	246060
MXRA7	1.89243e+06		1.06209e+06	1.59468e+06
MXRA8	459485	258529	261562	245193
MYADM	1.25667e+07	1.97226e+07	1.13827e+07	1.12869e+07
MYBBP1A	1.00053e+06	608460		806607
MYCBP	1.60165e+06		993041	2.14301e+06
MYCBP2	259379	136422	143385	206413
MYD88	1.34806e+07	1.31653e+07	1.73084e+07	1.43426e+07
MYDGF	9.51739e+06	1.22608e+07	2.19442e+07	9.93461e+06
MYEF2	128772			72628.1
MYG1	1.57539e+06	1.81025e+06	3.66615e+06	1.82632e+06
MYH10	825420	727458		375986
MYH11	1.31446e+07	4.22378e+06	1.2252e+06	8.67647e+06
MYH14	1.41171e+06	657851	615796	1.04042e+06
MYH9	5.26928e+07	7.86628e+07	1.89623e+07	3.10917e+07
MYL6	1.85378e+07	8.28384e+06	1.87461e+07	1.86858e+07
MYL9	1.12524e+07	2.10152e+06	1.59973e+06	6.2431e+06
MYLK	1.28105e+07	6.86564e+06	2.22106e+06	6.75163e+06
MYO18A	367388	233506		496998
MYO1A	885707	205749	484328	1.21279e+06
MYO1B	763566	775596	305158	679409
MYO1C	2.39838e+06	1.61608e+06	1.10514e+06	2.23996e+06
MYO1D	1.7744e+06	551880	1.07133e+06	2.0281e+06
MYO1E	1.12093e+06	710591	703274	1.09432e+06
MYO1F	1.43347e+06	1.50594e+06	813284	782110
MYO1G	1.29381e+06	649155	698506	813439
MYO3A	1.35869e+06	1.41025e+06		565455
MYO3B	417810	494142	131029	353764
MYO5A	1.1696e+06	1.60079e+06	1.39799e+06	1.60975e+06
MYO5C	187421		140313	229294
MYO6	639658	645765	480315	638704
MYO7B	695395	466089	152844	1.03706e+06
MYO9B	445646	390886	58474.1	279734
MYOF	7.02002e+06	5.69515e+06	2.22372e+06	4.44879e+06
MYORG	346130	385446	422703	575246
MZB1	6.62108e+07	5.77123e+07	1.94231e+08	6.69024e+07
MZT2B	502281			548057
N6AMT1	70201.6		119312	101316
NAA10	244703	125661	342736	321675
NAA15	954363	831907	852668	1.00888e+06
NAA20	172091	81738.8	386615	211819
NAA25	258760	103138	183431	276429
NAA50	926354	1.03421e+06	1.32098e+06	902203
NAAA	1.09204e+06	1.04742e+06	1.59412e+06	1.45898e+06
NAALADL2	158838	182585	205881	170471
NACA	6.73138e+06	2.59924e+06	9.14867e+06	7.48181e+06
NACC1	360898	295325		477533
NADK	340625	1.00661e+06	308453	372878
NADK2	885965	644279	883277	903075
NADSYN1	1.15402e+06	1.60343e+06	1.30887e+06	1.4963e+06
NAE1	3.30045e+06	3.77507e+06	3.9431e+06	3.77322e+06
NAGA	2.81162e+06	3.30974e+06	6.70885e+06	4.12822e+06
NAGK	5.09601e+06	9.62387e+06	8.7974e+06	5.91179e+06
NAGLU	1.37153e+06	1.71786e+06	3.73246e+06	1.57612e+06
NAGPA	180080	113126	231097	106558
NAMPT	1.03469e+07	6.43098e+06	1.50293e+07	8.1631e+06
NANOS3	708705	1.61152e+06	445884	956625
NANS	2.32316e+07	1.31119e+07	2.96281e+07	2.7991e+07
NAP1L1	2.92934e+06	1.95552e+06	2.67333e+06	2.46633e+06
NAP1L4	1.9693e+06	788330	1.7124e+06	2.14166e+06
NAPA	1.5077e+07	4.85403e+06	1.75269e+07	1.56874e+07
NAPB	93878.9		122255	144215
NAPG	1.54175e+06	289770	1.36371e+06	1.64463e+06
NAPRT	4.6871e+06	5.24856e+06	9.52129e+06	5.92497e+06
NARS1	4.90689e+06	4.53719e+06	4.60942e+06	5.38564e+06
NARS2	1.1937e+06	434105	589843	1.06822e+06
NASP	2.62739e+06	898386	4.19021e+06	3.10837e+06
NAT1	813876	366822	660502	964479
NAT10	509050	142266		284547
NAXD	1.56336e+06	887705	1.46546e+06	1.40446e+06
NAXE	3.92105e+06	2.8235e+06	5.16464e+06	4.27592e+06
NBAS	725865	657401	46059.4	643379
NBEAL1	216204	212593	97175.5	249979
NBEAL2	451956	590951	211695	470363
NBL1	498435		1.39652e+06	894027
NBN	1.54633e+06	1.08775e+06	274386	1.29547e+06
NCALD	1.13506e+06	1.15658e+06	360536	339368
NCAM1	3.33863e+06	1.9136e+06	4.52459e+06	5.82942e+06
NCAM2			286541	365240
NCBP1	755820	794727	346006	780463
NCBP2	1.13531e+06	778496	1.03062e+06	1.19583e+06
NCCRP1	1.248e+06	873859	757308	851195
NCDN	168959		72375.8	166169
NCEH1	6.5003e+06	6.85246e+06	4.50762e+06	3.13941e+06
NCF1		695613	388326	
NCF2	1.19858e+07	1.88736e+07	7.55336e+06	5.9242e+06
NCF4	1.5594e+06	4.86866e+06	2.20202e+06	1.36815e+06
NCK1	899678	1.09894e+06	683386	733984
NCK2	874910	699685	603375	716263
NCKAP1	2.02369e+06	1.0154e+06	484845	2.05389e+06
NCKAP1L	2.76699e+06	2.54387e+06	820102	2.358e+06
NCKIPSD	241495		61433.1	239188
NCL	1.22339e+08	1.16324e+08	6.53979e+07	1.26085e+08
NCLN	3.2199e+06	1.27716e+06	2.12359e+06	2.53637e+06
NCOA5	221729	498911		186996
NCOR1	168627			157180
NCOR2	90466.2	98915.6		
NCSTN	2.73382e+06	3.48944e+06	3.70456e+06	2.36757e+06
NDRG1	5.64398e+06	1.67892e+06	4.70919e+06	4.66541e+06
NDRG2	3.84592e+06	881434	5.76987e+06	5.42707e+06
NDRG3	1.25315e+06	553445	1.3779e+06	1.40115e+06
NDUFA1	570806			536512
NDUFA10	5.44993e+06	1.62223e+06	3.05704e+06	6.1224e+06
NDUFA11	2.63044e+06	1.56281e+06	2.98823e+06	2.80189e+06
NDUFA12	4.67834e+06	2.68046e+06	2.04648e+06	5.40891e+06
NDUFA13	7.81052e+06	1.86721e+06	2.97838e+06	8.03798e+06
NDUFA2	4.1395e+06	2.16325e+06	2.50527e+06	5.56209e+06
NDUFA3	800118		381498	828010
NDUFA4	4.27786e+06	413480	3.55715e+06	5.45414e+06
NDUFA5	1.82786e+06	392252	825054	2.19617e+06
NDUFA6	3.83309e+06	2.09329e+06	1.80489e+06	3.87361e+06
NDUFA7	1.98992e+06	731475	797611	2.36595e+06
NDUFA8	3.03661e+06	1.94215e+06	1.52669e+06	3.64261e+06
NDUFA9	4.61158e+06	3.12717e+06	1.74181e+06	5.15811e+06
NDUFAF2	9.32257e+06	8.86202e+06	1.0315e+07	9.96664e+06
NDUFAF3	1.67698e+06	1.12173e+06	1.1888e+06	1.4727e+06
NDUFAF4	1.23687e+06		692756	1.10266e+06
NDUFAF7	158904	63734.2	65095.6	189626
NDUFB1	952230	422556	600887	1.54492e+06
NDUFB10	5.72093e+06	4.18405e+06	3.51632e+06	6.55999e+06
NDUFB11	3.92974e+06		2.55438e+06	5.76632e+06
NDUFB3	3.17324e+06	2.16675e+06	1.78149e+06	3.47449e+06
NDUFB4	8.15671e+06	3.48587e+06	4.30747e+06	8.35394e+06
NDUFB5	2.10881e+06	1.64279e+06	1.407e+06	2.40057e+06
NDUFB6	2.11069e+06	1.54958e+06	1.25158e+06	2.49487e+06
NDUFB7	1.7318e+06	1.19295e+06	1.07143e+06	1.96788e+06
NDUFB8	2.62873e+06	924140	1.71799e+06	3.80802e+06
NDUFB9	3.07137e+06	1.85122e+06	2.04327e+06	3.7509e+06
NDUFC2	1.93722e+06		1.9667e+06	3.07741e+06
NDUFS1	6.01034e+06	3.91704e+06	2.64051e+06	7.1793e+06
NDUFS2	5.59662e+06	3.52521e+06	2.4097e+06	6.48438e+06
NDUFS3	2.26193e+07	1.35623e+07	9.95877e+06	2.43048e+07
NDUFS4	4.144e+06	2.79451e+06	1.91358e+06	5.00116e+06
NDUFS5	3.92597e+06	2.40403e+06	1.87174e+06	4.27362e+06
NDUFS6	2.88438e+06	1.67925e+06	1.83273e+06	3.75485e+06
NDUFS7	4.99005e+06	3.01416e+06	2.27386e+06	5.10185e+06
NDUFS8	4.19681e+06	823349	1.9438e+06	4.84491e+06
NDUFV1	4.61533e+06	2.95089e+06	2.10391e+06	5.31161e+06
NDUFV2	1.03421e+07	6.82988e+06	5.43711e+06	1.30495e+07
NDUFV3	1.66788e+06	1.17544e+06	908713	2.05972e+06
NECAP1	1.54284e+06	1.36132e+06	2.17284e+06	2.15385e+06
NECAP2	2.06012e+06	2.21728e+06	2.21879e+06	1.75266e+06
NECTIN2	4.76034e+06	4.5745e+06	6.59373e+06	4.24449e+06
NEDD1	93753.7			95387.2
NEDD4	215878	445960	148570	208001
NEDD4L	625759	401924	338976	686152
NEDD8	2.05207e+06	926816	3.27183e+06	2.57513e+06
NEGR1	856624	354343	1.18974e+06	764359
NEK7	399201	91563.2	222052	298617
NEK9	2.77072e+06	1.94884e+06	787277	2.58509e+06
NELFA	553270	355800	249981	540539
NELFB	731818	551841	154024	725976
NELFCD	771860	286354	399456	709443
NELFE	248911			203948
NEMF	659930	570571	416745	397837
NENF	1.2002e+06	485989	2.33653e+06	1.32224e+06
NEO1	209458	100768	133437	164146
NES	1.23444e+06		466122	1.22825e+06
NEU1	1.20913e+06	1.25012e+06	2.07042e+06	1.26128e+06
NEXN	686757	480415		528764
NFIA	19479.1			21278.9
NFKB1	5.90645e+06	6.20214e+06	3.36083e+06	6.93246e+06
NFKB2	2.00082e+06	1.93797e+06	588001	1.54081e+06
NFKBIB	383867	362482	380200	445102
NFS1	1.09676e+06	467731	680104	958924
NFU1	507434	133248	1.22644e+06	741281
NFXL1	294462	194028	98581.6	298295
NFYB	342027		673800	510280
NFYC	873858		920679	1.02101e+06
NGFR	294131		304252	310178
NGLY1	928448	510291	546524	1.01661e+06
NHEJ1	154085			280758
NHERF1	3.881e+06	3.30283e+06	5.51856e+06	4.20466e+06
NHERF2	1.21962e+06	488495	607914	1.15518e+06
NHLRC2	1.25025e+06	1.29993e+06	1.1383e+06	1.25727e+06
NHLRC3	778581	784080	1.2811e+06	756137
NHP2	183337			166093
NIBAN1	1.38097e+06	698963	825134	1.04005e+06
NIBAN2	6.31118e+06	4.9832e+06	4.58947e+06	5.95928e+06
NID1	4.14071e+06	4.65137e+06	2.67139e+06	3.13449e+06
NID2	1.97344e+06	2.25066e+06	1.10215e+06	1.24083e+06
NIF3L1	1.6468e+06	1.49224e+06	2.30104e+06	1.91607e+06
NINJ2	262498	304453	323298	345097
NIPA2	368550		183533	268374
NIPBL	83593.5			
NIPSNAP1	2.29879e+06	881772	1.45617e+06	2.00995e+06
NIPSNAP2	4.14847e+06	2.06856e+06	2.14063e+06	3.82642e+06
NIPSNAP3A	5.03209e+06	3.01455e+06	2.90696e+06	4.3086e+06
NISCH	107231	139226	109871	117676
NIT1	2.0619e+06	2.07065e+06	3.3141e+06	2.41776e+06
NIT2	6.29505e+06	5.57308e+06	9.43113e+06	6.73407e+06
NKIRAS2	538512		453056	669885
NLE1	509361	327359	290936	388944
NLN	880109	952389	597173	969809
NLRC4		1.39842e+06		
NLRX1	420154	132026	25973.6	283034
NMD3	218737	281322	149041	136499
NME1	8.66635e+06	1.57672e+07	1.75485e+07	1.20648e+07
NME2	7.63505e+06	6.31936e+06	1.43496e+07	1.06014e+07
NME3	3.46621e+06	2.95633e+06	2.71886e+06	3.38562e+06
NME6	285647		292207	278000
NME7	901254	545294		795413
NMES1	6.73453e+06		6.78848e+06	1.66562e+07
NMI	1.70824e+06	1.96258e+06	2.04638e+06	1.43888e+06
NMNAT1	261014	245171	105593	161519
NMRAL1	587681	400637	665650	657316
NMRK1	430975	567848	483432	518209
NMT1	1.1577e+06	1.26198e+06	1.08759e+06	727963
NNMT	8.78258e+06	1.13539e+07	6.13364e+06	2.77172e+06
NNT	4.98091e+06	2.46316e+06	1.61184e+06	4.44513e+06
NOA1	581471	706536	320055	709208
NOC2L	187894			121608
NOLC1	399778	333495	172910	391991
NOMO1	548352	762600	482615	534881
NONO	3.80865e+06	3.5797e+06	947683	2.8547e+06
NOP2	767001		111922	413973
NOP56	9.96337e+06	5.3166e+06	1.62262e+06	6.68676e+06
NOP58	1.41127e+06	929393		803843
NOP9	663551	288600	270506	607864
NOX1	324813	1.11005e+06	580998	175185
NPC1	965676	1.37826e+06	1.32474e+06	807649
NPC2	7.19416e+06	1.03771e+07	1.31547e+07	5.89029e+06
NPEPL1	2.87855e+06	3.31101e+06	2.40955e+06	2.55261e+06
NPEPPS	5.14747e+06	4.21436e+06	4.34279e+06	5.35233e+06
NPL	721582	681549	1.21838e+06	868318
NPLOC4	1.31576e+06	1.36623e+06	595293	1.2235e+06
NPM1	1.91035e+07	2.08131e+07	6.47122e+06	1.61707e+07
NPM3	681107	1.42659e+06		
NPTN	4.57727e+06	4.01909e+06	4.90835e+06	3.69039e+06
NQO1	1.14995e+06	1.8164e+06	2.85084e+06	2.27238e+06
NQO2	2.22024e+06	4.40981e+06	3.69269e+06	2.3199e+06
NR1I3		105200		
NR2C2AP	1.12798e+06	777400	1.70879e+06	1.19675e+06
NRAS	1.79232e+06	1.27823e+06	2.54161e+06	1.73016e+06
NRBP1	727948	546579	526023	649948
NRDC	4.7136e+06	6.72383e+06	6.79327e+06	4.65781e+06
NRF1	1.2514e+06	1.23552e+06	961433	1.35509e+06
NRIP2	428635	118729		
NRM	1.22941e+06	1.06792e+06	1.09185e+06	846974
NRP1	941895	1.09616e+06	442609	623391
NRP2	222891	221683	135995	151884
NSDHL	1.29666e+06	1.15177e+06	2.45284e+06	1.42435e+06
NSF	5.25186e+06	3.26918e+06	2.93962e+06	6.16481e+06
NSFL1C	3.79651e+06	4.89994e+06	6.70202e+06	4.33705e+06
NSUN2	3.81869e+06	1.95062e+06	2.51606e+06	4.91326e+06
NT5C	1.34314e+06	907373	2.20693e+06	1.45908e+06
NT5C2	1.07549e+06	1.46794e+06	985614	1.10063e+06
NT5C3A	1.29673e+06	765680	2.70263e+06	1.47974e+06
NT5DC1	1.67712e+06	1.56986e+06	3.23518e+06	2.43796e+06
NT5DC2	423722	463423	291603	413970
NT5DC3	597752	464754	377433	725485
NT5E	3.48932e+06	1.84517e+06	2.28435e+06	1.89872e+06
NTAN1	165603	196027	242022	
NTMT1	1.36113e+06	1.28973e+06	1.79936e+06	1.30729e+06
NTPCR	839011		1.25903e+06	1.2503e+06
NUB1	736240	376352	406658	570991
NUBP1	1.46679e+06	554808	2.07376e+06	1.70565e+06
NUBP2	1.21781e+06		1.8599e+06	1.55163e+06
NUBPL	1.88597e+06		775721	2.24792e+06
NUCB1	3.16707e+07	3.87341e+06	4.49193e+07	2.86599e+07
NUCB2	4.30024e+06	1.85741e+06	8.65617e+06	4.9834e+06
NUCKS1	2.83948e+06	237245	3.66873e+06	3.17209e+06
NUDC	3.2728e+06	3.90628e+06	2.69977e+06	3.86848e+06
NUDCD1	3.51623e+06	3.44236e+06	5.13686e+06	3.85923e+06
NUDCD2	1.42091e+06	464861	2.60585e+06	1.74779e+06
NUDCD3	516714	495198	503600	631120
NUDT1	352608	412074	638257	389362
NUDT12	1.29745e+06	557451	1.35103e+06	2.13336e+06
NUDT14	250507	207121	304716	241993
NUDT15	123727	52660.5	226171	144754
NUDT16	1.53062e+06	1.30309e+06	2.84368e+06	1.46156e+06
NUDT16L1	1.235e+06	802197	1.2362e+06	1.20485e+06
NUDT18	138435	142084	222107	154726
NUDT19	3.6363e+06	2.37493e+06	2.85838e+06	3.59968e+06
NUDT2	1.05071e+06	992066	2.356e+06	1.13765e+06
NUDT21	3.11185e+06	2.93655e+06	1.07064e+06	3.08706e+06
NUDT3	1.26192e+06	1.95426e+06	2.21393e+06	1.4571e+06
NUDT4	1.32489e+06	849322	2.17426e+06	1.45654e+06
NUDT5	3.34772e+06	4.43455e+06	7.25434e+06	4.15949e+06
NUDT6	422345	244491	280560	547923
NUDT8	1.20393e+06	2.13629e+06	1.41914e+06	1.49517e+06
NUDT9	770446	618603	1.08018e+06	838841
NUFIP2	890249	487992	679222	1.11793e+06
NUMA1	7.25536e+06	4.7954e+06	2.60926e+06	5.91795e+06
NUMB	588246	473562	361603	550878
NUP107	746973	407702	794524	652219
NUP133	1.57021e+06	1.37524e+06		1.35548e+06
NUP153	478621	311413		321858
NUP155	6.55482e+06	3.18407e+06	1.67764e+06	5.74155e+06
NUP160	490061			489758
NUP188	483043			407797
NUP205	905405	227926	1.10207e+06	871197
NUP210	839666	356552		686496
NUP214	1.52203e+06	1.14632e+06	512193	1.48707e+06
NUP35	430068		386475	450987
NUP37	1.82451e+06	1.51137e+06	1.69571e+06	1.77484e+06
NUP43	658390	266265	686866	590146
NUP50	1.73452e+06	609973	638688	1.37405e+06
NUP54	1.02925e+06	625401	725577	1.01899e+06
NUP58	597667	284618	407967	621813
NUP62	2.08311e+06		1.44275e+06	2.78297e+06
NUP85	548114	189541		382954
NUP88	1.33256e+06	1.12369e+06	561119	1.47726e+06
NUP93	4.4415e+06	3.40328e+06	1.26358e+06	4.38401e+06
NUP98	1.46838e+06	1.19249e+06	624812	1.32803e+06
NUTF2	4.61376e+06	3.06754e+06	1.10784e+07	6.62659e+06
NXF1	451724	378632	102905	255653
NXN	996287	1.18179e+06	465482	541474
NXPE4	596577	120262	889698	947106
OARD1	722074	409810	941378	787612
OAS1	621377	658442	703390	498815
OAS2	957885	653046	710977	532189
OAS3	2.75793e+07	2.66957e+07	1.00658e+07	1.46571e+07
OAT	2.15124e+06	1.17569e+06	1.82197e+06	2.24406e+06
OBSL1	610280	441188		742800
OCIAD1	3.57272e+06	2.61402e+06	3.13757e+06	3.61298e+06
OCIAD2	3.57923e+06	2.70804e+06	4.20735e+06	4.11846e+06
OCLN	504513	142301	737971	708076
ODR4	835031	676695	483149	900587
OGA	611198	545916	520909	670686
OGDH	4.30862e+06	3.69882e+06	1.78831e+06	4.8106e+06
OGDHL	1.16285e+06	1.49976e+06	798809	1.51147e+06
OGFOD2	27637.3			
OGFOD3	289337	239624	240727	233662
OGFR	770207	911334	717997	641732
OGN	1.42459e+07	2.66265e+06	5.85793e+06	1.34361e+07
OGT	1.5217e+06	966515	347142	1.53703e+06
OLA1	7.28208e+06	1.06775e+07	9.14168e+06	8.59845e+06
OLFM4	2.72397e+06	4.60159e+06	2.20246e+06	2.00205e+06
OLFML1	1.05505e+06	374067	116124	365587
OLFML3	6.16527e+06	4.38663e+06	3.47987e+06	3.92042e+06
OLR1	417803	2.42528e+06	563929	
OMA1	296476	204105	167864	364437
OPA1	2.40462e+06	647851	850863	2.16668e+06
OPA3	1.49223e+06	601438	416553	945235
OPLAH	926302	699052	1.05347e+06	1.37153e+06
OPTN	608203	189919	255758	674151
OR11H12	6.74144e+06	1.9854e+07	9.78306e+06	7.27814e+06
OR13C4	445973			502707
OR1M1	9.18548e+06	1.76465e+07	1.23164e+07	8.82049e+06
ORC4	36146.1	24258.8		69599.6
ORM1	1.81653e+07	7.61856e+06	3.40625e+07	3.55651e+07
ORM2	1.13482e+07	4.99797e+06	1.69985e+07	1.78327e+07
ORMDL3	559228		611589	567957
OS9	784020	1.08076e+06	535634	697449
OSBP	2.02566e+06	2.09732e+06	1.71966e+06	2.65011e+06
OSBP2	653663	577123	679181	929824
OSBPL10	121482	114124	69743.6	218213
OSBPL11	468743	415807	277116	323020
OSBPL1A	590979	694965	384426	805316
OSBPL2	731022	780152	707608	775370
OSBPL3		182651		
OSBPL5	868508	735988	768925	599860
OSBPL8	938688	1.13313e+06	280512	375190
OSBPL9	632692	709666	386131	624786
OSGEP	1.30696e+06	1.46033e+06	1.66605e+06	1.45407e+06
OSTC	5.08894e+06	5.04076e+06	4.69266e+06	5.05848e+06
OSTF1	4.03618e+06	6.52375e+06	4.63391e+06	3.60107e+06
OTC	665642	416778	520040	798366
OTUB1	5.78727e+06	2.9391e+06	1.04141e+07	6.33633e+06
OTULIN	342682	288937	232842	315903
OTULINL	2.14366e+06	1.4869e+06	1.18738e+06	2.37221e+06
OVCA2	1.06931e+06	900797	1.90019e+06	1.33843e+06
OXA1L	825321	931578	712505	966947
OXCT1	4.05239e+06	1.59882e+06	5.30596e+06	4.46455e+06
OXR1	669289	216302	400923	772578
OXSM	714648	374029	557281	805386
OXSR1	5.05656e+06	4.54667e+06	4.9992e+06	4.96822e+06
P2RX1	309983	274267	338073	238947
P2RX4	1.24904e+06	1.35706e+06	1.99955e+06	1.33974e+06
P2RX7	293369	388704	326830	204219
P3H1	3.3502e+06	3.95957e+06	1.48073e+06	1.59048e+06
P3H3	498816	598219	139347	342453
P3H4	489939	1.04361e+06		1.38035e+06
P4HA1	2.70142e+06	3.4982e+06	1.5423e+06	1.72281e+06
P4HA2	1.50839e+06	2.24155e+06	1.18964e+06	918099
P4HB	5.85902e+07	7.20661e+07	1.13102e+08	5.71225e+07
P4HTM	469043		408226	
PA2G4	7.8484e+06	9.2847e+06	7.35453e+06	8.34976e+06
PAAF1	553205	757798	547523	679343
PABPC1	2.77446e+06	3.1411e+06	2.00423e+06	3.09394e+06
PABPC4	2.28102e+06	3.3382e+06	1.75059e+06	3.02776e+06
PABPN1	2.84752e+06	2.3516e+06	2.69757e+06	2.67305e+06
PACS1	946696	878840	249374	609703
PACSIN2	3.06554e+06	2.07176e+06	2.10172e+06	3.41456e+06
PADI2	6.14605e+06	4.20179e+06	1.93614e+06	8.74215e+06
PADI4	987658	2.21996e+06	315175	
PAF1	463969	410746		345878
PAFAH1B1	3.76873e+06	4.0532e+06	2.5909e+06	3.70001e+06
PAFAH1B2	7.5883e+06	9.13197e+06	1.47133e+07	9.20806e+06
PAFAH1B3	3.86279e+06	3.39508e+06	1.07937e+07	5.08579e+06
PAFAH2	757845	369440	1.02581e+06	837631
PAG1	208478	35887.4	291690	181166
PAICS	3.28261e+06	3.32169e+06	3.62394e+06	4.82725e+06
PAIP1	1.53253e+06	1.39145e+06	1.61075e+06	1.88474e+06
PAK1	1.67767e+06	766220	1.57558e+06	2.17482e+06
PAK1IP1	88166.3	117416		
PAK2	2.39743e+06	2.18551e+06	1.99856e+06	2.24469e+06
PAK4	234924	118192	226078	224896
PALD1	233479	136228		294617
PALLD	3.39706e+06	1.26668e+06	955778	2.03579e+06
PALM	464498		230914	457599
PAM	353995		437858	386116
PAM16	843045		652250	775339
PANK2	277999	426303	432238	366501
PANK3	47629	17368.2	125772	101515
PANK4	613430	504626	406813	589376
PAPOLA	440066	486476	478568	534979
PAPPA		374581	221872	
PAPSS1	2.31437e+06	2.02381e+06	1.13979e+06	2.27676e+06
PAPSS2	4.64807e+06	2.36279e+06	2.65692e+06	6.62447e+06
PARD6B	163754			168464
PARK7	4.02839e+07	3.43622e+07	7.83949e+07	4.38433e+07
PARN	376997	230370		424402
PARP1	2.40883e+06	2.36251e+06	994224	1.40694e+06
PARP10	1.04476e+06	1.18217e+06	852285	901006
PARP12	588972	535249	390787	481712
PARP14	434546	284776	152309	190528
PARP4	2.10912e+06	1.87307e+06	977295	2.23679e+06
PARP9	456167	381278		276856
PARS2	289444	103509	92831.7	308246
PARVA	5.47999e+06	1.83246e+06	1.28117e+06	3.1283e+06
PARVB	1.23471e+06	405407	123141	298392
PARVG	540466		215949	313056
PATL1	432693	214036	224396	356262
PAWR	797663		506046	876386
PAXX	2.34996e+06	1.59233e+06	3.14649e+06	2.39928e+06
PBDC1	1.96506e+06	2.10312e+06	2.27666e+06	2.4097e+06
PBLD	1.37374e+06	124110	1.35275e+06	1.32767e+06
PBXIP1	778863		430592	637416
PC	1.14962e+06	486435	465501	1.24819e+06
PCBD1	4.87544e+06	2.21511e+06	7.59813e+06	5.8126e+06
PCBD2	791663	564477	913921	849991
PCBP1	1.51798e+07	9.78185e+06	1.51619e+07	1.62298e+07
PCBP2	8.85663e+06	7.79823e+06	1.50489e+07	1.17739e+07
PCBP3		734970	798235	
PCCA	3.51476e+06	1.41395e+06	822387	3.85154e+06
PCCB	4.02215e+06	1.83551e+06	601161	4.45528e+06
PCDH1	745653		868893	1.08235e+06
PCID2	140577	97165		80440.9
PCIF1	154478	165725	60321.5	151612
PCK1	890352	128236	1.65158e+06	1.89603e+06
PCK2	9.29126e+06	1.44179e+06	4.83061e+06	9.71727e+06
PCMT1	8.54289e+06	1.03733e+07	1.26401e+07	8.25541e+06
PCMTD1	649800		515208	817366
PCNA	5.32048e+06	1.68372e+06	1.04143e+07	6.08429e+06
PCNP	1.65128e+06	160604	3.16242e+06	2.5656e+06
PCOLCE	2.00615e+06	3.9272e+06	748868	1.11193e+06
PCSK1	162899		153445	90706.9
PCTP	1.12903e+06	719389	1.57782e+06	1.24798e+06
PCYOX1	6.17547e+06	5.39647e+06	7.92106e+06	5.58767e+06
PCYOX1L	891657	1.06014e+06	841311	560891
PCYT1A	534736	669359	268685	495151
PCYT2	1.22289e+06	810712	2.37663e+06	1.69479e+06
PDAP1	2.32262e+06	2.04015e+06	2.32353e+06	2.72565e+06
PDCD10	3.44478e+06	2.29359e+06	2.24736e+06	3.26081e+06
PDCD4	7.74851e+06	1.196e+06	4.79131e+06	7.44472e+06
PDCD5	3.26041e+06		4.70655e+06	3.62147e+06
PDCD6	4.57973e+06	3.03921e+06	5.34482e+06	4.35374e+06
PDCD6IP	9.86916e+06	9.04144e+06	8.70586e+06	1.15818e+07
PDCL3	571618	595448	873390	655552
PDE12	2.90291e+06	1.86972e+06	1.72598e+06	2.9768e+06
PDE3A	660273		405660	643317
PDE4DIP	696266	881547	946099	649970
PDE5A	698375	332080	136621	478072
PDE6D	886132	1.11664e+06	1.10095e+06	825191
PDGFRB	1.08708e+06	610470	374095	472884
PDHA1	8.99468e+06	4.10353e+06	5.59632e+06	1.00295e+07
PDHB	9.78104e+06	1.74457e+06	6.4319e+06	1.10065e+07
PDHX	1.67731e+06	776442	940025	2.0108e+06
PDIA3	7.85116e+07	7.9266e+07	8.85765e+07	7.39553e+07
PDIA4	3.00914e+07	4.11548e+07	4.41806e+07	3.47349e+07
PDIA5	1.48223e+06	1.47622e+06	2.96399e+06	1.36848e+06
PDIA6	4.37646e+07	5.15687e+07	5.76017e+07	4.61694e+07
PDK1	1.04985e+06	576668	939922	1.56674e+06
PDK2	919287	507592	3.26718e+06	2.19819e+06
PDK3	706310	461652	560994	707236
PDLIM1	1.01874e+07	1.8127e+06	6.67222e+06	1.07289e+07
PDLIM2	1.88679e+06		1.76742e+06	1.75393e+06
PDLIM3	5.84941e+06	2.42479e+06	2.34446e+06	5.23896e+06
PDLIM4	3.71976e+06	567179	237863	897473
PDLIM5	4.12504e+06	1.6817e+06	1.80974e+06	3.00026e+06
PDLIM7	8.80262e+06	2.75494e+06	1.28085e+06	3.55283e+06
PDP1	1.9444e+06	828535	809992	1.33692e+06
PDP2	253573		540263	212224
PDPK1	76970.7		100960	
PDPR	1.7351e+06	1.58728e+06	826115	1.51178e+06
PDS5A	1.50312e+06	888506	276221	1.30097e+06
PDS5B	735916	514005	268737	475602
PDSS2	545192		461851	685981
PDXDC1	9.31492e+06	1.18876e+06	6.75957e+06	9.11223e+06
PDXK	4.49825e+06	6.31139e+06	7.86814e+06	4.54051e+06
PDXP	4.22037e+06	5.85821e+06	5.23539e+06	4.75269e+06
PDZD11	1.13984e+06	1.42397e+06	971493	1.69155e+06
PDZD8	449749	381704	160299	391617
PDZK1IP1			507140	
PEA15	2.8275e+06	431543	3.80252e+06	2.35324e+06
PEBP1	3.62544e+07	3.38508e+07	6.85793e+07	4.40325e+07
PECAM1	2.99083e+06	4.72913e+06	3.57642e+06	2.03272e+06
PEF1	2.15533e+06	719514	2.39009e+06	2.17969e+06
PELP1	429666	121206		326409
PEPD	3.05316e+06	4.39351e+06	6.24101e+06	3.81425e+06
PES1	300768	91834.4	90772.6	272273
PEX11B	1.82489e+06	958981	1.30557e+06	1.66804e+06
PEX14	631266	252786	165223	640928
PEX16	221004	223522	136818	168208
PEX26	83155.2	70862.1	41288.9	90365
PEX6	250871			294808
PF4	1.17302e+06	576360	152088	85468.2
PFAS	2.28059e+06	2.65853e+06	3.57726e+06	2.37609e+06
PFDN1	1.10256e+06		963650	2.00548e+06
PFDN2	3.18343e+06	1.02231e+06	2.79216e+06	3.25068e+06
PFDN4	695969	251886	700761	882006
PFDN5	1.50538e+06	375898	1.28579e+06	2.10148e+06
PFDN6	2.81546e+06	432535	2.54002e+06	3.36014e+06
PFKFB2	1.41235e+06	877918	1.56864e+06	2.03633e+06
PFKFB3	170947	239846		
PFKL	2.42375e+07	1.10487e+07	1.44819e+07	2.67157e+07
PFKM	1.21924e+06	780737	714050	1.45491e+06
PFKP	2.65558e+06	1.39598e+06	1.64612e+06	2.41065e+06
PFN1	1.52397e+08	2.60859e+08	3.35748e+08	1.45211e+08
PFN2	3.11323e+06	3.28208e+06	2.22441e+06	3.20975e+06
PFN3	378101	614426	669195	431862
PGAM1	1.20231e+07	1.95755e+07	3.45795e+07	1.35038e+07
PGAM5	4.89672e+06	4.28425e+06	4.14019e+06	5.72294e+06
PGAP4	210360		204629	235874
PGD	1.68685e+07	4.69033e+07	2.31478e+07	1.47545e+07
PGGT1B	950445	1.0854e+06	1.07753e+06	1.05953e+06
PGK1	3.97573e+07	5.72659e+07	5.9826e+07	3.76008e+07
PGK2	1.18318e+06	1.40125e+06	1.38514e+06	1.02923e+06
PGLS	6.15989e+06	2.57264e+06	1.09364e+07	9.00255e+06
PGLYRP1	782290	1.10855e+07	1.60628e+06	160927
PGLYRP2	2.09247e+06	2.55195e+06	2.95817e+06	3.00047e+06
PGM1	8.65462e+06	8.96773e+06	1.38387e+07	1.02011e+07
PGM2	6.28878e+06	1.03419e+07	7.41634e+06	6.14041e+06
PGM2L1	3.16609e+06	3.34032e+06	1.93089e+06	2.30215e+06
PGM3	4.42156e+06	3.73972e+06	6.68643e+06	4.92807e+06
PGM5	6.08825e+06	1.87011e+06	2.02169e+06	3.16652e+06
PGP	1.69404e+06	2.20688e+06	3.34166e+06	2.20487e+06
PGPEP1	140141		162117	168240
PGRMC1	1.04219e+07	3.09304e+06	1.14964e+07	9.42227e+06
PGRMC2	6.44901e+06	6.60259e+06	9.66657e+06	6.26915e+06
PHACTR4	235811	80675.2	165330	317515
PHAX	78607.4	104951	59298.5	112350
PHB1	1.75156e+07	1.08086e+07	5.83208e+06	1.6752e+07
PHB2	1.89856e+07	1.32522e+07	5.34042e+06	1.84426e+07
PHF5A	1.08979e+06	1.06648e+06	278267	1.11544e+06
PHF6	235124	250118		321989
PHGDH	2.3949e+06	1.11208e+06	2.79804e+06	2.60408e+06
PHKA2	528321	339760	175825	564772
PHKB	460503	263620	232815	499360
PHKG2	238519	147311	210399	296584
PHLDA2	30547.5		213136	171047
PHLDA3	123845	268662	203651	151331
PHLDB1	721407		132227	723808
PHPT1	2.01113e+06	5.21348e+06	7.40135e+06	2.90074e+06
PHYHD1	358818	425545	497312	386896
PHYKPL	1.6778e+06	1.93983e+06	1.77507e+06	1.60403e+06
PI3	282168	36746.8	881288	98472
PI4K2A	1.41361e+06	1.64666e+06	1.20529e+06	925181
PI4K2B	150533	112153	182524	218677
PI4KA	401905	212862	135200	344099
PIAS1	175718	237198	168097	223595
PICALM	3.7556e+06	3.15582e+06	1.73395e+06	3.03903e+06
PICK1	225554		126857	335786
PIEZO1	306191	321602	125854	189087
PIGG	303722	102223	188968	266678
PIGK	940137	659553	486270	853752
PIGM	96194.6	48445.5		70836.1
PIGN	358049	424048	356886	394975
PIGO	898971	743281	449016	986429
PIGR	2.28854e+07	6.34606e+06	4.82472e+07	2.43681e+07
PIGS	2.11738e+06	1.47179e+06	1.16654e+06	1.85077e+06
PIGT	1.55744e+06	1.42396e+06	801934	1.42504e+06
PIGU	1.2133e+06	862029	654489	1.07428e+06
PIK3C3	707858			641555
PIK3CB	121753			126961
PIK3R1	410978	351636		373329
PIK3R2	212967		123953	250665
PIK3R4	543169	500130	58922	529342
PIN1	2.78422e+06	2.30171e+06	3.62093e+06	3.19587e+06
PIN4	1.18125e+06	1.1702e+06	1.17862e+06	1.0027e+06
PIP	1.68366e+06	801555	591804	1.21923e+06
PIP4K2A	1.1821e+06	1.25907e+06	643238	597162
PIP4K2B	513364	314844	421979	547109
PIP4K2C	1.04781e+06	827195	1.10756e+06	1.02721e+06
PIP4P1	442245	439061	435729	445574
PIR	331983	477106	751192	438877
PISD	580335	379525	323773	539583
PITHD1	2.25173e+06	3.32581e+06	2.7633e+06	2.53774e+06
PITPNA	1.59948e+06	1.88537e+06	2.67086e+06	1.77995e+06
PITPNB	3.05945e+06	3.50578e+06	4.78625e+06	2.8128e+06
PITPNC1	531326	523280	628536	403343
PITRM1	4.4411e+06	3.58987e+06	2.9473e+06	3.85032e+06
PKLR	843489	1.99279e+06	569333	549924
PKM	9.30972e+07	1.19203e+08	1.23567e+08	8.54614e+07
PKN1	920713	469443	424170	588961
PKN2	1.27673e+06	1.25947e+06	483773	777670
PKP1	473324	1.19699e+06	370746	512661
PKP2	889027		482980	1.07768e+06
PKP3	872271	218455	524051	1.16797e+06
PLA2G10			950489	482307
PLA2G15	350179	452888	600524	287755
PLA2G2A	1.25618e+06	631308	1.92914e+06	1.32272e+06
PLA2G4A	1.15625e+06	1.79684e+06	1.10676e+06	1.1227e+06
PLA2G4C	545212	432650		
PLAA	1.16998e+06	1.28672e+06	717366	1.49842e+06
PLAU	153087	224559	76426.7	57206.4
PLAUR	357200	618630	599060	
PLBD1	3.77266e+06	9.92388e+06	7.76313e+06	3.69158e+06
PLBD2	1.64922e+06	2.24693e+06	2.74122e+06	1.26316e+06
PLCB2	1.97802e+06	3.87644e+06	1.22315e+06	852786
PLCB3	1.36658e+06	1.05447e+06	1.21188e+06	1.27328e+06
PLCB4	188835		77697.7	148753
PLCD1	1.75595e+06	1.57809e+06	2.31169e+06	2.53775e+06
PLCD3	270497		213094	356811
PLCG1	888636	825455	506128	820028
PLCG2	4.53448e+06	8.06504e+06	3.81432e+06	5.1754e+06
PLD1	105559	143559	105257	102012
PLD2	675354	755816	452245	625345
PLD3	7.53413e+06	1.14296e+07	1.17314e+07	7.29567e+06
PLD4	196877	230967	326974	87342.4
PLEC	1.38027e+08	1.41289e+08	1.63056e+07	1.08935e+08
PLEK	3.75065e+06	3.39854e+06	1.53292e+06	1.23004e+06
PLEK2	167465	222624	251151	282065
PLEKHA2	468540	397694	273938	371869
PLEKHA5	335846	333589	170221	425086
PLEKHA6	1.35967e+06	752160	650111	1.7865e+06
PLEKHF1	942048	538364	405438	561378
PLEKHF2	984296	954369	885873	1.11875e+06
PLEKHO2	2.36006e+06	2.54785e+06	1.27751e+06	1.51126e+06
PLG	6.00091e+06	6.33014e+06	3.04302e+06	6.11259e+06
PLGRKT	3.73045e+06	1.65054e+06	2.04431e+06	3.57818e+06
PLIN2	505052	436796	189033	179023
PLIN3	5.50084e+06	3.30211e+06	7.74819e+06	5.29186e+06
PLOD1	2.37359e+06	3.21381e+06	1.00395e+06	1.16247e+06
PLOD2	1.83367e+06	1.87381e+06	500551	424436
PLOD3	2.64458e+06	3.31003e+06	1.27216e+06	1.7653e+06
PLP1	172684		349237	634210
PLP2	6.30706e+06	2.35393e+06	1.83206e+07	6.5054e+06
PLPBP	2.60617e+06	2.34303e+06	3.07104e+06	2.71934e+06
PLPP1	432610	1.17479e+06	703613	487511
PLPP2			890775	752060
PLPP3	438849	599939	248928	253615
PLPP6	122160			175529
PLRG1	1.33379e+06	1.20922e+06	335827	706199
PLS1	5.92698e+06	2.73984e+06	7.8504e+06	8.74358e+06
PLS3	4.17251e+06	5.29297e+06	2.28794e+06	2.73516e+06
PLSCR1	1.25422e+06	2.0173e+06	1.37033e+06	838824
PLSCR3	1.15266e+06	1.02408e+06	945957	949298
PLSCR4	525262	432114	645978	510393
PLTP	566266	652913	596713	414399
PLVAP	1.25414e+06	1.48955e+06	803033	1.68976e+06
PLXDC2	843361	505387	375209	290031
PLXNA1	364826	442908	272986	178596
PLXNA2	110900	26167.8	144645	178902
PLXNB1	72333.6	16619.2	67916	66775.7
PLXNB2	4.79914e+06	5.28789e+06	6.38352e+06	5.18327e+06
PLXNC1	639091	1.10047e+06	471830	591290
PLXND1	355930	336797	146475	347653
PM20D2	323581		580064	385517
PMEL	385628	271252	2.1605e+06	421020
PML	4.44758e+06	4.15183e+06	1.05701e+06	2.62639e+06
PMM1	905284		1.52476e+06	893931
PMM2	3.89998e+06	3.60432e+06	8.78634e+06	5.36685e+06
PMPCA	2.27711e+06	1.62878e+06	1.87251e+06	2.1547e+06
PMPCB	3.28041e+06	2.22421e+06	2.5654e+06	3.28007e+06
PMVK	1.1434e+06	1.26482e+06	2.73057e+06	1.3658e+06
PNKD	202296	132390	84770.1	121365
PNKP	1.1926e+06	1.15538e+06	864415	1.11709e+06
PNO1	75234.1			35688.1
PNP	1.36601e+07	3.2468e+07	2.6386e+07	1.39966e+07
PNPLA4	248576		268541	287858
PNPLA6	1.14028e+06	1.06383e+06	170570	655091
PNPLA8	399435	405945	232142	270228
PNPO	1.63188e+06	1.84991e+06	2.35737e+06	1.7633e+06
PNPT1	2.28586e+06	1.5413e+06	1.42721e+06	2.24783e+06
PODN	289425			122905
PODXL	1.1906e+06	758641	600922	772493
POF1B	1.32734e+06	3.00123e+06	841541	1.68341e+06
POFUT1	1.85785e+06	1.94804e+06	1.88946e+06	1.31329e+06
POFUT2	872804	895497	984529	639540
POGLUT1	891097	919528	699805	715689
POGLUT2	301445	302267		
POGLUT3	1.57249e+06	1.68698e+06	1.66632e+06	1.17656e+06
POLD1	3.66861e+06	2.36964e+06	1.25093e+06	3.65313e+06
POLD2	306153		136315	220126
POLDIP2	982858	756255	1.08973e+06	986515
POLDIP3	927298		357160	978504
POLE3	637046		589621	618517
POLR1C	804141	604939	502882	693941
POLR1D	1.00569e+06	759589	524027	927616
POLR2A	678478	652806		649732
POLR2B	1.0182e+06	527455	230575	998751
POLR2C	390366	324298	161070	425330
POLR2E	5.09707e+06	3.53653e+06	2.05288e+06	3.92742e+06
POLR2G	1.98663e+06	2.08019e+06	998826	1.98521e+06
POLR2H	1.6629e+06	1.07102e+06	1.91357e+06	1.6315e+06
POLR2I	250543			351000
POLR2M	298729	186299	161043	252977
POLR3F	253453	141908		220255
PON1	2.4548e+06	2.90246e+06	2.75838e+06	3.31982e+06
PON2	1.8937e+06	1.89605e+06	2.71694e+06	1.74772e+06
PON3	1.16031e+06	1.18225e+06	1.25883e+06	1.56487e+06
POP7	163040	111240		151616
POR	4.74702e+06	5.00338e+06	4.02965e+06	3.48409e+06
POSTN	1.20843e+07	1.58493e+07	5.61272e+06	1.65145e+07
POU2F1	904674		781625	956679
PPA1	1.11059e+07	7.31959e+06	1.85989e+07	1.23234e+07
PPA2	1.65184e+07	5.24241e+06	1.07158e+07	1.7978e+07
PPAT	685257	797718	969381	905889
PPBP	1.46774e+07	5.06733e+06	1.30704e+06	1.79999e+06
PPCDC	524013	341501	521098	511756
PPCS	1.92032e+06	1.82707e+06	4.14853e+06	2.25106e+06
PPFIA1	356401	248815	159613	402896
PPFIBP1	378896	290197		277054
PPFIBP2	135634			131102
PPIA	1.02743e+08	1.03919e+08	1.5126e+08	9.70328e+07
PPIB	3.04097e+07	3.3699e+07	7.35248e+07	2.83517e+07
PPIC	1.78982e+06	2.18768e+06	2.58121e+06	1.61059e+06
PPID	1.64181e+06	1.53902e+06	1.56196e+06	1.66283e+06
PPIE	960955	863306	626254	814644
PPIF	4.32431e+06	3.32123e+06	4.1036e+06	3.86137e+06
PPIG	84342.3	110584		
PPIH	1.76274e+06	1.45421e+06	2.24393e+06	1.74532e+06
PPIL1	962965	1.12311e+06	1.08421e+06	806340
PPIL2	179011	109515		119701
PPIL3	3.08863e+06	3.11903e+06	5.13767e+06	2.95575e+06
PPIL4	736083	724816	204363	394059
PPIP5K1				142432
PPIP5K2	428058	543939	332057	472500
PPL	2.41952e+07	6.31699e+06	5.682e+06	1.64801e+07
PPM1A	1.17346e+06	816677	1.80436e+06	1.23626e+06
PPM1B	1.13024e+06	1.09639e+06	1.99999e+06	1.38299e+06
PPM1D	296936	214299	171303	217803
PPM1F	3.80801e+06	1.09201e+06	3.47296e+06	2.85587e+06
PPM1G	1.64613e+06	1.01711e+06	1.45267e+06	1.88351e+06
PPME1	1.44986e+06	1.24623e+06	1.36715e+06	1.62803e+06
PPOX	419989	188606	138515	393721
PPP1CA	3.66241e+06	3.28901e+06	2.55963e+06	3.07472e+06
PPP1CB	3.27202e+06	2.82643e+06	2.77728e+06	3.17664e+06
PPP1CC	2.79867e+06	2.23674e+06	1.82397e+06	2.2228e+06
PPP1R10	547564	530532		429393
PPP1R11	140435	154643	239522	163911
PPP1R12A	5.55386e+06	3.99757e+06	1.77776e+06	3.91882e+06
PPP1R12B	1.73745e+07	1.01922e+07	5.11278e+06	9.5068e+06
PPP1R12C	233906	44671		124690
PPP1R14B	780434	261521	1.38473e+06	1.00054e+06
PPP1R14D	134895		247681	221335
PPP1R18	774282	312562	355741	438659
PPP1R1B	1.83315e+06	841614	2.39396e+06	3.64935e+06
PPP1R2	349123	80855.5	560891	479182
PPP1R21	2.24916e+06	1.50872e+06	1.58111e+06	1.96162e+06
PPP1R3D	491943	403961	629624	
PPP1R7	3.80033e+06	4.07541e+06	5.38181e+06	4.17049e+06
PPP1R8	3.07435e+06	964877	2.93753e+06	3.26271e+06
PPP1R9B	1.00179e+06	1.19563e+06		418240
PPP2CA	479597	637858	2.12536e+06	888663
PPP2CB	597881	586746	938160	669020
PPP2R1A	5.56933e+06	1.84908e+06	4.34965e+06	6.71298e+06
PPP2R2A	1.07008e+06	1.08888e+06	838373	1.02326e+06
PPP2R2D	446395	500477	624015	524679
PPP2R5A	1.17552e+06	820551	708056	1.12608e+06
PPP2R5C	296065	206745	191113	268908
PPP2R5D	954271	755302	538394	1.05935e+06
PPP2R5E	771171	309794	635686	1.0141e+06
PPP3CA	5.59317e+06	6.44635e+06	6.14578e+06	6.88839e+06
PPP3CB	2.12905e+06	2.41137e+06	1.85989e+06	1.71584e+06
PPP3R1	136381	288301	435674	325184
PPP4C	1.41365e+06	1.04258e+06	1.91691e+06	2.18364e+06
PPP4R1	617915	300522	472890	826773
PPP4R2	321719		249345	353188
PPP4R3A	552581	452717	275682	623983
PPP4R3B	888362	273411	1.19061e+06	1.06996e+06
PPP5C	1.77403e+06	1.5869e+06	2.00232e+06	1.96111e+06
PPP6C	1.29408e+06	1.71029e+06	1.61596e+06	1.52638e+06
PPP6R1	540939		251593	591906
PPP6R2	340085		307038	307337
PPP6R3	618880	370961	339053	727096
PPT1	5.35307e+06	3.97915e+06	7.03915e+06	3.75431e+06
PPTC7	277207		312387	285760
PPWD1	641984	592555	353560	609109
PRADC1	160485	58489.4	164825	221459
PRAF2	2.72486e+06	3.09217e+06	1.95582e+06	1.70207e+06
PRCC	748387	276358	395614	716226
PRCP	2.87548e+06	5.15699e+06	4.00763e+06	2.17509e+06
PRDX1	5.18226e+07	7.69058e+07	4.88099e+07	5.078e+07
PRDX2	7.56113e+07	1.72806e+08	5.28454e+07	6.6039e+07
PRDX3	3.97018e+07	2.43209e+07	1.67718e+07	3.68173e+07
PRDX4	1.5103e+07	2.07519e+07	2.53684e+07	2.04884e+07
PRDX5	4.71688e+07	2.10793e+07	7.64096e+07	7.60756e+07
PRDX6	5.83635e+07	6.44363e+07	6.78642e+07	5.79506e+07
PREB	3.24144e+06	4.20728e+06	2.17423e+06	3.01642e+06
PRELP	1.06922e+07	873652	1.80844e+06	4.24136e+06
PREP	5.66541e+06	4.4946e+06	1.00392e+07	7.52734e+06
PREPL	376466	403436	319434	322972
PREX1	516363	764832	331038	411579
PRG2	6.76483e+06	1.11118e+07	4.71704e+06	2.24172e+06
PRG3	6.43096e+06	7.33841e+06	4.42971e+06	1.4442e+06
PRG4	210674	373949		
PRKAA1	2.12195e+06	1.85085e+06	1.35798e+06	1.88939e+06
PRKAB1	1.36279e+06	381281	218459	639866
PRKACA	1.50949e+06	1.64055e+06	1.3158e+06	1.27933e+06
PRKACB	1.72141e+06	676841	1.09944e+06	1.59503e+06
PRKACG	1.26467e+06	1.00822e+06	1.23384e+06	956654
PRKAG1	3.4091e+06	2.6933e+06	1.79946e+06	3.47256e+06
PRKAR1A	3.98975e+06	2.60601e+06	3.49098e+06	3.61395e+06
PRKAR2A	4.66259e+06	3.27775e+06	3.58109e+06	5.08139e+06
PRKAR2B	2.26697e+06	1.18029e+06	1.37841e+06	2.1342e+06
PRKCA	971690	664972	403780	843684
PRKCB	1.31828e+06	1.6736e+06	591341	641790
PRKCD	1.8767e+06	1.42886e+06	1.11583e+06	1.52318e+06
PRKCI	641008	622880	438208	641626
PRKCSH	1.90072e+07	1.40806e+07	3.09691e+07	1.82411e+07
PRKCZ	239122			324932
PRKD2	390064	461492	264575	533773
PRKDC	5.77262e+06	3.13614e+06	521852	5.63639e+06
PRKG1	1.45549e+06	1.05645e+06	414620	1.09999e+06
PRKRA	1.57638e+06	1.10578e+06	792578	1.54763e+06
PRMT1	4.74896e+06	5.386e+06	1.94642e+06	4.93914e+06
PRMT3	74013.1			39301.7
PRMT5	2.31266e+06	2.71175e+06	1.43569e+06	2.95849e+06
PRNP	1.58657e+06	1.53053e+06	1.7179e+06	1.15617e+06
PROC	985390	747504	827981	1.04747e+06
PROCR	2.67251e+06	3.47994e+06	3.11233e+06	2.53981e+06
PROM1	209278	99883.3	396658	226526
PROM2			581388	
PRORP	104265	52346.8	63313.7	100043
PROS1	2.70935e+06	2.62621e+06	1.03444e+06	1.90445e+06
PROZ	157778	185672		115485
PRPF19	5.26658e+06	4.56105e+06	816643	3.86036e+06
PRPF3	555274	432908		390209
PRPF31	1.5086e+06		646333	1.10659e+06
PRPF38B	375774	360015		274423
PRPF39	1.339e+07	1.24177e+07	1.58995e+07	1.40518e+07
PRPF4	319059	293211	533948	362261
PRPF40A	350339	907067		338310
PRPF4B	504350	482639	140192	179928
PRPF6	762422	495071		606143
PRPF8	3.67291e+06	3.05942e+06	2.35902e+06	3.18655e+06
PRPH	907863			316307
PRPS1	1.02326e+06	1.05645e+06	1.14153e+06	1.02236e+06
PRPS2	1.43543e+06	697812	1.77868e+06	1.75262e+06
PRPSAP1	1.8507e+06	966470	2.0466e+06	2.21152e+06
PRPSAP2	2.24714e+06	2.10413e+06	2.12316e+06	2.57881e+06
PRR15	190000		836915	496348
PRR15L			752931	643239
PRRC1	6.34568e+06	5.96895e+06	1.07439e+07	5.98352e+06
PRRC2A	237307			268639
PRRC2C	756725	684594	441461	709833
PRSS2			410283	
PRSS3	5.78419e+06	4.83672e+06	4.83525e+06	5.40315e+06
PRSS8	1.50389e+06	2.53231e+06	2.22182e+06	1.56771e+06
PRTN3	7.71693e+06	1.33131e+08	1.53646e+07	711432
PRUNE1	803694		549796	932482
PRXL2A	1.26425e+06	1.85892e+06	2.3358e+06	1.87166e+06
PRXL2B	1.39889e+06	479861	2.10472e+06	1.44307e+06
PSAP	3.102e+07	2.74873e+07	5.62559e+07	2.21349e+07
PSAT1	693607	1.53394e+06	3.05149e+06	1.07276e+06
PSEN1	1.14465e+06	388658	1.29055e+06	1.24702e+06
PSIP1	1.67246e+06	1.49259e+06	581492	967317
PSMA1	1.128e+07	1.32109e+07	1.003e+07	1.15389e+07
PSMA2	5.98697e+06	7.86133e+06	5.67034e+06	6.47192e+06
PSMA3	1.0423e+07	1.35844e+07	1.00226e+07	1.16349e+07
PSMA4	8.00063e+06	1.06938e+07	8.41562e+06	9.38088e+06
PSMA5	5.46072e+06	5.18229e+06	6.55682e+06	6.56107e+06
PSMA6	1.1717e+07	1.60929e+07	1.26422e+07	1.28841e+07
PSMA7	6.06102e+06	7.91174e+06	5.83627e+06	6.81106e+06
PSMB1	8.52511e+06	1.09592e+07	8.16199e+06	8.74941e+06
PSMB10	4.68537e+06	3.9236e+06	6.21886e+06	4.45909e+06
PSMB2	8.22328e+06	1.0976e+07	8.46162e+06	9.65871e+06
PSMB3	3.57048e+06	4.62316e+06	4.1466e+06	3.79788e+06
PSMB4	7.57295e+06	9.42276e+06	7.40253e+06	8.25298e+06
PSMB5	1.62402e+06	3.57348e+06	1.05485e+06	2.15083e+06
PSMB6	3.1169e+06	5.3685e+06	1.91652e+06	5.02884e+06
PSMB7	5.46482e+06	8.67496e+06	4.13086e+06	8.54785e+06
PSMB8	8.2324e+06	8.17961e+06	8.13772e+06	8.56911e+06
PSMB9	7.00324e+06	6.44599e+06	7.53138e+06	5.77521e+06
PSMC1	4.52671e+06	3.41543e+06	1.97743e+06	5.21882e+06
PSMC2	5.71032e+06	2.28669e+06	2.41916e+06	6.56936e+06
PSMC3	5.39732e+06	3.71288e+06	2.79181e+06	5.80027e+06
PSMC4	4.08393e+06	1.55808e+06	1.86916e+06	4.94433e+06
PSMC5	3.58512e+06	2.35326e+06	1.81166e+06	3.94648e+06
PSMC6	4.90183e+06	1.47956e+06	2.5984e+06	5.39271e+06
PSMD1	3.70089e+06	4.20636e+06	1.66943e+06	4.28333e+06
PSMD10	4.37298e+06	4.03093e+06	5.06251e+06	5.13189e+06
PSMD11	7.60518e+06	6.72186e+06	3.09662e+06	8.56401e+06
PSMD12	2.89464e+06	3.36773e+06	1.32934e+06	3.49067e+06
PSMD13	3.48818e+06	2.53676e+06	1.71627e+06	4.17314e+06
PSMD14	2.97788e+06	1.97592e+06	1.03592e+06	3.18715e+06
PSMD2	2.57628e+07	2.99868e+07	1.22885e+07	2.87518e+07
PSMD3	3.44767e+06	3.60729e+06	1.3193e+06	3.6516e+06
PSMD4	2.06096e+06	967203	1.60216e+06	2.20175e+06
PSMD5	2.49235e+06	887020	1.64796e+06	2.76901e+06
PSMD6	4.42332e+06	4.45962e+06	2.39092e+06	4.94477e+06
PSMD7	3.41261e+06	4.06133e+06	1.21062e+06	3.51192e+06
PSMD8	4.38004e+06	2.97745e+06	4.11602e+06	4.76193e+06
PSMD9	2.68242e+06	3.51213e+06	3.09085e+06	2.70095e+06
PSME1	3.72742e+07	3.35005e+07	6.76987e+07	3.88495e+07
PSME2	1.56036e+07	9.53808e+06	3.12788e+07	1.45307e+07
PSME3	2.07444e+06	670160	1.47585e+06	2.33127e+06
PSME3IP1	79399.5	38546.4	45007.3	97041.5
PSME4	141705	277835	128227	193656
PSMF1	2.30811e+06	793153	2.63606e+06	2.63127e+06
PSMG1	1.05764e+06	1.15873e+06	1.33358e+06	1.26312e+06
PSMG2	665788	696266	811807	799183
PSMG3	847153	349186	695511	762666
PSPC1	2.25972e+06	1.57969e+06	974989	1.97988e+06
PSPH	467797	869846	1.05029e+06	571560
PSTPIP1	368917	477451		
PSTPIP2	849839	1.05633e+06	664143	465519
PTAR1	34543	56708.2	38609.4	48333.9
PTBP1	1.45549e+07	1.4924e+07	7.64341e+06	1.00731e+07
PTBP2	5.71568e+06	6.17374e+06	3.37752e+06	5.06064e+06
PTBP3	1.90401e+06	2.29294e+06	1.57174e+06	1.67467e+06
PTCD3	1.24749e+06	432166	395129	1.5901e+06
PTDSS1	1.70001e+06	1.90399e+06	588005	975643
PTDSS2	874837	1.02859e+06	1.03465e+06	993154
PTEN	307186	445317	358681	405368
PTER	1.79445e+06	1.23349e+06	2.22294e+06	2.23838e+06
PTGDS	1.21531e+06	1.13932e+06	1.3485e+06	1.12754e+06
PTGES	1.03201e+06	4.03891e+06	534148	542841
PTGES2	2.08581e+06	1.29557e+06	2.85719e+06	2.19697e+06
PTGES3	5.85232e+06	5.90762e+06	1.76412e+07	8.82012e+06
PTGFRN	3.54516e+06	2.79732e+06	5.12856e+06	4.04342e+06
PTGIS	7.10842e+06	1.50915e+06	1.47024e+06	922429
PTGR1	2.59994e+06	2.17158e+06	3.04795e+06	2.78166e+06
PTGR2	1.54695e+06	811172	2.39904e+06	1.86624e+06
PTGR3	1.08381e+06	401087	1.16044e+06	1.26372e+06
PTGS1	2.48937e+06	3.51998e+06	3.19117e+06	2.21133e+06
PTGS2		410946		
PTK2	359023	295810	133089	359780
PTK2B	249680	414071	119968	200177
PTK6	419738	280647	726087	674072
PTK7	2.0998e+06	3.00251e+06	1.29622e+06	1.59658e+06
PTMA	8.1992e+06	5.12185e+06	5.30664e+07	1.46788e+07
PTMS	6.11484e+06	2.70213e+06	1.18424e+07	8.1332e+06
PTP4A1	1.34175e+06	1.19099e+06	2.48607e+06	1.38834e+06
PTP4A2	371081	325470	664479	383690
PTPA	5.39875e+06	7.00619e+06	8.33736e+06	5.75472e+06
PTPMT1	195145		106218	145785
PTPN1	2.80824e+06	2.88029e+06	1.83783e+06	1.67842e+06
PTPN11	1.31065e+06	1.52663e+06	957076	1.33434e+06
PTPN12	785072	442441	360694	573123
PTPN2	699625	613484	535541	548909
PTPN23	1.13392e+06	749470	354178	985153
PTPN6	4.4709e+06	6.48649e+06	3.4987e+06	2.1371e+06
PTPN7	237792	1.1064e+06	400055	134935
PTPN9	644447	607707	296063	421570
PTPRA	1.30065e+06	830183	728685	1.04549e+06
PTPRC	8.29876e+06	1.19253e+07	7.3769e+06	3.78227e+06
PTPRCAP	806893	251363	883036	387966
PTPRE	967326	700277	626348	764949
PTPRF	1.26507e+06		1.08086e+06	1.25629e+06
PTPRJ	1.36628e+06	2.29824e+06	1.22541e+06	810113
PTPRK	1.00903e+06	578111	1.45917e+06	1.41148e+06
PTRH2	1.25845e+06	1.13806e+06	1.02133e+06	1.11305e+06
PTRHD1	1.22821e+06	457341	2.12594e+06	1.73224e+06
PTTG1IP	705685	1.03871e+06	986958	670650
PTX3	388069	2.50306e+06	380246	373545
PUDP	2.23507e+06	541112	1.37056e+06	1.48508e+06
PUF60	2.17705e+06	2.31628e+06	1.16967e+06	2.17138e+06
PUM1	457508	564009	324265	601614
PUM3	187462	114710		78874.4
PURA	2.31771e+06	2.44864e+06	1.83836e+06	2.45349e+06
PURB	1.59334e+06	1.0935e+06	1.21759e+06	1.59837e+06
PUS1	1.21157e+06	1.10548e+06	931755	1.17844e+06
PUS7	991320	944482	707932	1.11509e+06
PVR	702600	599410	1.06835e+06	745145
PWP1	335597	169494	198405	215564
PXDN	501502	556630	342137	340986
PXK	213673	231739	131545	146370
PXMP2	856614	384438	1.32705e+06	1.34201e+06
PXMP4	533557	316027	351275	587656
PXN	641759	596737	400714	797273
PYCARD	5.01608e+06	3.70041e+06	1.52162e+07	7.42161e+06
PYCR1	769934	429659	900118	988746
PYCR2	1.32687e+06	1.34546e+06	1.08883e+06	1.70164e+06
PYCR3	573146	63928.3	487944	704585
PYGB	1.24774e+07	3.36975e+06	1.42489e+07	1.60565e+07
PYGL	3.20142e+06	4.1947e+06	3.7855e+06	3.56003e+06
PYGM	2.22904e+06		1.82524e+06	1.71286e+06
PYM1	1.21621e+06	824685	1.30491e+06	1.06282e+06
PYROXD2	453392		354439	517900
PYURF	2.31574e+06		3.4087e+06	2.9735e+06
QARS1	1.44635e+07	1.14812e+07	8.0051e+06	1.75907e+07
QDPR	3.29595e+06	3.30046e+06	5.23447e+06	3.87966e+06
QKI	3.90815e+06	4.02436e+06	2.15185e+06	2.77676e+06
QNG1	2.11559e+06	2.18847e+06	2.96478e+06	2.19181e+06
QPCT	460426	2.07144e+06	757298	526969
QPCTL	617722	593796	695391	766718
QPRT	1.81546e+06	1.69844e+06	3.74401e+06	3.46519e+06
QRICH1	565532	414150	452960	619217
QRSL1	281067	140259	246354	301787
QSOX1	1.56844e+06	1.46987e+06	2.62969e+06	2.16637e+06
QSOX2	728975	883015	1.04552e+06	500059
QTRT1	1.21526e+06	988655	1.71123e+06	1.40008e+06
QTRT2	450049	528610	468314	446019
RAB10	6.93877e+06	6.1161e+06	8.44924e+06	6.41255e+06
RAB11B	5.41691e+06	7.52548e+06	9.60318e+06	5.68044e+06
RAB11FIP1	490718	192274	171632	289364
RAB12	837303	699310	707198	596841
RAB13	3.69882e+06	3.7163e+06	3.05528e+06	2.72116e+06
RAB14	6.16397e+06	5.48772e+06	1.0206e+07	5.87555e+06
RAB15	358565		319527	404491
RAB18	4.15048e+06	2.01732e+06	7.12246e+06	3.97959e+06
RAB19	492060	152541	693851	594781
RAB1A	7.75541e+06	6.10547e+06	1.511e+07	8.16226e+06
RAB1B	4.61701e+06	2.78924e+06	8.59686e+06	5.4469e+06
RAB20	291265		339011	295532
RAB21	3.7974e+06	4.33747e+06	4.96252e+06	2.9859e+06
RAB22A	740381	649902	873083	696348
RAB23	2.31571e+06	1.66325e+06	2.55201e+06	1.90356e+06
RAB24	790798	1.15319e+06	1.00027e+06	562301
RAB25	3.30708e+06	577797	6.93599e+06	4.61739e+06
RAB27A	5.35471e+06	2.82548e+06	7.49234e+06	4.84083e+06
RAB27B	1.70446e+06	526179	929591	779618
RAB29	960386	502685	802691	640959
RAB2A	8.24175e+06	6.33465e+06	1.40899e+07	8.67569e+06
RAB2B	333276	350172	347446	312964
RAB30	372675	355300	702809	479112
RAB31	1.54205e+06	2.34543e+06	1.08844e+06	626336
RAB32	1.80387e+06	1.30556e+06	2.57375e+06	1.6289e+06
RAB33B	934165	718221	928990	573751
RAB34	1.21836e+06	527689	728104	854967
RAB35	2.91972e+06	2.71073e+06	3.74733e+06	2.11438e+06
RAB37	520808	445464	494994	403346
RAB3A	1.96259e+06	1.75841e+06	3.12376e+06	2.79855e+06
RAB3B	415137		721851	793974
RAB3D	3.89665e+06	2.92679e+06	6.64418e+06	4.35447e+06
RAB3GAP1	675779	685522	311713	696499
RAB3GAP2	2.28789e+06	2.28108e+06	908249	2.3856e+06
RAB43	1.16618e+06	643375	2.13881e+06	1.05535e+06
RAB4A	1.58441e+06	1.41392e+06	2.849e+06	1.80504e+06
RAB4B	1.55501e+06	1.41767e+06	1.94862e+06	1.27429e+06
RAB5A	4.34797e+06	2.00412e+06	6.59697e+06	4.42179e+06
RAB5B	2.56505e+06	1.59572e+06	4.08035e+06	2.60165e+06
RAB5C	1.05773e+07	8.18728e+06	1.55028e+07	9.06839e+06
RAB6A	9.43182e+06	7.8176e+06	1.34285e+07	7.63509e+06
RAB6B	282279	255180		
RAB7A	1.99344e+07	2.79195e+07	3.14324e+07	1.86704e+07
RAB7B	490100	650768		
RAB8A	5.3245e+06	5.49968e+06	9.38287e+06	4.92675e+06
RAB8B	3.57114e+06	5.41707e+06	3.95928e+06	2.53644e+06
RAB9A	1.26256e+06	672910	2.16702e+06	1.36567e+06
RABAC1	2.41267e+06	1.14847e+06	4.55715e+06	2.22938e+06
RABEP1	208969	144727	52725.2	194701
RABEP2	465420		259582	713825
RABEPK	337184	245137	500083	430766
RABGAP1	829411	551851	264917	1.0375e+06
RABGAP1L	244719	335468	143426	250994
RABGEF1	314078	225311	230892	393030
RABGGTA	855119	1.03649e+06	944219	1.03037e+06
RABGGTB	593633	353467	872793	845308
RABIF	1.48852e+06	1.07151e+06	3.08915e+06	1.68208e+06
RABL3	1.79027e+06	438221	1.51806e+06	1.86727e+06
RABL6	825357	863132	667910	1.05302e+06
RAC1	6.38816e+06	7.09025e+06	9.32708e+06	6.18425e+06
RAC2	1.42978e+07	7.86221e+06	2.32915e+07	8.09597e+06
RACK1	2.18111e+07	1.41897e+07	3.12833e+07	2.5122e+07
RAD1	262974	206300	209892	215914
RAD21	774277	323492		727087
RAD23A	3.06646e+06	1.6535e+06	4.5165e+06	3.29577e+06
RAD23B	7.48313e+06	4.73738e+06	1.18755e+07	7.63272e+06
RAD50	1.69089e+06	1.4408e+06		1.46261e+06
RAE1	1.09699e+06	1.10361e+06	695312	956795
RAI14	351022	566070	291564	
RALA	2.27219e+06	2.2065e+06	3.09583e+06	2.07658e+06
RALB	1.97283e+06	2.40214e+06	2.71736e+06	1.66329e+06
RALGAPA2	111091			138031
RALGAPB	313856	206787	81925.6	356205
RALY	8.74262e+06	4.44774e+06	2.34694e+06	8.30252e+06
RALYL		5.11282e+06	1.4303e+06	5.21007e+06
RAN	3.23287e+07	3.6573e+07	4.76918e+07	2.93451e+07
RANBP1	3.72542e+06	2.35039e+06	6.63208e+06	4.45389e+06
RANBP2	846351	562894	530217	748018
RANBP3	1.07399e+06	951297	1.02689e+06	1.25025e+06
RANBP6	542339		304094	538841
RANBP9	178441	202993		178872
RANGAP1	2.55786e+06	1.61769e+06	1.00139e+06	2.4928e+06
RAP1A	2.49057e+06	1.69452e+06	3.09616e+06	2.87973e+06
RAP1B	962010	1.00313e+06	1.4069e+06	845769
RAP1GAP	422271		165836	354544
RAP1GAP2	398054	404217	193362	446575
RAP1GDS1	882849	511418	794430	1.07214e+06
RAP2A	132984	45760.1	186085	168287
RAP2B	2.01872e+06	1.52888e+06	2.6887e+06	1.43176e+06
RAP2C	356357	292160	723789	330957
RAPH1	88919.4			
RARRES1	308834	58742.9	302239	325761
RARRES2	579802	748115	522622	456629
RARS1	5.19999e+06	2.35377e+06	1.95042e+06	5.28251e+06
RARS2	675144	419581	407788	708076
RASA1	642767	399966	212363	653777
RASA2	75759.9		44509.5	137733
RASA3	228215	177726	37546.6	80029.5
RASAL3	1.96637e+06	1.25596e+06	2.25033e+06	1.20517e+06
RASGRP2	112404	148256		
RASSF2	387856	660308	173780	283113
RASSF5	220757	306957	101544	83767.2
RAVER1	1.30971e+06	968019	1.02125e+06	1.2068e+06
RAVER2	242957	181116	84775.8	255444
RB1	781613	357896	435107	638133
RBBP4	2.51804e+06	1.3172e+06	1.38121e+06	2.05108e+06
RBBP5	404739	341755	66906.7	397040
RBBP7	1.89928e+06	1.20654e+06	1.99883e+06	1.94366e+06
RBBP9	1.37293e+06	825472	2.36257e+06	1.74298e+06
RBCK1	1.27047e+06	516283		1.12349e+06
RBKS	294493	422628	574887	395857
RBM12	2.23659e+06	1.78451e+06	1.48179e+06	2.19111e+06
RBM12B	2.01893e+06	2.1458e+06		
RBM14	2.16881e+06	847328	904809	1.78082e+06
RBM15	550173	735791	192502	382953
RBM17	690938	631252	138506	467581
RBM25	686543	464850		519389
RBM26	168460	218715		119892
RBM27	368651	213844		268373
RBM3	8.33999e+06	4.97445e+06	1.04017e+07	7.12223e+06
RBM39	1.69532e+06	1.77689e+06	677370	1.5866e+06
RBM4	379105	528238	394384	571828
RBM42	180927		150009	274891
RBM47	2.05366e+06	1.34461e+06	2.29291e+06	3.01786e+06
RBM8A	1.95771e+06	2.22629e+06	1.37214e+06	1.83529e+06
RBMX	5.88329e+06	5.69476e+06	2.22942e+06	3.92884e+06
RBMXL1	725554	944333	231343	490681
RBP1	1.08773e+06	1.49256e+06	1.68191e+06	1.70654e+06
RBP3	3.133e+06	560486	3.41834e+06	3.46263e+06
RBP4	2.9609e+06	4.15401e+06	4.70486e+06	4.29942e+06
RBP5	959694	753457	942671	972903
RBP7	252789	589308	290010	158240
RBPJ	222830	159866		228605
RBPMS	3.40173e+06	1.42678e+06	1.23044e+06	2.49865e+06
RBX1	1.18371e+06	827832	1.27973e+06	1.96414e+06
RCC1	4.20601e+06	3.12429e+06	4.10674e+06	3.73334e+06
RCC1L	287688		198429	258622
RCC2	2.90125e+06	2.93499e+06	2.41099e+06	1.96215e+06
RCE1	405616	392295	443911	404399
RCN1	9.26361e+06	4.80865e+06	1.59252e+07	8.74001e+06
RCN2	960463		847969	1.23845e+06
RCN3	5.79401e+06		1.33653e+06	921764
RCOR1	235805	164233		217472
RCOR3	81803.8	56182.4		82253.1
RCSD1	1.41911e+06	876803	1.58308e+06	1.49221e+06
RDH10	602678	269476	452047	579725
RDH11	3.37835e+06	2.86511e+06	2.98686e+06	2.56326e+06
RDH13	1.2511e+06	760364	942726	1.3173e+06
RDH14	1.12144e+07	7.69634e+06	1.14739e+07	9.34422e+06
RDX	784620	793785	494755	649477
RECK	1.14758e+06	993282	871957	1.01422e+06
RECQL	1.10592e+07	1.0128e+07	2.05951e+06	5.97811e+06
REEP3	489585	402372	231561	288545
REEP5	4.49095e+07	3.64214e+07	4.79952e+07	3.34808e+07
REEP6	265572	263565	287648	306841
REG1A		426178		
REG3A		512185		
REG4	1.81508e+07	9.72282e+06	3.79156e+07	1.25856e+07
REL	2.53253e+06	2.83874e+06	1.15861e+06	2.50598e+06
RELA	1.74506e+06	1.47981e+06	1.29537e+06	1.75001e+06
RELCH	407939		51398.9	515839
RENBP	1.09348e+06	1.53058e+06	1.43038e+06	1.02509e+06
REP15	731013		619732	788902
REPIN1	127892			185167
REPS1	129109			150368
RER1	4.3551e+06	4.45246e+06	4.52264e+06	3.5263e+06
RETN	2.371e+06	2.38837e+07	4.20543e+06	696995
RETREG2	207126		184490	232380
RETREG3	1.40251e+06	1.26926e+06	1.47513e+06	1.22751e+06
RETSAT	1.11079e+06	802061	1.07904e+06	1.15731e+06
REXO2	1.90588e+06	2.31109e+06	2.8428e+06	2.07295e+06
RFC1	90703.5	107357		45349.9
RFC2	822218		378495	731772
RFC3	227657	189347	131781	204858
RFC4	442572	213327	188423	360664
RFC5	580740		217718	490781
RFT1	1.87072e+06	1.1951e+06	1.42275e+06	1.69339e+06
RFTN1	2.65069e+06	1.78756e+06	1.46287e+06	1.19204e+06
RFX1			78597.2	282592
RGP1	214088	151005	183187	173900
RGS10	1.53051e+06	1.35768e+06	1.63099e+06	1.69362e+06
RGS3	82555.8	22346.6	53376.6	61825.2
RHAG	2.15711e+06	2.87713e+06	360817	742867
RHBDD1	247975	420511	213592	230996
RHBDD2	633467	549012	308600	445422
RHBDF2	278946	357219	188877	
RHEB	1.24042e+06	1.00743e+06	2.25602e+06	1.19319e+06
RHOA	9.8441e+06	1.14891e+07	1.55945e+07	8.85476e+06
RHOB	686179	399618	810153	559999
RHOC	6.14685e+06	2.77358e+06	9.06389e+06	5.95387e+06
RHOF	322158	203184	362225	196524
RHOG	6.03008e+06	5.41012e+06	8.17108e+06	4.15912e+06
RHOT1	1.50494e+06	1.63592e+06	1.16481e+06	1.24568e+06
RHOT2	1.2451e+06	750152	1.12331e+06	1.29253e+06
RHPN2		95540.2	114662	260067
RIC8A	991944	425725	726066	1.07953e+06
RICTOR	87104.4			48936.2
RIDA	1.19974e+06	676283	1.42392e+06	1.14334e+06
RIGI	500204	605618	245417	315009
RIMOC1	163528		151980	218903
RIN1	109819	128939	39020.2	137858
RIN3	201080	256195		221560
RING1	242427			
RINT1	62217.1	20555		70371.7
RIPK1	913885	826412	604699	887914
RIPK3	408452		713661	863139
RIPOR1	157024	186306	64742.5	74367
RIPOR2		1.02744e+06		
RMC1	247415	203406	135937	231440
RMDN1	1.54344e+06	1.56833e+06	1.76217e+06	1.34771e+06
RMDN2	691990	354886	543026	666164
RMDN3	1.56469e+06	879434	393662	1.16918e+06
RMND1	463505	228702	233214	471832
RNASE1	790685	1.32159e+06	5.13825e+06	3.40007e+06
RNASE2	3.96521e+07	8.64753e+07	9.25592e+07	2.31351e+07
RNASE3	2.10857e+07	4.77275e+07	1.48117e+07	9.1206e+06
RNASE4	851951	651397	966710	1.11798e+06
RNASE6	1.17247e+06	1.47941e+06	1.16892e+06	1.54993e+06
RNASE7	241387	299266	142828	
RNASEH2A	359240		509587	422355
RNASEH2B	83841.3	135817	149858	
RNASEH2C	425526	293436	479891	417020
RNASEL	110793	45038.7	37579.8	54133.6
RNASET2	2.232e+06	2.4742e+06	4.37606e+06	3.29891e+06
RNF114	811296	371509	907983	1.398e+06
RNF123	688921	978603	373600	605711
RNF13	546541	577173	487232	
RNF14	347305	187417	107550	345297
RNF167		224519	299754	
RNF170	488316	408757	267856	486162
RNF181	392328		770988	566629
RNF185	426686		228634	388370
RNF20	362845	314285		331896
RNF213	5.51299e+06	4.07269e+06	1.76047e+06	3.52481e+06
RNF214	393761	362634	179919	364237
RNF220	313631		232782	316270
RNF31	1.97305e+06	816482		1.87252e+06
RNF7	702323	711974	449589	863340
RNFT1	67150.3	51853.8		
RNH1	8.07189e+06	1.06585e+07	1.26866e+07	1.11782e+07
RNMT	1.09753e+06	1.46647e+06	656344	746612
RNPEP	7.08179e+06	7.70359e+06	1.13572e+07	8.83206e+06
RNPS1	865975	661614		755345
RO60	6.31333e+06	6.20932e+06	4.46581e+06	6.57708e+06
ROBO1	354808	506824		
ROCK1	1.0466e+06	1.09288e+06	228335	892703
ROCK2	2.15617e+06	1.77878e+06	711033	2.24054e+06
ROMO1	1.38165e+06	1.36063e+06	1.91621e+06	1.61661e+06
ROR2	416647	312762	43379.6	146455
RP2	1.08439e+06	1.56763e+06	1.74332e+06	961390
RPA1	3.65339e+06	3.43517e+06	2.13993e+06	3.61583e+06
RPA2	1.38601e+06	1.26753e+06	944573	1.30264e+06
RPA3	881877	648752	798273	1.0057e+06
RPAP1	56761.1			54902.6
RPAP3	328720	321922	77720.1	653088
RPE	555330		749569	519810
RPF2	125791	68142.9		44414.8
RPIA	3.72186e+06	4.6829e+06	2.50726e+06	3.32243e+06
RPL10	5.9333e+06	1.59029e+06	2.6818e+06	8.91825e+06
RPL10A	9.35393e+06	9.72947e+06	4.66077e+06	1.05261e+07
RPL11	1.48625e+07	9.51057e+06	7.80506e+06	1.70272e+07
RPL12	1.0558e+07	6.87411e+06	5.80083e+06	1.17013e+07
RPL13	4.88377e+06	1.48438e+06	2.30369e+06	9.03458e+06
RPL13A	2.63823e+06	1.29294e+06	995198	3.09726e+06
RPL14	7.84775e+06	1.35627e+06	2.88968e+06	1.03498e+07
RPL15	1.08143e+07	5.59466e+06	3.84271e+06	1.10872e+07
RPL17	2.74081e+06	1.36558e+06	1.49793e+06	6.13563e+06
RPL18	1.21114e+07	6.70807e+06	3.74972e+06	1.3034e+07
RPL18A	5.12264e+06	3.20557e+06	1.68436e+06	5.74244e+06
RPL19	4.73432e+06	1.54735e+06	2.0357e+06	6.33107e+06
RPL21	2.41283e+06	808053	1.13424e+06	3.5947e+06
RPL22	1.67131e+07	1.11139e+07	1.39203e+07	1.64898e+07
RPL23	4.21662e+06	716967	7.61532e+06	9.28445e+06
RPL23A	3.48983e+07	2.89943e+07	2.26608e+07	4.67656e+07
RPL24	1.68083e+06		2.07111e+06	5.78571e+06
RPL26	1.25892e+06	116198	711893	3.09528e+06
RPL26L1			195893	467205
RPL27	1.54183e+07	7.29172e+06	7.04958e+06	1.9157e+07
RPL27A	2.01683e+07	4.37066e+06	7.97969e+06	2.28431e+07
RPL28	4.41864e+06	1.10326e+06	1.98172e+06	6.87768e+06
RPL29	4.65012e+06	1.14867e+06	1.89249e+06	6.81951e+06
RPL3	1.20723e+07	3.56421e+06	4.64879e+06	1.45881e+07
RPL30	1.12578e+07	1.00524e+07	7.65517e+06	1.23352e+07
RPL31	5.50726e+06	275055	3.71246e+06	9.41148e+06
RPL32	5.66033e+06	1.23901e+06	3.40154e+06	7.66516e+06
RPL34	7.91374e+06	2.06389e+06	5.43751e+06	1.70028e+07
RPL35	3.33053e+06	135045	1.27939e+06	5.31922e+06
RPL35A	8.60856e+06	8.52505e+06	2.84772e+06	9.27563e+06
RPL36	2.64709e+06	1.49534e+06	840727	2.35462e+06
RPL36A			68337	260016
RPL36AL	32396.8		169325	576547
RPL37	508378		417626	810352
RPL37A	1.42802e+06	107593	787734	1.9256e+06
RPL38	287177		1.21157e+06	1.03241e+06
RPL4	8.30594e+06	2.51269e+06	3.02297e+06	1.20995e+07
RPL5	6.03366e+06	5.04168e+06	4.755e+06	5.90773e+06
RPL6	1.19461e+07	7.15381e+06	3.56353e+06	1.32315e+07
RPL7	9.5842e+06	6.37206e+06	3.05627e+06	1.06917e+07
RPL7A	6.5219e+06	4.56338e+06	2.92133e+06	7.44191e+06
RPL8	2.56526e+07	3.875e+06	1.01463e+07	3.1896e+07
RPL9	1.25817e+07	4.0936e+06	4.55962e+06	1.06055e+07
RPLP0	4.73265e+06	3.20969e+06	2.80211e+06	5.38731e+06
RPLP1	1.99968e+06	442935	3.93313e+06	2.71393e+06
RPLP2	1.4063e+07	472983	1.77106e+07	1.69074e+07
RPN1	2.24644e+07	2.65211e+07	1.56225e+07	2.0974e+07
RPN2	1.41827e+07	1.00182e+07	1.00977e+07	1.3644e+07
RPP25L	160285	146985	82992.7	148474
RPP30	188568	124492		129003
RPRD1A	992085		222419	599302
RPRD1B	2.02313e+06	2.10886e+06	911700	1.8372e+06
RPRD2	253367			344217
RPS10	5.18453e+06	455252	2.50692e+06	5.13996e+06
RPS11	6.64376e+06	1.33312e+06	7.59942e+06	1.11927e+07
RPS12	1.30129e+07	1.33251e+07	1.47769e+07	1.49909e+07
RPS13	1.61753e+07	1.91986e+07	6.13759e+06	2.45754e+07
RPS14	7.73632e+06	634644	6.34002e+06	1.32142e+07
RPS15	5.29532e+06	860689	2.90514e+06	7.42733e+06
RPS15A	1.37503e+07	1.11045e+07	5.19701e+06	1.53465e+07
RPS16	1.54024e+07	7.32283e+06	6.62049e+06	1.65675e+07
RPS17	4.30085e+06	1.50261e+06	2.34812e+06	6.04258e+06
RPS18	3.08303e+07	3.52585e+06	1.31686e+07	3.2433e+07
RPS19	9.97691e+06	1.80033e+06	4.42652e+06	1.11757e+07
RPS2	1.58946e+07	1.01956e+07	6.48924e+06	1.95465e+07
RPS20	1.20513e+07	2.50547e+06	8.17889e+06	1.40384e+07
RPS21	1.98186e+07	1.09056e+07	2.3874e+07	1.93115e+07
RPS23	6.36983e+06	3.75492e+06	5.25799e+06	8.03765e+06
RPS24	3.80363e+06	793461	2.6283e+06	5.23874e+06
RPS25	2.20214e+07	2.15415e+06	1.18461e+07	2.56211e+07
RPS26	1.18691e+06		1.51983e+06	4.34084e+06
RPS27	2.64624e+06	581581	2.00044e+06	2.90505e+06
RPS27A	1.76656e+06	1.22796e+06	1.70491e+06	2.73783e+06
RPS27L	3.11385e+06	1.35939e+06	3.07477e+06	3.74158e+06
RPS28	1.91617e+07	8.29252e+06	2.41443e+07	1.90356e+07
RPS29	246810	229495	887157	497672
RPS3	6.78603e+07	4.34101e+07	3.47273e+07	7.67057e+07
RPS3A	1.83475e+07	5.82042e+06	1.52022e+07	2.70655e+07
RPS4X	1.36426e+07	9.84159e+06	6.80742e+06	1.26542e+07
RPS4Y1	738048		390371	417463
RPS4Y2	686732			
RPS5	7.46104e+06	2.60151e+06	4.44787e+06	9.10207e+06
RPS6	6.47763e+06	1.07716e+06	4.77055e+06	9.20266e+06
RPS6KA1	2.09102e+06	1.0419e+06	1.94987e+06	2.86355e+06
RPS6KA3	2.23644e+06	1.47541e+06	1.72345e+06	2.43726e+06
RPS6KA5	365380	399944	162527	374322
RPS7	8.66284e+06	1.63798e+06	8.09544e+06	8.45725e+06
RPS8	1.09311e+07	3.15201e+06	5.63215e+06	1.45132e+07
RPS9	2.13145e+07	1.64182e+07	9.59033e+06	2.31671e+07
RPSA	2.31853e+07	5.03707e+06	2.05058e+07	1.57052e+07
RPTOR	372210	185847	93315.4	305803
RRAGA	405940	391222	288989	237815
RRAGC	665273	875192	569363	470213
RRAS	4.76622e+06	1.73978e+06	4.3345e+06	2.49113e+06
RRAS2	978720	377159	1.06151e+06	786818
RRBP1	9.00223e+06	9.1633e+06	2.3695e+06	8.75602e+06
RRM1	593026	740512	870167	866355
RRM2	661693		843998	718852
RRM2B	493078	1.62056e+06	913823	822315
RRP12	254613	350345	68348.8	162427
RRP1B	209125	73105.5		104031
RSL1D1	636159	409116	474960	509536
RSU1	1.22945e+07	9.69611e+06	7.02144e+06	6.18683e+06
RTCA	1.63394e+06	1.84346e+06	1.61254e+06	1.74077e+06
RTCB	4.13535e+06	4.06471e+06	2.4322e+06	4.41358e+06
RTF1	1.96927e+06	1.93952e+06	1.28417e+06	2.05183e+06
RTF2	363589	323777	433140	352606
RTKN	268451		182944	384481
RTL8C	156911		207379	105927
RTN1	759889	374023	423783	600761
RTN2	1.12727e+06	720241	568201	720525
RTN3	1.77085e+07	2.15524e+07	1.34183e+07	1.36167e+07
RTN4	2.15457e+07	1.48016e+07	1.03289e+07	1.31119e+07
RTN4IP1	3.68914e+06	2.55427e+06	3.96688e+06	3.97045e+06
RTRAF	2.6485e+06	1.21755e+06	1.88498e+06	2.92554e+06
RUFY1	1.1617e+06	479347	351787	976752
RUFY3	201753	76794.7		211632
RUSF1	3.41279e+06	1.54693e+06	3.26555e+06	2.96939e+06
RUVBL1	2.87933e+06	2.76193e+06	1.08667e+06	2.99981e+06
RUVBL2	3.16642e+06	2.7708e+06	1.71606e+06	3.41028e+06
RWDD1	556540	477501	634825	702296
RWDD4	164585		227102	283675
RXRB	234200	177414	74129.6	242806
S100A10	2.42476e+07	1.60372e+06	9.80925e+06	1.87147e+07
S100A11	3.99654e+07	8.68516e+06	3.57913e+07	3.44129e+07
S100A12	5.95554e+06	2.0025e+07	9.81967e+06	944603
S100A13	4.8223e+06	3.66484e+06	4.49337e+06	3.89078e+06
S100A14	289701	125712	755869	882496
S100A16	2.54618e+06	808119	4.86532e+06	3.50545e+06
S100A4	4.72304e+07	5.25985e+07	2.52474e+07	3.038e+07
S100A6	1.39581e+08	2.61768e+07	1.20175e+08	2.29018e+08
S100A7	1.27129e+06	491626	885155	1.08914e+06
S100A8	6.20653e+07	2.1134e+08	1.41463e+08	1.12348e+07
S100A9	5.19648e+07	2.45836e+08	1.05038e+08	8.79931e+06
S100B	364743		353903	657533
S100P	3.767e+06	5.34979e+06	9.12356e+06	1.4337e+07
S1PR2	180948	54980.5	136576	68417.5
SAA1		399954	386145	695791
SAA4	3.86905e+06	5.24732e+06	5.3605e+06	5.29439e+06
SACM1L	4.52456e+06	3.95989e+06	3.31168e+06	3.63965e+06
SAE1	2.51947e+06	1.07584e+06	2.88426e+06	2.6664e+06
SAFB	1.31736e+06	691230	253245	956104
SAMD9	2.45245e+06	2.62005e+06	1.78738e+06	1.94147e+06
SAMHD1	7.66757e+06	3.05901e+06	4.01679e+06	6.06098e+06
SAMM50	9.94785e+06	6.28643e+06	1.29614e+06	9.80061e+06
SAMSN1		253713		
SAP18	505103	241288	449324	513594
SAP30BP	225003		178297	245752
SAR1A	5.32234e+06	3.65136e+06	8.87193e+06	4.53281e+06
SAR1B	2.17584e+06	1.87357e+06	5.90441e+06	2.44383e+06
SARDH	859453	598973	321302	896552
SARM1	89542.8			51629.7
SARNP	2.5508e+06	1.59087e+06	2.25512e+06	3.03771e+06
SARS1	4.25839e+06	2.35539e+06	4.15935e+06	5.37229e+06
SARS2	2.73252e+06	1.85984e+06	2.30338e+06	2.68307e+06
SART1	426423	127349		388183
SART3	1.84013e+06	1.20122e+06	809119	2.0354e+06
SASH3	1.18689e+06	2.1442e+06	1.30256e+06	676021
SAT2	207615	205789	372340	
SATB2				362291
SBDS	2.56348e+06	2.43046e+06	2.40364e+06	2.56687e+06
SBF1	657317	787605		586342
SBSN	268544	494248	273411	417502
SCAF4	174079			123548
SCAMP1	802307	562358	905401	645144
SCAMP2	5.04854e+06	3.31112e+06	8.15421e+06	4.95173e+06
SCAMP3	2.46838e+06	1.11067e+06	3.70661e+06	2.16167e+06
SCAMP4	1.56923e+06	1.35339e+06	2.4721e+06	1.33966e+06
SCARB1	326635	456956	850632	374175
SCARB2	7.63864e+06	8.31217e+06	1.34227e+07	6.38469e+06
SCCPDH	4.18373e+06	3.40158e+06	4.03841e+06	3.44059e+06
SCD	633984	428069	717275	481682
SCD5	232736	136403	157198	153947
SCFD1	2.93807e+06	1.39372e+06	1.59675e+06	2.71044e+06
SCFD2	374049	182285	145117	294857
SCG2	267265		754061	1.08352e+06
SCGN	1.7831e+06	604352	2.42749e+06	4.59876e+06
SCIN	1.00346e+06	492379	1.05224e+06	1.15496e+06
SCLY	1.02929e+06	1.03843e+06	978530	1.02859e+06
SCN7A	145814		103085	256401
SCO1	2.72099e+06	1.75663e+06	2.22874e+06	2.63413e+06
SCO2	1.27547e+06	709749	1.46877e+06	1.21754e+06
SCP2	1.0585e+07	9.02521e+06	1.55133e+07	1.26925e+07
SCPEP1	8.97645e+06	5.16514e+06	1.2346e+07	7.97277e+06
SCRIB	1.66207e+06	1.10194e+06	911960	1.63212e+06
SCRN1	1.00013e+06	1.12842e+06	1.77068e+06	1.20443e+06
SCRN2	1.30397e+06	1.37744e+06	3.36206e+06	1.89381e+06
SCRN3	1.56788e+06	1.42431e+06	1.70192e+06	1.10912e+06
SCYL1	3.38147e+06	1.66149e+06	926120	2.77257e+06
SCYL2	4.41056e+06	2.3314e+06	1.39685e+06	4.15416e+06
SCYL3	163487		77252.9	176021
SDC1	1.71605e+06	1.35539e+06	6.32945e+06	3.2676e+06
SDC2	443157	363424	279954	238438
SDC4	1.16482e+06	1.75094e+06	1.19808e+06	1.27998e+06
SDCBP	4.21048e+06	7.60166e+06	5.81189e+06	3.56349e+06
SDCBP2	120752		566601	275549
SDF2	1.04764e+06	1.12006e+06	802204	637033
SDF2L1	5.85297e+06	8.80281e+06	9.35364e+06	5.69051e+06
SDF4	985764		1.84258e+06	1.28012e+06
SDHA	1.14534e+07	7.09212e+06	9.98226e+06	1.19217e+07
SDHB	1.13392e+07	7.42321e+06	9.8171e+06	1.13748e+07
SDHC	1.45517e+06	755909	1.60437e+06	1.53113e+06
SDHD	2.31916e+06	630298	1.72868e+06	2.51534e+06
SDK1	413839	452870		148317
SDR16C5	243149	253683	578220	343292
SDR39U1	1.33089e+06	804969	1.17501e+06	928094
SDS	318066		198204	315597
SDSL	2.22691e+06	722834	1.92121e+06	2.21288e+06
SEC11A	1.00319e+07	6.17149e+06	7.35603e+06	7.17122e+06
SEC11C	1.51145e+07	1.53291e+07	2.8661e+07	1.88113e+07
SEC13	3.57938e+06	4.70797e+06	4.73173e+06	5.72821e+06
SEC14L4	167668	344664		
SEC16A	1.13238e+06	780211	350189	1.32952e+06
SEC22B	1.33611e+07	5.20301e+06	1.29236e+07	1.06291e+07
SEC23A	3.44156e+06	4.75853e+06	1.97372e+06	2.72621e+06
SEC23B	3.28469e+06	2.79049e+06	2.66136e+06	3.74064e+06
SEC23IP	2.35561e+06	2.16042e+06	1.23219e+06	2.28934e+06
SEC24A	2.27033e+06	2.98749e+06	2.16527e+06	2.30362e+06
SEC24B	1.14416e+06	947896	608385	1.20927e+06
SEC24C	3.13453e+06	3.92826e+06	2.12016e+06	3.2971e+06
SEC24D	2.14975e+06	2.73669e+06	1.80426e+06	2.13204e+06
SEC31A	5.54399e+06	5.70929e+06	2.48932e+06	5.39124e+06
SEC61A1	9.13462e+06	2.35971e+06	7.68416e+06	8.36847e+06
SEC61B	9.0048e+06	7.46443e+06	9.4302e+06	8.20523e+06
SEC61G	5.43267e+06	2.9114e+06	5.72684e+06	6.74327e+06
SEC62	1.47319e+06	1.68053e+06	1.24426e+06	1.30025e+06
SEC63	2.76571e+06	2.52003e+06	1.5221e+06	2.11445e+06
SECTM1	106265	187882	197569	
SEH1L	1.59968e+06	1.25607e+06	1.19283e+06	1.38387e+06
SEL1L	1.62505e+06	1.5172e+06	1.19769e+06	1.47769e+06
SEL1L3	411713	404008	413492	449026
SELENBP1	3.95512e+07	2.4251e+07	5.66793e+07	4.49176e+07
SELENOF	1.70132e+06	1.74036e+06	2.18357e+06	1.673e+06
SELENOH	1.6072e+06	167513	1.16923e+06	1.28661e+06
SELENOI	728110	488883	757104	661657
SELENOM	1.20314e+06	639966	1.40732e+06	907569
SELENOO	835894	482009	862301	805532
SELENOP	1.13569e+06	1.07603e+06	985607	1.16895e+06
SELENOS	846361	552932	743898	926886
SELENOT	769435	498948	856193	704251
SELENOW	91127.5	71555.3	60706.2	71888.7
SELL	264908	513153	390451	244837
SELP	565215	505526	297462	
SELPLG	340285		935059	440950
SEMA4A	710755	885572	1.11038e+06	801199
SEMA4B	588303	529245	1.25993e+06	917734
SEMA4D	463830	558754	771921	259963
SEMA4G	623640		908503	814321
SEPHS1	1.58574e+06	1.88309e+06	1.89948e+06	1.65397e+06
SEPHS2	1.31948e+06	880480	1.45321e+06	1.45552e+06
SEPSECS	1.29456e+06	2.00557e+06	1.86623e+06	1.52762e+06
SEPTIN1	1.10035e+06	430759	655304	761314
SEPTIN10	941989	531452	211562	651990
SEPTIN11	3.12049e+06	3.51e+06	1.09088e+06	2.97055e+06
SEPTIN2	8.59423e+06	7.54085e+06	3.37555e+06	6.94742e+06
SEPTIN4	157613	140148		80623.7
SEPTIN5	667998	804093	147774	324231
SEPTIN6	1.2802e+06	1.95484e+06	590030	809343
SEPTIN7	5.60795e+06	5.96528e+06	1.89121e+06	4.39823e+06
SEPTIN8	1.32921e+06	1.21124e+06	436623	1.08633e+06
SEPTIN9	4.73314e+06	3.69538e+06	2.26474e+06	4.46487e+06
SERAC1	407805		187431	354995
SERBP1	4.7787e+06	1.92678e+06	4.16874e+06	6.63773e+06
SERF2	612143	633179	876115	864602
SERINC1	1.15772e+06	1.12373e+06	1.66309e+06	1.42828e+06
SERINC3	192960	461365	538982	209200
SERPINA1	1.04199e+08	1.44661e+08	1.80081e+08	1.82836e+08
SERPINA10	339637	311395	244749	250097
SERPINA12	292161	759993	120432	255002
SERPINA3	1.74145e+07	1.56795e+07	2.03987e+07	2.44928e+07
SERPINA4	2.75297e+06	3.27969e+06	2.52196e+06	3.61959e+06
SERPINA5	1.08409e+06	1.51722e+06	771518	1.06556e+06
SERPINA6	3.55375e+06	3.68767e+06	4.78883e+06	5.10808e+06
SERPINA7	624584	891922	889120	1.00118e+06
SERPINB1	1.47797e+07	4.14446e+07	2.65956e+07	1.3879e+07
SERPINB10	501053	4.20032e+06	796207	
SERPINB12	1.26352e+06	6.96203e+06	1.38791e+06	2.09483e+06
SERPINB2	323466	846019	331222	124333
SERPINB3	1.7827e+06	3.3354e+06	1.39201e+06	1.41086e+06
SERPINB5	357183	2.35046e+06	2.61847e+06	1.18226e+06
SERPINB6	1.5605e+07	2.13314e+07	3.24856e+07	2.04684e+07
SERPINB8	2.10795e+06	4.50606e+06	2.66927e+06	1.85818e+06
SERPINB9	5.41481e+06	6.98162e+06	5.049e+06	3.62988e+06
SERPINC1	8.01751e+06	9.88837e+06	1.12323e+07	1.2128e+07
SERPIND1	4.96198e+06	6.59124e+06	4.70808e+06	6.63416e+06
SERPINE2	856822	401094	293952	260243
SERPINF1	5.4936e+06	6.68118e+06	3.19108e+06	3.88118e+06
SERPINF2	4.60737e+06	3.73806e+06	4.86746e+06	7.25888e+06
SERPING1	1.10851e+07	1.29896e+07	1.35034e+07	1.47107e+07
SERPINH1	1.77515e+07	9.96536e+06	4.12419e+06	5.22324e+06
SET	1.51417e+06	2.08598e+06	2.97538e+06	2.19448e+06
SETD1A	432212			279543
SETD3	632161	498241	551565	603749
SETD7	839300	1.08832e+06	1.01721e+06	805998
SF1	2.64053e+06	1.51925e+06	1.58476e+06	2.23066e+06
SF3A1	2.4155e+06	2.39565e+06	845577	2.35366e+06
SF3A2	1.16769e+06	908414	236540	1.15497e+06
SF3A3	1.66196e+06	770924	339881	1.58238e+06
SF3B1	1.47465e+06	1.2651e+06	113216	1.32152e+06
SF3B2	1.4455e+06	538637	270485	1.48588e+06
SF3B3	5.23145e+06	5.2892e+06	1.33787e+06	4.48685e+06
SF3B4	1.39227e+06	1.17095e+06	516973	968243
SF3B6	845832	1.03147e+06	244471	780641
SFN	6.97623e+06	2.27373e+06	2.06859e+07	1.15751e+07
SFPQ	4.73375e+06	4.39264e+06	1.26836e+06	3.58651e+06
SFRP1	81993.9			76340.9
SFT2D2	1.05974e+06	882399	1.47491e+06	808683
SFT2D3	499655	386183	1.37512e+06	526571
SFXN1	1.06077e+07	1.63433e+06	7.51899e+06	7.86832e+06
SFXN2	1.82925e+06	1.11639e+06	1.15649e+06	1.85487e+06
SFXN3	6.13282e+06	986929	1.87227e+06	3.41817e+06
SFXN4	636490	313870	345321	552573
SGCB	1.17195e+06	864673	491002	721695
SGCD	1.63084e+06	655045	663934	957406
SGCE	1.54568e+06	1.04089e+06	1.02326e+06	1.20648e+06
SGK3	133815	846596	102393	185878
SGPL1	3.02175e+06	1.69015e+06	1.36239e+06	1.88793e+06
SGPP1	664752	99386.6	476476	344847
SGSH	1.52504e+06	1.58185e+06	2.50604e+06	1.70139e+06
SGSM3	708001	104537	467240	695209
SGTA	2.59001e+06	1.04212e+06	4.70612e+06	3.16946e+06
SGTB	388270	378197	588422	
SH2D1A	422908		242024	58163.1
SH3BGRL	1.20816e+07	8.43808e+06	1.91227e+07	1.05762e+07
SH3BGRL2	2.64405e+06	1.61851e+06	4.55462e+06	3.02774e+06
SH3BGRL3	1.77014e+07	9.59913e+06	3.88315e+07	1.64662e+07
SH3BP1	1.4881e+06	1.1169e+06	2.11695e+06	2.33703e+06
SH3BP4	289799			305750
SH3GL1	1.04088e+06	1.31909e+06	649693	1.08619e+06
SH3GLB1	2.07638e+06	1.65902e+06	2.29656e+06	2.30994e+06
SH3GLB2	2.30392e+06	1.45166e+06	2.2773e+06	2.73757e+06
SH3KBP1	3.82431e+06	2.16457e+06	2.16881e+06	3.99352e+06
SH3PXD2B	1.08373e+06	1.33232e+06	482937	723963
SH3YL1	103068	35578.2	89958.1	137350
SHARPIN				76468.2
SHBG	147853	142524	205306	208339
SHC1	596240	317299	463569	705134
SHFL	735531	1.16444e+06	880026	628947
SHMT1	1.13168e+06	620234	1.71837e+06	1.45919e+06
SHMT2	6.27547e+06	5.69542e+06	5.88708e+06	6.04315e+06
SHOC2	732866	633693	419533	384664
SHPK	853490	642901	1.35518e+06	953073
SHTN1	1.78595e+06	452710	1.00895e+06	2.30552e+06
SI	548654		438749	500380
SIAE	4.13768e+06	2.62795e+06	9.1896e+06	6.45601e+06
SIDT2	574342	230135	417524	484917
SIGIRR	2.40608e+06	944084	2.66361e+06	2.27456e+06
SIGLEC1	553053	258591	702579	503594
SIGLEC14		404838	54442.9	
SIGLEC5	118342	1.08816e+06	183906	
SIGLEC7	1.05017e+06	836080	646680	
SIGLEC9	184784	575024	201209	
SIGMAR1	2.05256e+06	1.83818e+06	2.33181e+06	1.97098e+06
SIL1	629671	745627	784610	493007
SIN3A	1.51772e+06	726111		1.41515e+06
SIPA1	1.22262e+06	1.78108e+06	426062	723727
SIRPA	689893	1.39396e+06	939240	343505
SIRPB1		97174.6		
SIRT2	1.10327e+06	917783	1.38158e+06	1.10344e+06
SIRT3	586298	359615	666089	577729
SIRT5	955942	481088	909147	813367
SKAP2	1.27131e+06	2.65247e+06	748616	640654
SKIC2	584066	579126	191885	610772
SKIC3	1.07496e+06	736282	465569	1.16198e+06
SKIC8	1.85491e+06	1.87396e+06	1.54488e+06	2.04474e+06
SKP1	5.0722e+06	2.5883e+06	6.36848e+06	5.71554e+06
SLAIN2				391228
SLAMF1	467800	404655	448340	451706
SLAMF7	324007	233495	530508	203160
SLC10A7	115199	180117	86413.5	131962
SLC11A1	452953	763208	135988	
SLC12A2	5.14809e+06	1.6401e+06	7.81732e+06	8.62951e+06
SLC12A4	318395	388262	178855	222554
SLC12A6	94622.2	89847.7	34934.6	56119.9
SLC12A7	1.01125e+06	733851	1.08726e+06	948239
SLC12A9	967459	1.06236e+06	1.27823e+06	958482
SLC15A3	383091	352257	257106	113978
SLC15A4	702166	741997	577613	
SLC16A1	877723	1.19594e+06	1.23812e+06	1.25971e+06
SLC16A3	1.96641e+06	2.02285e+06	2.46638e+06	1.28743e+06
SLC16A7	143623	194215	169829	160050
SLC17A5	397012	343987	672809	360100
SLC18B1	171856	146113	287263	187289
SLC1A4	908829	696851	2.48146e+06	1.42978e+06
SLC1A5	1.5007e+06	779644	2.52595e+06	1.76817e+06
SLC22A18	1.01801e+06	1.05033e+06	1.37952e+06	1.3678e+06
SLC25A1	6.04316e+06	1.95352e+06	4.66925e+06	5.55293e+06
SLC25A10	2.52477e+06	764187	2.76067e+06	3.19396e+06
SLC25A11	7.45424e+06	3.43707e+06	4.42872e+06	6.26513e+06
SLC25A12	3.75719e+06	2.46378e+06	1.99715e+06	2.85635e+06
SLC25A13	2.85011e+06	1.85129e+06	2.0636e+06	2.88706e+06
SLC25A15	1.29529e+06	860883	725621	1.17131e+06
SLC25A17	38980.6			
SLC25A19	495680	632225	417136	436604
SLC25A20	4.19537e+06	4.84003e+06	3.36663e+06	3.72898e+06
SLC25A22	851823	600493	522286	586061
SLC25A24	2.86988e+07	6.89341e+06	1.87281e+07	2.33154e+07
SLC25A3	3.05937e+07	1.86055e+07	2.49366e+07	2.81216e+07
SLC25A32	244593	121452	181986	193666
SLC25A35	574710	306967	391326	572592
SLC25A4	4.596e+06	3.0986e+06	3.70667e+06	4.75851e+06
SLC25A40	699196	252806	453183	620886
SLC25A44	187126		52586.5	156229
SLC25A46	369228			
SLC25A5	3.43853e+07	1.96122e+07	2.55632e+07	3.54549e+07
SLC25A6	2.02067e+07	9.84612e+06	1.16186e+07	1.6154e+07
SLC26A2	902048	243310	1.14355e+06	1.89264e+06
SLC26A3	1.57008e+06	1.01682e+06	6.27035e+06	2.54365e+06
SLC27A1	903389	635517	453654	628811
SLC27A2	1.64419e+06	1.39347e+06	2.02563e+06	2.22963e+06
SLC27A3	1.40626e+06	472998	593350	884086
SLC27A4	1.35799e+06	1.35648e+06	1.28162e+06	1.23795e+06
SLC27A6	1.82881e+06	2.11688e+06	2.33429e+06	2.23301e+06
SLC28A2	266977		180884	140593
SLC29A1	422786	456707	305510	369011
SLC29A2			86330.7	
SLC29A3	248002	210157	199555	119169
SLC2A1	6.55458e+06	6.40294e+06	2.42562e+06	2.7567e+06
SLC2A10	123238	167749	117174	84109.8
SLC2A13	298066		458596	269836
SLC2A3	903521	2.11261e+06	538717	119178
SLC2A6	323932	284134	285030	
SLC30A1	1.32306e+06	1.3054e+06	1.06291e+06	1.04188e+06
SLC30A5	501835	449750		486646
SLC30A6	541736	422294		492509
SLC30A7	2.25955e+06	2.22741e+06	1.33184e+06	1.9266e+06
SLC30A9	795189	385338	279409	622083
SLC31A1	1.31509e+06	429302	1.27267e+06	1.34638e+06
SLC33A1	728111	660576	572779	684197
SLC35A1	1.15822e+06	337164	1.10342e+06	1.26798e+06
SLC35A2	963372		892860	787330
SLC35A3	1.17093e+06	568697	1.2598e+06	1.37382e+06
SLC35A4	1.88673e+06	372161	2.0298e+06	1.91859e+06
SLC35B1			722623	356312
SLC35B2	2.26045e+06	840827	2.25487e+06	2.14205e+06
SLC35B3	435153	226986	418634	407670
SLC35C1	1.17713e+06	715623	1.55687e+06	1.14236e+06
SLC35C2	143534	116009	149644	110372
SLC35D1	533807	608902	614166	583818
SLC35D2	24735.4		26639.4	27911
SLC35E1	391211	321244	191933	289933
SLC35E2B	177584		229594	194322
SLC35F6	665867	318449	960007	541378
SLC36A1	99160	166132	145819	62894.3
SLC37A1	143452		185053	118782
SLC37A2	736445	480604	833008	
SLC37A4	815808	590872	718719	780749
SLC38A1	322762	330145	561764	280014
SLC38A10	367212	165095	282392	313138
SLC38A5		870829	590697	
SLC38A7	353423	378786	434876	340389
SLC39A11	2.20518e+06	1.09739e+06	2.00816e+06	1.88264e+06
SLC39A14	722556	726478	1.0744e+06	704378
SLC39A5	189549		255366	276621
SLC39A9	12188.3		108386	
SLC3A2	3.37557e+06	3.781e+06	3.90824e+06	2.12208e+06
SLC41A3	196489		176481	234391
SLC43A2	260877	187147	157586	146010
SLC43A3	326384	129784	254147	96027.4
SLC44A1	2.82845e+06	1.62932e+06	4.63847e+06	3.32136e+06
SLC44A2	2.52631e+06	2.51522e+06	3.40265e+06	2.62485e+06
SLC44A3	305544		372540	294672
SLC44A4	654659	290304	1.29151e+06	756045
SLC49A4	430203		709579	312119
SLC4A1	3.02985e+07	2.5679e+07	5.95512e+06	1.26741e+07
SLC4A1AP	215285		60956.1	183114
SLC4A4	1.04984e+06	201399	1.5867e+06	2.12332e+06
SLC4A7	206679		124512	110261
SLC50A1	820283	177397	1.31672e+06	1.16747e+06
SLC66A2	580827	252244	496247	513563
SLC66A3	1.06797e+06	605329	650500	967331
SLC6A9			176736	
SLC7A1	684277	296485	1.07007e+06	721402
SLC7A5	541007	198298	1.01279e+06	348809
SLC7A6	145387		101662	54040.7
SLC7A8	1.3772e+06	1.88939e+06	2.69016e+06	2.01357e+06
SLC8A1	242841		134327	337683
SLC9A1	597904	513643	438547	466774
SLC9A2	2.33998e+06	1.36353e+06	1.65658e+06	2.45209e+06
SLC9A6	343453	604678	318078	319015
SLC9A8			216271	485214
SLC9A9	172198	76405.3		110733
SLCO2A1	356119	365894	395101	278662
SLCO2B1	327863	274804	255800	206537
SLFN11	259789	231222		204856
SLFN5	1.08891e+06	516626	203805	478071
SLIRP	4.47095e+06	1.07533e+06	1.23006e+06	5.44739e+06
SLK	1.26411e+06	1.21625e+06	879027	1.41944e+06
SLMAP	3.75883e+06	1.3744e+06	819934	2.1175e+06
SLPI	213417	323986	297798	409633
SMAD2		76252.5	89397.5	102789
SMAD4	284965		334025	489776
SMAP	2.07883e+06	415597	2.62612e+06	3.09001e+06
SMAP1	1.03995e+06	888736	965466	1.33352e+06
SMAP2	1.23421e+06	2.03199e+06	1.00388e+06	1.00735e+06
SMARCA2	577626			462154
SMARCA4	681667			534411
SMARCA5	1.18645e+06	1.05388e+06	205592	563195
SMARCB1	1.16397e+06	879592		1.15025e+06
SMARCC1	198459			171365
SMARCC2	1.14086e+06	882873	431690	983155
SMARCD2	278134	285820		260587
SMARCE1	1.43403e+06	749874	624256	1.2158e+06
SMC1A	1.88153e+06	1.26939e+06	399199	1.64268e+06
SMC2	478312	496809	367067	565878
SMC3	1.13804e+06	609958	682029	1.00228e+06
SMC4	999949	1.14498e+06	764972	1.06902e+06
SMCHD1	893904	976343		732477
SMDT1	1.59619e+06	446548	1.14172e+06	1.47444e+06
SMG9	267102	178783	195874	242625
SMIM12	490197		692684	394571
SMIM15	133086	183335	229764	215472
SMIM24		204765	149185	
SMIM7	171874	230202	367344	297971
SMN1	50790.1			112355
SMPD1	339103	547045	892792	423653
SMPD3	552551	104724	771081	692495
SMPD4	223387			223869
SMPDL3A	2.51903e+06	2.68929e+06	6.50565e+06	3.65727e+06
SMPDL3B	450152	974427	2.27505e+06	676607
SMS	1.62701e+06	1.17398e+06	1.8768e+06	2.12944e+06
SMTN	2.06017e+06	749530	413049	1.02263e+06
SMU1	703009	697832	218573	539471
SMYD5	419110	428888	532614	726658
SNAP23	3.64712e+06	1.25269e+06	4.62467e+06	3.29484e+06
SNAP29	1.24555e+06	372172	1.44268e+06	1.46133e+06
SNAPIN	626099	231346	200348	830480
SNCA	3.37883e+06	2.62894e+06	2.47571e+06	2.53517e+06
SNCG	357649		581081	573451
SND1	9.623e+06	1.14599e+07	7.18326e+06	8.81258e+06
SNF8	900796	503932	758436	900745
SNRNP200	2.84682e+06	1.94615e+06	820491	2.22564e+06
SNRNP40	502044	339808	169315	397531
SNRNP70	3.22234e+06	3.28641e+06	615007	2.50971e+06
SNRPA	1.93975e+06	2.00371e+06	603748	1.576e+06
SNRPA1	2.40823e+06	2.13833e+06	1.16351e+06	2.08637e+06
SNRPB2	888519	630081	323342	765297
SNRPC	816069	444619	845374	809405
SNRPD1	4.97812e+06	4.83281e+06	1.63469e+06	3.61721e+06
SNRPD2	6.55822e+06	6.50692e+06	3.29413e+06	6.43402e+06
SNRPD3	7.03273e+06	5.73602e+06	3.71662e+06	7.26304e+06
SNRPE	9.55782e+06	9.37261e+06	5.15896e+06	8.14772e+06
SNRPF	1.59875e+06	1.17739e+06	1.11737e+06	1.50942e+06
SNTB1	1.04547e+06	487697	339106	672965
SNTB2	3.96132e+06	2.77135e+06	902024	2.53164e+06
SNU13	2.46038e+06	1.71458e+06	1.55334e+06	1.96641e+06
SNW1	62316.3			67595.9
SNX1	2.76414e+06	1.35685e+06	1.96362e+06	2.62913e+06
SNX12	2.45601e+06	2.3124e+06	4.2151e+06	2.43302e+06
SNX14	46254.7			44550.7
SNX15	1.5147e+06	1.12653e+06	1.43775e+06	1.37584e+06
SNX17	2.21605e+07	3.00851e+07	2.12103e+07	2.09122e+07
SNX18	1.50806e+06	1.01184e+06		
SNX2	4.49656e+06	3.15641e+06	3.23872e+06	4.41351e+06
SNX24	61754.5	53946.5		67815.1
SNX27	1.53734e+06	1.65044e+06	978690	1.24808e+06
SNX3	5.10025e+06	6.8889e+06	7.25226e+06	4.36193e+06
SNX30	300948	150325	301726	336277
SNX4	837559	385857	780765	915532
SNX5	2.76033e+06	2.29269e+06	2.04885e+06	2.98454e+06
SNX6	6.28713e+06	4.76537e+06	4.26202e+06	5.54023e+06
SNX7	960005	423040	873339	973123
SNX9	1.2679e+06	720977	600990	1.34787e+06
SOAT1	1.82731e+06	1.29061e+06	643677	906519
SOD1	4.20261e+07	4.7488e+07	7.72552e+07	4.00418e+07
SOD2	9.45743e+07	2.03945e+08	5.11075e+07	2.83512e+07
SOD3	5.85339e+06	3.16476e+06	4.79878e+06	5.57048e+06
SORBS1	2.44361e+06	360446	327896	1.2186e+06
SORBS2	503397	195982		341164
SORBS3	864642	459998	563472	581752
SORCS2	442875	618333		
SORD	8.6415e+06	6.81572e+06	6.00424e+06	9.25083e+06
SORL1	1.22864e+06	1.24375e+06	1.06541e+06	1.34419e+06
SORT1	6.68066e+06	3.7216e+06	1.13065e+07	6.8824e+06
SOS1		347624		
SP100	312752		71514.4	146236
SPAG1	582592	928017	534849	960195
SPAG7	1.54131e+06	2.0322e+06	2.04446e+06	2.1423e+06
SPAG9	820531	525461	548019	946285
SPARC	2.89902e+06	3.82887e+06	1.01127e+06	1.07351e+06
SPART	229670	240809	222902	186207
SPATA20	1.01304e+06	821579	650307	968405
SPATS2L	214169	199704	85758.4	136416
SPCS1	584426	166002	1.19979e+06	858972
SPCS2	1.47984e+07	1.16078e+07	2.00931e+07	1.81729e+07
SPCS3	1.024e+07	5.06904e+06	1.58586e+07	1.11804e+07
SPECC1	248447	194275		298246
SPG21	1.25682e+06	1.2731e+06	1.76926e+06	1.51707e+06
SPG7	246229	240649	111262	304534
SPINK1	1.36383e+06		2.90535e+06	2.74301e+06
SPINK4	5.76301e+06	426491	5.50527e+06	2.59671e+06
SPINT1	1.02257e+06	631372	3.51647e+06	1.5962e+06
SPINT2	2.02009e+06	1.06408e+06	5.18827e+06	2.74313e+06
SPN	579293	139773	1.20294e+06	318038
SPNS1	1.10874e+06	1.00955e+06	1.28493e+06	648823
SPNS3	221841	247420	206566	
SPON1	3.82961e+06	2.14081e+06	5.69122e+06	5.49776e+06
SPPL2A	797559	1.03826e+06	1.40189e+06	525531
SPPL2B	228547	303164	496221	382336
SPR	1.94767e+06	936965	2.58565e+06	2.26225e+06
SPRYD4	2.43759e+06	456537	4.0427e+06	2.51457e+06
SPRYD7	716228	748034	1.44102e+06	780175
SPTA1	6.33866e+06	1.51792e+07	1.03947e+06	2.81503e+06
SPTAN1	5.1617e+07	4.60586e+07	7.93276e+06	6.25457e+07
SPTB	6.23309e+06	1.54943e+07	917032	2.60811e+06
SPTBN1	1.14478e+07	9.9987e+06	1.42146e+06	1.40107e+07
SPTLC1	1.22544e+06	825082	755249	1.21895e+06
SPTLC2	1.16879e+06	870671	860798	1.22187e+06
SQLE	586466		481683	562131
SQOR	3.3993e+07	1.17374e+07	3.25647e+07	3.09832e+07
SQSTM1	269885	171494		228971
SRA1	1.60268e+06	1.53926e+06	3.23322e+06	1.82483e+06
SRC	1.66266e+06	1.38944e+06	1.31577e+06	1.50549e+06
SRCAP	3.71272e+06	684813	2.08706e+06	1.01349e+06
SRD5A3	116113	130213	68546	
SREK1	856732			896598
SRI	1.47132e+07	3.486e+06	2.16968e+07	1.73422e+07
SRM	3.28514e+06	3.55737e+06	5.63697e+06	3.53748e+06
SRP14	2.862e+06	1.6059e+06	3.09163e+06	3.50001e+06
SRP19	524905	297421	310838	471712
SRP54	1.71363e+06	1.53405e+06	1.12881e+06	1.60984e+06
SRP68	1.64806e+06	1.49665e+06	613813	1.42089e+06
SRP72	1.91357e+06	1.20975e+06	927954	1.9486e+06
SRP9	4.29931e+06	3.79389e+06	5.34593e+06	5.11326e+06
SRPK1	129030		146957	180986
SRPRA	1.35233e+06	817349	803699	1.0417e+06
SRPRB	3.31816e+06	2.63246e+06	5.23188e+06	3.69991e+06
SRR	104300		217061	228472
SRRM1	372656	314766		208339
SRRM2	588612		292673	677359
SRRT	1.85803e+06	1.30087e+06	458890	1.25474e+06
SRSF1	2.25934e+06	1.87665e+06	618106	2.33418e+06
SRSF10	829262	847876	452606	721399
SRSF11	907151		415651	1.39212e+06
SRSF2	3.29862e+06	3.05676e+06	1.80925e+06	3.42681e+06
SRSF3	6.70787e+06	2.85137e+06	2.21523e+06	5.9432e+06
SRSF4	554903	402485		458443
SRSF5	639857		194497	552918
SRSF6	3.83024e+06	2.38075e+06	1.16678e+06	4.04454e+06
SRSF7	2.25949e+06	1.75039e+06	965414	1.95015e+06
SRSF9	1.45299e+06	1.18202e+06	525674	1.39299e+06
SRXN1	128540		232419	142994
SSB	4.4961e+06	5.55497e+06	3.95923e+06	4.749e+06
SSBP1	9.67486e+06	8.10617e+06	6.85299e+06	7.52607e+06
SSH3	1.11292e+06	312927	1.03618e+06	1.43587e+06
SSPN	1.10312e+06	514799	593535	654741
SSR1	1.47448e+07	1.96015e+07	1.54973e+07	1.48337e+07
SSR3	1.14269e+07	6.66861e+06	5.56006e+06	6.3666e+06
SSR4	1.42441e+07	6.6075e+06	1.80053e+07	1.19985e+07
SSRP1	1.25794e+06	1.20984e+06	498128	834020
SST			267207	317620
SSU72	1.40747e+06	1.1109e+06	2.07128e+06	1.54029e+06
ST14	4.52633e+06	2.15676e+06	8.02829e+06	5.71171e+06
ST3GAL1	213374	136737	167808	
ST3GAL4	1.43124e+06	746668	2.37677e+06	1.45372e+06
ST6GAL1	1.14437e+06	1.92333e+06	2.32295e+06	1.41388e+06
ST6GALNAC1	5.03999e+06	1.38993e+06	9.31622e+06	6.48918e+06
ST6GALNAC6	2.84991e+06	791282	3.68979e+06	2.97606e+06
STAB1	2.26478e+06	2.41286e+06	1.86829e+06	2.80404e+06
STAG1	445796		409459	496572
STAG2	314305	179538		259386
STAM	1.04515e+06	742339	795108	1.25309e+06
STAM2	1.77213e+06	1.44989e+06	1.19055e+06	1.95292e+06
STAMBP	3.96122e+06	4.75456e+06	5.74677e+06	5.18509e+06
STAP2	1.05053e+06	219246	898647	1.52161e+06
STARD10	5.60725e+06	2.68875e+06	6.53455e+06	7.40481e+06
STARD3		46530		
STARD3NL	280327	294961	404769	217274
STARD5	642878	390470	1.46201e+06	763150
STARD7	516764	392771	512290	346811
STAT1	1.05236e+07	8.07307e+06	7.59281e+06	4.5781e+06
STAT2	7.15558e+06	5.67641e+06	3.24663e+06	4.8392e+06
STAT3	3.25476e+06	3.27335e+06	1.76197e+06	2.92182e+06
STAT5A	430358	563532	214319	264155
STAT5B	2.61511e+06	1.98819e+06	1.51045e+06	2.50496e+06
STAT6	4.25747e+06	4.7208e+06	2.52443e+06	3.9473e+06
STAU1	851567	879700	732623	765078
STAU2	407597	156446		336538
STBD1	748294	1.70915e+06	716287	701058
STEAP1	73213.5	160629	33766.1	
STEAP3	757256	442120	644604	540743
STEAP4	1.0108e+06	1.50271e+06	582186	847676
STIM1	1.10169e+06	610905	512830	996864
STING1	7.57225e+06	4.75639e+06	4.264e+06	4.85546e+06
STIP1	1.17797e+07	1.08691e+07	1.12006e+07	1.34142e+07
STK10	830988	984619	480982	639198
STK11IP	164564	48248.6	76733.3	153830
STK17B	18517	23880.6	18072.1	
STK24	890438	305394	541024	863943
STK26	369710	303758	261224	309723
STK3	128567	103793	72252.7	60160.3
STK38	1.31858e+06	1.59024e+06	1.09602e+06	1.27395e+06
STK38L	359467	330251	234900	399385
STK39	1.27257e+06	139189	1.0696e+06	1.53959e+06
STK4	886623	422686	503749	726747
STMN1	3.51179e+06	2.3846e+06	6.82616e+06	4.95356e+06
STMN2	2.28028e+06	1.4319e+06	4.17445e+06	2.99957e+06
STOM	1.82587e+07	1.57966e+07	1.35297e+07	8.21924e+06
STOML2	4.51395e+06	710811	4.26374e+06	4.95816e+06
STOML3	1.80432e+07	2.0825e+07	1.43914e+07	9.31729e+06
STRAP	1.6134e+06	1.72446e+06	1.61262e+06	1.77463e+06
STRBP	593704	445916	423321	650437
STRIP1	904011	554566	376060	947587
STRN	2.18375e+06	2.30087e+06	263920	1.85424e+06
STRN3	2.05669e+06	1.81182e+06		2.02122e+06
STRN4	621067	436227		609407
STS	1.32293e+06	1.58928e+06	2.06192e+06	1.49527e+06
STT3A	8.90287e+06	7.05593e+06	6.33846e+06	8.28719e+06
STT3B	4.54826e+06	4.36996e+06	2.6978e+06	4.6711e+06
STUB1	901790	789953	694963	969925
STUM	157926		96460.4	166826
STX10	341987	715940	347578	430078
STX11	798005	930182	372895	299249
STX12	4.0372e+06	1.46113e+06	5.69681e+06	3.497e+06
STX16	426938	467322	176602	427847
STX17	1.03029e+06	266164	682129	950192
STX18	208106	269449	41893.9	279906
STX2	118782	115800	95744.6	115675
STX3	953474	1.48526e+06	1.02606e+06	663906
STX4	2.26113e+06	1.59613e+06	1.68516e+06	1.96578e+06
STX5	1.13206e+06	1.28403e+06	453151	1.01732e+06
STX6	592950		439324	724455
STX7	5.67493e+06	1.46391e+06	5.0517e+06	3.84732e+06
STX8	1.20013e+06	258107	1.22142e+06	1.0699e+06
STXBP1	766769	425049	518962	1.10851e+06
STXBP2	2.93864e+06	3.16598e+06	1.70347e+06	2.0349e+06
STXBP3	5.56953e+06	3.52324e+06	3.52805e+06	5.10786e+06
STXBP5	1.06462e+06	1.36389e+06	657943	897340
SUB1	1.05593e+07	1.21773e+07	1.47975e+07	1.1121e+07
SUCLA2	4.90474e+06	1.46078e+06	3.05688e+06	4.59138e+06
SUCLG1	1.38288e+07	3.051e+06	1.16768e+07	1.44968e+07
SUCLG2	1.53504e+07	660238	1.10533e+07	1.88926e+07
SUGT1	1.7941e+06	1.70193e+06	2.26153e+06	2.24576e+06
SULF1	265156	91453.5		
SULT1A1	2.80831e+06	1.89662e+06	4.82836e+06	3.23505e+06
SULT1A3	3.02425e+06	1.37128e+06	7.64273e+06	4.56743e+06
SULT1B1	3.88666e+06	532852	4.82779e+06	4.11456e+06
SUMF1	1.30812e+06	1.47375e+06	1.67318e+06	1.02944e+06
SUMF2	3.44027e+06	2.96644e+06	4.89081e+06	3.03868e+06
SUMO1	70145.4	133607	92944.1	58045.4
SUMO2	1.29432e+06	1.53062e+06	1.45146e+06	1.18588e+06
SUMO3	225703	199431	159548	101826
SUN2	1.45132e+06	1.66032e+06	239740	1.04509e+06
SUOX	1.20312e+06	792358	1.09457e+06	1.00491e+06
SUPT16H	1.35679e+06	2.0522e+06	351074	710649
SUPT4H1	521239	329260	200425	482784
SUPT5H	1.94185e+06	1.74257e+06	961989	1.72782e+06
SUPT6H	312019	242878		261985
SUPV3L1	34737.8	17721.4		
SURF1	965582	276318	996733	951011
SURF4	1.03029e+07	1.19869e+07	7.92249e+06	8.67921e+06
SUSD2	724921	594165	339421	271472
SUSD6	339989		236957	324056
SVIL	618654	720068		323008
SWAP70	1.85916e+06	2.19869e+06	748414	1.4777e+06
SYAP1	1.59089e+06	453609	2.69763e+06	1.97773e+06
SYK	1.01039e+06	868124	454261	827359
SYMPK	959583	508845	131898	926659
SYN2			111842	239185
SYNCRIP	8.32681e+06	9.53707e+06	6.08472e+06	7.49038e+06
SYNE1	1.06281e+06	1.1162e+06		476934
SYNE2	2.45322e+06	2.87724e+06	1.86553e+06	2.56806e+06
SYNE3	105751	256513	164269	96966.8
SYNGR1	1.3969e+06	1.26882e+06	1.90293e+06	1.42528e+06
SYNGR2	1.21201e+07	1.16232e+07	2.50189e+07	1.26537e+07
SYNGR3	197482	268688	167061	194558
SYNJ1	96804.1	149904	23972.5	92730.3
SYNJ2BP	2.3774e+06	1.43524e+06	3.58522e+06	2.28673e+06
SYNM	601156		194494	280123
SYNPO2	1.52081e+06		289233	989438
SYNRG	327974		220329	402177
SYP	342275	155777	617736	540000
SYPL1	6.3502e+06	3.03757e+06	1.34673e+07	8.07573e+06
SYS1	1.01198e+06	489797	992555	726280
SYT1			334944	383817
SYTL1	477313	562869	671781	521382
SYTL2	349432	208203	261261	448178
SYVN1	1.74451e+06	1.74112e+06	1.24579e+06	1.66671e+06
SZRD1	321195		341596	217218
TAB1	540786	310486	391298	497992
TACC1	1.26276e+06	1.06348e+06	297072	1.35602e+06
TACC2	273501	85527.5	204093	351469
TACO1	905579	789270	1.26018e+06	705335
TAF15	1.21583e+06	946450	212562	690341
TAF6	78097.7			82926.5
TAGLN	6.79258e+07	2.43049e+07	2.97231e+07	1.84881e+07
TAGLN2	5.29877e+07	2.16616e+07	6.61504e+07	3.89585e+07
TALDO1	2.79183e+07	5.85731e+07	5.14905e+07	2.68963e+07
TAMM41	181670		121337	147959
TANGO2	779808	1.11426e+06	816209	758574
TAOK3	365392	367146	263187	244510
TAP1	7.36462e+06	3.28863e+06	5.51311e+06	3.92685e+06
TAP2	7.32119e+06	1.63234e+06	4.79747e+06	3.59613e+06
TAPBP	2.11594e+07	7.74812e+06	2.96356e+07	1.22836e+07
TAPBPL	1.88596e+06	1.62427e+06	2.67769e+06	1.30616e+06
TAPT1	447940	311988	288331	413767
TARBP1	477208	570311		517145
TARDBP	4.03763e+06	2.58694e+06	3.08205e+06	4.28355e+06
TARS1	5.04432e+06	6.24871e+06	4.84591e+06	5.54944e+06
TARS2	2.85478e+06	1.15771e+06	1.00955e+06	2.98923e+06
TATDN1	940694	979173	1.22452e+06	1.03642e+06
TAX1BP3	3.10755e+06	2.78057e+06	5.90999e+06	3.0429e+06
TBC1D1	121076			85271.8
TBC1D10A	197741	141926	139934	231051
TBC1D10C	311462	296544	162452	172690
TBC1D13	298456	144227	274652	291678
TBC1D14	65795.4	54650.2	95643.1	83196.1
TBC1D15	1.13765e+06	1.44707e+06	660775	1.36144e+06
TBC1D17	789714	502872	552716	922912
TBC1D2	234732	281423		240817
TBC1D22A	832293	489523	577443	734320
TBC1D23	602650	569233	472015	559957
TBC1D24	1.3497e+06	1.35286e+06	1.23533e+06	1.59461e+06
TBC1D2B	508826	284443		403785
TBC1D4				379508
TBC1D5	880728	558268	386244	903759
TBC1D8B	2.34713e+06	370237	1.70987e+06	2.94162e+06
TBC1D9B	678496	305745	458029	609132
TBCA	4.50278e+06	5.40106e+06	1.05725e+07	5.24464e+06
TBCB	2.09638e+06	1.73885e+06	3.12982e+06	2.17601e+06
TBCC	894166	741869	875224	984200
TBCD	408212	299716	206418	534467
TBCE	835713	865241	1.0593e+06	1.07022e+06
TBCEL	616656	785443	657818	596965
TBCK		227297		
TBK1	666552	522092	69807.1	513465
TBL1XR1	1.72609e+06	1.24288e+06	281073	1.76578e+06
TBL2	1.0298e+06	995831	752573	893439
TBPL1	21733.3	16659.3	68500.9	34849.3
TBRG4	1.29259e+06	404663	637814	1.47545e+06
TBXAS1	3.41818e+06	4.33833e+06	3.12348e+06	2.63224e+06
TC2N	497414		278819	533744
TCAF1	237540	222608	215157	270678
TCEA1	1.53736e+06	903283	738921	1.32888e+06
TCEA3	251591		199236	369441
TCEAL3	132539		187267	156486
TCERG1	1.07557e+06	895882	559302	988299
TCF25	168920	188835	151982	125203
TCIRG1	2.83288e+06	1.76214e+06	2.52194e+06	1.68038e+06
TCN1		1.99145e+06	401496	
TCOF1	1.76929e+06	1.02606e+06	1.21366e+06	1.65597e+06
TCP1	5.65981e+07	1.76188e+07	4.18502e+07	6.61921e+07
TCP11L1	294216		270224	330747
TDP2	907576	386636	1.91533e+06	1.3552e+06
TDRKH	626281	329673	400771	625030
TECPR2	107967	98264	31625.8	
TECR	5.21194e+06	4.49907e+06	4.05947e+06	5.95424e+06
TELO2	84271			53759.5
TENT5C	630352	425668	394796	600279
TEP1	666387	357322	239333	640284
TERF2	210558	85981.4		163462
TERF2IP	4.07341e+06	2.39576e+06	2.24796e+06	3.67477e+06
TES	7.89671e+06	3.71464e+06	1.88396e+06	6.91381e+06
TEX2	1.13583e+06	562799	812554	928479
TEX264	750232	458457	980369	985619
TEX54	457024	386585	351436	
TF	9.9391e+07	1.375e+08	1.43935e+08	1.48088e+08
TFAM	827553	651762	1.40272e+06	664971
TFF3	514792	424346	1.2281e+06	1.37977e+06
TFG	6.2513e+06	4.25335e+06	7.78907e+06	6.18165e+06
TFIP11	151946	242812	216173	158827
TFRC	8.59012e+06	9.27199e+06	7.17133e+06	4.72695e+06
TGFB1	953375	1.1469e+06	770603	497148
TGFB1I1	4.36391e+06	662208	89488	2.1717e+06
TGFBI	6.85621e+06	8.25559e+06	4.56765e+06	4.70992e+06
TGFBR1	2.54331e+06	3.37031e+06		
TGFBRAP1	390319	396509		344457
TGM1	1.84797e+06	2.01407e+06	1.60434e+06	2.19395e+06
TGM2	9.74087e+06	3.89815e+06	3.53299e+06	3.67265e+06
TGM3	1.9085e+06	4.01198e+06	1.59868e+06	2.36209e+06
TGOLN2	2.13709e+06	1.09868e+06	3.33556e+06	1.64859e+06
THAP11	45306			32366.9
THBD	198276	157714	117480	101630
THBS1	1.16806e+07	4.77e+06	1.18546e+06	2.19775e+06
THBS2	1.49715e+06	912431		
THEM4	302058	210188	225392	257574
THEM6	1.39224e+06	1.04663e+06	935274	1.42367e+06
THEMIS2	898597	468770	399930	441200
THG1L	665916	595662	771136	830655
THNSL1	1.44983e+06	555382	920312	1.40033e+06
THOC1	444678	365079		423625
THOC2	151170	100398		136456
THOC3	730270	555014	567648	658584
THOC6	659488	410216	341438	557815
THOC7	315236	147912		278105
THOP1	1.33632e+06	1.93208e+06	1.49344e+06	1.45104e+06
THRAP3	876979	752667	204212	579322
THTPA	953806		1.11694e+06	950056
THUMPD1	1.34329e+06	1.34568e+06	1.50479e+06	1.64272e+06
THUMPD3	262651		278384	271895
THY1	1.38799e+07	1.31878e+07	9.65171e+06	4.31537e+06
THYN1	1.33702e+06	1.26491e+06	914049	1.17442e+06
TIA1	701730	452069	524690	566180
TIAL1	1.71363e+06	1.40788e+06	1.26651e+06	1.51579e+06
TIGAR	1.13061e+06	3.1177e+06	2.65208e+06	1.46782e+06
TIMM10	472864	88054.1	568194	691652
TIMM13	3.92412e+06	1.42825e+06	4.42995e+06	5.34199e+06
TIMM17A	348766	172324	564128	385651
TIMM17B	916140		1.52149e+06	960380
TIMM21	606786	550265	341752	527759
TIMM22	705875	480444	636330	481993
TIMM23	718242	391333	915044	789708
TIMM29	877374	562008	930685	881648
TIMM44	4.38815e+06	3.26049e+06	2.71081e+06	4.36188e+06
TIMM50	2.30225e+06	695196	1.8921e+06	2.1294e+06
TIMM8B		39786.6	192640	
TIMM9	210456		218137	288744
TIMMDC1	794498	280994	621319	704937
TIMP1	3.20388e+06	3.57266e+06	4.00586e+06	2.09839e+06
TIMP2	656205	1.21175e+06	533558	284219
TIMP3	237536			
TINAGL1	118207	102156	96416.8	59612.1
TIPRL	2.16693e+06	1.47217e+06	3.34728e+06	2.57582e+06
TJP1	4.33796e+06	4.66936e+06	2.01165e+06	3.67889e+06
TJP2	1.12776e+06	869601	614964	1.17919e+06
TJP3	545452		439531	647654
TK1			27278.3	29729.4
TK2	235661	207254	101708	192958
TKFC	1.93797e+06	2.38751e+06	2.36962e+06	2.31166e+06
TKT	5.15559e+07	1.37891e+08	7.69643e+07	5.09938e+07
TLCD1		437162		
TLCD3A	442846	457555	414225	624669
TLCD4	717521	617081	764889	820587
TLE3	552909	404592		341535
TLE5	261850		129312	351992
TLN1	2.69258e+07	2.06622e+07	4.24444e+06	1.31035e+07
TLN2	1.6476e+06	759548		1.70352e+06
TLR1		100279		
TLR2	359482	875525	334662	
TLR3	455817	479995	455492	370395
TLR8	243779	214052	159652	81319.7
TM4SF1	145805	223247	275736	250024
TM7SF3		417610	624989	
TM9SF1	8.95841e+06	1.16912e+07	1.10355e+07	9.25818e+06
TM9SF2	3.60226e+07	2.58857e+07	4.65659e+07	3.59557e+07
TM9SF3	6.54558e+06	5.63365e+06	8.45092e+06	7.02821e+06
TM9SF4	5.24841e+06	4.00479e+06	5.66441e+06	4.65329e+06
TMA16			78991.3	163785
TMA7	620634	856171	508403	550004
TMBIM1	1.20534e+06	907436	1.31608e+06	828699
TMBIM6	1.14753e+06	1.07002e+06	1.01271e+06	985152
TMCO1	3.33353e+06	2.20917e+06	2.52116e+06	2.25363e+06
TMCO4	587536	396328	370703	624859
TMED1	1.26181e+06	378380	1.22711e+06	1.15749e+06
TMED10	1.98547e+07	1.48885e+07	2.58871e+07	1.82855e+07
TMED2	6.94427e+06	6.9174e+06	8.85342e+06	6.45462e+06
TMED3	1.18223e+06	803876	1.48166e+06	1.1372e+06
TMED4	1.50074e+07	1.43202e+07	1.57739e+07	1.47681e+07
TMED5	4.44275e+06	4.07518e+06	8.43232e+06	4.80789e+06
TMED7	4.97396e+06	4.63312e+06	7.80837e+06	4.28787e+06
TMED8	416183	737184	518962	322856
TMED9	1.24369e+07	1.17759e+07	1.64459e+07	1.02969e+07
TMEM106A			70549	
TMEM106B	808358	1.52233e+06	2.02249e+06	974126
TMEM109	2.78884e+07	2.6261e+07	2.18631e+07	1.86016e+07
TMEM11	2.82523e+06	435375	1.79599e+06	2.39642e+06
TMEM119	756386		538703	897870
TMEM120A	944202	853700	563599	859332
TMEM123	882755		1.53047e+06	657567
TMEM126A	1.32701e+06	609189	916751	1.13953e+06
TMEM126B	242720		272250	302515
TMEM128	410755	316380	605745	541453
TMEM141	489596		825577	688374
TMEM147	581341	451389	326428	529820
TMEM14C	6.66623e+06	3.72363e+06	4.63048e+06	4.31448e+06
TMEM160	515143	698783	432785	327937
TMEM161A	225385	265688		
TMEM164	110290	41800.9	185738	152204
TMEM165	2.60318e+06	1.30342e+06	3.23623e+06	2.18606e+06
TMEM167A	6.05568e+06	5.08998e+06	6.26091e+06	4.84785e+06
TMEM167B	214047	113563	225062	178336
TMEM168	602131	327043	492617	616409
TMEM175	66365.8		100901	82721.8
TMEM176A	268773	464598	460377	229808
TMEM176B	1.15836e+06	1.74556e+06	1.84116e+06	1.10776e+06
TMEM179B	522934	437111	787198	469134
TMEM184C	282077		274746	332275
TMEM19	930769	374325	1.44846e+06	795845
TMEM192	687310	727786	821189	754830
TMEM205	5.24837e+06	3.87973e+06	6.10023e+06	5.26192e+06
TMEM208	792211	737087	533700	690441
TMEM214	1.73721e+06	2.02935e+06	908412	1.52424e+06
TMEM222	139660	268507	402882	250521
TMEM223	475081		422893	475806
TMEM230	983421	1.15739e+06	1.15495e+06	850133
TMEM238	473634		767835	640237
TMEM245	520260	450093	400642	583348
TMEM258	909010	859449	883589	1.01826e+06
TMEM263	977667	194410	1.91609e+06	1.16359e+06
TMEM30A	1.47692e+06	1.94815e+06	1.53206e+06	1.43682e+06
TMEM30B	1.21838e+06		1.42259e+06	1.54842e+06
TMEM33	5.54991e+06	5.27641e+06	4.01042e+06	4.49214e+06
TMEM35A	217106	20167.9	69620.3	145001
TMEM35B	800877	804008	445937	724970
TMEM38B	611308	497906		569682
TMEM41A	453826	346598	529266	366796
TMEM41B	330628	291023	362567	347810
TMEM43	6.88664e+06	6.17145e+06	3.09128e+06	3.67108e+06
TMEM45B	856287	571933	1.73848e+06	1.37555e+06
TMEM54	309843		832409	442171
TMEM63A	1.25286e+06	496332	964391	1.04843e+06
TMEM63B	376079	156941	438430	358715
TMEM65	701312	572690	562097	514842
TMEM68	647492	249840	546007	
TMEM70	4.43664e+06	2.15235e+06	5.37533e+06	4.22886e+06
TMEM87A	2.18106e+06	1.72571e+06	3.59216e+06	2.06771e+06
TMEM87B	1.49175e+06	2.20597e+06	3.38378e+06	1.40793e+06
TMEM9	130938		184049	103899
TMEM97	1.16803e+06	820367	2.16858e+06	1.742e+06
TMEM9B	415340		785659	575822
TMF1	649783	591761	172190	704578
TMLHE	565024	289658	235396	562685
TMOD1	783630	941747	759763	
TMOD3	2.4155e+06	2.17383e+06	3.30729e+06	2.49054e+06
TMPO	1.50688e+07	4.62897e+06	6.61022e+06	1.15696e+07
TMPPE	1.99518e+06	751485	1.6164e+06	1.19627e+06
TMPRSS2		9284.54	215393	115312
TMPRSS4			354846	153610
TMSB10	4.07626e+06	1.72388e+06	1.18451e+07	7.82106e+06
TMSB4X	7.46736e+06	1.50688e+06	1.03536e+07	1.23322e+07
TMT1A	7.26435e+06	8.007e+06	1.19545e+07	9.65875e+06
TMT1B	971689	484639	1.18167e+06	1.34298e+06
TMTC3	1.44008e+06	1.27783e+06	1.34285e+06	852075
TMUB1	438323		350131	499713
TMX1	4.88336e+06	5.24823e+06	5.8412e+06	3.91756e+06
TMX2	1.55485e+06	1.68517e+06	1.69169e+06	1.58494e+06
TMX3	4.0902e+06	3.76072e+06	3.11848e+06	2.63837e+06
TMX4	2.42413e+06	2.22139e+06	2.07194e+06	1.63568e+06
TNC	4.33406e+06	1.73169e+07	1.86084e+06	1.63032e+06
TNFAIP2	798771	750864	308143	381649
TNFAIP8	1.3397e+06	1.42043e+06	1.4083e+06	952987
TNFAIP8L2	798056	887257	1.18117e+06	543895
TNFRSF10C		271474		
TNFRSF14	942231	588628	876117	1.07819e+06
TNKS1BP1	1.64577e+06	723944	601875	2.03697e+06
TNKS2	3.28506e+06	8.80572e+06	3.79707e+06	2.17148e+06
TNPO1	2.03163e+06	801539	851968	1.99548e+06
TNPO2	600641	170077	329528	794699
TNPO3	929297	661747	436747	1.10353e+06
TNS1	7.52999e+06	3.07415e+06	1.23355e+06	3.0078e+06
TNS2	1.36e+06	945855	250475	1.00492e+06
TNS3	2.06301e+06	1.50189e+06	841178	1.37311e+06
TNXB	726942	568694	279886	422168
TOLLIP	2.17553e+06	2.56793e+06	2.02368e+06	2.12342e+06
TOM1	1.8139e+06	719144	1.77396e+06	1.59517e+06
TOM1L1	718821		601585	1.10858e+06
TOM1L2	936871	266826	882774	987223
TOMM20	3.84495e+06	1.23639e+06	4.22588e+06	4.63083e+06
TOMM22	672056	109800	698093	659279
TOMM34	827871	1.02161e+06	633108	951873
TOMM40	2.47931e+06	1.14927e+06	2.66976e+06	2.62365e+06
TOMM40L	108612		59968.4	78909.1
TOMM70	4.34727e+06	1.73943e+06	2.34042e+06	4.73477e+06
TOP1	1.12521e+06	474437	485596	1.23882e+06
TOP2B	437712	511783	148287	346126
TOPORS			1.38364e+06	2.6182e+06
TOR1A	884861	579183	915263	499558
TOR1AIP1	5.56623e+06	6.52624e+06	2.53327e+06	3.23609e+06
TOR1AIP2	962711		941355	862379
TOR1B	1.41852e+06	984687	1.56646e+06	994421
TOR2A	445354	327688	753343	387356
TOR3A	178190		204396	152499
TOR4A	466808	114876	214397	417036
TOX4	123374	114322	78140.2	161772
TP53BP1	2.405e+06	649821		2.61885e+06
TP53I11	2.68533e+06		2.12615e+06	2.78633e+06
TP53I3	4.39754e+06	5.85496e+06	7.66358e+06	4.5983e+06
TP53RK	1.34968e+06	1.51364e+06	958724	1.35321e+06
TPBG	954235	982388	996198	695348
TPCN1	2.73135e+06	3.74855e+06	1.98331e+06	2.8916e+06
TPD52	9.21635e+06	1.55645e+06	2.21409e+07	1.31254e+07
TPD52L2	6.82677e+06	818700	1.07367e+07	6.88669e+06
TPI1	7.34578e+07	9.51333e+07	1.51807e+08	8.42682e+07
TPK1	312209	300741	735636	254036
TPM1	2.84503e+07	5.8574e+06	8.91358e+06	1.21021e+07
TPM2	1.83575e+07	5.95762e+06	4.84607e+06	6.97369e+06
TPM3	2.84287e+07	2.4483e+07	2.25136e+07	2.10985e+07
TPM4	3.3795e+07	1.9406e+07	1.38769e+07	1.46249e+07
TPMT	2.34136e+06	2.31131e+06	4.85146e+06	3.17111e+06
TPP1	1.29335e+07	1.094e+07	2.06223e+07	1.18727e+07
TPP2	3.11236e+06	3.35802e+06	2.78065e+06	3.81865e+06
TPPP	249674		85574.9	290876
TPPP3	964064	763657	789103	1.20571e+06
TPR	1.32074e+06	762146	286078	1.16829e+06
TPRG1L	726929	154273	954518	800166
TPRKB	352386	423463	465288	471425
TPSG1	228040		240368	182356
TPST1	25435	27884.5		
TPT1	4.96131e+06	6.91285e+06	9.55168e+06	5.20651e+06
TRA2A	608642	527745	99507	571247
TRA2B	1.33179e+06	1.71822e+06		1.62137e+06
TRABD	1.4756e+06	1.04822e+06	1.48397e+06	1.46657e+06
TRADD	704786	532947	448806	735157
TRAF2	1.08786e+06	1.59632e+06		1.55284e+06
TRAF3IP3	192446	98047.4		69784.1
TRAFD1	87672.8	35175.1	34422.9	97163.8
TRAM1	4.06529e+06	4.9377e+06	2.59055e+06	3.99257e+06
TRAM2	842510	1.79038e+06	1.04001e+06	1.12636e+06
TRAP1	6.12789e+06	4.83094e+06	5.3206e+06	6.95442e+06
TRAPPC1	1.05845e+06	1.00323e+06	967165	1.00117e+06
TRAPPC10	278499	169588		231905
TRAPPC11	1.55924e+06	1.26695e+06	523586	1.26916e+06
TRAPPC12	367562	366002	210603	366060
TRAPPC13	176752			201131
TRAPPC2	973446	491089	860714	1.33732e+06
TRAPPC2L	712321	569064	576744	684328
TRAPPC3	1.90356e+06	417785	1.86624e+06	2.04404e+06
TRAPPC4	1.65477e+06	1.22026e+06	1.80777e+06	1.67554e+06
TRAPPC5	1.43515e+06	1.54727e+06	969302	1.22678e+06
TRAPPC6B	700462	744750	601364	731722
TRAPPC8	274851	291045		333165
TRAPPC9	888510	376274		839467
TREML1	1.18987e+06	416103		
TREX1			129848	
TRIM13	41505.3			30853.4
TRIM14	316233	141181		254964
TRIM16	248283			347013
TRIM21	1.54092e+06	1.53531e+06	725124	1.17991e+06
TRIM22	688382	501546	85601.3	580510
TRIM25	3.3835e+06	3.0416e+06	1.37941e+06	2.86322e+06
TRIM26	487813	504552	113822	404106
TRIM28	1.46021e+07	5.36537e+06	1.11982e+06	1.47053e+07
TRIM32	1.31292e+06	430196	694093	752168
TRIM33	298642	276185		237237
TRIM4	427136	298582		316875
TRIM47	2.25578e+06	1.96727e+06		1.72303e+06
TRIM56	180344			120356
TRIM65	470200	427782		381956
TRIO	260774	181954		96429.4
TRIOBP	883692	690238		760189
TRIP10	531827	489684	326549	552413
TRIP11	775817	487207		797329
TRIP12	405346	557545	76240.8	280660
TRIP13	257128		429212	326796
TRIP6	539371	401541	48434.7	431532
TRIQK	1.26075e+06		1.416e+06	1.57943e+06
TRIR	320802	203242	585335	676779
TRMT1	188411	38083.2	59034.4	178928
TRMT10C	500765	353382	300386	470097
TRMT11	186830	100041	143169	203864
TRMT112	1.78743e+06	813288	2.12421e+06	2.16707e+06
TRMT1L	78313.7			
TRMT2A	109236	82092.7	58672	70129.8
TRMT5	624915	995205	790472	684390
TRMT6	474580	508144	229733	438692
TRMT61A	384938	293045		344213
TRNT1	1.05677e+06	1.08984e+06	966494	997360
TRPM4	1.84708e+06	837702	1.54687e+06	2.73354e+06
TRPV2	378405	462845	259285	114105
TRRAP	311047	98362		246938
TRUB1	416083	305415	370482	506725
TSC2	302936			266325
TSC22D2	138827	79558.8	106048	130643
TSC22D4	712778		535857	649071
TSEN34	92908.7	83470	86628.6	174074
TSFM	2.3565e+06	1.94564e+06	2.44051e+06	2.56461e+06
TSG101	2.17065e+06	1.50615e+06	1.22754e+06	2.25325e+06
TSN	3.68734e+06	4.54204e+06	3.09786e+06	4.19957e+06
TSNAX	1.82048e+06	2.17545e+06	1.35701e+06	1.70876e+06
TSPAN1	799434	1.06603e+06	6.37756e+06	1.71832e+06
TSPAN13	1.32556e+06	1.81844e+06	7.71486e+06	2.40762e+06
TSPAN14	684260	793648	833822	473269
TSPAN15	1.37927e+06	790977	2.51634e+06	1.64025e+06
TSPAN2	115374	541539	188623	
TSPAN3	1.69391e+06	1.25851e+06	5.13817e+06	2.21164e+06
TSPAN31	161749	147983	372339	207024
TSPAN6	736786	702971	2.79156e+06	991909
TSPAN7	375071	180638	497247	1.01284e+06
TSPAN8	1.11963e+07	1.01671e+07	5.52046e+07	2.1258e+07
TSPAN9	686668	983283	255594	269860
TSPO	1.47168e+07	4.82894e+06	1.39746e+07	1.11286e+07
TSR1	453356		154345	383317
TSR2	266526		367285	308441
TST	1.67406e+07	5.42401e+06	3.47216e+07	2.0387e+07
TSTD1	926921	220788	1.73483e+06	1.76667e+06
TTC1	1.45787e+06	1.5215e+06	1.97789e+06	1.69308e+06
TTC19	570164		630509	754378
TTC38	3.33329e+06	1.31201e+06	3.12125e+06	5.23648e+06
TTC39A	1.35303e+06	1.1396e+06	956566	1.64925e+06
TTC39B	656114	414114	540578	608281
TTC7B	311715	102863		191683
TTC9C	550141	254630	833661	618080
TTI2	250388			342196
TTLL12	3.08364e+06	2.47901e+06	4.81816e+06	3.72751e+06
TTR	2.4206e+07	1.61004e+07	3.02257e+07	3.26186e+07
TTYH3	147911	57629.1	142715	84434.4
TUBA1C	4.42082e+06	1.40481e+06	2.55885e+06	5.39662e+06
TUBA4A	1.39517e+07	2.19913e+06	6.60491e+06	1.78603e+07
TUBAL3	9.17667e+06	3.60459e+06	4.45357e+06	1.24973e+07
TUBB	7.8846e+07	2.58707e+07	3.45638e+07	7.5428e+07
TUBB1	6.21894e+06	1.16751e+06		857164
TUBB2A	2.12834e+06		639060	2.87475e+06
TUBB2B	884335		390892	1.24112e+06
TUBB3	7.03356e+06	1.79415e+06	1.58816e+06	6.7989e+06
TUBB4A	1.15637e+07	4.20373e+06	4.64811e+06	1.18099e+07
TUBB4B	2.17428e+07	145067	8.90342e+06	2.50193e+07
TUBB6	4.75542e+06	1.02681e+06	1.41213e+06	3.74237e+06
TUBG1	524960			449346
TUBGCP2	526091	244835		455645
TUBGCP3	448101	236979	142009	440194
TUFM	2.08624e+07	3.12511e+06	1.06862e+07	2.17908e+07
TUFT1	55788.9			100029
TUSC2	232436	349834	187388	136763
TWF1	2.91501e+06	2.71418e+06	2.56015e+06	2.99704e+06
TWF2	4.36715e+06	4.84865e+06	3.52051e+06	3.2446e+06
TWSG1	127780	95649.9	276567	115927
TXLNA	498616	539942	212819	505732
TXN	4.01171e+07	4.31247e+07	7.11024e+07	5.13541e+07
TXN2	1.77124e+06	980868	2.14409e+06	1.96657e+06
TXNDC11	163595	262297	336827	258547
TXNDC12	1.0237e+07	7.63129e+06	1.76499e+07	8.74288e+06
TXNDC15	573089	411289	777940	567136
TXNDC17	9.53645e+06	8.18268e+06	2.15649e+07	1.19751e+07
TXNDC5	3.87727e+07	6.11692e+07	9.95477e+07	5.38636e+07
TXNDC9	246896	199354	246057	232417
TXNIP	2.02665e+07	2.6158e+07	1.78535e+07	1.89855e+07
TXNL1	6.24469e+06	7.07091e+06	1.05541e+07	7.68605e+06
TXNL4A	205128	195872	365632	347845
TXNL4B	27118.5		50047.7	12817.6
TXNRD1	5.31376e+06	7.40322e+06	7.0605e+06	5.44497e+06
TXNRD2	1.41517e+06	1.16713e+06	1.14449e+06	1.44036e+06
TYMP	1.83407e+07	9.90813e+06	2.55268e+07	1.05149e+07
TYMS	37826.9	151696	204676	53546.5
U2AF1	7.08905e+06	3.65983e+06	1.31189e+06	7.415e+06
U2AF2	1.83966e+06	3.25119e+06	1.20977e+06	2.16488e+06
U2SURP	2.67167e+06	2.72554e+06	2.51706e+06	2.16177e+06
UACA	128910	80489.2		96499
UAP1	2.39509e+06	1.59008e+06	4.22016e+06	3.02061e+06
UAP1L1	375803	381914	656238	499028
UBA1	1.32532e+07	1.71356e+07	1.91051e+07	1.45571e+07
UBA2	2.20651e+06	2.07076e+06	2.12419e+06	2.48318e+06
UBA3	2.35133e+06	2.65599e+06	2.64356e+06	2.65388e+06
UBA5	1.34007e+06	556921	2.82186e+06	1.57816e+06
UBA6	9.98859e+06	1.28784e+07	1.0783e+07	1.09018e+07
UBA7	2.09621e+06	1.91351e+06	2.75092e+06	1.88985e+06
UBAC1	1.0275e+06	468792	654438	1.00501e+06
UBAC2	372759		216734	311353
UBAP2	1.00066e+06		1.03783e+06	1.3741e+06
UBAP2L	1.21306e+06		947761	1.28946e+06
UBASH3B	331468	238513	101043	62330.5
UBE2A	745938	427638	1.3644e+06	
UBE2D1	2.81484e+06		3.42555e+06	
UBE2D3	315706	121924	479702	274579
UBE2E1		379974	787189	548508
UBE2F	195172	333448	344692	371953
UBE2G1	2.1573e+07	3.11876e+07	1.48293e+07	1.69162e+07
UBE2G2	1.15927e+06	184726	905031	1.21986e+06
UBE2H	1.50134e+06	1.7454e+06	2.45647e+06	1.60067e+06
UBE2I	4.78618e+06	6.18819e+06	5.77982e+06	4.49356e+06
UBE2J1	2.0731e+06	1.48435e+06	2.20798e+06	2.69289e+06
UBE2K	3.61363e+06	3.96109e+06	7.72143e+06	4.48484e+06
UBE2L3	5.59784e+06	7.14623e+06	8.36476e+06	5.56877e+06
UBE2L6	1.6127e+06	1.19033e+06	2.71114e+06	970745
UBE2M	2.69292e+06	3.46972e+06	3.05475e+06	2.65677e+06
UBE2N	6.87407e+06	9.91199e+06	1.52313e+07	6.90597e+06
UBE2O	702311	940305	637222	857607
UBE2Q1	247884	266818	232510	293395
UBE2R2	958224	1.5091e+06	984661	817339
UBE2V1	7.74709e+06	9.85874e+06	1.46174e+07	6.75378e+06
UBE2V2	2.53731e+06	2.70037e+06	4.69764e+06	2.59977e+06
UBE2Z	1.25629e+06	1.74044e+06	2.7642e+06	1.58297e+06
UBE3A	591963	673493	457285	662072
UBE3C	523228	255185	221643	533513
UBE4A	1.33735e+06	722342	613863	1.32448e+06
UBE4B	434206	407399	375666	619784
UBFD1	1.02535e+06	1.46221e+06	1.33175e+06	1.23154e+06
UBIAD1			640783	745919
UBL3	511869	293737	923910	487898
UBL4A	847743	184501	647818	900171
UBL5	3.66883e+06	2.60578e+06	5.16184e+06	4.45184e+06
UBLCP1	1.89314e+06	2.96438e+06	1.60308e+06	1.60396e+06
UBQLN1	4.2814e+06	3.81692e+06	7.68458e+06	4.25664e+06
UBQLN2	1.59624e+06	916302	2.54951e+06	1.54682e+06
UBQLN4	608757	263555	889764	640458
UBR1	716467	583414	222466	742025
UBR2	1.06417e+06	1.26914e+06	945344	1.19397e+06
UBR4	1.96353e+06	1.82879e+06	440288	2.12824e+06
UBR5	84430.2	55841.9		188547
UBR7	415658	235707	512981	560186
UBTF	575932	424392	288085	476949
UBXN1	1.80164e+06	902110	2.41496e+06	1.88599e+06
UBXN4	830172	568141	362488	628991
UBXN6	632266	432615	349420	570192
UBXN7	486841		470244	725146
UCHL1	2.74588e+06	1.42384e+06	3.53736e+06	4.52475e+06
UCHL3	1.57767e+06	822759	3.78812e+06	2.14507e+06
UCHL5	1.43978e+06	537896	1.63744e+06	1.68431e+06
UCK2	523666	81219.8	535512	642170
UCKL1	224080	267012		216776
UEVLD	1.16026e+06	998001	1.0603e+06	1.44383e+06
UFC1	2.74978e+07	2.3664e+07	4.44588e+07	2.55874e+07
UFD1	2.23748e+06	1.96149e+06	1.27872e+06	2.0703e+06
UFL1	4.18961e+06	2.46689e+06	1.9619e+06	3.59615e+06
UFM1	6.03962e+06	5.16127e+06	1.66069e+07	9.85834e+06
UFSP2	1.29989e+06	1.40716e+06	971249	1.46361e+06
UGDH	1.01577e+07	2.60551e+06	1.20646e+07	1.65874e+07
UGGT1	6.89178e+06	7.6473e+06	8.92657e+06	6.69254e+06
UGP2	1.08437e+07	1.13952e+07	9.8511e+06	1.27698e+07
UGT1A10	1.37586e+06	103619	1.02276e+06	1.97845e+06
UGT2A3	1.22022e+06			844927
UGT2B17	1.50354e+06		6.12669e+06	5.51311e+06
UGT2B7	89759.1		280604	366333
UGT8	211996	268789	276110	336289
UMPS	1.34109e+06	883263	1.36569e+06	1.53827e+06
UNC119B	292959	230349	156872	259172
UNC13B	173032			229400
UNC13D	1.74091e+06	2.04605e+06	783223	681429
UNC45A	951466	510328	427005	1.07093e+06
UNC93B1	637342	793910	702697	495720
UNG	589374	253703	561196	784564
UPF1	2.66962e+06	2.56943e+06	1.66292e+06	2.90782e+06
UPF2	225321			129214
UPF3B	176008	211058		
UPP1	559153	746904	467354	363555
UQCC1	741942	537759	726000	733069
UQCC2	1.78635e+06	1.45731e+06	1.37857e+06	1.80096e+06
UQCC5	358112	235031		365405
UQCR10	9.96238e+06	6.23474e+06	8.43918e+06	1.04686e+07
UQCR11	3.5034e+06	400983	5.35394e+06	4.6731e+06
UQCRB	1.22384e+07	5.20435e+06	1.56156e+07	1.38106e+07
UQCRC1	2.26326e+07	1.05741e+07	2.6193e+07	2.43438e+07
UQCRC2	1.58548e+07	1.55813e+06	1.51685e+07	1.68495e+07
UQCRFS1	6.24744e+06	3.24192e+06	6.5495e+06	6.88893e+06
UQCRH	2.50705e+06	703405	3.67187e+06	4.38339e+06
UQCRQ	1.45197e+07	4.31002e+06	1.23224e+07	1.49541e+07
UROD	2.77448e+06	4.12252e+06	5.46875e+06	2.89067e+06
UROS	820396	864024	810069	715987
USE1	665375	556255	227304	583132
USH1C	506301	493370	459993	628039
USO1	1.80723e+07	1.16051e+07	8.49189e+06	1.82008e+07
USP10	2.58505e+06	1.91571e+06	1.31476e+06	2.60752e+06
USP11	322443	264863	177888	339249
USP14	4.69906e+06	6.36762e+06	4.65842e+06	4.71213e+06
USP15	3.52629e+06	4.60163e+06	3.54344e+06	3.66034e+06
USP19	150413	203570	93549.6	129616
USP24	760580	506232	263189	791327
USP29	1.41694e+06		40270.3	48518.6
USP3	309056	143163	104550	378313
USP39	516252	647095	299122	339397
USP4	705766	502587	457561	767119
USP47	1.36277e+06	1.55221e+06	909745	1.47602e+06
USP48	33165.7	30976.8	14888.2	37091.8
USP5	5.50351e+06	4.64896e+06	5.93668e+06	6.58784e+06
USP7	2.68348e+06	2.22822e+06	1.21226e+06	2.7661e+06
USP8	401442	238933	284671	430901
USP9X	1.03148e+06	437593	252420	1.08185e+06
USP9Y	97507.7	108889	51786.7	118519
UTP25	106422	84507.3		62210.3
UTRN	7.11426e+06	5.36511e+06	2.00213e+06	6.34192e+06
UVRAG	496232	1.16618e+06		504946
VAC14	2.90345e+06	1.51548e+06	608054	2.26796e+06
VAMP2	857840		964186	715446
VAMP3	2.24924e+06	469046	3.23694e+06	1.74935e+06
VAMP4	114743	164706	152865	111864
VAMP5	2.4091e+06	1.6521e+06	2.72657e+06	1.46626e+06
VAMP7	805563	922866	757216	532882
VAMP8	2.95052e+06	2.80028e+06	4.85265e+06	2.14919e+06
VAPA	6.60966e+06	5.49139e+06	4.78784e+06	6.15698e+06
VAPB	3.09728e+06	1.33593e+06	2.21027e+06	2.80588e+06
VARS1	7.30329e+06	4.98771e+06	3.32222e+06	7.55e+06
VARS2	383816		231349	414718
VASN	367060	663173	585949	
VASP	6.58262e+06	5.90819e+06	4.14394e+06	5.20024e+06
VAT1	2.66951e+07	2.49179e+07	2.48012e+07	1.76142e+07
VAT1L	1.18667e+06	918209	1.61594e+06	1.18317e+06
VAV1	552369	737210	276411	345143
VAV2	392240	650508	159841	457013
VBP1	840722	1.03384e+06	809337	950887
VCAM1	2.41883e+06	3.66306e+06	2.4321e+06	2.04419e+06
VCAN	8.66825e+06	8.10418e+06	2.59414e+06	3.64027e+06
VCL	2.50041e+07	2.4063e+07	9.79779e+06	1.57855e+07
VCP	2.2797e+07	2.91244e+07	1.96211e+07	2.54214e+07
VCPIP1	1.70407e+06	1.57241e+06	940452	1.62388e+06
VDAC1	2.1706e+07	1.43474e+07	2.42321e+07	1.99383e+07
VDAC2	1.87832e+07	1.3238e+07	1.62446e+07	1.78321e+07
VDAC3	8.76613e+06	5.01514e+06	7.50837e+06	7.76823e+06
VIL1	5.57263e+06	2.7094e+06	9.31878e+06	1.33565e+07
VILL	1.00108e+06	431375	881635	1.35822e+06
VIM	5.19117e+07	5.5243e+06	3.16637e+06	3.30868e+07
VIP			239731	160912
VIPAS39	244079	189930	42604.5	237465
VIRMA	411218	239791		274513
VKORC1	1.00657e+06	3.86336e+06	3.0105e+06	1.04313e+06
VKORC1L1	924765	1.08855e+06	1.25645e+06	952604
VMA21	1.0176e+06		1.08223e+06	573480
VMP1	1.38082e+06	850873	1.93093e+06	1.45053e+06
VNN1		98729.7	19388.3	
VNN2	1.24179e+06	3.92807e+06	2.04536e+06	
VPS11	831293	858535		739491
VPS13A	1.11933e+06	998576	864124	813753
VPS13C	1.63861e+06	1.25201e+06	481462	1.59885e+06
VPS16	1.4685e+06	1.50486e+06	316804	1.33042e+06
VPS18	941420	947450	265258	802087
VPS25	2.1778e+06	1.16638e+06	2.0131e+06	2.23352e+06
VPS26A	9.78344e+06	1.28289e+07	6.05988e+06	1.12551e+07
VPS26B	1.68286e+06	1.78919e+06	820534	1.62754e+06
VPS26C	1.04603e+06	851340	445214	922669
VPS28	1.28815e+06	694929	1.18543e+06	1.62634e+06
VPS29	6.09615e+06	5.88806e+06	9.19301e+06	6.09788e+06
VPS33A	3.47633e+06	3.35287e+06	999489	2.73566e+06
VPS33B	417395	348104	157479	398945
VPS35	8.62927e+06	9.13516e+06	4.43598e+06	1.01893e+07
VPS35L	710241	403198	154864	676249
VPS36	1.32262e+06	959012	846933	1.257e+06
VPS37A	271683			234078
VPS37B	583973	89664.5	359656	712842
VPS37C	776899	596349	859398	1.01095e+06
VPS39	325060	330499		218651
VPS41	1.41771e+06	1.0278e+06		1.14152e+06
VPS45	1.20727e+06	1.31385e+06	594600	1.01147e+06
VPS4A	1.64187e+06	994378	1.34065e+06	1.75602e+06
VPS4B	2.92923e+06	2.30013e+06	2.20618e+06	3.02415e+06
VPS50	524322	200143	54079.6	545958
VPS51	990653	358298	228095	1.04575e+06
VPS52	1.20633e+06	611339	254301	1.06916e+06
VPS53	615907	516205		729949
VPS8	509823	492682		390001
VRK1	893444	1.27723e+06	722893	509914
VSIG2	1.55215e+06	143674	3.02242e+06	2.27785e+06
VSIG4	454802	264377	309383	315878
VSIR	813176	1.94426e+06	1.1096e+06	373293
VSNL1	369120	235067	800039	294070
VTA1	1.64928e+06	1.2474e+06	1.10421e+06	1.77427e+06
VTI1A	790427	372376	845453	689389
VTI1B	1.48034e+06	713068	1.16133e+06	1.24425e+06
VTN	1.20853e+07	1.05219e+07	8.9768e+06	1.53135e+07
VWA1	816394	931846		
VWA5A	2.78427e+06	2.35777e+06	1.48422e+06	2.279e+06
VWA8	525796		117824	559272
VWF	1.17534e+06	2.07205e+06	695487	790581
WAPL	101945			94921.1
WARS1	2.22411e+07	2.6577e+07	3.2397e+07	1.69162e+07
WARS2	360037		225887	482530
WAS	1.44501e+06	1.04605e+06	913911	880550
WASF2	3.05591e+06	677560	1.0851e+06	3.45273e+06
WASH6P	198946		67872.1	194740
WASHC2A	233882	630228	170221	257345
WASHC3	549090		260244	552263
WASHC4	972736	666332	288331	822158
WASHC5	1.49652e+06	920188	365875	1.3776e+06
WASL	1.2469e+06		1.01892e+06	1.41937e+06
WBP11	768208	455314	275386	509573
WBP2	1.96218e+06	2.9065e+06	2.46188e+06	1.67132e+06
WDFY1	1.69656e+06	1.63105e+06	2.01859e+06	1.44254e+06
WDFY4	1.11343e+06	682262	160400	696516
WDR1	2.95535e+07	2.86364e+07	1.60445e+07	2.47563e+07
WDR11	781512	680430	302809	762038
WDR13	834564	515261	478854	862764
WDR18	351525	60647.5	245375	508621
WDR26	1.69569e+06	1.6169e+06	404626	1.47109e+06
WDR37	345117	134345	172887	403285
WDR4	490428	532969	680113	631888
WDR44	513204	533784	505173	533751
WDR45	189585	324498	104621	322955
WDR45B	857326	1.11061e+06	578662	671370
WDR48	188346	145352	169604	182196
WDR5	565466	645316	210872	530248
WDR55	354043		371163	398775
WDR7	160434	58952		190237
WDR70	960642	858740	789142	900561
WDR77	3.15898e+06	3.91699e+06	2.4897e+06	4.04461e+06
WDR81	1.29866e+06			1.69841e+06
WDR82	1.7888e+06	1.67308e+06	684038	1.40607e+06
WDR91	411398	699254		370604
WFDC2	1.48495e+06		5.49251e+06	4.23856e+06
WFS1	870981	978524	586777	891064
WIPF1	1.51665e+06	1.85395e+06	1.20004e+06	1.03831e+06
WIPF2	413355		267820	466306
WIPI1	1.0652e+06	1.50048e+06	1.12168e+06	1.23327e+06
WIPI2	792036	819195	540284	730052
WLS	385534	663507	428732	511336
WNK1	557257	697602	249638	401323
WNK2	312665		271010	502861
WRNIP1	650203			708993
WTAP	164133			111854
WWC3	117936	227918	593903	226151
XDH	592359	1.39103e+06	666860	488993
XIAP	741834	581739	604426	614479
XPNPEP1	4.44266e+06	4.36102e+06	8.69318e+06	5.64076e+06
XPNPEP3	3.90699e+07	2.97663e+07	2.40094e+07	3.33876e+07
XPO1	3.76196e+06	1.97021e+06	1.66218e+06	4.47837e+06
XPO4	495460	289710	290169	641745
XPO5	1.04204e+06	665655	370965	984355
XPO6	54820.4		11767.8	44465.9
XPO7	3.09914e+06	1.20618e+06	1.86147e+06	3.63296e+06
XPOT	1.84606e+06	1.61386e+06	1.11699e+06	2.06187e+06
XRCC1	672942	841349	312356	548602
XRCC4		216779		
XRCC5	5.92814e+06	6.86318e+06	4.25274e+06	6.11789e+06
XRCC6	7.08923e+06	8.58477e+06	5.25598e+06	7.3547e+06
XRN1	595780	873928	425140	451152
XRN2	1.6593e+06	1.6619e+06	600173	1.22015e+06
XXYLT1		189210	112744	
XYLB	671157	217776	557892	936930
XYLT2	195877	105895	147947	138411
YAP1	1.06687e+06		1.08834e+06	1.01691e+06
YARS1	5.77313e+06	3.93284e+06	5.43877e+06	5.27095e+06
YARS2	950212	700625	330732	898900
YBX1	7.93339e+06	2.73142e+06	1.73087e+07	1.95495e+07
YBX3	2.00521e+06	494641	2.5475e+06	3.04116e+06
YES1	761532	513027	710447	852340
YIF1A	3.09365e+06		2.87664e+06	2.45063e+06
YIF1B	851291		803875	567784
YIPF1	943524	903486	1.10896e+06	772201
YIPF2	313890		581470	453518
YIPF3	854240	552403	896314	820919
YIPF4	1.98536e+06	121281	1.76802e+06	2.00251e+06
YIPF5	1.06565e+06	579769	642394	782875
YIPF6	1.30318e+06	840200	1.36488e+06	1.36451e+06
YKT6	2.23739e+06	2.37212e+06	4.13491e+06	2.34497e+06
YLPM1	2.64599e+07	3.86871e+07	2.00504e+07	1.33986e+07
YOD1	386969	786268	315898	284460
YPEL5	513536	321792	236183	528728
YRDC			520285	320880
YTHDC2	130746	62548.5	50634.4	136806
YTHDF1	462523	656071	277400	296656
YTHDF2	311409	404054	221315	212054
YTHDF3	588643	542385	616405	708895
YWHAB	1.44381e+07	1.56586e+07	1.70513e+07	1.40893e+07
YWHAE	1.70002e+07	7.78071e+06	2.54348e+07	2.21383e+07
YWHAG	1.33268e+07	1.4231e+07	1.50185e+07	1.22246e+07
YWHAH	7.89518e+06	6.20843e+06	9.36772e+06	8.02873e+06
YWHAQ	1.30963e+07	3.23337e+06	2.07022e+07	1.65536e+07
YWHAZ	8.1058e+07	6.82061e+07	1.11332e+08	8.55797e+07
YY1	146893	125760		175401
ZAN				222499
ZAP70	340491		199398	282133
ZBTB8OS		318614	821104	338758
ZC3H11A	465904	293922		412045
ZC3H14	190148		75753	169770
ZC3H15	605576	522480	177516	459166
ZC3H4	378527			306737
ZC3H7A	393509	388546	216340	393179
ZC3HAV1	1.35848e+06	1.30452e+06	589992	1.19452e+06
ZC3HAV1L	881310	866049	372339	992577
ZC3HC1	547678			504211
ZCCHC8	883363			975094
ZDHHC13	852524		502294	993171
ZDHHC17	207893	232723		96801.8
ZDHHC21	31550.3	25749.6		34238.2
ZDHHC3	350735		441126	396111
ZDHHC5	752028		493590	654331
ZDHHC6	294970	290143	371820	391913
ZFAND1	717134	822925	654483	790835
ZFAND2B	159289		104941	232241
ZFAND5	51992.6		53829.3	45299.5
ZFAND6	56744.4		175744	191130
ZFP36L2			40667.8	1.09816e+06
ZFPL1	3.75234e+06	3.58478e+06	3.38377e+06	3.90315e+06
ZFR	477112	388798		538476
ZFYVE16	290493	415547	76152.2	237387
ZG16	2.42271e+07	6.6398e+06	1.69547e+08	6.72908e+07
ZG16B	223442	130305	167193	150243
ZMAT2	77742	116532	33910	45369.1
ZMIZ1	186155	213579	97747.4	159686
ZMPSTE24	4.01116e+06	3.12695e+06	4.64555e+06	3.25858e+06
ZMYM2	206033			190906
ZNF185	314251		231579	348443
ZNF207	2.45151e+06	869895	2.19601e+06	2.46932e+06
ZNF428	370031		321485	439513
ZNF622	181531	65491.1	96304.5	160899
ZNF808	123765			80246.4
ZNFX1	173033	104913		97765.1
ZNRF2	345224		330331	425402
ZPR1	961874	335527	1.07037e+06	1.02996e+06
ZRANB2	482782	219540	200347	632724
ZW10	659382	245536	99874.7	814802
ZYX	8.39828e+06	1.41275e+06	1.55052e+06	4.28137e+06
ZZEF1	886940	658990	471810	1.07438e+06
